TITLE = "1D Euler Filtered MacCormack Result"
VARIABLES = "x", "rho", "u", "p", "E", "rho_conserved", "rhou", "rhoE", "nu"
ZONE T="t=0.20000000", I=1001, F=POINT
0.0000000000 1.0000000000 -0.2000000000 0.5000000000 1.2700000000 1.0000000000 -0.2000000000 1.2700000000 0.0000000000
0.0010000000 1.0000000000 -0.2000000000 0.5000000000 1.2700000000 1.0000000000 -0.2000000000 1.2700000000 0.0000000000
0.0020000000 1.0000000000 -0.2000000000 0.5000000000 1.2700000000 1.0000000000 -0.2000000000 1.2700000000 0.0000000000
0.0030000000 1.0000000000 -0.2000000000 0.5000000000 1.2700000000 1.0000000000 -0.2000000000 1.2700000000 0.0000000000
0.0040000000 1.0000000000 -0.2000000000 0.5000000000 1.2700000000 1.0000000000 -0.2000000000 1.2700000000 0.0000000000
0.0050000000 1.0000000000 -0.2000000000 0.5000000000 1.2700000000 1.0000000000 -0.2000000000 1.2700000000 0.0000000000
0.0060000000 1.0000000000 -0.2000000000 0.5000000000 1.2700000000 1.0000000000 -0.2000000000 1.2700000000 0.0000000000
0.0070000000 1.0000000000 -0.2000000000 0.5000000000 1.2700000000 1.0000000000 -0.2000000000 1.2700000000 0.0000000000
0.0080000000 1.0000000000 -0.2000000000 0.5000000000 1.2700000000 1.0000000000 -0.2000000000 1.2700000000 0.0000000000
0.0090000000 1.0000000000 -0.2000000000 0.5000000000 1.2700000000 1.0000000000 -0.2000000000 1.2700000000 0.0000000000
0.0100000000 1.0000000000 -0.2000000000 0.5000000000 1.2700000000 1.0000000000 -0.2000000000 1.2700000000 0.0000000000
0.0110000000 1.0000000000 -0.2000000000 0.5000000000 1.2700000000 1.0000000000 -0.2000000000 1.2700000000 0.0000000000
0.0120000000 1.0000000000 -0.2000000000 0.5000000000 1.2700000000 1.0000000000 -0.2000000000 1.2700000000 0.0000000000
0.0130000000 1.0000000000 -0.2000000000 0.5000000000 1.2700000000 1.0000000000 -0.2000000000 1.2700000000 0.0000000000
0.0140000000 1.0000000000 -0.2000000000 0.5000000000 1.2700000000 1.0000000000 -0.2000000000 1.2700000000 0.0000000000
0.0150000000 1.0000000000 -0.2000000000 0.5000000000 1.2700000000 1.0000000000 -0.2000000000 1.2700000000 0.0000000000
0.0160000000 1.0000000000 -0.2000000000 0.5000000000 1.2700000000 1.0000000000 -0.2000000000 1.2700000000 0.0000000000
0.0170000000 1.0000000000 -0.2000000000 0.5000000000 1.2700000000 1.0000000000 -0.2000000000 1.2700000000 0.0000000000
0.0180000000 1.0000000000 -0.2000000000 0.5000000000 1.2700000000 1.0000000000 -0.2000000000 1.2700000000 0.0000000000
0.0190000000 1.0000000000 -0.2000000000 0.5000000000 1.2700000000 1.0000000000 -0.2000000000 1.2700000000 0.0000000000
0.0200000000 1.0000000000 -0.2000000000 0.5000000000 1.2700000000 1.0000000000 -0.2000000000 1.2700000000 0.0000000000
0.0210000000 1.0000000000 -0.2000000000 0.5000000000 1.2700000000 1.0000000000 -0.2000000000 1.2700000000 0.0000000000
0.0220000000 1.0000000000 -0.2000000000 0.5000000000 1.2700000000 1.0000000000 -0.2000000000 1.2700000000 0.0000000000
0.0230000000 1.0000000000 -0.2000000000 0.5000000000 1.2700000000 1.0000000000 -0.2000000000 1.2700000000 0.0000000000
0.0240000000 1.0000000000 -0.2000000000 0.5000000000 1.2700000000 1.0000000000 -0.2000000000 1.2700000000 0.0000000000
0.0250000000 1.0000000000 -0.2000000000 0.5000000000 1.2700000000 1.0000000000 -0.2000000000 1.2700000000 0.0000000000
0.0260000000 1.0000000000 -0.2000000000 0.5000000000 1.2700000000 1.0000000000 -0.2000000000 1.2700000000 0.0000000000
0.0270000000 1.0000000000 -0.2000000000 0.5000000000 1.2700000000 1.0000000000 -0.2000000000 1.2700000000 0.0000000000
0.0280000000 1.0000000000 -0.2000000000 0.5000000000 1.2700000000 1.0000000000 -0.2000000000 1.2700000000 0.0000000000
0.0290000000 1.0000000000 -0.2000000000 0.5000000000 1.2700000000 1.0000000000 -0.2000000000 1.2700000000 0.0000000000
0.0300000000 1.0000000000 -0.2000000000 0.5000000000 1.2700000000 1.0000000000 -0.2000000000 1.2700000000 0.0000000000
0.0310000000 1.0000000000 -0.2000000000 0.5000000000 1.2700000000 1.0000000000 -0.2000000000 1.2700000000 0.0000000000
0.0320000000 1.0000000000 -0.2000000000 0.5000000000 1.2700000000 1.0000000000 -0.2000000000 1.2700000000 0.0000000000
0.0330000000 1.0000000000 -0.2000000000 0.5000000000 1.2700000000 1.0000000000 -0.2000000000 1.2700000000 0.0000000000
0.0340000000 1.0000000000 -0.2000000000 0.5000000000 1.2700000000 1.0000000000 -0.2000000000 1.2700000000 0.0000000000
0.0350000000 1.0000000000 -0.2000000000 0.5000000000 1.2700000000 1.0000000000 -0.2000000000 1.2700000000 0.0000000000
0.0360000000 1.0000000000 -0.2000000000 0.5000000000 1.2700000000 1.0000000000 -0.2000000000 1.2700000000 0.0000000000
0.0370000000 1.0000000000 -0.2000000000 0.5000000000 1.2700000000 1.0000000000 -0.2000000000 1.2700000000 0.0000000000
0.0380000000 1.0000000000 -0.2000000000 0.5000000000 1.2700000000 1.0000000000 -0.2000000000 1.2700000000 0.0000000000
0.0390000000 1.0000000000 -0.2000000000 0.5000000000 1.2700000000 1.0000000000 -0.2000000000 1.2700000000 0.0000000000
0.0400000000 1.0000000000 -0.2000000000 0.5000000000 1.2700000000 1.0000000000 -0.2000000000 1.2700000000 0.0000000000
0.0410000000 1.0000000000 -0.2000000000 0.5000000000 1.2700000000 1.0000000000 -0.2000000000 1.2700000000 0.0000000000
0.0420000000 1.0000000000 -0.2000000000 0.5000000000 1.2700000000 1.0000000000 -0.2000000000 1.2700000000 0.0000000000
0.0430000000 1.0000000000 -0.2000000000 0.5000000000 1.2700000000 1.0000000000 -0.2000000000 1.2700000000 0.0000000000
0.0440000000 1.0000000000 -0.2000000000 0.5000000000 1.2700000000 1.0000000000 -0.2000000000 1.2700000000 0.0000000000
0.0450000000 1.0000000000 -0.2000000000 0.5000000000 1.2700000000 1.0000000000 -0.2000000000 1.2700000000 0.0000000000
0.0460000000 1.0000000000 -0.2000000000 0.5000000000 1.2700000000 1.0000000000 -0.2000000000 1.2700000000 0.0000000000
0.0470000000 1.0000000000 -0.2000000000 0.5000000000 1.2700000000 1.0000000000 -0.2000000000 1.2700000000 0.0000000000
0.0480000000 1.0000000000 -0.2000000000 0.5000000000 1.2700000000 1.0000000000 -0.2000000000 1.2700000000 0.0000000000
0.0490000000 1.0000000000 -0.2000000000 0.5000000000 1.2700000000 1.0000000000 -0.2000000000 1.2700000000 0.0000000000
0.0500000000 1.0000000000 -0.2000000000 0.5000000000 1.2700000000 1.0000000000 -0.2000000000 1.2700000000 0.0000000000
0.0510000000 1.0000000000 -0.2000000000 0.5000000000 1.2700000000 1.0000000000 -0.2000000000 1.2700000000 0.0000000000
0.0520000000 1.0000000000 -0.2000000000 0.5000000000 1.2700000000 1.0000000000 -0.2000000000 1.2700000000 0.0000000000
0.0530000000 1.0000000000 -0.2000000000 0.5000000000 1.2700000000 1.0000000000 -0.2000000000 1.2700000000 0.0000000000
0.0540000000 1.0000000000 -0.2000000000 0.5000000000 1.2700000000 1.0000000000 -0.2000000000 1.2700000000 0.0000000000
0.0550000000 1.0000000000 -0.2000000000 0.5000000000 1.2700000000 1.0000000000 -0.2000000000 1.2700000000 0.0000000000
0.0560000000 1.0000000000 -0.2000000000 0.5000000000 1.2700000000 1.0000000000 -0.2000000000 1.2700000000 0.0000000000
0.0570000000 1.0000000000 -0.2000000000 0.5000000000 1.2700000000 1.0000000000 -0.2000000000 1.2700000000 0.0000000000
0.0580000000 1.0000000000 -0.2000000000 0.5000000000 1.2700000000 1.0000000000 -0.2000000000 1.2700000000 0.0000000000
0.0590000000 1.0000000000 -0.2000000000 0.5000000000 1.2700000000 1.0000000000 -0.2000000000 1.2700000000 0.0000000000
0.0600000000 1.0000000000 -0.2000000000 0.5000000000 1.2700000000 1.0000000000 -0.2000000000 1.2700000000 0.0000000000
0.0610000000 1.0000000000 -0.2000000000 0.5000000000 1.2700000000 1.0000000000 -0.2000000000 1.2700000000 0.0000000000
0.0620000000 1.0000000000 -0.2000000000 0.5000000000 1.2700000000 1.0000000000 -0.2000000000 1.2700000000 0.0000000000
0.0630000000 1.0000000000 -0.2000000000 0.5000000000 1.2700000000 1.0000000000 -0.2000000000 1.2700000000 0.0000000000
0.0640000000 1.0000000000 -0.2000000000 0.5000000000 1.2700000000 1.0000000000 -0.2000000000 1.2700000000 0.0000000000
0.0650000000 1.0000000000 -0.2000000000 0.5000000000 1.2700000000 1.0000000000 -0.2000000000 1.2700000000 0.0000000000
0.0660000000 1.0000000000 -0.2000000000 0.5000000000 1.2700000000 1.0000000000 -0.2000000000 1.2700000000 0.0000000000
0.0670000000 1.0000000000 -0.2000000000 0.5000000000 1.2700000000 1.0000000000 -0.2000000000 1.2700000000 0.0000000000
0.0680000000 1.0000000000 -0.2000000000 0.5000000000 1.2700000000 1.0000000000 -0.2000000000 1.2700000000 0.0000000000
0.0690000000 1.0000000000 -0.2000000000 0.5000000000 1.2700000000 1.0000000000 -0.2000000000 1.2700000000 0.0000000000
0.0700000000 1.0000000000 -0.2000000000 0.5000000000 1.2700000000 1.0000000000 -0.2000000000 1.2700000000 0.0000000000
0.0710000000 1.0000000000 -0.2000000000 0.5000000000 1.2700000000 1.0000000000 -0.2000000000 1.2700000000 0.0000000000
0.0720000000 1.0000000000 -0.2000000000 0.5000000000 1.2700000000 1.0000000000 -0.2000000000 1.2700000000 0.0000000000
0.0730000000 1.0000000000 -0.2000000000 0.5000000000 1.2700000000 1.0000000000 -0.2000000000 1.2700000000 0.0000000000
0.0740000000 1.0000000000 -0.2000000000 0.5000000000 1.2700000000 1.0000000000 -0.2000000000 1.2700000000 0.0000000000
0.0750000000 1.0000000000 -0.2000000000 0.5000000000 1.2700000000 1.0000000000 -0.2000000000 1.2700000000 0.0000000000
0.0760000000 1.0000000000 -0.2000000000 0.5000000000 1.2700000000 1.0000000000 -0.2000000000 1.2700000000 0.0000000000
0.0770000000 1.0000000000 -0.2000000000 0.5000000000 1.2700000000 1.0000000000 -0.2000000000 1.2700000000 0.0000000000
0.0780000000 1.0000000000 -0.2000000000 0.5000000000 1.2700000000 1.0000000000 -0.2000000000 1.2700000000 0.0000000000
0.0790000000 1.0000000000 -0.2000000000 0.5000000000 1.2700000000 1.0000000000 -0.2000000000 1.2700000000 0.0000000000
0.0800000000 1.0000000000 -0.2000000000 0.5000000000 1.2700000000 1.0000000000 -0.2000000000 1.2700000000 0.0000000000
0.0810000000 1.0000000000 -0.2000000000 0.5000000000 1.2700000000 1.0000000000 -0.2000000000 1.2700000000 0.0000000000
0.0820000000 1.0000000000 -0.2000000000 0.5000000000 1.2700000000 1.0000000000 -0.2000000000 1.2700000000 0.0000000000
0.0830000000 1.0000000000 -0.2000000000 0.5000000000 1.2700000000 1.0000000000 -0.2000000000 1.2700000000 0.0000000000
0.0840000000 1.0000000000 -0.2000000000 0.5000000000 1.2700000000 1.0000000000 -0.2000000000 1.2700000000 0.0000000000
0.0850000000 1.0000000000 -0.2000000000 0.5000000000 1.2700000000 1.0000000000 -0.2000000000 1.2700000000 0.0000000000
0.0860000000 1.0000000000 -0.2000000000 0.5000000000 1.2700000000 1.0000000000 -0.2000000000 1.2700000000 0.0000000000
0.0870000000 1.0000000000 -0.2000000000 0.5000000000 1.2700000000 1.0000000000 -0.2000000000 1.2700000000 0.0000000000
0.0880000000 1.0000000000 -0.2000000000 0.5000000000 1.2700000000 1.0000000000 -0.2000000000 1.2700000000 0.0000000000
0.0890000000 1.0000000000 -0.2000000000 0.5000000000 1.2700000000 1.0000000000 -0.2000000000 1.2700000000 0.0000000000
0.0900000000 1.0000000000 -0.2000000000 0.5000000000 1.2700000000 1.0000000000 -0.2000000000 1.2700000000 0.0000000000
0.0910000000 1.0000000000 -0.2000000000 0.5000000000 1.2700000000 1.0000000000 -0.2000000000 1.2700000000 0.0000000000
0.0920000000 1.0000000000 -0.2000000000 0.5000000000 1.2700000000 1.0000000000 -0.2000000000 1.2700000000 0.0000000000
0.0930000000 1.0000000000 -0.2000000000 0.5000000000 1.2700000000 1.0000000000 -0.2000000000 1.2700000000 0.0000000000
0.0940000000 1.0000000000 -0.2000000000 0.5000000000 1.2700000000 1.0000000000 -0.2000000000 1.2700000000 0.0000000000
0.0950000000 1.0000000000 -0.2000000000 0.5000000000 1.2700000000 1.0000000000 -0.2000000000 1.2700000000 0.0000000000
0.0960000000 1.0000000000 -0.2000000000 0.5000000000 1.2700000000 1.0000000000 -0.2000000000 1.2700000000 0.0000000000
0.0970000000 1.0000000000 -0.2000000000 0.5000000000 1.2700000000 1.0000000000 -0.2000000000 1.2700000000 0.0000000000
0.0980000000 1.0000000000 -0.2000000000 0.5000000000 1.2700000000 1.0000000000 -0.2000000000 1.2700000000 0.0000000000
0.0990000000 1.0000000000 -0.2000000000 0.5000000000 1.2700000000 1.0000000000 -0.2000000000 1.2700000000 0.0000000000
0.1000000000 1.0000000000 -0.2000000000 0.5000000000 1.2700000000 1.0000000000 -0.2000000000 1.2700000000 0.0000000000
0.1010000000 1.0000000000 -0.2000000000 0.5000000000 1.2700000000 1.0000000000 -0.2000000000 1.2700000000 0.0000000000
0.1020000000 1.0000000000 -0.2000000000 0.5000000000 1.2700000000 1.0000000000 -0.2000000000 1.2700000000 0.0000000000
0.1030000000 1.0000000000 -0.2000000000 0.5000000000 1.2700000000 1.0000000000 -0.2000000000 1.2700000000 0.0000000000
0.1040000000 1.0000000000 -0.2000000000 0.5000000000 1.2700000000 1.0000000000 -0.2000000000 1.2700000000 0.0000000000
0.1050000000 1.0000000000 -0.2000000000 0.5000000000 1.2700000000 1.0000000000 -0.2000000000 1.2700000000 0.0000000000
0.1060000000 1.0000000000 -0.2000000000 0.5000000000 1.2700000000 1.0000000000 -0.2000000000 1.2700000000 0.0000000000
0.1070000000 1.0000000000 -0.2000000000 0.5000000000 1.2700000000 1.0000000000 -0.2000000000 1.2700000000 0.0000000000
0.1080000000 1.0000000000 -0.2000000000 0.5000000000 1.2700000000 1.0000000000 -0.2000000000 1.2700000000 0.0000000000
0.1090000000 1.0000000000 -0.2000000000 0.5000000000 1.2700000000 1.0000000000 -0.2000000000 1.2700000000 0.0000000000
0.1100000000 1.0000000000 -0.2000000000 0.5000000000 1.2700000000 1.0000000000 -0.2000000000 1.2700000000 0.0000000000
0.1110000000 1.0000000000 -0.2000000000 0.5000000000 1.2700000000 1.0000000000 -0.2000000000 1.2700000000 0.0000000000
0.1120000000 1.0000000000 -0.2000000000 0.5000000000 1.2700000000 1.0000000000 -0.2000000000 1.2700000000 0.0000000000
0.1130000000 1.0000000000 -0.2000000000 0.5000000000 1.2700000000 1.0000000000 -0.2000000000 1.2700000000 0.0000000000
0.1140000000 1.0000000000 -0.2000000000 0.5000000000 1.2700000000 1.0000000000 -0.2000000000 1.2700000000 0.0000000000
0.1150000000 1.0000000000 -0.2000000000 0.5000000000 1.2700000000 1.0000000000 -0.2000000000 1.2700000000 0.0000000000
0.1160000000 1.0000000000 -0.2000000000 0.5000000000 1.2700000000 1.0000000000 -0.2000000000 1.2700000000 0.0000000000
0.1170000000 1.0000000000 -0.2000000000 0.5000000000 1.2700000000 1.0000000000 -0.2000000000 1.2700000000 0.0000000000
0.1180000000 1.0000000000 -0.2000000000 0.5000000000 1.2700000000 1.0000000000 -0.2000000000 1.2700000000 0.0000000000
0.1190000000 1.0000000000 -0.2000000000 0.5000000000 1.2700000000 1.0000000000 -0.2000000000 1.2700000000 0.0000000000
0.1200000000 1.0000000000 -0.2000000000 0.5000000000 1.2700000000 1.0000000000 -0.2000000000 1.2700000000 0.0000000000
0.1210000000 1.0000000000 -0.2000000000 0.5000000000 1.2700000000 1.0000000000 -0.2000000000 1.2700000000 0.0000000000
0.1220000000 1.0000000000 -0.2000000000 0.5000000000 1.2700000000 1.0000000000 -0.2000000000 1.2700000000 0.0000000000
0.1230000000 1.0000000000 -0.2000000000 0.5000000000 1.2700000000 1.0000000000 -0.2000000000 1.2700000000 0.0000000000
0.1240000000 1.0000000000 -0.2000000000 0.5000000000 1.2700000000 1.0000000000 -0.2000000000 1.2700000000 0.0000000000
0.1250000000 1.0000000000 -0.2000000000 0.5000000000 1.2700000000 1.0000000000 -0.2000000000 1.2700000000 0.0000000000
0.1260000000 1.0000000000 -0.2000000000 0.5000000000 1.2700000000 1.0000000000 -0.2000000000 1.2700000000 0.0000000000
0.1270000000 1.0000000000 -0.2000000000 0.5000000000 1.2700000000 1.0000000000 -0.2000000000 1.2700000000 0.0000000000
0.1280000000 1.0000000000 -0.2000000000 0.5000000000 1.2700000000 1.0000000000 -0.2000000000 1.2700000000 0.0000000000
0.1290000000 1.0000000000 -0.2000000000 0.5000000000 1.2700000000 1.0000000000 -0.2000000000 1.2700000000 0.0000000000
0.1300000000 1.0000000000 -0.2000000000 0.5000000000 1.2700000000 1.0000000000 -0.2000000000 1.2700000000 0.0000000000
0.1310000000 1.0000000000 -0.2000000000 0.5000000000 1.2700000000 1.0000000000 -0.2000000000 1.2700000000 0.0000000000
0.1320000000 1.0000000000 -0.2000000000 0.5000000000 1.2700000000 1.0000000000 -0.2000000000 1.2700000000 0.0000000000
0.1330000000 1.0000000000 -0.2000000000 0.5000000000 1.2700000000 1.0000000000 -0.2000000000 1.2700000000 0.0000000000
0.1340000000 1.0000000000 -0.2000000000 0.5000000000 1.2700000000 1.0000000000 -0.2000000000 1.2700000000 0.0000000000
0.1350000000 1.0000000000 -0.2000000000 0.5000000000 1.2700000000 1.0000000000 -0.2000000000 1.2700000000 0.0000000000
0.1360000000 1.0000000000 -0.2000000000 0.5000000000 1.2700000000 1.0000000000 -0.2000000000 1.2700000000 0.0000000000
0.1370000000 1.0000000000 -0.2000000000 0.5000000000 1.2700000000 1.0000000000 -0.2000000000 1.2700000000 0.0000000000
0.1380000000 1.0000000000 -0.2000000000 0.5000000000 1.2700000000 1.0000000000 -0.2000000000 1.2700000000 0.0000000000
0.1390000000 1.0000000000 -0.2000000000 0.5000000000 1.2700000000 1.0000000000 -0.2000000000 1.2700000000 0.0000000000
0.1400000000 1.0000000000 -0.2000000000 0.5000000000 1.2700000000 1.0000000000 -0.2000000000 1.2700000000 0.0000000000
0.1410000000 1.0000000000 -0.2000000000 0.5000000000 1.2700000000 1.0000000000 -0.2000000000 1.2700000000 0.0000000000
0.1420000000 1.0000000000 -0.2000000000 0.5000000000 1.2700000000 1.0000000000 -0.2000000000 1.2700000000 0.0000000000
0.1430000000 1.0000000000 -0.2000000000 0.5000000000 1.2700000000 1.0000000000 -0.2000000000 1.2700000000 0.0000000000
0.1440000000 1.0000000000 -0.2000000000 0.5000000000 1.2700000000 1.0000000000 -0.2000000000 1.2700000000 0.0000000000
0.1450000000 1.0000000000 -0.2000000000 0.5000000000 1.2700000000 1.0000000000 -0.2000000000 1.2700000000 0.0000000000
0.1460000000 1.0000000000 -0.2000000000 0.5000000000 1.2700000000 1.0000000000 -0.2000000000 1.2700000000 0.0000000000
0.1470000000 1.0000000000 -0.2000000000 0.5000000000 1.2700000000 1.0000000000 -0.2000000000 1.2700000000 0.0000000000
0.1480000000 1.0000000000 -0.2000000000 0.5000000000 1.2700000000 1.0000000000 -0.2000000000 1.2700000000 0.0000000000
0.1490000000 1.0000000000 -0.2000000000 0.5000000000 1.2700000000 1.0000000000 -0.2000000000 1.2700000000 0.0000000000
0.1500000000 1.0000000000 -0.2000000000 0.5000000000 1.2700000000 1.0000000000 -0.2000000000 1.2700000000 0.0000000000
0.1510000000 1.0000000000 -0.2000000000 0.5000000000 1.2700000000 1.0000000000 -0.2000000000 1.2700000000 0.0000000000
0.1520000000 1.0000000000 -0.2000000000 0.5000000000 1.2700000000 1.0000000000 -0.2000000000 1.2700000000 0.0000000000
0.1530000000 1.0000000000 -0.2000000000 0.5000000000 1.2700000000 1.0000000000 -0.2000000000 1.2700000000 0.0000000000
0.1540000000 1.0000000000 -0.2000000000 0.5000000000 1.2700000000 1.0000000000 -0.2000000000 1.2700000000 0.0000000000
0.1550000000 1.0000000000 -0.2000000000 0.5000000000 1.2700000000 1.0000000000 -0.2000000000 1.2700000000 0.0000000000
0.1560000000 1.0000000000 -0.2000000000 0.5000000000 1.2700000000 1.0000000000 -0.2000000000 1.2700000000 0.0000000000
0.1570000000 1.0000000000 -0.2000000000 0.5000000000 1.2700000000 1.0000000000 -0.2000000000 1.2700000000 0.0000000000
0.1580000000 1.0000000000 -0.2000000000 0.5000000000 1.2700000000 1.0000000000 -0.2000000000 1.2700000000 0.0000000000
0.1590000000 1.0000000000 -0.2000000000 0.5000000000 1.2700000000 1.0000000000 -0.2000000000 1.2700000000 0.0000000000
0.1600000000 1.0000000000 -0.2000000000 0.5000000000 1.2700000000 1.0000000000 -0.2000000000 1.2700000000 0.0000000000
0.1610000000 1.0000000000 -0.2000000000 0.5000000000 1.2700000000 1.0000000000 -0.2000000000 1.2700000000 0.0000000000
0.1620000000 1.0000000000 -0.2000000000 0.5000000000 1.2700000000 1.0000000000 -0.2000000000 1.2700000000 0.0000000000
0.1630000000 1.0000000000 -0.2000000000 0.5000000000 1.2700000000 1.0000000000 -0.2000000000 1.2700000000 0.0000000000
0.1640000000 1.0000000000 -0.2000000000 0.5000000000 1.2700000000 1.0000000000 -0.2000000000 1.2700000000 0.0000000000
0.1650000000 1.0000000000 -0.2000000000 0.5000000000 1.2700000000 1.0000000000 -0.2000000000 1.2700000000 0.0000000000
0.1660000000 1.0000000000 -0.2000000000 0.5000000000 1.2700000000 1.0000000000 -0.2000000000 1.2700000000 0.0000000000
0.1670000000 1.0000000000 -0.2000000000 0.5000000000 1.2700000000 1.0000000000 -0.2000000000 1.2700000000 0.0000000000
0.1680000000 1.0000000000 -0.2000000000 0.5000000000 1.2700000000 1.0000000000 -0.2000000000 1.2700000000 0.0000000000
0.1690000000 1.0000000000 -0.2000000000 0.5000000000 1.2700000000 1.0000000000 -0.2000000000 1.2700000000 0.0000000000
0.1700000000 1.0000000000 -0.2000000000 0.5000000000 1.2700000000 1.0000000000 -0.2000000000 1.2700000000 0.0000000000
0.1710000000 1.0000000000 -0.2000000000 0.5000000000 1.2700000000 1.0000000000 -0.2000000000 1.2700000000 0.0000000000
0.1720000000 1.0000000000 -0.2000000000 0.5000000000 1.2700000000 1.0000000000 -0.2000000000 1.2700000000 0.0000000000
0.1730000000 1.0000000000 -0.2000000000 0.5000000000 1.2700000000 1.0000000000 -0.2000000000 1.2700000000 0.0000000000
0.1740000000 1.0000000000 -0.2000000000 0.5000000000 1.2700000000 1.0000000000 -0.2000000000 1.2700000000 0.0000000000
0.1750000000 1.0000000000 -0.2000000000 0.5000000000 1.2700000000 1.0000000000 -0.2000000000 1.2700000000 0.0000000000
0.1760000000 1.0000000000 -0.2000000000 0.5000000000 1.2700000000 1.0000000000 -0.2000000000 1.2700000000 0.0000000000
0.1770000000 1.0000000000 -0.2000000000 0.5000000000 1.2700000000 1.0000000000 -0.2000000000 1.2700000000 0.0000000000
0.1780000000 1.0000000000 -0.2000000000 0.5000000000 1.2700000000 1.0000000000 -0.2000000000 1.2700000000 0.0000000000
0.1790000000 1.0000000000 -0.2000000000 0.5000000000 1.2700000000 1.0000000000 -0.2000000000 1.2700000000 0.0000000000
0.1800000000 1.0000000000 -0.2000000000 0.5000000000 1.2700000000 1.0000000000 -0.2000000000 1.2700000000 0.0000000000
0.1810000000 1.0000000000 -0.2000000000 0.5000000000 1.2700000000 1.0000000000 -0.2000000000 1.2700000000 0.0000000000
0.1820000000 1.0000000000 -0.2000000000 0.5000000000 1.2700000000 1.0000000000 -0.2000000000 1.2700000000 0.0000000000
0.1830000000 1.0000000000 -0.2000000000 0.5000000000 1.2700000000 1.0000000000 -0.2000000000 1.2700000000 0.0000000000
0.1840000000 1.0000000000 -0.2000000000 0.5000000000 1.2700000000 1.0000000000 -0.2000000000 1.2700000000 0.0000000000
0.1850000000 1.0000000000 -0.2000000000 0.5000000000 1.2700000000 1.0000000000 -0.2000000000 1.2700000000 0.0000000000
0.1860000000 1.0000000000 -0.2000000000 0.5000000000 1.2700000000 1.0000000000 -0.2000000000 1.2700000000 0.0000000000
0.1870000000 1.0000000000 -0.2000000000 0.5000000000 1.2700000000 1.0000000000 -0.2000000000 1.2700000000 0.0000000000
0.1880000000 1.0000000000 -0.2000000000 0.5000000000 1.2700000000 1.0000000000 -0.2000000000 1.2700000000 0.0000000000
0.1890000000 1.0000000000 -0.2000000000 0.5000000000 1.2700000000 1.0000000000 -0.2000000000 1.2700000000 0.0000000000
0.1900000000 1.0000000000 -0.2000000000 0.5000000000 1.2700000000 1.0000000000 -0.2000000000 1.2700000000 0.0000000000
0.1910000000 1.0000000000 -0.2000000000 0.5000000000 1.2700000000 1.0000000000 -0.2000000000 1.2700000000 0.0000000000
0.1920000000 1.0000000000 -0.2000000000 0.5000000000 1.2700000000 1.0000000000 -0.2000000000 1.2700000000 0.0000000000
0.1930000000 1.0000000000 -0.2000000000 0.5000000000 1.2700000000 1.0000000000 -0.2000000000 1.2700000000 0.0000000000
0.1940000000 1.0000000000 -0.2000000000 0.5000000000 1.2700000000 1.0000000000 -0.2000000000 1.2700000000 0.0000000000
0.1950000000 1.0000000000 -0.2000000000 0.5000000000 1.2700000000 1.0000000000 -0.2000000000 1.2700000000 0.0000000000
0.1960000000 1.0000000000 -0.2000000000 0.5000000000 1.2700000000 1.0000000000 -0.2000000000 1.2700000000 0.0000000000
0.1970000000 1.0000000000 -0.2000000000 0.5000000000 1.2700000000 1.0000000000 -0.2000000000 1.2700000000 0.0000000000
0.1980000000 1.0000000000 -0.2000000000 0.5000000000 1.2700000000 1.0000000000 -0.2000000000 1.2700000000 0.0000000000
0.1990000000 1.0000000000 -0.2000000000 0.5000000000 1.2700000000 1.0000000000 -0.2000000000 1.2700000000 0.0000000000
0.2000000000 1.0000000000 -0.2000000000 0.5000000000 1.2700000000 1.0000000000 -0.2000000000 1.2700000000 0.0000000000
0.2010000000 1.0000000000 -0.2000000000 0.5000000000 1.2700000000 1.0000000000 -0.2000000000 1.2700000000 0.0000000000
0.2020000000 1.0000000000 -0.2000000000 0.5000000000 1.2700000000 1.0000000000 -0.2000000000 1.2700000000 0.0000000000
0.2030000000 1.0000000000 -0.2000000000 0.5000000000 1.2700000000 1.0000000000 -0.2000000000 1.2700000000 0.0000000000
0.2040000000 1.0000000000 -0.2000000000 0.5000000000 1.2700000000 1.0000000000 -0.2000000000 1.2700000000 0.0000000000
0.2050000000 1.0000000000 -0.2000000000 0.5000000000 1.2700000000 1.0000000000 -0.2000000000 1.2700000000 0.0000000000
0.2060000000 1.0000000000 -0.2000000000 0.5000000000 1.2700000000 1.0000000000 -0.2000000000 1.2700000000 0.0000000000
0.2070000000 1.0000000000 -0.2000000000 0.5000000000 1.2700000000 1.0000000000 -0.2000000000 1.2700000000 0.0000000000
0.2080000000 1.0000000000 -0.2000000000 0.5000000000 1.2700000000 1.0000000000 -0.2000000000 1.2700000000 0.0000000000
0.2090000000 1.0000000000 -0.2000000000 0.5000000000 1.2700000000 1.0000000000 -0.2000000000 1.2700000000 0.0000000000
0.2100000000 1.0000000000 -0.2000000000 0.5000000000 1.2700000000 1.0000000000 -0.2000000000 1.2700000000 0.0000000000
0.2110000000 1.0000000000 -0.2000000000 0.5000000000 1.2700000000 1.0000000000 -0.2000000000 1.2700000000 0.0000000000
0.2120000000 1.0000000000 -0.2000000000 0.5000000000 1.2700000000 1.0000000000 -0.2000000000 1.2700000000 0.0000000000
0.2130000000 1.0000000000 -0.2000000000 0.5000000000 1.2700000000 1.0000000000 -0.2000000000 1.2700000000 0.0000000000
0.2140000000 1.0000000000 -0.2000000000 0.5000000000 1.2700000000 1.0000000000 -0.2000000000 1.2700000000 0.0000000000
0.2150000000 1.0000000000 -0.2000000000 0.5000000000 1.2700000000 1.0000000000 -0.2000000000 1.2700000000 0.0000000000
0.2160000000 1.0000000000 -0.2000000000 0.5000000000 1.2700000000 1.0000000000 -0.2000000000 1.2700000000 0.0000000000
0.2170000000 1.0000000000 -0.2000000000 0.5000000000 1.2700000000 1.0000000000 -0.2000000000 1.2700000000 0.0000000000
0.2180000000 1.0000000000 -0.2000000000 0.5000000000 1.2700000000 1.0000000000 -0.2000000000 1.2700000000 0.0000000000
0.2190000000 1.0000000000 -0.2000000000 0.5000000000 1.2700000000 1.0000000000 -0.2000000000 1.2700000000 0.0000000000
0.2200000000 1.0000000000 -0.2000000000 0.5000000000 1.2700000000 1.0000000000 -0.2000000000 1.2700000000 0.0000000000
0.2210000000 1.0000000000 -0.2000000000 0.5000000000 1.2700000000 1.0000000000 -0.2000000000 1.2700000000 0.0000000000
0.2220000000 1.0000000000 -0.2000000000 0.5000000000 1.2700000000 1.0000000000 -0.2000000000 1.2700000000 0.0000000000
0.2230000000 1.0000000000 -0.2000000000 0.5000000000 1.2700000000 1.0000000000 -0.2000000000 1.2700000000 0.0000000000
0.2240000000 1.0000000000 -0.2000000000 0.5000000000 1.2700000000 1.0000000000 -0.2000000000 1.2700000000 0.0000000000
0.2250000000 1.0000000000 -0.2000000000 0.5000000000 1.2700000000 1.0000000000 -0.2000000000 1.2700000000 0.0000000000
0.2260000000 1.0000000000 -0.2000000000 0.5000000000 1.2700000000 1.0000000000 -0.2000000000 1.2700000000 0.0000000000
0.2270000000 1.0000000000 -0.2000000000 0.5000000000 1.2700000000 1.0000000000 -0.2000000000 1.2700000000 0.0000000000
0.2280000000 1.0000000000 -0.2000000000 0.5000000000 1.2700000000 1.0000000000 -0.2000000000 1.2700000000 0.0000000000
0.2290000000 1.0000000000 -0.2000000000 0.5000000000 1.2700000000 1.0000000000 -0.2000000000 1.2700000000 0.0000000000
0.2300000000 1.0000000000 -0.2000000000 0.5000000000 1.2700000000 1.0000000000 -0.2000000000 1.2700000000 0.0000000000
0.2310000000 1.0000000000 -0.2000000000 0.5000000000 1.2700000000 1.0000000000 -0.2000000000 1.2700000000 0.0000000000
0.2320000000 1.0000000000 -0.2000000000 0.5000000000 1.2700000000 1.0000000000 -0.2000000000 1.2700000000 0.0000000001
0.2330000000 1.0000000000 -0.2000000000 0.5000000000 1.2700000000 1.0000000000 -0.2000000000 1.2700000000 0.0000000002
0.2340000000 1.0000000000 -0.2000000000 0.5000000000 1.2700000000 1.0000000000 -0.2000000000 1.2700000000 0.0000000004
0.2350000000 1.0000000000 -0.2000000000 0.5000000000 1.2700000000 1.0000000000 -0.2000000000 1.2700000000 0.0000000009
0.2360000000 1.0000000000 -0.2000000000 0.5000000000 1.2700000000 1.0000000000 -0.2000000000 1.2700000000 0.0000000018
0.2370000000 1.0000000000 -0.2000000000 0.5000000000 1.2700000000 1.0000000000 -0.2000000000 1.2700000000 0.0000000037
0.2380000000 1.0000000000 -0.2000000000 0.5000000000 1.2700000000 1.0000000000 -0.2000000000 1.2700000000 0.0000000077
0.2390000000 1.0000000000 -0.2000000000 0.5000000000 1.2700000000 1.0000000000 -0.2000000000 1.2700000000 0.0000000159
0.2400000000 1.0000000000 -0.2000000000 0.5000000000 1.2700000000 1.0000000000 -0.2000000000 1.2700000000 0.0000000325
0.2410000000 1.0000000000 -0.2000000000 0.5000000000 1.2700000000 1.0000000000 -0.2000000000 1.2700000000 0.0000000661
0.2420000000 1.0000000000 -0.2000000000 0.5000000000 1.2700000000 1.0000000000 -0.2000000000 1.2700000000 0.0000001333
0.2430000000 1.0000000000 -0.2000000000 0.5000000000 1.2700000000 1.0000000000 -0.2000000000 1.2699999999 0.0000002668
0.2440000000 0.9999999999 -0.1999999999 0.5000000000 1.2700000000 0.9999999999 -0.1999999999 1.2699999999 0.0000005297
0.2450000000 0.9999999999 -0.1999999999 0.4999999999 1.2699999999 0.9999999999 -0.1999999999 1.2699999998 0.0000010431
0.2460000000 0.9999999998 -0.1999999998 0.4999999998 1.2699999998 0.9999999998 -0.1999999997 1.2699999995 0.0000020371
0.2470000000 0.9999999995 -0.1999999996 0.4999999997 1.2699999997 0.9999999995 -0.1999999995 1.2699999990 0.0000039448
0.2480000000 0.9999999990 -0.1999999992 0.4999999993 1.2699999994 0.9999999990 -0.1999999990 1.2699999981 0.0000075715
0.2490000000 0.9999999981 -0.1999999984 0.4999999987 1.2699999987 0.9999999981 -0.1999999980 1.2699999963 0.0000143962
0.2500000000 0.9999999963 -0.1999999969 0.4999999974 1.2699999976 0.9999999963 -0.1999999962 1.2699999929 0.0000270915
0.2510000000 0.9999999930 -0.1999999941 0.4999999951 1.2699999953 0.9999999930 -0.1999999927 1.2699999864 0.0000503808
0.2520000000 0.9999999866 -0.1999999888 0.4999999906 1.2699999911 0.9999999866 -0.1999999861 1.2699999740 0.0000923424
0.2530000000 0.9999999747 -0.1999999788 0.4999999823 1.2699999831 0.9999999747 -0.1999999738 1.2699999510 0.0001660834
0.2540000000 0.9999999528 -0.1999999605 0.4999999670 1.2699999685 0.9999999528 -0.1999999511 1.2699999086 0.0002910488
0.2550000000 0.9999999129 -0.1999999271 0.4999999390 1.2699999419 0.9999999129 -0.1999999097 1.2699998313 0.0004917447
0.2560000000 0.9999998415 -0.1999998674 0.4999998890 1.2699998942 0.9999998415 -0.1999998357 1.2699996929 0.0007899660
0.2570000000 0.9999997162 -0.1999997625 0.4999998013 1.2699998106 0.9999997162 -0.1999997058 1.2699994501 0.0011886230
0.2580000000 0.9999995016 -0.1999995830 0.4999996511 1.2699996674 0.9999995016 -0.1999994834 1.2699990345 0.0016561163
0.2590000000 0.9999991443 -0.1999992841 0.4999994010 1.2699994290 0.9999991443 -0.1999991129 1.2699983422 0.0021308498
0.2600000000 0.9999985659 -0.1999988002 0.4999989962 1.2699990430 0.9999985659 -0.1999985134 1.2699972218 0.0025503071
0.2610000000 0.9999976549 -0.1999980379 0.4999983584 1.2699984350 0.9999976549 -0.1999975689 1.2699954567 0.0028786859
0.2620000000 0.9999962539 -0.1999968658 0.4999973777 1.2699975001 0.9999962539 -0.1999961166 1.2699927426 0.0031108043
0.2630000000 0.9999941432 -0.1999950998 0.4999959002 1.2699960916 0.9999941432 -0.1999939285 1.2699886534 0.0032595461
0.2640000000 0.9999910169 -0.1999924841 0.4999937118 1.2699940053 0.9999910169 -0.1999906876 1.2699825968 0.0033431344
0.2650000000 0.9999864522 -0.1999886651 0.4999905166 1.2699909592 0.9999864522 -0.1999859557 1.2699737536 0.0033784014
0.2660000000 0.9999798694 -0.1999831574 0.4999859087 1.2699865663 0.9999798694 -0.1999791317 1.2699610008 0.0033786648
0.2670000000 0.9999704801 -0.1999753016 0.4999793362 1.2699803006 0.9999704801 -0.1999693984 1.2699428109 0.0033537252
0.2680000000 0.9999572224 -0.1999642092 0.4999700560 1.2699714535 0.9999572224 -0.1999556552 1.2699171272 0.0033105289
0.2690000000 0.9999386812 -0.1999486960 0.4999570775 1.2699590808 0.9999386812 -0.1999364353 1.2698812085 0.0032538957
0.2700000000 0.9999129910 -0.1999272009 0.4999390950 1.2699419378 0.9999129910 -0.1999098054 1.2698314414 0.0031871266
0.2710000000 0.9998777208 -0.1998976895 0.4999144070 1.2699184023 0.9998777208 -0.1998732461 1.2697631177 0.0031124620
0.2720000000 0.9998297412 -0.1998575428 0.4998808237 1.2698863869 0.9998297412 -0.1998235153 1.2696701776 0.0030314127
0.2730000000 0.9997650764 -0.1998034325 0.4998355626 1.2698432392 0.9997650764 -0.1997564939 1.2695449231 0.0029449942
0.2740000000 0.9996787435 -0.1997311867 0.4997751373 1.2697856358 0.9996787435 -0.1996670217 1.2693777090 0.0028538905
0.2750000000 0.9995645886 -0.1996356516 0.4996952428 1.2697094731 0.9995645886 -0.1995487279 1.2691566271 0.0027585706
0.2760000000 0.9994151295 -0.1995105585 0.4995906457 1.2696097628 0.9994151295 -0.1993938707 1.2688672055 0.0026593711
0.2770000000 0.9992214200 -0.1993484083 0.4994550908 1.2694805428 0.9992214200 -0.1991931996 1.2684921506 0.0025565568
0.2780000000 0.9989729542 -0.1991403880 0.4992812351 1.2693148144 0.9989729542 -0.1989358617 1.2680111700 0.0024503661
0.2790000000 0.9986576320 -0.1988763376 0.4990606256 1.2691045216 0.9986576320 -0.1986093724 1.2674009163 0.0023410453
0.2800000000 0.9982618072 -0.1985447844 0.4987837363 1.2688405862 0.9982618072 -0.1981996753 1.2666350967 0.0022288757
0.2810000000 0.9977704412 -0.1981330628 0.4984400784 1.2685130131 0.9977704412 -0.1976913134 1.2656847887 0.0021141938
0.2820000000 0.9971673745 -0.1976275315 0.4980183953 1.2681110762 0.9971673745 -0.1970677268 1.2645189925 0.0019974069
0.2830000000 0.9964357273 -0.1970138964 0.4975069478 1.2676235906 0.9964357273 -0.1963116852 1.2631054345 0.0018790024
0.2840000000 0.9955584214 -0.1962776327 0.4968938851 1.2670392660 0.9955584214 -0.1954058502 1.2614116115 0.0017595522
0.2850000000 0.9945188059 -0.1954044941 0.4961676882 1.2663471291 0.9945188059 -0.1943334442 1.2594060347 0.0016397112
0.2860000000 0.9933013505 -0.1943810788 0.4953176607 1.2655369915 0.9933013505 -0.1930789881 1.2570596027 0.0015202100
0.2870000000 0.9918923585 -0.1931954147 0.4943344313 1.2645999286 0.9918923585 -0.1916290555 1.2543470057 0.0014018414
0.2880000000 0.9902806407 -0.1918375164 0.4932104277 1.2635287312 0.9902806407 -0.1899729787 1.2512480414 0.0012854419
0.2890000000 0.9884580892 -0.1902998655 0.4919402772 1.2623182879 0.9884580892 -0.1881034414 1.2477487227 0.0011718676
0.2900000000 0.9864200962 -0.1885777679 0.4905210961 1.2609658612 0.9864200962 -0.1860168999 1.2438420662 0.0010619671
0.2910000000 0.9841657760 -0.1866695554 0.4889526380 1.2594712302 0.9841657760 -0.1837137879 1.2395284806 0.0009565517
0.2920000000 0.9816979678 -0.1845766117 0.4872372863 1.2578366843 0.9816979678 -0.1811984846 1.2348157168 0.0008563654
0.2930000000 0.9790230239 -0.1823032232 0.4853798936 1.2560668722 0.9790230239 -0.1784790528 1.2297183874 0.0007620558
0.2940000000 0.9761504059 -0.1798562728 0.4833874875 1.2541685217 0.9761504059 -0.1755667737 1.2242571115 0.0006741493
0.2950000000 0.9730921351 -0.1772448120 0.4812688725 1.2521500625 0.9730921351 -0.1724755326 1.2184573778 0.0005930310
0.2960000000 0.9698621522 -0.1744795528 0.4790341715 1.2500211894 0.9698621522 -0.1692211146 1.2123482410 0.0005189327
0.2970000000 0.9664756454 -0.1715723284 0.4766943473 1.2477924061 0.9664756454 -0.1658204768 1.2059609709 0.0004519281
0.2980000000 0.9629484033 -0.1685355677 0.4742607429 1.2454745871 0.9629484033 -0.1622910558 1.1993277650 0.0003919373
0.2990000000 0.9592962355 -0.1653818185 0.4717446738 1.2430785882 0.9592962355 -0.1586501559 1.1924806101 0.0003387396
0.3000000000 0.9555344917 -0.1621233468 0.4691570905 1.2406149240 0.9555344917 -0.1549144498 1.1854503507 0.0002919931
0.3010000000 0.9516776943 -0.1587718255 0.4665083239 1.2380935236 0.9516776943 -0.1510996048 1.1782659899 0.0002512599
0.3020000000 0.9477392867 -0.1553381148 0.4638079122 1.2355235645 0.9477392867 -0.1472200342 1.1709542217 0.0002160340
0.3030000000 0.9437314860 -0.1518321292 0.4610645020 1.2329133775 0.9437314860 -0.1432887609 1.1635391738 0.0001857695
0.3040000000 0.9396652266 -0.1482627777 0.4582858142 1.2302704126 0.9396652266 -0.1393173766 1.1560423261 0.0001599072
0.3050000000 0.9355501730 -0.1446379636 0.4554786571 1.2276012515 0.9355501730 -0.1353160718 1.1484825632 0.0001378975
0.3060000000 0.9313947829 -0.1409646263 0.4526489752 1.2249116528 0.9313947829 -0.1312937175 1.1408763230 0.0001192185
0.3070000000 0.9272064029 -0.1372488122 0.4498019199 1.2222066192 0.9272064029 -0.1272579775 1.1332378030 0.0001033885
0.3080000000 0.9229913803 -0.1334957606 0.4469419310 1.2194904751 0.9229913803 -0.1232154363 1.1255791968 0.0000899742
0.3090000000 0.9187551811 -0.1297099961 0.4440728219 1.2167669473 0.9187551811 -0.1191717309 1.1179109371 0.0000785936
0.3100000000 0.9145025056 -0.1258954202 0.4411978621 1.2140392441 0.9145025056 -0.1151316772 1.1102419307 0.0000689159
0.3110000000 0.9102373953 -0.1220553977 0.4383198544 1.2113101281 0.9102373953 -0.1110993873 1.1025797759 0.0000606592
0.3120000000 0.9059633303 -0.1181928344 0.4354412036 1.2085819820 0.9059633303 -0.1070783739 1.0949309573 0.0000535854
0.3130000000 0.9016833141 -0.1143102471 0.4325639773 1.2058568664 0.9016833141 -0.1030716424 1.0873010156 0.0000474958
0.3140000000 0.8973999475 -0.1104098229 0.4296899577 1.2031365699 0.8973999475 -0.0990817693 1.0796946946 0.0000422250
0.3150000000 0.8931154914 -0.1064934712 0.4268206868 1.2004226507 0.8931154914 -0.0951109689 1.0721160656 0.0000376362
0.3160000000 0.8888319199 -0.1025628672 0.4239575032 1.1977164733 0.8888319199 -0.0911611501 1.0645686324 0.0000336166
0.3170000000 0.8845509647 -0.0986194884 0.4211015740 1.1950192376 0.8845509647 -0.0872339636 1.0570554195 0.0000300725
0.3180000000 0.8802741531 -0.0946646459 0.4182539215 1.1923320051 0.8802741531 -0.0833308410 1.0495790460 0.0000269265
0.3190000000 0.8760028391 -0.0906995106 0.4154154449 1.1896557193 0.8760028391 -0.0794530288 1.0421417876 0.0000241137
0.3200000000 0.8717382301 -0.0867251347 0.4125869393 1.1869912236 0.8717382301 -0.0756016155 1.0347456284 0.0000215801
0.3210000000 0.8674814094 -0.0827424711 0.4097691115 1.1843392766 0.8674814094 -0.0717775555 1.0273923049 0.0000192797
0.3220000000 0.8632333553 -0.0787523889 0.4069625933 1.1817005647 0.8632333553 -0.0679816889 1.0200833434 0.0000171734
0.3230000000 0.8589949573 -0.0747556875 0.4041679529 1.1790757127 0.8589949573 -0.0642147586 1.0128200915 0.0000152271
0.3240000000 0.8547670307 -0.0707531084 0.4013857051 1.1764652936 0.8547670307 -0.0604774244 1.0056037457 0.0000134110
0.3250000000 0.8505503288 -0.0667453464 0.3986163198 1.1738698365 0.8505503288 -0.0567702763 0.9984353754 0.0000116986
0.3260000000 0.8463455543 -0.0627330589 0.3958602296 1.1712898340 0.8463455543 -0.0530938455 0.9913159438 0.0000100655
0.3270000000 0.8421533691 -0.0587168749 0.3931178371 1.1687257486 0.8421533691 -0.0494486140 0.9842463267 0.0000084891
0.3280000000 0.8379744038 -0.0546974034 0.3903895207 1.1661780188 0.8379744038 -0.0458350240 0.9772273300 0.0000069477
0.3290000000 0.8338092668 -0.0506752415 0.3876756410 1.1636470641 0.8338092668 -0.0422534860 0.9702597053 0.0000054201
0.3300000000 0.8296585520 -0.0466509824 0.3849765464 1.1611332908 0.8296585520 -0.0387043865 0.9633441648 0.0000038848
0.3310000000 0.8255228481 -0.0426252232 0.3822925784 1.1586370969 0.8255228481 -0.0351880957 0.9564813962 0.0000023196
0.3320000000 0.8214027467 -0.0385985737 0.3796240774 1.1561588767 0.8214027467 -0.0317049744 0.9496720769 0.0000007012
0.3330000000 0.8172988508 -0.0345716649 0.3769713884 1.1536990268 0.8172988508 -0.0282553820 0.9429168888 0.0000009873
0.3340000000 0.8132117803 -0.0305451553 0.3743348643 1.1512579495 0.8132117803 -0.0248396801 0.9362165267 0.0000027461
0.3350000000 0.8091421727 -0.0265197307 0.3717148659 1.1488360504 0.8091421727 -0.0214582325 0.9295716979 0.0000045965
0.3360000000 0.8050906903 -0.0224961122 0.3691117663 1.1464337434 0.8050906903 -0.0181114105 0.9229831339 0.0000065664
0.3370000000 0.8010580299 -0.0184750667 0.3665259575 1.1440514562 0.8010580299 -0.0147996006 0.9164516056 0.0000086869
0.3380000000 0.7970449331 -0.0144574185 0.3639578566 1.1416896358 0.7970449331 -0.0115232121 0.9099779394 0.0000109936
0.3390000000 0.7930521989 -0.0104440622 0.3614079133 1.1393487553 0.7930521989 -0.0082826865 0.9035630357 0.0000135276
0.3400000000 0.7890806971 -0.0064359784 0.3588766185 1.1370293207 0.7890806971 -0.0050785063 0.8972078890 0.0000163370
0.3410000000 0.7851313840 -0.0024342504 0.3563645137 1.1347318789 0.7851313840 -0.0019112064 0.8909136105 0.0000194785
0.3420000000 0.7812053207 0.0015599143 0.3538722019 1.1324570274 0.7812053207 0.0012186133 0.8846814553 0.0000230204
0.3430000000 0.7773036949 0.0055451605 0.3514003610 1.1302054253 0.7773036949 0.0043102737 0.8785128531 0.0000270443
0.3440000000 0.7734278461 0.0095199559 0.3489497588 1.1279778056 0.7734278461 0.0073629989 0.8724094446 0.0000316498
0.3450000000 0.7695792960 0.0134825564 0.3465212714 1.1257749914 0.7695792960 0.0103758963 0.8663731254 0.0000369584
0.3460000000 0.7657597857 0.0174309647 0.3441159055 1.1235979135 0.7657597857 0.0133479318 0.8604060974 0.0000431197
0.3470000000 0.7619713190 0.0213628794 0.3417348242 1.1214476328 0.7619713190 0.0162779014 0.8545109319 0.0000503186
0.3480000000 0.7582162165 0.0252756340 0.3393793795 1.1193253670 0.7582162165 0.0191643956 0.8486906448 0.0000587858
0.3490000000 0.7544971802 0.0291661222 0.3370511506 1.1172325225 0.7544971802 0.0220057569 0.8429487879 0.0000688095
0.3500000000 0.7508173721 0.0330307075 0.3347519915 1.1151707340 0.7508173721 0.0248000290 0.8372895600 0.0000807523
0.3510000000 0.7471805103 0.0368651126 0.3324840874 1.1131419113 0.7471805103 0.0275448936 0.8317179413 0.0000950718
0.3520000000 0.7435909844 0.0406642859 0.3302500243 1.1111482967 0.7435909844 0.0302375964 0.8262398558 0.0001123477
0.3530000000 0.7400539956 0.0444222397 0.3280528717 1.1091925338 0.7400539956 0.0328748560 0.8208623665 0.0001333163
0.3540000000 0.7365757228 0.0481318569 0.3258962819 1.1072777488 0.7365757228 0.0354527573 0.8155939082 0.0001589143
0.3550000000 0.7331635188 0.0517846636 0.3237846062 1.1054076465 0.7331635188 0.0379666262 0.8104445599 0.0001903330
0.3560000000 0.7298261354 0.0553705659 0.3217230283 1.1035866193 0.7298261354 0.0404108861 0.8054263575 0.0002290847
0.3570000000 0.7265739724 0.0588775577 0.3197177118 1.1018198675 0.7265739724 0.0427789010 0.8005536380 0.0002770808
0.3580000000 0.7234193376 0.0622914139 0.3177759532 1.1001135232 0.7234193376 0.0450628134 0.7958433962 0.0003367182
0.3590000000 0.7203766894 0.0655954001 0.3159063243 1.0984747634 0.7203766894 0.0472533972 0.7913156134 0.0004109659
0.3600000000 0.7174628121 0.0687700555 0.3141187727 1.0969118878 0.7174628121 0.0493399574 0.7869934876 0.0005034368
0.3610000000 0.7146968444 0.0717931406 0.3124246347 1.0954343199 0.7146968444 0.0513103310 0.7829034517 0.0006184147
0.3620000000 0.7121000439 0.0746398829 0.3108364881 1.0940524741 0.7121000439 0.0531510639 0.7790748148 0.0007607968
0.3630000000 0.7096951366 0.0772836961 0.3093677572 1.0927774136 0.7096951366 0.0548478633 0.7755388159 0.0009358967
0.3640000000 0.7075050907 0.0796975594 0.3080319730 1.0916202202 0.7075050907 0.0563864290 0.7723268629 0.0011490538
0.3650000000 0.7055511974 0.0818561937 0.3068416195 1.0905910189 0.7055511974 0.0577537355 0.7694677993 0.0014050178
0.3660000000 0.7038504883 0.0837390095 0.3058065854 1.0896976761 0.7038504883 0.0589397427 0.7669842414 0.0017071442
0.3670000000 0.7024127698 0.0853335058 0.3049323900 1.0889443144 0.7024127698 0.0599393442 0.7648883921 0.0020565355
0.3680000000 0.7012378833 0.0866384318 0.3042185478 1.0883299519 0.7012378833 0.0607541505 0.7631781918 0.0024513780
0.3690000000 0.7003140271 0.0876657482 0.3036575753 1.0878476864 0.7003140271 0.0613935532 0.7618349942 0.0028867773
0.3700000000 0.6996179267 0.0884404924 0.3032351069 1.0874848201 0.6996179267 0.0618745539 0.7608238752 0.0033553293
0.3710000000 0.6991171621 0.0889981851 0.3029313076 1.0872240746 0.6991171621 0.0622201586 0.7600970095 0.0038484712
0.3720000000 0.6987742132 0.0893802764 0.3027233158 1.0870456733 0.6987742132 0.0624566323 0.7595994851 0.0043584441
0.3730000000 0.6985511341 0.0896288672 0.3025880604 1.0869297337 0.6985511341 0.0626103469 0.7592759982 0.0048806516
0.3740000000 0.6984135962 0.0897821347 0.3025046948 1.0868583291 0.6984135962 0.0627050636 0.7590766342 0.0054164758
0.3750000000 0.6983334289 0.0898714483 0.3024561240 1.0868167773 0.6983334289 0.0627602367 0.7589604867 0.0059773855
0.3760000000 0.6982894516 0.0899204104 0.3024295000 1.0867940519 0.6982894516 0.0627904741 0.7588968225 0.0065929123
0.3770000000 0.6982669578 0.0899454154 0.3024159037 1.0867825015 0.6982669578 0.0628059116 0.7588643111 0.0073297386
0.3780000000 0.6982564559 0.0899570462 0.3024095795 1.0867771896 0.6982564559 0.0628130883 0.7588491887 0.0083457571
0.3790000000 0.6982522221 0.0899616854 0.3024070569 1.0867751400 0.6982522221 0.0628159467 0.7588431565 0.0100834703
0.3800000000 0.6982510166 0.0899629456 0.3024063714 1.0867746683 0.6982510166 0.0628167183 0.7588415170 0.0124497226
0.3810000000 0.6982511521 0.0899627088 0.3024064999 1.0867748969 0.6982511521 0.0628165651 0.7588418238 0.0084215800
0.3820000000 0.6982521733 0.0899614826 0.3024071663 1.0867755891 0.6982521733 0.0628158008 0.7588434170 0.0046230980
0.3830000000 0.6982540765 0.0899592711 0.3024083684 1.0867767432 0.6982540765 0.0628144277 0.7588462911 0.0027546425
0.3840000000 0.6982567174 0.0899562349 0.3024100189 1.0867782843 0.6982567174 0.0628125453 0.7588502374 0.0011154426
0.3850000000 0.6982597091 0.0899528058 0.3024118831 1.0867800112 0.6982597091 0.0628104200 0.7588546944 0.0008367786
0.3860000000 0.6982624128 0.0899496956 0.3024135738 1.0867815923 0.6982624128 0.0628084915 0.7588587369 0.0031766380
0.3870000000 0.6982642430 0.0899475575 0.3024147360 1.0867827233 0.6982642430 0.0628071631 0.7588615156 0.0052090505
0.3880000000 0.6982651146 0.0899464860 0.3024153183 1.0867833601 0.6982651146 0.0628064934 0.7588629074 0.0065431373
0.3890000000 0.6982653053 0.0899461716 0.3024154890 1.0867836470 0.6982653053 0.0628062909 0.7588633151 0.0062113472
0.3900000000 0.6982651125 0.0899462826 0.3024154283 1.0867837386 0.6982651125 0.0628063511 0.7588631695 0.0034993053
0.3910000000 0.6982646981 0.0899466386 0.3024152343 1.0867837190 0.6982646981 0.0628065625 0.7588627054 0.0014188595
0.3920000000 0.6982641705 0.0899471185 0.3024149731 1.0867836450 0.6982641705 0.0628068501 0.7588620803 0.0000696626
0.3930000000 0.6982636486 0.0899475895 0.3024147167 1.0867835785 0.6982636486 0.0628071320 0.7588614668 0.0014996837
0.3940000000 0.6982632438 0.0899479273 0.3024145326 1.0867835777 0.6982632438 0.0628073315 0.7588610262 0.0024804937
0.3950000000 0.6982629981 0.0899480850 0.3024144466 1.0867836647 0.6982629981 0.0628074195 0.7588608200 0.0026215811
0.3960000000 0.6982628825 0.0899480948 0.3024144409 1.0867838243 0.6982628825 0.0628074160 0.7588608058 0.0016004287
0.3970000000 0.6982628387 0.0899480218 0.3024144802 1.0867840264 0.6982628387 0.0628073611 0.7588608993 0.0002464851
0.3980000000 0.6982628037 0.0899479362 0.3024145264 1.0867842383 0.6982628037 0.0628072981 0.7588610093 0.0008955367
0.3990000000 0.6982627217 0.0899479000 0.3024145457 1.0867844315 0.6982627217 0.0628072655 0.7588610550 0.0014409358
0.4000000000 0.6982625695 0.0899479388 0.3024145242 1.0867845939 0.6982625695 0.0628072789 0.7588610031 0.0010928938
0.4010000000 0.6982623612 0.0899480372 0.3024144703 1.0867847329 0.6982623612 0.0628073289 0.7588608737 0.0003550344
0.4020000000 0.6982621318 0.0899481558 0.3024144054 1.0867848671 0.6982621318 0.0628073910 0.7588607181 0.0004227921
0.4030000000 0.6982619221 0.0899482489 0.3024143544 1.0867850179 0.6982619221 0.0628074371 0.7588605955 0.0009580582
0.4040000000 0.6982617566 0.0899482892 0.3024143321 1.0867851983 0.6982617566 0.0628074504 0.7588605416 0.0009499609
0.4050000000 0.6982616309 0.0899482816 0.3024143358 1.0867854060 0.6982616309 0.0628074338 0.7588605500 0.0004073310
0.4060000000 0.6982615195 0.0899482541 0.3024143503 1.0867856281 0.6982615195 0.0628074046 0.7588605841 0.0002803263
0.4070000000 0.6982613916 0.0899482413 0.3024143569 1.0867858488 0.6982613916 0.0628073841 0.7588605991 0.0007072269
0.4080000000 0.6982612281 0.0899482640 0.3024143441 1.0867860586 0.6982612281 0.0628073853 0.7588605679 0.0006041412
0.4090000000 0.6982610329 0.0899483179 0.3024143143 1.0867862596 0.6982610329 0.0628074054 0.7588604961 0.0001563592
0.4100000000 0.6982608266 0.0899483799 0.3024142802 1.0867864627 0.6982608266 0.0628074301 0.7588604138 0.0003403108
0.4110000000 0.6982606330 0.0899484233 0.3024142562 1.0867866808 0.6982606330 0.0628074430 0.7588603556 0.0005893234
0.4120000000 0.6982604622 0.0899484365 0.3024142485 1.0867869194 0.6982604622 0.0628074369 0.7588603367 0.0004173348
0.4130000000 0.6982603054 0.0899484294 0.3024142519 1.0867871741 0.6982603054 0.0628074178 0.7588603441 0.0000294555
0.4140000000 0.6982601425 0.0899484241 0.3024142543 1.0867874349 0.6982601425 0.0628073994 0.7588603491 0.0004046149
0.4150000000 0.6982599569 0.0899484389 0.3024142458 1.0867876934 0.6982599569 0.0628073931 0.7588603279 0.0004180503
0.4160000000 0.6982597475 0.0899484749 0.3024142257 1.0867879495 0.6982597475 0.0628073994 0.7588602792 0.0001177733
0.4170000000 0.6982595280 0.0899485167 0.3024142025 1.0867882106 0.6982595280 0.0628074088 0.7588602229 0.0002479453
0.4180000000 0.6982593149 0.0899485454 0.3024141864 1.0867884858 0.6982593149 0.0628074097 0.7588601836 0.0004043226
0.4190000000 0.6982591147 0.0899485538 0.3024141813 1.0867887787 0.6982591147 0.0628073976 0.7588601705 0.0002275043
0.4200000000 0.6982589187 0.0899485514 0.3024141821 1.0867890854 0.6982589187 0.0628073782 0.7588601717 0.0001214108
0.4210000000 0.6982587114 0.0899485551 0.3024141796 1.0867893981 0.6982587114 0.0628073622 0.7588601647 0.0003273855
0.4220000000 0.6982584835 0.0899485750 0.3024141682 1.0867897126 0.6982584835 0.0628073556 0.7588601366 0.0002227241
0.4230000000 0.6982582393 0.0899486061 0.3024141508 1.0867900316 0.6982582393 0.0628073553 0.7588600939 0.0000653052
0.4240000000 0.6982579918 0.0899486336 0.3024141353 1.0867903623 0.6982579918 0.0628073523 0.7588600559 0.0002842821
0.4250000000 0.6982577504 0.0899486467 0.3024141276 1.0867907103 0.6982577504 0.0628073397 0.7588600365 0.0002397184
0.4260000000 0.6982575123 0.0899486482 0.3024141262 1.0867910746 0.6982575123 0.0628073193 0.7588600322 0.0000190348
0.4270000000 0.6982572659 0.0899486508 0.3024141242 1.0867914497 0.6982572659 0.0628072990 0.7588600263 0.0002333851
0.4280000000 0.6982570015 0.0899486650 0.3024141159 1.0867918314 0.6982570015 0.0628072851 0.7588600054 0.0001979717
0.4290000000 0.6982567202 0.0899486890 0.3024141022 1.0867922208 0.6982567202 0.0628072766 0.7588599716 0.0000262454
0.4300000000 0.6982564320 0.0899487115 0.3024140894 1.0867926238 0.6982564320 0.0628072664 0.7588599398 0.0002161877
0.4310000000 0.6982561448 0.0899487231 0.3024140824 1.0867930453 0.6982561448 0.0628072486 0.7588599220 0.0001864452
0.4320000000 0.6982558567 0.0899487257 0.3024140804 1.0867934851 0.6982558567 0.0628072245 0.7588599160 0.0000243166
0.4330000000 0.6982555578 0.0899487296 0.3024140777 1.0867939390 0.6982555578 0.0628072003 0.7588599081 0.0001871985
0.4340000000 0.6982552408 0.0899487427 0.3024140699 1.0867944038 0.6982552408 0.0628071810 0.7588598881 0.0001353736
0.4350000000 0.6982549074 0.0899487625 0.3024140584 1.0867948816 0.6982549074 0.0628071649 0.7588598594 0.0000565740
0.4360000000 0.6982545658 0.0899487794 0.3024140486 1.0867953776 0.6982545658 0.0628071459 0.7588598345 0.0001811271
0.4370000000 0.6982542210 0.0899487872 0.3024140436 1.0867958953 0.6982542210 0.0628071203 0.7588598212 0.0001081863
0.4380000000 0.6982538690 0.0899487899 0.3024140415 1.0867964337 0.6982538690 0.0628070905 0.7588598146 0.0000719069
0.4390000000 0.6982535012 0.0899487962 0.3024140374 1.0867969897 0.6982535012 0.0628070618 0.7588598032 0.0001504799
0.4400000000 0.6982531138 0.0899488099 0.3024140292 1.0867975625 0.6982531138 0.0628070366 0.7588597821 0.0000495359
0.4410000000 0.6982527106 0.0899488259 0.3024140197 1.0867981553 0.6982527106 0.0628070115 0.7588597578 0.0001030833
0.4420000000 0.6982522977 0.0899488368 0.3024140131 1.0867987727 0.6982522977 0.0628069819 0.7588597402 0.0001320069
0.4430000000 0.6982518755 0.0899488412 0.3024140099 1.0867994165 0.6982518755 0.0628069470 0.7588597309 0.0000113611
0.4440000000 0.6982514379 0.0899488451 0.3024140070 1.0868000849 0.6982514379 0.0628069104 0.7588597220 0.0001064851
0.4450000000 0.6982509790 0.0899488543 0.3024140012 1.0868007767 0.6982509790 0.0628068756 0.7588597063 0.0000817915
0.4460000000 0.6982504990 0.0899488675 0.3024139932 1.0868014936 0.6982504990 0.0628068416 0.7588596852 0.0000421741
0.4470000000 0.6982500025 0.0899488786 0.3024139864 1.0868022402 0.6982500025 0.0628068047 0.7588596669 0.0001095900
0.4480000000 0.6982494914 0.0899488842 0.3024139825 1.0868030193 0.6982494914 0.0628067626 0.7588596554 0.0000424848
0.4490000000 0.6982489617 0.0899488878 0.3024139797 1.0868038309 0.6982489617 0.0628067175 0.7588596465 0.0000656967
0.4500000000 0.6982484074 0.0899488947 0.3024139751 1.0868046746 0.6982484074 0.0628066725 0.7588596332 0.0000758241
0.4510000000 0.6982478270 0.0899489053 0.3024139685 1.0868055517 0.6982478270 0.0628066277 0.7588596149 0.0000147757
0.4520000000 0.6982472233 0.0899489151 0.3024139623 1.0868064665 0.6982472233 0.0628065802 0.7588595975 0.0000825539
0.4530000000 0.6982465978 0.0899489208 0.3024139582 1.0868074227 0.6982465978 0.0628065279 0.7588595853 0.0000425027
0.4540000000 0.6982459471 0.0899489245 0.3024139553 1.0868084214 0.6982459471 0.0628064720 0.7588595756 0.0000439542
0.4550000000 0.6982452660 0.0899489304 0.3024139512 1.0868094633 0.6982452660 0.0628064149 0.7588595628 0.0000586323
0.4560000000 0.6982445521 0.0899489392 0.3024139455 1.0868105507 0.6982445521 0.0628063568 0.7588595462 0.0000102711
0.4570000000 0.6982438067 0.0899489474 0.3024139400 1.0868116880 0.6982438067 0.0628062954 0.7588595302 0.0000627295
0.4580000000 0.6982430299 0.0899489525 0.3024139363 1.0868128795 0.6982430299 0.0628062291 0.7588595179 0.0000294221
0.4590000000 0.6982422182 0.0899489562 0.3024139332 1.0868141277 0.6982422182 0.0628061587 0.7588595073 0.0000359965
0.4600000000 0.6982413665 0.0899489617 0.3024139292 1.0868154347 0.6982413665 0.0628060859 0.7588594942 0.0000399458
0.4610000000 0.6982404720 0.0899489692 0.3024139241 1.0868168042 0.6982404720 0.0628060107 0.7588594783 0.0000163146
0.4620000000 0.6982395345 0.0899489758 0.3024139195 1.0868182418 0.6982395345 0.0628059310 0.7588594633 0.0000477085
0.4630000000 0.6982385526 0.0899489800 0.3024139161 1.0868197528 0.6982385526 0.0628058456 0.7588594511 0.0000122078
0.4640000000 0.6982375213 0.0899489837 0.3024139130 1.0868213412 0.6982375213 0.0628057554 0.7588594394 0.0000323991
0.4650000000 0.6982364353 0.0899489890 0.3024139090 1.0868230114 0.6982364353 0.0628056615 0.7588594253 0.0000206928
0.4660000000 0.6982352914 0.0899489953 0.3024139044 1.0868247696 0.6982352914 0.0628055630 0.7588594097 0.0000238546
0.4670000000 0.6982340873 0.0899490004 0.3024139005 1.0868266232 0.6982340873 0.0628054582 0.7588593953 0.0000321650
0.4680000000 0.6982328189 0.0899490040 0.3024138974 1.0868285793 0.6982328189 0.0628053466 0.7588593826 0.0000041922
0.4690000000 0.6982314797 0.0899490078 0.3024138941 1.0868306447 0.6982314797 0.0628052288 0.7588593693 0.0000257547
0.4700000000 0.6982300634 0.0899490128 0.3024138901 1.0868328273 0.6982300634 0.0628051049 0.7588593539 0.0000017453
0.4710000000 0.6982285646 0.0899490179 0.3024138861 1.0868351377 0.6982285646 0.0628049736 0.7588593381 0.0000258765
0.4720000000 0.6982269802 0.0899490217 0.3024138828 1.0868375831 0.6982269802 0.0628048338 0.7588593236 0.0000142453
0.4730000000 0.6982252939 0.0899490248 0.3024138798 1.0868401876 0.6982252939 0.0628046843 0.7588593094 0.0000140601
0.4740000000 0.6982235258 0.0899490287 0.3024138763 1.0868429177 0.6982235258 0.0628045280 0.7588592940 0.0000128214
0.4750000000 0.6982215737 0.0899490331 0.3024138726 1.0868459320 0.6982215737 0.0628043555 0.7588592769 0.0000122378
0.4760000000 0.6982197063 0.0899490370 0.3024138691 1.0868488159 0.6982197063 0.0628041902 0.7588592610 0.0000183897
0.4770000000 0.6982171497 0.0899490399 0.3024138661 1.0868527701 0.6982171497 0.0628039623 0.7588592433 0.0000019235
0.4780000000 0.6982158225 0.0899490430 0.3024138630 1.0868548175 0.6982158225 0.0628038451 0.7588592304 0.0000125316
0.4790000000 0.6982112540 0.0899490467 0.3024138595 1.0868618906 0.6982112540 0.0628034367 0.7588592035 0.0000024119
0.4800000000 0.6982126619 0.0899490502 0.3024138561 1.0868596952 0.6982126619 0.0628035658 0.7588592009 0.0000150705
0.4810000000 0.6982032942 0.0899490530 0.3024138531 1.0868742126 0.6982032942 0.0628027251 0.7588591556 0.0000047078
0.4820000000 0.6982083057 0.0899490556 0.3024138501 1.0868664300 0.6982083057 0.0628031777 0.7588591686 0.0000082146
0.4830000000 0.6982007244 0.0899490586 0.3024138469 1.0868781765 0.6982007244 0.0628024979 0.7588591301 0.0000018743
0.4840000000 0.6981848451 0.0899490617 0.3024138437 1.0869027926 0.6981848451 0.0628010717 0.7588590579 0.0000104508
0.4850000000 0.6982321224 0.0899490643 0.3024138406 1.0868294617 0.6982321224 0.0628053260 0.7588592417 0.0000066742
0.4860000000 0.6981123747 0.0899490665 0.3024138377 1.0870151822 0.6981123747 0.0627945564 0.7588587502 0.0000041637
0.4870000000 0.6983007908 0.0899490689 0.3024138347 1.0867229638 0.6983007908 0.0628115060 0.7588595050 0.0000026472
0.4880000000 0.6980492679 0.0899490715 0.3024138316 1.0871130659 0.6980492679 0.0627888835 0.7588584798 0.0000070106
0.4890000000 0.6982729330 0.0899490737 0.3024138286 1.0867661361 0.6982729330 0.0628090035 0.7588593773 0.0000063362
0.4900000000 0.6981498439 0.0899490757 0.3024138257 1.0869570179 0.6981498439 0.0627979331 0.7588588724 0.0000016464
0.4910000000 0.6980926682 0.0899490777 0.3024138228 1.0870457010 0.6980926682 0.0627927916 0.7588586338 0.0000018174
0.4920000000 0.6982701856 0.0899490798 0.3024138198 1.0867703651 0.6982701856 0.0628087606 0.7588593445 0.0000049553
0.4930000000 0.6980518711 0.0899490816 0.3024138168 1.0871089751 0.6980518711 0.0627891247 0.7588584542 0.0000052586
0.4940000000 0.6981792500 0.0899490832 0.3024138140 1.0869113663 0.6981792500 0.0628005835 0.7588589625 0.0000003404
0.4950000000 0.6981340983 0.0899490848 0.3024138111 1.0869813903 0.6981340983 0.0627965232 0.7588587727 0.0000006751
0.4960000000 0.6980875040 0.0899490865 0.3024138082 1.0870536611 0.6980875040 0.0627923333 0.7588585770 0.0000039690
0.4970000000 0.6981415638 0.0899490879 0.3024138053 1.0869697895 0.6981415638 0.0627971969 0.7588587886 0.0000040538
0.4980000000 0.6980636681 0.0899490892 0.3024138025 1.0870906211 0.6980636681 0.0627901912 0.7588584665 0.0000003190
0.4990000000 0.6980830106 0.0899490904 0.3024137997 1.0870606019 0.6980830106 0.0627919319 0.7588585377 0.0000003922
0.5000000000 0.6980416359 0.0899490917 0.3024137968 1.0871247849 0.6980416359 0.0627882111 0.7588583632 0.0000034587
0.5010000000 0.6980286059 0.0899490927 0.3024137939 1.0871449924 0.6980286059 0.0627870398 0.7588583035 0.0000030503
0.5020000000 0.6980081192 0.0899490936 0.3024137911 1.0871767717 0.6980081192 0.0627851977 0.7588582136 0.0000007164
0.5030000000 0.6979660970 0.0899490945 0.3024137883 1.0872419732 0.6979660970 0.0627814184 0.7588580366 0.0000012921
0.5040000000 0.6978406147 0.0899490953 0.3024137854 1.0874367382 0.6978406147 0.0627701320 0.7588575219 0.0000030782
0.5050000000 0.6976712764 0.0899490960 0.3024137826 1.0876996881 0.6976712764 0.0627549006 0.7588568298 0.0000022918
0.5060000000 0.6975428822 0.0899490965 0.3024137798 1.0878991425 0.6975428822 0.0627433520 0.7588563034 0.0000011206
0.5070000000 0.6974411605 0.0899490970 0.3024137769 1.0880572122 0.6974411605 0.0627342026 0.7588558848 0.0000019679
0.5080000000 0.6971773684 0.0899490974 0.3024137741 1.0884673613 0.6971773684 0.0627104750 0.7588548105 0.0000026842
0.5090000000 0.6963518111 0.0899490977 0.3024137713 1.0897529836 0.6963518111 0.0626362171 0.7588514637 0.0000018481
0.5100000000 0.6941547640 0.0899490979 0.3024137684 1.0931893117 0.6941547640 0.0624385948 0.7588425687 0.0000016264
0.5110000000 0.6890718656 0.0899490980 0.3024137656 1.1012233077 0.6890718656 0.0619813928 0.7588219991 0.0000023223
0.5120000000 0.6789133437 0.0899490980 0.3024137627 1.1176402756 0.6789133437 0.0610676429 0.7587808966 0.0000021884
0.5130000000 0.6614575529 0.0899490979 0.3024137600 1.1470279087 0.6614575529 0.0594975102 0.7587102736 0.0000016800
0.5140000000 0.6354802571 0.0899490977 0.3024137573 1.1937509771 0.6354802571 0.0571608757 0.7586051778 0.0000019899
0.5150000000 0.6015496461 0.0899490974 0.3024137547 1.2608567100 0.6015496461 0.0541088477 0.7584679077 0.0000019806
0.5160000000 0.5620879884 0.0899490970 0.3024137523 1.3490917407 0.5620879884 0.0505593070 0.7583082626 0.0000015386
0.5170000000 0.5206740516 0.0899490965 0.3024137500 1.4560754812 0.5206740516 0.0468341605 0.7581407202 0.0000016556
0.5180000000 0.4809918860 0.0899490960 0.3024137479 1.5758689613 0.4809918860 0.0432647853 0.7579801838 0.0000015395
0.5190000000 0.4459223074 0.0899490954 0.3024137459 1.6994850790 0.4459223074 0.0401103081 0.7578383077 0.0000012770
0.5200000000 0.4170850640 0.0899490947 0.3024137441 1.8167076928 0.4170850640 0.0375164239 0.7577216443 0.0000014076
0.5210000000 0.3948537916 0.0899490939 0.3024137423 1.9187651763 0.3948537916 0.0355167408 0.7576317051 0.0000012446
0.5220000000 0.3786790972 0.0899490931 0.3024137407 2.0005494707 0.3786790972 0.0340618414 0.7575662675 0.0000012315
0.5230000000 0.3675084641 0.0899490923 0.3024137390 2.0612343591 0.3675084641 0.0330570527 0.7575210735 0.0000012769
0.5240000000 0.3601483618 0.0899490913 0.3024137374 2.1032756916 0.3601483618 0.0323950179 0.7574912948 0.0000011805
0.5250000000 0.3555016250 0.0899490903 0.3024137359 2.1307145719 0.3555016250 0.0319770478 0.7574724928 0.0000012415
0.5260000000 0.3526801944 0.0899490893 0.3024137343 2.1477278478 0.3526801944 0.0317232623 0.7574610750 0.0000012088
0.5270000000 0.3510277743 0.0899490882 0.3024137327 2.1578189582 0.3510277743 0.0315746282 0.7574543862 0.0000012047
0.5280000000 0.3500924507 0.0899490870 0.3024137311 2.1635730701 0.3500924507 0.0314904963 0.7574505985 0.0000012440
0.5290000000 0.3495804411 0.0899490858 0.3024137295 2.1667359901 0.3495804411 0.0314444411 0.7574485231 0.0000012322
0.5300000000 0.3493097874 0.0899490845 0.3024137279 2.1684116833 0.3493097874 0.0314200956 0.7574474242 0.0000012814
0.5310000000 0.3491723822 0.0899490832 0.3024137263 2.1692633860 0.3491723822 0.0314077357 0.7574468642 0.0000013006
0.5320000000 0.3491062967 0.0899490818 0.3024137246 2.1696732484 0.3491062967 0.0314017908 0.7574465927 0.0000013203
0.5330000000 0.3490771969 0.0899490803 0.3024137230 2.1698537677 0.3490771969 0.0313991728 0.7574464708 0.0000013489
0.5340000000 0.3490666129 0.0899490788 0.3024137213 2.1699194248 0.3490666129 0.0313982202 0.7574464238 0.0000013497
0.5350000000 0.3490648918 0.0899490771 0.3024137196 2.1699300914 0.3490648918 0.0313980649 0.7574464126 0.0000013629
0.5360000000 0.3490671352 0.0899490755 0.3024137179 2.1699161593 0.3490671352 0.0313982661 0.7574464174 0.0000013690
0.5370000000 0.3490709373 0.0899490737 0.3024137162 2.1698925561 0.3490709373 0.0313986075 0.7574464284 0.0000013870
0.5380000000 0.3490751643 0.0899490719 0.3024137145 2.1698663169 0.3490751643 0.0313989871 0.7574464411 0.0000014274
0.5390000000 0.3490793137 0.0899490701 0.3024137128 2.1698405601 0.3490793137 0.0313993596 0.7574464535 0.0000014678
0.5400000000 0.3490831861 0.0899490681 0.3024137110 2.1698165216 0.3490831861 0.0313997073 0.7574464647 0.0000015090
0.5410000000 0.3490867226 0.0899490661 0.3024137092 2.1697945681 0.3490867226 0.0314000247 0.7574464744 0.0000015369
0.5420000000 0.3490899247 0.0899490640 0.3024137074 2.1697746889 0.3490899247 0.0314003120 0.7574464828 0.0000015551
0.5430000000 0.3490928179 0.0899490618 0.3024137056 2.1697567269 0.3490928179 0.0314005715 0.7574464899 0.0000015648
0.5440000000 0.3490954342 0.0899490596 0.3024137037 2.1697404826 0.3490954342 0.0314008060 0.7574464958 0.0000015606
0.5450000000 0.3490978055 0.0899490573 0.3024137018 2.1697257579 0.3490978055 0.0314010185 0.7574465006 0.0000015626
0.5460000000 0.3490999610 0.0899490549 0.3024137000 2.1697123725 0.3490999610 0.0314012115 0.7574465045 0.0000015937
0.5470000000 0.3491019261 0.0899490524 0.3024136980 2.1697001679 0.3491019261 0.0314013874 0.7574465076 0.0000016597
0.5480000000 0.3491037230 0.0899490499 0.3024136961 2.1696890069 0.3491037230 0.0314015482 0.7574465100 0.0000017334
0.5490000000 0.3491053706 0.0899490472 0.3024136942 2.1696787715 0.3491053706 0.0314016955 0.7574465117 0.0000017825
0.5500000000 0.3491068856 0.0899490445 0.3024136922 2.1696693595 0.3491068856 0.0314018308 0.7574465128 0.0000018106
0.5510000000 0.3491082819 0.0899490417 0.3024136902 2.1696606831 0.3491082819 0.0314019554 0.7574465133 0.0000018343
0.5520000000 0.3491095719 0.0899490388 0.3024136881 2.1696526660 0.3491095719 0.0314020704 0.7574465133 0.0000018469
0.5530000000 0.3491107663 0.0899490358 0.3024136861 2.1696452419 0.3491107663 0.0314021768 0.7574465129 0.0000018296
0.5540000000 0.3491118744 0.0899490327 0.3024136840 2.1696383525 0.3491118744 0.0314022754 0.7574465121 0.0000018069
0.5550000000 0.3491129046 0.0899490295 0.3024136819 2.1696319466 0.3491129046 0.0314023670 0.7574465109 0.0000018504
0.5560000000 0.3491138641 0.0899490263 0.3024136797 2.1696259791 0.3491138641 0.0314024521 0.7574465093 0.0000019867
0.5570000000 0.3491147593 0.0899490229 0.3024136775 2.1696204103 0.3491147593 0.0314025315 0.7574465074 0.0000021371
0.5580000000 0.3491155959 0.0899490195 0.3024136753 2.1696152048 0.3491155959 0.0314026055 0.7574465051 0.0000021987
0.5590000000 0.3491163790 0.0899490159 0.3024136731 2.1696103312 0.3491163790 0.0314026747 0.7574465026 0.0000021741
0.5600000000 0.3491171130 0.0899490122 0.3024136708 2.1696057614 0.3491171130 0.0314027395 0.7574464998 0.0000021597
0.5610000000 0.3491178021 0.0899490084 0.3024136685 2.1696014702 0.3491178021 0.0314028001 0.7574464967 0.0000021935
0.5620000000 0.3491184498 0.0899490046 0.3024136662 2.1695974351 0.3491184498 0.0314028570 0.7574464933 0.0000021980
0.5630000000 0.3491190595 0.0899490006 0.3024136638 2.1695936359 0.3491190595 0.0314029105 0.7574464897 0.0000021320
0.5640000000 0.3491196341 0.0899489965 0.3024136614 2.1695900543 0.3491196341 0.0314029607 0.7574464859 0.0000021249
0.5650000000 0.3491201762 0.0899489923 0.3024136590 2.1695866739 0.3491201762 0.0314030080 0.7574464819 0.0000023384
0.5660000000 0.3491206882 0.0899489880 0.3024136565 2.1695834796 0.3491206882 0.0314030526 0.7574464776 0.0000026944
0.5670000000 0.3491211724 0.0899489835 0.3024136540 2.1695804579 0.3491211724 0.0314030946 0.7574464731 0.0000028858
0.5680000000 0.3491216307 0.0899489789 0.3024136514 2.1695775965 0.3491216307 0.0314031342 0.7574464684 0.0000027419
0.5690000000 0.3491220649 0.0899489742 0.3024136488 2.1695748842 0.3491220649 0.0314031716 0.7574464635 0.0000024785
0.5700000000 0.3491224766 0.0899489694 0.3024136461 2.1695723106 0.3491224766 0.0314032070 0.7574464584 0.0000024376
0.5710000000 0.3491228675 0.0899489644 0.3024136434 2.1695698665 0.3491228675 0.0314032404 0.7574464530 0.0000026272
0.5720000000 0.3491232388 0.0899489593 0.3024136407 2.1695675431 0.3491232388 0.0314032720 0.7574464475 0.0000027257
0.5730000000 0.3491235919 0.0899489541 0.3024136379 2.1695653327 0.3491235919 0.0314033019 0.7574464419 0.0000026055
0.5740000000 0.3491239279 0.0899489487 0.3024136351 2.1695632281 0.3491239279 0.0314033303 0.7574464360 0.0000026245
0.5750000000 0.3491242479 0.0899489433 0.3024136322 2.1695612223 0.3491242479 0.0314033572 0.7574464299 0.0000031513
0.5760000000 0.3491245528 0.0899489376 0.3024136293 2.1695593094 0.3491245528 0.0314033826 0.7574464237 0.0000038893
0.5770000000 0.3491248437 0.0899489318 0.3024136263 2.1695574835 0.3491248437 0.0314034068 0.7574464172 0.0000040323
0.5780000000 0.3491251212 0.0899489258 0.3024136232 2.1695557394 0.3491251212 0.0314034296 0.7574464105 0.0000032609
0.5790000000 0.3491253863 0.0899489196 0.3024136201 2.1695540723 0.3491253863 0.0314034513 0.7574464036 0.0000023297
0.5800000000 0.3491256396 0.0899489133 0.3024136170 2.1695524778 0.3491256396 0.0314034719 0.7574463965 0.0000023046
0.5810000000 0.3491258819 0.0899489069 0.3024136138 2.1695509515 0.3491258819 0.0314034915 0.7574463894 0.0000032515
0.5820000000 0.3491261138 0.0899489004 0.3024136105 2.1695494896 0.3491261138 0.0314035100 0.7574463820 0.0000040892
0.5830000000 0.3491263358 0.0899488936 0.3024136072 2.1695480883 0.3491263358 0.0314035276 0.7574463744 0.0000039703
0.5840000000 0.3491265484 0.0899488866 0.3024136038 2.1695467445 0.3491265484 0.0314035443 0.7574463665 0.0000034664
0.5850000000 0.3491267523 0.0899488795 0.3024136004 2.1695454549 0.3491267523 0.0314035602 0.7574463585 0.0000038474
0.5860000000 0.3491269477 0.0899488722 0.3024135969 2.1695442166 0.3491269477 0.0314035752 0.7574463503 0.0000051735
0.5870000000 0.3491271353 0.0899488646 0.3024135933 2.1695430268 0.3491271353 0.0314035894 0.7574463418 0.0000057681
0.5880000000 0.3491273153 0.0899488568 0.3024135896 2.1695418830 0.3491273153 0.0314036029 0.7574463330 0.0000041976
0.5890000000 0.3491274882 0.0899488487 0.3024135858 2.1695407828 0.3491274882 0.0314036156 0.7574463240 0.0000015433
0.5900000000 0.3491276544 0.0899488405 0.3024135820 2.1695397241 0.3491276544 0.0314036277 0.7574463149 0.0000008097
0.5910000000 0.3491278142 0.0899488324 0.3024135782 2.1695387049 0.3491278142 0.0314036392 0.7574463058 0.0000035376
0.5920000000 0.3491279679 0.0899488240 0.3024135743 2.1695377230 0.3491279679 0.0314036501 0.7574462964 0.0000075021
0.5930000000 0.3491281157 0.0899488153 0.3024135703 2.1695367766 0.3491281157 0.0314036604 0.7574462867 0.0000087434
0.5940000000 0.3491282579 0.0899488062 0.3024135661 2.1695358637 0.3491282579 0.0314036700 0.7574462766 0.0000061013
0.5950000000 0.3491283948 0.0899487967 0.3024135618 2.1695349829 0.3491283948 0.0314036790 0.7574462661 0.0000028641
0.5960000000 0.3491285267 0.0899487871 0.3024135575 2.1695341329 0.3491285267 0.0314036875 0.7574462555 0.0000030268
0.5970000000 0.3491286539 0.0899487774 0.3024135531 2.1695333120 0.3491286539 0.0314036956 0.7574462448 0.0000062229
0.5980000000 0.3491287764 0.0899487673 0.3024135486 2.1695325190 0.3491287764 0.0314037031 0.7574462337 0.0000077181
0.5990000000 0.3491288945 0.0899487569 0.3024135440 2.1695317523 0.3491288945 0.0314037101 0.7574462222 0.0000042994
0.6000000000 0.3491290084 0.0899487462 0.3024135392 2.1695310110 0.3491290084 0.0314037166 0.7574462106 0.0000006828
0.6010000000 0.3491291184 0.0899487356 0.3024135345 2.1695302942 0.3491291184 0.0314037228 0.7574461989 0.0000000054
0.6020000000 0.3491292246 0.0899487250 0.3024135298 2.1695296007 0.3491292246 0.0314037286 0.7574461873 0.0000087686
0.6030000000 0.3491293271 0.0899487140 0.3024135250 2.1695289291 0.3491293271 0.0314037340 0.7574461752 0.0000184580
0.6040000000 0.3491294259 0.0899487021 0.3024135198 2.1695282781 0.3491294259 0.0314037387 0.7574461622 0.0000183503
0.6050000000 0.3491295211 0.0899486892 0.3024135142 2.1695276467 0.3491295211 0.0314037428 0.7574461483 0.0000061251
0.6060000000 0.3491296131 0.0899486760 0.3024135086 2.1695270346 0.3491296131 0.0314037465 0.7574461341 0.0000076287
0.6070000000 0.3491297021 0.0899486632 0.3024135030 2.1695264416 0.3491297021 0.0314037500 0.7574461203 0.0000089842
0.6080000000 0.3491297884 0.0899486509 0.3024134977 2.1695258670 0.3491297884 0.0314037534 0.7574461069 0.0000044096
0.6090000000 0.3491298719 0.0899486383 0.3024134923 2.1695253094 0.3491298719 0.0314037566 0.7574460933 0.0000193239
0.6100000000 0.3491299524 0.0899486248 0.3024134865 2.1695247676 0.3491299524 0.0314037591 0.7574460788 0.0000203137
0.6110000000 0.3491300300 0.0899486103 0.3024134804 2.1695242408 0.3491300300 0.0314037610 0.7574460632 0.0000071370
0.6120000000 0.3491301050 0.0899485954 0.3024134741 2.1695237289 0.3491301050 0.0314037626 0.7574460473 0.0000035718
0.6130000000 0.3491301778 0.0899485807 0.3024134678 2.1695232318 0.3491301778 0.0314037640 0.7574460316 0.0000036762
0.6140000000 0.3491302482 0.0899485658 0.3024134615 2.1695227487 0.3491302482 0.0314037651 0.7574460157 0.0000237286
0.6150000000 0.3491303160 0.0899485497 0.3024134548 2.1695222780 0.3491303160 0.0314037656 0.7574459986 0.0000327102
0.6160000000 0.3491303813 0.0899485321 0.3024134474 2.1695218190 0.3491303813 0.0314037653 0.7574459799 0.0000131435
0.6170000000 0.3491304443 0.0899485137 0.3024134398 2.1695213719 0.3491304443 0.0314037645 0.7574459605 0.0000230223
0.6180000000 0.3491305057 0.0899484964 0.3024134326 2.1695209379 0.3491305057 0.0314037640 0.7574459423 0.0000402576
0.6190000000 0.3491305659 0.0899484811 0.3024134262 2.1695205172 0.3491305659 0.0314037641 0.7574459260 0.0000125019
0.6200000000 0.3491306246 0.0899484666 0.3024134201 2.1695201083 0.3491306246 0.0314037643 0.7574459104 0.0000455055
0.6210000000 0.3491306808 0.0899484498 0.3024134131 2.1695197083 0.3491306808 0.0314037635 0.7574458926 0.0000844139
0.6220000000 0.3491307339 0.0899484288 0.3024134045 2.1695193149 0.3491307339 0.0314037610 0.7574458707 0.0000648838
0.6230000000 0.3491307844 0.0899484045 0.3024133946 2.1695189287 0.3491307844 0.0314037570 0.7574458454 0.0000023863
0.6240000000 0.3491308334 0.0899483801 0.3024133847 2.1695185521 0.3491308334 0.0314037529 0.7574458202 0.0000618217
0.6250000000 0.3491308818 0.0899483589 0.3024133760 2.1695181876 0.3491308818 0.0314037499 0.7574457980 0.0000606564
0.6260000000 0.3491309298 0.0899483408 0.3024133685 2.1695178348 0.3491309298 0.0314037478 0.7574457789 0.0000015957
0.6270000000 0.3491309764 0.0899483227 0.3024133611 2.1695174907 0.3491309764 0.0314037457 0.7574457598 0.0000667860
0.6280000000 0.3491310206 0.0899483012 0.3024133523 2.1695171521 0.3491310206 0.0314037422 0.7574457374 0.0000733639
0.6290000000 0.3491310622 0.0899482761 0.3024133421 2.1695168183 0.3491310622 0.0314037372 0.7574457113 0.0000180627
0.6300000000 0.3491311023 0.0899482499 0.3024133316 2.1695164915 0.3491311023 0.0314037316 0.7574456842 0.0000386403
0.6310000000 0.3491311419 0.0899482256 0.3024133217 2.1695161739 0.3491311419 0.0314037267 0.7574456591 0.0000294021
0.6320000000 0.3491311807 0.0899482029 0.3024133125 2.1695158651 0.3491311807 0.0314037223 0.7574456354 0.0000504147
0.6330000000 0.3491312176 0.0899481778 0.3024133023 2.1695155612 0.3491312176 0.0314037168 0.7574456094 0.0001258046
0.6340000000 0.3491312514 0.0899481463 0.3024132897 2.1695152585 0.3491312514 0.0314037089 0.7574455770 0.0001077505
0.6350000000 0.3491312823 0.0899481091 0.3024132749 2.1695149575 0.3491312823 0.0314036987 0.7574455390 0.0000182822
0.6360000000 0.3491313124 0.0899480726 0.3024132604 2.1695146636 0.3491313124 0.0314036886 0.7574455017 0.0001670475
0.6370000000 0.3491313442 0.0899480446 0.3024132492 2.1695143833 0.3491313442 0.0314036817 0.7574454728 0.0002098186
0.6380000000 0.3491313784 0.0899480273 0.3024132420 2.1695141183 0.3491313784 0.0314036787 0.7574454546 0.0000692037
0.6390000000 0.3491314129 0.0899480137 0.3024132363 2.1695138625 0.3491314129 0.0314036771 0.7574454400 0.0001829077
0.6400000000 0.3491314436 0.0899479912 0.3024132273 2.1695136046 0.3491314436 0.0314036720 0.7574454167 0.0003597260
0.6410000000 0.3491314677 0.0899479504 0.3024132111 2.1695133361 0.3491314677 0.0314036599 0.7574453751 0.0003174122
0.6420000000 0.3491314854 0.0899478925 0.3024131883 2.1695130579 0.3491314854 0.0314036413 0.7574453165 0.0000677152
0.6430000000 0.3491315011 0.0899478304 0.3024131640 2.1695127812 0.3491315011 0.0314036211 0.7574452539 0.0002360335
0.6440000000 0.3491315198 0.0899477807 0.3024131444 2.1695125203 0.3491315198 0.0314036054 0.7574452034 0.0004057963
0.6450000000 0.3491315444 0.0899477520 0.3024131330 2.1695122827 0.3491315444 0.0314035976 0.7574451739 0.0003086155
0.6460000000 0.3491315734 0.0899477393 0.3024131276 2.1695120638 0.3491315734 0.0314035957 0.7574451602 0.0000167109
0.6470000000 0.3491316014 0.0899477262 0.3024131221 2.1695118491 0.3491316014 0.0314035937 0.7574451462 0.0003356402
0.6480000000 0.3491316236 0.0899476964 0.3024131103 2.1695116243 0.3491316236 0.0314035853 0.7574451157 0.0004373332
0.6490000000 0.3491316377 0.0899476438 0.3024130896 2.1695113837 0.3491316377 0.0314035682 0.7574450624 0.0002931203
0.6500000000 0.3491316460 0.0899475749 0.3024130626 2.1695111331 0.3491316460 0.0314035449 0.7574449929 0.0000344390
0.6510000000 0.3491316530 0.0899475037 0.3024130348 2.1695108845 0.3491316530 0.0314035207 0.7574449212 0.0001666168
0.6520000000 0.3491316621 0.0899474415 0.3024130105 2.1695106477 0.3491316621 0.0314034997 0.7574448584 0.0002116995
0.6530000000 0.3491316743 0.0899473907 0.3024129905 2.1695104247 0.3491316743 0.0314034831 0.7574448069 0.0001199291
0.6540000000 0.3491316879 0.0899473464 0.3024129730 2.1695102113 0.3491316879 0.0314034689 0.7574447619 0.0000035949
0.6550000000 0.3491317010 0.0899473024 0.3024129557 2.1695100017 0.3491317010 0.0314034547 0.7574447173 0.0000396127
0.6560000000 0.3491317130 0.0899472563 0.3024129376 2.1695097938 0.3491317130 0.0314034397 0.7574446706 0.0000158695
0.6570000000 0.3491317240 0.0899472094 0.3024129191 2.1695095886 0.3491317240 0.0314034243 0.7574446230 0.0000120000
0.6580000000 0.3491317344 0.0899471620 0.3024129005 2.1695093862 0.3491317344 0.0314034087 0.7574445749 0.0001015197
0.6590000000 0.3491317426 0.0899471093 0.3024128798 2.1695091825 0.3491317426 0.0314033910 0.7574445216 0.0002627159
0.6600000000 0.3491317459 0.0899470426 0.3024128537 2.1695089697 0.3491317459 0.0314033680 0.7574444544 0.0003794611
0.6610000000 0.3491317420 0.0899469548 0.3024128196 2.1695087415 0.3491317420 0.0314033370 0.7574443662 0.0003304680
0.6620000000 0.3491317315 0.0899468476 0.3024127780 2.1695084992 0.3491317315 0.0314032986 0.7574442587 0.0000874786
0.6630000000 0.3491317186 0.0899467347 0.3024127342 2.1695082549 0.3491317186 0.0314032581 0.7574441456 0.0002576626
0.6640000000 0.3491317100 0.0899466364 0.3024126959 2.1695080262 0.3491317100 0.0314032230 0.7574440470 0.0005486060
0.6650000000 0.3491317106 0.0899465687 0.3024126695 2.1695078270 0.3491317106 0.0314031994 0.7574439788 0.0005978814
0.6660000000 0.3491317210 0.0899465332 0.3024126555 2.1695076588 0.3491317210 0.0314031879 0.7574439426 0.0002623417
0.6670000000 0.3491317354 0.0899465118 0.3024126468 2.1695075056 0.3491317354 0.0314031818 0.7574439204 0.0003408121
0.6680000000 0.3491317442 0.0899464738 0.3024126318 2.1695073404 0.3491317442 0.0314031693 0.7574438818 0.0008554992
0.6690000000 0.3491317380 0.0899463899 0.3024125992 2.1695071374 0.3491317380 0.0314031394 0.7574437975 0.0009965708
0.6700000000 0.3491317127 0.0899462467 0.3024125438 2.1695068849 0.3491317127 0.0314030872 0.7574436543 0.0007053121
0.6710000000 0.3491316722 0.0899460572 0.3024124705 2.1695065941 0.3491316722 0.0314030174 0.7574434651 0.0001235202
0.6720000000 0.3491316284 0.0899458581 0.3024123936 2.1695062973 0.3491316284 0.0314029439 0.7574432664 0.0005156527
0.6730000000 0.3491315946 0.0899456920 0.3024123294 2.1695060317 0.3491315946 0.0314028829 0.7574431004 0.0010082116
0.6740000000 0.3491315800 0.0899455873 0.3024122887 2.1695058220 0.3491315800 0.0314028450 0.7574429955 0.0011011922
0.6750000000 0.3491315845 0.0899455441 0.3024122717 2.1695056684 0.3491315845 0.0314028303 0.7574429517 0.0005227637
0.6760000000 0.3491315976 0.0899455290 0.3024122656 2.1695055416 0.3491315976 0.0314028262 0.7574429358 0.0005235179
0.6770000000 0.3491316024 0.0899454886 0.3024122497 2.1695053946 0.3491316024 0.0314028126 0.7574428948 0.0013627850
0.6780000000 0.3491315830 0.0899453729 0.3024122048 2.1695051836 0.3491315830 0.0314027704 0.7574427790 0.0015802786
0.6790000000 0.3491315308 0.0899451550 0.3024121207 2.1695048850 0.3491315308 0.0314026897 0.7574425616 0.0011769560
0.6800000000 0.3491314504 0.0899448490 0.3024120027 2.1695045110 0.3491314504 0.0314025756 0.7574422566 0.0003871320
0.6810000000 0.3491313593 0.0899445102 0.3024118720 2.1695041101 0.3491313593 0.0314024491 0.7574419191 0.0004942716
0.6820000000 0.3491312798 0.0899442087 0.3024117558 2.1695037438 0.3491312798 0.0314023367 0.7574416186 0.0012728010
0.6830000000 0.3491312290 0.0899439989 0.3024116748 2.1695034596 0.3491312290 0.0314022589 0.7574414093 0.0017431822
0.6840000000 0.3491312129 0.0899438992 0.3024116361 2.1695032736 0.3491312129 0.0314022226 0.7574413094 0.0014222265
0.6850000000 0.3491312214 0.0899438781 0.3024116276 2.1695031582 0.3491312214 0.0314022160 0.7574412875 0.0000412842
0.6860000000 0.3491312298 0.0899438574 0.3024116193 2.1695030449 0.3491312298 0.0314022096 0.7574412662 0.0017243522
0.6870000000 0.3491312087 0.0899437443 0.3024115755 2.1695028521 0.3491312087 0.0314021682 0.7574411530 0.0026039082
0.6880000000 0.3491311315 0.0899434553 0.3024114640 2.1695025067 0.3491311315 0.0314020603 0.7574408649 0.0025067927
0.6890000000 0.3491309846 0.0899429471 0.3024112683 2.1695019707 0.3491309846 0.0314018697 0.7574403590 0.0017273089
0.6900000000 0.3491307780 0.0899422516 0.3024110005 2.1695012721 0.3491307780 0.0314016083 0.7574396670 0.0006171069
0.6910000000 0.3491305466 0.0899414784 0.3024107029 2.1695005069 0.3491305466 0.0314013175 0.7574388978 0.0005246971
0.6920000000 0.3491303337 0.0899407645 0.3024104281 2.1694997951 0.3491303337 0.0314010491 0.7574381875 0.0015913222
0.6930000000 0.3491301748 0.0899402212 0.3024102189 2.1694992342 0.3491301748 0.0314008451 0.7574376468 0.0025867626
0.6940000000 0.3491300885 0.0899399079 0.3024100981 2.1694988763 0.3491300885 0.0314007280 0.7574373346 0.0032130911
0.6950000000 0.3491300713 0.0899398133 0.3024100614 2.1694987114 0.3491300713 0.0314006934 0.7574372398 0.0019838023
0.6960000000 0.3491300891 0.0899398295 0.3024100673 2.1694986450 0.3491300891 0.0314007007 0.7574372551 0.0016364559
0.6970000000 0.3491300813 0.0899397658 0.3024100425 2.1694985098 0.3491300813 0.0314006777 0.7574371910 0.0046145804
0.6980000000 0.3491299720 0.0899393827 0.3024098949 2.1694980959 0.3491299720 0.0314005342 0.7574368096 0.0053447419
0.6990000000 0.3491296672 0.0899383831 0.3024095103 2.1694971428 0.3491296672 0.0314001578 0.7574358154 0.0046964822
0.7000000000 0.3491290801 0.0899364942 0.3024087837 2.1694954115 0.3491290801 0.0313994455 0.7574339373 0.0034517917
0.7010000000 0.3491281848 0.0899336336 0.3024076836 2.1694928298 0.3491281848 0.0313983663 0.7574310936 0.0020086110
0.7020000000 0.3491270544 0.0899300321 0.3024062987 2.1694895998 0.3491270544 0.0313970072 0.7574275136 0.0005763297
0.7030000000 0.3491258439 0.0899261784 0.3024048168 2.1694861500 0.3491258439 0.0313955529 0.7574236830 0.0006977998
0.7040000000 0.3491247191 0.0899225955 0.3024034390 2.1694829385 0.3491247191 0.0313942009 0.7574201214 0.0018797984
0.7050000000 0.3491238062 0.0899196818 0.3024023185 2.1694803148 0.3491238062 0.0313931016 0.7574172250 0.0031939278
0.7060000000 0.3491231797 0.0899176716 0.3024015453 2.1694784839 0.3491231797 0.0313923434 0.7574152265 0.0050106368
0.7070000000 0.3491228603 0.0899166307 0.3024011449 2.1694775038 0.3491228603 0.0313919513 0.7574141914 0.0096396951
0.7080000000 0.3491228454 0.0899165509 0.3024011139 2.1694773669 0.3491228454 0.0313919221 0.7574141113 0.0102371881
0.7090000000 0.3491231426 0.0899174562 0.3024014616 2.1694780945 0.3491231426 0.0313922649 0.7574150103 0.0026273894
0.7100000000 0.3491235805 0.0899188055 0.3024019800 2.1694792124 0.3491235805 0.0313927753 0.7574163505 0.0041149106
0.7110000000 0.3491238335 0.0899195720 0.3024022744 2.1694798204 0.3491238335 0.0313930657 0.7574171116 0.0152974601
0.7120000000 0.3491232195 0.0899176043 0.3024015176 2.1694780326 0.3491232195 0.0313923235 0.7574151553 0.0136884726
0.7130000000 0.3491194484 0.0899056791 0.3023969327 2.1694675184 0.3491194484 0.0313878211 0.7574033033 0.0098146526
0.7140000000 0.3491084250 0.0898708786 0.3023835536 2.1694369566 0.3491084250 0.0313746809 0.7573687190 0.0070950014
0.7150000000 0.3490855223 0.0897986061 0.3023557702 2.1693735584 0.3490855223 0.0313473933 0.7572969016 0.0049340055
0.7160000000 0.3490479232 0.0896799684 0.3023101679 2.1692695409 0.3490479232 0.0313026067 0.7571790280 0.0031088864
0.7170000000 0.3489966967 0.0895183261 0.3022480448 2.1691278657 0.3489966967 0.0312416001 0.7570184600 0.0015358417
0.7180000000 0.3489369725 0.0893298494 0.3021756227 2.1689627177 0.3489369725 0.0311704872 0.7568312841 0.0002067582
0.7190000000 0.3488758361 0.0891368891 0.3021014932 2.1687936829 0.3488758361 0.0310977067 0.7566397094 0.0008704660
0.7200000000 0.3488195042 0.0889590659 0.3020331928 2.1686379402 0.3488195042 0.0310306573 0.7564632112 0.0018295622
0.7210000000 0.3487722385 0.0888098392 0.3019758864 2.1685072617 0.3487722385 0.0309744064 0.7563151320 0.0028338143
0.7220000000 0.3487363036 0.0886963688 0.3019323173 2.1684078993 0.3487363036 0.0309316438 0.7562025555 0.0040622555
0.7230000000 0.3487121295 0.0886200216 0.3019030053 2.1683410358 0.3487121295 0.0309028764 0.7561268201 0.0058999058
0.7240000000 0.3486986696 0.0885774990 0.3018866806 2.1683037754 0.3486986696 0.0308868561 0.7560846417 0.0098129669
0.7250000000 0.3486938504 0.0885622577 0.3018808293 2.1682903875 0.3486938504 0.0308811147 0.7560695240 0.0201400406
0.7260000000 0.3487009148 0.0885845370 0.3018893819 2.1683098297 0.3487009148 0.0308895091 0.7560916212 0.0135680435
0.7270000000 0.3487370193 0.0886985014 0.3019331348 2.1684095068 0.3487370193 0.0309324510 0.7562046680 0.0084759660
0.7280000000 0.3488245698 0.0889748585 0.3020392556 2.1686513616 0.3488245698 0.0310366167 0.7564788782 0.0060044184
0.7290000000 0.3489849704 0.0894810563 0.3022337173 2.1690946441 0.3489849704 0.0312275438 0.7569814302 0.0044755556
0.7300000000 0.3492352218 0.0902704607 0.3025371898 2.1697865611 0.3492352218 0.0315256244 0.7577658909 0.0034197647
0.7310000000 0.3495859756 0.0913761510 0.3029626913 2.1707569322 0.3495859756 0.0319438209 0.7588661800 0.0026486671
0.7320000000 0.3500412364 0.0928099674 0.3035152288 2.1720173693 0.3500412364 0.0324873157 0.7602956454 0.0020686882
0.7330000000 0.3505993107 0.0945655554 0.3041929410 2.1735638707 0.3505993107 0.0331546185 0.7620499949 0.0016255094
0.7340000000 0.3512543722 0.0966233869 0.3049889803 2.1753810928 0.3512543722 0.0339393871 0.7641121200 0.0012838658
0.7350000000 0.3519980956 0.0989560117 0.3058934785 2.1774468100 0.3519980956 0.0348323277 0.7664571304 0.0010190770
0.7360000000 0.3528210347 0.1015324804 0.3068952025 2.1797356709 0.3528210347 0.0358227948 0.7690565947 0.0008130582
0.7370000000 0.3537136204 0.1043215504 0.3079827546 2.1822219228 0.3537136204 0.0368999533 0.7718816168 0.0006522158
0.7380000000 0.3546667937 0.1072937091 0.3091453349 2.1848811403 0.3546667937 0.0380535158 0.7749047887 0.0005262008
0.7390000000 0.3556723463 0.1104222577 0.3103731512 2.1876911597 0.3556723463 0.0392741435 0.7781012478 0.0004270890
0.7400000000 0.3567230561 0.1136837346 0.3116575848 2.1906324570 0.3567230561 0.0405536092 0.7814491049 0.0003488003
0.7410000000 0.3578126944 0.1170579250 0.3129912007 2.1936881740 0.3578126944 0.0418848115 0.7849294762 0.0002866656
0.7420000000 0.3589359601 0.1205276391 0.3143676705 2.1968439482 0.3589359601 0.0432617039 0.7885262917 0.0002370982
0.7430000000 0.3600883804 0.1240783828 0.3157816549 2.2000876475 0.3600883804 0.0446791839 0.7922259978 0.0001973405
0.7440000000 0.3612662008 0.1276979957 0.3172286729 2.2034090768 0.3612662008 0.0461329698 0.7960172261 0.0001652693
0.7450000000 0.3624662779 0.1313763007 0.3187049736 2.2067996899 0.3624662779 0.0476194787 0.7998904696 0.0001392471
0.7460000000 0.3636859814 0.1351047855 0.3202074208 2.2102523280 0.3636859814 0.0491357165 0.8038377871 0.0001180071
0.7470000000 0.3649231095 0.1388763238 0.3217333899 2.2137609891 0.3649231095 0.0506791799 0.8078525439 0.0001005666
0.7480000000 0.3661758152 0.1426849387 0.3232806819 2.2173206318 0.3661758152 0.0522477737 0.8119291899 0.0000861602
0.7490000000 0.3674425455 0.1465256035 0.3248474495 2.2209270105 0.3674425455 0.0538397407 0.8160630740 0.0000741894
0.7500000000 0.3687219904 0.1503940774 0.3264321368 2.2245765378 0.3687219904 0.0554536036 0.8202502887 0.0000641843
0.7510000000 0.3700130412 0.1542867692 0.3280334288 2.2282661714 0.3700130412 0.0570881167 0.8244875426 0.0000557739
0.7520000000 0.3713147559 0.1582006258 0.3296502106 2.2319933210 0.3713147559 0.0587422267 0.8287720551 0.0000486642
0.7530000000 0.3726263309 0.1621330410 0.3312815332 2.2357557718 0.3726263309 0.0604150402 0.8331014701 0.0000426210
0.7540000000 0.3739470782 0.1660817809 0.3329265859 2.2395516219 0.3739470782 0.0621057967 0.8374737854 0.0000374566
0.7550000000 0.3752764057 0.1700449220 0.3345846736 2.2433792306 0.3752764057 0.0638138471 0.8418872942 0.0000330201
0.7560000000 0.3766138023 0.1740208009 0.3362551979 2.2472371763 0.3766138023 0.0655386355 0.8463405377 0.0000291894
0.7570000000 0.3779588248 0.1780079732 0.3379376420 2.2511242213 0.3779588248 0.0672796844 0.8508322651 0.0000258652
0.7580000000 0.3793110869 0.1820051790 0.3396315575 2.2550392833 0.3793110869 0.0690365823 0.8553614016 0.0000229664
0.7590000000 0.3806702511 0.1860113146 0.3413365544 2.2589814115 0.3806702511 0.0708089738 0.8599270211 0.0000204265
0.7600000000 0.3820360207 0.1900254087 0.3430522916 2.2629497664 0.3820360207 0.0725965510 0.8645283237 0.0000181905
0.7610000000 0.3834081342 0.1940466033 0.3447784705 2.2669436034 0.3834081342 0.0743990461 0.8691646173 0.0000162128
0.7620000000 0.3847863599 0.1980741371 0.3465148278 2.2709622591 0.3847863599 0.0762162262 0.8738353012 0.0000144556
0.7630000000 0.3861704919 0.2021073315 0.3482611314 2.2750051394 0.3861704919 0.0780478876 0.8785398537 0.0000128872
0.7640000000 0.3875603460 0.2061455790 0.3500171753 2.2790717096 0.3875603460 0.0798938519 0.8832778203 0.0000114807
0.7650000000 0.3889557572 0.2101883338 0.3517827760 2.2831614862 0.3889557572 0.0817539625 0.8880488046 0.0000102137
0.7660000000 0.3903565766 0.2142351030 0.3535577698 2.2872740298 0.3903565766 0.0836280814 0.8928524599 0.0000090671
0.7670000000 0.3917626695 0.2182854396 0.3553420098 2.2914089387 0.3917626695 0.0855160865 0.8976884827 0.0000080245
0.7680000000 0.3931739133 0.2223389364 0.3571353633 2.2955658441 0.3931739133 0.0874178697 0.9025566062 0.0000070719
0.7690000000 0.3945901961 0.2263952209 0.3589377103 2.2997444052 0.3945901961 0.0893333346 0.9074565959 0.0000061973
0.7700000000 0.3960114149 0.2304539504 0.3607489418 2.3039443056 0.3960114149 0.0912623950 0.9123882442 0.0000053903
0.7710000000 0.3974374745 0.2345148085 0.3625689577 2.3081652495 0.3974374745 0.0932049732 0.9173513674 0.0000046418
0.7720000000 0.3988682866 0.2385775013 0.3643976660 2.3124069591 0.3988682866 0.0951609991 0.9223458016 0.0000039438
0.7730000000 0.4003037685 0.2426417543 0.3662349814 2.3166691716 0.4003037685 0.0971304087 0.9273713998 0.0000032893
0.7740000000 0.4017438427 0.2467073102 0.3680808244 2.3209516371 0.4017438427 0.0991131428 0.9324280294 0.0000026722
0.7750000000 0.4031884355 0.2507739260 0.3699351202 2.3252541160 0.4031884355 0.1011091469 0.9375155693 0.0000020868
0.7760000000 0.4046374770 0.2548413712 0.3717977978 2.3295763777 0.4046374770 0.1031183695 0.9426339079 0.0000015282
0.7770000000 0.4060908998 0.2589094257 0.3736687896 2.3339181984 0.4060908998 0.1051407616 0.9477829412 0.0000009919
0.7780000000 0.4075486389 0.2629778781 0.3755480302 2.3382793595 0.4075486389 0.1071762763 0.9529625703 0.0000004736
0.7790000000 0.4090106311 0.2670465243 0.3774354559 2.3426596461 0.4090106311 0.1092248674 0.9581727004 0.0000000305
0.7800000000 0.4104768143 0.2711151655 0.3793310042 2.3470588457 0.4104768143 0.1112864895 0.9634132381 0.0000005216
0.7810000000 0.4119471276 0.2751836083 0.3812346135 2.3514767473 0.4119471276 0.1133610970 0.9686840916 0.0000010013
0.7820000000 0.4134215106 0.2792516636 0.3831462228 2.3559131417 0.4134215106 0.1154486446 0.9739851699 0.0000014728
0.7830000000 0.4148999037 0.2833191458 0.3850657712 2.3603678198 0.4148999037 0.1175490863 0.9793163813 0.0000019394
0.7840000000 0.4163822472 0.2873858714 0.3869931974 2.3648405713 0.4163822472 0.1196623749 0.9846776314 0.0000024043
0.7850000000 0.4178684808 0.2914516575 0.3889284390 2.3693311832 0.4178684808 0.1217884613 0.9900688220 0.0000028708
0.7860000000 0.4193585433 0.2955163209 0.3908714320 2.3738394389 0.4193585433 0.1239272939 0.9954898491 0.0000033419
0.7870000000 0.4208523723 0.2995796768 0.3928221102 2.3783651163 0.4208523723 0.1260788177 1.0009406013 0.0000038208
0.7880000000 0.4223499034 0.3036415375 0.3947804044 2.3829079869 0.4223499034 0.1282429740 1.0064209580 0.0000043106
0.7890000000 0.4238510700 0.3077017113 0.3967462421 2.3874678140 0.4238510700 0.1304196996 1.0119307876 0.0000048147
0.7900000000 0.4253558028 0.3117600011 0.3987195465 2.3920443516 0.4253558028 0.1326089256 1.0174699455 0.0000053364
0.7910000000 0.4268640291 0.3158162034 0.4007002359 2.3966373424 0.4268640291 0.1348105770 1.0230382722 0.0000058793
0.7920000000 0.4283756723 0.3198701065 0.4026882234 2.4012465162 0.4283756723 0.1370245719 1.0286355906 0.0000064474
0.7930000000 0.4298906514 0.3239214895 0.4046834151 2.4058715883 0.4298906514 0.1392508201 1.0342617043 0.0000070447
0.7940000000 0.4314088806 0.3279701203 0.4066857103 2.4105122571 0.4314088806 0.1414892225 1.0399163944 0.0000076759
0.7950000000 0.4329302678 0.3320157543 0.4086949997 2.4151682021 0.4329302678 0.1437396694 1.0455994166 0.0000083460
0.7960000000 0.4344547149 0.3360581322 0.4107111647 2.4198390817 0.4344547149 0.1460020400 1.0513104983 0.0000090604
0.7970000000 0.4359821159 0.3400969780 0.4127340763 2.4245245297 0.4359821159 0.1482762001 1.0570493345 0.0000098254
0.7980000000 0.4375123567 0.3441319969 0.4147635933 2.4292241533 0.4375123567 0.1505620010 1.0628155844 0.0000106480
0.7990000000 0.4390453138 0.3481628727 0.4167995614 2.4339375287 0.4390453138 0.1528592777 1.0686088660 0.0000115359
0.8000000000 0.4405808527 0.3521892646 0.4188418107 2.4386641979 0.4405808527 0.1551678465 1.0744287518 0.0000124982
0.8010000000 0.4421188271 0.3562108043 0.4208901548 2.4434036639 0.4421188271 0.1574875030 1.0802747621 0.0000135451
0.8020000000 0.4436590771 0.3602270922 0.4229443876 2.4481553860 0.4436590771 0.1598180192 1.0861463591 0.0000146884
0.8030000000 0.4452014270 0.3642376928 0.4250042811 2.4529187736 0.4452014270 0.1621591406 1.0920429384 0.0000159418
0.8040000000 0.4467456840 0.3682421303 0.4270695828 2.4576931798 0.4467456840 0.1645105824 1.0979638206 0.0000173210
0.8050000000 0.4482916349 0.3722398827 0.4291400118 2.4624778939 0.4482916349 0.1668720256 1.1039082410 0.0000188447
0.8060000000 0.4498390441 0.3762303750 0.4312152551 2.4672721319 0.4498390441 0.1692431122 1.1098753374 0.0000205346
0.8070000000 0.4513876497 0.3802129717 0.4332949629 2.4720750266 0.4513876497 0.1716234397 1.1158641362 0.0000224163
0.8080000000 0.4529371601 0.3841869679 0.4353787434 2.4768856148 0.4529371601 0.1740125542 1.1218735362 0.0000245204
0.8090000000 0.4544872490 0.3881515786 0.4374661560 2.4817028233 0.4544872490 0.1764099431 1.1279022889 0.0000268829
0.8100000000 0.4560375505 0.3921059259 0.4395567043 2.4865254519 0.4560375505 0.1788150260 1.1339489764 0.0000295470
0.8110000000 0.4575876528 0.3960490248 0.4416498269 2.4913521527 0.4575876528 0.1812271437 1.1400119839 0.0000325643
0.8120000000 0.4591370904 0.3999797651 0.4437448868 2.4961814069 0.4591370904 0.1836455456 1.1460894682 0.0000359966
0.8130000000 0.4606853353 0.4038968912 0.4458411595 2.5010114962 0.4606853353 0.1860693748 1.1521793198 0.0000399183
0.8140000000 0.4622317869 0.4077989772 0.4479378174 2.5058404693 0.4622317869 0.1884976499 1.1582791179 0.0000444180
0.8150000000 0.4637757593 0.4116843981 0.4500339129 2.5106661024 0.4637757593 0.1909292443 1.1643860778 0.0000496022
0.8160000000 0.4653164664 0.4155512958 0.4521283579 2.5154858527 0.4653164664 0.1933628606 1.1704969884 0.0000555975
0.8170000000 0.4668530060 0.4193975399 0.4542198993 2.5202968039 0.4668530060 0.1957970022 1.1766081388 0.0000625544
0.8180000000 0.4683843387 0.4232206817 0.4563070918 2.5250956037 0.4683843387 0.1982299392 1.1827152346 0.0000706496
0.8190000000 0.4699092669 0.4270179026 0.4583882659 2.5298783914 0.4699092669 0.2006596696 1.1888133003 0.0000800899
0.8200000000 0.4714264086 0.4307859560 0.4604614920 2.5346407181 0.4714264086 0.2030838761 1.1948965708 0.0000911137
0.8210000000 0.4729341704 0.4345211045 0.4625245416 2.5393774573 0.4729341704 0.2054998781 1.2009583711 0.0001039930
0.8220000000 0.4744307178 0.4382190528 0.4645748452 2.5440827116 0.4744307178 0.2079045798 1.2069909871 0.0001190330
0.8230000000 0.4759139456 0.4418748802 0.4666094492 2.5487497152 0.4759139456 0.2102944177 1.2129855334 0.0001365706
0.8240000000 0.4773814483 0.4454829758 0.4686249740 2.5533707403 0.4773814483 0.2126653082 1.2189318222 0.0001569702
0.8250000000 0.4788304947 0.4490369824 0.4706175765 2.5579370137 0.4788304947 0.2150126005 1.2248182458 0.0001806168
0.8260000000 0.4802580082 0.4525297564 0.4725829209 2.5624386527 0.4802580082 0.2173310394 1.2306316835 0.0002079066
0.8270000000 0.4816605570 0.4559533505 0.4745161638 2.5668646329 0.4816605570 0.2196147448 1.2363574488 0.0002392352
0.8280000000 0.4830343586 0.4592990313 0.4764119575 2.5712027997 0.4830343586 0.2218572130 1.2419792952 0.0002749828
0.8290000000 0.4843753021 0.4625573380 0.4782644800 2.5754399382 0.4843753021 0.2240513504 1.2474794982 0.0003154982
0.8300000000 0.4856789927 0.4657181938 0.4800674955 2.5795619132 0.4856789927 0.2261895432 1.2528390316 0.0003610826
0.8310000000 0.4869408210 0.4687710749 0.4818144502 2.5835538901 0.4869408210 0.2282637721 1.2580378523 0.0004119728
0.8320000000 0.4881560598 0.4717052405 0.4834986067 2.5874006413 0.4881560598 0.2302657716 1.2630553023 0.0004683271
0.8330000000 0.4893199864 0.4745100220 0.4851132156 2.5910869369 0.4893199864 0.2321872375 1.2678706247 0.0005302130
0.8340000000 0.4904280277 0.4771751624 0.4866517203 2.5945980087 0.4904280277 0.2340200738 1.2724635840 0.0005975994
0.8350000000 0.4914759226 0.4796911923 0.4881079853 2.5979200688 0.4914759226 0.2357566713 1.2768151627 0.0006703526
0.8360000000 0.4924598917 0.4820498193 0.4894765381 2.6010408539 0.4924598917 0.2373902018 1.2809082972 0.0007482370
0.8370000000 0.4933768034 0.4842443072 0.4907528053 2.6039501581 0.4933768034 0.2389149084 1.2847286053 0.0008309207
0.8380000000 0.4942243242 0.4862698140 0.4919333275 2.6066403157 0.4942243242 0.2403263702 1.2882650484 0.0009179852
0.8390000000 0.4950010399 0.4881236620 0.4930159349 2.6091065932 0.4950010399 0.2416217203 1.2915104767 0.0010089384
0.8400000000 0.4957065378 0.4898055142 0.4939998666 2.6113474548 0.4957065378 0.2427997956 1.2944620059 0.0011032310
0.8410000000 0.4963414414 0.4913174418 0.4948858234 2.6133646770 0.4963414414 0.2438612072 1.2971211907 0.0012002739
0.8420000000 0.4969073934 0.4926638723 0.4956759482 2.6151632987 0.4969073934 0.2448083206 1.2994939781 0.0012994565
0.8430000000 0.4974069888 0.4938514235 0.4963737345 2.6167514106 0.4974069888 0.2456451495 1.3015904396 0.0014001654
0.8440000000 0.4978436631 0.4948886342 0.4969838712 2.6181398003 0.4978436631 0.2463771705 1.3034243086 0.0015018000
0.8450000000 0.4982215446 0.4957856161 0.4975120362 2.6193414833 0.4982215446 0.2470110755 1.3050123596 0.0016037880
0.8460000000 0.4985452837 0.4965536523 0.4979646565 2.6203711575 0.4985452837 0.2475544815 1.3063736821 0.0017055970
0.8470000000 0.4988198712 0.4972047738 0.4983486523 2.6212446249 0.4988198712 0.2480156212 1.3075289062 0.0018067430
0.8480000000 0.4990504594 0.4977513436 0.4986711848 2.6219782187 0.4990504594 0.2484030367 1.3084994345 0.0019067961
0.8490000000 0.4992421963 0.4982056727 0.4989394215 2.6225882742 0.4992421963 0.2487252943 1.3093067300 0.0020053821
0.8500000000 0.4994000821 0.4985796881 0.4991603333 2.6230906687 0.4994000821 0.2489907372 1.3099716954 0.0021021816
0.8510000000 0.4995288529 0.4988846650 0.4993405295 2.6235004491 0.4995288529 0.2492072844 1.3105141700 0.0021969246
0.8520000000 0.4996328942 0.4991310287 0.4994861346 2.6238315543 0.4996328942 0.2493822805 1.3109525535 0.0022893832
0.8530000000 0.4997161840 0.4993282255 0.4996027072 2.6240966323 0.4997161840 0.2495223954 1.3113035555 0.0023793606
0.8540000000 0.4997822627 0.4994846556 0.4996951972 2.6243069433 0.4997822627 0.2496335714 1.3115820622 0.0024666764
0.8550000000 0.4998342271 0.4996076613 0.4997679351 2.6244723375 0.4998342271 0.2497210093 1.3118011024 0.0025511486
0.8560000000 0.4998747417 0.4997035572 0.4998246482 2.6246012923 0.4998747417 0.2497891866 1.3119718930 0.0026325704
0.8570000000 0.4999060647 0.4997776930 0.4998684961 2.6247009930 0.4999060647 0.2498418997 1.3121039443 0.0027106800
0.8580000000 0.4999300828 0.4998345373 0.4999021191 2.6247774440 0.4999300828 0.2498823216 1.3122052050 0.0027851209
0.8590000000 0.4999483519 0.4998777736 0.4999276943 2.6248355958 0.4999483519 0.2499130690 1.3122822300 0.0028553891
0.8600000000 0.4999621381 0.4999104000 0.4999469943 2.6248794791 0.4999621381 0.2499362725 1.3123403567 0.0029207601
0.8610000000 0.4999724605 0.4999348285 0.4999614453 2.6249123369 0.4999724605 0.2499536463 1.3123838798 0.0029801887
0.8620000000 0.4999801296 0.4999529774 0.4999721817 2.6249367487 0.4999801296 0.2499665544 1.3124162158 0.0030321698
0.8630000000 0.4999857832 0.4999663566 0.4999800966 2.6249547451 0.4999857832 0.2499760704 1.3124400541 0.0030745474
0.8640000000 0.4999899183 0.4999761423 0.4999858858 2.6249679081 0.4999899183 0.2499830306 1.3124574900 0.0031042555
0.8650000000 0.4999929185 0.4999832420 0.4999900859 2.6249774581 0.4999929185 0.2499880804 1.3124701402 0.0031169828
0.8660000000 0.4999950768 0.4999883496 0.4999931076 2.6249843285 0.4999950768 0.2499917133 1.3124792410 0.0031067742
0.8670000000 0.4999966156 0.4999919910 0.4999952618 2.6249892267 0.4999966156 0.2499943033 1.3124857293 0.0030656414
0.8680000000 0.4999977018 0.4999945615 0.4999967826 2.6249926844 0.4999977018 0.2499961317 1.3124903096 0.0029834034
0.8690000000 0.4999984602 0.4999963562 0.4999978443 2.6249950986 0.4999984602 0.2499974082 1.3124935074 0.0028482406
0.8700000000 0.4999989832 0.4999975937 0.4999985764 2.6249967632 0.4999989832 0.2499982885 1.3124957124 0.0026488017
0.8710000000 0.4999993387 0.4999984350 0.4999990742 2.6249978949 0.4999993387 0.2499988869 1.3124972115 0.0023787502
0.8720000000 0.4999995766 0.4999989980 0.4999994072 2.6249986522 0.4999995766 0.2499992873 1.3124982146 0.0020434226
0.8730000000 0.4999997331 0.4999993683 0.4999996263 2.6249991502 0.4999997331 0.2499995507 1.3124988744 0.0016651139
0.8740000000 0.4999998341 0.4999996075 0.4999997678 2.6249994720 0.4999998341 0.2499997208 1.3124993006 0.0012808943
0.8750000000 0.4999998983 0.4999997594 0.4999998576 2.6249996763 0.4999998983 0.2499998289 1.3124995713 0.0009305831
0.8760000000 0.4999999384 0.4999998542 0.4999999138 2.6249998039 0.4999999384 0.2499998963 1.3124997403 0.0006420302
0.8770000000 0.4999999631 0.4999999126 0.4999999483 2.6249998825 0.4999999631 0.2499999378 1.3124998443 0.0004242713
0.8780000000 0.4999999781 0.4999999481 0.4999999693 2.6249999302 0.4999999781 0.2499999631 1.3124999075 0.0002710369
0.8790000000 0.4999999871 0.4999999694 0.4999999819 2.6249999589 0.4999999871 0.2499999783 1.3124999455 0.0001687476
0.8800000000 0.4999999925 0.4999999821 0.4999999894 2.6249999760 0.4999999925 0.2499999873 1.3124999682 0.0001030396
0.8810000000 0.4999999956 0.4999999896 0.4999999939 2.6249999861 0.4999999956 0.2499999926 1.3124999815 0.0000619837
0.8820000000 0.4999999975 0.4999999940 0.4999999965 2.6249999920 0.4999999975 0.2499999958 1.3124999894 0.0000368445
0.8830000000 0.4999999986 0.4999999966 0.4999999980 2.6249999954 0.4999999986 0.2499999976 1.3124999939 0.0000216843
0.8840000000 0.4999999992 0.4999999981 0.4999999989 2.6249999974 0.4999999992 0.2499999986 1.3124999965 0.0000126518
0.8850000000 0.4999999995 0.4999999989 0.4999999994 2.6249999985 0.4999999995 0.2499999992 1.3124999980 0.0000073239
0.8860000000 0.4999999997 0.4999999994 0.4999999996 2.6249999992 0.4999999997 0.2499999996 1.3124999989 0.0000042086
0.8870000000 0.4999999999 0.4999999997 0.4999999998 2.6249999995 0.4999999999 0.2499999998 1.3124999994 0.0000024016
0.8880000000 0.4999999999 0.4999999998 0.4999999999 2.6249999997 0.4999999999 0.2499999999 1.3124999997 0.0000013612
0.8890000000 0.5000000000 0.4999999999 0.4999999999 2.6249999999 0.5000000000 0.2499999999 1.3124999998 0.0000007664
0.8900000000 0.5000000000 0.4999999999 0.5000000000 2.6249999999 0.5000000000 0.2500000000 1.3124999999 0.0000004287
0.8910000000 0.5000000000 0.5000000000 0.5000000000 2.6250000000 0.5000000000 0.2500000000 1.3124999999 0.0000002383
0.8920000000 0.5000000000 0.5000000000 0.5000000000 2.6250000000 0.5000000000 0.2500000000 1.3125000000 0.0000001316
0.8930000000 0.5000000000 0.5000000000 0.5000000000 2.6250000000 0.5000000000 0.2500000000 1.3125000000 0.0000000723
0.8940000000 0.5000000000 0.5000000000 0.5000000000 2.6250000000 0.5000000000 0.2500000000 1.3125000000 0.0000000394
0.8950000000 0.5000000000 0.5000000000 0.5000000000 2.6250000000 0.5000000000 0.2500000000 1.3125000000 0.0000000214
0.8960000000 0.5000000000 0.5000000000 0.5000000000 2.6250000000 0.5000000000 0.2500000000 1.3125000000 0.0000000115
0.8970000000 0.5000000000 0.5000000000 0.5000000000 2.6250000000 0.5000000000 0.2500000000 1.3125000000 0.0000000062
0.8980000000 0.5000000000 0.5000000000 0.5000000000 2.6250000000 0.5000000000 0.2500000000 1.3125000000 0.0000000033
0.8990000000 0.5000000000 0.5000000000 0.5000000000 2.6250000000 0.5000000000 0.2500000000 1.3125000000 0.0000000017
0.9000000000 0.5000000000 0.5000000000 0.5000000000 2.6250000000 0.5000000000 0.2500000000 1.3125000000 0.0000000009
0.9010000000 0.5000000000 0.5000000000 0.5000000000 2.6250000000 0.5000000000 0.2500000000 1.3125000000 0.0000000005
0.9020000000 0.5000000000 0.5000000000 0.5000000000 2.6250000000 0.5000000000 0.2500000000 1.3125000000 0.0000000003
0.9030000000 0.5000000000 0.5000000000 0.5000000000 2.6250000000 0.5000000000 0.2500000000 1.3125000000 0.0000000001
0.9040000000 0.5000000000 0.5000000000 0.5000000000 2.6250000000 0.5000000000 0.2500000000 1.3125000000 0.0000000001
0.9050000000 0.5000000000 0.5000000000 0.5000000000 2.6250000000 0.5000000000 0.2500000000 1.3125000000 0.0000000000
0.9060000000 0.5000000000 0.5000000000 0.5000000000 2.6250000000 0.5000000000 0.2500000000 1.3125000000 0.0000000000
0.9070000000 0.5000000000 0.5000000000 0.5000000000 2.6250000000 0.5000000000 0.2500000000 1.3125000000 0.0000000000
0.9080000000 0.5000000000 0.5000000000 0.5000000000 2.6250000000 0.5000000000 0.2500000000 1.3125000000 0.0000000000
0.9090000000 0.5000000000 0.5000000000 0.5000000000 2.6250000000 0.5000000000 0.2500000000 1.3125000000 0.0000000000
0.9100000000 0.5000000000 0.5000000000 0.5000000000 2.6250000000 0.5000000000 0.2500000000 1.3125000000 0.0000000000
0.9110000000 0.5000000000 0.5000000000 0.5000000000 2.6250000000 0.5000000000 0.2500000000 1.3125000000 0.0000000000
0.9120000000 0.5000000000 0.5000000000 0.5000000000 2.6250000000 0.5000000000 0.2500000000 1.3125000000 0.0000000000
0.9130000000 0.5000000000 0.5000000000 0.5000000000 2.6250000000 0.5000000000 0.2500000000 1.3125000000 0.0000000000
0.9140000000 0.5000000000 0.5000000000 0.5000000000 2.6250000000 0.5000000000 0.2500000000 1.3125000000 0.0000000000
0.9150000000 0.5000000000 0.5000000000 0.5000000000 2.6250000000 0.5000000000 0.2500000000 1.3125000000 0.0000000000
0.9160000000 0.5000000000 0.5000000000 0.5000000000 2.6250000000 0.5000000000 0.2500000000 1.3125000000 0.0000000000
0.9170000000 0.5000000000 0.5000000000 0.5000000000 2.6250000000 0.5000000000 0.2500000000 1.3125000000 0.0000000000
0.9180000000 0.5000000000 0.5000000000 0.5000000000 2.6250000000 0.5000000000 0.2500000000 1.3125000000 0.0000000000
0.9190000000 0.5000000000 0.5000000000 0.5000000000 2.6250000000 0.5000000000 0.2500000000 1.3125000000 0.0000000000
0.9200000000 0.5000000000 0.5000000000 0.5000000000 2.6250000000 0.5000000000 0.2500000000 1.3125000000 0.0000000000
0.9210000000 0.5000000000 0.5000000000 0.5000000000 2.6250000000 0.5000000000 0.2500000000 1.3125000000 0.0000000000
0.9220000000 0.5000000000 0.5000000000 0.5000000000 2.6250000000 0.5000000000 0.2500000000 1.3125000000 0.0000000000
0.9230000000 0.5000000000 0.5000000000 0.5000000000 2.6250000000 0.5000000000 0.2500000000 1.3125000000 0.0000000000
0.9240000000 0.5000000000 0.5000000000 0.5000000000 2.6250000000 0.5000000000 0.2500000000 1.3125000000 0.0000000000
0.9250000000 0.5000000000 0.5000000000 0.5000000000 2.6250000000 0.5000000000 0.2500000000 1.3125000000 0.0000000000
0.9260000000 0.5000000000 0.5000000000 0.5000000000 2.6250000000 0.5000000000 0.2500000000 1.3125000000 0.0000000000
0.9270000000 0.5000000000 0.5000000000 0.5000000000 2.6250000000 0.5000000000 0.2500000000 1.3125000000 0.0000000000
0.9280000000 0.5000000000 0.5000000000 0.5000000000 2.6250000000 0.5000000000 0.2500000000 1.3125000000 0.0000000000
0.9290000000 0.5000000000 0.5000000000 0.5000000000 2.6250000000 0.5000000000 0.2500000000 1.3125000000 0.0000000000
0.9300000000 0.5000000000 0.5000000000 0.5000000000 2.6250000000 0.5000000000 0.2500000000 1.3125000000 0.0000000000
0.9310000000 0.5000000000 0.5000000000 0.5000000000 2.6250000000 0.5000000000 0.2500000000 1.3125000000 0.0000000000
0.9320000000 0.5000000000 0.5000000000 0.5000000000 2.6250000000 0.5000000000 0.2500000000 1.3125000000 0.0000000000
0.9330000000 0.5000000000 0.5000000000 0.5000000000 2.6250000000 0.5000000000 0.2500000000 1.3125000000 0.0000000000
0.9340000000 0.5000000000 0.5000000000 0.5000000000 2.6250000000 0.5000000000 0.2500000000 1.3125000000 0.0000000000
0.9350000000 0.5000000000 0.5000000000 0.5000000000 2.6250000000 0.5000000000 0.2500000000 1.3125000000 0.0000000000
0.9360000000 0.5000000000 0.5000000000 0.5000000000 2.6250000000 0.5000000000 0.2500000000 1.3125000000 0.0000000000
0.9370000000 0.5000000000 0.5000000000 0.5000000000 2.6250000000 0.5000000000 0.2500000000 1.3125000000 0.0000000000
0.9380000000 0.5000000000 0.5000000000 0.5000000000 2.6250000000 0.5000000000 0.2500000000 1.3125000000 0.0000000000
0.9390000000 0.5000000000 0.5000000000 0.5000000000 2.6250000000 0.5000000000 0.2500000000 1.3125000000 0.0000000000
0.9400000000 0.5000000000 0.5000000000 0.5000000000 2.6250000000 0.5000000000 0.2500000000 1.3125000000 0.0000000000
0.9410000000 0.5000000000 0.5000000000 0.5000000000 2.6250000000 0.5000000000 0.2500000000 1.3125000000 0.0000000000
0.9420000000 0.5000000000 0.5000000000 0.5000000000 2.6250000000 0.5000000000 0.2500000000 1.3125000000 0.0000000000
0.9430000000 0.5000000000 0.5000000000 0.5000000000 2.6250000000 0.5000000000 0.2500000000 1.3125000000 0.0000000000
0.9440000000 0.5000000000 0.5000000000 0.5000000000 2.6250000000 0.5000000000 0.2500000000 1.3125000000 0.0000000000
0.9450000000 0.5000000000 0.5000000000 0.5000000000 2.6250000000 0.5000000000 0.2500000000 1.3125000000 0.0000000000
0.9460000000 0.5000000000 0.5000000000 0.5000000000 2.6250000000 0.5000000000 0.2500000000 1.3125000000 0.0000000000
0.9470000000 0.5000000000 0.5000000000 0.5000000000 2.6250000000 0.5000000000 0.2500000000 1.3125000000 0.0000000000
0.9480000000 0.5000000000 0.5000000000 0.5000000000 2.6250000000 0.5000000000 0.2500000000 1.3125000000 0.0000000000
0.9490000000 0.5000000000 0.5000000000 0.5000000000 2.6250000000 0.5000000000 0.2500000000 1.3125000000 0.0000000000
0.9500000000 0.5000000000 0.5000000000 0.5000000000 2.6250000000 0.5000000000 0.2500000000 1.3125000000 0.0000000000
0.9510000000 0.5000000000 0.5000000000 0.5000000000 2.6250000000 0.5000000000 0.2500000000 1.3125000000 0.0000000000
0.9520000000 0.5000000000 0.5000000000 0.5000000000 2.6250000000 0.5000000000 0.2500000000 1.3125000000 0.0000000000
0.9530000000 0.5000000000 0.5000000000 0.5000000000 2.6250000000 0.5000000000 0.2500000000 1.3125000000 0.0000000000
0.9540000000 0.5000000000 0.5000000000 0.5000000000 2.6250000000 0.5000000000 0.2500000000 1.3125000000 0.0000000000
0.9550000000 0.5000000000 0.5000000000 0.5000000000 2.6250000000 0.5000000000 0.2500000000 1.3125000000 0.0000000000
0.9560000000 0.5000000000 0.5000000000 0.5000000000 2.6250000000 0.5000000000 0.2500000000 1.3125000000 0.0000000000
0.9570000000 0.5000000000 0.5000000000 0.5000000000 2.6250000000 0.5000000000 0.2500000000 1.3125000000 0.0000000000
0.9580000000 0.5000000000 0.5000000000 0.5000000000 2.6250000000 0.5000000000 0.2500000000 1.3125000000 0.0000000000
0.9590000000 0.5000000000 0.5000000000 0.5000000000 2.6250000000 0.5000000000 0.2500000000 1.3125000000 0.0000000000
0.9600000000 0.5000000000 0.5000000000 0.5000000000 2.6250000000 0.5000000000 0.2500000000 1.3125000000 0.0000000000
0.9610000000 0.5000000000 0.5000000000 0.5000000000 2.6250000000 0.5000000000 0.2500000000 1.3125000000 0.0000000000
0.9620000000 0.5000000000 0.5000000000 0.5000000000 2.6250000000 0.5000000000 0.2500000000 1.3125000000 0.0000000000
0.9630000000 0.5000000000 0.5000000000 0.5000000000 2.6250000000 0.5000000000 0.2500000000 1.3125000000 0.0000000000
0.9640000000 0.5000000000 0.5000000000 0.5000000000 2.6250000000 0.5000000000 0.2500000000 1.3125000000 0.0000000000
0.9650000000 0.5000000000 0.5000000000 0.5000000000 2.6250000000 0.5000000000 0.2500000000 1.3125000000 0.0000000000
0.9660000000 0.5000000000 0.5000000000 0.5000000000 2.6250000000 0.5000000000 0.2500000000 1.3125000000 0.0000000000
0.9670000000 0.5000000000 0.5000000000 0.5000000000 2.6250000000 0.5000000000 0.2500000000 1.3125000000 0.0000000000
0.9680000000 0.5000000000 0.5000000000 0.5000000000 2.6250000000 0.5000000000 0.2500000000 1.3125000000 0.0000000000
0.9690000000 0.5000000000 0.5000000000 0.5000000000 2.6250000000 0.5000000000 0.2500000000 1.3125000000 0.0000000000
0.9700000000 0.5000000000 0.5000000000 0.5000000000 2.6250000000 0.5000000000 0.2500000000 1.3125000000 0.0000000000
0.9710000000 0.5000000000 0.5000000000 0.5000000000 2.6250000000 0.5000000000 0.2500000000 1.3125000000 0.0000000000
0.9720000000 0.5000000000 0.5000000000 0.5000000000 2.6250000000 0.5000000000 0.2500000000 1.3125000000 0.0000000000
0.9730000000 0.5000000000 0.5000000000 0.5000000000 2.6250000000 0.5000000000 0.2500000000 1.3125000000 0.0000000000
0.9740000000 0.5000000000 0.5000000000 0.5000000000 2.6250000000 0.5000000000 0.2500000000 1.3125000000 0.0000000000
0.9750000000 0.5000000000 0.5000000000 0.5000000000 2.6250000000 0.5000000000 0.2500000000 1.3125000000 0.0000000000
0.9760000000 0.5000000000 0.5000000000 0.5000000000 2.6250000000 0.5000000000 0.2500000000 1.3125000000 0.0000000000
0.9770000000 0.5000000000 0.5000000000 0.5000000000 2.6250000000 0.5000000000 0.2500000000 1.3125000000 0.0000000000
0.9780000000 0.5000000000 0.5000000000 0.5000000000 2.6250000000 0.5000000000 0.2500000000 1.3125000000 0.0000000000
0.9790000000 0.5000000000 0.5000000000 0.5000000000 2.6250000000 0.5000000000 0.2500000000 1.3125000000 0.0000000000
0.9800000000 0.5000000000 0.5000000000 0.5000000000 2.6250000000 0.5000000000 0.2500000000 1.3125000000 0.0000000000
0.9810000000 0.5000000000 0.5000000000 0.5000000000 2.6250000000 0.5000000000 0.2500000000 1.3125000000 0.0000000000
0.9820000000 0.5000000000 0.5000000000 0.5000000000 2.6250000000 0.5000000000 0.2500000000 1.3125000000 0.0000000000
0.9830000000 0.5000000000 0.5000000000 0.5000000000 2.6250000000 0.5000000000 0.2500000000 1.3125000000 0.0000000000
0.9840000000 0.5000000000 0.5000000000 0.5000000000 2.6250000000 0.5000000000 0.2500000000 1.3125000000 0.0000000000
0.9850000000 0.5000000000 0.5000000000 0.5000000000 2.6250000000 0.5000000000 0.2500000000 1.3125000000 0.0000000000
0.9860000000 0.5000000000 0.5000000000 0.5000000000 2.6250000000 0.5000000000 0.2500000000 1.3125000000 0.0000000000
0.9870000000 0.5000000000 0.5000000000 0.5000000000 2.6250000000 0.5000000000 0.2500000000 1.3125000000 0.0000000000
0.9880000000 0.5000000000 0.5000000000 0.5000000000 2.6250000000 0.5000000000 0.2500000000 1.3125000000 0.0000000000
0.9890000000 0.5000000000 0.5000000000 0.5000000000 2.6250000000 0.5000000000 0.2500000000 1.3125000000 0.0000000000
0.9900000000 0.5000000000 0.5000000000 0.5000000000 2.6250000000 0.5000000000 0.2500000000 1.3125000000 0.0000000000
0.9910000000 0.5000000000 0.5000000000 0.5000000000 2.6250000000 0.5000000000 0.2500000000 1.3125000000 0.0000000000
0.9920000000 0.5000000000 0.5000000000 0.5000000000 2.6250000000 0.5000000000 0.2500000000 1.3125000000 0.0000000000
0.9930000000 0.5000000000 0.5000000000 0.5000000000 2.6250000000 0.5000000000 0.2500000000 1.3125000000 0.0000000000
0.9940000000 0.5000000000 0.5000000000 0.5000000000 2.6250000000 0.5000000000 0.2500000000 1.3125000000 0.0000000000
0.9950000000 0.5000000000 0.5000000000 0.5000000000 2.6250000000 0.5000000000 0.2500000000 1.3125000000 0.0000000000
0.9960000000 0.5000000000 0.5000000000 0.5000000000 2.6250000000 0.5000000000 0.2500000000 1.3125000000 0.0000000000
0.9970000000 0.5000000000 0.5000000000 0.5000000000 2.6250000000 0.5000000000 0.2500000000 1.3125000000 0.0000000000
0.9980000000 0.5000000000 0.5000000000 0.5000000000 2.6250000000 0.5000000000 0.2500000000 1.3125000000 0.0000000000
0.9990000000 0.5000000000 0.5000000000 0.5000000000 2.6250000000 0.5000000000 0.2500000000 1.3125000000 0.0000000000
1.0000000000 0.5000000000 0.5000000000 0.5000000000 2.6250000000 0.5000000000 0.2500000000 1.3125000000 0.0000000000
