TITLE = "1D Euler Filtered MacCormack Result"
VARIABLES = "x", "rho", "u", "p", "E", "rho_conserved", "rhou", "rhoE", "nu"
ZONE T="t=0.20000000", I=1001, F=POINT
0.0000000000 0.4000000000 0.5000000000 1.0000000000 6.3750000000 0.4000000000 0.2000000000 2.5500000000 0.0000000000
0.0010000000 0.4000000000 0.5000000000 1.0000000000 6.3750000000 0.4000000000 0.2000000000 2.5500000000 0.0000000000
0.0020000000 0.4000000000 0.5000000000 1.0000000000 6.3750000000 0.4000000000 0.2000000000 2.5500000000 0.0000000000
0.0030000000 0.4000000000 0.5000000000 1.0000000000 6.3750000000 0.4000000000 0.2000000000 2.5500000000 0.0000000000
0.0040000000 0.4000000000 0.5000000000 1.0000000000 6.3750000000 0.4000000000 0.2000000000 2.5500000000 0.0000000000
0.0050000000 0.4000000000 0.5000000000 1.0000000000 6.3750000000 0.4000000000 0.2000000000 2.5500000000 0.0000000000
0.0060000000 0.4000000000 0.5000000000 1.0000000000 6.3750000000 0.4000000000 0.2000000000 2.5500000000 0.0000000000
0.0070000000 0.4000000000 0.5000000000 1.0000000000 6.3750000000 0.4000000000 0.2000000000 2.5500000000 0.0000000000
0.0080000000 0.4000000000 0.5000000000 1.0000000000 6.3750000000 0.4000000000 0.2000000000 2.5500000000 0.0000000000
0.0090000000 0.4000000000 0.5000000000 1.0000000000 6.3750000000 0.4000000000 0.2000000000 2.5500000000 0.0000000000
0.0100000000 0.4000000000 0.5000000000 1.0000000000 6.3750000000 0.4000000000 0.2000000000 2.5500000000 0.0000000000
0.0110000000 0.4000000000 0.5000000000 1.0000000000 6.3750000000 0.4000000000 0.2000000000 2.5500000000 0.0000000000
0.0120000000 0.4000000000 0.5000000000 1.0000000000 6.3750000000 0.4000000000 0.2000000000 2.5500000000 0.0000000000
0.0130000000 0.4000000000 0.5000000000 1.0000000000 6.3750000000 0.4000000000 0.2000000000 2.5500000000 0.0000000000
0.0140000000 0.4000000000 0.5000000000 1.0000000000 6.3750000000 0.4000000000 0.2000000000 2.5500000000 0.0000000000
0.0150000000 0.4000000000 0.5000000000 1.0000000000 6.3750000000 0.4000000000 0.2000000000 2.5500000000 0.0000000000
0.0160000000 0.4000000000 0.5000000000 1.0000000000 6.3750000000 0.4000000000 0.2000000000 2.5500000000 0.0000000000
0.0170000000 0.4000000000 0.5000000000 1.0000000000 6.3750000000 0.4000000000 0.2000000000 2.5500000000 0.0000000000
0.0180000000 0.4000000000 0.5000000000 1.0000000000 6.3750000000 0.4000000000 0.2000000000 2.5500000000 0.0000000000
0.0190000000 0.4000000000 0.5000000000 1.0000000000 6.3750000000 0.4000000000 0.2000000000 2.5500000000 0.0000000000
0.0200000000 0.4000000000 0.5000000000 1.0000000000 6.3750000000 0.4000000000 0.2000000000 2.5500000000 0.0000000000
0.0210000000 0.4000000000 0.5000000000 1.0000000000 6.3750000000 0.4000000000 0.2000000000 2.5500000000 0.0000000000
0.0220000000 0.4000000000 0.5000000000 1.0000000000 6.3750000000 0.4000000000 0.2000000000 2.5500000000 0.0000000000
0.0230000000 0.4000000000 0.5000000000 1.0000000000 6.3750000000 0.4000000000 0.2000000000 2.5500000000 0.0000000000
0.0240000000 0.4000000000 0.5000000000 1.0000000000 6.3750000000 0.4000000000 0.2000000000 2.5500000000 0.0000000000
0.0250000000 0.4000000000 0.5000000000 1.0000000000 6.3750000000 0.4000000000 0.2000000000 2.5500000000 0.0000000000
0.0260000000 0.4000000000 0.5000000000 1.0000000000 6.3750000000 0.4000000000 0.2000000000 2.5500000000 0.0000000000
0.0270000000 0.4000000000 0.5000000000 1.0000000000 6.3750000000 0.4000000000 0.2000000000 2.5500000000 0.0000000000
0.0280000000 0.4000000000 0.5000000000 1.0000000000 6.3750000000 0.4000000000 0.2000000000 2.5500000000 0.0000000000
0.0290000000 0.4000000000 0.5000000000 1.0000000000 6.3750000000 0.4000000000 0.2000000000 2.5500000000 0.0000000000
0.0300000000 0.4000000000 0.5000000000 1.0000000000 6.3750000000 0.4000000000 0.2000000000 2.5500000000 0.0000000000
0.0310000000 0.4000000000 0.5000000000 1.0000000000 6.3750000000 0.4000000000 0.2000000000 2.5500000000 0.0000000000
0.0320000000 0.4000000000 0.5000000000 1.0000000000 6.3750000000 0.4000000000 0.2000000000 2.5500000000 0.0000000000
0.0330000000 0.4000000000 0.5000000000 1.0000000000 6.3750000000 0.4000000000 0.2000000000 2.5500000000 0.0000000000
0.0340000000 0.4000000000 0.5000000000 1.0000000000 6.3750000000 0.4000000000 0.2000000000 2.5500000000 0.0000000000
0.0350000000 0.4000000000 0.5000000000 1.0000000000 6.3750000000 0.4000000000 0.2000000000 2.5500000000 0.0000000000
0.0360000000 0.4000000000 0.5000000000 1.0000000000 6.3750000000 0.4000000000 0.2000000000 2.5500000000 0.0000000000
0.0370000000 0.4000000000 0.5000000000 1.0000000000 6.3750000000 0.4000000000 0.2000000000 2.5500000000 0.0000000000
0.0380000000 0.4000000000 0.5000000000 1.0000000000 6.3750000000 0.4000000000 0.2000000000 2.5500000000 0.0000000000
0.0390000000 0.4000000000 0.5000000000 1.0000000000 6.3750000000 0.4000000000 0.2000000000 2.5500000000 0.0000000000
0.0400000000 0.4000000000 0.5000000000 1.0000000000 6.3750000000 0.4000000000 0.2000000000 2.5500000000 0.0000000000
0.0410000000 0.4000000000 0.5000000000 1.0000000000 6.3750000000 0.4000000000 0.2000000000 2.5500000000 0.0000000000
0.0420000000 0.4000000000 0.5000000000 1.0000000000 6.3750000000 0.4000000000 0.2000000000 2.5500000000 0.0000000000
0.0430000000 0.4000000000 0.5000000000 1.0000000000 6.3750000000 0.4000000000 0.2000000000 2.5500000000 0.0000000000
0.0440000000 0.4000000000 0.5000000000 1.0000000000 6.3750000000 0.4000000000 0.2000000000 2.5500000000 0.0000000000
0.0450000000 0.4000000000 0.5000000000 1.0000000000 6.3750000000 0.4000000000 0.2000000000 2.5500000000 0.0000000000
0.0460000000 0.4000000000 0.5000000000 1.0000000000 6.3750000000 0.4000000000 0.2000000000 2.5500000000 0.0000000000
0.0470000000 0.4000000000 0.5000000000 1.0000000000 6.3750000000 0.4000000000 0.2000000000 2.5500000000 0.0000000000
0.0480000000 0.4000000000 0.5000000000 1.0000000000 6.3750000000 0.4000000000 0.2000000000 2.5500000000 0.0000000000
0.0490000000 0.4000000000 0.5000000000 1.0000000000 6.3750000000 0.4000000000 0.2000000000 2.5500000000 0.0000000000
0.0500000000 0.4000000000 0.5000000000 1.0000000000 6.3750000000 0.4000000000 0.2000000000 2.5500000000 0.0000000000
0.0510000000 0.4000000000 0.5000000000 1.0000000000 6.3750000000 0.4000000000 0.2000000000 2.5500000000 0.0000000000
0.0520000000 0.4000000000 0.5000000000 1.0000000000 6.3750000000 0.4000000000 0.2000000000 2.5500000000 0.0000000000
0.0530000000 0.4000000000 0.5000000000 1.0000000000 6.3750000000 0.4000000000 0.2000000000 2.5500000000 0.0000000000
0.0540000000 0.4000000000 0.5000000000 1.0000000000 6.3750000000 0.4000000000 0.2000000000 2.5500000000 0.0000000000
0.0550000000 0.4000000000 0.5000000000 1.0000000000 6.3750000000 0.4000000000 0.2000000000 2.5500000000 0.0000000000
0.0560000000 0.4000000000 0.5000000000 1.0000000000 6.3750000000 0.4000000000 0.2000000000 2.5500000000 0.0000000000
0.0570000000 0.4000000000 0.5000000000 1.0000000000 6.3750000000 0.4000000000 0.2000000000 2.5500000000 0.0000000000
0.0580000000 0.4000000000 0.5000000000 1.0000000000 6.3750000000 0.4000000000 0.2000000000 2.5500000000 0.0000000000
0.0590000000 0.4000000000 0.5000000000 1.0000000000 6.3750000000 0.4000000000 0.2000000000 2.5500000000 0.0000000000
0.0600000000 0.4000000000 0.5000000000 1.0000000000 6.3750000000 0.4000000000 0.2000000000 2.5500000000 0.0000000000
0.0610000000 0.4000000000 0.5000000000 1.0000000000 6.3750000000 0.4000000000 0.2000000000 2.5500000000 0.0000000000
0.0620000000 0.4000000000 0.5000000000 1.0000000000 6.3750000000 0.4000000000 0.2000000000 2.5500000000 0.0000000000
0.0630000000 0.4000000000 0.5000000000 1.0000000000 6.3750000000 0.4000000000 0.2000000000 2.5500000000 0.0000000000
0.0640000000 0.4000000000 0.5000000000 1.0000000000 6.3750000000 0.4000000000 0.2000000000 2.5500000000 0.0000000000
0.0650000000 0.4000000000 0.5000000000 1.0000000000 6.3750000000 0.4000000000 0.2000000000 2.5500000000 0.0000000000
0.0660000000 0.4000000000 0.5000000000 1.0000000000 6.3750000000 0.4000000000 0.2000000000 2.5500000000 0.0000000000
0.0670000000 0.4000000000 0.5000000000 1.0000000000 6.3750000000 0.4000000000 0.2000000000 2.5500000000 0.0000000000
0.0680000000 0.4000000000 0.5000000000 1.0000000000 6.3750000000 0.4000000000 0.2000000000 2.5500000000 0.0000000000
0.0690000000 0.4000000000 0.5000000000 1.0000000000 6.3750000000 0.4000000000 0.2000000000 2.5500000000 0.0000000000
0.0700000000 0.4000000000 0.5000000000 1.0000000000 6.3750000000 0.4000000000 0.2000000000 2.5500000000 0.0000000000
0.0710000000 0.4000000000 0.5000000000 1.0000000000 6.3750000000 0.4000000000 0.2000000000 2.5500000000 0.0000000000
0.0720000000 0.4000000000 0.5000000000 1.0000000000 6.3750000000 0.4000000000 0.2000000000 2.5500000000 0.0000000000
0.0730000000 0.4000000000 0.5000000000 1.0000000000 6.3750000000 0.4000000000 0.2000000000 2.5500000000 0.0000000000
0.0740000000 0.4000000000 0.5000000000 1.0000000000 6.3750000000 0.4000000000 0.2000000000 2.5500000000 0.0000000000
0.0750000000 0.4000000000 0.5000000000 1.0000000000 6.3750000000 0.4000000000 0.2000000000 2.5500000000 0.0000000000
0.0760000000 0.4000000000 0.5000000000 1.0000000000 6.3750000000 0.4000000000 0.2000000000 2.5500000000 0.0000000000
0.0770000000 0.4000000000 0.5000000000 1.0000000000 6.3750000000 0.4000000000 0.2000000000 2.5500000000 0.0000000000
0.0780000000 0.4000000000 0.5000000000 1.0000000000 6.3750000000 0.4000000000 0.2000000000 2.5500000000 0.0000000000
0.0790000000 0.4000000000 0.5000000000 1.0000000000 6.3750000000 0.4000000000 0.2000000000 2.5500000000 0.0000000000
0.0800000000 0.4000000000 0.5000000000 1.0000000000 6.3750000000 0.4000000000 0.2000000000 2.5500000000 0.0000000000
0.0810000000 0.4000000000 0.5000000000 1.0000000000 6.3750000000 0.4000000000 0.2000000000 2.5500000000 0.0000000000
0.0820000000 0.4000000000 0.5000000000 1.0000000000 6.3750000000 0.4000000000 0.2000000000 2.5500000000 0.0000000000
0.0830000000 0.4000000000 0.5000000000 1.0000000000 6.3750000000 0.4000000000 0.2000000000 2.5500000000 0.0000000000
0.0840000000 0.4000000000 0.5000000000 1.0000000000 6.3750000000 0.4000000000 0.2000000000 2.5500000000 0.0000000000
0.0850000000 0.4000000000 0.5000000000 1.0000000000 6.3750000000 0.4000000000 0.2000000000 2.5500000000 0.0000000000
0.0860000000 0.4000000000 0.5000000000 1.0000000000 6.3750000000 0.4000000000 0.2000000000 2.5500000000 0.0000000000
0.0870000000 0.4000000000 0.5000000000 1.0000000000 6.3750000000 0.4000000000 0.2000000000 2.5500000000 0.0000000000
0.0880000000 0.4000000000 0.5000000000 1.0000000000 6.3750000000 0.4000000000 0.2000000000 2.5500000000 0.0000000000
0.0890000000 0.4000000000 0.5000000000 1.0000000000 6.3750000000 0.4000000000 0.2000000000 2.5500000000 0.0000000000
0.0900000000 0.4000000000 0.5000000000 1.0000000000 6.3750000000 0.4000000000 0.2000000000 2.5500000000 0.0000000000
0.0910000000 0.4000000000 0.5000000000 1.0000000000 6.3750000000 0.4000000000 0.2000000000 2.5500000000 0.0000000000
0.0920000000 0.4000000000 0.5000000000 1.0000000000 6.3750000000 0.4000000000 0.2000000000 2.5500000000 0.0000000000
0.0930000000 0.4000000000 0.5000000000 1.0000000000 6.3750000000 0.4000000000 0.2000000000 2.5500000000 0.0000000000
0.0940000000 0.4000000000 0.5000000000 1.0000000000 6.3750000000 0.4000000000 0.2000000000 2.5500000000 0.0000000000
0.0950000000 0.4000000000 0.5000000000 1.0000000000 6.3750000000 0.4000000000 0.2000000000 2.5500000000 0.0000000000
0.0960000000 0.4000000000 0.5000000000 1.0000000000 6.3750000000 0.4000000000 0.2000000000 2.5500000000 0.0000000000
0.0970000000 0.4000000000 0.5000000000 1.0000000000 6.3750000000 0.4000000000 0.2000000000 2.5500000000 0.0000000000
0.0980000000 0.4000000000 0.5000000000 1.0000000000 6.3750000000 0.4000000000 0.2000000000 2.5500000000 0.0000000000
0.0990000000 0.4000000000 0.5000000000 1.0000000000 6.3750000000 0.4000000000 0.2000000000 2.5500000000 0.0000000000
0.1000000000 0.4000000000 0.5000000000 1.0000000000 6.3750000000 0.4000000000 0.2000000000 2.5500000000 0.0000000000
0.1010000000 0.4000000000 0.5000000000 1.0000000000 6.3750000000 0.4000000000 0.2000000000 2.5500000000 0.0000000000
0.1020000000 0.4000000000 0.5000000000 1.0000000000 6.3750000000 0.4000000000 0.2000000000 2.5500000000 0.0000000000
0.1030000000 0.4000000000 0.5000000000 1.0000000000 6.3750000000 0.4000000000 0.2000000000 2.5500000000 0.0000000000
0.1040000000 0.4000000000 0.5000000000 1.0000000000 6.3750000000 0.4000000000 0.2000000000 2.5500000000 0.0000000000
0.1050000000 0.4000000000 0.5000000000 1.0000000000 6.3750000000 0.4000000000 0.2000000000 2.5500000000 0.0000000000
0.1060000000 0.4000000000 0.5000000000 1.0000000000 6.3750000000 0.4000000000 0.2000000000 2.5500000000 0.0000000000
0.1070000000 0.4000000000 0.5000000000 1.0000000000 6.3750000000 0.4000000000 0.2000000000 2.5500000000 0.0000000000
0.1080000000 0.4000000000 0.5000000000 1.0000000000 6.3750000000 0.4000000000 0.2000000000 2.5500000000 0.0000000000
0.1090000000 0.4000000000 0.5000000000 1.0000000000 6.3750000000 0.4000000000 0.2000000000 2.5500000000 0.0000000000
0.1100000000 0.4000000000 0.5000000000 1.0000000000 6.3750000000 0.4000000000 0.2000000000 2.5500000000 0.0000000000
0.1110000000 0.4000000000 0.5000000000 1.0000000000 6.3750000000 0.4000000000 0.2000000000 2.5500000000 0.0000000000
0.1120000000 0.4000000000 0.5000000000 1.0000000000 6.3750000000 0.4000000000 0.2000000000 2.5500000000 0.0000000000
0.1130000000 0.4000000000 0.5000000000 1.0000000000 6.3750000000 0.4000000000 0.2000000000 2.5500000000 0.0000000000
0.1140000000 0.4000000000 0.5000000000 1.0000000000 6.3750000000 0.4000000000 0.2000000000 2.5500000000 0.0000000000
0.1150000000 0.4000000000 0.5000000000 1.0000000000 6.3750000000 0.4000000000 0.2000000000 2.5500000000 0.0000000000
0.1160000000 0.4000000000 0.5000000000 1.0000000000 6.3750000000 0.4000000000 0.2000000000 2.5500000000 0.0000000000
0.1170000000 0.4000000000 0.5000000000 1.0000000000 6.3750000000 0.4000000000 0.2000000000 2.5500000000 0.0000000000
0.1180000000 0.4000000000 0.5000000000 1.0000000000 6.3750000000 0.4000000000 0.2000000000 2.5500000000 0.0000000000
0.1190000000 0.4000000000 0.5000000000 1.0000000000 6.3750000000 0.4000000000 0.2000000000 2.5500000000 0.0000000000
0.1200000000 0.4000000000 0.5000000000 1.0000000000 6.3750000000 0.4000000000 0.2000000000 2.5500000000 0.0000000000
0.1210000000 0.4000000000 0.5000000000 1.0000000000 6.3750000000 0.4000000000 0.2000000000 2.5500000000 0.0000000000
0.1220000000 0.4000000000 0.5000000000 1.0000000000 6.3750000000 0.4000000000 0.2000000000 2.5500000000 0.0000000000
0.1230000000 0.4000000000 0.5000000000 1.0000000000 6.3750000000 0.4000000000 0.2000000000 2.5500000000 0.0000000000
0.1240000000 0.4000000000 0.5000000000 1.0000000000 6.3750000000 0.4000000000 0.2000000000 2.5500000000 0.0000000000
0.1250000000 0.4000000000 0.5000000000 1.0000000000 6.3750000000 0.4000000000 0.2000000000 2.5500000000 0.0000000000
0.1260000000 0.4000000000 0.5000000000 1.0000000000 6.3750000000 0.4000000000 0.2000000000 2.5500000000 0.0000000000
0.1270000000 0.4000000000 0.5000000000 1.0000000000 6.3750000000 0.4000000000 0.2000000000 2.5500000000 0.0000000000
0.1280000000 0.4000000000 0.5000000000 1.0000000000 6.3750000000 0.4000000000 0.2000000000 2.5500000000 0.0000000000
0.1290000000 0.4000000000 0.5000000000 1.0000000000 6.3750000000 0.4000000000 0.2000000000 2.5500000000 0.0000000000
0.1300000000 0.4000000000 0.5000000000 1.0000000000 6.3750000000 0.4000000000 0.2000000000 2.5500000000 0.0000000002
0.1310000000 0.4000000000 0.5000000000 1.0000000000 6.3750000000 0.4000000000 0.2000000000 2.5500000000 0.0000000010
0.1320000000 0.4000000000 0.5000000000 1.0000000000 6.3750000000 0.4000000000 0.2000000000 2.5500000000 0.0000000041
0.1330000000 0.4000000000 0.5000000000 1.0000000000 6.3750000000 0.4000000000 0.2000000000 2.5500000000 0.0000000174
0.1340000000 0.4000000000 0.5000000000 1.0000000000 6.3750000000 0.4000000000 0.2000000000 2.5500000000 0.0000000735
0.1350000000 0.4000000000 0.5000000000 1.0000000000 6.3750000000 0.4000000000 0.2000000000 2.5500000000 0.0000003103
0.1360000000 0.4000000000 0.5000000000 1.0000000000 6.3750000000 0.4000000000 0.2000000000 2.5500000000 0.0000013121
0.1370000000 0.4000000000 0.4999999999 1.0000000001 6.3750000001 0.4000000000 0.2000000000 2.5500000002 0.0000055453
0.1380000000 0.4000000001 0.4999999996 1.0000000003 6.3750000003 0.4000000001 0.1999999999 2.5500000007 0.0000234198
0.1390000000 0.4000000003 0.4999999984 1.0000000012 6.3750000014 0.4000000003 0.1999999995 2.5500000028 0.0000986031
0.1400000000 0.4000000015 0.4999999931 1.0000000052 6.3750000058 0.4000000015 0.1999999980 2.5500000117 0.0004100859
0.1410000000 0.4000000062 0.4999999712 1.0000000216 6.3750000241 0.4000000062 0.1999999915 2.5500000490 0.0016336031
0.1420000000 0.4000000252 0.4999998822 1.0000000881 6.3750000985 0.4000000252 0.1999999655 2.5500002000 0.0057676119
0.1430000000 0.4000000969 0.4999995467 1.0000003392 6.3750003791 0.4000000969 0.1999998671 2.5500007696 0.0158719281
0.1440000000 0.4000003363 0.4999984270 1.0000011772 6.3750013155 0.4000003363 0.1999995389 2.5500026703 0.0305892458
0.1450000000 0.4000010299 0.4999951832 1.0000036045 6.3750040283 0.4000010299 0.1999985882 2.5500081767 0.0426853861
0.1460000000 0.4000028322 0.4999867536 1.0000099128 6.3750110782 0.4000028322 0.1999961175 2.5500224866 0.0494176929
0.1470000000 0.4000072421 0.4999661282 1.0000253476 6.3750283282 0.4000072421 0.1999900721 2.5500574999 0.0526083359
0.1480000000 0.4000177310 0.4999170716 1.0000620594 6.3750693595 0.4000177310 0.1999756927 2.5501407799 0.0540320854
0.1490000000 0.4000423652 0.4998018581 1.0001482844 6.3751657413 0.4000423652 0.1999419175 2.5503363820 0.0546432941
0.1500000000 0.4000998917 0.4995328188 1.0003496543 6.3753908943 0.4000998917 0.1998630267 2.5507932063 0.0548811773
0.1510000000 0.4002338251 0.4989064907 1.0008185701 6.3759155342 0.4002338251 0.1996792532 2.5518570630 0.0549213817
0.1520000000 0.4005448589 0.4974522454 1.0019079920 6.3771362568 0.4005448589 0.1992519394 2.5543291423 0.0547938940
0.1530000000 0.4012643062 0.4940899474 1.0044303623 6.3799724171 0.4012643062 0.1982606599 2.5600552054 0.0544045220
0.1540000000 0.4029146315 0.4863852559 1.0102291702 6.3865434658 0.4029146315 0.1959717362 2.5732318071 0.0534721292
0.1550000000 0.4066306832 0.4690793006 1.0233501839 6.4016616010 0.4066306832 0.1907420364 2.6031120302 0.0513641088
0.1560000000 0.4146657510 0.4318872532 1.0520052169 6.4357524880 0.4146657510 0.1790888522 2.6686861384 0.0468311958
0.1570000000 0.4306507732 0.3590508888 1.1100059254 6.5082294226 0.4306507732 0.1546255429 2.8027740328 0.0377256137
0.1580000000 0.4578445179 0.2396413382 1.2109253933 6.6408134311 0.4578445179 0.1097184730 3.0404600241 0.0205218895
0.1590000000 0.4931331227 0.0946632268 1.3444076346 6.8201230982 0.4931331227 0.0466815726 3.3632286006 0.0087403389
0.1600000000 0.5223020549 -0.0168190263 1.4561138780 6.9698339017 0.5223020549 -0.0087846120 3.6403585693 0.0483328858
0.1610000000 0.5353161779 -0.0647567940 1.5065096437 7.0377034606 0.5353161779 -0.0346653594 3.7673965180 0.0861556704
0.1620000000 0.5380613698 -0.0748281122 1.5172520659 7.0524232866 0.5380613698 -0.0402621165 3.7946365338 0.1382308590
0.1630000000 0.5378496009 -0.0740447187 1.5164133471 7.0512421572 0.5378496009 -0.0398249224 3.7925077803 0.0952087632
0.1640000000 0.5370621469 -0.0711363825 1.5133091069 7.0469156309 0.5370621469 -0.0382046583 3.7846316379 0.0094415571
0.1650000000 0.5364408745 -0.0688363211 1.5108585461 7.0434925653 0.5364408745 -0.0369266163 3.7784173115 0.0667195525
0.1660000000 0.5362459740 -0.0681135087 1.5100888324 7.0424137565 0.5362459740 -0.0365255948 3.7764660242 0.1138999611
0.1670000000 0.5362315639 -0.0680601647 1.5100315516 7.0423322600 0.5362315639 -0.0364960085 3.7763208411 0.1352850447
0.1680000000 0.5362553904 -0.0681491653 1.5101256476 7.0424641960 0.5362553904 -0.0365453572 3.7765593868 0.0137801884
0.1690000000 0.5362826256 -0.0682510212 1.5102334713 7.0426162512 0.5362826256 -0.0366018369 3.7768327346 0.0444121760
0.1700000000 0.5362948830 -0.0682967696 1.5102818038 7.0426837720 0.5362948830 -0.0366272080 3.7769552695 0.0908139056
0.1710000000 0.5362967929 -0.0683036314 1.5102890975 7.0426931689 0.5362967929 -0.0366310185 3.7769737597 0.1072475745
0.1720000000 0.5362957769 -0.0682994935 1.5102849961 7.0426871043 0.5362957769 -0.0366287299 3.7769633520 0.0268441049
0.1730000000 0.5362942310 -0.0682933556 1.5102790017 7.0426790360 0.5362942310 -0.0366253326 3.7769481377 0.0282727781
0.1740000000 0.5362934970 -0.0682902348 1.5102762177 7.0426754810 0.5362934970 -0.0366236088 3.7769410616 0.0652679269
0.1750000000 0.5362935878 -0.0682902237 1.5102765084 7.0426756430 0.5362935878 -0.0366236091 3.7769417883 0.0337260275
0.1760000000 0.5362939735 -0.0682915713 1.5102778990 7.0426771544 0.5362939735 -0.0366243581 3.7769453149 0.0090818670
0.1770000000 0.5362942114 -0.0682928013 1.5102788268 7.0426784397 0.5362942114 -0.0366250340 3.7769476801 0.0299588890
0.1780000000 0.5362941698 -0.0682932339 1.5102787627 7.0426787170 0.5362941698 -0.0366252632 3.7769475357 0.0155540056
0.1790000000 0.5362940090 -0.0682931113 1.5102781876 7.0426781385 0.5362940090 -0.0366251865 3.7769460930 0.0082177978
0.1800000000 0.5362939357 -0.0682929260 1.5102778399 7.0426774676 0.5362939357 -0.0366250821 3.7769452168 0.0166075897
0.1810000000 0.5362940009 -0.0682929370 1.5102780462 7.0426775731 0.5362940009 -0.0366250924 3.7769457330 0.0087784771
0.1820000000 0.5362941376 -0.0682930464 1.5102786060 7.0426783966 0.5362941376 -0.0366251604 3.7769471368 0.0005522933
0.1830000000 0.5362942651 -0.0682930798 1.5102791304 7.0426791688 0.5362942651 -0.0366251870 3.7769484494 0.0056789477
0.1840000000 0.5362943446 -0.0682930118 1.5102793705 7.0426792399 0.5362943446 -0.0366251560 3.7769490475 0.0086129065
0.1850000000 0.5362943611 -0.0682929821 1.5102793561 7.0426789543 0.5362943611 -0.0366251412 3.7769490102 0.0073245645
0.1860000000 0.5362943244 -0.0682931256 1.5102792326 7.0426788705 0.5362943244 -0.0366252156 3.7769487068 0.0022443872
0.1870000000 0.5362942673 -0.0682934457 1.5102791157 7.0426790966 0.5362942673 -0.0366253834 3.7769484262 0.0043514703
0.1880000000 0.5362942391 -0.0682937999 1.5102790481 7.0426791767 0.5362942391 -0.0366255715 3.7769482700 0.0059129200
0.1890000000 0.5362942510 -0.0682940315 1.5102790445 7.0426790190 0.5362942510 -0.0366256965 3.7769482694 0.0033684492
0.1900000000 0.5362942881 -0.0682940649 1.5102791392 7.0426789753 0.5362942881 -0.0366257169 3.7769485075 0.0019510293
0.1910000000 0.5362943438 -0.0682939389 1.5102793560 7.0426792469 0.5362943438 -0.0366256531 3.7769490451 0.0027256794
0.1920000000 0.5362944261 -0.0682937640 1.5102796596 7.0426795695 0.5362944261 -0.0366255650 3.7769497977 0.0010237817
0.1930000000 0.5362945201 -0.0682936499 1.5102799482 7.0426796730 0.5362945201 -0.0366255102 3.7769505153 0.0050080540
0.1940000000 0.5362945738 -0.0682936608 1.5102801139 7.0426797415 0.5362945738 -0.0366255197 3.7769509302 0.0092323171
0.1950000000 0.5362945557 -0.0682938062 1.5102801086 7.0426799642 0.5362945557 -0.0366255965 3.7769509222 0.0057218088
0.1960000000 0.5362944904 -0.0682940492 1.5102799695 7.0426801897 0.5362944904 -0.0366257223 3.7769505832 0.0021743224
0.1970000000 0.5362944398 -0.0682943110 1.5102798040 7.0426801004 0.5362944398 -0.0366258592 3.7769501789 0.0060961707
0.1980000000 0.5362944330 -0.0682945098 1.5102797182 7.0426798031 0.5362944330 -0.0366259654 3.7769499716 0.0049088213
0.1990000000 0.5362944618 -0.0682945886 1.5102797712 7.0426796770 0.5362944618 -0.0366260096 3.7769501071 0.0031394692
0.2000000000 0.5362945163 -0.0682945383 1.5102799588 7.0426798331 0.5362945163 -0.0366259864 3.7769505744 0.0026223455
0.2010000000 0.5362945948 -0.0682944070 1.5102802201 7.0426800107 0.5362945948 -0.0366259213 3.7769512230 0.0001021566
0.2020000000 0.5362946754 -0.0682942813 1.5102804646 7.0426800843 0.5362946754 -0.0366258594 3.7769518298 0.0055260436
0.2030000000 0.5362947135 -0.0682942410 1.5102806143 7.0426802792 0.5362947135 -0.0366258404 3.7769522027 0.0080291682
0.2040000000 0.5362946907 -0.0682943267 1.5102806287 7.0426806520 0.5362946907 -0.0366258848 3.7769522419 0.0044748849
0.2050000000 0.5362946311 -0.0682945264 1.5102805178 7.0426809307 0.5362946311 -0.0366259878 3.7769519717 0.0017630681
0.2060000000 0.5362945828 -0.0682947705 1.5102803499 7.0426807993 0.5362945828 -0.0366261155 3.7769515609 0.0043334044
0.2070000000 0.5362945648 -0.0682949703 1.5102802172 7.0426804305 0.5362945648 -0.0366262214 3.7769512363 0.0040351487
0.2080000000 0.5362945751 -0.0682950546 1.5102801964 7.0426802036 0.5362945751 -0.0366262673 3.7769511875 0.0037701503
0.2090000000 0.5362946147 -0.0682949985 1.5102803172 7.0426802437 0.5362946147 -0.0366262399 3.7769514875 0.0035517159
0.2100000000 0.5362946851 -0.0682948380 1.5102805434 7.0426803620 0.5362946851 -0.0366261587 3.7769520472 0.0000570029
0.2110000000 0.5362947590 -0.0682946572 1.5102807864 7.0426805122 0.5362947590 -0.0366260667 3.7769526483 0.0053613743
0.2120000000 0.5362947926 -0.0682945425 1.5102809551 7.0426808500 0.5362947926 -0.0366260075 3.7769530659 0.0072420989
0.2130000000 0.5362947721 -0.0682945466 1.5102809949 7.0426813046 0.5362947721 -0.0366260083 3.7769531655 0.0037469115
0.2140000000 0.5362947215 -0.0682946745 1.5102809030 7.0426815496 0.5362947215 -0.0366260734 3.7769529405 0.0011512175
0.2150000000 0.5362946777 -0.0682948752 1.5102807362 7.0426813613 0.5362946777 -0.0366261781 3.7769525306 0.0027732738
0.2160000000 0.5362946525 -0.0682950703 1.5102805791 7.0426809733 0.5362946525 -0.0366262810 3.7769521449 0.0026958567
0.2170000000 0.5362946453 -0.0682951890 1.5102805078 7.0426807425 0.5362946453 -0.0366263442 3.7769519711 0.0035317138
0.2180000000 0.5362946641 -0.0682951940 1.5102805619 7.0426807487 0.5362946641 -0.0366263481 3.7769521066 0.0040164722
0.2190000000 0.5362947155 -0.0682950976 1.5102807276 7.0426808402 0.5362947155 -0.0366263000 3.7769525174 0.0009041774
0.2200000000 0.5362947766 -0.0682949597 1.5102809405 7.0426810208 0.5362947766 -0.0366262302 3.7769530447 0.0037974018
0.2210000000 0.5362948102 -0.0682948579 1.5102811168 7.0426813949 0.5362948102 -0.0366261779 3.7769534818 0.0054623447
0.2220000000 0.5362948042 -0.0682948523 1.5102811910 7.0426818190 0.5362948042 -0.0366261745 3.7769536671 0.0029357559
0.2230000000 0.5362947758 -0.0682949639 1.5102811392 7.0426819583 0.5362947758 -0.0366262324 3.7769535417 0.0000794735
0.2240000000 0.5362947459 -0.0682951579 1.5102809970 7.0426817008 0.5362947459 -0.0366263344 3.7769531933 0.0009954779
0.2250000000 0.5362947208 -0.0682953609 1.5102808415 7.0426813191 0.5362947208 -0.0366264415 3.7769528118 0.0015258917
0.2260000000 0.5362947049 -0.0682954948 1.5102807550 7.0426811337 0.5362947049 -0.0366265122 3.7769526003 0.0036167494
0.2270000000 0.5362947151 -0.0682955106 1.5102807895 7.0426811617 0.5362947151 -0.0366265214 3.7769526872 0.0044993527
0.2280000000 0.5362947609 -0.0682954093 1.5102809441 7.0426812749 0.5362947609 -0.0366264702 3.7769530702 0.0014957989
0.2290000000 0.5362948210 -0.0682952429 1.5102811639 7.0426814985 0.5362948210 -0.0366263851 3.7769536137 0.0027018853
0.2300000000 0.5362948623 -0.0682950890 1.5102813666 7.0426818912 0.5362948623 -0.0366263054 3.7769541148 0.0041468141
0.2310000000 0.5362948740 -0.0682950145 1.5102814816 7.0426822686 0.5362948740 -0.0366262662 3.7769543998 0.0026225079
0.2320000000 0.5362948667 -0.0682950535 1.5102814733 7.0426823282 0.5362948667 -0.0366262866 3.7769543804 0.0013330909
0.2330000000 0.5362948480 -0.0682951921 1.5102813572 7.0426820413 0.5362948480 -0.0366263597 3.7769540951 0.0011852918
0.2340000000 0.5362948180 -0.0682953742 1.5102811936 7.0426816861 0.5362948180 -0.0366264552 3.7769536927 0.0000827485
0.2350000000 0.5362947849 -0.0682955264 1.5102810607 7.0426815108 0.5362947849 -0.0366265346 3.7769533659 0.0030117350
0.2360000000 0.5362947732 -0.0682955909 1.5102810201 7.0426814791 0.5362947732 -0.0366265684 3.7769532667 0.0046568562
0.2370000000 0.5362947966 -0.0682955490 1.5102810913 7.0426815020 0.5362947966 -0.0366265475 3.7769534434 0.0022651249
0.2380000000 0.5362948392 -0.0682954296 1.5102812433 7.0426816426 0.5362948392 -0.0366264864 3.7769538191 0.0013621760
0.2390000000 0.5362948737 -0.0682952976 1.5102814066 7.0426819426 0.5362948737 -0.0366264180 3.7769542226 0.0026791298
0.2400000000 0.5362948899 -0.0682952211 1.5102815084 7.0426821990 0.5362948899 -0.0366263781 3.7769544743 0.0021621357
0.2410000000 0.5362948909 -0.0682952435 1.5102815024 7.0426821595 0.5362948909 -0.0366263901 3.7769544602 0.0021552263
0.2420000000 0.5362948749 -0.0682953620 1.5102813916 7.0426818605 0.5362948749 -0.0366264526 3.7769541875 0.0022580787
0.2430000000 0.5362948395 -0.0682955290 1.5102812271 7.0426815697 0.5362948395 -0.0366265398 3.7769537822 0.0003248767
0.2440000000 0.5362947992 -0.0682956731 1.5102810855 7.0426814482 0.5362947992 -0.0366266143 3.7769534334 0.0033456481
0.2450000000 0.5362947830 -0.0682957332 1.5102810327 7.0426814196 0.5362947830 -0.0366266454 3.7769533035 0.0051085998
0.2460000000 0.5362948049 -0.0682956837 1.5102810965 7.0426814257 0.5362948049 -0.0366266204 3.7769534613 0.0029805896
0.2470000000 0.5362948515 -0.0682955440 1.5102812572 7.0426815543 0.5362948515 -0.0366265487 3.7769538581 0.0001879644
0.2480000000 0.5362948989 -0.0682953724 1.5102814537 7.0426818354 0.5362948989 -0.0366264598 3.7769543431 0.0015197276
0.2490000000 0.5362949367 -0.0682952384 1.5102816121 7.0426820685 0.5362949367 -0.0366263906 3.7769547342 0.0020277219
0.2500000000 0.5362949602 -0.0682951958 1.5102816755 7.0426820528 0.5362949602 -0.0366263693 3.7769548913 0.0033783338
0.2510000000 0.5362949583 -0.0682952605 1.5102816270 7.0426818561 0.5362949583 -0.0366264039 3.7769547724 0.0039269152
0.2520000000 0.5362949252 -0.0682954042 1.5102814962 7.0426816903 0.5362949252 -0.0366264787 3.7769544506 0.0013691878
0.2530000000 0.5362948792 -0.0682955654 1.5102813478 7.0426816143 0.5362948792 -0.0366265620 3.7769540854 0.0026742360
0.2540000000 0.5362948520 -0.0682956785 1.5102812511 7.0426815278 0.5362948520 -0.0366266208 3.7769538476 0.0046928566
0.2550000000 0.5362948592 -0.0682957028 1.5102812481 7.0426814218 0.5362948592 -0.0366266343 3.7769538412 0.0031784929
0.2560000000 0.5362948911 -0.0682956374 1.5102813390 7.0426814212 0.5362948911 -0.0366266014 3.7769540659 0.0005600244
0.2570000000 0.5362949293 -0.0682955232 1.5102814792 7.0426815654 0.5362949293 -0.0366265428 3.7769544125 0.0007695021
0.2580000000 0.5362949637 -0.0682954224 1.5102816018 7.0426816786 0.5362949637 -0.0366264911 3.7769547154 0.0019319340
0.2590000000 0.5362949847 -0.0682953892 1.5102816485 7.0426816186 0.5362949847 -0.0366264747 3.7769548310 0.0038157049
0.2600000000 0.5362949773 -0.0682954455 1.5102815960 7.0426814751 0.5362949773 -0.0366265044 3.7769547017 0.0040679509
0.2610000000 0.5362949376 -0.0682955723 1.5102814647 7.0426813927 0.5362949376 -0.0366265697 3.7769543780 0.0009816267
0.2620000000 0.5362948881 -0.0682957158 1.5102813123 7.0426813420 0.5362948881 -0.0366266433 3.7769540021 0.0030521063
0.2630000000 0.5362948605 -0.0682958138 1.5102812059 7.0426812154 0.5362948605 -0.0366266939 3.7769537397 0.0048555831
0.2640000000 0.5362948683 -0.0682958233 1.5102811920 7.0426810488 0.5362948683 -0.0366266996 3.7769537052 0.0035503874
0.2650000000 0.5362949035 -0.0682957357 1.5102812807 7.0426809943 0.5362949035 -0.0366266550 3.7769539239 0.0013252100
0.2660000000 0.5362949508 -0.0682955827 1.5102814391 7.0426811008 0.5362949508 -0.0366265761 3.7769543144 0.0001248752
0.2670000000 0.5362949994 -0.0682954240 1.5102816045 7.0426812236 0.5362949994 -0.0366264943 3.7769547222 0.0019396233
0.2680000000 0.5362950344 -0.0682953204 1.5102817126 7.0426812603 0.5362950344 -0.0366264412 3.7769549889 0.0044265141
0.2690000000 0.5362950370 -0.0682953084 1.5102817250 7.0426812833 0.5362950370 -0.0366264349 3.7769550194 0.0046774962
0.2700000000 0.5362950038 -0.0682953873 1.5102816423 7.0426813386 0.5362950038 -0.0366264750 3.7769548155 0.0014161722
0.2710000000 0.5362949578 -0.0682955186 1.5102815056 7.0426813146 0.5362949578 -0.0366265422 3.7769544784 0.0023854844
0.2720000000 0.5362949284 -0.0682956426 1.5102813779 7.0426811141 0.5362949284 -0.0366266068 3.7769541635 0.0040031884
0.2730000000 0.5362949273 -0.0682957087 1.5102813129 7.0426808288 0.5362949273 -0.0366266421 3.7769540034 0.0031304328
0.2740000000 0.5362949494 -0.0682956934 1.5102813352 7.0426806419 0.5362949494 -0.0366266354 3.7769540587 0.0014310346
0.2750000000 0.5362949836 -0.0682956108 1.5102814294 7.0426806265 0.5362949836 -0.0366265935 3.7769542913 0.0000912917
0.2760000000 0.5362950204 -0.0682955068 1.5102815464 7.0426806824 0.5362950204 -0.0366265402 3.7769545801 0.0019064625
0.2770000000 0.5362950441 -0.0682954360 1.5102816281 7.0426807466 0.5362950441 -0.0366265039 3.7769547818 0.0041770692
0.2780000000 0.5362950375 -0.0682954360 1.5102816344 7.0426808630 0.5362950375 -0.0366265034 3.7769547975 0.0038937625
0.2790000000 0.5362950010 -0.0682955133 1.5102815585 7.0426809938 0.5362950010 -0.0366265424 3.7769546105 0.0006340920
0.2800000000 0.5362949580 -0.0682956386 1.5102814319 7.0426809764 0.5362949580 -0.0366266067 3.7769542985 0.0025954778
0.2810000000 0.5362949332 -0.0682957595 1.5102813107 7.0426807449 0.5362949332 -0.0366266698 3.7769539998 0.0037789198
0.2820000000 0.5362949351 -0.0682958262 1.5102812479 7.0426804325 0.5362949351 -0.0366267057 3.7769538453 0.0030326105
0.2830000000 0.5362949591 -0.0682958098 1.5102812743 7.0426802385 0.5362949591 -0.0366266985 3.7769539107 0.0017020281
0.2840000000 0.5362949972 -0.0682957154 1.5102813844 7.0426802460 0.5362949972 -0.0366266505 3.7769541827 0.0004360585
0.2850000000 0.5362950404 -0.0682955819 1.5102815364 7.0426803782 0.5362950404 -0.0366265819 3.7769545578 0.0016895932
0.2860000000 0.5362950722 -0.0682954646 1.5102816709 7.0426805793 0.5362950722 -0.0366265211 3.7769548900 0.0039603849
0.2870000000 0.5362950757 -0.0682954091 1.5102817386 7.0426808452 0.5362950757 -0.0366264916 3.7769550572 0.0037967705
0.2880000000 0.5362950511 -0.0682954354 1.5102817175 7.0426810716 0.5362950511 -0.0366265040 3.7769550053 0.0009937942
0.2890000000 0.5362950178 -0.0682955289 1.5102816223 7.0426810718 0.5362950178 -0.0366265519 3.7769547705 0.0014420562
0.2900000000 0.5362949937 -0.0682956454 1.5102814993 7.0426808223 0.5362949937 -0.0366266127 3.7769544673 0.0022892768
0.2910000000 0.5362949851 -0.0682957338 1.5102814023 7.0426804895 0.5362949851 -0.0366266596 3.7769542281 0.0019815303
0.2920000000 0.5362949902 -0.0682957571 1.5102813707 7.0426802763 0.5362949902 -0.0366266724 3.7769541498 0.0015635461
0.2930000000 0.5362950073 -0.0682957073 1.5102814129 7.0426802452 0.5362950073 -0.0366266468 3.7769542536 0.0009486907
0.2940000000 0.5362950329 -0.0682956096 1.5102815025 7.0426803198 0.5362950329 -0.0366265962 3.7769544740 0.0008971723
0.2950000000 0.5362950534 -0.0682955105 1.5102815908 7.0426804561 0.5362950534 -0.0366265445 3.7769546912 0.0029463198
0.2960000000 0.5362950533 -0.0682954546 1.5102816312 7.0426806416 0.5362950533 -0.0366265145 3.7769547903 0.0028218971
0.2970000000 0.5362950327 -0.0682954671 1.5102815982 7.0426807591 0.5362950327 -0.0366265198 3.7769547081 0.0006859148
0.2980000000 0.5362950061 -0.0682955425 1.5102814988 7.0426806502 0.5362950061 -0.0366265584 3.7769544624 0.0009439243
0.2990000000 0.5362949852 -0.0682956456 1.5102813718 7.0426803400 0.5362949852 -0.0366266122 3.7769541484 0.0014561275
0.3000000000 0.5362949735 -0.0682957296 1.5102812680 7.0426800155 0.5362949735 -0.0366266565 3.7769538920 0.0016157262
0.3010000000 0.5362949727 -0.0682957553 1.5102812301 7.0426798513 0.5362949727 -0.0366266702 3.7769537983 0.0021149232
0.3020000000 0.5362949875 -0.0682957078 1.5102812744 7.0426798594 0.5362949875 -0.0366266457 3.7769539073 0.0019238772
0.3030000000 0.5362950181 -0.0682956041 1.5102813829 7.0426799567 0.5362950181 -0.0366265922 3.7769541749 0.0000739570
0.3040000000 0.5362950509 -0.0682954862 1.5102815107 7.0426801143 0.5362950509 -0.0366265313 3.7769544901 0.0020282677
0.3050000000 0.5362950697 -0.0682954015 1.5102816069 7.0426803100 0.5362950697 -0.0366264871 3.7769547276 0.0023709085
0.3060000000 0.5362950718 -0.0682953831 1.5102816357 7.0426804153 0.5362950718 -0.0366264774 3.7769547988 0.0011866187
0.3070000000 0.5362950648 -0.0682954370 1.5102815897 7.0426802963 0.5362950648 -0.0366265058 3.7769546859 0.0003666368
0.3080000000 0.5362950538 -0.0682955382 1.5102814947 7.0426800045 0.5362950538 -0.0366265593 3.7769544521 0.0000979983
0.3090000000 0.5362950405 -0.0682956433 1.5102813961 7.0426797270 0.5362950405 -0.0366266148 3.7769542095 0.0006723323
0.3100000000 0.5362950310 -0.0682957092 1.5102813392 7.0426795915 0.5362950310 -0.0366266495 3.7769540696 0.0020576543
0.3110000000 0.5362950363 -0.0682957116 1.5102813493 7.0426795692 0.5362950363 -0.0366266511 3.7769540949 0.0023440280
0.3120000000 0.5362950597 -0.0682956550 1.5102814213 7.0426795927 0.5362950597 -0.0366266224 3.7769542727 0.0006472584
0.3130000000 0.5362950895 -0.0682955705 1.5102815218 7.0426796651 0.5362950895 -0.0366265791 3.7769545211 0.0013191893
0.3140000000 0.5362951106 -0.0682955009 1.5102816055 7.0426797728 0.5362951106 -0.0366265432 3.7769547278 0.0018044218
0.3150000000 0.5362951192 -0.0682954811 1.5102816349 7.0426797957 0.5362951192 -0.0366265332 3.7769548006 0.0012891798
0.3160000000 0.5362951183 -0.0682955237 1.5102815967 7.0426796325 0.5362951183 -0.0366265560 3.7769547066 0.0010700300
0.3170000000 0.5362951085 -0.0682956129 1.5102815078 7.0426793527 0.5362951085 -0.0366266031 3.7769544875 0.0008363117
0.3180000000 0.5362950910 -0.0682957111 1.5102814077 7.0426791226 0.5362950910 -0.0366266546 3.7769542410 0.0005604428
0.3190000000 0.5362950765 -0.0682957762 1.5102813414 7.0426790088 0.5362950765 -0.0366266885 3.7769540775 0.0024852164
0.3200000000 0.5362950797 -0.0682957796 1.5102813385 7.0426789529 0.5362950797 -0.0366266906 3.7769540705 0.0028834389
0.3210000000 0.5362951049 -0.0682957186 1.5102814017 7.0426789124 0.5362951049 -0.0366266596 3.7769542262 0.0011560971
0.3220000000 0.5362951402 -0.0682956175 1.5102815044 7.0426789212 0.5362951402 -0.0366266077 3.7769544795 0.0008118632
0.3230000000 0.5362951707 -0.0682955170 1.5102816028 7.0426789726 0.5362951707 -0.0366265559 3.7769547217 0.0016067549
0.3240000000 0.5362951901 -0.0682954563 1.5102816548 7.0426789566 0.5362951901 -0.0366265247 3.7769548497 0.0017823897
0.3250000000 0.5362951965 -0.0682954565 1.5102816380 7.0426787933 0.5362951965 -0.0366265253 3.7769548076 0.0020961356
0.3260000000 0.5362951869 -0.0682955124 1.5102815582 7.0426785517 0.5362951869 -0.0366265546 3.7769546101 0.0017260898
0.3270000000 0.5362951630 -0.0682955944 1.5102814475 7.0426783543 0.5362951630 -0.0366265969 3.7769543363 0.0002679436
0.3280000000 0.5362951399 -0.0682956618 1.5102813502 7.0426782087 0.5362951399 -0.0366266315 3.7769540955 0.0025925107
0.3290000000 0.5362951353 -0.0682956817 1.5102813025 7.0426780485 0.5362951353 -0.0366266418 3.7769539769 0.0031132484
0.3300000000 0.5362951538 -0.0682956426 1.5102813179 7.0426778754 0.5362951538 -0.0366266222 3.7769540140 0.0015412912
0.3310000000 0.5362951849 -0.0682955591 1.5102813825 7.0426777625 0.5362951849 -0.0366265795 3.7769541725 0.0002602352
0.3320000000 0.5362952153 -0.0682954658 1.5102814607 7.0426777212 0.5362952153 -0.0366265315 3.7769543647 0.0011728442
0.3330000000 0.5362952380 -0.0682954012 1.5102815126 7.0426776612 0.5362952380 -0.0366264984 3.7769544923 0.0017314739
0.3340000000 0.5362952482 -0.0682953913 1.5102815116 7.0426775208 0.5362952482 -0.0366264938 3.7769544892 0.0022840763
0.3350000000 0.5362952413 -0.0682954385 1.5102814553 7.0426773531 0.5362952413 -0.0366265187 3.7769543503 0.0016923671
0.3360000000 0.5362952206 -0.0682955205 1.5102813676 7.0426772207 0.5362952206 -0.0366265613 3.7769541340 0.0006432262
0.3370000000 0.5362952036 -0.0682955998 1.5102812878 7.0426770784 0.5362952036 -0.0366266026 3.7769539374 0.0029377095
0.3380000000 0.5362952073 -0.0682956419 1.5102812520 7.0426768656 0.5362952073 -0.0366266254 3.7769538494 0.0031670699
0.3390000000 0.5362952345 -0.0682956289 1.5102812780 7.0426766291 0.5362952345 -0.0366266203 3.7769539141 0.0015952794
0.3400000000 0.5362952747 -0.0682955670 1.5102813581 7.0426764704 0.5362952747 -0.0366265899 3.7769541120 0.0001382852
0.3410000000 0.5362953150 -0.0682954847 1.5102814605 7.0426764131 0.5362953150 -0.0366265485 3.7769543652 0.0012306242
0.3420000000 0.5362953469 -0.0682954194 1.5102815443 7.0426763794 0.5362953469 -0.0366265156 3.7769545723 0.0021034298
0.3430000000 0.5362953637 -0.0682954006 1.5102815768 7.0426763101 0.5362953637 -0.0366265067 3.7769546531 0.0027564074
0.3440000000 0.5362953600 -0.0682954380 1.5102815471 7.0426762229 0.5362953600 -0.0366265265 3.7769545802 0.0019220746
0.3450000000 0.5362953411 -0.0682955173 1.5102814702 7.0426761169 0.5362953411 -0.0366265677 3.7769543907 0.0006167154
0.3460000000 0.5362953257 -0.0682956050 1.5102813814 7.0426759115 0.5362953257 -0.0366266137 3.7769541718 0.0027153743
0.3470000000 0.5362953292 -0.0682956651 1.5102813192 7.0426755796 0.5362953292 -0.0366266462 3.7769540185 0.0028193370
0.3480000000 0.5362953533 -0.0682956739 1.5102813093 7.0426752186 0.5362953533 -0.0366266526 3.7769539942 0.0014347485
0.3490000000 0.5362953887 -0.0682956288 1.5102813550 7.0426749632 0.5362953887 -0.0366266308 3.7769541068 0.0000732427
0.3500000000 0.5362954246 -0.0682955508 1.5102814342 7.0426748562 0.5362954246 -0.0366265914 3.7769543021 0.0011261765
0.3510000000 0.5362954530 -0.0682954745 1.5102815106 7.0426748342 0.5362954530 -0.0366265525 3.7769544905 0.0020368769
0.3520000000 0.5362954669 -0.0682954320 1.5102815505 7.0426748342 0.5362954669 -0.0366265306 3.7769545887 0.0025533605
0.3530000000 0.5362954623 -0.0682954396 1.5102815365 7.0426748309 0.5362954623 -0.0366265344 3.7769545540 0.0015337462
0.3540000000 0.5362954456 -0.0682954914 1.5102814750 7.0426747659 0.5362954456 -0.0366265610 3.7769544019 0.0008479301
0.3550000000 0.5362954342 -0.0682955606 1.5102813941 7.0426745432 0.5362954342 -0.0366265973 3.7769542022 0.0024683086
0.3560000000 0.5362954399 -0.0682956134 1.5102813296 7.0426741716 0.5362954399 -0.0366266261 3.7769540429 0.0023864632
0.3570000000 0.5362954627 -0.0682956238 1.5102813092 7.0426737774 0.5362954627 -0.0366266332 3.7769539923 0.0011881085
0.3580000000 0.5362954948 -0.0682955833 1.5102813415 7.0426735046 0.5362954948 -0.0366266136 3.7769540717 0.0000006676
0.3590000000 0.5362955277 -0.0682955067 1.5102814109 7.0426733907 0.5362955277 -0.0366265748 3.7769542425 0.0008724938
0.3600000000 0.5362955551 -0.0682954251 1.5102814845 7.0426733685 0.5362955551 -0.0366265329 3.7769544235 0.0017538647
0.3610000000 0.5362955703 -0.0682953715 1.5102815276 7.0426733670 0.5362955703 -0.0366265052 3.7769545295 0.0023119077
0.3620000000 0.5362955688 -0.0682953669 1.5102815183 7.0426733423 0.5362955688 -0.0366265027 3.7769545061 0.0014411392
0.3630000000 0.5362955564 -0.0682954125 1.5102814564 7.0426732199 0.5362955564 -0.0366265262 3.7769543529 0.0005808043
0.3640000000 0.5362955473 -0.0682954870 1.5102813652 7.0426729191 0.5362955473 -0.0366265656 3.7769541275 0.0018655556
0.3650000000 0.5362955507 -0.0682955577 1.5102812803 7.0426724833 0.5362955507 -0.0366266038 3.7769539179 0.0018368484
0.3660000000 0.5362955669 -0.0682955948 1.5102812343 7.0426720595 0.5362955669 -0.0366266247 3.7769538044 0.0011524253
0.3670000000 0.5362955916 -0.0682955826 1.5102812444 7.0426717811 0.5362955916 -0.0366266199 3.7769538291 0.0006858891
0.3680000000 0.5362956221 -0.0682955272 1.5102813041 7.0426716545 0.5362956221 -0.0366265923 3.7769539764 0.0001974324
0.3690000000 0.5362956553 -0.0682954536 1.5102813867 7.0426715994 0.5362956553 -0.0366265550 3.7769541803 0.0007490015
0.3700000000 0.5362956837 -0.0682953940 1.5102814574 7.0426715520 0.5362956837 -0.0366265250 3.7769543550 0.0016297158
0.3710000000 0.5362957004 -0.0682953733 1.5102814889 7.0426714780 0.5362957004 -0.0366265151 3.7769544330 0.0012660153
0.3720000000 0.5362957077 -0.0682953994 1.5102814720 7.0426713058 0.5362957077 -0.0366265296 3.7769543917 0.0001319980
0.3730000000 0.5362957151 -0.0682954587 1.5102814200 7.0426709696 0.5362957151 -0.0366265619 3.7769542638 0.0009148161
0.3740000000 0.5362957282 -0.0682955232 1.5102813615 7.0426705293 0.5362957282 -0.0366265974 3.7769541200 0.0008035198
0.3750000000 0.5362957464 -0.0682955634 1.5102813272 7.0426701329 0.5362957464 -0.0366266201 3.7769540358 0.0006739645
0.3760000000 0.5362957695 -0.0682955602 1.5102813364 7.0426698736 0.5362957695 -0.0366266200 3.7769540588 0.0008819506
0.3770000000 0.5362957996 -0.0682955145 1.5102813880 7.0426697145 0.5362957996 -0.0366265976 3.7769541861 0.0006461090
0.3780000000 0.5362958357 -0.0682954462 1.5102814602 7.0426695728 0.5362958357 -0.0366265634 3.7769543643 0.0004913025
0.3790000000 0.5362958691 -0.0682953859 1.5102815210 7.0426694145 0.5362958691 -0.0366265333 3.7769545142 0.0016257614
0.3800000000 0.5362958907 -0.0682953604 1.5102815420 7.0426692264 0.5362958907 -0.0366265212 3.7769545658 0.0015309222
0.3810000000 0.5362959011 -0.0682953823 1.5102815106 7.0426689457 0.5362959011 -0.0366265336 3.7769544881 0.0005085393
0.3820000000 0.5362959070 -0.0682954434 1.5102814359 7.0426685233 0.5362959070 -0.0366265668 3.7769543036 0.0000876347
0.3830000000 0.5362959126 -0.0682955189 1.5102813454 7.0426680336 0.5362959126 -0.0366266076 3.7769540801 0.0002711557
0.3840000000 0.5362959191 -0.0682955774 1.5102812730 7.0426676143 0.5362959191 -0.0366266395 3.7769539012 0.0009405989
0.3850000000 0.5362959321 -0.0682955949 1.5102812451 7.0426673149 0.5362959321 -0.0366266497 3.7769538321 0.0018120841
0.3860000000 0.5362959589 -0.0682955642 1.5102812695 7.0426670748 0.5362959589 -0.0366266351 3.7769538920 0.0016789880
0.3870000000 0.5362959994 -0.0682954983 1.5102813327 7.0426668329 0.5362959994 -0.0366266025 3.7769540477 0.0002527766
0.3880000000 0.5362960429 -0.0682954243 1.5102814058 7.0426665972 0.5362960429 -0.0366265658 3.7769542278 0.0011396765
0.3890000000 0.5362960784 -0.0682953711 1.5102814577 7.0426663702 0.5362960784 -0.0366265397 3.7769543559 0.0013898812
0.3900000000 0.5362961036 -0.0682953571 1.5102814689 7.0426660906 0.5362961036 -0.0366265339 3.7769543832 0.0008991324
0.3910000000 0.5362961216 -0.0682953828 1.5102814384 7.0426657131 0.5362961216 -0.0366265489 3.7769543080 0.0006441236
0.3920000000 0.5362961341 -0.0682954306 1.5102813846 7.0426653026 0.5362961341 -0.0366265754 3.7769541753 0.0002794848
0.3930000000 0.5362961435 -0.0682954737 1.5102813361 7.0426649557 0.5362961435 -0.0366265992 3.7769540557 0.0008966084
0.3940000000 0.5362961590 -0.0682954881 1.5102813184 7.0426646700 0.5362961590 -0.0366266079 3.7769540119 0.0020268644
0.3950000000 0.5362961900 -0.0682954638 1.5102813420 7.0426643727 0.5362961900 -0.0366265970 3.7769540702 0.0016981583
0.3960000000 0.5362962347 -0.0682954093 1.5102813984 7.0426640444 0.5362962347 -0.0366265709 3.7769542093 0.0000267482
0.3970000000 0.5362962806 -0.0682953482 1.5102814626 7.0426637374 0.5362962806 -0.0366265412 3.7769543677 0.0014463433
0.3980000000 0.5362963160 -0.0682953085 1.5102815053 7.0426634683 0.5362963160 -0.0366265223 3.7769544730 0.0018332553
0.3990000000 0.5362963379 -0.0682953102 1.5102815052 7.0426631812 0.5362963379 -0.0366265247 3.7769544730 0.0015650960
0.4000000000 0.5362963479 -0.0682953570 1.5102814587 7.0426628365 0.5362963479 -0.0366265505 3.7769543585 0.0012375552
0.4010000000 0.5362963480 -0.0682954340 1.5102813815 7.0426624798 0.5362963480 -0.0366265919 3.7769541683 0.0003250255
0.4020000000 0.5362963448 -0.0682955135 1.5102813030 7.0426621616 0.5362963448 -0.0366266343 3.7769539750 0.0014658323
0.4030000000 0.5362963515 -0.0682955667 1.5102812535 7.0426618459 0.5362963515 -0.0366266633 3.7769538530 0.0027302503
0.4040000000 0.5362963784 -0.0682955760 1.5102812509 7.0426614819 0.5362963784 -0.0366266701 3.7769538470 0.0021217433
0.4050000000 0.5362964220 -0.0682955410 1.5102812950 7.0426611122 0.5362964220 -0.0366266543 3.7769539561 0.0002478417
0.4060000000 0.5362964684 -0.0682954789 1.5102813667 7.0426608335 0.5362964684 -0.0366266242 3.7769541332 0.0012706960
0.4070000000 0.5362965057 -0.0682954165 1.5102814368 7.0426606656 0.5362965057 -0.0366265932 3.7769543062 0.0018358561
0.4080000000 0.5362965296 -0.0682953777 1.5102814790 7.0426605461 0.5362965296 -0.0366265740 3.7769544104 0.0018670263
0.4090000000 0.5362965397 -0.0682953739 1.5102814808 7.0426604222 0.5362965397 -0.0366265727 3.7769544147 0.0015653002
0.4100000000 0.5362965378 -0.0682953997 1.5102814477 7.0426602942 0.5362965378 -0.0366265864 3.7769543329 0.0004435457
0.4110000000 0.5362965320 -0.0682954355 1.5102814009 7.0426601556 0.5362965320 -0.0366266052 3.7769542172 0.0013637581
0.4120000000 0.5362965353 -0.0682954572 1.5102813662 7.0426599512 0.5362965353 -0.0366266171 3.7769541314 0.0022711356
0.4130000000 0.5362965552 -0.0682954480 1.5102813623 7.0426596712 0.5362965552 -0.0366266135 3.7769541211 0.0012647010
0.4140000000 0.5362965849 -0.0682954057 1.5102813923 7.0426594187 0.5362965849 -0.0366265928 3.7769541948 0.0007392310
0.4150000000 0.5362966096 -0.0682953445 1.5102814421 7.0426593219 0.5362966096 -0.0366265617 3.7769543171 0.0020724319
0.4160000000 0.5362966197 -0.0682952890 1.5102814866 7.0426593928 0.5362966197 -0.0366265326 3.7769544263 0.0025864415
0.4170000000 0.5362966114 -0.0682952625 1.5102815017 7.0426595704 0.5362966114 -0.0366265179 3.7769544631 0.0025357501
0.4180000000 0.5362965843 -0.0682952782 1.5102814743 7.0426598003 0.5362965843 -0.0366265244 3.7769543951 0.0018961342
0.4190000000 0.5362965420 -0.0682953331 1.5102814081 7.0426600503 0.5362965420 -0.0366265510 3.7769542315 0.0005380202
0.4200000000 0.5362964946 -0.0682954080 1.5102813238 7.0426602842 0.5362964946 -0.0366265879 3.7769540234 0.0011735519
0.4210000000 0.5362964556 -0.0682954755 1.5102812507 7.0426604604 0.5362964556 -0.0366266214 3.7769538430 0.0019843053
0.4220000000 0.5362964312 -0.0682955121 1.5102812134 7.0426606101 0.5362964312 -0.0366266394 3.7769537511 0.0010579895
0.4230000000 0.5362964146 -0.0682955068 1.5102812234 7.0426608743 0.5362964146 -0.0366266354 3.7769537759 0.0005365032
0.4240000000 0.5362963944 -0.0682954655 1.5102812738 7.0426613709 0.5362963944 -0.0366266119 3.7769539003 0.0013983160
0.4250000000 0.5362963645 -0.0682954081 1.5102813428 7.0426620817 0.5362963645 -0.0366265791 3.7769540706 0.0019345199
0.4260000000 0.5362963203 -0.0682953590 1.5102814039 7.0426629434 0.5362963203 -0.0366265497 3.7769542214 0.0022867915
0.4270000000 0.5362962581 -0.0682953365 1.5102814370 7.0426639117 0.5362962581 -0.0366265334 3.7769543032 0.0022519340
0.4280000000 0.5362961773 -0.0682953458 1.5102814362 7.0426649700 0.5362961773 -0.0366265329 3.7769543013 0.0016714120
0.4290000000 0.5362960817 -0.0682953775 1.5102814114 7.0426661119 0.5362960817 -0.0366265433 3.7769542402 0.0008177820
0.4300000000 0.5362959782 -0.0682954118 1.5102813833 7.0426673417 0.5362959782 -0.0366265547 3.7769541711 0.0005368324
0.4310000000 0.5362958694 -0.0682954284 1.5102813736 7.0426687251 0.5362958694 -0.0366265561 3.7769541472 0.0011368345
0.4320000000 0.5362957505 -0.0682954165 1.5102813938 7.0426703799 0.5362957505 -0.0366265417 3.7769541968 0.0017970853
0.4330000000 0.5362956156 -0.0682953799 1.5102814398 7.0426723627 0.5362956156 -0.0366265128 3.7769543104 0.0023551675
0.4340000000 0.5362954595 -0.0682953346 1.5102814945 7.0426746646 0.5362954595 -0.0366264779 3.7769544451 0.0029621976
0.4350000000 0.5362952753 -0.0682953023 1.5102815348 7.0426772679 0.5362952753 -0.0366264479 3.7769545441 0.0034812386
0.4360000000 0.5362950561 -0.0682953005 1.5102815414 7.0426801760 0.5362950561 -0.0366264320 3.7769545601 0.0036982439
0.4370000000 0.5362947972 -0.0682953351 1.5102815078 7.0426834198 0.5362947972 -0.0366264329 3.7769544767 0.0035616874
0.4380000000 0.5362944976 -0.0682953971 1.5102814432 7.0426870562 0.5362944976 -0.0366264457 3.7769543168 0.0032374966
0.4390000000 0.5362941588 -0.0682954652 1.5102813696 7.0426911658 0.5362941588 -0.0366264591 3.7769541345 0.0029762930
0.4400000000 0.5362937823 -0.0682955153 1.5102813124 7.0426958451 0.5362937823 -0.0366264602 3.7769539925 0.0029628233
0.4410000000 0.5362933671 -0.0682955299 1.5102812896 7.0427011908 0.5362933671 -0.0366264397 3.7769539352 0.0032547905
0.4420000000 0.5362929080 -0.0682955060 1.5102813046 7.0427072862 0.5362929080 -0.0366263955 3.7769539706 0.0037739669
0.4430000000 0.5362923957 -0.0682954547 1.5102813454 7.0427141985 0.5362923957 -0.0366263330 3.7769540695 0.0043280903
0.4440000000 0.5362918187 -0.0682953963 1.5102813907 7.0427219802 0.5362918187 -0.0366262623 3.7769541794 0.0046172359
0.4450000000 0.5362911680 -0.0682953512 1.5102814197 7.0427306548 0.5362911680 -0.0366261937 3.7769542486 0.0041327883
0.4460000000 0.5362904468 -0.0682953315 1.5102814203 7.0427401236 0.5362904468 -0.0366261338 3.7769542476 0.0006499530
0.4470000000 0.5362897156 -0.0682953381 1.5102813925 7.0427495944 0.5362897156 -0.0366260875 3.7769541767 0.0121717730
0.4480000000 0.5362891859 -0.0682953573 1.5102813522 7.0427563607 0.5362891859 -0.0366260616 3.7769540754 0.0260374839
0.4490000000 0.5362889839 -0.0682953697 1.5102813210 7.0427588690 0.5362889839 -0.0366260544 3.7769539974 0.0382253340
0.4500000000 0.5362891643 -0.0682953633 1.5102813127 7.0427564609 0.5362891643 -0.0366260633 3.7769539770 0.0392653034
0.4510000000 0.5362898836 -0.0682953370 1.5102813297 7.0427470957 0.5362898836 -0.0366260983 3.7769540201 0.0358429829
0.4520000000 0.5362914555 -0.0682952994 1.5102813633 7.0427266143 0.5362914555 -0.0366261855 3.7769541063 0.0334763274
0.4530000000 0.5362943501 -0.0682952654 1.5102813980 7.0426887731 0.5362943501 -0.0366263650 3.7769541987 0.0318470725
0.4540000000 0.5362992748 -0.0682952496 1.5102814183 7.0426242172 0.5362992748 -0.0366266928 3.7769542602 0.0306473946
0.4550000000 0.5363072862 -0.0682952602 1.5102814150 7.0425190346 0.5363072862 -0.0366272456 3.7769542712 0.0296896153
0.4560000000 0.5363199481 -0.0682952954 1.5102813892 7.0423527059 0.5363199481 -0.0366281293 3.7769542375 0.0288736382
0.4570000000 0.5363395525 -0.0682953448 1.5102813512 7.0420952041 0.5363395525 -0.0366294947 3.7769541901 0.0281466665
0.4580000000 0.5363694271 -0.0682953932 1.5102813161 7.0417029438 0.5363694271 -0.0366315609 3.7769541737 0.0274799585
0.4590000000 0.5364143611 -0.0682954267 1.5102812974 7.0411131889 0.5364143611 -0.0366346477 3.7769542330 0.0268562853
0.4600000000 0.5364811877 -0.0682954381 1.5102813019 7.0402364285 0.5364811877 -0.0366392177 3.7769544006 0.0262634937
0.4610000000 0.5365795724 -0.0682954286 1.5102813274 7.0389461085 0.5365795724 -0.0366459319 3.7769546933 0.0256917558
0.4620000000 0.5367230691 -0.0682954068 1.5102813640 7.0370649896 0.5367230691 -0.0366557204 3.7769551186 0.0251327511
0.4630000000 0.5369305112 -0.0682953845 1.5102813989 7.0343472948 0.5369305112 -0.0366698757 3.7769556888 0.0245795757
0.4640000000 0.5372278233 -0.0682953715 1.5102814215 7.0304557484 0.5372278233 -0.0366901738 3.7769564383 0.0240267340
0.4650000000 0.5376503421 -0.0682953717 1.5102814277 7.0249326438 0.5376503421 -0.0367190299 3.7769574391 0.0234699956
0.4660000000 0.5382457435 -0.0682953824 1.5102814204 7.0171642881 0.5382457435 -0.0367596989 3.7769588098 0.0229061267
0.4670000000 0.5390776696 -0.0682953961 1.5102814080 7.0063386641 0.5390776696 -0.0368165230 3.7769607196 0.0223325769
0.4680000000 0.5402301341 -0.0682954041 1.5102814001 6.9913970902 0.5402301341 -0.0368952353 3.7769633877 0.0217471933
0.4690000000 0.5418127547 -0.0682954005 1.5102814028 6.9709822307 0.5418127547 -0.0370033191 3.7769670853 0.0211479976
0.4700000000 0.5439668020 -0.0682953852 1.5102814165 6.9433872230 0.5439668020 -0.0371504223 3.7769721425 0.0205330282
0.4710000000 0.5468719690 -0.0682953636 1.5102814354 6.9065140985 0.5468719690 -0.0373488200 3.7769789642 0.0199002303
0.4720000000 0.5507536372 -0.0682953439 1.5102814503 6.8578540347 0.5507536372 -0.0376139090 3.7769880532 0.0192473714
0.4730000000 0.5558902419 -0.0682953338 1.5102814526 6.7945068161 0.5558902419 -0.0379647097 3.7770000377 0.0185719602
0.4740000000 0.5626201181 -0.0682953371 1.5102814379 6.7132609991 0.5626201181 -0.0384243306 3.7770156961 0.0178711505
0.4750000000 0.5713469317 -0.0682953512 1.5102814084 6.6107574317 0.5713469317 -0.0390203393 3.7770359749 0.0171416156
0.4760000000 0.5825424809 -0.0682953687 1.5102813720 6.4837537487 0.5825424809 -0.0397849535 3.7770619940 0.0163793756
0.4770000000 0.5967452957 -0.0682953803 1.5102813393 6.3294927720 0.5967452957 -0.0407549469 3.7770950356 0.0155795547
0.4780000000 0.6145530993 -0.0682953783 1.5102813195 6.1461516025 0.6145530993 -0.0419711364 3.7771365161 0.0147360274
0.4790000000 0.6366068438 -0.0682953609 1.5102813163 5.9333134355 0.6366068438 -0.0434772942 3.7771879395 0.0138408826
0.4800000000 0.6635637397 -0.0682953330 1.5102813260 5.6923707599 0.6635637397 -0.0453183066 3.7772508294 0.0128835704
0.4810000000 0.6960564807 -0.0682953046 1.5102813391 5.4267530618 0.6960564807 -0.0475373893 3.7773266380 0.0118494608
0.4820000000 0.7346356920 -0.0682952862 1.5102813448 5.1418909589 0.7346356920 -0.0501721548 3.7774166228 0.0107172233
0.4830000000 0.7796923146 -0.0682952833 1.5102813375 4.8448876708 0.7796923146 -0.0532493075 3.7775216821 0.0094535761
0.4840000000 0.8313554809 -0.0682952926 1.5102813224 4.5439552829 0.8313554809 -0.0567776658 3.7776421295 0.0080012629
0.4850000000 0.8893570217 -0.0682953037 1.5102813134 4.2477624647 0.8893570217 -0.0607389079 3.7777773746 0.0062458556
0.4860000000 0.9528365620 -0.0682953067 1.5102813249 3.9649249373 0.9528365620 -0.0650742653 3.7779254457 0.0038904163
0.4870000000 1.0199794219 -0.0682952990 1.5102813604 3.7040768062 1.0199794219 -0.0696597996 3.7780821194 0.0005140995
0.4880000000 1.0865909764 -0.0682952947 1.5102813969 3.4771479232 1.0865909764 -0.0742090509 3.7782375568 0.0063427256
0.4890000000 1.1473485292 -0.0682953084 1.5102814065 3.2931399481 1.1473485292 -0.0783585216 3.7783792759 0.0084182145
0.4900000000 1.2011283985 -0.0682953350 1.5102813906 3.1457957905 1.2011283985 -0.0820314663 3.7785046598 0.0099770915
0.4910000000 1.2476669362 -0.0682953534 1.5102813777 3.0285431578 1.2476669362 -0.0852098544 3.7786131628 0.0112925651
0.4920000000 1.2871762416 -0.0682953514 1.5102813868 2.9356549662 1.2871762416 -0.0879081537 3.7787053262 0.0124600017
0.4930000000 1.3201526430 -0.0682953366 1.5102814070 2.8623828467 1.3201526430 -0.0901602691 3.7787822803 0.0135203542
0.4940000000 1.3472540035 -0.0682953243 1.5102814164 2.8048500853 1.3472540035 -0.0920111490 3.7788455066 0.0144980035
0.4950000000 1.3692112151 -0.0682953196 1.5102814102 2.7599077893 1.3692112151 -0.0935107175 3.7788966978 0.0154092487
0.4960000000 1.3867651292 -0.0682953174 1.5102814007 2.7250018997 1.3867651292 -0.0947095646 3.7789376116 0.0162655987
0.4970000000 1.4006238113 -0.0682953129 1.5102813975 2.6980620298 1.4006238113 -0.0956560415 3.7789699234 0.0170755189
0.4980000000 1.4114358757 -0.0682953074 1.5102813976 2.6774118494 1.4114358757 -0.0963944470 3.7789951383 0.0178454065
0.4990000000 1.4197761730 -0.0682953039 1.5102813929 2.6616974201 1.4197761730 -0.0969640453 3.7790145767 0.0185801938
0.5000000000 1.4261405693 -0.0682953021 1.5102813812 2.6498295268 1.4261405693 -0.0973987010 3.7790293898 0.0192837776
0.5010000000 1.4309470558 -0.0682952983 1.5102813680 2.6409366793 1.4309470558 -0.0977269560 3.7790405657 0.0199593178
0.5020000000 1.4345409488 -0.0682952900 1.5102813600 2.6343262837 1.4345409488 -0.0979723901 3.7790489264 0.0206094007
0.5030000000 1.4372024395 -0.0682952785 1.5102813602 2.6294522114 1.4372024395 -0.0981541408 3.7790551328 0.0212361011
0.5040000000 1.4391552001 -0.0682952682 1.5102813678 2.6258875378 1.4391552001 -0.0982874904 3.7790597047 0.0218410217
0.5050000000 1.4405751337 -0.0682952634 1.5102813810 2.6233015970 1.4405751337 -0.0983844581 3.7790630487 0.0224253645
0.5060000000 1.4415986713 -0.0682952658 1.5102813983 2.6214407342 1.4415986713 -0.0984543644 3.7790654793 0.0229900059
0.5070000000 1.4423302653 -0.0682952748 1.5102814175 2.6201122760 1.4423302653 -0.0985043418 3.7790672342 0.0235354913
0.5080000000 1.4428489149 -0.0682952876 1.5102814349 2.6191713142 1.4428489149 -0.0985397816 3.7790684887 0.0240618875
0.5090000000 1.4432136828 -0.0682953002 1.5102814468 2.6185099375 1.4432136828 -0.0985647117 3.7790693703 0.0245685067
0.5100000000 1.4434682457 -0.0682953082 1.5102814506 2.6180485686 1.4434682457 -0.0985821087 3.7790699743 0.0250535662
0.5110000000 1.4436445673 -0.0682953084 1.5102814467 2.6177290874 1.4436445673 -0.0985941510 3.7790703758 0.0255138084
0.5120000000 1.4437658075 -0.0682952998 1.5102814380 2.6175094440 1.4437658075 -0.0986024186 3.7790706359 0.0259440409
0.5130000000 1.4438485862 -0.0682952840 1.5102814287 2.6173594933 1.4438485862 -0.0986080493 3.7790708040 0.0263365337
0.5140000000 1.4439047207 -0.0682952652 1.5102814227 2.6172578176 1.4439047207 -0.0986118558 3.7790709181 0.0266802587
0.5150000000 1.4439425374 -0.0682952483 1.5102814224 2.6171893313 1.4439425374 -0.0986144141 3.7790710039 0.0269599609
0.5160000000 1.4439678523 -0.0682952371 1.5102814279 2.6171434977 1.4439678523 -0.0986161269 3.7790710756 0.0271548174
0.5170000000 1.4439846936 -0.0682952336 1.5102814371 2.6171130168 1.4439846936 -0.0986172720 3.7790711375 0.0272357895
0.5180000000 1.4439958282 -0.0682952368 1.5102814463 2.6170928705 1.4439958282 -0.0986180370 3.7790711869 0.0271596386
0.5190000000 1.4440031428 -0.0682952435 1.5102814519 2.6170796354 1.4440031428 -0.0986185462 3.7790712185 0.0268565122
0.5200000000 1.4440079154 -0.0682952496 1.5102814515 2.6170709931 1.4440079154 -0.0986188811 3.7790712292 0.0262095205
0.5210000000 1.4440110076 -0.0682952519 1.5102814457 2.6170653842 1.4440110076 -0.0986190956 3.7790712224 0.0250344603
0.5220000000 1.4440129984 -0.0682952492 1.5102814388 2.6170617673 1.4440129984 -0.0986192276 3.7790712094 0.0230901639
0.5230000000 1.4440142764 -0.0682952430 1.5102814373 2.6170594500 1.4440142764 -0.0986193060 3.7790712080 0.0201706359
0.5240000000 1.4440151020 -0.0682952370 1.5102814479 2.6170579730 1.4440151020 -0.0986193536 3.7790712359 0.0162971479
0.5250000000 1.4440156482 -0.0682952349 1.5102814741 2.6170570292 1.4440156482 -0.0986193879 3.7790713023 0.0118896844
0.5260000000 1.4440160286 -0.0682952384 1.5102815132 2.6170564083 1.4440160286 -0.0986194189 3.7790714014 0.0077075898
0.5270000000 1.4440163157 -0.0682952459 1.5102815560 2.6170559630 1.4440163157 -0.0986194494 3.7790715097 0.0047395373
0.5280000000 1.4440165502 -0.0682952535 1.5102815895 2.6170555970 1.4440165502 -0.0986194764 3.7790715948 0.0040003831
0.5290000000 1.4440167429 -0.0682952571 1.5102816032 2.6170552719 1.4440167429 -0.0986194947 3.7790716297 0.0043644181
0.5300000000 1.4440168931 -0.0682952539 1.5102815928 2.6170549819 1.4440168931 -0.0986195003 3.7790716040 0.0041760142
0.5310000000 1.4440170051 -0.0682952430 1.5102815614 2.6170547239 1.4440170051 -0.0986194923 3.7790715246 0.0033444566
0.5320000000 1.4440170884 -0.0682952256 1.5102815180 2.6170544968 1.4440170884 -0.0986194728 3.7790714147 0.0019410546
0.5330000000 1.4440171560 -0.0682952047 1.5102814758 2.6170542998 1.4440171560 -0.0986194473 3.7790713071 0.0002867976
0.5340000000 1.4440172217 -0.0682951847 1.5102814478 2.6170541311 1.4440172217 -0.0986194228 3.7790712355 0.0010759612
0.5350000000 1.4440172967 -0.0682951697 1.5102814435 2.6170539868 1.4440172967 -0.0986194064 3.7790712233 0.0014778279
0.5360000000 1.4440173842 -0.0682951625 1.5102814645 2.6170538642 1.4440173842 -0.0986194018 3.7790712752 0.0004485845
0.5370000000 1.4440174753 -0.0682951626 1.5102815042 2.6170537679 1.4440174753 -0.0986194083 3.7790713747 0.0014408826
0.5380000000 1.4440175538 -0.0682951673 1.5102815494 2.6170537044 1.4440175538 -0.0986194204 3.7790714885 0.0028212590
0.5390000000 1.4440176089 -0.0682951729 1.5102815869 2.6170536699 1.4440176089 -0.0986194323 3.7790715828 0.0032146251
0.5400000000 1.4440176387 -0.0682951774 1.5102816084 2.6170536535 1.4440176387 -0.0986194407 3.7790716370 0.0023393507
0.5410000000 1.4440176509 -0.0682951805 1.5102816135 2.6170536405 1.4440176509 -0.0986194461 3.7790716503 0.0002414033
0.5420000000 1.4440176616 -0.0682951840 1.5102816092 2.6170536138 1.4440176616 -0.0986194519 3.7790716398 0.0018448967
0.5430000000 1.4440176863 -0.0682951898 1.5102816061 2.6170535642 1.4440176863 -0.0986194620 3.7790716327 0.0023517762
0.5440000000 1.4440177292 -0.0682951989 1.5102816132 2.6170534995 1.4440177292 -0.0986194781 3.7790716515 0.0013616102
0.5450000000 1.4440177825 -0.0682952103 1.5102816345 2.6170534405 1.4440177825 -0.0986194981 3.7790717059 0.0008656399
0.5460000000 1.4440178286 -0.0682952209 1.5102816675 2.6170534149 1.4440178286 -0.0986195166 3.7790717896 0.0024733021
0.5470000000 1.4440178551 -0.0682952270 1.5102817040 2.6170534306 1.4440178551 -0.0986195273 3.7790718816 0.0033233194
0.5480000000 1.4440178564 -0.0682952247 1.5102817323 2.6170534770 1.4440178564 -0.0986195239 3.7790719520 0.0035966949
0.5490000000 1.4440178309 -0.0682952107 1.5102817406 2.6170535367 1.4440178309 -0.0986195020 3.7790719714 0.0027342575
0.5500000000 1.4440177844 -0.0682951848 1.5102817225 2.6170535877 1.4440177844 -0.0986194614 3.7790719234 0.0007477849
0.5510000000 1.4440177326 -0.0682951505 1.5102816803 2.6170536060 1.4440177326 -0.0986194084 3.7790718143 0.0009176706
0.5520000000 1.4440176889 -0.0682951154 1.5102816260 2.6170535888 1.4440176889 -0.0986193547 3.7790716751 0.0018082188
0.5530000000 1.4440176601 -0.0682950880 1.5102815770 2.6170535544 1.4440176601 -0.0986193132 3.7790715499 0.0019198989
0.5540000000 1.4440176460 -0.0682950744 1.5102815485 2.6170535295 1.4440176460 -0.0986192926 3.7790714772 0.0012192916
0.5550000000 1.4440176409 -0.0682950759 1.5102815482 2.6170535384 1.4440176409 -0.0986192943 3.7790714766 0.0006339246
0.5560000000 1.4440176399 -0.0682950886 1.5102815737 2.6170535852 1.4440176399 -0.0986193127 3.7790715415 0.0003776825
0.5570000000 1.4440176409 -0.0682951055 1.5102816146 2.6170536554 1.4440176409 -0.0986193372 3.7790716456 0.0004683869
0.5580000000 1.4440176448 -0.0682951200 1.5102816589 2.6170537260 1.4440176448 -0.0986193584 3.7790717577 0.0006392425
0.5590000000 1.4440176530 -0.0682951280 1.5102816964 2.6170537767 1.4440176530 -0.0986193704 3.7790718524 0.0001945817
0.5600000000 1.4440176627 -0.0682951278 1.5102817210 2.6170538017 1.4440176627 -0.0986193709 3.7790719139 0.0005710925
0.5610000000 1.4440176684 -0.0682951214 1.5102817321 2.6170538101 1.4440176684 -0.0986193620 3.7790719410 0.0010796650
0.5620000000 1.4440176667 -0.0682951130 1.5102817348 2.6170538172 1.4440176667 -0.0986193497 3.7790719468 0.0009356651
0.5630000000 1.4440176587 -0.0682951074 1.5102817373 2.6170538357 1.4440176587 -0.0986193412 3.7790719525 0.0000127356
0.5640000000 1.4440176511 -0.0682951090 1.5102817481 2.6170538682 1.4440176511 -0.0986193428 3.7790719795 0.0011312208
0.5650000000 1.4440176515 -0.0682951182 1.5102817707 2.6170539072 1.4440176515 -0.0986193562 3.7790720370 0.0015927549
0.5660000000 1.4440176630 -0.0682951308 1.5102818004 2.6170539387 1.4440176630 -0.0986193752 3.7790721126 0.0008804095
0.5670000000 1.4440176802 -0.0682951388 1.5102818253 2.6170539511 1.4440176802 -0.0986193879 3.7790721755 0.0007876709
0.5680000000 1.4440176909 -0.0682951342 1.5102818322 2.6170539435 1.4440176909 -0.0986193820 3.7790721924 0.0026813928
0.5690000000 1.4440176818 -0.0682951139 1.5102818153 2.6170539294 1.4440176818 -0.0986193521 3.7790721482 0.0032433850
0.5700000000 1.4440176489 -0.0682950815 1.5102817792 2.6170539242 1.4440176489 -0.0986193030 3.7790720547 0.0019092485
0.5710000000 1.4440176021 -0.0682950451 1.5102817365 2.6170539326 1.4440176021 -0.0986192472 3.7790719442 0.0004349787
0.5720000000 1.4440175596 -0.0682950142 1.5102817026 2.6170539487 1.4440175596 -0.0986191998 3.7790718563 0.0027884413
0.5730000000 1.4440175391 -0.0682949956 1.5102816885 2.6170539602 1.4440175391 -0.0986191714 3.7790718192 0.0040814346
0.5740000000 1.4440175490 -0.0682949907 1.5102816973 2.6170539572 1.4440175490 -0.0986191651 3.7790718407 0.0037488284
0.5750000000 1.4440175869 -0.0682949978 1.5102817268 2.6170539401 1.4440175869 -0.0986191780 3.7790719153 0.0021684721
0.5760000000 1.4440176413 -0.0682950130 1.5102817709 2.6170539190 1.4440176413 -0.0986192036 3.7790720272 0.0005093368
0.5770000000 1.4440176909 -0.0682950300 1.5102818194 2.6170539142 1.4440176909 -0.0986192315 3.7790721501 0.0031121698
0.5780000000 1.4440177156 -0.0682950419 1.5102818598 2.6170539402 1.4440177156 -0.0986192503 3.7790722524 0.0040139183
0.5790000000 1.4440177101 -0.0682950437 1.5102818827 2.6170539899 1.4440177101 -0.0986192525 3.7790723099 0.0033373660
0.5800000000 1.4440176799 -0.0682950340 1.5102818847 2.6170540475 1.4440176799 -0.0986192365 3.7790723139 0.0009753950
0.5810000000 1.4440176429 -0.0682950167 1.5102818720 2.6170540914 1.4440176429 -0.0986192091 3.7790722804 0.0021756693
0.5820000000 1.4440176233 -0.0682950004 1.5102818596 2.6170541041 1.4440176233 -0.0986191841 3.7790722476 0.0038940343
0.5830000000 1.4440176332 -0.0682949923 1.5102818613 2.6170540887 1.4440176332 -0.0986191731 3.7790722512 0.0034797924
0.5840000000 1.4440176692 -0.0682949938 1.5102818813 2.6170540583 1.4440176692 -0.0986191777 3.7790723013 0.0011038835
0.5850000000 1.4440177130 -0.0682950000 1.5102819125 2.6170540334 1.4440177130 -0.0986191897 3.7790723800 0.0022759296
0.5860000000 1.4440177383 -0.0682950028 1.5102819418 2.6170540383 1.4440177383 -0.0986191955 3.7790724535 0.0039718736
0.5870000000 1.4440177338 -0.0682949964 1.5102819588 2.6170540756 1.4440177338 -0.0986191859 3.7790724955 0.0035897706
0.5880000000 1.4440177026 -0.0682949798 1.5102819605 2.6170541339 1.4440177026 -0.0986191598 3.7790724981 0.0019236581
0.5890000000 1.4440176569 -0.0682949561 1.5102819502 2.6170541971 1.4440176569 -0.0986191226 3.7790724697 0.0004853132
0.5900000000 1.4440176155 -0.0682949302 1.5102819333 2.6170542410 1.4440176155 -0.0986190823 3.7790724248 0.0020635491
0.5910000000 1.4440175905 -0.0682949062 1.5102819152 2.6170542534 1.4440175905 -0.0986190460 3.7790723773 0.0023517953
0.5920000000 1.4440175835 -0.0682948884 1.5102819027 2.6170542432 1.4440175835 -0.0986190197 3.7790723442 0.0021463287
0.5930000000 1.4440175927 -0.0682948814 1.5102819054 2.6170542309 1.4440175927 -0.0986190103 3.7790723504 0.0013629437
0.5940000000 1.4440176120 -0.0682948887 1.5102819318 2.6170542421 1.4440176120 -0.0986190220 3.7790724172 0.0005532985
0.5950000000 1.4440176349 -0.0682949077 1.5102819816 2.6170542880 1.4440176349 -0.0986190511 3.7790725434 0.0001871905
0.5960000000 1.4440176553 -0.0682949292 1.5102820417 2.6170543567 1.4440176553 -0.0986190836 3.7790726959 0.0008271564
0.5970000000 1.4440176684 -0.0682949413 1.5102820926 2.6170544218 1.4440176684 -0.0986191019 3.7790728243 0.0010837870
0.5980000000 1.4440176732 -0.0682949358 1.5102821194 2.6170544593 1.4440176732 -0.0986190943 3.7790728909 0.0009763147
0.5990000000 1.4440176714 -0.0682949140 1.5102821212 2.6170544642 1.4440176714 -0.0986190627 3.7790728932 0.0006939625
0.6000000000 1.4440176655 -0.0682948851 1.5102821096 2.6170544527 1.4440176655 -0.0986190205 3.7790728613 0.0003772745
0.6010000000 1.4440176577 -0.0682948593 1.5102820983 2.6170544456 1.4440176577 -0.0986189827 3.7790728305 0.0002252629
0.6020000000 1.4440176485 -0.0682948422 1.5102820944 2.6170544544 1.4440176485 -0.0986189575 3.7790728191 0.0001909214
0.6030000000 1.4440176377 -0.0682948335 1.5102820969 2.6170544776 1.4440176377 -0.0986189442 3.7790728245 0.0001278807
0.6040000000 1.4440176276 -0.0682948303 1.5102821027 2.6170545056 1.4440176276 -0.0986189388 3.7790728386 0.0014442799
0.6050000000 1.4440176280 -0.0682948305 1.5102821128 2.6170545224 1.4440176280 -0.0986189391 3.7790728639 0.0025105896
0.6060000000 1.4440176467 -0.0682948329 1.5102821303 2.6170545191 1.4440176467 -0.0986189439 3.7790729079 0.0018306444
0.6070000000 1.4440176786 -0.0682948338 1.5102821528 2.6170545003 1.4440176786 -0.0986189473 3.7790729643 0.0005521995
0.6080000000 1.4440177056 -0.0682948260 1.5102821704 2.6170544814 1.4440177056 -0.0986189379 3.7790730076 0.0030991950
0.6090000000 1.4440177093 -0.0682948045 1.5102821734 2.6170544783 1.4440177093 -0.0986189072 3.7790730129 0.0032111882
0.6100000000 1.4440176901 -0.0682947728 1.5102821637 2.6170544943 1.4440176901 -0.0986188601 3.7790729857 0.0009745403
0.6110000000 1.4440176650 -0.0682947436 1.5102821581 2.6170545279 1.4440176650 -0.0986188162 3.7790729685 0.0024471320
0.6120000000 1.4440176594 -0.0682947316 1.5102821769 2.6170545698 1.4440176594 -0.0986187985 3.7790730145 0.0050356179
0.6130000000 1.4440176915 -0.0682947424 1.5102822264 2.6170545981 1.4440176915 -0.0986188162 3.7790731393 0.0043874241
0.6140000000 1.4440177572 -0.0682947684 1.5102822930 2.6170545963 1.4440177572 -0.0986188583 3.7790733084 0.0016483920
0.6150000000 1.4440178350 -0.0682947954 1.5102823530 2.6170545612 1.4440178350 -0.0986189026 3.7790734614 0.0018049767
0.6160000000 1.4440178969 -0.0682948106 1.5102823880 2.6170545107 1.4440178969 -0.0986189287 3.7790735506 0.0049122680
0.6170000000 1.4440179202 -0.0682948110 1.5102823980 2.6170544858 1.4440179202 -0.0986189309 3.7790735756 0.0048300321
0.6180000000 1.4440179076 -0.0682948000 1.5102823940 2.6170545009 1.4440179076 -0.0986189143 3.7790735644 0.0034696578
0.6190000000 1.4440178688 -0.0682947800 1.5102823829 2.6170545505 1.4440178688 -0.0986188827 3.7790735347 0.0020071948
0.6200000000 1.4440178143 -0.0682947502 1.5102823633 2.6170546134 1.4440178143 -0.0986188359 3.7790734827 0.0003783269
0.6210000000 1.4440177634 -0.0682947115 1.5102823341 2.6170546524 1.4440177634 -0.0986187765 3.7790734058 0.0031319917
0.6220000000 1.4440177380 -0.0682946725 1.5102823060 2.6170546469 1.4440177380 -0.0986187184 3.7790733316 0.0048390173
0.6230000000 1.4440177501 -0.0682946470 1.5102823000 2.6170546128 1.4440177501 -0.0986186825 3.7790733139 0.0047722818
0.6240000000 1.4440177989 -0.0682946446 1.5102823301 2.6170545766 1.4440177989 -0.0986186824 3.7790733892 0.0012701119
0.6250000000 1.4440178565 -0.0682946608 1.5102823861 2.6170545703 1.4440178565 -0.0986187097 3.7790735309 0.0033080591
0.6260000000 1.4440178861 -0.0682946771 1.5102824340 2.6170546008 1.4440178861 -0.0986187352 3.7790736524 0.0060145151
0.6270000000 1.4440178693 -0.0682946762 1.5102824450 2.6170546500 1.4440178693 -0.0986187328 3.7790736796 0.0047075715
0.6280000000 1.4440178170 -0.0682946563 1.5102824196 2.6170546995 1.4440178170 -0.0986187004 3.7790736142 0.0004641130
0.6290000000 1.4440177628 -0.0682946315 1.5102823870 2.6170547395 1.4440177628 -0.0986186610 3.7790735299 0.0043437327
0.6300000000 1.4440177438 -0.0682946208 1.5102823810 2.6170547629 1.4440177438 -0.0986186442 3.7790735141 0.0053601775
0.6310000000 1.4440177649 -0.0682946314 1.5102824119 2.6170547787 1.4440177649 -0.0986186609 3.7790735922 0.0032634122
0.6320000000 1.4440178101 -0.0682946552 1.5102824636 2.6170547881 1.4440178101 -0.0986186984 3.7790737240 0.0001752595
0.6330000000 1.4440178528 -0.0682946790 1.5102825151 2.6170548014 1.4440178528 -0.0986187357 3.7790738551 0.0019827061
0.6340000000 1.4440178802 -0.0682946975 1.5102825599 2.6170548306 1.4440178802 -0.0986187643 3.7790739690 0.0016447601
0.6350000000 1.4440178958 -0.0682947161 1.5102826067 2.6170548849 1.4440178958 -0.0986187923 3.7790740879 0.0001335923
0.6360000000 1.4440179099 -0.0682947387 1.5102826547 2.6170549439 1.4440179099 -0.0986188258 3.7790742101 0.0008779556
0.6370000000 1.4440179158 -0.0682947533 1.5102826784 2.6170549754 1.4440179158 -0.0986188473 3.7790742710 0.0031650315
0.6380000000 1.4440178967 -0.0682947390 1.5102826469 2.6170549543 1.4440178967 -0.0986188253 3.7790741907 0.0045039307
0.6390000000 1.4440178436 -0.0682946887 1.5102825581 2.6170548933 1.4440178436 -0.0986187491 3.7790739637 0.0024397238
0.6400000000 1.4440177738 -0.0682946227 1.5102824475 2.6170548238 1.4440177738 -0.0986186491 3.7790736805 0.0012749701
0.6410000000 1.4440177177 -0.0682945787 1.5102823677 2.6170547842 1.4440177177 -0.0986185817 3.7790734765 0.0040409804
0.6420000000 1.4440176941 -0.0682945820 1.5102823504 2.6170547970 1.4440176941 -0.0986185849 3.7790734335 0.0041093852
0.6430000000 1.4440176987 -0.0682946204 1.5102823843 2.6170548500 1.4440176987 -0.0986186406 3.7790735220 0.0021284425
0.6440000000 1.4440177158 -0.0682946581 1.5102824275 2.6170548964 1.4440177158 -0.0986186962 3.7790736337 0.0000522787
0.6450000000 1.4440177315 -0.0682946680 1.5102824398 2.6170548902 1.4440177315 -0.0986187116 3.7790736657 0.0017609301
0.6460000000 1.4440177360 -0.0682946584 1.5102824086 2.6170548273 1.4440177360 -0.0986186979 3.7790735867 0.0011148228
0.6470000000 1.4440177346 -0.0682946592 1.5102823602 2.6170547460 1.4440177346 -0.0986186991 3.7790734656 0.0001902459
0.6480000000 1.4440177316 -0.0682946849 1.5102823318 2.6170547041 1.4440177316 -0.0986187359 3.7790733972 0.0007011179
0.6490000000 1.4440177311 -0.0682947143 1.5102823344 2.6170547114 1.4440177311 -0.0986187784 3.7790734066 0.0025130772
0.6500000000 1.4440177110 -0.0682947196 1.5102823380 2.6170547545 1.4440177110 -0.0986187847 3.7790734161 0.0048437575
0.6510000000 1.4440176560 -0.0682947085 1.5102823055 2.6170547970 1.4440176560 -0.0986187649 3.7790733337 0.0023815486
0.6520000000 1.4440175853 -0.0682947255 1.5102822351 2.6170548043 1.4440175853 -0.0986187847 3.7790731592 0.0060224733
0.6530000000 1.4440175629 -0.0682947955 1.5102821881 2.6170547683 1.4440175629 -0.0986188841 3.7790730485 0.0120059306
0.6540000000 1.4440176306 -0.0682948883 1.5102822205 2.6170547081 1.4440176306 -0.0986190227 3.7790731389 0.0080345055
0.6550000000 1.4440177641 -0.0682949471 1.5102823173 2.6170546380 1.4440177641 -0.0986191169 3.7790733869 0.0081103756
0.6560000000 1.4440178267 -0.0682949551 1.5102823371 2.6170545596 1.4440178267 -0.0986191326 3.7790734374 0.0199797200
0.6570000000 1.4440177259 -0.0682949519 1.5102821701 2.6170544527 1.4440177259 -0.0986191211 3.7790730193 0.0160065174
0.6580000000 1.4440174699 -0.0682949822 1.5102818377 2.6170543428 1.4440174699 -0.0986191474 3.7790721908 0.0033897250
0.6590000000 1.4440172477 -0.0682950222 1.5102815913 2.6170543213 1.4440172477 -0.0986191900 3.7790715782 0.0224328995
0.6600000000 1.4440172215 -0.0682950088 1.5102816307 2.6170544360 1.4440172215 -0.0986191688 3.7790716753 0.0183927857
0.6610000000 1.4440173543 -0.0682949372 1.5102818811 2.6170546243 1.4440173543 -0.0986190745 3.7790722946 0.0185065095
0.6620000000 1.4440173451 -0.0682949706 1.5102818763 2.6170546349 1.4440173451 -0.0986191222 3.7790722859 0.0440203362
0.6630000000 1.4440168743 -0.0682953556 1.5102811335 2.6170542277 1.4440168743 -0.0986196460 3.7790704657 0.0252671930
0.6640000000 1.4440159251 -0.0682961221 1.5102796608 2.6170534490 1.4440159251 -0.0986206880 3.7790668573 0.0306264615
0.6650000000 1.4440154831 -0.0682965313 1.5102789714 2.6170530839 1.4440154831 -0.0986212486 3.7790651731 0.0982449862
0.6660000000 1.4440173969 -0.0682950436 1.5102817920 2.6170543999 1.4440173969 -0.0986192311 3.7790720822 0.0977250746
0.6670000000 1.4440306268 -0.0682841050 1.5103012604 2.6170634024 1.4440306268 -0.0986043390 3.7791197054 0.0805677746
0.6680000000 1.4440817605 -0.0682412521 1.5103762801 2.6170977662 1.4440817605 -0.0985459474 3.7793031496 0.0491800108
0.6690000000 1.4441957802 -0.0681454306 1.5105432957 2.6171739103 1.4441957802 -0.0984153433 3.7797115173 0.0211131297
0.6700000000 1.4442781973 -0.0680760856 1.5106638023 2.6172285648 1.4442781973 -0.0983208062 3.7800061536 0.1377575957
0.6710000000 1.4440918202 -0.0682322416 1.5103906837 2.6171038719 1.4440918202 -0.0985336219 3.7793382942 0.1171212705
0.6720000000 1.4419991559 -0.0699872950 1.5073283704 2.6157106446 1.4419991559 -0.1009216203 3.7718525416 0.0938347267
0.6730000000 1.4311536089 -0.0791156727 1.4914888693 2.6085258440 1.4311536089 -0.1132266805 3.7332011757 0.0762145329
0.6740000000 1.3934920532 -0.1112805219 1.4368242590 2.5839319946 1.3934920532 -0.1550685229 3.6006887006 0.0538720100
0.6750000000 1.3055741900 -0.1891042836 1.3115560996 2.5293347719 1.3055741900 -0.2468896718 3.3022341962 0.0138679194
0.6760000000 1.1935439747 -0.2949408386 1.1562019884 2.4652784374 1.1935439747 -0.3520248608 2.9424182248 0.0179660941
0.6770000000 1.1055831250 -0.3848350646 1.0371946015 2.4194054550 1.1055831250 -0.4254671533 2.6748538435 0.0348003849
0.6780000000 1.0522283305 -0.4421437349 0.9669017369 2.3950172189 1.0522283305 -0.4652361640 2.5201049698 0.0440956728
0.6790000000 1.0244031917 -0.4727712914 0.9309939202 2.3837961251 1.0244031917 -0.4843084199 2.4419683590 0.0490277537
0.6800000000 1.0110684320 -0.4876092549 0.9139972484 2.3788600931 1.0110684320 -0.4930063248 2.4051903444 0.0514564090
0.6810000000 1.0049487268 -0.4944517698 0.9062456225 2.3766986389 1.0049487268 -0.4968986765 2.3884602713 0.0525846300
0.6820000000 1.0021975903 -0.4975345321 0.9027709831 2.3757488369 1.0021975903 -0.4986279092 2.3809697595 0.0530902203
0.6830000000 1.0009724685 -0.4989086652 0.9012257062 2.3753302881 1.0009724685 -0.4993938382 2.3776402221 0.0533071858
0.6840000000 1.0004292675 -0.4995181987 0.9005409543 2.3751455834 1.0004292675 -0.4997326256 2.3761651562 0.0533842371
0.6850000000 1.0001889356 -0.4997879300 0.9002380738 2.3750640349 1.0001889356 -0.4998823578 2.3755127690 0.0533748990
0.6860000000 1.0000827557 -0.4999071088 0.9001042751 2.3750280399 1.0000827557 -0.4999484790 2.3752245870 0.0532726371
0.6870000000 1.0000359252 -0.4999596744 0.9000452663 2.3750121709 1.0000359252 -0.4999776356 2.3750974937 0.0530063144
0.6880000000 1.0000153369 -0.4999827845 0.9000193246 2.3750051956 1.0000153369 -0.4999904526 2.3750416208 0.0523929528
0.6890000000 1.0000063484 -0.4999928740 0.9000079990 2.3750021506 1.0000063484 -0.4999960481 2.3750172280 0.0510236356
0.6900000000 1.0000024851 -0.4999972104 0.9000031313 2.3750008418 1.0000024851 -0.4999984530 2.3750067440 0.0480464422
0.6910000000 1.0000008824 -0.4999990095 0.9000011119 2.3750002989 1.0000008824 -0.4999994507 2.3750023947 0.0418862098
0.6920000000 1.0000002680 -0.4999996991 0.9000003377 2.3750000908 1.0000002680 -0.4999998331 2.3750007274 0.0304622739
0.6930000000 1.0000000670 -0.4999999248 0.9000000844 2.3750000227 1.0000000670 -0.4999999583 2.3750001818 0.0153269817
0.6940000000 1.0000000143 -0.4999999839 0.9000000180 2.3750000049 1.0000000143 -0.4999999911 2.3750000389 0.0048831967
0.6950000000 1.0000000028 -0.4999999968 0.9000000036 2.3750000010 1.0000000028 -0.4999999982 2.3750000077 0.0011338516
0.6960000000 1.0000000005 -0.4999999994 0.9000000007 2.3750000002 1.0000000005 -0.4999999997 2.3750000015 0.0002291580
0.6970000000 1.0000000001 -0.4999999999 0.9000000001 2.3750000000 1.0000000001 -0.4999999999 2.3750000003 0.0000443884
0.6980000000 1.0000000000 -0.5000000000 0.9000000000 2.3750000000 1.0000000000 -0.5000000000 2.3750000001 0.0000085136
0.6990000000 1.0000000000 -0.5000000000 0.9000000000 2.3750000000 1.0000000000 -0.5000000000 2.3750000000 0.0000016294
0.7000000000 1.0000000000 -0.5000000000 0.9000000000 2.3750000000 1.0000000000 -0.5000000000 2.3750000000 0.0000003119
0.7010000000 1.0000000000 -0.5000000000 0.9000000000 2.3750000000 1.0000000000 -0.5000000000 2.3750000000 0.0000000598
0.7020000000 1.0000000000 -0.5000000000 0.9000000000 2.3750000000 1.0000000000 -0.5000000000 2.3750000000 0.0000000113
0.7030000000 1.0000000000 -0.5000000000 0.9000000000 2.3750000000 1.0000000000 -0.5000000000 2.3750000000 0.0000000022
0.7040000000 1.0000000000 -0.5000000000 0.9000000000 2.3750000000 1.0000000000 -0.5000000000 2.3750000000 0.0000000005
0.7050000000 1.0000000000 -0.5000000000 0.9000000000 2.3750000000 1.0000000000 -0.5000000000 2.3750000000 0.0000000000
0.7060000000 1.0000000000 -0.5000000000 0.9000000000 2.3750000000 1.0000000000 -0.5000000000 2.3750000000 0.0000000000
0.7070000000 1.0000000000 -0.5000000000 0.9000000000 2.3750000000 1.0000000000 -0.5000000000 2.3750000000 0.0000000000
0.7080000000 1.0000000000 -0.5000000000 0.9000000000 2.3750000000 1.0000000000 -0.5000000000 2.3750000000 0.0000000000
0.7090000000 1.0000000000 -0.5000000000 0.9000000000 2.3750000000 1.0000000000 -0.5000000000 2.3750000000 0.0000000000
0.7100000000 1.0000000000 -0.5000000000 0.9000000000 2.3750000000 1.0000000000 -0.5000000000 2.3750000000 0.0000000000
0.7110000000 1.0000000000 -0.5000000000 0.9000000000 2.3750000000 1.0000000000 -0.5000000000 2.3750000000 0.0000000000
0.7120000000 1.0000000000 -0.5000000000 0.9000000000 2.3750000000 1.0000000000 -0.5000000000 2.3750000000 0.0000000000
0.7130000000 1.0000000000 -0.5000000000 0.9000000000 2.3750000000 1.0000000000 -0.5000000000 2.3750000000 0.0000000000
0.7140000000 1.0000000000 -0.5000000000 0.9000000000 2.3750000000 1.0000000000 -0.5000000000 2.3750000000 0.0000000000
0.7150000000 1.0000000000 -0.5000000000 0.9000000000 2.3750000000 1.0000000000 -0.5000000000 2.3750000000 0.0000000000
0.7160000000 1.0000000000 -0.5000000000 0.9000000000 2.3750000000 1.0000000000 -0.5000000000 2.3750000000 0.0000000000
0.7170000000 1.0000000000 -0.5000000000 0.9000000000 2.3750000000 1.0000000000 -0.5000000000 2.3750000000 0.0000000000
0.7180000000 1.0000000000 -0.5000000000 0.9000000000 2.3750000000 1.0000000000 -0.5000000000 2.3750000000 0.0000000000
0.7190000000 1.0000000000 -0.5000000000 0.9000000000 2.3750000000 1.0000000000 -0.5000000000 2.3750000000 0.0000000000
0.7200000000 1.0000000000 -0.5000000000 0.9000000000 2.3750000000 1.0000000000 -0.5000000000 2.3750000000 0.0000000000
0.7210000000 1.0000000000 -0.5000000000 0.9000000000 2.3750000000 1.0000000000 -0.5000000000 2.3750000000 0.0000000000
0.7220000000 1.0000000000 -0.5000000000 0.9000000000 2.3750000000 1.0000000000 -0.5000000000 2.3750000000 0.0000000000
0.7230000000 1.0000000000 -0.5000000000 0.9000000000 2.3750000000 1.0000000000 -0.5000000000 2.3750000000 0.0000000000
0.7240000000 1.0000000000 -0.5000000000 0.9000000000 2.3750000000 1.0000000000 -0.5000000000 2.3750000000 0.0000000000
0.7250000000 1.0000000000 -0.5000000000 0.9000000000 2.3750000000 1.0000000000 -0.5000000000 2.3750000000 0.0000000000
0.7260000000 1.0000000000 -0.5000000000 0.9000000000 2.3750000000 1.0000000000 -0.5000000000 2.3750000000 0.0000000000
0.7270000000 1.0000000000 -0.5000000000 0.9000000000 2.3750000000 1.0000000000 -0.5000000000 2.3750000000 0.0000000000
0.7280000000 1.0000000000 -0.5000000000 0.9000000000 2.3750000000 1.0000000000 -0.5000000000 2.3750000000 0.0000000000
0.7290000000 1.0000000000 -0.5000000000 0.9000000000 2.3750000000 1.0000000000 -0.5000000000 2.3750000000 0.0000000000
0.7300000000 1.0000000000 -0.5000000000 0.9000000000 2.3750000000 1.0000000000 -0.5000000000 2.3750000000 0.0000000000
0.7310000000 1.0000000000 -0.5000000000 0.9000000000 2.3750000000 1.0000000000 -0.5000000000 2.3750000000 0.0000000000
0.7320000000 1.0000000000 -0.5000000000 0.9000000000 2.3750000000 1.0000000000 -0.5000000000 2.3750000000 0.0000000000
0.7330000000 1.0000000000 -0.5000000000 0.9000000000 2.3750000000 1.0000000000 -0.5000000000 2.3750000000 0.0000000000
0.7340000000 1.0000000000 -0.5000000000 0.9000000000 2.3750000000 1.0000000000 -0.5000000000 2.3750000000 0.0000000000
0.7350000000 1.0000000000 -0.5000000000 0.9000000000 2.3750000000 1.0000000000 -0.5000000000 2.3750000000 0.0000000000
0.7360000000 1.0000000000 -0.5000000000 0.9000000000 2.3750000000 1.0000000000 -0.5000000000 2.3750000000 0.0000000000
0.7370000000 1.0000000000 -0.5000000000 0.9000000000 2.3750000000 1.0000000000 -0.5000000000 2.3750000000 0.0000000000
0.7380000000 1.0000000000 -0.5000000000 0.9000000000 2.3750000000 1.0000000000 -0.5000000000 2.3750000000 0.0000000000
0.7390000000 1.0000000000 -0.5000000000 0.9000000000 2.3750000000 1.0000000000 -0.5000000000 2.3750000000 0.0000000000
0.7400000000 1.0000000000 -0.5000000000 0.9000000000 2.3750000000 1.0000000000 -0.5000000000 2.3750000000 0.0000000000
0.7410000000 1.0000000000 -0.5000000000 0.9000000000 2.3750000000 1.0000000000 -0.5000000000 2.3750000000 0.0000000000
0.7420000000 1.0000000000 -0.5000000000 0.9000000000 2.3750000000 1.0000000000 -0.5000000000 2.3750000000 0.0000000000
0.7430000000 1.0000000000 -0.5000000000 0.9000000000 2.3750000000 1.0000000000 -0.5000000000 2.3750000000 0.0000000000
0.7440000000 1.0000000000 -0.5000000000 0.9000000000 2.3750000000 1.0000000000 -0.5000000000 2.3750000000 0.0000000000
0.7450000000 1.0000000000 -0.5000000000 0.9000000000 2.3750000000 1.0000000000 -0.5000000000 2.3750000000 0.0000000000
0.7460000000 1.0000000000 -0.5000000000 0.9000000000 2.3750000000 1.0000000000 -0.5000000000 2.3750000000 0.0000000000
0.7470000000 1.0000000000 -0.5000000000 0.9000000000 2.3750000000 1.0000000000 -0.5000000000 2.3750000000 0.0000000000
0.7480000000 1.0000000000 -0.5000000000 0.9000000000 2.3750000000 1.0000000000 -0.5000000000 2.3750000000 0.0000000000
0.7490000000 1.0000000000 -0.5000000000 0.9000000000 2.3750000000 1.0000000000 -0.5000000000 2.3750000000 0.0000000000
0.7500000000 1.0000000000 -0.5000000000 0.9000000000 2.3750000000 1.0000000000 -0.5000000000 2.3750000000 0.0000000000
0.7510000000 1.0000000000 -0.5000000000 0.9000000000 2.3750000000 1.0000000000 -0.5000000000 2.3750000000 0.0000000000
0.7520000000 1.0000000000 -0.5000000000 0.9000000000 2.3750000000 1.0000000000 -0.5000000000 2.3750000000 0.0000000000
0.7530000000 1.0000000000 -0.5000000000 0.9000000000 2.3750000000 1.0000000000 -0.5000000000 2.3750000000 0.0000000000
0.7540000000 1.0000000000 -0.5000000000 0.9000000000 2.3750000000 1.0000000000 -0.5000000000 2.3750000000 0.0000000000
0.7550000000 1.0000000000 -0.5000000000 0.9000000000 2.3750000000 1.0000000000 -0.5000000000 2.3750000000 0.0000000000
0.7560000000 1.0000000000 -0.5000000000 0.9000000000 2.3750000000 1.0000000000 -0.5000000000 2.3750000000 0.0000000000
0.7570000000 1.0000000000 -0.5000000000 0.9000000000 2.3750000000 1.0000000000 -0.5000000000 2.3750000000 0.0000000000
0.7580000000 1.0000000000 -0.5000000000 0.9000000000 2.3750000000 1.0000000000 -0.5000000000 2.3750000000 0.0000000000
0.7590000000 1.0000000000 -0.5000000000 0.9000000000 2.3750000000 1.0000000000 -0.5000000000 2.3750000000 0.0000000000
0.7600000000 1.0000000000 -0.5000000000 0.9000000000 2.3750000000 1.0000000000 -0.5000000000 2.3750000000 0.0000000000
0.7610000000 1.0000000000 -0.5000000000 0.9000000000 2.3750000000 1.0000000000 -0.5000000000 2.3750000000 0.0000000000
0.7620000000 1.0000000000 -0.5000000000 0.9000000000 2.3750000000 1.0000000000 -0.5000000000 2.3750000000 0.0000000000
0.7630000000 1.0000000000 -0.5000000000 0.9000000000 2.3750000000 1.0000000000 -0.5000000000 2.3750000000 0.0000000000
0.7640000000 1.0000000000 -0.5000000000 0.9000000000 2.3750000000 1.0000000000 -0.5000000000 2.3750000000 0.0000000000
0.7650000000 1.0000000000 -0.5000000000 0.9000000000 2.3750000000 1.0000000000 -0.5000000000 2.3750000000 0.0000000000
0.7660000000 1.0000000000 -0.5000000000 0.9000000000 2.3750000000 1.0000000000 -0.5000000000 2.3750000000 0.0000000000
0.7670000000 1.0000000000 -0.5000000000 0.9000000000 2.3750000000 1.0000000000 -0.5000000000 2.3750000000 0.0000000000
0.7680000000 1.0000000000 -0.5000000000 0.9000000000 2.3750000000 1.0000000000 -0.5000000000 2.3750000000 0.0000000000
0.7690000000 1.0000000000 -0.5000000000 0.9000000000 2.3750000000 1.0000000000 -0.5000000000 2.3750000000 0.0000000000
0.7700000000 1.0000000000 -0.5000000000 0.9000000000 2.3750000000 1.0000000000 -0.5000000000 2.3750000000 0.0000000000
0.7710000000 1.0000000000 -0.5000000000 0.9000000000 2.3750000000 1.0000000000 -0.5000000000 2.3750000000 0.0000000000
0.7720000000 1.0000000000 -0.5000000000 0.9000000000 2.3750000000 1.0000000000 -0.5000000000 2.3750000000 0.0000000000
0.7730000000 1.0000000000 -0.5000000000 0.9000000000 2.3750000000 1.0000000000 -0.5000000000 2.3750000000 0.0000000000
0.7740000000 1.0000000000 -0.5000000000 0.9000000000 2.3750000000 1.0000000000 -0.5000000000 2.3750000000 0.0000000000
0.7750000000 1.0000000000 -0.5000000000 0.9000000000 2.3750000000 1.0000000000 -0.5000000000 2.3750000000 0.0000000000
0.7760000000 1.0000000000 -0.5000000000 0.9000000000 2.3750000000 1.0000000000 -0.5000000000 2.3750000000 0.0000000000
0.7770000000 1.0000000000 -0.5000000000 0.9000000000 2.3750000000 1.0000000000 -0.5000000000 2.3750000000 0.0000000000
0.7780000000 1.0000000000 -0.5000000000 0.9000000000 2.3750000000 1.0000000000 -0.5000000000 2.3750000000 0.0000000000
0.7790000000 1.0000000000 -0.5000000000 0.9000000000 2.3750000000 1.0000000000 -0.5000000000 2.3750000000 0.0000000000
0.7800000000 1.0000000000 -0.5000000000 0.9000000000 2.3750000000 1.0000000000 -0.5000000000 2.3750000000 0.0000000000
0.7810000000 1.0000000000 -0.5000000000 0.9000000000 2.3750000000 1.0000000000 -0.5000000000 2.3750000000 0.0000000000
0.7820000000 1.0000000000 -0.5000000000 0.9000000000 2.3750000000 1.0000000000 -0.5000000000 2.3750000000 0.0000000000
0.7830000000 1.0000000000 -0.5000000000 0.9000000000 2.3750000000 1.0000000000 -0.5000000000 2.3750000000 0.0000000000
0.7840000000 1.0000000000 -0.5000000000 0.9000000000 2.3750000000 1.0000000000 -0.5000000000 2.3750000000 0.0000000000
0.7850000000 1.0000000000 -0.5000000000 0.9000000000 2.3750000000 1.0000000000 -0.5000000000 2.3750000000 0.0000000000
0.7860000000 1.0000000000 -0.5000000000 0.9000000000 2.3750000000 1.0000000000 -0.5000000000 2.3750000000 0.0000000000
0.7870000000 1.0000000000 -0.5000000000 0.9000000000 2.3750000000 1.0000000000 -0.5000000000 2.3750000000 0.0000000000
0.7880000000 1.0000000000 -0.5000000000 0.9000000000 2.3750000000 1.0000000000 -0.5000000000 2.3750000000 0.0000000000
0.7890000000 1.0000000000 -0.5000000000 0.9000000000 2.3750000000 1.0000000000 -0.5000000000 2.3750000000 0.0000000000
0.7900000000 1.0000000000 -0.5000000000 0.9000000000 2.3750000000 1.0000000000 -0.5000000000 2.3750000000 0.0000000000
0.7910000000 1.0000000000 -0.5000000000 0.9000000000 2.3750000000 1.0000000000 -0.5000000000 2.3750000000 0.0000000000
0.7920000000 1.0000000000 -0.5000000000 0.9000000000 2.3750000000 1.0000000000 -0.5000000000 2.3750000000 0.0000000000
0.7930000000 1.0000000000 -0.5000000000 0.9000000000 2.3750000000 1.0000000000 -0.5000000000 2.3750000000 0.0000000000
0.7940000000 1.0000000000 -0.5000000000 0.9000000000 2.3750000000 1.0000000000 -0.5000000000 2.3750000000 0.0000000000
0.7950000000 1.0000000000 -0.5000000000 0.9000000000 2.3750000000 1.0000000000 -0.5000000000 2.3750000000 0.0000000000
0.7960000000 1.0000000000 -0.5000000000 0.9000000000 2.3750000000 1.0000000000 -0.5000000000 2.3750000000 0.0000000000
0.7970000000 1.0000000000 -0.5000000000 0.9000000000 2.3750000000 1.0000000000 -0.5000000000 2.3750000000 0.0000000000
0.7980000000 1.0000000000 -0.5000000000 0.9000000000 2.3750000000 1.0000000000 -0.5000000000 2.3750000000 0.0000000000
0.7990000000 1.0000000000 -0.5000000000 0.9000000000 2.3750000000 1.0000000000 -0.5000000000 2.3750000000 0.0000000000
0.8000000000 1.0000000000 -0.5000000000 0.9000000000 2.3750000000 1.0000000000 -0.5000000000 2.3750000000 0.0000000000
0.8010000000 1.0000000000 -0.5000000000 0.9000000000 2.3750000000 1.0000000000 -0.5000000000 2.3750000000 0.0000000000
0.8020000000 1.0000000000 -0.5000000000 0.9000000000 2.3750000000 1.0000000000 -0.5000000000 2.3750000000 0.0000000000
0.8030000000 1.0000000000 -0.5000000000 0.9000000000 2.3750000000 1.0000000000 -0.5000000000 2.3750000000 0.0000000000
0.8040000000 1.0000000000 -0.5000000000 0.9000000000 2.3750000000 1.0000000000 -0.5000000000 2.3750000000 0.0000000000
0.8050000000 1.0000000000 -0.5000000000 0.9000000000 2.3750000000 1.0000000000 -0.5000000000 2.3750000000 0.0000000000
0.8060000000 1.0000000000 -0.5000000000 0.9000000000 2.3750000000 1.0000000000 -0.5000000000 2.3750000000 0.0000000000
0.8070000000 1.0000000000 -0.5000000000 0.9000000000 2.3750000000 1.0000000000 -0.5000000000 2.3750000000 0.0000000000
0.8080000000 1.0000000000 -0.5000000000 0.9000000000 2.3750000000 1.0000000000 -0.5000000000 2.3750000000 0.0000000000
0.8090000000 1.0000000000 -0.5000000000 0.9000000000 2.3750000000 1.0000000000 -0.5000000000 2.3750000000 0.0000000000
0.8100000000 1.0000000000 -0.5000000000 0.9000000000 2.3750000000 1.0000000000 -0.5000000000 2.3750000000 0.0000000000
0.8110000000 1.0000000000 -0.5000000000 0.9000000000 2.3750000000 1.0000000000 -0.5000000000 2.3750000000 0.0000000000
0.8120000000 1.0000000000 -0.5000000000 0.9000000000 2.3750000000 1.0000000000 -0.5000000000 2.3750000000 0.0000000000
0.8130000000 1.0000000000 -0.5000000000 0.9000000000 2.3750000000 1.0000000000 -0.5000000000 2.3750000000 0.0000000000
0.8140000000 1.0000000000 -0.5000000000 0.9000000000 2.3750000000 1.0000000000 -0.5000000000 2.3750000000 0.0000000000
0.8150000000 1.0000000000 -0.5000000000 0.9000000000 2.3750000000 1.0000000000 -0.5000000000 2.3750000000 0.0000000000
0.8160000000 1.0000000000 -0.5000000000 0.9000000000 2.3750000000 1.0000000000 -0.5000000000 2.3750000000 0.0000000000
0.8170000000 1.0000000000 -0.5000000000 0.9000000000 2.3750000000 1.0000000000 -0.5000000000 2.3750000000 0.0000000000
0.8180000000 1.0000000000 -0.5000000000 0.9000000000 2.3750000000 1.0000000000 -0.5000000000 2.3750000000 0.0000000000
0.8190000000 1.0000000000 -0.5000000000 0.9000000000 2.3750000000 1.0000000000 -0.5000000000 2.3750000000 0.0000000000
0.8200000000 1.0000000000 -0.5000000000 0.9000000000 2.3750000000 1.0000000000 -0.5000000000 2.3750000000 0.0000000000
0.8210000000 1.0000000000 -0.5000000000 0.9000000000 2.3750000000 1.0000000000 -0.5000000000 2.3750000000 0.0000000000
0.8220000000 1.0000000000 -0.5000000000 0.9000000000 2.3750000000 1.0000000000 -0.5000000000 2.3750000000 0.0000000000
0.8230000000 1.0000000000 -0.5000000000 0.9000000000 2.3750000000 1.0000000000 -0.5000000000 2.3750000000 0.0000000000
0.8240000000 1.0000000000 -0.5000000000 0.9000000000 2.3750000000 1.0000000000 -0.5000000000 2.3750000000 0.0000000000
0.8250000000 1.0000000000 -0.5000000000 0.9000000000 2.3750000000 1.0000000000 -0.5000000000 2.3750000000 0.0000000000
0.8260000000 1.0000000000 -0.5000000000 0.9000000000 2.3750000000 1.0000000000 -0.5000000000 2.3750000000 0.0000000000
0.8270000000 1.0000000000 -0.5000000000 0.9000000000 2.3750000000 1.0000000000 -0.5000000000 2.3750000000 0.0000000000
0.8280000000 1.0000000000 -0.5000000000 0.9000000000 2.3750000000 1.0000000000 -0.5000000000 2.3750000000 0.0000000000
0.8290000000 1.0000000000 -0.5000000000 0.9000000000 2.3750000000 1.0000000000 -0.5000000000 2.3750000000 0.0000000000
0.8300000000 1.0000000000 -0.5000000000 0.9000000000 2.3750000000 1.0000000000 -0.5000000000 2.3750000000 0.0000000000
0.8310000000 1.0000000000 -0.5000000000 0.9000000000 2.3750000000 1.0000000000 -0.5000000000 2.3750000000 0.0000000000
0.8320000000 1.0000000000 -0.5000000000 0.9000000000 2.3750000000 1.0000000000 -0.5000000000 2.3750000000 0.0000000000
0.8330000000 1.0000000000 -0.5000000000 0.9000000000 2.3750000000 1.0000000000 -0.5000000000 2.3750000000 0.0000000000
0.8340000000 1.0000000000 -0.5000000000 0.9000000000 2.3750000000 1.0000000000 -0.5000000000 2.3750000000 0.0000000000
0.8350000000 1.0000000000 -0.5000000000 0.9000000000 2.3750000000 1.0000000000 -0.5000000000 2.3750000000 0.0000000000
0.8360000000 1.0000000000 -0.5000000000 0.9000000000 2.3750000000 1.0000000000 -0.5000000000 2.3750000000 0.0000000000
0.8370000000 1.0000000000 -0.5000000000 0.9000000000 2.3750000000 1.0000000000 -0.5000000000 2.3750000000 0.0000000000
0.8380000000 1.0000000000 -0.5000000000 0.9000000000 2.3750000000 1.0000000000 -0.5000000000 2.3750000000 0.0000000000
0.8390000000 1.0000000000 -0.5000000000 0.9000000000 2.3750000000 1.0000000000 -0.5000000000 2.3750000000 0.0000000000
0.8400000000 1.0000000000 -0.5000000000 0.9000000000 2.3750000000 1.0000000000 -0.5000000000 2.3750000000 0.0000000000
0.8410000000 1.0000000000 -0.5000000000 0.9000000000 2.3750000000 1.0000000000 -0.5000000000 2.3750000000 0.0000000000
0.8420000000 1.0000000000 -0.5000000000 0.9000000000 2.3750000000 1.0000000000 -0.5000000000 2.3750000000 0.0000000000
0.8430000000 1.0000000000 -0.5000000000 0.9000000000 2.3750000000 1.0000000000 -0.5000000000 2.3750000000 0.0000000000
0.8440000000 1.0000000000 -0.5000000000 0.9000000000 2.3750000000 1.0000000000 -0.5000000000 2.3750000000 0.0000000000
0.8450000000 1.0000000000 -0.5000000000 0.9000000000 2.3750000000 1.0000000000 -0.5000000000 2.3750000000 0.0000000000
0.8460000000 1.0000000000 -0.5000000000 0.9000000000 2.3750000000 1.0000000000 -0.5000000000 2.3750000000 0.0000000000
0.8470000000 1.0000000000 -0.5000000000 0.9000000000 2.3750000000 1.0000000000 -0.5000000000 2.3750000000 0.0000000000
0.8480000000 1.0000000000 -0.5000000000 0.9000000000 2.3750000000 1.0000000000 -0.5000000000 2.3750000000 0.0000000000
0.8490000000 1.0000000000 -0.5000000000 0.9000000000 2.3750000000 1.0000000000 -0.5000000000 2.3750000000 0.0000000000
0.8500000000 1.0000000000 -0.5000000000 0.9000000000 2.3750000000 1.0000000000 -0.5000000000 2.3750000000 0.0000000000
0.8510000000 1.0000000000 -0.5000000000 0.9000000000 2.3750000000 1.0000000000 -0.5000000000 2.3750000000 0.0000000000
0.8520000000 1.0000000000 -0.5000000000 0.9000000000 2.3750000000 1.0000000000 -0.5000000000 2.3750000000 0.0000000000
0.8530000000 1.0000000000 -0.5000000000 0.9000000000 2.3750000000 1.0000000000 -0.5000000000 2.3750000000 0.0000000000
0.8540000000 1.0000000000 -0.5000000000 0.9000000000 2.3750000000 1.0000000000 -0.5000000000 2.3750000000 0.0000000000
0.8550000000 1.0000000000 -0.5000000000 0.9000000000 2.3750000000 1.0000000000 -0.5000000000 2.3750000000 0.0000000000
0.8560000000 1.0000000000 -0.5000000000 0.9000000000 2.3750000000 1.0000000000 -0.5000000000 2.3750000000 0.0000000000
0.8570000000 1.0000000000 -0.5000000000 0.9000000000 2.3750000000 1.0000000000 -0.5000000000 2.3750000000 0.0000000000
0.8580000000 1.0000000000 -0.5000000000 0.9000000000 2.3750000000 1.0000000000 -0.5000000000 2.3750000000 0.0000000000
0.8590000000 1.0000000000 -0.5000000000 0.9000000000 2.3750000000 1.0000000000 -0.5000000000 2.3750000000 0.0000000000
0.8600000000 1.0000000000 -0.5000000000 0.9000000000 2.3750000000 1.0000000000 -0.5000000000 2.3750000000 0.0000000000
0.8610000000 1.0000000000 -0.5000000000 0.9000000000 2.3750000000 1.0000000000 -0.5000000000 2.3750000000 0.0000000000
0.8620000000 1.0000000000 -0.5000000000 0.9000000000 2.3750000000 1.0000000000 -0.5000000000 2.3750000000 0.0000000000
0.8630000000 1.0000000000 -0.5000000000 0.9000000000 2.3750000000 1.0000000000 -0.5000000000 2.3750000000 0.0000000000
0.8640000000 1.0000000000 -0.5000000000 0.9000000000 2.3750000000 1.0000000000 -0.5000000000 2.3750000000 0.0000000000
0.8650000000 1.0000000000 -0.5000000000 0.9000000000 2.3750000000 1.0000000000 -0.5000000000 2.3750000000 0.0000000000
0.8660000000 1.0000000000 -0.5000000000 0.9000000000 2.3750000000 1.0000000000 -0.5000000000 2.3750000000 0.0000000000
0.8670000000 1.0000000000 -0.5000000000 0.9000000000 2.3750000000 1.0000000000 -0.5000000000 2.3750000000 0.0000000000
0.8680000000 1.0000000000 -0.5000000000 0.9000000000 2.3750000000 1.0000000000 -0.5000000000 2.3750000000 0.0000000000
0.8690000000 1.0000000000 -0.5000000000 0.9000000000 2.3750000000 1.0000000000 -0.5000000000 2.3750000000 0.0000000000
0.8700000000 1.0000000000 -0.5000000000 0.9000000000 2.3750000000 1.0000000000 -0.5000000000 2.3750000000 0.0000000000
0.8710000000 1.0000000000 -0.5000000000 0.9000000000 2.3750000000 1.0000000000 -0.5000000000 2.3750000000 0.0000000000
0.8720000000 1.0000000000 -0.5000000000 0.9000000000 2.3750000000 1.0000000000 -0.5000000000 2.3750000000 0.0000000000
0.8730000000 1.0000000000 -0.5000000000 0.9000000000 2.3750000000 1.0000000000 -0.5000000000 2.3750000000 0.0000000000
0.8740000000 1.0000000000 -0.5000000000 0.9000000000 2.3750000000 1.0000000000 -0.5000000000 2.3750000000 0.0000000000
0.8750000000 1.0000000000 -0.5000000000 0.9000000000 2.3750000000 1.0000000000 -0.5000000000 2.3750000000 0.0000000000
0.8760000000 1.0000000000 -0.5000000000 0.9000000000 2.3750000000 1.0000000000 -0.5000000000 2.3750000000 0.0000000000
0.8770000000 1.0000000000 -0.5000000000 0.9000000000 2.3750000000 1.0000000000 -0.5000000000 2.3750000000 0.0000000000
0.8780000000 1.0000000000 -0.5000000000 0.9000000000 2.3750000000 1.0000000000 -0.5000000000 2.3750000000 0.0000000000
0.8790000000 1.0000000000 -0.5000000000 0.9000000000 2.3750000000 1.0000000000 -0.5000000000 2.3750000000 0.0000000000
0.8800000000 1.0000000000 -0.5000000000 0.9000000000 2.3750000000 1.0000000000 -0.5000000000 2.3750000000 0.0000000000
0.8810000000 1.0000000000 -0.5000000000 0.9000000000 2.3750000000 1.0000000000 -0.5000000000 2.3750000000 0.0000000000
0.8820000000 1.0000000000 -0.5000000000 0.9000000000 2.3750000000 1.0000000000 -0.5000000000 2.3750000000 0.0000000000
0.8830000000 1.0000000000 -0.5000000000 0.9000000000 2.3750000000 1.0000000000 -0.5000000000 2.3750000000 0.0000000000
0.8840000000 1.0000000000 -0.5000000000 0.9000000000 2.3750000000 1.0000000000 -0.5000000000 2.3750000000 0.0000000000
0.8850000000 1.0000000000 -0.5000000000 0.9000000000 2.3750000000 1.0000000000 -0.5000000000 2.3750000000 0.0000000000
0.8860000000 1.0000000000 -0.5000000000 0.9000000000 2.3750000000 1.0000000000 -0.5000000000 2.3750000000 0.0000000000
0.8870000000 1.0000000000 -0.5000000000 0.9000000000 2.3750000000 1.0000000000 -0.5000000000 2.3750000000 0.0000000000
0.8880000000 1.0000000000 -0.5000000000 0.9000000000 2.3750000000 1.0000000000 -0.5000000000 2.3750000000 0.0000000000
0.8890000000 1.0000000000 -0.5000000000 0.9000000000 2.3750000000 1.0000000000 -0.5000000000 2.3750000000 0.0000000000
0.8900000000 1.0000000000 -0.5000000000 0.9000000000 2.3750000000 1.0000000000 -0.5000000000 2.3750000000 0.0000000000
0.8910000000 1.0000000000 -0.5000000000 0.9000000000 2.3750000000 1.0000000000 -0.5000000000 2.3750000000 0.0000000000
0.8920000000 1.0000000000 -0.5000000000 0.9000000000 2.3750000000 1.0000000000 -0.5000000000 2.3750000000 0.0000000000
0.8930000000 1.0000000000 -0.5000000000 0.9000000000 2.3750000000 1.0000000000 -0.5000000000 2.3750000000 0.0000000000
0.8940000000 1.0000000000 -0.5000000000 0.9000000000 2.3750000000 1.0000000000 -0.5000000000 2.3750000000 0.0000000000
0.8950000000 1.0000000000 -0.5000000000 0.9000000000 2.3750000000 1.0000000000 -0.5000000000 2.3750000000 0.0000000000
0.8960000000 1.0000000000 -0.5000000000 0.9000000000 2.3750000000 1.0000000000 -0.5000000000 2.3750000000 0.0000000000
0.8970000000 1.0000000000 -0.5000000000 0.9000000000 2.3750000000 1.0000000000 -0.5000000000 2.3750000000 0.0000000000
0.8980000000 1.0000000000 -0.5000000000 0.9000000000 2.3750000000 1.0000000000 -0.5000000000 2.3750000000 0.0000000000
0.8990000000 1.0000000000 -0.5000000000 0.9000000000 2.3750000000 1.0000000000 -0.5000000000 2.3750000000 0.0000000000
0.9000000000 1.0000000000 -0.5000000000 0.9000000000 2.3750000000 1.0000000000 -0.5000000000 2.3750000000 0.0000000000
0.9010000000 1.0000000000 -0.5000000000 0.9000000000 2.3750000000 1.0000000000 -0.5000000000 2.3750000000 0.0000000000
0.9020000000 1.0000000000 -0.5000000000 0.9000000000 2.3750000000 1.0000000000 -0.5000000000 2.3750000000 0.0000000000
0.9030000000 1.0000000000 -0.5000000000 0.9000000000 2.3750000000 1.0000000000 -0.5000000000 2.3750000000 0.0000000000
0.9040000000 1.0000000000 -0.5000000000 0.9000000000 2.3750000000 1.0000000000 -0.5000000000 2.3750000000 0.0000000000
0.9050000000 1.0000000000 -0.5000000000 0.9000000000 2.3750000000 1.0000000000 -0.5000000000 2.3750000000 0.0000000000
0.9060000000 1.0000000000 -0.5000000000 0.9000000000 2.3750000000 1.0000000000 -0.5000000000 2.3750000000 0.0000000000
0.9070000000 1.0000000000 -0.5000000000 0.9000000000 2.3750000000 1.0000000000 -0.5000000000 2.3750000000 0.0000000000
0.9080000000 1.0000000000 -0.5000000000 0.9000000000 2.3750000000 1.0000000000 -0.5000000000 2.3750000000 0.0000000000
0.9090000000 1.0000000000 -0.5000000000 0.9000000000 2.3750000000 1.0000000000 -0.5000000000 2.3750000000 0.0000000000
0.9100000000 1.0000000000 -0.5000000000 0.9000000000 2.3750000000 1.0000000000 -0.5000000000 2.3750000000 0.0000000000
0.9110000000 1.0000000000 -0.5000000000 0.9000000000 2.3750000000 1.0000000000 -0.5000000000 2.3750000000 0.0000000000
0.9120000000 1.0000000000 -0.5000000000 0.9000000000 2.3750000000 1.0000000000 -0.5000000000 2.3750000000 0.0000000000
0.9130000000 1.0000000000 -0.5000000000 0.9000000000 2.3750000000 1.0000000000 -0.5000000000 2.3750000000 0.0000000000
0.9140000000 1.0000000000 -0.5000000000 0.9000000000 2.3750000000 1.0000000000 -0.5000000000 2.3750000000 0.0000000000
0.9150000000 1.0000000000 -0.5000000000 0.9000000000 2.3750000000 1.0000000000 -0.5000000000 2.3750000000 0.0000000000
0.9160000000 1.0000000000 -0.5000000000 0.9000000000 2.3750000000 1.0000000000 -0.5000000000 2.3750000000 0.0000000000
0.9170000000 1.0000000000 -0.5000000000 0.9000000000 2.3750000000 1.0000000000 -0.5000000000 2.3750000000 0.0000000000
0.9180000000 1.0000000000 -0.5000000000 0.9000000000 2.3750000000 1.0000000000 -0.5000000000 2.3750000000 0.0000000000
0.9190000000 1.0000000000 -0.5000000000 0.9000000000 2.3750000000 1.0000000000 -0.5000000000 2.3750000000 0.0000000000
0.9200000000 1.0000000000 -0.5000000000 0.9000000000 2.3750000000 1.0000000000 -0.5000000000 2.3750000000 0.0000000000
0.9210000000 1.0000000000 -0.5000000000 0.9000000000 2.3750000000 1.0000000000 -0.5000000000 2.3750000000 0.0000000000
0.9220000000 1.0000000000 -0.5000000000 0.9000000000 2.3750000000 1.0000000000 -0.5000000000 2.3750000000 0.0000000000
0.9230000000 1.0000000000 -0.5000000000 0.9000000000 2.3750000000 1.0000000000 -0.5000000000 2.3750000000 0.0000000000
0.9240000000 1.0000000000 -0.5000000000 0.9000000000 2.3750000000 1.0000000000 -0.5000000000 2.3750000000 0.0000000000
0.9250000000 1.0000000000 -0.5000000000 0.9000000000 2.3750000000 1.0000000000 -0.5000000000 2.3750000000 0.0000000000
0.9260000000 1.0000000000 -0.5000000000 0.9000000000 2.3750000000 1.0000000000 -0.5000000000 2.3750000000 0.0000000000
0.9270000000 1.0000000000 -0.5000000000 0.9000000000 2.3750000000 1.0000000000 -0.5000000000 2.3750000000 0.0000000000
0.9280000000 1.0000000000 -0.5000000000 0.9000000000 2.3750000000 1.0000000000 -0.5000000000 2.3750000000 0.0000000000
0.9290000000 1.0000000000 -0.5000000000 0.9000000000 2.3750000000 1.0000000000 -0.5000000000 2.3750000000 0.0000000000
0.9300000000 1.0000000000 -0.5000000000 0.9000000000 2.3750000000 1.0000000000 -0.5000000000 2.3750000000 0.0000000000
0.9310000000 1.0000000000 -0.5000000000 0.9000000000 2.3750000000 1.0000000000 -0.5000000000 2.3750000000 0.0000000000
0.9320000000 1.0000000000 -0.5000000000 0.9000000000 2.3750000000 1.0000000000 -0.5000000000 2.3750000000 0.0000000000
0.9330000000 1.0000000000 -0.5000000000 0.9000000000 2.3750000000 1.0000000000 -0.5000000000 2.3750000000 0.0000000000
0.9340000000 1.0000000000 -0.5000000000 0.9000000000 2.3750000000 1.0000000000 -0.5000000000 2.3750000000 0.0000000000
0.9350000000 1.0000000000 -0.5000000000 0.9000000000 2.3750000000 1.0000000000 -0.5000000000 2.3750000000 0.0000000000
0.9360000000 1.0000000000 -0.5000000000 0.9000000000 2.3750000000 1.0000000000 -0.5000000000 2.3750000000 0.0000000000
0.9370000000 1.0000000000 -0.5000000000 0.9000000000 2.3750000000 1.0000000000 -0.5000000000 2.3750000000 0.0000000000
0.9380000000 1.0000000000 -0.5000000000 0.9000000000 2.3750000000 1.0000000000 -0.5000000000 2.3750000000 0.0000000000
0.9390000000 1.0000000000 -0.5000000000 0.9000000000 2.3750000000 1.0000000000 -0.5000000000 2.3750000000 0.0000000000
0.9400000000 1.0000000000 -0.5000000000 0.9000000000 2.3750000000 1.0000000000 -0.5000000000 2.3750000000 0.0000000000
0.9410000000 1.0000000000 -0.5000000000 0.9000000000 2.3750000000 1.0000000000 -0.5000000000 2.3750000000 0.0000000000
0.9420000000 1.0000000000 -0.5000000000 0.9000000000 2.3750000000 1.0000000000 -0.5000000000 2.3750000000 0.0000000000
0.9430000000 1.0000000000 -0.5000000000 0.9000000000 2.3750000000 1.0000000000 -0.5000000000 2.3750000000 0.0000000000
0.9440000000 1.0000000000 -0.5000000000 0.9000000000 2.3750000000 1.0000000000 -0.5000000000 2.3750000000 0.0000000000
0.9450000000 1.0000000000 -0.5000000000 0.9000000000 2.3750000000 1.0000000000 -0.5000000000 2.3750000000 0.0000000000
0.9460000000 1.0000000000 -0.5000000000 0.9000000000 2.3750000000 1.0000000000 -0.5000000000 2.3750000000 0.0000000000
0.9470000000 1.0000000000 -0.5000000000 0.9000000000 2.3750000000 1.0000000000 -0.5000000000 2.3750000000 0.0000000000
0.9480000000 1.0000000000 -0.5000000000 0.9000000000 2.3750000000 1.0000000000 -0.5000000000 2.3750000000 0.0000000000
0.9490000000 1.0000000000 -0.5000000000 0.9000000000 2.3750000000 1.0000000000 -0.5000000000 2.3750000000 0.0000000000
0.9500000000 1.0000000000 -0.5000000000 0.9000000000 2.3750000000 1.0000000000 -0.5000000000 2.3750000000 0.0000000000
0.9510000000 1.0000000000 -0.5000000000 0.9000000000 2.3750000000 1.0000000000 -0.5000000000 2.3750000000 0.0000000000
0.9520000000 1.0000000000 -0.5000000000 0.9000000000 2.3750000000 1.0000000000 -0.5000000000 2.3750000000 0.0000000000
0.9530000000 1.0000000000 -0.5000000000 0.9000000000 2.3750000000 1.0000000000 -0.5000000000 2.3750000000 0.0000000000
0.9540000000 1.0000000000 -0.5000000000 0.9000000000 2.3750000000 1.0000000000 -0.5000000000 2.3750000000 0.0000000000
0.9550000000 1.0000000000 -0.5000000000 0.9000000000 2.3750000000 1.0000000000 -0.5000000000 2.3750000000 0.0000000000
0.9560000000 1.0000000000 -0.5000000000 0.9000000000 2.3750000000 1.0000000000 -0.5000000000 2.3750000000 0.0000000000
0.9570000000 1.0000000000 -0.5000000000 0.9000000000 2.3750000000 1.0000000000 -0.5000000000 2.3750000000 0.0000000000
0.9580000000 1.0000000000 -0.5000000000 0.9000000000 2.3750000000 1.0000000000 -0.5000000000 2.3750000000 0.0000000000
0.9590000000 1.0000000000 -0.5000000000 0.9000000000 2.3750000000 1.0000000000 -0.5000000000 2.3750000000 0.0000000000
0.9600000000 1.0000000000 -0.5000000000 0.9000000000 2.3750000000 1.0000000000 -0.5000000000 2.3750000000 0.0000000000
0.9610000000 1.0000000000 -0.5000000000 0.9000000000 2.3750000000 1.0000000000 -0.5000000000 2.3750000000 0.0000000000
0.9620000000 1.0000000000 -0.5000000000 0.9000000000 2.3750000000 1.0000000000 -0.5000000000 2.3750000000 0.0000000000
0.9630000000 1.0000000000 -0.5000000000 0.9000000000 2.3750000000 1.0000000000 -0.5000000000 2.3750000000 0.0000000000
0.9640000000 1.0000000000 -0.5000000000 0.9000000000 2.3750000000 1.0000000000 -0.5000000000 2.3750000000 0.0000000000
0.9650000000 1.0000000000 -0.5000000000 0.9000000000 2.3750000000 1.0000000000 -0.5000000000 2.3750000000 0.0000000000
0.9660000000 1.0000000000 -0.5000000000 0.9000000000 2.3750000000 1.0000000000 -0.5000000000 2.3750000000 0.0000000000
0.9670000000 1.0000000000 -0.5000000000 0.9000000000 2.3750000000 1.0000000000 -0.5000000000 2.3750000000 0.0000000000
0.9680000000 1.0000000000 -0.5000000000 0.9000000000 2.3750000000 1.0000000000 -0.5000000000 2.3750000000 0.0000000000
0.9690000000 1.0000000000 -0.5000000000 0.9000000000 2.3750000000 1.0000000000 -0.5000000000 2.3750000000 0.0000000000
0.9700000000 1.0000000000 -0.5000000000 0.9000000000 2.3750000000 1.0000000000 -0.5000000000 2.3750000000 0.0000000000
0.9710000000 1.0000000000 -0.5000000000 0.9000000000 2.3750000000 1.0000000000 -0.5000000000 2.3750000000 0.0000000000
0.9720000000 1.0000000000 -0.5000000000 0.9000000000 2.3750000000 1.0000000000 -0.5000000000 2.3750000000 0.0000000000
0.9730000000 1.0000000000 -0.5000000000 0.9000000000 2.3750000000 1.0000000000 -0.5000000000 2.3750000000 0.0000000000
0.9740000000 1.0000000000 -0.5000000000 0.9000000000 2.3750000000 1.0000000000 -0.5000000000 2.3750000000 0.0000000000
0.9750000000 1.0000000000 -0.5000000000 0.9000000000 2.3750000000 1.0000000000 -0.5000000000 2.3750000000 0.0000000000
0.9760000000 1.0000000000 -0.5000000000 0.9000000000 2.3750000000 1.0000000000 -0.5000000000 2.3750000000 0.0000000000
0.9770000000 1.0000000000 -0.5000000000 0.9000000000 2.3750000000 1.0000000000 -0.5000000000 2.3750000000 0.0000000000
0.9780000000 1.0000000000 -0.5000000000 0.9000000000 2.3750000000 1.0000000000 -0.5000000000 2.3750000000 0.0000000000
0.9790000000 1.0000000000 -0.5000000000 0.9000000000 2.3750000000 1.0000000000 -0.5000000000 2.3750000000 0.0000000000
0.9800000000 1.0000000000 -0.5000000000 0.9000000000 2.3750000000 1.0000000000 -0.5000000000 2.3750000000 0.0000000000
0.9810000000 1.0000000000 -0.5000000000 0.9000000000 2.3750000000 1.0000000000 -0.5000000000 2.3750000000 0.0000000000
0.9820000000 1.0000000000 -0.5000000000 0.9000000000 2.3750000000 1.0000000000 -0.5000000000 2.3750000000 0.0000000000
0.9830000000 1.0000000000 -0.5000000000 0.9000000000 2.3750000000 1.0000000000 -0.5000000000 2.3750000000 0.0000000000
0.9840000000 1.0000000000 -0.5000000000 0.9000000000 2.3750000000 1.0000000000 -0.5000000000 2.3750000000 0.0000000000
0.9850000000 1.0000000000 -0.5000000000 0.9000000000 2.3750000000 1.0000000000 -0.5000000000 2.3750000000 0.0000000000
0.9860000000 1.0000000000 -0.5000000000 0.9000000000 2.3750000000 1.0000000000 -0.5000000000 2.3750000000 0.0000000000
0.9870000000 1.0000000000 -0.5000000000 0.9000000000 2.3750000000 1.0000000000 -0.5000000000 2.3750000000 0.0000000000
0.9880000000 1.0000000000 -0.5000000000 0.9000000000 2.3750000000 1.0000000000 -0.5000000000 2.3750000000 0.0000000000
0.9890000000 1.0000000000 -0.5000000000 0.9000000000 2.3750000000 1.0000000000 -0.5000000000 2.3750000000 0.0000000000
0.9900000000 1.0000000000 -0.5000000000 0.9000000000 2.3750000000 1.0000000000 -0.5000000000 2.3750000000 0.0000000000
0.9910000000 1.0000000000 -0.5000000000 0.9000000000 2.3750000000 1.0000000000 -0.5000000000 2.3750000000 0.0000000000
0.9920000000 1.0000000000 -0.5000000000 0.9000000000 2.3750000000 1.0000000000 -0.5000000000 2.3750000000 0.0000000000
0.9930000000 1.0000000000 -0.5000000000 0.9000000000 2.3750000000 1.0000000000 -0.5000000000 2.3750000000 0.0000000000
0.9940000000 1.0000000000 -0.5000000000 0.9000000000 2.3750000000 1.0000000000 -0.5000000000 2.3750000000 0.0000000000
0.9950000000 1.0000000000 -0.5000000000 0.9000000000 2.3750000000 1.0000000000 -0.5000000000 2.3750000000 0.0000000000
0.9960000000 1.0000000000 -0.5000000000 0.9000000000 2.3750000000 1.0000000000 -0.5000000000 2.3750000000 0.0000000000
0.9970000000 1.0000000000 -0.5000000000 0.9000000000 2.3750000000 1.0000000000 -0.5000000000 2.3750000000 0.0000000000
0.9980000000 1.0000000000 -0.5000000000 0.9000000000 2.3750000000 1.0000000000 -0.5000000000 2.3750000000 0.0000000000
0.9990000000 1.0000000000 -0.5000000000 0.9000000000 2.3750000000 1.0000000000 -0.5000000000 2.3750000000 0.0000000000
1.0000000000 1.0000000000 -0.5000000000 0.9000000000 2.3750000000 1.0000000000 -0.5000000000 2.3750000000 0.0000000000
