TITLE = "1D Euler Filtered MacCormack Result"
VARIABLES = "x", "rho", "u", "p", "E", "rho_conserved", "rhou", "rhoE", "nu"
ZONE T="t=0.20000000", I=1001, F=POINT
0.0000000000 10.0000000000 1.0000000000 2.0000000000 1.0000000000 10.0000000000 10.0000000000 10.0000000000 0.0000000000
0.0010000000 10.0000000000 1.0000000000 2.0000000000 1.0000000000 10.0000000000 10.0000000000 10.0000000000 0.0000000000
0.0020000000 10.0000000000 1.0000000000 2.0000000000 1.0000000000 10.0000000000 10.0000000000 10.0000000000 0.0000000000
0.0030000000 10.0000000000 1.0000000000 2.0000000000 1.0000000000 10.0000000000 10.0000000000 10.0000000000 0.0000000000
0.0040000000 10.0000000000 1.0000000000 2.0000000000 1.0000000000 10.0000000000 10.0000000000 10.0000000000 0.0000000000
0.0050000000 10.0000000000 1.0000000000 2.0000000000 1.0000000000 10.0000000000 10.0000000000 10.0000000000 0.0000000000
0.0060000000 10.0000000000 1.0000000000 2.0000000000 1.0000000000 10.0000000000 10.0000000000 10.0000000000 0.0000000000
0.0070000000 10.0000000000 1.0000000000 2.0000000000 1.0000000000 10.0000000000 10.0000000000 10.0000000000 0.0000000000
0.0080000000 10.0000000000 1.0000000000 2.0000000000 1.0000000000 10.0000000000 10.0000000000 10.0000000000 0.0000000000
0.0090000000 10.0000000000 1.0000000000 2.0000000000 1.0000000000 10.0000000000 10.0000000000 10.0000000000 0.0000000000
0.0100000000 10.0000000000 1.0000000000 2.0000000000 1.0000000000 10.0000000000 10.0000000000 10.0000000000 0.0000000000
0.0110000000 10.0000000000 1.0000000000 2.0000000000 1.0000000000 10.0000000000 10.0000000000 10.0000000000 0.0000000000
0.0120000000 10.0000000000 1.0000000000 2.0000000000 1.0000000000 10.0000000000 10.0000000000 10.0000000000 0.0000000000
0.0130000000 10.0000000000 1.0000000000 2.0000000000 1.0000000000 10.0000000000 10.0000000000 10.0000000000 0.0000000000
0.0140000000 10.0000000000 1.0000000000 2.0000000000 1.0000000000 10.0000000000 10.0000000000 10.0000000000 0.0000000000
0.0150000000 10.0000000000 1.0000000000 2.0000000000 1.0000000000 10.0000000000 10.0000000000 10.0000000000 0.0000000000
0.0160000000 10.0000000000 1.0000000000 2.0000000000 1.0000000000 10.0000000000 10.0000000000 10.0000000000 0.0000000000
0.0170000000 10.0000000000 1.0000000000 2.0000000000 1.0000000000 10.0000000000 10.0000000000 10.0000000000 0.0000000000
0.0180000000 10.0000000000 1.0000000000 2.0000000000 1.0000000000 10.0000000000 10.0000000000 10.0000000000 0.0000000000
0.0190000000 10.0000000000 1.0000000000 2.0000000000 1.0000000000 10.0000000000 10.0000000000 10.0000000000 0.0000000000
0.0200000000 10.0000000000 1.0000000000 2.0000000000 1.0000000000 10.0000000000 10.0000000000 10.0000000000 0.0000000000
0.0210000000 10.0000000000 1.0000000000 2.0000000000 1.0000000000 10.0000000000 10.0000000000 10.0000000000 0.0000000000
0.0220000000 10.0000000000 1.0000000000 2.0000000000 1.0000000000 10.0000000000 10.0000000000 10.0000000000 0.0000000000
0.0230000000 10.0000000000 1.0000000000 2.0000000000 1.0000000000 10.0000000000 10.0000000000 10.0000000000 0.0000000000
0.0240000000 10.0000000000 1.0000000000 2.0000000000 1.0000000000 10.0000000000 10.0000000000 10.0000000000 0.0000000000
0.0250000000 10.0000000000 1.0000000000 2.0000000000 1.0000000000 10.0000000000 10.0000000000 10.0000000000 0.0000000000
0.0260000000 10.0000000000 1.0000000000 2.0000000000 1.0000000000 10.0000000000 10.0000000000 10.0000000000 0.0000000000
0.0270000000 10.0000000000 1.0000000000 2.0000000000 1.0000000000 10.0000000000 10.0000000000 10.0000000000 0.0000000000
0.0280000000 10.0000000000 1.0000000000 2.0000000000 1.0000000000 10.0000000000 10.0000000000 10.0000000000 0.0000000000
0.0290000000 10.0000000000 1.0000000000 2.0000000000 1.0000000000 10.0000000000 10.0000000000 10.0000000000 0.0000000000
0.0300000000 10.0000000000 1.0000000000 2.0000000000 1.0000000000 10.0000000000 10.0000000000 10.0000000000 0.0000000000
0.0310000000 10.0000000000 1.0000000000 2.0000000000 1.0000000000 10.0000000000 10.0000000000 10.0000000000 0.0000000000
0.0320000000 10.0000000000 1.0000000000 2.0000000000 1.0000000000 10.0000000000 10.0000000000 10.0000000000 0.0000000000
0.0330000000 10.0000000000 1.0000000000 2.0000000000 1.0000000000 10.0000000000 10.0000000000 10.0000000000 0.0000000000
0.0340000000 10.0000000000 1.0000000000 2.0000000000 1.0000000000 10.0000000000 10.0000000000 10.0000000000 0.0000000000
0.0350000000 10.0000000000 1.0000000000 2.0000000000 1.0000000000 10.0000000000 10.0000000000 10.0000000000 0.0000000000
0.0360000000 10.0000000000 1.0000000000 2.0000000000 1.0000000000 10.0000000000 10.0000000000 10.0000000000 0.0000000000
0.0370000000 10.0000000000 1.0000000000 2.0000000000 1.0000000000 10.0000000000 10.0000000000 10.0000000000 0.0000000000
0.0380000000 10.0000000000 1.0000000000 2.0000000000 1.0000000000 10.0000000000 10.0000000000 10.0000000000 0.0000000000
0.0390000000 10.0000000000 1.0000000000 2.0000000000 1.0000000000 10.0000000000 10.0000000000 10.0000000000 0.0000000000
0.0400000000 10.0000000000 1.0000000000 2.0000000000 1.0000000000 10.0000000000 10.0000000000 10.0000000000 0.0000000000
0.0410000000 10.0000000000 1.0000000000 2.0000000000 1.0000000000 10.0000000000 10.0000000000 10.0000000000 0.0000000000
0.0420000000 10.0000000000 1.0000000000 2.0000000000 1.0000000000 10.0000000000 10.0000000000 10.0000000000 0.0000000000
0.0430000000 10.0000000000 1.0000000000 2.0000000000 1.0000000000 10.0000000000 10.0000000000 10.0000000000 0.0000000000
0.0440000000 10.0000000000 1.0000000000 2.0000000000 1.0000000000 10.0000000000 10.0000000000 10.0000000000 0.0000000000
0.0450000000 10.0000000000 1.0000000000 2.0000000000 1.0000000000 10.0000000000 10.0000000000 10.0000000000 0.0000000000
0.0460000000 10.0000000000 1.0000000000 2.0000000000 1.0000000000 10.0000000000 10.0000000000 10.0000000000 0.0000000000
0.0470000000 10.0000000000 1.0000000000 2.0000000000 1.0000000000 10.0000000000 10.0000000000 10.0000000000 0.0000000000
0.0480000000 10.0000000000 1.0000000000 2.0000000000 1.0000000000 10.0000000000 10.0000000000 10.0000000000 0.0000000000
0.0490000000 10.0000000000 1.0000000000 2.0000000000 1.0000000000 10.0000000000 10.0000000000 10.0000000000 0.0000000000
0.0500000000 10.0000000000 1.0000000000 2.0000000000 1.0000000000 10.0000000000 10.0000000000 10.0000000000 0.0000000000
0.0510000000 10.0000000000 1.0000000000 2.0000000000 1.0000000000 10.0000000000 10.0000000000 10.0000000000 0.0000000000
0.0520000000 10.0000000000 1.0000000000 2.0000000000 1.0000000000 10.0000000000 10.0000000000 10.0000000000 0.0000000000
0.0530000000 10.0000000000 1.0000000000 2.0000000000 1.0000000000 10.0000000000 10.0000000000 10.0000000000 0.0000000000
0.0540000000 10.0000000000 1.0000000000 2.0000000000 1.0000000000 10.0000000000 10.0000000000 10.0000000000 0.0000000000
0.0550000000 10.0000000000 1.0000000000 2.0000000000 1.0000000000 10.0000000000 10.0000000000 10.0000000000 0.0000000000
0.0560000000 10.0000000000 1.0000000000 2.0000000000 1.0000000000 10.0000000000 10.0000000000 10.0000000000 0.0000000000
0.0570000000 10.0000000000 1.0000000000 2.0000000000 1.0000000000 10.0000000000 10.0000000000 10.0000000000 0.0000000000
0.0580000000 10.0000000000 1.0000000000 2.0000000000 1.0000000000 10.0000000000 10.0000000000 10.0000000000 0.0000000000
0.0590000000 10.0000000000 1.0000000000 2.0000000000 1.0000000000 10.0000000000 10.0000000000 10.0000000000 0.0000000000
0.0600000000 10.0000000000 1.0000000000 2.0000000000 1.0000000000 10.0000000000 10.0000000000 10.0000000000 0.0000000000
0.0610000000 10.0000000000 1.0000000000 2.0000000000 1.0000000000 10.0000000000 10.0000000000 10.0000000000 0.0000000000
0.0620000000 10.0000000000 1.0000000000 2.0000000000 1.0000000000 10.0000000000 10.0000000000 10.0000000000 0.0000000000
0.0630000000 10.0000000000 1.0000000000 2.0000000000 1.0000000000 10.0000000000 10.0000000000 10.0000000000 0.0000000000
0.0640000000 10.0000000000 1.0000000000 2.0000000000 1.0000000000 10.0000000000 10.0000000000 10.0000000000 0.0000000000
0.0650000000 10.0000000000 1.0000000000 2.0000000000 1.0000000000 10.0000000000 10.0000000000 10.0000000000 0.0000000000
0.0660000000 10.0000000000 1.0000000000 2.0000000000 1.0000000000 10.0000000000 10.0000000000 10.0000000000 0.0000000000
0.0670000000 10.0000000000 1.0000000000 2.0000000000 1.0000000000 10.0000000000 10.0000000000 10.0000000000 0.0000000000
0.0680000000 10.0000000000 1.0000000000 2.0000000000 1.0000000000 10.0000000000 10.0000000000 10.0000000000 0.0000000000
0.0690000000 10.0000000000 1.0000000000 2.0000000000 1.0000000000 10.0000000000 10.0000000000 10.0000000000 0.0000000000
0.0700000000 10.0000000000 1.0000000000 2.0000000000 1.0000000000 10.0000000000 10.0000000000 10.0000000000 0.0000000000
0.0710000000 10.0000000000 1.0000000000 2.0000000000 1.0000000000 10.0000000000 10.0000000000 10.0000000000 0.0000000000
0.0720000000 10.0000000000 1.0000000000 2.0000000000 1.0000000000 10.0000000000 10.0000000000 10.0000000000 0.0000000000
0.0730000000 10.0000000000 1.0000000000 2.0000000000 1.0000000000 10.0000000000 10.0000000000 10.0000000000 0.0000000000
0.0740000000 10.0000000000 1.0000000000 2.0000000000 1.0000000000 10.0000000000 10.0000000000 10.0000000000 0.0000000000
0.0750000000 10.0000000000 1.0000000000 2.0000000000 1.0000000000 10.0000000000 10.0000000000 10.0000000000 0.0000000000
0.0760000000 10.0000000000 1.0000000000 2.0000000000 1.0000000000 10.0000000000 10.0000000000 10.0000000000 0.0000000000
0.0770000000 10.0000000000 1.0000000000 2.0000000000 1.0000000000 10.0000000000 10.0000000000 10.0000000000 0.0000000000
0.0780000000 10.0000000000 1.0000000000 2.0000000000 1.0000000000 10.0000000000 10.0000000000 10.0000000000 0.0000000000
0.0790000000 10.0000000000 1.0000000000 2.0000000000 1.0000000000 10.0000000000 10.0000000000 10.0000000000 0.0000000000
0.0800000000 10.0000000000 1.0000000000 2.0000000000 1.0000000000 10.0000000000 10.0000000000 10.0000000000 0.0000000000
0.0810000000 10.0000000000 1.0000000000 2.0000000000 1.0000000000 10.0000000000 10.0000000000 10.0000000000 0.0000000000
0.0820000000 10.0000000000 1.0000000000 2.0000000000 1.0000000000 10.0000000000 10.0000000000 10.0000000000 0.0000000000
0.0830000000 10.0000000000 1.0000000000 2.0000000000 1.0000000000 10.0000000000 10.0000000000 10.0000000000 0.0000000000
0.0840000000 10.0000000000 1.0000000000 2.0000000000 1.0000000000 10.0000000000 10.0000000000 10.0000000000 0.0000000000
0.0850000000 10.0000000000 1.0000000000 2.0000000000 1.0000000000 10.0000000000 10.0000000000 10.0000000000 0.0000000000
0.0860000000 10.0000000000 1.0000000000 2.0000000000 1.0000000000 10.0000000000 10.0000000000 10.0000000000 0.0000000000
0.0870000000 10.0000000000 1.0000000000 2.0000000000 1.0000000000 10.0000000000 10.0000000000 10.0000000000 0.0000000000
0.0880000000 10.0000000000 1.0000000000 2.0000000000 1.0000000000 10.0000000000 10.0000000000 10.0000000000 0.0000000000
0.0890000000 10.0000000000 1.0000000000 2.0000000000 1.0000000000 10.0000000000 10.0000000000 10.0000000000 0.0000000000
0.0900000000 10.0000000000 1.0000000000 2.0000000000 1.0000000000 10.0000000000 10.0000000000 10.0000000000 0.0000000000
0.0910000000 10.0000000000 1.0000000000 2.0000000000 1.0000000000 10.0000000000 10.0000000000 10.0000000000 0.0000000000
0.0920000000 10.0000000000 1.0000000000 2.0000000000 1.0000000000 10.0000000000 10.0000000000 10.0000000000 0.0000000000
0.0930000000 10.0000000000 1.0000000000 2.0000000000 1.0000000000 10.0000000000 10.0000000000 10.0000000000 0.0000000000
0.0940000000 10.0000000000 1.0000000000 2.0000000000 1.0000000000 10.0000000000 10.0000000000 10.0000000000 0.0000000000
0.0950000000 10.0000000000 1.0000000000 2.0000000000 1.0000000000 10.0000000000 10.0000000000 10.0000000000 0.0000000000
0.0960000000 10.0000000000 1.0000000000 2.0000000000 1.0000000000 10.0000000000 10.0000000000 10.0000000000 0.0000000000
0.0970000000 10.0000000000 1.0000000000 2.0000000000 1.0000000000 10.0000000000 10.0000000000 10.0000000000 0.0000000000
0.0980000000 10.0000000000 1.0000000000 2.0000000000 1.0000000000 10.0000000000 10.0000000000 10.0000000000 0.0000000000
0.0990000000 10.0000000000 1.0000000000 2.0000000000 1.0000000000 10.0000000000 10.0000000000 10.0000000000 0.0000000000
0.1000000000 10.0000000000 1.0000000000 2.0000000000 1.0000000000 10.0000000000 10.0000000000 10.0000000000 0.0000000000
0.1010000000 10.0000000000 1.0000000000 2.0000000000 1.0000000000 10.0000000000 10.0000000000 10.0000000000 0.0000000000
0.1020000000 10.0000000000 1.0000000000 2.0000000000 1.0000000000 10.0000000000 10.0000000000 10.0000000000 0.0000000000
0.1030000000 10.0000000000 1.0000000000 2.0000000000 1.0000000000 10.0000000000 10.0000000000 10.0000000000 0.0000000000
0.1040000000 10.0000000000 1.0000000000 2.0000000000 1.0000000000 10.0000000000 10.0000000000 10.0000000000 0.0000000000
0.1050000000 10.0000000000 1.0000000000 2.0000000000 1.0000000000 10.0000000000 10.0000000000 10.0000000000 0.0000000000
0.1060000000 10.0000000000 1.0000000000 2.0000000000 1.0000000000 10.0000000000 10.0000000000 10.0000000000 0.0000000000
0.1070000000 10.0000000000 1.0000000000 2.0000000000 1.0000000000 10.0000000000 10.0000000000 10.0000000000 0.0000000000
0.1080000000 10.0000000000 1.0000000000 2.0000000000 1.0000000000 10.0000000000 10.0000000000 10.0000000000 0.0000000000
0.1090000000 10.0000000000 1.0000000000 2.0000000000 1.0000000000 10.0000000000 10.0000000000 10.0000000000 0.0000000000
0.1100000000 10.0000000000 1.0000000000 2.0000000000 1.0000000000 10.0000000000 10.0000000000 10.0000000000 0.0000000000
0.1110000000 10.0000000000 1.0000000000 2.0000000000 1.0000000000 10.0000000000 10.0000000000 10.0000000000 0.0000000000
0.1120000000 10.0000000000 1.0000000000 2.0000000000 1.0000000000 10.0000000000 10.0000000000 10.0000000000 0.0000000000
0.1130000000 10.0000000000 1.0000000000 2.0000000000 1.0000000000 10.0000000000 10.0000000000 10.0000000000 0.0000000000
0.1140000000 10.0000000000 1.0000000000 2.0000000000 1.0000000000 10.0000000000 10.0000000000 10.0000000000 0.0000000000
0.1150000000 10.0000000000 1.0000000000 2.0000000000 1.0000000000 10.0000000000 10.0000000000 10.0000000000 0.0000000000
0.1160000000 10.0000000000 1.0000000000 2.0000000000 1.0000000000 10.0000000000 10.0000000000 10.0000000000 0.0000000000
0.1170000000 10.0000000000 1.0000000000 2.0000000000 1.0000000000 10.0000000000 10.0000000000 10.0000000000 0.0000000000
0.1180000000 10.0000000000 1.0000000000 2.0000000000 1.0000000000 10.0000000000 10.0000000000 10.0000000000 0.0000000000
0.1190000000 10.0000000000 1.0000000000 2.0000000000 1.0000000000 10.0000000000 10.0000000000 10.0000000000 0.0000000000
0.1200000000 10.0000000000 1.0000000000 2.0000000000 1.0000000000 10.0000000000 10.0000000000 10.0000000000 0.0000000000
0.1210000000 10.0000000000 1.0000000000 2.0000000000 1.0000000000 10.0000000000 10.0000000000 10.0000000000 0.0000000000
0.1220000000 10.0000000000 1.0000000000 2.0000000000 1.0000000000 10.0000000000 10.0000000000 10.0000000000 0.0000000000
0.1230000000 10.0000000000 1.0000000000 2.0000000000 1.0000000000 10.0000000000 10.0000000000 10.0000000000 0.0000000000
0.1240000000 10.0000000000 1.0000000000 2.0000000000 1.0000000000 10.0000000000 10.0000000000 10.0000000000 0.0000000000
0.1250000000 10.0000000000 1.0000000000 2.0000000000 1.0000000000 10.0000000000 10.0000000000 10.0000000000 0.0000000000
0.1260000000 10.0000000000 1.0000000000 2.0000000000 1.0000000000 10.0000000000 10.0000000000 10.0000000000 0.0000000000
0.1270000000 10.0000000000 1.0000000000 2.0000000000 1.0000000000 10.0000000000 10.0000000000 10.0000000000 0.0000000000
0.1280000000 10.0000000000 1.0000000000 2.0000000000 1.0000000000 10.0000000000 10.0000000000 10.0000000000 0.0000000000
0.1290000000 10.0000000000 1.0000000000 2.0000000000 1.0000000000 10.0000000000 10.0000000000 10.0000000000 0.0000000000
0.1300000000 10.0000000000 1.0000000000 2.0000000000 1.0000000000 10.0000000000 10.0000000000 10.0000000000 0.0000000000
0.1310000000 10.0000000000 1.0000000000 2.0000000000 1.0000000000 10.0000000000 10.0000000000 10.0000000000 0.0000000000
0.1320000000 10.0000000000 1.0000000000 2.0000000000 1.0000000000 10.0000000000 10.0000000000 10.0000000000 0.0000000000
0.1330000000 10.0000000000 1.0000000000 2.0000000000 1.0000000000 10.0000000000 10.0000000000 10.0000000000 0.0000000000
0.1340000000 10.0000000000 1.0000000000 2.0000000000 1.0000000000 10.0000000000 10.0000000000 10.0000000000 0.0000000000
0.1350000000 10.0000000000 1.0000000000 2.0000000000 1.0000000000 10.0000000000 10.0000000000 10.0000000000 0.0000000000
0.1360000000 10.0000000000 1.0000000000 2.0000000000 1.0000000000 10.0000000000 10.0000000000 10.0000000000 0.0000000000
0.1370000000 10.0000000000 1.0000000000 2.0000000000 1.0000000000 10.0000000000 10.0000000000 10.0000000000 0.0000000000
0.1380000000 10.0000000000 1.0000000000 2.0000000000 1.0000000000 10.0000000000 10.0000000000 10.0000000000 0.0000000000
0.1390000000 10.0000000000 1.0000000000 2.0000000000 1.0000000000 10.0000000000 10.0000000000 10.0000000000 0.0000000000
0.1400000000 10.0000000000 1.0000000000 2.0000000000 1.0000000000 10.0000000000 10.0000000000 10.0000000000 0.0000000000
0.1410000000 10.0000000000 1.0000000000 2.0000000000 1.0000000000 10.0000000000 10.0000000000 10.0000000000 0.0000000000
0.1420000000 10.0000000000 1.0000000000 2.0000000000 1.0000000000 10.0000000000 10.0000000000 10.0000000000 0.0000000000
0.1430000000 10.0000000000 1.0000000000 2.0000000000 1.0000000000 10.0000000000 10.0000000000 10.0000000000 0.0000000000
0.1440000000 10.0000000000 1.0000000000 2.0000000000 1.0000000000 10.0000000000 10.0000000000 10.0000000000 0.0000000000
0.1450000000 10.0000000000 1.0000000000 2.0000000000 1.0000000000 10.0000000000 10.0000000000 10.0000000000 0.0000000000
0.1460000000 10.0000000000 1.0000000000 2.0000000000 1.0000000000 10.0000000000 10.0000000000 10.0000000000 0.0000000000
0.1470000000 10.0000000000 1.0000000000 2.0000000000 1.0000000000 10.0000000000 10.0000000000 10.0000000000 0.0000000000
0.1480000000 10.0000000000 1.0000000000 2.0000000000 1.0000000000 10.0000000000 10.0000000000 10.0000000000 0.0000000000
0.1490000000 10.0000000000 1.0000000000 2.0000000000 1.0000000000 10.0000000000 10.0000000000 10.0000000000 0.0000000000
0.1500000000 10.0000000000 1.0000000000 2.0000000000 1.0000000000 10.0000000000 10.0000000000 10.0000000000 0.0000000000
0.1510000000 10.0000000000 1.0000000000 2.0000000000 1.0000000000 10.0000000000 10.0000000000 10.0000000000 0.0000000000
0.1520000000 10.0000000000 1.0000000000 2.0000000000 1.0000000000 10.0000000000 10.0000000000 10.0000000000 0.0000000000
0.1530000000 10.0000000000 1.0000000000 2.0000000000 1.0000000000 10.0000000000 10.0000000000 10.0000000000 0.0000000000
0.1540000000 10.0000000000 1.0000000000 2.0000000000 1.0000000000 10.0000000000 10.0000000000 10.0000000000 0.0000000000
0.1550000000 10.0000000000 1.0000000000 2.0000000000 1.0000000000 10.0000000000 10.0000000000 10.0000000000 0.0000000000
0.1560000000 10.0000000000 1.0000000000 2.0000000000 1.0000000000 10.0000000000 10.0000000000 10.0000000000 0.0000000000
0.1570000000 10.0000000000 1.0000000000 2.0000000000 1.0000000000 10.0000000000 10.0000000000 10.0000000000 0.0000000000
0.1580000000 10.0000000000 1.0000000000 2.0000000000 1.0000000000 10.0000000000 10.0000000000 10.0000000000 0.0000000000
0.1590000000 10.0000000000 1.0000000000 2.0000000000 1.0000000000 10.0000000000 10.0000000000 10.0000000000 0.0000000000
0.1600000000 10.0000000000 1.0000000000 2.0000000000 1.0000000000 10.0000000000 10.0000000000 10.0000000000 0.0000000000
0.1610000000 10.0000000000 1.0000000000 2.0000000000 1.0000000000 10.0000000000 10.0000000000 10.0000000000 0.0000000000
0.1620000000 10.0000000000 1.0000000000 2.0000000000 1.0000000000 10.0000000000 10.0000000000 10.0000000000 0.0000000000
0.1630000000 10.0000000000 1.0000000000 2.0000000000 1.0000000000 10.0000000000 10.0000000000 10.0000000000 0.0000000000
0.1640000000 10.0000000000 1.0000000000 2.0000000000 1.0000000000 10.0000000000 10.0000000000 10.0000000000 0.0000000000
0.1650000000 10.0000000000 1.0000000000 2.0000000000 1.0000000000 10.0000000000 10.0000000000 10.0000000000 0.0000000000
0.1660000000 10.0000000000 1.0000000000 2.0000000000 1.0000000000 10.0000000000 10.0000000000 10.0000000000 0.0000000000
0.1670000000 10.0000000000 1.0000000000 2.0000000000 1.0000000000 10.0000000000 10.0000000000 10.0000000000 0.0000000000
0.1680000000 10.0000000000 1.0000000000 2.0000000000 1.0000000000 10.0000000000 10.0000000000 10.0000000000 0.0000000000
0.1690000000 10.0000000000 1.0000000000 2.0000000000 1.0000000000 10.0000000000 10.0000000000 10.0000000000 0.0000000000
0.1700000000 10.0000000000 1.0000000000 2.0000000000 1.0000000000 10.0000000000 10.0000000000 10.0000000000 0.0000000000
0.1710000000 10.0000000000 1.0000000000 2.0000000000 1.0000000000 10.0000000000 10.0000000000 10.0000000000 0.0000000000
0.1720000000 10.0000000000 1.0000000000 2.0000000000 1.0000000000 10.0000000000 10.0000000000 10.0000000000 0.0000000000
0.1730000000 10.0000000000 1.0000000000 2.0000000000 1.0000000000 10.0000000000 10.0000000000 10.0000000000 0.0000000000
0.1740000000 10.0000000000 1.0000000000 2.0000000000 1.0000000000 10.0000000000 10.0000000000 10.0000000000 0.0000000000
0.1750000000 10.0000000000 1.0000000000 2.0000000000 1.0000000000 10.0000000000 10.0000000000 10.0000000000 0.0000000000
0.1760000000 10.0000000000 1.0000000000 2.0000000000 1.0000000000 10.0000000000 10.0000000000 10.0000000000 0.0000000000
0.1770000000 10.0000000000 1.0000000000 2.0000000000 1.0000000000 10.0000000000 10.0000000000 10.0000000000 0.0000000000
0.1780000000 10.0000000000 1.0000000000 2.0000000000 1.0000000000 10.0000000000 10.0000000000 10.0000000000 0.0000000000
0.1790000000 10.0000000000 1.0000000000 2.0000000000 1.0000000000 10.0000000000 10.0000000000 10.0000000000 0.0000000000
0.1800000000 10.0000000000 1.0000000000 2.0000000000 1.0000000000 10.0000000000 10.0000000000 10.0000000000 0.0000000000
0.1810000000 10.0000000000 1.0000000000 2.0000000000 1.0000000000 10.0000000000 10.0000000000 10.0000000000 0.0000000000
0.1820000000 10.0000000000 1.0000000000 2.0000000000 1.0000000000 10.0000000000 10.0000000000 10.0000000000 0.0000000000
0.1830000000 10.0000000000 1.0000000000 2.0000000000 1.0000000000 10.0000000000 10.0000000000 10.0000000000 0.0000000000
0.1840000000 10.0000000000 1.0000000000 2.0000000000 1.0000000000 10.0000000000 10.0000000000 10.0000000000 0.0000000000
0.1850000000 10.0000000000 1.0000000000 2.0000000000 1.0000000000 10.0000000000 10.0000000000 10.0000000000 0.0000000000
0.1860000000 10.0000000000 1.0000000000 2.0000000000 1.0000000000 10.0000000000 10.0000000000 10.0000000000 0.0000000000
0.1870000000 10.0000000000 1.0000000000 2.0000000000 1.0000000000 10.0000000000 10.0000000000 10.0000000000 0.0000000000
0.1880000000 10.0000000000 1.0000000000 2.0000000000 1.0000000000 10.0000000000 10.0000000000 10.0000000000 0.0000000000
0.1890000000 10.0000000000 1.0000000000 2.0000000000 1.0000000000 10.0000000000 10.0000000000 10.0000000000 0.0000000000
0.1900000000 10.0000000000 1.0000000000 2.0000000000 1.0000000000 10.0000000000 10.0000000000 10.0000000000 0.0000000000
0.1910000000 10.0000000000 1.0000000000 2.0000000000 1.0000000000 10.0000000000 10.0000000000 10.0000000000 0.0000000000
0.1920000000 10.0000000000 1.0000000000 2.0000000000 1.0000000000 10.0000000000 10.0000000000 10.0000000000 0.0000000000
0.1930000000 10.0000000000 1.0000000000 2.0000000000 1.0000000000 10.0000000000 10.0000000000 10.0000000000 0.0000000000
0.1940000000 10.0000000000 1.0000000000 2.0000000000 1.0000000000 10.0000000000 10.0000000000 10.0000000000 0.0000000000
0.1950000000 10.0000000000 1.0000000000 2.0000000000 1.0000000000 10.0000000000 10.0000000000 10.0000000000 0.0000000000
0.1960000000 10.0000000000 1.0000000000 2.0000000000 1.0000000000 10.0000000000 10.0000000000 10.0000000000 0.0000000000
0.1970000000 10.0000000000 1.0000000000 2.0000000000 1.0000000000 10.0000000000 10.0000000000 10.0000000000 0.0000000000
0.1980000000 10.0000000000 1.0000000000 2.0000000000 1.0000000000 10.0000000000 10.0000000000 10.0000000000 0.0000000000
0.1990000000 10.0000000000 1.0000000000 2.0000000000 1.0000000000 10.0000000000 10.0000000000 10.0000000000 0.0000000000
0.2000000000 10.0000000000 1.0000000000 2.0000000000 1.0000000000 10.0000000000 10.0000000000 10.0000000000 0.0000000000
0.2010000000 10.0000000000 1.0000000000 2.0000000000 1.0000000000 10.0000000000 10.0000000000 10.0000000000 0.0000000000
0.2020000000 10.0000000000 1.0000000000 2.0000000000 1.0000000000 10.0000000000 10.0000000000 10.0000000000 0.0000000000
0.2030000000 10.0000000000 1.0000000000 2.0000000000 1.0000000000 10.0000000000 10.0000000000 10.0000000000 0.0000000000
0.2040000000 10.0000000000 1.0000000000 2.0000000000 1.0000000000 10.0000000000 10.0000000000 10.0000000000 0.0000000000
0.2050000000 10.0000000000 1.0000000000 2.0000000000 1.0000000000 10.0000000000 10.0000000000 10.0000000000 0.0000000000
0.2060000000 10.0000000000 1.0000000000 2.0000000000 1.0000000000 10.0000000000 10.0000000000 10.0000000000 0.0000000000
0.2070000000 10.0000000000 1.0000000000 2.0000000000 1.0000000000 10.0000000000 10.0000000000 10.0000000000 0.0000000000
0.2080000000 10.0000000000 1.0000000000 2.0000000000 1.0000000000 10.0000000000 10.0000000000 10.0000000000 0.0000000000
0.2090000000 10.0000000000 1.0000000000 2.0000000000 1.0000000000 10.0000000000 10.0000000000 10.0000000000 0.0000000000
0.2100000000 10.0000000000 1.0000000000 2.0000000000 1.0000000000 10.0000000000 10.0000000000 10.0000000000 0.0000000000
0.2110000000 10.0000000000 1.0000000000 2.0000000000 1.0000000000 10.0000000000 10.0000000000 10.0000000000 0.0000000000
0.2120000000 10.0000000000 1.0000000000 2.0000000000 1.0000000000 10.0000000000 10.0000000000 10.0000000000 0.0000000000
0.2130000000 10.0000000000 1.0000000000 2.0000000000 1.0000000000 10.0000000000 10.0000000000 10.0000000000 0.0000000000
0.2140000000 10.0000000000 1.0000000000 2.0000000000 1.0000000000 10.0000000000 10.0000000000 10.0000000000 0.0000000000
0.2150000000 10.0000000000 1.0000000000 2.0000000000 1.0000000000 10.0000000000 10.0000000000 10.0000000000 0.0000000000
0.2160000000 10.0000000000 1.0000000000 2.0000000000 1.0000000000 10.0000000000 10.0000000000 10.0000000000 0.0000000000
0.2170000000 10.0000000000 1.0000000000 2.0000000000 1.0000000000 10.0000000000 10.0000000000 10.0000000000 0.0000000000
0.2180000000 10.0000000000 1.0000000000 2.0000000000 1.0000000000 10.0000000000 10.0000000000 10.0000000000 0.0000000000
0.2190000000 10.0000000000 1.0000000000 2.0000000000 1.0000000000 10.0000000000 10.0000000000 10.0000000000 0.0000000000
0.2200000000 10.0000000000 1.0000000000 2.0000000000 1.0000000000 10.0000000000 10.0000000000 10.0000000000 0.0000000000
0.2210000000 10.0000000000 1.0000000000 2.0000000000 1.0000000000 10.0000000000 10.0000000000 10.0000000000 0.0000000000
0.2220000000 10.0000000000 1.0000000000 2.0000000000 1.0000000000 10.0000000000 10.0000000000 10.0000000000 0.0000000000
0.2230000000 10.0000000000 1.0000000000 2.0000000000 1.0000000000 10.0000000000 10.0000000000 10.0000000000 0.0000000000
0.2240000000 10.0000000000 1.0000000000 2.0000000000 1.0000000000 10.0000000000 10.0000000000 10.0000000000 0.0000000000
0.2250000000 10.0000000000 1.0000000000 2.0000000000 1.0000000000 10.0000000000 10.0000000000 10.0000000000 0.0000000000
0.2260000000 10.0000000000 1.0000000000 2.0000000000 1.0000000000 10.0000000000 10.0000000000 10.0000000000 0.0000000000
0.2270000000 10.0000000000 1.0000000000 2.0000000000 1.0000000000 10.0000000000 10.0000000000 10.0000000000 0.0000000000
0.2280000000 10.0000000000 1.0000000000 2.0000000000 1.0000000000 10.0000000000 10.0000000000 10.0000000000 0.0000000000
0.2290000000 10.0000000000 1.0000000000 2.0000000000 1.0000000000 10.0000000000 10.0000000000 10.0000000000 0.0000000000
0.2300000000 10.0000000000 1.0000000000 2.0000000000 1.0000000000 10.0000000000 10.0000000000 10.0000000000 0.0000000000
0.2310000000 10.0000000000 1.0000000000 2.0000000000 1.0000000000 10.0000000000 10.0000000000 10.0000000000 0.0000000000
0.2320000000 10.0000000000 1.0000000000 2.0000000000 1.0000000000 10.0000000000 10.0000000000 10.0000000000 0.0000000000
0.2330000000 10.0000000000 1.0000000000 2.0000000000 1.0000000000 10.0000000000 10.0000000000 10.0000000000 0.0000000000
0.2340000000 10.0000000000 1.0000000000 2.0000000000 1.0000000000 10.0000000000 10.0000000000 10.0000000000 0.0000000000
0.2350000000 10.0000000000 1.0000000000 2.0000000000 1.0000000000 10.0000000000 10.0000000000 10.0000000000 0.0000000000
0.2360000000 10.0000000000 1.0000000000 2.0000000000 1.0000000000 10.0000000000 10.0000000000 10.0000000000 0.0000000000
0.2370000000 10.0000000000 1.0000000000 2.0000000000 1.0000000000 10.0000000000 10.0000000000 10.0000000000 0.0000000000
0.2380000000 10.0000000000 1.0000000000 2.0000000000 1.0000000000 10.0000000000 10.0000000000 10.0000000000 0.0000000000
0.2390000000 10.0000000000 1.0000000000 2.0000000000 1.0000000000 10.0000000000 10.0000000000 10.0000000000 0.0000000000
0.2400000000 10.0000000000 1.0000000000 2.0000000000 1.0000000000 10.0000000000 10.0000000000 10.0000000000 0.0000000000
0.2410000000 10.0000000000 1.0000000000 2.0000000000 1.0000000000 10.0000000000 10.0000000000 10.0000000000 0.0000000000
0.2420000000 10.0000000000 1.0000000000 2.0000000000 1.0000000000 10.0000000000 10.0000000000 10.0000000000 0.0000000000
0.2430000000 10.0000000000 1.0000000000 2.0000000000 1.0000000000 10.0000000000 10.0000000000 10.0000000000 0.0000000000
0.2440000000 10.0000000000 1.0000000000 2.0000000000 1.0000000000 10.0000000000 10.0000000000 10.0000000000 0.0000000000
0.2450000000 10.0000000000 1.0000000000 2.0000000000 1.0000000000 10.0000000000 10.0000000000 10.0000000000 0.0000000000
0.2460000000 10.0000000000 1.0000000000 2.0000000000 1.0000000000 10.0000000000 10.0000000000 10.0000000000 0.0000000000
0.2470000000 10.0000000000 1.0000000000 2.0000000000 1.0000000000 10.0000000000 10.0000000000 10.0000000000 0.0000000000
0.2480000000 10.0000000000 1.0000000000 2.0000000000 1.0000000000 10.0000000000 10.0000000000 10.0000000000 0.0000000000
0.2490000000 10.0000000000 1.0000000000 2.0000000000 1.0000000000 10.0000000000 10.0000000000 10.0000000000 0.0000000000
0.2500000000 10.0000000000 1.0000000000 2.0000000000 1.0000000000 10.0000000000 10.0000000000 10.0000000000 0.0000000000
0.2510000000 10.0000000000 1.0000000000 2.0000000000 1.0000000000 10.0000000000 10.0000000000 10.0000000000 0.0000000000
0.2520000000 10.0000000000 1.0000000000 2.0000000000 1.0000000000 10.0000000000 10.0000000000 10.0000000000 0.0000000000
0.2530000000 10.0000000000 1.0000000000 2.0000000000 1.0000000000 10.0000000000 10.0000000000 10.0000000000 0.0000000000
0.2540000000 10.0000000000 1.0000000000 2.0000000000 1.0000000000 10.0000000000 10.0000000000 10.0000000000 0.0000000000
0.2550000000 10.0000000000 1.0000000000 2.0000000000 1.0000000000 10.0000000000 10.0000000000 10.0000000000 0.0000000000
0.2560000000 10.0000000000 1.0000000000 2.0000000000 1.0000000000 10.0000000000 10.0000000000 10.0000000000 0.0000000000
0.2570000000 10.0000000000 1.0000000000 2.0000000000 1.0000000000 10.0000000000 10.0000000000 10.0000000000 0.0000000000
0.2580000000 10.0000000000 1.0000000000 2.0000000000 1.0000000000 10.0000000000 10.0000000000 10.0000000000 0.0000000000
0.2590000000 10.0000000000 1.0000000000 2.0000000000 1.0000000000 10.0000000000 10.0000000000 10.0000000000 0.0000000000
0.2600000000 10.0000000000 1.0000000000 2.0000000000 1.0000000000 10.0000000000 10.0000000000 10.0000000000 0.0000000000
0.2610000000 10.0000000000 1.0000000000 2.0000000000 1.0000000000 10.0000000000 10.0000000000 10.0000000000 0.0000000000
0.2620000000 10.0000000000 1.0000000000 2.0000000000 1.0000000000 10.0000000000 10.0000000000 10.0000000000 0.0000000000
0.2630000000 10.0000000000 1.0000000000 2.0000000000 1.0000000000 10.0000000000 10.0000000000 10.0000000000 0.0000000000
0.2640000000 10.0000000000 1.0000000000 2.0000000000 1.0000000000 10.0000000000 10.0000000000 10.0000000000 0.0000000000
0.2650000000 10.0000000000 1.0000000000 2.0000000000 1.0000000000 10.0000000000 10.0000000000 10.0000000000 0.0000000000
0.2660000000 10.0000000000 1.0000000000 2.0000000000 1.0000000000 10.0000000000 10.0000000000 10.0000000000 0.0000000000
0.2670000000 10.0000000000 1.0000000000 2.0000000000 1.0000000000 10.0000000000 10.0000000000 10.0000000000 0.0000000000
0.2680000000 10.0000000000 1.0000000000 2.0000000000 1.0000000000 10.0000000000 10.0000000000 10.0000000000 0.0000000000
0.2690000000 10.0000000000 1.0000000000 2.0000000000 1.0000000000 10.0000000000 10.0000000000 10.0000000000 0.0000000000
0.2700000000 10.0000000000 1.0000000000 2.0000000000 1.0000000000 10.0000000000 10.0000000000 10.0000000000 0.0000000000
0.2710000000 10.0000000000 1.0000000000 2.0000000000 1.0000000000 10.0000000000 10.0000000000 10.0000000000 0.0000000000
0.2720000000 10.0000000000 1.0000000000 2.0000000000 1.0000000000 10.0000000000 10.0000000000 10.0000000000 0.0000000000
0.2730000000 10.0000000000 1.0000000000 2.0000000000 1.0000000000 10.0000000000 10.0000000000 10.0000000000 0.0000000000
0.2740000000 10.0000000000 1.0000000000 2.0000000000 1.0000000000 10.0000000000 10.0000000000 10.0000000000 0.0000000000
0.2750000000 10.0000000000 1.0000000000 2.0000000000 1.0000000000 10.0000000000 10.0000000000 10.0000000000 0.0000000000
0.2760000000 10.0000000000 1.0000000000 2.0000000000 1.0000000000 10.0000000000 10.0000000000 10.0000000000 0.0000000000
0.2770000000 10.0000000000 1.0000000000 2.0000000000 1.0000000000 10.0000000000 10.0000000000 10.0000000000 0.0000000000
0.2780000000 10.0000000000 1.0000000000 2.0000000000 1.0000000000 10.0000000000 10.0000000000 10.0000000000 0.0000000000
0.2790000000 10.0000000000 1.0000000000 2.0000000000 1.0000000000 10.0000000000 10.0000000000 10.0000000000 0.0000000000
0.2800000000 10.0000000000 1.0000000000 2.0000000000 1.0000000000 10.0000000000 10.0000000000 10.0000000000 0.0000000000
0.2810000000 10.0000000000 1.0000000000 2.0000000000 1.0000000000 10.0000000000 10.0000000000 10.0000000000 0.0000000000
0.2820000000 10.0000000000 1.0000000000 2.0000000000 1.0000000000 10.0000000000 10.0000000000 10.0000000000 0.0000000000
0.2830000000 10.0000000000 1.0000000000 2.0000000000 1.0000000000 10.0000000000 10.0000000000 10.0000000000 0.0000000000
0.2840000000 10.0000000000 1.0000000000 2.0000000000 1.0000000000 10.0000000000 10.0000000000 10.0000000000 0.0000000000
0.2850000000 10.0000000000 1.0000000000 2.0000000000 1.0000000000 10.0000000000 10.0000000000 10.0000000000 0.0000000000
0.2860000000 10.0000000000 1.0000000000 2.0000000000 1.0000000000 10.0000000000 10.0000000000 10.0000000000 0.0000000000
0.2870000000 10.0000000000 1.0000000000 2.0000000000 1.0000000000 10.0000000000 10.0000000000 10.0000000000 0.0000000000
0.2880000000 10.0000000000 1.0000000000 2.0000000000 1.0000000000 10.0000000000 10.0000000000 10.0000000000 0.0000000000
0.2890000000 10.0000000000 1.0000000000 2.0000000000 1.0000000000 10.0000000000 10.0000000000 10.0000000000 0.0000000000
0.2900000000 10.0000000000 1.0000000000 2.0000000000 1.0000000000 10.0000000000 10.0000000000 10.0000000000 0.0000000000
0.2910000000 10.0000000000 1.0000000000 2.0000000000 1.0000000000 10.0000000000 10.0000000000 10.0000000000 0.0000000000
0.2920000000 10.0000000000 1.0000000000 2.0000000000 1.0000000000 10.0000000000 10.0000000000 10.0000000000 0.0000000000
0.2930000000 10.0000000000 1.0000000000 2.0000000000 1.0000000000 10.0000000000 10.0000000000 10.0000000000 0.0000000000
0.2940000000 10.0000000000 1.0000000000 2.0000000000 1.0000000000 10.0000000000 10.0000000000 10.0000000000 0.0000000000
0.2950000000 10.0000000000 1.0000000000 2.0000000000 1.0000000000 10.0000000000 10.0000000000 10.0000000000 0.0000000000
0.2960000000 10.0000000000 1.0000000000 2.0000000000 1.0000000000 10.0000000000 10.0000000000 10.0000000000 0.0000000001
0.2970000000 10.0000000000 1.0000000000 2.0000000000 1.0000000000 10.0000000000 10.0000000000 10.0000000000 0.0000000004
0.2980000000 10.0000000000 1.0000000000 2.0000000000 1.0000000000 10.0000000000 10.0000000000 10.0000000000 0.0000000006
0.2990000000 10.0000000000 1.0000000000 2.0000000000 1.0000000000 10.0000000000 10.0000000000 10.0000000000 0.0000000005
0.3000000000 10.0000000000 1.0000000000 2.0000000000 1.0000000000 10.0000000000 10.0000000000 10.0000000000 0.0000000007
0.3010000000 10.0000000000 1.0000000000 2.0000000000 1.0000000000 10.0000000000 10.0000000000 10.0000000000 0.0000000008
0.3020000000 10.0000000000 1.0000000000 2.0000000000 1.0000000000 10.0000000000 10.0000000000 10.0000000000 0.0000000005
0.3030000000 10.0000000000 1.0000000000 2.0000000000 1.0000000000 10.0000000000 10.0000000000 10.0000000000 0.0000000008
0.3040000000 10.0000000000 1.0000000000 2.0000000000 1.0000000000 10.0000000000 10.0000000000 10.0000000000 0.0000000010
0.3050000000 10.0000000000 1.0000000000 2.0000000000 1.0000000000 10.0000000000 10.0000000000 10.0000000000 0.0000000006
0.3060000000 10.0000000000 1.0000000000 2.0000000000 1.0000000000 10.0000000000 10.0000000000 10.0000000000 0.0000000003
0.3070000000 10.0000000000 1.0000000000 2.0000000000 1.0000000000 10.0000000000 10.0000000000 10.0000000000 0.0000000001
0.3080000000 10.0000000000 1.0000000000 2.0000000000 1.0000000000 10.0000000000 10.0000000000 10.0000000000 0.0000000002
0.3090000000 10.0000000000 1.0000000000 2.0000000000 1.0000000000 10.0000000000 10.0000000000 10.0000000000 0.0000000002
0.3100000000 10.0000000000 1.0000000000 2.0000000000 1.0000000000 10.0000000000 10.0000000000 10.0000000000 0.0000000001
0.3110000000 10.0000000000 1.0000000000 2.0000000000 1.0000000000 10.0000000000 10.0000000000 10.0000000000 0.0000000000
0.3120000000 10.0000000000 1.0000000000 2.0000000000 1.0000000000 10.0000000000 10.0000000000 10.0000000000 0.0000000001
0.3130000000 10.0000000000 1.0000000000 2.0000000000 1.0000000000 10.0000000000 10.0000000000 10.0000000000 0.0000000001
0.3140000000 10.0000000000 1.0000000000 2.0000000000 1.0000000000 10.0000000000 10.0000000000 10.0000000000 0.0000000000
0.3150000000 10.0000000000 1.0000000000 2.0000000000 1.0000000000 10.0000000000 10.0000000000 10.0000000000 0.0000000003
0.3160000000 10.0000000000 1.0000000000 2.0000000000 1.0000000000 10.0000000000 10.0000000000 10.0000000000 0.0000000006
0.3170000000 10.0000000000 1.0000000000 2.0000000000 1.0000000000 10.0000000000 10.0000000000 10.0000000000 0.0000000002
0.3180000000 10.0000000000 1.0000000000 2.0000000000 1.0000000000 10.0000000000 10.0000000000 10.0000000000 0.0000000005
0.3190000000 10.0000000000 1.0000000000 2.0000000000 1.0000000000 10.0000000000 10.0000000000 10.0000000000 0.0000000006
0.3200000000 10.0000000000 1.0000000000 2.0000000000 1.0000000000 10.0000000000 10.0000000000 10.0000000000 0.0000000000
0.3210000000 10.0000000000 1.0000000000 2.0000000000 1.0000000000 10.0000000000 10.0000000000 10.0000000000 0.0000000002
0.3220000000 10.0000000000 1.0000000000 2.0000000000 1.0000000000 10.0000000000 10.0000000000 10.0000000000 0.0000000001
0.3230000000 10.0000000000 1.0000000000 2.0000000000 1.0000000000 10.0000000000 10.0000000000 10.0000000000 0.0000000001
0.3240000000 10.0000000000 1.0000000000 2.0000000000 1.0000000000 10.0000000000 10.0000000000 10.0000000000 0.0000000000
0.3250000000 10.0000000000 1.0000000000 2.0000000000 1.0000000000 10.0000000000 10.0000000000 10.0000000000 0.0000000001
0.3260000000 10.0000000000 1.0000000000 2.0000000000 1.0000000000 10.0000000000 10.0000000000 10.0000000000 0.0000000001
0.3270000000 10.0000000000 1.0000000000 2.0000000000 1.0000000000 10.0000000000 10.0000000000 10.0000000000 0.0000000001
0.3280000000 10.0000000000 1.0000000000 2.0000000000 1.0000000000 10.0000000000 10.0000000000 10.0000000000 0.0000000001
0.3290000000 10.0000000000 1.0000000000 2.0000000000 1.0000000000 10.0000000000 10.0000000000 10.0000000000 0.0000000002
0.3300000000 10.0000000000 1.0000000000 2.0000000000 1.0000000000 10.0000000000 10.0000000000 10.0000000000 0.0000000007
0.3310000000 10.0000000000 1.0000000000 2.0000000000 1.0000000000 10.0000000000 10.0000000000 10.0000000000 0.0000000002
0.3320000000 10.0000000000 1.0000000000 2.0000000000 1.0000000000 10.0000000000 10.0000000000 10.0000000000 0.0000000003
0.3330000000 10.0000000000 1.0000000000 2.0000000000 1.0000000000 10.0000000000 10.0000000000 10.0000000000 0.0000000002
0.3340000000 10.0000000000 1.0000000000 2.0000000000 1.0000000000 10.0000000000 10.0000000000 10.0000000000 0.0000000001
0.3350000000 10.0000000000 1.0000000000 2.0000000000 1.0000000000 10.0000000000 10.0000000000 10.0000000000 0.0000000003
0.3360000000 10.0000000000 1.0000000000 2.0000000000 1.0000000000 10.0000000000 10.0000000000 10.0000000000 0.0000000004
0.3370000000 10.0000000000 1.0000000000 2.0000000000 1.0000000000 10.0000000000 10.0000000000 10.0000000000 0.0000000000
0.3380000000 10.0000000000 1.0000000000 2.0000000000 1.0000000000 10.0000000000 10.0000000000 10.0000000000 0.0000000003
0.3390000000 10.0000000000 1.0000000000 2.0000000000 1.0000000000 10.0000000000 10.0000000000 10.0000000000 0.0000000000
0.3400000000 10.0000000000 1.0000000000 2.0000000000 1.0000000000 10.0000000000 10.0000000000 10.0000000000 0.0000000004
0.3410000000 10.0000000000 1.0000000000 2.0000000000 1.0000000000 10.0000000000 10.0000000000 10.0000000000 0.0000000004
0.3420000000 10.0000000000 1.0000000000 2.0000000000 1.0000000000 10.0000000000 10.0000000000 10.0000000000 0.0000000003
0.3430000000 10.0000000000 1.0000000000 2.0000000000 1.0000000000 10.0000000000 10.0000000000 10.0000000000 0.0000000000
0.3440000000 10.0000000000 1.0000000000 2.0000000000 1.0000000000 10.0000000000 10.0000000000 10.0000000000 0.0000000002
0.3450000000 10.0000000000 1.0000000000 2.0000000000 1.0000000000 10.0000000000 10.0000000000 10.0000000000 0.0000000001
0.3460000000 10.0000000000 1.0000000000 2.0000000000 1.0000000000 10.0000000000 10.0000000000 10.0000000000 0.0000000000
0.3470000000 10.0000000000 1.0000000000 2.0000000000 1.0000000000 10.0000000000 10.0000000000 10.0000000000 0.0000000002
0.3480000000 10.0000000000 1.0000000000 2.0000000000 1.0000000000 10.0000000000 10.0000000000 10.0000000000 0.0000000001
0.3490000000 10.0000000000 1.0000000000 2.0000000000 1.0000000000 10.0000000000 10.0000000000 10.0000000000 0.0000000000
0.3500000000 10.0000000000 1.0000000000 2.0000000000 1.0000000000 10.0000000000 10.0000000000 10.0000000000 0.0000000001
0.3510000000 10.0000000000 1.0000000000 2.0000000000 1.0000000000 10.0000000000 10.0000000000 10.0000000000 0.0000000002
0.3520000000 10.0000000000 1.0000000000 2.0000000000 1.0000000000 10.0000000000 10.0000000000 10.0000000000 0.0000000000
0.3530000000 10.0000000000 1.0000000000 2.0000000000 1.0000000000 10.0000000000 10.0000000000 10.0000000000 0.0000000004
0.3540000000 10.0000000000 1.0000000000 2.0000000000 1.0000000000 10.0000000000 10.0000000000 10.0000000000 0.0000000002
0.3550000000 10.0000000000 1.0000000000 2.0000000000 1.0000000000 10.0000000000 10.0000000000 10.0000000000 0.0000000001
0.3560000000 10.0000000001 1.0000000000 2.0000000000 1.0000000000 10.0000000001 10.0000000001 10.0000000000 0.0000000004
0.3570000000 9.9999999999 1.0000000000 2.0000000000 1.0000000000 9.9999999999 9.9999999999 10.0000000000 0.0000000007
0.3580000000 10.0000000000 1.0000000000 2.0000000000 1.0000000000 10.0000000000 10.0000000000 10.0000000000 0.0000000006
0.3590000000 10.0000000001 1.0000000000 2.0000000000 1.0000000000 10.0000000001 10.0000000001 10.0000000000 0.0000000001
0.3600000000 9.9999999999 1.0000000000 2.0000000000 1.0000000000 9.9999999999 9.9999999999 9.9999999999 0.0000000006
0.3610000000 10.0000000001 1.0000000000 2.0000000000 1.0000000000 10.0000000001 10.0000000001 10.0000000001 0.0000000008
0.3620000000 10.0000000000 1.0000000000 2.0000000000 1.0000000000 10.0000000000 10.0000000000 10.0000000000 0.0000000001
0.3630000000 9.9999999999 1.0000000000 2.0000000000 1.0000000000 9.9999999999 9.9999999999 9.9999999999 0.0000000004
0.3640000000 10.0000000002 1.0000000000 2.0000000000 1.0000000000 10.0000000002 10.0000000002 10.0000000001 0.0000000002
0.3650000000 9.9999999998 1.0000000000 2.0000000000 1.0000000000 9.9999999998 9.9999999998 9.9999999999 0.0000000010
0.3660000000 10.0000000000 1.0000000000 2.0000000000 1.0000000000 10.0000000000 10.0000000000 10.0000000000 0.0000000006
0.3670000000 10.0000000002 1.0000000000 2.0000000000 1.0000000000 10.0000000002 10.0000000002 10.0000000001 0.0000000002
0.3680000000 9.9999999996 1.0000000000 2.0000000000 1.0000000000 9.9999999996 9.9999999996 9.9999999998 0.0000000002
0.3690000000 10.0000000002 1.0000000000 2.0000000000 1.0000000000 10.0000000002 10.0000000002 10.0000000001 0.0000000004
0.3700000000 10.0000000001 1.0000000000 2.0000000000 1.0000000000 10.0000000001 10.0000000001 10.0000000001 0.0000000006
0.3710000000 9.9999999995 1.0000000000 2.0000000000 1.0000000000 9.9999999995 9.9999999995 9.9999999998 0.0000000002
0.3720000000 10.0000000005 1.0000000000 2.0000000000 1.0000000000 10.0000000005 10.0000000005 10.0000000003 0.0000000004
0.3730000000 9.9999999998 1.0000000000 2.0000000000 1.0000000000 9.9999999998 9.9999999998 9.9999999999 0.0000000003
0.3740000000 9.9999999996 1.0000000000 2.0000000000 1.0000000000 9.9999999996 9.9999999996 9.9999999998 0.0000000001
0.3750000000 10.0000000009 1.0000000000 2.0000000000 1.0000000000 10.0000000009 10.0000000009 10.0000000004 0.0000000001
0.3760000000 9.9999999994 1.0000000000 2.0000000000 1.0000000000 9.9999999994 9.9999999994 9.9999999997 0.0000000001
0.3770000000 9.9999999998 1.0000000000 2.0000000000 1.0000000000 9.9999999998 9.9999999998 9.9999999999 0.0000000004
0.3780000000 10.0000000011 1.0000000000 2.0000000000 0.9999999999 10.0000000011 10.0000000011 10.0000000005 0.0000000001
0.3790000000 9.9999999988 1.0000000000 2.0000000000 1.0000000001 9.9999999988 9.9999999988 9.9999999994 0.0000000004
0.3800000000 10.0000000003 1.0000000000 2.0000000000 1.0000000000 10.0000000003 10.0000000003 10.0000000002 0.0000000000
0.3810000000 10.0000000012 1.0000000000 2.0000000000 0.9999999999 10.0000000012 10.0000000012 10.0000000006 0.0000000001
0.3820000000 9.9999999980 1.0000000000 2.0000000000 1.0000000001 9.9999999980 9.9999999980 9.9999999990 0.0000000002
0.3830000000 10.0000000011 1.0000000000 2.0000000000 0.9999999999 10.0000000011 10.0000000011 10.0000000005 0.0000000002
0.3840000000 10.0000000011 1.0000000000 2.0000000000 0.9999999999 10.0000000011 10.0000000011 10.0000000005 0.0000000004
0.3850000000 9.9999999972 1.0000000000 2.0000000000 1.0000000001 9.9999999972 9.9999999972 9.9999999986 0.0000000001
0.3860000000 10.0000000022 1.0000000000 2.0000000000 0.9999999999 10.0000000022 10.0000000022 10.0000000011 0.0000000003
0.3870000000 10.0000000007 1.0000000000 2.0000000000 1.0000000000 10.0000000007 10.0000000007 10.0000000003 0.0000000007
0.3880000000 9.9999999963 1.0000000000 2.0000000000 1.0000000002 9.9999999963 9.9999999963 9.9999999982 0.0000000007
0.3890000000 10.0000000037 1.0000000000 2.0000000000 0.9999999998 10.0000000037 10.0000000037 10.0000000019 0.0000000001
0.3900000000 10.0000000000 1.0000000000 2.0000000000 1.0000000000 10.0000000000 10.0000000000 10.0000000000 0.0000000000
0.3910000000 9.9999999952 1.0000000000 2.0000000000 1.0000000002 9.9999999952 9.9999999952 9.9999999976 0.0000000004
0.3920000000 10.0000000058 1.0000000000 2.0000000000 0.9999999997 10.0000000058 10.0000000058 10.0000000029 0.0000000003
0.3930000000 9.9999999991 1.0000000000 2.0000000000 1.0000000000 9.9999999991 9.9999999991 9.9999999995 0.0000000001
0.3940000000 9.9999999939 1.0000000000 2.0000000000 1.0000000003 9.9999999939 9.9999999939 9.9999999969 0.0000000003
0.3950000000 10.0000000085 1.0000000000 2.0000000000 0.9999999996 10.0000000085 10.0000000085 10.0000000042 0.0000000004
0.3960000000 9.9999999978 1.0000000000 2.0000000000 1.0000000001 9.9999999978 9.9999999978 9.9999999989 0.0000000001
0.3970000000 9.9999999918 1.0000000000 2.0000000000 1.0000000004 9.9999999918 9.9999999918 9.9999999959 0.0000000003
0.3980000000 10.0000000121 1.0000000000 2.0000000000 0.9999999994 10.0000000121 10.0000000121 10.0000000060 0.0000000003
0.3990000000 9.9999999965 1.0000000000 2.0000000000 1.0000000002 9.9999999965 9.9999999965 9.9999999983 0.0000000005
0.4000000000 9.9999999887 1.0000000000 2.0000000000 1.0000000006 9.9999999887 9.9999999887 9.9999999944 0.0000000001
0.4010000000 10.0000000169 1.0000000000 2.0000000000 0.9999999992 10.0000000169 10.0000000169 10.0000000084 0.0000000001
0.4020000000 9.9999999956 1.0000000000 2.0000000000 1.0000000002 9.9999999956 9.9999999956 9.9999999978 0.0000000002
0.4030000000 9.9999999836 1.0000000000 2.0000000000 1.0000000008 9.9999999836 9.9999999836 9.9999999918 0.0000000002
0.4040000000 10.0000000232 1.0000000000 2.0000000000 0.9999999988 10.0000000232 10.0000000232 10.0000000116 0.0000000002
0.4050000000 9.9999999958 1.0000000000 2.0000000000 1.0000000002 9.9999999958 9.9999999958 9.9999999979 0.0000000002
0.4060000000 9.9999999755 1.0000000000 2.0000000000 1.0000000012 9.9999999755 9.9999999755 9.9999999877 0.0000000002
0.4070000000 10.0000000309 1.0000000000 2.0000000000 0.9999999985 10.0000000309 10.0000000309 10.0000000154 0.0000000004
0.4080000000 9.9999999988 1.0000000000 2.0000000000 1.0000000001 9.9999999988 9.9999999988 9.9999999994 0.0000000004
0.4090000000 9.9999999627 1.0000000000 2.0000000000 1.0000000019 9.9999999627 9.9999999627 9.9999999813 0.0000000005
0.4100000000 10.0000000391 1.0000000000 2.0000000000 0.9999999980 10.0000000391 10.0000000391 10.0000000196 0.0000000007
0.4110000000 10.0000000075 1.0000000000 2.0000000000 0.9999999996 10.0000000075 10.0000000075 10.0000000038 0.0000000001
0.4120000000 9.9999999439 1.0000000000 2.0000000000 1.0000000028 9.9999999439 9.9999999439 9.9999999719 0.0000000001
0.4130000000 10.0000000453 1.0000000000 2.0000000000 0.9999999977 10.0000000453 10.0000000453 10.0000000227 0.0000000008
0.4140000000 10.0000000262 1.0000000000 2.0000000000 0.9999999987 10.0000000262 10.0000000262 10.0000000131 0.0000000005
0.4150000000 9.9999999188 1.0000000000 2.0000000000 1.0000000041 9.9999999188 9.9999999188 9.9999999594 0.0000000002
0.4160000000 10.0000000438 1.0000000000 2.0000000000 0.9999999978 10.0000000438 10.0000000438 10.0000000219 0.0000000001
0.4170000000 10.0000000602 1.0000000000 2.0000000000 0.9999999970 10.0000000602 10.0000000602 10.0000000301 0.0000000004
0.4180000000 9.9999998905 1.0000000000 2.0000000000 1.0000000055 9.9999998905 9.9999998905 9.9999999453 0.0000000000
0.4190000000 10.0000000244 1.0000000000 2.0000000000 0.9999999988 10.0000000244 10.0000000244 10.0000000122 0.0000000007
0.4200000000 10.0000001137 1.0000000000 2.0000000000 0.9999999943 10.0000001137 10.0000001137 10.0000000569 0.0000000000
0.4210000000 9.9999998695 1.0000000000 2.0000000000 1.0000000065 9.9999998695 9.9999998695 9.9999999347 0.0000000001
0.4220000000 9.9999999731 1.0000000000 2.0000000000 1.0000000013 9.9999999731 9.9999999731 9.9999999865 0.0000000001
0.4230000000 10.0000001844 1.0000000000 2.0000000000 0.9999999908 10.0000001844 10.0000001844 10.0000000922 0.0000000003
0.4240000000 9.9999998769 1.0000000000 2.0000000000 1.0000000062 9.9999998769 9.9999998769 9.9999999385 0.0000000005
0.4250000000 9.9999998755 1.0000000000 2.0000000000 1.0000000062 9.9999998755 9.9999998755 9.9999999377 0.0000000008
0.4260000000 10.0000002545 1.0000000000 2.0000000000 0.9999999873 10.0000002545 10.0000002545 10.0000001272 0.0000000005
0.4270000000 9.9999999464 1.0000000000 2.0000000000 1.0000000027 9.9999999464 9.9999999464 9.9999999732 0.0000000001
0.4280000000 9.9999997298 1.0000000000 2.0000000000 1.0000000135 9.9999997298 9.9999997298 9.9999998649 0.0000000004
0.4290000000 10.0000002797 1.0000000000 2.0000000000 0.9999999860 10.0000002797 10.0000002797 10.0000001399 0.0000000007
0.4300000000 10.0000001141 1.0000000000 2.0000000000 0.9999999943 10.0000001141 10.0000001141 10.0000000570 0.0000000008
0.4310000000 9.9999995688 1.0000000000 2.0000000000 1.0000000216 9.9999995688 9.9999995688 9.9999997844 0.0000000005
0.4320000000 10.0000001864 1.0000000000 2.0000000000 0.9999999907 10.0000001864 10.0000001864 10.0000000932 0.0000000002
0.4330000000 10.0000003899 1.0000000000 2.0000000000 0.9999999805 10.0000003899 10.0000003899 10.0000001950 0.0000000002
0.4340000000 9.9999994853 1.0000000000 2.0000000000 1.0000000257 9.9999994853 9.9999994853 9.9999997426 0.0000000004
0.4350000000 9.9999998945 1.0000000000 2.0000000000 1.0000000053 9.9999998945 9.9999998945 9.9999999473 0.0000000001
0.4360000000 10.0000007049 1.0000000000 2.0000000000 0.9999999648 10.0000007049 10.0000007049 10.0000003525 0.0000000000
0.4370000000 9.9999996353 1.0000000000 2.0000000000 1.0000000182 9.9999996353 9.9999996353 9.9999998176 0.0000000000
0.4380000000 9.9999993899 1.0000000000 2.0000000000 1.0000000305 9.9999993899 9.9999993899 9.9999996950 0.0000000003
0.4390000000 10.0000008588 1.0000000000 2.0000000000 0.9999999571 10.0000008588 10.0000008588 10.0000004294 0.0000000001
0.4400000000 10.0000001720 1.0000000000 2.0000000000 0.9999999914 10.0000001720 10.0000001720 10.0000000860 0.0000000002
0.4410000000 9.9999988402 1.0000000000 2.0000000000 1.0000000580 9.9999988402 9.9999988402 9.9999994201 0.0000000002
0.4420000000 10.0000005373 1.0000000000 2.0000000000 0.9999999731 10.0000005373 10.0000005373 10.0000002687 0.0000000002
0.4430000000 10.0000010721 1.0000000000 2.0000000000 0.9999999464 10.0000010721 10.0000010721 10.0000005361 0.0000000001
0.4440000000 9.9999986800 1.0000000000 2.0000000000 1.0000000660 9.9999986800 9.9999986800 9.9999993400 0.0000000003
0.4450000000 9.9999995022 1.0000000000 2.0000000000 1.0000000249 9.9999995022 9.9999995022 9.9999997511 0.0000000007
0.4460000000 10.0000019018 1.0000000000 2.0000000000 0.9999999049 10.0000019018 10.0000019018 10.0000009509 0.0000000004
0.4470000000 9.9999994863 1.0000000000 2.0000000000 1.0000000257 9.9999994863 9.9999994863 9.9999997432 0.0000000006
0.4480000000 9.9999979893 1.0000000000 2.0000000000 1.0000001005 9.9999979893 9.9999979893 9.9999989946 0.0000000006
0.4490000000 10.0000017596 1.0000000000 2.0000000000 0.9999999120 10.0000017596 10.0000017596 10.0000008798 0.0000000002
0.4500000000 10.0000014603 1.0000000000 2.0000000000 0.9999999270 10.0000014603 10.0000014603 10.0000007301 0.0000000005
0.4510000000 9.9999970772 1.0000000000 2.0000000000 1.0000001461 9.9999970772 9.9999970772 9.9999985386 0.0000000007
0.4520000000 9.9999997885 1.0000000000 2.0000000000 1.0000000106 9.9999997885 9.9999997885 9.9999998942 0.0000000005
0.4530000000 10.0000036427 1.0000000000 2.0000000000 0.9999998179 10.0000036427 10.0000036427 10.0000018213 0.0000000005
0.4540000000 9.9999983992 1.0000000000 2.0000000000 1.0000000800 9.9999983992 9.9999983992 9.9999991996 0.0000000007
0.4550000000 9.9999964018 1.0000000000 2.0000000000 1.0000001799 9.9999964018 9.9999964018 9.9999982009 0.0000000001
0.4560000000 10.0000036839 1.0000000000 2.0000000000 0.9999998158 10.0000036839 10.0000036839 10.0000018420 0.0000000001
0.4570000000 10.0000025818 1.0000000000 2.0000000000 0.9999998709 10.0000025818 10.0000025818 10.0000012909 0.0000000004
0.4580000000 9.9999943631 1.0000000000 2.0000000000 1.0000002818 9.9999943631 9.9999943631 9.9999971816 0.0000000003
0.4590000000 9.9999994522 1.0000000000 2.0000000000 1.0000000274 9.9999994522 9.9999994522 9.9999997261 0.0000000001
0.4600000000 10.0000070205 1.0000000000 2.0000000000 0.9999996490 10.0000070205 10.0000070205 10.0000035103 0.0000000000
0.4610000000 9.9999976270 1.0000000000 2.0000000000 1.0000001186 9.9999976270 9.9999976270 9.9999988135 0.0000000003
0.4620000000 9.9999925689 1.0000000000 2.0000000000 1.0000003716 9.9999925689 9.9999925689 9.9999962844 0.0000000000
0.4630000000 10.0000058909 1.0000000000 2.0000000000 0.9999997055 10.0000058909 10.0000058909 10.0000029454 0.0000000003
0.4640000000 10.0000065616 1.0000000000 2.0000000000 0.9999996719 10.0000065616 10.0000065616 10.0000032808 0.0000000007
0.4650000000 9.9999904000 1.0000000000 2.0000000000 1.0000004800 9.9999904000 9.9999904000 9.9999952000 0.0000000004
0.4660000000 9.9999957582 1.0000000000 2.0000000000 1.0000002121 9.9999957582 9.9999957582 9.9999978791 0.0000000003
0.4670000000 10.0000130343 1.0000000000 2.0000000000 0.9999993483 10.0000130343 10.0000130343 10.0000065171 0.0000000003
0.4680000000 10.0000004523 1.0000000000 2.0000000000 0.9999999774 10.0000004523 10.0000004523 10.0000002262 0.0000000001
0.4690000000 9.9999842746 1.0000000000 2.0000000000 1.0000007863 9.9999842746 9.9999842746 9.9999921373 0.0000000002
0.4700000000 10.0000046854 1.0000000000 2.0000000000 0.9999997657 10.0000046854 10.0000046854 10.0000023427 0.0000000001
0.4710000000 10.0000172522 1.0000000000 2.0000000000 0.9999991374 10.0000172522 10.0000172522 10.0000086261 0.0000000004
0.4720000000 9.9999890624 1.0000000000 2.0000000000 1.0000005469 9.9999890624 9.9999890624 9.9999945312 0.0000000002
0.4730000000 9.9999827247 1.0000000000 2.0000000000 1.0000008638 9.9999827247 9.9999827247 9.9999913623 0.0000000008
0.4740000000 10.0000179983 1.0000000000 2.0000000000 0.9999991001 10.0000179983 10.0000179983 10.0000089992 0.0000000003
0.4750000000 10.0000155552 1.0000000000 2.0000000000 0.9999992222 10.0000155552 10.0000155552 10.0000077776 0.0000000002
0.4760000000 9.9999744665 1.0000000000 2.0000000000 1.0000012767 9.9999744665 9.9999744665 9.9999872332 0.0000000002
0.4770000000 9.9999880471 1.0000000000 2.0000000000 1.0000005976 9.9999880471 9.9999880471 9.9999940236 0.0000000002
0.4780000000 10.0000332233 1.0000000000 2.0000000000 0.9999983388 10.0000332233 10.0000332233 10.0000166117 0.0000000006
0.4790000000 10.0000064180 1.0000000000 2.0000000000 0.9999996791 10.0000064180 10.0000064180 10.0000032090 0.0000000001
0.4800000000 9.9999592014 1.0000000000 2.0000000000 1.0000020399 9.9999592014 9.9999592014 9.9999796007 0.0000000001
0.4810000000 10.0000010332 1.0000000000 2.0000000000 0.9999999483 10.0000010332 10.0000010332 10.0000005166 0.0000000004
0.4820000000 10.0000480696 1.0000000000 2.0000000000 0.9999975965 10.0000480696 10.0000480696 10.0000240348 0.0000000003
0.4830000000 9.9999896564 1.0000000000 2.0000000000 1.0000005172 9.9999896564 9.9999896564 9.9999948282 0.0000000001
0.4840000000 9.9999450519 1.0000000000 2.0000000000 1.0000027474 9.9999450519 9.9999450519 9.9999725260 0.0000000004
0.4850000000 10.0000214419 1.0000000000 2.0000000000 0.9999989279 10.0000214419 10.0000214419 10.0000107210 0.0000000001
0.4860000000 10.0000614635 1.0000000000 2.0000000000 0.9999969268 10.0000614635 10.0000614635 10.0000307317 0.0000000002
0.4870000000 9.9999657347 1.0000000000 2.0000000000 1.0000017133 9.9999657347 9.9999657347 9.9999828674 0.0000000005
0.4880000000 9.9999322231 1.0000000000 2.0000000000 1.0000033889 9.9999322231 9.9999322231 9.9999661116 0.0000000004
0.4890000000 10.0000487748 1.0000000000 2.0000000000 0.9999975613 10.0000487748 10.0000487748 10.0000243874 0.0000000000
0.4900000000 10.0000741957 1.0000000000 2.0000000000 0.9999962902 10.0000741957 10.0000741957 10.0000370978 0.0000000001
0.4910000000 9.9999350383 1.0000000000 2.0000000000 1.0000032481 9.9999350383 9.9999350383 9.9999675192 0.0000000000
0.4920000000 9.9999188088 1.0000000000 2.0000000000 1.0000040596 9.9999188088 9.9999188088 9.9999594044 0.0000000001
0.4930000000 10.0000828387 1.0000000000 2.0000000000 0.9999958581 10.0000828387 10.0000828387 10.0000414193 0.0000000005
0.4940000000 10.0000894228 1.0000000000 2.0000000000 0.9999955289 10.0000894228 10.0000894228 10.0000447114 0.0000000003
0.4950000000 9.9998975850 1.0000000000 2.0000000000 1.0000051208 9.9998975850 9.9998975850 9.9999487925 0.0000000003
0.4960000000 9.9999002326 1.0000000000 2.0000000000 1.0000049884 9.9999002326 9.9999002326 9.9999501163 0.0000000004
0.4970000000 10.0001236464 1.0000000000 2.0000000000 0.9999938178 10.0001236464 10.0001236464 10.0000618232 0.0000000003
0.4980000000 10.0001133545 1.0000000000 2.0000000000 0.9999943323 10.0001133545 10.0001133545 10.0000566772 0.0000000001
0.4990000000 9.9998536449 1.0000000000 2.0000000000 1.0000073179 9.9998536449 9.9998536449 9.9999268224 0.0000000004
0.5000000000 9.9998684016 1.0000000000 2.0000000000 1.0000065800 9.9998684016 9.9998684016 9.9999342008 0.0000000002
0.5010000000 10.0001701093 1.0000000000 2.0000000000 0.9999914947 10.0001701093 10.0001701093 10.0000850547 0.0000000001
0.5020000000 10.0001562192 1.0000000000 2.0000000000 0.9999921892 10.0001562192 10.0001562192 10.0000781096 0.0000000004
0.5030000000 9.9998059473 1.0000000000 2.0000000000 1.0000097028 9.9998059473 9.9998059473 9.9999029737 0.0000000003
0.5040000000 9.9998107704 1.0000000000 2.0000000000 1.0000094617 9.9998107704 9.9998107704 9.9999053852 0.0000000002
0.5050000000 10.0002166769 1.0000000000 2.0000000000 0.9999891664 10.0002166769 10.0002166769 10.0001083385 0.0000000000
0.5060000000 10.0002328593 1.0000000000 2.0000000000 0.9999883573 10.0002328593 10.0002328593 10.0001164296 0.0000000004
0.5070000000 9.9997644647 1.0000000000 2.0000000000 1.0000117770 9.9997644647 9.9997644647 9.9998822324 0.0000000004
0.5080000000 9.9997106287 1.0000000000 2.0000000000 1.0000144690 9.9997106287 9.9997106287 9.9998553144 0.0000000002
0.5090000000 10.0002469092 1.0000000000 2.0000000000 0.9999876548 10.0002469092 10.0002469092 10.0001234546 0.0000000006
0.5100000000 10.0003607138 1.0000000000 2.0000000000 0.9999819650 10.0003607138 10.0003607138 10.0001803569 0.0000000005
0.5110000000 9.9997545335 1.0000000000 2.0000000000 1.0000122736 9.9997545335 9.9997545335 9.9998772667 0.0000000003
0.5120000000 9.9995520611 1.0000000000 2.0000000000 1.0000223980 9.9995520611 9.9995520611 9.9997760305 0.0000000003
0.5130000000 10.0002239891 1.0000000000 2.0000000000 0.9999888008 10.0002239891 10.0002239891 10.0001119946 0.0000000001
0.5140000000 10.0005503237 1.0000000000 2.0000000000 0.9999724853 10.0005503237 10.0005503237 10.0002751619 0.0000000007
0.5150000000 9.9998266969 1.0000000000 2.0000000000 1.0000086653 9.9998266969 9.9998266969 9.9999133484 0.0000000002
0.5160000000 9.9993358493 1.0000000000 2.0000000000 1.0000332097 9.9993358493 9.9993358493 9.9996679246 0.0000000003
0.5170000000 10.0000826201 1.0000000000 2.0000000000 0.9999958690 10.0000826201 10.0000826201 10.0000413100 0.0000000004
0.5180000000 10.0007811752 1.0000000000 2.0000000000 0.9999609443 10.0007811752 10.0007811752 10.0003905876 0.0000000007
0.5190000000 10.0000594338 1.0000000000 2.0000000000 0.9999970283 10.0000594338 10.0000594338 10.0000297169 0.0000000003
0.5200000000 9.9991130685 1.0000000000 2.0000000000 1.0000443505 9.9991130685 9.9991130685 9.9995565343 0.0000000002
0.5210000000 9.9997372314 1.0000000000 2.0000000000 1.0000131388 9.9997372314 9.9997372314 9.9998686157 0.0000000002
0.5220000000 10.0009592342 1.0000000000 2.0000000000 0.9999520429 10.0009592342 10.0009592342 10.0004796171 0.0000000005
0.5230000000 10.0005324548 1.0000000000 2.0000000000 0.9999733787 10.0005324548 10.0005324548 10.0002662274 0.0000000003
0.5240000000 9.9990324846 1.0000000000 2.0000000000 1.0000483804 9.9990324846 9.9990324846 9.9995162423 0.0000000009
0.5250000000 9.9991361227 1.0000000000 2.0000000000 1.0000431976 9.9991361227 9.9991361227 9.9995680614 0.0000000010
0.5260000000 10.0008739607 1.0000000000 2.0000000000 0.9999563058 10.0008739607 10.0008739607 10.0004369804 0.0000000002
0.5270000000 10.0012366637 1.0000000000 2.0000000000 0.9999381745 10.0012366637 10.0012366637 10.0006183319 0.0000000004
0.5280000000 9.9993623155 1.0000000000 2.0000000000 1.0000318863 9.9993623155 9.9993623155 9.9996811578 0.0000000003
0.5290000000 9.9983916666 1.0000000000 2.0000000000 1.0000804296 9.9983916666 9.9983916666 9.9991958333 0.0000000001
0.5300000000 10.0002232177 1.0000000000 2.0000000000 0.9999888394 10.0002232177 10.0002232177 10.0001116089 0.0000000001
0.5310000000 10.0019096150 1.0000000000 2.0000000000 0.9999045375 10.0019096150 10.0019096150 10.0009548075 0.0000000000
0.5320000000 10.0003858836 1.0000000000 2.0000000000 0.9999807066 10.0003858836 10.0003858836 10.0001929418 0.0000000001
0.5330000000 9.9979554233 1.0000000000 2.0000000000 1.0001022497 9.9979554233 9.9979554233 9.9989777117 0.0000000005
0.5340000000 9.9988311859 1.0000000000 2.0000000000 1.0000584475 9.9988311859 9.9988311859 9.9994155929 0.0000000004
0.5350000000 10.0018996919 1.0000000000 2.0000000000 0.9999050334 10.0018996919 10.0018996919 10.0009498459 0.0000000001
0.5360000000 10.0020475718 1.0000000000 2.0000000000 0.9998976424 10.0020475718 10.0020475718 10.0010237859 0.0000000001
0.5370000000 9.9986339803 1.0000000000 2.0000000000 1.0000683103 9.9986339803 9.9986339803 9.9993169902 0.0000000005
0.5380000000 9.9971283884 1.0000000000 2.0000000000 1.0001436218 9.9971283884 9.9971283884 9.9985641942 0.0000000002
0.5390000000 10.0003768073 1.0000000000 2.0000000000 0.9999811603 10.0003768073 10.0003768073 10.0001884037 0.0000000001
0.5400000000 10.0034171763 1.0000000000 2.0000000000 0.9998291996 10.0034171763 10.0034171763 10.0017085881 0.0000000002
0.5410000000 10.0010420450 1.0000000000 2.0000000000 0.9999479032 10.0010420450 10.0010420450 10.0005210225 0.0000000000
0.5420000000 9.9965862058 1.0000000000 2.0000000000 1.0001707480 9.9965862058 9.9965862058 9.9982931029 0.0000000005
0.5430000000 9.9972804953 1.0000000000 2.0000000000 1.0001360122 9.9972804953 9.9972804953 9.9986402477 0.0000000004
0.5440000000 10.0026087639 1.0000000000 2.0000000000 0.9998695958 10.0026087639 10.0026087639 10.0013043820 0.0000000003
0.5450000000 10.0043064140 1.0000000000 2.0000000000 0.9997847720 10.0043064140 10.0043064140 10.0021532070 0.0000000003
0.5460000000 9.9991285513 1.0000000000 2.0000000000 1.0000435762 9.9991285513 9.9991285513 9.9995642756 0.0000000004
0.5470000000 9.9947073001 1.0000000000 2.0000000000 1.0002647751 9.9947073001 9.9947073001 9.9973536501 0.0000000003
0.5480000000 9.9983206805 1.0000000000 2.0000000000 1.0000839801 9.9983206805 9.9983206805 9.9991603403 0.0000000001
0.5490000000 10.0051064076 1.0000000000 2.0000000000 0.9997448099 10.0051064076 10.0051064076 10.0025532038 0.0000000002
0.5500000000 10.0045678735 1.0000000000 2.0000000000 0.9997717106 10.0045678735 10.0045678735 10.0022839368 0.0000000006
0.5510000000 9.9966901586 1.0000000000 2.0000000000 1.0001655469 9.9966901586 9.9966901586 9.9983450793 0.0000000011
0.5520000000 9.9930565739 1.0000000000 2.0000000000 1.0003474125 9.9930565739 9.9930565739 9.9965282870 0.0000000001
0.5530000000 9.9998678001 1.0000000000 2.0000000000 1.0000066101 9.9998678001 9.9998678001 9.9999339000 0.0000000000
0.5540000000 10.0077281108 1.0000000000 2.0000000000 0.9996138928 10.0077281108 10.0077281108 10.0038640554 0.0000000003
0.5550000000 10.0045987542 1.0000000000 2.0000000000 0.9997701680 10.0045987542 10.0045987542 10.0022993771 0.0000000001
0.5560000000 9.9940233881 1.0000000000 2.0000000000 1.0002990093 9.9940233881 9.9940233881 9.9970116941 0.0000000001
0.5570000000 9.9912773344 1.0000000000 2.0000000000 1.0004365140 9.9912773344 9.9912773344 9.9956386672 0.0000000001
0.5580000000 10.0014035093 1.0000000000 2.0000000000 0.9999298344 10.0014035093 10.0014035093 10.0007017547 0.0000000005
0.5590000000 10.0106344410 1.0000000000 2.0000000000 0.9994688428 10.0106344410 10.0106344410 10.0053172205 0.0000000006
0.5600000000 10.0051037328 1.0000000000 2.0000000000 0.9997449435 10.0051037328 10.0051037328 10.0025518664 0.0000000001
0.5610000000 9.9913635366 1.0000000000 2.0000000000 1.0004321964 9.9913635366 9.9913635366 9.9956817683 0.0000000006
0.5620000000 9.9886977425 1.0000000000 2.0000000000 1.0005657523 9.9886977425 9.9886977425 9.9943488713 0.0000000000
0.5630000000 10.0022010665 1.0000000000 2.0000000000 0.9998899709 10.0022010665 10.0022010665 10.0011005333 0.0000000005
0.5640000000 10.0140851289 1.0000000000 2.0000000000 0.9992967341 10.0140851289 10.0140851289 10.0070425645 0.0000000002
0.5650000000 10.0071121022 1.0000000000 2.0000000000 0.9996446476 10.0071121022 10.0071121022 10.0035560511 0.0000000003
0.5660000000 9.9892072194 1.0000000000 2.0000000000 1.0005402221 9.9892072194 9.9892072194 9.9946036097 0.0000000004
0.5670000000 9.9845269819 1.0000000000 2.0000000000 1.0007748498 9.9845269819 9.9845269819 9.9922634909 0.0000000004
0.5680000000 10.0010238869 1.0000000000 2.0000000000 0.9999488109 10.0010238869 10.0010238869 10.0005119435 0.0000000001
0.5690000000 10.0179450730 1.0000000000 2.0000000000 0.9991043536 10.0179450730 10.0179450730 10.0089725365 0.0000000009
0.5700000000 10.0119732551 1.0000000000 2.0000000000 0.9994020532 10.0119732551 10.0119732551 10.0059866276 0.0000000006
0.5710000000 9.9889417031 1.0000000000 2.0000000000 1.0005535270 9.9889417031 9.9889417031 9.9944708516 0.0000000001
0.5720000000 9.9784056626 1.0000000000 2.0000000000 1.0010820535 9.9784056626 9.9784056626 9.9892028313 0.0000000000
0.5730000000 9.9958221612 1.0000000000 2.0000000000 1.0002089792 9.9958221612 9.9958221612 9.9979110806 0.0000000002
0.5740000000 10.0207086884 1.0000000000 2.0000000000 0.9989667054 10.0207086884 10.0207086884 10.0103543442 0.0000000003
0.5750000000 10.0208187726 1.0000000000 2.0000000000 0.9989612240 10.0208187726 10.0208187726 10.0104093863 0.0000000001
0.5760000000 9.9935713148 1.0000000000 2.0000000000 1.0003216410 9.9935713148 9.9935713148 9.9967856574 0.0000000000
0.5770000000 9.9718164097 1.0000000000 2.0000000000 1.0014131623 9.9718164097 9.9718164097 9.9859082049 0.0000000007
0.5780000000 9.9842044817 1.0000000000 2.0000000000 1.0007910254 9.9842044817 9.9842044817 9.9921022409 0.0000000006
0.5790000000 10.0181325296 1.0000000000 2.0000000000 0.9990950145 10.0181325296 10.0181325296 10.0090662648 0.0000000001
0.5800000000 10.0325381758 1.0000000000 2.0000000000 0.9983783677 10.0325381758 10.0325381758 10.0162690879 0.0000000004
0.5810000000 10.0074353893 1.0000000000 2.0000000000 0.9996285068 10.0074353893 10.0074353893 10.0037176946 0.0000000005
0.5820000000 9.9704800792 1.0000000000 2.0000000000 1.0014803661 9.9704800792 9.9704800792 9.9852400396 0.0000000000
0.5830000000 9.9663177300 1.0000000000 2.0000000000 1.0016898051 9.9663177300 9.9663177300 9.9831588650 0.0000000001
0.5840000000 10.0030646562 1.0000000000 2.0000000000 0.9998468141 10.0030646562 10.0030646562 10.0015323281 0.0000000004
0.5850000000 10.0397598491 1.0000000000 2.0000000000 0.9980198805 10.0397598491 10.0397598491 10.0198799245 0.0000000003
0.5860000000 10.0321797951 1.0000000000 2.0000000000 0.9983961713 10.0321797951 10.0321797951 10.0160898976 0.0000000011
0.5870000000 9.9854209666 1.0000000000 2.0000000000 1.0007300160 9.9854209666 9.9854209666 9.9927104833 0.0000000009
0.5880000000 9.9513419311 1.0000000000 2.0000000000 1.0024447994 9.9513419311 9.9513419311 9.9756709655 0.0000000004
0.5890000000 9.9710069593 1.0000000000 2.0000000000 1.0014538672 9.9710069593 9.9710069593 9.9855034797 0.0000000007
0.5900000000 10.0262454863 1.0000000000 2.0000000000 0.9986911608 10.0262454863 10.0262454863 10.0131227432 0.0000000001
0.5910000000 10.0565626430 1.0000000000 2.0000000000 0.9971877745 10.0565626430 10.0565626430 10.0282813215 0.0000000000
0.5920000000 10.0252804972 1.0000000000 2.0000000000 0.9987391626 10.0252804972 10.0252804972 10.0126402486 0.0000000006
0.5930000000 9.9625104865 1.0000000000 2.0000000000 1.0018815294 9.9625104865 9.9625104865 9.9812552433 0.0000000006
0.5940000000 9.9357969758 1.0000000000 2.0000000000 1.0032308945 9.9357969758 9.9357969758 9.9678984879 0.0000000001
0.5950000000 9.9777028508 1.0000000000 2.0000000000 1.0011173488 9.9777028508 9.9777028508 9.9888514254 0.0000000005
0.5960000000 10.0479127589 1.0000000000 2.0000000000 0.9976157855 10.0479127589 10.0479127589 10.0239563794 0.0000000006
0.5970000000 10.0725112053 1.0000000000 2.0000000000 0.9964005399 10.0725112053 10.0725112053 10.0362556026 0.0000000001
0.5980000000 10.0213953722 1.0000000000 2.0000000000 0.9989325153 10.0213953722 10.0213953722 10.0106976861 0.0000000000
0.5990000000 9.9429208868 1.0000000000 2.0000000000 1.0028703393 9.9429208868 9.9429208868 9.9714604434 0.0000000003
0.6000000000 9.9175727252 1.0000000000 2.0000000000 1.0041556174 9.9175727252 9.9175727252 9.9587863626 0.0000000003
0.6010000000 9.9759133129 1.0000000000 2.0000000000 1.0012072422 9.9759133129 9.9759133129 9.9879566564 0.0000000005
0.6020000000 10.0642219300 1.0000000000 2.0000000000 0.9968093942 10.0642219300 10.0642219300 10.0321109650 0.0000000003
0.6030000000 10.0946481683 1.0000000000 2.0000000000 0.9953119630 10.0946481683 10.0946481683 10.0473240841 0.0000000005
0.6040000000 10.0320898615 1.0000000000 2.0000000000 0.9984006393 10.0320898615 10.0320898615 10.0160449308 0.0000000005
0.6050000000 9.9321042850 1.0000000000 2.0000000000 1.0034179925 9.9321042850 9.9321042850 9.9660521425 0.0000000003
0.6060000000 9.8907530194 1.0000000000 2.0000000000 1.0055226827 9.8907530194 9.8907530194 9.9453765097 0.0000000002
0.6070000000 9.9527529569 1.0000000000 2.0000000000 1.0023735666 9.9527529569 9.9527529569 9.9763764785 0.0000000003
0.6080000000 10.0656294693 1.0000000000 2.0000000000 0.9967399223 10.0656294693 10.0656294693 10.0328147346 0.0000000005
0.6090000000 10.1250879932 1.0000000000 2.0000000000 0.9938228688 10.1250879932 10.1250879932 10.0625439966 0.0000000006
0.6100000000 10.0711330751 1.0000000000 2.0000000000 0.9964684671 10.0711330751 10.0711330751 10.0355665376 0.0000000004
0.6110000000 9.9462693946 1.0000000000 2.0000000000 1.0027010431 9.9462693946 9.9462693946 9.9731346973 0.0000000000
0.6120000000 9.8609768084 1.0000000000 2.0000000000 1.0070491592 9.8609768084 9.8609768084 9.9304884042 0.0000000002
0.6130000000 9.8958617068 1.0000000000 2.0000000000 1.0052617092 9.8958617068 9.8958617068 9.9479308534 0.0000000006
0.6140000000 10.0275498403 1.0000000000 2.0000000000 0.9986262925 10.0275498403 10.0275498403 10.0137749202 0.0000000003
0.6150000000 10.1450377085 1.0000000000 2.0000000000 0.9928517906 10.1450377085 10.1450377085 10.0725188543 0.0000000010
0.6160000000 10.1438472514 1.0000000000 2.0000000000 0.9929096304 10.1438472514 10.1438472514 10.0719236257 0.0000000007
0.6170000000 10.0172854838 1.0000000000 2.0000000000 0.9991372172 10.0172854838 10.0172854838 10.0086427419 0.0000000004
0.6180000000 9.8661255958 1.0000000000 2.0000000000 1.0067845479 9.8661255958 9.8661255958 9.9330627979 0.0000000004
0.6190000000 9.8171860309 1.0000000000 2.0000000000 1.0093109150 9.8171860309 9.8171860309 9.9085930154 0.0000000002
0.6200000000 9.9179234992 1.0000000000 2.0000000000 1.0041377865 9.9179234992 9.9179234992 9.9589617496 0.0000000001
0.6210000000 10.0941967493 1.0000000000 2.0000000000 0.9953341137 10.0941967493 10.0941967493 10.0470983747 0.0000000002
0.6220000000 10.2065412825 1.0000000000 2.0000000000 0.9898819161 10.2065412825 10.2065412825 10.1032706412 0.0000000002
0.6230000000 10.1604637973 1.0000000000 2.0000000000 0.9921035200 10.1604637973 10.1604637973 10.0802318987 0.0000000000
0.6240000000 9.9832133530 1.0000000000 2.0000000000 1.0008407437 9.9832133530 9.9832133530 9.9916066765 0.0000000001
0.6250000000 9.8063176934 1.0000000000 2.0000000000 1.0098753840 9.8063176934 9.8063176934 9.9031588467 0.0000000002
0.6260000000 9.7668790395 1.0000000000 2.0000000000 1.0119342607 9.7668790395 9.7668790395 9.8834395197 0.0000000001
0.6270000000 9.9029011944 1.0000000000 2.0000000000 1.0049025434 9.9029011944 9.9029011944 9.9514505972 0.0000000000
0.6280000000 10.1217513857 1.0000000000 2.0000000000 0.9939856562 10.1217513857 10.1217513857 10.0608756929 0.0000000002
0.6290000000 10.2653921808 1.0000000000 2.0000000000 0.9870734515 10.2653921808 10.2653921808 10.1326960904 0.0000000003
0.6300000000 10.2244714202 1.0000000000 2.0000000000 0.9890228350 10.2244714202 10.2244714202 10.1122357101 0.0000000003
0.6310000000 10.0185663663 1.0000000000 2.0000000000 0.9990734020 10.0185663663 10.0185663663 10.0092831831 0.0000000001
0.6320000000 9.7853917004 1.0000000000 2.0000000000 1.0109657491 9.7853917004 9.7853917004 9.8926958502 0.0000000001
0.6330000000 9.6869548631 1.0000000000 2.0000000000 1.0161580776 9.6869548631 9.6869548631 9.8434774316 0.0000000002
0.6340000000 9.7981732512 1.0000000000 2.0000000000 1.0102992029 9.7981732512 9.7981732512 9.8990866256 0.0000000000
0.6350000000 10.0540981057 1.0000000000 2.0000000000 0.9973096490 10.0540981057 10.0540981057 10.0270490529 0.0000000000
0.6360000000 10.2906798311 1.0000000000 2.0000000000 0.9858765487 10.2906798311 10.2906798311 10.1453399156 0.0000000001
0.6370000000 10.3511056167 1.0000000000 2.0000000000 0.9830401877 10.3511056167 10.3511056167 10.1755528084 0.0000000000
0.6380000000 10.1876593661 1.0000000000 2.0000000000 0.9907898684 10.1876593661 10.1876593661 10.0938296831 0.0000000001
0.6390000000 9.8939028466 1.0000000000 2.0000000000 1.0053617443 9.8939028466 9.8939028466 9.9469514233 0.0000000002
0.6400000000 9.6479897272 1.0000000000 2.0000000000 1.0182426745 9.6479897272 9.6479897272 9.8239948636 0.0000000007
0.6410000000 9.6038050687 1.0000000000 2.0000000000 1.0206269769 9.6038050687 9.6038050687 9.8019025344 0.0000000005
0.6420000000 9.7972881867 1.0000000000 2.0000000000 1.0103453022 9.7972881867 9.7972881867 9.8986440934 0.0000000001
0.6430000000 10.1237484741 1.0000000000 2.0000000000 0.9938882088 10.1237484741 10.1237484741 10.0618742370 0.0000000003
0.6440000000 10.3979095655 1.0000000000 2.0000000000 0.9808658864 10.3979095655 10.3979095655 10.1989547828 0.0000000005
0.6450000000 10.4599048640 1.0000000000 2.0000000000 0.9780158199 10.4599048640 10.4599048640 10.2299524320 0.0000000004
0.6460000000 10.2657820500 1.0000000000 2.0000000000 0.9870549536 10.2657820500 10.2657820500 10.1328910250 0.0000000000
0.6470000000 9.9124724721 1.0000000000 2.0000000000 1.0044150200 9.9124724721 9.9124724721 9.9562362360 0.0000000002
0.6480000000 9.5855521981 1.0000000000 2.0000000000 1.0216183582 9.5855521981 9.5855521981 9.7927760990 0.0000000001
0.6490000000 9.4603683428 1.0000000000 2.0000000000 1.0285206473 9.4603683428 9.4603683428 9.7301841714 0.0000000001
0.6500000000 9.6102452787 1.0000000000 2.0000000000 1.0202780840 9.6102452787 9.6102452787 9.8051226393 0.0000000001
0.6510000000 9.9689421325 1.0000000000 2.0000000000 1.0015577314 9.9689421325 9.9689421325 9.9844710662 0.0000000001
0.6520000000 10.3642714199 1.0000000000 2.0000000000 0.9824265785 10.3642714199 10.3642714199 10.1821357099 0.0000000004
0.6530000000 10.6032785722 1.0000000000 2.0000000000 0.9715522624 10.6032785722 10.6032785722 10.3016392861 0.0000000004
0.6540000000 10.5653515208 1.0000000000 2.0000000000 0.9732450208 10.5653515208 10.5653515208 10.2826757604 0.0000000001
0.6550000000 10.2585913925 1.0000000000 2.0000000000 0.9873963499 10.2585913925 10.2585913925 10.1292956963 0.0000000003
0.6560000000 9.8149525634 1.0000000000 2.0000000000 1.0094268126 9.8149525634 9.8149525634 9.9074762817 0.0000000003
0.6570000000 9.4294481981 1.0000000000 2.0000000000 1.0302537216 9.4294481981 9.4294481981 9.7147240991 0.0000000003
0.6580000000 9.2734568282 1.0000000000 2.0000000000 1.0391732654 9.2734568282 9.2734568282 9.6367284141 0.0000000003
0.6590000000 9.4213059919 1.0000000000 2.0000000000 1.0307119846 9.4213059919 9.4213059919 9.7106529959 0.0000000001
0.6600000000 9.8205842094 1.0000000000 2.0000000000 1.0091346801 9.8205842094 9.8205842094 9.9102921047 0.0000000002
0.6610000000 10.3158513038 1.0000000000 2.0000000000 0.9846909724 10.3158513038 10.3158513038 10.1579256519 0.0000000004
0.6620000000 10.7127448105 1.0000000000 2.0000000000 0.9667337912 10.7127448105 10.7127448105 10.3563724052 0.0000000001
0.6630000000 10.8544610652 1.0000000000 2.0000000000 0.9606400972 10.8544610652 10.8544610652 10.4272305326 0.0000000008
0.6640000000 10.6802856143 1.0000000000 2.0000000000 0.9681522743 10.6802856143 10.6802856143 10.3401428072 0.0000000007
0.6650000000 10.2455061551 1.0000000000 2.0000000000 0.9880188372 10.2455061551 10.2455061551 10.1227530776 0.0000000002
0.6660000000 9.6983565646 1.0000000000 2.0000000000 1.0155512655 9.6983565646 9.6983565646 9.8491782823 0.0000000002
0.6670000000 9.2255905096 1.0000000000 2.0000000000 1.0419707275 9.2255905096 9.2255905096 9.6127952548 0.0000000002
0.6680000000 8.9880969373 1.0000000000 2.0000000000 1.0562912856 8.9880969373 8.9880969373 9.4940484686 0.0000000008
0.6690000000 9.0690544789 1.0000000000 2.0000000000 1.0513253903 9.0690544789 9.0690544789 9.5345272395 0.0000000007
0.6700000000 9.4504202199 1.0000000000 2.0000000000 1.0290770023 9.4504202199 9.4504202199 9.7252101100 0.0000000005
0.6710000000 10.0225437119 1.0000000000 2.0000000000 0.9988753498 10.0225437119 10.0225437119 10.0112718559 0.0000000006
0.6720000000 10.6207123477 1.0000000000 2.0000000000 0.9707782149 10.6207123477 10.6207123477 10.3103561739 0.0000000000
0.6730000000 11.0749997387 1.0000000000 2.0000000000 0.9514672793 11.0749997387 11.0749997387 10.5374998694 0.0000000000
0.6740000000 11.2576295326 1.0000000000 2.0000000000 0.9441432351 11.2576295326 11.2576295326 10.6288147663 0.0000000001
0.6750000000 11.1149175575 1.0000000000 2.0000000000 0.9498458917 11.1149175575 11.1149175575 10.5574587788 0.0000000001
0.6760000000 10.6769643336 1.0000000000 2.0000000000 0.9682979023 10.6769643336 10.6769643336 10.3384821668 0.0000000002
0.6770000000 10.0452648826 1.0000000000 2.0000000000 0.9977469543 10.0452648826 10.0452648826 10.0226324413 0.0000000003
0.6780000000 9.3641447612 1.0000000000 2.0000000000 1.0339515917 9.3641447612 9.3641447612 9.6820723806 0.0000000001
0.6790000000 8.7850925011 1.0000000000 2.0000000000 1.0691459708 8.7850925011 8.7850925011 9.3925462505 0.0000000003
0.6800000000 8.4333187348 1.0000000000 2.0000000000 1.0928864018 8.4333187348 8.4333187348 9.2166593674 0.0000000001
0.6810000000 8.3837666760 1.0000000000 2.0000000000 1.0963906432 8.3837666760 8.3837666760 9.1918833380 0.0000000001
0.6820000000 8.6503655150 1.0000000000 2.0000000000 1.0780102576 8.6503655150 8.6503655150 9.3251827575 0.0000000000
0.6830000000 9.1886928470 1.0000000000 2.0000000000 1.0441470385 9.1886928470 9.1886928470 9.5943464235 0.0000000000
0.6840000000 9.9093053580 1.0000000000 2.0000000000 1.0045762361 9.9093053580 9.9093053580 9.9546526790 0.0000000002
0.6850000000 10.6973186823 1.0000000000 2.0000000000 0.9674068473 10.6973186823 10.6973186823 10.3486593412 0.0000000002
0.6860000000 11.4334560148 1.0000000000 2.0000000000 0.9373130918 11.4334560148 11.4334560148 10.7167280074 0.0000000001
0.6870000000 12.0124990469 1.0000000000 2.0000000000 0.9162331236 12.0124990469 12.0124990469 11.0062495234 0.0000000001
0.6880000000 12.3564420033 1.0000000000 2.0000000000 0.9046472276 12.3564420033 12.3564420033 11.1782210017 0.0000000001
0.6890000000 12.4212164394 1.0000000000 2.0000000000 0.9025370643 12.4212164394 12.4212164394 11.2106082197 0.0000000000
0.6900000000 12.1972491598 1.0000000000 2.0000000000 0.9099284957 12.1972491598 12.1972491598 11.0986245799 0.0000000000
0.6910000000 11.7051074396 1.0000000000 2.0000000000 0.9271639561 11.7051074396 11.7051074396 10.8525537198 0.0000000001
0.6920000000 10.9879930357 1.0000000000 2.0000000000 0.9550421523 10.9879930357 10.9879930357 10.4939965179 0.0000000002
0.6930000000 10.1029096994 1.0000000000 2.0000000000 0.9949069277 10.1029096994 10.1029096994 10.0514548497 0.0000000000
0.6940000000 9.1120636955 1.0000000000 2.0000000000 1.0487231177 9.1120636955 9.1120636955 9.5560318477 0.0000000001
0.6950000000 8.0756070986 1.0000000000 2.0000000000 1.1191484973 8.0756070986 8.0756070986 9.0378035493 0.0000000001
0.6960000000 7.0463334648 1.0000000000 2.0000000000 1.2095888983 7.0463334648 7.0463334648 8.5231667324 0.0000000000
0.6970000000 6.0664858712 1.0000000000 2.0000000000 1.3242003865 6.0664858712 6.0664858712 8.0332429356 0.0000000002
0.6980000000 5.1664978145 1.0000000000 2.0000000000 1.4677735633 5.1664978145 5.1664978145 7.5832489073 0.0000000002
0.6990000000 4.3652786297 1.0000000000 2.0000000000 1.6454022582 4.3652786297 4.3652786297 7.1826393149 0.0000000001
0.7000000000 3.6715682064 1.0000000000 2.0000000000 1.8618159105 3.6715682064 3.6715682064 6.8357841032 0.0000000001
0.7010000000 3.0858942768 1.0000000000 2.0000000000 2.1202758590 3.0858942768 3.0858942768 6.5429471384 0.0000000001
0.7020000000 2.6027363800 1.0000000000 2.0000000000 2.4210551012 2.6027363800 2.6027363800 6.3013681900 0.0000000000
0.7030000000 2.2126018856 1.0000000000 2.0000000000 2.7597829426 2.2126018856 2.2126018856 6.1063009428 0.0000000002
0.7040000000 1.9038259129 1.0000000000 2.0000000000 3.1262905479 1.9038259129 1.9038259129 5.9519129565 0.0000000002
0.7050000000 1.6640015486 1.0000000000 2.0000000000 3.5048048958 1.6640015486 1.6640015486 5.8320007743 0.0000000005
0.7060000000 1.4810203117 1.0000000000 2.0000000000 3.8760509296 1.4810203117 1.4810203117 5.7405101558 0.0000000000
0.7070000000 1.3437529331 1.0000000000 2.0000000000 4.2209221107 1.3437529331 1.3437529331 5.6718764665 0.0000000009
0.7080000000 1.2424289269 1.0000000000 2.0000000000 4.5243750704 1.2424289269 1.2424289269 5.6212144634 0.0000000004
0.7090000000 1.1687845676 1.0000000000 2.0000000000 4.7779483395 1.1687845676 1.1687845676 5.5843922838 0.0000000003
0.7100000000 1.1160476812 1.0000000000 2.0000000000 4.9800953258 1.1160476812 1.1160476812 5.5580238406 0.0000000001
0.7110000000 1.0788191342 1.0000000000 2.0000000000 5.1346971807 1.0788191342 1.0788191342 5.5394095671 0.0000000003
0.7120000000 1.0528988251 1.0000000000 2.0000000000 5.2487943578 1.0528988251 1.0528988251 5.5264494126 0.0000000002
0.7130000000 1.0350913200 1.0000000000 2.0000000000 5.3304916710 1.0350913200 1.0350913200 5.5175456600 0.0000000001
0.7140000000 1.0230147317 1.0000000000 2.0000000000 5.3875151500 1.0230147317 1.0230147317 5.5115073659 0.0000000001
0.7150000000 1.0149269663 1.0000000000 2.0000000000 5.4264628549 1.0149269663 1.0149269663 5.5074634832 0.0000000004
0.7160000000 1.0095762990 1.0000000000 2.0000000000 5.4525726829 1.0095762990 1.0095762990 5.5047881495 0.0000000003
0.7170000000 1.0060782717 1.0000000000 2.0000000000 5.4697922525 1.0060782717 1.0060782717 5.5030391358 0.0000000001
0.7180000000 1.0038177688 1.0000000000 2.0000000000 5.4809837559 1.0038177688 1.0038177688 5.5019088844 0.0000000001
0.7190000000 1.0023734088 1.0000000000 2.0000000000 5.4881610548 1.0023734088 1.0023734088 5.5011867044 0.0000000002
0.7200000000 1.0014606663 1.0000000000 2.0000000000 5.4927073209 1.0014606663 1.0014606663 5.5007303331 0.0000000003
0.7210000000 1.0008900681 1.0000000000 2.0000000000 5.4955536173 1.0008900681 1.0008900681 5.5004450340 0.0000000002
0.7220000000 1.0005371108 1.0000000000 2.0000000000 5.4973158879 1.0005371108 1.0005371108 5.5002685554 0.0000000001
0.7230000000 1.0003210289 1.0000000000 2.0000000000 5.4983953705 1.0003210289 1.0003210289 5.5001605145 0.0000000000
0.7240000000 1.0001900782 1.0000000000 2.0000000000 5.4990497894 1.0001900782 1.0001900782 5.5000950391 0.0000000004
0.7250000000 1.0001115048 1.0000000000 2.0000000000 5.4994425379 1.0001115048 1.0001115048 5.5000557524 0.0000000003
0.7260000000 1.0000648173 1.0000000000 2.0000000000 5.4996759346 1.0000648173 1.0000648173 5.5000324086 0.0000000001
0.7270000000 1.0000373408 1.0000000000 2.0000000000 5.4998133030 1.0000373408 1.0000373408 5.5000186704 0.0000000000
0.7280000000 1.0000213221 1.0000000000 2.0000000000 5.4998933918 1.0000213221 1.0000213221 5.5000106610 0.0000000001
0.7290000000 1.0000120694 1.0000000000 2.0000000000 5.4999396539 1.0000120694 1.0000120694 5.5000060347 0.0000000004
0.7300000000 1.0000067733 1.0000000000 2.0000000000 5.4999661336 1.0000067733 1.0000067733 5.5000033867 0.0000000003
0.7310000000 1.0000037691 1.0000000000 2.0000000000 5.4999811548 1.0000037691 1.0000037691 5.5000018845 0.0000000004
0.7320000000 1.0000020798 1.0000000000 2.0000000000 5.4999896009 1.0000020798 1.0000020798 5.5000010399 0.0000000003
0.7330000000 1.0000011382 1.0000000000 2.0000000000 5.4999943089 1.0000011382 1.0000011382 5.5000005691 0.0000000001
0.7340000000 1.0000006179 1.0000000000 2.0000000000 5.4999969107 1.0000006179 1.0000006179 5.5000003089 0.0000000002
0.7350000000 1.0000003327 1.0000000000 2.0000000000 5.4999983365 1.0000003327 1.0000003327 5.5000001663 0.0000000004
0.7360000000 1.0000001777 1.0000000000 2.0000000000 5.4999991114 1.0000001777 1.0000001777 5.5000000889 0.0000000002
0.7370000000 1.0000000942 1.0000000000 2.0000000000 5.4999995290 1.0000000942 1.0000000942 5.5000000471 0.0000000001
0.7380000000 1.0000000495 1.0000000000 2.0000000000 5.4999997523 1.0000000495 1.0000000495 5.5000000248 0.0000000005
0.7390000000 1.0000000259 1.0000000000 2.0000000000 5.4999998707 1.0000000259 1.0000000259 5.5000000129 0.0000000004
0.7400000000 1.0000000134 1.0000000000 2.0000000000 5.4999999330 1.0000000134 1.0000000134 5.5000000067 0.0000000004
0.7410000000 1.0000000069 1.0000000000 2.0000000000 5.4999999656 1.0000000069 1.0000000069 5.5000000034 0.0000000001
0.7420000000 1.0000000035 1.0000000000 2.0000000000 5.4999999824 1.0000000035 1.0000000035 5.5000000018 0.0000000003
0.7430000000 1.0000000018 1.0000000000 2.0000000000 5.4999999911 1.0000000018 1.0000000018 5.5000000009 0.0000000001
0.7440000000 1.0000000009 1.0000000000 2.0000000000 5.4999999955 1.0000000009 1.0000000009 5.5000000004 0.0000000002
0.7450000000 1.0000000004 1.0000000000 2.0000000000 5.4999999978 1.0000000004 1.0000000004 5.5000000002 0.0000000005
0.7460000000 1.0000000002 1.0000000000 2.0000000000 5.4999999989 1.0000000002 1.0000000002 5.5000000001 0.0000000003
0.7470000000 1.0000000001 1.0000000000 2.0000000000 5.4999999995 1.0000000001 1.0000000001 5.5000000001 0.0000000002
0.7480000000 1.0000000001 1.0000000000 2.0000000000 5.4999999997 1.0000000001 1.0000000001 5.5000000000 0.0000000002
0.7490000000 1.0000000000 1.0000000000 2.0000000000 5.4999999999 1.0000000000 1.0000000000 5.5000000000 0.0000000000
0.7500000000 1.0000000000 1.0000000000 2.0000000000 5.4999999999 1.0000000000 1.0000000000 5.5000000000 0.0000000001
0.7510000000 1.0000000000 1.0000000000 2.0000000000 5.5000000000 1.0000000000 1.0000000000 5.5000000000 0.0000000004
0.7520000000 1.0000000000 1.0000000000 2.0000000000 5.5000000000 1.0000000000 1.0000000000 5.5000000000 0.0000000006
0.7530000000 1.0000000000 1.0000000000 2.0000000000 5.5000000000 1.0000000000 1.0000000000 5.5000000000 0.0000000003
0.7540000000 1.0000000000 1.0000000000 2.0000000000 5.5000000000 1.0000000000 1.0000000000 5.5000000000 0.0000000000
0.7550000000 1.0000000000 1.0000000000 2.0000000000 5.5000000000 1.0000000000 1.0000000000 5.5000000000 0.0000000002
0.7560000000 1.0000000000 1.0000000000 2.0000000000 5.5000000000 1.0000000000 1.0000000000 5.5000000000 0.0000000001
0.7570000000 1.0000000000 1.0000000000 2.0000000000 5.5000000000 1.0000000000 1.0000000000 5.5000000000 0.0000000002
0.7580000000 1.0000000000 1.0000000000 2.0000000000 5.5000000000 1.0000000000 1.0000000000 5.5000000000 0.0000000001
0.7590000000 1.0000000000 1.0000000000 2.0000000000 5.5000000000 1.0000000000 1.0000000000 5.5000000000 0.0000000001
0.7600000000 1.0000000000 1.0000000000 2.0000000000 5.5000000000 1.0000000000 1.0000000000 5.5000000000 0.0000000001
0.7610000000 1.0000000000 1.0000000000 2.0000000000 5.5000000000 1.0000000000 1.0000000000 5.5000000000 0.0000000006
0.7620000000 1.0000000000 1.0000000000 2.0000000000 5.5000000000 1.0000000000 1.0000000000 5.5000000000 0.0000000005
0.7630000000 1.0000000000 1.0000000000 2.0000000000 5.5000000000 1.0000000000 1.0000000000 5.5000000000 0.0000000005
0.7640000000 1.0000000000 1.0000000000 2.0000000000 5.5000000000 1.0000000000 1.0000000000 5.5000000000 0.0000000005
0.7650000000 1.0000000000 1.0000000000 2.0000000000 5.5000000000 1.0000000000 1.0000000000 5.5000000000 0.0000000004
0.7660000000 1.0000000000 1.0000000000 2.0000000000 5.5000000000 1.0000000000 1.0000000000 5.5000000000 0.0000000003
0.7670000000 1.0000000000 1.0000000000 2.0000000000 5.5000000000 1.0000000000 1.0000000000 5.5000000000 0.0000000001
0.7680000000 1.0000000000 1.0000000000 2.0000000000 5.5000000000 1.0000000000 1.0000000000 5.5000000000 0.0000000004
0.7690000000 1.0000000000 1.0000000000 2.0000000000 5.5000000000 1.0000000000 1.0000000000 5.5000000000 0.0000000008
0.7700000000 1.0000000000 1.0000000000 2.0000000000 5.5000000000 1.0000000000 1.0000000000 5.5000000000 0.0000000003
0.7710000000 1.0000000000 1.0000000000 2.0000000000 5.5000000000 1.0000000000 1.0000000000 5.5000000000 0.0000000003
0.7720000000 1.0000000000 1.0000000000 2.0000000000 5.5000000000 1.0000000000 1.0000000000 5.5000000000 0.0000000005
0.7730000000 1.0000000000 1.0000000000 2.0000000000 5.5000000000 1.0000000000 1.0000000000 5.5000000000 0.0000000004
0.7740000000 1.0000000000 1.0000000000 2.0000000000 5.5000000000 1.0000000000 1.0000000000 5.5000000000 0.0000000007
0.7750000000 1.0000000000 1.0000000000 2.0000000000 5.5000000000 1.0000000000 1.0000000000 5.5000000000 0.0000000007
0.7760000000 1.0000000000 1.0000000000 2.0000000000 5.5000000000 1.0000000000 1.0000000000 5.5000000000 0.0000000001
0.7770000000 1.0000000000 1.0000000000 2.0000000000 5.5000000000 1.0000000000 1.0000000000 5.5000000000 0.0000000002
0.7780000000 1.0000000000 1.0000000000 2.0000000000 5.5000000000 1.0000000000 1.0000000000 5.5000000000 0.0000000007
0.7790000000 1.0000000000 1.0000000000 2.0000000000 5.5000000000 1.0000000000 1.0000000000 5.5000000000 0.0000000006
0.7800000000 1.0000000000 1.0000000000 2.0000000000 5.5000000000 1.0000000000 1.0000000000 5.5000000000 0.0000000001
0.7810000000 1.0000000000 1.0000000000 2.0000000000 5.5000000000 1.0000000000 1.0000000000 5.5000000000 0.0000000001
0.7820000000 1.0000000000 1.0000000000 2.0000000000 5.5000000000 1.0000000000 1.0000000000 5.5000000000 0.0000000003
0.7830000000 1.0000000000 1.0000000000 2.0000000000 5.5000000000 1.0000000000 1.0000000000 5.5000000000 0.0000000005
0.7840000000 1.0000000000 1.0000000000 2.0000000000 5.5000000000 1.0000000000 1.0000000000 5.5000000000 0.0000000001
0.7850000000 1.0000000000 1.0000000000 2.0000000000 5.5000000000 1.0000000000 1.0000000000 5.5000000000 0.0000000001
0.7860000000 1.0000000000 1.0000000000 2.0000000000 5.5000000000 1.0000000000 1.0000000000 5.5000000000 0.0000000001
0.7870000000 1.0000000000 1.0000000000 2.0000000000 5.5000000000 1.0000000000 1.0000000000 5.5000000000 0.0000000004
0.7880000000 1.0000000000 1.0000000000 2.0000000000 5.5000000000 1.0000000000 1.0000000000 5.5000000000 0.0000000002
0.7890000000 1.0000000000 1.0000000000 2.0000000000 5.5000000000 1.0000000000 1.0000000000 5.5000000000 0.0000000004
0.7900000000 1.0000000000 1.0000000000 2.0000000000 5.5000000000 1.0000000000 1.0000000000 5.5000000000 0.0000000005
0.7910000000 1.0000000000 1.0000000000 2.0000000000 5.5000000000 1.0000000000 1.0000000000 5.5000000000 0.0000000001
0.7920000000 1.0000000000 1.0000000000 2.0000000000 5.5000000000 1.0000000000 1.0000000000 5.5000000000 0.0000000006
0.7930000000 1.0000000000 1.0000000000 2.0000000000 5.5000000000 1.0000000000 1.0000000000 5.5000000000 0.0000000001
0.7940000000 1.0000000000 1.0000000000 2.0000000000 5.5000000000 1.0000000000 1.0000000000 5.5000000000 0.0000000000
0.7950000000 1.0000000000 1.0000000000 2.0000000000 5.5000000000 1.0000000000 1.0000000000 5.5000000000 0.0000000004
0.7960000000 1.0000000000 1.0000000000 2.0000000000 5.5000000000 1.0000000000 1.0000000000 5.5000000000 0.0000000009
0.7970000000 1.0000000000 1.0000000000 2.0000000000 5.5000000000 1.0000000000 1.0000000000 5.5000000000 0.0000000000
0.7980000000 1.0000000000 1.0000000000 2.0000000000 5.5000000000 1.0000000000 1.0000000000 5.5000000000 0.0000000002
0.7990000000 1.0000000000 1.0000000000 2.0000000000 5.5000000000 1.0000000000 1.0000000000 5.5000000000 0.0000000000
0.8000000000 1.0000000000 1.0000000000 2.0000000000 5.5000000000 1.0000000000 1.0000000000 5.5000000000 0.0000000001
0.8010000000 1.0000000000 1.0000000000 2.0000000000 5.5000000000 1.0000000000 1.0000000000 5.5000000000 0.0000000004
0.8020000000 1.0000000000 1.0000000000 2.0000000000 5.5000000000 1.0000000000 1.0000000000 5.5000000000 0.0000000003
0.8030000000 1.0000000000 1.0000000000 2.0000000000 5.5000000000 1.0000000000 1.0000000000 5.5000000000 0.0000000001
0.8040000000 1.0000000000 1.0000000000 2.0000000000 5.5000000000 1.0000000000 1.0000000000 5.5000000000 0.0000000001
0.8050000000 1.0000000000 1.0000000000 2.0000000000 5.5000000000 1.0000000000 1.0000000000 5.5000000000 0.0000000004
0.8060000000 1.0000000000 1.0000000000 2.0000000000 5.5000000000 1.0000000000 1.0000000000 5.5000000000 0.0000000006
0.8070000000 1.0000000000 1.0000000000 2.0000000000 5.5000000000 1.0000000000 1.0000000000 5.5000000000 0.0000000004
0.8080000000 1.0000000000 1.0000000000 2.0000000000 5.5000000000 1.0000000000 1.0000000000 5.5000000000 0.0000000002
0.8090000000 1.0000000000 1.0000000000 2.0000000000 5.5000000000 1.0000000000 1.0000000000 5.5000000000 0.0000000002
0.8100000000 1.0000000000 1.0000000000 2.0000000000 5.5000000000 1.0000000000 1.0000000000 5.5000000000 0.0000000002
0.8110000000 1.0000000000 1.0000000000 2.0000000000 5.5000000000 1.0000000000 1.0000000000 5.5000000000 0.0000000004
0.8120000000 1.0000000000 1.0000000000 2.0000000000 5.5000000000 1.0000000000 1.0000000000 5.5000000000 0.0000000002
0.8130000000 1.0000000000 1.0000000000 2.0000000000 5.5000000000 1.0000000000 1.0000000000 5.5000000000 0.0000000001
0.8140000000 1.0000000000 1.0000000000 2.0000000000 5.5000000000 1.0000000000 1.0000000000 5.5000000000 0.0000000004
0.8150000000 1.0000000000 1.0000000000 2.0000000000 5.5000000000 1.0000000000 1.0000000000 5.5000000000 0.0000000007
0.8160000000 1.0000000000 1.0000000000 2.0000000000 5.5000000000 1.0000000000 1.0000000000 5.5000000000 0.0000000001
0.8170000000 1.0000000000 1.0000000000 2.0000000000 5.5000000000 1.0000000000 1.0000000000 5.5000000000 0.0000000007
0.8180000000 1.0000000000 1.0000000000 2.0000000000 5.5000000000 1.0000000000 1.0000000000 5.5000000000 0.0000000000
0.8190000000 1.0000000000 1.0000000000 2.0000000000 5.5000000000 1.0000000000 1.0000000000 5.5000000000 0.0000000001
0.8200000000 1.0000000000 1.0000000000 2.0000000000 5.5000000000 1.0000000000 1.0000000000 5.5000000000 0.0000000004
0.8210000000 1.0000000000 1.0000000000 2.0000000000 5.5000000000 1.0000000000 1.0000000000 5.5000000000 0.0000000005
0.8220000000 1.0000000000 1.0000000000 2.0000000000 5.5000000000 1.0000000000 1.0000000000 5.5000000000 0.0000000002
0.8230000000 1.0000000000 1.0000000000 2.0000000000 5.5000000000 1.0000000000 1.0000000000 5.5000000000 0.0000000006
0.8240000000 1.0000000000 1.0000000000 2.0000000000 5.5000000000 1.0000000000 1.0000000000 5.5000000000 0.0000000003
0.8250000000 1.0000000000 1.0000000000 2.0000000000 5.5000000000 1.0000000000 1.0000000000 5.5000000000 0.0000000001
0.8260000000 1.0000000000 1.0000000000 2.0000000000 5.5000000000 1.0000000000 1.0000000000 5.5000000000 0.0000000002
0.8270000000 1.0000000000 1.0000000000 2.0000000000 5.5000000000 1.0000000000 1.0000000000 5.5000000000 0.0000000002
0.8280000000 1.0000000000 1.0000000000 2.0000000000 5.5000000000 1.0000000000 1.0000000000 5.5000000000 0.0000000002
0.8290000000 1.0000000000 1.0000000000 2.0000000000 5.5000000000 1.0000000000 1.0000000000 5.5000000000 0.0000000003
0.8300000000 1.0000000000 1.0000000000 2.0000000000 5.5000000000 1.0000000000 1.0000000000 5.5000000000 0.0000000005
0.8310000000 1.0000000000 1.0000000000 2.0000000000 5.5000000000 1.0000000000 1.0000000000 5.5000000000 0.0000000003
0.8320000000 1.0000000000 1.0000000000 2.0000000000 5.5000000000 1.0000000000 1.0000000000 5.5000000000 0.0000000004
0.8330000000 1.0000000000 1.0000000000 2.0000000000 5.5000000000 1.0000000000 1.0000000000 5.5000000000 0.0000000001
0.8340000000 1.0000000000 1.0000000000 2.0000000000 5.5000000000 1.0000000000 1.0000000000 5.5000000000 0.0000000000
0.8350000000 1.0000000000 1.0000000000 2.0000000000 5.5000000000 1.0000000000 1.0000000000 5.5000000000 0.0000000002
0.8360000000 1.0000000000 1.0000000000 2.0000000000 5.5000000000 1.0000000000 1.0000000000 5.5000000000 0.0000000001
0.8370000000 1.0000000000 1.0000000000 2.0000000000 5.5000000000 1.0000000000 1.0000000000 5.5000000000 0.0000000000
0.8380000000 1.0000000000 1.0000000000 2.0000000000 5.5000000000 1.0000000000 1.0000000000 5.5000000000 0.0000000002
0.8390000000 1.0000000000 1.0000000000 2.0000000000 5.5000000000 1.0000000000 1.0000000000 5.5000000000 0.0000000001
0.8400000000 1.0000000000 1.0000000000 2.0000000000 5.5000000000 1.0000000000 1.0000000000 5.5000000000 0.0000000004
0.8410000000 1.0000000000 1.0000000000 2.0000000000 5.5000000000 1.0000000000 1.0000000000 5.5000000000 0.0000000002
0.8420000000 1.0000000000 1.0000000000 2.0000000000 5.5000000000 1.0000000000 1.0000000000 5.5000000000 0.0000000001
0.8430000000 1.0000000000 1.0000000000 2.0000000000 5.5000000000 1.0000000000 1.0000000000 5.5000000000 0.0000000000
0.8440000000 1.0000000000 1.0000000000 2.0000000000 5.5000000000 1.0000000000 1.0000000000 5.5000000000 0.0000000003
0.8450000000 1.0000000000 1.0000000000 2.0000000000 5.5000000000 1.0000000000 1.0000000000 5.5000000000 0.0000000001
0.8460000000 1.0000000000 1.0000000000 2.0000000000 5.5000000000 1.0000000000 1.0000000000 5.5000000000 0.0000000001
0.8470000000 1.0000000000 1.0000000000 2.0000000000 5.5000000000 1.0000000000 1.0000000000 5.5000000000 0.0000000000
0.8480000000 1.0000000000 1.0000000000 2.0000000000 5.5000000000 1.0000000000 1.0000000000 5.5000000000 0.0000000001
0.8490000000 1.0000000000 1.0000000000 2.0000000000 5.5000000000 1.0000000000 1.0000000000 5.5000000000 0.0000000003
0.8500000000 1.0000000000 1.0000000000 2.0000000000 5.5000000000 1.0000000000 1.0000000000 5.5000000000 0.0000000005
0.8510000000 1.0000000000 1.0000000000 2.0000000000 5.5000000000 1.0000000000 1.0000000000 5.5000000000 0.0000000002
0.8520000000 1.0000000000 1.0000000000 2.0000000000 5.5000000000 1.0000000000 1.0000000000 5.5000000000 0.0000000004
0.8530000000 1.0000000000 1.0000000000 2.0000000000 5.5000000000 1.0000000000 1.0000000000 5.5000000000 0.0000000000
0.8540000000 1.0000000000 1.0000000000 2.0000000000 5.5000000000 1.0000000000 1.0000000000 5.5000000000 0.0000000001
0.8550000000 1.0000000000 1.0000000000 2.0000000000 5.5000000000 1.0000000000 1.0000000000 5.5000000000 0.0000000000
0.8560000000 1.0000000000 1.0000000000 2.0000000000 5.5000000000 1.0000000000 1.0000000000 5.5000000000 0.0000000000
0.8570000000 1.0000000000 1.0000000000 2.0000000000 5.5000000000 1.0000000000 1.0000000000 5.5000000000 0.0000000001
0.8580000000 1.0000000000 1.0000000000 2.0000000000 5.5000000000 1.0000000000 1.0000000000 5.5000000000 0.0000000002
0.8590000000 1.0000000000 1.0000000000 2.0000000000 5.5000000000 1.0000000000 1.0000000000 5.5000000000 0.0000000002
0.8600000000 1.0000000000 1.0000000000 2.0000000000 5.5000000000 1.0000000000 1.0000000000 5.5000000000 0.0000000000
0.8610000000 1.0000000000 1.0000000000 2.0000000000 5.5000000000 1.0000000000 1.0000000000 5.5000000000 0.0000000000
0.8620000000 1.0000000000 1.0000000000 2.0000000000 5.5000000000 1.0000000000 1.0000000000 5.5000000000 0.0000000001
0.8630000000 1.0000000000 1.0000000000 2.0000000000 5.5000000000 1.0000000000 1.0000000000 5.5000000000 0.0000000001
0.8640000000 1.0000000000 1.0000000000 2.0000000000 5.5000000000 1.0000000000 1.0000000000 5.5000000000 0.0000000000
0.8650000000 1.0000000000 1.0000000000 2.0000000000 5.5000000000 1.0000000000 1.0000000000 5.5000000000 0.0000000001
0.8660000000 1.0000000000 1.0000000000 2.0000000000 5.5000000000 1.0000000000 1.0000000000 5.5000000000 0.0000000001
0.8670000000 1.0000000000 1.0000000000 2.0000000000 5.5000000000 1.0000000000 1.0000000000 5.5000000000 0.0000000000
0.8680000000 1.0000000000 1.0000000000 2.0000000000 5.5000000000 1.0000000000 1.0000000000 5.5000000000 0.0000000002
0.8690000000 1.0000000000 1.0000000000 2.0000000000 5.5000000000 1.0000000000 1.0000000000 5.5000000000 0.0000000002
0.8700000000 1.0000000000 1.0000000000 2.0000000000 5.5000000000 1.0000000000 1.0000000000 5.5000000000 0.0000000000
0.8710000000 1.0000000000 1.0000000000 2.0000000000 5.5000000000 1.0000000000 1.0000000000 5.5000000000 0.0000000001
0.8720000000 1.0000000000 1.0000000000 2.0000000000 5.5000000000 1.0000000000 1.0000000000 5.5000000000 0.0000000002
0.8730000000 1.0000000000 1.0000000000 2.0000000000 5.5000000000 1.0000000000 1.0000000000 5.5000000000 0.0000000000
0.8740000000 1.0000000000 1.0000000000 2.0000000000 5.5000000000 1.0000000000 1.0000000000 5.5000000000 0.0000000001
0.8750000000 1.0000000000 1.0000000000 2.0000000000 5.5000000000 1.0000000000 1.0000000000 5.5000000000 0.0000000001
0.8760000000 1.0000000000 1.0000000000 2.0000000000 5.5000000000 1.0000000000 1.0000000000 5.5000000000 0.0000000000
0.8770000000 1.0000000000 1.0000000000 2.0000000000 5.5000000000 1.0000000000 1.0000000000 5.5000000000 0.0000000000
0.8780000000 1.0000000000 1.0000000000 2.0000000000 5.5000000000 1.0000000000 1.0000000000 5.5000000000 0.0000000002
0.8790000000 1.0000000000 1.0000000000 2.0000000000 5.5000000000 1.0000000000 1.0000000000 5.5000000000 0.0000000001
0.8800000000 1.0000000000 1.0000000000 2.0000000000 5.5000000000 1.0000000000 1.0000000000 5.5000000000 0.0000000001
0.8810000000 1.0000000000 1.0000000000 2.0000000000 5.5000000000 1.0000000000 1.0000000000 5.5000000000 0.0000000002
0.8820000000 1.0000000000 1.0000000000 2.0000000000 5.5000000000 1.0000000000 1.0000000000 5.5000000000 0.0000000001
0.8830000000 1.0000000000 1.0000000000 2.0000000000 5.5000000000 1.0000000000 1.0000000000 5.5000000000 0.0000000001
0.8840000000 1.0000000000 1.0000000000 2.0000000000 5.5000000000 1.0000000000 1.0000000000 5.5000000000 0.0000000001
0.8850000000 1.0000000000 1.0000000000 2.0000000000 5.5000000000 1.0000000000 1.0000000000 5.5000000000 0.0000000000
0.8860000000 1.0000000000 1.0000000000 2.0000000000 5.5000000000 1.0000000000 1.0000000000 5.5000000000 0.0000000000
0.8870000000 1.0000000000 1.0000000000 2.0000000000 5.5000000000 1.0000000000 1.0000000000 5.5000000000 0.0000000001
0.8880000000 1.0000000000 1.0000000000 2.0000000000 5.5000000000 1.0000000000 1.0000000000 5.5000000000 0.0000000000
0.8890000000 1.0000000000 1.0000000000 2.0000000000 5.5000000000 1.0000000000 1.0000000000 5.5000000000 0.0000000000
0.8900000000 1.0000000000 1.0000000000 2.0000000000 5.5000000000 1.0000000000 1.0000000000 5.5000000000 0.0000000000
0.8910000000 1.0000000000 1.0000000000 2.0000000000 5.5000000000 1.0000000000 1.0000000000 5.5000000000 0.0000000000
0.8920000000 1.0000000000 1.0000000000 2.0000000000 5.5000000000 1.0000000000 1.0000000000 5.5000000000 0.0000000000
0.8930000000 1.0000000000 1.0000000000 2.0000000000 5.5000000000 1.0000000000 1.0000000000 5.5000000000 0.0000000000
0.8940000000 1.0000000000 1.0000000000 2.0000000000 5.5000000000 1.0000000000 1.0000000000 5.5000000000 0.0000000000
0.8950000000 1.0000000000 1.0000000000 2.0000000000 5.5000000000 1.0000000000 1.0000000000 5.5000000000 0.0000000000
0.8960000000 1.0000000000 1.0000000000 2.0000000000 5.5000000000 1.0000000000 1.0000000000 5.5000000000 0.0000000000
0.8970000000 1.0000000000 1.0000000000 2.0000000000 5.5000000000 1.0000000000 1.0000000000 5.5000000000 0.0000000000
0.8980000000 1.0000000000 1.0000000000 2.0000000000 5.5000000000 1.0000000000 1.0000000000 5.5000000000 0.0000000000
0.8990000000 1.0000000000 1.0000000000 2.0000000000 5.5000000000 1.0000000000 1.0000000000 5.5000000000 0.0000000000
0.9000000000 1.0000000000 1.0000000000 2.0000000000 5.5000000000 1.0000000000 1.0000000000 5.5000000000 0.0000000000
0.9010000000 1.0000000000 1.0000000000 2.0000000000 5.5000000000 1.0000000000 1.0000000000 5.5000000000 0.0000000000
0.9020000000 1.0000000000 1.0000000000 2.0000000000 5.5000000000 1.0000000000 1.0000000000 5.5000000000 0.0000000000
0.9030000000 1.0000000000 1.0000000000 2.0000000000 5.5000000000 1.0000000000 1.0000000000 5.5000000000 0.0000000000
0.9040000000 1.0000000000 1.0000000000 2.0000000000 5.5000000000 1.0000000000 1.0000000000 5.5000000000 0.0000000000
0.9050000000 1.0000000000 1.0000000000 2.0000000000 5.5000000000 1.0000000000 1.0000000000 5.5000000000 0.0000000000
0.9060000000 1.0000000000 1.0000000000 2.0000000000 5.5000000000 1.0000000000 1.0000000000 5.5000000000 0.0000000000
0.9070000000 1.0000000000 1.0000000000 2.0000000000 5.5000000000 1.0000000000 1.0000000000 5.5000000000 0.0000000000
0.9080000000 1.0000000000 1.0000000000 2.0000000000 5.5000000000 1.0000000000 1.0000000000 5.5000000000 0.0000000000
0.9090000000 1.0000000000 1.0000000000 2.0000000000 5.5000000000 1.0000000000 1.0000000000 5.5000000000 0.0000000000
0.9100000000 1.0000000000 1.0000000000 2.0000000000 5.5000000000 1.0000000000 1.0000000000 5.5000000000 0.0000000000
0.9110000000 1.0000000000 1.0000000000 2.0000000000 5.5000000000 1.0000000000 1.0000000000 5.5000000000 0.0000000000
0.9120000000 1.0000000000 1.0000000000 2.0000000000 5.5000000000 1.0000000000 1.0000000000 5.5000000000 0.0000000000
0.9130000000 1.0000000000 1.0000000000 2.0000000000 5.5000000000 1.0000000000 1.0000000000 5.5000000000 0.0000000000
0.9140000000 1.0000000000 1.0000000000 2.0000000000 5.5000000000 1.0000000000 1.0000000000 5.5000000000 0.0000000000
0.9150000000 1.0000000000 1.0000000000 2.0000000000 5.5000000000 1.0000000000 1.0000000000 5.5000000000 0.0000000000
0.9160000000 1.0000000000 1.0000000000 2.0000000000 5.5000000000 1.0000000000 1.0000000000 5.5000000000 0.0000000000
0.9170000000 1.0000000000 1.0000000000 2.0000000000 5.5000000000 1.0000000000 1.0000000000 5.5000000000 0.0000000000
0.9180000000 1.0000000000 1.0000000000 2.0000000000 5.5000000000 1.0000000000 1.0000000000 5.5000000000 0.0000000000
0.9190000000 1.0000000000 1.0000000000 2.0000000000 5.5000000000 1.0000000000 1.0000000000 5.5000000000 0.0000000000
0.9200000000 1.0000000000 1.0000000000 2.0000000000 5.5000000000 1.0000000000 1.0000000000 5.5000000000 0.0000000000
0.9210000000 1.0000000000 1.0000000000 2.0000000000 5.5000000000 1.0000000000 1.0000000000 5.5000000000 0.0000000000
0.9220000000 1.0000000000 1.0000000000 2.0000000000 5.5000000000 1.0000000000 1.0000000000 5.5000000000 0.0000000001
0.9230000000 1.0000000000 1.0000000000 2.0000000000 5.5000000000 1.0000000000 1.0000000000 5.5000000000 0.0000000001
0.9240000000 1.0000000000 1.0000000000 2.0000000000 5.5000000000 1.0000000000 1.0000000000 5.5000000000 0.0000000000
0.9250000000 1.0000000000 1.0000000000 2.0000000000 5.5000000000 1.0000000000 1.0000000000 5.5000000000 0.0000000000
0.9260000000 1.0000000000 1.0000000000 2.0000000000 5.5000000000 1.0000000000 1.0000000000 5.5000000000 0.0000000001
0.9270000000 1.0000000000 1.0000000000 2.0000000000 5.5000000000 1.0000000000 1.0000000000 5.5000000000 0.0000000001
0.9280000000 1.0000000000 1.0000000000 2.0000000000 5.5000000000 1.0000000000 1.0000000000 5.5000000000 0.0000000001
0.9290000000 1.0000000000 1.0000000000 2.0000000000 5.5000000000 1.0000000000 1.0000000000 5.5000000000 0.0000000001
0.9300000000 1.0000000000 1.0000000000 2.0000000000 5.5000000000 1.0000000000 1.0000000000 5.5000000000 0.0000000002
0.9310000000 1.0000000000 1.0000000000 2.0000000000 5.5000000000 1.0000000000 1.0000000000 5.5000000000 0.0000000000
0.9320000000 1.0000000000 1.0000000000 2.0000000000 5.5000000000 1.0000000000 1.0000000000 5.5000000000 0.0000000001
0.9330000000 1.0000000000 1.0000000000 2.0000000000 5.5000000000 1.0000000000 1.0000000000 5.5000000000 0.0000000001
0.9340000000 1.0000000000 1.0000000000 2.0000000000 5.5000000000 1.0000000000 1.0000000000 5.5000000000 0.0000000001
0.9350000000 1.0000000000 1.0000000000 2.0000000000 5.5000000000 1.0000000000 1.0000000000 5.5000000000 0.0000000000
0.9360000000 1.0000000000 1.0000000000 2.0000000000 5.5000000000 1.0000000000 1.0000000000 5.5000000000 0.0000000000
0.9370000000 1.0000000000 1.0000000000 2.0000000000 5.5000000000 1.0000000000 1.0000000000 5.5000000000 0.0000000000
0.9380000000 1.0000000000 1.0000000000 2.0000000000 5.5000000000 1.0000000000 1.0000000000 5.5000000000 0.0000000000
0.9390000000 1.0000000000 1.0000000000 2.0000000000 5.5000000000 1.0000000000 1.0000000000 5.5000000000 0.0000000001
0.9400000000 1.0000000000 1.0000000000 2.0000000000 5.5000000000 1.0000000000 1.0000000000 5.5000000000 0.0000000002
0.9410000000 1.0000000000 1.0000000000 2.0000000000 5.5000000000 1.0000000000 1.0000000000 5.5000000000 0.0000000001
0.9420000000 1.0000000000 1.0000000000 2.0000000000 5.5000000000 1.0000000000 1.0000000000 5.5000000000 0.0000000000
0.9430000000 1.0000000000 1.0000000000 2.0000000000 5.5000000000 1.0000000000 1.0000000000 5.5000000000 0.0000000000
0.9440000000 1.0000000000 1.0000000000 2.0000000000 5.5000000000 1.0000000000 1.0000000000 5.5000000000 0.0000000000
0.9450000000 1.0000000000 1.0000000000 2.0000000000 5.5000000000 1.0000000000 1.0000000000 5.5000000000 0.0000000000
0.9460000000 1.0000000000 1.0000000000 2.0000000000 5.5000000000 1.0000000000 1.0000000000 5.5000000000 0.0000000000
0.9470000000 1.0000000000 1.0000000000 2.0000000000 5.5000000000 1.0000000000 1.0000000000 5.5000000000 0.0000000000
0.9480000000 1.0000000000 1.0000000000 2.0000000000 5.5000000000 1.0000000000 1.0000000000 5.5000000000 0.0000000000
0.9490000000 1.0000000000 1.0000000000 2.0000000000 5.5000000000 1.0000000000 1.0000000000 5.5000000000 0.0000000001
0.9500000000 1.0000000000 1.0000000000 2.0000000000 5.5000000000 1.0000000000 1.0000000000 5.5000000000 0.0000000002
0.9510000000 1.0000000000 1.0000000000 2.0000000000 5.5000000000 1.0000000000 1.0000000000 5.5000000000 0.0000000000
0.9520000000 1.0000000000 1.0000000000 2.0000000000 5.5000000000 1.0000000000 1.0000000000 5.5000000000 0.0000000000
0.9530000000 1.0000000000 1.0000000000 2.0000000000 5.5000000000 1.0000000000 1.0000000000 5.5000000000 0.0000000001
0.9540000000 1.0000000000 1.0000000000 2.0000000000 5.5000000000 1.0000000000 1.0000000000 5.5000000000 0.0000000000
0.9550000000 1.0000000000 1.0000000000 2.0000000000 5.5000000000 1.0000000000 1.0000000000 5.5000000000 0.0000000000
0.9560000000 1.0000000000 1.0000000000 2.0000000000 5.5000000000 1.0000000000 1.0000000000 5.5000000000 0.0000000000
0.9570000000 1.0000000000 1.0000000000 2.0000000000 5.5000000000 1.0000000000 1.0000000000 5.5000000000 0.0000000001
0.9580000000 1.0000000000 1.0000000000 2.0000000000 5.5000000000 1.0000000000 1.0000000000 5.5000000000 0.0000000001
0.9590000000 1.0000000000 1.0000000000 2.0000000000 5.5000000000 1.0000000000 1.0000000000 5.5000000000 0.0000000000
0.9600000000 1.0000000000 1.0000000000 2.0000000000 5.5000000000 1.0000000000 1.0000000000 5.5000000000 0.0000000000
0.9610000000 1.0000000000 1.0000000000 2.0000000000 5.5000000000 1.0000000000 1.0000000000 5.5000000000 0.0000000000
0.9620000000 1.0000000000 1.0000000000 2.0000000000 5.5000000000 1.0000000000 1.0000000000 5.5000000000 0.0000000000
0.9630000000 1.0000000000 1.0000000000 2.0000000000 5.5000000000 1.0000000000 1.0000000000 5.5000000000 0.0000000001
0.9640000000 1.0000000000 1.0000000000 2.0000000000 5.5000000000 1.0000000000 1.0000000000 5.5000000000 0.0000000001
0.9650000000 1.0000000000 1.0000000000 2.0000000000 5.5000000000 1.0000000000 1.0000000000 5.5000000000 0.0000000000
0.9660000000 1.0000000000 1.0000000000 2.0000000000 5.5000000000 1.0000000000 1.0000000000 5.5000000000 0.0000000000
0.9670000000 1.0000000000 1.0000000000 2.0000000000 5.5000000000 1.0000000000 1.0000000000 5.5000000000 0.0000000000
0.9680000000 1.0000000000 1.0000000000 2.0000000000 5.5000000000 1.0000000000 1.0000000000 5.5000000000 0.0000000001
0.9690000000 1.0000000000 1.0000000000 2.0000000000 5.5000000000 1.0000000000 1.0000000000 5.5000000000 0.0000000001
0.9700000000 1.0000000000 1.0000000000 2.0000000000 5.5000000000 1.0000000000 1.0000000000 5.5000000000 0.0000000000
0.9710000000 1.0000000000 1.0000000000 2.0000000000 5.5000000000 1.0000000000 1.0000000000 5.5000000000 0.0000000000
0.9720000000 1.0000000000 1.0000000000 2.0000000000 5.5000000000 1.0000000000 1.0000000000 5.5000000000 0.0000000000
0.9730000000 1.0000000000 1.0000000000 2.0000000000 5.5000000000 1.0000000000 1.0000000000 5.5000000000 0.0000000002
0.9740000000 1.0000000000 1.0000000000 2.0000000000 5.5000000000 1.0000000000 1.0000000000 5.5000000000 0.0000000001
0.9750000000 1.0000000000 1.0000000000 2.0000000000 5.5000000000 1.0000000000 1.0000000000 5.5000000000 0.0000000001
0.9760000000 1.0000000000 1.0000000000 2.0000000000 5.5000000000 1.0000000000 1.0000000000 5.5000000000 0.0000000000
0.9770000000 1.0000000000 1.0000000000 2.0000000000 5.5000000000 1.0000000000 1.0000000000 5.5000000000 0.0000000000
0.9780000000 1.0000000000 1.0000000000 2.0000000000 5.5000000000 1.0000000000 1.0000000000 5.5000000000 0.0000000001
0.9790000000 1.0000000000 1.0000000000 2.0000000000 5.5000000000 1.0000000000 1.0000000000 5.5000000000 0.0000000000
0.9800000000 1.0000000000 1.0000000000 2.0000000000 5.5000000000 1.0000000000 1.0000000000 5.5000000000 0.0000000000
0.9810000000 1.0000000000 1.0000000000 2.0000000000 5.5000000000 1.0000000000 1.0000000000 5.5000000000 0.0000000000
0.9820000000 1.0000000000 1.0000000000 2.0000000000 5.5000000000 1.0000000000 1.0000000000 5.5000000000 0.0000000001
0.9830000000 1.0000000000 1.0000000000 2.0000000000 5.5000000000 1.0000000000 1.0000000000 5.5000000000 0.0000000000
0.9840000000 1.0000000000 1.0000000000 2.0000000000 5.5000000000 1.0000000000 1.0000000000 5.5000000000 0.0000000000
0.9850000000 1.0000000000 1.0000000000 2.0000000000 5.5000000000 1.0000000000 1.0000000000 5.5000000000 0.0000000000
0.9860000000 1.0000000000 1.0000000000 2.0000000000 5.5000000000 1.0000000000 1.0000000000 5.5000000000 0.0000000000
0.9870000000 1.0000000000 1.0000000000 2.0000000000 5.5000000000 1.0000000000 1.0000000000 5.5000000000 0.0000000000
0.9880000000 1.0000000000 1.0000000000 2.0000000000 5.5000000000 1.0000000000 1.0000000000 5.5000000000 0.0000000000
0.9890000000 1.0000000000 1.0000000000 2.0000000000 5.5000000000 1.0000000000 1.0000000000 5.5000000000 0.0000000000
0.9900000000 1.0000000000 1.0000000000 2.0000000000 5.5000000000 1.0000000000 1.0000000000 5.5000000000 0.0000000000
0.9910000000 1.0000000000 1.0000000000 2.0000000000 5.5000000000 1.0000000000 1.0000000000 5.5000000000 0.0000000000
0.9920000000 1.0000000000 1.0000000000 2.0000000000 5.5000000000 1.0000000000 1.0000000000 5.5000000000 0.0000000000
0.9930000000 1.0000000000 1.0000000000 2.0000000000 5.5000000000 1.0000000000 1.0000000000 5.5000000000 0.0000000000
0.9940000000 1.0000000000 1.0000000000 2.0000000000 5.5000000000 1.0000000000 1.0000000000 5.5000000000 0.0000000000
0.9950000000 1.0000000000 1.0000000000 2.0000000000 5.5000000000 1.0000000000 1.0000000000 5.5000000000 0.0000000000
0.9960000000 1.0000000000 1.0000000000 2.0000000000 5.5000000000 1.0000000000 1.0000000000 5.5000000000 0.0000000000
0.9970000000 1.0000000000 1.0000000000 2.0000000000 5.5000000000 1.0000000000 1.0000000000 5.5000000000 0.0000000000
0.9980000000 1.0000000000 1.0000000000 2.0000000000 5.5000000000 1.0000000000 1.0000000000 5.5000000000 0.0000000000
0.9990000000 1.0000000000 1.0000000000 2.0000000000 5.5000000000 1.0000000000 1.0000000000 5.5000000000 0.0000000000
1.0000000000 1.0000000000 1.0000000000 2.0000000000 5.5000000000 1.0000000000 1.0000000000 5.5000000000 0.0000000000
