TITLE = "1D Euler Filtered MacCormack Result"
VARIABLES = "x", "rho", "u", "p", "E", "rho_conserved", "rhou", "rhoE", "nu"
ZONE T="t=0.16000000", I=1001, F=POINT
0.0000000000 0.4450000000 0.6980000000 3.5280000000 20.0638267191 0.4450000000 0.3106100000 8.9284028900 0.0000000000
0.0010000000 0.4450000000 0.6980000000 3.5280000000 20.0638267191 0.4450000000 0.3106100000 8.9284028900 0.0000000000
0.0020000000 0.4450000000 0.6980000000 3.5280000000 20.0638267191 0.4450000000 0.3106100000 8.9284028900 0.0000000000
0.0030000000 0.4450000000 0.6980000000 3.5280000000 20.0638267191 0.4450000000 0.3106100000 8.9284028900 0.0000000000
0.0040000000 0.4450000000 0.6980000000 3.5280000000 20.0638267191 0.4450000000 0.3106100000 8.9284028900 0.0000000000
0.0050000000 0.4450000000 0.6980000000 3.5280000000 20.0638267191 0.4450000000 0.3106100000 8.9284028900 0.0000000000
0.0060000000 0.4450000000 0.6980000000 3.5280000000 20.0638267191 0.4450000000 0.3106100000 8.9284028900 0.0000000000
0.0070000000 0.4450000000 0.6980000000 3.5280000000 20.0638267191 0.4450000000 0.3106100000 8.9284028900 0.0000000000
0.0080000000 0.4450000000 0.6980000000 3.5280000000 20.0638267191 0.4450000000 0.3106100000 8.9284028900 0.0000000000
0.0090000000 0.4450000000 0.6980000000 3.5280000000 20.0638267191 0.4450000000 0.3106100000 8.9284028900 0.0000000000
0.0100000000 0.4450000000 0.6980000000 3.5280000000 20.0638267191 0.4450000000 0.3106100000 8.9284028900 0.0000000000
0.0110000000 0.4450000000 0.6980000000 3.5280000000 20.0638267191 0.4450000000 0.3106100000 8.9284028900 0.0000000000
0.0120000000 0.4450000000 0.6980000000 3.5280000000 20.0638267191 0.4450000000 0.3106100000 8.9284028900 0.0000000000
0.0130000000 0.4450000000 0.6980000000 3.5280000000 20.0638267191 0.4450000000 0.3106100000 8.9284028900 0.0000000000
0.0140000000 0.4450000000 0.6980000000 3.5280000000 20.0638267191 0.4450000000 0.3106100000 8.9284028900 0.0000000001
0.0150000000 0.4450000000 0.6980000000 3.5280000000 20.0638267191 0.4450000000 0.3106100000 8.9284028900 0.0000000001
0.0160000000 0.4450000000 0.6980000000 3.5280000000 20.0638267191 0.4450000000 0.3106100000 8.9284028900 0.0000000003
0.0170000000 0.4450000000 0.6980000000 3.5280000000 20.0638267191 0.4450000000 0.3106100000 8.9284028900 0.0000000005
0.0180000000 0.4450000000 0.6980000000 3.5280000000 20.0638267191 0.4450000000 0.3106100000 8.9284028900 0.0000000010
0.0190000000 0.4450000000 0.6980000000 3.5280000000 20.0638267191 0.4450000000 0.3106100000 8.9284028900 0.0000000019
0.0200000000 0.4450000000 0.6980000000 3.5280000000 20.0638267191 0.4450000000 0.3106100000 8.9284028900 0.0000000036
0.0210000000 0.4450000000 0.6980000000 3.5280000000 20.0638267191 0.4450000000 0.3106100000 8.9284028900 0.0000000068
0.0220000000 0.4450000000 0.6980000000 3.5280000000 20.0638267191 0.4450000000 0.3106100000 8.9284028900 0.0000000128
0.0230000000 0.4450000000 0.6980000000 3.5280000000 20.0638267191 0.4450000000 0.3106100000 8.9284028900 0.0000000238
0.0240000000 0.4450000000 0.6980000000 3.5280000000 20.0638267191 0.4450000000 0.3106100000 8.9284028900 0.0000000441
0.0250000000 0.4450000000 0.6980000000 3.5280000000 20.0638267191 0.4450000000 0.3106100000 8.9284028899 0.0000000811
0.0260000000 0.4450000000 0.6980000000 3.5279999999 20.0638267190 0.4450000000 0.3106100000 8.9284028899 0.0000001481
0.0270000000 0.4450000000 0.6980000001 3.5279999999 20.0638267190 0.4450000000 0.3106100000 8.9284028897 0.0000002684
0.0280000000 0.4450000000 0.6980000001 3.5279999998 20.0638267189 0.4450000000 0.3106100001 8.9284028895 0.0000004828
0.0290000000 0.4450000000 0.6980000003 3.5279999996 20.0638267187 0.4450000000 0.3106100001 8.9284028891 0.0000008619
0.0300000000 0.4449999999 0.6980000005 3.5279999993 20.0638267183 0.4449999999 0.3106100002 8.9284028883 0.0000015274
0.0310000000 0.4449999999 0.6980000009 3.5279999987 20.0638267176 0.4449999999 0.3106100003 8.9284028870 0.0000026857
0.0320000000 0.4449999998 0.6980000016 3.5279999977 20.0638267165 0.4449999998 0.3106100005 8.9284028847 0.0000046864
0.0330000000 0.4449999996 0.6980000028 3.5279999959 20.0638267144 0.4449999996 0.3106100010 8.9284028805 0.0000081128
0.0340000000 0.4449999993 0.6980000049 3.5279999928 20.0638267109 0.4449999993 0.3106100017 8.9284028733 0.0000139319
0.0350000000 0.4449999989 0.6980000085 3.5279999873 20.0638267047 0.4449999989 0.3106100030 8.9284028607 0.0000237281
0.0360000000 0.4449999980 0.6980000149 3.5279999780 20.0638266941 0.4449999980 0.3106100052 8.9284028391 0.0000400670
0.0370000000 0.4449999966 0.6980000256 3.5279999620 20.0638266760 0.4449999966 0.3106100090 8.9284028021 0.0000670510
0.0380000000 0.4449999941 0.6980000439 3.5279999350 20.0638266453 0.4449999941 0.3106100154 8.9284027396 0.0001111320
0.0390000000 0.4449999900 0.6980000745 3.5279998895 20.0638265938 0.4449999900 0.3106100262 8.9284026345 0.0001822536
0.0400000000 0.4449999832 0.6980001256 3.5279998138 20.0638265079 0.4449999832 0.3106100442 8.9284024595 0.0002953268
0.0410000000 0.4449999720 0.6980002099 3.5279996888 20.0638263661 0.4449999720 0.3106100738 8.9284021704 0.0004718569
0.0420000000 0.4449999535 0.6980003479 3.5279994842 20.0638261340 0.4449999535 0.3106101224 8.9284016973 0.0007411162
0.0430000000 0.4449999237 0.6980005716 3.5279991526 20.0638257579 0.4449999237 0.3106102011 8.9284009305 0.0011394764
0.0440000000 0.4449998757 0.6980009304 3.5279986207 20.0638251545 0.4449998757 0.3106103273 8.9283997005 0.0017055849
0.0450000000 0.4449997997 0.6980014994 3.5279977771 20.0638241976 0.4449997997 0.3106105274 8.9283977496 0.0024689448
0.0460000000 0.4449996806 0.6980023910 3.5279964553 20.0638226982 0.4449996806 0.3106108411 8.9283946931 0.0034322117
0.0470000000 0.4449994965 0.6980037693 3.5279944118 20.0638203802 0.4449994965 0.3106113259 8.9283899676 0.0045543848
0.0480000000 0.4449992159 0.6980058703 3.5279912970 20.0638168470 0.4449992159 0.3106120650 8.9283827648 0.0057484935
0.0490000000 0.4449987944 0.6980090260 3.5279866185 20.0638115402 0.4449987944 0.3106131750 8.9283719462 0.0069027343
0.0500000000 0.4449981706 0.6980136963 3.5279796947 20.0638036863 0.4449981706 0.3106148179 8.9283559353 0.0079160721
0.0510000000 0.4449972606 0.6980205093 3.5279695941 20.0637922290 0.4449972606 0.3106172145 8.9283325783 0.0087261250
0.0520000000 0.4449959510 0.6980303133 3.5279550594 20.0637757421 0.4449959510 0.3106206631 8.9282989678 0.0093151945
0.0530000000 0.4449940907 0.6980442412 3.5279344109 20.0637523203 0.4449940907 0.3106255624 8.9282512196 0.0096986293
0.0540000000 0.4449914794 0.6980637916 3.5279054270 20.0637194439 0.4449914794 0.3106324393 8.9281841967 0.0099081704
0.0550000000 0.4449878551 0.6980909260 3.5278652001 20.0636738149 0.4449878551 0.3106419838 8.9280911754 0.0099790586
0.0560000000 0.4449828787 0.6981281835 3.5278099663 20.0636111644 0.4449828787 0.3106550888 8.9279634522 0.0099430474
0.0570000000 0.4449761163 0.6981788129 3.5277349099 20.0635260308 0.4449761163 0.3106728966 8.9277898919 0.0098258887
0.0580000000 0.4449670197 0.6982469192 3.5276339468 20.0634115148 0.4449670197 0.3106968507 8.9275564263 0.0096472646
0.0590000000 0.4449549055 0.6983376203 3.5274994922 20.0632590159 0.4449549055 0.3107287498 8.9272455185 0.0094217164
0.0600000000 0.4449389336 0.6984572064 3.5273222253 20.0630579664 0.4449389336 0.3107708046 8.9268356173 0.0091598017
0.0610000000 0.4449180876 0.6986132928 3.5270908641 20.0627955779 0.4449180876 0.3108256902 8.9263006396 0.0088691487
0.0620000000 0.4448911563 0.6988149503 3.5267919734 20.0624566249 0.4448911563 0.3108965913 8.9256095265 0.0085553116
0.0630000000 0.4448567227 0.6990727980 3.5264098307 20.0620232954 0.4448567227 0.3109872339 8.9247259346 0.0082224248
0.0640000000 0.4448131587 0.6993990385 3.5259263771 20.0614751397 0.4448131587 0.3111018956 8.9236081260 0.0078736908
0.0650000000 0.4447586314 0.6998074158 3.5253212851 20.0607891523 0.4447586314 0.3112453885 8.9222091283 0.0075117365
0.0660000000 0.4446911217 0.7003130773 3.5245721700 20.0599400183 0.4446911217 0.3114230078 8.9204772274 0.0071388724
0.0670000000 0.4446084579 0.7009323267 3.5236549641 20.0589005476 0.4446084579 0.3116404409 8.9183568400 0.0067572764
0.0680000000 0.4445083651 0.7016822609 3.5225444665 20.0576423069 0.4445083651 0.3119036346 8.9157897899 0.0063691212
0.0690000000 0.4443885290 0.7025802940 3.5212150583 20.0561364439 0.4443885290 0.3122186233 8.9127169718 0.0059766551
0.0700000000 0.4442466731 0.7036435863 3.5196415621 20.0543546728 0.4442466731 0.3125913223 8.9090803447 0.0055822455
0.0710000000 0.4440806446 0.7048884076 3.5178001974 20.0522703694 0.4440806446 0.3130272984 8.9048251505 0.0051883905
0.0720000000 0.4438885031 0.7063294740 3.5156695726 20.0498597052 0.4438885031 0.3135315329 8.8999022128 0.0047977026
0.0730000000 0.4436686069 0.7079793110 3.5132316357 20.0471027322 0.4436686069 0.3141081946 8.8942701408 0.0044128698
0.0740000000 0.4434196870 0.7098476925 3.5104725079 20.0439843285 0.4434196870 0.3147604416 8.8878972562 0.0040365985
0.0750000000 0.4431409058 0.7119412052 3.5073831241 20.0404949209 0.4431409058 0.3154902705 8.8807630720 0.0036715428
0.0760000000 0.4428318925 0.7142629772 3.5039596249 20.0366309188 0.4428318925 0.3162984260 8.8728591900 0.0033202265
0.0770000000 0.4424927534 0.7168125938 3.5002034650 20.0323948212 0.4424927534 0.3171843783 8.8641895409 0.0029849636
0.0780000000 0.4421240559 0.7195862040 3.4961212334 20.0277949920 0.4421240559 0.3181463711 8.8547699531 0.0026677829
0.0790000000 0.4417267901 0.7225768038 3.4917242093 20.0228451328 0.4417267901 0.3191815321 8.8446271089 0.0023703626
0.0800000000 0.4413023090 0.7257746649 3.4870277011 20.0175635084 0.4413023090 0.3202860355 8.8337969977 0.0020939791
0.0810000000 0.4408522569 0.7291678665 3.4820502336 20.0119720027 0.4408522569 0.3214552996 8.8223230215 0.0018394747
0.0820000000 0.4403784888 0.7327428821 3.4768126582 20.0060950880 0.4403784888 0.3226842031 8.8102539220 0.0016072447
0.0830000000 0.4398829911 0.7364851739 3.4713372552 19.9999587930 0.4398829911 0.3239673012 8.7976416951 0.0013972462
0.0840000000 0.4393678051 0.7403797536 3.4656468928 19.9935897370 0.4393678051 0.3252990273 8.7845396388 0.0012090266
0.0850000000 0.4388349613 0.7444116773 3.4597642877 19.9870142868 0.4388349613 0.3266738696 8.7710006410 0.0010417693
0.0860000000 0.4382864243 0.7485664544 3.4537113997 19.9802578693 0.4382864243 0.3280865147 8.7570757788 0.0008943530
0.0870000000 0.4377240515 0.7528303616 3.4475089702 19.9733444520 0.4377240515 0.3295319560 8.7428132564 0.0007654203
0.0880000000 0.4371495642 0.7571906607 3.4411762065 19.9662961904 0.4371495642 0.3310055673 8.7282576784 0.0006534490
0.0890000000 0.4365645305 0.7616357299 3.4347305957 19.9591332262 0.4365645305 0.3325031449 8.7134496269 0.0005568232
0.0900000000 0.4359703588 0.7661551202 3.4281878309 19.9518736115 0.4359703588 0.3340209227 8.6984254974 0.0004738982
0.0910000000 0.4353682983 0.7707395521 3.4215618258 19.9445333345 0.4353682983 0.3355555672 8.6832175382 0.0004030568
0.0920000000 0.4347594461 0.7753808681 3.4148647928 19.9371264172 0.4347594461 0.3371041568 8.6678540389 0.0003427542
0.0930000000 0.4341447582 0.7800719557 3.4081073662 19.9296650617 0.4341447582 0.3386641506 8.6523596186 0.0002915518
0.0940000000 0.4335250619 0.7848066525 3.4012987487 19.9221598233 0.4335250619 0.3402333526 8.6367555711 0.0002481389
0.0950000000 0.4329010707 0.7895796435 3.3944468694 19.9146197944 0.4329010707 0.3418098731 8.6210602323 0.0002113440
0.0960000000 0.4322733977 0.7943863578 3.3875585404 19.9070527872 0.4322733977 0.3433920900 8.6052893468 0.0001801374
0.0970000000 0.4316425691 0.7992228703 3.3806396067 19.8994655064 0.4316425691 0.3449786130 8.5894564154 0.0001536276
0.0980000000 0.4310090367 0.8040858109 3.3736950832 19.8918637069 0.4310090367 0.3465682508 8.5735730144 0.0001310519
0.0990000000 0.4303731886 0.8089722827 3.3667292769 19.8842523351 0.4303731886 0.3481599808 8.5576490795 0.0001117650
0.1000000000 0.4297353589 0.8138797910 3.3597458948 19.8766356516 0.4297353589 0.3497529241 8.5416931554 0.0000952252
0.1010000000 0.4290958363 0.8188061811 3.3527481360 19.8690173377 0.4290958363 0.3513463230 8.5257126106 0.0000809812
0.1020000000 0.4284548707 0.8237495859 3.3457387707 19.8614005848 0.4284548707 0.3529395223 8.5097138195 0.0000686590
0.1030000000 0.4278126796 0.8287083812 3.3387202066 19.8537881709 0.4278126796 0.3545319531 8.4937023169 0.0000579491
0.1040000000 0.4271694527 0.8336811483 3.3316945446 19.8461825242 0.4271694527 0.3561231199 8.4776829272 0.0000485965
0.1050000000 0.4265253566 0.8386666432 3.3246636256 19.8385857756 0.4265253566 0.3577125891 8.4616598721 0.0000403908
0.1060000000 0.4258805378 0.8436637699 3.3176290692 19.8309998040 0.4258805378 0.3592999800 8.4456368607 0.0000331584
0.1070000000 0.4252351258 0.8486715591 3.3105923059 19.8234262721 0.4252351258 0.3608849572 8.4296171643 0.0000267556
0.1080000000 0.4245892357 0.8536891501 3.3035546042 19.8158666577 0.4245892357 0.3624672238 8.4136036787 0.0000210634
0.1090000000 0.4239429699 0.8587157755 3.2965170934 19.8083222796 0.4239429699 0.3640465162 8.3975989768 0.0000159825
0.1100000000 0.4232964202 0.8637507485 3.2894807819 19.8007943183 0.4232964202 0.3656225998 8.3816053517 0.0000114301
0.1110000000 0.4226496687 0.8687934526 3.2824465733 19.7932838349 0.4226496687 0.3671952649 8.3656248543 0.0000073365
0.1120000000 0.4220027894 0.8738433321 3.2754152804 19.7857917859 0.4220027894 0.3687643236 8.3496593236 0.0000036427
0.1130000000 0.4213558492 0.8788998848 3.2683876356 19.7783190366 0.4213558492 0.3703296073 8.3337104137 0.0000002989
0.1140000000 0.4207089087 0.8839626552 3.2613643016 19.7708663720 0.4207089087 0.3718909640 8.3177796161 0.0000027362
0.1150000000 0.4200620229 0.8890312296 3.2543458787 19.7634345060 0.4200620229 0.3734482567 8.3018682783 0.0000054981
0.1160000000 0.4194152418 0.8941052308 3.2473329122 19.7560240892 0.4194152418 0.3750013615 8.2859776200 0.0000080181
0.1170000000 0.4187686110 0.8991843143 3.2403258984 19.7486357162 0.4187686110 0.3765501663 8.2701087476 0.0000103234
0.1180000000 0.4181221722 0.9042681649 3.2333252901 19.7412699314 0.4181221722 0.3780945694 8.2542626664 0.0000124373
0.1190000000 0.4174759638 0.9093564932 3.2263315010 19.7339272349 0.4174759638 0.3796344784 8.2384402915 0.0000143801
0.1200000000 0.4168300207 0.9144490329 3.2193449102 19.7266080865 0.4168300207 0.3811698093 8.2226424574 0.0000161697
0.1210000000 0.4161843753 0.9195455390 3.2123658654 19.7193129102 0.4161843753 0.3827004857 8.2068699256 0.0000178215
0.1220000000 0.4155390574 0.9246457848 3.2053946858 19.7120420976 0.4155390574 0.3842264378 8.1911233926 0.0000193492
0.1230000000 0.4148940944 0.9297495609 3.1984316656 19.7047960110 0.4148940944 0.3857476020 8.1754034957 0.0000207648
0.1240000000 0.4142495117 0.9348566731 3.1914770756 19.6975749862 0.4142495117 0.3872639203 8.1597108190 0.0000220790
0.1250000000 0.4136053328 0.9399669411 3.1845311658 19.6903793349 0.4136053328 0.3887753395 8.1440458979 0.0000233011
0.1260000000 0.4129615796 0.9450801974 3.1775941674 19.6832093471 0.4129615796 0.3902818112 8.1284092241 0.0000244395
0.1270000000 0.4123182724 0.9501962857 3.1706662941 19.6760652927 0.4123182724 0.3917832910 8.1128012492 0.0000255018
0.1280000000 0.4116754300 0.9553150604 3.1637477439 19.6689474236 0.4116754300 0.3932797383 8.0972223882 0.0000264947
0.1290000000 0.4110330700 0.9604363855 3.1568387004 19.6618559751 0.4110330700 0.3947711160 8.0816730229 0.0000274240
0.1300000000 0.4103912087 0.9655601334 3.1499393341 19.6547911671 0.4103912087 0.3962573903 8.0661535046 0.0000282952
0.1310000000 0.4097498616 0.9706861850 3.1430498034 19.6477532058 0.4097498616 0.3977385300 8.0506641565 0.0000291132
0.1320000000 0.4091090428 0.9758144282 3.1361702554 19.6407422845 0.4091090428 0.3992145067 8.0352052763 0.0000298822
0.1330000000 0.4084687659 0.9809447579 3.1293008274 19.6337585846 0.4084687659 0.4006852946 8.0197771382 0.0000306063
0.1340000000 0.4078290432 0.9860770749 3.1224416470 19.6268022767 0.4078290432 0.4021508700 8.0043799943 0.0000312889
0.1350000000 0.4071898868 0.9912112861 3.1155928334 19.6198735214 0.4071898868 0.4036112113 7.9890140773 0.0000319335
0.1360000000 0.4065513075 0.9963473034 3.1087544975 19.6129724701 0.4065513075 0.4050662989 7.9736796011 0.0000325428
0.1370000000 0.4059133158 1.0014850438 3.1019267432 19.6060992656 0.4059133158 0.4065161148 7.9583767626 0.0000331196
0.1380000000 0.4052759215 1.0066244285 3.0951096674 19.5992540427 0.4052759215 0.4079606429 7.9431057430 0.0000336664
0.1390000000 0.4046391339 1.0117653831 3.0883033607 19.5924369289 0.4046391339 0.4093998683 7.9278667090 0.0000341853
0.1400000000 0.4040029615 1.0169078371 3.0815079078 19.5856480449 0.4040029615 0.4108337778 7.9126598137 0.0000346785
0.1410000000 0.4033674128 1.0220517234 3.0747233882 19.5788875051 0.4033674128 0.4122623594 7.8974851979 0.0000351478
0.1420000000 0.4027324953 1.0271969784 3.0679498760 19.5721554178 0.4027324953 0.4136856023 7.8823429904 0.0000355950
0.1430000000 0.4020982166 1.0323435412 3.0611874411 19.5654518861 0.4020982166 0.4151034968 7.8672333097 0.0000360215
0.1440000000 0.4014645834 1.0374913543 3.0544361486 19.5587770077 0.4014645834 0.4165160344 7.8521562639 0.0000364290
0.1450000000 0.4008316025 1.0426403624 3.0476960599 19.5521308758 0.4008316025 0.4179232073 7.8371119520 0.0000368188
0.1460000000 0.4001992801 1.0477905128 3.0409672325 19.5455135790 0.4001992801 0.4193250090 7.8221004643 0.0000371920
0.1470000000 0.3995676222 1.0529417553 3.0342497203 19.5389252019 0.3995676222 0.4207214335 7.8071218831 0.0000375500
0.1480000000 0.3989366343 1.0580940414 3.0275435741 19.5323658249 0.3989366343 0.4221124757 7.7921762830 0.0000378937
0.1490000000 0.3983063220 1.0632473249 3.0208488417 19.5258355250 0.3983063220 0.4234981314 7.7772637319 0.0000382242
0.1500000000 0.3976766903 1.0684015614 3.0141655679 19.5193343760 0.3976766903 0.4248783968 7.7623842911 0.0000385425
0.1510000000 0.3970477441 1.0735567080 3.0074937951 19.5128624481 0.3970477441 0.4262532691 7.7475380158 0.0000388493
0.1520000000 0.3964194881 1.0787127235 3.0008335629 19.5064198089 0.3964194881 0.4276227457 7.7327249556 0.0000391456
0.1530000000 0.3957919268 1.0838695683 2.9941849091 19.5000065229 0.3957919268 0.4289868249 7.7179451550 0.0000394320
0.1540000000 0.3951650645 1.0890272039 2.9875478689 19.4936226523 0.3951650645 0.4303455053 7.7031986533 0.0000397094
0.1550000000 0.3945389053 1.0941855932 2.9809224758 19.4872682567 0.3945389053 0.4316987862 7.6884854857 0.0000399785
0.1560000000 0.3939134532 1.0993447002 2.9743087615 19.4809433935 0.3939134532 0.4330466671 7.6738056829 0.0000402398
0.1570000000 0.3932887118 1.1045044901 2.9677067558 19.4746481177 0.3932887118 0.4343891481 7.6591592718 0.0000404940
0.1580000000 0.3926646850 1.1096649287 2.9611164872 19.4683824828 0.3926646850 0.4357262297 7.6445462758 0.0000407417
0.1590000000 0.3920413763 1.1148259831 2.9545379825 19.4621465399 0.3920413763 0.4370579127 7.6299667149 0.0000409835
0.1600000000 0.3914187890 1.1199876211 2.9479712673 19.4559403387 0.3914187890 0.4383841983 7.6154206059 0.0000412199
0.1610000000 0.3907969265 1.1251498110 2.9414163659 19.4497639271 0.3907969265 0.4397050879 7.6009079631 0.0000414514
0.1620000000 0.3901757919 1.1303125220 2.9348733016 19.4436173516 0.3901757919 0.4410205834 7.5864287979 0.0000416785
0.1630000000 0.3895553885 1.1354757239 2.9283420965 19.4375006572 0.3895553885 0.4423306867 7.5719831196 0.0000419018
0.1640000000 0.3889357192 1.1406393868 2.9218227719 19.4314138875 0.3889357192 0.4436354002 7.5575709351 0.0000421216
0.1650000000 0.3883167870 1.1458034814 2.9153153482 19.4253570851 0.3883167870 0.4449347264 7.5431922498 0.0000423386
0.1660000000 0.3876985949 1.1509679788 2.9088198451 19.4193302914 0.3876985949 0.4462286681 7.5288470669 0.0000425531
0.1670000000 0.3870811456 1.1561328504 2.9023362817 19.4133335465 0.3870811456 0.4475172282 7.5145353885 0.0000427656
0.1680000000 0.3864644420 1.1612980677 2.8958646764 19.4073668899 0.3864644420 0.4488004097 7.5002572153 0.0000429766
0.1690000000 0.3858484868 1.1664636025 2.8894050472 19.4014303600 0.3858484868 0.4500782160 7.4860125467 0.0000431866
0.1700000000 0.3852332829 1.1716294268 2.8829574118 19.3955239945 0.3852332829 0.4513506504 7.4718013813 0.0000433959
0.1710000000 0.3846188328 1.1767955124 2.8765217873 19.3896478304 0.3846188328 0.4526177164 7.4576237171 0.0000436051
0.1720000000 0.3840051394 1.1819618312 2.8700981910 19.3838019040 0.3840051394 0.4538794177 7.4434795514 0.0000438147
0.1730000000 0.3833922052 1.1871283551 2.8636866398 19.3779862510 0.3833922052 0.4551357579 7.4293688813 0.0000440251
0.1740000000 0.3827800331 1.1922950558 2.8572871505 19.3722009068 0.3827800331 0.4563867409 7.4152917036 0.0000442368
0.1750000000 0.3821686256 1.1974619046 2.8508997401 19.3664459063 0.3821686256 0.4576323703 7.4012480152 0.0000444504
0.1760000000 0.3815579856 1.2026288727 2.8445244258 19.3607212840 0.3815579856 0.4588726501 7.3872378134 0.0000446664
0.1770000000 0.3809481158 1.2077959307 2.8381612248 19.3550270742 0.3809481158 0.4601075841 7.3732610959 0.0000448854
0.1780000000 0.3803390190 1.2129630488 2.8318101548 19.3493633110 0.3803390190 0.4613371761 7.3593178609 0.0000451080
0.1790000000 0.3797306981 1.2181301968 2.8254712339 19.3437300286 0.3797306981 0.4625614300 7.3454081078 0.0000453347
0.1800000000 0.3791231559 1.2232973436 2.8191444808 19.3381272609 0.3791231559 0.4637803496 7.3315318369 0.0000455664
0.1810000000 0.3785163955 1.2284644575 2.8128299148 19.3325550422 0.3785163955 0.4649939384 7.3176890501 0.0000458036
0.1820000000 0.3779104198 1.2336315059 2.8065275558 19.3270134066 0.3779104198 0.4662022003 7.3038797508 0.0000460472
0.1830000000 0.3773052322 1.2387984550 2.8002374250 19.3215023889 0.3773052322 0.4674051387 7.2901039444 0.0000462980
0.1840000000 0.3767008357 1.2439652704 2.7939595444 19.3160220238 0.3767008357 0.4686027569 7.2763616385 0.0000465569
0.1850000000 0.3760972338 1.2491319159 2.7876939371 19.3105723469 0.3760972338 0.4697950583 7.2626528433 0.0000468247
0.1860000000 0.3754944301 1.2542983544 2.7814406277 19.3051533941 0.3754944301 0.4709820458 7.2489775718 0.0000471026
0.1870000000 0.3748924282 1.2594645471 2.7751996424 19.2997652022 0.3748924282 0.4721637223 7.2353358403 0.0000473917
0.1880000000 0.3742912320 1.2646304533 2.7689710088 19.2944078085 0.3742912320 0.4733400904 7.2217276686 0.0000476933
0.1890000000 0.3736908455 1.2697960309 2.7627547568 19.2890812517 0.3736908455 0.4745111523 7.2081530809 0.0000480086
0.1900000000 0.3730912729 1.2749612353 2.7565509180 19.2837855713 0.3730912729 0.4756769102 7.1946121056 0.0000483391
0.1910000000 0.3724925189 1.2801260198 2.7503595267 19.2785208081 0.3724925189 0.4768373656 7.1811047763 0.0000486866
0.1920000000 0.3718945881 1.2852903352 2.7441806197 19.2732870046 0.3718945881 0.4779925198 7.1676311323 0.0000490528
0.1930000000 0.3712974857 1.2904541293 2.7380142367 19.2680842047 0.3712974857 0.4791423736 7.1541912190 0.0000494397
0.1940000000 0.3707012169 1.2956173471 2.7318604206 19.2629124543 0.3707012169 0.4802869273 7.1407850888 0.0000498496
0.1950000000 0.3701057877 1.3007799300 2.7257192180 19.2577718012 0.3701057877 0.4814261806 7.1274128018 0.0000502850
0.1960000000 0.3695112041 1.3059418156 2.7195906795 19.2526622958 0.3695112041 0.4825601328 7.1140744268 0.0000507486
0.1970000000 0.3689174727 1.3111029373 2.7134748601 19.2475839911 0.3689174727 0.4836887821 7.1007700418 0.0000512436
0.1980000000 0.3683246007 1.3162632240 2.7073718198 19.2425369430 0.3683246007 0.4848121264 7.0874997357 0.0000517735
0.1990000000 0.3677325957 1.3214225991 2.7012816239 19.2375212107 0.3677325957 0.4859301623 7.0742636087 0.0000523422
0.2000000000 0.3671414659 1.3265809805 2.6952043441 19.2325368574 0.3671414659 0.4870428858 7.0610617747 0.0000529543
0.2010000000 0.3665512204 1.3317382797 2.6891400587 19.2275839501 0.3665512204 0.4881502916 7.0478943615 0.0000536148
0.2020000000 0.3659618688 1.3368944008 2.6830888539 19.2226625608 0.3659618688 0.4892523733 7.0347615139 0.0000543294
0.2030000000 0.3653734218 1.3420492402 2.6770508241 19.2177727669 0.3653734218 0.4903491231 7.0216633944 0.0000551048
0.2040000000 0.3647858908 1.3472026851 2.6710260737 19.2129146516 0.3647858908 0.4914405316 7.0086001862 0.0000559486
0.2050000000 0.3641992886 1.3523546127 2.6650147176 19.2080883048 0.3641992886 0.4925265879 6.9955720956 0.0000568692
0.2060000000 0.3636136289 1.3575048889 2.6590168829 19.2032938243 0.3636136289 0.4936072789 6.9825793545 0.0000578768
0.2070000000 0.3630289270 1.3626533667 2.6530327105 19.1985313163 0.3630289270 0.4946825896 6.9696222243 0.0000589829
0.2080000000 0.3624451997 1.3677998849 2.6470623566 19.1938008969 0.3624451997 0.4957525024 6.9567009993 0.0000602008
0.2090000000 0.3618624655 1.3729442655 2.6411059952 19.1891026933 0.3618624655 0.4968169969 6.9438160113 0.0000615460
0.2100000000 0.3612807449 1.3780863121 2.6351638202 19.1844368455 0.3612807449 0.4978760494 6.9309676349 0.0000630369
0.2110000000 0.3607000609 1.3832258070 2.6292360486 19.1798035079 0.3607000609 0.4989296328 6.9181562935 0.0000646948
0.2120000000 0.3601204389 1.3883625079 2.6233229234 19.1752028518 0.3601204389 0.4999777156 6.9053824660 0.0000665448
0.2130000000 0.3595419073 1.3934961447 2.6174247178 19.1706350674 0.3595419073 0.5010202617 6.8926466959 0.0000686169
0.2140000000 0.3589644982 1.3986264148 2.6115417397 19.1661003674 0.3589644982 0.5020572291 6.8799496004 0.0000709466
0.2150000000 0.3583882476 1.4037529782 2.6056743374 19.1615989899 0.3583882476 0.5030885699 6.8672918826 0.0000735762
0.2160000000 0.3578131962 1.4088754513 2.5998229058 19.1571312032 0.3578131962 0.5041142282 6.8546743450 0.0000765569
0.2170000000 0.3572393901 1.4139933997 2.5939878947 19.1526973103 0.3572393901 0.5051341398 6.8420979066 0.0000799501
0.2180000000 0.3566668821 1.4191063294 2.5881698178 19.1482976554 0.3566668821 0.5061482299 6.8295636229 0.0000838309
0.2190000000 0.3560957323 1.4242136763 2.5823692644 19.1439326308 0.3560957323 0.5071564121 6.8170727100 0.0000882904
0.2200000000 0.3555260099 1.4293147927 2.5765869133 19.1396026863 0.3555260099 0.5081585852 6.8046265746 0.0000934412
0.2210000000 0.3549577947 1.4344089323 2.5708235497 19.1353083398 0.3549577947 0.5091546314 6.7922268497 0.0000994220
0.2220000000 0.3543911794 1.4394952300 2.5650800863 19.1310501908 0.3543911794 0.5101444123 6.7798754398 0.0001064057
0.2230000000 0.3538262719 1.4445726782 2.5593575893 19.1268289371 0.3538262719 0.5111277652 6.7675745757 0.0001146089
0.2240000000 0.3532631989 1.4496400963 2.5536573106 19.1226453953 0.3532631989 0.5121044976 6.7553268832 0.0001243050
0.2250000000 0.3527021097 1.4546960937 2.5479807281 19.1185005268 0.3527021097 0.5130743812 6.7431354693 0.0001358416
0.2260000000 0.3521431814 1.4597390215 2.5423295972 19.1143954703 0.3521431814 0.5140371430 6.7310040311 0.0001496638
0.2270000000 0.3515866255 1.4647669129 2.5367060152 19.1103315833 0.3515866255 0.5149924560 6.7189369929 0.0001663468
0.2280000000 0.3510326959 1.4697774054 2.5311125042 19.1063104947 0.3510326959 0.5159399250 6.7069396826 0.0001866394
0.2290000000 0.3504817002 1.4747676423 2.5255521175 19.1023341727 0.3504817002 0.5168790706 6.6950185578 0.0002115249
0.2300000000 0.3499340125 1.4797341443 2.5200285770 19.0984050119 0.3499340125 0.5178093065 6.6831814981 0.0002423066
0.2310000000 0.3493900924 1.4846726428 2.5145464523 19.0945259473 0.3493900924 0.5187299119 6.6714381852 0.0002807279
0.2320000000 0.3488505079 1.4895778614 2.5091113942 19.0907006021 0.3488505079 0.5196399935 6.6598006007 0.0003291430
0.2330000000 0.3483159662 1.4944432295 2.5037304427 19.0869334831 0.3483159662 0.5205384375 6.6482836785 0.0003907641
0.2340000000 0.3477873549 1.4992605036 2.4984124315 19.0832302361 0.3477873549 0.5214238449 6.6369061668 0.0004700202
0.2350000000 0.3472657951 1.5040192676 2.4931685237 19.0795979842 0.3472657951 0.5222944469 6.6256917650 0.0005730878
0.2360000000 0.3467527131 1.5087062714 2.4880129191 19.0760457729 0.3467527131 0.5231479929 6.6146706266 0.0007086855
0.2370000000 0.3462499331 1.5133045617 2.4829637840 19.0725851560 0.3462499331 0.5239816033 6.6038813352 0.0008892866
0.2380000000 0.3457598001 1.5177923460 2.4780444651 19.0692309573 0.3457598001 0.5247915781 6.5933734830 0.0011330089
0.2390000000 0.3452853352 1.5221415355 2.4732850465 19.0660022472 0.3452853352 0.5255731503 6.5832109772 0.0014666445
0.2400000000 0.3448304316 1.5263159304 2.4687242875 19.0629235573 0.3448304316 0.5263201810 6.5734761570 0.0019306938
0.2410000000 0.3444000832 1.5302690777 2.4644119090 19.0600263112 0.3444000832 0.5270247977 6.5642746480 0.0025881437
0.2420000000 0.3440006292 1.5339420002 2.4604110170 19.0573503412 0.3440006292 0.5276770133 6.5557405090 0.0035407851
0.2430000000 0.3436399514 1.5372613470 2.4568000730 19.0549451203 0.3436399514 0.5282644146 6.5480404152 0.0049622582
0.2440000000 0.3433274922 1.5401392214 2.4536730705 19.0528698653 0.3433274922 0.5287721365 6.5413740295 0.0071730116
0.2450000000 0.3430738192 1.5424772206 2.4511351981 19.0511907823 0.3430738192 0.5291835511 6.5359647817 0.0108381744
0.2460000000 0.3428892275 1.5441794113 2.4492889080 19.0499721826 0.3428892275 0.5294824855 6.5320302463 0.0176225228
0.2470000000 0.3427804991 1.5451823815 2.4482015877 19.0492556951 0.3427804991 0.5296583878 6.5297133738 0.0332632851
0.2480000000 0.3427440780 1.5455183956 2.4478374036 19.0490159463 0.3427440780 0.5297172776 6.5289374074 0.0695691597
0.2490000000 0.3427595571 1.5453755798 2.4479921847 19.0491178451 0.3427595571 0.5296922492 6.5292671952 0.0426520593
0.2500000000 0.3428186537 1.5448303879 2.4485831329 19.0495070191 0.3428186537 0.5295966737 6.5305263496 0.0219931893
0.2510000000 0.3429299673 1.5438036651 2.4496963543 19.0502408866 0.3429299673 0.5294165403 6.5328984834 0.0153106050
0.2520000000 0.3431015829 1.5422212438 2.4514129364 19.0513743557 0.3431015829 0.5291385499 6.5365566972 0.0113152574
0.2530000000 0.3433373221 1.5400485873 2.4537714758 19.0529352765 0.3433373221 0.5287561579 6.5415837765 0.0082200292
0.2540000000 0.3436336853 1.5373189258 2.4567374437 19.0549039156 0.3436336853 0.5282745679 6.5479068548 0.0053565280
0.2550000000 0.3439770363 1.5341589235 2.4601748722 19.0571932554 0.3439770363 0.5277154397 6.5552368560 0.0023152803
0.2560000000 0.3443417575 1.5308051573 2.4638276298 19.0596349269 0.3443417575 0.5271201382 6.5630281875 0.0013416318
0.2570000000 0.3446904967 1.5276011707 2.4673216436 19.0619789908 0.3446904967 0.5265496063 6.5704830066 0.0060540794
0.2580000000 0.3449815390 1.5249293736 2.4702385719 19.0639422018 0.3449815390 0.5260724822 6.5767081200 0.0123110665
0.2590000000 0.3451835997 1.5230755381 2.4722642363 19.0653089934 0.3451835997 0.5257406969 6.5810319882 0.0214662910
0.2600000000 0.3452891071 1.5221078770 2.4733221475 19.0660240198 0.3452891071 0.5255672697 6.5832904092 0.0381824397
0.2610000000 0.3453187222 1.5218362891 2.4736191310 19.0662249485 0.3453187222 0.5255185628 6.5839244371 0.0691653930
0.2620000000 0.3453100339 1.5219159619 2.4735320043 19.0661660029 0.3453100339 0.5255328524 6.5837384291 0.0345471435
0.2630000000 0.3452848632 1.5221467997 2.4732795884 19.0659952225 0.3452848632 0.5255742495 6.5831995518 0.0085773625
0.2640000000 0.3452531058 1.5224380668 2.4729611271 19.0657798041 0.3452531058 0.5256264710 6.5825196918 0.0030508869
0.2650000000 0.3452245598 1.5226999010 2.4726748773 19.0655862258 0.3452245598 0.5256734031 6.5819086128 0.0152911650
0.2660000000 0.3452068342 1.5228624958 2.4724971352 19.0654660562 0.3452068342 0.5257025411 6.5815291799 0.0349850810
0.2670000000 0.3452015513 1.5229109550 2.4724441636 19.0654302558 0.3452015513 0.5257112242 6.5814161003 0.0636560516
0.2680000000 0.3452046680 1.5228823632 2.4724754179 19.0654513964 0.3452046680 0.5257061005 6.5814828190 0.0319068357
0.2690000000 0.3452133610 1.5228026196 2.4725625883 19.0655103416 0.3452133610 0.5256918104 6.5816689038 0.0134223320
0.2700000000 0.3452261770 1.5226850584 2.4726911036 19.0655972479 0.3452261770 0.5256707416 6.5819432509 0.0051399113
0.2710000000 0.3452409222 1.5225498067 2.4728389650 19.0656972476 0.3452409222 0.5256464994 6.5822589005 0.0017944128
0.2720000000 0.3452547446 1.5224230240 2.4729775748 19.0657910034 0.3452547446 0.5256237723 6.5825548035 0.0095948354
0.2730000000 0.3452649878 1.5223290734 2.4730802941 19.0658604935 0.3452649878 0.5256069289 6.5827740898 0.0195686393
0.2740000000 0.3452704495 1.5222789784 2.4731350661 19.0658975555 0.3452704495 0.5255979471 6.5828910182 0.0355355601
0.2750000000 0.3452718517 1.5222661155 2.4731491301 19.0659070813 0.3452718517 0.5255956405 6.5829210421 0.0499506312
0.2760000000 0.3452709845 1.5222740672 2.4731404359 19.0659012116 0.3452709845 0.5255970658 6.5829024813 0.0206561560
0.2770000000 0.3452690564 1.5222917492 2.4731211029 19.0658881452 0.3452690564 0.5256002358 6.5828612084 0.0034965310
0.2780000000 0.3452669173 1.5223113661 2.4730996547 19.0658736481 0.3452669173 0.5256037525 6.5828154199 0.0072164404
0.2790000000 0.3452653031 1.5223261691 2.4730834697 19.0658627118 0.3452653031 0.5256064062 6.5827808677 0.0174312213
0.2800000000 0.3452645440 1.5223331287 2.4730758605 19.0658575766 0.3452645440 0.5256076536 6.5827646231 0.0271410969
0.2810000000 0.3452644844 1.5223336735 2.4730752649 19.0658571858 0.3452644844 0.5256077509 6.5827633512 0.0178155633
0.2820000000 0.3452647408 1.5223313202 2.4730778378 19.0658589384 0.3452647408 0.5256073286 6.5827688437 0.0045433998
0.2830000000 0.3452648817 1.5223300256 2.4730792533 19.0658599082 0.3452648817 0.5256070962 6.5827718653 0.0222308003
0.2840000000 0.3452645538 1.5223330308 2.4730759675 19.0658576979 0.3452645538 0.5256076346 6.5827648505 0.0200810591
0.2850000000 0.3452635945 1.5223418268 2.4730663505 19.0658512049 0.3452635945 0.5256092112 6.5827443197 0.0132742828
0.2860000000 0.3452619812 1.5223566219 2.4730501744 19.0658402754 0.3452619812 0.5256118633 6.5827097864 0.0082984315
0.2870000000 0.3452598245 1.5223764000 2.4730285503 19.0658256612 0.3452598245 0.5256154088 6.5826636227 0.0043483701
0.2880000000 0.3452573363 1.5223992202 2.4730036004 19.0658087979 0.3452573363 0.5256194995 6.5826103592 0.0010881414
0.2890000000 0.3452547682 1.5224227720 2.4729778509 19.0657913942 0.3452547682 0.5256237213 6.5825553885 0.0014823548
0.2900000000 0.3452523355 1.5224450831 2.4729534581 19.0657749087 0.3452523355 0.5256277205 6.5825033145 0.0029498148
0.2910000000 0.3452501398 1.5224652195 2.4729314429 19.0657600316 0.3452501398 0.5256313299 6.5824563163 0.0027969474
0.2920000000 0.3452481447 1.5224835166 2.4729114390 19.0657465150 0.3452481447 0.5256346094 6.5824136118 0.0010103275
0.2930000000 0.3452462111 1.5225012493 2.4728920521 19.0657334161 0.3452462111 0.5256377878 6.5823722246 0.0014387319
0.2940000000 0.3452441681 1.5225199864 2.4728715673 19.0657195753 0.3452441681 0.5256411461 6.5823284936 0.0030105286
0.2950000000 0.3452418964 1.5225408208 2.4728487898 19.0657041845 0.3452418964 0.5256448803 6.5822798683 0.0030284118
0.2960000000 0.3452393804 1.5225638954 2.4728235634 19.0656871381 0.3452393804 0.5256490159 6.5822260151 0.0019213010
0.2970000000 0.3452367032 1.5225884498 2.4727967193 19.0656689984 0.3452367032 0.5256534167 6.5821687088 0.0003937189
0.2980000000 0.3452339976 1.5226132644 2.4727695911 19.0656506669 0.3452339976 0.5256578640 6.5821107959 0.0009073412
0.2990000000 0.3452313775 1.5226372946 2.4727433206 19.0656329158 0.3452313775 0.5256621706 6.5820547142 0.0013951603
0.3000000000 0.3452288774 1.5226602244 2.4727182534 19.0656159788 0.3452288774 0.5256662799 6.5820012013 0.0007699248
0.3010000000 0.3452264367 1.5226826092 2.4726937821 19.0655994454 0.3452264367 0.5256702915 6.5819489609 0.0006495645
0.3020000000 0.3452239347 1.5227055567 2.4726686959 19.0655824969 0.3452239347 0.5256744037 6.5818954076 0.0019536234
0.3030000000 0.3452212583 1.5227301042 2.4726418609 19.0655643667 0.3452212583 0.5256788027 6.5818381212 0.0023496957
0.3040000000 0.3452183650 1.5227566410 2.4726128515 19.0655447671 0.3452183650 0.5256835580 6.5817761931 0.0017589760
0.3050000000 0.3452153043 1.5227847138 2.4725821632 19.0655240330 0.3452153043 0.5256885884 6.5817106813 0.0005709052
0.3060000000 0.3452121929 1.5228132517 2.4725509669 19.0655029561 0.3452121929 0.5256937021 6.5816440851 0.0007220703
0.3070000000 0.3452091608 1.5228410633 2.4725205648 19.0654824167 0.3452091608 0.5256986854 6.5815791846 0.0016362277
0.3080000000 0.3452062909 1.5228673857 2.4724917910 19.0654629787 0.3452062909 0.5257034018 6.5815177600 0.0018183081
0.3090000000 0.3452035886 1.5228921720 2.4724646965 19.0654446768 0.3452035886 0.5257078428 6.5814599206 0.0012404151
0.3100000000 0.3452009925 1.5229159841 2.4724386672 19.0654270958 0.3452009925 0.5257121091 6.5814043551 0.0002682111
0.3110000000 0.3451984152 1.5229396232 2.4724128273 19.0654096435 0.3451984152 0.5257163444 6.5813491939 0.0005381677
0.3120000000 0.3451957881 1.5229637193 2.4723864881 19.0653918543 0.3451957881 0.5257206614 6.5812929671 0.0008101679
0.3130000000 0.3451930887 1.5229884791 2.4723594236 19.0653735755 0.3451930887 0.5257250972 6.5812351922 0.0005852957
0.3140000000 0.3451903378 1.5230137117 2.4723318426 19.0653549480 0.3451903378 0.5257296176 6.5811763147 0.0001548736
0.3150000000 0.3451875747 1.5230390563 2.4723041395 19.0653362385 0.3451875747 0.5257341580 6.5811171765 0.0001923700
0.3160000000 0.3451848305 1.5230642272 2.4722766264 19.0653176580 0.3451848305 0.5257386671 6.5810584443 0.0003372806
0.3170000000 0.3451821176 1.5230891116 2.4722494268 19.0652992900 0.3451821176 0.5257431248 6.5810003813 0.0003893478
0.3180000000 0.3451794405 1.5231136675 2.4722225865 19.0652811656 0.3451794405 0.5257475235 6.5809430855 0.0005966673
0.3190000000 0.3451768185 1.5231377181 2.4721962986 19.0652634153 0.3451768185 0.5257518316 6.5808869691 0.0011534232
0.3200000000 0.3451743002 1.5231608175 2.4721710507 19.0652463684 0.3451743002 0.5257559692 6.5808330727 0.0020529626
0.3210000000 0.3451719564 1.5231823162 2.4721475526 19.0652305047 0.3451719564 0.5257598200 6.5807829118 0.0030712158
0.3220000000 0.3451698527 1.5232016122 2.4721264622 19.0652162684 0.3451698527 0.5257632761 6.5807378904 0.0038477473
0.3230000000 0.3451680189 1.5232184318 2.4721080787 19.0652038617 0.3451680189 0.5257662885 6.5806986474 0.0040165294
0.3240000000 0.3451664347 1.5232329625 2.4720921969 19.0651931459 0.3451664347 0.5257688909 6.5806647450 0.0033827301
0.3250000000 0.3451650374 1.5232457786 2.4720781893 19.0651836967 0.3451650374 0.5257711861 6.5806348432 0.0020963478
0.3260000000 0.3451637451 1.5232576313 2.4720652348 19.0651749592 0.3451637451 0.5257733087 6.5806071894 0.0006401878
0.3270000000 0.3451624812 1.5232692232 2.4720525653 19.0651664145 0.3451624812 0.5257753846 6.5805801440 0.0004684322
0.3280000000 0.3451611915 1.5232810523 2.4720396366 19.0651576949 0.3451611915 0.5257775030 6.5805525454 0.0009946334
0.3290000000 0.3451598500 1.5232933562 2.4720261891 19.0651486252 0.3451598500 0.5257797063 6.5805238394 0.0010330064
0.3300000000 0.3451584544 1.5233061567 2.4720121989 19.0651391893 0.3451584544 0.5257819986 6.5804939749 0.0007981338
0.3310000000 0.3451570165 1.5233193444 2.4719977854 19.0651294678 0.3451570165 0.5257843602 6.5804632069 0.0004268205
0.3320000000 0.3451555566 1.5233327351 2.4719831503 19.0651195968 0.3451555566 0.5257867580 6.5804319658 0.0000581337
0.3330000000 0.3451541016 1.5233460799 2.4719685654 19.0651097599 0.3451541016 0.5257891477 6.5804008320 0.0006861675
0.3340000000 0.3451526864 1.5233590602 2.4719543788 19.0651001920 0.3451526864 0.5257914720 6.5803705484 0.0014577318
0.3350000000 0.3451513509 1.5233713096 2.4719409912 19.0650911640 0.3451513509 0.5257936654 6.5803419704 0.0023113310
0.3360000000 0.3451501337 1.5233824732 2.4719287904 19.0650829379 0.3451501337 0.5257956644 6.5803159257 0.0031413060
0.3370000000 0.3451490643 1.5233922810 2.4719180713 19.0650757132 0.3451490643 0.5257974204 6.5802930441 0.0038469399
0.3380000000 0.3451481580 1.5234005927 2.4719089874 19.0650695938 0.3451481580 0.5257989085 6.5802736529 0.0043821974
0.3390000000 0.3451474165 1.5234073928 2.4719015556 19.0650645911 0.3451474165 0.5258001258 6.5802577885 0.0047737206
0.3400000000 0.3451468323 1.5234127490 2.4718957018 19.0650606548 0.3451468323 0.5258010846 6.5802452924 0.0050872246
0.3410000000 0.3451463938 1.5234167684 2.4718913090 19.0650577056 0.3451463938 0.5258018039 6.5802359150 0.0053545050
0.3420000000 0.3451460875 1.5234195754 2.4718882412 19.0650556516 0.3451460875 0.5258023061 6.5802293660 0.0055081066
0.3430000000 0.3451458975 1.5234213153 2.4718863398 19.0650543853 0.3451458975 0.5258026171 6.5802253068 0.0053743308
0.3440000000 0.3451458044 1.5234221661 2.4718854100 19.0650537755 0.3451458044 0.5258027690 6.5802233217 0.0047468518
0.3450000000 0.3451457850 1.5234223409 2.4718852190 19.0650536648 0.3451457850 0.5258027998 6.5802229134 0.0033439943
0.3460000000 0.3451458137 1.5234220747 2.4718855099 19.0650538800 0.3451458137 0.5258027515 6.5802235342 0.0015548125
0.3470000000 0.3451458646 1.5234216047 2.4718860237 19.0650542461 0.3451458646 0.5258026668 6.5802246305 0.0000587631
0.3480000000 0.3451459132 1.5234211552 2.4718865149 19.0650545973 0.3451459132 0.5258025858 6.5802256786 0.0014952896
0.3490000000 0.3451459379 1.5234209248 2.4718867668 19.0650547869 0.3451459379 0.5258025439 6.5802262159 0.0027465756
0.3500000000 0.3451459215 1.5234210723 2.4718866057 19.0650546977 0.3451459215 0.5258025698 6.5802258715 0.0034758251
0.3510000000 0.3451458515 1.5234217111 2.4718859076 19.0650542457 0.3451458515 0.5258026836 6.5802243809 0.0035796954
0.3520000000 0.3451457209 1.5234229052 2.4718846025 19.0650533838 0.3451457209 0.5258028969 6.5802215946 0.0033252578
0.3530000000 0.3451455288 1.5234246648 2.4718826795 19.0650521045 0.3451455288 0.5258032114 6.5802174893 0.0028184406
0.3540000000 0.3451452800 1.5234269438 2.4718801888 19.0650504418 0.3451452800 0.5258036190 6.5802121722 0.0021522033
0.3550000000 0.3451449852 1.5234296447 2.4718772370 19.0650484676 0.3451449852 0.5258041021 6.5802058708 0.0013992900
0.3560000000 0.3451446594 1.5234326299 2.4718739745 19.0650462837 0.3451446594 0.5258046362 6.5801989061 0.0006006651
0.3570000000 0.3451443206 1.5234357345 2.4718705815 19.0650440119 0.3451443206 0.5258051916 6.5801916629 0.0002403258
0.3580000000 0.3451439887 1.5234387762 2.4718672574 19.0650417868 0.3451439887 0.5258057357 6.5801845667 0.0011432515
0.3590000000 0.3451436844 1.5234415638 2.4718642108 19.0650397495 0.3451436844 0.5258062344 6.5801780630 0.0021277855
0.3600000000 0.3451434284 1.5234439093 2.4718616475 19.0650380389 0.3451434284 0.5258066538 6.5801725908 0.0032094671
0.3610000000 0.3451432391 1.5234456418 2.4718597541 19.0650367812 0.3451432391 0.5258069634 6.5801685488 0.0043855394
0.3620000000 0.3451431315 1.5234466259 2.4718586787 19.0650360761 0.3451431315 0.5258071391 6.5801662526 0.0056320097
0.3630000000 0.3451431143 1.5234467793 2.4718585110 19.0650359843 0.3451431143 0.5258071659 6.5801658942 0.0060413377
0.3640000000 0.3451431903 1.5234460781 2.4718592774 19.0650365235 0.3451431903 0.5258070397 6.5801675296 0.0052183512
0.3650000000 0.3451433568 1.5234445470 2.4718609508 19.0650376755 0.3451433568 0.5258067649 6.5801711012 0.0042183339
0.3660000000 0.3451436065 1.5234422523 2.4718634586 19.0650393915 0.3451436065 0.5258063533 6.5801764541 0.0032868309
0.3670000000 0.3451439280 1.5234392993 2.4718666860 19.0650415939 0.3451439280 0.5258058238 6.5801833428 0.0024108877
0.3680000000 0.3451443061 1.5234358262 2.4718704816 19.0650441806 0.3451443061 0.5258052011 6.5801914446 0.0015811663
0.3690000000 0.3451447231 1.5234319963 2.4718746674 19.0650470312 0.3451447231 0.5258045146 6.5802003792 0.0007919515
0.3700000000 0.3451451597 1.5234279867 2.4718790495 19.0650500145 0.3451451597 0.5258037958 6.5802097328 0.0000381856
0.3710000000 0.3451455962 1.5234239781 2.4718834305 19.0650529972 0.3451455962 0.5258030773 6.5802190841 0.0006855515
0.3720000000 0.3451460137 1.5234201441 2.4718876207 19.0650558509 0.3451460137 0.5258023899 6.5802280281 0.0013829197
0.3730000000 0.3451463950 1.5234166416 2.4718914486 19.0650584599 0.3451463950 0.5258017620 6.5802361988 0.0020694381
0.3740000000 0.3451467254 1.5234136067 2.4718947655 19.0650607238 0.3451467254 0.5258012178 6.5802432785 0.0027712129
0.3750000000 0.3451469923 1.5234111537 2.4718974465 19.0650625585 0.3451469923 0.5258007778 6.5802490009 0.0035123615
0.3760000000 0.3451471860 1.5234093733 2.4718993923 19.0650638968 0.3451471860 0.5258004582 6.5802531540 0.0043028198
0.3770000000 0.3451472993 1.5234083289 2.4719005337 19.0650646920 0.3451472993 0.5258002705 6.5802555898 0.0051308005
0.3780000000 0.3451473291 1.5234080511 2.4719008374 19.0650649216 0.3451473291 0.5258002200 6.5802562377 0.0054399768
0.3790000000 0.3451472760 1.5234085346 2.4719003089 19.0650645891 0.3451472760 0.5258003059 6.5802551090 0.0047878099
0.3800000000 0.3451471436 1.5234097447 2.4718989865 19.0650637201 0.3451471436 0.5258005219 6.5802522856 0.0038849002
0.3810000000 0.3451469388 1.5234116189 2.4718969382 19.0650623608 0.3451469388 0.5258008569 6.5802479127 0.0030521883
0.3820000000 0.3451466716 1.5234140660 2.4718942638 19.0650605786 0.3451466716 0.5258012944 6.5802422034 0.0022572874
0.3830000000 0.3451463550 1.5234169668 2.4718910935 19.0650584616 0.3451463550 0.5258018132 6.5802354355 0.0014789720
0.3840000000 0.3451460046 1.5234201773 2.4718875848 19.0650561162 0.3451460046 0.5258023874 6.5802279451 0.0007014405
0.3850000000 0.3451456382 1.5234235338 2.4718839165 19.0650536634 0.3451456382 0.5258029878 6.5802201142 0.0000860634
0.3860000000 0.3451452751 1.5234268607 2.4718802806 19.0650512328 0.3451452751 0.5258035829 6.5802123523 0.0008810412
0.3870000000 0.3451449343 1.5234299830 2.4718768682 19.0650489535 0.3451449343 0.5258041413 6.5802050676 0.0016577835
0.3880000000 0.3451446329 1.5234327436 2.4718738513 19.0650469416 0.3451446329 0.5258046350 6.5801986271 0.0023828145
0.3890000000 0.3451443845 1.5234350179 2.4718713657 19.0650452889 0.3451443845 0.5258050415 6.5801933208 0.0030198279
0.3900000000 0.3451441979 1.5234367249 2.4718695002 19.0650440553 0.3451441979 0.5258053464 6.5801893379 0.0035311405
0.3910000000 0.3451440769 1.5234378299 2.4718682926 19.0650432663 0.3451440769 0.5258055435 6.5801867596 0.0038805297
0.3920000000 0.3451440207 1.5234383411 2.4718677339 19.0650429159 0.3451440207 0.5258056343 6.5801855665 0.0040342354
0.3930000000 0.3451440245 1.5234383017 2.4718677770 19.0650429721 0.3451440245 0.5258056265 6.5801856578 0.0035809762
0.3940000000 0.3451440811 1.5234377776 2.4718683498 19.0650433862 0.3451440811 0.5258055318 6.5801868799 0.0027543470
0.3950000000 0.3451441820 1.5234368471 2.4718693668 19.0650441006 0.3451441820 0.5258053644 6.5801890501 0.0020474266
0.3960000000 0.3451443180 1.5234355946 2.4718707356 19.0650450531 0.3451443180 0.5258051392 6.5801919715 0.0014342550
0.3970000000 0.3451444796 1.5234341065 2.4718723620 19.0650461799 0.3451444796 0.5258048719 6.5801954426 0.0008936554
0.3980000000 0.3451446576 1.5234324684 2.4718741523 19.0650474180 0.3451446576 0.5258045777 6.5801992636 0.0004045205
0.3990000000 0.3451448429 1.5234307636 2.4718760155 19.0650487058 0.3451448429 0.5258042716 6.5802032401 0.0000582836
0.4000000000 0.3451450265 1.5234290739 2.4718778622 19.0650499828 0.3451450265 0.5258039681 6.5802071815 0.0005254438
0.4010000000 0.3451451995 1.5234274815 2.4718796026 19.0650511882 0.3451451995 0.5258036820 6.5802108960 0.0010321869
0.4020000000 0.3451453526 1.5234260718 2.4718811432 19.0650522585 0.3451453526 0.5258034287 6.5802141841 0.0016206480
0.4030000000 0.3451454758 1.5234249363 2.4718823843 19.0650531263 0.3451454758 0.5258032245 6.5802168326 0.0023342940
0.4040000000 0.3451455585 1.5234241726 2.4718832190 19.0650537195 0.3451455585 0.5258030869 6.5802186137 0.0032098584
0.4050000000 0.3451455898 1.5234238801 2.4718835387 19.0650539651 0.3451455898 0.5258030336 6.5802192957 0.0040650983
0.4060000000 0.3451455598 1.5234241506 2.4718832431 19.0650537953 0.3451455598 0.5258030812 6.5802186639 0.0043715624
0.4070000000 0.3451454601 1.5234250595 2.4718822498 19.0650531547 0.3451454601 0.5258032431 6.5802165429 0.0041892654
0.4080000000 0.3451452854 1.5234266568 2.4718805042 19.0650520065 0.3451452854 0.5258035282 6.5802128160 0.0038391152
0.4090000000 0.3451450339 1.5234289583 2.4718779888 19.0650503388 0.3451450339 0.5258039395 6.5802074460 0.0033631097
0.4100000000 0.3451447083 1.5234319404 2.4718747298 19.0650481689 0.3451447083 0.5258044726 6.5802004884 0.0028056401
0.4110000000 0.3451443154 1.5234355394 2.4718707965 19.0650455436 0.3451443154 0.5258051162 6.5801920918 0.0022063295
0.4120000000 0.3451438660 1.5234396564 2.4718662971 19.0650425360 0.3451438660 0.5258058526 6.5801824865 0.0015967009
0.4130000000 0.3451433738 1.5234441661 2.4718613685 19.0650392385 0.3451433738 0.5258066593 6.5801719651 0.0009987363
0.4140000000 0.3451428542 1.5234489273 2.4718561651 19.0650357556 0.3451428542 0.5258075111 6.5801608570 0.0004247577
0.4150000000 0.3451423233 1.5234537927 2.4718508477 19.0650321960 0.3451423233 0.5258083815 6.5801495058 0.0001206998
0.4160000000 0.3451417967 1.5234586178 2.4718455745 19.0650286665 0.3451417967 0.5258092446 6.5801382488 0.0006343242
0.4170000000 0.3451412892 1.5234632682 2.4718404923 19.0650252665 0.3451412892 0.5258100765 6.5801273994 0.0011084991
0.4180000000 0.3451408135 1.5234676271 2.4718357285 19.0650220821 0.3451408135 0.5258108561 6.5801172300 0.0015350874
0.4190000000 0.3451403797 1.5234716007 2.4718313859 19.0650191825 0.3451403797 0.5258115667 6.5801079594 0.0019033132
0.4200000000 0.3451399953 1.5234751216 2.4718275381 19.0650166175 0.3451399953 0.5258121962 6.5800997450 0.0021996176
0.4210000000 0.3451396644 1.5234781506 2.4718242278 19.0650144160 0.3451396644 0.5258127377 6.5800926781 0.0024117914
0.4220000000 0.3451393885 1.5234806758 2.4718214682 19.0650125869 0.3451393885 0.5258131889 6.5800867865 0.0025361670
0.4230000000 0.3451391663 1.5234827079 2.4718192473 19.0650111222 0.3451391663 0.5258135518 6.5800820451 0.0025850213
0.4240000000 0.3451389950 1.5234842733 2.4718175366 19.0650100023 0.3451389950 0.5258138310 6.5800783927 0.0025898744
0.4250000000 0.3451388711 1.5234854041 2.4718163008 19.0650092035 0.3451388711 0.5258140325 6.5800757538 0.0025969680
0.4260000000 0.3451387913 1.5234861298 2.4718155077 19.0650087040 0.3451387913 0.5258141614 6.5800740602 0.0026544577
0.4270000000 0.3451387535 1.5234864705 2.4718151355 19.0650084890 0.3451387535 0.5258142213 6.5800732648 0.0027917728
0.4280000000 0.3451387566 1.5234864350 2.4718151743 19.0650085519 0.3451387566 0.5258142139 6.5800733468 0.0027824578
0.4290000000 0.3451388007 1.5234860238 2.4718156237 19.0650088926 0.3451388007 0.5258141392 6.5800743052 0.0025920777
0.4300000000 0.3451388860 1.5234852352 2.4718164856 19.0650095126 0.3451388860 0.5258139969 6.5800761443 0.0023870935
0.4310000000 0.3451390118 1.5234840743 2.4718177543 19.0650104079 0.3451390118 0.5258137879 6.5800788517 0.0021192197
0.4320000000 0.3451391758 1.5234825625 2.4718194066 19.0650115628 0.3451391758 0.5258135160 6.5800823778 0.0017657887
0.4330000000 0.3451393734 1.5234807433 2.4718213947 19.0650129450 0.3451393734 0.5258131891 6.5800866208 0.0013248384
0.4340000000 0.3451395969 1.5234786855 2.4718236437 19.0650145036 0.3451395969 0.5258128194 6.5800914207 0.0008072258
0.4350000000 0.3451398365 1.5234764807 2.4718260533 19.0650161707 0.3451398365 0.5258124234 6.5800965635 0.0002291384
0.4360000000 0.3451400801 1.5234742385 2.4718285038 19.0650178656 0.3451400801 0.5258120207 6.5801017935 0.0003911489
0.4370000000 0.3451403148 1.5234720781 2.4718308649 19.0650195003 0.3451403148 0.5258116327 6.5801068325 0.0010284581
0.4380000000 0.3451405278 1.5234701174 2.4718330078 19.0650209881 0.3451405278 0.5258112804 6.5801114059 0.0016555692
0.4390000000 0.3451407075 1.5234684615 2.4718348175 19.0650222515 0.3451407075 0.5258109826 6.5801152681 0.0022527118
0.4400000000 0.3451408447 1.5234671953 2.4718362013 19.0650232279 0.3451408447 0.5258107547 6.5801182211 0.0028077095
0.4410000000 0.3451409328 1.5234663795 2.4718370930 19.0650238725 0.3451409328 0.5258106073 6.5801201236 0.0033146752
0.4420000000 0.3451409680 1.5234660496 2.4718374535 19.0650241588 0.3451409680 0.5258105470 6.5801208922 0.0036579483
0.4430000000 0.3451409486 1.5234662194 2.4718372680 19.0650240765 0.3451409486 0.5258105762 6.5801204952 0.0035301636
0.4440000000 0.3451408752 1.5234668852 2.4718365404 19.0650236282 0.3451408752 0.5258106941 6.5801189412 0.0031143394
0.4450000000 0.3451407495 1.5234680309 2.4718352884 19.0650228258 0.3451407495 0.5258108980 6.5801162676 0.0027115851
0.4460000000 0.3451405744 1.5234696294 2.4718335414 19.0650216892 0.3451405744 0.5258111830 6.5801125376 0.0023222388
0.4470000000 0.3451403541 1.5234716435 2.4718313403 19.0650202461 0.3451403541 0.5258115425 6.5801078381 0.0019442555
0.4480000000 0.3451400935 1.5234740262 2.4718287363 19.0650185314 0.3451400935 0.5258119679 6.5801022786 0.0015759656
0.4490000000 0.3451397988 1.5234767220 2.4718257902 19.0650165861 0.3451397988 0.5258124493 6.5800959887 0.0012170942
0.4500000000 0.3451394768 1.5234796683 2.4718225703 19.0650144565 0.3451394768 0.5258129756 6.5800891146 0.0008684742
0.4510000000 0.3451391349 1.5234827973 2.4718191507 19.0650121926 0.3451391349 0.5258135346 6.5800818141 0.0005314022
0.4520000000 0.3451387806 1.5234860388 2.4718156082 19.0650098462 0.3451387806 0.5258141138 6.5800742512 0.0002072602
0.4530000000 0.3451384219 1.5234893221 2.4718120200 19.0650074694 0.3451384219 0.5258147004 6.5800665907 0.0001018877
0.4540000000 0.3451380660 1.5234925789 2.4718084608 19.0650051128 0.3451380660 0.5258152822 6.5800589922 0.0003910804
0.4550000000 0.3451377198 1.5234957458 2.4718049998 19.0650028231 0.3451377198 0.5258158479 6.5800516032 0.0006519317
0.4560000000 0.3451373895 1.5234987681 2.4718016969 19.0650006408 0.3451373895 0.5258163877 6.5800445517 0.0008757799
0.4570000000 0.3451370797 1.5235016018 2.4717986001 19.0649985982 0.3451370797 0.5258168937 6.5800379401 0.0010558098
0.4580000000 0.3451367938 1.5235042154 2.4717957438 19.0649967185 0.3451367938 0.5258173603 6.5800318420 0.0011900366
0.4590000000 0.3451365341 1.5235065895 2.4717931493 19.0649950159 0.3451365341 0.5258177840 6.5800263027 0.0012843240
0.4600000000 0.3451363015 1.5235087145 2.4717908271 19.0649934974 0.3451363015 0.5258181631 6.5800213445 0.0013537332
0.4610000000 0.3451360965 1.5235105866 2.4717887811 19.0649921657 0.3451360965 0.5258184969 6.5800169761 0.0014208474
0.4620000000 0.3451359193 1.5235122036 2.4717870140 19.0649910228 0.3451359193 0.5258187849 6.5800132030 0.0015109492
0.4630000000 0.3451357705 1.5235135599 2.4717855319 19.0649900731 0.3451357705 0.5258190263 6.5800100381 0.0016454762
0.4640000000 0.3451356513 1.5235146442 2.4717843469 19.0649893249 0.3451356513 0.5258192190 6.5800075075 0.0018362037
0.4650000000 0.3451355636 1.5235154394 2.4717834780 19.0649887911 0.3451355636 0.5258193598 6.5800056514 0.0020822766
0.4660000000 0.3451355097 1.5235159242 2.4717829481 19.0649884874 0.3451355097 0.5258194451 6.5800045192 0.0023709468
0.4670000000 0.3451354919 1.5235160775 2.4717827806 19.0649884293 0.3451354919 0.5258194709 6.5800041605 0.0025894917
0.4680000000 0.3451355122 1.5235158819 2.4717829945 19.0649886293 0.3451355122 0.5258194342 6.5800046157 0.0025802473
0.4690000000 0.3451355717 1.5235153266 2.4717836014 19.0649890951 0.3451355717 0.5258193332 6.5800059100 0.0024256915
0.4700000000 0.3451356706 1.5235144089 2.4717846043 19.0649898287 0.3451356706 0.5258191672 6.5800080496 0.0022364379
0.4710000000 0.3451358084 1.5235131349 2.4717859967 19.0649908256 0.3451358084 0.5258189374 6.5800110205 0.0020222142
0.4720000000 0.3451359834 1.5235115192 2.4717877624 19.0649920751 0.3451359834 0.5258186464 6.5800147883 0.0017919750
0.4730000000 0.3451361932 1.5235095845 2.4717898767 19.0649935609 0.3451361932 0.5258182983 6.5800193004 0.0015514291
0.4740000000 0.3451364344 1.5235073609 2.4717923069 19.0649952609 0.3451364344 0.5258178983 6.5800244866 0.0013027158
0.4750000000 0.3451367031 1.5235048852 2.4717950125 19.0649971479 0.3451367031 0.5258174533 6.5800302607 0.0010453880
0.4760000000 0.3451369945 1.5235022013 2.4717979457 19.0649991895 0.3451369945 0.5258169709 6.5800365206 0.0007778640
0.4770000000 0.3451373031 1.5234993593 2.4718010516 19.0650013484 0.3451373031 0.5258164602 6.5800431492 0.0004987713
0.4780000000 0.3451376228 1.5234964156 2.4718042688 19.0650035832 0.3451376228 0.5258159312 6.5800500152 0.0002077743
0.4790000000 0.3451379469 1.5234934312 2.4718075304 19.0650058485 0.3451379469 0.5258153950 6.5800569761 0.0000939025
0.4800000000 0.3451382684 1.5234904705 2.4718107661 19.0650080969 0.3451382684 0.5258148629 6.5800638818 0.0004021207
0.4810000000 0.3451385802 1.5234875985 2.4718139049 19.0650102805 0.3451385802 0.5258143468 6.5800705805 0.0007098150
0.4820000000 0.3451388756 1.5234848778 2.4718168783 19.0650123531 0.3451388756 0.5258138577 6.5800769262 0.0010104246
0.4830000000 0.3451391482 1.5234823656 2.4718196239 19.0650142726 0.3451391482 0.5258134059 6.5800827855 0.0012993749
0.4840000000 0.3451393926 1.5234801117 2.4718220872 19.0650160021 0.3451393926 0.5258130003 6.5800880422 0.0015751133
0.4850000000 0.3451396043 1.5234781576 2.4718242228 19.0650175109 0.3451396043 0.5258126485 6.5800925993 0.0018397541
0.4860000000 0.3451397797 1.5234765367 2.4718259943 19.0650187745 0.3451397797 0.5258123562 6.5800963794 0.0020989712
0.4870000000 0.3451399159 1.5234752747 2.4718273735 19.0650197735 0.3451399159 0.5258121282 6.5800993220 0.0023609051
0.4880000000 0.3451400109 1.5234743915 2.4718283388 19.0650204936 0.3451400109 0.5258119681 6.5801013810 0.0026340435
0.4890000000 0.3451400630 1.5234739018 2.4718288739 19.0650209238 0.3451400630 0.5258118784 6.5801025218 0.0029247790
0.4900000000 0.3451400710 1.5234738159 2.4718289679 19.0650210571 0.3451400710 0.5258118609 6.5801027209 0.0030272082
0.4910000000 0.3451400344 1.5234741394 2.4718286144 19.0650208892 0.3451400344 0.5258119168 6.5801019648 0.0028535395
0.4920000000 0.3451399529 1.5234748737 2.4718278119 19.0650204192 0.3451399529 0.5258120462 6.5801002500 0.0026174267
0.4930000000 0.3451398271 1.5234760149 2.4718265648 19.0650196501 0.3451398271 0.5258122484 6.5800975863 0.0023702288
0.4940000000 0.3451396583 1.5234775508 2.4718248863 19.0650185905 0.3451396583 0.5258125213 6.5800940019 0.0021045155
0.4950000000 0.3451394488 1.5234794592 2.4718228007 19.0650172566 0.3451394488 0.5258128609 6.5800895481 0.0018174876
0.4960000000 0.3451392024 1.5234817070 2.4718203442 19.0650156726 0.3451392024 0.5258132612 6.5800843028 0.0015106411
0.4970000000 0.3451389238 1.5234842495 2.4718175656 19.0650138714 0.3451389238 0.5258137143 6.5800783700 0.0011890390
0.4980000000 0.3451386191 1.5234870318 2.4718145249 19.0650118935 0.3451386191 0.5258142104 6.5800718777 0.0008604638
0.4990000000 0.3451382950 1.5234899916 2.4718112904 19.0650097854 0.3451382950 0.5258147381 6.5800649715 0.0005345829
0.5000000000 0.3451379588 1.5234930621 2.4718079347 19.0650075964 0.3451379588 0.5258152857 6.5800578068 0.0002222460
0.5010000000 0.3451376178 1.5234961770 2.4718045307 19.0650053759 0.3451376178 0.5258158412 6.5800505387 0.0000650130
0.5020000000 0.3451372787 1.5234992740 2.4718011461 19.0650031701 0.3451372787 0.5258163935 6.5800433121 0.0003148459
0.5030000000 0.3451369473 1.5235022999 2.4717978392 19.0650010182 0.3451369473 0.5258169330 6.5800362515 0.0005154395
0.5040000000 0.3451366281 1.5235052133 2.4717946554 19.0649989507 0.3451366281 0.5258174523 6.5800294533 0.0006597152
0.5050000000 0.3451363243 1.5235079864 2.4717916248 19.0649969879 0.3451363243 0.5258179464 6.5800229823 0.0007470772
0.5060000000 0.3451360372 1.5235106047 2.4717887634 19.0649951402 0.3451360372 0.5258184128 6.5800168724 0.0007840797
0.5070000000 0.3451357674 1.5235130646 2.4717860751 19.0649934104 0.3451357674 0.5258188508 6.5800111321 0.0007838390
0.5080000000 0.3451355145 1.5235153699 2.4717835557 19.0649917956 0.3451355145 0.5258192611 6.5800057524 0.0007638055
0.5090000000 0.3451352776 1.5235175280 2.4717811974 19.0649902905 0.3451352776 0.5258196449 6.5800007163 0.0007421957
0.5100000000 0.3451350559 1.5235195458 2.4717789923 19.0649888901 0.3451350559 0.5258200037 6.5799960073 0.0007340313
0.5110000000 0.3451348491 1.5235214275 2.4717769359 19.0649875915 0.3451348491 0.5258203380 6.5799916156 0.0007480796
0.5120000000 0.3451346571 1.5235231732 2.4717750281 19.0649863944 0.3451346571 0.5258206479 6.5799875413 0.0007857163
0.5130000000 0.3451344803 1.5235247790 2.4717732733 19.0649853018 0.3451344803 0.5258209328 6.5799837933 0.0008420003
0.5140000000 0.3451343194 1.5235262381 2.4717716787 19.0649843183 0.3451343194 0.5258211913 6.5799803875 0.0009084497
0.5150000000 0.3451341754 1.5235275430 2.4717702528 19.0649834497 0.3451341754 0.5258214222 6.5799773416 0.0009764927
0.5160000000 0.3451340489 1.5235286863 2.4717690033 19.0649827011 0.3451340489 0.5258216242 6.5799746723 0.0010404795
0.5170000000 0.3451339407 1.5235296626 2.4717679364 19.0649820770 0.3451339407 0.5258217962 6.5799723929 0.0010993969
0.5180000000 0.3451338510 1.5235304675 2.4717670568 19.0649815806 0.3451338510 0.5258219374 6.5799705131 0.0011569266
0.5190000000 0.3451337804 1.5235310978 2.4717663680 19.0649812147 0.3451337804 0.5258220474 6.5799690406 0.0012200267
0.5200000000 0.3451337292 1.5235315500 2.4717658739 19.0649809822 0.3451337292 0.5258221254 6.5799679837 0.0012966560
0.5210000000 0.3451336979 1.5235318193 2.4717655796 19.0649808866 0.3451336979 0.5258221706 6.5799673532 0.0013934570
0.5220000000 0.3451336871 1.5235318994 2.4717654921 19.0649809324 0.3451336871 0.5258221819 6.5799671641 0.0014862745
0.5230000000 0.3451336979 1.5235317822 2.4717656203 19.0649811255 0.3451336979 0.5258221578 6.5799674354 0.0015283823
0.5240000000 0.3451337311 1.5235314581 2.4717659746 19.0649814725 0.3451337311 0.5258220966 6.5799681893 0.0015353871
0.5250000000 0.3451337880 1.5235309170 2.4717665660 19.0649819807 0.3451337880 0.5258219965 6.5799694493 0.0015350211
0.5260000000 0.3451338696 1.5235301495 2.4717674048 19.0649826568 0.3451338696 0.5258218559 6.5799712373 0.0015206594
0.5270000000 0.3451339766 1.5235291481 2.4717684993 19.0649835067 0.3451339766 0.5258216733 6.5799735712 0.0014879118
0.5280000000 0.3451341096 1.5235279079 2.4717698547 19.0649845341 0.3451341096 0.5258214480 6.5799764620 0.0014344488
0.5290000000 0.3451342687 1.5235264280 2.4717714720 19.0649857399 0.3451342687 0.5258211796 6.5799799119 0.0013593988
0.5300000000 0.3451344536 1.5235247121 2.4717733473 19.0649871219 0.3451344536 0.5258208690 6.5799839123 0.0012626799
0.5310000000 0.3451346631 1.5235227690 2.4717754709 19.0649886738 0.3451346631 0.5258205176 6.5799884428 0.0011445663
0.5320000000 0.3451348958 1.5235206131 2.4717778270 19.0649903848 0.3451348958 0.5258201280 6.5799934695 0.0010056004
0.5330000000 0.3451351494 1.5235182650 2.4717803932 19.0649922398 0.3451351494 0.5258197040 6.5799989445 0.0008467410
0.5340000000 0.3451354210 1.5235157513 2.4717831404 19.0649942188 0.3451354210 0.5258192502 6.5800048059 0.0006695807
0.5350000000 0.3451357071 1.5235131044 2.4717860331 19.0649962978 0.3451357071 0.5258187726 6.5800109780 0.0004764928
0.5360000000 0.3451360036 1.5235103620 2.4717890302 19.0649984487 0.3451360036 0.5258182777 6.5800173728 0.0002706766
0.5370000000 0.3451363059 1.5235075658 2.4717920861 19.0650006409 0.3451363059 0.5258177733 6.5800238931 0.0000561756
0.5380000000 0.3451366092 1.5235047603 2.4717951522 19.0650028416 0.3451366092 0.5258172671 6.5800304353 0.0001617766
0.5390000000 0.3451369086 1.5235019906 2.4717981792 19.0650050176 0.3451369086 0.5258167672 6.5800368937 0.0003758665
0.5400000000 0.3451371992 1.5234993004 2.4718011192 19.0650071371 0.3451371992 0.5258162816 6.5800431666 0.0005777630
0.5410000000 0.3451374769 1.5234967294 2.4718039290 19.0650091709 0.3451374769 0.5258158172 6.5800491615 0.0007596843
0.5420000000 0.3451377378 1.5234943114 2.4718065717 19.0650110940 0.3451377378 0.5258153801 6.5800547996 0.0009153563
0.5430000000 0.3451379791 1.5234920726 2.4718090185 19.0650128870 0.3451379791 0.5258149751 6.5800600194 0.0010411500
0.5440000000 0.3451381988 1.5234900316 2.4718112491 19.0650145358 0.3451381988 0.5258146055 6.5800647776 0.0011370701
0.5450000000 0.3451383957 1.5234881998 2.4718132510 19.0650160319 0.3451383957 0.5258142732 6.5800690478 0.0012072618
0.5460000000 0.3451385692 1.5234865826 2.4718150185 19.0650173711 0.3451385692 0.5258139793 6.5800728174 0.0012597473
0.5470000000 0.3451387191 1.5234851815 2.4718165498 19.0650185524 0.3451387191 0.5258137241 6.5800760829 0.0013052727
0.5480000000 0.3451388454 1.5234839962 2.4718178451 19.0650195760 0.3451388454 0.5258135075 6.5800788447 0.0013554494
0.5490000000 0.3451389482 1.5234830269 2.4718189046 19.0650204423 0.3451389482 0.5258133295 6.5800811028 0.0014206476
0.5500000000 0.3451390272 1.5234822752 2.4718197262 19.0650211504 0.3451390272 0.5258131904 6.5800828532 0.0015082225
0.5510000000 0.3451390820 1.5234817452 2.4718203054 19.0650216977 0.3451390820 0.5258130909 6.5800840861 0.0016215205
0.5520000000 0.3451391118 1.5234814435 2.4718206352 19.0650220797 0.3451391118 0.5258130322 6.5800847866 0.0017598873
0.5530000000 0.3451391158 1.5234813779 2.4718207069 19.0650222906 0.3451391158 0.5258130157 6.5800849360 0.0018409954
0.5540000000 0.3451390931 1.5234815570 2.4718205112 19.0650223242 0.3451390931 0.5258130429 6.5800845147 0.0018239007
0.5550000000 0.3451390428 1.5234819886 2.4718200395 19.0650221741 0.3451390428 0.5258131153 6.5800835040 0.0017756489
0.5560000000 0.3451389643 1.5234826790 2.4718192851 19.0650218356 0.3451389643 0.5258132339 6.5800818899 0.0017097628
0.5570000000 0.3451388572 1.5234836307 2.4718182451 19.0650213062 0.3451388572 0.5258133992 6.5800796660 0.0016216952
0.5580000000 0.3451387218 1.5234848420 2.4718169213 19.0650205872 0.3451387218 0.5258136110 6.5800768363 0.0015088233
0.5590000000 0.3451385589 1.5234863054 2.4718153221 19.0650196842 0.3451385589 0.5258138679 6.5800734187 0.0013705579
0.5600000000 0.3451383700 1.5234880068 2.4718134628 19.0650186081 0.3451383700 0.5258141673 6.5800694459 0.0012085755
0.5610000000 0.3451381574 1.5234899251 2.4718113664 19.0650173747 0.3451381574 0.5258145055 6.5800649668 0.0010269880
0.5620000000 0.3451379240 1.5234920331 2.4718090627 19.0650160047 0.3451379240 0.5258148776 6.5800600453 0.0008322242
0.5630000000 0.3451376735 1.5234942981 2.4718065875 19.0650145226 0.3451376735 0.5258152776 6.5800547573 0.0006325448
0.5640000000 0.3451374097 1.5234966842 2.4718039798 19.0650129548 0.3451374097 0.5258156992 6.5800491866 0.0004372304
0.5650000000 0.3451371366 1.5234991546 2.4718012801 19.0650113287 0.3451371366 0.5258161358 6.5800434195 0.0002555454
0.5660000000 0.3451368582 1.5235016737 2.4717985272 19.0650096700 0.3451368582 0.5258165811 6.5800375386 0.0000956020
0.5670000000 0.3451365778 1.5235042098 2.4717957556 19.0650080018 0.3451365778 0.5258170293 6.5800316177 0.0000367197
0.5680000000 0.3451362984 1.5235067367 2.4717929941 19.0650063431 0.3451362984 0.5258174757 6.5800257184 0.0001385324
0.5690000000 0.3451360222 1.5235092342 2.4717902647 19.0650047087 0.3451360222 0.5258179168 6.5800198875 0.0002105906
0.5700000000 0.3451357506 1.5235116884 2.4717875826 19.0650031088 0.3451357506 0.5258183501 6.5800141578 0.0002575298
0.5710000000 0.3451354846 1.5235140903 2.4717849577 19.0650015504 0.3451354846 0.5258187739 6.5800085498 0.0002867851
0.5720000000 0.3451352249 1.5235164347 2.4717823957 19.0650000380 0.3451352249 0.5258191874 6.5800030760 0.0003069425
0.5730000000 0.3451349718 1.5235187180 2.4717799004 19.0649985749 0.3451349718 0.5258195897 6.5799977447 0.0003259310
0.5740000000 0.3451347255 1.5235209369 2.4717774756 19.0649971642 0.3451347255 0.5258199804 6.5799925635 0.0003494360
0.5750000000 0.3451344867 1.5235230873 2.4717751255 19.0649958095 0.3451344867 0.5258203587 6.5799875419 0.0003798876
0.5760000000 0.3451342557 1.5235251641 2.4717728560 19.0649945147 0.3451342557 0.5258207236 6.5799826921 0.0004163119
0.5770000000 0.3451340334 1.5235271612 2.4717706736 19.0649932840 0.3451340334 0.5258210741 6.5799780280 0.0004551618
0.5780000000 0.3451338203 1.5235290724 2.4717685849 19.0649921215 0.3451338203 0.5258214090 6.5799735641 0.0004918838
0.5790000000 0.3451336170 1.5235308923 2.4717665961 19.0649910307 0.3451336170 0.5258217275 6.5799693131 0.0005225869
0.5800000000 0.3451334241 1.5235326168 2.4717647115 19.0649900139 0.3451334241 0.5258220288 6.5799652846 0.0005451156
0.5810000000 0.3451332418 1.5235342435 2.4717629339 19.0649890728 0.3451332418 0.5258223125 6.5799614844 0.0005592294
0.5820000000 0.3451330702 1.5235357714 2.4717612642 19.0649882079 0.3451330702 0.5258225784 6.5799579143 0.0005661259
0.5830000000 0.3451329093 1.5235372009 2.4717597020 19.0649874192 0.3451329093 0.5258228266 6.5799545737 0.0005677468
0.5840000000 0.3451327589 1.5235385333 2.4717582460 19.0649867067 0.3451327589 0.5258230572 6.5799514598 0.0005661079
0.5850000000 0.3451326187 1.5235397701 2.4717568945 19.0649860699 0.3451326187 0.5258232706 6.5799485686 0.0005626916
0.5860000000 0.3451324887 1.5235409133 2.4717556452 19.0649855080 0.3451324887 0.5258234671 6.5799458955 0.0005580663
0.5870000000 0.3451323685 1.5235419651 2.4717544957 19.0649850199 0.3451323685 0.5258236470 6.5799434355 0.0005520548
0.5880000000 0.3451322579 1.5235429279 2.4717534437 19.0649846041 0.3451322579 0.5258238107 6.5799411832 0.0005444636
0.5890000000 0.3451321566 1.5235438040 2.4717524863 19.0649842592 0.3451321566 0.5258239588 6.5799391328 0.0005357524
0.5900000000 0.3451320643 1.5235445962 2.4717516206 19.0649839832 0.3451320643 0.5258240916 6.5799372781 0.0005269159
0.5910000000 0.3451319808 1.5235453071 2.4717508438 19.0649837739 0.3451319808 0.5258242096 6.5799356130 0.0005186805
0.5920000000 0.3451319057 1.5235459393 2.4717501530 19.0649836279 0.3451319057 0.5258243134 6.5799341312 0.0005110483
0.5930000000 0.3451318388 1.5235464953 2.4717495455 19.0649835424 0.3451318388 0.5258244034 6.5799328272 0.0005039423
0.5940000000 0.3451317800 1.5235469771 2.4717490190 19.0649835157 0.3451317800 0.5258244801 6.5799316961 0.0004982897
0.5950000000 0.3451317289 1.5235473864 2.4717485718 19.0649835476 0.3451317289 0.5258245436 6.5799307339 0.0004960275
0.5960000000 0.3451316856 1.5235477243 2.4717482025 19.0649836383 0.3451316856 0.5258245941 6.5799299382 0.0004986319
0.5970000000 0.3451316498 1.5235479913 2.4717479108 19.0649837878 0.3451316498 0.5258246317 6.5799293077 0.0005057759
0.5980000000 0.3451316216 1.5235481873 2.4717476966 19.0649839964 0.3451316216 0.5258246565 6.5799288426 0.0005159816
0.5990000000 0.3451316011 1.5235483118 2.4717475606 19.0649842657 0.3451316011 0.5258246682 6.5799285442 0.0005287829
0.6000000000 0.3451315883 1.5235483636 2.4717475041 19.0649845987 0.3451315883 0.5258246666 6.5799284153 0.0005455834
0.6010000000 0.3451315834 1.5235483413 2.4717475285 19.0649849979 0.3451315834 0.5258246513 6.5799284589 0.0005644919
0.6020000000 0.3451315865 1.5235482433 2.4717476356 19.0649854636 0.3451315865 0.5258246223 6.5799286787 0.0005761168
0.6030000000 0.3451315978 1.5235480683 2.4717478269 19.0649859940 0.3451315978 0.5258245791 6.5799290781 0.0005771051
0.6040000000 0.3451316175 1.5235478152 2.4717481036 19.0649865885 0.3451316175 0.5258245219 6.5799296597 0.0005698736
0.6050000000 0.3451316457 1.5235474834 2.4717484663 19.0649872492 0.3451316457 0.5258244503 6.5799304247 0.0005563844
0.6060000000 0.3451316822 1.5235470730 2.4717489149 19.0649879790 0.3451316822 0.5258243642 6.5799313729 0.0005420570
0.6070000000 0.3451317270 1.5235465847 2.4717494486 19.0649887781 0.3451317270 0.5258242639 6.5799325024 0.0005293723
0.6080000000 0.3451317800 1.5235460199 2.4717500659 19.0649896417 0.3451317800 0.5258241497 6.5799338101 0.0005146726
0.6090000000 0.3451318410 1.5235453805 2.4717507649 19.0649905642 0.3451318410 0.5258240220 6.5799352920 0.0004927791
0.6100000000 0.3451319099 1.5235446682 2.4717515433 19.0649915448 0.3451319099 0.5258238811 6.5799369435 0.0004649298
0.6110000000 0.3451319862 1.5235438852 2.4717523991 19.0649925888 0.3451319862 0.5258237272 6.5799387600 0.0004403653
0.6120000000 0.3451320698 1.5235430331 2.4717533304 19.0649937010 0.3451320698 0.5258235605 6.5799407372 0.0004279274
0.6130000000 0.3451321605 1.5235421133 2.4717543357 19.0649948787 0.3451321605 0.5258233811 6.5799428718 0.0004257954
0.6140000000 0.3451322582 1.5235411269 2.4717554137 19.0649961123 0.3451322582 0.5258231897 6.5799451616 0.0004216466
0.6150000000 0.3451323632 1.5235400747 2.4717565636 19.0649973959 0.3451323632 0.5258229864 6.5799476050 0.0004054138
0.6160000000 0.3451324751 1.5235389572 2.4717577850 19.0649987360 0.3451324751 0.5258227711 6.5799502006 0.0003818606
0.6170000000 0.3451325936 1.5235377746 2.4717590774 19.0650001475 0.3451325936 0.5258225436 6.5799529475 0.0003677577
0.6180000000 0.3451327186 1.5235365273 2.4717604406 19.0650016383 0.3451327186 0.5258223035 6.5799558446 0.0003737892
0.6190000000 0.3451328501 1.5235352156 2.4717618741 19.0650031977 0.3451328501 0.5258220512 6.5799588913 0.0003895594
0.6200000000 0.3451329887 1.5235338402 2.4717633773 19.0650048039 0.3451329887 0.5258217876 6.5799620869 0.0003903885
0.6210000000 0.3451331343 1.5235324017 2.4717649494 19.0650064465 0.3451331343 0.5258215130 6.5799654298 0.0003626267
0.6220000000 0.3451332865 1.5235309011 2.4717665894 19.0650081409 0.3451332865 0.5258212270 6.5799689175 0.0003215721
0.6230000000 0.3451334448 1.5235293396 2.4717682960 19.0650099157 0.3451334448 0.5258209292 6.5799725465 0.0002997258
0.6240000000 0.3451336085 1.5235277187 2.4717700675 19.0650117812 0.3451336085 0.5258206193 6.5799763130 0.0003127934
0.6250000000 0.3451337782 1.5235260404 2.4717719018 19.0650137112 0.3451337782 0.5258202985 6.5799802130 0.0003373921
0.6260000000 0.3451339542 1.5235243071 2.4717737961 19.0650156629 0.3451339542 0.5258199684 6.5799842417 0.0003282025
0.6270000000 0.3451341364 1.5235225220 2.4717757470 19.0650176196 0.3451341364 0.5258196300 6.5799883919 0.0002630545
0.6280000000 0.3451343238 1.5235206895 2.4717777498 19.0650196152 0.3451343238 0.5258192829 6.5799926528 0.0001709795
0.6290000000 0.3451345145 1.5235188148 2.4717797986 19.0650217070 0.3451345145 0.5258189265 6.5799970104 0.0001100637
0.6300000000 0.3451347073 1.5235169051 2.4717818858 19.0650239151 0.3451347073 0.5258185610 6.5800014479 0.0001099121
0.6310000000 0.3451349021 1.5235149688 2.4717840020 19.0650261877 0.3451349021 0.5258181896 6.5800059463 0.0001328397
0.6320000000 0.3451350994 1.5235130163 2.4717861358 19.0650284352 0.3451350994 0.5258178163 6.5800104832 0.0000992128
0.6330000000 0.3451352985 1.5235110598 2.4717882741 19.0650306104 0.3451352985 0.5258174444 6.5800150312 0.0000374657
0.6340000000 0.3451354970 1.5235091131 2.4717904016 19.0650327615 0.3451354970 0.5258170749 6.5800195567 0.0002348727
0.6350000000 0.3451356908 1.5235071913 2.4717925019 19.0650349932 0.3451356908 0.5258167069 6.5800240220 0.0003872695
0.6360000000 0.3451358769 1.5235053103 2.4717945577 19.0650373607 0.3451358769 0.5258163413 6.5800283884 0.0004148378
0.6370000000 0.3451360549 1.5235034863 2.4717965512 19.0650397898 0.3451360549 0.5258159829 6.5800326196 0.0003487973
0.6380000000 0.3451362260 1.5235017349 2.4717984653 19.0650421115 0.3451362260 0.5258156390 6.5800366824 0.0003257388
0.6390000000 0.3451363908 1.5235000708 2.4718002840 19.0650442003 0.3451363908 0.5258153158 6.5800405455 0.0004674405
0.6400000000 0.3451365469 1.5234985069 2.4718019932 19.0650460984 0.3451365469 0.5258150139 6.5800441774 0.0007565183
0.6410000000 0.3451366893 1.5234970541 2.4718035811 19.0650479993 0.3451366893 0.5258147294 6.5800475483 0.0010254917
0.6420000000 0.3451368134 1.5234957208 2.4718050382 19.0650500849 0.3451368134 0.5258144584 6.5800506341 0.0010741359
0.6430000000 0.3451369187 1.5234945135 2.4718063578 19.0650523419 0.3451369187 0.5258142021 6.5800534204 0.0008524643
0.6440000000 0.3451370093 1.5234934360 2.4718075354 19.0650545314 0.3451370093 0.5258139682 6.5800559031 0.0005593843
0.6450000000 0.3451370904 1.5234924903 2.4718085690 19.0650563689 0.3451370904 0.5258137654 6.5800580840 0.0005021726
0.6460000000 0.3451371635 1.5234916765 2.4718094585 19.0650577834 0.3451371635 0.5258135958 6.5800599645 0.0008124772
0.6470000000 0.3451372238 1.5234909933 2.4718102052 19.0650590204 0.3451372238 0.5258134519 6.5800615421 0.0013089892
0.6480000000 0.3451372641 1.5234904382 2.4718108119 19.0650604772 0.3451372641 0.5258133218 6.5800628138 0.0016040467
0.6490000000 0.3451372806 1.5234900076 2.4718112826 19.0650623772 0.3451372806 0.5258131982 6.5800637831 0.0013647669
0.6500000000 0.3451372771 1.5234896971 2.4718116220 19.0650645450 0.3451372771 0.5258130857 6.5800644644 0.0006603430
0.6510000000 0.3451372637 1.5234895013 2.4718118361 19.0650664937 0.3451372637 0.5258129977 6.5800648810 0.0000617454
0.6520000000 0.3451372492 1.5234894139 2.4718119317 19.0650678040 0.3451372492 0.5258129455 6.5800650573 0.0000717925
0.6530000000 0.3451372340 1.5234894280 2.4718119164 19.0650685025 0.3451372340 0.5258129272 6.5800650088 0.0007159387
0.6540000000 0.3451372090 1.5234895362 2.4718117982 19.0650691101 0.3451372090 0.5258129264 6.5800647412 0.0014811603
0.6550000000 0.3451371621 1.5234897309 2.4718115855 19.0650702986 0.3451371621 0.5258129222 6.5800642574 0.0016977727
0.6560000000 0.3451370883 1.5234900046 2.4718112864 19.0650723752 0.3451370883 0.5258129043 6.5800635681 0.0011046407
0.6570000000 0.3451369958 1.5234903499 2.4718109092 19.0650749696 0.3451369958 0.5258128824 6.5800626992 0.0000334283
0.6580000000 0.3451369019 1.5234907594 2.4718104618 19.0650772229 0.3451369019 0.5258128807 6.5800616870 0.0008351806
0.6590000000 0.3451368215 1.5234912262 2.4718099517 19.0650784103 0.3451368215 0.5258129194 6.5800605639 0.0008509199
0.6600000000 0.3451367553 1.5234917440 2.4718093859 19.0650785333 0.3451367553 0.5258129973 6.5800593448 0.0001608777
0.6610000000 0.3451366877 1.5234923068 2.4718087709 19.0650784463 0.3451366877 0.5258130884 6.5800580249 0.0015007266
0.6620000000 0.3451365964 1.5234929087 2.4718081132 19.0650793324 0.3451365964 0.5258131572 6.5800565911 0.0020996955
0.6630000000 0.3451364692 1.5234935445 2.4718074185 19.0650818701 0.3451364692 0.5258131827 6.5800550409 0.0014587957
0.6640000000 0.3451363146 1.5234942087 2.4718066926 19.0650856442 0.3451363146 0.5258131765 6.5800533962 0.0000660719
0.6650000000 0.3451361598 1.5234948961 2.4718059414 19.0650892809 0.3451361598 0.5258131779 6.5800517000 0.0016152936
0.6660000000 0.3451360331 1.5234956015 2.4718051706 19.0650913408 0.3451360331 0.5258132284 6.5800499969 0.0022265506
0.6670000000 0.3451359448 1.5234963196 2.4718043859 19.0650913317 0.3451359448 0.5258133417 6.5800483102 0.0011701995
0.6680000000 0.3451358772 1.5234970455 2.4718035927 19.0650902033 0.3451358772 0.5258134891 6.5800466303 0.0011144641
0.6690000000 0.3451357932 1.5234977742 2.4718027963 19.0650898992 0.3451357932 0.5258136128 6.5800449252 0.0029285516
0.6700000000 0.3451356599 1.5234985014 2.4718020017 19.0650921651 0.3451356599 0.5258136607 6.5800431663 0.0029729616
0.6710000000 0.3451354704 1.5234992232 2.4718012130 19.0650973833 0.3451354704 0.5258136211 6.5800413541 0.0012596283
0.6720000000 0.3451352537 1.5234999364 2.4718004336 19.0651040684 0.3451352537 0.5258135370 6.5800395291 0.0013096284
0.6730000000 0.3451350605 1.5235006392 2.4717996656 19.0651095956 0.3451350605 0.5258134854 6.5800377546 0.0036180609
0.6740000000 0.3451349332 1.5235013308 2.4717989100 19.0651117821 0.3451349332 0.5258135300 6.5800360814 0.0043353364
0.6750000000 0.3451348785 1.5235020116 2.4717981661 19.0651102667 0.3451348785 0.5258136817 6.5800345161 0.0020281292
0.6760000000 0.3451348575 1.5235026838 2.4717974317 19.0651070621 0.3451348575 0.5258138817 6.5800330091 0.0024450685
0.6770000000 0.3451348024 1.5235033507 2.4717967029 19.0651056560 0.3451348024 0.5258140280 6.5800314741 0.0056015021
0.6780000000 0.3451346537 1.5235040171 2.4717959748 19.0651091149 0.3451346537 0.5258140313 6.5800298315 0.0055391038
0.6790000000 0.3451343933 1.5235046887 2.4717952410 19.0651183282 0.3451343933 0.5258138665 6.5800280478 0.0028209571
0.6800000000 0.3451340656 1.5235053721 2.4717944941 19.0651309591 0.3451340656 0.5258136031 6.5800261599 0.0012124532
0.6810000000 0.3451337611 1.5235060741 2.4717937270 19.0651422693 0.3451337611 0.5258133815 6.5800242579 0.0054844177
0.6820000000 0.3451335683 1.5235068010 2.4717929328 19.0651476293 0.3451335683 0.5258133385 6.5800224306 0.0089289979
0.6830000000 0.3451335282 1.5235075582 2.4717921053 19.0651448683 0.3451335282 0.5258135388 6.5800207136 0.0070117007
0.6840000000 0.3451336021 1.5235083502 2.4717912399 19.0651359691 0.3451336021 0.5258139248 6.5800190523 0.0007150619
0.6850000000 0.3451336713 1.5235091789 2.4717903343 19.0651270861 0.3451336713 0.5258143161 6.5800173043 0.0093252906
0.6860000000 0.3451335952 1.5235100437 2.4717893892 19.0651255045 0.3451335952 0.5258144987 6.5800153081 0.0126496240
0.6870000000 0.3451332689 1.5235109425 2.4717884071 19.0651366886 0.3451332689 0.5258143117 6.5800129465 0.0093095929
0.6880000000 0.3451326855 1.5235118707 2.4717873928 19.0651610206 0.3451326855 0.5258137433 6.5800102219 0.0035309016
0.6890000000 0.3451319772 1.5235128215 2.4717863538 19.0651916874 0.3451319772 0.5258129923 6.5800073023 0.0032345155
0.6900000000 0.3451313643 1.5235137868 2.4717852989 19.0652173129 0.3451313643 0.5258123917 6.5800044613 0.0115531685
0.6910000000 0.3451310532 1.5235147586 2.4717842370 19.0652272402 0.3451310532 0.5258122532 6.5800019566 0.0219214650
0.6920000000 0.3451311825 1.5235157288 2.4717831768 19.0652143284 0.3451311825 0.5258127851 6.5799999663 0.0177697952
0.6930000000 0.3451317546 1.5235166900 2.4717821265 19.0651785088 0.3451317546 0.5258139883 6.5799985097 0.0049073814
0.6940000000 0.3451325099 1.5235176358 2.4717810930 19.0651332797 0.3451325099 0.5258154655 6.5799973000 0.0080373579
0.6950000000 0.3451330252 1.5235185619 2.4717800810 19.0651006274 0.3451330252 0.5258165702 6.5799958549 0.0294168265
0.6960000000 0.3451328557 1.5235194657 2.4717790934 19.0651036445 0.3451328557 0.5258166239 6.5799936644 0.0324852715
0.6970000000 0.3451315150 1.5235203444 2.4717781333 19.0651675779 0.3451315150 0.5258148846 6.5799901702 0.0177171860
0.6980000000 0.3451288839 1.5235211967 2.4717772019 19.0652986294 0.3451288839 0.5258111702 6.5799852363 0.0062239260
0.6990000000 0.3451255850 1.5235220226 2.4717762995 19.0654644932 0.3451255850 0.5258064293 6.5799795860 0.0044319367
0.7000000000 0.3451226875 1.5235228227 2.4717754252 19.0656097011 0.3451226875 0.5258022910 6.5799744583 0.0194887862
0.7010000000 0.3451212241 1.5235235980 2.4717745781 19.0656806663 0.3451212241 0.5258003291 6.5799710497 0.0524939903
0.7020000000 0.3451224924 1.5235243492 2.4717737573 19.0656100667 0.3451224924 0.5258025206 6.5799708646 0.0392989029
0.7030000000 0.3451284897 1.5235250752 2.4717729639 19.0652942857 0.3451284897 0.5258119083 6.5799762234 0.0186264793
0.7040000000 0.3451394238 1.5235257770 2.4717721970 19.0647225751 0.3451394238 0.5258288089 6.5799873649 0.0056374521
0.7050000000 0.3451525891 1.5235264551 2.4717714561 19.0640353186 0.3451525891 0.5258491005 6.5800011482 0.0058164754
0.7060000000 0.3451638477 1.5235271102 2.4717707402 19.0634471513 0.3451638477 0.5258664795 6.5800127694 0.0235667619
0.7070000000 0.3451692986 1.5235277430 2.4717700487 19.0631603845 0.3451692986 0.5258750025 6.5800176995 0.0658007207
0.7080000000 0.3451624595 1.5235283534 2.4717693816 19.0635112066 0.3451624595 0.5258647936 6.5800084157 0.0431341558
0.7090000000 0.3451308407 1.5235289395 2.4717687411 19.0651476223 0.3451308407 0.5258168237 6.5799704268 0.0214678386
0.7100000000 0.3450696569 1.5235295019 2.4717681267 19.0683186602 0.3450696569 0.5257238025 6.5798981783 0.0091664950
0.7110000000 0.3449887276 1.5235300406 2.4717675383 19.0725161132 0.3449887276 0.5256006902 6.5798030661 0.0004505539
0.7120000000 0.3449077658 1.5235305560 2.4717669755 19.0767173744 0.3449077658 0.5254775201 6.5797079678 0.0107197004
0.7130000000 0.3448474667 1.5235310485 2.4717664377 19.0798469944 0.3448474667 0.5253858225 6.5796369008 0.0351384313
0.7140000000 0.3448269083 1.5235315194 2.4717659237 19.0809123204 0.3448269083 0.5253546636 6.5796120036 0.0700805638
0.7150000000 0.3448917762 1.5235319681 2.4717654338 19.0775389657 0.3448917762 0.5254536465 6.5796862987 0.0380966589
0.7160000000 0.3451203695 1.5235323941 2.4717649687 19.0656687976 0.3451203695 0.5258020627 6.5799506595 0.0201581032
0.7170000000 0.3455404912 1.5235327986 2.4717645265 19.0438964961 0.3455404912 0.5264422716 6.5804373499 0.0097771850
0.7180000000 0.3461034128 1.5235331829 2.4717641059 19.0148076273 0.3461034128 0.5273000342 6.5810898145 0.0018187808
0.7190000000 0.3467028165 1.5235335478 2.4717637057 18.9839376758 0.3467028165 0.5282133721 6.5817846607 0.0056745177
0.7200000000 0.3472185872 1.5235338950 2.4717633243 18.9574600130 0.3472185872 0.5289992866 6.5823824825 0.0160071516
0.7210000000 0.3475441592 1.5235342256 2.4717629606 18.9407861582 0.3475441592 0.5294954214 6.5827595998 0.0706292548
0.7220000000 0.3475561641 1.5235345418 2.4717626124 18.9401699918 0.3475561641 0.5295138212 6.5827728293 0.0706345114
0.7230000000 0.3468532043 1.5235348434 2.4717622803 18.9762015660 0.3468532043 0.5284429423 6.5819563185 0.0320151015
0.7240000000 0.3449108367 1.5235351317 2.4717619640 19.0765285022 0.3449108367 0.5254837771 6.5797014078 0.0185463239
0.7250000000 0.3415336265 1.5235354083 2.4717616629 19.2536862156 0.3415336265 0.5203385731 6.5757812775 0.0104786864
0.7260000000 0.3369333830 1.5235356741 2.4717613769 19.5007146182 0.3369333830 0.5133300289 6.5704417480 0.0044949137
0.7270000000 0.3316645002 1.5235359300 2.4717611058 19.7920676884 0.3316645002 0.5053027827 6.5643262369 0.0005454606
0.7280000000 0.3264395904 1.5235361768 2.4717608488 20.0902769775 0.3264395904 0.4973425255 6.5582617869 0.0054597531
0.7290000000 0.3219299236 1.5235364149 2.4717606051 20.3554468828 0.3219299236 0.4904719617 6.5530274598 0.0122370767
0.7300000000 0.3187152239 1.5235366446 2.4717603735 20.5490531329 0.3187152239 0.4855743229 6.5492960710 0.0288873450
0.7310000000 0.3173502734 1.5235368662 2.4717601524 20.6324431933 0.3173502734 0.4834948411 6.5477114886 0.0708298501
0.7320000000 0.3195564589 1.5235370796 2.4717599405 20.4980101039 0.3195564589 0.4868561141 6.5502715224 0.0438635119
0.7330000000 0.3295206967 1.5235372841 2.4717597348 19.9132725104 0.3295206967 0.5020370674 6.5618354321 0.0253645383
0.7340000000 0.3510524653 1.5235374797 2.4717595295 18.7630769670 0.3510524653 0.5348415883 6.5868244264 0.0166621759
0.7350000000 0.3862097099 1.5235376661 2.4717593180 17.1606946843 0.3862097099 0.5884050400 6.6276269157 0.0113503114
0.7360000000 0.4351229087 1.5235378428 2.4717590941 15.3620831990 0.4351229087 0.6629262177 6.6843943252 0.0076568082
0.7370000000 0.4961958150 1.5235380094 2.4717588527 13.6141294784 0.4961958150 0.7559731842 6.7552740718 0.0048848006
0.7380000000 0.5665836631 1.5235381657 2.4717585894 12.0669991148 0.5665836631 0.8632118348 6.8369645612 0.0027082921
0.7390000000 0.6427980205 1.5235383122 2.4717583009 10.7738620016 0.6427980205 0.9793274113 6.9254171678 0.0009588657
0.7400000000 0.7212947346 1.5235384502 2.4717579837 9.7276720035 0.7212947346 1.0989202620 7.0165185957 0.0004529110
0.7410000000 0.7989427875 1.5235385812 2.4717576345 8.8950487268 0.7989427875 1.2172201610 7.1066350248 0.0016037184
0.7420000000 0.8732711679 1.5235387069 2.4717572504 8.2367297725 0.8732711679 1.3304624260 7.1928986281 0.0025738574
0.7430000000 0.9424832747 1.5235388275 2.4717568308 7.7170857955 0.9424832747 1.4359098634 7.2732242919 0.0034180764
0.7440000000 1.0054012832 1.5235389410 2.4717563791 7.3067790679 1.0054012832 1.5317680064 7.3462450510 0.0041702936
0.7450000000 1.0613860968 1.5235390429 2.4717559037 6.9825855169 1.0613860968 1.6170631581 7.4112191874 0.0048525460
0.7460000000 1.1102433960 1.5235391268 2.4717554168 6.7263819961 1.1102433960 1.6914992541 7.4679211903 0.0054799187
0.7470000000 1.1521252918 1.5235391859 2.4717549314 6.5240539936 1.1521252918 1.7553080291 7.5165276113 0.0060631818
0.7480000000 1.1874355395 1.5235392148 2.4717544574 6.3645619492 1.1874355395 1.8091046094 7.5575070516 0.0066102997
0.7490000000 1.2167440590 1.5235392107 2.4717539992 6.2392093849 1.2167440590 1.8537572833 7.5915209520 0.0071273467
0.7500000000 1.2407142561 1.5235391730 2.4717535553 6.1410910736 1.2407142561 1.8902767717 7.6193392430 0.0076190905
0.7510000000 1.2600446576 1.5235391028 2.4717531207 6.0646839501 1.2600446576 1.9197273071 7.6417726112 0.0080893830
0.7520000000 1.2754248230 1.5235390011 2.4717526893 6.0055451308 1.2754248230 1.9431594607 7.6596213352 0.0085414350
0.7530000000 1.2875043967 1.5235388677 2.4717522564 5.9600878952 1.2875043967 1.9615629907 7.6736393699 0.0089780126
0.7540000000 1.2968735005 1.5235387007 2.4717518190 5.9254133792 1.2968735005 1.9758369680 7.6845115911 0.0094015727
0.7550000000 1.3040523554 1.5235384970 2.4717513761 5.8991816694 1.3040523554 1.9867739655 7.6928417510 0.0098143480
0.7560000000 1.3094879863 1.5235382529 2.4717509273 5.8795107196 1.3094879863 1.9950550388 7.6991486524 0.0102184026
0.7570000000 1.3135560091 1.5235379664 2.4717504719 5.8648951174 1.3135560091 2.0012524508 7.7038682243 0.0106156764
0.7580000000 1.3165657684 1.5235376374 2.4717500090 5.8541393606 1.3165657684 2.0058375002 7.7073594854 0.0110080624
0.7590000000 1.3187674117 1.5235372687 2.4717495381 5.8463021529 1.3187674117 2.0091913005 7.7099127584 0.0113976790
0.7600000000 1.3203598162 1.5235368649 2.4717490608 5.8406494774 1.3203598162 2.0116168548 7.7117588703 0.0117875858
0.7610000000 1.3214985855 1.5235364314 2.4717485817 5.8366149763 1.3214985855 2.0133512391 7.7130784352 0.0121831890
0.7620000000 1.3223036111 1.5235359728 2.4717481091 5.8337665898 1.3223036111 2.0145771184 7.7140106278 0.0125948907
0.7630000000 1.3228658984 1.5235354919 2.4717476546 5.8317786492 1.3228658984 2.0154331473 7.7146611022 0.0130429266
0.7640000000 1.3232535199 1.5235349900 2.4717472303 5.8304087460 1.3232535199 2.0160230382 7.7151088954 0.0135645491
0.7650000000 1.3235166730 1.5235344674 2.4717468460 5.8294787277 1.3235166730 2.0164232695 7.7154122909 0.0142233537
0.7660000000 1.3236918956 1.5235339250 2.4717465052 5.8288592160 1.3236918956 2.0166895091 7.7156137046 0.0151281503
0.7670000000 1.3238054899 1.5235333650 2.4717462038 5.8284572135 1.3238054899 2.0168618327 7.7157436569 0.0164702446
0.7680000000 1.3238762434 1.5235327910 2.4717459322 5.8282063550 1.3238762434 2.0169688681 7.7158239351 0.0186040174
0.7690000000 1.3239175534 1.5235322058 2.4717456804 5.8280593446 1.3239175534 2.0170310304 7.7158700684 0.0223283095
0.7700000000 1.3239390169 1.5235316094 2.4717454414 5.8279823162 1.3239390169 2.0170629412 7.7158931781 0.0299460158
0.7710000000 1.3239475538 1.5235309984 2.4717452152 5.8279508622 1.3239475538 2.0170751384 7.7159012876 0.0633963582
0.7720000000 1.3239475807 1.5235303681 2.4717450101 5.8279494199 1.3239475807 2.0170743449 7.7158995348 0.0559946560
0.7730000000 1.3239403663 1.5235297093 2.4717448462 5.8279735403 1.3239403663 2.0170624814 7.7158894235 0.0153013865
0.7740000000 1.3239283377 1.5235290141 2.4717447405 5.8280146874 1.3239283377 2.0170432350 7.7158737970 0.0032333094
0.7750000000 1.3239149100 1.5235282810 2.4717446998 5.8280608327 1.3239149100 2.0170218069 7.7158566327 0.0024216283
0.7760000000 1.3239023225 1.5235275137 2.4717447265 5.8281040921 1.3239023225 2.0170016137 7.7158405431 0.0049314938
0.7770000000 1.3238914102 1.5235267195 2.4717448226 5.8281415362 1.3238914102 2.0169839371 7.7158265170 0.0048393567
0.7780000000 1.3238819728 1.5235259071 2.4717449922 5.8281738917 1.3238819728 2.0169684835 7.7158143497 0.0021327752
0.7790000000 1.3238731648 1.5235250866 2.4717452444 5.8282041727 1.3238731648 2.0169539780 7.7158031029 0.0016000256
0.7800000000 1.3238639727 1.5235242685 2.4717455961 5.8282359996 1.3238639727 2.0169388905 7.7157916641 0.0039837667
0.7810000000 1.3238536483 1.5235234622 2.4717460705 5.8282720691 1.3238536483 2.0169220936 7.7157792417 0.0042277661
0.7820000000 1.3238419403 1.5235226761 2.4717466939 5.8283133295 1.3238419403 2.0169032157 7.7157656270 0.0028289509
0.7830000000 1.3238291799 1.5235219198 2.4717474879 5.8283586695 1.3238291799 2.0168827737 7.7157512776 0.0005492853
0.7840000000 1.3238161629 1.5235212076 2.4717484647 5.8284053273 1.3238161629 2.0168619991 7.7157371760 0.0020080673
0.7850000000 1.3238038432 1.5235205601 2.4717496140 5.8284499516 1.3238038432 2.0168423726 7.7157244457 0.0045997488
0.7860000000 1.3237930425 1.5235200061 2.4717508984 5.8284896178 1.3237930425 2.0168251842 7.7157140044 0.0072017237
0.7870000000 1.3237842880 1.5235195837 2.4717522488 5.8285223946 1.3237842880 2.0168112874 7.7157063684 0.0099331157
0.7880000000 1.3237777745 1.5235193339 2.4717535744 5.8285474860 1.3237777745 2.0168010331 7.7157016193 0.0133342239
0.7890000000 1.3237734492 1.5235192932 2.4717547888 5.8285649696 1.3237734492 2.0167943897 7.7156995537 0.0191554837
0.7900000000 1.3237711459 1.5235194802 2.4717558471 5.8285753751 1.3237711459 2.0167911282 7.7156999034 0.0359914933
0.7910000000 1.3237706664 1.5235198793 2.4717567419 5.8285793641 1.3237706664 2.0167909258 7.7157023888 0.0454637853
0.7920000000 1.3237719553 1.5235204605 2.4717574846 5.8285771069 1.3237719553 2.0167936589 7.7157069134 0.0180542996
0.7930000000 1.3237746072 1.5235211838 2.4717581332 5.8285700825 1.3237746072 2.0167986567 7.7157130716 0.0033370992
0.7940000000 1.3237776392 1.5235220077 2.4717587514 5.8285618135 1.3237776392 2.0168043666 7.7157197974 0.0063539630
0.7950000000 1.3237801267 1.5235229031 2.4717593680 5.8285555707 1.3237801267 2.0168093417 7.7157260317 0.0181792847
0.7960000000 1.3237814202 1.5235238462 2.4717599941 5.8285536285 1.3237814202 2.0168125609 7.7157310002 0.0473262825
0.7970000000 1.3237807741 1.5235248177 2.4717606261 5.8285585806 1.3237807741 2.0168128625 7.7157337896 0.0409290093
0.7980000000 1.3237767748 1.5235257991 2.4717612701 5.8285753943 1.3237767748 2.0168080687 7.7157327374 0.0224316109
0.7990000000 1.3237684148 1.5235267762 2.4717619263 5.8286076023 1.3237684148 2.0167966255 7.7157266463 0.0130408285
0.8000000000 1.3237558982 1.5235277325 2.4717626010 5.8286544718 1.3237558982 2.0167788220 7.7157157354 0.0067947957
0.8010000000 1.3237404829 1.5235286587 2.4717632871 5.8287115397 1.3237404829 2.0167565623 7.7157014280 0.0020046398
0.8020000000 1.3237240272 1.5235295437 2.4717639818 5.8287722314 1.3237240272 2.0167326632 7.7156858517 0.0019408257
0.8030000000 1.3237083914 1.5235303831 2.4717646693 5.8288299499 1.3237083914 2.0167099526 7.7156711165 0.0055268292
0.8040000000 1.3236950205 1.5235311681 2.4717653439 5.8288795748 1.3236950205 2.0166906208 7.7156588683 0.0093045867
0.8050000000 1.3236848077 1.5235318930 2.4717660020 5.8289179401 1.3236848077 2.0166760209 7.7156501228 0.0140728227
0.8060000000 1.3236780872 1.5235325468 2.4717666511 5.8289438640 1.3236780872 2.0166666474 7.7156452644 0.0217944798
0.8070000000 1.3236747320 1.5235331193 2.4717672834 5.8289577636 1.3236747320 2.0166622933 7.7156441055 0.0542399308
0.8080000000 1.3236746029 1.5235336060 2.4717679112 5.8289601463 1.3236746029 2.0166627409 7.7156465068 0.0568614024
0.8090000000 1.3236786590 1.5235340064 2.4717685433 5.8289476449 1.3236786590 2.0166694506 7.7156536020 0.0235539210
0.8100000000 1.3236875967 1.5235343145 2.4717691801 5.8289177956 1.3236875967 2.0166834752 7.7156661883 0.0118707542
0.8110000000 1.3237005301 1.5235345398 2.4717697914 5.8288736805 1.3237005301 2.0167034780 7.7156831810 0.0051380218
0.8120000000 1.3237157040 1.5235346819 2.4717703666 5.8288214704 1.3237157040 2.0167267840 7.7157025163 0.0005155516
0.8130000000 1.3237312045 1.5235347453 2.4717708779 5.8287678690 1.3237312045 2.0167504835 7.7157219119 0.0028760804
0.8140000000 1.3237455224 1.5235347182 2.4717713299 5.8287181891 1.3237455224 2.0167722615 7.7157396043 0.0056510606
0.8150000000 1.3237577022 1.5235345944 2.4717717084 5.8286757640 1.3237577022 2.0167906539 7.7157544365 0.0081891542
0.8160000000 1.3237672962 1.5235343538 2.4717720274 5.8286421679 1.3237672962 2.0168049523 7.7157658833 0.0109867586
0.8170000000 1.3237742175 1.5235339896 2.4717722812 5.8286176857 1.3237742175 2.0168150149 7.7157738159 0.0148937822
0.8180000000 1.3237785986 1.5235334796 2.4717724778 5.8286018308 1.3237785986 2.0168210145 7.7157783634 0.0225763043
0.8190000000 1.3237806538 1.5235328093 2.4717725958 5.8285937855 1.3237806538 2.0168232583 7.7157796919 0.0493439707
0.8200000000 1.3237804514 1.5235319679 2.4717726792 5.8285933745 1.3237804514 2.0168218363 7.7157779685 0.0441406796
0.8210000000 1.3237775262 1.5235309429 2.4717727712 5.8286023019 1.3237775262 2.0168160226 7.7157727364 0.0197473467
0.8220000000 1.3237717757 1.5235296998 2.4717729404 5.8286210057 1.3237717757 2.0168056161 7.7157639785 0.0106189813
0.8230000000 1.3237637201 1.5235282389 2.4717731996 5.8286476761 1.3237637201 2.0167914092 7.7157523309 0.0056182619
0.8240000000 1.3237541230 1.5235265743 2.4717735489 5.8286796430 1.3237541230 2.0167745842 7.7157387090 0.0025659447
0.8250000000 1.3237437198 1.5235247725 2.4717738930 5.8287142340 1.3237437198 2.0167563497 7.7157238620 0.0005838242
0.8260000000 1.3237331029 1.5235229230 2.4717741039 5.8287492553 1.3237331029 2.0167377262 7.7157083376 0.0006582383
0.8270000000 1.3237226683 1.5235211417 2.4717740151 5.8287831720 1.3237226683 2.0167194709 7.7156924131 0.0014854915
0.8280000000 1.3237126666 1.5235195349 2.4717734968 5.8288150171 1.3237126666 2.0167021061 7.7156762694 0.0021134847
0.8290000000 1.3237032610 1.5235181795 2.4717724934 5.8288442276 1.3237032610 2.0166859823 7.7156601118 0.0026589862
0.8300000000 1.3236945619 1.5235171215 2.4717710224 5.8288705166 1.3236945619 2.0166713287 7.7156442050 0.0031800543
0.8310000000 1.3236866443 1.5235163871 2.4717691441 5.8288937739 1.3236866443 2.0166582940 7.7156288393 0.0037669444
0.8320000000 1.3236795681 1.5235159798 2.4717669606 5.8289139857 1.3236795681 2.0166469742 7.7156143470 0.0043799875
0.8330000000 1.3236733664 1.5235158978 2.4717645715 5.8289312208 1.3236733664 2.0166374173 7.7156010115 0.0049123096
0.8340000000 1.3236680278 1.5235161403 2.4717620532 5.8289456624 1.3236680278 2.0166296047 7.7155890089 0.0052513062
0.8350000000 1.3236634913 1.5235166995 2.4717594705 5.8289576361 1.3236634913 2.0166234335 7.7155784151 0.0053338652
0.8360000000 1.3236596584 1.5235175636 2.4717568701 5.8289675591 1.3236596584 2.0166187378 7.7155692084 0.0053755178
0.8370000000 1.3236564355 1.5235187043 2.4717543069 5.8289758228 1.3236564355 2.0166153376 7.7155613603 0.0056184621
0.8380000000 1.3236537570 1.5235200937 2.4717518105 5.8289826714 1.3236537570 2.0166130960 7.7155548126 0.0066672242
0.8390000000 1.3236516192 1.5235216946 2.4717494095 5.8289881156 1.3236516192 2.0166119579 7.7155495573 0.0094423157
0.8400000000 1.3236500911 1.5235234708 2.4717471244 5.8289918955 1.3236500911 2.0166119809 7.7155456533 0.0159707569
0.8410000000 1.3236492948 1.5235253793 2.4717449839 5.8289935687 1.3236492948 2.0166132939 7.7155432266 0.0335222935
0.8420000000 1.3236493829 1.5235273855 2.4717429708 5.8289925124 1.3236493829 2.0166160837 7.7155423418 0.0330255871
0.8430000000 1.3236505748 1.5235294431 2.4717411024 5.8289879144 1.3236505748 2.0166206232 7.7155432035 0.0163665728
0.8440000000 1.3236528417 1.5235315394 2.4717393284 5.8289797624 1.3236528417 2.0166268516 7.7155456270 0.0077162807
0.8450000000 1.3236558275 1.5235336186 2.4717376795 5.8289692854 1.3236558275 2.0166341526 7.7155491627 0.0014957545
0.8460000000 1.3236589937 1.5235356800 2.4717360769 5.8289582324 1.3236589937 2.0166417050 7.7155529881 0.0025695775
0.8470000000 1.3236619226 1.5235376742 2.4717345715 5.8289480971 1.3236619226 2.0166488070 7.7155566452 0.0060268609
0.8480000000 1.3236643300 1.5235396021 2.4717330972 5.8289397594 1.3236643300 2.0166550266 7.7155596414 0.0088871949
0.8490000000 1.3236661041 1.5235413811 2.4717316776 5.8289335317 1.3236661041 2.0166600844 7.7155617392 0.0136917194
0.8500000000 1.3236671588 1.5235429830 2.4717301529 5.8289293729 1.3236671588 2.0166638117 7.7155623820 0.0239836170
0.8510000000 1.3236674531 1.5235443443 2.4717285691 5.8289274178 1.3236674531 2.0166660619 7.7155615091 0.0356149818
0.8520000000 1.3236667613 1.5235455216 2.4717269160 5.8289285288 1.3236667613 2.0166665663 7.7155589477 0.0240544682
0.8530000000 1.3236647846 1.5235464778 2.4717253207 5.8289339440 1.3236647846 2.0166648203 7.7155545936 0.0154573871
0.8540000000 1.3236613752 1.5235471820 2.4717235112 5.8289436237 1.3236613752 2.0166605582 7.7155475331 0.0076381978
0.8550000000 1.3236569587 1.5235474584 2.4717213692 5.8289555757 1.3236569587 2.0166541953 7.7155376100 0.0000761743
0.8560000000 1.3236524876 1.5235474556 2.4717189088 5.8289666937 1.3236524876 2.0166473795 7.7155262640 0.0102749827
0.8570000000 1.3236492213 1.5235473786 2.4717168627 5.8289742315 1.3236492213 2.0166423013 7.7155172027 0.0229746295
0.8580000000 1.3236477662 1.5235473671 2.4717152341 5.8289762703 1.3236477662 2.0166400692 7.7155114193 0.0465323173
0.8590000000 1.3236482075 1.5235469394 2.4717134600 5.8289707113 1.3236482075 2.0166401753 7.7155066334 0.0351762059
0.8600000000 1.3236506569 1.5235456600 2.4717100549 5.8289536919 1.3236506569 2.0166422137 7.7154983835 0.0223078139
0.8610000000 1.3236558174 1.5235438060 2.4717065275 5.8289260047 1.3236558174 2.0166476220 7.7154918154 0.0155414560
0.8620000000 1.3236642207 1.5235436830 2.4717067101 5.8288965252 1.3236642207 2.0166602617 7.7155017764 0.0067373425
0.8630000000 1.3236747949 1.5235453311 2.4717117791 5.8288713169 1.3236747949 2.0166785538 7.7155300452 0.0117917423
0.8640000000 1.3236824886 1.5235450159 2.4717126375 5.8288453244 1.3236824886 2.0166898581 7.7155404846 0.0507683329
0.8650000000 1.3236837889 1.5235389511 2.4717022712 5.8288119204 1.3236837889 2.0166838113 7.7155038474 0.0573175674
0.8660000000 1.3236804266 1.5235313930 2.4716884242 5.8287861106 1.3236804266 2.0166686841 7.7154500852 0.0623253265
0.8670000000 1.3236831620 1.5235346735 2.4716995144 5.8288024072 1.3236831620 2.0166771941 7.7154876013 0.0387059120
0.8680000000 1.3236969396 1.5235567752 2.4717498786 5.8288826116 1.3236969396 2.0167274407 7.7156740745 0.0537882516
0.8690000000 1.3237002465 1.5235682703 2.4717803168 5.8289459498 1.3237002465 2.0167476950 7.7157771906 0.0696921310
0.8700000000 1.3236482305 1.5235169807 2.4716738159 5.8288501106 1.3236482305 2.0166005557 7.7153471349 0.0150033896
0.8710000000 1.3235581284 1.5234187788 2.4714716710 5.8286364796 1.3235581284 2.0163333076 7.7145391900 0.0702094353
0.8720000000 1.3235627197 1.5234402876 2.4715206585 5.8287455829 1.3235627197 2.0163687703 7.7147103559 0.0610417922
0.8730000000 1.3238089398 1.5237519338 2.4721989700 5.8296331141 1.3238089398 2.0171564320 7.7173204320 0.0040553598
0.8740000000 1.3240574633 1.5240716011 2.4728838024 5.8305370030 1.3240574633 2.0179583781 7.7199660341 0.0707508968
0.8750000000 1.3236643826 1.5235966655 2.4718823985 5.8293084988 1.3236643826 2.0167306395 7.7160480349 0.0326343731
0.8760000000 1.3223749549 1.5220364983 2.4685369648 5.8251602964 1.3223749549 2.0127029458 7.7030460840 0.0431719026
0.8770000000 1.3219250249 1.5214826343 2.4673716950 5.8237021237 1.3219250249 2.0112859693 7.6984975751 0.0708297704
0.8780000000 1.3249723225 1.5252247954 2.4753542850 5.8337326835 1.3249723225 2.0208806395 7.7295343425 0.0135292331
0.8790000000 1.3300746344 1.5314211563 2.4886891064 5.8503499254 1.3300746344 2.0369044346 7.7814020384 0.0708401862
0.8800000000 1.3278272046 1.5287201028 2.4828420139 5.8431257014 1.3278272046 2.0298761407 7.7586612660 0.0493302336
0.8810000000 1.3097507363 1.5065729307 2.4356767473 5.7840036893 1.3097507363 1.9732350053 7.5756030906 0.0097630162
0.8820000000 1.2942932058 1.4874575524 2.3955978049 5.7334966550 1.2942932058 1.9252062041 7.4208257663 0.0708471003
0.8830000000 1.3239458314 1.5246931747 2.4741142781 5.8342017106 1.3239458314 2.0186111728 7.7241670340 0.0285620338
0.8840000000 1.4063737237 1.6232890772 2.6934437769 6.1054569587 1.4063737237 2.2829511041 8.5865542378 0.0708477049
0.8850000000 1.4140502652 1.6358283772 2.7229677228 6.1520954745 1.4140502652 2.3131435505 8.6993722370 0.0689056304
0.8860000000 1.1469728311 1.3169641714 2.0573110511 5.3514165465 1.1469728311 1.5105221240 6.1379293865 0.0098889055
0.8870000000 0.7512939487 0.6414770534 1.1025890902 3.8747134322 0.7512939487 0.4819378284 2.9110487547 0.0263921997
0.8880000000 0.5554963957 0.1518893727 0.6728308297 3.0395963761 0.5554963957 0.0843739991 1.6884848312 0.0459640966
0.8890000000 0.5086253910 0.0224309324 0.5852863421 2.8770561557 0.5086253910 0.0114089418 1.4633438120 0.0526105936
0.8900000000 0.5011629120 0.0029534765 0.5728696637 2.8577061690 0.5011629120 0.0014801729 1.4321763452 0.0542716355
0.8910000000 0.5001511198 0.0003823845 0.5712417874 2.8553460114 0.5001511198 0.0001912500 1.4281045051 0.0545191465
0.8920000000 0.5000193494 0.0000489360 0.5710309387 2.8550442080 0.5000193494 0.0000244689 1.4275773473 0.0542071249
0.8930000000 0.5000023660 0.0000059834 0.5710037828 2.8550054042 0.5000023660 0.0000029917 1.4275094571 0.0515830394
0.8940000000 0.5000002459 0.0000006219 0.5710003931 2.8550005616 0.5000002459 0.0000003109 1.4275009829 0.0360742018
0.8950000000 0.5000000191 0.0000000483 0.5710000305 2.8550000436 0.5000000191 0.0000000241 1.4275000763 0.0089636900
0.8960000000 0.5000000012 0.0000000030 0.5710000019 2.8550000028 0.5000000012 0.0000000015 1.4275000048 0.0008463287
0.8970000000 0.5000000001 0.0000000002 0.5710000001 2.8550000002 0.5000000001 0.0000000001 1.4275000003 0.0000542959
0.8980000000 0.5000000000 0.0000000000 0.5710000000 2.8550000000 0.5000000000 0.0000000000 1.4275000000 0.0000031844
0.8990000000 0.5000000000 0.0000000000 0.5710000000 2.8550000000 0.5000000000 0.0000000000 1.4275000000 0.0000001849
0.9000000000 0.5000000000 0.0000000000 0.5710000000 2.8550000000 0.5000000000 0.0000000000 1.4275000000 0.0000000108
0.9010000000 0.5000000000 0.0000000000 0.5710000000 2.8550000000 0.5000000000 0.0000000000 1.4275000000 0.0000000006
0.9020000000 0.5000000000 0.0000000000 0.5710000000 2.8550000000 0.5000000000 0.0000000000 1.4275000000 0.0000000000
0.9030000000 0.5000000000 0.0000000000 0.5710000000 2.8550000000 0.5000000000 0.0000000000 1.4275000000 0.0000000000
0.9040000000 0.5000000000 0.0000000000 0.5710000000 2.8550000000 0.5000000000 0.0000000000 1.4275000000 0.0000000000
0.9050000000 0.5000000000 0.0000000000 0.5710000000 2.8550000000 0.5000000000 0.0000000000 1.4275000000 0.0000000000
0.9060000000 0.5000000000 0.0000000000 0.5710000000 2.8550000000 0.5000000000 0.0000000000 1.4275000000 0.0000000000
0.9070000000 0.5000000000 0.0000000000 0.5710000000 2.8550000000 0.5000000000 0.0000000000 1.4275000000 0.0000000000
0.9080000000 0.5000000000 0.0000000000 0.5710000000 2.8550000000 0.5000000000 0.0000000000 1.4275000000 0.0000000000
0.9090000000 0.5000000000 0.0000000000 0.5710000000 2.8550000000 0.5000000000 0.0000000000 1.4275000000 0.0000000000
0.9100000000 0.5000000000 0.0000000000 0.5710000000 2.8550000000 0.5000000000 0.0000000000 1.4275000000 0.0000000000
0.9110000000 0.5000000000 0.0000000000 0.5710000000 2.8550000000 0.5000000000 0.0000000000 1.4275000000 0.0000000000
0.9120000000 0.5000000000 0.0000000000 0.5710000000 2.8550000000 0.5000000000 0.0000000000 1.4275000000 0.0000000000
0.9130000000 0.5000000000 0.0000000000 0.5710000000 2.8550000000 0.5000000000 0.0000000000 1.4275000000 0.0000000000
0.9140000000 0.5000000000 0.0000000000 0.5710000000 2.8550000000 0.5000000000 0.0000000000 1.4275000000 0.0000000000
0.9150000000 0.5000000000 0.0000000000 0.5710000000 2.8550000000 0.5000000000 0.0000000000 1.4275000000 0.0000000000
0.9160000000 0.5000000000 0.0000000000 0.5710000000 2.8550000000 0.5000000000 0.0000000000 1.4275000000 0.0000000000
0.9170000000 0.5000000000 0.0000000000 0.5710000000 2.8550000000 0.5000000000 0.0000000000 1.4275000000 0.0000000000
0.9180000000 0.5000000000 0.0000000000 0.5710000000 2.8550000000 0.5000000000 0.0000000000 1.4275000000 0.0000000000
0.9190000000 0.5000000000 0.0000000000 0.5710000000 2.8550000000 0.5000000000 0.0000000000 1.4275000000 0.0000000000
0.9200000000 0.5000000000 0.0000000000 0.5710000000 2.8550000000 0.5000000000 0.0000000000 1.4275000000 0.0000000000
0.9210000000 0.5000000000 0.0000000000 0.5710000000 2.8550000000 0.5000000000 0.0000000000 1.4275000000 0.0000000000
0.9220000000 0.5000000000 0.0000000000 0.5710000000 2.8550000000 0.5000000000 0.0000000000 1.4275000000 0.0000000000
0.9230000000 0.5000000000 0.0000000000 0.5710000000 2.8550000000 0.5000000000 0.0000000000 1.4275000000 0.0000000000
0.9240000000 0.5000000000 0.0000000000 0.5710000000 2.8550000000 0.5000000000 0.0000000000 1.4275000000 0.0000000000
0.9250000000 0.5000000000 0.0000000000 0.5710000000 2.8550000000 0.5000000000 0.0000000000 1.4275000000 0.0000000000
0.9260000000 0.5000000000 0.0000000000 0.5710000000 2.8550000000 0.5000000000 0.0000000000 1.4275000000 0.0000000000
0.9270000000 0.5000000000 0.0000000000 0.5710000000 2.8550000000 0.5000000000 0.0000000000 1.4275000000 0.0000000000
0.9280000000 0.5000000000 0.0000000000 0.5710000000 2.8550000000 0.5000000000 0.0000000000 1.4275000000 0.0000000000
0.9290000000 0.5000000000 0.0000000000 0.5710000000 2.8550000000 0.5000000000 0.0000000000 1.4275000000 0.0000000000
0.9300000000 0.5000000000 0.0000000000 0.5710000000 2.8550000000 0.5000000000 0.0000000000 1.4275000000 0.0000000000
0.9310000000 0.5000000000 0.0000000000 0.5710000000 2.8550000000 0.5000000000 0.0000000000 1.4275000000 0.0000000000
0.9320000000 0.5000000000 0.0000000000 0.5710000000 2.8550000000 0.5000000000 0.0000000000 1.4275000000 0.0000000000
0.9330000000 0.5000000000 0.0000000000 0.5710000000 2.8550000000 0.5000000000 0.0000000000 1.4275000000 0.0000000000
0.9340000000 0.5000000000 0.0000000000 0.5710000000 2.8550000000 0.5000000000 0.0000000000 1.4275000000 0.0000000000
0.9350000000 0.5000000000 0.0000000000 0.5710000000 2.8550000000 0.5000000000 0.0000000000 1.4275000000 0.0000000000
0.9360000000 0.5000000000 0.0000000000 0.5710000000 2.8550000000 0.5000000000 0.0000000000 1.4275000000 0.0000000000
0.9370000000 0.5000000000 0.0000000000 0.5710000000 2.8550000000 0.5000000000 0.0000000000 1.4275000000 0.0000000000
0.9380000000 0.5000000000 0.0000000000 0.5710000000 2.8550000000 0.5000000000 0.0000000000 1.4275000000 0.0000000000
0.9390000000 0.5000000000 0.0000000000 0.5710000000 2.8550000000 0.5000000000 0.0000000000 1.4275000000 0.0000000000
0.9400000000 0.5000000000 0.0000000000 0.5710000000 2.8550000000 0.5000000000 0.0000000000 1.4275000000 0.0000000000
0.9410000000 0.5000000000 0.0000000000 0.5710000000 2.8550000000 0.5000000000 0.0000000000 1.4275000000 0.0000000000
0.9420000000 0.5000000000 0.0000000000 0.5710000000 2.8550000000 0.5000000000 0.0000000000 1.4275000000 0.0000000000
0.9430000000 0.5000000000 0.0000000000 0.5710000000 2.8550000000 0.5000000000 0.0000000000 1.4275000000 0.0000000000
0.9440000000 0.5000000000 0.0000000000 0.5710000000 2.8550000000 0.5000000000 0.0000000000 1.4275000000 0.0000000000
0.9450000000 0.5000000000 0.0000000000 0.5710000000 2.8550000000 0.5000000000 0.0000000000 1.4275000000 0.0000000000
0.9460000000 0.5000000000 0.0000000000 0.5710000000 2.8550000000 0.5000000000 0.0000000000 1.4275000000 0.0000000000
0.9470000000 0.5000000000 0.0000000000 0.5710000000 2.8550000000 0.5000000000 0.0000000000 1.4275000000 0.0000000000
0.9480000000 0.5000000000 0.0000000000 0.5710000000 2.8550000000 0.5000000000 0.0000000000 1.4275000000 0.0000000000
0.9490000000 0.5000000000 0.0000000000 0.5710000000 2.8550000000 0.5000000000 0.0000000000 1.4275000000 0.0000000000
0.9500000000 0.5000000000 0.0000000000 0.5710000000 2.8550000000 0.5000000000 0.0000000000 1.4275000000 0.0000000000
0.9510000000 0.5000000000 0.0000000000 0.5710000000 2.8550000000 0.5000000000 0.0000000000 1.4275000000 0.0000000000
0.9520000000 0.5000000000 0.0000000000 0.5710000000 2.8550000000 0.5000000000 0.0000000000 1.4275000000 0.0000000000
0.9530000000 0.5000000000 0.0000000000 0.5710000000 2.8550000000 0.5000000000 0.0000000000 1.4275000000 0.0000000000
0.9540000000 0.5000000000 0.0000000000 0.5710000000 2.8550000000 0.5000000000 0.0000000000 1.4275000000 0.0000000000
0.9550000000 0.5000000000 0.0000000000 0.5710000000 2.8550000000 0.5000000000 0.0000000000 1.4275000000 0.0000000000
0.9560000000 0.5000000000 0.0000000000 0.5710000000 2.8550000000 0.5000000000 0.0000000000 1.4275000000 0.0000000000
0.9570000000 0.5000000000 0.0000000000 0.5710000000 2.8550000000 0.5000000000 0.0000000000 1.4275000000 0.0000000000
0.9580000000 0.5000000000 0.0000000000 0.5710000000 2.8550000000 0.5000000000 0.0000000000 1.4275000000 0.0000000000
0.9590000000 0.5000000000 0.0000000000 0.5710000000 2.8550000000 0.5000000000 0.0000000000 1.4275000000 0.0000000000
0.9600000000 0.5000000000 0.0000000000 0.5710000000 2.8550000000 0.5000000000 0.0000000000 1.4275000000 0.0000000000
0.9610000000 0.5000000000 0.0000000000 0.5710000000 2.8550000000 0.5000000000 0.0000000000 1.4275000000 0.0000000000
0.9620000000 0.5000000000 0.0000000000 0.5710000000 2.8550000000 0.5000000000 0.0000000000 1.4275000000 0.0000000000
0.9630000000 0.5000000000 0.0000000000 0.5710000000 2.8550000000 0.5000000000 0.0000000000 1.4275000000 0.0000000000
0.9640000000 0.5000000000 0.0000000000 0.5710000000 2.8550000000 0.5000000000 0.0000000000 1.4275000000 0.0000000000
0.9650000000 0.5000000000 0.0000000000 0.5710000000 2.8550000000 0.5000000000 0.0000000000 1.4275000000 0.0000000000
0.9660000000 0.5000000000 0.0000000000 0.5710000000 2.8550000000 0.5000000000 0.0000000000 1.4275000000 0.0000000000
0.9670000000 0.5000000000 0.0000000000 0.5710000000 2.8550000000 0.5000000000 0.0000000000 1.4275000000 0.0000000000
0.9680000000 0.5000000000 0.0000000000 0.5710000000 2.8550000000 0.5000000000 0.0000000000 1.4275000000 0.0000000000
0.9690000000 0.5000000000 0.0000000000 0.5710000000 2.8550000000 0.5000000000 0.0000000000 1.4275000000 0.0000000000
0.9700000000 0.5000000000 0.0000000000 0.5710000000 2.8550000000 0.5000000000 0.0000000000 1.4275000000 0.0000000000
0.9710000000 0.5000000000 0.0000000000 0.5710000000 2.8550000000 0.5000000000 0.0000000000 1.4275000000 0.0000000000
0.9720000000 0.5000000000 0.0000000000 0.5710000000 2.8550000000 0.5000000000 0.0000000000 1.4275000000 0.0000000000
0.9730000000 0.5000000000 0.0000000000 0.5710000000 2.8550000000 0.5000000000 0.0000000000 1.4275000000 0.0000000000
0.9740000000 0.5000000000 0.0000000000 0.5710000000 2.8550000000 0.5000000000 0.0000000000 1.4275000000 0.0000000000
0.9750000000 0.5000000000 0.0000000000 0.5710000000 2.8550000000 0.5000000000 0.0000000000 1.4275000000 0.0000000000
0.9760000000 0.5000000000 0.0000000000 0.5710000000 2.8550000000 0.5000000000 0.0000000000 1.4275000000 0.0000000000
0.9770000000 0.5000000000 0.0000000000 0.5710000000 2.8550000000 0.5000000000 0.0000000000 1.4275000000 0.0000000000
0.9780000000 0.5000000000 0.0000000000 0.5710000000 2.8550000000 0.5000000000 0.0000000000 1.4275000000 0.0000000000
0.9790000000 0.5000000000 0.0000000000 0.5710000000 2.8550000000 0.5000000000 0.0000000000 1.4275000000 0.0000000000
0.9800000000 0.5000000000 0.0000000000 0.5710000000 2.8550000000 0.5000000000 0.0000000000 1.4275000000 0.0000000000
0.9810000000 0.5000000000 0.0000000000 0.5710000000 2.8550000000 0.5000000000 0.0000000000 1.4275000000 0.0000000000
0.9820000000 0.5000000000 0.0000000000 0.5710000000 2.8550000000 0.5000000000 0.0000000000 1.4275000000 0.0000000000
0.9830000000 0.5000000000 0.0000000000 0.5710000000 2.8550000000 0.5000000000 0.0000000000 1.4275000000 0.0000000000
0.9840000000 0.5000000000 0.0000000000 0.5710000000 2.8550000000 0.5000000000 0.0000000000 1.4275000000 0.0000000000
0.9850000000 0.5000000000 0.0000000000 0.5710000000 2.8550000000 0.5000000000 0.0000000000 1.4275000000 0.0000000000
0.9860000000 0.5000000000 0.0000000000 0.5710000000 2.8550000000 0.5000000000 0.0000000000 1.4275000000 0.0000000000
0.9870000000 0.5000000000 0.0000000000 0.5710000000 2.8550000000 0.5000000000 0.0000000000 1.4275000000 0.0000000000
0.9880000000 0.5000000000 0.0000000000 0.5710000000 2.8550000000 0.5000000000 0.0000000000 1.4275000000 0.0000000000
0.9890000000 0.5000000000 0.0000000000 0.5710000000 2.8550000000 0.5000000000 0.0000000000 1.4275000000 0.0000000000
0.9900000000 0.5000000000 0.0000000000 0.5710000000 2.8550000000 0.5000000000 0.0000000000 1.4275000000 0.0000000000
0.9910000000 0.5000000000 0.0000000000 0.5710000000 2.8550000000 0.5000000000 0.0000000000 1.4275000000 0.0000000000
0.9920000000 0.5000000000 0.0000000000 0.5710000000 2.8550000000 0.5000000000 0.0000000000 1.4275000000 0.0000000000
0.9930000000 0.5000000000 0.0000000000 0.5710000000 2.8550000000 0.5000000000 0.0000000000 1.4275000000 0.0000000000
0.9940000000 0.5000000000 0.0000000000 0.5710000000 2.8550000000 0.5000000000 0.0000000000 1.4275000000 0.0000000000
0.9950000000 0.5000000000 0.0000000000 0.5710000000 2.8550000000 0.5000000000 0.0000000000 1.4275000000 0.0000000000
0.9960000000 0.5000000000 0.0000000000 0.5710000000 2.8550000000 0.5000000000 0.0000000000 1.4275000000 0.0000000000
0.9970000000 0.5000000000 0.0000000000 0.5710000000 2.8550000000 0.5000000000 0.0000000000 1.4275000000 0.0000000000
0.9980000000 0.5000000000 0.0000000000 0.5710000000 2.8550000000 0.5000000000 0.0000000000 1.4275000000 0.0000000000
0.9990000000 0.5000000000 0.0000000000 0.5710000000 2.8550000000 0.5000000000 0.0000000000 1.4275000000 0.0000000000
1.0000000000 0.5000000000 0.0000000000 0.5710000000 2.8550000000 0.5000000000 0.0000000000 1.4275000000 0.0000000000
