TITLE = "1D Euler Filtered MacCormack Result"
VARIABLES = "x", "rho", "u", "p", "E", "rho_conserved", "rhou", "rhoE", "nu"
ZONE T="t=0.20000000", I=1001, F=POINT
0.0000000000 0.4000000000 0.5000000000 1.0000000000 6.3750000000 0.4000000000 0.2000000000 2.5500000000 0.0000000000
0.0010000000 0.4000000000 0.5000000000 1.0000000000 6.3750000000 0.4000000000 0.2000000000 2.5500000000 0.0000000000
0.0020000000 0.4000000000 0.5000000000 1.0000000000 6.3750000000 0.4000000000 0.2000000000 2.5500000000 0.0000000000
0.0030000000 0.4000000000 0.5000000000 1.0000000000 6.3750000000 0.4000000000 0.2000000000 2.5500000000 0.0000000000
0.0040000000 0.4000000000 0.5000000000 1.0000000000 6.3750000000 0.4000000000 0.2000000000 2.5500000000 0.0000000000
0.0050000000 0.4000000000 0.5000000000 1.0000000000 6.3750000000 0.4000000000 0.2000000000 2.5500000000 0.0000000000
0.0060000000 0.4000000000 0.5000000000 1.0000000000 6.3750000000 0.4000000000 0.2000000000 2.5500000000 0.0000000000
0.0070000000 0.4000000000 0.5000000000 1.0000000000 6.3750000000 0.4000000000 0.2000000000 2.5500000000 0.0000000000
0.0080000000 0.4000000000 0.5000000000 1.0000000000 6.3750000000 0.4000000000 0.2000000000 2.5500000000 0.0000000000
0.0090000000 0.4000000000 0.5000000000 1.0000000000 6.3750000000 0.4000000000 0.2000000000 2.5500000000 0.0000000000
0.0100000000 0.4000000000 0.5000000000 1.0000000000 6.3750000000 0.4000000000 0.2000000000 2.5500000000 0.0000000000
0.0110000000 0.4000000000 0.5000000000 1.0000000000 6.3750000000 0.4000000000 0.2000000000 2.5500000000 0.0000000000
0.0120000000 0.4000000000 0.5000000000 1.0000000000 6.3750000000 0.4000000000 0.2000000000 2.5500000000 0.0000000000
0.0130000000 0.4000000000 0.5000000000 1.0000000000 6.3750000000 0.4000000000 0.2000000000 2.5500000000 0.0000000000
0.0140000000 0.4000000000 0.5000000000 1.0000000000 6.3750000000 0.4000000000 0.2000000000 2.5500000000 0.0000000000
0.0150000000 0.4000000000 0.5000000000 1.0000000000 6.3750000000 0.4000000000 0.2000000000 2.5500000000 0.0000000000
0.0160000000 0.4000000000 0.5000000000 1.0000000000 6.3750000000 0.4000000000 0.2000000000 2.5500000000 0.0000000000
0.0170000000 0.4000000000 0.5000000000 1.0000000000 6.3750000000 0.4000000000 0.2000000000 2.5500000000 0.0000000000
0.0180000000 0.4000000000 0.5000000000 1.0000000000 6.3750000000 0.4000000000 0.2000000000 2.5500000000 0.0000000000
0.0190000000 0.4000000000 0.5000000000 1.0000000000 6.3750000000 0.4000000000 0.2000000000 2.5500000000 0.0000000000
0.0200000000 0.4000000000 0.5000000000 1.0000000000 6.3750000000 0.4000000000 0.2000000000 2.5500000000 0.0000000000
0.0210000000 0.4000000000 0.5000000000 1.0000000000 6.3750000000 0.4000000000 0.2000000000 2.5500000000 0.0000000000
0.0220000000 0.4000000000 0.5000000000 1.0000000000 6.3750000000 0.4000000000 0.2000000000 2.5500000000 0.0000000000
0.0230000000 0.4000000000 0.5000000000 1.0000000000 6.3750000000 0.4000000000 0.2000000000 2.5500000000 0.0000000000
0.0240000000 0.4000000000 0.5000000000 1.0000000000 6.3750000000 0.4000000000 0.2000000000 2.5500000000 0.0000000000
0.0250000000 0.4000000000 0.5000000000 1.0000000000 6.3750000000 0.4000000000 0.2000000000 2.5500000000 0.0000000000
0.0260000000 0.4000000000 0.5000000000 1.0000000000 6.3750000000 0.4000000000 0.2000000000 2.5500000000 0.0000000000
0.0270000000 0.4000000000 0.5000000000 1.0000000000 6.3750000000 0.4000000000 0.2000000000 2.5500000000 0.0000000000
0.0280000000 0.4000000000 0.5000000000 1.0000000000 6.3750000000 0.4000000000 0.2000000000 2.5500000000 0.0000000000
0.0290000000 0.4000000000 0.5000000000 1.0000000000 6.3750000000 0.4000000000 0.2000000000 2.5500000000 0.0000000000
0.0300000000 0.4000000000 0.5000000000 1.0000000000 6.3750000000 0.4000000000 0.2000000000 2.5500000000 0.0000000000
0.0310000000 0.4000000000 0.5000000000 1.0000000000 6.3750000000 0.4000000000 0.2000000000 2.5500000000 0.0000000000
0.0320000000 0.4000000000 0.5000000000 1.0000000000 6.3750000000 0.4000000000 0.2000000000 2.5500000000 0.0000000000
0.0330000000 0.4000000000 0.5000000000 1.0000000000 6.3750000000 0.4000000000 0.2000000000 2.5500000000 0.0000000000
0.0340000000 0.4000000000 0.5000000000 1.0000000000 6.3750000000 0.4000000000 0.2000000000 2.5500000000 0.0000000000
0.0350000000 0.4000000000 0.5000000000 1.0000000000 6.3750000000 0.4000000000 0.2000000000 2.5500000000 0.0000000000
0.0360000000 0.4000000000 0.5000000000 1.0000000000 6.3750000000 0.4000000000 0.2000000000 2.5500000000 0.0000000000
0.0370000000 0.4000000000 0.5000000000 1.0000000000 6.3750000000 0.4000000000 0.2000000000 2.5500000000 0.0000000000
0.0380000000 0.4000000000 0.5000000000 1.0000000000 6.3750000000 0.4000000000 0.2000000000 2.5500000000 0.0000000000
0.0390000000 0.4000000000 0.5000000000 1.0000000000 6.3750000000 0.4000000000 0.2000000000 2.5500000000 0.0000000000
0.0400000000 0.4000000000 0.5000000000 1.0000000000 6.3750000000 0.4000000000 0.2000000000 2.5500000000 0.0000000000
0.0410000000 0.4000000000 0.5000000000 1.0000000000 6.3750000000 0.4000000000 0.2000000000 2.5500000000 0.0000000000
0.0420000000 0.4000000000 0.5000000000 1.0000000000 6.3750000000 0.4000000000 0.2000000000 2.5500000000 0.0000000000
0.0430000000 0.4000000000 0.5000000000 1.0000000000 6.3750000000 0.4000000000 0.2000000000 2.5500000000 0.0000000000
0.0440000000 0.4000000000 0.5000000000 1.0000000000 6.3750000000 0.4000000000 0.2000000000 2.5500000000 0.0000000000
0.0450000000 0.4000000000 0.5000000000 1.0000000000 6.3750000000 0.4000000000 0.2000000000 2.5500000000 0.0000000000
0.0460000000 0.4000000000 0.5000000000 1.0000000000 6.3750000000 0.4000000000 0.2000000000 2.5500000000 0.0000000000
0.0470000000 0.4000000000 0.5000000000 1.0000000000 6.3750000000 0.4000000000 0.2000000000 2.5500000000 0.0000000000
0.0480000000 0.4000000000 0.5000000000 1.0000000000 6.3750000000 0.4000000000 0.2000000000 2.5500000000 0.0000000000
0.0490000000 0.4000000000 0.5000000000 1.0000000000 6.3750000000 0.4000000000 0.2000000000 2.5500000000 0.0000000000
0.0500000000 0.4000000000 0.5000000000 1.0000000000 6.3750000000 0.4000000000 0.2000000000 2.5500000000 0.0000000000
0.0510000000 0.4000000000 0.5000000000 1.0000000000 6.3750000000 0.4000000000 0.2000000000 2.5500000000 0.0000000000
0.0520000000 0.4000000000 0.5000000000 1.0000000000 6.3750000000 0.4000000000 0.2000000000 2.5500000000 0.0000000000
0.0530000000 0.4000000000 0.5000000000 1.0000000000 6.3750000000 0.4000000000 0.2000000000 2.5500000000 0.0000000000
0.0540000000 0.4000000000 0.5000000000 1.0000000000 6.3750000000 0.4000000000 0.2000000000 2.5500000000 0.0000000000
0.0550000000 0.4000000000 0.5000000000 1.0000000000 6.3750000000 0.4000000000 0.2000000000 2.5500000000 0.0000000000
0.0560000000 0.4000000000 0.5000000000 1.0000000000 6.3750000000 0.4000000000 0.2000000000 2.5500000000 0.0000000000
0.0570000000 0.4000000000 0.5000000000 1.0000000000 6.3750000000 0.4000000000 0.2000000000 2.5500000000 0.0000000000
0.0580000000 0.4000000000 0.5000000000 1.0000000000 6.3750000000 0.4000000000 0.2000000000 2.5500000000 0.0000000000
0.0590000000 0.4000000000 0.5000000000 1.0000000000 6.3750000000 0.4000000000 0.2000000000 2.5500000000 0.0000000000
0.0600000000 0.4000000000 0.5000000000 1.0000000000 6.3750000000 0.4000000000 0.2000000000 2.5500000000 0.0000000000
0.0610000000 0.4000000000 0.5000000000 1.0000000000 6.3750000000 0.4000000000 0.2000000000 2.5500000000 0.0000000000
0.0620000000 0.4000000000 0.5000000000 1.0000000000 6.3750000000 0.4000000000 0.2000000000 2.5500000000 0.0000000000
0.0630000000 0.4000000000 0.5000000000 1.0000000000 6.3750000000 0.4000000000 0.2000000000 2.5500000000 0.0000000000
0.0640000000 0.4000000000 0.5000000000 1.0000000000 6.3750000000 0.4000000000 0.2000000000 2.5500000000 0.0000000000
0.0650000000 0.4000000000 0.5000000000 1.0000000000 6.3750000000 0.4000000000 0.2000000000 2.5500000000 0.0000000000
0.0660000000 0.4000000000 0.5000000000 1.0000000000 6.3750000000 0.4000000000 0.2000000000 2.5500000000 0.0000000000
0.0670000000 0.4000000000 0.5000000000 1.0000000000 6.3750000000 0.4000000000 0.2000000000 2.5500000000 0.0000000000
0.0680000000 0.4000000000 0.5000000000 1.0000000000 6.3750000000 0.4000000000 0.2000000000 2.5500000000 0.0000000000
0.0690000000 0.4000000000 0.5000000000 1.0000000000 6.3750000000 0.4000000000 0.2000000000 2.5500000000 0.0000000000
0.0700000000 0.4000000000 0.5000000000 1.0000000000 6.3750000000 0.4000000000 0.2000000000 2.5500000000 0.0000000000
0.0710000000 0.4000000000 0.5000000000 1.0000000000 6.3750000000 0.4000000000 0.2000000000 2.5500000000 0.0000000000
0.0720000000 0.4000000000 0.5000000000 1.0000000000 6.3750000000 0.4000000000 0.2000000000 2.5500000000 0.0000000000
0.0730000000 0.4000000000 0.5000000000 1.0000000000 6.3750000000 0.4000000000 0.2000000000 2.5500000000 0.0000000000
0.0740000000 0.4000000000 0.5000000000 1.0000000000 6.3750000000 0.4000000000 0.2000000000 2.5500000000 0.0000000000
0.0750000000 0.4000000000 0.5000000000 1.0000000000 6.3750000000 0.4000000000 0.2000000000 2.5500000000 0.0000000000
0.0760000000 0.4000000000 0.5000000000 1.0000000000 6.3750000000 0.4000000000 0.2000000000 2.5500000000 0.0000000000
0.0770000000 0.4000000000 0.5000000000 1.0000000000 6.3750000000 0.4000000000 0.2000000000 2.5500000000 0.0000000000
0.0780000000 0.4000000000 0.5000000000 1.0000000000 6.3750000000 0.4000000000 0.2000000000 2.5500000000 0.0000000000
0.0790000000 0.4000000000 0.5000000000 1.0000000000 6.3750000000 0.4000000000 0.2000000000 2.5500000000 0.0000000000
0.0800000000 0.4000000000 0.5000000000 1.0000000000 6.3750000000 0.4000000000 0.2000000000 2.5500000000 0.0000000000
0.0810000000 0.4000000000 0.5000000000 1.0000000000 6.3750000000 0.4000000000 0.2000000000 2.5500000000 0.0000000000
0.0820000000 0.4000000000 0.5000000000 1.0000000000 6.3750000000 0.4000000000 0.2000000000 2.5500000000 0.0000000000
0.0830000000 0.4000000000 0.5000000000 1.0000000000 6.3750000000 0.4000000000 0.2000000000 2.5500000000 0.0000000000
0.0840000000 0.4000000000 0.5000000000 1.0000000000 6.3750000000 0.4000000000 0.2000000000 2.5500000000 0.0000000000
0.0850000000 0.4000000000 0.5000000000 1.0000000000 6.3750000000 0.4000000000 0.2000000000 2.5500000000 0.0000000000
0.0860000000 0.4000000000 0.5000000000 1.0000000000 6.3750000000 0.4000000000 0.2000000000 2.5500000000 0.0000000000
0.0870000000 0.4000000000 0.5000000000 1.0000000000 6.3750000000 0.4000000000 0.2000000000 2.5500000000 0.0000000000
0.0880000000 0.4000000000 0.5000000000 1.0000000000 6.3750000000 0.4000000000 0.2000000000 2.5500000000 0.0000000000
0.0890000000 0.4000000000 0.5000000000 1.0000000000 6.3750000000 0.4000000000 0.2000000000 2.5500000000 0.0000000000
0.0900000000 0.4000000000 0.5000000000 1.0000000000 6.3750000000 0.4000000000 0.2000000000 2.5500000000 0.0000000000
0.0910000000 0.4000000000 0.5000000000 1.0000000000 6.3750000000 0.4000000000 0.2000000000 2.5500000000 0.0000000000
0.0920000000 0.4000000000 0.5000000000 1.0000000000 6.3750000000 0.4000000000 0.2000000000 2.5500000000 0.0000000000
0.0930000000 0.4000000000 0.5000000000 1.0000000000 6.3750000000 0.4000000000 0.2000000000 2.5500000000 0.0000000000
0.0940000000 0.4000000000 0.5000000000 1.0000000000 6.3750000000 0.4000000000 0.2000000000 2.5500000000 0.0000000000
0.0950000000 0.4000000000 0.5000000000 1.0000000000 6.3750000000 0.4000000000 0.2000000000 2.5500000000 0.0000000000
0.0960000000 0.4000000000 0.5000000000 1.0000000000 6.3750000000 0.4000000000 0.2000000000 2.5500000000 0.0000000000
0.0970000000 0.4000000000 0.5000000000 1.0000000000 6.3750000000 0.4000000000 0.2000000000 2.5500000000 0.0000000000
0.0980000000 0.4000000000 0.5000000000 1.0000000000 6.3750000000 0.4000000000 0.2000000000 2.5500000000 0.0000000000
0.0990000000 0.4000000000 0.5000000000 1.0000000000 6.3750000000 0.4000000000 0.2000000000 2.5500000000 0.0000000000
0.1000000000 0.4000000000 0.5000000000 1.0000000000 6.3750000000 0.4000000000 0.2000000000 2.5500000000 0.0000000000
0.1010000000 0.4000000000 0.5000000000 1.0000000000 6.3750000000 0.4000000000 0.2000000000 2.5500000000 0.0000000000
0.1020000000 0.4000000000 0.5000000000 1.0000000000 6.3750000000 0.4000000000 0.2000000000 2.5500000000 0.0000000000
0.1030000000 0.4000000000 0.5000000000 1.0000000000 6.3750000000 0.4000000000 0.2000000000 2.5500000000 0.0000000000
0.1040000000 0.4000000000 0.5000000000 1.0000000000 6.3750000000 0.4000000000 0.2000000000 2.5500000000 0.0000000000
0.1050000000 0.4000000000 0.5000000000 1.0000000000 6.3750000000 0.4000000000 0.2000000000 2.5500000000 0.0000000000
0.1060000000 0.4000000000 0.5000000000 1.0000000000 6.3750000000 0.4000000000 0.2000000000 2.5500000000 0.0000000000
0.1070000000 0.4000000000 0.5000000000 1.0000000000 6.3750000000 0.4000000000 0.2000000000 2.5500000000 0.0000000000
0.1080000000 0.4000000000 0.5000000000 1.0000000000 6.3750000000 0.4000000000 0.2000000000 2.5500000000 0.0000000000
0.1090000000 0.4000000000 0.5000000000 1.0000000000 6.3750000000 0.4000000000 0.2000000000 2.5500000000 0.0000000000
0.1100000000 0.4000000000 0.5000000000 1.0000000000 6.3750000000 0.4000000000 0.2000000000 2.5500000000 0.0000000000
0.1110000000 0.4000000000 0.5000000000 1.0000000000 6.3750000000 0.4000000000 0.2000000000 2.5500000000 0.0000000000
0.1120000000 0.4000000000 0.5000000000 1.0000000000 6.3750000000 0.4000000000 0.2000000000 2.5500000000 0.0000000000
0.1130000000 0.4000000000 0.5000000000 1.0000000000 6.3750000000 0.4000000000 0.2000000000 2.5500000000 0.0000000000
0.1140000000 0.4000000000 0.5000000000 1.0000000000 6.3750000000 0.4000000000 0.2000000000 2.5500000000 0.0000000000
0.1150000000 0.4000000000 0.5000000000 1.0000000000 6.3750000000 0.4000000000 0.2000000000 2.5500000000 0.0000000000
0.1160000000 0.4000000000 0.5000000000 1.0000000000 6.3750000000 0.4000000000 0.2000000000 2.5500000000 0.0000000000
0.1170000000 0.4000000000 0.5000000000 1.0000000000 6.3750000000 0.4000000000 0.2000000000 2.5500000000 0.0000000000
0.1180000000 0.4000000000 0.5000000000 1.0000000000 6.3750000000 0.4000000000 0.2000000000 2.5500000000 0.0000000000
0.1190000000 0.4000000000 0.5000000000 1.0000000000 6.3750000000 0.4000000000 0.2000000000 2.5500000000 0.0000000000
0.1200000000 0.4000000000 0.5000000000 1.0000000000 6.3750000000 0.4000000000 0.2000000000 2.5500000000 0.0000000000
0.1210000000 0.4000000000 0.5000000000 1.0000000000 6.3750000000 0.4000000000 0.2000000000 2.5500000000 0.0000000000
0.1220000000 0.4000000000 0.5000000000 1.0000000000 6.3750000000 0.4000000000 0.2000000000 2.5500000000 0.0000000000
0.1230000000 0.4000000000 0.5000000000 1.0000000000 6.3750000000 0.4000000000 0.2000000000 2.5500000000 0.0000000000
0.1240000000 0.4000000000 0.5000000000 1.0000000000 6.3750000000 0.4000000000 0.2000000000 2.5500000000 0.0000000000
0.1250000000 0.4000000000 0.5000000000 1.0000000000 6.3750000000 0.4000000000 0.2000000000 2.5500000000 0.0000000000
0.1260000000 0.4000000000 0.5000000000 1.0000000000 6.3750000000 0.4000000000 0.2000000000 2.5500000000 0.0000000000
0.1270000000 0.4000000000 0.5000000000 1.0000000000 6.3750000000 0.4000000000 0.2000000000 2.5500000000 0.0000000000
0.1280000000 0.4000000000 0.5000000000 1.0000000000 6.3750000000 0.4000000000 0.2000000000 2.5500000000 0.0000000000
0.1290000000 0.4000000000 0.5000000000 1.0000000000 6.3750000000 0.4000000000 0.2000000000 2.5500000000 0.0000000000
0.1300000000 0.4000000000 0.5000000000 1.0000000000 6.3750000000 0.4000000000 0.2000000000 2.5500000000 0.0000000000
0.1310000000 0.4000000000 0.5000000000 1.0000000000 6.3750000000 0.4000000000 0.2000000000 2.5500000000 0.0000000002
0.1320000000 0.4000000000 0.5000000000 1.0000000000 6.3750000000 0.4000000000 0.2000000000 2.5500000000 0.0000000008
0.1330000000 0.4000000000 0.5000000000 1.0000000000 6.3750000000 0.4000000000 0.2000000000 2.5500000000 0.0000000034
0.1340000000 0.4000000000 0.5000000000 1.0000000000 6.3750000000 0.4000000000 0.2000000000 2.5500000000 0.0000000151
0.1350000000 0.4000000000 0.5000000000 1.0000000000 6.3750000000 0.4000000000 0.2000000000 2.5500000000 0.0000000665
0.1360000000 0.4000000000 0.5000000000 1.0000000000 6.3750000000 0.4000000000 0.2000000000 2.5500000000 0.0000002935
0.1370000000 0.4000000000 0.5000000000 1.0000000000 6.3750000000 0.4000000000 0.2000000000 2.5500000000 0.0000012936
0.1380000000 0.4000000000 0.4999999999 1.0000000001 6.3750000001 0.4000000000 0.2000000000 2.5500000002 0.0000057008
0.1390000000 0.4000000001 0.4999999996 1.0000000003 6.3750000004 0.4000000001 0.1999999999 2.5500000008 0.0000250882
0.1400000000 0.4000000004 0.4999999980 1.0000000015 6.3750000016 0.4000000004 0.1999999994 2.5500000033 0.0001097644
0.1410000000 0.4000000018 0.4999999914 1.0000000065 6.3750000072 0.4000000018 0.1999999975 2.5500000147 0.0004688734
0.1420000000 0.4000000081 0.4999999623 1.0000000282 6.3750000315 0.4000000081 0.1999999890 2.5500000639 0.0018394134
0.1430000000 0.4000000342 0.4999998401 1.0000001197 6.3750001337 0.4000000342 0.1999999531 2.5500002714 0.0057177479
0.1440000000 0.4000001378 0.4999993557 1.0000004821 6.3750005388 0.4000001378 0.1999998112 2.5500010937 0.0117224309
0.1450000000 0.4000005186 0.4999975745 1.0000018151 6.3750020285 0.4000005186 0.1999992891 2.5500041174 0.0160562048
0.1460000000 0.4000018440 0.4999913754 1.0000064540 6.3750072128 0.4000018440 0.1999974722 2.5500146407 0.0178422501
0.1470000000 0.4000063390 0.4999703522 1.0000221865 6.3750247955 0.4000063390 0.1999913102 2.5500503292 0.0184240433
0.1480000000 0.4000214412 0.4998997185 1.0000750459 6.3750838760 0.4000214412 0.1999706058 2.5501702397 0.0185993679
0.1490000000 0.4000720163 0.4996631792 1.0002520779 6.3752817980 0.4000720163 0.1999012556 2.5505718432 0.0186440972
0.1500000000 0.4002410535 0.4988726259 1.0008439217 6.3759440905 0.4002410535 0.1996693053 2.5519145797 0.0186308110
0.1510000000 0.4008038794 0.4962407544 1.0028161850 6.3781578737 0.4008038794 0.1988952195 2.5563904194 0.0185377914
0.1520000000 0.4026558646 0.4875842528 1.0093239417 6.3855352963 0.4026558646 0.1963286588 2.5711732356 0.0182155887
0.1530000000 0.4085235808 0.4601968408 1.0301210889 6.4098172988 0.4085235808 0.1880012613 2.6185615154 0.0171763466
0.1540000000 0.4251764207 0.3830771057 1.0904339617 6.4850299290 0.4251764207 0.1628753527 2.7572818136 0.0141604810
0.1550000000 0.4617891695 0.2200708043 1.2274952603 6.6695384965 0.4617891695 0.1016263139 3.0799206430 0.0072480433
0.1560000000 0.5131096394 0.0128884003 1.4241737560 6.9390179659 0.5131096394 0.0066131624 3.5604770066 0.0043922415
0.1570000000 0.5490523305 -0.1169698701 1.5625447456 7.1215760329 0.5490523305 -0.0642225798 3.9101179174 0.0232949074
0.1580000000 0.5535279639 -0.1321272087 1.5793535943 7.1418534897 0.5535279639 -0.0731361048 3.9532156204 0.0346030316
0.1590000000 0.5421363467 -0.0910927291 1.5343591361 7.0796712972 0.5421363467 -0.0493846794 3.8381471329 0.0010524243
0.1600000000 0.5316774483 -0.0521514660 1.4929300307 7.0212646981 0.5316774483 -0.0277277584 3.7330480984 0.0198120119
0.1610000000 0.5296769346 -0.0445461514 1.4849553402 7.0097707540 0.5296769346 -0.0235950689 3.7129138852 0.0346020944
0.1620000000 0.5331338301 -0.0574957050 1.4985804539 7.0288774195 0.5331338301 -0.0306529054 3.7473323399 0.0040563615
0.1630000000 0.5369149276 -0.0715022827 1.5134667619 7.0496073388 0.5369149276 -0.0383906430 3.7850394141 0.0158450879
0.1640000000 0.5380342896 -0.0756193927 1.5178682627 7.0557008142 0.5380342896 -0.0406858262 3.7962089754 0.0345995901
0.1650000000 0.5371252605 -0.0722684584 1.5142854140 7.0507132011 0.5371252605 -0.0388172146 3.7871161650 0.0084354018
0.1660000000 0.5358926069 -0.0677067036 1.5094232325 7.0439232630 0.5358926069 -0.0362835219 3.7747864002 0.0126366265
0.1670000000 0.5354185540 -0.0659445354 1.5075489284 7.0412884933 0.5354185540 -0.0353079278 3.7700365035 0.0345920349
0.1680000000 0.5356489405 -0.0667986079 1.5084571567 7.0425565209 0.5356489405 -0.0357806036 3.7723379390 0.0135802071
0.1690000000 0.5360511334 -0.0682901983 1.5100454665 7.0447824501 0.5360511334 -0.0366070382 3.7763636172 0.0096366356
0.1700000000 0.5362444851 -0.0690050142 1.5108080845 7.0458476158 0.5362444851 -0.0370035583 3.7782969267 0.0345695990
0.1710000000 0.5361950530 -0.0688191565 1.5106109805 7.0455651548 0.5361950530 -0.0369004913 3.7777971817 0.0213518148
0.1720000000 0.5360672254 -0.0683456531 1.5101066943 7.0448603760 0.5360672254 -0.0366378646 3.7765187552 0.0067907249
0.1730000000 0.5359926100 -0.0680716990 1.5098140318 7.0444570293 0.5359926100 -0.0364859276 3.7757769091 0.0343376327
0.1740000000 0.5359998920 -0.0680998671 1.5098427342 7.0444971472 0.5359998920 -0.0365015214 3.7758497098 0.0343782130
0.1750000000 0.5360397831 -0.0682471174 1.5099986292 7.0447101868 0.5360397831 -0.0365831700 3.7762449209 0.0040638286
0.1760000000 0.5360671108 -0.0683482790 1.5101063989 7.0448606831 0.5360671108 -0.0366392645 3.7765181125 0.0274780896
0.1770000000 0.5360674760 -0.0683497834 1.5101089123 7.0448677095 0.5360674760 -0.0366400959 3.7765244520 0.0340203024
0.1780000000 0.5360554767 -0.0683041510 1.5100615430 7.0448013192 0.5360554767 -0.0366148142 3.7764043294 0.0012362608
0.1790000000 0.5360459416 -0.0682670995 1.5100229479 7.0447440604 0.5360459416 -0.0365943016 3.7763064631 0.0220531556
0.1800000000 0.5360446431 -0.0682623777 1.5100179178 7.0447373377 0.5360446431 -0.0365916819 3.7762937120 0.0330714807
0.1810000000 0.5360479681 -0.0682760904 1.5100317501 7.0447591018 0.5360479681 -0.0365992595 3.7763288025 0.0014206222
0.1820000000 0.5360512807 -0.0682893367 1.5100447335 7.0447770379 0.5360512807 -0.0366065864 3.7763617534 0.0188548475
0.1830000000 0.5360520489 -0.0682923106 1.5100471030 7.0447781994 0.5360520489 -0.0366082330 3.7763677878 0.0306721337
0.1840000000 0.5360508539 -0.0682880461 1.5100424862 7.0447720767 0.5360508539 -0.0366058654 3.7763560871 0.0030305289
0.1850000000 0.5360495082 -0.0682829108 1.5100377028 7.0447670969 0.5360495082 -0.0366030208 3.7763439375 0.0157000214
0.1860000000 0.5360492581 -0.0682809177 1.5100366148 7.0447651723 0.5360492581 -0.0366019353 3.7763411439 0.0259389744
0.1870000000 0.5360497994 -0.0682817424 1.5100383014 7.0447659827 0.5360497994 -0.0366024143 3.7763453919 0.0030475633
0.1880000000 0.5360502239 -0.0682833032 1.5100401055 7.0447689256 0.5360502239 -0.0366032799 3.7763499602 0.0164001775
0.1890000000 0.5360501702 -0.0682840243 1.5100402937 7.0447705578 0.5360501702 -0.0366036628 3.7763504568 0.0203105629
0.1900000000 0.5360498870 -0.0682838077 1.5100391105 7.0447687467 0.5360498870 -0.0366035274 3.7763474903 0.0026300224
0.1910000000 0.5360496247 -0.0682832725 1.5100377467 7.0447657950 0.5360496247 -0.0366032226 3.7763440606 0.0096488978
0.1920000000 0.5360494473 -0.0682829558 1.5100372376 7.0447657300 0.5360494473 -0.0366030407 3.7763427758 0.0166743938
0.1930000000 0.5360494577 -0.0682828499 1.5100376314 7.0447674227 0.5360494577 -0.0366029847 3.7763437567 0.0060828211
0.1940000000 0.5360496586 -0.0682826851 1.5100383757 7.0447682430 0.5360496586 -0.0366029100 3.7763456117 0.0050326370
0.1950000000 0.5360498264 -0.0682823444 1.5100387996 7.0447679921 0.5360498264 -0.0366027389 3.7763466595 0.0127978483
0.1960000000 0.5360497366 -0.0682820010 1.5100386709 7.0447685488 0.5360497366 -0.0366025486 3.7763463249 0.0084538974
0.1970000000 0.5360495168 -0.0682819179 1.5100381480 7.0447689911 0.5360495168 -0.0366024891 3.7763450140 0.0009674226
0.1980000000 0.5360493844 -0.0682821641 1.5100375520 7.0447679679 0.5360493844 -0.0366026121 3.7763435327 0.0039395770
0.1990000000 0.5360493289 -0.0682825078 1.5100371478 7.0447668366 0.5360493289 -0.0366027925 3.7763425347 0.0073069636
0.2000000000 0.5360492409 -0.0682826372 1.5100370219 7.0447674136 0.5360492409 -0.0366028559 3.7763422245 0.0071400656
0.2010000000 0.5360492006 -0.0682823956 1.5100371519 7.0447685327 0.5360492006 -0.0366027236 3.7763425405 0.0026970791
0.2020000000 0.5360493021 -0.0682818870 1.5100374254 7.0447684404 0.5360493021 -0.0366024579 3.7763432060 0.0013287311
0.2030000000 0.5360494137 -0.0682813982 1.5100376787 7.0447681221 0.5360494137 -0.0366022035 3.7763438216 0.0056014165
0.2040000000 0.5360493843 -0.0682811743 1.5100377508 7.0447688293 0.5360493843 -0.0366020815 3.7763439936 0.0072411123
0.2050000000 0.5360492814 -0.0682812930 1.5100375547 7.0447692750 0.5360492814 -0.0366021381 3.7763435074 0.0037869372
0.2060000000 0.5360492177 -0.0682816278 1.5100371502 7.0447682477 0.5360492177 -0.0366023132 3.7763425082 0.0003446716
0.2070000000 0.5360491502 -0.0682819413 1.5100367327 7.0447672093 0.5360491502 -0.0366024766 3.7763414758 0.0046618315
0.2080000000 0.5360490454 -0.0682820387 1.5100365111 7.0447675596 0.5360490454 -0.0366025217 3.7763409251 0.0079546044
0.2090000000 0.5360490236 -0.0682818535 1.5100365892 7.0447681975 0.5360490236 -0.0366024209 3.7763411137 0.0051184151
0.2100000000 0.5360491421 -0.0682814710 1.5100369010 7.0447680689 0.5360491421 -0.0366022239 3.7763418794 0.0000896976
0.2110000000 0.5360492539 -0.0682810847 1.5100372357 7.0447681346 0.5360492539 -0.0366020245 3.7763427023 0.0051081056
0.2120000000 0.5360492375 -0.0682808803 1.5100373778 7.0447689981 0.5360492375 -0.0366019138 3.7763430499 0.0078867013
0.2130000000 0.5360491632 -0.0682809440 1.5100372268 7.0447692754 0.5360491632 -0.0366019429 3.7763426747 0.0045314762
0.2140000000 0.5360491035 -0.0682812183 1.5100368516 7.0447683276 0.5360491035 -0.0366020858 3.7763417464 0.0001198555
0.2150000000 0.5360490192 -0.0682815254 1.5100364564 7.0447676129 0.5360490192 -0.0366022447 3.7763407694 0.0045360466
0.2160000000 0.5360489138 -0.0682816793 1.5100362472 7.0447680326 0.5360489138 -0.0366023200 3.7763402520 0.0077492581
0.2170000000 0.5360489040 -0.0682815848 1.5100363228 7.0447685078 0.5360489040 -0.0366022687 3.7763404374 0.0051792575
0.2180000000 0.5360490143 -0.0682812847 1.5100366281 7.0447684621 0.5360490143 -0.0366021153 3.7763411900 0.0003727628
0.2190000000 0.5360491109 -0.0682809458 1.5100369769 7.0447687959 0.5360491109 -0.0366019403 3.7763420498 0.0040726224
0.2200000000 0.5360491104 -0.0682807534 1.5100371682 7.0447696816 0.5360491104 -0.0366018371 3.7763425210 0.0073313877
0.2210000000 0.5360490713 -0.0682808068 1.5100370953 7.0447698590 0.5360490713 -0.0366018631 3.7763423405 0.0051318786
0.2220000000 0.5360490265 -0.0682810694 1.5100367967 7.0447690727 0.5360490265 -0.0366020008 3.7763416036 0.0006459531
0.2230000000 0.5360489389 -0.0682813820 1.5100364422 7.0447685927 0.5360489389 -0.0366021624 3.7763407287 0.0035538981
0.2240000000 0.5360488390 -0.0682815635 1.5100362263 7.0447689103 0.5360488390 -0.0366022529 3.7763401952 0.0070538575
0.2250000000 0.5360488343 -0.0682815123 1.5100362611 7.0447691307 0.5360488343 -0.0366022251 3.7763402805 0.0054884519
0.2260000000 0.5360489292 -0.0682812560 1.5100365227 7.0447690863 0.5360489292 -0.0366020942 3.7763409253 0.0010398136
0.2270000000 0.5360490114 -0.0682809439 1.5100368566 7.0447695432 0.5360490114 -0.0366019325 3.7763417488 0.0030800194
0.2280000000 0.5360490255 -0.0682807538 1.5100370747 7.0447703610 0.5360490255 -0.0366018315 3.7763422871 0.0066338083
0.2290000000 0.5360490148 -0.0682807923 1.5100370619 7.0447704449 0.5360490148 -0.0366018514 3.7763422564 0.0054817756
0.2300000000 0.5360489826 -0.0682810417 1.5100368324 7.0447698147 0.5360489826 -0.0366019829 3.7763416919 0.0011545229
0.2310000000 0.5360488992 -0.0682813638 1.5100365283 7.0447695137 0.5360488992 -0.0366021499 3.7763409431 0.0029321376
0.2320000000 0.5360488119 -0.0682815848 1.5100363296 7.0447697493 0.5360488119 -0.0366022624 3.7763404543 0.0064264850
0.2330000000 0.5360488149 -0.0682815934 1.5100363516 7.0447698124 0.5360488149 -0.0366022672 3.7763405094 0.0053999964
0.2340000000 0.5360488982 -0.0682813945 1.5100365874 7.0447698045 0.5360488982 -0.0366021663 3.7763410919 0.0013277915
0.2350000000 0.5360489696 -0.0682811130 1.5100369051 7.0447703295 0.5360489696 -0.0366020203 3.7763418761 0.0025687265
0.2360000000 0.5360489938 -0.0682809169 1.5100371295 7.0447710446 0.5360489938 -0.0366019168 3.7763424299 0.0061917955
0.2370000000 0.5360489991 -0.0682809196 1.5100371442 7.0447710443 0.5360489991 -0.0366019186 3.7763424668 0.0056884144
0.2380000000 0.5360489706 -0.0682811262 1.5100369488 7.0447705213 0.5360489706 -0.0366020274 3.7763419858 0.0015832907
0.2390000000 0.5360488871 -0.0682814259 1.5100366647 7.0447703134 0.5360488871 -0.0366021823 3.7763412862 0.0023739200
0.2400000000 0.5360488072 -0.0682816595 1.5100364624 7.0447704356 0.5360488072 -0.0366023021 3.7763407891 0.0060155631
0.2410000000 0.5360488119 -0.0682817133 1.5100364618 7.0447703744 0.5360488119 -0.0366023313 3.7763407894 0.0056577420
0.2420000000 0.5360488843 -0.0682815743 1.5100366732 7.0447703998 0.5360488843 -0.0366022617 3.7763413129 0.0018765163
0.2430000000 0.5360489508 -0.0682813407 1.5100369869 7.0447709737 0.5360489508 -0.0366021411 3.7763420890 0.0018148809
0.2440000000 0.5360489897 -0.0682811633 1.5100372377 7.0447716199 0.5360489897 -0.0366020486 3.7763427095 0.0052981685
0.2450000000 0.5360490138 -0.0682811543 1.5100373024 7.0447716050 0.5360490138 -0.0366020454 3.7763428710 0.0058092027
0.2460000000 0.5360489942 -0.0682813316 1.5100371602 7.0447712107 0.5360489942 -0.0366021391 3.7763425219 0.0023179671
0.2470000000 0.5360489155 -0.0682816073 1.5100369056 7.0447710762 0.5360489155 -0.0366022815 3.7763418953 0.0014595967
0.2480000000 0.5360488409 -0.0682818379 1.5100366944 7.0447710864 0.5360488409 -0.0366024001 3.7763413756 0.0050410261
0.2490000000 0.5360488399 -0.0682819111 1.5100366509 7.0447709026 0.5360488399 -0.0366024392 3.7763412694 0.0056340651
0.2500000000 0.5360488935 -0.0682818022 1.5100368059 7.0447709136 0.5360488935 -0.0366023845 3.7763416531 0.0024310785
0.2510000000 0.5360489479 -0.0682815900 1.5100370791 7.0447714582 0.5360489479 -0.0366022745 3.7763423285 0.0010134469
0.2520000000 0.5360489929 -0.0682814120 1.5100373258 7.0447720053 0.5360489929 -0.0366021821 3.7763429389 0.0041716884
0.2530000000 0.5360490297 -0.0682813814 1.5100374246 7.0447719813 0.5360490297 -0.0366021682 3.7763431849 0.0053132427
0.2540000000 0.5360490201 -0.0682815295 1.5100373392 7.0447717186 0.5360490201 -0.0366022470 3.7763429768 0.0026661073
0.2550000000 0.5360489538 -0.0682817881 1.5100371378 7.0447716679 0.5360489538 -0.0366023811 3.7763424826 0.0008762939
0.2560000000 0.5360488929 -0.0682820269 1.5100369541 7.0447716273 0.5360488929 -0.0366025049 3.7763420319 0.0042011321
0.2570000000 0.5360488937 -0.0682821324 1.5100369053 7.0447713967 0.5360488937 -0.0366025615 3.7763419138 0.0051215588
0.2580000000 0.5360489360 -0.0682820648 1.5100370317 7.0447714261 0.5360489360 -0.0366025282 3.7763422273 0.0025234713
0.2590000000 0.5360489820 -0.0682818810 1.5100372732 7.0447719350 0.5360489820 -0.0366024328 3.7763428244 0.0006572662
0.2600000000 0.5360490293 -0.0682817023 1.5100375033 7.0447723753 0.5360490293 -0.0366023402 3.7763433933 0.0036311090
0.2610000000 0.5360490699 -0.0682816404 1.5100376073 7.0447723225 0.5360490699 -0.0366023098 3.7763436511 0.0050027827
0.2620000000 0.5360490618 -0.0682817400 1.5100375421 7.0447721314 0.5360490618 -0.0366023627 3.7763434917 0.0028689050
0.2630000000 0.5360490006 -0.0682819560 1.5100373594 7.0447720989 0.5360490006 -0.0366024743 3.7763430429 0.0004467651
0.2640000000 0.5360489467 -0.0682821780 1.5100371789 7.0447719802 0.5360489467 -0.0366025896 3.7763425995 0.0036066098
0.2650000000 0.5360489454 -0.0682822984 1.5100371147 7.0447717051 0.5360489454 -0.0366026541 3.7763424434 0.0049169506
0.2660000000 0.5360489778 -0.0682822693 1.5100372155 7.0447717477 0.5360489778 -0.0366026406 3.7763426943 0.0028651832
0.2670000000 0.5360490199 -0.0682821269 1.5100374384 7.0447722252 0.5360490199 -0.0366025672 3.7763432466 0.0001077796
0.2680000000 0.5360490736 -0.0682819725 1.5100376714 7.0447725950 0.5360490736 -0.0366024881 3.7763438236 0.0029321091
0.2690000000 0.5360491221 -0.0682819088 1.5100378012 7.0447725590 0.5360491221 -0.0366024573 3.7763441459 0.0047219813
0.2700000000 0.5360491206 -0.0682819841 1.5100377741 7.0447724585 0.5360491206 -0.0366024975 3.7763440809 0.0033156645
0.2710000000 0.5360490682 -0.0682821682 1.5100376223 7.0447724504 0.5360490682 -0.0366025926 3.7763437080 0.0002440842
0.2720000000 0.5360490211 -0.0682823678 1.5100374472 7.0447722667 0.5360490211 -0.0366026964 3.7763432774 0.0026841935
0.2730000000 0.5360490145 -0.0682824836 1.5100373582 7.0447719469 0.5360490145 -0.0366027581 3.7763430592 0.0043937808
0.2740000000 0.5360490322 -0.0682824654 1.5100374131 7.0447719684 0.5360490322 -0.0366027495 3.7763431958 0.0030947248
0.2750000000 0.5360490638 -0.0682823383 1.5100375889 7.0447723650 0.5360490638 -0.0366026835 3.7763436307 0.0004097152
0.2760000000 0.5360491155 -0.0682821900 1.5100377945 7.0447726337 0.5360491155 -0.0366026076 3.7763441394 0.0021982095
0.2770000000 0.5360491651 -0.0682821177 1.5100379267 7.0447725942 0.5360491651 -0.0366025722 3.7763444674 0.0040800790
0.2780000000 0.5360491678 -0.0682821741 1.5100379275 7.0447725663 0.5360491678 -0.0366026026 3.7763444713 0.0032677954
0.2790000000 0.5360491267 -0.0682823407 1.5100378131 7.0447725839 0.5360491267 -0.0366026891 3.7763441913 0.0005594772
0.2800000000 0.5360490910 -0.0682825365 1.5100376653 7.0447723766 0.5360490910 -0.0366027916 3.7763438291 0.0021161123
0.2810000000 0.5360490858 -0.0682826670 1.5100375814 7.0447720634 0.5360490858 -0.0366028612 3.7763436240 0.0038271198
0.2820000000 0.5360490965 -0.0682826757 1.5100376188 7.0447720971 0.5360490965 -0.0366028666 3.7763437179 0.0029414843
0.2830000000 0.5360491226 -0.0682825735 1.5100377655 7.0447724311 0.5360491226 -0.0366028136 3.7763440809 0.0005567985
0.2840000000 0.5360491722 -0.0682824333 1.5100379456 7.0447726109 0.5360491722 -0.0366027418 3.7763445260 0.0018823563
0.2850000000 0.5360492185 -0.0682823456 1.5100380659 7.0447725578 0.5360492185 -0.0366026980 3.7763448238 0.0037235853
0.2860000000 0.5360492195 -0.0682823678 1.5100380693 7.0447725610 0.5360492195 -0.0366027100 3.7763448331 0.0031816063
0.2870000000 0.5360491828 -0.0682824959 1.5100379638 7.0447725601 0.5360491828 -0.0366027761 3.7763445740 0.0007559812
0.2880000000 0.5360491521 -0.0682826660 1.5100378200 7.0447723043 0.5360491521 -0.0366028652 3.7763442206 0.0017615064
0.2890000000 0.5360491444 -0.0682827933 1.5100377286 7.0447719878 0.5360491444 -0.0366029329 3.7763439968 0.0035881646
0.2900000000 0.5360491489 -0.0682828206 1.5100377490 7.0447720259 0.5360491489 -0.0366029479 3.7763440489 0.0030868885
0.2910000000 0.5360491730 -0.0682827479 1.5100378785 7.0447723081 0.5360491730 -0.0366029105 3.7763443700 0.0009137904
0.2920000000 0.5360492248 -0.0682826318 1.5100380527 7.0447724325 0.5360492248 -0.0366028519 3.7763448013 0.0014118005
0.2930000000 0.5360492731 -0.0682825519 1.5100381834 7.0447724023 0.5360492731 -0.0366028123 3.7763451252 0.0033226580
0.2940000000 0.5360492782 -0.0682825634 1.5100382091 7.0447724554 0.5360492782 -0.0366028189 3.7763451900 0.0032813751
0.2950000000 0.5360492499 -0.0682826692 1.5100381263 7.0447724485 0.5360492499 -0.0366028736 3.7763449868 0.0012057664
0.2960000000 0.5360492250 -0.0682828173 1.5100379914 7.0447721559 0.5360492250 -0.0366029513 3.7763446548 0.0011349515
0.2970000000 0.5360492136 -0.0682829322 1.5100378876 7.0447718307 0.5360492136 -0.0366030121 3.7763443996 0.0030762632
0.2980000000 0.5360492091 -0.0682829587 1.5100378774 7.0447718435 0.5360492091 -0.0366030260 3.7763443750 0.0031114967
0.2990000000 0.5360492268 -0.0682828916 1.5100379698 7.0447720374 0.5360492268 -0.0366029912 3.7763446036 0.0012506657
0.3000000000 0.5360492750 -0.0682827789 1.5100381164 7.0447720795 0.5360492750 -0.0366029341 3.7763449660 0.0008810225
0.3010000000 0.5360493209 -0.0682826939 1.5100382399 7.0447720469 0.5360493209 -0.0366028917 3.7763452718 0.0026694558
0.3020000000 0.5360493289 -0.0682826925 1.5100382797 7.0447721277 0.5360493289 -0.0366028915 3.7763453713 0.0029579499
0.3030000000 0.5360493107 -0.0682827841 1.5100382234 7.0447721104 0.5360493107 -0.0366029393 3.7763452338 0.0013366035
0.3040000000 0.5360492956 -0.0682829256 1.5100381132 7.0447718047 0.5360492956 -0.0366030142 3.7763449634 0.0007696312
0.3050000000 0.5360492865 -0.0682830466 1.5100380206 7.0447715001 0.5360492865 -0.0366030784 3.7763447363 0.0025696916
0.3060000000 0.5360492802 -0.0682830898 1.5100380040 7.0447715082 0.5360492802 -0.0366031011 3.7763446964 0.0028075014
0.3070000000 0.5360492970 -0.0682830410 1.5100380775 7.0447716274 0.5360492970 -0.0366030762 3.7763448785 0.0012665145
0.3080000000 0.5360493435 -0.0682829371 1.5100382030 7.0447715952 0.5360493435 -0.0366030236 3.7763451885 0.0006900958
0.3090000000 0.5360493857 -0.0682828440 1.5100383127 7.0447715458 0.5360493857 -0.0366029766 3.7763454594 0.0023960639
0.3100000000 0.5360493933 -0.0682828186 1.5100383493 7.0447716147 0.5360493933 -0.0366029635 3.7763455500 0.0027919024
0.3110000000 0.5360493805 -0.0682828791 1.5100382971 7.0447715436 0.5360493805 -0.0366029950 3.7763454216 0.0014030040
0.3120000000 0.5360493701 -0.0682829952 1.5100381906 7.0447711919 0.5360493701 -0.0366030566 3.7763451598 0.0005577836
0.3130000000 0.5360493605 -0.0682831066 1.5100380954 7.0447708813 0.5360493605 -0.0366031156 3.7763449256 0.0023134538
0.3140000000 0.5360493529 -0.0682831584 1.5100380689 7.0447708615 0.5360493529 -0.0366031429 3.7763448615 0.0027768982
0.3150000000 0.5360493714 -0.0682831304 1.5100381303 7.0447709025 0.5360493714 -0.0366031291 3.7763450139 0.0014992464
0.3160000000 0.5360494202 -0.0682830480 1.5100382494 7.0447708109 0.5360494202 -0.0366030883 3.7763453088 0.0003479945
0.3170000000 0.5360494641 -0.0682829666 1.5100383638 7.0447707622 0.5360494641 -0.0366030476 3.7763455918 0.0020421969
0.3180000000 0.5360494773 -0.0682829386 1.5100384151 7.0447708263 0.5360494773 -0.0366030336 3.7763457192 0.0027292893
0.3190000000 0.5360494742 -0.0682829846 1.5100383806 7.0447707084 0.5360494742 -0.0366030580 3.7763456344 0.0017001195
0.3200000000 0.5360494705 -0.0682830824 1.5100382843 7.0447703148 0.5360494705 -0.0366031102 3.7763453973 0.0000984813
0.3210000000 0.5360494605 -0.0682831800 1.5100381840 7.0447699862 0.5360494605 -0.0366031618 3.7763451502 0.0017836577
0.3220000000 0.5360494501 -0.0682832262 1.5100381372 7.0447699070 0.5360494501 -0.0366031859 3.7763450349 0.0025498530
0.3230000000 0.5360494671 -0.0682831997 1.5100381701 7.0447698356 0.5360494671 -0.0366031728 3.7763451161 0.0016994370
0.3240000000 0.5360495137 -0.0682831202 1.5100382641 7.0447696568 0.5360495137 -0.0366031334 3.7763453484 0.0000539342
0.3250000000 0.5360495557 -0.0682830376 1.5100383673 7.0447695798 0.5360495557 -0.0366030920 3.7763456034 0.0015294053
0.3260000000 0.5360495733 -0.0682830028 1.5100384248 7.0447696143 0.5360495733 -0.0366030745 3.7763457460 0.0023629923
0.3270000000 0.5360495810 -0.0682830396 1.5100384094 7.0447694440 0.5360495810 -0.0366030948 3.7763457089 0.0016938729
0.3280000000 0.5360495868 -0.0682831316 1.5100383353 7.0447690284 0.5360495868 -0.0366031445 3.7763455269 0.0001351552
0.3290000000 0.5360495815 -0.0682832317 1.5100382495 7.0447687056 0.5360495815 -0.0366031978 3.7763453161 0.0014028524
0.3300000000 0.5360495744 -0.0682832889 1.5100382037 7.0447685887 0.5360495744 -0.0366032279 3.7763452038 0.0022094761
0.3310000000 0.5360495943 -0.0682832765 1.5100382253 7.0447684276 0.5360495943 -0.0366032227 3.7763452572 0.0015996236
0.3320000000 0.5360496399 -0.0682832061 1.5100383024 7.0447681823 0.5360496399 -0.0366031880 3.7763454475 0.0001445036
0.3330000000 0.5360496790 -0.0682831209 1.5100383911 7.0447680767 0.5360496790 -0.0366031450 3.7763456663 0.0013356497
0.3340000000 0.5360496977 -0.0682830705 1.5100384416 7.0447680630 0.5360496977 -0.0366031193 3.7763457908 0.0021734416
0.3350000000 0.5360497107 -0.0682830837 1.5100384266 7.0447678239 0.5360497107 -0.0366031272 3.7763457537 0.0016497157
0.3360000000 0.5360497197 -0.0682831537 1.5100383557 7.0447673787 0.5360497197 -0.0366031654 3.7763455790 0.0002319272
0.3370000000 0.5360497145 -0.0682832423 1.5100382709 7.0447670583 0.5360497145 -0.0366032125 3.7763453702 0.0012512433
0.3380000000 0.5360497087 -0.0682833027 1.5100382215 7.0447669080 0.5360497087 -0.0366032445 3.7763452490 0.0021491618
0.3390000000 0.5360497309 -0.0682833057 1.5100382367 7.0447666871 0.5360497309 -0.0366032476 3.7763452871 0.0017258485
0.3400000000 0.5360497765 -0.0682832550 1.5100383097 7.0447664253 0.5360497765 -0.0366032236 3.7763454678 0.0003809878
0.3410000000 0.5360498147 -0.0682831844 1.5100384011 7.0447663450 0.5360498147 -0.0366031883 3.7763456940 0.0010752068
0.3420000000 0.5360498369 -0.0682831377 1.5100384620 7.0447663342 0.5360498369 -0.0366031648 3.7763458445 0.0020756046
0.3430000000 0.5360498555 -0.0682831434 1.5100384608 7.0447660849 0.5360498555 -0.0366031692 3.7763458417 0.0018352227
0.3440000000 0.5360498658 -0.0682831994 1.5100384001 7.0447656695 0.5360498658 -0.0366031999 3.7763456919 0.0005730355
0.3450000000 0.5360498568 -0.0682832745 1.5100383150 7.0447653959 0.5360498568 -0.0366032395 3.7763454819 0.0008473838
0.3460000000 0.5360498466 -0.0682833268 1.5100382529 7.0447652446 0.5360498466 -0.0366032669 3.7763453287 0.0018960357
0.3470000000 0.5360498630 -0.0682833282 1.5100382471 7.0447650019 0.5360498630 -0.0366032687 3.7763453142 0.0018127515
0.3480000000 0.5360498989 -0.0682832797 1.5100382990 7.0447647694 0.5360498989 -0.0366032452 3.7763454424 0.0006819731
0.3490000000 0.5360499276 -0.0682832108 1.5100383786 7.0447647585 0.5360499276 -0.0366032102 3.7763456388 0.0006551887
0.3500000000 0.5360499462 -0.0682831627 1.5100384415 7.0447648046 0.5360499462 -0.0366031857 3.7763457945 0.0016759899
0.3510000000 0.5360499646 -0.0682831647 1.5100384550 7.0447646252 0.5360499646 -0.0366031880 3.7763458282 0.0017020540
0.3520000000 0.5360499721 -0.0682832181 1.5100384147 7.0447643427 0.5360499721 -0.0366032171 3.7763457294 0.0007035963
0.3530000000 0.5360499575 -0.0682832952 1.5100383467 7.0447642226 0.5360499575 -0.0366032575 3.7763455622 0.0005599425
0.3540000000 0.5360499414 -0.0682833556 1.5100382917 7.0447641815 0.5360499414 -0.0366032888 3.7763454269 0.0015447576
0.3550000000 0.5360499488 -0.0682833681 1.5100382813 7.0447640369 0.5360499488 -0.0366032960 3.7763454015 0.0015956209
0.3560000000 0.5360499693 -0.0682833281 1.5100383209 7.0447639499 0.5360499693 -0.0366032759 3.7763454989 0.0006679315
0.3570000000 0.5360499806 -0.0682832594 1.5100383865 7.0447641024 0.5360499806 -0.0366032399 3.7763456604 0.0005432821
0.3580000000 0.5360499852 -0.0682832011 1.5100384396 7.0447642859 0.5360499852 -0.0366032089 3.7763457911 0.0015131332
0.3590000000 0.5360499905 -0.0682831849 1.5100384494 7.0447642608 0.5360499905 -0.0366032006 3.7763458150 0.0015935814
0.3600000000 0.5360499816 -0.0682832190 1.5100384099 7.0447641965 0.5360499816 -0.0366032183 3.7763457177 0.0007079385
0.3610000000 0.5360499498 -0.0682832836 1.5100383437 7.0447643091 0.5360499498 -0.0366032507 3.7763455542 0.0004877557
0.3620000000 0.5360499187 -0.0682833430 1.5100382884 7.0447644637 0.5360499187 -0.0366032805 3.7763454183 0.0014808258
0.3630000000 0.5360499099 -0.0682833660 1.5100382757 7.0447645215 0.5360499099 -0.0366032922 3.7763453872 0.0016373412
0.3640000000 0.5360499108 -0.0682833427 1.5100383132 7.0447646840 0.5360499108 -0.0366032798 3.7763454802 0.0008159657
0.3650000000 0.5360499040 -0.0682832893 1.5100383805 7.0447650830 0.5360499040 -0.0366032507 3.7763456465 0.0003646715
0.3660000000 0.5360498962 -0.0682832383 1.5100384404 7.0447654610 0.5360498962 -0.0366032228 3.7763457942 0.0013928208
0.3670000000 0.5360498911 -0.0682832190 1.5100384598 7.0447656174 0.5360498911 -0.0366032121 3.7763458421 0.0016736235
0.3680000000 0.5360498707 -0.0682832418 1.5100384280 7.0447657380 0.5360498707 -0.0366032229 3.7763457632 0.0009710482
0.3690000000 0.5360498298 -0.0682832922 1.5100383618 7.0447659706 0.5360498298 -0.0366032472 3.7763455996 0.0001558358
0.3700000000 0.5360497944 -0.0682833397 1.5100382965 7.0447661343 0.5360497944 -0.0366032702 3.7763454381 0.0011773157
0.3710000000 0.5360497825 -0.0682833560 1.5100382656 7.0447661477 0.5360497825 -0.0366032781 3.7763453614 0.0015786364
0.3720000000 0.5360497807 -0.0682833305 1.5100382829 7.0447662507 0.5360497807 -0.0366032644 3.7763454037 0.0010335343
0.3730000000 0.5360497774 -0.0682832770 1.5100383356 7.0447665365 0.5360497774 -0.0366032354 3.7763455335 0.0000157845
0.3740000000 0.5360497819 -0.0682832252 1.5100383920 7.0447667370 0.5360497819 -0.0366032080 3.7763456726 0.0010061943
0.3750000000 0.5360497926 -0.0682832041 1.5100384199 7.0447667245 0.5360497926 -0.0366031974 3.7763457415 0.0014428109
0.3760000000 0.5360497873 -0.0682832253 1.5100384041 7.0447667212 0.5360497873 -0.0366032084 3.7763457028 0.0009989140
0.3770000000 0.5360497617 -0.0682832768 1.5100383542 7.0447668293 0.5360497617 -0.0366032342 3.7763455800 0.0000481164
0.3780000000 0.5360497404 -0.0682833293 1.5100382986 7.0447668529 0.5360497404 -0.0366032610 3.7763454427 0.0008755374
0.3790000000 0.5360497362 -0.0682833531 1.5100382672 7.0447667633 0.5360497362 -0.0366032734 3.7763453651 0.0013133610
0.3800000000 0.5360497351 -0.0682833340 1.5100382750 7.0447668124 0.5360497351 -0.0366032631 3.7763453839 0.0009282082
0.3810000000 0.5360497309 -0.0682832808 1.5100383138 7.0447670452 0.5360497309 -0.0366032343 3.7763454791 0.0000189588
0.3820000000 0.5360497344 -0.0682832210 1.5100383574 7.0447671991 0.5360497344 -0.0366032025 3.7763455858 0.0008889748
0.3830000000 0.5360497411 -0.0682831845 1.5100383770 7.0447672001 0.5360497411 -0.0366031834 3.7763456336 0.0013051549
0.3840000000 0.5360497307 -0.0682831878 1.5100383582 7.0447672481 0.5360497307 -0.0366031844 3.7763455865 0.0009188264
0.3850000000 0.5360497045 -0.0682832255 1.5100383085 7.0447673634 0.5360497045 -0.0366032029 3.7763454637 0.0000364338
0.3860000000 0.5360496867 -0.0682832738 1.5100382539 7.0447673469 0.5360496867 -0.0366032275 3.7763453290 0.0008720264
0.3870000000 0.5360496847 -0.0682833044 1.5100382234 7.0447672331 0.5360496847 -0.0366032438 3.7763452538 0.0013542326
0.3880000000 0.5360496858 -0.0682833001 1.5100382327 7.0447672615 0.5360496858 -0.0366032416 3.7763452769 0.0010382433
0.3890000000 0.5360496891 -0.0682832639 1.5100382756 7.0447674156 0.5360496891 -0.0366032224 3.7763453828 0.0001622986
0.3900000000 0.5360497050 -0.0682832166 1.5100383271 7.0447674431 0.5360497050 -0.0366031981 3.7763455097 0.0007769890
0.3910000000 0.5360497242 -0.0682831843 1.5100383573 7.0447673293 0.5360497242 -0.0366031821 3.7763455841 0.0013362468
0.3920000000 0.5360497266 -0.0682831835 1.5100383482 7.0447672555 0.5360497266 -0.0366031819 3.7763455614 0.0011182082
0.3930000000 0.5360497156 -0.0682832121 1.5100383032 7.0447671930 0.5360497156 -0.0366031964 3.7763454500 0.0003097915
0.3940000000 0.5360497123 -0.0682832510 1.5100382451 7.0447669676 0.5360497123 -0.0366032170 3.7763453062 0.0006063840
0.3950000000 0.5360497206 -0.0682832752 1.5100382035 7.0447666653 0.5360497206 -0.0366032306 3.7763452029 0.0012354470
0.3960000000 0.5360497314 -0.0682832688 1.5100381980 7.0447664979 0.5360497314 -0.0366032279 3.7763451890 0.0011566641
0.3970000000 0.5360497489 -0.0682832338 1.5100382287 7.0447664094 0.5360497489 -0.0366032103 3.7763452645 0.0004328543
0.3980000000 0.5360497820 -0.0682831887 1.5100382761 7.0447661914 0.5360497820 -0.0366031884 3.7763453814 0.0004419762
0.3990000000 0.5360498186 -0.0682831584 1.5100383126 7.0447658798 0.5360498186 -0.0366031747 3.7763454717 0.0010749621
0.4000000000 0.5360498405 -0.0682831595 1.5100383180 7.0447656165 0.5360498405 -0.0366031768 3.7763454853 0.0010683605
0.4010000000 0.5360498531 -0.0682831913 1.5100382901 7.0447653233 0.5360498531 -0.0366031947 3.7763454166 0.0004442753
0.4020000000 0.5360498727 -0.0682832354 1.5100382451 7.0447648586 0.5360498727 -0.0366032197 3.7763453059 0.0003542080
0.4030000000 0.5360498990 -0.0682832665 1.5100382081 7.0447643432 0.5360498990 -0.0366032381 3.7763452146 0.0009447916
0.4040000000 0.5360499253 -0.0682832662 1.5100381981 7.0447639503 0.5360499253 -0.0366032397 3.7763451896 0.0009638386
0.4050000000 0.5360499594 -0.0682832328 1.5100382179 7.0447635931 0.5360499594 -0.0366032242 3.7763452381 0.0003932532
0.4060000000 0.5360500080 -0.0682831828 1.5100382528 7.0447631139 0.5360500080 -0.0366032007 3.7763453236 0.0003718283
0.4070000000 0.5360500573 -0.0682831410 1.5100382795 7.0447625880 0.5360500573 -0.0366031816 3.7763453890 0.0009374490
0.4080000000 0.5360500928 -0.0682831275 1.5100382801 7.0447621230 0.5360500928 -0.0366031768 3.7763453900 0.0009324854
0.4090000000 0.5360501217 -0.0682831470 1.5100382521 7.0447616139 0.5360501217 -0.0366031892 3.7763453206 0.0003623354
0.4100000000 0.5360501565 -0.0682831864 1.5100382101 7.0447609636 0.5360501565 -0.0366032127 3.7763452173 0.0004052807
0.4110000000 0.5360501942 -0.0682832228 1.5100381778 7.0447603199 0.5360501942 -0.0366032349 3.7763451378 0.0010043774
0.4120000000 0.5360502311 -0.0682832366 1.5100381735 7.0447598174 0.5360502311 -0.0366032448 3.7763451278 0.0010409409
0.4130000000 0.5360502762 -0.0682832214 1.5100382007 7.0447593501 0.5360502762 -0.0366032397 3.7763451952 0.0004775153
0.4140000000 0.5360503331 -0.0682831873 1.5100382449 7.0447588067 0.5360503331 -0.0366032253 3.7763453046 0.0003138564
0.4150000000 0.5360503857 -0.0682831543 1.5100382819 7.0447582860 0.5360503857 -0.0366032112 3.7763453962 0.0009738724
0.4160000000 0.5360504217 -0.0682831407 1.5100382913 7.0447578550 0.5360504217 -0.0366032064 3.7763454193 0.0011134468
0.4170000000 0.5360504485 -0.0682831524 1.5100382672 7.0447573912 0.5360504485 -0.0366032145 3.7763453594 0.0006296311
0.4180000000 0.5360504744 -0.0682831802 1.5100382214 7.0447568396 0.5360504744 -0.0366032312 3.7763452460 0.0001344127
0.4190000000 0.5360504947 -0.0682832055 1.5100381773 7.0447563691 0.5360504947 -0.0366032461 3.7763451368 0.0008153498
0.4200000000 0.5360505092 -0.0682832111 1.5100381567 7.0447560834 0.5360505092 -0.0366032501 3.7763450856 0.0010670010
0.4210000000 0.5360505291 -0.0682831917 1.5100381684 7.0447558749 0.5360505291 -0.0366032410 3.7763451140 0.0007126191
0.4220000000 0.5360505560 -0.0682831569 1.5100382038 7.0447556841 0.5360505560 -0.0366032242 3.7763452012 0.0000208549
0.4230000000 0.5360505736 -0.0682831258 1.5100382424 7.0447556306 0.5360505736 -0.0366032088 3.7763452969 0.0006275035
0.4240000000 0.5360505722 -0.0682831162 1.5100382637 7.0447557475 0.5360505722 -0.0366032035 3.7763453495 0.0009087513
0.4250000000 0.5360505584 -0.0682831344 1.5100382576 7.0447559017 0.5360505584 -0.0366032123 3.7763453350 0.0006379799
0.4260000000 0.5360505358 -0.0682831714 1.5100382303 7.0447560733 0.5360505358 -0.0366032306 3.7763452680 0.0000261718
0.4270000000 0.5360504976 -0.0682832075 1.5100381993 7.0447564337 0.5360504976 -0.0366032474 3.7763451918 0.0005648273
0.4280000000 0.5360504451 -0.0682832234 1.5100381834 7.0447570506 0.5360504451 -0.0366032523 3.7763451525 0.0008142466
0.4290000000 0.5360503897 -0.0682832103 1.5100381915 7.0447578152 0.5360503897 -0.0366032415 3.7763451722 0.0005507147
0.4300000000 0.5360503306 -0.0682831749 1.5100382181 7.0447587127 0.5360503306 -0.0366032185 3.7763452372 0.0000332999
0.4310000000 0.5360502523 -0.0682831355 1.5100382464 7.0447598714 0.5360502523 -0.0366031920 3.7763453062 0.0006032041
0.4320000000 0.5360501480 -0.0682831119 1.5100382587 7.0447612975 0.5360501480 -0.0366031723 3.7763453361 0.0008325570
0.4330000000 0.5360500246 -0.0682831151 1.5100382469 7.0447628630 0.5360500246 -0.0366031655 3.7763453063 0.0005520828
0.4340000000 0.5360498831 -0.0682831414 1.5100382169 7.0447645851 0.5360498831 -0.0366031699 3.7763452320 0.0000500681
0.4350000000 0.5360497165 -0.0682831752 1.5100381860 7.0447666315 0.5360497165 -0.0366031767 3.7763451556 0.0006549709
0.4360000000 0.5360495288 -0.0682831981 1.5100381728 7.0447690375 0.5360495288 -0.0366031762 3.7763451229 0.0009290803
0.4370000000 0.5360493310 -0.0682831990 1.5100381865 7.0447717004 0.5360493310 -0.0366031632 3.7763451569 0.0006760330
0.4380000000 0.5360491199 -0.0682831797 1.5100382220 7.0447746377 0.5360491199 -0.0366031384 3.7763452444 0.0000725056
0.4390000000 0.5360488804 -0.0682831535 1.5100382619 7.0447779690 0.5360488804 -0.0366031080 3.7763453426 0.0005660187
0.4400000000 0.5360486076 -0.0682831368 1.5100382863 7.0447816643 0.5360486076 -0.0366030804 3.7763454023 0.0009326076
0.4410000000 0.5360483071 -0.0682831397 1.5100382834 7.0447855992 0.5360483071 -0.0366030615 3.7763453945 0.0007803240
0.4420000000 0.5360479766 -0.0682831604 1.5100382561 7.0447898152 0.5360479766 -0.0366030500 3.7763453263 0.0002195209
0.4430000000 0.5360476098 -0.0682831862 1.5100382201 7.0447944688 0.5360476098 -0.0366030387 3.7763452362 0.0004184498
0.4440000000 0.5360472130 -0.0682832014 1.5100381950 7.0447995658 0.5360472130 -0.0366030198 3.7763451733 0.0008374343
0.4450000000 0.5360467977 -0.0682831965 1.5100381944 7.0448050189 0.5360467977 -0.0366029888 3.7763451705 0.0007812543
0.4460000000 0.5360463598 -0.0682831737 1.5100382181 7.0448108805 0.5360463598 -0.0366029467 3.7763452279 0.0003076277
0.4470000000 0.5360458859 -0.0682831462 1.5100382534 7.0448172692 0.5360458859 -0.0366028996 3.7763453141 0.0002728040
0.4480000000 0.5360453735 -0.0682831305 1.5100382822 7.0448241343 0.5360453735 -0.0366028562 3.7763453844 0.0006769610
0.4490000000 0.5360448264 -0.0682831370 1.5100382915 7.0448313657 0.5360448264 -0.0366028223 3.7763454064 0.0006735707
0.4500000000 0.5360442387 -0.0682831643 1.5100382797 7.0448390341 0.5360442387 -0.0366027968 3.7763453766 0.0002704031
0.4510000000 0.5360436024 -0.0682831995 1.5100382576 7.0448472923 0.5360436024 -0.0366027722 3.7763453212 0.0002592226
0.4520000000 0.5360429236 -0.0682832250 1.5100382412 7.0448561360 0.5360429236 -0.0366027395 3.7763452794 0.0006240799
0.4530000000 0.5360422102 -0.0682832284 1.5100382422 7.0448655133 0.5360422102 -0.0366026927 3.7763452805 0.0005954248
0.4540000000 0.5360414542 -0.0682832090 1.5100382617 7.0448755357 0.5360414542 -0.0366026306 3.7763453268 0.0002011023
0.4550000000 0.5360406402 -0.0682831779 1.5100382894 7.0448863563 0.5360406402 -0.0366025584 3.7763453929 0.0003098218
0.4560000000 0.5360397641 -0.0682831521 1.5100383098 7.0448979604 0.5360397641 -0.0366024847 3.7763454410 0.0006668107
0.4570000000 0.5360388235 -0.0682831449 1.5100383117 7.0449103273 0.5360388235 -0.0366024167 3.7763454434 0.0006328100
0.4580000000 0.5360378037 -0.0682831594 1.5100382945 7.0449236457 0.5360378037 -0.0366023548 3.7763453985 0.0002197865
0.4590000000 0.5360366891 -0.0682831870 1.5100382689 7.0449381726 0.5360366891 -0.0366022935 3.7763453330 0.0003226286
0.4600000000 0.5360354763 -0.0682832123 1.5100382511 7.0449540251 0.5360354763 -0.0366022243 3.7763452865 0.0007185161
0.4610000000 0.5360341583 -0.0682832227 1.5100382533 7.0449713527 0.5360341583 -0.0366021398 3.7763452894 0.0007161183
0.4620000000 0.5360327075 -0.0682832144 1.5100382772 7.0449905254 0.5360327075 -0.0366020363 3.7763453453 0.0003184120
0.4630000000 0.5360310874 -0.0682831943 1.5100383123 7.0450119731 0.5360310874 -0.0366019149 3.7763454286 0.0002360726
0.4640000000 0.5360292685 -0.0682831757 1.5100383419 7.0450360074 0.5360292685 -0.0366017807 3.7763454977 0.0006841398
0.4650000000 0.5360272138 -0.0682831704 1.5100383520 7.0450630502 0.5360272138 -0.0366016376 3.7763455179 0.0007750615
0.4660000000 0.5360248699 -0.0682831814 1.5100383389 7.0450937859 0.5360248699 -0.0366014834 3.7763454800 0.0004435096
0.4670000000 0.5360221932 -0.0682832019 1.5100383109 7.0451288258 0.5360221932 -0.0366013116 3.7763454046 0.0000908539
0.4680000000 0.5360191990 -0.0682832191 1.5100382840 7.0451680428 0.5360191990 -0.0366011164 3.7763453310 0.0005560095
0.4690000000 0.5360160513 -0.0682832217 1.5100382728 7.0452093490 0.5360160513 -0.0366009029 3.7763452957 0.0007088920
0.4700000000 0.5360133655 -0.0682832069 1.5100382828 7.0452446845 0.5360133655 -0.0366007115 3.7763453141 0.0004587997
0.4710000000 0.5360130873 -0.0682831819 1.5100383082 7.0452484566 0.5360130873 -0.0366006792 3.7763453760 0.0000127357
0.4720000000 0.5360207219 -0.0682831603 1.5100383351 7.0451482666 0.5360207219 -0.0366011889 3.7763454601 0.0004454272
0.4730000000 0.5360507001 -0.0682831540 1.5100383496 7.0447544710 0.5360507001 -0.0366032325 3.7763455661 0.0006130936
0.4740000000 0.5361389546 -0.0682831669 1.5100383458 7.0435951915 0.5361389546 -0.0366092657 3.7763457629 0.0004116445
0.4750000000 0.5363707387 -0.0682831922 1.5100383284 7.0405523414 0.5363707387 -0.0366251063 3.7763462605 0.0000129753
0.4760000000 0.5369378889 -0.0682832162 1.5100383093 7.0331180085 0.5369378889 -0.0366638460 3.7763475360 0.0004104161
0.4770000000 0.5382473470 -0.0682832257 1.5100383011 7.0160133439 0.5382473470 -0.0367532651 3.7763505685 0.0005558044
0.4780000000 0.5411114722 -0.0682832149 1.5100383092 6.9788896741 0.5411114722 -0.0369488309 3.7763572656 0.0003546598
0.4790000000 0.5470384391 -0.0682831888 1.5100383293 6.9033012354 0.5470384391 -0.0373535290 3.7763711322 0.0000578549
0.4800000000 0.5585965193 -0.0682831602 1.5100383495 6.7605113821 0.5585965193 -0.0381427356 3.7763981270 0.0004770537
0.4810000000 0.5797169523 -0.0682831434 1.5100383572 6.5142952410 0.5797169523 -0.0395848958 3.7764473834 0.0006722969
0.4820000000 0.6156431979 -0.0682831466 1.5100383453 6.1342854461 0.6156431979 -0.0420380547 3.7765311086 0.0004604827
0.4830000000 0.6720010503 -0.0682831667 1.5100383184 5.6200245926 0.6720010503 -0.0458863597 3.7766624289 0.0000744393
0.4840000000 0.7524418397 -0.0682831908 1.5100382912 5.0194575769 0.7524418397 -0.0513791297 3.7768498934 0.0010817958
0.4850000000 0.8552274737 -0.0682831953 1.5100382938 4.4164735584 0.8552274737 -0.0583976646 3.7770895241 0.0015261843
0.4860000000 0.9719539182 -0.0682831677 1.5100383451 3.8863589144 0.9719539182 -0.0663680924 3.7773617744 0.0004447112
0.4870000000 1.0905339011 -0.0682831471 1.5100383870 3.4640264908 1.0905339011 -0.0744650868 3.7776383227 0.0021676039
0.4880000000 1.2005356398 -0.0682831629 1.5100383614 3.1468409443 1.2005356398 -0.0819763706 3.7778947065 0.0003737822
0.4890000000 1.2941989397 -0.0682831766 1.5100383194 2.9192675435 1.2941989397 -0.0883720148 3.7781129596 0.0014091062
0.4900000000 1.3667444167 -0.0682831581 1.5100383198 2.7644393768 1.3667444167 -0.0933256250 3.7782820837 0.0003928884
0.4910000000 1.4153891844 -0.0682831352 1.5100383357 2.6695099610 1.4153891844 -0.0966472110 3.7783955265 0.0005678978
0.4920000000 1.4408697618 -0.0682831347 1.5100383361 2.6223431363 1.4408697618 -0.0983871041 3.7784549301 0.0001105597
0.4930000000 1.4486908471 -0.0682831457 1.5100383374 2.6081984127 1.4486908471 -0.0989211682 3.7784731679 0.0005144483
0.4940000000 1.4467700738 -0.0682831490 1.5100383523 2.6116580623 1.4467700738 -0.0987900165 3.7784687275 0.0001390009
0.4950000000 1.4432945680 -0.0682831419 1.5100383632 2.6179414345 1.4432945680 -0.0985526878 3.7784606517 0.0006623786
0.4960000000 1.4422543761 -0.0682831305 1.5100383554 2.6198278671 1.4422543761 -0.0984816438 3.7784582059 0.0003233427
0.4970000000 1.4430971203 -0.0682831187 1.5100383384 2.6182992634 1.4430971203 -0.0985391720 3.7784601271 0.0003158586
0.4980000000 1.4436853428 -0.0682831093 1.5100383314 2.6172333873 1.4436853428 -0.0985793241 3.7784614800 0.0005493337
0.4990000000 1.4434533668 -0.0682831060 1.5100383408 2.6176536417 1.4434533668 -0.0985634793 3.7784609623 0.0002975991
0.5000000000 1.4432959500 -0.0682831083 1.5100383585 2.6179389194 1.4432959500 -0.0985527337 3.7784606397 0.0001056112
0.5010000000 1.4434209543 -0.0682831097 1.5100383720 2.6177124238 1.4434209543 -0.0985612714 3.7784609650 0.0003939102
0.5020000000 1.4434077428 -0.0682831035 1.5100383733 2.6177363643 1.4434077428 -0.0985603603 3.7784609369 0.0004025105
0.5030000000 1.4433294676 -0.0682830895 1.5100383634 2.6178781859 1.4433294676 -0.0985549952 3.7784607282 0.0001024288
0.5040000000 1.4433915862 -0.0682830742 1.5100383514 2.6177656000 1.4433915862 -0.0985592147 3.7784608417 0.0003034459
0.5050000000 1.4433804801 -0.0682830646 1.5100383492 2.6177857199 1.4433804801 -0.0985584425 3.7784608092 0.0004867572
0.5060000000 1.4433136800 -0.0682830629 1.5100383610 2.6179067900 1.4433136800 -0.0985538788 3.7784606829 0.0002692868
0.5070000000 1.4433593551 -0.0682830649 1.5100383800 2.6178240531 1.4433593551 -0.0985570005 3.7784608371 0.0001645228
0.5080000000 1.4433495891 -0.0682830633 1.5100383932 2.6178417728 1.4433495891 -0.0985563314 3.7784608470 0.0004688219
0.5090000000 1.4432989270 -0.0682830537 1.5100383923 2.6179335793 1.4432989270 -0.0985528581 3.7784607259 0.0003819159
0.5100000000 1.4433471446 -0.0682830378 1.5100383810 2.6178461796 1.4433471446 -0.0985561277 3.7784608084 0.0000201288
0.5110000000 1.4433022671 -0.0682830227 1.5100383713 2.6179274876 1.4433022671 -0.0985530414 3.7784606781 0.0004082815
0.5120000000 1.4433150276 -0.0682830145 1.5100383741 2.6179043672 1.4433150276 -0.0985539009 3.7784607140 0.0004639435
0.5130000000 1.4433072079 -0.0682830139 1.5100383902 2.6179185659 1.4433072079 -0.0985533661 3.7784607359 0.0001448780
0.5140000000 1.4433010935 -0.0682830152 1.5100384096 2.6179296803 1.4433010935 -0.0985529505 3.7784607702 0.0002837445
0.5150000000 1.4433009859 -0.0682830111 1.5100384197 2.6179298925 1.4433009859 -0.0985529372 3.7784607949 0.0004866978
0.5160000000 1.4432963112 -0.0682829986 1.5100384156 2.6179383563 1.4432963112 -0.0985526001 3.7784607725 0.0002829535
0.5170000000 1.4432951890 -0.0682829818 1.5100384041 2.6179403688 1.4432951890 -0.0985524991 3.7784607395 0.0001569681
0.5180000000 1.4432930881 -0.0682829681 1.5100383982 2.6179441652 1.4432930881 -0.0985523359 3.7784607185 0.0004742498
0.5190000000 1.4432919735 -0.0682829625 1.5100384065 2.6179461989 1.4432919735 -0.0985522517 3.7784607360 0.0003982755
0.5200000000 1.4432910153 -0.0682829633 1.5100384259 2.6179479691 1.4432910153 -0.0985521874 3.7784607824 0.0000009399
0.5210000000 1.4432904322 -0.0682829634 1.5100384443 2.6179490577 1.4432904322 -0.0985521477 3.7784608270 0.0003981282
0.5220000000 1.4432900980 -0.0682829563 1.5100384503 2.6179496732 1.4432900980 -0.0985521147 3.7784608406 0.0004712224
0.5230000000 1.4432899963 -0.0682829415 1.5100384429 2.6179498439 1.4432899963 -0.0985520864 3.7784608204 0.0001440279
0.5240000000 1.4432900629 -0.0682829250 1.5100384323 2.6179497035 1.4432900629 -0.0985520671 3.7784607924 0.0003098117
0.5250000000 1.4432903141 -0.0682829141 1.5100384316 2.6179492464 1.4432903141 -0.0985520685 3.7784607901 0.0005108655
0.5260000000 1.4432907137 -0.0682829116 1.5100384457 2.6179485465 1.4432907137 -0.0985520922 3.7784608263 0.0002835327
0.5270000000 1.4432911985 -0.0682829133 1.5100384675 2.6179477057 1.4432911985 -0.0985521277 3.7784608819 0.0001709630
0.5280000000 1.4432917721 -0.0682829114 1.5100384831 2.6179466933 1.4432917721 -0.0985521643 3.7784609221 0.0004927404
0.5290000000 1.4432923993 -0.0682829013 1.5100384840 2.6179455574 1.4432923993 -0.0985521925 3.7784609248 0.0003994043
0.5300000000 1.4432930419 -0.0682828852 1.5100384740 2.6179443743 1.4432930419 -0.0985522131 3.7784608996 0.0000359895
0.5310000000 1.4432937182 -0.0682828704 1.5100384661 2.6179431340 1.4432937182 -0.0985522380 3.7784608800 0.0004474104
0.5320000000 1.4432944149 -0.0682828635 1.5100384718 2.6179418809 1.4432944149 -0.0985522755 3.7784608952 0.0004798690
0.5330000000 1.4432951093 -0.0682828643 1.5100384912 2.6179406562 1.4432951093 -0.0985523240 3.7784609455 0.0001096078
0.5340000000 1.4432957989 -0.0682828663 1.5100385128 2.6179394440 1.4432957989 -0.0985523741 3.7784610013 0.0003536844
0.5350000000 1.4432964600 -0.0682828620 1.5100385231 2.6179382635 1.4432964600 -0.0985524130 3.7784610281 0.0005325801
0.5360000000 1.4432970793 -0.0682828493 1.5100385180 2.6179371313 1.4432970793 -0.0985524369 3.7784610155 0.0002551055
0.5370000000 1.4432976669 -0.0682828332 1.5100385064 2.6179360453 1.4432976669 -0.0985524539 3.7784609863 0.0002432206
0.5380000000 1.4432982238 -0.0682828221 1.5100385029 2.6179350294 1.4432982238 -0.0985524759 3.7784609778 0.0005408555
0.5390000000 1.4432987517 -0.0682828203 1.5100385154 2.6179340942 1.4432987517 -0.0985525093 3.7784610102 0.0003713360
0.5400000000 1.4432992501 -0.0682828242 1.5100385381 2.6179332306 1.4432992501 -0.0985525490 3.7784610685 0.0001127836
0.5410000000 1.4432997050 -0.0682828257 1.5100385563 2.6179324377 1.4432997050 -0.0985525822 3.7784611152 0.0005228630
0.5420000000 1.4433001086 -0.0682828186 1.5100385586 2.6179317099 1.4433001086 -0.0985525994 3.7784611212 0.0004995450
0.5430000000 1.4433004647 -0.0682828041 1.5100385470 2.6179310434 1.4433004647 -0.0985526029 3.7784610915 0.0000491432
0.5440000000 1.4433007830 -0.0682827904 1.5100385352 2.6179304452 1.4433007830 -0.0985526048 3.7784610613 0.0004480705
0.5450000000 1.4433010747 -0.0682827852 1.5100385372 2.6179299197 1.4433010747 -0.0985526173 3.7784610665 0.0005598707
0.5460000000 1.4433013427 -0.0682827896 1.5100385552 2.6179294655 1.4433013427 -0.0985526419 3.7784611127 0.0001798530
0.5470000000 1.4433015817 -0.0682827965 1.5100385774 2.6179290712 1.4433015817 -0.0985526683 3.7784611694 0.0003679366
0.5480000000 1.4433017840 -0.0682827969 1.5100385875 2.6179287224 1.4433017840 -0.0985526826 3.7784611953 0.0006346617
0.5490000000 1.4433019448 -0.0682827872 1.5100385792 2.6179284157 1.4433019448 -0.0985526795 3.7784611737 0.0003620727
0.5500000000 1.4433020743 -0.0682827728 1.5100385612 2.6179281489 1.4433020743 -0.0985526676 3.7784611278 0.0002189037
0.5510000000 1.4433021887 -0.0682827638 1.5100385511 2.6179279234 1.4433021887 -0.0985526624 3.7784611018 0.0006266555
0.5520000000 1.4433022940 -0.0682827663 1.5100385597 2.6179277476 1.4433022940 -0.0985526732 3.7784611237 0.0004860042
0.5530000000 1.4433023905 -0.0682827771 1.5100385816 2.6179276115 1.4433023905 -0.0985526954 3.7784611799 0.0000867613
0.5540000000 1.4433024709 -0.0682827858 1.5100385995 2.6179274974 1.4433024709 -0.0985527134 3.7784612257 0.0006292300
0.5550000000 1.4433025226 -0.0682827837 1.5100385982 2.6179274013 1.4433025226 -0.0985527140 3.7784612223 0.0006578067
0.5560000000 1.4433025481 -0.0682827716 1.5100385783 2.6179273198 1.4433025481 -0.0985526982 3.7784611713 0.0001288609
0.5570000000 1.4433025624 -0.0682827590 1.5100385561 2.6179272546 1.4433025624 -0.0985526810 3.7784611147 0.0005111453
0.5580000000 1.4433025744 -0.0682827572 1.5100385502 2.6179272225 1.4433025744 -0.0985526792 3.7784611000 0.0007216224
0.5590000000 1.4433025867 -0.0682827690 1.5100385653 2.6179272273 1.4433025867 -0.0985526972 3.7784611389 0.0002781286
0.5600000000 1.4433025917 -0.0682827864 1.5100385871 2.6179272571 1.4433025917 -0.0985527226 3.7784611951 0.0004534650
0.5610000000 1.4433025715 -0.0682827965 1.5100385939 2.6179273061 1.4433025715 -0.0985527358 3.7784612130 0.0008633228
0.5620000000 1.4433025189 -0.0682827928 1.5100385750 2.6179273683 1.4433025189 -0.0985527268 3.7784611651 0.0005506376
0.5630000000 1.4433024457 -0.0682827807 1.5100385407 2.6179274409 1.4433024457 -0.0985527044 3.7784610782 0.0002217443
0.5640000000 1.4433023702 -0.0682827736 1.5100385151 2.6179275330 1.4433023702 -0.0985526890 3.7784610133 0.0008676602
0.5650000000 1.4433023082 -0.0682827816 1.5100385160 2.6179276473 1.4433023082 -0.0985526962 3.7784610161 0.0007981593
0.5660000000 1.4433022634 -0.0682828022 1.5100385393 2.6179277704 1.4433022634 -0.0985527230 3.7784610763 0.0000386808
0.5670000000 1.4433022206 -0.0682828222 1.5100385616 2.6179278879 1.4433022206 -0.0985527489 3.7784611340 0.0007941087
0.5680000000 1.4433021629 -0.0682828279 1.5100385592 2.6179279886 1.4433021629 -0.0985527533 3.7784611283 0.0009766243
0.5690000000 1.4433020913 -0.0682828172 1.5100385284 2.6179280643 1.4433020913 -0.0985527329 3.7784610502 0.0003129106
0.5700000000 1.4433020210 -0.0682828018 1.5100384902 2.6179281246 1.4433020210 -0.0985527059 3.7784609529 0.0006463449
0.5710000000 1.4433019699 -0.0682827981 1.5100384736 2.6179281880 1.4433019699 -0.0985526971 3.7784609109 0.0011556584
0.5720000000 1.4433019494 -0.0682828133 1.5100384915 2.6179282573 1.4433019494 -0.0985527176 3.7784609570 0.0007000380
0.5730000000 1.4433019493 -0.0682828385 1.5100385285 2.6179283233 1.4433019493 -0.0985527540 3.7784610522 0.0003338413
0.5740000000 1.4433019484 -0.0682828555 1.5100385529 2.6179283683 1.4433019484 -0.0985527785 3.7784611148 0.0011494503
0.5750000000 1.4433019317 -0.0682828516 1.5100385422 2.6179283798 1.4433019317 -0.0985527717 3.7784610876 0.0009859003
0.5760000000 1.4433019054 -0.0682828309 1.5100385034 2.6179283589 1.4433019054 -0.0985527400 3.7784609886 0.0000321262
0.5770000000 1.4433018934 -0.0682828120 1.5100384685 2.6179283188 1.4433018934 -0.0985527118 3.7784608994 0.0011144839
0.5780000000 1.4433019172 -0.0682828128 1.5100384687 2.6179282761 1.4433019172 -0.0985527147 3.7784609001 0.0013189019
0.5790000000 1.4433019804 -0.0682828357 1.5100385075 2.6179282303 1.4433019804 -0.0985527520 3.7784609995 0.0004059739
0.5800000000 1.4433020649 -0.0682828643 1.5100385561 2.6179281633 1.4433020649 -0.0985527990 3.7784611238 0.0008626987
0.5810000000 1.4433021407 -0.0682828764 1.5100385753 2.6179280602 1.4433021407 -0.0985528217 3.7784611734 0.0015179298
0.5820000000 1.4433021937 -0.0682828626 1.5100385489 2.6179279174 1.4433021937 -0.0985528054 3.7784611061 0.0008803990
0.5830000000 1.4433022367 -0.0682828349 1.5100384980 2.6179277493 1.4433022367 -0.0985527684 3.7784609761 0.0004932259
0.5840000000 1.4433022928 -0.0682828181 1.5100384658 2.6179275908 1.4433022928 -0.0985527480 3.7784608942 0.0015840165
0.5850000000 1.4433023770 -0.0682828293 1.5100384826 2.6179274680 1.4433023770 -0.0985527699 3.7784609375 0.0013517512
0.5860000000 1.4433024820 -0.0682828630 1.5100385388 2.6179273775 1.4433024820 -0.0985528257 3.7784610815 0.0000003723
0.5870000000 1.4433025738 -0.0682828942 1.5100385911 2.6179273037 1.4433025738 -0.0985528770 3.7784612155 0.0014525369
0.5880000000 1.4433026220 -0.0682828982 1.5100385964 2.6179272259 1.4433026220 -0.0985528860 3.7784612293 0.0017842557
0.5890000000 1.4433026238 -0.0682828713 1.5100385487 2.6179271381 1.4433026238 -0.0985528474 3.7784611074 0.0006060972
0.5900000000 1.4433026035 -0.0682828351 1.5100384856 2.6179270630 1.4433026035 -0.0985527937 3.7784609460 0.0010687467
0.5910000000 1.4433025996 -0.0682828197 1.5100384597 2.6179270245 1.4433025996 -0.0985527712 3.7784608799 0.0019939014
0.5920000000 1.4433026276 -0.0682828384 1.5100384949 2.6179270358 1.4433026276 -0.0985528001 3.7784609697 0.0011917256
0.5930000000 1.4433026699 -0.0682828756 1.5100385642 2.6179270819 1.4433026699 -0.0985528567 3.7784611468 0.0006002083
0.5940000000 1.4433026898 -0.0682828982 1.5100386096 2.6179271258 1.4433026898 -0.0985528906 3.7784612624 0.0021016082
0.5950000000 1.4433026575 -0.0682828822 1.5100385889 2.6179271474 1.4433026575 -0.0985528653 3.7784612090 0.0018343572
0.5960000000 1.4433025816 -0.0682828342 1.5100385135 2.6179271513 1.4433025816 -0.0985527908 3.7784610158 0.0000316336
0.5970000000 1.4433025047 -0.0682827876 1.5100384425 2.6179271645 1.4433025047 -0.0985527183 3.7784608335 0.0019931157
0.5980000000 1.4433024680 -0.0682827772 1.5100384374 2.6179272212 1.4433024680 -0.0985527008 3.7784608195 0.0025396493
0.5990000000 1.4433024803 -0.0682828098 1.5100385098 2.6179273266 1.4433024803 -0.0985527487 3.7784610038 0.0009835747
0.6000000000 1.4433025093 -0.0682828573 1.5100386100 2.6179274509 1.4433025093 -0.0985528193 3.7784612590 0.0012557523
0.6010000000 1.4433025034 -0.0682828771 1.5100386628 2.6179275544 1.4433025034 -0.0985528474 3.7784613930 0.0027451497
0.6020000000 1.4433024360 -0.0682828461 1.5100386289 2.6179276157 1.4433024360 -0.0985527982 3.7784613051 0.0018917454
0.6030000000 1.4433023293 -0.0682827810 1.5100385388 2.6179276484 1.4433023293 -0.0985526969 3.7784610730 0.0004576220
0.6040000000 1.4433022368 -0.0682827264 1.5100384705 2.6179276942 1.4433022368 -0.0985526117 3.7784608969 0.0026845793
0.6050000000 1.4433022030 -0.0682827206 1.5100384894 2.6179277878 1.4433022030 -0.0985526010 3.7784609434 0.0027315980
0.6060000000 1.4433022271 -0.0682827629 1.5100385928 2.6179279261 1.4433022271 -0.0985526638 3.7784612061 0.0006376317
0.6070000000 1.4433022625 -0.0682828134 1.5100387117 2.6179280713 1.4433022625 -0.0985527390 3.7784615084 0.0018451059
0.6080000000 1.4433022517 -0.0682828221 1.5100387623 2.6179281791 1.4433022517 -0.0985527509 3.7784616357 0.0031213952
0.6090000000 1.4433021749 -0.0682827716 1.5100387147 2.6179282323 1.4433021749 -0.0985526727 3.7784615115 0.0016874470
0.6100000000 1.4433020667 -0.0682826916 1.5100386181 2.6179282556 1.4433020667 -0.0985525499 3.7784612619 0.0010783583
0.6110000000 1.4433019894 -0.0682826373 1.5100385648 2.6179282997 1.4433019894 -0.0985524662 3.7784611231 0.0032659450
0.6120000000 1.4433019860 -0.0682826438 1.5100386173 2.6179283973 1.4433019860 -0.0985524753 3.7784612551 0.0026694367
0.6130000000 1.4433020441 -0.0682826964 1.5100387556 2.6179285353 1.4433020441 -0.0985525552 3.7784616062 0.0001294198
0.6140000000 1.4433021019 -0.0682827421 1.5100388907 2.6179286675 1.4433021019 -0.0985526252 3.7784619484 0.0026418356
0.6150000000 1.4433020967 -0.0682827312 1.5100389306 2.6179287453 1.4433020967 -0.0985526091 3.7784620471 0.0035363208
0.6160000000 1.4433020193 -0.0682826596 1.5100388597 2.6179287579 1.4433020193 -0.0985525006 3.7784618628 0.0012603137
0.6170000000 1.4433019207 -0.0682825713 1.5100387541 2.6179287476 1.4433019207 -0.0985523663 3.7784615897 0.0021318889
0.6180000000 1.4433018768 -0.0682825242 1.5100387257 2.6179287748 1.4433018768 -0.0985522953 3.7784615140 0.0040010103
0.6190000000 1.4433019258 -0.0682825435 1.5100388279 2.6179288643 1.4433019258 -0.0985523265 3.7784617714 0.0022843707
0.6200000000 1.4433020304 -0.0682826024 1.5100390074 2.6179289896 1.4433020304 -0.0985524187 3.7784622263 0.0009140156
0.6210000000 1.4433021072 -0.0682826418 1.5100391435 2.6179290889 1.4433021072 -0.0985524807 3.7784625705 0.0038368765
0.6220000000 1.4433020980 -0.0682826148 1.5100391479 2.6179291113 1.4433020980 -0.0985524412 3.7784625789 0.0034882424
0.6230000000 1.4433020185 -0.0682825251 1.5100390446 2.6179290705 1.4433020185 -0.0985523063 3.7784623118 0.0000573925
0.6240000000 1.4433019456 -0.0682824257 1.5100389488 2.6179290299 1.4433019456 -0.0985521579 3.7784620623 0.0034614090
0.6250000000 1.4433019574 -0.0682823830 1.5100389713 2.6179290445 1.4433019574 -0.0985520971 3.7784621143 0.0038823455
0.6260000000 1.4433020601 -0.0682824224 1.5100391218 2.6179291218 1.4433020601 -0.0985521609 3.7784624945 0.0011769411
0.6270000000 1.4433021882 -0.0682825030 1.5100393079 2.6179292174 1.4433021882 -0.0985522860 3.7784629681 0.0018646484
0.6280000000 1.4433022651 -0.0682825424 1.5100394130 2.6179292629 1.4433022651 -0.0985523481 3.7784632350 0.0038413508
0.6290000000 1.4433022590 -0.0682824844 1.5100393911 2.6179292322 1.4433022590 -0.0985522640 3.7784631746 0.0027150997
0.6300000000 1.4433022009 -0.0682823564 1.5100392918 2.6179291565 1.4433022009 -0.0985520753 3.7784629135 0.0002280205
0.6310000000 1.4433021614 -0.0682822525 1.5100392138 2.6179290859 1.4433021614 -0.0985519227 3.7784627082 0.0030699194
0.6320000000 1.4433021964 -0.0682822548 1.5100392386 2.6179290656 1.4433021964 -0.0985519284 3.7784627703 0.0039231534
0.6330000000 1.4433023150 -0.0682823485 1.5100393850 2.6179291107 1.4433023150 -0.0985520716 3.7784631460 0.0019491988
0.6340000000 1.4433024789 -0.0682824339 1.5100395933 2.6179291803 1.4433024789 -0.0985522061 3.7784636755 0.0013588336
0.6350000000 1.4433026018 -0.0682824176 1.5100397402 2.6179292111 1.4433026018 -0.0985521910 3.7784640415 0.0054011713
0.6360000000 1.4433025982 -0.0682823103 1.5100397101 2.6179291580 1.4433025982 -0.0985520358 3.7784639555 0.0051405350
0.6370000000 1.4433024730 -0.0682822084 1.5100395108 2.6179290326 1.4433024730 -0.0985518802 3.7784634469 0.0001211759
0.6380000000 1.4433023388 -0.0682821878 1.5100393224 2.6179289481 1.4433023388 -0.0985518414 3.7784629737 0.0069170381
0.6390000000 1.4433023607 -0.0682822342 1.5100393779 2.6179290078 1.4433023607 -0.0985519099 3.7784631170 0.0072611912
0.6400000000 1.4433025698 -0.0682822746 1.5100397173 2.6179292195 1.4433025698 -0.0985519825 3.7784639700 0.0002307520
0.6410000000 1.4433027809 -0.0682822939 1.5100400670 2.6179294439 1.4433027809 -0.0985520247 3.7784648466 0.0090370377
0.6420000000 1.4433027499 -0.0682823212 1.5100400659 2.6179295000 1.4433027499 -0.0985520620 3.7784648465 0.0096880725
0.6430000000 1.4433024518 -0.0682823676 1.5100396710 2.6179293595 1.4433024518 -0.0985521085 3.7784638632 0.0007291316
0.6440000000 1.4433021769 -0.0682823327 1.5100393043 2.6179292201 1.4433021769 -0.0985520394 3.7784629423 0.0114106292
0.6450000000 1.4433022394 -0.0682821590 1.5100394328 2.6179293175 1.4433022394 -0.0985517929 3.7784632466 0.0083594327
0.6460000000 1.4433026038 -0.0682819742 1.5100399970 2.6179296218 1.4433026038 -0.0985515511 3.7784646397 0.0056500158
0.6470000000 1.4433027910 -0.0682820787 1.5100402919 2.6179298005 1.4433027910 -0.0985517148 3.7784653876 0.0154084951
0.6480000000 1.4433024191 -0.0682825804 1.5100397684 2.6179296019 1.4433024191 -0.0985524135 3.7784641275 0.0040705242
0.6490000000 1.4433018083 -0.0682830375 1.5100388866 2.6179292127 1.4433018083 -0.0985530315 3.7784619666 0.0177596001
0.6500000000 1.4433018819 -0.0682827286 1.5100389936 2.6179292435 1.4433018819 -0.0985525906 3.7784622038 0.0179331531
0.6510000000 1.4433030600 -0.0682814676 1.5100407207 2.6179300140 1.4433030600 -0.0985508511 3.7784664000 0.0036950837
0.6520000000 1.4433040761 -0.0682805724 1.5100422028 2.6179306787 1.4433040761 -0.0985496284 3.7784700196 0.0275849132
0.6530000000 1.4433025754 -0.0682820588 1.5100399751 2.6179296411 1.4433025754 -0.0985516713 3.7784645933 0.0131229966
0.6540000000 1.4432982858 -0.0682860129 1.5100336706 2.6179267646 1.4432982858 -0.0985570854 3.7784492116 0.0133241412
0.6550000000 1.4432961987 -0.0682879471 1.5100305903 2.6179253433 1.4432961987 -0.0985597345 3.7784416966 0.0324846307
0.6560000000 1.4433041287 -0.0682812123 1.5100421304 2.6179305016 1.4433041287 -0.0985505556 3.7784699017 0.0092603509
0.6570000000 1.4433195325 -0.0682679525 1.5100646249 2.6179406446 1.4433195325 -0.0985324694 3.7785248672 0.0290602177
0.6580000000 1.4433222282 -0.0682654302 1.5100685178 2.6179423301 1.4433222282 -0.0985290128 3.7785343573 0.0340434849
0.6590000000 1.4432848212 -0.0682969184 1.5100135394 2.6179170401 1.4432848212 -0.0985719056 3.7783999271 0.0050947050
0.6600000000 1.4432296050 -0.0683437044 1.5099324821 2.6178798960 1.4432296050 -0.0986356575 3.7782017683 0.0342799451
0.6610000000 1.4432395738 -0.0683357738 1.5099470513 2.6178865249 1.4432395738 -0.0986248931 3.7782374325 0.0281258026
0.6620000000 1.4434055870 -0.0681968218 1.5101900093 2.6179970186 1.4434055870 -0.0984356736 3.7788315233 0.0007980325
0.6630000000 1.4435952508 -0.0680376267 1.5104675682 2.6181231929 1.4435952508 -0.0982187948 3.7795102073 0.0345352203
0.6640000000 1.4434679657 -0.0681437400 1.5102812960 2.6180384682 1.4434679657 -0.0983633058 3.7790546618 0.0219180116
0.6650000000 1.4427690188 -0.0687296222 1.5092574773 2.6175716916 1.4427690188 -0.0991609696 3.7765513413 0.0040577516
0.6660000000 1.4421613490 -0.0692399941 1.5083669720 2.6171651465 1.4421613490 -0.0998552434 3.7743744183 0.0345884325
0.6670000000 1.4430095296 -0.0685285466 1.5096099440 2.6177326523 1.4430095296 -0.0988873457 3.7774131631 0.0167212119
0.6680000000 1.4458119398 -0.0661802961 1.5137163108 2.6196055512 1.4458119398 -0.0956842622 3.7874569834 0.0104957545
0.6690000000 1.4475319092 -0.0647428540 1.5162348209 2.6207510813 1.4475319092 -0.0937173470 3.7936208164 0.0346000582
0.6700000000 1.4428017057 -0.0686993321 1.5093114356 2.6176038581 1.4428017057 -0.0991195135 3.7766833111 0.0120102043
0.6710000000 1.4318992272 -0.0778721879 1.4933657382 2.6103484439 1.4318992272 -0.1115051257 3.7377559197 0.0193000827
0.6720000000 1.4278602199 -0.0813046376 1.4874469046 2.6076338599 1.4278602199 -0.1160916577 3.7233366567 0.0346026690
0.6730000000 1.4503658401 -0.0623001394 1.5205069836 2.6228431557 1.4503658401 -0.0903579941 3.8040821168 0.0078587071
0.6740000000 1.4896609880 -0.0299299994 1.5783264086 2.6492492427 1.4896609880 -0.0445855525 3.9464832444 0.0346030033
0.6750000000 1.4881426073 -0.0312935885 1.5760229887 2.6481239857 1.4881426073 -0.0465693224 3.9407861325 0.0310429372
0.6760000000 1.3712047898 -0.1286605970 1.4075065719 2.5744626980 1.3712047898 -0.1764200269 3.5301155828 0.0054068744
0.6770000000 1.1953995600 -0.2917381100 1.1603219527 2.4691959753 1.1953995600 -0.3487436083 2.9516757823 0.0077500074
0.6780000000 1.0756836486 -0.4164011117 0.9979001933 2.4059181518 1.0756836486 -0.4479158672 2.5880068159 0.0147589847
0.6790000000 1.0243094152 -0.4728473663 0.9309012943 2.3838140324 1.0243094152 -0.4843420092 2.4417631574 0.0177736954
0.6800000000 1.0072035779 -0.4919263368 0.9090999810 2.3774908746 1.0072035779 -0.4954699665 2.3946173154 0.0188004955
0.6810000000 1.0020785625 -0.4976678537 0.9026209358 2.3757083298 1.0020785625 -0.4987022874 2.3806463881 0.0191072369
0.6820000000 1.0005947967 -0.4993324271 0.9007496033 2.3752018336 1.0005947967 -0.4996294284 2.3766145958 0.0191917056
0.6830000000 1.0001695649 -0.4998096708 0.9002136647 2.3750574684 1.0001695649 -0.4998944210 2.3754601947 0.0192011157
0.6840000000 1.0000481011 -0.4999460072 0.9000606084 2.3750162966 1.0000481011 -0.4999700552 2.3751305374 0.0191520050
0.6850000000 1.0000134862 -0.4999848618 0.9000169927 2.3750045687 1.0000134862 -0.4999916047 2.3750365985 0.0189576128
0.6860000000 1.0000036746 -0.4999958753 0.9000046300 2.3750012448 1.0000036746 -0.4999977126 2.3750099719 0.0182849519
0.6870000000 1.0000009409 -0.4999989438 0.9000011856 2.3750003187 1.0000009409 -0.4999994143 2.3750025535 0.0161237015
0.6880000000 1.0000002171 -0.4999997563 0.9000002735 2.3750000735 1.0000002171 -0.4999998649 2.3750005891 0.0108258191
0.6890000000 1.0000000448 -0.4999999497 0.9000000565 2.3750000152 1.0000000448 -0.4999999721 2.3750001217 0.0043353041
0.6900000000 1.0000000087 -0.4999999903 0.9000000109 2.3750000029 1.0000000087 -0.4999999946 2.3750000235 0.0010893866
0.6910000000 1.0000000016 -0.4999999982 0.9000000021 2.3750000006 1.0000000016 -0.4999999990 2.3750000044 0.0002211559
0.6920000000 1.0000000003 -0.4999999997 0.9000000004 2.3750000001 1.0000000003 -0.4999999998 2.3750000008 0.0000421487
0.6930000000 1.0000000001 -0.4999999999 0.9000000001 2.3750000000 1.0000000001 -0.5000000000 2.3750000002 0.0000079188
0.6940000000 1.0000000000 -0.5000000000 0.9000000000 2.3750000000 1.0000000000 -0.5000000000 2.3750000000 0.0000014835
0.6950000000 1.0000000000 -0.5000000000 0.9000000000 2.3750000000 1.0000000000 -0.5000000000 2.3750000000 0.0000002778
0.6960000000 1.0000000000 -0.5000000000 0.9000000000 2.3750000000 1.0000000000 -0.5000000000 2.3750000000 0.0000000520
0.6970000000 1.0000000000 -0.5000000000 0.9000000000 2.3750000000 1.0000000000 -0.5000000000 2.3750000000 0.0000000097
0.6980000000 1.0000000000 -0.5000000000 0.9000000000 2.3750000000 1.0000000000 -0.5000000000 2.3750000000 0.0000000018
0.6990000000 1.0000000000 -0.5000000000 0.9000000000 2.3750000000 1.0000000000 -0.5000000000 2.3750000000 0.0000000003
0.7000000000 1.0000000000 -0.5000000000 0.9000000000 2.3750000000 1.0000000000 -0.5000000000 2.3750000000 0.0000000001
0.7010000000 1.0000000000 -0.5000000000 0.9000000000 2.3750000000 1.0000000000 -0.5000000000 2.3750000000 0.0000000000
0.7020000000 1.0000000000 -0.5000000000 0.9000000000 2.3750000000 1.0000000000 -0.5000000000 2.3750000000 0.0000000000
0.7030000000 1.0000000000 -0.5000000000 0.9000000000 2.3750000000 1.0000000000 -0.5000000000 2.3750000000 0.0000000000
0.7040000000 1.0000000000 -0.5000000000 0.9000000000 2.3750000000 1.0000000000 -0.5000000000 2.3750000000 0.0000000000
0.7050000000 1.0000000000 -0.5000000000 0.9000000000 2.3750000000 1.0000000000 -0.5000000000 2.3750000000 0.0000000000
0.7060000000 1.0000000000 -0.5000000000 0.9000000000 2.3750000000 1.0000000000 -0.5000000000 2.3750000000 0.0000000000
0.7070000000 1.0000000000 -0.5000000000 0.9000000000 2.3750000000 1.0000000000 -0.5000000000 2.3750000000 0.0000000000
0.7080000000 1.0000000000 -0.5000000000 0.9000000000 2.3750000000 1.0000000000 -0.5000000000 2.3750000000 0.0000000000
0.7090000000 1.0000000000 -0.5000000000 0.9000000000 2.3750000000 1.0000000000 -0.5000000000 2.3750000000 0.0000000000
0.7100000000 1.0000000000 -0.5000000000 0.9000000000 2.3750000000 1.0000000000 -0.5000000000 2.3750000000 0.0000000000
0.7110000000 1.0000000000 -0.5000000000 0.9000000000 2.3750000000 1.0000000000 -0.5000000000 2.3750000000 0.0000000000
0.7120000000 1.0000000000 -0.5000000000 0.9000000000 2.3750000000 1.0000000000 -0.5000000000 2.3750000000 0.0000000000
0.7130000000 1.0000000000 -0.5000000000 0.9000000000 2.3750000000 1.0000000000 -0.5000000000 2.3750000000 0.0000000000
0.7140000000 1.0000000000 -0.5000000000 0.9000000000 2.3750000000 1.0000000000 -0.5000000000 2.3750000000 0.0000000000
0.7150000000 1.0000000000 -0.5000000000 0.9000000000 2.3750000000 1.0000000000 -0.5000000000 2.3750000000 0.0000000000
0.7160000000 1.0000000000 -0.5000000000 0.9000000000 2.3750000000 1.0000000000 -0.5000000000 2.3750000000 0.0000000000
0.7170000000 1.0000000000 -0.5000000000 0.9000000000 2.3750000000 1.0000000000 -0.5000000000 2.3750000000 0.0000000000
0.7180000000 1.0000000000 -0.5000000000 0.9000000000 2.3750000000 1.0000000000 -0.5000000000 2.3750000000 0.0000000000
0.7190000000 1.0000000000 -0.5000000000 0.9000000000 2.3750000000 1.0000000000 -0.5000000000 2.3750000000 0.0000000000
0.7200000000 1.0000000000 -0.5000000000 0.9000000000 2.3750000000 1.0000000000 -0.5000000000 2.3750000000 0.0000000000
0.7210000000 1.0000000000 -0.5000000000 0.9000000000 2.3750000000 1.0000000000 -0.5000000000 2.3750000000 0.0000000000
0.7220000000 1.0000000000 -0.5000000000 0.9000000000 2.3750000000 1.0000000000 -0.5000000000 2.3750000000 0.0000000000
0.7230000000 1.0000000000 -0.5000000000 0.9000000000 2.3750000000 1.0000000000 -0.5000000000 2.3750000000 0.0000000000
0.7240000000 1.0000000000 -0.5000000000 0.9000000000 2.3750000000 1.0000000000 -0.5000000000 2.3750000000 0.0000000000
0.7250000000 1.0000000000 -0.5000000000 0.9000000000 2.3750000000 1.0000000000 -0.5000000000 2.3750000000 0.0000000000
0.7260000000 1.0000000000 -0.5000000000 0.9000000000 2.3750000000 1.0000000000 -0.5000000000 2.3750000000 0.0000000000
0.7270000000 1.0000000000 -0.5000000000 0.9000000000 2.3750000000 1.0000000000 -0.5000000000 2.3750000000 0.0000000000
0.7280000000 1.0000000000 -0.5000000000 0.9000000000 2.3750000000 1.0000000000 -0.5000000000 2.3750000000 0.0000000000
0.7290000000 1.0000000000 -0.5000000000 0.9000000000 2.3750000000 1.0000000000 -0.5000000000 2.3750000000 0.0000000000
0.7300000000 1.0000000000 -0.5000000000 0.9000000000 2.3750000000 1.0000000000 -0.5000000000 2.3750000000 0.0000000000
0.7310000000 1.0000000000 -0.5000000000 0.9000000000 2.3750000000 1.0000000000 -0.5000000000 2.3750000000 0.0000000000
0.7320000000 1.0000000000 -0.5000000000 0.9000000000 2.3750000000 1.0000000000 -0.5000000000 2.3750000000 0.0000000000
0.7330000000 1.0000000000 -0.5000000000 0.9000000000 2.3750000000 1.0000000000 -0.5000000000 2.3750000000 0.0000000000
0.7340000000 1.0000000000 -0.5000000000 0.9000000000 2.3750000000 1.0000000000 -0.5000000000 2.3750000000 0.0000000000
0.7350000000 1.0000000000 -0.5000000000 0.9000000000 2.3750000000 1.0000000000 -0.5000000000 2.3750000000 0.0000000000
0.7360000000 1.0000000000 -0.5000000000 0.9000000000 2.3750000000 1.0000000000 -0.5000000000 2.3750000000 0.0000000000
0.7370000000 1.0000000000 -0.5000000000 0.9000000000 2.3750000000 1.0000000000 -0.5000000000 2.3750000000 0.0000000000
0.7380000000 1.0000000000 -0.5000000000 0.9000000000 2.3750000000 1.0000000000 -0.5000000000 2.3750000000 0.0000000000
0.7390000000 1.0000000000 -0.5000000000 0.9000000000 2.3750000000 1.0000000000 -0.5000000000 2.3750000000 0.0000000000
0.7400000000 1.0000000000 -0.5000000000 0.9000000000 2.3750000000 1.0000000000 -0.5000000000 2.3750000000 0.0000000000
0.7410000000 1.0000000000 -0.5000000000 0.9000000000 2.3750000000 1.0000000000 -0.5000000000 2.3750000000 0.0000000000
0.7420000000 1.0000000000 -0.5000000000 0.9000000000 2.3750000000 1.0000000000 -0.5000000000 2.3750000000 0.0000000000
0.7430000000 1.0000000000 -0.5000000000 0.9000000000 2.3750000000 1.0000000000 -0.5000000000 2.3750000000 0.0000000000
0.7440000000 1.0000000000 -0.5000000000 0.9000000000 2.3750000000 1.0000000000 -0.5000000000 2.3750000000 0.0000000000
0.7450000000 1.0000000000 -0.5000000000 0.9000000000 2.3750000000 1.0000000000 -0.5000000000 2.3750000000 0.0000000000
0.7460000000 1.0000000000 -0.5000000000 0.9000000000 2.3750000000 1.0000000000 -0.5000000000 2.3750000000 0.0000000000
0.7470000000 1.0000000000 -0.5000000000 0.9000000000 2.3750000000 1.0000000000 -0.5000000000 2.3750000000 0.0000000000
0.7480000000 1.0000000000 -0.5000000000 0.9000000000 2.3750000000 1.0000000000 -0.5000000000 2.3750000000 0.0000000000
0.7490000000 1.0000000000 -0.5000000000 0.9000000000 2.3750000000 1.0000000000 -0.5000000000 2.3750000000 0.0000000000
0.7500000000 1.0000000000 -0.5000000000 0.9000000000 2.3750000000 1.0000000000 -0.5000000000 2.3750000000 0.0000000000
0.7510000000 1.0000000000 -0.5000000000 0.9000000000 2.3750000000 1.0000000000 -0.5000000000 2.3750000000 0.0000000000
0.7520000000 1.0000000000 -0.5000000000 0.9000000000 2.3750000000 1.0000000000 -0.5000000000 2.3750000000 0.0000000000
0.7530000000 1.0000000000 -0.5000000000 0.9000000000 2.3750000000 1.0000000000 -0.5000000000 2.3750000000 0.0000000000
0.7540000000 1.0000000000 -0.5000000000 0.9000000000 2.3750000000 1.0000000000 -0.5000000000 2.3750000000 0.0000000000
0.7550000000 1.0000000000 -0.5000000000 0.9000000000 2.3750000000 1.0000000000 -0.5000000000 2.3750000000 0.0000000000
0.7560000000 1.0000000000 -0.5000000000 0.9000000000 2.3750000000 1.0000000000 -0.5000000000 2.3750000000 0.0000000000
0.7570000000 1.0000000000 -0.5000000000 0.9000000000 2.3750000000 1.0000000000 -0.5000000000 2.3750000000 0.0000000000
0.7580000000 1.0000000000 -0.5000000000 0.9000000000 2.3750000000 1.0000000000 -0.5000000000 2.3750000000 0.0000000000
0.7590000000 1.0000000000 -0.5000000000 0.9000000000 2.3750000000 1.0000000000 -0.5000000000 2.3750000000 0.0000000000
0.7600000000 1.0000000000 -0.5000000000 0.9000000000 2.3750000000 1.0000000000 -0.5000000000 2.3750000000 0.0000000000
0.7610000000 1.0000000000 -0.5000000000 0.9000000000 2.3750000000 1.0000000000 -0.5000000000 2.3750000000 0.0000000000
0.7620000000 1.0000000000 -0.5000000000 0.9000000000 2.3750000000 1.0000000000 -0.5000000000 2.3750000000 0.0000000000
0.7630000000 1.0000000000 -0.5000000000 0.9000000000 2.3750000000 1.0000000000 -0.5000000000 2.3750000000 0.0000000000
0.7640000000 1.0000000000 -0.5000000000 0.9000000000 2.3750000000 1.0000000000 -0.5000000000 2.3750000000 0.0000000000
0.7650000000 1.0000000000 -0.5000000000 0.9000000000 2.3750000000 1.0000000000 -0.5000000000 2.3750000000 0.0000000000
0.7660000000 1.0000000000 -0.5000000000 0.9000000000 2.3750000000 1.0000000000 -0.5000000000 2.3750000000 0.0000000000
0.7670000000 1.0000000000 -0.5000000000 0.9000000000 2.3750000000 1.0000000000 -0.5000000000 2.3750000000 0.0000000000
0.7680000000 1.0000000000 -0.5000000000 0.9000000000 2.3750000000 1.0000000000 -0.5000000000 2.3750000000 0.0000000000
0.7690000000 1.0000000000 -0.5000000000 0.9000000000 2.3750000000 1.0000000000 -0.5000000000 2.3750000000 0.0000000000
0.7700000000 1.0000000000 -0.5000000000 0.9000000000 2.3750000000 1.0000000000 -0.5000000000 2.3750000000 0.0000000000
0.7710000000 1.0000000000 -0.5000000000 0.9000000000 2.3750000000 1.0000000000 -0.5000000000 2.3750000000 0.0000000000
0.7720000000 1.0000000000 -0.5000000000 0.9000000000 2.3750000000 1.0000000000 -0.5000000000 2.3750000000 0.0000000000
0.7730000000 1.0000000000 -0.5000000000 0.9000000000 2.3750000000 1.0000000000 -0.5000000000 2.3750000000 0.0000000000
0.7740000000 1.0000000000 -0.5000000000 0.9000000000 2.3750000000 1.0000000000 -0.5000000000 2.3750000000 0.0000000000
0.7750000000 1.0000000000 -0.5000000000 0.9000000000 2.3750000000 1.0000000000 -0.5000000000 2.3750000000 0.0000000000
0.7760000000 1.0000000000 -0.5000000000 0.9000000000 2.3750000000 1.0000000000 -0.5000000000 2.3750000000 0.0000000000
0.7770000000 1.0000000000 -0.5000000000 0.9000000000 2.3750000000 1.0000000000 -0.5000000000 2.3750000000 0.0000000000
0.7780000000 1.0000000000 -0.5000000000 0.9000000000 2.3750000000 1.0000000000 -0.5000000000 2.3750000000 0.0000000000
0.7790000000 1.0000000000 -0.5000000000 0.9000000000 2.3750000000 1.0000000000 -0.5000000000 2.3750000000 0.0000000000
0.7800000000 1.0000000000 -0.5000000000 0.9000000000 2.3750000000 1.0000000000 -0.5000000000 2.3750000000 0.0000000000
0.7810000000 1.0000000000 -0.5000000000 0.9000000000 2.3750000000 1.0000000000 -0.5000000000 2.3750000000 0.0000000000
0.7820000000 1.0000000000 -0.5000000000 0.9000000000 2.3750000000 1.0000000000 -0.5000000000 2.3750000000 0.0000000000
0.7830000000 1.0000000000 -0.5000000000 0.9000000000 2.3750000000 1.0000000000 -0.5000000000 2.3750000000 0.0000000000
0.7840000000 1.0000000000 -0.5000000000 0.9000000000 2.3750000000 1.0000000000 -0.5000000000 2.3750000000 0.0000000000
0.7850000000 1.0000000000 -0.5000000000 0.9000000000 2.3750000000 1.0000000000 -0.5000000000 2.3750000000 0.0000000000
0.7860000000 1.0000000000 -0.5000000000 0.9000000000 2.3750000000 1.0000000000 -0.5000000000 2.3750000000 0.0000000000
0.7870000000 1.0000000000 -0.5000000000 0.9000000000 2.3750000000 1.0000000000 -0.5000000000 2.3750000000 0.0000000000
0.7880000000 1.0000000000 -0.5000000000 0.9000000000 2.3750000000 1.0000000000 -0.5000000000 2.3750000000 0.0000000000
0.7890000000 1.0000000000 -0.5000000000 0.9000000000 2.3750000000 1.0000000000 -0.5000000000 2.3750000000 0.0000000000
0.7900000000 1.0000000000 -0.5000000000 0.9000000000 2.3750000000 1.0000000000 -0.5000000000 2.3750000000 0.0000000000
0.7910000000 1.0000000000 -0.5000000000 0.9000000000 2.3750000000 1.0000000000 -0.5000000000 2.3750000000 0.0000000000
0.7920000000 1.0000000000 -0.5000000000 0.9000000000 2.3750000000 1.0000000000 -0.5000000000 2.3750000000 0.0000000000
0.7930000000 1.0000000000 -0.5000000000 0.9000000000 2.3750000000 1.0000000000 -0.5000000000 2.3750000000 0.0000000000
0.7940000000 1.0000000000 -0.5000000000 0.9000000000 2.3750000000 1.0000000000 -0.5000000000 2.3750000000 0.0000000000
0.7950000000 1.0000000000 -0.5000000000 0.9000000000 2.3750000000 1.0000000000 -0.5000000000 2.3750000000 0.0000000000
0.7960000000 1.0000000000 -0.5000000000 0.9000000000 2.3750000000 1.0000000000 -0.5000000000 2.3750000000 0.0000000000
0.7970000000 1.0000000000 -0.5000000000 0.9000000000 2.3750000000 1.0000000000 -0.5000000000 2.3750000000 0.0000000000
0.7980000000 1.0000000000 -0.5000000000 0.9000000000 2.3750000000 1.0000000000 -0.5000000000 2.3750000000 0.0000000000
0.7990000000 1.0000000000 -0.5000000000 0.9000000000 2.3750000000 1.0000000000 -0.5000000000 2.3750000000 0.0000000000
0.8000000000 1.0000000000 -0.5000000000 0.9000000000 2.3750000000 1.0000000000 -0.5000000000 2.3750000000 0.0000000000
0.8010000000 1.0000000000 -0.5000000000 0.9000000000 2.3750000000 1.0000000000 -0.5000000000 2.3750000000 0.0000000000
0.8020000000 1.0000000000 -0.5000000000 0.9000000000 2.3750000000 1.0000000000 -0.5000000000 2.3750000000 0.0000000000
0.8030000000 1.0000000000 -0.5000000000 0.9000000000 2.3750000000 1.0000000000 -0.5000000000 2.3750000000 0.0000000000
0.8040000000 1.0000000000 -0.5000000000 0.9000000000 2.3750000000 1.0000000000 -0.5000000000 2.3750000000 0.0000000000
0.8050000000 1.0000000000 -0.5000000000 0.9000000000 2.3750000000 1.0000000000 -0.5000000000 2.3750000000 0.0000000000
0.8060000000 1.0000000000 -0.5000000000 0.9000000000 2.3750000000 1.0000000000 -0.5000000000 2.3750000000 0.0000000000
0.8070000000 1.0000000000 -0.5000000000 0.9000000000 2.3750000000 1.0000000000 -0.5000000000 2.3750000000 0.0000000000
0.8080000000 1.0000000000 -0.5000000000 0.9000000000 2.3750000000 1.0000000000 -0.5000000000 2.3750000000 0.0000000000
0.8090000000 1.0000000000 -0.5000000000 0.9000000000 2.3750000000 1.0000000000 -0.5000000000 2.3750000000 0.0000000000
0.8100000000 1.0000000000 -0.5000000000 0.9000000000 2.3750000000 1.0000000000 -0.5000000000 2.3750000000 0.0000000000
0.8110000000 1.0000000000 -0.5000000000 0.9000000000 2.3750000000 1.0000000000 -0.5000000000 2.3750000000 0.0000000000
0.8120000000 1.0000000000 -0.5000000000 0.9000000000 2.3750000000 1.0000000000 -0.5000000000 2.3750000000 0.0000000000
0.8130000000 1.0000000000 -0.5000000000 0.9000000000 2.3750000000 1.0000000000 -0.5000000000 2.3750000000 0.0000000000
0.8140000000 1.0000000000 -0.5000000000 0.9000000000 2.3750000000 1.0000000000 -0.5000000000 2.3750000000 0.0000000000
0.8150000000 1.0000000000 -0.5000000000 0.9000000000 2.3750000000 1.0000000000 -0.5000000000 2.3750000000 0.0000000000
0.8160000000 1.0000000000 -0.5000000000 0.9000000000 2.3750000000 1.0000000000 -0.5000000000 2.3750000000 0.0000000000
0.8170000000 1.0000000000 -0.5000000000 0.9000000000 2.3750000000 1.0000000000 -0.5000000000 2.3750000000 0.0000000000
0.8180000000 1.0000000000 -0.5000000000 0.9000000000 2.3750000000 1.0000000000 -0.5000000000 2.3750000000 0.0000000000
0.8190000000 1.0000000000 -0.5000000000 0.9000000000 2.3750000000 1.0000000000 -0.5000000000 2.3750000000 0.0000000000
0.8200000000 1.0000000000 -0.5000000000 0.9000000000 2.3750000000 1.0000000000 -0.5000000000 2.3750000000 0.0000000000
0.8210000000 1.0000000000 -0.5000000000 0.9000000000 2.3750000000 1.0000000000 -0.5000000000 2.3750000000 0.0000000000
0.8220000000 1.0000000000 -0.5000000000 0.9000000000 2.3750000000 1.0000000000 -0.5000000000 2.3750000000 0.0000000000
0.8230000000 1.0000000000 -0.5000000000 0.9000000000 2.3750000000 1.0000000000 -0.5000000000 2.3750000000 0.0000000000
0.8240000000 1.0000000000 -0.5000000000 0.9000000000 2.3750000000 1.0000000000 -0.5000000000 2.3750000000 0.0000000000
0.8250000000 1.0000000000 -0.5000000000 0.9000000000 2.3750000000 1.0000000000 -0.5000000000 2.3750000000 0.0000000000
0.8260000000 1.0000000000 -0.5000000000 0.9000000000 2.3750000000 1.0000000000 -0.5000000000 2.3750000000 0.0000000000
0.8270000000 1.0000000000 -0.5000000000 0.9000000000 2.3750000000 1.0000000000 -0.5000000000 2.3750000000 0.0000000000
0.8280000000 1.0000000000 -0.5000000000 0.9000000000 2.3750000000 1.0000000000 -0.5000000000 2.3750000000 0.0000000000
0.8290000000 1.0000000000 -0.5000000000 0.9000000000 2.3750000000 1.0000000000 -0.5000000000 2.3750000000 0.0000000000
0.8300000000 1.0000000000 -0.5000000000 0.9000000000 2.3750000000 1.0000000000 -0.5000000000 2.3750000000 0.0000000000
0.8310000000 1.0000000000 -0.5000000000 0.9000000000 2.3750000000 1.0000000000 -0.5000000000 2.3750000000 0.0000000000
0.8320000000 1.0000000000 -0.5000000000 0.9000000000 2.3750000000 1.0000000000 -0.5000000000 2.3750000000 0.0000000000
0.8330000000 1.0000000000 -0.5000000000 0.9000000000 2.3750000000 1.0000000000 -0.5000000000 2.3750000000 0.0000000000
0.8340000000 1.0000000000 -0.5000000000 0.9000000000 2.3750000000 1.0000000000 -0.5000000000 2.3750000000 0.0000000000
0.8350000000 1.0000000000 -0.5000000000 0.9000000000 2.3750000000 1.0000000000 -0.5000000000 2.3750000000 0.0000000000
0.8360000000 1.0000000000 -0.5000000000 0.9000000000 2.3750000000 1.0000000000 -0.5000000000 2.3750000000 0.0000000000
0.8370000000 1.0000000000 -0.5000000000 0.9000000000 2.3750000000 1.0000000000 -0.5000000000 2.3750000000 0.0000000000
0.8380000000 1.0000000000 -0.5000000000 0.9000000000 2.3750000000 1.0000000000 -0.5000000000 2.3750000000 0.0000000000
0.8390000000 1.0000000000 -0.5000000000 0.9000000000 2.3750000000 1.0000000000 -0.5000000000 2.3750000000 0.0000000000
0.8400000000 1.0000000000 -0.5000000000 0.9000000000 2.3750000000 1.0000000000 -0.5000000000 2.3750000000 0.0000000000
0.8410000000 1.0000000000 -0.5000000000 0.9000000000 2.3750000000 1.0000000000 -0.5000000000 2.3750000000 0.0000000000
0.8420000000 1.0000000000 -0.5000000000 0.9000000000 2.3750000000 1.0000000000 -0.5000000000 2.3750000000 0.0000000000
0.8430000000 1.0000000000 -0.5000000000 0.9000000000 2.3750000000 1.0000000000 -0.5000000000 2.3750000000 0.0000000000
0.8440000000 1.0000000000 -0.5000000000 0.9000000000 2.3750000000 1.0000000000 -0.5000000000 2.3750000000 0.0000000000
0.8450000000 1.0000000000 -0.5000000000 0.9000000000 2.3750000000 1.0000000000 -0.5000000000 2.3750000000 0.0000000000
0.8460000000 1.0000000000 -0.5000000000 0.9000000000 2.3750000000 1.0000000000 -0.5000000000 2.3750000000 0.0000000000
0.8470000000 1.0000000000 -0.5000000000 0.9000000000 2.3750000000 1.0000000000 -0.5000000000 2.3750000000 0.0000000000
0.8480000000 1.0000000000 -0.5000000000 0.9000000000 2.3750000000 1.0000000000 -0.5000000000 2.3750000000 0.0000000000
0.8490000000 1.0000000000 -0.5000000000 0.9000000000 2.3750000000 1.0000000000 -0.5000000000 2.3750000000 0.0000000000
0.8500000000 1.0000000000 -0.5000000000 0.9000000000 2.3750000000 1.0000000000 -0.5000000000 2.3750000000 0.0000000000
0.8510000000 1.0000000000 -0.5000000000 0.9000000000 2.3750000000 1.0000000000 -0.5000000000 2.3750000000 0.0000000000
0.8520000000 1.0000000000 -0.5000000000 0.9000000000 2.3750000000 1.0000000000 -0.5000000000 2.3750000000 0.0000000000
0.8530000000 1.0000000000 -0.5000000000 0.9000000000 2.3750000000 1.0000000000 -0.5000000000 2.3750000000 0.0000000000
0.8540000000 1.0000000000 -0.5000000000 0.9000000000 2.3750000000 1.0000000000 -0.5000000000 2.3750000000 0.0000000000
0.8550000000 1.0000000000 -0.5000000000 0.9000000000 2.3750000000 1.0000000000 -0.5000000000 2.3750000000 0.0000000000
0.8560000000 1.0000000000 -0.5000000000 0.9000000000 2.3750000000 1.0000000000 -0.5000000000 2.3750000000 0.0000000000
0.8570000000 1.0000000000 -0.5000000000 0.9000000000 2.3750000000 1.0000000000 -0.5000000000 2.3750000000 0.0000000000
0.8580000000 1.0000000000 -0.5000000000 0.9000000000 2.3750000000 1.0000000000 -0.5000000000 2.3750000000 0.0000000000
0.8590000000 1.0000000000 -0.5000000000 0.9000000000 2.3750000000 1.0000000000 -0.5000000000 2.3750000000 0.0000000000
0.8600000000 1.0000000000 -0.5000000000 0.9000000000 2.3750000000 1.0000000000 -0.5000000000 2.3750000000 0.0000000000
0.8610000000 1.0000000000 -0.5000000000 0.9000000000 2.3750000000 1.0000000000 -0.5000000000 2.3750000000 0.0000000000
0.8620000000 1.0000000000 -0.5000000000 0.9000000000 2.3750000000 1.0000000000 -0.5000000000 2.3750000000 0.0000000000
0.8630000000 1.0000000000 -0.5000000000 0.9000000000 2.3750000000 1.0000000000 -0.5000000000 2.3750000000 0.0000000000
0.8640000000 1.0000000000 -0.5000000000 0.9000000000 2.3750000000 1.0000000000 -0.5000000000 2.3750000000 0.0000000000
0.8650000000 1.0000000000 -0.5000000000 0.9000000000 2.3750000000 1.0000000000 -0.5000000000 2.3750000000 0.0000000000
0.8660000000 1.0000000000 -0.5000000000 0.9000000000 2.3750000000 1.0000000000 -0.5000000000 2.3750000000 0.0000000000
0.8670000000 1.0000000000 -0.5000000000 0.9000000000 2.3750000000 1.0000000000 -0.5000000000 2.3750000000 0.0000000000
0.8680000000 1.0000000000 -0.5000000000 0.9000000000 2.3750000000 1.0000000000 -0.5000000000 2.3750000000 0.0000000000
0.8690000000 1.0000000000 -0.5000000000 0.9000000000 2.3750000000 1.0000000000 -0.5000000000 2.3750000000 0.0000000000
0.8700000000 1.0000000000 -0.5000000000 0.9000000000 2.3750000000 1.0000000000 -0.5000000000 2.3750000000 0.0000000000
0.8710000000 1.0000000000 -0.5000000000 0.9000000000 2.3750000000 1.0000000000 -0.5000000000 2.3750000000 0.0000000000
0.8720000000 1.0000000000 -0.5000000000 0.9000000000 2.3750000000 1.0000000000 -0.5000000000 2.3750000000 0.0000000000
0.8730000000 1.0000000000 -0.5000000000 0.9000000000 2.3750000000 1.0000000000 -0.5000000000 2.3750000000 0.0000000000
0.8740000000 1.0000000000 -0.5000000000 0.9000000000 2.3750000000 1.0000000000 -0.5000000000 2.3750000000 0.0000000000
0.8750000000 1.0000000000 -0.5000000000 0.9000000000 2.3750000000 1.0000000000 -0.5000000000 2.3750000000 0.0000000000
0.8760000000 1.0000000000 -0.5000000000 0.9000000000 2.3750000000 1.0000000000 -0.5000000000 2.3750000000 0.0000000000
0.8770000000 1.0000000000 -0.5000000000 0.9000000000 2.3750000000 1.0000000000 -0.5000000000 2.3750000000 0.0000000000
0.8780000000 1.0000000000 -0.5000000000 0.9000000000 2.3750000000 1.0000000000 -0.5000000000 2.3750000000 0.0000000000
0.8790000000 1.0000000000 -0.5000000000 0.9000000000 2.3750000000 1.0000000000 -0.5000000000 2.3750000000 0.0000000000
0.8800000000 1.0000000000 -0.5000000000 0.9000000000 2.3750000000 1.0000000000 -0.5000000000 2.3750000000 0.0000000000
0.8810000000 1.0000000000 -0.5000000000 0.9000000000 2.3750000000 1.0000000000 -0.5000000000 2.3750000000 0.0000000000
0.8820000000 1.0000000000 -0.5000000000 0.9000000000 2.3750000000 1.0000000000 -0.5000000000 2.3750000000 0.0000000000
0.8830000000 1.0000000000 -0.5000000000 0.9000000000 2.3750000000 1.0000000000 -0.5000000000 2.3750000000 0.0000000000
0.8840000000 1.0000000000 -0.5000000000 0.9000000000 2.3750000000 1.0000000000 -0.5000000000 2.3750000000 0.0000000000
0.8850000000 1.0000000000 -0.5000000000 0.9000000000 2.3750000000 1.0000000000 -0.5000000000 2.3750000000 0.0000000000
0.8860000000 1.0000000000 -0.5000000000 0.9000000000 2.3750000000 1.0000000000 -0.5000000000 2.3750000000 0.0000000000
0.8870000000 1.0000000000 -0.5000000000 0.9000000000 2.3750000000 1.0000000000 -0.5000000000 2.3750000000 0.0000000000
0.8880000000 1.0000000000 -0.5000000000 0.9000000000 2.3750000000 1.0000000000 -0.5000000000 2.3750000000 0.0000000000
0.8890000000 1.0000000000 -0.5000000000 0.9000000000 2.3750000000 1.0000000000 -0.5000000000 2.3750000000 0.0000000000
0.8900000000 1.0000000000 -0.5000000000 0.9000000000 2.3750000000 1.0000000000 -0.5000000000 2.3750000000 0.0000000000
0.8910000000 1.0000000000 -0.5000000000 0.9000000000 2.3750000000 1.0000000000 -0.5000000000 2.3750000000 0.0000000000
0.8920000000 1.0000000000 -0.5000000000 0.9000000000 2.3750000000 1.0000000000 -0.5000000000 2.3750000000 0.0000000000
0.8930000000 1.0000000000 -0.5000000000 0.9000000000 2.3750000000 1.0000000000 -0.5000000000 2.3750000000 0.0000000000
0.8940000000 1.0000000000 -0.5000000000 0.9000000000 2.3750000000 1.0000000000 -0.5000000000 2.3750000000 0.0000000000
0.8950000000 1.0000000000 -0.5000000000 0.9000000000 2.3750000000 1.0000000000 -0.5000000000 2.3750000000 0.0000000000
0.8960000000 1.0000000000 -0.5000000000 0.9000000000 2.3750000000 1.0000000000 -0.5000000000 2.3750000000 0.0000000000
0.8970000000 1.0000000000 -0.5000000000 0.9000000000 2.3750000000 1.0000000000 -0.5000000000 2.3750000000 0.0000000000
0.8980000000 1.0000000000 -0.5000000000 0.9000000000 2.3750000000 1.0000000000 -0.5000000000 2.3750000000 0.0000000000
0.8990000000 1.0000000000 -0.5000000000 0.9000000000 2.3750000000 1.0000000000 -0.5000000000 2.3750000000 0.0000000000
0.9000000000 1.0000000000 -0.5000000000 0.9000000000 2.3750000000 1.0000000000 -0.5000000000 2.3750000000 0.0000000000
0.9010000000 1.0000000000 -0.5000000000 0.9000000000 2.3750000000 1.0000000000 -0.5000000000 2.3750000000 0.0000000000
0.9020000000 1.0000000000 -0.5000000000 0.9000000000 2.3750000000 1.0000000000 -0.5000000000 2.3750000000 0.0000000000
0.9030000000 1.0000000000 -0.5000000000 0.9000000000 2.3750000000 1.0000000000 -0.5000000000 2.3750000000 0.0000000000
0.9040000000 1.0000000000 -0.5000000000 0.9000000000 2.3750000000 1.0000000000 -0.5000000000 2.3750000000 0.0000000000
0.9050000000 1.0000000000 -0.5000000000 0.9000000000 2.3750000000 1.0000000000 -0.5000000000 2.3750000000 0.0000000000
0.9060000000 1.0000000000 -0.5000000000 0.9000000000 2.3750000000 1.0000000000 -0.5000000000 2.3750000000 0.0000000000
0.9070000000 1.0000000000 -0.5000000000 0.9000000000 2.3750000000 1.0000000000 -0.5000000000 2.3750000000 0.0000000000
0.9080000000 1.0000000000 -0.5000000000 0.9000000000 2.3750000000 1.0000000000 -0.5000000000 2.3750000000 0.0000000000
0.9090000000 1.0000000000 -0.5000000000 0.9000000000 2.3750000000 1.0000000000 -0.5000000000 2.3750000000 0.0000000000
0.9100000000 1.0000000000 -0.5000000000 0.9000000000 2.3750000000 1.0000000000 -0.5000000000 2.3750000000 0.0000000000
0.9110000000 1.0000000000 -0.5000000000 0.9000000000 2.3750000000 1.0000000000 -0.5000000000 2.3750000000 0.0000000000
0.9120000000 1.0000000000 -0.5000000000 0.9000000000 2.3750000000 1.0000000000 -0.5000000000 2.3750000000 0.0000000000
0.9130000000 1.0000000000 -0.5000000000 0.9000000000 2.3750000000 1.0000000000 -0.5000000000 2.3750000000 0.0000000000
0.9140000000 1.0000000000 -0.5000000000 0.9000000000 2.3750000000 1.0000000000 -0.5000000000 2.3750000000 0.0000000000
0.9150000000 1.0000000000 -0.5000000000 0.9000000000 2.3750000000 1.0000000000 -0.5000000000 2.3750000000 0.0000000000
0.9160000000 1.0000000000 -0.5000000000 0.9000000000 2.3750000000 1.0000000000 -0.5000000000 2.3750000000 0.0000000000
0.9170000000 1.0000000000 -0.5000000000 0.9000000000 2.3750000000 1.0000000000 -0.5000000000 2.3750000000 0.0000000000
0.9180000000 1.0000000000 -0.5000000000 0.9000000000 2.3750000000 1.0000000000 -0.5000000000 2.3750000000 0.0000000000
0.9190000000 1.0000000000 -0.5000000000 0.9000000000 2.3750000000 1.0000000000 -0.5000000000 2.3750000000 0.0000000000
0.9200000000 1.0000000000 -0.5000000000 0.9000000000 2.3750000000 1.0000000000 -0.5000000000 2.3750000000 0.0000000000
0.9210000000 1.0000000000 -0.5000000000 0.9000000000 2.3750000000 1.0000000000 -0.5000000000 2.3750000000 0.0000000000
0.9220000000 1.0000000000 -0.5000000000 0.9000000000 2.3750000000 1.0000000000 -0.5000000000 2.3750000000 0.0000000000
0.9230000000 1.0000000000 -0.5000000000 0.9000000000 2.3750000000 1.0000000000 -0.5000000000 2.3750000000 0.0000000000
0.9240000000 1.0000000000 -0.5000000000 0.9000000000 2.3750000000 1.0000000000 -0.5000000000 2.3750000000 0.0000000000
0.9250000000 1.0000000000 -0.5000000000 0.9000000000 2.3750000000 1.0000000000 -0.5000000000 2.3750000000 0.0000000000
0.9260000000 1.0000000000 -0.5000000000 0.9000000000 2.3750000000 1.0000000000 -0.5000000000 2.3750000000 0.0000000000
0.9270000000 1.0000000000 -0.5000000000 0.9000000000 2.3750000000 1.0000000000 -0.5000000000 2.3750000000 0.0000000000
0.9280000000 1.0000000000 -0.5000000000 0.9000000000 2.3750000000 1.0000000000 -0.5000000000 2.3750000000 0.0000000000
0.9290000000 1.0000000000 -0.5000000000 0.9000000000 2.3750000000 1.0000000000 -0.5000000000 2.3750000000 0.0000000000
0.9300000000 1.0000000000 -0.5000000000 0.9000000000 2.3750000000 1.0000000000 -0.5000000000 2.3750000000 0.0000000000
0.9310000000 1.0000000000 -0.5000000000 0.9000000000 2.3750000000 1.0000000000 -0.5000000000 2.3750000000 0.0000000000
0.9320000000 1.0000000000 -0.5000000000 0.9000000000 2.3750000000 1.0000000000 -0.5000000000 2.3750000000 0.0000000000
0.9330000000 1.0000000000 -0.5000000000 0.9000000000 2.3750000000 1.0000000000 -0.5000000000 2.3750000000 0.0000000000
0.9340000000 1.0000000000 -0.5000000000 0.9000000000 2.3750000000 1.0000000000 -0.5000000000 2.3750000000 0.0000000000
0.9350000000 1.0000000000 -0.5000000000 0.9000000000 2.3750000000 1.0000000000 -0.5000000000 2.3750000000 0.0000000000
0.9360000000 1.0000000000 -0.5000000000 0.9000000000 2.3750000000 1.0000000000 -0.5000000000 2.3750000000 0.0000000000
0.9370000000 1.0000000000 -0.5000000000 0.9000000000 2.3750000000 1.0000000000 -0.5000000000 2.3750000000 0.0000000000
0.9380000000 1.0000000000 -0.5000000000 0.9000000000 2.3750000000 1.0000000000 -0.5000000000 2.3750000000 0.0000000000
0.9390000000 1.0000000000 -0.5000000000 0.9000000000 2.3750000000 1.0000000000 -0.5000000000 2.3750000000 0.0000000000
0.9400000000 1.0000000000 -0.5000000000 0.9000000000 2.3750000000 1.0000000000 -0.5000000000 2.3750000000 0.0000000000
0.9410000000 1.0000000000 -0.5000000000 0.9000000000 2.3750000000 1.0000000000 -0.5000000000 2.3750000000 0.0000000000
0.9420000000 1.0000000000 -0.5000000000 0.9000000000 2.3750000000 1.0000000000 -0.5000000000 2.3750000000 0.0000000000
0.9430000000 1.0000000000 -0.5000000000 0.9000000000 2.3750000000 1.0000000000 -0.5000000000 2.3750000000 0.0000000000
0.9440000000 1.0000000000 -0.5000000000 0.9000000000 2.3750000000 1.0000000000 -0.5000000000 2.3750000000 0.0000000000
0.9450000000 1.0000000000 -0.5000000000 0.9000000000 2.3750000000 1.0000000000 -0.5000000000 2.3750000000 0.0000000000
0.9460000000 1.0000000000 -0.5000000000 0.9000000000 2.3750000000 1.0000000000 -0.5000000000 2.3750000000 0.0000000000
0.9470000000 1.0000000000 -0.5000000000 0.9000000000 2.3750000000 1.0000000000 -0.5000000000 2.3750000000 0.0000000000
0.9480000000 1.0000000000 -0.5000000000 0.9000000000 2.3750000000 1.0000000000 -0.5000000000 2.3750000000 0.0000000000
0.9490000000 1.0000000000 -0.5000000000 0.9000000000 2.3750000000 1.0000000000 -0.5000000000 2.3750000000 0.0000000000
0.9500000000 1.0000000000 -0.5000000000 0.9000000000 2.3750000000 1.0000000000 -0.5000000000 2.3750000000 0.0000000000
0.9510000000 1.0000000000 -0.5000000000 0.9000000000 2.3750000000 1.0000000000 -0.5000000000 2.3750000000 0.0000000000
0.9520000000 1.0000000000 -0.5000000000 0.9000000000 2.3750000000 1.0000000000 -0.5000000000 2.3750000000 0.0000000000
0.9530000000 1.0000000000 -0.5000000000 0.9000000000 2.3750000000 1.0000000000 -0.5000000000 2.3750000000 0.0000000000
0.9540000000 1.0000000000 -0.5000000000 0.9000000000 2.3750000000 1.0000000000 -0.5000000000 2.3750000000 0.0000000000
0.9550000000 1.0000000000 -0.5000000000 0.9000000000 2.3750000000 1.0000000000 -0.5000000000 2.3750000000 0.0000000000
0.9560000000 1.0000000000 -0.5000000000 0.9000000000 2.3750000000 1.0000000000 -0.5000000000 2.3750000000 0.0000000000
0.9570000000 1.0000000000 -0.5000000000 0.9000000000 2.3750000000 1.0000000000 -0.5000000000 2.3750000000 0.0000000000
0.9580000000 1.0000000000 -0.5000000000 0.9000000000 2.3750000000 1.0000000000 -0.5000000000 2.3750000000 0.0000000000
0.9590000000 1.0000000000 -0.5000000000 0.9000000000 2.3750000000 1.0000000000 -0.5000000000 2.3750000000 0.0000000000
0.9600000000 1.0000000000 -0.5000000000 0.9000000000 2.3750000000 1.0000000000 -0.5000000000 2.3750000000 0.0000000000
0.9610000000 1.0000000000 -0.5000000000 0.9000000000 2.3750000000 1.0000000000 -0.5000000000 2.3750000000 0.0000000000
0.9620000000 1.0000000000 -0.5000000000 0.9000000000 2.3750000000 1.0000000000 -0.5000000000 2.3750000000 0.0000000000
0.9630000000 1.0000000000 -0.5000000000 0.9000000000 2.3750000000 1.0000000000 -0.5000000000 2.3750000000 0.0000000000
0.9640000000 1.0000000000 -0.5000000000 0.9000000000 2.3750000000 1.0000000000 -0.5000000000 2.3750000000 0.0000000000
0.9650000000 1.0000000000 -0.5000000000 0.9000000000 2.3750000000 1.0000000000 -0.5000000000 2.3750000000 0.0000000000
0.9660000000 1.0000000000 -0.5000000000 0.9000000000 2.3750000000 1.0000000000 -0.5000000000 2.3750000000 0.0000000000
0.9670000000 1.0000000000 -0.5000000000 0.9000000000 2.3750000000 1.0000000000 -0.5000000000 2.3750000000 0.0000000000
0.9680000000 1.0000000000 -0.5000000000 0.9000000000 2.3750000000 1.0000000000 -0.5000000000 2.3750000000 0.0000000000
0.9690000000 1.0000000000 -0.5000000000 0.9000000000 2.3750000000 1.0000000000 -0.5000000000 2.3750000000 0.0000000000
0.9700000000 1.0000000000 -0.5000000000 0.9000000000 2.3750000000 1.0000000000 -0.5000000000 2.3750000000 0.0000000000
0.9710000000 1.0000000000 -0.5000000000 0.9000000000 2.3750000000 1.0000000000 -0.5000000000 2.3750000000 0.0000000000
0.9720000000 1.0000000000 -0.5000000000 0.9000000000 2.3750000000 1.0000000000 -0.5000000000 2.3750000000 0.0000000000
0.9730000000 1.0000000000 -0.5000000000 0.9000000000 2.3750000000 1.0000000000 -0.5000000000 2.3750000000 0.0000000000
0.9740000000 1.0000000000 -0.5000000000 0.9000000000 2.3750000000 1.0000000000 -0.5000000000 2.3750000000 0.0000000000
0.9750000000 1.0000000000 -0.5000000000 0.9000000000 2.3750000000 1.0000000000 -0.5000000000 2.3750000000 0.0000000000
0.9760000000 1.0000000000 -0.5000000000 0.9000000000 2.3750000000 1.0000000000 -0.5000000000 2.3750000000 0.0000000000
0.9770000000 1.0000000000 -0.5000000000 0.9000000000 2.3750000000 1.0000000000 -0.5000000000 2.3750000000 0.0000000000
0.9780000000 1.0000000000 -0.5000000000 0.9000000000 2.3750000000 1.0000000000 -0.5000000000 2.3750000000 0.0000000000
0.9790000000 1.0000000000 -0.5000000000 0.9000000000 2.3750000000 1.0000000000 -0.5000000000 2.3750000000 0.0000000000
0.9800000000 1.0000000000 -0.5000000000 0.9000000000 2.3750000000 1.0000000000 -0.5000000000 2.3750000000 0.0000000000
0.9810000000 1.0000000000 -0.5000000000 0.9000000000 2.3750000000 1.0000000000 -0.5000000000 2.3750000000 0.0000000000
0.9820000000 1.0000000000 -0.5000000000 0.9000000000 2.3750000000 1.0000000000 -0.5000000000 2.3750000000 0.0000000000
0.9830000000 1.0000000000 -0.5000000000 0.9000000000 2.3750000000 1.0000000000 -0.5000000000 2.3750000000 0.0000000000
0.9840000000 1.0000000000 -0.5000000000 0.9000000000 2.3750000000 1.0000000000 -0.5000000000 2.3750000000 0.0000000000
0.9850000000 1.0000000000 -0.5000000000 0.9000000000 2.3750000000 1.0000000000 -0.5000000000 2.3750000000 0.0000000000
0.9860000000 1.0000000000 -0.5000000000 0.9000000000 2.3750000000 1.0000000000 -0.5000000000 2.3750000000 0.0000000000
0.9870000000 1.0000000000 -0.5000000000 0.9000000000 2.3750000000 1.0000000000 -0.5000000000 2.3750000000 0.0000000000
0.9880000000 1.0000000000 -0.5000000000 0.9000000000 2.3750000000 1.0000000000 -0.5000000000 2.3750000000 0.0000000000
0.9890000000 1.0000000000 -0.5000000000 0.9000000000 2.3750000000 1.0000000000 -0.5000000000 2.3750000000 0.0000000000
0.9900000000 1.0000000000 -0.5000000000 0.9000000000 2.3750000000 1.0000000000 -0.5000000000 2.3750000000 0.0000000000
0.9910000000 1.0000000000 -0.5000000000 0.9000000000 2.3750000000 1.0000000000 -0.5000000000 2.3750000000 0.0000000000
0.9920000000 1.0000000000 -0.5000000000 0.9000000000 2.3750000000 1.0000000000 -0.5000000000 2.3750000000 0.0000000000
0.9930000000 1.0000000000 -0.5000000000 0.9000000000 2.3750000000 1.0000000000 -0.5000000000 2.3750000000 0.0000000000
0.9940000000 1.0000000000 -0.5000000000 0.9000000000 2.3750000000 1.0000000000 -0.5000000000 2.3750000000 0.0000000000
0.9950000000 1.0000000000 -0.5000000000 0.9000000000 2.3750000000 1.0000000000 -0.5000000000 2.3750000000 0.0000000000
0.9960000000 1.0000000000 -0.5000000000 0.9000000000 2.3750000000 1.0000000000 -0.5000000000 2.3750000000 0.0000000000
0.9970000000 1.0000000000 -0.5000000000 0.9000000000 2.3750000000 1.0000000000 -0.5000000000 2.3750000000 0.0000000000
0.9980000000 1.0000000000 -0.5000000000 0.9000000000 2.3750000000 1.0000000000 -0.5000000000 2.3750000000 0.0000000000
0.9990000000 1.0000000000 -0.5000000000 0.9000000000 2.3750000000 1.0000000000 -0.5000000000 2.3750000000 0.0000000000
1.0000000000 1.0000000000 -0.5000000000 0.9000000000 2.3750000000 1.0000000000 -0.5000000000 2.3750000000 0.0000000000
