TITLE = "1D Euler Filtered MacCormack Result"
VARIABLES = "x", "rho", "u", "p", "E", "rho_conserved", "rhou", "rhoE", "nu"
ZONE T="t=0.20000000", I=1001, F=POINT
0.0000000000 1.0000000000 -0.2000000000 0.5000000000 1.2700000000 1.0000000000 -0.2000000000 1.2700000000 0.0000000000
0.0010000000 1.0000000000 -0.2000000000 0.5000000000 1.2700000000 1.0000000000 -0.2000000000 1.2700000000 0.0000000000
0.0020000000 1.0000000000 -0.2000000000 0.5000000000 1.2700000000 1.0000000000 -0.2000000000 1.2700000000 0.0000000000
0.0030000000 1.0000000000 -0.2000000000 0.5000000000 1.2700000000 1.0000000000 -0.2000000000 1.2700000000 0.0000000000
0.0040000000 1.0000000000 -0.2000000000 0.5000000000 1.2700000000 1.0000000000 -0.2000000000 1.2700000000 0.0000000000
0.0050000000 1.0000000000 -0.2000000000 0.5000000000 1.2700000000 1.0000000000 -0.2000000000 1.2700000000 0.0000000000
0.0060000000 1.0000000000 -0.2000000000 0.5000000000 1.2700000000 1.0000000000 -0.2000000000 1.2700000000 0.0000000000
0.0070000000 1.0000000000 -0.2000000000 0.5000000000 1.2700000000 1.0000000000 -0.2000000000 1.2700000000 0.0000000000
0.0080000000 1.0000000000 -0.2000000000 0.5000000000 1.2700000000 1.0000000000 -0.2000000000 1.2700000000 0.0000000000
0.0090000000 1.0000000000 -0.2000000000 0.5000000000 1.2700000000 1.0000000000 -0.2000000000 1.2700000000 0.0000000000
0.0100000000 1.0000000000 -0.2000000000 0.5000000000 1.2700000000 1.0000000000 -0.2000000000 1.2700000000 0.0000000000
0.0110000000 1.0000000000 -0.2000000000 0.5000000000 1.2700000000 1.0000000000 -0.2000000000 1.2700000000 0.0000000000
0.0120000000 1.0000000000 -0.2000000000 0.5000000000 1.2700000000 1.0000000000 -0.2000000000 1.2700000000 0.0000000000
0.0130000000 1.0000000000 -0.2000000000 0.5000000000 1.2700000000 1.0000000000 -0.2000000000 1.2700000000 0.0000000000
0.0140000000 1.0000000000 -0.2000000000 0.5000000000 1.2700000000 1.0000000000 -0.2000000000 1.2700000000 0.0000000000
0.0150000000 1.0000000000 -0.2000000000 0.5000000000 1.2700000000 1.0000000000 -0.2000000000 1.2700000000 0.0000000000
0.0160000000 1.0000000000 -0.2000000000 0.5000000000 1.2700000000 1.0000000000 -0.2000000000 1.2700000000 0.0000000000
0.0170000000 1.0000000000 -0.2000000000 0.5000000000 1.2700000000 1.0000000000 -0.2000000000 1.2700000000 0.0000000000
0.0180000000 1.0000000000 -0.2000000000 0.5000000000 1.2700000000 1.0000000000 -0.2000000000 1.2700000000 0.0000000000
0.0190000000 1.0000000000 -0.2000000000 0.5000000000 1.2700000000 1.0000000000 -0.2000000000 1.2700000000 0.0000000000
0.0200000000 1.0000000000 -0.2000000000 0.5000000000 1.2700000000 1.0000000000 -0.2000000000 1.2700000000 0.0000000000
0.0210000000 1.0000000000 -0.2000000000 0.5000000000 1.2700000000 1.0000000000 -0.2000000000 1.2700000000 0.0000000000
0.0220000000 1.0000000000 -0.2000000000 0.5000000000 1.2700000000 1.0000000000 -0.2000000000 1.2700000000 0.0000000000
0.0230000000 1.0000000000 -0.2000000000 0.5000000000 1.2700000000 1.0000000000 -0.2000000000 1.2700000000 0.0000000000
0.0240000000 1.0000000000 -0.2000000000 0.5000000000 1.2700000000 1.0000000000 -0.2000000000 1.2700000000 0.0000000000
0.0250000000 1.0000000000 -0.2000000000 0.5000000000 1.2700000000 1.0000000000 -0.2000000000 1.2700000000 0.0000000000
0.0260000000 1.0000000000 -0.2000000000 0.5000000000 1.2700000000 1.0000000000 -0.2000000000 1.2700000000 0.0000000000
0.0270000000 1.0000000000 -0.2000000000 0.5000000000 1.2700000000 1.0000000000 -0.2000000000 1.2700000000 0.0000000000
0.0280000000 1.0000000000 -0.2000000000 0.5000000000 1.2700000000 1.0000000000 -0.2000000000 1.2700000000 0.0000000000
0.0290000000 1.0000000000 -0.2000000000 0.5000000000 1.2700000000 1.0000000000 -0.2000000000 1.2700000000 0.0000000000
0.0300000000 1.0000000000 -0.2000000000 0.5000000000 1.2700000000 1.0000000000 -0.2000000000 1.2700000000 0.0000000000
0.0310000000 1.0000000000 -0.2000000000 0.5000000000 1.2700000000 1.0000000000 -0.2000000000 1.2700000000 0.0000000000
0.0320000000 1.0000000000 -0.2000000000 0.5000000000 1.2700000000 1.0000000000 -0.2000000000 1.2700000000 0.0000000000
0.0330000000 1.0000000000 -0.2000000000 0.5000000000 1.2700000000 1.0000000000 -0.2000000000 1.2700000000 0.0000000000
0.0340000000 1.0000000000 -0.2000000000 0.5000000000 1.2700000000 1.0000000000 -0.2000000000 1.2700000000 0.0000000000
0.0350000000 1.0000000000 -0.2000000000 0.5000000000 1.2700000000 1.0000000000 -0.2000000000 1.2700000000 0.0000000000
0.0360000000 1.0000000000 -0.2000000000 0.5000000000 1.2700000000 1.0000000000 -0.2000000000 1.2700000000 0.0000000000
0.0370000000 1.0000000000 -0.2000000000 0.5000000000 1.2700000000 1.0000000000 -0.2000000000 1.2700000000 0.0000000000
0.0380000000 1.0000000000 -0.2000000000 0.5000000000 1.2700000000 1.0000000000 -0.2000000000 1.2700000000 0.0000000000
0.0390000000 1.0000000000 -0.2000000000 0.5000000000 1.2700000000 1.0000000000 -0.2000000000 1.2700000000 0.0000000000
0.0400000000 1.0000000000 -0.2000000000 0.5000000000 1.2700000000 1.0000000000 -0.2000000000 1.2700000000 0.0000000000
0.0410000000 1.0000000000 -0.2000000000 0.5000000000 1.2700000000 1.0000000000 -0.2000000000 1.2700000000 0.0000000000
0.0420000000 1.0000000000 -0.2000000000 0.5000000000 1.2700000000 1.0000000000 -0.2000000000 1.2700000000 0.0000000000
0.0430000000 1.0000000000 -0.2000000000 0.5000000000 1.2700000000 1.0000000000 -0.2000000000 1.2700000000 0.0000000000
0.0440000000 1.0000000000 -0.2000000000 0.5000000000 1.2700000000 1.0000000000 -0.2000000000 1.2700000000 0.0000000000
0.0450000000 1.0000000000 -0.2000000000 0.5000000000 1.2700000000 1.0000000000 -0.2000000000 1.2700000000 0.0000000000
0.0460000000 1.0000000000 -0.2000000000 0.5000000000 1.2700000000 1.0000000000 -0.2000000000 1.2700000000 0.0000000000
0.0470000000 1.0000000000 -0.2000000000 0.5000000000 1.2700000000 1.0000000000 -0.2000000000 1.2700000000 0.0000000000
0.0480000000 1.0000000000 -0.2000000000 0.5000000000 1.2700000000 1.0000000000 -0.2000000000 1.2700000000 0.0000000000
0.0490000000 1.0000000000 -0.2000000000 0.5000000000 1.2700000000 1.0000000000 -0.2000000000 1.2700000000 0.0000000000
0.0500000000 1.0000000000 -0.2000000000 0.5000000000 1.2700000000 1.0000000000 -0.2000000000 1.2700000000 0.0000000000
0.0510000000 1.0000000000 -0.2000000000 0.5000000000 1.2700000000 1.0000000000 -0.2000000000 1.2700000000 0.0000000000
0.0520000000 1.0000000000 -0.2000000000 0.5000000000 1.2700000000 1.0000000000 -0.2000000000 1.2700000000 0.0000000000
0.0530000000 1.0000000000 -0.2000000000 0.5000000000 1.2700000000 1.0000000000 -0.2000000000 1.2700000000 0.0000000000
0.0540000000 1.0000000000 -0.2000000000 0.5000000000 1.2700000000 1.0000000000 -0.2000000000 1.2700000000 0.0000000000
0.0550000000 1.0000000000 -0.2000000000 0.5000000000 1.2700000000 1.0000000000 -0.2000000000 1.2700000000 0.0000000000
0.0560000000 1.0000000000 -0.2000000000 0.5000000000 1.2700000000 1.0000000000 -0.2000000000 1.2700000000 0.0000000000
0.0570000000 1.0000000000 -0.2000000000 0.5000000000 1.2700000000 1.0000000000 -0.2000000000 1.2700000000 0.0000000000
0.0580000000 1.0000000000 -0.2000000000 0.5000000000 1.2700000000 1.0000000000 -0.2000000000 1.2700000000 0.0000000000
0.0590000000 1.0000000000 -0.2000000000 0.5000000000 1.2700000000 1.0000000000 -0.2000000000 1.2700000000 0.0000000000
0.0600000000 1.0000000000 -0.2000000000 0.5000000000 1.2700000000 1.0000000000 -0.2000000000 1.2700000000 0.0000000000
0.0610000000 1.0000000000 -0.2000000000 0.5000000000 1.2700000000 1.0000000000 -0.2000000000 1.2700000000 0.0000000000
0.0620000000 1.0000000000 -0.2000000000 0.5000000000 1.2700000000 1.0000000000 -0.2000000000 1.2700000000 0.0000000000
0.0630000000 1.0000000000 -0.2000000000 0.5000000000 1.2700000000 1.0000000000 -0.2000000000 1.2700000000 0.0000000000
0.0640000000 1.0000000000 -0.2000000000 0.5000000000 1.2700000000 1.0000000000 -0.2000000000 1.2700000000 0.0000000000
0.0650000000 1.0000000000 -0.2000000000 0.5000000000 1.2700000000 1.0000000000 -0.2000000000 1.2700000000 0.0000000000
0.0660000000 1.0000000000 -0.2000000000 0.5000000000 1.2700000000 1.0000000000 -0.2000000000 1.2700000000 0.0000000000
0.0670000000 1.0000000000 -0.2000000000 0.5000000000 1.2700000000 1.0000000000 -0.2000000000 1.2700000000 0.0000000000
0.0680000000 1.0000000000 -0.2000000000 0.5000000000 1.2700000000 1.0000000000 -0.2000000000 1.2700000000 0.0000000000
0.0690000000 1.0000000000 -0.2000000000 0.5000000000 1.2700000000 1.0000000000 -0.2000000000 1.2700000000 0.0000000000
0.0700000000 1.0000000000 -0.2000000000 0.5000000000 1.2700000000 1.0000000000 -0.2000000000 1.2700000000 0.0000000000
0.0710000000 1.0000000000 -0.2000000000 0.5000000000 1.2700000000 1.0000000000 -0.2000000000 1.2700000000 0.0000000000
0.0720000000 1.0000000000 -0.2000000000 0.5000000000 1.2700000000 1.0000000000 -0.2000000000 1.2700000000 0.0000000000
0.0730000000 1.0000000000 -0.2000000000 0.5000000000 1.2700000000 1.0000000000 -0.2000000000 1.2700000000 0.0000000000
0.0740000000 1.0000000000 -0.2000000000 0.5000000000 1.2700000000 1.0000000000 -0.2000000000 1.2700000000 0.0000000000
0.0750000000 1.0000000000 -0.2000000000 0.5000000000 1.2700000000 1.0000000000 -0.2000000000 1.2700000000 0.0000000000
0.0760000000 1.0000000000 -0.2000000000 0.5000000000 1.2700000000 1.0000000000 -0.2000000000 1.2700000000 0.0000000000
0.0770000000 1.0000000000 -0.2000000000 0.5000000000 1.2700000000 1.0000000000 -0.2000000000 1.2700000000 0.0000000000
0.0780000000 1.0000000000 -0.2000000000 0.5000000000 1.2700000000 1.0000000000 -0.2000000000 1.2700000000 0.0000000000
0.0790000000 1.0000000000 -0.2000000000 0.5000000000 1.2700000000 1.0000000000 -0.2000000000 1.2700000000 0.0000000000
0.0800000000 1.0000000000 -0.2000000000 0.5000000000 1.2700000000 1.0000000000 -0.2000000000 1.2700000000 0.0000000000
0.0810000000 1.0000000000 -0.2000000000 0.5000000000 1.2700000000 1.0000000000 -0.2000000000 1.2700000000 0.0000000000
0.0820000000 1.0000000000 -0.2000000000 0.5000000000 1.2700000000 1.0000000000 -0.2000000000 1.2700000000 0.0000000000
0.0830000000 1.0000000000 -0.2000000000 0.5000000000 1.2700000000 1.0000000000 -0.2000000000 1.2700000000 0.0000000000
0.0840000000 1.0000000000 -0.2000000000 0.5000000000 1.2700000000 1.0000000000 -0.2000000000 1.2700000000 0.0000000000
0.0850000000 1.0000000000 -0.2000000000 0.5000000000 1.2700000000 1.0000000000 -0.2000000000 1.2700000000 0.0000000000
0.0860000000 1.0000000000 -0.2000000000 0.5000000000 1.2700000000 1.0000000000 -0.2000000000 1.2700000000 0.0000000000
0.0870000000 1.0000000000 -0.2000000000 0.5000000000 1.2700000000 1.0000000000 -0.2000000000 1.2700000000 0.0000000000
0.0880000000 1.0000000000 -0.2000000000 0.5000000000 1.2700000000 1.0000000000 -0.2000000000 1.2700000000 0.0000000000
0.0890000000 1.0000000000 -0.2000000000 0.5000000000 1.2700000000 1.0000000000 -0.2000000000 1.2700000000 0.0000000000
0.0900000000 1.0000000000 -0.2000000000 0.5000000000 1.2700000000 1.0000000000 -0.2000000000 1.2700000000 0.0000000000
0.0910000000 1.0000000000 -0.2000000000 0.5000000000 1.2700000000 1.0000000000 -0.2000000000 1.2700000000 0.0000000000
0.0920000000 1.0000000000 -0.2000000000 0.5000000000 1.2700000000 1.0000000000 -0.2000000000 1.2700000000 0.0000000000
0.0930000000 1.0000000000 -0.2000000000 0.5000000000 1.2700000000 1.0000000000 -0.2000000000 1.2700000000 0.0000000000
0.0940000000 1.0000000000 -0.2000000000 0.5000000000 1.2700000000 1.0000000000 -0.2000000000 1.2700000000 0.0000000000
0.0950000000 1.0000000000 -0.2000000000 0.5000000000 1.2700000000 1.0000000000 -0.2000000000 1.2700000000 0.0000000000
0.0960000000 1.0000000000 -0.2000000000 0.5000000000 1.2700000000 1.0000000000 -0.2000000000 1.2700000000 0.0000000000
0.0970000000 1.0000000000 -0.2000000000 0.5000000000 1.2700000000 1.0000000000 -0.2000000000 1.2700000000 0.0000000000
0.0980000000 1.0000000000 -0.2000000000 0.5000000000 1.2700000000 1.0000000000 -0.2000000000 1.2700000000 0.0000000000
0.0990000000 1.0000000000 -0.2000000000 0.5000000000 1.2700000000 1.0000000000 -0.2000000000 1.2700000000 0.0000000000
0.1000000000 1.0000000000 -0.2000000000 0.5000000000 1.2700000000 1.0000000000 -0.2000000000 1.2700000000 0.0000000000
0.1010000000 1.0000000000 -0.2000000000 0.5000000000 1.2700000000 1.0000000000 -0.2000000000 1.2700000000 0.0000000000
0.1020000000 1.0000000000 -0.2000000000 0.5000000000 1.2700000000 1.0000000000 -0.2000000000 1.2700000000 0.0000000000
0.1030000000 1.0000000000 -0.2000000000 0.5000000000 1.2700000000 1.0000000000 -0.2000000000 1.2700000000 0.0000000000
0.1040000000 1.0000000000 -0.2000000000 0.5000000000 1.2700000000 1.0000000000 -0.2000000000 1.2700000000 0.0000000000
0.1050000000 1.0000000000 -0.2000000000 0.5000000000 1.2700000000 1.0000000000 -0.2000000000 1.2700000000 0.0000000000
0.1060000000 1.0000000000 -0.2000000000 0.5000000000 1.2700000000 1.0000000000 -0.2000000000 1.2700000000 0.0000000000
0.1070000000 1.0000000000 -0.2000000000 0.5000000000 1.2700000000 1.0000000000 -0.2000000000 1.2700000000 0.0000000000
0.1080000000 1.0000000000 -0.2000000000 0.5000000000 1.2700000000 1.0000000000 -0.2000000000 1.2700000000 0.0000000000
0.1090000000 1.0000000000 -0.2000000000 0.5000000000 1.2700000000 1.0000000000 -0.2000000000 1.2700000000 0.0000000000
0.1100000000 1.0000000000 -0.2000000000 0.5000000000 1.2700000000 1.0000000000 -0.2000000000 1.2700000000 0.0000000000
0.1110000000 1.0000000000 -0.2000000000 0.5000000000 1.2700000000 1.0000000000 -0.2000000000 1.2700000000 0.0000000000
0.1120000000 1.0000000000 -0.2000000000 0.5000000000 1.2700000000 1.0000000000 -0.2000000000 1.2700000000 0.0000000000
0.1130000000 1.0000000000 -0.2000000000 0.5000000000 1.2700000000 1.0000000000 -0.2000000000 1.2700000000 0.0000000000
0.1140000000 1.0000000000 -0.2000000000 0.5000000000 1.2700000000 1.0000000000 -0.2000000000 1.2700000000 0.0000000000
0.1150000000 1.0000000000 -0.2000000000 0.5000000000 1.2700000000 1.0000000000 -0.2000000000 1.2700000000 0.0000000000
0.1160000000 1.0000000000 -0.2000000000 0.5000000000 1.2700000000 1.0000000000 -0.2000000000 1.2700000000 0.0000000000
0.1170000000 1.0000000000 -0.2000000000 0.5000000000 1.2700000000 1.0000000000 -0.2000000000 1.2700000000 0.0000000000
0.1180000000 1.0000000000 -0.2000000000 0.5000000000 1.2700000000 1.0000000000 -0.2000000000 1.2700000000 0.0000000000
0.1190000000 1.0000000000 -0.2000000000 0.5000000000 1.2700000000 1.0000000000 -0.2000000000 1.2700000000 0.0000000000
0.1200000000 1.0000000000 -0.2000000000 0.5000000000 1.2700000000 1.0000000000 -0.2000000000 1.2700000000 0.0000000000
0.1210000000 1.0000000000 -0.2000000000 0.5000000000 1.2700000000 1.0000000000 -0.2000000000 1.2700000000 0.0000000000
0.1220000000 1.0000000000 -0.2000000000 0.5000000000 1.2700000000 1.0000000000 -0.2000000000 1.2700000000 0.0000000000
0.1230000000 1.0000000000 -0.2000000000 0.5000000000 1.2700000000 1.0000000000 -0.2000000000 1.2700000000 0.0000000000
0.1240000000 1.0000000000 -0.2000000000 0.5000000000 1.2700000000 1.0000000000 -0.2000000000 1.2700000000 0.0000000000
0.1250000000 1.0000000000 -0.2000000000 0.5000000000 1.2700000000 1.0000000000 -0.2000000000 1.2700000000 0.0000000000
0.1260000000 1.0000000000 -0.2000000000 0.5000000000 1.2700000000 1.0000000000 -0.2000000000 1.2700000000 0.0000000000
0.1270000000 1.0000000000 -0.2000000000 0.5000000000 1.2700000000 1.0000000000 -0.2000000000 1.2700000000 0.0000000000
0.1280000000 1.0000000000 -0.2000000000 0.5000000000 1.2700000000 1.0000000000 -0.2000000000 1.2700000000 0.0000000000
0.1290000000 1.0000000000 -0.2000000000 0.5000000000 1.2700000000 1.0000000000 -0.2000000000 1.2700000000 0.0000000000
0.1300000000 1.0000000000 -0.2000000000 0.5000000000 1.2700000000 1.0000000000 -0.2000000000 1.2700000000 0.0000000000
0.1310000000 1.0000000000 -0.2000000000 0.5000000000 1.2700000000 1.0000000000 -0.2000000000 1.2700000000 0.0000000000
0.1320000000 1.0000000000 -0.2000000000 0.5000000000 1.2700000000 1.0000000000 -0.2000000000 1.2700000000 0.0000000000
0.1330000000 1.0000000000 -0.2000000000 0.5000000000 1.2700000000 1.0000000000 -0.2000000000 1.2700000000 0.0000000000
0.1340000000 1.0000000000 -0.2000000000 0.5000000000 1.2700000000 1.0000000000 -0.2000000000 1.2700000000 0.0000000000
0.1350000000 1.0000000000 -0.2000000000 0.5000000000 1.2700000000 1.0000000000 -0.2000000000 1.2700000000 0.0000000000
0.1360000000 1.0000000000 -0.2000000000 0.5000000000 1.2700000000 1.0000000000 -0.2000000000 1.2700000000 0.0000000000
0.1370000000 1.0000000000 -0.2000000000 0.5000000000 1.2700000000 1.0000000000 -0.2000000000 1.2700000000 0.0000000000
0.1380000000 1.0000000000 -0.2000000000 0.5000000000 1.2700000000 1.0000000000 -0.2000000000 1.2700000000 0.0000000000
0.1390000000 1.0000000000 -0.2000000000 0.5000000000 1.2700000000 1.0000000000 -0.2000000000 1.2700000000 0.0000000000
0.1400000000 1.0000000000 -0.2000000000 0.5000000000 1.2700000000 1.0000000000 -0.2000000000 1.2700000000 0.0000000000
0.1410000000 1.0000000000 -0.2000000000 0.5000000000 1.2700000000 1.0000000000 -0.2000000000 1.2700000000 0.0000000000
0.1420000000 1.0000000000 -0.2000000000 0.5000000000 1.2700000000 1.0000000000 -0.2000000000 1.2700000000 0.0000000000
0.1430000000 1.0000000000 -0.2000000000 0.5000000000 1.2700000000 1.0000000000 -0.2000000000 1.2700000000 0.0000000000
0.1440000000 1.0000000000 -0.2000000000 0.5000000000 1.2700000000 1.0000000000 -0.2000000000 1.2700000000 0.0000000000
0.1450000000 1.0000000000 -0.2000000000 0.5000000000 1.2700000000 1.0000000000 -0.2000000000 1.2700000000 0.0000000000
0.1460000000 1.0000000000 -0.2000000000 0.5000000000 1.2700000000 1.0000000000 -0.2000000000 1.2700000000 0.0000000000
0.1470000000 1.0000000000 -0.2000000000 0.5000000000 1.2700000000 1.0000000000 -0.2000000000 1.2700000000 0.0000000000
0.1480000000 1.0000000000 -0.2000000000 0.5000000000 1.2700000000 1.0000000000 -0.2000000000 1.2700000000 0.0000000000
0.1490000000 1.0000000000 -0.2000000000 0.5000000000 1.2700000000 1.0000000000 -0.2000000000 1.2700000000 0.0000000000
0.1500000000 1.0000000000 -0.2000000000 0.5000000000 1.2700000000 1.0000000000 -0.2000000000 1.2700000000 0.0000000000
0.1510000000 1.0000000000 -0.2000000000 0.5000000000 1.2700000000 1.0000000000 -0.2000000000 1.2700000000 0.0000000000
0.1520000000 1.0000000000 -0.2000000000 0.5000000000 1.2700000000 1.0000000000 -0.2000000000 1.2700000000 0.0000000000
0.1530000000 1.0000000000 -0.2000000000 0.5000000000 1.2700000000 1.0000000000 -0.2000000000 1.2700000000 0.0000000000
0.1540000000 1.0000000000 -0.2000000000 0.5000000000 1.2700000000 1.0000000000 -0.2000000000 1.2700000000 0.0000000000
0.1550000000 1.0000000000 -0.2000000000 0.5000000000 1.2700000000 1.0000000000 -0.2000000000 1.2700000000 0.0000000000
0.1560000000 1.0000000000 -0.2000000000 0.5000000000 1.2700000000 1.0000000000 -0.2000000000 1.2700000000 0.0000000000
0.1570000000 1.0000000000 -0.2000000000 0.5000000000 1.2700000000 1.0000000000 -0.2000000000 1.2700000000 0.0000000000
0.1580000000 1.0000000000 -0.2000000000 0.5000000000 1.2700000000 1.0000000000 -0.2000000000 1.2700000000 0.0000000000
0.1590000000 1.0000000000 -0.2000000000 0.5000000000 1.2700000000 1.0000000000 -0.2000000000 1.2700000000 0.0000000000
0.1600000000 1.0000000000 -0.2000000000 0.5000000000 1.2700000000 1.0000000000 -0.2000000000 1.2700000000 0.0000000000
0.1610000000 1.0000000000 -0.2000000000 0.5000000000 1.2700000000 1.0000000000 -0.2000000000 1.2700000000 0.0000000000
0.1620000000 1.0000000000 -0.2000000000 0.5000000000 1.2700000000 1.0000000000 -0.2000000000 1.2700000000 0.0000000000
0.1630000000 1.0000000000 -0.2000000000 0.5000000000 1.2700000000 1.0000000000 -0.2000000000 1.2700000000 0.0000000000
0.1640000000 1.0000000000 -0.2000000000 0.5000000000 1.2700000000 1.0000000000 -0.2000000000 1.2700000000 0.0000000000
0.1650000000 1.0000000000 -0.2000000000 0.5000000000 1.2700000000 1.0000000000 -0.2000000000 1.2700000000 0.0000000000
0.1660000000 1.0000000000 -0.2000000000 0.5000000000 1.2700000000 1.0000000000 -0.2000000000 1.2700000000 0.0000000000
0.1670000000 1.0000000000 -0.2000000000 0.5000000000 1.2700000000 1.0000000000 -0.2000000000 1.2700000000 0.0000000000
0.1680000000 1.0000000000 -0.2000000000 0.5000000000 1.2700000000 1.0000000000 -0.2000000000 1.2700000000 0.0000000000
0.1690000000 1.0000000000 -0.2000000000 0.5000000000 1.2700000000 1.0000000000 -0.2000000000 1.2700000000 0.0000000000
0.1700000000 1.0000000000 -0.2000000000 0.5000000000 1.2700000000 1.0000000000 -0.2000000000 1.2700000000 0.0000000000
0.1710000000 1.0000000000 -0.2000000000 0.5000000000 1.2700000000 1.0000000000 -0.2000000000 1.2700000000 0.0000000000
0.1720000000 1.0000000000 -0.2000000000 0.5000000000 1.2700000000 1.0000000000 -0.2000000000 1.2700000000 0.0000000000
0.1730000000 1.0000000000 -0.2000000000 0.5000000000 1.2700000000 1.0000000000 -0.2000000000 1.2700000000 0.0000000000
0.1740000000 1.0000000000 -0.2000000000 0.5000000000 1.2700000000 1.0000000000 -0.2000000000 1.2700000000 0.0000000000
0.1750000000 1.0000000000 -0.2000000000 0.5000000000 1.2700000000 1.0000000000 -0.2000000000 1.2700000000 0.0000000000
0.1760000000 1.0000000000 -0.2000000000 0.5000000000 1.2700000000 1.0000000000 -0.2000000000 1.2700000000 0.0000000000
0.1770000000 1.0000000000 -0.2000000000 0.5000000000 1.2700000000 1.0000000000 -0.2000000000 1.2700000000 0.0000000000
0.1780000000 1.0000000000 -0.2000000000 0.5000000000 1.2700000000 1.0000000000 -0.2000000000 1.2700000000 0.0000000000
0.1790000000 1.0000000000 -0.2000000000 0.5000000000 1.2700000000 1.0000000000 -0.2000000000 1.2700000000 0.0000000000
0.1800000000 1.0000000000 -0.2000000000 0.5000000000 1.2700000000 1.0000000000 -0.2000000000 1.2700000000 0.0000000000
0.1810000000 1.0000000000 -0.2000000000 0.5000000000 1.2700000000 1.0000000000 -0.2000000000 1.2700000000 0.0000000000
0.1820000000 1.0000000000 -0.2000000000 0.5000000000 1.2700000000 1.0000000000 -0.2000000000 1.2700000000 0.0000000000
0.1830000000 1.0000000000 -0.2000000000 0.5000000000 1.2700000000 1.0000000000 -0.2000000000 1.2700000000 0.0000000000
0.1840000000 1.0000000000 -0.2000000000 0.5000000000 1.2700000000 1.0000000000 -0.2000000000 1.2700000000 0.0000000000
0.1850000000 1.0000000000 -0.2000000000 0.5000000000 1.2700000000 1.0000000000 -0.2000000000 1.2700000000 0.0000000000
0.1860000000 1.0000000000 -0.2000000000 0.5000000000 1.2700000000 1.0000000000 -0.2000000000 1.2700000000 0.0000000000
0.1870000000 1.0000000000 -0.2000000000 0.5000000000 1.2700000000 1.0000000000 -0.2000000000 1.2700000000 0.0000000000
0.1880000000 1.0000000000 -0.2000000000 0.5000000000 1.2700000000 1.0000000000 -0.2000000000 1.2700000000 0.0000000000
0.1890000000 1.0000000000 -0.2000000000 0.5000000000 1.2700000000 1.0000000000 -0.2000000000 1.2700000000 0.0000000000
0.1900000000 1.0000000000 -0.2000000000 0.5000000000 1.2700000000 1.0000000000 -0.2000000000 1.2700000000 0.0000000000
0.1910000000 1.0000000000 -0.2000000000 0.5000000000 1.2700000000 1.0000000000 -0.2000000000 1.2700000000 0.0000000000
0.1920000000 1.0000000000 -0.2000000000 0.5000000000 1.2700000000 1.0000000000 -0.2000000000 1.2700000000 0.0000000000
0.1930000000 1.0000000000 -0.2000000000 0.5000000000 1.2700000000 1.0000000000 -0.2000000000 1.2700000000 0.0000000000
0.1940000000 1.0000000000 -0.2000000000 0.5000000000 1.2700000000 1.0000000000 -0.2000000000 1.2700000000 0.0000000000
0.1950000000 1.0000000000 -0.2000000000 0.5000000000 1.2700000000 1.0000000000 -0.2000000000 1.2700000000 0.0000000000
0.1960000000 1.0000000000 -0.2000000000 0.5000000000 1.2700000000 1.0000000000 -0.2000000000 1.2700000000 0.0000000000
0.1970000000 1.0000000000 -0.2000000000 0.5000000000 1.2700000000 1.0000000000 -0.2000000000 1.2700000000 0.0000000000
0.1980000000 1.0000000000 -0.2000000000 0.5000000000 1.2700000000 1.0000000000 -0.2000000000 1.2700000000 0.0000000000
0.1990000000 1.0000000000 -0.2000000000 0.5000000000 1.2700000000 1.0000000000 -0.2000000000 1.2700000000 0.0000000000
0.2000000000 1.0000000000 -0.2000000000 0.5000000000 1.2700000000 1.0000000000 -0.2000000000 1.2700000000 0.0000000000
0.2010000000 1.0000000000 -0.2000000000 0.5000000000 1.2700000000 1.0000000000 -0.2000000000 1.2700000000 0.0000000000
0.2020000000 1.0000000000 -0.2000000000 0.5000000000 1.2700000000 1.0000000000 -0.2000000000 1.2700000000 0.0000000000
0.2030000000 1.0000000000 -0.2000000000 0.5000000000 1.2700000000 1.0000000000 -0.2000000000 1.2700000000 0.0000000000
0.2040000000 1.0000000000 -0.2000000000 0.5000000000 1.2700000000 1.0000000000 -0.2000000000 1.2700000000 0.0000000000
0.2050000000 1.0000000000 -0.2000000000 0.5000000000 1.2700000000 1.0000000000 -0.2000000000 1.2700000000 0.0000000000
0.2060000000 1.0000000000 -0.2000000000 0.5000000000 1.2700000000 1.0000000000 -0.2000000000 1.2700000000 0.0000000000
0.2070000000 1.0000000000 -0.2000000000 0.5000000000 1.2700000000 1.0000000000 -0.2000000000 1.2700000000 0.0000000000
0.2080000000 1.0000000000 -0.2000000000 0.5000000000 1.2700000000 1.0000000000 -0.2000000000 1.2700000000 0.0000000000
0.2090000000 1.0000000000 -0.2000000000 0.5000000000 1.2700000000 1.0000000000 -0.2000000000 1.2700000000 0.0000000000
0.2100000000 1.0000000000 -0.2000000000 0.5000000000 1.2700000000 1.0000000000 -0.2000000000 1.2700000000 0.0000000000
0.2110000000 1.0000000000 -0.2000000000 0.5000000000 1.2700000000 1.0000000000 -0.2000000000 1.2700000000 0.0000000000
0.2120000000 1.0000000000 -0.2000000000 0.5000000000 1.2700000000 1.0000000000 -0.2000000000 1.2700000000 0.0000000000
0.2130000000 1.0000000000 -0.2000000000 0.5000000000 1.2700000000 1.0000000000 -0.2000000000 1.2700000000 0.0000000000
0.2140000000 1.0000000000 -0.2000000000 0.5000000000 1.2700000000 1.0000000000 -0.2000000000 1.2700000000 0.0000000000
0.2150000000 1.0000000000 -0.2000000000 0.5000000000 1.2700000000 1.0000000000 -0.2000000000 1.2700000000 0.0000000000
0.2160000000 1.0000000000 -0.2000000000 0.5000000000 1.2700000000 1.0000000000 -0.2000000000 1.2700000000 0.0000000000
0.2170000000 1.0000000000 -0.2000000000 0.5000000000 1.2700000000 1.0000000000 -0.2000000000 1.2700000000 0.0000000000
0.2180000000 1.0000000000 -0.2000000000 0.5000000000 1.2700000000 1.0000000000 -0.2000000000 1.2700000000 0.0000000000
0.2190000000 1.0000000000 -0.2000000000 0.5000000000 1.2700000000 1.0000000000 -0.2000000000 1.2700000000 0.0000000000
0.2200000000 1.0000000000 -0.2000000000 0.5000000000 1.2700000000 1.0000000000 -0.2000000000 1.2700000000 0.0000000000
0.2210000000 1.0000000000 -0.2000000000 0.5000000000 1.2700000000 1.0000000000 -0.2000000000 1.2700000000 0.0000000000
0.2220000000 1.0000000000 -0.2000000000 0.5000000000 1.2700000000 1.0000000000 -0.2000000000 1.2700000000 0.0000000000
0.2230000000 1.0000000000 -0.2000000000 0.5000000000 1.2700000000 1.0000000000 -0.2000000000 1.2700000000 0.0000000000
0.2240000000 1.0000000000 -0.2000000000 0.5000000000 1.2700000000 1.0000000000 -0.2000000000 1.2700000000 0.0000000000
0.2250000000 1.0000000000 -0.2000000000 0.5000000000 1.2700000000 1.0000000000 -0.2000000000 1.2700000000 0.0000000000
0.2260000000 1.0000000000 -0.2000000000 0.5000000000 1.2700000000 1.0000000000 -0.2000000000 1.2700000000 0.0000000000
0.2270000000 1.0000000000 -0.2000000000 0.5000000000 1.2700000000 1.0000000000 -0.2000000000 1.2700000000 0.0000000000
0.2280000000 1.0000000000 -0.2000000000 0.5000000000 1.2700000000 1.0000000000 -0.2000000000 1.2700000000 0.0000000000
0.2290000000 1.0000000000 -0.2000000000 0.5000000000 1.2700000000 1.0000000000 -0.2000000000 1.2700000000 0.0000000001
0.2300000000 1.0000000000 -0.2000000000 0.5000000000 1.2700000000 1.0000000000 -0.2000000000 1.2700000000 0.0000000002
0.2310000000 1.0000000000 -0.2000000000 0.5000000000 1.2700000000 1.0000000000 -0.2000000000 1.2700000000 0.0000000004
0.2320000000 1.0000000000 -0.2000000000 0.5000000000 1.2700000000 1.0000000000 -0.2000000000 1.2700000000 0.0000000009
0.2330000000 1.0000000000 -0.2000000000 0.5000000000 1.2700000000 1.0000000000 -0.2000000000 1.2700000000 0.0000000019
0.2340000000 1.0000000000 -0.2000000000 0.5000000000 1.2700000000 1.0000000000 -0.2000000000 1.2700000000 0.0000000042
0.2350000000 1.0000000000 -0.2000000000 0.5000000000 1.2700000000 1.0000000000 -0.2000000000 1.2700000000 0.0000000089
0.2360000000 1.0000000000 -0.2000000000 0.5000000000 1.2700000000 1.0000000000 -0.2000000000 1.2700000000 0.0000000186
0.2370000000 1.0000000000 -0.2000000000 0.5000000000 1.2700000000 1.0000000000 -0.2000000000 1.2700000000 0.0000000389
0.2380000000 1.0000000000 -0.2000000000 0.5000000000 1.2700000000 1.0000000000 -0.2000000000 1.2700000000 0.0000000805
0.2390000000 1.0000000000 -0.2000000000 0.5000000000 1.2700000000 1.0000000000 -0.2000000000 1.2700000000 0.0000001659
0.2400000000 1.0000000000 -0.2000000000 0.5000000000 1.2700000000 1.0000000000 -0.2000000000 1.2700000000 0.0000003384
0.2410000000 1.0000000000 -0.2000000000 0.5000000000 1.2700000000 1.0000000000 -0.2000000000 1.2699999999 0.0000006857
0.2420000000 0.9999999999 -0.1999999999 0.4999999999 1.2699999999 0.9999999999 -0.1999999999 1.2699999998 0.0000013777
0.2430000000 0.9999999998 -0.1999999999 0.4999999999 1.2699999999 0.9999999998 -0.1999999998 1.2699999997 0.0000027461
0.2440000000 0.9999999996 -0.1999999997 0.4999999998 1.2699999998 0.9999999996 -0.1999999996 1.2699999993 0.0000054283
0.2450000000 0.9999999993 -0.1999999994 0.4999999995 1.2699999995 0.9999999993 -0.1999999993 1.2699999986 0.0000106373
0.2460000000 0.9999999986 -0.1999999988 0.4999999990 1.2699999991 0.9999999986 -0.1999999985 1.2699999972 0.0000206513
0.2470000000 0.9999999972 -0.1999999976 0.4999999980 1.2699999981 0.9999999972 -0.1999999971 1.2699999946 0.0000396761
0.2480000000 0.9999999945 -0.1999999954 0.4999999961 1.2699999963 0.9999999945 -0.1999999943 1.2699999893 0.0000752937
0.2490000000 0.9999999893 -0.1999999910 0.4999999925 1.2699999929 0.9999999893 -0.1999999889 1.2699999793 0.0001406653
0.2500000000 0.9999999794 -0.1999999828 0.4999999856 1.2699999863 0.9999999794 -0.1999999787 1.2699999601 0.0002572546
0.2510000000 0.9999999609 -0.1999999673 0.4999999726 1.2699999739 0.9999999609 -0.1999999594 1.2699999242 0.0004564087
0.2520000000 0.9999999266 -0.1999999386 0.4999999486 1.2699999510 0.9999999266 -0.1999999239 1.2699998577 0.0007752477
0.2530000000 0.9999998644 -0.1999998866 0.4999999051 1.2699999095 0.9999998644 -0.1999998595 1.2699997374 0.0012402972
0.2540000000 0.9999997548 -0.1999997949 0.4999998284 1.2699998364 0.9999997548 -0.1999997459 1.2699995251 0.0018401068
0.2550000000 0.9999995675 -0.1999996381 0.4999996973 1.2699997114 0.9999995675 -0.1999995516 1.2699991621 0.0025098539
0.2560000000 0.9999992580 -0.1999993792 0.4999994806 1.2699995049 0.9999992580 -0.1999992308 1.2699985626 0.0031556264
0.2570000000 0.9999987640 -0.1999989659 0.4999991348 1.2699991752 0.9999987640 -0.1999987187 1.2699976054 0.0037026810
0.2580000000 0.9999979991 -0.1999983259 0.4999985993 1.2699986647 0.9999979991 -0.1999979257 1.2699961235 0.0041208099
0.2590000000 0.9999968452 -0.1999973605 0.4999977916 1.2699978947 0.9999968452 -0.1999967295 1.2699938881 0.0044151799
0.2600000000 0.9999951409 -0.1999959346 0.4999965987 1.2699967574 0.9999951409 -0.1999949628 1.2699905864 0.0046065690
0.2610000000 0.9999926663 -0.1999938642 0.4999948664 1.2699951060 0.9999926663 -0.1999923975 1.2699857923 0.0047181283
0.2620000000 0.9999891230 -0.1999908996 0.4999923861 1.2699927414 0.9999891230 -0.1999887243 1.2699789277 0.0047699252
0.2630000000 0.9999841085 -0.1999867042 0.4999888760 1.2699893952 0.9999841085 -0.1999835261 1.2699692132 0.0047776800
0.2640000000 0.9999770845 -0.1999808274 0.4999839593 1.2699847079 0.9999770845 -0.1999762447 1.2699556056 0.0047531092
0.2650000000 0.9999673357 -0.1999726708 0.4999771352 1.2699782023 0.9999673357 -0.1999661388 1.2699367194 0.0047047045
0.2660000000 0.9999539205 -0.1999614465 0.4999677447 1.2699692501 0.9999539205 -0.1999522324 1.2699107306 0.0046385150
0.2670000000 0.9999356101 -0.1999461263 0.4999549277 1.2699570314 0.9999356101 -0.1999332518 1.2698752590 0.0045587987
0.2680000000 0.9999108163 -0.1999253813 0.4999375728 1.2699404866 0.9999108163 -0.1999075512 1.2698272286 0.0044685266
0.2690000000 0.9998775070 -0.1998975106 0.4999142574 1.2699182597 0.9998775070 -0.1998730246 1.2697627036 0.0043697557
0.2700000000 0.9998331089 -0.1998603607 0.4998831809 1.2698886340 0.9998331089 -0.1998270058 1.2696767009 0.0042639003
0.2710000000 0.9997743997 -0.1998112341 0.4998420881 1.2698494600 0.9997743997 -0.1997661566 1.2695629815 0.0041519273
0.2720000000 0.9996973909 -0.1997467917 0.4997881886 1.2697980775 0.9996973909 -0.1996863465 1.2694138251 0.0040344958
0.2730000000 0.9995972074 -0.1996629507 0.4997180715 1.2697312353 0.9995972074 -0.1995825279 1.2692197970 0.0039120592
0.2740000000 0.9994679673 -0.1995547837 0.4996276227 1.2696450118 0.9994679673 -0.1994486140 1.2689695191 0.0037849392
0.2750000000 0.9993026731 -0.1994164262 0.4995119489 1.2695347432 0.9993026731 -0.1992773678 1.2686494625 0.0036533818
0.2760000000 0.9990931243 -0.1992410011 0.4993653175 1.2693949653 0.9990931243 -0.1990603142 1.2682437818 0.0035175997
0.2770000000 0.9988298624 -0.1990205702 0.4991811193 1.2692193793 0.9988298624 -0.1987876888 1.2677342179 0.0033778067
0.2780000000 0.9985021654 -0.1987461257 0.4989518667 1.2690008491 0.9985021654 -0.1984484369 1.2671000957 0.0032342449
0.2790000000 0.9980981032 -0.1984076307 0.4986692341 1.2687314408 0.9980981032 -0.1980302799 1.2663184446 0.0030872065
0.2800000000 0.9976046679 -0.1979941220 0.4983241527 1.2684025128 0.9976046679 -0.1975198603 1.2653642675 0.0029370524
0.2810000000 0.9970079881 -0.1974938808 0.4979069637 1.2680048615 0.9970079881 -0.1969029768 1.2642109758 0.0027842248
0.2820000000 0.9962936310 -0.1968946757 0.4974076338 1.2675289277 0.9962936310 -0.1961649114 1.2628309977 0.0026292575
0.2830000000 0.9954469890 -0.1961840748 0.4968160299 1.2669650576 0.9954469890 -0.1952908465 1.2611965518 0.0024727794
0.2840000000 0.9944537374 -0.1953498172 0.4961222446 1.2663038135 0.9944537374 -0.1942663558 1.2592805600 0.0023155148
0.2850000000 0.9933003431 -0.1943802275 0.4953169558 1.2655363162 0.9933003431 -0.1930779467 1.2570576571 0.0021582763
0.2860000000 0.9919745927 -0.1932646480 0.4943917999 1.2646546008 0.9919745927 -0.1917136205 1.2545052325 0.0020019537
0.2870000000 0.9904661039 -0.1919938604 0.4933397320 1.2636519601 0.9904661039 -0.1901634109 1.2516044337 0.0018474963
0.2880000000 0.9887667818 -0.1905604647 0.4921553448 1.2625232491 0.9887667818 -0.1884198574 1.2483410499 0.0016958903
0.2890000000 0.9868711810 -0.1889591860 0.4908351211 1.2612651251 0.9868711810 -0.1864783751 1.2447062036 0.0015481322
0.2900000000 0.9847767443 -0.1871870831 0.4893775952 1.2598762038 0.9847767443 -0.1843374863 1.2406967863 0.0014051985
0.2910000000 0.9824838955 -0.1852436408 0.4877834129 1.2583571158 0.9824838955 -0.1819988938 1.2363156011 0.0012680146
0.2920000000 0.9799959808 -0.1831307413 0.4860552810 1.2567104607 0.9799959808 -0.1794673904 1.2315712006 0.0011374230
0.2930000000 0.9773190653 -0.1808525170 0.4841978158 1.2549406633 0.9773190653 -0.1767506129 1.2264774361 0.0010141543
0.2940000000 0.9744616051 -0.1784151010 0.4822173038 1.2530537466 0.9744616051 -0.1738586657 1.2210527651 0.0008988017
0.2950000000 0.9714340255 -0.1758262991 0.4801213967 1.2510570420 0.9714340255 -0.1708036496 1.2153193785 0.0007918016
0.2960000000 0.9682482435 -0.1730952115 0.4779187687 1.2489588633 0.9682482435 -0.1675991345 1.2093022257 0.0006934213
0.2970000000 0.9649171712 -0.1702318351 0.4756187625 1.2467681688 0.9649171712 -0.1642596207 1.2030280145 0.0006037551
0.2980000000 0.9614542359 -0.1672466748 0.4732310483 1.2444942367 0.9614542359 -0.1608000239 1.1965242554 0.0005227286
0.2990000000 0.9578729467 -0.1641503882 0.4707653182 1.2421463728 0.9578729467 -0.1572352160 1.1898184063 0.0004501118
0.3000000000 0.9541865265 -0.1609534796 0.4682310277 1.2397336635 0.9541865265 -0.1535796417 1.1829371582 0.0003855384
0.3010000000 0.9504076214 -0.1576660552 0.4656371936 1.2372647818 0.9504076214 -0.1498470205 1.1759058783 0.0003285312
0.3020000000 0.9465480893 -0.1542976406 0.4629922482 1.2347478480 0.9465480893 -0.1460501369 1.1687482163 0.0002785304
0.3030000000 0.9426188650 -0.1508570603 0.4603039480 1.2321903411 0.9426188650 -0.1422007110 1.1614858607 0.0002349228
0.3040000000 0.9386298905 -0.1473523712 0.4575793287 1.2295990550 0.9386298905 -0.1383093401 1.1541384263 0.0001970699
0.3050000000 0.9345901005 -0.1437908409 0.4548246983 1.2269800920 0.9345901005 -0.1343854965 1.1467234474 0.0001643331
0.3060000000 0.9305074485 -0.1401789614 0.4520456593 1.2243388825 0.9305074485 -0.1304375677 1.1392564496 0.0001360941
0.3070000000 0.9263889626 -0.1365224878 0.4492471508 1.2216802250 0.9263889626 -0.1264729258 1.1317510763 0.0001117708
0.3080000000 0.9222408189 -0.1328264927 0.4464335027 1.2190083376 0.9222408189 -0.1224980134 1.1242192476 0.0000908281
0.3090000000 0.9180684245 -0.1290954306 0.4436084960 1.2163269150 0.9180684245 -0.1185184386 1.1166713345 0.0000727836
0.3100000000 0.9138765027 -0.1253332039 0.4407754247 1.2136391874 0.9138765027 -0.1145390700 1.1091163360 0.0000572097
0.3110000000 0.9096691764 -0.1215432293 0.4379371554 1.2109479774 0.9096691764 -0.1105641293 1.1015620493 0.0000437325
0.3120000000 0.9054500464 -0.1177285001 0.4350961837 1.2082557533 0.9054500464 -0.1065972759 1.0940152278 0.0000320285
0.3130000000 0.9012222622 -0.1138916437 0.4322546842 1.2055646773 0.9012222622 -0.1026416848 1.0864817257 0.0000218190
0.3140000000 0.8969885866 -0.1100349735 0.4294145572 1.2028766491 0.8969885866 -0.0987001153 1.0789666253 0.0000128643
0.3150000000 0.8927514524 -0.1061605354 0.4265774681 1.2001933441 0.8927514524 -0.0947749722 1.0714743511 0.0000049572
0.3160000000 0.8885130130 -0.1022701502 0.4237448839 1.1975162485 0.8885130130 -0.0908683593 1.0640087701 0.0000020651
0.3170000000 0.8842751832 -0.0983654486 0.4209181032 1.1948466903 0.8842751832 -0.0869821250 1.0565732759 0.0000083150
0.3180000000 0.8800396661 -0.0944478886 0.4180982731 1.1921858498 0.8800396661 -0.0831178883 1.0491708372 0.0000138952
0.3190000000 0.8758079803 -0.0905187778 0.4152864084 1.1895347795 0.8758079803 -0.0792770679 1.0418040527 0.0000189125
0.3200000000 0.8715814872 -0.0865792975 0.4124834124 1.1868944242 0.8715814872 -0.0754609129 1.0344752073 0.0000234587
0.3210000000 0.8673614156 -0.0826305234 0.4096900934 1.1842656379 0.8673614156 -0.0716705278 1.0271863201 0.0000276111
0.3220000000 0.8631488821 -0.0786734427 0.4069071796 1.1816491970 0.8631488821 -0.0679068941 1.0199391835 0.0000314354
0.3230000000 0.8589449088 -0.0747089688 0.4041353309 1.1790458123 0.8589449088 -0.0641708884 1.0127353977 0.0000349882
0.3240000000 0.8547504381 -0.0707379544 0.4013751499 1.1764561385 0.8547504381 -0.0604632975 1.0055763998 0.0000383186
0.3250000000 0.8505663464 -0.0667612029 0.3986271908 1.1738807832 0.8505663464 -0.0567848325 0.9984634889 0.0000414702
0.3260000000 0.8463934556 -0.0627794785 0.3958919676 1.1713203144 0.8463934556 -0.0531361397 0.9913978485 0.0000444823
0.3270000000 0.8422325435 -0.0587935152 0.3931699612 1.1687752672 0.8422325435 -0.0495178119 0.9843805661 0.0000473909
0.3280000000 0.8380843538 -0.0548040261 0.3904616262 1.1662461498 0.8380843538 -0.0459303968 0.9774126508 0.0000502296
0.3290000000 0.8339496044 -0.0508117108 0.3877673967 1.1637334494 0.8339496044 -0.0423744061 0.9704950498 0.0000530305
0.3300000000 0.8298289964 -0.0468172636 0.3850876920 1.1612376370 0.8298289964 -0.0388503229 0.9636286629 0.0000558253
0.3310000000 0.8257232217 -0.0428213813 0.3824229219 1.1587591723 0.8257232217 -0.0353586089 0.9568143569 0.0000586455
0.3320000000 0.8216329715 -0.0388247707 0.3797734920 1.1562985087 0.8216329715 -0.0318997117 0.9500529796 0.0000615234
0.3330000000 0.8175589439 -0.0348281571 0.3771398091 1.1538560976 0.8175589439 -0.0284740713 0.9433453726 0.0000644933
0.3340000000 0.8135018526 -0.0308322924 0.3745222863 1.1514323937 0.8135018526 -0.0250821270 0.9366923854 0.0000675916
0.3350000000 0.8094624355 -0.0268379645 0.3719213484 1.1490278590 0.8094624355 -0.0217243241 0.9300948892 0.0000708582
0.3360000000 0.8054414642 -0.0228460071 0.3693374383 1.1466429689 0.8054414642 -0.0184011214 0.9235537917 0.0000743375
0.3370000000 0.8014397540 -0.0188573110 0.3667710229 1.1442782167 0.8014397540 -0.0151129987 0.9170700525 0.0000780800
0.3380000000 0.7974581758 -0.0148728362 0.3642226005 1.1419341207 0.7974581758 -0.0118604648 0.9106447007 0.0000821430
0.3390000000 0.7934976683 -0.0108936264 0.3616927084 1.1396112299 0.7934976683 -0.0086440671 0.9042788537 0.0000865932
0.3400000000 0.7895592532 -0.0069208250 0.3591819319 1.1373101323 0.7895592532 -0.0054644014 0.8979737388 0.0000915084
0.3410000000 0.7856440517 -0.0029556942 0.3566909142 1.1350314629 0.7856440517 -0.0023221236 0.8917307174 0.0000969805
0.3420000000 0.7817533039 0.0010003632 0.3542203689 1.1327759141 0.7817533039 0.0007820372 0.8855513135 0.0001031189
0.3430000000 0.7778883917 0.0049457780 0.3517710928 1.1305442467 0.7778883917 0.0038472633 0.8794372459 0.0001100542
0.3440000000 0.7740508653 0.0088787843 0.3493439824 1.1283373038 0.7740508653 0.0068726307 0.8733904664 0.0001179433
0.3450000000 0.7702424748 0.0127973833 0.3469400528 1.1261560260 0.7702424748 0.0098570882 0.8674132044 0.0001269767
0.3460000000 0.7664652071 0.0166993010 0.3445604595 1.1240014701 0.7664652071 0.0127994332 0.8615080196 0.0001373852
0.3470000000 0.7627213301 0.0205819374 0.3422065252 1.1218748313 0.7627213301 0.0156982827 0.8556778635 0.0001494510
0.3480000000 0.7590134449 0.0244423068 0.3398797706 1.1197774683 0.7590134449 0.0185520395 0.8499261537 0.0001635190
0.3490000000 0.7553445473 0.0282769657 0.3375819512 1.1177109343 0.7553445473 0.0213588518 0.8442568596 0.0001800131
0.3500000000 0.7517181009 0.0320819291 0.3353151008 1.1156770126 0.7517181009 0.0241165668 0.8386746051 0.0001994548
0.3510000000 0.7481381227 0.0358525709 0.3330815826 1.1136777583 0.7481381227 0.0268226751 0.8331847874 0.0002224867
0.3520000000 0.7446092827 0.0395835075 0.3308841477 1.1117155474 0.7446092827 0.0294742472 0.8277937163 0.0002499000
0.3530000000 0.7411370185 0.0432684647 0.3287260037 1.1097931318 0.7411370185 0.0320678609 0.8225087728 0.0002826681
0.3540000000 0.7377276642 0.0469001254 0.3266108905 1.1079137014 0.7377276642 0.0345995200 0.8173385871 0.0003219840
0.3550000000 0.7343885917 0.0504699644 0.3245431636 1.1060809519 0.7343885917 0.0370645661 0.8122932326 0.0003693018
0.3560000000 0.7311283573 0.0539680726 0.3225278806 1.1042991539 0.7311283573 0.0394575883 0.8073844264 0.0004263777
0.3570000000 0.7279568446 0.0573829864 0.3205708841 1.1025732182 0.7279568446 0.0417723377 0.8026257209 0.0004953052
0.3580000000 0.7248853815 0.0607015422 0.3186788694 1.1009087479 0.7248853815 0.0440016605 0.7980326578 0.0005785350
0.3590000000 0.7219268043 0.0639087905 0.3168594196 1.0993120620 0.7219268043 0.0461374689 0.7936228438 0.0006788637
0.3600000000 0.7190954246 0.0669880179 0.3151209818 1.0977901679 0.7190954246 0.0481707772 0.7894158869 0.0007993717
0.3610000000 0.7164068450 0.0699209415 0.3134727526 1.0963506580 0.7164068450 0.0500918411 0.7854331158 0.0009432884
0.3620000000 0.7138775570 0.0726881497 0.3119244331 1.0950014959 0.7138775570 0.0518904388 0.7816969928 0.0011137637
0.3630000000 0.7115242634 0.0752698630 0.3104858191 1.0937506657 0.7115242634 0.0535563338 0.7782301368 0.0013135406
0.3640000000 0.7093628869 0.0776470545 0.3091662051 1.0926056670 0.7093628869 0.0550799388 0.7750539102 0.0015445482
0.3650000000 0.7074072887 0.0798029138 0.3079736161 1.0915728691 0.7074072887 0.0564531629 0.7721866038 0.0018074756
0.3660000000 0.7056678039 0.0817245294 0.3069139333 1.0906567806 0.7056678039 0.0576703692 0.7696413752 0.0021014228
0.3670000000 0.7041498007 0.0834045582 0.3059900365 1.0898593400 0.7041498007 0.0587293031 0.7674242371 0.0024237423
0.3680000000 0.7028525460 0.0848425559 0.3052011336 1.0891793673 0.7028525460 0.0596318064 0.7655324914 0.0027701573
0.3690000000 0.7017686619 0.0860456410 0.3045424459 1.0886123191 0.7017686619 0.0603841343 0.7639540104 0.0031351718
0.3700000000 0.7008843639 0.0870282669 0.3040053628 1.0881504383 0.7008843639 0.0609967515 0.7626676278 0.0035126924
0.3710000000 0.7001804976 0.0878110804 0.3035780734 1.0877833032 0.7001804976 0.0614836059 0.7616446545 0.0038967206
0.3720000000 0.6996341905 0.0884190674 0.3032465654 1.0874986814 0.6996341905 0.0618610027 0.7608512596 0.0042819663
0.3730000000 0.6992208016 0.0888793510 0.3029957991 1.0872835263 0.6992208016 0.0621462911 0.7602512588 0.0046642886
0.3740000000 0.6989158135 0.0892190440 0.3028108450 1.0871249383 0.6989158135 0.0623566007 0.7598088106 0.0050409474
0.3750000000 0.6986963815 0.0894634841 0.3026778129 1.0870109472 0.6986963815 0.0625078126 0.7594906155 0.0054107139
0.3760000000 0.6985423842 0.0896350321 0.3025844803 1.0869310380 0.6985423842 0.0626138690 0.7592673988 0.0057739206
0.3770000000 0.6984369500 0.0897524607 0.3025206056 1.0868764101 0.6984369500 0.0626864349 0.7591146449 0.0061325422
0.3780000000 0.6983665381 0.0898308490 0.3024779725 1.0868400085 0.6983665381 0.0627348590 0.7590126942 0.0064904080
0.3790000000 0.6983206999 0.0898818387 0.3024502429 1.0868163936 0.6983206999 0.0627663485 0.7589463847 0.0068536698
0.3800000000 0.6982916551 0.0899141016 0.3024326979 1.0868015172 0.6982916551 0.0627862669 0.7589044302 0.0072317162
0.3810000000 0.6982737964 0.0899338888 0.3024219372 1.0867924624 0.6982737964 0.0627984780 0.7588786986 0.0076388803
0.3820000000 0.6982632026 0.0899455721 0.3024155830 1.0867871901 0.6982632026 0.0628056832 0.7588635040 0.0080976285
0.3830000000 0.6982572082 0.0899521238 0.3024120190 1.0867843143 0.6982572082 0.0628097188 0.7588549812 0.0086447441
0.3840000000 0.6982540487 0.0899555111 0.3024101754 1.0867829177 0.6982540487 0.0628117999 0.7588505724 0.0093447300
0.3850000000 0.6982525864 0.0899570030 0.3024093625 1.0867824089 0.6982525864 0.0628127100 0.7588486279 0.0103281021
0.3860000000 0.6982521062 0.0899573966 0.3024091467 1.0867824163 0.6982521062 0.0628129416 0.7588481112 0.0111089867
0.3870000000 0.6982521799 0.0899571696 0.3024092683 1.0867827170 0.6982521799 0.0628127898 0.7588484012 0.0079761140
0.3880000000 0.6982526451 0.0899565031 0.3024096289 1.0867832265 0.6982526451 0.0628123662 0.7588492626 0.0046040009
0.3890000000 0.6982534441 0.0899554614 0.3024101934 1.0867839152 0.6982534441 0.0628117107 0.7588506117 0.0025553928
0.3900000000 0.6982544733 0.0899541597 0.3024108993 1.0867847293 0.6982544733 0.0628108944 0.7588522988 0.0005315162
0.3910000000 0.6982555523 0.0899527993 0.3024116370 1.0867855754 0.6982555523 0.0628100416 0.7588540621 0.0019039847
0.3920000000 0.6982564448 0.0899516432 0.3024122637 1.0867863312 0.6982564448 0.0628093146 0.7588555598 0.0040049873
0.3930000000 0.6982570168 0.0899508407 0.3024126981 1.0867869273 0.6982570168 0.0628088057 0.7588565978 0.0049439433
0.3940000000 0.6982572937 0.0899503636 0.3024129556 1.0867873767 0.6982572937 0.0628084975 0.7588572125 0.0048433810
0.3950000000 0.6982573610 0.0899501166 0.3024130879 1.0867877240 0.6982573610 0.0628083310 0.7588575281 0.0036429347
0.3960000000 0.6982572961 0.0899500131 0.3024131422 1.0867880096 0.6982572961 0.0628082529 0.7588576571 0.0020182071
0.3970000000 0.6982571536 0.0899499923 0.3024131515 1.0867882620 0.6982571536 0.0628082256 0.7588576784 0.0008287486
0.3980000000 0.6982569764 0.0899500060 0.3024131420 1.0867885039 0.6982569764 0.0628082192 0.7588576548 0.0000456326
0.3990000000 0.6982568018 0.0899500126 0.3024131363 1.0867887550 0.6982568018 0.0628082081 0.7588576403 0.0006688566
0.4000000000 0.6982566560 0.0899499826 0.3024131505 1.0867890293 0.6982566560 0.0628081741 0.7588576734 0.0008951385
0.4010000000 0.6982565465 0.0899499076 0.3024131892 1.0867893309 0.6982565465 0.0628081118 0.7588577649 0.0006825807
0.4020000000 0.6982564630 0.0899497989 0.3024132462 1.0867896545 0.6982564630 0.0628080284 0.7588579002 0.0001125059
0.4030000000 0.6982563833 0.0899496812 0.3024133080 1.0867899891 0.6982563833 0.0628079391 0.7588580471 0.0006095337
0.4040000000 0.6982562798 0.0899495848 0.3024133583 1.0867903207 0.6982562798 0.0628078624 0.7588581663 0.0010830271
0.4050000000 0.6982561326 0.0899495320 0.3024133848 1.0867906391 0.6982561326 0.0628078123 0.7588582286 0.0010957740
0.4060000000 0.6982559380 0.0899495266 0.3024133855 1.0867909427 0.6982559380 0.0628077911 0.7588582292 0.0007407219
0.4070000000 0.6982557098 0.0899495533 0.3024133687 1.0867912390 0.6982557098 0.0628077892 0.7588581881 0.0001799000
0.4080000000 0.6982554736 0.0899495832 0.3024133502 1.0867915416 0.6982554736 0.0628077888 0.7588581426 0.0004073258
0.4090000000 0.6982552569 0.0899495854 0.3024133466 1.0867918653 0.6982552569 0.0628077709 0.7588581331 0.0007234834
0.4100000000 0.6982550729 0.0899495450 0.3024133663 1.0867922174 0.6982550729 0.0628077261 0.7588581790 0.0005408592
0.4110000000 0.6982549121 0.0899494724 0.3024134034 1.0867925931 0.6982549121 0.0628076609 0.7588582665 0.0000843944
0.4120000000 0.6982547471 0.0899493978 0.3024134416 1.0867929788 0.6982547471 0.0628075940 0.7588583566 0.0007619000
0.4130000000 0.6982545483 0.0899493541 0.3024134629 1.0867933596 0.6982545483 0.0628075456 0.7588584064 0.0009724082
0.4140000000 0.6982543043 0.0899493538 0.3024134607 1.0867937299 0.6982543043 0.0628075234 0.7588583998 0.0006615811
0.4150000000 0.6982540282 0.0899493819 0.3024134429 1.0867940968 0.6982540282 0.0628075183 0.7588583560 0.0000874478
0.4160000000 0.6982537483 0.0899494069 0.3024134268 1.0867944756 0.6982537483 0.0628075105 0.7588583162 0.0004260617
0.4170000000 0.6982534897 0.0899494001 0.3024134280 1.0867948801 0.6982534897 0.0628074825 0.7588583176 0.0005207466
0.4180000000 0.6982532561 0.0899493574 0.3024134486 1.0867953126 0.6982532561 0.0628074317 0.7588583657 0.0001072794
0.4190000000 0.6982530271 0.0899493011 0.3024134767 1.0867957629 0.6982530271 0.0628073718 0.7588584313 0.0005069028
0.4200000000 0.6982527735 0.0899492634 0.3024134946 1.0867962168 0.6982527735 0.0628073227 0.7588584726 0.0007902873
0.4210000000 0.6982524804 0.0899492606 0.3024134934 1.0867966671 0.6982524804 0.0628072943 0.7588584685 0.0005739764
0.4220000000 0.6982521577 0.0899492814 0.3024134795 1.0867971192 0.6982521577 0.0628072798 0.7588584335 0.0001043743
0.4230000000 0.6982518299 0.0899492982 0.3024134676 1.0867975866 0.6982518299 0.0628072621 0.7588584036 0.0002662488
0.4240000000 0.6982515163 0.0899492889 0.3024134700 1.0867980804 0.6982515163 0.0628072273 0.7588584076 0.0002424298
0.4250000000 0.6982512152 0.0899492551 0.3024134856 1.0867986002 0.6982512152 0.0628071767 0.7588584433 0.0001491702
0.4260000000 0.6982509060 0.0899492192 0.3024135023 1.0867991362 0.6982509060 0.0628071238 0.7588584815 0.0005320214
0.4270000000 0.6982505683 0.0899492035 0.3024135079 1.0867996788 0.6982505683 0.0628070825 0.7588584934 0.0005549148
0.4280000000 0.6982502003 0.0899492098 0.3024135017 1.0868002276 0.6982502003 0.0628070537 0.7588584766 0.0002757638
0.4290000000 0.6982498169 0.0899492207 0.3024134928 1.0868007913 0.6982498169 0.0628070269 0.7588584535 0.0000116832
0.4300000000 0.6982494343 0.0899492178 0.3024134914 1.0868013794 0.6982494343 0.0628069904 0.7588584484 0.0000476711
0.4310000000 0.6982490544 0.0899491984 0.3024134990 1.0868019939 0.6982490544 0.0628069427 0.7588584646 0.0001822830
0.4320000000 0.6982486639 0.0899491767 0.3024135078 1.0868026291 0.6982486639 0.0628068924 0.7588584836 0.0004069182
0.4330000000 0.6982482495 0.0899491667 0.3024135102 1.0868032792 0.6982482495 0.0628068482 0.7588584873 0.0003983420
0.4340000000 0.6982478114 0.0899491678 0.3024135065 1.0868039454 0.6982478114 0.0628068095 0.7588584763 0.0002293263
0.4350000000 0.6982473596 0.0899491683 0.3024135031 1.0868046340 0.6982473596 0.0628067692 0.7588584660 0.0001202162
0.4360000000 0.6982469003 0.0899491602 0.3024135043 1.0868053498 0.6982469003 0.0628067223 0.7588584667 0.0001843106
0.4370000000 0.6982464294 0.0899491474 0.3024135080 1.0868060921 0.6982464294 0.0628066710 0.7588584733 0.0003153423
0.4380000000 0.6982459386 0.0899491386 0.3024135096 1.0868068581 0.6982459386 0.0628066207 0.7588584746 0.0003456108
0.4390000000 0.6982454254 0.0899491354 0.3024135080 1.0868076479 0.6982454254 0.0628065723 0.7588584684 0.0002717850
0.4400000000 0.6982448943 0.0899491321 0.3024135065 1.0868084657 0.6982448943 0.0628065222 0.7588584623 0.0002237293
0.4410000000 0.6982443483 0.0899491243 0.3024135073 1.0868093147 0.6982443483 0.0628064677 0.7588584617 0.0002736592
0.4420000000 0.6982437836 0.0899491153 0.3024135088 1.0868101949 0.6982437836 0.0628064106 0.7588584625 0.0003469694
0.4430000000 0.6982431947 0.0899491099 0.3024135083 1.0868111056 0.6982431947 0.0628063539 0.7588584584 0.0003449596
0.4440000000 0.6982425814 0.0899491075 0.3024135061 1.0868120486 0.6982425814 0.0628062970 0.7588584503 0.0002903869
0.4450000000 0.6982419471 0.0899491029 0.3024135050 1.0868130280 0.6982419471 0.0628062368 0.7588584448 0.0002805308
0.4460000000 0.6982412920 0.0899490945 0.3024135059 1.0868140465 0.6982412920 0.0628061720 0.7588584440 0.0003412270
0.4470000000 0.6982406112 0.0899490866 0.3024135066 1.0868151040 0.6982406112 0.0628061052 0.7588584424 0.0003931651
0.4480000000 0.6982399000 0.0899490826 0.3024135051 1.0868162009 0.6982399000 0.0628060385 0.7588584354 0.0003762382
0.4490000000 0.6982391591 0.0899490805 0.3024135025 1.0868173404 0.6982391591 0.0628059703 0.7588584258 0.0003353645
0.4500000000 0.6982383910 0.0899490756 0.3024135013 1.0868185268 0.6982383910 0.0628058978 0.7588584195 0.0003452161
0.4510000000 0.6982375944 0.0899490677 0.3024135018 1.0868197631 0.6982375944 0.0628058206 0.7588584169 0.0004013847
0.4520000000 0.6982367637 0.0899490609 0.3024135016 1.0868210498 0.6982367637 0.0628057412 0.7588584126 0.0004343581
0.4530000000 0.6982358953 0.0899490575 0.3024134995 1.0868223889 0.6982358953 0.0628056607 0.7588584037 0.0004179913
0.4540000000 0.6982349894 0.0899490546 0.3024134971 1.0868237847 0.6982349894 0.0628055772 0.7588583938 0.0004002540
0.4550000000 0.6982340468 0.0899490492 0.3024134959 1.0868252419 0.6982340468 0.0628054886 0.7588583868 0.0004232919
0.4560000000 0.6982330641 0.0899490422 0.3024134956 1.0868267638 0.6982330641 0.0628053954 0.7588583815 0.0004647015
0.4570000000 0.6982320364 0.0899490368 0.3024134944 1.0868283528 0.6982320364 0.0628052991 0.7588583740 0.0004809638
0.4580000000 0.6982309605 0.0899490332 0.3024134921 1.0868300128 0.6982309605 0.0628051999 0.7588583637 0.0004741508
0.4590000000 0.6982298356 0.0899490292 0.3024134900 1.0868317493 0.6982298356 0.0628050959 0.7588583537 0.0004791036
0.4600000000 0.6982286597 0.0899490235 0.3024134887 1.0868335677 0.6982286597 0.0628049861 0.7588583454 0.0005063687
0.4610000000 0.6982274282 0.0899490177 0.3024134875 1.0868354727 0.6982274282 0.0628048713 0.7588583369 0.0005327125
0.4620000000 0.6982261361 0.0899490130 0.3024134855 1.0868374691 0.6982261361 0.0628047518 0.7588583266 0.0005430761
0.4630000000 0.6982247801 0.0899490088 0.3024134833 1.0868395634 0.6982247801 0.0628046269 0.7588583151 0.0005503956
0.4640000000 0.6982233569 0.0899490039 0.3024134813 1.0868417630 0.6982233569 0.0628044955 0.7588583042 0.0005691764
0.4650000000 0.6982218619 0.0899489985 0.3024134797 1.0868440751 0.6982218619 0.0628043572 0.7588582936 0.0005938833
0.4660000000 0.6982202888 0.0899489933 0.3024134777 1.0868465071 0.6982202888 0.0628042121 0.7588582821 0.0006129224
0.4670000000 0.6982186322 0.0899489887 0.3024134754 1.0868490676 0.6982186322 0.0628040599 0.7588582694 0.0006276174
0.4680000000 0.6982168864 0.0899489839 0.3024134732 1.0868517666 0.6982168864 0.0628038995 0.7588582564 0.0006461913
0.4690000000 0.6982150450 0.0899489786 0.3024134711 1.0868546143 0.6982150450 0.0628037302 0.7588582434 0.0006693751
0.4700000000 0.6982131002 0.0899489734 0.3024134689 1.0868576221 0.6982131002 0.0628035516 0.7588582298 0.0006919688
0.4710000000 0.6982110437 0.0899489685 0.3024134665 1.0868608023 0.6982110437 0.0628033631 0.7588582152 0.0007128274
0.4720000000 0.6982088670 0.0899489634 0.3024134641 1.0868641690 0.6982088670 0.0628031639 0.7588582000 0.0007352451
0.4730000000 0.6982065601 0.0899489582 0.3024134617 1.0868677376 0.6982065601 0.0628029527 0.7588581843 0.0007604738
0.4740000000 0.6982041121 0.0899489529 0.3024134593 1.0868715249 0.6982041121 0.0628027288 0.7588581680 0.0007867724
0.4750000000 0.6982015105 0.0899489477 0.3024134567 1.0868755501 0.6982015105 0.0628024912 0.7588581508 0.0008134181
0.4760000000 0.6981987417 0.0899489425 0.3024134541 1.0868798343 0.6981987417 0.0628022384 0.7588581327 0.0008415601
0.4770000000 0.6981957905 0.0899489371 0.3024134514 1.0868844015 0.6981957905 0.0628019692 0.7588581138 0.0008717995
0.4780000000 0.6981926395 0.0899489317 0.3024134488 1.0868892782 0.6981926395 0.0628016820 0.7588580940 0.0009036616
0.4790000000 0.6981892692 0.0899489262 0.3024134460 1.0868944949 0.6981892692 0.0628013751 0.7588580731 0.0009371158
0.4800000000 0.6981856577 0.0899489207 0.3024134432 1.0869000856 0.6981856577 0.0628010464 0.7588580511 0.0009729571
0.4810000000 0.6981817797 0.0899489152 0.3024134403 1.0869060895 0.6981817797 0.0628006937 0.7588580279 0.0010120420
0.4820000000 0.6981776061 0.0899489095 0.3024134374 1.0869125517 0.6981776061 0.0628003143 0.7588580034 0.0010550356
0.4830000000 0.6981731032 0.0899489038 0.3024134344 1.0869195245 0.6981731032 0.0627999053 0.7588579774 0.0011029673
0.4840000000 0.6981682311 0.0899488980 0.3024134314 1.0869270699 0.6981682311 0.0627994630 0.7588579497 0.0011713041
0.4850000000 0.6981629371 0.0899488922 0.3024134283 1.0869352695 0.6981629371 0.0627989828 0.7588579202 0.0013354708
0.4860000000 0.6981571214 0.0899488863 0.3024134251 1.0869442782 0.6981571214 0.0627984555 0.7588578884 0.0017073168
0.4870000000 0.6981505695 0.0899488803 0.3024134219 1.0869544288 0.6981505695 0.0627978620 0.7588578535 0.0022964787
0.4880000000 0.6981428892 0.0899488742 0.3024134186 1.0869663296 0.6981428892 0.0627971669 0.7588578138 0.0029969231
0.4890000000 0.6981334581 0.0899488680 0.3024134153 1.0869809463 0.6981334581 0.0627963143 0.7588577670 0.0036877613
0.4900000000 0.6981213451 0.0899488618 0.3024134119 1.0869997236 0.6981213451 0.0627952204 0.7588577091 0.0042890285
0.4910000000 0.6981051811 0.0899488554 0.3024134085 1.0870247853 0.6981051811 0.0627937620 0.7588576347 0.0047659458
0.4920000000 0.6980829620 0.0899488490 0.3024134049 1.0870592421 0.6980829620 0.0627917589 0.7588575356 0.0051155410
0.4930000000 0.6980517618 0.0899488425 0.3024134014 1.0871076351 0.6980517618 0.0627889480 0.7588574000 0.0053518420
0.4940000000 0.6980073306 0.0899488358 0.3024133977 1.0871765632 0.6980073306 0.0627849468 0.7588572107 0.0054950142
0.4950000000 0.6979435356 0.0899488291 0.3024133940 1.0872755520 0.6979435356 0.0627792038 0.7588569429 0.0055651259
0.4960000000 0.6978516007 0.0899488223 0.3024133902 1.0874182425 0.6978516007 0.0627709296 0.7588565611 0.0055793790
0.4970000000 0.6977190832 0.0899488153 0.3024133864 1.0876239926 0.6977190832 0.0627590050 0.7588560150 0.0055513776
0.4980000000 0.6975285223 0.0899488083 0.3024133825 1.0879200056 0.6975285223 0.0627418593 0.7588552339 0.0054913677
0.4990000000 0.6972556849 0.0899488011 0.3024133785 1.0883441127 0.6972556849 0.0627173129 0.7588541198 0.0054068212
0.5000000000 0.6968673349 0.0899487939 0.3024133744 1.0889483553 0.6968673349 0.0626823763 0.7588525382 0.0053030577
0.5010000000 0.6963184600 0.0899487865 0.3024133703 1.0898035174 0.6963184600 0.0626330005 0.7588503070 0.0051837810
0.5020000000 0.6955489168 0.0899487790 0.3024133661 1.0910047656 0.6955489168 0.0625637758 0.7588471829 0.0050514981
0.5030000000 0.6944794970 0.0899487713 0.3024133619 1.0926785440 0.6944794970 0.0624675775 0.7588428456 0.0049078293
0.5040000000 0.6930074971 0.0899487636 0.3024133576 1.0949908662 0.6930074971 0.0623351675 0.7588368795 0.0047537252
0.5050000000 0.6910019827 0.0899487557 0.3024133532 1.0981571312 0.6910019827 0.0621547685 0.7588287550 0.0045896129
0.5060000000 0.6882990990 0.0899487477 0.3024133487 1.1024535847 0.6882990990 0.0619116420 0.7588178091 0.0044154836
0.5070000000 0.6846979845 0.0899487395 0.3024133442 1.1082305581 0.6846979845 0.0615877206 0.7588032294 0.0042309332
0.5080000000 0.6799581024 0.0899487312 0.3024133396 1.1159276434 0.6799581024 0.0611613686 0.7587840429 0.0040351571
0.5090000000 0.6737991118 0.0899487228 0.3024133350 1.1260909996 0.6737991118 0.0606073695 0.7587591153 0.0038268958
0.5100000000 0.6659047278 0.0899487142 0.3024133304 1.1393929727 0.6659047278 0.0598972740 0.7587271674 0.0036043110
0.5110000000 0.6559323743 0.0899487055 0.3024133257 1.1566540134 0.6559323743 0.0590002679 0.7586868132 0.0033647518
0.5120000000 0.6435307687 0.0899486966 0.3024133211 1.1788661377 0.6435307687 0.0578847539 0.7586366318 0.0031043088
0.5130000000 0.6283679464 0.0899486876 0.3024133164 1.2072151111 0.6283679464 0.0565208721 0.7585752802 0.0028168960
0.5140000000 0.6101728126 0.0899486784 0.3024133118 1.2430931800 0.6101728126 0.0548842381 0.7585016619 0.0024923034
0.5150000000 0.5887946837 0.0899486691 0.3024133073 1.2880808682 0.5887946837 0.0529612982 0.7584151674 0.0021108095
0.5160000000 0.5642906675 0.0899486596 0.3024133029 1.3438393924 0.5642906675 0.0507571892 0.7583160277 0.0014879627
0.5170000000 0.5373113288 0.0899486500 0.3024132985 1.4111127647 0.5373113288 0.0483304287 0.7582068747 0.0000755470
0.5180000000 0.5101943558 0.0899486403 0.3024132943 1.4858987691 0.5101943558 0.0458912886 0.7580971654 0.0009106725
0.5190000000 0.4846228314 0.0899486304 0.3024132903 1.5640899668 0.4846228314 0.0435911599 0.7579937083 0.0014740545
0.5200000000 0.4613714314 0.0899486203 0.3024132864 1.6427103757 0.4613714314 0.0414997237 0.7578996375 0.0018972085
0.5210000000 0.4408010496 0.0899486102 0.3024132826 1.7191801457 0.4408010496 0.0396494418 0.7578164126 0.0022476459
0.5220000000 0.4230113959 0.0899485999 0.3024132789 1.7913097484 0.4230113959 0.0380492828 0.7577444372 0.0025523383
0.5230000000 0.4079279675 0.0899485895 0.3024132753 1.8573951040 0.4079279675 0.0366925453 0.7576834096 0.0028250100
0.5240000000 0.3953638663 0.0899485790 0.3024132717 1.9162918982 0.3953638663 0.0355624180 0.7576325738 0.0030737143
0.5250000000 0.3850664652 0.0899485684 0.3024132682 1.9674289408 0.3850664652 0.0346361773 0.7575909078 0.0033036395
0.5260000000 0.3767524727 0.0899485576 0.3024132647 2.0107559218 0.3767524727 0.0338883415 0.7575572655 0.0035183565
0.5270000000 0.3701333792 0.0899485468 0.3024132612 2.0466418926 0.3701333792 0.0332929596 0.7575304797 0.0037204497
0.5280000000 0.3649329038 0.0899485357 0.3024132577 2.0757498837 0.3649329038 0.0328251803 0.7575094327 0.0039118665
0.5290000000 0.3608979612 0.0899485246 0.3024132542 2.0989121086 0.3608979612 0.0324622391 0.7574931007 0.0040941260
0.5300000000 0.3578045837 0.0899485134 0.3024132506 2.1170231238 0.3578045837 0.0321839904 0.7574805776 0.0042684522
0.5310000000 0.3554601043 0.0899485020 0.3024132470 2.1309594937 0.3554601043 0.0319731039 0.7574710839 0.0044358634
0.5320000000 0.3537027252 0.0899484905 0.3024132434 2.1415270824 0.3537027252 0.0318150262 0.7574639652 0.0045972381
0.5330000000 0.3523994028 0.0899484788 0.3024132397 2.1494323690 0.3523994028 0.0316977902 0.7574586832 0.0047533664
0.5340000000 0.3514427733 0.0899484670 0.3024132359 2.1552720987 0.3514427733 0.0316117387 0.7574548036 0.0049049951
0.5350000000 0.3507476597 0.0899484551 0.3024132321 2.1595353834 0.3507476597 0.0315492101 0.7574519817 0.0050528734
0.5360000000 0.3502475357 0.0899484430 0.3024132283 2.1626132129 0.3502475357 0.0315042205 0.7574499485 0.0051978037
0.5370000000 0.3498911906 0.0899484308 0.3024132244 2.1648115672 0.3498911906 0.0314721636 0.7574484968 0.0053407057
0.5380000000 0.3496397350 0.0899484185 0.3024132204 2.1663655284 0.3496397350 0.0314495412 0.7574474692 0.0054827018
0.5390000000 0.3494640112 0.0899484060 0.3024132163 2.1674527951 0.3494640112 0.0314337307 0.7574467478 0.0056252399
0.5400000000 0.3493424216 0.0899483933 0.3024132122 2.1682057443 0.3493424216 0.0314227895 0.7574462452 0.0057702730
0.5410000000 0.3492591519 0.0899483805 0.3024132080 2.1687216880 0.3492591519 0.0314152951 0.7574458975 0.0059205325
0.5420000000 0.3492027496 0.0899483675 0.3024132037 2.1690712893 0.3492027496 0.0314102172 0.7574456582 0.0060799536
0.5430000000 0.3491650082 0.0899483543 0.3024131994 2.1693052756 0.3491650082 0.0314068179 0.7574454943 0.0062543554
0.5440000000 0.3491401072 0.0899483410 0.3024131950 2.1694596712 0.3491401072 0.0314045734 0.7574453821 0.0064525638
0.5450000000 0.3491239587 0.0899483275 0.3024131905 2.1695597974 0.3491239587 0.0314031162 0.7574453051 0.0066883115
0.5460000000 0.3491137192 0.0899483139 0.3024131859 2.1696232783 0.3491137192 0.0314021904 0.7574452519 0.0069836063
0.5470000000 0.3491074286 0.0899483000 0.3024131813 2.1696622655 0.3491074286 0.0314016197 0.7574452144 0.0073758839
0.5480000000 0.3491037480 0.0899482860 0.3024131765 2.1696850620 0.3491037480 0.0314012838 0.7574451872 0.0079354704
0.5490000000 0.3491017713 0.0899482717 0.3024131717 2.1696972889 0.3491017713 0.0314011010 0.7574451667 0.0087907299
0.5500000000 0.3491008885 0.0899482573 0.3024131668 2.1697027288 0.3491008885 0.0314010165 0.7574451505 0.0101216602
0.5510000000 0.3491006861 0.0899482427 0.3024131619 2.1697039476 0.3491006861 0.0314009932 0.7574451367 0.0103429547
0.5520000000 0.3491009847 0.0899482279 0.3024131568 2.1697020574 0.3491009847 0.0314010149 0.7574451248 0.0072250677
0.5530000000 0.3491017700 0.0899482128 0.3024131516 2.1696971474 0.3491017700 0.0314010803 0.7574451146 0.0040198653
0.5540000000 0.3491029397 0.0899481976 0.3024131464 2.1696898523 0.3491029397 0.0314011802 0.7574451058 0.0011534125
0.5550000000 0.3491042397 0.0899481822 0.3024131411 2.1696817484 0.3491042397 0.0314012918 0.7574450972 0.0003347345
0.5560000000 0.3491055015 0.0899481665 0.3024131356 2.1696738806 0.3491055015 0.0314013998 0.7574450883 0.0006331094
0.5570000000 0.3491066929 0.0899481507 0.3024131301 2.1696664495 0.3491066929 0.0314015014 0.7574450788 0.0006857435
0.5580000000 0.3491078110 0.0899481346 0.3024131245 2.1696594717 0.3491078110 0.0314015964 0.7574450688 0.0006787614
0.5590000000 0.3491088598 0.0899481182 0.3024131188 2.1696529236 0.3491088598 0.0314016850 0.7574450583 0.0006556773
0.5600000000 0.3491098444 0.0899481016 0.3024131130 2.1696467728 0.3491098444 0.0314017678 0.7574450472 0.0006288209
0.5610000000 0.3491107699 0.0899480848 0.3024131071 2.1696409876 0.3491107699 0.0314018451 0.7574450356 0.0006017301
0.5620000000 0.3491116412 0.0899480677 0.3024131011 2.1696355385 0.3491116412 0.0314019175 0.7574450236 0.0005754642
0.5630000000 0.3491124624 0.0899480504 0.3024130949 2.1696303988 0.3491124624 0.0314019854 0.7574450110 0.0005504835
0.5640000000 0.3491132375 0.0899480328 0.3024130887 2.1696255444 0.3491132375 0.0314020489 0.7574449980 0.0005271374
0.5650000000 0.3491139700 0.0899480149 0.3024130824 2.1696209537 0.3491139700 0.0314021086 0.7574449846 0.0005056625
0.5660000000 0.3491146629 0.0899479968 0.3024130759 2.1696166078 0.3491146629 0.0314021646 0.7574449707 0.0004860355
0.5670000000 0.3491153190 0.0899479783 0.3024130693 2.1696124895 0.3491153190 0.0314022172 0.7574449563 0.0004679085
0.5680000000 0.3491159407 0.0899479596 0.3024130627 2.1696085836 0.3491159407 0.0314022665 0.7574449415 0.0004507509
0.5690000000 0.3491165302 0.0899479406 0.3024130558 2.1696048764 0.3491165302 0.0314023129 0.7574449263 0.0004340997
0.5700000000 0.3491170896 0.0899479213 0.3024130489 2.1696013550 0.3491170896 0.0314023565 0.7574449106 0.0004177055
0.5710000000 0.3491176208 0.0899479017 0.3024130419 2.1695980074 0.3491176208 0.0314023974 0.7574448945 0.0004014830
0.5720000000 0.3491181257 0.0899478817 0.3024130347 2.1695948226 0.3491181257 0.0314024359 0.7574448780 0.0003853994
0.5730000000 0.3491186059 0.0899478615 0.3024130274 2.1695917898 0.3491186059 0.0314024720 0.7574448610 0.0003695272
0.5740000000 0.3491190629 0.0899478408 0.3024130199 2.1695888994 0.3491190629 0.0314025059 0.7574448435 0.0003541129
0.5750000000 0.3491194984 0.0899478199 0.3024130123 2.1695861421 0.3491194984 0.0314025378 0.7574448257 0.0003394665
0.5760000000 0.3491199136 0.0899477987 0.3024130046 2.1695835096 0.3491199136 0.0314025677 0.7574448074 0.0003256441
0.5770000000 0.3491203097 0.0899477770 0.3024129967 2.1695809941 0.3491203097 0.0314025958 0.7574447886 0.0003123804
0.5780000000 0.3491206880 0.0899477550 0.3024129887 2.1695785883 0.3491206880 0.0314026221 0.7574447694 0.0002995184
0.5790000000 0.3491210495 0.0899477326 0.3024129805 2.1695762857 0.3491210495 0.0314026468 0.7574447497 0.0002873402
0.5800000000 0.3491213951 0.0899477098 0.3024129722 2.1695740804 0.3491213951 0.0314026699 0.7574447297 0.0002762068
0.5810000000 0.3491217258 0.0899476867 0.3024129638 2.1695719666 0.3491217258 0.0314026916 0.7574447091 0.0002658817
0.5820000000 0.3491220423 0.0899476632 0.3024129551 2.1695699391 0.3491220423 0.0314027119 0.7574446881 0.0002555898
0.5830000000 0.3491223455 0.0899476391 0.3024129463 2.1695679931 0.3491223455 0.0314027307 0.7574446665 0.0002450981
0.5840000000 0.3491226361 0.0899476147 0.3024129373 2.1695661241 0.3491226361 0.0314027483 0.7574446444 0.0002352655
0.5850000000 0.3491229148 0.0899475899 0.3024129282 2.1695643281 0.3491229148 0.0314027648 0.7574446220 0.0002269630
0.5860000000 0.3491231821 0.0899475648 0.3024129189 2.1695626011 0.3491231821 0.0314027800 0.7574445991 0.0002195919
0.5870000000 0.3491234387 0.0899475390 0.3024129094 2.1695609394 0.3491234387 0.0314027941 0.7574445756 0.0002114491
0.5880000000 0.3491236850 0.0899475127 0.3024128997 2.1695593395 0.3491236850 0.0314028071 0.7574445514 0.0002020861
0.5890000000 0.3491239216 0.0899474859 0.3024128898 2.1695577984 0.3491239216 0.0314028190 0.7574445268 0.0001934739
0.5900000000 0.3491241491 0.0899474589 0.3024128798 2.1695563134 0.3491241491 0.0314028301 0.7574445019 0.0001876713
0.5910000000 0.3491243679 0.0899474315 0.3024128696 2.1695548814 0.3491243679 0.0314028402 0.7574444765 0.0001835601
0.5920000000 0.3491245781 0.0899474033 0.3024128592 2.1695534997 0.3491245781 0.0314028492 0.7574444503 0.0001775122
0.5930000000 0.3491247803 0.0899473743 0.3024128484 2.1695521655 0.3491247803 0.0314028573 0.7574444232 0.0001681185
0.5940000000 0.3491249749 0.0899473447 0.3024128374 2.1695508772 0.3491249749 0.0314028645 0.7574443956 0.0001590259
0.5950000000 0.3491251624 0.0899473152 0.3024128264 2.1695496327 0.3491251624 0.0314028710 0.7574443679 0.0001550123
0.5960000000 0.3491253431 0.0899472854 0.3024128153 2.1695484300 0.3491253431 0.0314028769 0.7574443400 0.0001552325
0.5970000000 0.3491255170 0.0899472546 0.3024128038 2.1695472663 0.3491255170 0.0314028818 0.7574443110 0.0001527696
0.5980000000 0.3491256843 0.0899472224 0.3024127918 2.1695461397 0.3491256843 0.0314028856 0.7574442806 0.0001428388
0.5990000000 0.3491258454 0.0899471895 0.3024127794 2.1695450489 0.3491258454 0.0314028886 0.7574442494 0.0001302374
0.6000000000 0.3491260010 0.0899471568 0.3024127672 2.1695439932 0.3491260010 0.0314028912 0.7574442184 0.0001251780
0.6010000000 0.3491261514 0.0899471245 0.3024127551 2.1695429712 0.3491261514 0.0314028934 0.7574441878 0.0001305286
0.6020000000 0.3491262963 0.0899470912 0.3024127427 2.1695419803 0.3491262963 0.0314028948 0.7574441562 0.0001359614
0.6030000000 0.3491264356 0.0899470558 0.3024127294 2.1695410180 0.3491264356 0.0314028950 0.7574441224 0.0001285651
0.6040000000 0.3491265695 0.0899470185 0.3024127154 2.1695400834 0.3491265695 0.0314028940 0.7574440868 0.0001094146
0.6050000000 0.3491266990 0.0899469815 0.3024127014 2.1695391770 0.3491266990 0.0314028927 0.7574440513 0.0000956526
0.6060000000 0.3491268247 0.0899469458 0.3024126881 2.1695382988 0.3491268247 0.0314028916 0.7574440172 0.0001017452
0.6070000000 0.3491269462 0.0899469105 0.3024126748 2.1695374465 0.3491269462 0.0314028902 0.7574439834 0.0001203714
0.6080000000 0.3491270630 0.0899468726 0.3024126605 2.1695366168 0.3491270630 0.0314028874 0.7574439470 0.0001269986
0.6090000000 0.3491271747 0.0899468309 0.3024126448 2.1695358075 0.3491271747 0.0314028829 0.7574439069 0.0001065518
0.6100000000 0.3491272822 0.0899467875 0.3024126284 2.1695350195 0.3491272822 0.0314028775 0.7574438650 0.0000742042
0.6110000000 0.3491273868 0.0899467461 0.3024126128 2.1695342552 0.3491273868 0.0314028724 0.7574438251 0.0000630539
0.6120000000 0.3491274889 0.0899467077 0.3024125983 2.1695335146 0.3491274889 0.0314028682 0.7574437881 0.0000875429
0.6130000000 0.3491275877 0.0899466690 0.3024125837 2.1695327939 0.3491275877 0.0314028636 0.7574437508 0.0001233906
0.6140000000 0.3491276818 0.0899466253 0.3024125672 2.1695320884 0.3491276818 0.0314028568 0.7574437085 0.0001287576
0.6150000000 0.3491277709 0.0899465756 0.3024125484 2.1695313963 0.3491277709 0.0314028474 0.7574436603 0.0000883122
0.6160000000 0.3491278566 0.0899465244 0.3024125290 2.1695307210 0.3491278566 0.0314028373 0.7574436105 0.0000361502
0.6170000000 0.3491279410 0.0899464777 0.3024125113 2.1695300670 0.3491279410 0.0314028285 0.7574435651 0.0000257885
0.6180000000 0.3491280243 0.0899464364 0.3024124957 2.1695294346 0.3491280243 0.0314028216 0.7574435252 0.0000733617
0.6190000000 0.3491281050 0.0899463949 0.3024124800 2.1695288180 0.3491281050 0.0314028144 0.7574434850 0.0001364148
0.6200000000 0.3491281807 0.0899463454 0.3024124613 2.1695282100 0.3491281807 0.0314028039 0.7574434369 0.0001498854
0.6210000000 0.3491282508 0.0899462860 0.3024124387 2.1695276083 0.3491282508 0.0314027895 0.7574433789 0.0000885598
0.6220000000 0.3491283175 0.0899462235 0.3024124149 2.1695270184 0.3491283175 0.0314027737 0.7574433177 0.0000011852
0.6230000000 0.3491283842 0.0899461678 0.3024123937 2.1695264484 0.3491283842 0.0314027602 0.7574432633 0.0000292114
0.6240000000 0.3491284519 0.0899461223 0.3024123765 2.1695259009 0.3491284519 0.0314027504 0.7574432191 0.0000331360
0.6250000000 0.3491285185 0.0899460800 0.3024123605 2.1695253691 0.3491285185 0.0314027416 0.7574431780 0.0001400017
0.6260000000 0.3491285801 0.0899460282 0.3024123409 2.1695248416 0.3491285801 0.0314027291 0.7574431275 0.0001971727
0.6270000000 0.3491286347 0.0899459603 0.3024123150 2.1695243121 0.3491286347 0.0314027103 0.7574430609 0.0001417205
0.6280000000 0.3491286840 0.0899458821 0.3024122852 2.1695237854 0.3491286840 0.0314026875 0.7574429842 0.0000068105
0.6290000000 0.3491287330 0.0899458086 0.3024122571 2.1695232740 0.3491287330 0.0314026662 0.7574429120 0.0000939750
0.6300000000 0.3491287853 0.0899457510 0.3024122353 2.1695227877 0.3491287853 0.0314026508 0.7574428556 0.0000685629
0.6310000000 0.3491288402 0.0899457069 0.3024122185 2.1695223238 0.3491288402 0.0314026403 0.7574428126 0.0000722438
0.6320000000 0.3491288926 0.0899456603 0.3024122009 2.1695218680 0.3491288926 0.0314026288 0.7574427672 0.0002226999
0.6330000000 0.3491289372 0.0899455943 0.3024121757 2.1695214050 0.3491289372 0.0314026097 0.7574427025 0.0002600879
0.6340000000 0.3491289728 0.0899455045 0.3024121414 2.1695209308 0.3491289728 0.0314025816 0.7574426140 0.0001352114
0.6350000000 0.3491290035 0.0899454042 0.3024121031 2.1695204569 0.3491290035 0.0314025493 0.7574425152 0.0000675857
0.6360000000 0.3491290364 0.0899453153 0.3024120691 2.1695200019 0.3491290364 0.0314025213 0.7574424276 0.0001885342
0.6370000000 0.3491290757 0.0899452513 0.3024120447 2.1695195775 0.3491290757 0.0314025025 0.7574423648 0.0001281327
0.6380000000 0.3491291197 0.0899452062 0.3024120276 2.1695191782 0.3491291197 0.0314024907 0.7574423208 0.0000780732
0.6390000000 0.3491291611 0.0899451574 0.3024120091 2.1695187838 0.3491291611 0.0314024774 0.7574422731 0.0002901237
0.6400000000 0.3491291927 0.0899450814 0.3024119801 2.1695183735 0.3491291927 0.0314024537 0.7574421983 0.0003568889
0.6410000000 0.3491292121 0.0899449711 0.3024119379 2.1695179409 0.3491292121 0.0314024169 0.7574420894 0.0002066580
0.6420000000 0.3491292245 0.0899448423 0.3024118885 2.1695174996 0.3491292245 0.0314023730 0.7574419621 0.0000718998
0.6430000000 0.3491292389 0.0899447239 0.3024118432 2.1695170746 0.3491292389 0.0314023330 0.7574418452 0.0002774939
0.6440000000 0.3491292626 0.0899446380 0.3024118104 2.1695166854 0.3491292626 0.0314023052 0.7574417606 0.0002619450
0.6450000000 0.3491292953 0.0899445843 0.3024117900 2.1695163310 0.3491292953 0.0314022893 0.7574417079 0.0000283630
0.6460000000 0.3491293293 0.0899445379 0.3024117723 2.1695159898 0.3491293293 0.0314022762 0.7574416625 0.0002786469
0.6470000000 0.3491293540 0.0899444656 0.3024117447 2.1695156324 0.3491293540 0.0314022532 0.7574415913 0.0004736389
0.6480000000 0.3491293630 0.0899443469 0.3024116993 2.1695152405 0.3491293630 0.0314022125 0.7574414740 0.0004087690
0.6490000000 0.3491293585 0.0899441886 0.3024116386 2.1695148200 0.3491293585 0.0314021569 0.7574413174 0.0000939435
0.6500000000 0.3491293505 0.0899440226 0.3024115750 2.1695143988 0.3491293505 0.0314020982 0.7574411530 0.0002655916
0.6510000000 0.3491293510 0.0899438859 0.3024115226 2.1695140090 0.3491293510 0.0314020505 0.7574410178 0.0004380645
0.6520000000 0.3491293657 0.0899437973 0.3024114888 2.1695136669 0.3491293657 0.0314020209 0.7574409304 0.0002979354
0.6530000000 0.3491293907 0.0899437438 0.3024114684 2.1695133610 0.3491293907 0.0314020045 0.7574408779 0.0000686448
0.6540000000 0.3491294138 0.0899436869 0.3024114467 2.1695130575 0.3491294138 0.0314019867 0.7574408219 0.0004544500
0.6550000000 0.3491294220 0.0899435858 0.3024114080 2.1695127204 0.3491294220 0.0314019521 0.7574407221 0.0006292502
0.6560000000 0.3491294095 0.0899434220 0.3024113452 2.1695123333 0.3491294095 0.0314018938 0.7574405599 0.0004486692
0.6570000000 0.3491293817 0.0899432122 0.3024112647 2.1695119108 0.3491293817 0.0314018181 0.7574403520 0.0000261651
0.6580000000 0.3491293525 0.0899430007 0.3024111836 2.1695114916 0.3491293525 0.0314017416 0.7574401424 0.0003861266
0.6590000000 0.3491293361 0.0899428316 0.3024111188 2.1695111142 0.3491293361 0.0314016811 0.7574399750 0.0005580775
0.6600000000 0.3491293380 0.0899427227 0.3024110771 2.1695107940 0.3491293380 0.0314016432 0.7574398673 0.0003462498
0.6610000000 0.3491293516 0.0899426529 0.3024110504 2.1695105125 0.3491293516 0.0314016201 0.7574397986 0.0001245124
0.6620000000 0.3491293616 0.0899425738 0.3024110202 2.1695102271 0.3491293616 0.0314015934 0.7574397205 0.0005701227
0.6630000000 0.3491293531 0.0899424387 0.3024109684 2.1695098968 0.3491293531 0.0314015454 0.7574395868 0.0007202853
0.6640000000 0.3491293204 0.0899422292 0.3024108880 2.1695095053 0.3491293204 0.0314014694 0.7574393791 0.0004823727
0.6650000000 0.3491292704 0.0899419674 0.3024107875 2.1695090719 0.3491292704 0.0314013735 0.7574391195 0.0000221812
0.6660000000 0.3491292192 0.0899417036 0.3024106863 2.1695086407 0.3491292192 0.0314012768 0.7574388578 0.0003977702
0.6670000000 0.3491291817 0.0899414848 0.3024106023 2.1695082526 0.3491291817 0.0314011970 0.7574386409 0.0005601938
0.6680000000 0.3491291633 0.0899413281 0.3024105422 2.1695079226 0.3491291633 0.0314011406 0.7574384857 0.0003541182
0.6690000000 0.3491291568 0.0899412112 0.3024104974 2.1695076311 0.3491291568 0.0314010992 0.7574383700 0.0001078633
0.6700000000 0.3491291474 0.0899410863 0.3024104496 2.1695073360 0.3491291474 0.0314010548 0.7574382464 0.0005233063
0.6710000000 0.3491291207 0.0899409089 0.3024103815 2.1695069983 0.3491291207 0.0314009904 0.7574380706 0.0006619167
0.6720000000 0.3491290710 0.0899406606 0.3024102862 2.1695066018 0.3491290710 0.0314008993 0.7574378243 0.0004877977
0.6730000000 0.3491290034 0.0899403576 0.3024101699 2.1695061606 0.3491290034 0.0314007874 0.7574375237 0.0001410030
0.6740000000 0.3491289303 0.0899400387 0.3024100474 2.1695057087 0.3491289303 0.0314006695 0.7574372073 0.0001665703
0.6750000000 0.3491288630 0.0899397399 0.3024099327 2.1695052774 0.3491288630 0.0314005591 0.7574369108 0.0002808074
0.6760000000 0.3491288060 0.0899394748 0.3024098309 2.1695048787 0.3491288060 0.0314004615 0.7574366478 0.0001679675
0.6770000000 0.3491287551 0.0899392308 0.3024097372 2.1695045013 0.3491287551 0.0314003717 0.7574364057 0.0000644288
0.6780000000 0.3491287022 0.0899389816 0.3024096416 2.1695041224 0.3491287022 0.0314002799 0.7574361586 0.0002377228
0.6790000000 0.3491286408 0.0899387072 0.3024095362 2.1695037241 0.3491286408 0.0314001786 0.7574358864 0.0002400524
0.6800000000 0.3491285705 0.0899384064 0.3024094207 2.1695033054 0.3491285705 0.0314000672 0.7574355878 0.0000881854
0.6810000000 0.3491284969 0.0899380960 0.3024093015 2.1695028810 0.3491284969 0.0313999523 0.7574352798 0.0000952876
0.6820000000 0.3491284266 0.0899377976 0.3024091870 2.1695024697 0.3491284266 0.0313998418 0.7574349837 0.0001607046
0.6830000000 0.3491283622 0.0899375192 0.3024090801 2.1695020785 0.3491283622 0.0313997388 0.7574347075 0.0000097927
0.6840000000 0.3491282985 0.0899372441 0.3024089744 2.1695016926 0.3491282985 0.0313996370 0.7574344345 0.0003361194
0.6850000000 0.3491282228 0.0899369325 0.3024088548 2.1695012772 0.3491282228 0.0313995214 0.7574341253 0.0007387904
0.6860000000 0.3491281194 0.0899365348 0.3024087020 2.1695007887 0.3491281194 0.0313993733 0.7574337304 0.0010158052
0.6870000000 0.3491279753 0.0899360099 0.3024085003 2.1695001910 0.3491279753 0.0313991770 0.7574332091 0.0010260164
0.6880000000 0.3491277869 0.0899353464 0.3024082454 2.1694994742 0.3491277869 0.0313989285 0.7574325502 0.0007253062
0.6890000000 0.3491275650 0.0899345782 0.3024079501 2.1694986677 0.3491275650 0.0313986403 0.7574317871 0.0001775829
0.6900000000 0.3491273338 0.0899337821 0.3024076442 2.1694978391 0.3491273338 0.0313983416 0.7574309963 0.0004793650
0.6910000000 0.3491271241 0.0899330545 0.3024073646 2.1694970726 0.3491271241 0.0313980687 0.7574302736 0.0011488228
0.6920000000 0.3491269642 0.0899324855 0.3024071460 2.1694964471 0.3491269642 0.0313978556 0.7574297085 0.0017618309
0.6930000000 0.3491268748 0.0899321394 0.3024070130 2.1694960191 0.3491268748 0.0313977268 0.7574293649 0.0021807292
0.6940000000 0.3491268625 0.0899320380 0.3024069742 2.1694958075 0.3491268625 0.0313976903 0.7574292646 0.0018666805
0.6950000000 0.3491269151 0.0899321419 0.3024070143 2.1694957779 0.3491269151 0.0313977313 0.7574293682 0.0007957455
0.6960000000 0.3491269981 0.0899323429 0.3024070916 2.1694958353 0.3491269981 0.0313978089 0.7574295684 0.0004278936
0.6970000000 0.3491270665 0.0899324988 0.3024071517 2.1694958550 0.3491270665 0.0313978695 0.7574297237 0.0016270797
0.6980000000 0.3491270794 0.0899324804 0.3024071447 2.1694957238 0.3491270794 0.0313978642 0.7574297058 0.0024589648
0.6990000000 0.3491270067 0.0899321932 0.3024070344 2.1694953587 0.3491270067 0.0313977574 0.7574294207 0.0023435232
0.7000000000 0.3491268397 0.0899316093 0.3024068101 2.1694947353 0.3491268397 0.0313975385 0.7574288407 0.0014800527
0.7010000000 0.3491266042 0.0899308102 0.3024065030 2.1694939251 0.3491266042 0.0313972384 0.7574280470 0.0001205312
0.7020000000 0.3491263609 0.0899299872 0.3024061867 2.1694930956 0.3491263609 0.0313969292 0.7574272294 0.0015888540
0.7030000000 0.3491261875 0.0899293858 0.3024059556 2.1694924620 0.3491261875 0.0313967036 0.7574266321 0.0044495239
0.7040000000 0.3491261791 0.0899293054 0.3024059248 2.1694922866 0.3491261791 0.0313966748 0.7574265525 0.0075982060
0.7050000000 0.3491264893 0.0899302308 0.3024062807 2.1694929942 0.3491264893 0.0313970257 0.7574274725 0.0082982797
0.7060000000 0.3491273910 0.0899330228 0.3024073542 2.1694953396 0.3491273910 0.0313980816 0.7574302477 0.0082296556
0.7070000000 0.3491293077 0.0899390171 0.3024096589 2.1695004933 0.3491293077 0.0314003468 0.7574362054 0.0076427212
0.7080000000 0.3491328125 0.0899500209 0.3024138896 2.1695100395 0.3491328125 0.0314045038 0.7574471418 0.0066872610
0.7090000000 0.3491385341 0.0899680176 0.3024208089 2.1695257170 0.3491385341 0.0314113018 0.7574650285 0.0054454800
0.7100000000 0.3491469314 0.0899944541 0.3024309733 2.1695487945 0.3491469314 0.0314212875 0.7574913042 0.0039852902
0.7110000000 0.3491579889 0.0900292809 0.3024443641 2.1695792292 0.3491579889 0.0314344427 0.7575259205 0.0024059234
0.7120000000 0.3491710333 0.0900703740 0.3024601649 2.1696151602 0.3491710333 0.0314499656 0.7575667674 0.0008638716
0.7130000000 0.3491848946 0.0901140427 0.3024769569 2.1696533524 0.3491848946 0.0314664625 0.7576101773 0.0004386810
0.7140000000 0.3491983856 0.0901565428 0.3024933002 2.1696905234 0.3491983856 0.0314825192 0.7576524280 0.0014428181
0.7150000000 0.3492106535 0.0901951852 0.3025081608 2.1697243153 0.3492106535 0.0314971196 0.7576908461 0.0021801657
0.7160000000 0.3492212558 0.0902285747 0.3025210017 2.1697535041 0.3492212558 0.0315097362 0.7577240436 0.0024622896
0.7170000000 0.3492302227 0.0902568069 0.3025318597 2.1697781732 0.3492302227 0.0315204048 0.7577521147 0.0017443337
0.7180000000 0.3492381583 0.0902817870 0.3025414672 2.1697999927 0.3492381583 0.0315298450 0.7577769533 0.0002554446
0.7190000000 0.3492461958 0.0903070889 0.3025511987 2.1698220964 0.3492461958 0.0315394073 0.7578021128 0.0025785797
0.7200000000 0.3492557410 0.0903371451 0.3025627591 2.1698483713 0.3492557410 0.0315507665 0.7578320008 0.0044547182
0.7210000000 0.3492686176 0.0903777055 0.3025783603 2.1698838609 0.3492686176 0.0315660963 0.7578723365 0.0056519691
0.7220000000 0.3492874266 0.0904369707 0.3026011573 2.1699357591 0.3492874266 0.0315884968 0.7579312773 0.0062277468
0.7230000000 0.3493159262 0.0905267868 0.3026357088 2.1700144615 0.3493159262 0.0316224484 0.7580206114 0.0063453662
0.7240000000 0.3493593586 0.0906636749 0.3026883750 2.1701344727 0.3493593586 0.0316742033 0.7581567874 0.0061627824
0.7250000000 0.3494246323 0.0908693977 0.3027675392 2.1703149142 0.3494246323 0.0317520059 0.7583614909 0.0057977150
0.7260000000 0.3495202528 0.0911707296 0.3028835266 2.1705793425 0.3495202528 0.0318660165 0.7586614406 0.0053299972
0.7270000000 0.3496559290 0.0915981966 0.3030481306 2.1709546737 0.3496559290 0.0320278525 0.7590871733 0.0048127032
0.7280000000 0.3498418598 0.0921838009 0.3032737524 2.1714692288 0.3498418598 0.0322497523 0.7596708335 0.0042816341
0.7290000000 0.3500878074 0.0929580682 0.3035722831 2.1721501909 0.3500878074 0.0325434863 0.7604432976 0.0037613866
0.7300000000 0.3504021443 0.0939470145 0.3039539526 2.1730209864 0.3504021443 0.0329192353 0.7614312134 0.0032687913
0.7310000000 0.3507910783 0.0951696845 0.3044263925 2.1740991517 0.3507910783 0.0333846762 0.7626545857 0.0028148185
0.7320000000 0.3512582059 0.0966367453 0.3049940954 2.1753950970 0.3512582059 0.0339444498 0.7641253790 0.0024057595
0.7330000000 0.3518044471 0.0983502978 0.3056583309 2.1769119103 0.3518044471 0.0346000721 0.7658472909 0.0020441460
0.7340000000 0.3524283093 0.1003047481 0.3064174606 2.1786460655 0.3524283093 0.0353502328 0.7678165495 0.0017296016
0.7350000000 0.3531263715 0.1024883741 0.3072675157 2.1805887283 0.3531263715 0.0361913477 0.7700233854 0.0014596626
0.7360000000 0.3538938559 0.1048851755 0.3082028836 2.1827273112 0.3538938559 0.0371182192 0.7724537845 0.0012305314
0.7370000000 0.3547251843 0.1074766642 0.3092169751 2.1850469853 0.3547251843 0.0381246795 0.7750911945 0.0010377132
0.7380000000 0.3556144498 0.1102433789 0.3103027914 2.1875319669 0.3556144498 0.0392041385 0.7779179769 0.0008765073
0.7390000000 0.3565557758 0.1131660336 0.3114533561 2.1901664989 0.3565557758 0.0403500029 0.7809165151 0.0007423509
0.7400000000 0.3575435614 0.1162262991 0.3126620119 2.1929355256 0.3575435614 0.0415559649 0.7840699778 0.0006310330
0.7410000000 0.3585726304 0.1194072713 0.3139226008 2.1958251041 0.3585726304 0.0428161793 0.7873627835 0.0005388034
0.7420000000 0.3596383044 0.1226936975 0.3152295536 2.1988226104 0.3596383044 0.0441253533 0.7907808354 0.0004624093
0.7430000000 0.3607364233 0.1260720329 0.3165779163 2.2019168016 0.3607364233 0.0454787742 0.7943115915 0.0003990846
0.7440000000 0.3618633310 0.1295303870 0.3179633341 2.2050977822 0.3618633310 0.0468722973 0.7979440286 0.0003465099
0.7450000000 0.3630158409 0.1330584051 0.3193820114 2.2083569156 0.3630158409 0.0483023088 0.8016685426 0.0003027613
0.7460000000 0.3641911914 0.1366471200 0.3208306593 2.2116867065 0.3641911914 0.0497656774 0.8054768166 0.0002662549
0.7470000000 0.3653869978 0.1402887926 0.3223064386 2.2150806737 0.3653869978 0.0512597008 0.8093616773 0.0002356936
0.7480000000 0.3666012052 0.1439767561 0.3238069037 2.2185332239 0.3666012052 0.0527820523 0.8133169537 0.0002100182
0.7490000000 0.3678320439 0.1477052710 0.3253299502 2.2220395333 0.3678320439 0.0543307317 0.8173373432 0.0001883656
0.7500000000 0.3690779898 0.1514693946 0.3268737670 2.2255954411 0.3690779898 0.0559040197 0.8214182916 0.0001700328
0.7510000000 0.3703377290 0.1552648655 0.3284367947 2.2291973539 0.3703377290 0.0575004377 0.8255558856 0.0001544471
0.7520000000 0.3716101270 0.1590880034 0.3300176884 2.2328421635 0.3716101270 0.0591187131 0.8297467600 0.0001411414
0.7530000000 0.3728942022 0.1629356231 0.3316152864 2.2365271755 0.3728942022 0.0607577492 0.8339880168 0.0001297336
0.7540000000 0.3741891033 0.1668049611 0.3332285830 2.2402500480 0.3741891033 0.0624165988 0.8382771567 0.0001199114
0.7550000000 0.3754940902 0.1706936126 0.3348567056 2.2440087398 0.3754940902 0.0640944428 0.8426120201 0.0001114180
0.7560000000 0.3768085172 0.1745994791 0.3364988951 2.2478014662 0.3768085172 0.0657905708 0.8469907374 0.0001040420
0.7570000000 0.3781318198 0.1785207233 0.3381544891 2.2516266616 0.3781318198 0.0675043660 0.8514116870 0.0000976089
0.7580000000 0.3794635024 0.1824557313 0.3398229084 2.2554829477 0.3794635024 0.0692352908 0.8558734588 0.0000919741
0.7590000000 0.3808031287 0.1864030806 0.3415036445 2.2593691066 0.3808031287 0.0709828763 0.8603748246 0.0000870174
0.7600000000 0.3821503133 0.1903615130 0.3431962500 2.2632840584 0.3821503133 0.0727467118 0.8649147121 0.0000826385
0.7610000000 0.3835047146 0.1943299117 0.3449003299 2.2672268414 0.3835047146 0.0745264373 0.8694921827 0.0000787536
0.7620000000 0.3848660284 0.1983072816 0.3466155342 2.2711965961 0.3848660284 0.0763217359 0.8741064136 0.0000752919
0.7630000000 0.3862339832 0.2022927332 0.3483415521 2.2751925507 0.3862339832 0.0781323281 0.8787566815 0.0000721942
0.7640000000 0.3876083358 0.2062854678 0.3500781063 2.2792140097 0.3876083358 0.0799579669 0.8834423491 0.0000694100
0.7650000000 0.3889888669 0.2102847660 0.3518249487 2.2832603434 0.3889888669 0.0817984329 0.8881628539 0.0000668969
0.7660000000 0.3903753789 0.2142899772 0.3535818564 2.2873309789 0.3903753789 0.0836535310 0.8929176975 0.0000646182
0.7670000000 0.3917676921 0.2183005105 0.3553486284 2.2914253930 0.3917676921 0.0855230872 0.8977064378 0.0000625428
0.7680000000 0.3931656430 0.2223158273 0.3571250830 2.2955431054 0.3931656430 0.0874069452 0.9025286811 0.0000606441
0.7690000000 0.3945690820 0.2263354344 0.3589110547 2.2996836728 0.3945690820 0.0893049646 0.9073840756 0.0000588988
0.7700000000 0.3959778714 0.2303588787 0.3607063924 2.3038466845 0.3959778714 0.0912170185 0.9122723061 0.0000572871
0.7710000000 0.3973918842 0.2343857417 0.3625109577 2.3080317574 0.3973918842 0.0931429915 0.9171930889 0.0000557915
0.7720000000 0.3988110025 0.2384156353 0.3643246227 2.3122385329 0.3988110025 0.0950827785 0.9221461673 0.0000543968
0.7730000000 0.4002351162 0.2424481982 0.3661472688 2.3164666730 0.4002351162 0.0970362828 0.9271313080 0.0000530897
0.7740000000 0.4016641220 0.2464830920 0.3679787855 2.3207158578 0.4016641220 0.0990034147 0.9321482975 0.0000518584
0.7750000000 0.4030979227 0.2505199987 0.3698190688 2.3249857823 0.4030979227 0.1009840911 0.9371969392 0.0000506924
0.7760000000 0.4045364259 0.2545586178 0.3716680208 2.3292761544 0.4045364259 0.1029782334 0.9422770505 0.0000495824
0.7770000000 0.4059795434 0.2585986639 0.3735255482 2.3335866926 0.4059795434 0.1049857675 0.9473884600 0.0000485198
0.7780000000 0.4074271907 0.2626398644 0.3753915615 2.3379171242 0.4074271907 0.1070066221 0.9525310060 0.0000474971
0.7790000000 0.4088792860 0.2666819579 0.3772659743 2.3422671830 0.4088792860 0.1090407285 0.9577045334 0.0000465072
0.7800000000 0.4103357498 0.2707246920 0.3791487029 2.3466366081 0.4103357498 0.1110880195 0.9629088921 0.0000455436
0.7810000000 0.4117965044 0.2747678219 0.3810396646 2.3510251422 0.4117965044 0.1131484286 0.9681439352 0.0000446003
0.7820000000 0.4132614731 0.2788111089 0.3829387783 2.3554325298 0.4132614731 0.1152218896 0.9734095171 0.0000436717
0.7830000000 0.4147305801 0.2828543184 0.3848459627 2.3598585159 0.4147305801 0.1173083355 0.9787054913 0.0000427520
0.7840000000 0.4162037496 0.2868972192 0.3867611364 2.3643028448 0.4162037496 0.1194076984 0.9840317092 0.0000418362
0.7850000000 0.4176809055 0.2909395818 0.3886842170 2.3687652581 0.4176809055 0.1215199080 0.9893880180 0.0000409191
0.7860000000 0.4191619710 0.2949811770 0.3906151205 2.3732454939 0.4191619710 0.1236448916 0.9947742590 0.0000399954
0.7870000000 0.4206468680 0.2990217748 0.3925537606 2.3777432850 0.4206468680 0.1257825730 1.0001902656 0.0000390601
0.7880000000 0.4221355164 0.3030611430 0.3945000483 2.3822583574 0.4221355164 0.1279328721 1.0056358620 0.0000381077
0.7890000000 0.4236278343 0.3070990459 0.3964538909 2.3867904290 0.4236278343 0.1300957038 1.0111108605 0.0000371329
0.7900000000 0.4251237366 0.3111352429 0.3984151913 2.3913392078 0.4251237366 0.1322709771 1.0166150596 0.0000361299
0.7910000000 0.4266231351 0.3151694871 0.4003838476 2.3959043900 0.4266231351 0.1344585946 1.0221482422 0.0000350928
0.7920000000 0.4281259373 0.3192015237 0.4023597519 2.4004856588 0.4281259373 0.1366584515 1.0277101727 0.0000340150
0.7930000000 0.4296320466 0.3232310886 0.4043427896 2.4050826817 0.4296320466 0.1388704341 1.0333005947 0.0000328897
0.7940000000 0.4311413606 0.3272579068 0.4063328383 2.4096951087 0.4311413606 0.1410944192 1.0389192279 0.0000317092
0.7950000000 0.4326537714 0.3312816902 0.4083297671 2.4143225700 0.4326537714 0.1433302727 1.0445657652 0.0000304653
0.7960000000 0.4341691638 0.3353021357 0.4103334350 2.4189646730 0.4341691638 0.1455778479 1.0502398693 0.0000291488
0.7970000000 0.4356874150 0.3393189234 0.4123436901 2.4236210000 0.4356874150 0.1478369846 1.0559411684 0.0000277494
0.7980000000 0.4372083934 0.3433317134 0.4143603675 2.4282911044 0.4372083934 0.1501075068 1.0616692524 0.0000262558
0.7990000000 0.4387319575 0.3473401439 0.4163832884 2.4329745074 0.4387319575 0.1523892212 1.0674236680 0.0000246550
0.8000000000 0.4402579543 0.3513438275 0.4184122580 2.4376706938 0.4402579543 0.1546819148 1.0732039130 0.0000229324
0.8010000000 0.4417862186 0.3553423481 0.4204470633 2.4423791074 0.4417862186 0.1569853523 1.0790094301 0.0000210713
0.8020000000 0.4433165703 0.3593352567 0.4224874711 2.4470991457 0.4433165703 0.1592992736 1.0848396004 0.0000190526
0.8030000000 0.4448488133 0.3633220674 0.4245332249 2.4518301540 0.4448488133 0.1616233906 1.0906937345 0.0000168541
0.8040000000 0.4463827332 0.3673022518 0.4265840424 2.4565714182 0.4463827332 0.1639573831 1.0965710640 0.0000144503
0.8050000000 0.4479180945 0.3712752333 0.4286396114 2.4613221569 0.4479180945 0.1663008950 1.1024707304 0.0000118115
0.8060000000 0.4494546378 0.3752403802 0.4306995862 2.4660815123 0.4494546378 0.1686535291 1.1083917728 0.0000089026
0.8070000000 0.4509920765 0.3791969979 0.4327635825 2.4708485393 0.4509920765 0.1710148415 1.1143331135 0.0000056827
0.8080000000 0.4525300930 0.3831443194 0.4348311719 2.4756221927 0.4525300930 0.1733843345 1.1202935411 0.0000021036
0.8090000000 0.4540683337 0.3870814945 0.4369018754 2.4804013123 0.4540683337 0.1757614492 1.1262716907 0.0000018871
0.8100000000 0.4556064042 0.3910075773 0.4389751561 2.4851846047 0.4556064042 0.1781455563 1.1322660214 0.0000063459
0.8110000000 0.4571438640 0.3949215158 0.4410504123 2.4899706313 0.4571438640 0.1805359477 1.1382747958 0.0000113448
0.8120000000 0.4586802202 0.3988221361 0.4431269679 2.4947577850 0.4586802202 0.1829318252 1.1442960503 0.0000169753
0.8130000000 0.4602149186 0.4027081221 0.4452040605 2.4995442633 0.4602149186 0.1853322856 1.1503275596 0.0000233449
0.8140000000 0.4617473341 0.4065779933 0.4472808279 2.5043280370 0.4617473341 0.1877363045 1.1563667947 0.0000305797
0.8150000000 0.4632767596 0.4104300783 0.4493562918 2.5091068143 0.4632767596 0.1901427167 1.1624108744 0.0000388279
0.8160000000 0.4648023932 0.4142624848 0.4514293398 2.5138779996 0.4648023932 0.1925501944 1.1684565105 0.0000482628
0.8170000000 0.4663233232 0.4180730659 0.4534987047 2.5186386461 0.4663233232 0.1949572214 1.1744999434 0.0000590867
0.8180000000 0.4678385113 0.4218593806 0.4555629404 2.5233854024 0.4678385113 0.1973620646 1.1805368702 0.0000715345
0.8190000000 0.4693467742 0.4256186515 0.4576203955 2.5281144522 0.4693467742 0.1997627412 1.1865623631 0.0000858761
0.8200000000 0.4708467629 0.4293477176 0.4596691842 2.5328214486 0.4708467629 0.2021569830 1.1925707800 0.0001024192
0.8210000000 0.4723369402 0.4330429836 0.4617071543 2.5375014430 0.4723369402 0.2045421979 1.1985556675 0.0001215099
0.8220000000 0.4738155586 0.4367003681 0.4637318547 2.5421488107 0.4738155586 0.2069154289 1.2045096587 0.0001435324
0.8230000000 0.4752806361 0.4403152524 0.4657405021 2.5467571772 0.4752806361 0.2092733132 1.2104243711 0.0001689061
0.8240000000 0.4767299355 0.4438824321 0.4677299494 2.5513193473 0.4767299355 0.2116120432 1.2162903078 0.0001980806
0.8250000000 0.4781609452 0.4473960784 0.4696966588 2.5558272457 0.4781609452 0.2139273317 1.2220967716 0.0002315273
0.8260000000 0.4795708664 0.4508497108 0.4716366814 2.5602718730 0.4795708664 0.2162143864 1.2278318004 0.0002697284
0.8270000000 0.4809566076 0.4542361903 0.4735456491 2.5646432878 0.4809566076 0.2184678971 1.2334821355 0.0003131635
0.8280000000 0.4823147906 0.4575477383 0.4754187806 2.5689306240 0.4823147906 0.2206820416 1.2390332359 0.0003622928
0.8290000000 0.4836417697 0.4607759880 0.4772509072 2.5731221515 0.4836417697 0.2228505143 1.2444693510 0.0004175393
0.8300000000 0.4849336684 0.4639120750 0.4790365228 2.5772053906 0.4849336684 0.2249665844 1.2497736644 0.0004792703
0.8310000000 0.4861864342 0.4669467705 0.4807698591 2.5811672868 0.4861864342 0.2270231853 1.2549285193 0.0005477788
0.8320000000 0.4873959135 0.4698706604 0.4824449907 2.5849944488 0.4873959135 0.2290130398 1.2599157308 0.0006232673
0.8330000000 0.4885579460 0.4726743687 0.4840559668 2.5886734504 0.4885579460 0.2309288187 1.2647169838 0.0007058334
0.8340000000 0.4896684770 0.4753488187 0.4855969693 2.5921911874 0.4896684770 0.2327633321 1.2693143108 0.0007954600
0.8350000000 0.4907236825 0.4778855244 0.4870624897 2.5955352795 0.4907236825 0.2345097443 1.2736906304 0.0008920100
0.8360000000 0.4917201022 0.4802768952 0.4884475176 2.5986944958 0.4917201022 0.2361618040 1.2778303230 0.0009952253
0.8370000000 0.4926547721 0.4825165389 0.4897477297 2.6016591803 0.4926547721 0.2377140755 1.2817198106 0.0011047320
0.8380000000 0.4935253485 0.4845995412 0.4909596666 2.6044216499 0.4935253485 0.2391621574 1.2853481025 0.0012200491
0.8390000000 0.4943302136 0.4865227015 0.4920808858 2.6069765358 0.4943302136 0.2405028710 1.2887072678 0.0013406026
0.8400000000 0.4950685556 0.4882847080 0.4931100769 2.6093210414 0.4950685556 0.2417344051 1.2917927990 0.0014657418
0.8410000000 0.4957404154 0.4898862349 0.4940471316 2.6114550958 0.4957404154 0.2428564056 1.2946038340 0.0015947588
0.8420000000 0.4963466968 0.4913299548 0.4948931606 2.6133813883 0.4963466968 0.2438700001 1.2971432195 0.0017269091
0.8430000000 0.4968891376 0.4926204625 0.4956504566 2.6151052804 0.4968891376 0.2447777568 1.2994174075 0.0018614316
0.8440000000 0.4973702449 0.4937641160 0.4963224050 2.6166346003 0.4973702449 0.2455835793 1.3014361920 0.0019975685
0.8450000000 0.4977931984 0.4947688055 0.4969133492 2.6179793368 0.4977931984 0.2462925462 1.3032123074 0.0021345828
0.8460000000 0.4981617292 0.4956436677 0.4974284214 2.6191512533 0.4981617292 0.2469107066 1.3047609175 0.0022717731
0.8470000000 0.4984799833 0.4963987657 0.4978733501 2.6201634520 0.4984799833 0.2474448485 1.3060990339 0.0024084854
0.8480000000 0.4987523781 0.4970447552 0.4982542586 2.6210299167 0.4987523781 0.2479022537 1.3072449040 0.0025441207
0.8490000000 0.4989834618 0.4975925575 0.4985774662 2.6217650630 0.4989834618 0.2482904569 1.3082174072 0.0026781386
0.8500000000 0.4991777831 0.4980530578 0.4988493036 2.6223833214 0.4991777831 0.2486170213 1.3090354928 0.0028100575
0.8510000000 0.4993397768 0.4984368416 0.4990759513 2.6228987710 0.4993397768 0.2488893412 1.3097176868 0.0029394496
0.8520000000 0.4994736695 0.4987539776 0.4992633058 2.6233248382 0.4994736695 0.2491144794 1.3102816833 0.0030659320
0.8530000000 0.4995834082 0.4990138536 0.4994168776 2.6236740655 0.4995834082 0.2492990417 1.3107440317 0.0031891538
0.8540000000 0.4996726097 0.4992250622 0.4995417194 2.6239579512 0.4996726097 0.2494490897 1.3111199173 0.0033087773
0.8550000000 0.4997445319 0.4993953362 0.4996423849 2.6241868551 0.4997445319 0.2495700885 1.3114230314 0.0034244549
0.8560000000 0.4998020626 0.4995315254 0.4997229120 2.6243699625 0.4998020626 0.2496668867 1.3116655203 0.0035357975
0.8570000000 0.4998477241 0.4996396085 0.4997868281 2.6245152969 0.4998477241 0.2497437212 1.3118579979 0.0036423354
0.8580000000 0.4998836884 0.4997247328 0.4998371723 2.6246297695 0.4998836884 0.2498042426 1.3120096099 0.0037434662
0.8590000000 0.4999118022 0.4997912724 0.4998765281 2.6247192559 0.4999118022 0.2498515558 1.3121281336 0.0038383868
0.8600000000 0.4999336161 0.4998428994 0.4999070654 2.6247886906 0.4999336161 0.2498882682 1.3122201017 0.0039260028
0.8610000000 0.4999504171 0.4998826611 0.4999305855 2.6248421696 0.4999504171 0.2499165449 1.3122909374 0.0040048086
0.8620000000 0.4999632617 0.4999130591 0.4999485673 2.6248830557 0.4999632617 0.2499381636 1.3123450942 0.0040727263
0.8630000000 0.4999730087 0.4999361256 0.4999622126 2.6249140816 0.4999730087 0.2499545689 1.3123861909 0.0041268930
0.8640000000 0.4999803487 0.4999534958 0.4999724884 2.6249374461 0.4999803487 0.2499669232 1.3124171395 0.0041633857
0.8650000000 0.4999858324 0.4999664730 0.4999801655 2.6249549018 0.4999858324 0.2499761532 1.3124402616 0.0041768780
0.8660000000 0.4999898950 0.4999760870 0.4999858531 2.6249678337 0.4999898950 0.2499829912 1.3124573915 0.0041602451
0.8670000000 0.4999928774 0.4999831448 0.4999900284 2.6249773273 0.4999928774 0.2499880112 1.3124699670 0.0041041917
0.8680000000 0.4999950448 0.4999882739 0.4999930628 2.6249842266 0.4999950448 0.2499916594 1.3124791060 0.0039970970
0.8690000000 0.4999966021 0.4999919590 0.4999952429 2.6249891836 0.4999966021 0.2499942805 1.3124856723 0.0038255164
0.8700000000 0.4999977063 0.4999945721 0.4999967888 2.6249926987 0.4999977063 0.2499961392 1.3124903284 0.0035761331
0.8710000000 0.4999984776 0.4999963973 0.4999978686 2.6249951539 0.4999984776 0.2499974375 1.3124935807 0.0032401640
0.8720000000 0.4999990071 0.4999976504 0.4999986100 2.6249968395 0.4999990071 0.2499983288 1.3124958135 0.0028204456
0.8730000000 0.4999993638 0.4999984945 0.4999991093 2.6249979748 0.4999993638 0.2499989291 1.3124973174 0.0023385748
0.8740000000 0.4999995992 0.4999990515 0.4999994389 2.6249987241 0.4999995992 0.2499993253 1.3124983099 0.0018357335
0.8750000000 0.4999997514 0.4999994117 0.4999996520 2.6249992087 0.4999997514 0.2499995816 1.3124989518 0.0013619773
0.8760000000 0.4999998479 0.4999996402 0.4999997871 2.6249995160 0.4999998479 0.2499997441 1.3124993589 0.0009583239
0.8770000000 0.4999999081 0.4999997826 0.4999998714 2.6249997075 0.4999999081 0.2499998454 1.3124996126 0.0006441455
0.8780000000 0.4999999451 0.4999998700 0.4999999231 2.6249998251 0.4999999451 0.2499999075 1.3124997684 0.0004172724
0.8790000000 0.4999999675 0.4999999230 0.4999999544 2.6249998964 0.4999999675 0.2499999452 1.3124998628 0.0002627050
0.8800000000 0.4999999809 0.4999999548 0.4999999732 2.6249999392 0.4999999809 0.2499999678 1.3124999194 0.0001618503
0.8810000000 0.4999999889 0.4999999736 0.4999999844 2.6249999645 0.4999999889 0.2499999812 1.3124999530 0.0000980760
0.8820000000 0.4999999936 0.4999999847 0.4999999910 2.6249999795 0.4999999936 0.2499999891 1.3124999728 0.0000586604
0.8830000000 0.4999999963 0.4999999912 0.4999999948 2.6249999882 0.4999999963 0.2499999938 1.3124999844 0.0000347117
0.8840000000 0.4999999979 0.4999999950 0.4999999970 2.6249999933 0.4999999979 0.2499999964 1.3124999911 0.0000203524
0.8850000000 0.4999999988 0.4999999972 0.4999999983 2.6249999962 0.4999999988 0.2499999980 1.3124999949 0.0000118354
0.8860000000 0.4999999993 0.4999999984 0.4999999991 2.6249999978 0.4999999993 0.2499999989 1.3124999971 0.0000068305
0.8870000000 0.4999999996 0.4999999991 0.4999999995 2.6249999988 0.4999999996 0.2499999994 1.3124999984 0.0000039138
0.8880000000 0.4999999998 0.4999999995 0.4999999997 2.6249999993 0.4999999998 0.2499999996 1.3124999991 0.0000022271
0.8890000000 0.4999999999 0.4999999997 0.4999999998 2.6249999996 0.4999999999 0.2499999998 1.3124999995 0.0000012588
0.8900000000 0.4999999999 0.4999999998 0.4999999999 2.6249999998 0.4999999999 0.2499999999 1.3124999997 0.0000007069
0.8910000000 0.5000000000 0.4999999999 0.5000000000 2.6249999999 0.5000000000 0.2499999999 1.3124999999 0.0000003944
0.8920000000 0.5000000000 0.5000000000 0.5000000000 2.6249999999 0.5000000000 0.2500000000 1.3124999999 0.0000002186
0.8930000000 0.5000000000 0.5000000000 0.5000000000 2.6250000000 0.5000000000 0.2500000000 1.3125000000 0.0000001204
0.8940000000 0.5000000000 0.5000000000 0.5000000000 2.6250000000 0.5000000000 0.2500000000 1.3125000000 0.0000000659
0.8950000000 0.5000000000 0.5000000000 0.5000000000 2.6250000000 0.5000000000 0.2500000000 1.3125000000 0.0000000359
0.8960000000 0.5000000000 0.5000000000 0.5000000000 2.6250000000 0.5000000000 0.2500000000 1.3125000000 0.0000000194
0.8970000000 0.5000000000 0.5000000000 0.5000000000 2.6250000000 0.5000000000 0.2500000000 1.3125000000 0.0000000105
0.8980000000 0.5000000000 0.5000000000 0.5000000000 2.6250000000 0.5000000000 0.2500000000 1.3125000000 0.0000000056
0.8990000000 0.5000000000 0.5000000000 0.5000000000 2.6250000000 0.5000000000 0.2500000000 1.3125000000 0.0000000030
0.9000000000 0.5000000000 0.5000000000 0.5000000000 2.6250000000 0.5000000000 0.2500000000 1.3125000000 0.0000000016
0.9010000000 0.5000000000 0.5000000000 0.5000000000 2.6250000000 0.5000000000 0.2500000000 1.3125000000 0.0000000008
0.9020000000 0.5000000000 0.5000000000 0.5000000000 2.6250000000 0.5000000000 0.2500000000 1.3125000000 0.0000000004
0.9030000000 0.5000000000 0.5000000000 0.5000000000 2.6250000000 0.5000000000 0.2500000000 1.3125000000 0.0000000002
0.9040000000 0.5000000000 0.5000000000 0.5000000000 2.6250000000 0.5000000000 0.2500000000 1.3125000000 0.0000000001
0.9050000000 0.5000000000 0.5000000000 0.5000000000 2.6250000000 0.5000000000 0.2500000000 1.3125000000 0.0000000001
0.9060000000 0.5000000000 0.5000000000 0.5000000000 2.6250000000 0.5000000000 0.2500000000 1.3125000000 0.0000000000
0.9070000000 0.5000000000 0.5000000000 0.5000000000 2.6250000000 0.5000000000 0.2500000000 1.3125000000 0.0000000000
0.9080000000 0.5000000000 0.5000000000 0.5000000000 2.6250000000 0.5000000000 0.2500000000 1.3125000000 0.0000000000
0.9090000000 0.5000000000 0.5000000000 0.5000000000 2.6250000000 0.5000000000 0.2500000000 1.3125000000 0.0000000000
0.9100000000 0.5000000000 0.5000000000 0.5000000000 2.6250000000 0.5000000000 0.2500000000 1.3125000000 0.0000000000
0.9110000000 0.5000000000 0.5000000000 0.5000000000 2.6250000000 0.5000000000 0.2500000000 1.3125000000 0.0000000000
0.9120000000 0.5000000000 0.5000000000 0.5000000000 2.6250000000 0.5000000000 0.2500000000 1.3125000000 0.0000000000
0.9130000000 0.5000000000 0.5000000000 0.5000000000 2.6250000000 0.5000000000 0.2500000000 1.3125000000 0.0000000000
0.9140000000 0.5000000000 0.5000000000 0.5000000000 2.6250000000 0.5000000000 0.2500000000 1.3125000000 0.0000000000
0.9150000000 0.5000000000 0.5000000000 0.5000000000 2.6250000000 0.5000000000 0.2500000000 1.3125000000 0.0000000000
0.9160000000 0.5000000000 0.5000000000 0.5000000000 2.6250000000 0.5000000000 0.2500000000 1.3125000000 0.0000000000
0.9170000000 0.5000000000 0.5000000000 0.5000000000 2.6250000000 0.5000000000 0.2500000000 1.3125000000 0.0000000000
0.9180000000 0.5000000000 0.5000000000 0.5000000000 2.6250000000 0.5000000000 0.2500000000 1.3125000000 0.0000000000
0.9190000000 0.5000000000 0.5000000000 0.5000000000 2.6250000000 0.5000000000 0.2500000000 1.3125000000 0.0000000000
0.9200000000 0.5000000000 0.5000000000 0.5000000000 2.6250000000 0.5000000000 0.2500000000 1.3125000000 0.0000000000
0.9210000000 0.5000000000 0.5000000000 0.5000000000 2.6250000000 0.5000000000 0.2500000000 1.3125000000 0.0000000000
0.9220000000 0.5000000000 0.5000000000 0.5000000000 2.6250000000 0.5000000000 0.2500000000 1.3125000000 0.0000000000
0.9230000000 0.5000000000 0.5000000000 0.5000000000 2.6250000000 0.5000000000 0.2500000000 1.3125000000 0.0000000000
0.9240000000 0.5000000000 0.5000000000 0.5000000000 2.6250000000 0.5000000000 0.2500000000 1.3125000000 0.0000000000
0.9250000000 0.5000000000 0.5000000000 0.5000000000 2.6250000000 0.5000000000 0.2500000000 1.3125000000 0.0000000000
0.9260000000 0.5000000000 0.5000000000 0.5000000000 2.6250000000 0.5000000000 0.2500000000 1.3125000000 0.0000000000
0.9270000000 0.5000000000 0.5000000000 0.5000000000 2.6250000000 0.5000000000 0.2500000000 1.3125000000 0.0000000000
0.9280000000 0.5000000000 0.5000000000 0.5000000000 2.6250000000 0.5000000000 0.2500000000 1.3125000000 0.0000000000
0.9290000000 0.5000000000 0.5000000000 0.5000000000 2.6250000000 0.5000000000 0.2500000000 1.3125000000 0.0000000000
0.9300000000 0.5000000000 0.5000000000 0.5000000000 2.6250000000 0.5000000000 0.2500000000 1.3125000000 0.0000000000
0.9310000000 0.5000000000 0.5000000000 0.5000000000 2.6250000000 0.5000000000 0.2500000000 1.3125000000 0.0000000000
0.9320000000 0.5000000000 0.5000000000 0.5000000000 2.6250000000 0.5000000000 0.2500000000 1.3125000000 0.0000000000
0.9330000000 0.5000000000 0.5000000000 0.5000000000 2.6250000000 0.5000000000 0.2500000000 1.3125000000 0.0000000000
0.9340000000 0.5000000000 0.5000000000 0.5000000000 2.6250000000 0.5000000000 0.2500000000 1.3125000000 0.0000000000
0.9350000000 0.5000000000 0.5000000000 0.5000000000 2.6250000000 0.5000000000 0.2500000000 1.3125000000 0.0000000000
0.9360000000 0.5000000000 0.5000000000 0.5000000000 2.6250000000 0.5000000000 0.2500000000 1.3125000000 0.0000000000
0.9370000000 0.5000000000 0.5000000000 0.5000000000 2.6250000000 0.5000000000 0.2500000000 1.3125000000 0.0000000000
0.9380000000 0.5000000000 0.5000000000 0.5000000000 2.6250000000 0.5000000000 0.2500000000 1.3125000000 0.0000000000
0.9390000000 0.5000000000 0.5000000000 0.5000000000 2.6250000000 0.5000000000 0.2500000000 1.3125000000 0.0000000000
0.9400000000 0.5000000000 0.5000000000 0.5000000000 2.6250000000 0.5000000000 0.2500000000 1.3125000000 0.0000000000
0.9410000000 0.5000000000 0.5000000000 0.5000000000 2.6250000000 0.5000000000 0.2500000000 1.3125000000 0.0000000000
0.9420000000 0.5000000000 0.5000000000 0.5000000000 2.6250000000 0.5000000000 0.2500000000 1.3125000000 0.0000000000
0.9430000000 0.5000000000 0.5000000000 0.5000000000 2.6250000000 0.5000000000 0.2500000000 1.3125000000 0.0000000000
0.9440000000 0.5000000000 0.5000000000 0.5000000000 2.6250000000 0.5000000000 0.2500000000 1.3125000000 0.0000000000
0.9450000000 0.5000000000 0.5000000000 0.5000000000 2.6250000000 0.5000000000 0.2500000000 1.3125000000 0.0000000000
0.9460000000 0.5000000000 0.5000000000 0.5000000000 2.6250000000 0.5000000000 0.2500000000 1.3125000000 0.0000000000
0.9470000000 0.5000000000 0.5000000000 0.5000000000 2.6250000000 0.5000000000 0.2500000000 1.3125000000 0.0000000000
0.9480000000 0.5000000000 0.5000000000 0.5000000000 2.6250000000 0.5000000000 0.2500000000 1.3125000000 0.0000000000
0.9490000000 0.5000000000 0.5000000000 0.5000000000 2.6250000000 0.5000000000 0.2500000000 1.3125000000 0.0000000000
0.9500000000 0.5000000000 0.5000000000 0.5000000000 2.6250000000 0.5000000000 0.2500000000 1.3125000000 0.0000000000
0.9510000000 0.5000000000 0.5000000000 0.5000000000 2.6250000000 0.5000000000 0.2500000000 1.3125000000 0.0000000000
0.9520000000 0.5000000000 0.5000000000 0.5000000000 2.6250000000 0.5000000000 0.2500000000 1.3125000000 0.0000000000
0.9530000000 0.5000000000 0.5000000000 0.5000000000 2.6250000000 0.5000000000 0.2500000000 1.3125000000 0.0000000000
0.9540000000 0.5000000000 0.5000000000 0.5000000000 2.6250000000 0.5000000000 0.2500000000 1.3125000000 0.0000000000
0.9550000000 0.5000000000 0.5000000000 0.5000000000 2.6250000000 0.5000000000 0.2500000000 1.3125000000 0.0000000000
0.9560000000 0.5000000000 0.5000000000 0.5000000000 2.6250000000 0.5000000000 0.2500000000 1.3125000000 0.0000000000
0.9570000000 0.5000000000 0.5000000000 0.5000000000 2.6250000000 0.5000000000 0.2500000000 1.3125000000 0.0000000000
0.9580000000 0.5000000000 0.5000000000 0.5000000000 2.6250000000 0.5000000000 0.2500000000 1.3125000000 0.0000000000
0.9590000000 0.5000000000 0.5000000000 0.5000000000 2.6250000000 0.5000000000 0.2500000000 1.3125000000 0.0000000000
0.9600000000 0.5000000000 0.5000000000 0.5000000000 2.6250000000 0.5000000000 0.2500000000 1.3125000000 0.0000000000
0.9610000000 0.5000000000 0.5000000000 0.5000000000 2.6250000000 0.5000000000 0.2500000000 1.3125000000 0.0000000000
0.9620000000 0.5000000000 0.5000000000 0.5000000000 2.6250000000 0.5000000000 0.2500000000 1.3125000000 0.0000000000
0.9630000000 0.5000000000 0.5000000000 0.5000000000 2.6250000000 0.5000000000 0.2500000000 1.3125000000 0.0000000000
0.9640000000 0.5000000000 0.5000000000 0.5000000000 2.6250000000 0.5000000000 0.2500000000 1.3125000000 0.0000000000
0.9650000000 0.5000000000 0.5000000000 0.5000000000 2.6250000000 0.5000000000 0.2500000000 1.3125000000 0.0000000000
0.9660000000 0.5000000000 0.5000000000 0.5000000000 2.6250000000 0.5000000000 0.2500000000 1.3125000000 0.0000000000
0.9670000000 0.5000000000 0.5000000000 0.5000000000 2.6250000000 0.5000000000 0.2500000000 1.3125000000 0.0000000000
0.9680000000 0.5000000000 0.5000000000 0.5000000000 2.6250000000 0.5000000000 0.2500000000 1.3125000000 0.0000000000
0.9690000000 0.5000000000 0.5000000000 0.5000000000 2.6250000000 0.5000000000 0.2500000000 1.3125000000 0.0000000000
0.9700000000 0.5000000000 0.5000000000 0.5000000000 2.6250000000 0.5000000000 0.2500000000 1.3125000000 0.0000000000
0.9710000000 0.5000000000 0.5000000000 0.5000000000 2.6250000000 0.5000000000 0.2500000000 1.3125000000 0.0000000000
0.9720000000 0.5000000000 0.5000000000 0.5000000000 2.6250000000 0.5000000000 0.2500000000 1.3125000000 0.0000000000
0.9730000000 0.5000000000 0.5000000000 0.5000000000 2.6250000000 0.5000000000 0.2500000000 1.3125000000 0.0000000000
0.9740000000 0.5000000000 0.5000000000 0.5000000000 2.6250000000 0.5000000000 0.2500000000 1.3125000000 0.0000000000
0.9750000000 0.5000000000 0.5000000000 0.5000000000 2.6250000000 0.5000000000 0.2500000000 1.3125000000 0.0000000000
0.9760000000 0.5000000000 0.5000000000 0.5000000000 2.6250000000 0.5000000000 0.2500000000 1.3125000000 0.0000000000
0.9770000000 0.5000000000 0.5000000000 0.5000000000 2.6250000000 0.5000000000 0.2500000000 1.3125000000 0.0000000000
0.9780000000 0.5000000000 0.5000000000 0.5000000000 2.6250000000 0.5000000000 0.2500000000 1.3125000000 0.0000000000
0.9790000000 0.5000000000 0.5000000000 0.5000000000 2.6250000000 0.5000000000 0.2500000000 1.3125000000 0.0000000000
0.9800000000 0.5000000000 0.5000000000 0.5000000000 2.6250000000 0.5000000000 0.2500000000 1.3125000000 0.0000000000
0.9810000000 0.5000000000 0.5000000000 0.5000000000 2.6250000000 0.5000000000 0.2500000000 1.3125000000 0.0000000000
0.9820000000 0.5000000000 0.5000000000 0.5000000000 2.6250000000 0.5000000000 0.2500000000 1.3125000000 0.0000000000
0.9830000000 0.5000000000 0.5000000000 0.5000000000 2.6250000000 0.5000000000 0.2500000000 1.3125000000 0.0000000000
0.9840000000 0.5000000000 0.5000000000 0.5000000000 2.6250000000 0.5000000000 0.2500000000 1.3125000000 0.0000000000
0.9850000000 0.5000000000 0.5000000000 0.5000000000 2.6250000000 0.5000000000 0.2500000000 1.3125000000 0.0000000000
0.9860000000 0.5000000000 0.5000000000 0.5000000000 2.6250000000 0.5000000000 0.2500000000 1.3125000000 0.0000000000
0.9870000000 0.5000000000 0.5000000000 0.5000000000 2.6250000000 0.5000000000 0.2500000000 1.3125000000 0.0000000000
0.9880000000 0.5000000000 0.5000000000 0.5000000000 2.6250000000 0.5000000000 0.2500000000 1.3125000000 0.0000000000
0.9890000000 0.5000000000 0.5000000000 0.5000000000 2.6250000000 0.5000000000 0.2500000000 1.3125000000 0.0000000000
0.9900000000 0.5000000000 0.5000000000 0.5000000000 2.6250000000 0.5000000000 0.2500000000 1.3125000000 0.0000000000
0.9910000000 0.5000000000 0.5000000000 0.5000000000 2.6250000000 0.5000000000 0.2500000000 1.3125000000 0.0000000000
0.9920000000 0.5000000000 0.5000000000 0.5000000000 2.6250000000 0.5000000000 0.2500000000 1.3125000000 0.0000000000
0.9930000000 0.5000000000 0.5000000000 0.5000000000 2.6250000000 0.5000000000 0.2500000000 1.3125000000 0.0000000000
0.9940000000 0.5000000000 0.5000000000 0.5000000000 2.6250000000 0.5000000000 0.2500000000 1.3125000000 0.0000000000
0.9950000000 0.5000000000 0.5000000000 0.5000000000 2.6250000000 0.5000000000 0.2500000000 1.3125000000 0.0000000000
0.9960000000 0.5000000000 0.5000000000 0.5000000000 2.6250000000 0.5000000000 0.2500000000 1.3125000000 0.0000000000
0.9970000000 0.5000000000 0.5000000000 0.5000000000 2.6250000000 0.5000000000 0.2500000000 1.3125000000 0.0000000000
0.9980000000 0.5000000000 0.5000000000 0.5000000000 2.6250000000 0.5000000000 0.2500000000 1.3125000000 0.0000000000
0.9990000000 0.5000000000 0.5000000000 0.5000000000 2.6250000000 0.5000000000 0.2500000000 1.3125000000 0.0000000000
1.0000000000 0.5000000000 0.5000000000 0.5000000000 2.6250000000 0.5000000000 0.2500000000 1.3125000000 0.0000000000
