TITLE = "1D Euler Filtered MacCormack Result"
VARIABLES = "x", "rho", "u", "p", "E", "rho_conserved", "rhou", "rhoE", "nu"
ZONE T="t=0.15000000", I=1001, F=POINT
0.0000000000 0.6848252925 -1.1375712384 2.3543824152 9.2418628014 0.6848252925 -0.7790375561 6.3290613966 0.0000000000
0.0010000000 0.6848252925 -1.1375712384 2.3543824152 9.2418628014 0.6848252925 -0.7790375561 6.3290613966 0.3571277846
0.0020000000 0.6831092293 -1.1320595506 2.3461149472 9.2269426736 0.6831092293 -0.7733203271 6.3030096989 0.0065921171
0.0030000000 0.6812780609 -1.1261619028 2.3373104185 9.2110529690 0.6812780609 -0.7672293974 6.2752883053 0.0142202900
0.0040000000 0.6795953052 -1.1207393870 2.3292375906 9.1965013171 0.6795953052 -0.7616492258 6.2498991197 0.0039809014
0.0050000000 0.6778704238 -1.1151616438 2.3209600270 9.1815408397 0.6778704238 -0.7559350961 6.2238949798 0.0020168763
0.0060000000 0.6761628131 -1.1096345483 2.3127828372 9.1667758606 0.6761628131 -0.7502936177 6.1982329528 0.0000372574
0.0070000000 0.6744547613 -1.1040899138 2.3046048390 9.1519810237 0.6744547613 -0.7446586993 6.1725971770 0.0007089876
0.0080000000 0.6727508668 -1.0985508505 2.2964600848 9.1372498908 0.6727508668 -0.7390510370 6.1470927846 0.0004805948
0.0090000000 0.6710505329 -1.0930094836 2.2883369074 9.1225382411 0.6710505329 -0.7334645965 6.1216841485 0.0005645901
0.0100000000 0.6693533159 -1.0874683569 2.2802394476 9.1078700617 0.6693533159 -0.7279005506 6.0963830269 0.0005372323
0.0110000000 0.6676598668 -1.0819265649 2.2721662810 9.0932309569 0.6676598668 -0.7223589462 6.0711853693 0.0005426924
0.0120000000 0.6659695712 -1.0763845519 2.2641176373 9.0786302565 0.6659695712 -0.7168393585 6.0460914990 0.0005362751
0.0130000000 0.6642828286 -1.0708423492 2.2560931137 9.0640615616 0.6642828286 -0.7113421847 6.0211004523 0.0005425280
0.0140000000 0.6625993459 -1.0652998779 2.2480928865 9.0495293563 0.6625993459 -0.7058670023 5.9962122320 0.0005513492
0.0150000000 0.6609194367 -1.0597568635 2.2401172719 9.0350307046 0.6609194367 -0.7004139093 5.9714274036 0.0005560503
0.0160000000 0.6592429771 -1.0542131565 2.2321664466 9.0205678836 0.6592429771 -0.6949826199 5.9467460271 0.0005498650
0.0170000000 0.6575700307 -1.0486689317 2.2242401071 9.0061392998 0.6575700307 -0.6895732616 5.9221672955 0.0005384492
0.0180000000 0.6559003990 -1.0431245599 2.2163376765 8.9917458717 0.6559003990 -0.6841858150 5.8976897048 0.0005326684
0.0190000000 0.6542340689 -1.0375802778 2.2084587751 8.9773867326 0.6542340689 -0.6788203670 5.8733122503 0.0005402351
0.0200000000 0.6525710467 -1.0320359217 2.2006035945 8.9630625223 0.6525710467 -0.6734767616 5.8490350914 0.0005585251
0.0210000000 0.6509115163 -1.0264909705 2.1927728281 8.9487731524 0.6509115163 -0.6681547941 5.8248595019 0.0005772522
0.0220000000 0.6492556282 -1.0209448432 2.1849672436 8.9345192223 0.6492556282 -0.6628541856 5.8007868904 0.0005853698
0.0230000000 0.6476034790 -1.0153972506 2.1771871881 8.9203007323 0.6476034790 -0.6575747920 5.7768177881 0.0005778430
0.0240000000 0.6459549982 -1.0098483794 2.1694323362 8.9061177496 0.6459549982 -0.6523166081 5.7529512751 0.0005572789
0.0250000000 0.6443100069 -1.0042988415 2.1617017734 8.8919698842 0.6443100069 -0.6470797934 5.7291851770 0.0005313768
0.0260000000 0.6426682560 -0.9987494500 2.1539943171 8.8778567814 0.6426682560 -0.6418645672 5.7055167344 0.0005083949
0.0270000000 0.6410295243 -0.9932009612 2.1463088787 8.8637779939 0.6410295243 -0.6366711396 5.6819433906 0.0004937990
0.0280000000 0.6393936576 -0.9876538914 2.1386447164 8.8497332730 0.6393936576 -0.6314996341 5.6584633265 0.0004890941
0.0290000000 0.6377605969 -0.9821084538 2.1310015161 8.8357224776 0.6377605969 -0.6263500737 5.6350756415 0.0004926621
0.0300000000 0.6361303586 -0.9765645964 2.1233793319 8.8217456515 0.6361303586 -0.6212223869 5.6117802246 0.0005013745
0.0310000000 0.6345030119 -0.9710220940 2.1157784544 8.8078029121 0.6345030119 -0.6161164432 5.5885774755 0.0005120808
0.0320000000 0.6328786458 -0.9654806460 2.1081992723 8.7938944424 0.6328786458 -0.6110320838 5.5654680062 0.0005224479
0.0330000000 0.6312573494 -0.9599399525 2.1006421672 8.7800204173 0.6312573494 -0.6059691501 5.5424524167 0.0005311900
0.0340000000 0.6296391970 -0.9543997587 2.0931074542 8.7661809990 0.6296391970 -0.6009274977 5.5195311648 0.0005378894
0.0350000000 0.6280242446 -0.9488598709 2.0855953600 8.7523763115 0.6280242446 -0.5959070036 5.4967045213 0.0005426797
0.0360000000 0.6264125302 -0.9433201544 2.0781060280 8.7386064509 0.6264125302 -0.5909075648 5.4739725775 0.0005459457
0.0370000000 0.6248040777 -0.9377805234 2.0706395334 8.7248714832 0.6248040777 -0.5859290950 5.4513352801 0.0005481194
0.0380000000 0.6231989001 -0.9322409269 2.0631959026 8.7111714568 0.6231989001 -0.5809715203 5.4287924708 0.0005495732
0.0390000000 0.6215970039 -0.9267013378 2.0557751296 8.6975064049 0.6215970039 -0.5760347750 5.4063439223 0.0005505844
0.0400000000 0.6199983908 -0.9211617433 2.0483771882 8.6838763532 0.6199983908 -0.5711187985 5.3839893644 0.0005513392
0.0410000000 0.6184030602 -0.9156221396 2.0410020404 8.6702813216 0.6184030602 -0.5662235331 5.3617285025 0.0005519535
0.0420000000 0.6168110104 -0.9100825273 2.0336496420 8.6567213276 0.6168110104 -0.5613489232 5.3395610284 0.0005524944
0.0430000000 0.6152222384 -0.9045429098 2.0263199454 8.6431963868 0.6152222384 -0.5564949137 5.3174866277 0.0005529990
0.0440000000 0.6136367412 -0.8990032918 2.0190129012 8.6297065141 0.6136367412 -0.5516614503 5.2955049829 0.0005534867
0.0450000000 0.6120545156 -0.8934636785 2.0117284594 8.6162517240 0.6120545156 -0.5468484789 5.2736157753 0.0005539671
0.0460000000 0.6104755582 -0.8879240755 2.0044665697 8.6028320307 0.6104755582 -0.5420559457 5.2518186864 0.0005544448
0.0470000000 0.6088998657 -0.8823844888 1.9972271815 8.5894474482 0.6088998657 -0.5372837967 5.2301133979 0.0005549222
0.0480000000 0.6073274347 -0.8768449241 1.9900102445 8.5760979906 0.6073274347 -0.5325319783 5.2084995922 0.0005554002
0.0490000000 0.6057582617 -0.8713053874 1.9828157082 8.5627836718 0.6057582617 -0.5278004369 5.1869769527 0.0005558793
0.0500000000 0.6041923435 -0.8657658848 1.9756435225 8.5495045057 0.6041923435 -0.5230891189 5.1655451631 0.0005563599
0.0510000000 0.6026296766 -0.8602264224 1.9684936370 8.5362605064 0.6026296766 -0.5183979707 5.1442039084 0.0005568420
0.0520000000 0.6010702577 -0.8546870063 1.9613660017 8.5230516877 0.6010702577 -0.5137269391 5.1229528741 0.0005573258
0.0530000000 0.5995140834 -0.8491476428 1.9542605666 8.5098780636 0.5995140834 -0.5090759707 5.1017917468 0.0005578114
0.0540000000 0.5979611503 -0.8436083382 1.9471772818 8.4967396481 0.5979611503 -0.5044450123 5.0807202137 0.0005582990
0.0550000000 0.5964114552 -0.8380690989 1.9401160975 8.4836364551 0.5964114552 -0.4998340108 5.0597379632 0.0005587886
0.0560000000 0.5948649946 -0.8325299312 1.9330769640 8.4705684985 0.5948649946 -0.4952429131 5.0388446843 0.0005592803
0.0570000000 0.5933217654 -0.8269908418 1.9260598319 8.4575357924 0.5933217654 -0.4906716662 5.0180400669 0.0005597744
0.0580000000 0.5917817641 -0.8214518372 1.9190646517 8.4445383507 0.5917817641 -0.4861202173 4.9973238020 0.0005602708
0.0590000000 0.5902449875 -0.8159129240 1.9120913741 8.4315761875 0.5902449875 -0.4815885137 4.9766955814 0.0005607697
0.0600000000 0.5887114324 -0.8103741092 1.9051399500 8.4186493167 0.5887114324 -0.4770765026 4.9561550979 0.0005612713
0.0610000000 0.5871810954 -0.8048353996 1.8982103303 8.4057577526 0.5871810954 -0.4725841316 4.9357020450 0.0005617757
0.0620000000 0.5856539734 -0.7992968021 1.8913024662 8.3929015093 0.5856539734 -0.4681113481 4.9153361173 0.0005622829
0.0630000000 0.5841300631 -0.7937583239 1.8844163090 8.3800806010 0.5841300631 -0.4636580999 4.8950570105 0.0005627933
0.0640000000 0.5826093614 -0.7882199721 1.8775518100 8.3672950420 0.5826093614 -0.4592243346 4.8748644210 0.0005633068
0.0650000000 0.5810918650 -0.7826817541 1.8707089208 8.3545448469 0.5810918650 -0.4548100002 4.8547580464 0.0005638237
0.0660000000 0.5795775708 -0.7771436772 1.8638875932 8.3418300301 0.5795775708 -0.4504150446 4.8347375850 0.0005643440
0.0670000000 0.5780664757 -0.7716057490 1.8570877790 8.3291506063 0.5780664757 -0.4460394160 4.8148027364 0.0005648680
0.0680000000 0.5765585765 -0.7660679773 1.8503094304 8.3165065901 0.5765585765 -0.4416830625 4.7949532011 0.0005653958
0.0690000000 0.5750538702 -0.7605303697 1.8435524994 8.3038979963 0.5750538702 -0.4373459325 4.7751886805 0.0005659276
0.0700000000 0.5735523537 -0.7549929343 1.8368169386 8.2913248399 0.5735523537 -0.4330279745 4.7555088772 0.0005664635
0.0710000000 0.5720540240 -0.7494556792 1.8301027006 8.2787871359 0.5720540240 -0.4287291371 4.7359134947 0.0005670038
0.0720000000 0.5705588780 -0.7439186125 1.8234097380 8.2662848994 0.5705588780 -0.4244493689 4.7164022377 0.0005675486
0.0730000000 0.5690669129 -0.7383817428 1.8167380038 8.2538181458 0.5690669129 -0.4201886189 4.6969748119 0.0005680981
0.0740000000 0.5675781257 -0.7328450786 1.8100874513 8.2413868905 0.5675781257 -0.4159468361 4.6776309241 0.0005686525
0.0750000000 0.5660925134 -0.7273086286 1.8034580337 8.2289911492 0.5660925134 -0.4117239695 4.6583702821 0.0005692120
0.0760000000 0.5646100732 -0.7217724018 1.7968497047 8.2166309377 0.5646100732 -0.4075199686 4.6391925950 0.0005697769
0.0770000000 0.5631308022 -0.7162364072 1.7902624180 8.2043062721 0.5631308022 -0.4033347826 4.6200975728 0.0005703473
0.0780000000 0.5616546977 -0.7107006542 1.7836961276 8.1920171687 0.5616546977 -0.3991683611 4.6010849268 0.0005709235
0.0790000000 0.5601817569 -0.7051651523 1.7771507878 8.1797636437 0.5601817569 -0.3950206540 4.5821543694 0.0005715058
0.0800000000 0.5587119771 -0.6996299112 1.7706263531 8.1675457141 0.5587119771 -0.3908916109 4.5633056142 0.0005720943
0.0810000000 0.5572453556 -0.6940949408 1.7641227780 8.1553633966 0.5572453556 -0.3867811821 4.5445383759 0.0005726893
0.0820000000 0.5557818897 -0.6885602513 1.7576400177 8.1432167084 0.5557818897 -0.3826893176 4.5258523706 0.0005732912
0.0830000000 0.5543215769 -0.6830258530 1.7511780273 8.1311056669 0.5543215769 -0.3786159679 4.5072473154 0.0005739002
0.0840000000 0.5528644147 -0.6774917567 1.7447367622 8.1190302896 0.5528644147 -0.3745610835 4.4887229287 0.0005745166
0.0850000000 0.5514104005 -0.6719579732 1.7383161783 8.1069905946 0.5514104005 -0.3705246151 4.4702789303 0.0005751407
0.0860000000 0.5499595319 -0.6664245137 1.7319162314 8.0949866001 0.5499595319 -0.3665065136 4.4519150411 0.0005757728
0.0870000000 0.5485118065 -0.6608913896 1.7255368781 8.0830183246 0.5485118065 -0.3625067300 4.4336309834 0.0005764133
0.0880000000 0.5470672221 -0.6553586126 1.7191780747 8.0710857870 0.5470672221 -0.3585252157 4.4154264808 0.0005770625
0.0890000000 0.5456257763 -0.6498261949 1.7128397783 8.0591890066 0.5456257763 -0.3545619220 4.3973012582 0.0005777208
0.0900000000 0.5441874670 -0.6442941486 1.7065219461 8.0473280030 0.5441874670 -0.3506168007 4.3792550419 0.0005783886
0.0910000000 0.5427522919 -0.6387624865 1.7002245356 8.0355027962 0.5427522919 -0.3466898036 4.3612875596 0.0005790663
0.0920000000 0.5413202491 -0.6332312217 1.6939475047 8.0237134068 0.5413202491 -0.3427808827 4.3433985404 0.0005797542
0.0930000000 0.5398913366 -0.6277003674 1.6876908117 8.0119598555 0.5398913366 -0.3388899903 4.3255877149 0.0005804530
0.0940000000 0.5384655523 -0.6221699373 1.6814544150 8.0002421635 0.5384655523 -0.3350170789 4.3078548150 0.0005811629
0.0950000000 0.5370428945 -0.6166399457 1.6752382737 7.9885603528 0.5370428945 -0.3311621013 4.2901995744 0.0005818845
0.0960000000 0.5356233613 -0.6111104070 1.6690423472 7.9769144454 0.5356233613 -0.3273250103 4.2726217280 0.0005826184
0.0970000000 0.5342069511 -0.6055813361 1.6628665950 7.9653044641 0.5342069511 -0.3235057592 4.2551210125 0.0005833650
0.0980000000 0.5327936623 -0.6000527485 1.6567109775 7.9537304320 0.5327936623 -0.3197043015 4.2376971661 0.0005841249
0.0990000000 0.5313834934 -0.5945246599 1.6505754551 7.9421923730 0.5313834934 -0.3159205907 4.2203499285 0.0005848987
0.1000000000 0.5299764429 -0.5889970866 1.6444599888 7.9306903115 0.5299764429 -0.3121545809 4.2030790414 0.0005856869
0.1010000000 0.5285725096 -0.5834700455 1.6383645402 7.9192242725 0.5285725096 -0.3084062262 4.1858842479 0.0005864904
0.1020000000 0.5271716922 -0.5779435538 1.6322890711 7.9077942817 0.5271716922 -0.3046754812 4.1687652929 0.0005873097
0.1030000000 0.5257739896 -0.5724176293 1.6262335439 7.8964003654 0.5257739896 -0.3009623007 4.1517219232 0.0005881456
0.1040000000 0.5243794007 -0.5668922906 1.6201979217 7.8850425507 0.5243794007 -0.2972666396 4.1347538874 0.0005889989
0.1050000000 0.5229879248 -0.5613675566 1.6141821678 7.8737208655 0.5229879248 -0.2935884535 4.1178609358 0.0005898703
0.1060000000 0.5215995610 -0.5558434469 1.6081862462 7.8624353383 0.5215995610 -0.2899276979 4.1010428208 0.0005907607
0.1070000000 0.5202143087 -0.5503199817 1.6022101214 7.8511859986 0.5202143087 -0.2862843289 4.0842992969 0.0005916709
0.1080000000 0.5188321675 -0.5447971821 1.5962537588 7.8399728765 0.5188321675 -0.2826583028 4.0676301203 0.0005926020
0.1090000000 0.5174531368 -0.5392750696 1.5903171239 7.8287960032 0.5174531368 -0.2790495764 4.0510350496 0.0005935549
0.1100000000 0.5160772167 -0.5337536666 1.5844001832 7.8176554108 0.5160772167 -0.2754581066 4.0345138452 0.0005945306
0.1110000000 0.5147044069 -0.5282329963 1.5785029038 7.8065511322 0.5147044069 -0.2718838510 4.0180662702 0.0005955303
0.1120000000 0.5133347075 -0.5227130826 1.5726252534 7.7954832016 0.5133347075 -0.2683267674 4.0016920895 0.0005965552
0.1130000000 0.5119681190 -0.5171939504 1.5667672006 7.7844516541 0.5119681190 -0.2647868139 3.9853910706 0.0005976064
0.1140000000 0.5106046416 -0.5116756253 1.5609287145 7.7734565261 0.5106046416 -0.2612639493 3.9691629834 0.0005986854
0.1150000000 0.5092442760 -0.5061581339 1.5551097651 7.7624978552 0.5092442760 -0.2577581325 3.9530076004 0.0005997934
0.1160000000 0.5078870231 -0.5006415040 1.5493103233 7.7515756801 0.5078870231 -0.2542693231 3.9369246965 0.0006009320
0.1170000000 0.5065328838 -0.4951257640 1.5435303608 7.7406900410 0.5065328838 -0.2507974811 3.9209140493 0.0006021028
0.1180000000 0.5051818595 -0.4896109438 1.5377698502 7.7298409794 0.5051818595 -0.2473425670 3.9049754394 0.0006033073
0.1190000000 0.5038339515 -0.4840970742 1.5320287650 7.7190285385 0.5038339515 -0.2439045418 3.8891086500 0.0006045474
0.1200000000 0.5024891615 -0.4785841871 1.5263070797 7.7082527628 0.5024891615 -0.2404833669 3.8733134675 0.0006058249
0.1210000000 0.5011474916 -0.4730723159 1.5206047698 7.6975136985 0.5011474916 -0.2370790044 3.8575896812 0.0006071418
0.1220000000 0.4998089438 -0.4675614952 1.5149218119 7.6868113935 0.4998089438 -0.2336914171 3.8419370839 0.0006085003
0.1230000000 0.4984735208 -0.4620517610 1.5092581837 7.6761458975 0.4984735208 -0.2303205681 3.8263554714 0.0006099025
0.1240000000 0.4971412252 -0.4565431508 1.5036138643 7.6655172620 0.4971412252 -0.2269664213 3.8108446432 0.0006113510
0.1250000000 0.4958120601 -0.4510357034 1.4979888336 7.6549255408 0.4958120601 -0.2236289413 3.7954044024 0.0006128482
0.1260000000 0.4944860290 -0.4455294597 1.4923830732 7.6443707894 0.4944860290 -0.2203080933 3.7800345559 0.0006143969
0.1270000000 0.4931631355 -0.4400244617 1.4867965659 7.6338530660 0.4931631355 -0.2170038433 3.7647349144 0.0006160000
0.1280000000 0.4918433839 -0.4345207538 1.4812292959 7.6233724310 0.4918433839 -0.2137161579 3.7495052928 0.0006176606
0.1290000000 0.4905267784 -0.4290183819 1.4756812491 7.6129289472 0.4905267784 -0.2104450047 3.7343455105 0.0006193821
0.1300000000 0.4892133240 -0.4235173941 1.4701524128 7.6025226802 0.4892133240 -0.2071903521 3.7192553910 0.0006211679
0.1310000000 0.4879030259 -0.4180178405 1.4646427761 7.5921536984 0.4879030259 -0.2039521693 3.7042347629 0.0006230220
0.1320000000 0.4865958900 -0.4125197736 1.4591523298 7.5818220732 0.4865958900 -0.2007304264 3.6892834596 0.0006249484
0.1330000000 0.4852919223 -0.4070232482 1.4536810667 7.5715278791 0.4852919223 -0.1975250946 3.6744013195 0.0006269515
0.1340000000 0.4839911297 -0.4015283216 1.4482289814 7.5612711938 0.4839911297 -0.1943361460 3.6595881869 0.0006290360
0.1350000000 0.4826935192 -0.3960350540 1.4427960709 7.5510520988 0.4826935192 -0.1911635539 3.6448439114 0.0006312070
0.1360000000 0.4813990987 -0.3905435080 1.4373823340 7.5408706792 0.4813990987 -0.1880072928 3.6301683487 0.0006334699
0.1370000000 0.4801078767 -0.3850537496 1.4319877721 7.5307270239 0.4801078767 -0.1848673381 3.6155613612 0.0006358304
0.1380000000 0.4788198620 -0.3795658479 1.4266123892 7.5206212264 0.4788198620 -0.1817436669 3.6010228176 0.0006382950
0.1390000000 0.4775350644 -0.3740798753 1.4212561918 7.5105533843 0.4775350644 -0.1786362573 3.5865525939 0.0006408704
0.1400000000 0.4762534942 -0.3685959079 1.4159191890 7.5005236003 0.4762534942 -0.1755450891 3.5721505734 0.0006435639
0.1410000000 0.4749751628 -0.3631140257 1.4106013933 7.4905319822 0.4749751628 -0.1724701434 3.5578166474 0.0006463834
0.1420000000 0.4737000819 -0.3576343126 1.4053028201 7.4805786432 0.4737000819 -0.1694114032 3.5435507157 0.0006493374
0.1430000000 0.4724282644 -0.3521568571 1.4000234882 7.4706637022 0.4724282644 -0.1663688528 3.5293526868 0.0006524352
0.1440000000 0.4711597241 -0.3466817523 1.3947634201 7.4607872846 0.4711597241 -0.1633424788 3.5152224786 0.0006556869
0.1450000000 0.4698944757 -0.3412090962 1.3895226419 7.4509495222 0.4698944757 -0.1603322693 3.5011600192 0.0006591032
0.1460000000 0.4686325350 -0.3357389921 1.3843011841 7.4411505538 0.4686325350 -0.1573382150 3.4871652471 0.0006626958
0.1470000000 0.4673739188 -0.3302715492 1.3790990813 7.4313905262 0.4673739188 -0.1543603082 3.4732381122 0.0006664777
0.1480000000 0.4661186453 -0.3248068825 1.3739163729 7.4216695937 0.4661186453 -0.1513985440 3.4593785767 0.0006704627
0.1490000000 0.4648667338 -0.3193451137 1.3687531032 7.4119879198 0.4648667338 -0.1484529200 3.4455866154 0.0006746660
0.1500000000 0.4636182052 -0.3138863716 1.3636093221 7.4023456771 0.4636182052 -0.1455234362 3.4318622169 0.0006791040
0.1510000000 0.4623730816 -0.3084307923 1.3584850849 7.3927430482 0.4623730816 -0.1426100959 3.4182053846 0.0006837948
0.1520000000 0.4611313869 -0.3029785201 1.3533804532 7.3831802263 0.4611313869 -0.1397129052 3.4046161377 0.0006887581
0.1530000000 0.4598931467 -0.2975297079 1.3482954954 7.3736574166 0.4598931467 -0.1368318736 3.3910945122 0.0006940154
0.1540000000 0.4586583884 -0.2920845180 1.3432302868 7.3641748365 0.4586583884 -0.1339670143 3.3776405623 0.0006995905
0.1550000000 0.4574271413 -0.2866431228 1.3381849103 7.3547327170 0.4574271413 -0.1311183442 3.3642543616 0.0007055091
0.1560000000 0.4561994369 -0.2812057056 1.3331594574 7.3453313036 0.4561994369 -0.1282858846 3.3509360048 0.0007117999
0.1570000000 0.4549753092 -0.2757724614 1.3281540282 7.3359708574 0.4549753092 -0.1254696609 3.3376856092 0.0007184939
0.1580000000 0.4537547944 -0.2703435979 1.3231687327 7.3266516569 0.4537547944 -0.1226697037 3.3245033163 0.0007256258
0.1590000000 0.4525379316 -0.2649193366 1.3182036911 7.3173739984 0.4525379316 -0.1198860486 3.3113892941 0.0007332336
0.1600000000 0.4513247628 -0.2594999138 1.3132590352 7.3081381987 0.4513247628 -0.1171187370 3.2983437391 0.0007413592
0.1610000000 0.4501153332 -0.2540855821 1.3083349088 7.2989445958 0.4501153332 -0.1143678164 3.2853668786 0.0007500494
0.1620000000 0.4489096914 -0.2486766116 1.3034314691 7.2897935515 0.4489096914 -0.1116333410 3.2724589733 0.0007593554
0.1630000000 0.4477078898 -0.2432732916 1.2985488880 7.2806854532 0.4477078898 -0.1089153720 3.2596203204 0.0007693347
0.1640000000 0.4465099850 -0.2378759323 1.2936873528 7.2716207159 0.4465099850 -0.1062139790 3.2468512566 0.0007800507
0.1650000000 0.4453160379 -0.2324848665 1.2888470683 7.2625997852 0.4453160379 -0.1035292396 3.2341521614 0.0007915744
0.1660000000 0.4441261146 -0.2271004518 1.2840282580 7.2536231400 0.4441261146 -0.1008612413 3.2215234617 0.0008039846
0.1670000000 0.4429402861 -0.2217230731 1.2792311659 7.2446912955 0.4429402861 -0.0982100815 3.2089656353 0.0008173698
0.1680000000 0.4417586297 -0.2163531451 1.2744560586 7.2358048068 0.4417586297 -0.0955758689 3.1964792164 0.0008318286
0.1690000000 0.4405812289 -0.2109911148 1.2697032272 7.2269642726 0.4405812289 -0.0929587247 3.1840648005 0.0008474720
0.1700000000 0.4394081743 -0.2056374655 1.2649729901 7.2181703398 0.4394081743 -0.0903587833 3.1717230508 0.0008644244
0.1710000000 0.4382395643 -0.2002927197 1.2602656953 7.2094237081 0.4382395643 -0.0877761942 3.1594547045 0.0008828259
0.1720000000 0.4370755058 -0.1949574433 1.2555817236 7.2007251354 0.4370755058 -0.0852111231 3.1472605804 0.0009028346
0.1730000000 0.4359161151 -0.1896322503 1.2509214922 7.1920754440 0.4359161151 -0.0826637539 3.1351415874 0.0009246290
0.1740000000 0.4347615193 -0.1843178077 1.2462854582 7.1834755269 0.4347615193 -0.0801342901 3.1230987338 0.0009484113
0.1750000000 0.4336118565 -0.1790148410 1.2416741228 7.1749263558 0.4336118565 -0.0776229576 3.1111331377 0.0009744106
0.1760000000 0.4324672781 -0.1737241411 1.2370880364 7.1664289897 0.4324672781 -0.0751300064 3.0992460390 0.0010028875
0.1770000000 0.4313279494 -0.1684465706 1.2325278039 7.1579845840 0.4313279494 -0.0726557139 3.0874388128 0.0010341387
0.1780000000 0.4301940517 -0.1631830729 1.2279940906 7.1495944017 0.4301940517 -0.0702003873 3.0757129840 0.0010685026
0.1790000000 0.4290657839 -0.1579346805 1.2234876291 7.1412598253 0.4290657839 -0.0677643675 3.0640702447 0.0011063662
0.1800000000 0.4279433643 -0.1527025257 1.2190092273 7.1329823711 0.4279433643 -0.0653480326 3.0525124731 0.0011481726
0.1810000000 0.4268270333 -0.1474878522 1.2145597768 7.1247637040 0.4268270333 -0.0629518024 3.0410417550 0.0011944304
0.1820000000 0.4257170560 -0.1422920285 1.2101402629 7.1166056557 0.4257170560 -0.0605761434 3.0296604085 0.0012457244
0.1830000000 0.4246137246 -0.1371165621 1.2057517760 7.1085102443 0.4246137246 -0.0582215742 3.0183710112 0.0013027278
0.1840000000 0.4235173622 -0.1319631174 1.2013955240 7.1004796968 0.4235173622 -0.0558886714 3.0071764317 0.0013662174
0.1850000000 0.4224283265 -0.1268335340 1.1970728465 7.0925164745 0.4224283265 -0.0535780775 2.9960798647 0.0014370907
0.1860000000 0.4213470137 -0.1217298485 1.1927852313 7.0846233017 0.4213470137 -0.0512905082 2.9850848711 0.0015163859
0.1870000000 0.4202738637 -0.1166543193 1.1885343322 7.0768031978 0.4202738637 -0.0490267615 2.9741954223 0.0016053055
0.1880000000 0.4192093652 -0.1116094534 1.1843219899 7.0690595139 0.4192093652 -0.0467877281 2.9634159511 0.0017052435
0.1890000000 0.4181540618 -0.1065980376 1.1801502545 7.0613959732 0.4181540618 -0.0445744024 2.9527514083 0.0018178173
0.1900000000 0.4171085589 -0.1016231733 1.1760214117 7.0538167167 0.4171085589 -0.0423878954 2.9422073256 0.0019449032
0.1910000000 0.4160735309 -0.0966883145 1.1719380108 7.0463263538 0.4160735309 -0.0402294484 2.9317898859 0.0020886782
0.1920000000 0.4150497296 -0.0917973102 1.1679028965 7.0389300173 0.4150497296 -0.0381004488 2.9215060007 0.0022516663
0.1930000000 0.4140379935 -0.0869544514 1.1639192430 7.0316334249 0.4140379935 -0.0360024466 2.9113633941 0.0024367895
0.1940000000 0.4130392569 -0.0821645210 1.1599905911 7.0244429434 0.4130392569 -0.0339371727 2.9013706936 0.0026474241
0.1950000000 0.4120545610 -0.0774328470 1.1561208873 7.0173656586 0.4120545610 -0.0319065578 2.8915375260 0.0028874595
0.1960000000 0.4110850640 -0.0727653584 1.1523145239 7.0104094456 0.4110850640 -0.0299127520 2.8818746159 0.0031613585
0.1970000000 0.4101320521 -0.0681686407 1.1485763799 7.0035830394 0.4101320521 -0.0279581445 2.8723938841 0.0034742145
0.1980000000 0.4091969493 -0.0636499887 1.1449118582 6.9968961016 0.4091969493 -0.0260453812 2.8631085396 0.0038318015
0.1990000000 0.4082813266 -0.0592174543 1.1413269189 6.9903592766 0.4082813266 -0.0241773808 2.8540331588 0.0042406088
0.2000000000 0.4073869080 -0.0548798807 1.1378281030 6.9839842315 0.4073869080 -0.0223573449 2.8451837416 0.0047078505
0.2010000000 0.4065155735 -0.0506469200 1.1344225407 6.9777836701 0.4065155735 -0.0205887618 2.8365777304 0.0052414388
0.2020000000 0.4056693561 -0.0465290222 1.1311179402 6.9717713079 0.4056693561 -0.0188753985 2.8282339774 0.0058499048
0.2030000000 0.4048504315 -0.0425373866 1.1279225461 6.9659617962 0.4048504315 -0.0172212793 2.8201726393 0.0065422526
0.2040000000 0.4040610980 -0.0386838640 1.1248450604 6.9603705780 0.4040610980 -0.0156306446 2.8124149780 0.0073277301
0.2050000000 0.4033037436 -0.0349807969 1.1218945173 6.9550136595 0.4033037436 -0.0141078863 2.8049830458 0.0082155053
0.2060000000 0.4025808000 -0.0314407861 1.1190801017 6.9499072850 0.4025808000 -0.0126574568 2.7978992344 0.0092142428
0.2070000000 0.4018946789 -0.0280763773 1.1164109081 6.9450675024 0.4018946789 -0.0112837466 2.7911856736 0.0103315875
0.2080000000 0.4012476938 -0.0248996638 1.1138956374 6.9405096199 0.4012476938 -0.0099909327 2.7848634790 0.0115735785
0.2090000000 0.4006419663 -0.0219218145 1.1115422384 6.9362475651 0.4006419663 -0.0087827989 2.7789518634 0.0129440343
0.2100000000 0.4000793215 -0.0191525456 1.1093575080 6.9322931716 0.4000793215 -0.0076625374 2.7734671486 0.0144439685
0.2110000000 0.3995611797 -0.0165995679 1.1073466770 6.9286554406 0.3995611797 -0.0066325429 2.7684217412 0.0160711069
0.2120000000 0.3990884520 -0.0142680560 1.1055130128 6.9253398355 0.3990884520 -0.0056942164 2.7638231548 0.0178195789
0.2130000000 0.3986614522 -0.0121601915 1.1038574821 6.9223476840 0.3986614522 -0.0048477996 2.7596731804 0.0196798404
0.2140000000 0.3982798330 -0.0102748364 1.1023785130 6.9196757605 0.3982798330 -0.0040922601 2.7559673062 0.0216388612
0.2150000000 0.3979425589 -0.0086073826 1.1010718931 6.9173161105 0.3979425589 -0.0034252439 2.7526944739 0.0236805678
0.2160000000 0.3976479199 -0.0071498114 1.0999308255 6.9152561597 0.3976479199 -0.0028431076 2.7498372275 0.0257864927
0.2170000000 0.3973935872 -0.0058909661 1.0989461477 6.9134791124 0.3973935872 -0.0023410321 2.7473722646 0.0279365442
0.2180000000 0.3971767082 -0.0048170206 1.0981066977 6.9119646127 0.3971767082 -0.0019132084 2.7452713523 0.0301097924
0.2190000000 0.3969940305 -0.0039120995 1.0973997931 6.9106896074 0.3969940305 -0.0015530801 2.7435025206 0.0322851592
0.2200000000 0.3968420434 -0.0031589869 1.0968117762 6.9096293257 0.3968420434 -0.0012536188 2.7420314205 0.0344419121
0.2210000000 0.3967171239 -0.0025398580 1.0963285745 6.9087582836 0.3967171239 -0.0010076052 2.7408227159 0.0365598819
0.2220000000 0.3966156736 -0.0020369676 1.0959362272 6.9080512278 0.3966156736 -0.0008078933 2.7398413908 0.0386193386
0.2230000000 0.3965342367 -0.0016332464 1.0956213384 6.9074839476 0.3965342367 -0.0006476381 2.7390538750 0.0406004753
0.2240000000 0.3964695933 -0.0013127690 1.0953714337 6.9070339111 0.3964695933 -0.0005204730 2.7384289260 0.0424824449
0.2250000000 0.3964188236 -0.0010610822 1.0951752070 6.9066807065 0.3964188236 -0.0004206330 2.7379382407 0.0442418791
0.2260000000 0.3963793450 -0.0008653938 1.0950226617 6.9064062925 0.3963793450 -0.0003430242 2.7375568026 0.0458507927
0.2270000000 0.3963489249 -0.0007146388 1.0949051575 6.9061950799 0.3963489249 -0.0002832463 2.7372629950 0.0472737380
0.2280000000 0.3963256731 -0.0005994461 1.0948153812 6.9060338759 0.3963256731 -0.0002375759 2.7370385243 0.0484640493
0.2290000000 0.3963080200 -0.0005120325 1.0947472608 6.9059117290 0.3963080200 -0.0002029226 2.7368682040 0.0493590304
0.2300000000 0.3962946855 -0.0004460478 1.0946958441 6.9058197083 0.3962946855 -0.0001767664 2.7367396496 0.0498740485
0.2310000000 0.3962846423 -0.0003963963 1.0946571579 6.9057506490 0.3962846423 -0.0001570858 2.7366429259 0.0498958332
0.2320000000 0.3962770786 -0.0003590503 1.0946280624 6.9056988893 0.3962770786 -0.0001422834 2.7365701815 0.0492760181
0.2330000000 0.3962713614 -0.0003308692 1.0946061095 6.9056600154 0.3962713614 -0.0001311140 2.7365152954 0.0478273792
0.2340000000 0.3962670029 -0.0003094329 1.0945894130 6.9056306264 0.3962670029 -0.0001226181 2.7364735515 0.0453275244
0.2350000000 0.3962636310 -0.0002928944 1.0945765334 6.9056081268 0.3962636310 -0.0001160634 2.7364413504 0.0415377263
0.2360000000 0.3962609630 -0.0002798512 1.0945663776 6.9055905461 0.3962609630 -0.0001108941 2.7364159596 0.0362466530
0.2370000000 0.3962587842 -0.0002692382 1.0945581157 6.9055763878 0.3962587842 -0.0001066880 2.7363953037 0.0293463485
0.2380000000 0.3962569299 -0.0002602375 1.0945511102 6.9055645026 0.3962569299 -0.0001031209 2.7363777890 0.0209364635
0.2390000000 0.3962552701 -0.0002522042 1.0945448587 6.9055539847 0.3962552701 -0.0000999373 2.7363621594 0.0114329836
0.2400000000 0.3962536980 -0.0002446082 1.0945389480 6.9055440893 0.3962536980 -0.0000969269 2.7363473819 0.0017076737
0.2410000000 0.3962521223 -0.0002369968 1.0945330253 6.9055341804 0.3962521223 -0.0000939105 2.7363325744 0.0064634566
0.2420000000 0.3962504721 -0.0002290178 1.0945268163 6.9055237636 0.3962504721 -0.0000907484 2.7363170511 0.0105642779
0.2430000000 0.3962487128 -0.0002205002 1.0945201876 6.9055125987 0.3962487128 -0.0000873729 2.7363004787 0.0103203397
0.2440000000 0.3962468491 -0.0002114664 1.0945131568 6.9055007172 0.3962468491 -0.0000837929 2.7362829009 0.0070531977
0.2450000000 0.3962449181 -0.0002021007 1.0945058675 6.9054883782 0.3962449181 -0.0000800814 2.7362646768 0.0017752491
0.2460000000 0.3962429821 -0.0001927130 1.0944985611 6.9054760173 0.3962429821 -0.0000763612 2.7362464101 0.0048648482
0.2470000000 0.3962411169 -0.0001836788 1.0944915302 6.9054641623 0.3962411169 -0.0000727811 2.7362288322 0.0115693485
0.2480000000 0.3962393868 -0.0001753179 1.0944850240 6.9054532625 0.3962393868 -0.0000694679 2.7362125662 0.0167473049
0.2490000000 0.3962378261 -0.0001678004 1.0944791751 6.9054435570 0.3962378261 -0.0000664889 2.7361979434 0.0195106000
0.2500000000 0.3962364370 -0.0001611370 1.0944739918 6.9054350609 0.3962364370 -0.0000638483 2.7361849846 0.0196727743
0.2510000000 0.3962351986 -0.0001552242 1.0944693934 6.9054276289 0.3962351986 -0.0000615053 2.7361734882 0.0175606224
0.2520000000 0.3962340785 -0.0001499009 1.0944652544 6.9054210347 0.3962340785 -0.0000593959 2.7361631404 0.0138481160
0.2530000000 0.3962330415 -0.0001449928 1.0944614389 6.9054150332 0.3962330415 -0.0000574509 2.7361536015 0.0094417508
0.2540000000 0.3962320557 -0.0001403416 1.0944578237 6.9054094023 0.3962320557 -0.0000556078 2.7361445632 0.0053494143
0.2550000000 0.3962310964 -0.0001358242 1.0944543129 6.9054039692 0.3962310964 -0.0000538178 2.7361357858 0.0024864402
0.2560000000 0.3962301486 -0.0001313666 1.0944508486 6.9053986297 0.3962301486 -0.0000520514 2.7361271249 0.0014363876
0.2570000000 0.3962292085 -0.0001269504 1.0944474166 6.9053933584 0.3962292085 -0.0000503014 2.7361185447 0.0022561735
0.2580000000 0.3962282828 -0.0001226081 1.0944440424 6.9053882010 0.3962282828 -0.0000485808 2.7361101089 0.0044466240
0.2590000000 0.3962273843 -0.0001184038 1.0944407756 6.9053832476 0.3962273843 -0.0000469148 2.7361019418 0.0071471931
0.2600000000 0.3962265264 -0.0001144038 1.0944376681 6.9053785917 0.3962265264 -0.0000453298 2.7360941730 0.0094692543
0.2610000000 0.3962257180 -0.0001106524 1.0944347544 6.9053742955 0.3962257180 -0.0000438433 2.7360868886 0.0107896390
0.2620000000 0.3962249614 -0.0001071608 1.0944320432 6.9053703748 0.3962249614 -0.0000424598 2.7360801103 0.0108818543
0.2630000000 0.3962242527 -0.0001039099 1.0944295195 6.9053668030 0.3962242527 -0.0000411716 2.7360738010 0.0098916291
0.2640000000 0.3962235841 -0.0001008614 1.0944271537 6.9053635263 0.3962235841 -0.0000399637 2.7360678862 0.0082276743
0.2650000000 0.3962229468 -0.0000979706 1.0944249107 6.9053604819 0.3962229468 -0.0000388182 2.7360622786 0.0064207872
0.2660000000 0.3962223324 -0.0000951971 1.0944227592 6.9053576131 0.3962223324 -0.0000377192 2.7360568999 0.0049742637
0.2670000000 0.3962217355 -0.0000925128 1.0944206772 6.9053548804 0.3962217355 -0.0000366556 2.7360516948 0.0042264407
0.2680000000 0.3962211533 -0.0000899048 1.0944186548 6.9053522657 0.3962211533 -0.0000356222 2.7360466386 0.0042605087
0.2690000000 0.3962205862 -0.0000873748 1.0944166931 6.9053497712 0.3962205862 -0.0000346197 2.7360417343 0.0048984669
0.2700000000 0.3962200364 -0.0000849333 1.0944148005 6.9053474119 0.3962200364 -0.0000336523 2.7360370027 0.0057882879
0.2710000000 0.3962195063 -0.0000825927 1.0944129866 6.9053452053 0.3962195063 -0.0000327249 2.7360324678 0.0065479885
0.2720000000 0.3962189975 -0.0000803609 1.0944112575 6.9053431624 0.3962189975 -0.0000318405 2.7360281449 0.0069022928
0.2730000000 0.3962185099 -0.0000782377 1.0944096130 6.9053412831 0.3962185099 -0.0000309992 2.7360240336 0.0067591931
0.2740000000 0.3962180421 -0.0000762152 1.0944080471 6.9053395566 0.3962180421 -0.0000301978 2.7360201188 0.0062104112
0.2750000000 0.3962175914 -0.0000742811 1.0944065501 6.9053379656 0.3962175914 -0.0000294315 2.7360163763 0.0054712614
0.2760000000 0.3962171551 -0.0000724220 1.0944051116 6.9053364916 0.3962171551 -0.0000286949 2.7360127801 0.0047892252
0.2770000000 0.3962167312 -0.0000706271 1.0944037231 6.9053351194 0.3962167312 -0.0000279836 2.7360093088 0.0043534317
0.2780000000 0.3962163182 -0.0000688897 1.0944023796 6.9053338401 0.3962163182 -0.0000272952 2.7360059499 0.0042348470
0.2790000000 0.3962159157 -0.0000672078 1.0944010793 6.9053326509 0.3962159157 -0.0000266288 2.7360026992 0.0043767544
0.2800000000 0.3962155238 -0.0000655824 1.0943998232 6.9053315533 0.3962155238 -0.0000259848 2.7359995587 0.0046353568
0.2810000000 0.3962151431 -0.0000640153 1.0943986125 6.9053305502 0.3962151431 -0.0000253638 2.7359965320 0.0048487702
0.2820000000 0.3962147735 -0.0000625073 1.0943974479 6.9053296427 0.3962147735 -0.0000247663 2.7359936205 0.0049022265
0.2830000000 0.3962144148 -0.0000610569 1.0943963282 6.9053288291 0.3962144148 -0.0000241916 2.7359908213 0.0047638263
0.2840000000 0.3962140663 -0.0000596605 1.0943952507 6.9053281049 0.3962140663 -0.0000236383 2.7359881275 0.0044822760
0.2850000000 0.3962137269 -0.0000583135 1.0943942117 6.9053274637 0.3962137269 -0.0000231046 2.7359855299 0.0041544406
0.2860000000 0.3962133957 -0.0000570111 1.0943932075 6.9053268995 0.3962133957 -0.0000225885 2.7359830195 0.0038798423
0.2870000000 0.3962130720 -0.0000557496 1.0943922353 6.9053264077 0.3962130720 -0.0000220887 2.7359805888 0.0037209498
0.2880000000 0.3962127551 -0.0000545267 1.0943912932 6.9053259856 0.3962127551 -0.0000216042 2.7359782337 0.0036837044
0.2890000000 0.3962124450 -0.0000533416 1.0943903807 6.9053256326 0.3962124450 -0.0000211346 2.7359759522 0.0037236433
0.2900000000 0.3962121414 -0.0000521940 1.0943894973 6.9053253487 0.3962121414 -0.0000206799 2.7359737438 0.0037721018
0.2910000000 0.3962118444 -0.0000510834 1.0943886429 6.9053251341 0.3962118444 -0.0000202399 2.7359716078 0.0037689463
0.2920000000 0.3962115537 -0.0000500089 1.0943878167 6.9053249877 0.3962115537 -0.0000198141 2.7359695422 0.0036869883
0.2930000000 0.3962112689 -0.0000489689 1.0943870174 6.9053249077 0.3962112689 -0.0000194020 2.7359675439 0.0035387417
0.2940000000 0.3962109896 -0.0000479611 1.0943862433 6.9053248913 0.3962109896 -0.0000190027 2.7359656087 0.0033650510
0.2950000000 0.3962107153 -0.0000469834 1.0943854927 6.9053249360 0.3962107153 -0.0000186153 2.7359637322 0.0032128704
0.2960000000 0.3962104456 -0.0000460341 1.0943847642 6.9053250395 0.3962104456 -0.0000182392 2.7359619110 0.0031132203
0.2970000000 0.3962101803 -0.0000451117 1.0943840569 6.9053252004 0.3962101803 -0.0000178737 2.7359601427 0.0030691049
0.2980000000 0.3962099192 -0.0000442156 1.0943833701 6.9053254182 0.3962099192 -0.0000175187 2.7359584257 0.0030578254
0.2990000000 0.3962096621 -0.0000433453 1.0943827035 6.9053256925 0.3962096621 -0.0000171738 2.7359567590 0.0030450927
0.3000000000 0.3962094088 -0.0000425001 1.0943820565 6.9053260231 0.3962094088 -0.0000168389 2.7359551415 0.0030030092
0.3010000000 0.3962091593 -0.0000416793 1.0943814285 6.9053264094 0.3962091593 -0.0000165137 2.7359535716 0.0029228482
0.3020000000 0.3962089133 -0.0000408816 1.0943808187 6.9053268504 0.3962089133 -0.0000161977 2.7359520471 0.0028169492
0.3030000000 0.3962086704 -0.0000401060 1.0943802262 6.9053273449 0.3962086704 -0.0000158904 2.7359505657 0.0027098842
0.3040000000 0.3962084304 -0.0000393513 1.0943796499 6.9053278917 0.3962084304 -0.0000155913 2.7359491251 0.0026243779
0.3050000000 0.3962081931 -0.0000386165 1.0943790893 6.9053284900 0.3962081931 -0.0000153002 2.7359477235 0.0025696856
0.3060000000 0.3962079583 -0.0000379009 1.0943785437 6.9053291392 0.3962079583 -0.0000150166 2.7359463596 0.0025383194
0.3070000000 0.3962077260 -0.0000372042 1.0943780129 6.9053298390 0.3962077260 -0.0000147406 2.7359450326 0.0025121277
0.3080000000 0.3962074960 -0.0000365258 1.0943774965 6.9053305890 0.3962074960 -0.0000144718 2.7359437414 0.0024735340
0.3090000000 0.3962072681 -0.0000358651 1.0943769939 6.9053313890 0.3962072681 -0.0000142100 2.7359424850 0.0024151698
0.3100000000 0.3962070423 -0.0000352215 1.0943765047 6.9053322383 0.3962070423 -0.0000139550 2.7359412621 0.0023426212
0.3110000000 0.3962068183 -0.0000345943 1.0943760284 6.9053331365 0.3962068183 -0.0000137065 2.7359400712 0.0022694192
0.3120000000 0.3962065959 -0.0000339826 1.0943755642 6.9053340831 0.3962065959 -0.0000134641 2.7359389109 0.0022080214
0.3130000000 0.3962063751 -0.0000333860 1.0943751119 6.9053350781 0.3962063751 -0.0000132277 2.7359377800 0.0021625645
0.3140000000 0.3962061556 -0.0000328038 1.0943746710 6.9053361214 0.3962061556 -0.0000129971 2.7359366777 0.0021275939
0.3150000000 0.3962059373 -0.0000322359 1.0943742412 6.9053372131 0.3962059373 -0.0000127720 2.7359356031 0.0020929058
0.3160000000 0.3962057202 -0.0000316816 1.0943738221 6.9053383535 0.3962057202 -0.0000125524 2.7359345555 0.0020507833
0.3170000000 0.3962055040 -0.0000311406 1.0943734135 6.9053395424 0.3962055040 -0.0000123381 2.7359335340 0.0020006968
0.3180000000 0.3962052888 -0.0000306124 1.0943730150 6.9053407797 0.3962052888 -0.0000121288 2.7359325377 0.0019486552
0.3190000000 0.3962050742 -0.0000300965 1.0943726261 6.9053420654 0.3962050742 -0.0000119244 2.7359315655 0.0019021556
0.3200000000 0.3962048603 -0.0000295926 1.0943722467 6.9053433992 0.3962048603 -0.0000117247 2.7359306169 0.0018645795
0.3210000000 0.3962046469 -0.0000291001 1.0943718763 6.9053447813 0.3962046469 -0.0000115296 2.7359296909 0.0018329360
0.3220000000 0.3962044340 -0.0000286189 1.0943715148 6.9053462118 0.3962044340 -0.0000113389 2.7359287871 0.0018003021
0.3230000000 0.3962042213 -0.0000281486 1.0943711619 6.9053476908 0.3962042213 -0.0000111526 2.7359279048 0.0017609619
0.3240000000 0.3962040089 -0.0000276889 1.0943708172 6.9053492187 0.3962040089 -0.0000109704 2.7359270433 0.0017145210
0.3250000000 0.3962037966 -0.0000272393 1.0943704807 6.9053507958 0.3962037966 -0.0000107923 2.7359262018 0.0016662162
0.3260000000 0.3962035842 -0.0000267994 1.0943701518 6.9053524224 0.3962035842 -0.0000106180 2.7359253796 0.0016234153
0.3270000000 0.3962033716 -0.0000263690 1.0943698304 6.9053540992 0.3962033716 -0.0000104475 2.7359245761 0.0015908647
0.3280000000 0.3962031587 -0.0000259478 1.0943695162 6.9053558266 0.3962031587 -0.0000102806 2.7359237908 0.0015678430
0.3290000000 0.3962029455 -0.0000255355 1.0943692092 6.9053576052 0.3962029455 -0.0000101172 2.7359230231 0.0015488394
0.3300000000 0.3962027319 -0.0000251320 1.0943689091 6.9053594357 0.3962027319 -0.0000099574 2.7359222728 0.0015269366
0.3310000000 0.3962025176 -0.0000247370 1.0943686158 6.9053613184 0.3962025176 -0.0000098009 2.7359215395 0.0014975206
0.3320000000 0.3962023028 -0.0000243503 1.0943683290 6.9053632538 0.3962023028 -0.0000096476 2.7359208227 0.0014601869
0.3330000000 0.3962020872 -0.0000239716 1.0943680487 6.9053652421 0.3962020872 -0.0000094976 2.7359201218 0.0014182291
0.3340000000 0.3962018708 -0.0000236006 1.0943677744 6.9053672838 0.3962018708 -0.0000093506 2.7359194361 0.0013766390
0.3350000000 0.3962016534 -0.0000232370 1.0943675061 6.9053693794 0.3962016534 -0.0000092065 2.7359187653 0.0013400297
0.3360000000 0.3962014349 -0.0000228805 1.0943672435 6.9053715296 0.3962014349 -0.0000090653 2.7359181087 0.0013113247
0.3370000000 0.3962012153 -0.0000225309 1.0943669864 6.9053737354 0.3962012153 -0.0000089268 2.7359174661 0.0012911905
0.3380000000 0.3962009944 -0.0000221881 1.0943667348 6.9053759976 0.3962009944 -0.0000087910 2.7359168370 0.0012778611
0.3390000000 0.3962007721 -0.0000218520 1.0943664885 6.9053783177 0.3962007721 -0.0000086578 2.7359162213 0.0012672985
0.3400000000 0.3962005484 -0.0000215224 1.0943662475 6.9053806966 0.3962005484 -0.0000085272 2.7359156187 0.0012540663
0.3410000000 0.3962003231 -0.0000211993 1.0943660116 6.9053831355 0.3962003231 -0.0000083992 2.7359150291 0.0012331299
0.3420000000 0.3962000961 -0.0000208824 1.0943657808 6.9053856353 0.3962000961 -0.0000082736 2.7359144521 0.0012021233
0.3430000000 0.3961998673 -0.0000205715 1.0943655548 6.9053881968 0.3961998673 -0.0000081504 2.7359138872 0.0011629224
0.3440000000 0.3961996366 -0.0000202664 1.0943653336 6.9053908208 0.3961996366 -0.0000080295 2.7359133340 0.0011213882
0.3450000000 0.3961994040 -0.0000199668 1.0943651168 6.9053935078 0.3961994040 -0.0000079108 2.7359127920 0.0010850800
0.3460000000 0.3961991692 -0.0000196726 1.0943649043 6.9053962590 0.3961991692 -0.0000077943 2.7359122608 0.0010599357
0.3470000000 0.3961989322 -0.0000193835 1.0943646960 6.9053990753 0.3961989322 -0.0000076797 2.7359117401 0.0010476103
0.3480000000 0.3961986929 -0.0000190994 1.0943644919 6.9054019583 0.3961986929 -0.0000075672 2.7359112298 0.0010448059
0.3490000000 0.3961984511 -0.0000188204 1.0943642918 6.9054049095 0.3961984511 -0.0000074566 2.7359107297 0.0010448106
0.3500000000 0.3961982069 -0.0000185464 1.0943640959 6.9054079307 0.3961982069 -0.0000073480 2.7359102398 0.0010403347
0.3510000000 0.3961979599 -0.0000182773 1.0943639040 6.9054110237 0.3961979599 -0.0000072414 2.7359097599 0.0010262536
0.3520000000 0.3961977102 -0.0000180130 1.0943637160 6.9054141903 0.3961977102 -0.0000071367 2.7359092900 0.0010011855
0.3530000000 0.3961974575 -0.0000177534 1.0943635318 6.9054174319 0.3961974575 -0.0000070339 2.7359088296 0.0009675673
0.3540000000 0.3961972018 -0.0000174982 1.0943633513 6.9054207499 0.3961972018 -0.0000069328 2.7359083784 0.0009305150
0.3550000000 0.3961969429 -0.0000172473 1.0943631743 6.9054241457 0.3961969429 -0.0000068333 2.7359079359 0.0008960354
0.3560000000 0.3961966807 -0.0000170005 1.0943630007 6.9054276206 0.3961966807 -0.0000067355 2.7359075018 0.0008691639
0.3570000000 0.3961964150 -0.0000167576 1.0943628303 6.9054311760 0.3961964150 -0.0000066393 2.7359070759 0.0008525063
0.3580000000 0.3961961457 -0.0000165185 1.0943626631 6.9054348137 0.3961961457 -0.0000065446 2.7359066579 0.0008455551
0.3590000000 0.3961958728 -0.0000162832 1.0943624991 6.9054385357 0.3961958728 -0.0000064513 2.7359062478 0.0008449721
0.3600000000 0.3961955960 -0.0000160518 1.0943623382 6.9054423444 0.3961955960 -0.0000063596 2.7359058455 0.0008457481
0.3610000000 0.3961953153 -0.0000158241 1.0943621804 6.9054462422 0.3961953153 -0.0000062694 2.7359054511 0.0008428327
0.3620000000 0.3961950304 -0.0000156001 1.0943620257 6.9054502317 0.3961950304 -0.0000061807 2.7359050643 0.0008326606
0.3630000000 0.3961947412 -0.0000153799 1.0943618741 6.9054543157 0.3961947412 -0.0000060934 2.7359046852 0.0008140867
0.3640000000 0.3961944475 -0.0000151632 1.0943617253 6.9054584964 0.3961944475 -0.0000060076 2.7359043134 0.0007885082
0.3650000000 0.3961941491 -0.0000149499 1.0943615795 6.9054627761 0.3961941491 -0.0000059231 2.7359039487 0.0007592681
0.3660000000 0.3961938459 -0.0000147399 1.0943614363 6.9054671572 0.3961938459 -0.0000058399 2.7359035908 0.0007306096
0.3670000000 0.3961935377 -0.0000145331 1.0943612957 6.9054716417 0.3961935377 -0.0000057579 2.7359032394 0.0007065027
0.3680000000 0.3961932244 -0.0000143292 1.0943611577 6.9054762319 0.3961932244 -0.0000056771 2.7359028943 0.0006896151
0.3690000000 0.3961929057 -0.0000141284 1.0943610221 6.9054809306 0.3961929057 -0.0000055976 2.7359025553 0.0006806658
0.3700000000 0.3961925815 -0.0000139304 1.0943608889 6.9054857406 0.3961925815 -0.0000055191 2.7359022224 0.0006782972
0.3710000000 0.3961922516 -0.0000137353 1.0943607581 6.9054906653 0.3961922516 -0.0000054418 2.7359018954 0.0006795195
0.3720000000 0.3961919158 -0.0000135430 1.0943606298 6.9054957084 0.3961919158 -0.0000053656 2.7359015744 0.0006805826
0.3730000000 0.3961915739 -0.0000133537 1.0943605038 6.9055008737 0.3961915739 -0.0000052906 2.7359012595 0.0006780247
0.3740000000 0.3961912255 -0.0000131671 1.0943603801 6.9055061652 0.3961912255 -0.0000052167 2.7359009504 0.0006695746
0.3750000000 0.3961908706 -0.0000129834 1.0943602588 6.9055115866 0.3961908706 -0.0000051439 2.7359006471 0.0006546733
0.3760000000 0.3961905087 -0.0000128023 1.0943601398 6.9055171416 0.3961905087 -0.0000050722 2.7359003495 0.0006345095
0.3770000000 0.3961901399 -0.0000126239 1.0943600229 6.9055228337 0.3961901399 -0.0000050014 2.7359000573 0.0006116110
0.3780000000 0.3961897637 -0.0000124479 1.0943599081 6.9055286664 0.3961897637 -0.0000049317 2.7358997704 0.0005891376
0.3790000000 0.3961893799 -0.0000122743 1.0943597954 6.9055346436 0.3961893799 -0.0000048629 2.7358994885 0.0005700621
0.3800000000 0.3961889884 -0.0000121030 1.0943596845 6.9055407692 0.3961889884 -0.0000047951 2.7358992114 0.0005564454
0.3810000000 0.3961885887 -0.0000119339 1.0943595756 6.9055470480 0.3961885887 -0.0000047281 2.7358989391 0.0005489641
0.3820000000 0.3961881806 -0.0000117670 1.0943594685 6.9055534850 0.3961881806 -0.0000046620 2.7358986714 0.0005468142
0.3830000000 0.3961877638 -0.0000116023 1.0943593633 6.9055600859 0.3961877638 -0.0000045967 2.7358984084 0.0005479761
0.3840000000 0.3961873380 -0.0000114398 1.0943592600 6.9055668565 0.3961873380 -0.0000045323 2.7358981500 0.0005497762
0.3850000000 0.3961869027 -0.0000112795 1.0943591585 6.9055738026 0.3961869027 -0.0000044688 2.7358978962 0.0005495753
0.3860000000 0.3961864577 -0.0000111214 1.0943590588 6.9055809300 0.3961864577 -0.0000044061 2.7358976471 0.0005454015
0.3870000000 0.3961860026 -0.0000109653 1.0943589610 6.9055882443 0.3961860026 -0.0000043443 2.7358974025 0.0005363867
0.3880000000 0.3961855372 -0.0000108114 1.0943588649 6.9055957513 0.3961855372 -0.0000042833 2.7358971623 0.0005229119
0.3890000000 0.3961850610 -0.0000106595 1.0943587706 6.9056034568 0.3961850610 -0.0000042231 2.7358969265 0.0005064351
0.3900000000 0.3961845736 -0.0000105095 1.0943586779 6.9056113671 0.3961845736 -0.0000041637 2.7358966949 0.0004890821
0.3910000000 0.3961840747 -0.0000103613 1.0943585869 6.9056194890 0.3961840747 -0.0000041050 2.7358964673 0.0004730974
0.3920000000 0.3961835637 -0.0000102149 1.0943584974 6.9056278301 0.3961835637 -0.0000040470 2.7358962435 0.0004603118
0.3930000000 0.3961830403 -0.0000100702 1.0943584094 6.9056363987 0.3961830403 -0.0000039896 2.7358960236 0.0004517482
0.3940000000 0.3961825038 -0.0000099272 1.0943583229 6.9056452035 0.3961825038 -0.0000039330 2.7358958073 0.0004474462
0.3950000000 0.3961819538 -0.0000097858 1.0943582379 6.9056542536 0.3961819538 -0.0000038770 2.7358955947 0.0004465277
0.3960000000 0.3961813898 -0.0000096461 1.0943581543 6.9056635581 0.3961813898 -0.0000038216 2.7358953858 0.0004474552
0.3970000000 0.3961808111 -0.0000095081 1.0943580722 6.9056731258 0.3961808111 -0.0000037669 2.7358951805 0.0004484128
0.3980000000 0.3961802174 -0.0000093716 1.0943579915 6.9056829661 0.3961802174 -0.0000037129 2.7358949789 0.0004477092
0.3990000000 0.3961796080 -0.0000092368 1.0943579123 6.9056930882 0.3961796080 -0.0000036594 2.7358947808 0.0004441303
0.4000000000 0.3961789824 -0.0000091036 1.0943578346 6.9057035023 0.3961789824 -0.0000036067 2.7358945864 0.0004371625
0.4010000000 0.3961783399 -0.0000089720 1.0943577582 6.9057142194 0.3961783399 -0.0000035545 2.7358943955 0.0004270664
0.4020000000 0.3961776799 -0.0000088419 1.0943576832 6.9057252515 0.3961776799 -0.0000035030 2.7358942080 0.0004147865
0.4030000000 0.3961770015 -0.0000087133 1.0943576095 6.9057366116 0.3961770015 -0.0000034520 2.7358940238 0.0004017296
0.4040000000 0.3961763039 -0.0000085861 1.0943575371 6.9057483136 0.3961763039 -0.0000034016 2.7358938429 0.0003894503
0.4050000000 0.3961755864 -0.0000084602 1.0943574660 6.9057603717 0.3961755864 -0.0000033517 2.7358936650 0.0003793202
0.4060000000 0.3961748481 -0.0000083357 1.0943573960 6.9057728002 0.3961748481 -0.0000033024 2.7358934901 0.0003722439
0.4070000000 0.3961740881 -0.0000082124 1.0943573273 6.9057856139 0.3961740881 -0.0000032535 2.7358933182 0.0003684777
0.4080000000 0.3961733056 -0.0000080903 1.0943572597 6.9057988278 0.3961733056 -0.0000032052 2.7358931492 0.0003675950
0.4090000000 0.3961724996 -0.0000079695 1.0943571932 6.9058124578 0.3961724996 -0.0000031573 2.7358929831 0.0003685950
0.4100000000 0.3961716692 -0.0000078499 1.0943571280 6.9058265211 0.3961716692 -0.0000031099 2.7358928199 0.0003701322
0.4110000000 0.3961708133 -0.0000077316 1.0943570639 6.9058410364 0.3961708133 -0.0000030630 2.7358926597 0.0003708145
0.4120000000 0.3961699307 -0.0000076144 1.0943570009 6.9058560239 0.3961699307 -0.0000030166 2.7358925024 0.0003694923
0.4130000000 0.3961690202 -0.0000074985 1.0943569392 6.9058715055 0.3961690202 -0.0000029707 2.7358923480 0.0003654994
0.4140000000 0.3961680805 -0.0000073838 1.0943568786 6.9058875040 0.3961680805 -0.0000029252 2.7358921964 0.0003587674
0.4150000000 0.3961671102 -0.0000072703 1.0943568191 6.9059040428 0.3961671102 -0.0000028802 2.7358920477 0.0003498221
0.4160000000 0.3961661078 -0.0000071578 1.0943567607 6.9059211463 0.3961661078 -0.0000028357 2.7358919016 0.0003396416
0.4170000000 0.3961650721 -0.0000070465 1.0943567033 6.9059388393 0.3961650721 -0.0000027916 2.7358917582 0.0003294318
0.4180000000 0.3961640014 -0.0000069362 1.0943566470 6.9059571481 0.3961640014 -0.0000027479 2.7358916174 0.0003203590
0.4190000000 0.3961628941 -0.0000068268 1.0943565916 6.9059761011 0.3961628941 -0.0000027045 2.7358914790 0.0003133118
0.4200000000 0.3961617485 -0.0000067185 1.0943565372 6.9059957289 0.3961617485 -0.0000026616 2.7358913431 0.0003087382
0.4210000000 0.3961605626 -0.0000066111 1.0943564838 6.9060160653 0.3961605626 -0.0000026190 2.7358912095 0.0003065969
0.4220000000 0.3961593343 -0.0000065046 1.0943564313 6.9060371462 0.3961593343 -0.0000025769 2.7358910783 0.0003064115
0.4230000000 0.3961580614 -0.0000063991 1.0943563798 6.9060590101 0.3961580614 -0.0000025350 2.7358909495 0.0003074077
0.4240000000 0.3961567417 -0.0000062944 1.0943563292 6.9060816968 0.3961567417 -0.0000024936 2.7358908231 0.0003086824
0.4250000000 0.3961553728 -0.0000061907 1.0943562796 6.9061052482 0.3961553728 -0.0000024525 2.7358906990 0.0003093693
0.4260000000 0.3961539521 -0.0000060880 1.0943562309 6.9061297081 0.3961539521 -0.0000024118 2.7358905773 0.0003087670
0.4270000000 0.3961524769 -0.0000059861 1.0943561832 6.9061551230 0.3961524769 -0.0000023714 2.7358904579 0.0003064280
0.4280000000 0.3961509445 -0.0000058851 1.0943561364 6.9061815431 0.3961509445 -0.0000023314 2.7358903409 0.0003022074
0.4290000000 0.3961493515 -0.0000057849 1.0943560905 6.9062090233 0.3961493515 -0.0000022917 2.7358902262 0.0002962810
0.4300000000 0.3961476947 -0.0000056856 1.0943560455 6.9062376232 0.3961476947 -0.0000022523 2.7358901138 0.0002891298
0.4310000000 0.3961459704 -0.0000055871 1.0943560014 6.9062674069 0.3961459704 -0.0000022133 2.7358900035 0.0002814707
0.4320000000 0.3961441745 -0.0000054894 1.0943559582 6.9062984427 0.3961441745 -0.0000021746 2.7358898954 0.0002741429
0.4330000000 0.3961423030 -0.0000053923 1.0943559157 6.9063308028 0.3961423030 -0.0000021361 2.7358897893 0.0002679430
0.4340000000 0.3961403514 -0.0000052960 1.0943558741 6.9063645636 0.3961403514 -0.0000020980 2.7358896853 0.0002634563
0.4350000000 0.3961383152 -0.0000052004 1.0943558333 6.9063998067 0.3961383152 -0.0000020601 2.7358895832 0.0002609273
0.4360000000 0.3961361891 -0.0000051054 1.0943557933 6.9064366207 0.3961361891 -0.0000020224 2.7358894832 0.0002602024
0.4370000000 0.3961339677 -0.0000050112 1.0943557540 6.9064751020 0.3961339677 -0.0000019851 2.7358893851 0.0002607822
0.4380000000 0.3961316450 -0.0000049176 1.0943557156 6.9065153560 0.3961316450 -0.0000019480 2.7358892889 0.0002619546
0.4390000000 0.3961292143 -0.0000048247 1.0943556779 6.9065574975 0.3961292143 -0.0000019112 2.7358891947 0.0002629736
0.4400000000 0.3961266685 -0.0000047324 1.0943556410 6.9066016506 0.3961266685 -0.0000018746 2.7358891026 0.0002632182
0.4410000000 0.3961240000 -0.0000046409 1.0943556049 6.9066479489 0.3961240000 -0.0000018384 2.7358890123 0.0002622997
0.4420000000 0.3961212006 -0.0000045500 1.0943555696 6.9066965361 0.3961212006 -0.0000018023 2.7358889241 0.0002600913
0.4430000000 0.3961182613 -0.0000044597 1.0943555351 6.9067475674 0.3961182613 -0.0000017666 2.7358888377 0.0002566927
0.4440000000 0.3961151725 -0.0000043700 1.0943555013 6.9068012123 0.3961151725 -0.0000017310 2.7358887533 0.0002523723
0.4450000000 0.3961119234 -0.0000042809 1.0943554683 6.9068576567 0.3961119234 -0.0000016957 2.7358886708 0.0002474980
0.4460000000 0.3961085023 -0.0000041924 1.0943554360 6.9069171060 0.3961085023 -0.0000016606 2.7358885901 0.0002424929
0.4470000000 0.3961048962 -0.0000041044 1.0943554045 6.9069797860 0.3961048962 -0.0000016258 2.7358885112 0.0002377949
0.4480000000 0.3961010910 -0.0000040169 1.0943553736 6.9070459439 0.3961010910 -0.0000015911 2.7358884340 0.0002338184
0.4490000000 0.3960970712 -0.0000039299 1.0943553434 6.9071158500 0.3960970712 -0.0000015566 2.7358883586 0.0002308907
0.4500000000 0.3960928198 -0.0000038434 1.0943553140 6.9071898008 0.3960928198 -0.0000015223 2.7358882849 0.0002291832
0.4510000000 0.3960883180 -0.0000037574 1.0943552851 6.9072681231 0.3960883180 -0.0000014882 2.7358882129 0.0002286476
0.4520000000 0.3960835451 -0.0000036718 1.0943552570 6.9073511804 0.3960835451 -0.0000014543 2.7358881425 0.0002290007
0.4530000000 0.3960784777 -0.0000035867 1.0943552296 6.9074393784 0.3960784777 -0.0000014206 2.7358880739 0.0002297727
0.4540000000 0.3960730899 -0.0000035020 1.0943552028 6.9075331711 0.3960730899 -0.0000013871 2.7358880070 0.0002304234
0.4550000000 0.3960673527 -0.0000034179 1.0943551767 6.9076330663 0.3960673527 -0.0000013537 2.7358879417 0.0002304773
0.4560000000 0.3960612333 -0.0000033341 1.0943551513 6.9077396329 0.3960612333 -0.0000013205 2.7358878782 0.0002296447
0.4570000000 0.3960546951 -0.0000032509 1.0943551265 6.9078535108 0.3960546951 -0.0000012875 2.7358878163 0.0002278697
0.4580000000 0.3960476969 -0.0000031681 1.0943551024 6.9079754226 0.3960476969 -0.0000012547 2.7358877561 0.0002253104
0.4590000000 0.3960401913 -0.0000030857 1.0943550790 6.9081061907 0.3960401913 -0.0000012221 2.7358876976 0.0002222614
0.4600000000 0.3960321246 -0.0000030037 1.0943550562 6.9082467571 0.3960321246 -0.0000011896 2.7358876406 0.0002190611
0.4610000000 0.3960234344 -0.0000029221 1.0943550341 6.9083982090 0.3960234344 -0.0000011572 2.7358875853 0.0002160194
0.4620000000 0.3960140485 -0.0000028409 1.0943550126 6.9085618101 0.3960140485 -0.0000011250 2.7358875315 0.0002133823
0.4630000000 0.3960038818 -0.0000027599 1.0943549917 6.9087390430 0.3960038818 -0.0000010929 2.7358874793 0.0002113168
0.4640000000 0.3959928336 -0.0000026793 1.0943549714 6.9089316692 0.3959928336 -0.0000010610 2.7358874286 0.0002099132
0.4650000000 0.3959807823 -0.0000025990 1.0943549518 6.9091418115 0.3959807823 -0.0000010292 2.7358873794 0.0002091788
0.4660000000 0.3959675794 -0.0000025190 1.0943549327 6.9093720645 0.3959675794 -0.0000009974 2.7358873317 0.0002090306
0.4670000000 0.3959530415 -0.0000024393 1.0943549142 6.9096256347 0.3959530415 -0.0000009658 2.7358872856 0.0002092926
0.4680000000 0.3959369405 -0.0000023599 1.0943548964 6.9099065062 0.3959369405 -0.0000009344 2.7358872410 0.0002097123
0.4690000000 0.3959189938 -0.0000022807 1.0943548792 6.9102196174 0.3959189938 -0.0000009030 2.7358871979 0.0002099974
0.4700000000 0.3958988544 -0.0000022019 1.0943548625 6.9105710366 0.3958988544 -0.0000008717 2.7358871563 0.0002098837
0.4710000000 0.3958761001 -0.0000021234 1.0943548465 6.9109681427 0.3958761001 -0.0000008406 2.7358871162 0.0002091925
0.4720000000 0.3958502204 -0.0000020451 1.0943548311 6.9114198672 0.3958502204 -0.0000008096 2.7358870777 0.0002078966
0.4730000000 0.3958205924 -0.0000019671 1.0943548163 6.9119371070 0.3958205924 -0.0000007786 2.7358870406 0.0002061239
0.4740000000 0.3957864415 -0.0000018894 1.0943548020 6.9125334230 0.3957864415 -0.0000007478 2.7358870050 0.0002041222
0.4750000000 0.3957467819 -0.0000018120 1.0943547884 6.9132260724 0.3957467819 -0.0000007171 2.7358869709 0.0002021749
0.4760000000 0.3957003426 -0.0000017347 1.0943547753 6.9140373257 0.3957003426 -0.0000006864 2.7358869382 0.0002005155
0.4770000000 0.3956454797 -0.0000016577 1.0943547628 6.9149959933 0.3956454797 -0.0000006559 2.7358869070 0.0001992683
0.4780000000 0.3955800784 -0.0000015809 1.0943547509 6.9161391748 0.3955800784 -0.0000006254 2.7358868772 0.0001984548
0.4790000000 0.3955014343 -0.0000015042 1.0943547395 6.9175143547 0.3955014343 -0.0000005949 2.7358868488 0.0001980426
0.4800000000 0.3954061100 -0.0000014277 1.0943547287 6.9191819571 0.3954061100 -0.0000005645 2.7358868218 0.0001980010
0.4810000000 0.3952897667 -0.0000013514 1.0943547185 6.9212183730 0.3952897667 -0.0000005342 2.7358867962 0.0001983187
0.4820000000 0.3951469746 -0.0000012751 1.0943547088 6.9237193952 0.3951469746 -0.0000005039 2.7358867720 0.0001989616
0.4830000000 0.3949710062 -0.0000011991 1.0943546997 6.9268040087 0.3949710062 -0.0000004736 2.7358867492 0.0001998156
0.4840000000 0.3947536155 -0.0000011231 1.0943546912 6.9306185440 0.3947536155 -0.0000004434 2.7358867279 0.0002006530
0.4850000000 0.3944848068 -0.0000010473 1.0943546832 6.9353411360 0.3944848068 -0.0000004131 2.7358867080 0.0002011796
0.4860000000 0.3941526352 -0.0000009716 1.0943546758 6.9411858384 0.3941526352 -0.0000003830 2.7358866895 0.0002011443
0.4870000000 0.3937432007 -0.0000008961 1.0943546690 6.9484035979 0.3937432007 -0.0000003528 2.7358866725 0.0002004514
0.4880000000 0.3932412967 -0.0000008207 1.0943546627 6.9572719854 0.3932412967 -0.0000003227 2.7358866568 0.0001992105
0.4890000000 0.3926326050 -0.0000007454 1.0943546570 6.9680576898 0.3926326050 -0.0000002927 2.7358866426 0.0001976785
0.4900000000 0.3919084543 -0.0000006702 1.0943546519 6.9809329183 0.3919084543 -0.0000002627 2.7358866298 0.0001961242
0.4910000000 0.3910731850 -0.0000005951 1.0943546473 6.9958430375 0.3910731850 -0.0000002327 2.7358866183 0.0001947154
0.4920000000 0.3901519160 -0.0000005201 1.0943546433 7.0123623536 0.3901519160 -0.0000002029 2.7358866082 0.0001934861
0.4930000000 0.3891944362 -0.0000004452 1.0943546398 7.0296138513 0.3891944362 -0.0000001733 2.7358865995 0.0001924093
0.4940000000 0.3882713334 -0.0000003703 1.0943546368 7.0463265155 0.3882713334 -0.0000001438 2.7358865921 0.0001915041
0.4950000000 0.3874619727 -0.0000002955 1.0943546344 7.0610454149 0.3874619727 -0.0000001145 2.7358865861 0.0001908918
0.4960000000 0.3868385304 -0.0000002206 1.0943546325 7.0724252280 0.3868385304 -0.0000000853 2.7358865814 0.0001907501
0.4970000000 0.3864529212 -0.0000001458 1.0943546312 7.0794822030 0.3864529212 -0.0000000563 2.7358865780 0.0001912030
0.4980000000 0.3863321491 -0.0000000709 1.0943546304 7.0816953302 0.3863321491 -0.0000000274 2.7358865760 0.0001922177
0.4990000000 0.3864830032 0.0000000039 1.0943546301 7.0789311628 0.3864830032 0.0000000015 2.7358865753 0.0001934882
0.5000000000 0.3869021165 0.0000000788 1.0943546304 7.0712628842 0.3869021165 0.0000000305 2.7358865759 0.0001946191
0.5010000000 0.3875782789 0.0000001537 1.0943546312 7.0589264842 0.3875782789 0.0000000596 2.7358865780 0.0001954693
0.5020000000 0.3884789158 0.0000002285 1.0943546325 7.0425613081 0.3884789158 0.0000000888 2.7358865814 0.0001960013
0.5030000000 0.3895368700 0.0000003035 1.0943546345 7.0234342285 0.3895368700 0.0000001182 2.7358865861 0.0001961710
0.5040000000 0.3906553344 0.0000003784 1.0943546369 7.0033258253 0.3906553344 0.0000001478 2.7358865923 0.0001960212
0.5050000000 0.3917300370 0.0000004533 1.0943546399 6.9841123770 0.3917300370 0.0000001776 2.7358865998 0.0001956525
0.5060000000 0.3926763166 0.0000005283 1.0943546435 6.9672819393 0.3926763166 0.0000002075 2.7358866087 0.0001951897
0.5070000000 0.3934469427 0.0000006033 1.0943546476 6.9536354765 0.3934469427 0.0000002374 2.7358866190 0.0001947541
0.5080000000 0.3940342446 0.0000006784 1.0943546523 6.9432712217 0.3940342446 0.0000002673 2.7358866307 0.0001944604
0.5090000000 0.3944596589 0.0000007536 1.0943546575 6.9357831207 0.3944596589 0.0000002973 2.7358866437 0.0001944297
0.5100000000 0.3947586407 0.0000008288 1.0943546632 6.9305301425 0.3947586407 0.0000003272 2.7358866580 0.0001947841
0.5110000000 0.3949678968 0.0000009042 1.0943546695 6.9268583504 0.3949678968 0.0000003571 2.7358866738 0.0001956049
0.5120000000 0.3951180075 0.0000009796 1.0943546764 6.9242267851 0.3951180075 0.0000003871 2.7358866909 0.0001968640
0.5130000000 0.3952310565 0.0000010552 1.0943546838 6.9222462779 0.3952310565 0.0000004171 2.7358867095 0.0001983821
0.5140000000 0.3953213572 0.0000011310 1.0943546918 6.9206651232 0.3953213572 0.0000004471 2.7358867294 0.0001998578
0.5150000000 0.3953974126 0.0000012069 1.0943547003 6.9193339751 0.3953974126 0.0000004772 2.7358867507 0.0002009752
0.5160000000 0.3954639306 0.0000012830 1.0943547094 6.9181701841 0.3954639306 0.0000005074 2.7358867735 0.0002015271
0.5170000000 0.3955233948 0.0000013592 1.0943547191 6.9171301466 0.3955233948 0.0000005376 2.7358867977 0.0002014943
0.5180000000 0.3955771060 0.0000014356 1.0943547294 6.9161910070 0.3955771060 0.0000005679 2.7358868234 0.0002010358
0.5190000000 0.3956257951 0.0000015122 1.0943547402 6.9153399096 0.3956257951 0.0000005983 2.7358868505 0.0002004011
0.5200000000 0.3956699464 0.0000015890 1.0943547516 6.9145683258 0.3956699464 0.0000006287 2.7358868790 0.0001998263
0.5210000000 0.3957099501 0.0000016659 1.0943547636 6.9138693836 0.3957099501 0.0000006592 2.7358869089 0.0001994758
0.5220000000 0.3957461639 0.0000017430 1.0943547761 6.9132367907 0.3957461639 0.0000006898 2.7358869403 0.0001994469
0.5230000000 0.3957789315 0.0000018203 1.0943547893 6.9126645082 0.3957789315 0.0000007204 2.7358869731 0.0001998144
0.5240000000 0.3958085836 0.0000018977 1.0943548029 6.9121467317 0.3958085836 0.0000007511 2.7358870074 0.0002006598
0.5250000000 0.3958354335 0.0000019754 1.0943548172 6.9116779639 0.3958354335 0.0000007819 2.7358870430 0.0002020487
0.5260000000 0.3958597730 0.0000020534 1.0943548321 6.9112530915 0.3958597730 0.0000008128 2.7358870802 0.0002039706
0.5270000000 0.3958818694 0.0000021315 1.0943548475 6.9108674334 0.3958818694 0.0000008438 2.7358871187 0.0002062814
0.5280000000 0.3959019644 0.0000022100 1.0943548635 6.9105167566 0.3959019644 0.0000008749 2.7358871588 0.0002086982
0.5290000000 0.3959202747 0.0000022888 1.0943548801 6.9101972668 0.3959202747 0.0000009062 2.7358872004 0.0002108687
0.5300000000 0.3959369937 0.0000023678 1.0943548974 6.9099055839 0.3959369937 0.0000009375 2.7358872434 0.0002124827
0.5310000000 0.3959522925 0.0000024472 1.0943549152 6.9096387119 0.3959522925 0.0000009690 2.7358872881 0.0002133778
0.5320000000 0.3959663224 0.0000025269 1.0943549337 6.9093940051 0.3959663224 0.0000010006 2.7358873342 0.0002135899
0.5330000000 0.3959792169 0.0000026070 1.0943549528 6.9091691319 0.3959792169 0.0000010323 2.7358873819 0.0002133326
0.5340000000 0.3959910933 0.0000026873 1.0943549725 6.9089620380 0.3959910933 0.0000010642 2.7358874312 0.0002129206
0.5350000000 0.3960020555 0.0000027680 1.0943549928 6.9087709119 0.3960020555 0.0000010961 2.7358874820 0.0002126824
0.5360000000 0.3960121948 0.0000028490 1.0943550138 6.9085941545 0.3960121948 0.0000011283 2.7358875344 0.0002128799
0.5370000000 0.3960215922 0.0000029304 1.0943550353 6.9084303540 0.3960215922 0.0000011605 2.7358875883 0.0002136776
0.5380000000 0.3960303188 0.0000030121 1.0943550575 6.9082782647 0.3960303188 0.0000011929 2.7358876438 0.0002151378
0.5390000000 0.3960384378 0.0000030941 1.0943550803 6.9081367864 0.3960384378 0.0000012254 2.7358877008 0.0002172372
0.5400000000 0.3960460048 0.0000031765 1.0943551038 6.9080049443 0.3960460048 0.0000012580 2.7358877594 0.0002198890
0.5410000000 0.3960530696 0.0000032593 1.0943551279 6.9078818710 0.3960530696 0.0000012909 2.7358878197 0.0002229508
0.5420000000 0.3960596766 0.0000033425 1.0943551526 6.9077667918 0.3960596766 0.0000013238 2.7358878815 0.0002262240
0.5430000000 0.3960658654 0.0000034261 1.0943551780 6.9076590140 0.3960658654 0.0000013570 2.7358879450 0.0002294520
0.5440000000 0.3960716714 0.0000035102 1.0943552041 6.9075579191 0.3960716714 0.0000013903 2.7358880102 0.0002323389
0.5450000000 0.3960771263 0.0000035947 1.0943552308 6.9074629553 0.3960771263 0.0000014238 2.7358880771 0.0002345972
0.5460000000 0.3960822583 0.0000036798 1.0943552583 6.9073736290 0.3960822583 0.0000014575 2.7358881457 0.0002360230
0.5470000000 0.3960870928 0.0000037653 1.0943552864 6.9072894964 0.3960870928 0.0000014914 2.7358882161 0.0002365722
0.5480000000 0.3960916530 0.0000038514 1.0943553153 6.9072101550 0.3960916530 0.0000015255 2.7358882882 0.0002364118
0.5490000000 0.3960959598 0.0000039380 1.0943553448 6.9071352389 0.3960959598 0.0000015598 2.7358883620 0.0002359025
0.5500000000 0.3961000322 0.0000040250 1.0943553751 6.9070644154 0.3961000322 0.0000015943 2.7358884377 0.0002355280
0.5510000000 0.3961038876 0.0000041126 1.0943554060 6.9069973835 0.3961038876 0.0000016290 2.7358885150 0.0002357775
0.5520000000 0.3961075413 0.0000042007 1.0943554376 6.9069338717 0.3961075413 0.0000016639 2.7358885941 0.0002370297
0.5530000000 0.3961110076 0.0000042894 1.0943554700 6.9068736348 0.3961110076 0.0000016991 2.7358886750 0.0002394757
0.5540000000 0.3961142992 0.0000043785 1.0943555031 6.9068164493 0.3961142992 0.0000017344 2.7358887576 0.0002430880
0.5550000000 0.3961174279 0.0000044682 1.0943555368 6.9067621098 0.3961174279 0.0000017699 2.7358888421 0.0002476483
0.5560000000 0.3961204046 0.0000045585 1.0943555714 6.9067104265 0.3961204046 0.0000018057 2.7358889284 0.0002527908
0.5570000000 0.3961232393 0.0000046493 1.0943556066 6.9066612237 0.3961232393 0.0000018417 2.7358890166 0.0002580633
0.5580000000 0.3961259413 0.0000047408 1.0943556427 6.9066143402 0.3961259413 0.0000018780 2.7358891067 0.0002629822
0.5590000000 0.3961285190 0.0000048330 1.0943556795 6.9065696289 0.3961285190 0.0000019145 2.7358891987 0.0002670971
0.5600000000 0.3961309802 0.0000049258 1.0943557171 6.9065269564 0.3961309802 0.0000019512 2.7358892928 0.0002700573
0.5610000000 0.3961333317 0.0000050193 1.0943557556 6.9064862004 0.3961333317 0.0000019883 2.7358893889 0.0002716899
0.5620000000 0.3961355801 0.0000051135 1.0943557948 6.9064472478 0.3961355801 0.0000020256 2.7358894870 0.0002720592
0.5630000000 0.3961377315 0.0000052084 1.0943558349 6.9064099926 0.3961377315 0.0000020633 2.7358895872 0.0002714961
0.5640000000 0.3961397915 0.0000053041 1.0943558758 6.9063743352 0.3961397915 0.0000021012 2.7358896895 0.0002705645
0.5650000000 0.3961417656 0.0000054005 1.0943559175 6.9063401822 0.3961417656 0.0000021394 2.7358897937 0.0002699693
0.5660000000 0.3961436587 0.0000054976 1.0943559600 6.9063074474 0.3961436587 0.0000021779 2.7358899001 0.0002704174
0.5670000000 0.3961454752 0.0000055955 1.0943560034 6.9062760517 0.3961454752 0.0000022166 2.7358900085 0.0002724646
0.5680000000 0.3961472194 0.0000056941 1.0943560476 6.9062459229 0.3961472194 0.0000022557 2.7358901189 0.0002763881
0.5690000000 0.3961488951 0.0000057935 1.0943560926 6.9062169942 0.3961488951 0.0000022951 2.7358902315 0.0002821205
0.5700000000 0.3961505058 0.0000058937 1.0943561385 6.9061892035 0.3961505058 0.0000023348 2.7358903462 0.0002892513
0.5710000000 0.3961520550 0.0000059946 1.0943561852 6.9061624918 0.3961520550 0.0000023748 2.7358904631 0.0002971077
0.5720000000 0.3961535458 0.0000060964 1.0943562329 6.9061368026 0.3961535458 0.0000024151 2.7358905823 0.0003048753
0.5730000000 0.3961549814 0.0000061991 1.0943562815 6.9061120826 0.3961549814 0.0000024558 2.7358907038 0.0003117547
0.5740000000 0.3961563647 0.0000063027 1.0943563310 6.9060882816 0.3961563647 0.0000024968 2.7358908276 0.0003170988
0.5750000000 0.3961576982 0.0000064072 1.0943563816 6.9060653538 0.3961576982 0.0000025383 2.7358909539 0.0003205318
0.5760000000 0.3961589844 0.0000065127 1.0943564331 6.9060432567 0.3961589844 0.0000025801 2.7358910827 0.0003220199
0.5770000000 0.3961602255 0.0000066192 1.0943564856 6.9060219517 0.3961602255 0.0000026222 2.7358912139 0.0003218925
0.5780000000 0.3961614237 0.0000067266 1.0943565391 6.9060014023 0.3961614237 0.0000026648 2.7358913477 0.0003208070
0.5790000000 0.3961625809 0.0000068351 1.0943565936 6.9059815738 0.3961625809 0.0000027078 2.7358914839 0.0003196564
0.5800000000 0.3961636990 0.0000069445 1.0943566490 6.9059624328 0.3961636990 0.0000027512 2.7358916226 0.0003194251
0.5810000000 0.3961647799 0.0000070550 1.0943567055 6.9059439468 0.3961647799 0.0000027949 2.7358917638 0.0003210120
0.5820000000 0.3961658254 0.0000071664 1.0943567630 6.9059260848 0.3961658254 0.0000028391 2.7358919075 0.0003250364
0.5830000000 0.3961668371 0.0000072789 1.0943568215 6.9059088180 0.3961668371 0.0000028837 2.7358920537 0.0003316868
0.5840000000 0.3961678166 0.0000073925 1.0943568810 6.9058921197 0.3961678166 0.0000029287 2.7358922025 0.0003406382
0.5850000000 0.3961687652 0.0000075071 1.0943569416 6.9058759657 0.3961687652 0.0000029741 2.7358923540 0.0003510794
0.5860000000 0.3961696843 0.0000076229 1.0943570033 6.9058603337 0.3961696843 0.0000030200 2.7358925082 0.0003618591
0.5870000000 0.3961705751 0.0000077399 1.0943570661 6.9058452025 0.3961705751 0.0000030663 2.7358926652 0.0003717225
0.5880000000 0.3961714387 0.0000078581 1.0943571300 6.9058305517 0.3961714387 0.0000031131 2.7358928251 0.0003795918
0.5890000000 0.3961722764 0.0000079775 1.0943571952 6.9058163613 0.3961722764 0.0000031605 2.7358929880 0.0003848136
0.5900000000 0.3961730892 0.0000080983 1.0943572616 6.9058026113 0.3961730892 0.0000032083 2.7358931540 0.0003873115
0.5910000000 0.3961738783 0.0000082204 1.0943573292 6.9057892830 0.3961738783 0.0000032567 2.7358933230 0.0003876104
0.5920000000 0.3961746447 0.0000083438 1.0943573981 6.9057763584 0.3961746447 0.0000033056 2.7358934951 0.0003867231
0.5930000000 0.3961753893 0.0000084685 1.0943574681 6.9057638210 0.3961753893 0.0000033550 2.7358936703 0.0003859316
0.5940000000 0.3961761130 0.0000085945 1.0943575394 6.9057516559 0.3961761130 0.0000034049 2.7358938486 0.0003865322
0.5950000000 0.3961768166 0.0000087219 1.0943576120 6.9057398494 0.3961768166 0.0000034554 2.7358940300 0.0003895729
0.5960000000 0.3961775008 0.0000088506 1.0943576858 6.9057283886 0.3961775008 0.0000035064 2.7358942145 0.0003956544
0.5970000000 0.3961781664 0.0000089808 1.0943577608 6.9057172610 0.3961781664 0.0000035580 2.7358944021 0.0004048101
0.5980000000 0.3961788140 0.0000091123 1.0943578372 6.9057064543 0.3961788140 0.0000036101 2.7358945930 0.0004164854
0.5990000000 0.3961794444 0.0000092454 1.0943579149 6.9056959561 0.3961794444 0.0000036628 2.7358947872 0.0004296140
0.6000000000 0.3961800583 0.0000093800 1.0943579940 6.9056857543 0.3961800583 0.0000037162 2.7358949849 0.0004428040
0.6010000000 0.3961806564 0.0000095162 1.0943580745 6.9056758374 0.3961806564 0.0000037701 2.7358951862 0.0004545967
0.6020000000 0.3961812393 0.0000096540 1.0943581564 6.9056661944 0.3961812393 0.0000038247 2.7358953911 0.0004637741
0.6030000000 0.3961818076 0.0000097936 1.0943582399 6.9056568157 0.3961818076 0.0000038800 2.7358955998 0.0004696543
0.6040000000 0.3961823618 0.0000099349 1.0943583249 6.9056476922 0.3961823618 0.0000039360 2.7358958123 0.0004722960
0.6050000000 0.3961829024 0.0000100780 1.0943584115 6.9056388155 0.3961829024 0.0000039927 2.7358960287 0.0004725532
0.6060000000 0.3961834298 0.0000102228 1.0943584996 6.9056301779 0.3961834298 0.0000040501 2.7358962490 0.0004719378
0.6070000000 0.3961839446 0.0000103695 1.0943585893 6.9056217714 0.3961839446 0.0000041082 2.7358964732 0.0004723030
0.6080000000 0.3961844471 0.0000105179 1.0943586805 6.9056135882 0.3961844471 0.0000041670 2.7358967013 0.0004754136
0.6090000000 0.3961849378 0.0000106681 1.0943587733 6.9056056204 0.3961849378 0.0000042265 2.7358969333 0.0004825025
0.6100000000 0.3961854172 0.0000108201 1.0943588677 6.9055978602 0.3961854172 0.0000042868 2.7358971693 0.0004939351
0.6110000000 0.3961858857 0.0000109740 1.0943589637 6.9055903002 0.3961858857 0.0000043477 2.7358974094 0.0005090711
0.6120000000 0.3961863437 0.0000111299 1.0943590615 6.9055829334 0.3961863437 0.0000044095 2.7358976537 0.0005263764
0.6130000000 0.3961867917 0.0000112878 1.0943591609 6.9055757536 0.3961867917 0.0000044721 2.7358979024 0.0005437577
0.6140000000 0.3961872298 0.0000114478 1.0943592622 6.9055687553 0.3961872298 0.0000045355 2.7358981556 0.0005590590
0.6150000000 0.3961876586 0.0000116100 1.0943593654 6.9055619332 0.3961876586 0.0000045997 2.7358984135 0.0005705922
0.6160000000 0.3961880782 0.0000117745 1.0943594705 6.9055552825 0.3961880782 0.0000046649 2.7358986762 0.0005775725
0.6170000000 0.3961884890 0.0000119413 1.0943595775 6.9055487981 0.3961884890 0.0000047310 2.7358989438 0.0005803648
0.6180000000 0.3961888912 0.0000121104 1.0943596865 6.9055424752 0.3961888912 0.0000047980 2.7358992163 0.0005804454
0.6190000000 0.3961892852 0.0000122819 1.0943597975 6.9055363083 0.3961892852 0.0000048660 2.7358994938 0.0005800954
0.6200000000 0.3961896712 0.0000124558 1.0943599105 6.9055302924 0.3961896712 0.0000049349 2.7358997763 0.0005818696
0.6210000000 0.3961900496 0.0000126320 1.0943600255 6.9055244224 0.3961900496 0.0000050047 2.7359000637 0.0005879615
0.6220000000 0.3961904207 0.0000128107 1.0943601425 6.9055186935 0.3961904207 0.0000050755 2.7359003562 0.0005996337
0.6230000000 0.3961907846 0.0000129918 1.0943602615 6.9055131016 0.3961907846 0.0000051472 2.7359006539 0.0006168497
0.6240000000 0.3961911417 0.0000131754 1.0943603827 6.9055076428 0.3961911417 0.0000052200 2.7359009569 0.0006382235
0.6250000000 0.3961914921 0.0000133617 1.0943605061 6.9055023138 0.3961914921 0.0000052938 2.7359012654 0.0006613118
0.6260000000 0.3961918361 0.0000135507 1.0943606318 6.9054971114 0.3961918361 0.0000053687 2.7359015796 0.0006831872
0.6270000000 0.3961921738 0.0000137426 1.0943607599 6.9054920326 0.3961921738 0.0000054447 2.7359018998 0.0007011668
0.6280000000 0.3961925056 0.0000139375 1.0943608904 6.9054870742 0.3961925056 0.0000055219 2.7359022261 0.0007135168
0.6290000000 0.3961928315 0.0000141353 1.0943610235 6.9054822329 0.3961928315 0.0000056003 2.7359025587 0.0007199687
0.6300000000 0.3961931518 0.0000143363 1.0943611591 6.9054775053 0.3961931518 0.0000056800 2.7359028977 0.0007218759
0.6310000000 0.3961934668 0.0000145404 1.0943612973 6.9054728879 0.3961934668 0.0000057608 2.7359032432 0.0007219598
0.6320000000 0.3961937765 0.0000147476 1.0943614380 6.9054683774 0.3961937765 0.0000058429 2.7359035951 0.0007236592
0.6330000000 0.3961940813 0.0000149580 1.0943615814 6.9054639705 0.3961940813 0.0000059263 2.7359039535 0.0007302322
0.6340000000 0.3961943812 0.0000151716 1.0943617274 6.9054596646 0.3961943812 0.0000060109 2.7359043184 0.0007438443
0.6350000000 0.3961946764 0.0000153884 1.0943618760 6.9054554572 0.3961946764 0.0000060968 2.7359046901 0.0007648904
0.6360000000 0.3961949671 0.0000156086 1.0943620275 6.9054513462 0.3961949671 0.0000061841 2.7359050687 0.0007917692
0.6370000000 0.3961952534 0.0000158323 1.0943621818 6.9054473296 0.3961952534 0.0000062727 2.7359054544 0.0008212102
0.6380000000 0.3961955355 0.0000160597 1.0943623390 6.9054434054 0.3961955355 0.0000063628 2.7359058477 0.0008491184
0.6390000000 0.3961958135 0.0000162909 1.0943624994 6.9054395717 0.3961958135 0.0000064544 2.7359062487 0.0008717438
0.6400000000 0.3961960876 0.0000165260 1.0943626631 6.9054358264 0.3961960876 0.0000065475 2.7359066577 0.0008868500
0.6410000000 0.3961963580 0.0000167652 1.0943628300 6.9054321671 0.3961963580 0.0000066423 2.7359070750 0.0008945120
0.6420000000 0.3961966248 0.0000170084 1.0943630002 6.9054285916 0.3961966248 0.0000067387 2.7359075006 0.0008972283
0.6430000000 0.3961968881 0.0000172559 1.0943631739 6.9054250975 0.3961968881 0.0000068367 2.7359079347 0.0008992642
0.6440000000 0.3961971481 0.0000175075 1.0943633509 6.9054216828 0.3961971481 0.0000069364 2.7359083773 0.0009053681
0.6450000000 0.3961974049 0.0000177633 1.0943635314 6.9054183455 0.3961974049 0.0000070378 2.7359088284 0.0009192770
0.6460000000 0.3961976587 0.0000180234 1.0943637153 6.9054150840 0.3961976587 0.0000071408 2.7359092883 0.0009424841
0.6470000000 0.3961979094 0.0000182879 1.0943639029 6.9054118970 0.3961979094 0.0000072456 2.7359097572 0.0009736834
0.6480000000 0.3961981573 0.0000185571 1.0943640941 6.9054087831 0.3961981573 0.0000073523 2.7359102354 0.0010090863
0.6490000000 0.3961984025 0.0000188310 1.0943642893 6.9054057414 0.3961984025 0.0000074608 2.7359107233 0.0010435646
0.6500000000 0.3961986451 0.0000191100 1.0943644885 6.9054027705 0.3961986451 0.0000075714 2.7359112214 0.0010722957
0.6510000000 0.3961988852 0.0000193941 1.0943646919 6.9053998691 0.3961988852 0.0000076839 2.7359117299 0.0010924174
0.6520000000 0.3961991229 0.0000196836 1.0943648996 6.9053970359 0.3961991229 0.0000077986 2.7359122491 0.0011041092
0.6530000000 0.3961993585 0.0000199786 1.0943651117 6.9053942692 0.3961993585 0.0000079155 2.7359127793 0.0011106387
0.6540000000 0.3961995919 0.0000202790 1.0943653282 6.9053915675 0.3961995919 0.0000080345 2.7359133206 0.0011172619
0.6550000000 0.3961998232 0.0000205851 1.0943655492 6.9053889292 0.3961998232 0.0000081558 2.7359138731 0.0011293353
0.6560000000 0.3962000527 0.0000208968 1.0943657748 6.9053863530 0.3962000527 0.0000082793 2.7359144370 0.0011503616
0.6570000000 0.3962002804 0.0000212143 1.0943660050 6.9053838379 0.3962002804 0.0000084051 2.7359150126 0.0011807843
0.6580000000 0.3962005063 0.0000215379 1.0943662400 6.9053813830 0.3962005063 0.0000085333 2.7359156002 0.0012179783
0.6590000000 0.3962007306 0.0000218677 1.0943664801 6.9053789877 0.3962007306 0.0000086640 2.7359162002 0.0012573631
0.6600000000 0.3962009535 0.0000222041 1.0943667253 6.9053766512 0.3962009535 0.0000087973 2.7359168133 0.0012941085
0.6610000000 0.3962011749 0.0000225472 1.0943669759 6.9053743730 0.3962011749 0.0000089332 2.7359174398 0.0013247496
0.6620000000 0.3962013951 0.0000228972 1.0943672321 6.9053721523 0.3962013951 0.0000090719 2.7359180802 0.0013482296
0.6630000000 0.3962016140 0.0000232545 1.0943674939 6.9053699883 0.3962016140 0.0000092135 2.7359187349 0.0013661435
0.6640000000 0.3962018319 0.0000236190 1.0943677616 6.9053678800 0.3962018319 0.0000093579 2.7359194042 0.0013821907
0.6650000000 0.3962020488 0.0000239911 1.0943680353 6.9053658264 0.3962020488 0.0000095053 2.7359200884 0.0014009544
0.6660000000 0.3962022649 0.0000243708 1.0943683150 6.9053638265 0.3962022649 0.0000096558 2.7359207877 0.0014262824
0.6670000000 0.3962024801 0.0000247583 1.0943686010 6.9053618795 0.3962024801 0.0000098093 2.7359215026 0.0014597624
0.6680000000 0.3962026947 0.0000251540 1.0943688933 6.9053599847 0.3962026947 0.0000099661 2.7359222335 0.0014999623
0.6690000000 0.3962029087 0.0000255580 1.0943691924 6.9053581416 0.3962029087 0.0000101261 2.7359229810 0.0015429654
0.6700000000 0.3962031222 0.0000259707 1.0943694982 6.9053563499 0.3962031222 0.0000102897 2.7359237458 0.0015841329
0.6710000000 0.3962033354 0.0000263924 1.0943698113 6.9053546093 0.3962033354 0.0000104568 2.7359245283 0.0016203107
0.6720000000 0.3962035483 0.0000268235 1.0943701317 6.9053529197 0.3962035483 0.0000106276 2.7359253294 0.0016512772
0.6730000000 0.3962037611 0.0000272642 1.0943704597 6.9053512807 0.3962037611 0.0000108022 2.7359261494 0.0016795789
0.6740000000 0.3962039739 0.0000277147 1.0943707955 6.9053496921 0.3962039739 0.0000109807 2.7359269888 0.0017088657
0.6750000000 0.3962041866 0.0000281754 1.0943711393 6.9053481533 0.3962041866 0.0000111632 2.7359278483 0.0017418246
0.6760000000 0.3962043995 0.0000286465 1.0943714913 6.9053466639 0.3962043995 0.0000113499 2.7359287284 0.0017790516
0.6770000000 0.3962046127 0.0000291285 1.0943718518 6.9053452234 0.3962046127 0.0000115408 2.7359296296 0.0018194878
0.6780000000 0.3962048262 0.0000296215 1.0943722211 6.9053438316 0.3962048262 0.0000117362 2.7359305528 0.0018618659
0.6790000000 0.3962050403 0.0000301261 1.0943725994 6.9053424882 0.3962050403 0.0000119361 2.7359314987 0.0019058747
0.6800000000 0.3962052550 0.0000306425 1.0943729871 6.9053411928 0.3962052550 0.0000121407 2.7359324679 0.0019520409
0.6810000000 0.3962054704 0.0000311713 1.0943733845 6.9053399456 0.3962054704 0.0000123503 2.7359334615 0.0020004944
0.6820000000 0.3962056867 0.0000317129 1.0943737920 6.9053387465 0.3962056867 0.0000125648 2.7359344801 0.0020498264
0.6830000000 0.3962059040 0.0000322678 1.0943742098 6.9053375957 0.3962059040 0.0000127847 2.7359355248 0.0020973194
0.6840000000 0.3962061225 0.0000328364 1.0943746385 6.9053364935 0.3962061225 0.0000130100 2.7359365965 0.0021407558
0.6850000000 0.3962063422 0.0000334191 1.0943750783 6.9053354399 0.3962063422 0.0000132409 2.7359376960 0.0021805662
0.6860000000 0.3962065632 0.0000340165 1.0943755296 6.9053344352 0.3962065632 0.0000134776 2.7359388243 0.0022205228
0.6870000000 0.3962067857 0.0000346291 1.0943759928 6.9053334794 0.3962067857 0.0000137203 2.7359399822 0.0022660029
0.6880000000 0.3962070099 0.0000352572 1.0943764682 6.9053325727 0.3962070099 0.0000139691 2.7359411707 0.0023206659
0.6890000000 0.3962072358 0.0000359014 1.0943769563 6.9053317150 0.3962072358 0.0000142244 2.7359423910 0.0023837699
0.6900000000 0.3962074636 0.0000365625 1.0943774576 6.9053309068 0.3962074636 0.0000144863 2.7359436442 0.0024502058
0.6910000000 0.3962076936 0.0000372412 1.0943779726 6.9053301484 0.3962076936 0.0000147552 2.7359449317 0.0025135465
0.6920000000 0.3962079259 0.0000379380 1.0943785019 6.9053294402 0.3962079259 0.0000150314 2.7359462551 0.0025702207
0.6930000000 0.3962081606 0.0000386539 1.0943790461 6.9053287827 0.3962081606 0.0000153150 2.7359476155 0.0026219298
0.6940000000 0.3962083980 0.0000393894 1.0943796056 6.9053281765 0.3962083980 0.0000156064 2.7359490144 0.0026744796
0.6950000000 0.3962086381 0.0000401452 1.0943801811 6.9053276220 0.3962086381 0.0000159059 2.7359504530 0.0027336634
0.6960000000 0.3962088813 0.0000409221 1.0943807730 6.9053271200 0.3962088813 0.0000162137 2.7359519330 0.0028010406
0.6970000000 0.3962091275 0.0000417209 1.0943813822 6.9053266714 0.3962091275 0.0000165302 2.7359534558 0.0028726857
0.6980000000 0.3962093772 0.0000425425 1.0943820092 6.9053262771 0.3962093772 0.0000168558 2.7359550233 0.0029420263
0.6990000000 0.3962096303 0.0000433880 1.0943826548 6.9053259381 0.3962096303 0.0000171908 2.7359566374 0.0030049369
0.7000000000 0.3962098873 0.0000442582 1.0943833198 6.9053256553 0.3962098873 0.0000175356 2.7359582998 0.0030634679
0.7010000000 0.3962101483 0.0000451541 1.0943840048 6.9053254295 0.3962101483 0.0000178905 2.7359600125 0.0031252995
0.7020000000 0.3962104135 0.0000460766 1.0943847107 6.9053252616 0.3962104135 0.0000182560 2.7359617771 0.0031988861
0.7030000000 0.3962106831 0.0000470268 1.0943854382 6.9053251525 0.3962106831 0.0000186325 2.7359635960 0.0032874041
0.7040000000 0.3962109575 0.0000480060 1.0943861884 6.9053251035 0.3962109575 0.0000190205 2.7359654714 0.0033858062
0.7050000000 0.3962112370 0.0000490156 1.0943869623 6.9053251162 0.3962112370 0.0000194205 2.7359674063 0.0034834781
0.7060000000 0.3962115219 0.0000500572 1.0943877612 6.9053251923 0.3962115219 0.0000198332 2.7359694036 0.0035712653
0.7070000000 0.3962118125 0.0000511321 1.0943885862 6.9053253334 0.3962118125 0.0000202591 2.7359714661 0.0036483903
0.7080000000 0.3962121091 0.0000522418 1.0943894384 6.9053255412 0.3962121091 0.0000206989 2.7359735966 0.0037243372
0.7090000000 0.3962124120 0.0000533879 1.0943903190 6.9053258176 0.3962124120 0.0000211529 2.7359757980 0.0038136404
0.7100000000 0.3962127216 0.0000545719 1.0943912291 6.9053261644 0.3962127216 0.0000216221 2.7359780734 0.0039261282
0.7110000000 0.3962130384 0.0000557957 1.0943921704 6.9053265841 0.3962130384 0.0000221070 2.7359804267 0.0040586034
0.7120000000 0.3962133626 0.0000570616 1.0943931446 6.9053270794 0.3962133626 0.0000226086 2.7359828621 0.0041938083
0.7130000000 0.3962136950 0.0000583721 1.0943941536 6.9053276534 0.3962136950 0.0000231278 2.7359853846 0.0043085536
0.7140000000 0.3962140359 0.0000597296 1.0943951992 6.9053283089 0.3962140359 0.0000236657 2.7359879986 0.0043873154
0.7150000000 0.3962143859 0.0000611361 1.0943962831 6.9053290487 0.3962143859 0.0000242230 2.7359907084 0.0044337219
0.7160000000 0.3962147453 0.0000625936 1.0943974067 6.9053298746 0.3962147453 0.0000248005 2.7359935175 0.0044726171
0.7170000000 0.3962151145 0.0000641036 1.0943985714 6.9053307888 0.3962151145 0.0000253988 2.7359964293 0.0045400124
0.7180000000 0.3962154940 0.0000656684 1.0943997788 6.9053317938 0.3962154940 0.0000260188 2.7359994478 0.0046650031
0.7190000000 0.3962158843 0.0000672906 1.0944010310 6.9053328931 0.3962158843 0.0000266616 2.7360025784 0.0048529000
0.7200000000 0.3962162862 0.0000689742 1.0944023310 6.9053340918 0.3962162862 0.0000273287 2.7360058285 0.0050791383
0.7210000000 0.3962167006 0.0000707235 1.0944036825 6.9053353961 0.3962167006 0.0000280219 2.7360092071 0.0052983977
0.7220000000 0.3962171286 0.0000725438 1.0944050892 6.9053368130 0.3962171286 0.0000287431 2.7360127239 0.0054654748
0.7230000000 0.3962175711 0.0000744396 1.0944065548 6.9053383489 0.3962175711 0.0000294943 2.7360163880 0.0055580748
0.7240000000 0.3962180289 0.0000764148 1.0944080823 6.9053400091 0.3962180289 0.0000302769 2.7360202070 0.0055900634
0.7250000000 0.3962185026 0.0000784726 1.0944096743 6.9053417979 0.3962185026 0.0000310923 2.7360241869 0.0056077072
0.7260000000 0.3962189928 0.0000806158 1.0944113329 6.9053437192 0.3962189928 0.0000319415 2.7360283335 0.0056694182
0.7270000000 0.3962195003 0.0000828480 1.0944130609 6.9053457778 0.3962195003 0.0000328260 2.7360326535 0.0058180048
0.7280000000 0.3962200260 0.0000851741 1.0944148621 6.9053479804 0.3962200260 0.0000337477 2.7360371566 0.0060589751
0.7290000000 0.3962205714 0.0000876010 1.0944167419 6.9053503366 0.3962205714 0.0000347093 2.7360418563 0.0063561544
0.7300000000 0.3962211382 0.0000901373 1.0944187070 6.9053528581 0.3962211382 0.0000357143 2.7360467692 0.0066476110
0.7310000000 0.3962217283 0.0000927924 1.0944207648 6.9053555581 0.3962217283 0.0000367664 2.7360519136 0.0068750799
0.7320000000 0.3962223435 0.0000955755 1.0944229223 6.9053584492 0.3962223435 0.0000378691 2.7360573074 0.0070135962
0.7330000000 0.3962229855 0.0000984945 1.0944251858 6.9053615426 0.3962229855 0.0000390258 2.7360629664 0.0070875052
0.7340000000 0.3962236557 0.0001015568 1.0944275609 6.9053648483 0.3962236557 0.0000402392 2.7360689044 0.0071642801
0.7350000000 0.3962243557 0.0001047695 1.0944300534 6.9053683766 0.3962243557 0.0000415122 2.7360751356 0.0073268533
0.7360000000 0.3962250871 0.0001081418 1.0944326703 6.9053721402 0.3962250871 0.0000428485 2.7360816780 0.0076351306
0.7370000000 0.3962258528 0.0001116869 1.0944354218 6.9053761575 0.3962258528 0.0000442532 2.7360885570 0.0080934544
0.7380000000 0.3962266563 0.0001154227 1.0944383220 6.9053804537 0.3962266563 0.0000457335 2.7360958076 0.0086392876
0.7390000000 0.3962275021 0.0001193715 1.0944413883 6.9053850601 0.3962275021 0.0000472983 2.7361034735 0.0091596246
0.7400000000 0.3962283953 0.0001235584 1.0944446400 6.9053900116 0.3962283953 0.0000489573 2.7361116031 0.0095302332
0.7410000000 0.3962293407 0.0001280073 1.0944480961 6.9053953420 0.3962293407 0.0000507203 2.7361202434 0.0096641826
0.7420000000 0.3962303423 0.0001327383 1.0944517719 6.9054010790 0.3962303423 0.0000525949 2.7361294332 0.0095526607
0.7430000000 0.3962314029 0.0001377649 1.0944556782 6.9054072417 0.3962314029 0.0000545868 2.7361391992 0.0092823830
0.7440000000 0.3962325242 0.0001430953 1.0944598212 6.9054138413 0.3962325242 0.0000566990 2.7361495571 0.0090195097
0.7450000000 0.3962337074 0.0001487358 1.0944642060 6.9054208865 0.3962337074 0.0000589341 2.7361605193 0.0089605784
0.7460000000 0.3962349550 0.0001546982 1.0944688416 6.9054283937 0.3962349550 0.0000612969 2.7361721088 0.0092650126
0.7470000000 0.3962362719 0.0001610075 1.0944737476 6.9054363978 0.3962362719 0.0000637970 2.7361843741 0.0099944925
0.7480000000 0.3962376671 0.0001677080 1.0944789585 6.9054449612 0.3962376671 0.0000664522 2.7361974018 0.0110836462
0.7490000000 0.3962391541 0.0001748663 1.0944845262 6.9054541772 0.3962391541 0.0000692889 2.7362113215 0.0123530673
0.7500000000 0.3962407502 0.0001825692 1.0944905183 6.9054641676 0.3962407502 0.0000723414 2.7362263023 0.0135581064
0.7510000000 0.3962424758 0.0001909169 1.0944970129 6.9054750733 0.3962424758 0.0000756494 2.7362425394 0.0144557523
0.7520000000 0.3962443516 0.0002000127 1.0945040905 6.9054870394 0.3962443516 0.0000792539 2.7362602342 0.0148708890
0.7530000000 0.3962463965 0.0002099504 1.0945118242 6.9055001974 0.3962463965 0.0000831921 2.7362795693 0.0147480546
0.7540000000 0.3962486252 0.0002208023 1.0945202704 6.9055146490 0.3962486252 0.0000874926 2.7363006858 0.0141790382
0.7550000000 0.3962510467 0.0002326135 1.0945294643 6.9055304575 0.3962510467 0.0000921734 2.7363236715 0.0133978344
0.7560000000 0.3962536656 0.0002454070 1.0945394236 6.9055476548 0.3962536656 0.0000972434 2.7363485710 0.0127369571
0.7570000000 0.3962564859 0.0002592020 1.0945501635 6.9055662679 0.3962564859 0.0001027105 2.7363754221 0.0125493818
0.7580000000 0.3962595170 0.0002740455 1.0945617206 6.9055863627 0.3962595170 0.0001085931 2.7364043164 0.0131173150
0.7590000000 0.3962627815 0.0002900495 1.0945741821 6.9056080964 0.3962627815 0.0001149358 2.7364354720 0.0145801985
0.7600000000 0.3962663225 0.0003074279 1.0945877149 6.9056317696 0.3962663225 0.0001218233 2.7364693059 0.0169078397
0.7610000000 0.3962702106 0.0003265306 1.0946025915 6.9056578737 0.3962702106 0.0001293944 2.7365064999 0.0199232034
0.7620000000 0.3962745501 0.0003478755 1.0946192156 6.9056871363 0.3962745501 0.0001378542 2.7365480631 0.0233585838
0.7630000000 0.3962794866 0.0003721847 1.0946381501 6.9057205721 0.3962794866 0.0001474892 2.7365954027 0.0269206585
0.7640000000 0.3962852159 0.0004004302 1.0946601524 6.9057595471 0.3962852159 0.0001586846 2.7366504129 0.0303443578
0.7650000000 0.3962919964 0.0004338938 1.0946862218 6.9058058626 0.3962919964 0.0001719487 2.7367155918 0.0334255716
0.7660000000 0.3963001645 0.0004742449 1.0947176594 6.9058618650 0.3963001645 0.0001879433 2.7367941931 0.0360321715
0.7670000000 0.3963101544 0.0005236373 1.0947561442 6.9059305815 0.3963101544 0.0002075228 2.7368904149 0.0380987344
0.7680000000 0.3963225214 0.0005848260 1.0948038243 6.9060158854 0.3963225214 0.0002317797 2.7370096285 0.0396123314
0.7690000000 0.3963379695 0.0006613033 1.0948634225 6.9061226869 0.3963379695 0.0002620996 2.7371586429 0.0405958275
0.7700000000 0.3963573819 0.0007574498 1.0949383551 6.9062571464 0.3963573819 0.0003002208 2.7373460014 0.0410928675
0.7710000000 0.3963818536 0.0008786959 1.0950328579 6.9064269036 0.3963818536 0.0003482991 2.7375822978 0.0411564344
0.7720000000 0.3964127243 0.0010316842 1.0951521140 6.9066413067 0.3964127243 0.0004089727 2.7378804959 0.0408412392
0.7730000000 0.3964516087 0.0012244195 1.0953023715 6.9069116271 0.3964516087 0.0004854231 2.7382562260 0.0401993459
0.7740000000 0.3965004217 0.0014663895 1.0954910402 6.9072512333 0.3965004217 0.0005814241 2.7387280267 0.0392781622
0.7750000000 0.3965613924 0.0017686363 1.0957267491 6.9076756980 0.3965613924 0.0007013729 2.7393174931 0.0381199712
0.7760000000 0.3966370652 0.0021437543 1.0960193498 6.9082028047 0.3966370652 0.0008502924 2.7400492859 0.0367623511
0.7770000000 0.3967302807 0.0026057946 1.0963798461 6.9088524252 0.3967302807 0.0010337976 2.7409509621 0.0352390214
0.7780000000 0.3968441353 0.0031700556 1.0968202376 6.9096462411 0.3968441353 0.0012580180 2.7420525881 0.0335808052
0.7790000000 0.3969819151 0.0038527512 1.0973532690 6.9106072954 0.3969819151 0.0015294725 2.7433861188 0.0318165156
0.7800000000 0.3971470061 0.0046705561 1.0979920845 6.9117593762 0.3971470061 0.0018548974 2.7449845430 0.0299736479
0.7810000000 0.3973427832 0.0056400480 1.0987498026 6.9131262543 0.3973427832 0.0022410324 2.7468808264 0.0280788150
0.7820000000 0.3975724850 0.0067770770 1.0996390341 6.9147308200 0.3975724850 0.0026943794 2.7491067152 0.0261579018
0.7830000000 0.3978390833 0.0080961117 1.1006713803 6.9165941830 0.3978390833 0.0032209497 2.7516914893 0.0242359487
0.7840000000 0.3981451587 0.0096096175 1.1018569546 6.9187348123 0.3981451587 0.0038260227 2.7546607697 0.0223368057
0.7850000000 0.3984927940 0.0113275254 1.1032039705 6.9211677947 0.3984927940 0.0045139372 2.7580354922 0.0204826238
0.7860000000 0.3988834953 0.0132568416 1.1047184359 6.9239042812 0.3988834953 0.0052879353 2.7618311405 0.0186932715
0.7870000000 0.3993181473 0.0154014327 1.1064039788 6.9269511688 0.3993181473 0.0061500716 2.7660573070 0.0169857731
0.7880000000 0.3997970065 0.0177619989 1.1082618164 6.9303110378 0.3997970065 0.0071011940 2.7707176067 0.0153738565
0.7890000000 0.4003197293 0.0203362273 1.1102908608 6.9339823332 0.4003197293 0.0081409930 2.7758099305 0.0138676785
0.7900000000 0.4008854309 0.0231190961 1.1124879400 6.9379597535 0.4008854309 0.0092681088 2.7813269852 0.0124737649
0.7910000000 0.4014927654 0.0261032874 1.1148481039 6.9422347919 0.4014927654 0.0104802810 2.7872570445 0.0111951648
0.7920000000 0.4021400192 0.0292796632 1.1173649788 6.9467963665 0.4021400192 0.0117745243 2.7935848240 0.0100317911
0.7930000000 0.4028252076 0.0326377574 1.1200311376 6.9516314784 0.4028252076 0.0131473114 2.8002923934 0.0089808956
0.7940000000 0.4035461680 0.0361662471 1.1228384553 6.9567258468 0.4035461680 0.0145947504 2.8073600570 0.0080376173
0.7950000000 0.4043006432 0.0398533748 1.1257784300 6.9620644827 0.4043006432 0.0161127451 2.8147671485 0.0071955482
0.7960000000 0.4050863531 0.0436873059 1.1288424552 6.9676321770 0.4050863531 0.0176971314 2.8224927080 0.0064472671
0.7970000000 0.4059010509 0.0476564142 1.1320220402 6.9734138958 0.4059010509 0.0193437886 2.8305160283 0.0057848087
0.7980000000 0.4067425669 0.0517494970 1.1353089760 6.9793950801 0.4067425669 0.0210487233 2.8388170704 0.0052000507
0.7990000000 0.4076088390 0.0559559255 1.1386954539 6.9855618604 0.4076088390 0.0228081298 2.8473767597 0.0046850130
0.8000000000 0.4084979319 0.0602657403 1.1421741420 6.9919011964 0.4084979319 0.0246184303 2.8561771788 0.0042320725
0.8010000000 0.4094080483 0.0646697027 1.1457382277 6.9984009559 0.4094080483 0.0264762968 2.8652016764 0.0038341065
0.8020000000 0.4103375324 0.0691593105 1.1493814340 7.0050499460 0.4103375324 0.0283786608 2.8744349093 0.0034845738
0.8030000000 0.4112848691 0.0737267886 1.1530980153 7.0118379089 0.4112848691 0.0303227126 2.8838628364 0.0031775507
0.8040000000 0.4122486786 0.0783650620 1.1568827403 7.0187554928 0.4122486786 0.0323058933 2.8934726773 0.0029077317
0.8050000000 0.4132277097 0.0830677170 1.1607308647 7.0257942058 0.4132277097 0.0343258825 2.9032528482 0.0026704069
0.8060000000 0.4142208307 0.0878289556 1.1646380997 7.0329463600 0.4142208307 0.0363805829 2.9131928835 0.0024614246
0.8070000000 0.4152270206 0.0926435467 1.1686005760 7.0402050104 0.4152270206 0.0384681039 2.9232833509 0.0022771451
0.8080000000 0.4162453593 0.0975067770 1.1726148092 7.0475638923 0.4162453593 0.0405867434 2.9335157642 0.0021143910
0.8090000000 0.4172750183 0.1024144030 1.1766776636 7.0550173594 0.4172750183 0.0427349719 2.9438824974 0.0019703976
0.8100000000 0.4183152521 0.1073626049 1.1807863198 7.0625603249 0.4183152521 0.0449114151 2.9543767027 0.0018427642
0.8110000000 0.4193653898 0.1123479444 1.1849382422 7.0701882062 0.4193653898 0.0471148395 2.9649922331 0.0017294101
0.8120000000 0.4204248274 0.1173673248 1.1891311507 7.0778968733 0.4204248274 0.0493441373 2.9757235714 0.0016285332
0.8130000000 0.4214930209 0.1224179556 1.1933629939 7.0856826018 0.4214930209 0.0515983139 2.9865657649 0.0015385731
0.8140000000 0.4225694798 0.1274973197 1.1976319251 7.0935420307 0.4225694798 0.0538764760 2.9975143658 0.0014581793
0.8150000000 0.4236537617 0.1326031443 1.2019362803 7.1014721236 0.4236537617 0.0561778209 3.0085653785 0.0013861818
0.8160000000 0.4247454668 0.1377333750 1.2062745592 7.1094701345 0.4247454668 0.0585016267 3.0197152112 0.0013215666
0.8170000000 0.4258442339 0.1428861520 1.2106454075 7.1175335767 0.4258442339 0.0608472439 3.0309606329 0.0012634540
0.8180000000 0.4269497355 0.1480597896 1.2150476015 7.1256601955 0.4269497355 0.0632140880 3.0422987360 0.0012110798
0.8190000000 0.4280616752 0.1532527577 1.2194800344 7.1338479439 0.4280616752 0.0656016322 3.0537269015 0.0011637794
0.8200000000 0.4291797836 0.1584636655 1.2239417039 7.1420949604 0.4291797836 0.0680094017 3.0652427693 0.0011209739
0.8210000000 0.4303038158 0.1636912467 1.2284317014 7.1503995502 0.4303038158 0.0704369681 3.0768442110 0.0010821581
0.8220000000 0.4314335491 0.1689343467 1.2329492023 7.1587601675 0.4314335491 0.0728839448 3.0885293064 0.0010468908
0.8230000000 0.4325687804 0.1741919114 1.2374934574 7.1671754008 0.4325687804 0.0753499827 3.1002963221 0.0010147854
0.8240000000 0.4337093243 0.1794629767 1.2420637854 7.1756439589 0.4337093243 0.0778347664 3.1121436928 0.0009855031
0.8250000000 0.4348550114 0.1847466595 1.2466595660 7.1841646592 0.4348550114 0.0803380107 3.1240700045 0.0009587462
0.8260000000 0.4360056866 0.1900421500 1.2512802340 7.1927364166 0.4360056866 0.0828594581 3.1360739798 0.0009342527
0.8270000000 0.4371612079 0.1953487040 1.2559252738 7.2013582343 0.4371612079 0.0853988754 3.1481544644 0.0009117914
0.8280000000 0.4383214451 0.2006656372 1.2605942149 7.2100291954 0.4383214451 0.0879560521 3.1603104158 0.0008911583
0.8290000000 0.4394862783 0.2059923191 1.2652866271 7.2187484550 0.4394862783 0.0905307977 3.1725408923 0.0008721726
0.8300000000 0.4406555975 0.2113281679 1.2700021174 7.2275152334 0.4406555975 0.0931229401 3.1848450436 0.0008546742
0.8310000000 0.4418293014 0.2166726465 1.2747403260 7.2363288107 0.4418293014 0.0957323240 3.1972221030 0.0008385207
0.8320000000 0.4430072965 0.2220252576 1.2795009237 7.2451885207 0.4430072965 0.0983588091 3.2096713792 0.0008235854
0.8330000000 0.4441894967 0.2273855410 1.2842836089 7.2540937462 0.4441894967 0.1010022690 3.2221922499 0.0008097555
0.8340000000 0.4453758223 0.2327530698 1.2890881052 7.2630439151 0.4453758223 0.1036625898 3.2347841560 0.0007969302
0.8350000000 0.4465661997 0.2381274473 1.2939141594 7.2720384958 0.4465661997 0.1063396692 3.2474465954 0.0007850192
0.8360000000 0.4477605609 0.2435083052 1.2987615392 7.2810769944 0.4477605609 0.1090334153 3.2601791191 0.0007739417
0.8370000000 0.4489588427 0.2488953002 1.3036300317 7.2901589508 0.4489588427 0.1117437460 3.2729813259 0.0007636252
0.8380000000 0.4501609867 0.2542881127 1.3085194417 7.2992839366 0.4501609867 0.1144705877 3.2858528591 0.0007540044
0.8390000000 0.4513669386 0.2596864444 1.3134295901 7.3084515517 0.4513669386 0.1172138754 3.2987934025 0.0007450207
0.8400000000 0.4525766479 0.2650900167 1.3183603128 7.3176614227 0.4525766479 0.1199735512 3.3118026774 0.0007366211
0.8410000000 0.4537900680 0.2704985691 1.3233114595 7.3269132002 0.4537900680 0.1227495641 3.3248804396 0.0007287577
0.8420000000 0.4550071553 0.2759118578 1.3282828925 7.3362065573 0.4550071553 0.1255418695 3.3380264765 0.0007213873
0.8430000000 0.4562278693 0.2813296544 1.3332744856 7.3455411874 0.4562278693 0.1283504288 3.3512406050 0.0007144706
0.8440000000 0.4574521724 0.2867517446 1.3382861237 7.3549168033 0.4574521724 0.1311752085 3.3645226692 0.0007079721
0.8450000000 0.4586800293 0.2921779274 1.3433177014 7.3643331350 0.4586800293 0.1340161803 3.3778725383 0.0007018594
0.8460000000 0.4599114075 0.2976080138 1.3483691226 7.3737899289 0.4599114075 0.1368733205 3.3912901050 0.0006961033
0.8470000000 0.4611462765 0.3030418260 1.3534402998 7.3832869464 0.4611462765 0.1397466097 3.4047752834 0.0006906768
0.8480000000 0.4623846077 0.3084791967 1.3585311534 7.3928239629 0.4623846077 0.1426360323 3.4183280079 0.0006855556
0.8490000000 0.4636263747 0.3139199682 1.3636416112 7.4024007668 0.4636263747 0.1455415768 3.4319482316 0.0006807175
0.8500000000 0.4648715527 0.3193639920 1.3687716078 7.4120171585 0.4648715527 0.1484632348 3.4456359253 0.0006761419
0.8510000000 0.4661201187 0.3248111276 1.3739210843 7.4216729494 0.4661201187 0.1514010014 3.4593910758 0.0006718101
0.8520000000 0.4673720509 0.3302612426 1.3790899876 7.4313679616 0.4673720509 0.1543548743 3.4732136853 0.0006677052
0.8530000000 0.4686273294 0.3357142116 1.3842782702 7.4411020266 0.4686273294 0.1573248544 3.4871037702 0.0006638113
0.8540000000 0.4698859352 0.3411699161 1.3894858898 7.4508749852 0.4698859352 0.1603109451 3.5010613602 0.0006601141
0.8550000000 0.4711478508 0.3466282439 1.3947128088 7.4606866864 0.4711478508 0.1633131521 3.5150864977 0.0006566002
0.8560000000 0.4724130598 0.3520890887 1.3999589945 7.4705369872 0.4724130598 0.1663314837 3.5291792365 0.0006532574
0.8570000000 0.4736815469 0.3575523495 1.4052244180 7.4804257517 0.4736815469 0.1693659500 3.5433396416 0.0006500746
0.8580000000 0.4749532978 0.3630179308 1.4105090546 7.4903528511 0.4749532978 0.1724165634 3.5575677885 0.0006470412
0.8590000000 0.4762282992 0.3684857417 1.4158128833 7.5003181631 0.4762282992 0.1754833381 3.5718637622 0.0006441477
0.8600000000 0.4775065386 0.3739556960 1.4211358866 7.5103215712 0.4775065386 0.1785662900 3.5862276570 0.0006413852
0.8610000000 0.4787880044 0.3794277114 1.4264780502 7.5203629648 0.4787880044 0.1816654367 3.6006595759 0.0006387455
0.8620000000 0.4800726857 0.3849017100 1.4318393630 7.5304422385 0.4800726857 0.1847807976 3.6151596301 0.0006362210
0.8630000000 0.4813605726 0.3903776174 1.4372198169 7.5405592919 0.4813605726 0.1879123934 3.6297279384 0.0006338047
0.8640000000 0.4826516556 0.3958553628 1.4426194062 7.5507140294 0.4826516556 0.1910602462 3.6443646271 0.0006314899
0.8650000000 0.4839459259 0.4013348787 1.4480381282 7.5609063598 0.4839459259 0.1942243795 3.6590698293 0.0006292706
0.8660000000 0.4852433756 0.4068161007 1.4534759822 7.5711361959 0.4852433756 0.1974048179 3.6738436847 0.0006271411
0.8670000000 0.4865439970 0.4122989674 1.4589329703 7.5814034547 0.4865439970 0.2006015875 3.6886863395 0.0006250962
0.8680000000 0.4878477831 0.4177834201 1.4644090964 7.5917080566 0.4878477831 0.2038147153 3.7035979454 0.0006231311
0.8690000000 0.4891547275 0.4232694027 1.4699043665 7.6020499256 0.4891547275 0.2070442294 3.7185786600 0.0006212411
0.8700000000 0.4904648243 0.4287568618 1.4754187888 7.6124289889 0.4904648243 0.2102901589 3.7336286462 0.0006194219
0.8710000000 0.4917780678 0.4342457459 1.4809523730 7.6228451768 0.4917780678 0.2135525339 3.7487480722 0.0006176697
0.8720000000 0.4930944531 0.4397360061 1.4865051308 7.6332984226 0.4930944531 0.2168313854 3.7639371107 0.0006159806
0.8730000000 0.4944139754 0.4452275954 1.4920770755 7.6437886622 0.4944139754 0.2201267454 3.7791959395 0.0006143512
0.8740000000 0.4957366305 0.4507204688 1.4976682219 7.6543158342 0.4957366305 0.2234386465 3.7945247404 0.0006127784
0.8750000000 0.4970624145 0.4562145831 1.5032785863 7.6648798798 0.4970624145 0.2267671222 3.8099236998 0.0006112589
0.8760000000 0.4983913238 0.4617098970 1.5089081866 7.6754807424 0.4983913238 0.2301122068 3.8253930081 0.0006097901
0.8770000000 0.4997233553 0.4672063709 1.5145570418 7.6861183676 0.4997233553 0.2334739353 3.8409328595 0.0006083691
0.8780000000 0.5010585059 0.4727039666 1.5202251724 7.6967927032 0.5010585059 0.2368523432 3.8565434520 0.0006069936
0.8790000000 0.5023967731 0.4782026475 1.5259125999 7.7075036991 0.5023967731 0.2402474670 3.8722249872 0.0006056611
0.8800000000 0.5037381546 0.4837023785 1.5316193473 7.7182513068 0.5037381546 0.2436593435 3.8879776702 0.0006043695
0.8810000000 0.5050826483 0.4892031258 1.5373454383 7.7290354799 0.5050826483 0.2470880103 3.9038017092 0.0006031167
0.8820000000 0.5064302525 0.4947048568 1.5430908980 7.7398561735 0.5064302525 0.2505335055 3.9196973159 0.0006019007
0.8830000000 0.5077809654 0.5002075404 1.5488557523 7.7507133443 0.5077809654 0.2539958678 3.9356647049 0.0006007197
0.8840000000 0.5091347860 0.5057111464 1.5546400282 7.7616069506 0.5091347860 0.2574751363 3.9517040937 0.0005995720
0.8850000000 0.5104917130 0.5112156457 1.5604437536 7.7725369520 0.5104917130 0.2609713507 3.9678157029 0.0005984559
0.8860000000 0.5118517455 0.5167210106 1.5662669573 7.7835033097 0.5118517455 0.2644845512 3.9839997556 0.0005973699
0.8870000000 0.5132148830 0.5222272140 1.5721096688 7.7945059861 0.5132148830 0.2680147785 4.0002564777 0.0005963126
0.8880000000 0.5145811248 0.5277342300 1.5779719187 7.8055449448 0.5145811248 0.2715620737 4.0165860976 0.0005952825
0.8890000000 0.5159504707 0.5332420335 1.5838537380 7.8166201508 0.5159504707 0.2751264782 4.0329888464 0.0005942785
0.8900000000 0.5173229206 0.5387506004 1.5897551588 7.8277315699 0.5173229206 0.2787080341 4.0494649574 0.0005932992
0.8910000000 0.5186984744 0.5442599073 1.5956762137 7.8388791695 0.5186984744 0.2823067836 4.0660146663 0.0005923435
0.8920000000 0.5200771324 0.5497699317 1.6016169361 7.8500629175 0.5200771324 0.2859227695 4.0826382110 0.0005914103
0.8930000000 0.5214588948 0.5552806517 1.6075773600 7.8612827833 0.5214588948 0.2895560349 4.0993358319 0.0005904987
0.8940000000 0.5228437622 0.5607920463 1.6135575200 7.8725387367 0.5228437622 0.2932066233 4.1161077711 0.0005896075
0.8950000000 0.5242317352 0.5663040952 1.6195574514 7.8838307488 0.5242317352 0.2968745784 4.1329542733 0.0005887359
0.8960000000 0.5256228145 0.5718167785 1.6255771900 7.8951587914 0.5256228145 0.3005599445 4.1498755846 0.0005878830
0.8970000000 0.5270170010 0.5773300773 1.6316167723 7.9065228370 0.5270170010 0.3042627659 4.1668719537 0.0005870479
0.8980000000 0.5284142957 0.5828439731 1.6376762351 7.9179228590 0.5284142957 0.3079830875 4.1839436309 0.0005862300
0.8990000000 0.5298146997 0.5883584479 1.6437556159 7.9293588313 0.5298146997 0.3117209544 4.2010908683 0.0005854283
0.9000000000 0.5312182143 0.5938734844 1.6498549528 7.9408307289 0.5312182143 0.3154764119 4.2183139200 0.0005846423
0.9010000000 0.5326248408 0.5993890658 1.6559742841 7.9523385271 0.5326248408 0.3192495057 4.2356130418 0.0005838712
0.9020000000 0.5340345805 0.6049051758 1.6621136488 7.9638822022 0.5340345805 0.3230402818 4.2529884913 0.0005831144
0.9030000000 0.5354474351 0.6104217985 1.6682730863 7.9754617307 0.5354474351 0.3268487864 4.2704405278 0.0005823713
0.9040000000 0.5368634062 0.6159389187 1.6744526364 7.9870770900 0.5368634062 0.3306750659 4.2879694122 0.0005816412
0.9050000000 0.5382824954 0.6214565213 1.6806523392 7.9987282580 0.5382824954 0.3345191671 4.3055754070 0.0005809236
0.9060000000 0.5397047046 0.6269745919 1.6868722355 8.0104152131 0.5397047046 0.3383811369 4.3232587764 0.0005802181
0.9070000000 0.5411300356 0.6324931165 1.6931123663 8.0221379343 0.5411300356 0.3422610226 4.3410197861 0.0005795240
0.9080000000 0.5425584904 0.6380120812 1.6993727729 8.0338964008 0.5425584904 0.3461588717 4.3588587034 0.0005788410
0.9090000000 0.5439900710 0.6435314729 1.7056534973 8.0456905927 0.5439900710 0.3500747317 4.3767757970 0.0005781686
0.9100000000 0.5454247796 0.6490512785 1.7119545814 8.0575204900 0.5454247796 0.3540086505 4.3947713370 0.0005775062
0.9110000000 0.5468626182 0.6545714855 1.7182760678 8.0693860735 0.5468626182 0.3579606764 4.4128455953 0.0005768536
0.9120000000 0.5483035891 0.6600920816 1.7246179992 8.0812873243 0.5483035891 0.3619308575 4.4309988447 0.0005762102
0.9130000000 0.5497476947 0.6656130549 1.7309804190 8.0932242238 0.5497476947 0.3659192425 4.4492313598 0.0005755758
0.9140000000 0.5511949373 0.6711343936 1.7373633703 8.1051967537 0.5511949373 0.3699258800 4.4675434164 0.0005749499
0.9150000000 0.5526453193 0.6766560864 1.7437668972 8.1172048964 0.5526453193 0.3739508189 4.4859352917 0.0005743322
0.9160000000 0.5540988432 0.6821781223 1.7501910435 8.1292486342 0.5540988432 0.3779941084 4.5044072642 0.0005737224
0.9170000000 0.5555555115 0.6877004905 1.7566358536 8.1413279501 0.5555555115 0.3820557977 4.5229596137 0.0005731201
0.9180000000 0.5570153268 0.6932231803 1.7631013721 8.1534428272 0.5570153268 0.3861359364 4.5415926211 0.0005725250
0.9190000000 0.5584782918 0.6987461816 1.7695876439 8.1655932489 0.5584782918 0.3902345739 4.5603065690 0.0005719368
0.9200000000 0.5599444090 0.7042694842 1.7760947141 8.1777791989 0.5599444090 0.3943517601 4.5791017407 0.0005713554
0.9210000000 0.5614136813 0.7097930784 1.7826226282 8.1900006612 0.5614136813 0.3984875451 4.5979784212 0.0005707803
0.9220000000 0.5628861114 0.7153169545 1.7891714318 8.2022576199 0.5628861114 0.4026419789 4.6169368965 0.0005702114
0.9230000000 0.5643617021 0.7208411031 1.7957411706 8.2145500594 0.5643617021 0.4068151119 4.6359774536 0.0005696483
0.9240000000 0.5658404563 0.7263655151 1.8023318910 8.2268779642 0.5658404563 0.4110069945 4.6551003810 0.0005690909
0.9250000000 0.5673223768 0.7318901814 1.8089436391 8.2392413192 0.5673223768 0.4152176772 4.6743059682 0.0005685388
0.9260000000 0.5688074666 0.7374150932 1.8155764615 8.2516401094 0.5688074666 0.4194472110 4.6935945059 0.0005679920
0.9270000000 0.5702957286 0.7429402420 1.8222304050 8.2640743200 0.5702957286 0.4236956466 4.7129662857 0.0005674501
0.9280000000 0.5717871659 0.7484656192 1.8289055167 8.2765439363 0.5717871659 0.4279630352 4.7324216007 0.0005669130
0.9290000000 0.5732817814 0.7539912166 1.8356018435 8.2890489439 0.5732817814 0.4322494278 4.7519607448 0.0005663804
0.9300000000 0.5747795782 0.7595170260 1.8423194330 8.3015893285 0.5747795782 0.4365548759 4.7715840130 0.0005658522
0.9310000000 0.5762805595 0.7650430395 1.8490583327 8.3141650759 0.5762805595 0.4408794308 4.7912917016 0.0005653282
0.9320000000 0.5777847282 0.7705692492 1.8558185903 8.3267761722 0.5777847282 0.4452231442 4.8110841076 0.0005648082
0.9330000000 0.5792920876 0.7760956474 1.8626002537 8.3394226034 0.5792920876 0.4495860678 4.8309615294 0.0005642921
0.9340000000 0.5808026408 0.7816222266 1.8694033711 8.3521043558 0.5808026408 0.4539682533 4.8509242661 0.0005637796
0.9350000000 0.5823163910 0.7871489794 1.8762279907 8.3648214156 0.5823163910 0.4583697529 4.8709726182 0.0005632706
0.9360000000 0.5838333414 0.7926758984 1.8830741609 8.3775737692 0.5838333414 0.4627906185 4.8911068869 0.0005627650
0.9370000000 0.5853534953 0.7982029765 1.8899419304 8.3903614032 0.5853534953 0.4672309023 4.9113273744 0.0005622625
0.9380000000 0.5868768559 0.8037302066 1.8968313479 8.4031843041 0.5868768559 0.4716906567 4.9316343842 0.0005617631
0.9390000000 0.5884034265 0.8092575818 1.9037424623 8.4160424584 0.5884034265 0.4761699341 4.9520282203 0.0005612667
0.9400000000 0.5899332104 0.8147850951 1.9106753226 8.4289358531 0.5899332104 0.4806687869 4.9725091881 0.0005607730
0.9410000000 0.5914662109 0.8203127398 1.9176299780 8.4418644747 0.5914662109 0.4851872680 4.9930775936 0.0005602819
0.9420000000 0.5930024313 0.8258405093 1.9246064780 8.4548283102 0.5930024313 0.4897254299 5.0137337441 0.0005597934
0.9430000000 0.5945418750 0.8313683969 1.9316048718 8.4678273464 0.5945418750 0.4942833255 5.0344779475 0.0005593072
0.9440000000 0.5960845453 0.8368963963 1.9386252092 8.4808615704 0.5960845453 0.4988610078 5.0553105128 0.0005588233
0.9450000000 0.5976304456 0.8424245009 1.9456675398 8.4939309690 0.5976304456 0.5034585298 5.0762317498 0.0005583415
0.9460000000 0.5991795793 0.8479527044 1.9527319135 8.5070355293 0.5991795793 0.5080759447 5.0972419694 0.0005578617
0.9470000000 0.6007319498 0.8534810007 1.9598183802 8.5201752382 0.6007319498 0.5127133056 5.1183414831 0.0005573839
0.9480000000 0.6022875604 0.8590093834 1.9669269901 8.5333500827 0.6022875604 0.5173706659 5.1395306036 0.0005569078
0.9490000000 0.6038464147 0.8645378466 1.9740577933 8.5465600497 0.6038464147 0.5220480791 5.1608096442 0.0005564334
0.9500000000 0.6054085160 0.8700663841 1.9812108400 8.5598051263 0.6054085160 0.5267455985 5.1821789192 0.0005559606
0.9510000000 0.6069738679 0.8755949899 1.9883861808 8.5730852994 0.6069738679 0.5314632777 5.2036387437 0.0005554893
0.9520000000 0.6085424736 0.8811236581 1.9955838661 8.5864005560 0.6085424736 0.5362011705 5.2251894336 0.0005550192
0.9530000000 0.6101143367 0.8866523829 2.0028039464 8.5997508830 0.6101143367 0.5409593305 5.2468313058 0.0005545504
0.9540000000 0.6116894606 0.8921811583 2.0100464725 8.6131362673 0.6116894606 0.5457378115 5.2685646777 0.0005540824
0.9550000000 0.6132678488 0.8977099787 2.0173114951 8.6265566959 0.6132678488 0.5505366675 5.2903898679 0.0005536150
0.9560000000 0.6148495048 0.9032388382 2.0245990651 8.6400121555 0.6148495048 0.5553559524 5.3123071953 0.0005531472
0.9570000000 0.6164344319 0.9087677313 2.0319092332 8.6535026329 0.6164344319 0.5601957202 5.3343169797 0.0005526773
0.9580000000 0.6180226337 0.9142966524 2.0392420502 8.6670281147 0.6180226337 0.5650560251 5.3564195415 0.0005522017
0.9590000000 0.6196141133 0.9198255964 2.0465975666 8.6805885874 0.6196141133 0.5699369214 5.3786152009 0.0005517133
0.9600000000 0.6212088742 0.9253545586 2.0539758325 8.6941840371 0.6212088742 0.5748384636 5.4009042777 0.0005511982
0.9610000000 0.6228069192 0.9308835350 2.0613768967 8.7078144492 0.6228069192 0.5797607065 5.4232870896 0.0005506312
0.9620000000 0.6244082507 0.9364125238 2.0688008055 8.7214798079 0.6244082507 0.5847037059 5.4457639501 0.0005499682
0.9630000000 0.6260128702 0.9419415262 2.0762476010 8.7351800957 0.6260128702 0.5896675184 5.4683351636 0.0005491369
0.9640000000 0.6276207777 0.9474705490 2.0837173178 8.7489152916 0.6276207777 0.5946522028 5.4910010189 0.0005480272
0.9650000000 0.6292319701 0.9529996082 2.0912099776 8.7626853693 0.6292319701 0.5996578209 5.5137617781 0.0005464866
0.9660000000 0.6308464405 0.9585287337 2.0987255830 8.7764902948 0.6308464405 0.6046844398 5.5366176626 0.0005443297
0.9670000000 0.6324641760 0.9640579751 2.1062641089 8.7903300231 0.6324641760 0.6097321329 5.5595688350 0.0005413746
0.9680000000 0.6340851563 0.9695874068 2.1138254954 8.8042044951 0.6340851563 0.6148009824 5.5826153835 0.0005375203
0.9690000000 0.6357093527 0.9751171305 2.1214096430 8.8181136384 0.6357093527 0.6198910799 5.6057573130 0.0005328673
0.9700000000 0.6373367295 0.9806472708 2.1290164191 8.8320573678 0.6373367295 0.6250025244 5.6289945577 0.0005278610
0.9710000000 0.6389672485 0.9861779594 2.1366456784 8.8460355978 0.6389672485 0.6301354172 5.6523270260 0.0005233941
0.9720000000 0.6406008776 0.9917093057 2.1442973037 8.8600482552 0.6406008776 0.6352898516 5.6757546881 0.0005207667
0.9730000000 0.6422376031 0.9972413564 2.1519712633 8.8740953062 0.6422376031 0.6404658984 5.6992776988 0.0005213909
0.9740000000 0.6438774424 1.0027740525 2.1596676716 8.8881767717 0.6438774424 0.6456635922 5.7228965275 0.0005262067
0.9750000000 0.6455204518 1.0083072052 2.1673868262 8.9022927471 0.6455204518 0.6508829226 5.7466120358 0.0005349490
0.9760000000 0.6471667226 1.0138405109 2.1751291896 8.9164433793 0.6471667226 0.6561238406 5.7704254389 0.0005456497
0.9770000000 0.6488163606 1.0193736185 2.1828952967 8.9306288451 0.6488163606 0.6613862812 5.7943381050 0.0005548769
0.9780000000 0.6504694551 1.0249062389 2.1906856018 8.9448492685 0.6504694551 0.6666702028 5.8183512297 0.0005590137
0.9790000000 0.6521260440 1.0304382519 2.1985003254 8.9591047002 0.6521260440 0.6719756208 5.8424655056 0.0005562363
0.9800000000 0.6537861033 1.0359697505 2.2063393867 8.9733950499 0.6537861033 0.6773026263 5.8666809832 0.0005480761
0.9810000000 0.6554495601 1.0415009794 2.2142024863 8.9877201909 0.6554495601 0.6826513588 5.8909972452 0.0005391716
0.9820000000 0.6571163443 1.0470321853 2.2220893178 9.0020799441 0.6571163443 0.6880219619 5.9154138636 0.0005346921
0.9830000000 0.6587864249 1.0525634628 2.2299997872 9.0164742893 0.6587864249 0.6934145207 5.9399308626 0.0005367365
0.9840000000 0.6604598398 1.0580947079 2.2379340855 9.0309031982 0.6604598398 0.6988290612 5.9645488794 0.0005425331
0.9850000000 0.6621366446 1.0636257183 2.2458925460 9.0453668393 0.6621366446 0.7042655642 5.9892688482 0.0005465225
0.9860000000 0.6638168895 1.0691563669 2.2538753984 9.0598651321 0.6638168895 0.7097240539 6.0140914914 0.0005451485
0.9870000000 0.6655005510 1.0746866930 2.2618826303 9.0743981995 0.6655005510 0.7152045863 6.0390170015 0.0005401603
0.9880000000 0.6671876069 1.0802168371 2.2699140872 9.0889657248 0.6671876069 0.7207072864 6.0640452907 0.0005363598
0.9890000000 0.6688780075 1.0857468761 2.2779696878 9.1035679544 0.6688780075 0.7262322071 6.0891763947 0.0005371962
0.9900000000 0.6705718066 1.0912767736 2.2860495617 9.1182044877 0.6705718066 0.7317794376 6.1144108561 0.0005388160
0.9910000000 0.6722689793 1.0968063957 2.2941538494 9.1328758523 0.6722689793 0.7373489161 6.1397491271 0.0005422087
0.9920000000 0.6739696291 1.1023358118 2.3022827792 9.1475814922 0.6739696291 0.7429408582 6.1651921051 0.0005317963
0.9930000000 0.6756735683 1.1078647859 2.3104359029 9.1623216945 0.6756735683 0.7485549532 6.1907385936 0.0005540091
0.9940000000 0.6773811606 1.1133941938 2.3186144388 9.1770971722 0.6773811606 0.7541922512 6.2163927337 0.0004823966
0.9950000000 0.6790914962 1.1189215468 2.3268148209 9.1919033236 0.6790914962 0.7598501074 6.2421433810 0.0006942875
0.9960000000 0.6808070538 1.1244540825 2.3350479486 9.2067569358 0.6808070538 0.7655362710 6.2680250641 0.0000687615
0.9970000000 0.6825209346 1.1299705396 2.3432821548 9.2216045511 0.6825209346 0.7712285487 6.2939381567 0.0006553779
0.9980000000 0.6842389380 1.1354875245 2.3515422292 9.2364827156 0.6842389380 0.7769447779 6.3199611243 0.0456125094
0.9990000000 0.6863822598 1.1423634013 2.3618755283 9.2551215358 0.6863822598 0.7840979729 6.3525512345 0.3571366467
1.0000000000 0.6863822598 1.1423634013 2.3618755283 9.2551215358 0.6863822598 0.7840979729 6.3525512345 0.0000000000
