TITLE = "1D Euler Filtered MacCormack Result"
VARIABLES = "x", "rho", "u", "p", "E", "rho_conserved", "rhou", "rhoE", "nu"
ZONE T="t=0.16000000", I=1001, F=POINT
0.0000000000 0.4450000000 0.6980000000 3.5280000000 20.0638267191 0.4450000000 0.3106100000 8.9284028900 0.0000000000
0.0010000000 0.4450000000 0.6980000000 3.5280000000 20.0638267191 0.4450000000 0.3106100000 8.9284028900 0.0000000000
0.0020000000 0.4450000000 0.6980000000 3.5280000000 20.0638267191 0.4450000000 0.3106100000 8.9284028900 0.0000000000
0.0030000000 0.4450000000 0.6980000000 3.5280000000 20.0638267191 0.4450000000 0.3106100000 8.9284028900 0.0000000000
0.0040000000 0.4450000000 0.6980000000 3.5280000000 20.0638267191 0.4450000000 0.3106100000 8.9284028900 0.0000000001
0.0050000000 0.4450000000 0.6980000000 3.5280000000 20.0638267191 0.4450000000 0.3106100000 8.9284028900 0.0000000002
0.0060000000 0.4450000000 0.6980000000 3.5280000000 20.0638267191 0.4450000000 0.3106100000 8.9284028900 0.0000000005
0.0070000000 0.4450000000 0.6980000000 3.5280000000 20.0638267191 0.4450000000 0.3106100000 8.9284028900 0.0000000013
0.0080000000 0.4450000000 0.6980000000 3.5280000000 20.0638267191 0.4450000000 0.3106100000 8.9284028900 0.0000000017
0.0090000000 0.4450000000 0.6980000000 3.5280000000 20.0638267191 0.4450000000 0.3106100000 8.9284028900 0.0000000044
0.0100000000 0.4450000000 0.6980000000 3.5280000000 20.0638267191 0.4450000000 0.3106100000 8.9284028900 0.0000000078
0.0110000000 0.4450000000 0.6980000000 3.5280000000 20.0638267191 0.4450000000 0.3106100000 8.9284028900 0.0000000162
0.0120000000 0.4450000000 0.6980000000 3.5280000000 20.0638267191 0.4450000000 0.3106100000 8.9284028900 0.0000000312
0.0130000000 0.4450000000 0.6980000000 3.5280000000 20.0638267191 0.4450000000 0.3106100000 8.9284028900 0.0000000609
0.0140000000 0.4450000000 0.6980000000 3.5280000000 20.0638267191 0.4450000000 0.3106100000 8.9284028900 0.0000001182
0.0150000000 0.4450000000 0.6980000000 3.5280000000 20.0638267191 0.4450000000 0.3106100000 8.9284028900 0.0000002268
0.0160000000 0.4450000000 0.6980000000 3.5280000000 20.0638267191 0.4450000000 0.3106100000 8.9284028900 0.0000004338
0.0170000000 0.4450000000 0.6980000000 3.5280000000 20.0638267191 0.4450000000 0.3106100000 8.9284028900 0.0000008222
0.0180000000 0.4450000000 0.6980000000 3.5280000000 20.0638267191 0.4450000000 0.3106100000 8.9284028899 0.0000015496
0.0190000000 0.4450000000 0.6980000000 3.5279999999 20.0638267190 0.4450000000 0.3106100000 8.9284028899 0.0000029007
0.0200000000 0.4450000000 0.6980000001 3.5279999999 20.0638267190 0.4450000000 0.3106100000 8.9284028898 0.0000053918
0.0210000000 0.4450000000 0.6980000001 3.5279999998 20.0638267189 0.4450000000 0.3106100000 8.9284028896 0.0000099519
0.0220000000 0.4450000000 0.6980000002 3.5279999996 20.0638267187 0.4450000000 0.3106100001 8.9284028892 0.0000182357
0.0230000000 0.4449999999 0.6980000004 3.5279999993 20.0638267184 0.4449999999 0.3106100002 8.9284028885 0.0000331705
0.0240000000 0.4449999999 0.6980000008 3.5279999988 20.0638267177 0.4449999999 0.3106100003 8.9284028872 0.0000598679
0.0250000000 0.4449999998 0.6980000015 3.5279999978 20.0638267166 0.4449999998 0.3106100005 8.9284028849 0.0001071553
0.0260000000 0.4449999996 0.6980000027 3.5279999959 20.0638267145 0.4449999996 0.3106100010 8.9284028806 0.0001900218
0.0270000000 0.4449999993 0.6980000049 3.5279999927 20.0638267108 0.4449999993 0.3106100017 8.9284028730 0.0003333431
0.0280000000 0.4449999988 0.6980000089 3.5279999868 20.0638267042 0.4449999988 0.3106100031 8.9284028595 0.0005770224
0.0290000000 0.4449999979 0.6980000158 3.5279999765 20.0638266925 0.4449999979 0.3106100056 8.9284028357 0.0009817421
0.0300000000 0.4449999963 0.6980000279 3.5279999586 20.0638266721 0.4449999963 0.3106100098 8.9284027942 0.0016320743
0.0310000000 0.4449999935 0.6980000488 3.5279999277 20.0638266370 0.4449999935 0.3106100172 8.9284027227 0.0026293510
0.0320000000 0.4449999888 0.6980000842 3.5279998752 20.0638265775 0.4449999888 0.3106100296 8.9284026014 0.0040633439
0.0330000000 0.4449999809 0.6980001432 3.5279997878 20.0638264784 0.4449999809 0.3106100504 8.9284023992 0.0059592125
0.0340000000 0.4449999680 0.6980002393 3.5279996452 20.0638263166 0.4449999680 0.3106100842 8.9284020695 0.0082237787
0.0350000000 0.4449999476 0.6980003924 3.5279994182 20.0638260591 0.4449999476 0.3106101380 8.9284015446 0.0106427405
0.0360000000 0.4449999158 0.6980006303 3.5279990656 20.0638256592 0.4449999158 0.3106102217 8.9284007293 0.0129548587
0.0370000000 0.4449998676 0.6980009909 3.5279985310 20.0638250528 0.4449998676 0.3106103486 8.9283994930 0.0149537233
0.0380000000 0.4449997962 0.6980015258 3.5279977379 20.0638241531 0.4449997962 0.3106105367 8.9283976590 0.0165411376
0.0390000000 0.4449996922 0.6980023044 3.5279965836 20.0638228437 0.4449996922 0.3106108106 8.9283949897 0.0177144978
0.0400000000 0.4449995432 0.6980034197 3.5279949302 20.0638209683 0.4449995432 0.3106112029 8.9283911663 0.0185249500
0.0410000000 0.4449993327 0.6980049957 3.5279925937 20.0638183179 0.4449993327 0.3106117573 8.9283857633 0.0190411365
0.0420000000 0.4449990386 0.6980071978 3.5279893290 20.0638146147 0.4449990386 0.3106125319 8.9283782140 0.0193289430
0.0430000000 0.4449986316 0.6980102449 3.5279848116 20.0638094905 0.4449986316 0.3106136038 8.9283677677 0.0194436124
0.0440000000 0.4449980732 0.6980144254 3.5279786138 20.0638024602 0.4449980732 0.3106150744 8.9283534357 0.0194284199
0.0450000000 0.4449973130 0.6980201170 3.5279701757 20.0637928888 0.4449973130 0.3106170765 8.9283339233 0.0193160149
0.0460000000 0.4449962853 0.6980278111 3.5279587690 20.0637799500 0.4449962853 0.3106197829 8.9283075461 0.0191304925
0.0470000000 0.4449949053 0.6980381422 3.5279434528 20.0637625767 0.4449949053 0.3106234170 8.9282721285 0.0188893905
0.0480000000 0.4449930644 0.6980519244 3.5279230203 20.0637394000 0.4449930644 0.3106282650 8.9282248798 0.0186053553
0.0490000000 0.4449906242 0.6980701941 3.5278959353 20.0637086775 0.4449906242 0.3106346914 8.9281622479 0.0182874412
0.0500000000 0.4449874098 0.6980942598 3.5278602578 20.0636682088 0.4449874098 0.3106431564 8.9280797468 0.0179420896
0.0510000000 0.4449832022 0.6981257609 3.5278135577 20.0636152379 0.4449832022 0.3106542367 8.9279717570 0.0175738536
0.0520000000 0.4449777297 0.6981667336 3.5277528170 20.0635463418 0.4449777297 0.3106686480 8.9278313002 0.0171859291
0.0530000000 0.4449706574 0.6982196839 3.5276743212 20.0634573082 0.4449706574 0.3106872717 8.9276497872 0.0167805433
0.0540000000 0.4449615772 0.6982876678 3.5275735409 20.0633430010 0.4449615772 0.3107111820 8.9274167456 0.0163592399
0.0550000000 0.4449499965 0.6983743754 3.5274450081 20.0631972201 0.4449499965 0.3107416759 8.9271195320 0.0159230903
0.0560000000 0.4449353264 0.6984842161 3.5272821890 20.0630125585 0.4449353264 0.3107803027 8.9267430406 0.0154728522
0.0570000000 0.4449168711 0.6986224020 3.5270773624 20.0627802637 0.4449168711 0.3108288932 8.9262694199 0.0150090913
0.0580000000 0.4448938176 0.6987950233 3.5268215080 20.0624901138 0.4448938176 0.3108895857 8.9256778177 0.0145322777
0.0590000000 0.4448652279 0.6990091094 3.5265042177 20.0621303165 0.4448652279 0.3109648467 8.9249441745 0.0140428629
0.0600000000 0.4448300331 0.6992726694 3.5261136370 20.0616874464 0.4448300331 0.3110574847 8.9240410913 0.0135413444
0.0610000000 0.4447870330 0.6995947032 3.5256364515 20.0611464308 0.4447870330 0.3111706523 8.9229377988 0.0130283198
0.0620000000 0.4447348987 0.6999851757 3.5250579284 20.0604906010 0.4447348987 0.3113078362 8.9216002561 0.0125045332
0.0630000000 0.4446721833 0.7004549465 3.5243620244 20.0597018190 0.4446721833 0.3114728303 8.9199914033 0.0119709132
0.0640000000 0.4445973372 0.7010156496 3.5235315697 20.0587606907 0.4445973372 0.3116696911 8.9180715898 0.0114286041
0.0650000000 0.4445087326 0.7016795189 3.5225485321 20.0576468718 0.4445087326 0.3119026736 8.9157991892 0.0108789883
0.0660000000 0.4444046940 0.7024591603 3.5213943619 20.0563394661 0.4444046940 0.3121761481 8.9131314022 0.0103236997
0.0670000000 0.4442835358 0.7033672731 3.5200504121 20.0548175086 0.4442835358 0.3124944990 8.9100252321 0.0097646270
0.0680000000 0.4441436057 0.7044163301 3.5184984199 20.0530605194 0.4441436057 0.3128620088 8.9064386039 0.0092039053
0.0690000000 0.4439833314 0.7056182290 3.5167210307 20.0510491050 0.4439833314 0.3132827320 8.9023315799 0.0086438963
0.0700000000 0.4438012694 0.7069839322 3.5147023377 20.0487655758 0.4438012694 0.3137603666 8.8976676131 0.0080871562
0.0710000000 0.4435961520 0.7085231148 3.5124284081 20.0461945470 0.4435961520 0.3142981274 8.8924147642 0.0075363921
0.0720000000 0.4433669306 0.7102438435 3.5098877613 20.0433234831 0.4433669306 0.3148986328 8.8865468108 0.0069944076
0.0730000000 0.4431128114 0.7121523047 3.5070717699 20.0401431514 0.4431128114 0.3155638099 8.8800441721 0.0064640397
0.0740000000 0.4428332828 0.7142526032 3.5039749550 20.0366479521 0.4428332828 0.3162948250 8.8728945886 0.0059480897
0.0750000000 0.4425281304 0.7165466423 3.5005951550 20.0328361032 0.4425281304 0.3170920460 8.8650935080 0.0054492501
0.0760000000 0.4421974406 0.7190340942 3.4969335591 20.0287096672 0.4421974406 0.3179550361 8.8566441535 0.0049700314
0.0770000000 0.4418415913 0.7217124613 3.4929946027 20.0242744199 0.4418415913 0.3188825823 8.8475572735 0.0045126938
0.0780000000 0.4414612316 0.7245772226 3.4887857361 20.0195395735 0.4414612316 0.3198727531 8.8378505958 0.0040791838
0.0790000000 0.4410572519 0.7276220514 3.4843170851 20.0145173761 0.4410572519 0.3209229824 8.8275480321 0.0036710834
0.0800000000 0.4406307461 0.7308390900 3.4796010292 20.0092226196 0.4406307461 0.3220301735 8.8166786924 0.0032895713
0.0810000000 0.4401829695 0.7342192596 3.4746517280 20.0036720877 0.4401829695 0.3231908139 8.8052757801 0.0029353991
0.0820000000 0.4397152942 0.7377525867 3.4694846262 19.9978839837 0.4397152942 0.3244010957 8.7933754393 0.0026088855
0.0830000000 0.4392291659 0.7414285256 3.4641159656 19.9918773684 0.4392291659 0.3256570329 8.7810156209 0.0023099253
0.0840000000 0.4387260626 0.7452362620 3.4585623302 19.9856716370 0.4387260626 0.3269545710 8.7682350265 0.0020380159
0.0850000000 0.4382074588 0.7491649831 3.4528402416 19.9792860583 0.4382074588 0.3282896834 8.7550721716 0.0017922963
0.0860000000 0.4376747941 0.7532041074 3.4469658190 19.9727393868 0.4376747941 0.3296584526 8.7415645978 0.0015715986
0.0870000000 0.4371294493 0.7573434687 3.4409545078 19.9660495573 0.4371294493 0.3310571334 8.7277482483 0.0013745063
0.0880000000 0.4365727283 0.7615734536 3.4348208787 19.9592334600 0.4365727283 0.3324822004 8.7136570055 0.0011994176
0.0890000000 0.4360058451 0.7658850962 3.4285784935 19.9523067923 0.4360058451 0.3339303786 8.6993223837 0.0010446082
0.0900000000 0.4354299175 0.7702701324 3.4222398285 19.9452839771 0.4354299175 0.3353986602 8.6847733565 0.0009082918
0.0910000000 0.4348459643 0.7747210223 3.4158162483 19.9381781383 0.4348459643 0.3368843100 8.6700362992 0.0007886746
0.0920000000 0.4342549063 0.7792309446 3.4093180183 19.9310011205 0.4342549063 0.3383848608 8.6551350232 0.0006840015
0.0930000000 0.4336575697 0.7837937717 3.4027543477 19.9237635420 0.4336575697 0.3398981022 8.6400908769 0.0005925939
0.0940000000 0.4330546922 0.7884040306 3.3961334518 19.9164748709 0.4330546922 0.3414220648 8.6249228955 0.0005128772
0.0950000000 0.4324469293 0.7930568541 3.3894626285 19.9091435154 0.4324469293 0.3429550013 8.6096479786 0.0004433999
0.0960000000 0.4318348617 0.7977479278 3.3827483404 19.9017769197 0.4318348617 0.3444953660 8.5942810831 0.0003828438
0.0970000000 0.4312190027 0.8024734355 3.3759962981 19.8943816626 0.4312190027 0.3460417945 8.5788354190 0.0003300273
0.0980000000 0.4305998056 0.8072300058 3.3692115426 19.8869635524 0.4305998056 0.3475930836 8.5633226400 0.0002839036
0.0990000000 0.4299776708 0.8120146614 3.3623985222 19.8795277162 0.4299776708 0.3491481727 8.5477530232 0.0002435543
0.1000000000 0.4293529515 0.8168247715 3.3555611638 19.8720786826 0.4293529515 0.3507061265 8.5321356354 0.0002081798
0.1010000000 0.4287259604 0.8216580098 3.3487029376 19.8646204560 0.4287259604 0.3522661194 8.5164784834 0.0001770892
0.1020000000 0.4280969741 0.8265123158 3.3418269147 19.8571565831 0.4280969741 0.3538274215 8.5007886475 0.0001496882
0.1030000000 0.4274662380 0.8313858610 3.3349358180 19.8496902116 0.4274662380 0.3553893863 8.4850724004 0.0001254677
0.1040000000 0.4268339703 0.8362770193 3.3280320670 19.8422241415 0.4268339703 0.3569514405 8.4693353108 0.0001039930
0.1050000000 0.4262003656 0.8411843411 3.3211178166 19.8347608692 0.4262003656 0.3585130737 8.4535823333 0.0000848935
0.1060000000 0.4255655974 0.8461065309 3.3141949907 19.8273026268 0.4255655974 0.3600738313 8.4378178868 0.0000678529
0.1070000000 0.4249298214 0.8510424277 3.3072653114 19.8198514150 0.4249298214 0.3616333068 8.4220459221 0.0000526020
0.1080000000 0.4242931774 0.8559909885 3.3003303240 19.8124090319 0.4242931774 0.3631911363 8.4062699800 0.0000389105
0.1090000000 0.4236557912 0.8609512736 3.2933914191 19.8049770981 0.4236557912 0.3647469930 8.3904932417 0.0000265815
0.1100000000 0.4230177764 0.8659224342 3.2864498506 19.7975570779 0.4230177764 0.3663005826 8.3747185725 0.0000154457
0.1110000000 0.4223792358 0.8709037014 3.2795067527 19.7901502980 0.4223792358 0.3678516398 8.3589485591 0.0000053569
0.1120000000 0.4217402628 0.8758943768 3.2725631538 19.7827579640 0.4217402628 0.3693999247 8.3431855428 0.0000038078
0.1130000000 0.4211009423 0.8808938246 3.2656199883 19.7753811741 0.4211009423 0.3709452196 8.3274316473 0.0000121471
0.1140000000 0.4204613517 0.8859014651 3.2586781063 19.7680209295 0.4204613517 0.3724873275 8.3116888004 0.0000197520
0.1150000000 0.4198215615 0.8909167687 3.2517382830 19.7606781446 0.4198215615 0.3740260690 8.2959587559 0.0000267041
0.1160000000 0.4191816365 0.8959392506 3.2448012261 19.7533536572 0.4191816365 0.3755612812 8.2802431116 0.0000330743
0.1170000000 0.4185416356 0.9009684659 3.2378675834 19.7460482357 0.4185416356 0.3770928154 8.2645433262 0.0000389241
0.1180000000 0.4179016135 0.9060040056 3.2309379489 19.7387625871 0.4179016135 0.3786205358 8.2488607333 0.0000443075
0.1190000000 0.4172616200 0.9110454930 3.2240128682 19.7314973624 0.4172616200 0.3801443183 8.2331965544 0.0000492719
0.1200000000 0.4166217013 0.9160925803 3.2170928430 19.7242531626 0.4166217013 0.3816640494 8.2175519095 0.0000538589
0.1210000000 0.4159819000 0.9211449461 3.2101783360 19.7170305435 0.4159819000 0.3831796248 8.2019278274 0.0000581052
0.1220000000 0.4153422554 0.9262022924 3.2032697738 19.7098300198 0.4153422554 0.3846909491 8.1863252540 0.0000620435
0.1230000000 0.4147028041 0.9312643429 3.1963675511 19.7026520687 0.4147028041 0.3861979343 8.1707450604 0.0000657026
0.1240000000 0.4140635798 0.9363308409 3.1894720328 19.6954971342 0.4140635798 0.3877004999 8.1551880496 0.0000691082
0.1250000000 0.4134246141 0.9414015472 3.1825835575 19.6883656289 0.4134246141 0.3891985714 8.1396549624 0.0000722833
0.1260000000 0.4127859362 0.9464762389 3.1757024392 19.6812579377 0.4127859362 0.3906920804 8.1241464835 0.0000752483
0.1270000000 0.4121475734 0.9515547078 3.1688289698 19.6741744197 0.4121475734 0.3921809638 8.1086632457 0.0000780217
0.1280000000 0.4115095511 0.9566367593 3.1619634207 19.6671154107 0.4115095511 0.3936651634 8.0932058349 0.0000806199
0.1290000000 0.4108718932 0.9617222108 3.1551060450 19.6600812249 0.4108718932 0.3951446255 8.0777747939 0.0000830578
0.1300000000 0.4102346219 0.9668108914 3.1482570784 19.6530721567 0.4102346219 0.3966193005 8.0623706256 0.0000853488
0.1310000000 0.4095977581 0.9719026403 3.1414167411 19.6460884825 0.4095977581 0.3980891425 8.0469937971 0.0000875051
0.1320000000 0.4089613212 0.9769973062 3.1345852391 19.6391304620 0.4089613212 0.3995541092 8.0316447419 0.0000895377
0.1330000000 0.4083253299 0.9820947467 3.1277627649 19.6321983395 0.4083253299 0.4010141614 8.0163238629 0.0000914565
0.1340000000 0.4076898012 0.9871948273 3.1209494989 19.6252923453 0.4076898012 0.4024692629 8.0010315346 0.0000932705
0.1350000000 0.4070547515 0.9922974210 3.1141456104 19.6184126964 0.4070547515 0.4039193801 7.9857681056 0.0000949881
0.1360000000 0.4064201962 0.9974024075 3.1073512581 19.6115595978 0.4064201962 0.4053644822 7.9705339004 0.0000966167
0.1370000000 0.4057861498 1.0025096730 3.1005665912 19.6047332434 0.4057861498 0.4068045404 7.9553292215 0.0000981632
0.1380000000 0.4051526260 1.0076191092 3.0937917503 19.5979338168 0.4051526260 0.4082395281 7.9401543506 0.0000996339
0.1390000000 0.4045196378 1.0127306135 3.0870268674 19.5911614917 0.4045196378 0.4096694210 7.9250095506 0.0001010347
0.1400000000 0.4038871974 1.0178440881 3.0802720673 19.5844164331 0.4038871974 0.4110941962 7.9098950668 0.0001023707
0.1410000000 0.4032553167 1.0229594396 3.0735274675 19.5776987979 0.4032553167 0.4125138328 7.8948111283 0.0001036470
0.1420000000 0.4026240066 1.0280765792 3.0667931792 19.5710087349 0.4026240066 0.4139283114 7.8797579491 0.0001048681
0.1430000000 0.4019932777 1.0331954217 3.0600693075 19.5643463862 0.4019932777 0.4153376140 7.8647357293 0.0001060381
0.1440000000 0.4013631401 1.0383158855 3.0533559519 19.5577118869 0.4013631401 0.4167417242 7.8497446558 0.0001071609
0.1450000000 0.4007336034 1.0434378926 3.0466532068 19.5511053662 0.4007336034 0.4181406267 7.8347849040 0.0001082401
0.1460000000 0.4001046768 1.0485613679 3.0399611617 19.5445269473 0.4001046768 0.4195343072 7.8198566379 0.0001092791
0.1470000000 0.3994763691 1.0536862391 3.0332799019 19.5379767482 0.3994763691 0.4209227530 7.8049600111 0.0001102810
0.1480000000 0.3988486887 1.0588124364 3.0266095084 19.5314548818 0.3988486887 0.4223059519 7.7900951680 0.0001112488
0.1490000000 0.3982216437 1.0639398928 3.0199500585 19.5249614565 0.3982216437 0.4236838929 7.7752622440 0.0001121852
0.1500000000 0.3975952418 1.0690685430 3.0133016258 19.5184965762 0.3975952418 0.4250565659 7.7604613663 0.0001130927
0.1510000000 0.3969694906 1.0741983241 3.0066642809 19.5120603408 0.3969694906 0.4264239615 7.7456926547 0.0001139739
0.1520000000 0.3963443973 1.0793291748 3.0000380914 19.5056528466 0.3963443973 0.4277860713 7.7309562220 0.0001148310
0.1530000000 0.3957199689 1.0844610355 2.9934231219 19.4992741861 0.3957199689 0.4291428873 7.7162521747 0.0001156662
0.1540000000 0.3950962121 1.0895938482 2.9868194349 19.4929244489 0.3950962121 0.4304944022 7.7015806133 0.0001164817
0.1550000000 0.3944731336 1.0947275562 2.9802270902 19.4866037213 0.3944731336 0.4318406095 7.6869416331 0.0001172794
0.1560000000 0.3938507397 1.0998621041 2.9736461458 19.4803120870 0.3938507397 0.4331815032 7.6723353243 0.0001180613
0.1570000000 0.3932290366 1.1049974372 2.9670766576 19.4740496268 0.3932290366 0.4345170776 7.6577617727 0.0001188293
0.1580000000 0.3926080304 1.1101335023 2.9605186800 19.4678164196 0.3926080304 0.4358473278 7.6432210603 0.0001195850
0.1590000000 0.3919877271 1.1152702465 2.9539722658 19.4616125415 0.3919877271 0.4371722490 7.6287132653 0.0001203304
0.1600000000 0.3913681325 1.1204076178 2.9474374662 19.4554380671 0.3913681325 0.4384918370 7.6142384627 0.0001210671
0.1610000000 0.3907492523 1.1255455647 2.9409143316 19.4492930688 0.3907492523 0.4398060878 7.5997967248 0.0001217967
0.1620000000 0.3901310923 1.1306840361 2.9344029113 19.4431776173 0.3901310923 0.4411149980 7.5853881214 0.0001225210
0.1630000000 0.3895136580 1.1358229813 2.9279032535 19.4370917820 0.3895136580 0.4424185642 7.5710127201 0.0001232416
0.1640000000 0.3888969549 1.1409623495 2.9214154061 19.4310356307 0.3888969549 0.4437167834 7.5566705870 0.0001239602
0.1650000000 0.3882809886 1.1461020903 2.9149394161 19.4250092300 0.3882809886 0.4450096526 7.5423617867 0.0001246784
0.1660000000 0.3876657645 1.1512421529 2.9084753304 19.4190126455 0.3876657645 0.4462971693 7.5280863830 0.0001253979
0.1670000000 0.3870512882 1.1563824864 2.9020231956 19.4130459417 0.3870512882 0.4475793310 7.5138444389 0.0001261204
0.1680000000 0.3864375650 1.1615230397 2.8955830583 19.4071091824 0.3864375650 0.4488561352 7.4996360171 0.0001268477
0.1690000000 0.3858246007 1.1666637611 2.8891549651 19.4012024308 0.3858246007 0.4501275797 7.4854611804 0.0001275814
0.1700000000 0.3852124006 1.1718045983 2.8827389630 19.3953257492 0.3852124006 0.4513936623 7.4713199921 0.0001283235
0.1710000000 0.3846009704 1.1769454982 2.8763350993 19.3894792001 0.3846009704 0.4526543807 7.4572125162 0.0001290759
0.1720000000 0.3839903158 1.1820864070 2.8699434222 19.3836628452 0.3839903158 0.4539097328 7.4431388180 0.0001298404
0.1730000000 0.3833804426 1.1872272698 2.8635639803 19.3778767465 0.3833804426 0.4551597162 7.4290989642 0.0001306193
0.1740000000 0.3827713567 1.1923680303 2.8571968234 19.3721209657 0.3827713567 0.4564043286 7.4150930238 0.0001314146
0.1750000000 0.3821630640 1.1975086312 2.8508420026 19.3663955650 0.3821630640 0.4576435677 7.4011210677 0.0001322286
0.1760000000 0.3815555707 1.2026490134 2.8444995702 19.3607006067 0.3815555707 0.4588774307 7.3871831701 0.0001330639
0.1770000000 0.3809488833 1.2077891161 2.8381695800 19.3550361538 0.3809488833 0.4601059150 7.3732794082 0.0001339229
0.1780000000 0.3803430080 1.2129288767 2.8318520878 19.3494022698 0.3803430080 0.4613290175 7.3594098631 0.0001348084
0.1790000000 0.3797379518 1.2180682304 2.8255471515 19.3437990191 0.3797379518 0.4625467350 7.3455746202 0.0001357235
0.1800000000 0.3791337216 1.2232071101 2.8192548310 19.3382264672 0.3791337216 0.4637590639 7.3317737697 0.0001366712
0.1810000000 0.3785303246 1.2283454460 2.8129751891 19.3326846806 0.3785303246 0.4649660004 7.3180074073 0.0001376549
0.1820000000 0.3779277683 1.2334831656 2.8067082913 19.3271737275 0.3779277683 0.4661675400 7.3042756347 0.0001386786
0.1830000000 0.3773260606 1.2386201932 2.8004542062 19.3216936776 0.3773260606 0.4673636781 7.2905785602 0.0001397460
0.1840000000 0.3767252098 1.2437564494 2.7942130062 19.3162446025 0.3767252098 0.4685544093 7.2769162998 0.0001408617
0.1850000000 0.3761252243 1.2488918514 2.7879847674 19.3108265758 0.3761252243 0.4697397278 7.2632889777 0.0001420304
0.1860000000 0.3755261133 1.2540263121 2.7817695702 19.3054396737 0.3755261133 0.4709196270 7.2496967270 0.0001432574
0.1870000000 0.3749278864 1.2591597397 2.7755674997 19.3000839749 0.3749278864 0.4720940998 7.2361396912 0.0001445484
0.1880000000 0.3743305534 1.2642920377 2.7693786463 19.2947595613 0.3743305534 0.4732631381 7.2226180245 0.0001459097
0.1890000000 0.3737341251 1.2694231039 2.7632031062 19.2894665180 0.3737341251 0.4744267332 7.2091318936 0.0001473484
0.1900000000 0.3731386128 1.2745528301 2.7570409817 19.2842049340 0.3731386128 0.4755848750 7.1956814784 0.0001488720
0.1910000000 0.3725440284 1.2796811017 2.7508923822 19.2789749022 0.3725440284 0.4767375527 7.1822669737 0.0001504893
0.1920000000 0.3719503847 1.2848077967 2.7447574246 19.2737765204 0.3719503847 0.4778847542 7.1688885905 0.0001522095
0.1930000000 0.3713576951 1.2899327852 2.7386362344 19.2686098915 0.3713576951 0.4790264660 7.1555465579 0.0001540434
0.1940000000 0.3707659744 1.2950559287 2.7325289464 19.2634751238 0.3707659744 0.4801626733 7.1422411244 0.0001560027
0.1950000000 0.3701752380 1.3001770788 2.7264357055 19.2583723324 0.3701752380 0.4812933595 7.1289725608 0.0001581006
0.1960000000 0.3695855025 1.3052960767 2.7203566679 19.2533016392 0.3695855025 0.4824185065 7.1157411617 0.0001603519
0.1970000000 0.3689967861 1.3104127518 2.7142920026 19.2482631737 0.3689967861 0.4835380938 7.1025472485 0.0001627732
0.1980000000 0.3684091079 1.3155269204 2.7082418921 19.2432570745 0.3684091079 0.4846520992 7.0893911721 0.0001653833
0.1990000000 0.3678224889 1.3206383846 2.7022065347 19.2382834897 0.3678224889 0.4857604976 7.0762733162 0.0001682034
0.2000000000 0.3672369518 1.3257469304 2.6961861455 19.2333425781 0.3672369518 0.4868632616 7.0631941009 0.0001712575
0.2010000000 0.3666525209 1.3308523261 2.6901809586 19.2284345106 0.3666525209 0.4879603604 7.0501539869 0.0001745729
0.2020000000 0.3660692230 1.3359543203 2.6841912297 19.2235594717 0.3660692230 0.4890517601 7.0371534800 0.0001781808
0.2030000000 0.3654870871 1.3410526393 2.6782172376 19.2187176607 0.3654870871 0.4901374229 7.0241931364 0.0001821167
0.2040000000 0.3649061449 1.3461469850 2.6722592883 19.2139092941 0.3649061449 0.4912173068 7.0112735689 0.0001864214
0.2050000000 0.3643264310 1.3512370313 2.6663177170 19.2091346073 0.3643264310 0.4922913650 6.9983954538 0.0001911417
0.2060000000 0.3637479834 1.3563224211 2.6603928927 19.2043938570 0.3637479834 0.4933595456 6.9855595385 0.0001963319
0.2070000000 0.3631708440 1.3614027623 2.6544852221 19.1996873241 0.3631708440 0.4944217903 6.9727666508 0.0002020545
0.2080000000 0.3625950589 1.3664776229 2.6485951545 19.1950153171 0.3625950589 0.4954780342 6.9600177093 0.0002083823
0.2090000000 0.3620206789 1.3715465263 2.6427231875 19.1903781752 0.3620206789 0.4965282046 6.9473137358 0.0002154000
0.2100000000 0.3614477606 1.3766089446 2.6368698737 19.1857762730 0.3614477606 0.4975722202 6.9346558686 0.0002232068
0.2110000000 0.3608763665 1.3816642918 2.6310358283 19.1812100255 0.3608763665 0.4986099894 6.9220453796 0.0002319190
0.2120000000 0.3603065667 1.3867119157 2.6252217380 19.1766798936 0.3603065667 0.4996414093 6.9094836929 0.0002416739
0.2130000000 0.3597384391 1.3917510877 2.6194283716 19.1721863910 0.3597384391 0.5006663640 6.8969724073 0.0002526339
0.2140000000 0.3591720715 1.3967809915 2.6136565924 19.1677300925 0.3591720715 0.5016847221 6.8845133227 0.0002649918
0.2150000000 0.3586075621 1.4018007098 2.6079073724 19.1633116427 0.3586075621 0.5026963351 6.8721084707 0.0002789778
0.2160000000 0.3580450223 1.4068092081 2.6021818101 19.1589317678 0.3580450223 0.5037010343 6.8597601517 0.0002948678
0.2170000000 0.3574845777 1.4118053160 2.5964811503 19.1545912887 0.3574845777 0.5046986272 6.8474709783 0.0003129937
0.2180000000 0.3569263714 1.4167877039 2.5908068094 19.1502911363 0.3569263714 0.5056888942 6.8352439271 0.0003337572
0.2190000000 0.3563705664 1.4217548565 2.5851604036 19.1460323709 0.3563705664 0.5066715836 6.8230824012 0.0003576459
0.2200000000 0.3558173494 1.4267050402 2.5795437847 19.1418162045 0.3558173494 0.5076464058 6.8109903045 0.0003852550
0.2210000000 0.3552669347 1.4316362634 2.5739590820 19.1376440278 0.3552669347 0.5086130269 6.7989721316 0.0004173147
0.2220000000 0.3547195698 1.4365462299 2.5684087533 19.1335174434 0.3547195698 0.5095710606 6.7870330761 0.0004547241
0.2230000000 0.3541755411 1.4414322809 2.5628956465 19.1294383050 0.3541755411 0.5105200580 6.7751791620 0.0004985968
0.2240000000 0.3536351816 1.4462913260 2.5574230745 19.1254087655 0.3536351816 0.5114594957 6.7634174024 0.0005503173
0.2250000000 0.3530988802 1.4511197585 2.5519949059 19.1214313354 0.3530988802 0.5123887618 6.7517559929 0.0006116154
0.2260000000 0.3525670924 1.4559133527 2.5466156753 19.1175089530 0.3525670924 0.5133071376 6.7402045461 0.0006846611
0.2270000000 0.3520403540 1.4606671396 2.5412907173 19.1136450699 0.3520403540 0.5142137769 6.7287743765 0.0007721876
0.2280000000 0.3515192971 1.4653752554 2.5360263282 19.1098437545 0.3515192971 0.5151076798 6.7174788443 0.0008776497
0.2290000000 0.3510046700 1.4700307600 2.5308299617 19.1061098160 0.3510046700 0.5159876619 6.7063337716 0.0010054266
0.2300000000 0.3504973605 1.4746254190 2.5257104619 19.1024489519 0.3504973605 0.5168523171 6.6953579372 0.0011610818
0.2310000000 0.3499984234 1.4791494465 2.5206783389 19.0988679225 0.3499984234 0.5176999743 6.6845736624 0.0013516918
0.2320000000 0.3495091128 1.4835912067 2.5157460872 19.0953747509 0.3495091128 0.5185286465 6.6740074882 0.0015862571
0.2330000000 0.3490309179 1.4879368788 2.5109285447 19.0919789474 0.3490309179 0.5193359746 6.6636909362 0.0018762083
0.2340000000 0.3485656017 1.4921700950 2.5062432765 19.0886917479 0.3485656017 0.5201191670 6.6536613247 0.0022360141
0.2350000000 0.3481152396 1.4962715819 2.5017109567 19.0855263467 0.3481152396 0.5208749402 6.6439625773 0.0026838901
0.2360000000 0.3476822519 1.5002188525 2.4973556914 19.0824980895 0.3476822519 0.5215994689 6.6346459068 0.0032425924
0.2370000000 0.3472694214 1.5039860352 2.4932051937 19.0796245661 0.3472694214 0.5222883603 6.6257701844 0.0039402645
0.2380000000 0.3468798836 1.5075439637 2.4892906757 19.0769255160 0.3468798836 0.5229366747 6.6174017029 0.0048112986
0.2390000000 0.3465170682 1.5108607032 2.4856462684 19.0744224280 0.3465170682 0.5235390214 6.6096129379 0.0058972019
0.2400000000 0.3461845726 1.5139027188 2.4823077500 19.0721376919 0.3461845726 0.5240897657 6.6024798355 0.0072475835
0.2410000000 0.3458859436 1.5166368876 2.4793103667 19.0700931664 0.3458859436 0.5245833810 6.5960771698 0.0089216932
0.2420000000 0.3456243573 1.5190334607 2.4766856322 19.0683080933 0.3456243573 0.5250149635 6.5904717291 0.0109916430
0.2430000000 0.3454022075 1.5210698695 2.4744572235 19.0667964378 0.3454022075 0.5253808907 6.5857135801 0.0135498629
0.2440000000 0.3452206528 1.5227349275 2.4726364547 19.0655639662 0.3452206528 0.5256795458 6.5818264393 0.0167262680
0.2450000000 0.3450792097 1.5240326002 2.4712182233 19.0646056411 0.3450792097 0.5259119652 6.5787990481 0.0207272661
0.2460000000 0.3449755088 1.5249842723 2.4701785791 19.0639040761 0.3449755088 0.5260822252 6.5765800075 0.0259263236
0.2470000000 0.3449053161 1.5256285614 2.4694749440 19.0634297177 0.3449053161 0.5261974012 6.5750782521 0.0330910930
0.2480000000 0.3448628590 1.5260183156 2.4690493718 19.0631430093 0.3448628590 0.5262670392 6.5741700000 0.0440443224
0.2490000000 0.3448413943 1.5262153716 2.4688342300 19.0629981352 0.3448413943 0.5263022368 6.5737108570 0.0640056301
0.2500000000 0.3448338858 1.5262843020 2.4687589767 19.0629474864 0.3448338858 0.5263145467 6.5735502569 0.1233896168
0.2510000000 0.3448335932 1.5262869835 2.4687560489 19.0629455402 0.3448335932 0.5263150248 6.5735440082 0.1326757106
0.2520000000 0.3448379516 1.5262469643 2.4687997384 19.0629749849 0.3448379516 0.5263078768 6.5736372456 0.0594960692
0.2530000000 0.3448492445 1.5261432808 2.4689129341 19.0630512417 0.3448492445 0.5262893574 6.5738788186 0.0400360097
0.2540000000 0.3448699039 1.5259536104 2.4691200171 19.0631907532 0.3448699039 0.5262554750 6.5743207637 0.0291984267
0.2550000000 0.3449018081 1.5256607242 2.4694398206 19.0634062544 0.3449018081 0.5262031423 6.5750032850 0.0220316580
0.2560000000 0.3449459903 1.5252551599 2.4698827165 19.0637048158 0.3449459903 0.5261306516 6.5759485367 0.0165805499
0.2570000000 0.3450023736 1.5247376598 2.4704479507 19.0640860440 0.3450023736 0.5260381118 6.5771549366 0.0119491748
0.2580000000 0.3450695332 1.5241213448 2.4711212600 19.0645404533 0.3450695332 0.5259278409 6.5785920742 0.0075777189
0.2590000000 0.3451445048 1.5234334567 2.4718729482 19.0650481280 0.3451445048 0.5258046861 6.5801965958 0.0029446804
0.2600000000 0.3452226388 1.5227166878 2.4726564062 19.0655776683 0.3452226388 0.5256762730 6.5818690321 0.0025385648
0.2610000000 0.3452976637 1.5220285656 2.4734087538 19.0660865832 0.3452976637 0.5255529078 6.5834751537 0.0088057411
0.2620000000 0.3453633165 1.5214265044 2.4740671694 19.0665322864 0.3453633165 0.5254449034 6.5848808249 0.0148390589
0.2630000000 0.3454158688 1.5209446453 2.4745942401 19.0668893054 0.3454158688 0.5253584161 6.5860061351 0.0199037375
0.2640000000 0.3454548884 1.5205869058 2.4749856073 19.0671545417 0.3454548884 0.5252941798 6.5868417440 0.0236270971
0.2650000000 0.3454822907 1.5203356928 2.4752604659 19.0673408945 0.3454822907 0.5252490578 6.5874286099 0.0257970485
0.2660000000 0.3455009167 1.5201649443 2.4754473010 19.0674676095 0.3455009167 0.5252183818 6.5878275386 0.0261807822
0.2670000000 0.3455135067 1.5200495315 2.4755735938 19.0675532879 0.3455135067 0.5251976440 6.5880972009 0.0244637607
0.2680000000 0.3455222449 1.5199694286 2.4756612511 19.0676127716 0.3455222449 0.5251832491 6.5882843694 0.0203752251
0.2690000000 0.3455286999 1.5199102552 2.4757260069 19.0676567258 0.3455286999 0.5251726144 6.5884226384 0.0140476860
0.2700000000 0.3455339465 1.5198621584 2.4757786420 19.0676924607 0.3455339465 0.5251639698 6.5885350273 0.0064784928
0.2710000000 0.3455387226 1.5198183758 2.4758265566 19.0677249954 0.3455387226 0.5251561001 6.5886373370 0.0003322224
0.2720000000 0.3455435336 1.5197742728 2.4758748228 19.0677577706 0.3455435336 0.5251481725 6.5887403979 0.0039388935
0.2730000000 0.3455486381 1.5197274801 2.4759260333 19.0677925454 0.3455486381 0.5251397611 6.5888497462 0.0033168281
0.2740000000 0.3455539953 1.5196783726 2.4759797782 19.0678290419 0.3455539953 0.5251309332 6.5889645065 0.0003719758
0.2750000000 0.3455593105 1.5196296497 2.4760331032 19.0678652556 0.3455593105 0.5251221740 6.5890783707 0.0059279425
0.2760000000 0.3455641615 1.5195851826 2.4760817713 19.0678983113 0.3455641615 0.5251141794 6.5891822913 0.0116905610
0.2770000000 0.3455682245 1.5195479379 2.4761225352 19.0679260047 0.3455682245 0.5251074830 6.5892693345 0.0161267593
0.2780000000 0.3455714093 1.5195187426 2.4761544896 19.0679477207 0.3455714093 0.5251022334 6.5893375666 0.0183610763
0.2790000000 0.3455738226 1.5194966185 2.4761787046 19.0679641851 0.3455738226 0.5250982549 6.5893892729 0.0180350053
0.2800000000 0.3455756594 1.5194797784 2.4761971363 19.0679767249 0.3455756594 0.5250952263 6.5894286298 0.0152196649
0.2810000000 0.3455771177 1.5194664070 2.4762117715 19.0679866885 0.3455771177 0.5250928214 6.5894598800 0.0105831853
0.2820000000 0.3455783599 1.5194550160 2.4762242392 19.0679951814 0.3455783599 0.5250907724 6.5894865019 0.0055468338
0.2830000000 0.3455795025 1.5194445383 2.4762357072 19.0680029961 0.3455795025 0.5250888877 6.5895109893 0.0019417770
0.2840000000 0.3455806124 1.5194343601 2.4762468475 19.0680105887 0.3455806124 0.5250870567 6.5895347768 0.0011099482
0.2850000000 0.3455817031 1.5194243585 2.4762577946 19.0680180504 0.3455817031 0.5250852575 6.5895581517 0.0031314611
0.2860000000 0.3455827405 1.5194148443 2.4762682082 19.0680251504 0.3455827405 0.5250835459 6.5895803876 0.0068379787
0.2870000000 0.3455836717 1.5194063042 2.4762775556 19.0680315270 0.3455836717 0.5250820094 6.5896003466 0.0105079257
0.2880000000 0.3455844606 1.5193990678 2.4762854760 19.0680369353 0.3455844606 0.5250807073 6.5896172586 0.0126445976
0.2890000000 0.3455851062 1.5193931447 2.4762919590 19.0680413681 0.3455851062 0.5250796413 6.5896311013 0.0123922949
0.2900000000 0.3455856358 1.5193882852 2.4762972779 19.0680450110 0.3455856358 0.5250787665 6.5896424581 0.0096573644
0.2910000000 0.3455860890 1.5193841251 2.4763018311 19.0680481345 0.3455860890 0.5250780175 6.5896521799 0.0052012058
0.2920000000 0.3455865059 1.5193802983 2.4763060196 19.0680510105 0.3455865059 0.5250773284 6.5896611229 0.0006066432
0.2930000000 0.3455869194 1.5193765027 2.4763101739 19.0680538636 0.3455869194 0.5250766449 6.5896699929 0.0022269363
0.2940000000 0.3455873486 1.5193725625 2.4763144865 19.0680568243 0.3455873486 0.5250759354 6.5896792011 0.0022142322
0.2950000000 0.3455877935 1.5193684789 2.4763189560 19.0680598917 0.3455877935 0.5250752001 6.5896887441 0.0000648013
0.2960000000 0.3455882372 1.5193644059 2.4763234140 19.0680629515 0.3455882372 0.5250744667 6.5896982627 0.0034250897
0.2970000000 0.3455886559 1.5193605629 2.4763276203 19.0680658406 0.3455886559 0.5250737747 6.5897072436 0.0064136505
0.2980000000 0.3455890317 1.5193571121 2.4763313971 19.0680684384 0.3455890317 0.5250731532 6.5897153076 0.0078862022
0.2990000000 0.3455893606 1.5193540913 2.4763347034 19.0680707170 0.3455893606 0.5250726089 6.5897223668 0.0074790755
0.3000000000 0.3455896500 1.5193514322 2.4763376138 19.0680727271 0.3455896500 0.5250721297 6.5897285806 0.0056027250
0.3010000000 0.3455899128 1.5193490176 2.4763402565 19.0680745557 0.3455899128 0.5250716945 6.5897342228 0.0032118371
0.3020000000 0.3455901613 1.5193467334 2.4763427565 19.0680762877 0.3455901613 0.5250712827 6.5897395602 0.0013440380
0.3030000000 0.3455904041 1.5193445015 2.4763451992 19.0680779811 0.3455904041 0.5250708803 6.5897447755 0.0005561835
0.3040000000 0.3455906446 1.5193422911 2.4763476184 19.0680796587 0.3455906446 0.5250704817 6.5897499403 0.0006293286
0.3050000000 0.3455908823 1.5193401055 2.4763500104 19.0680813181 0.3455908823 0.5250700876 6.5897550472 0.0007796243
0.3060000000 0.3455911168 1.5193379499 2.4763523697 19.0680829556 0.3455911168 0.5250696989 6.5897600842 0.0002171563
0.3070000000 0.3455913505 1.5193358013 2.4763547212 19.0680845881 0.3455913505 0.5250693115 6.5897651046 0.0012742686
0.3080000000 0.3455915898 1.5193336011 2.4763571293 19.0680862593 0.3455915898 0.5250689147 6.5897702457 0.0030264097
0.3090000000 0.3455918426 1.5193312778 2.4763596721 19.0680880221 0.3455918426 0.5250684958 6.5897756745 0.0040103254
0.3100000000 0.3455921139 1.5193287848 2.4763624007 19.0680899113 0.3455921139 0.5250680464 6.5897815001 0.0037528906
0.3110000000 0.3455924033 1.5193261251 2.4763653116 19.0680919246 0.3455924033 0.5250675670 6.5897877151 0.0024282420
0.3120000000 0.3455927049 1.5193233543 2.4763683443 19.0680940207 0.3455927049 0.5250670676 6.5897941900 0.0004344163
0.3130000000 0.3455930084 1.5193205658 2.4763713963 19.0680961301 0.3455930084 0.5250665651 6.5898007061 0.0018032260
0.3140000000 0.3455933022 1.5193178658 2.4763743515 19.0680981741 0.3455933022 0.5250660784 6.5898070155 0.0037316420
0.3150000000 0.3455935774 1.5193153371 2.4763771192 19.0681000910 0.3455935774 0.5250656225 6.5898129246 0.0049208340
0.3160000000 0.3455938296 1.5193130183 2.4763796570 19.0681018521 0.3455938296 0.5250652044 6.5898183427 0.0052852119
0.3170000000 0.3455940591 1.5193109079 2.4763819668 19.0681034587 0.3455940591 0.5250648237 6.5898232741 0.0050076917
0.3180000000 0.3455942687 1.5193089798 2.4763840771 19.0681049300 0.3455942687 0.5250644758 6.5898277793 0.0043810831
0.3190000000 0.3455944621 1.5193072003 2.4763860247 19.0681062911 0.3455944621 0.5250641546 6.5898319371 0.0036466441
0.3200000000 0.3455946428 1.5193055372 2.4763878448 19.0681075660 0.3455946428 0.5250638544 6.5898358227 0.0029047198
0.3210000000 0.3455948138 1.5193039624 2.4763895684 19.0681087756 0.3455948138 0.5250635700 6.5898395021 0.0021329002
0.3220000000 0.3455949781 1.5193024497 2.4763912238 19.0681099393 0.3455949781 0.5250632968 6.5898430361 0.0012787281
0.3230000000 0.3455951384 1.5193009731 2.4763928399 19.0681110764 0.3455951384 0.5250630300 6.5898464860 0.0003458177
0.3240000000 0.3455952977 1.5192995054 2.4763944461 19.0681122072 0.3455952977 0.5250627649 6.5898499148 0.0005894157
0.3250000000 0.3455954589 1.5192980202 2.4763960716 19.0681133514 0.3455954589 0.5250624965 6.5898533848 0.0014276200
0.3260000000 0.3455956248 1.5192964928 2.4763977432 19.0681145271 0.3455956248 0.5250622206 6.5898569532 0.0021601637
0.3270000000 0.3455957977 1.5192949005 2.4763994859 19.0681157514 0.3455957977 0.5250619330 6.5898606735 0.0028912736
0.3280000000 0.3455959804 1.5192932180 2.4764013273 19.0681170429 0.3455959804 0.5250616292 6.5898646044 0.0037085718
0.3290000000 0.3455961764 1.5192914142 2.4764033014 19.0681184248 0.3455961764 0.5250613036 6.5898688188 0.0045575434
0.3300000000 0.3455963896 1.5192894524 2.4764054486 19.0681199246 0.3455963896 0.5250609495 6.5898734028 0.0052434141
0.3310000000 0.3455966241 1.5192872953 2.4764078095 19.0681215696 0.3455966241 0.5250605603 6.5898784430 0.0055594842
0.3320000000 0.3455968830 1.5192849147 2.4764104150 19.0681233809 0.3455968830 0.5250601310 6.5898840056 0.0054082905
0.3330000000 0.3455971676 1.5192822990 2.4764132779 19.0681253673 0.3455971676 0.5250596593 6.5898901178 0.0048164757
0.3340000000 0.3455974767 1.5192794583 2.4764163871 19.0681275212 0.3455974767 0.5250591471 6.5898967562 0.0038745526
0.3350000000 0.3455978067 1.5192764252 2.4764197069 19.0681298182 0.3455978067 0.5250586004 6.5899038439 0.0026729949
0.3360000000 0.3455981519 1.5192732540 2.4764231779 19.0681322183 0.3455981519 0.5250580288 6.5899112547 0.0012639727
0.3370000000 0.3455985042 1.5192700169 2.4764267209 19.0681346676 0.3455985042 0.5250574453 6.5899188192 0.0003464721
0.3380000000 0.3455988541 1.5192668017 2.4764302401 19.0681371010 0.3455988541 0.5250568658 6.5899263328 0.0021293851
0.3390000000 0.3455991913 1.5192637032 2.4764336315 19.0681394480 0.3455991913 0.5250563073 6.5899335735 0.0039518324
0.3400000000 0.3455995062 1.5192608090 2.4764367992 19.0681416436 0.3455995062 0.5250557854 6.5899403368 0.0056844966
0.3410000000 0.3455997914 1.5192581869 2.4764396692 19.0681436373 0.3455997914 0.5250553125 6.5899464640 0.0072295204
0.3420000000 0.3456000424 1.5192558784 2.4764421959 19.0681453984 0.3456000424 0.5250548960 6.5899518583 0.0085199112
0.3430000000 0.3456002576 1.5192538981 2.4764443633 19.0681469160 0.3456002576 0.5250545385 6.5899564853 0.0095188369
0.3440000000 0.3456004377 1.5192522383 2.4764461798 19.0681481957 0.3456004377 0.5250542386 6.5899603631 0.0102143397
0.3450000000 0.3456005855 1.5192508755 2.4764476712 19.0681492552 0.3456005855 0.5250539921 6.5899635467 0.0106091161
0.3460000000 0.3456007044 1.5192497770 2.4764488735 19.0681501187 0.3456007044 0.5250537931 6.5899661128 0.0107081811
0.3470000000 0.3456007985 1.5192489061 2.4764498266 19.0681508134 0.3456007985 0.5250536350 6.5899681467 0.0105094123
0.3480000000 0.3456008717 1.5192482259 2.4764505708 19.0681513667 0.3456008717 0.5250535113 6.5899697347 0.0100011269
0.3490000000 0.3456009280 1.5192477017 2.4764511444 19.0681518046 0.3456009280 0.5250534155 6.5899709583 0.0091671251
0.3500000000 0.3456009707 1.5192473013 2.4764515824 19.0681521508 0.3456009707 0.5250533420 6.5899718924 0.0079952015
0.3510000000 0.3456010030 1.5192469959 2.4764519165 19.0681524269 0.3456010030 0.5250532856 6.5899726045 0.0064826882
0.3520000000 0.3456010278 1.5192467595 2.4764521750 19.0681526521 0.3456010278 0.5250532416 6.5899731553 0.0046338908
0.3530000000 0.3456010477 1.5192465683 2.4764523840 19.0681528442 0.3456010477 0.5250532057 6.5899736004 0.0024489424
0.3540000000 0.3456010651 1.5192463995 2.4764525685 19.0681530201 0.3456010651 0.5250531738 6.5899739932 0.0000708094
0.3550000000 0.3456010827 1.5192462292 2.4764527547 19.0681531975 0.3456010827 0.5250531416 6.5899743894 0.0027703235
0.3560000000 0.3456011032 1.5192460319 2.4764529704 19.0681533954 0.3456011032 0.5250531046 6.5899748488 0.0051633707
0.3570000000 0.3456011294 1.5192457821 2.4764532436 19.0681536328 0.3456011294 0.5250530581 6.5899754308 0.0069067866
0.3580000000 0.3456011639 1.5192454560 2.4764536003 19.0681539274 0.3456011639 0.5250529979 6.5899761913 0.0079760007
0.3590000000 0.3456012092 1.5192450317 2.4764540645 19.0681542953 0.3456012092 0.5250529200 6.5899771812 0.0085052193
0.3600000000 0.3456012673 1.5192444894 2.4764546579 19.0681547514 0.3456012673 0.5250528208 6.5899784470 0.0086482480
0.3610000000 0.3456013402 1.5192438109 2.4764554002 19.0681553090 0.3456013402 0.5250526972 6.5899800309 0.0085252251
0.3620000000 0.3456014298 1.5192429804 2.4764563091 19.0681559801 0.3456014298 0.5250525462 6.5899819705 0.0082190547
0.3630000000 0.3456015375 1.5192419839 2.4764573996 19.0681567748 0.3456015375 0.5250523654 6.5899842977 0.0077853224
0.3640000000 0.3456016644 1.5192408108 2.4764586835 19.0681577010 0.3456016644 0.5250521528 6.5899870379 0.0072616104
0.3650000000 0.3456018114 1.5192394536 2.4764601688 19.0681587643 0.3456018114 0.5250519071 6.5899902082 0.0066735721
0.3660000000 0.3456019788 1.5192379093 2.4764618590 19.0681599671 0.3456019788 0.5250516277 6.5899938161 0.0060384001
0.3670000000 0.3456021665 1.5192361790 2.4764637527 19.0681613083 0.3456021665 0.5250513148 6.5899978585 0.0053666765
0.3680000000 0.3456023737 1.5192342692 2.4764658429 19.0681627832 0.3456023737 0.5250509697 6.5900023205 0.0046632841
0.3690000000 0.3456025993 1.5192321917 2.4764681168 19.0681643831 0.3456025993 0.5250505944 6.5900071746 0.0039277180
0.3700000000 0.3456028413 1.5192299639 2.4764705551 19.0681660951 0.3456028413 0.5250501920 6.5900123800 0.0031538608
0.3710000000 0.3456030970 1.5192276092 2.4764731323 19.0681679017 0.3456030970 0.5250497669 6.5900178818 0.0023290451
0.3720000000 0.3456033634 1.5192251574 2.4764758158 19.0681697809 0.3456033634 0.5250493242 6.5900236108 0.0014318964
0.3730000000 0.3456036364 1.5192226448 2.4764785659 19.0681717057 0.3456036364 0.5250488706 6.5900294818 0.0004287451
0.3740000000 0.3456039113 1.5192201149 2.4764813350 19.0681736438 0.3456039113 0.5250484139 6.5900353934 0.0007200278
0.3750000000 0.3456041826 1.5192176182 2.4764840677 19.0681755577 0.3456041826 0.5250479631 6.5900412271 0.0020119606
0.3760000000 0.3456044442 1.5192152098 2.4764867037 19.0681774064 0.3456044442 0.5250475282 6.5900468546 0.0034007348
0.3770000000 0.3456046903 1.5192129435 2.4764891842 19.0681791500 0.3456046903 0.5250471188 6.5900521499 0.0048359711
0.3780000000 0.3456049157 1.5192108665 2.4764914574 19.0681807534 0.3456049157 0.5250467435 6.5900570026 0.0062636554
0.3790000000 0.3456051166 1.5192090148 2.4764934840 19.0681821898 0.3456051166 0.5250464087 6.5900613287 0.0076261952
0.3800000000 0.3456052904 1.5192074103 2.4764952401 19.0681834430 0.3456052904 0.5250461183 6.5900650771 0.0088620195
0.3810000000 0.3456054366 1.5192060596 2.4764967183 19.0681845080 0.3456054366 0.5250458735 6.5900682321 0.0099045673
0.3820000000 0.3456055558 1.5192049556 2.4764979265 19.0681853900 0.3456055558 0.5250456731 6.5900708105 0.0106811992
0.3830000000 0.3456056501 1.5192040799 2.4764988848 19.0681861029 0.3456056501 0.5250455137 6.5900728552 0.0111130741
0.3840000000 0.3456057224 1.5192034061 2.4764996220 19.0681866661 0.3456057224 0.5250453907 6.5900744280 0.0111176930
0.3850000000 0.3456057760 1.5192029035 2.4765001719 19.0681871025 0.3456057760 0.5250452984 6.5900756006 0.0106164221
0.3860000000 0.3456058144 1.5192025398 2.4765005696 19.0681874360 0.3456058144 0.5250452310 6.5900764483 0.0095494470
0.3870000000 0.3456058411 1.5192022837 2.4765008497 19.0681876902 0.3456058411 0.5250451830 6.5900770448 0.0078992389
0.3880000000 0.3456058593 1.5192021055 2.4765010445 19.0681878869 0.3456058593 0.5250451490 6.5900774591 0.0057196143
0.3890000000 0.3456058719 1.5192019780 2.4765011837 19.0681880464 0.3456058719 0.5250451242 6.5900777547 0.0031610638
0.3900000000 0.3456058816 1.5192018765 2.4765012944 19.0681881871 0.3456058816 0.5250451039 6.5900779896 0.0004859627
0.3910000000 0.3456058910 1.5192017784 2.4765014015 19.0681883259 0.3456058910 0.5250450843 6.5900782167 0.0018859148
0.3920000000 0.3456059022 1.5192016641 2.4765015264 19.0681884772 0.3456059022 0.5250450617 6.5900784816 0.0033944107
0.3930000000 0.3456059165 1.5192015202 2.4765016835 19.0681886510 0.3456059165 0.5250450338 6.5900788156 0.0038438730
0.3940000000 0.3456059347 1.5192013413 2.4765018791 19.0681888514 0.3456059347 0.5250449996 6.5900792315 0.0034327817
0.3950000000 0.3456059565 1.5192011296 2.4765021105 19.0681890767 0.3456059565 0.5250449595 6.5900797239 0.0024383684
0.3960000000 0.3456059808 1.5192008939 2.4765023682 19.0681893204 0.3456059808 0.5250449150 6.5900802727 0.0010804342
0.3970000000 0.3456060063 1.5192006474 2.4765026377 19.0681895726 0.3456060063 0.5250448686 6.5900808464 0.0004688392
0.3980000000 0.3456060313 1.5192004063 2.4765029013 19.0681898212 0.3456060313 0.5250448231 6.5900814075 0.0019690859
0.3990000000 0.3456060540 1.5192001856 2.4765031425 19.0681900553 0.3456060540 0.5250447813 6.5900819210 0.0030588468
0.4000000000 0.3456060733 1.5191999950 2.4765033509 19.0681902674 0.3456060733 0.5250447449 6.5900823641 0.0034034190
0.4010000000 0.3456060893 1.5191998361 2.4765035246 19.0681904566 0.3456060893 0.5250447142 6.5900827333 0.0027538481
0.4020000000 0.3456061026 1.5191997012 2.4765036719 19.0681906283 0.3456061026 0.5250446878 6.5900830460 0.0009892956
0.4030000000 0.3456061150 1.5191995743 2.4765038104 19.0681907947 0.3456061150 0.5250446628 6.5900833401 0.0017476613
0.4040000000 0.3456061291 1.5191994313 2.4765039666 19.0681909736 0.3456061291 0.5250446348 6.5900836719 0.0047045361
0.4050000000 0.3456061481 1.5191992444 2.4765041709 19.0681911857 0.3456061481 0.5250445990 6.5900841064 0.0069085150
0.4060000000 0.3456061746 1.5191989878 2.4765044515 19.0681914502 0.3456061746 0.5250445506 6.5900847036 0.0080286304
0.4070000000 0.3456062109 1.5191986413 2.4765048305 19.0681917821 0.3456062109 0.5250444861 6.5900855110 0.0082762657
0.4080000000 0.3456062586 1.5191981904 2.4765053237 19.0681921922 0.3456062586 0.5250444027 6.5900865624 0.0079853886
0.4090000000 0.3456063187 1.5191976262 2.4765059409 19.0681926872 0.3456063187 0.5250442989 6.5900878786 0.0074096254
0.4100000000 0.3456063916 1.5191969443 2.4765066870 19.0681932703 0.3456063916 0.5250441740 6.5900894699 0.0067017417
0.4110000000 0.3456064773 1.5191961445 2.4765075622 19.0681939417 0.3456064773 0.5250440278 6.5900913369 0.0059440626
0.4120000000 0.3456065756 1.5191952299 2.4765085630 19.0681946991 0.3456065756 0.5250438610 6.5900934720 0.0051773268
0.4130000000 0.3456066856 1.5191942069 2.4765096824 19.0681955378 0.3456066856 0.5250436747 6.5900958605 0.0044193685
0.4140000000 0.3456068065 1.5191930848 2.4765109104 19.0681964508 0.3456068065 0.5250434705 6.5900984807 0.0036759629
0.4150000000 0.3456069369 1.5191918752 2.4765122341 19.0681974296 0.3456069369 0.5250432505 6.5901013053 0.0029468765
0.4160000000 0.3456070753 1.5191905922 2.4765136382 19.0681984636 0.3456070753 0.5250430173 6.5901043017 0.0022291085
0.4170000000 0.3456072199 1.5191892516 2.4765151053 19.0681995411 0.3456072199 0.5250427738 6.5901074325 0.0015184287
0.4180000000 0.3456073690 1.5191878709 2.4765166163 19.0682006492 0.3456073690 0.5250425230 6.5901106572 0.0008098012
0.4190000000 0.3456075203 1.5191864687 2.4765181509 19.0682017739 0.3456075203 0.5250422683 6.5901139320 0.0000978325
0.4200000000 0.3456076719 1.5191850644 2.4765196877 19.0682029009 0.3456076719 0.5250420133 6.5901172117 0.0006159699
0.4210000000 0.3456078215 1.5191836776 2.4765212054 19.0682040158 0.3456078215 0.5250417613 6.5901204505 0.0013070782
0.4220000000 0.3456079673 1.5191823266 2.4765226840 19.0682051048 0.3456079673 0.5250415158 6.5901236057 0.0019461179
0.4230000000 0.3456081073 1.5191810272 2.4765241060 19.0682061562 0.3456081073 0.5250412795 6.5901266401 0.0025123820
0.4240000000 0.3456082404 1.5191797921 2.4765254576 19.0682071607 0.3456082404 0.5250410548 6.5901295242 0.0029937367
0.4250000000 0.3456083654 1.5191786305 2.4765267288 19.0682081114 0.3456083654 0.5250408433 6.5901322366 0.0033866614
0.4260000000 0.3456084818 1.5191775480 2.4765279134 19.0682090043 0.3456084818 0.5250406459 6.5901347640 0.0036955264
0.4270000000 0.3456085892 1.5191765474 2.4765290083 19.0682098371 0.3456085892 0.5250404633 6.5901371000 0.0039310097
0.4280000000 0.3456086876 1.5191756290 2.4765300133 19.0682106098 0.3456086876 0.5250402954 6.5901392437 0.0041074818
0.4290000000 0.3456087772 1.5191747916 2.4765309296 19.0682113233 0.3456087772 0.5250401420 6.5901411982 0.0042393991
0.4300000000 0.3456088581 1.5191740328 2.4765317599 19.0682119793 0.3456088581 0.5250400028 6.5901429691 0.0043372934
0.4310000000 0.3456089309 1.5191733493 2.4765325077 19.0682125802 0.3456089309 0.5250398771 6.5901445636 0.0044046650
0.4320000000 0.3456089958 1.5191727376 2.4765331770 19.0682131286 0.3456089958 0.5250397642 6.5901459905 0.0044375991
0.4330000000 0.3456090532 1.5191721936 2.4765337721 19.0682136276 0.3456090532 0.5250396636 6.5901472589 0.0044287859
0.4340000000 0.3456091038 1.5191717129 2.4765342979 19.0682140805 0.3456091038 0.5250395742 6.5901483795 0.0043765758
0.4350000000 0.3456091479 1.5191712908 2.4765347596 19.0682144907 0.3456091479 0.5250394954 6.5901493630 0.0042978352
0.4360000000 0.3456091862 1.5191709227 2.4765351622 19.0682148617 0.3456091862 0.5250394263 6.5901502204 0.0042410941
0.4370000000 0.3456092189 1.5191706046 2.4765355101 19.0682151964 0.3456092189 0.5250393661 6.5901509608 0.0042945629
0.4380000000 0.3456092465 1.5191703342 2.4765358057 19.0682154966 0.3456092465 0.5250393145 6.5901515898 0.0045831174
0.4390000000 0.3456092688 1.5191701114 2.4765360492 19.0682157623 0.3456092688 0.5250392714 6.5901521072 0.0052506511
0.4400000000 0.3456092856 1.5191699396 2.4765362369 19.0682159911 0.3456092856 0.5250392375 6.5901525056 0.0064299640
0.4410000000 0.3456092960 1.5191698251 2.4765363618 19.0682161783 0.3456092960 0.5250392138 6.5901527699 0.0082122990
0.4420000000 0.3456092993 1.5191697764 2.4765364148 19.0682163176 0.3456092993 0.5250392019 6.5901528805 0.0101767242
0.4430000000 0.3456092944 1.5191698021 2.4765363863 19.0682164027 0.3456092944 0.5250392034 6.5901528171 0.0107338595
0.4440000000 0.3456092805 1.5191699105 2.4765362672 19.0682164272 0.3456092805 0.5250392198 6.5901525602 0.0101610829
0.4450000000 0.3456092566 1.5191701104 2.4765360480 19.0682163848 0.3456092566 0.5250392525 6.5901520895 0.0095356964
0.4460000000 0.3456092218 1.5191704095 2.4765357202 19.0682162697 0.3456092218 0.5250393031 6.5901513869 0.0088039322
0.4470000000 0.3456091756 1.5191708133 2.4765352777 19.0682160778 0.3456091756 0.5250393724 6.5901504396 0.0079797239
0.4480000000 0.3456091177 1.5191713244 2.4765347179 19.0682158072 0.3456091177 0.5250394611 6.5901492414 0.0070902688
0.4490000000 0.3456090481 1.5191719419 2.4765340415 19.0682154586 0.3456090481 0.5250395688 6.5901477944 0.0061611418
0.4500000000 0.3456089674 1.5191726612 2.4765332537 19.0682150353 0.3456089674 0.5250396948 6.5901461095 0.0052115685
0.4510000000 0.3456088765 1.5191734740 2.4765323635 19.0682145437 0.3456088765 0.5250398376 6.5901442059 0.0042522282
0.4520000000 0.3456087767 1.5191743685 2.4765313840 19.0682139925 0.3456087767 0.5250399951 6.5901421114 0.0032838310
0.4530000000 0.3456086696 1.5191753294 2.4765303316 19.0682133930 0.3456086696 0.5250401644 6.5901398615 0.0022952242
0.4540000000 0.3456085571 1.5191763385 2.4765292266 19.0682127588 0.3456085571 0.5250403424 6.5901374990 0.0012599123
0.4550000000 0.3456084418 1.5191773744 2.4765280922 19.0682121060 0.3456084418 0.5250405252 6.5901350738 0.0001318697
0.4560000000 0.3456083262 1.5191784124 2.4765269556 19.0682114529 0.3456083262 0.5250407083 6.5901326438 0.0011385067
0.4570000000 0.3456082134 1.5191794245 2.4765258472 19.0682108204 0.3456082134 0.5250408867 6.5901302742 0.0025487367
0.4580000000 0.3456081066 1.5191803813 2.4765247994 19.0682102302 0.3456081066 0.5250410552 6.5901280337 0.0040725973
0.4590000000 0.3456080089 1.5191812547 2.4765238429 19.0682097034 0.3456080089 0.5250412085 6.5901259883 0.0056842582
0.4600000000 0.3456079229 1.5191820199 2.4765230048 19.0682092582 0.3456079229 0.5250413424 6.5901241956 0.0073512519
0.4610000000 0.3456078508 1.5191826586 2.4765223053 19.0682089086 0.3456078508 0.5250414535 6.5901226988 0.0090319481
0.4620000000 0.3456077936 1.5191831595 2.4765217564 19.0682086627 0.3456077936 0.5250415398 6.5901215237 0.0106755116
0.4630000000 0.3456077517 1.5191835200 2.4765213614 19.0682085225 0.3456077517 0.5250416008 6.5901206770 0.0122236590
0.4640000000 0.3456077246 1.5191837448 2.4765211149 19.0682084847 0.3456077246 0.5250416374 6.5901201475 0.0136136303
0.4650000000 0.3456077112 1.5191838448 2.4765210049 19.0682085411 0.3456077112 0.5250416514 6.5901199096 0.0146493460
0.4660000000 0.3456077096 1.5191838347 2.4765210155 19.0682086808 0.3456077096 0.5250416456 6.5901199291 0.0128396598
0.4670000000 0.3456077186 1.5191837280 2.4765211318 19.0682088938 0.3456077186 0.5250416224 6.5901201742 0.0097439120
0.4680000000 0.3456077370 1.5191835348 2.4765213428 19.0682091727 0.3456077370 0.5250415836 6.5901206216 0.0076971968
0.4690000000 0.3456077639 1.5191832639 2.4765216389 19.0682095108 0.3456077639 0.5250415308 6.5901212504 0.0060847765
0.4700000000 0.3456077981 1.5191829252 2.4765220092 19.0682099010 0.3456077981 0.5250414657 6.5901220378 0.0046779801
0.4710000000 0.3456078384 1.5191825302 2.4765224411 19.0682103346 0.3456078384 0.5250413904 6.5901229567 0.0033524545
0.4720000000 0.3456078834 1.5191820925 2.4765229197 19.0682108016 0.3456078834 0.5250413075 6.5901239753 0.0020162904
0.4730000000 0.3456079312 1.5191816284 2.4765234272 19.0682112898 0.3456079312 0.5250412197 6.5901250556 0.0005742716
0.4740000000 0.3456079798 1.5191811571 2.4765239426 19.0682117850 0.3456079798 0.5250411306 6.5901261527 0.0010737380
0.4750000000 0.3456080266 1.5191807012 2.4765244412 19.0682122704 0.3456080266 0.5250410442 6.5901272137 0.0029441211
0.4760000000 0.3456080691 1.5191802849 2.4765248963 19.0682127280 0.3456080691 0.5250409649 6.5901281822 0.0049711176
0.4770000000 0.3456081047 1.5191799312 2.4765252830 19.0682131408 0.3456081047 0.5250408968 6.5901290043 0.0070823670
0.4780000000 0.3456081315 1.5191796586 2.4765255809 19.0682134949 0.3456081315 0.5250408432 6.5901296367 0.0091979199
0.4790000000 0.3456081480 1.5191794793 2.4765257767 19.0682137813 0.3456081480 0.5250408064 6.5901300511 0.0112326484
0.4800000000 0.3456081539 1.5191793978 2.4765258654 19.0682139969 0.3456081539 0.5250407870 6.5901302369 0.0128545438
0.4810000000 0.3456081492 1.5191794116 2.4765258497 19.0682141434 0.3456081492 0.5250407848 6.5901301996 0.0119501669
0.4820000000 0.3456081347 1.5191795158 2.4765257351 19.0682142246 0.3456081347 0.5250407988 6.5901299511 0.0096390608
0.4830000000 0.3456081109 1.5191797055 2.4765255270 19.0682142443 0.3456081109 0.5250408281 6.5901295029 0.0079164923
0.4840000000 0.3456080783 1.5191799748 2.4765252317 19.0682142067 0.3456080783 0.5250408717 6.5901288683 0.0064467125
0.4850000000 0.3456080378 1.5191803162 2.4765248574 19.0682141175 0.3456080378 0.5250409281 6.5901280652 0.0051033088
0.4860000000 0.3456079905 1.5191807196 2.4765244154 19.0682139844 0.3456079905 0.5250409957 6.5901271172 0.0038206770
0.4870000000 0.3456079377 1.5191811723 2.4765239192 19.0682138166 0.3456079377 0.5250410720 6.5901260537 0.0025565396
0.4880000000 0.3456078812 1.5191816596 2.4765233854 19.0682136252 0.3456078812 0.5250411545 6.5901249096 0.0012734921
0.4890000000 0.3456078228 1.5191821641 2.4765228325 19.0682134229 0.3456078228 0.5250412401 6.5901237250 0.0000690662
0.4900000000 0.3456077644 1.5191826671 2.4765222814 19.0682132237 0.3456077644 0.5250413253 6.5901225440 0.0014855896
0.4910000000 0.3456077084 1.5191831486 2.4765217538 19.0682130424 0.3456077084 0.5250414066 6.5901214132 0.0029107460
0.4920000000 0.3456076567 1.5191835900 2.4765212701 19.0682128928 0.3456076567 0.5250414807 6.5901203760 0.0042731474
0.4930000000 0.3456076111 1.5191839760 2.4765208471 19.0682127863 0.3456076111 0.5250415447 6.5901194684 0.0055222738
0.4940000000 0.3456075726 1.5191842955 2.4765204968 19.0682127312 0.3456075726 0.5250415967 6.5901187160 0.0066211616
0.4950000000 0.3456075420 1.5191845424 2.4765202260 19.0682127321 0.3456075420 0.5250416356 6.5901181335 0.0075390798
0.4960000000 0.3456075196 1.5191847149 2.4765200367 19.0682127903 0.3456075196 0.5250416611 6.5901177249 0.0082448409
0.4970000000 0.3456075049 1.5191848150 2.4765199266 19.0682129045 0.3456075049 0.5250416734 6.5901174854 0.0087067427
0.4980000000 0.3456074976 1.5191848478 2.4765198903 19.0682130711 0.3456074976 0.5250416736 6.5901174031 0.0084610283
0.4990000000 0.3456074968 1.5191848200 2.4765199202 19.0682132851 0.3456074968 0.5250416629 6.5901174624 0.0071736309
0.5000000000 0.3456075019 1.5191847385 2.4765200089 19.0682135414 0.3456075019 0.5250416424 6.5901176472 0.0057489738
0.5010000000 0.3456075120 1.5191846097 2.4765201493 19.0682138354 0.3456075120 0.5250416133 6.5901179425 0.0046504696
0.5020000000 0.3456075266 1.5191844396 2.4765203351 19.0682141627 0.3456075266 0.5250415767 6.5901183344 0.0037968684
0.5030000000 0.3456075451 1.5191842336 2.4765205600 19.0682145192 0.3456075451 0.5250415336 6.5901188100 0.0031676488
0.5040000000 0.3456075670 1.5191839960 2.4765208196 19.0682149016 0.3456075670 0.5250414847 6.5901193593 0.0027591964
0.5050000000 0.3456075920 1.5191837297 2.4765211105 19.0682153079 0.3456075920 0.5250414306 6.5901199757 0.0025594458
0.5060000000 0.3456076199 1.5191834357 2.4765214319 19.0682157372 0.3456076199 0.5250413714 6.5901206570 0.0025307153
0.5070000000 0.3456076509 1.5191831130 2.4765217846 19.0682161901 0.3456076509 0.5250413070 6.5901214051 0.0026052867
0.5080000000 0.3456076852 1.5191827599 2.4765221707 19.0682166681 0.3456076852 0.5250412371 6.5901222244 0.0026973619
0.5090000000 0.3456077231 1.5191823738 2.4765225928 19.0682171729 0.3456077231 0.5250411612 6.5901231207 0.0027261789
0.5100000000 0.3456077647 1.5191819531 2.4765230527 19.0682177057 0.3456077647 0.5250410790 6.5901240976 0.0026370735
0.5110000000 0.3456078100 1.5191814977 2.4765235506 19.0682182667 0.3456078100 0.5250409904 6.5901251557 0.0024094403
0.5120000000 0.3456078589 1.5191810095 2.4765240846 19.0682188546 0.3456078589 0.5250408959 6.5901262905 0.0020504248
0.5130000000 0.3456079108 1.5191804925 2.4765246500 19.0682194663 0.3456079108 0.5250407961 6.5901274927 0.0015807555
0.5140000000 0.3456079652 1.5191799527 2.4765252404 19.0682200975 0.3456079652 0.5250406922 6.5901287479 0.0010198189
0.5150000000 0.3456080212 1.5191793981 2.4765258469 19.0682207424 0.3456080212 0.5250405855 6.5901300376 0.0003741811
0.5160000000 0.3456080776 1.5191788382 2.4765264593 19.0682213940 0.3456080776 0.5250404778 6.5901313397 0.0003649918
0.5170000000 0.3456081334 1.5191782841 2.4765270652 19.0682220443 0.3456081334 0.5250403711 6.5901326280 0.0012010322
0.5180000000 0.3456081871 1.5191777483 2.4765276513 19.0682226842 0.3456081871 0.5250402675 6.5901338738 0.0021171640
0.5190000000 0.3456082374 1.5191772433 2.4765282034 19.0682233045 0.3456082374 0.5250401694 6.5901350472 0.0030836385
0.5200000000 0.3456082829 1.5191767816 2.4765287083 19.0682238961 0.3456082829 0.5250400790 6.5901361195 0.0040490791
0.5210000000 0.3456083225 1.5191763735 2.4765291545 19.0682244513 0.3456083225 0.5250399981 6.5901370664 0.0049384612
0.5220000000 0.3456083554 1.5191760264 2.4765295339 19.0682249646 0.3456083554 0.5250399281 6.5901378705 0.0056607394
0.5230000000 0.3456083812 1.5191757440 2.4765298425 19.0682254335 0.3456083812 0.5250398696 6.5901385235 0.0061234536
0.5240000000 0.3456083999 1.5191755255 2.4765300812 19.0682258584 0.3456083999 0.5250398225 6.5901390270 0.0062495043
0.5250000000 0.3456084120 1.5191753664 2.4765302548 19.0682262424 0.3456084120 0.5250397859 6.5901393915 0.0059914297
0.5260000000 0.3456084184 1.5191752593 2.4765303715 19.0682265911 0.3456084184 0.5250397587 6.5901396345 0.0053400797
0.5270000000 0.3456084202 1.5191751946 2.4765304417 19.0682269114 0.3456084202 0.5250397390 6.5901397780 0.0043260386
0.5280000000 0.3456084183 1.5191751620 2.4765304769 19.0682272110 0.3456084183 0.5250397249 6.5901398468 0.0030132142
0.5290000000 0.3456084142 1.5191751502 2.4765304892 19.0682274981 0.3456084142 0.5250397145 6.5901398665 0.0014853790
0.5300000000 0.3456084089 1.5191751483 2.4765304907 19.0682277809 0.3456084089 0.5250397058 6.5901398632 0.0001630289
0.5310000000 0.3456084037 1.5191751450 2.4765304938 19.0682280678 0.3456084037 0.5250396967 6.5901398633 0.0017844968
0.5320000000 0.3456083998 1.5191751290 2.4765305108 19.0682283672 0.3456083998 0.5250396853 6.5901398927 0.0031568262
0.5330000000 0.3456083983 1.5191750902 2.4765305526 19.0682286870 0.3456083983 0.5250396697 6.5901399754 0.0041681806
0.5340000000 0.3456084002 1.5191750198 2.4765306291 19.0682290337 0.3456084002 0.5250396483 6.5901401319 0.0048360258
0.5350000000 0.3456084064 1.5191749103 2.4765307484 19.0682294132 0.3456084064 0.5250396198 6.5901403797 0.0052335665
0.5360000000 0.3456084174 1.5191747553 2.4765309176 19.0682298305 0.3456084174 0.5250395829 6.5901407339 0.0054339235
0.5370000000 0.3456084339 1.5191745492 2.4765311426 19.0682302898 0.3456084339 0.5250395367 6.5901412073 0.0054874132
0.5380000000 0.3456084564 1.5191742872 2.4765314288 19.0682307950 0.3456084564 0.5250394804 6.5901418113 0.0054212221
0.5390000000 0.3456084854 1.5191739655 2.4765317805 19.0682313491 0.3456084854 0.5250394132 6.5901425549 0.0052479922
0.5400000000 0.3456085210 1.5191735811 2.4765322006 19.0682319541 0.3456085210 0.5250393346 6.5901434447 0.0049752583
0.5410000000 0.3456085636 1.5191731329 2.4765326908 19.0682326114 0.3456085636 0.5250392444 6.5901444838 0.0046120493
0.5420000000 0.3456086130 1.5191726211 2.4765332504 19.0682333206 0.3456086130 0.5250391426 6.5901456712 0.0041715911
0.5430000000 0.3456086691 1.5191720480 2.4765338771 19.0682340801 0.3456086691 0.5250390296 6.5901470017 0.0036704762
0.5440000000 0.3456087312 1.5191714180 2.4765345662 19.0682348868 0.3456087312 0.5250389062 6.5901484654 0.0031253861
0.5450000000 0.3456087988 1.5191707369 2.4765353111 19.0682357364 0.3456087988 0.5250387736 6.5901500481 0.0025486887
0.5460000000 0.3456088710 1.5191700126 2.4765361034 19.0682366230 0.3456088710 0.5250386330 6.5901517318 0.0019442607
0.5470000000 0.3456089469 1.5191692543 2.4765369329 19.0682375400 0.3456089469 0.5250384861 6.5901534950 0.0013047743
0.5480000000 0.3456090252 1.5191684728 2.4765377878 19.0682384794 0.3456090252 0.5250383349 6.5901553123 0.0006113344
0.5490000000 0.3456091045 1.5191676804 2.4765386546 19.0682394321 0.3456091045 0.5250381816 6.5901571547 0.0001617272
0.5500000000 0.3456091834 1.5191668915 2.4765395175 19.0682403876 0.3456091834 0.5250380288 6.5901589889 0.0010232229
0.5510000000 0.3456092601 1.5191661218 2.4765403595 19.0682413345 0.3456092601 0.5250378793 6.5901607781 0.0019365721
0.5520000000 0.3456093328 1.5191653872 2.4765411631 19.0682422612 0.3456093328 0.5250377359 6.5901624853 0.0028374542
0.5530000000 0.3456094000 1.5191647018 2.4765419127 19.0682431571 0.3456094000 0.5250376011 6.5901640771 0.0036425639
0.5540000000 0.3456094606 1.5191640766 2.4765425965 19.0682440145 0.3456094606 0.5250374770 6.5901655283 0.0042609140
0.5550000000 0.3456095138 1.5191635174 2.4765432080 19.0682448290 0.3456095138 0.5250373647 6.5901668248 0.0046104772
0.5560000000 0.3456095596 1.5191630252 2.4765437462 19.0682456002 0.3456095596 0.5250372641 6.5901679648 0.0046348757
0.5570000000 0.3456095985 1.5191625955 2.4765442159 19.0682463312 0.3456095985 0.5250371747 6.5901689583 0.0043162491
0.5580000000 0.3456096313 1.5191622204 2.4765446260 19.0682470283 0.3456096313 0.5250370948 6.5901698242 0.0036818909
0.5590000000 0.3456096591 1.5191618889 2.4765449882 19.0682476995 0.3456096591 0.5250370226 6.5901705880 0.0028034313
0.5600000000 0.3456096835 1.5191615890 2.4765453158 19.0682483539 0.3456096835 0.5250369559 6.5901712777 0.0017882962
0.5610000000 0.3456097055 1.5191613085 2.4765456223 19.0682490005 0.3456097055 0.5250368925 6.5901719221 0.0007644392
0.5620000000 0.3456097266 1.5191610359 2.4765459201 19.0682496480 0.3456097266 0.5250368303 6.5901725477 0.0001373110
0.5630000000 0.3456097477 1.5191607616 2.4765462198 19.0682503038 0.3456097477 0.5250367676 6.5901731773 0.0007942058
0.5640000000 0.3456097697 1.5191604785 2.4765465291 19.0682509731 0.3456097697 0.5250367031 6.5901738273 0.0011201684
0.5650000000 0.3456097929 1.5191601830 2.4765468519 19.0682516588 0.3456097929 0.5250366362 6.5901745060 0.0011090292
0.5660000000 0.3456098172 1.5191598752 2.4765471883 19.0682523612 0.3456098172 0.5250365668 6.5901752134 0.0008044157
0.5670000000 0.3456098424 1.5191595584 2.4765475345 19.0682530777 0.3456098424 0.5250364956 6.5901759415 0.0002582281
0.5680000000 0.3456098678 1.5191592388 2.4765478836 19.0682538040 0.3456098678 0.5250364237 6.5901766759 0.0004910297
0.5690000000 0.3456098923 1.5191589252 2.4765482263 19.0682545339 0.3456098923 0.5250363526 6.5901773962 0.0014046236
0.5700000000 0.3456099150 1.5191586278 2.4765485513 19.0682552599 0.3456099150 0.5250362841 6.5901780787 0.0024374205
0.5710000000 0.3456099345 1.5191583573 2.4765488467 19.0682559740 0.3456099345 0.5250362203 6.5901786978 0.0035452775
0.5720000000 0.3456099498 1.5191581242 2.4765491012 19.0682566686 0.3456099498 0.5250361630 6.5901792293 0.0046704720
0.5730000000 0.3456099598 1.5191579374 2.4765493051 19.0682573371 0.3456099598 0.5250361137 6.5901796525 0.0057269500
0.5740000000 0.3456099640 1.5191578030 2.4765494516 19.0682579753 0.3456099640 0.5250360736 6.5901799531 0.0065953206
0.5750000000 0.3456099621 1.5191577235 2.4765495379 19.0682585816 0.3456099621 0.5250360432 6.5901801249 0.0071351823
0.5760000000 0.3456099541 1.5191576976 2.4765495656 19.0682591572 0.3456099541 0.5250360221 6.5901801713 0.0068978256
0.5770000000 0.3456099406 1.5191577205 2.4765495399 19.0682597058 0.3456099406 0.5250360095 6.5901801034 0.0056684324
0.5780000000 0.3456099223 1.5191577850 2.4765494687 19.0682602336 0.3456099223 0.5250360041 6.5901799382 0.0041620230
0.5790000000 0.3456099003 1.5191578821 2.4765493617 19.0682607478 0.3456099003 0.5250360042 6.5901796964 0.0027471490
0.5800000000 0.3456098756 1.5191580018 2.4765492300 19.0682612567 0.3456098756 0.5250360081 6.5901794015 0.0014037771
0.5810000000 0.3456098494 1.5191581332 2.4765490855 19.0682617684 0.3456098494 0.5250360137 6.5901790789 0.0001097197
0.5820000000 0.3456098230 1.5191582653 2.4765489403 19.0682622913 0.3456098230 0.5250360191 6.5901787546 0.0011668467
0.5830000000 0.3456097974 1.5191583869 2.4765488065 19.0682628340 0.3456097974 0.5250360223 6.5901784545 0.0024405924
0.5840000000 0.3456097738 1.5191584877 2.4765486955 19.0682634055 0.3456097738 0.5250360213 6.5901782027 0.0037640268
0.5850000000 0.3456097533 1.5191585579 2.4765486179 19.0682640136 0.3456097533 0.5250360144 6.5901780219 0.0052263186
0.5860000000 0.3456097369 1.5191585886 2.4765485836 19.0682646642 0.3456097369 0.5250360001 6.5901779333 0.0067090981
0.5870000000 0.3456097254 1.5191585715 2.4765486016 19.0682653619 0.3456097254 0.5250359768 6.5901779562 0.0074905776
0.5880000000 0.3456097198 1.5191584990 2.4765486803 19.0682661125 0.3456097198 0.5250359432 6.5901781083 0.0075677720
0.5890000000 0.3456097207 1.5191583640 2.4765488273 19.0682669238 0.3456097207 0.5250358979 6.5901784062 0.0074706167
0.5900000000 0.3456097288 1.5191581601 2.4765490498 19.0682678027 0.3456097288 0.5250358398 6.5901788647 0.0072233009
0.5910000000 0.3456097448 1.5191578820 2.4765493535 19.0682687510 0.3456097448 0.5250357679 6.5901794963 0.0068652502
0.5920000000 0.3456097690 1.5191575257 2.4765497428 19.0682697674 0.3456097690 0.5250356816 6.5901803104 0.0064346103
0.5930000000 0.3456098020 1.5191570887 2.4765502204 19.0682708526 0.3456098020 0.5250355806 6.5901813131 0.0059600714
0.5940000000 0.3456098435 1.5191565697 2.4765507878 19.0682720134 0.3456098435 0.5250354644 6.5901825070 0.0054575546
0.5950000000 0.3456098936 1.5191559692 2.4765514444 19.0682732568 0.3456098936 0.5250353329 6.5901838910 0.0049294173
0.5960000000 0.3456099519 1.5191552893 2.4765521880 19.0682745799 0.3456099519 0.5250351865 6.5901854603 0.0043648652
0.5970000000 0.3456100182 1.5191545341 2.4765530140 19.0682759687 0.3456100182 0.5250350262 6.5901872052 0.0037409061
0.5980000000 0.3456100920 1.5191537105 2.4765539148 19.0682774096 0.3456100920 0.5250348537 6.5901891099 0.0030235930
0.5990000000 0.3456101719 1.5191528291 2.4765548789 19.0682789036 0.3456101719 0.5250346704 6.5901911497 0.0021686280
0.6000000000 0.3456102559 1.5191519047 2.4765558900 19.0682804613 0.3456102559 0.5250344785 6.5901932891 0.0011188897
0.6010000000 0.3456103414 1.5191509582 2.4765569254 19.0682820779 0.3456103414 0.5250342813 6.5901954794 0.0001978126
0.6020000000 0.3456104260 1.5191500167 2.4765579553 19.0682837135 0.3456104260 0.5250340844 6.5901976573 0.0018264308
0.6030000000 0.3456105066 1.5191491136 2.4765589432 19.0682853076 0.3456105066 0.5250338948 6.5901997460 0.0037018650
0.6040000000 0.3456105796 1.5191482839 2.4765598507 19.0682868273 0.3456105796 0.5250337190 6.5902016633 0.0057092670
0.6050000000 0.3456106407 1.5191475593 2.4765606431 19.0682882956 0.3456106407 0.5250335613 6.5902033343 0.0077216328
0.6060000000 0.3456106861 1.5191469630 2.4765612952 19.0682897541 0.3456106861 0.5250334241 6.5902047037 0.0096156373
0.6070000000 0.3456107146 1.5191465068 2.4765617938 19.0682911889 0.3456107146 0.5250333098 6.5902057437 0.0112836495
0.6080000000 0.3456107279 1.5191461913 2.4765621384 19.0682925118 0.3456107279 0.5250332210 6.5902064550 0.0126389222
0.6090000000 0.3456107286 1.5191460077 2.4765623386 19.0682936443 0.3456107286 0.5250331586 6.5902068600 0.0136225049
0.6100000000 0.3456107177 1.5191459410 2.4765624108 19.0682946326 0.3456107177 0.5250331189 6.5902069928 0.0134220508
0.6110000000 0.3456106940 1.5191459742 2.4765623738 19.0682956441 0.3456106940 0.5250330944 6.5902068902 0.0109686929
0.6120000000 0.3456106567 1.5191460929 2.4765622430 19.0682968101 0.3456106567 0.5250330788 6.5902065828 0.0083492558
0.6130000000 0.3456106085 1.5191462867 2.4765620301 19.0682980618 0.3456106085 0.5250330726 6.5902060967 0.0066317513
0.6140000000 0.3456105554 1.5191465471 2.4765617444 19.0682991416 0.3456105554 0.5250330819 6.5902054577 0.0054127298
0.6150000000 0.3456105020 1.5191468668 2.4765613936 19.0682998620 0.3456105020 0.5250331112 6.5902046870 0.0045271438
0.6160000000 0.3456104456 1.5191472399 2.4765609844 19.0683003894 0.3456104456 0.5250331545 6.5902037948 0.0038703298
0.6170000000 0.3456103778 1.5191476616 2.4765605220 19.0683011991 0.3456103778 0.5250331973 6.5902027819 0.0033466870
0.6180000000 0.3456102930 1.5191481276 2.4765600111 19.0683026090 0.3456102930 0.5250332295 6.5902016514 0.0028564843
0.6190000000 0.3456101977 1.5191486332 2.4765594569 19.0683043078 0.3456101977 0.5250332594 6.5902004215 0.0023033267
0.6200000000 0.3456101086 1.5191491717 2.4765588666 19.0683054739 0.3456101086 0.5250333102 6.5901991257 0.0016089257
0.6210000000 0.3456100369 1.5191497338 2.4765582505 19.0683055894 0.3456100369 0.5250333955 6.5901977978 0.0007234968
0.6220000000 0.3456099731 1.5191503063 2.4765576230 19.0683052233 0.3456099731 0.5250334966 6.5901964560 0.0003664874
0.6230000000 0.3456098913 1.5191508728 2.4765570021 19.0683058359 0.3456098913 0.5250335680 6.5901951069 0.0015991987
0.6240000000 0.3456097750 1.5191514147 2.4765564081 19.0683083887 0.3456097750 0.5250335787 6.5901937721 0.0028146457
0.6250000000 0.3456096447 1.5191519155 2.4765558591 19.0683119304 0.3456096447 0.5250335538 6.5901925122 0.0038319743
0.6260000000 0.3456095500 1.5191523632 2.4765553682 19.0683139697 0.3456095500 0.5250335647 6.5901914107 0.0044943457
0.6270000000 0.3456095232 1.5191527527 2.4765549410 19.0683128591 0.3456095232 0.5250336586 6.5901905164 0.0046959876
0.6280000000 0.3456095358 1.5191530855 2.4765545759 19.0683100741 0.3456095358 0.5250337927 6.5901897927 0.0043979302
0.6290000000 0.3456095079 1.5191533689 2.4765542649 19.0683096980 0.3456095079 0.5250338483 6.5901891320 0.0036371745
0.6300000000 0.3456093798 1.5191536138 2.4765539960 19.0683147670 0.3456093798 0.5250337383 6.5901884404 0.0025330925
0.6310000000 0.3456091844 1.5191538333 2.4765537549 19.0683234832 0.3456091844 0.5250335173 6.5901877274 0.0012857011
0.6320000000 0.3456090456 1.5191540404 2.4765535273 19.0683293456 0.3456090456 0.5250333781 6.5901871070 0.0001529633
0.6330000000 0.3456090772 1.5191542464 2.4765533010 19.0683263857 0.3456090772 0.5250334972 6.5901866859 0.0006002549
0.6340000000 0.3456092520 1.5191544583 2.4765530681 19.0683159648 0.3456092520 0.5250338360 6.5901864167 0.0007886730
0.6350000000 0.3456093729 1.5191546781 2.4765528267 19.0683082837 0.3456093729 0.5250340956 6.5901860681 0.0004056592
0.6360000000 0.3456092211 1.5191549017 2.4765525811 19.0683147168 0.3456092211 0.5250339423 6.5901853962 0.0004191403
0.6370000000 0.3456087791 1.5191551209 2.4765523404 19.0683362173 0.3456087791 0.5250333466 6.5901843995 0.0014884694
0.6380000000 0.3456083356 1.5191553250 2.4765521161 19.0683578916 0.3456083356 0.5250327434 6.5901834343 0.0025971504
0.6390000000 0.3456082951 1.5191555038 2.4765519195 19.0683588412 0.3456082951 0.5250327437 6.5901829898 0.0036279770
0.6400000000 0.3456087938 1.5191556493 2.4765517594 19.0683320548 0.3456087938 0.5250335516 6.5901832415 0.0045751567
0.6410000000 0.3456094608 1.5191557550 2.4765516428 19.0682968010 0.3456094608 0.5250346013 6.5901837750 0.0054953031
0.6420000000 0.3456096208 1.5191558167 2.4765515744 19.0682881037 0.3456096208 0.5250348658 6.5901838212 0.0064271081
0.6430000000 0.3456088758 1.5191558311 2.4765515577 19.0683266225 0.3456088758 0.5250337390 6.5901829274 0.0068714131
0.6440000000 0.3456075937 1.5191557968 2.4765515945 19.0683932946 0.3456075937 0.5250317793 6.5901815217 0.0064657643
0.6450000000 0.3456067887 1.5191557135 2.4765516847 19.0684355454 0.3456067887 0.5250305277 6.5901807748 0.0057477557
0.6460000000 0.3456073635 1.5191555827 2.4765518271 19.0684065808 0.3456073635 0.5250313557 6.5901817252 0.0049828495
0.6470000000 0.3456092252 1.5191554073 2.4765520182 19.0683111981 0.3456092252 0.5250341233 6.5901842591 0.0042321553
0.6480000000 0.3456110466 1.5191551915 2.4765522536 19.0682181653 0.3456110466 0.5250368156 6.5901868360 0.0035576366
0.6490000000 0.3456110836 1.5191549396 2.4765525284 19.0682178521 0.3456110836 0.5250367848 6.5901874336 0.0029744705
0.6500000000 0.3456086341 1.5191546562 2.4765528378 19.0683466241 0.3456086341 0.5250329657 6.5901852318 0.0024251366
0.6510000000 0.3456050225 1.5191543460 2.4765531765 19.0685358087 0.3456050225 0.5250273720 6.5901817481 0.0017892428
0.6520000000 0.3456030790 1.5191540156 2.4765535372 19.0686386644 0.3456030790 0.5250243052 6.5901802338 0.0009239972
0.6530000000 0.3456051149 1.5191536748 2.4765539094 19.0685353062 0.3456051149 0.5250272803 6.5901833346 0.0002892379
0.6540000000 0.3456107443 1.5191533379 2.4765542773 19.0682456560 0.3456107443 0.5250357158 6.5901905733 0.0018766670
0.6550000000 0.3456162247 1.5191530233 2.4765546208 19.0679635937 0.3456162247 0.5250439327 6.5901975908 0.0037056934
0.6560000000 0.3456166821 1.5191527504 2.4765549186 19.0679416293 0.3456166821 0.5250445332 6.5901987199 0.0055813365
0.6570000000 0.3456100372 1.5191525358 2.4765551527 19.0682874187 0.3456100372 0.5250343645 6.5901915249 0.0073277495
0.6580000000 0.3455996180 1.5191523903 2.4765553110 19.0688284332 0.3455996180 0.5250184857 6.5901798214 0.0088203133
0.6590000000 0.3455928729 1.5191523187 2.4765553886 19.0691785353 0.3455928729 0.5250082142 6.5901721945 0.0100001373
0.6600000000 0.3455963338 1.5191523197 2.4765553866 19.0689991174 0.3455963338 0.5250134721 6.5901761835 0.0094664282
0.6610000000 0.3456101900 1.5191523891 2.4765553097 19.0682804118 0.3456101900 0.5250345459 6.5901920167 0.0077539157
0.6620000000 0.3456266523 1.5191525221 2.4765551633 19.0674262903 0.3456266523 0.5250596005 6.5902107163 0.0064619113
0.6630000000 0.3456336592 1.5191527139 2.4765549524 19.0670619026 0.3456336592 0.5250703114 6.5902183753 0.0054794850
0.6640000000 0.3456228003 1.5191529601 2.4765546820 19.0676231208 0.3456228003 0.5250539002 6.5902052983 0.0047707253
0.6650000000 0.3455967102 1.5191532575 2.4765543556 19.0689735686 0.3455967102 0.5250143681 6.5901745327 0.0042882744
0.6660000000 0.3455702685 1.5191536041 2.4765539753 19.0703421347 0.3455702685 0.5249743189 6.5901432525 0.0039391119
0.6670000000 0.3455629969 1.5191539987 2.4765535425 19.0707166181 0.3455629969 0.5249634085 6.5901339868 0.0035887426
0.6680000000 0.3455860014 1.5191544394 2.4765530592 19.0695211279 0.3455860014 0.5249985082 6.5901595551 0.0030970814
0.6690000000 0.3456316776 1.5191549218 2.4765525301 19.0671504353 0.3456316776 0.5250680642 6.5902111924 0.0023589580
0.6700000000 0.3456741542 1.5191554371 2.4765519651 19.0649459442 0.3456741542 0.5251327709 6.5902590649 0.0013199736
0.6710000000 0.3456825691 1.5191559709 2.4765513798 19.0645065161 0.3456825691 0.5251457389 6.5902675919 0.0000357218
0.6720000000 0.3456405792 1.5191565034 2.4765507957 19.0666789579 0.3456405792 0.5250821337 6.5902179585 0.0016730620
0.6730000000 0.3455619844 1.5191570111 2.4765502390 19.0707497901 0.3455619844 0.5249629114 6.5901261413 0.0034487726
0.6740000000 0.3454895532 1.5191574702 2.4765497356 19.0745030700 0.3454895532 0.5248530357 6.5900415440 0.0052097498
0.6750000000 0.3454731623 1.5191578609 2.4765493072 19.0753508035 0.3454731623 0.5248282702 6.5900217643 0.0068437985
0.6760000000 0.3455386354 1.5191581693 2.4765489687 19.0719530499 0.3455386354 0.5249278407 6.5900966305 0.0082609357
0.6770000000 0.3456655627 1.5191583894 2.4765487269 19.0653721902 0.3456655627 0.5251207394 6.5902426057 0.0093687619
0.6780000000 0.3457898058 1.5191585215 2.4765485813 19.0589357105 0.3457898058 0.5253095301 6.5903856777 0.0100821543
0.6790000000 0.3458337207 1.5191585718 2.4765485251 19.0566617509 0.3458337207 0.5253762613 6.5904362381 0.0100102743
0.6800000000 0.3457507677 1.5191585496 2.4765485483 19.0609571355 0.3457507677 0.5252502348 6.5903405633 0.0085346082
0.6810000000 0.3455583249 1.5191584636 2.4765486413 19.0709301804 0.3455583249 0.5249578539 6.5901186866 0.0068895202
0.6820000000 0.3453406320 1.5191583199 2.4765487975 19.0822254638 0.3453406320 0.5246270943 6.5898678012 0.0059668261
0.6830000000 0.3452163585 1.5191581210 2.4765490138 19.0886806891 0.3452163585 0.5244382345 6.5897248361 0.0055383403
0.6840000000 0.3452789393 1.5191578665 2.4765492912 19.0854316860 0.3452789393 0.5245332168 6.5897976092 0.0053781823
0.6850000000 0.3455393232 1.5191575535 2.4765496327 19.0719212479 0.3455393232 0.5249286729 6.5900987609 0.0052483174
0.6860000000 0.3459041988 1.5191571790 2.4765500418 19.0530229111 0.3459041988 0.5254828468 6.5905206242 0.0049629973
0.6870000000 0.3462059297 1.5191567420 2.4765505199 19.0374259836 0.3462059297 0.5259410723 6.5908697627 0.0044372377
0.6880000000 0.3462735695 1.5191562451 2.4765510639 19.0339358626 0.3462735695 0.5260436555 6.5909489119 0.0036785866
0.6890000000 0.3460153357 1.5191556952 2.4765516656 19.0472833598 0.3460153357 0.5256511679 6.5906521468 0.0027359475
0.6900000000 0.3454780318 1.5191551037 2.4765523123 19.0751157567 0.3454780318 0.5248347153 6.5900334489 0.0016426220
0.6910000000 0.3448543522 1.5191544861 2.4765529865 19.1075307456 0.3448543522 0.5238870362 6.5893151367 0.0003795298
0.6920000000 0.3444244311 1.5191538623 2.4765536664 19.1299449838 0.3444244311 0.5232337048 6.5888204178 0.0011086421
0.6930000000 0.3444467864 1.5191532565 2.4765543263 19.1287821724 0.3444467864 0.5232674572 6.5888475466 0.0027955588
0.6940000000 0.3450248103 1.5191526950 2.4765549384 19.0986722570 0.3450248103 0.5241453704 6.5895157719 0.0045282414
0.6950000000 0.3460250351 1.5191522012 2.4765554776 19.0468040291 0.3460250351 0.5256646937 6.5906710324 0.0060880209
0.6960000000 0.3470895767 1.5191517910 2.4765559270 18.9919282199 0.3470895767 0.5272817521 6.5919003265 0.0072480301
0.6970000000 0.3477564180 1.5191514699 2.4765562797 18.9577249257 0.3477564180 0.5282946737 6.5926705144 0.0077971486
0.6980000000 0.3476477670 1.5191512338 2.4765565397 18.9632906988 0.3476477670 0.5281295342 6.5925456661 0.0075924122
0.6990000000 0.3466454870 1.5191510708 2.4765567194 19.0147852345 0.3466454870 0.5266068628 6.5913894882 0.0066563771
0.7000000000 0.3449742900 1.5191509649 2.4765568357 19.1013113282 0.3449742900 0.5240680254 6.5894613126 0.0052411844
0.7010000000 0.3431571102 1.5191509000 2.4765569066 19.1963517539 0.3431571102 0.5213074328 6.5873645943 0.0038023203
0.7020000000 0.3418606347 1.5191508628 2.4765569465 19.2647763182 0.3418606347 0.5193378781 6.5858686592 0.0027757653
0.7030000000 0.3416779915 1.5191508448 2.4765569650 19.2744575460 0.3416779915 0.5190604095 6.5856579423 0.0022390513
0.7040000000 0.3429071997 1.5191508415 2.4765569668 19.2095014233 0.3429071997 0.5209277609 6.5870763401 0.0017500736
0.7050000000 0.3454000028 1.5191508495 2.4765569556 19.0791914643 0.3454000028 0.5247147077 6.5899527861 0.0007441812
0.7060000000 0.3485515882 1.5191508616 2.4765569392 18.9171118990 0.3485515882 0.5295024455 6.5935893961 0.0010653736
0.7070000000 0.3514269631 1.5191508655 2.4765569313 18.7717733537 0.3514269631 0.5338705751 6.5969073014 0.0033496159
0.7080000000 0.3530124297 1.5191508455 2.4765569492 18.6926472434 0.3530124297 0.5362791311 6.5987368208 0.0050006141
0.7090000000 0.3525567291 1.5191507894 2.4765570071 18.7153174332 0.3525567291 0.5355868333 6.5982110981 0.0055120236
0.7100000000 0.3498218295 1.5191506902 2.4765571123 18.8526127445 0.3498218295 0.5314320738 6.5950554815 0.0053037453
0.7110000000 0.3451896999 1.5191505456 2.4765572666 19.0901140323 0.3451896999 0.5243951209 6.5897107336 0.0048246652
0.7120000000 0.3396195393 1.5191503555 2.4765574692 19.3842901265 0.3396195393 0.5159331439 6.5832836825 0.0043059324
0.7130000000 0.3344650349 1.5191501211 2.4765577177 19.6652435103 0.3344650349 0.5081025982 6.5773363561 0.0038408185
0.7140000000 0.3311835273 1.5191498451 2.4765580097 19.8486634924 0.3311835273 0.5031174042 6.5735503875 0.0035117178
0.7150000000 0.3309908470 1.5191495304 2.4765583435 19.8595483473 0.3309908470 0.5028245898 6.5733287285 0.0033505237
0.7160000000 0.3345277916 1.5191491801 2.4765587193 19.6617768778 0.3345277916 0.5081976203 6.5774107973 0.0032301155
0.7170000000 0.3416277908 1.5191487977 2.4765591375 19.2771330693 0.3416277908 0.5189834477 6.5856043841 0.0028904049
0.7180000000 0.3512751277 1.5191483897 2.4765595953 18.7794037066 0.3512751277 0.5336390446 6.5967374358 0.0020913775
0.7190000000 0.3617670082 1.5191479674 2.4765600825 18.2682359487 0.3617670082 0.5495776152 6.6088450649 0.0007307345
0.7200000000 0.3710546584 1.5191475475 2.4765605799 17.8398599507 0.3710546584 0.5636867743 6.6195631403 0.0011470925
0.7210000000 0.3769797374 1.5191471504 2.4765610601 17.5776054579 0.3769797374 0.5726876938 6.6264010892 0.0033120089
0.7220000000 0.3777330569 1.5191467962 2.4765614929 17.5448537139 0.3777330569 0.5738319632 6.6272712265 0.0054930048
0.7230000000 0.3721652630 1.5191465009 2.4765618528 17.7900731773 0.3721652630 0.5653735570 6.6208472623 0.0072361615
0.7240000000 0.3601117723 1.5191462718 2.4765621254 18.3469127290 0.3601117723 0.5470624563 6.6069392591 0.0078019177
0.7250000000 0.3425201437 1.5191461041 2.4765623143 19.2299365095 0.3425201437 0.5203381418 6.5866406162 0.0069165391
0.7260000000 0.3213526946 1.5191459828 2.4765624366 20.4206026659 0.3213526946 0.4881816550 6.5622156917 0.0051580919
0.7270000000 0.2992853181 1.5191458907 2.4765625137 21.8412058714 0.2992853181 0.4546580611 6.5367522469 0.0036516195
0.7280000000 0.2793184516 1.5191458161 2.4765625606 23.3200223077 0.2793184516 0.4243254572 6.5137125230 0.0029402861
0.7290000000 0.2643871829 1.5191457551 2.4765625843 24.5718542955 0.2643871829 0.4016426667 6.4964833369 0.0026430815
0.7300000000 0.2569857581 1.5191457069 2.4765625880 25.2463127023 0.2569857581 0.3903988111 6.4879428089 0.0021992652
0.7310000000 0.2589561993 1.5191456688 2.4765625753 25.0629893252 0.2589561993 0.3933921885 6.4902164579 0.0014716216
0.7320000000 0.2713803551 1.5191456353 2.4765625516 23.9683990360 0.2713803551 0.4122662819 6.5045526404 0.0005179351
0.7330000000 0.2947062567 1.5191455982 2.4765625243 22.1626389180 0.2947062567 0.4477017126 6.5314683537 0.0007357745
0.7340000000 0.3288398042 1.5191455480 2.4765625029 19.9819332987 0.3288398042 0.4995555245 6.5708550329 0.0024238186
0.7350000000 0.3730094429 1.5191454757 2.4765625001 17.7524256499 0.3730094429 0.5666556076 6.6218224016 0.0045350314
0.7360000000 0.4258197088 1.5191453730 2.4765625320 15.6938725972 0.4258197088 0.6468820403 6.6827602592 0.0066379714
0.7370000000 0.4852272167 1.5191452332 2.4765626182 13.9137099930 0.4852272167 0.7371306133 6.7513107742 0.0081367466
0.7380000000 0.5489386487 1.5191450544 2.4765627786 12.4327695536 0.5489386487 0.8339174334 6.8248277189 0.0089101825
0.7390000000 0.6149586472 1.5191448393 2.4765630312 11.2219068922 0.6149586472 0.9342112553 6.9010086816 0.0095615880
0.7400000000 0.6817745432 1.5191445897 2.4765633972 10.2352138332 0.6817745432 1.0357141086 6.9781082353 0.0092711877
0.7410000000 0.7482709109 1.5191443127 2.4765638896 9.4281886640 0.7482709109 1.1367314986 7.0548393196 0.0078593302
0.7420000000 0.8132369329 1.5191440234 2.4765645034 8.7671925399 0.8132369329 1.2354240263 7.1298047715 0.0047554650
0.7430000000 0.8759339390 1.5191437515 2.4765651978 8.2222549617 0.8759339390 1.3306695702 7.2021521760 0.0010134865
0.7440000000 0.9350431865 1.5191435509 2.4765658742 7.7754266125 0.9350431865 1.4204648266 7.2703596759 0.0050878352
0.7450000000 0.9897720218 1.5191434466 2.4765664663 7.4092946276 0.9897720218 1.5036056805 7.3335125236 0.0045031146
0.7460000000 1.0396724065 1.5191434126 2.4765669892 7.1090602242 1.0396724065 1.5794114876 7.3910937515 0.0053061906
0.7470000000 1.0845004211 1.5191434308 2.4765674364 6.8629036252 1.0845004211 1.6475116905 7.4428218719 0.0051299464
0.7480000000 1.1246853705 1.5191434729 2.4765678163 6.6589220757 1.1246853705 1.7085584396 7.4891922416 0.0022029882
0.7490000000 1.1604485126 1.5191434960 2.4765681697 6.4892669670 1.1604485126 1.7628878104 7.5304601999 0.0043668599
0.7500000000 1.1915140723 1.5191434417 2.4765685807 6.3501622070 1.1915140723 1.8100807887 7.5663076312 0.0065016173
0.7510000000 1.2179805660 1.5191432881 2.4765690831 6.2372491482 1.2179805660 1.8502870019 7.5968482478 0.0079158860
0.7520000000 1.2402694973 1.5191430269 2.4765697086 6.1458969142 1.2402694973 1.8841467584 7.6225684765 0.0088540854
0.7530000000 1.2589103585 1.5191426598 2.4765704897 6.0719806803 1.2589103585 1.9124644305 7.6440793750 0.0089273802
0.7540000000 1.2744353066 1.5191421988 2.4765714493 6.0120706291 1.2744353066 1.9360484539 7.6619950758 0.0080623855
0.7550000000 1.2873296791 1.5191416665 2.4765725917 5.9634107619 1.2873296791 1.9556361541 7.6768756624 0.0065765599
0.7560000000 1.2980029086 1.5191410946 2.4765739004 5.9238646918 1.2980029086 1.9718495593 7.6891936000 0.0055203593
0.7570000000 1.3067478454 1.5191405107 2.4765753621 5.8919453048 1.3067478454 1.9851335893 7.6992868325 0.0069081787
0.7580000000 1.3138240543 1.5191399045 2.4765770342 5.8664285925 1.3138240543 1.9958825484 7.7074549975 0.0078575886
0.7590000000 1.3194858043 1.5191392586 2.4765789732 5.8462103791 1.3194858043 2.0044826864 7.7139916041 0.0059689075
0.7600000000 1.3240085213 1.5191385910 2.4765811373 5.8301848324 1.3240085213 2.0113524396 7.7192143989 0.0003989969
0.7610000000 1.3275342836 1.5191379902 2.4765833178 5.8177683842 1.3275342836 2.0167077635 7.7232869838 0.0061894836
0.7620000000 1.3302773362 1.5191375497 2.4765852653 5.8081543851 1.3302773362 2.0208742529 7.7264561438 0.0087827283
0.7630000000 1.3324053581 1.5191372675 2.4765869170 5.8007235987 1.3324053581 2.0241066349 7.7289152038 0.0106564609
0.7640000000 1.3340496596 1.5191371160 2.4765882574 5.7949983598 1.3340496596 2.0266043524 7.7308155892 0.0118960822
0.7650000000 1.3353150174 1.5191370540 2.4765893035 5.7906022623 1.3353150174 2.0285265217 7.7322781608 0.0123815535
0.7660000000 1.3362818042 1.5191370355 2.4765900933 5.7872490952 1.3362818042 2.0299951786 7.7333956621 0.0109150053
0.7670000000 1.3370328990 1.5191370150 2.4765906931 5.7846473379 1.3370328990 2.0311361672 7.7342637999 0.0022003757
0.7680000000 1.3375999447 1.5191369117 2.4765912576 5.7826851292 1.3375999447 2.0319974491 7.7349193088 0.0032402854
0.7690000000 1.3380211467 1.5191366868 2.4765918736 5.7812288174 1.3380211467 2.0326370117 7.7354064117 0.0050934883
0.7700000000 1.3383347496 1.5191363370 2.4765925750 5.7801453031 1.3383347496 2.0331129491 7.7357693166 0.0054232882
0.7710000000 1.3385690783 1.5191358773 2.4765933744 5.7793362289 1.3385690783 2.0334683111 7.7360407693 0.0033058580
0.7720000000 1.3387446926 1.5191353480 2.4765942365 5.7787302761 1.3387446926 2.0337343845 7.7362444873 0.0051840687
0.7730000000 1.3388742246 1.5191348504 2.4765949966 5.7782834998 1.3388742246 2.0339304950 7.7363948406 0.0090702189
0.7740000000 1.3389693731 1.5191344325 2.4765955980 5.7779553736 1.3389693731 2.0340744788 7.7365052846 0.0076131746
0.7750000000 1.3390388842 1.5191340915 2.4765960815 5.7777157174 1.3390388842 2.0341796189 7.7365860074 0.0039519233
0.7760000000 1.3390897795 1.5191338083 2.4765965088 5.7775403451 1.3390897795 2.0342565563 7.7366452266 0.0033524765
0.7770000000 1.3391266851 1.5191335380 2.4765969836 5.7774133956 1.3391266851 2.0343122589 7.7366884487 0.0088554219
0.7780000000 1.3391535964 1.5191332363 2.4765975947 5.7773211644 1.3391535964 2.0343527368 7.7367204152 0.0069757802
0.7790000000 1.3391730723 1.5191329042 2.4765983268 5.7772547872 1.3391730723 2.0343818785 7.7367440427 0.0040699525
0.7800000000 1.3391871061 1.5191325558 2.4765991357 5.7772073181 1.3391871061 2.0344027311 7.7367615494 0.0004279462
0.7810000000 1.3391970908 1.5191322178 2.4765999534 5.7771738606 1.3391970908 2.0344174467 7.7367744272 0.0037042104
0.7820000000 1.3392042052 1.5191318578 2.4766008460 5.7771504193 1.3392042052 2.0344277723 7.7367841357 0.0094672938
0.7830000000 1.3392094690 1.5191314150 2.4766019472 5.7771336304 1.3392094690 2.0344351756 7.7367920615 0.0098389344
0.7840000000 1.3392135867 1.5191308730 2.4766032984 5.7771211142 1.3392135867 2.0344407051 7.7367990882 0.0081334568
0.7850000000 1.3392170427 1.5191302405 2.4766048852 5.7771111850 1.3392170427 2.0344451081 7.7368057562 0.0019951738
0.7860000000 1.3392201173 1.5191295987 2.4766065330 5.7771026719 1.3392201173 2.0344489194 7.7368121177 0.0116391394
0.7870000000 1.3392229477 1.5191291273 2.4766078412 5.7770946265 1.3392229477 2.0344525878 7.7368176950 0.0175199105
0.7880000000 1.3392256912 1.5191288483 2.4766087364 5.7770864030 1.3392256912 2.0344563820 7.7368225313 0.0230465345
0.7890000000 1.3392284898 1.5191287393 2.4766092269 5.7770774918 1.3392284898 2.0344604874 7.7368267648 0.0321768542
0.7900000000 1.3392314124 1.5191287655 2.4766093383 5.7770676505 1.3392314124 2.0344649623 7.7368304692 0.0387940513
0.7910000000 1.3392344483 1.5191289190 2.4766090527 5.7770568703 1.3392344483 2.0344697796 7.7368335704 0.0295584582
0.7920000000 1.3392376088 1.5191292056 2.4766083284 5.7770450433 1.3392376088 2.0344749647 7.7368359895 0.0192708437
0.7930000000 1.3392409532 1.5191296012 2.4766071959 5.7770319848 1.3392409532 2.0344805752 7.7368378221 0.0120786280
0.7940000000 1.3392445272 1.5191300628 2.4766057425 5.7770176353 1.3392445272 2.0344866228 7.7368392518 0.0040739535
0.7950000000 1.3392484288 1.5191305021 2.4766041661 5.7770018915 1.3392484288 2.0344931382 7.7368407066 0.0026028486
0.7960000000 1.3392527042 1.5191308381 2.4766026668 5.7769848445 1.3392527042 2.0345000830 7.7368425752 0.0012736753
0.7970000000 1.3392572540 1.5191311094 2.4766012033 5.7769668188 1.3392572540 2.0345073580 7.7368447181 0.0004384191
0.7980000000 1.3392619725 1.5191313524 2.4765997508 5.7769481887 1.3392619725 2.0345148515 7.7368470259 0.0027629533
0.7990000000 1.3392667727 1.5191315668 2.4765983752 5.7769293765 1.3392667727 2.0345224308 7.7368495619 0.0084902514
0.8000000000 1.3392715964 1.5191317174 2.4765972186 5.7769107952 1.3392715964 2.0345299603 7.7368525430 0.0119404272
0.8010000000 1.3392763592 1.5191318096 2.4765963282 5.7768928326 1.3392763592 2.0345373191 7.7368560001 0.0148769591
0.8020000000 1.3392809722 1.5191318606 2.4765957106 5.7768758337 1.3392809722 2.0345443952 7.7368598829 0.0175943834
0.8030000000 1.3392853347 1.5191318904 2.4765953480 5.7768601435 1.3392853347 2.0345510622 7.7368640705 0.0201877371
0.8040000000 1.3392893883 1.5191319146 2.4765952070 5.7768459247 1.3392893883 2.0345572526 7.7368684447 0.0192595378
0.8050000000 1.3392930891 1.5191319487 2.4765952315 5.7768332478 1.3392930891 2.0345629203 7.7368728456 0.0074949567
0.8060000000 1.3392962657 1.5191320299 2.4765953212 5.7768225737 1.3392962657 2.0345678548 7.7368769006 0.0150122764
0.8070000000 1.3392988968 1.5191321027 2.4765955602 5.7768140485 1.3392988968 2.0345719493 7.7368806823 0.0186071259
0.8080000000 1.3393010080 1.5191321078 2.4765960358 5.7768076567 1.3393010080 2.0345751632 7.7368843176 0.0177394349
0.8090000000 1.3393026426 1.5191320007 2.4765968063 5.7768032900 1.3393026426 2.0345775030 7.7368879121 0.0158019034
0.8100000000 1.3393038623 1.5191317481 2.4765979126 5.7768007614 1.3393038623 2.0345790175 7.7368915713 0.0128846870
0.8110000000 1.3393047465 1.5191313384 2.4765993563 5.7767997818 1.3393047465 2.0345798121 7.7368953673 0.0084902272
0.8120000000 1.3393053601 1.5191308009 2.4766010598 5.7768000272 1.3393053601 2.0345800244 7.7368992405 0.0006336265
0.8130000000 1.3393056701 1.5191302611 2.4766027421 5.7768012771 1.3393056701 2.0345797724 7.7369027056 0.0104998463
0.8140000000 1.3393056856 1.5191298517 2.4766041122 5.7768031592 1.3393056856 2.0345792475 7.7369053156 0.0105410857
0.8150000000 1.3393055711 1.5191295508 2.4766052132 5.7768051525 1.3393055711 2.0345786707 7.7369073241 0.0079570001
0.8160000000 1.3393054378 1.5191293148 2.4766061372 5.7768069791 1.3393054378 2.0345781520 7.7369090001 0.0002131865
0.8170000000 1.3393054995 1.5191290571 2.4766070656 5.7768081074 1.3393054995 2.0345779006 7.7369108678 0.0043089174
0.8180000000 1.3393058523 1.5191287349 2.4766080871 5.7768083068 1.3393058523 2.0345780051 7.7369131731 0.0043796004
0.8190000000 1.3393065233 1.5191284345 2.4766090119 5.7768072608 1.3393065233 2.0345786220 7.7369156481 0.0137766793
0.8200000000 1.3393074616 1.5191282330 2.4766096751 5.7768049541 1.3393074616 2.0345797775 7.7369179789 0.0151265513
0.8210000000 1.3393086526 1.5191281203 2.4766101057 5.7768014757 1.3393086526 2.0345814359 7.7369202005 0.0111389504
0.8220000000 1.3393100920 1.5191280592 2.4766103955 5.7767969551 1.3393100920 2.0345835408 7.7369224615 0.0091154696
0.8230000000 1.3393118429 1.5191279403 2.4766107987 5.7767914837 1.3393118429 2.0345860413 7.7369252479 0.0165418088
0.8240000000 1.3393138837 1.5191277118 2.4766114508 5.7767853095 1.3393138837 2.0345888354 7.7369287679 0.0161170065
0.8250000000 1.3393162156 1.5191273582 2.4766124116 5.7767785169 1.3393162156 2.0345919044 7.7369331415 0.0114540414
0.8260000000 1.3393187794 1.5191269082 2.4766136409 5.7767712783 1.3393187794 2.0345951965 7.7369382574 0.0012647237
0.8270000000 1.3393214981 1.5191265144 2.4766148365 5.7767635278 1.3393214981 2.0345987991 7.7369435822 0.0133937212
0.8280000000 1.3393243065 1.5191263097 2.4766157278 5.7767551870 1.3393243065 2.0346027912 7.7369486344 0.0145511855
0.8290000000 1.3393272613 1.5191262814 2.4766163492 5.7767461049 1.3393272613 2.0346072421 7.7369535400 0.0126764132
0.8300000000 1.3393304277 1.5191263925 2.4766167788 5.7767361465 1.3393304277 2.0346122009 7.7369584935 0.0075785332
0.8310000000 1.3393338390 1.5191265948 2.4766171099 5.7767252971 1.3393338390 2.0346176540 7.7369636688 0.0019847920
0.8320000000 1.3393375255 1.5191268235 2.4766174661 5.7767135854 1.3393375255 2.0346235607 7.7369692788 0.0050780846
0.8330000000 1.3393414273 1.5191270493 2.4766178890 5.7767012502 1.3393414273 2.0346297905 7.7369752977 0.0089324327
0.8340000000 1.3393454354 1.5191273437 2.4766181986 5.7766884412 1.3393454354 2.0346362735 7.7369812952 0.0118134932
0.8350000000 1.3393495433 1.5191277018 2.4766183797 5.7766751445 1.3393495433 2.0346429936 7.7369872165 0.0083243084
0.8360000000 1.3393537690 1.5191280891 2.4766184837 5.7766613420 1.3393537690 2.0346499317 7.7369931405 0.0137524427
0.8370000000 1.3393582415 1.5191283972 2.4766187244 5.7766468225 1.3393582415 2.0346571388 7.7369995301 0.0186057700
0.8380000000 1.3393630242 1.5191285740 2.4766192000 5.7766314715 1.3393630242 2.0346646410 7.7370065973 0.0189999880
0.8390000000 1.3393681506 1.5191285774 2.4766199920 5.7766152614 1.3393681506 2.0346724332 7.7370144995 0.0161515568
0.8400000000 1.3393735116 1.5191283914 2.4766211316 5.7765986030 1.3393735116 2.0346803281 7.7370231560 0.0102241791
0.8410000000 1.3393789803 1.5191280545 2.4766225379 5.7765818415 1.3393789803 2.0346881846 7.7370322964 0.0046293944
0.8420000000 1.3393842099 1.5191277518 2.4766238178 5.7765657211 1.3393842099 2.0346957236 7.7370409146 0.0116758832
0.8430000000 1.3393889479 1.5191275613 2.4766248167 5.7765509438 1.3393889479 2.0347026660 7.7370484912 0.0103434148
0.8440000000 1.3393930575 1.5191274591 2.4766256027 5.7765380723 1.3393930575 2.0347087722 7.7370549904 0.0080909158
0.8450000000 1.3393963783 1.5191274235 2.4766262421 5.7765277506 1.3393963783 2.0347137693 7.7370603483 0.0127885338
0.8460000000 1.3393988336 1.5191274881 2.4766266840 5.7765201995 1.3393988336 2.0347175856 7.7370644173 0.0184714843
0.8470000000 1.3394004541 1.5191276772 2.4766268987 5.7765152947 1.3394004541 2.0347203008 7.7370672090 0.0252538725
0.8480000000 1.3394013771 1.5191280000 2.4766268853 5.7765125747 1.3394013771 2.0347221352 7.7370688971 0.0236764269
0.8490000000 1.3394018351 1.5191284542 2.4766266564 5.7765112567 1.3394018351 2.0347234393 7.7370697775 0.0142795366
0.8500000000 1.3394019994 1.5191290173 2.4766262581 5.7765108018 1.3394019994 2.0347244431 7.7370701172 0.0166014705
0.8510000000 1.3394022285 1.5191295140 2.4766260563 5.7765103887 1.3394022285 2.0347254565 7.7370708876 0.0283283121
0.8520000000 1.3394027316 1.5191299059 2.4766261160 5.7765093594 1.3394027316 2.0347267456 7.7370724149 0.0236805929
0.8530000000 1.3394036173 1.5191301986 2.4766264130 5.7765073013 1.3394036173 2.0347284832 7.7370747750 0.0122007190
0.8540000000 1.3394049812 1.5191304142 2.4766268707 5.7765037762 1.3394049812 2.0347308439 7.7370779316 0.0065729382
0.8550000000 1.3394068176 1.5191305476 2.4766274281 5.7764986811 1.3394068176 2.0347338123 7.7370817155 0.0011373430
0.8560000000 1.3394090260 1.5191306239 2.4766279686 5.7764921844 1.3394090260 2.0347372693 7.7370857703 0.0009877248
0.8570000000 1.3394114849 1.5191306437 2.4766285257 5.7764847677 1.3394114849 2.0347410313 7.7370900405 0.0194163857
0.8580000000 1.3394141576 1.5191305106 2.4766294294 5.7764770286 1.3394141576 2.0347449132 7.7370951130 0.0148664529
0.8590000000 1.3394169744 1.5191302041 2.4766306737 5.7764691642 1.3394169744 2.0347487816 7.7371008504 0.0267176703
0.8600000000 1.3394195314 1.5191300247 2.4766313392 5.7764613089 1.3394195314 2.0347524259 7.7371050996 0.0612984156
0.8610000000 1.3394217251 1.5191300357 2.4766312004 5.7764534954 1.3394217251 2.0347557732 7.7371073061 0.0502202269
0.8620000000 1.3394235569 1.5191303202 2.4766302900 5.7764459068 1.3394235569 2.0347589368 7.7371077226 0.0031916759
0.8630000000 1.3394252438 1.5191309950 2.4766292832 5.7764392308 1.3394252438 2.0347624035 7.7371085252 0.0373233654
0.8640000000 1.3394270265 1.5191319604 2.4766289337 5.7764338929 1.3394270265 2.0347664046 7.7371116730 0.0556551402
0.8650000000 1.3394287914 1.5191324042 2.4766293435 5.7764292409 1.3394287914 2.0347696803 7.7371156369 0.0424074514
0.8660000000 1.3394300168 1.5191306726 2.4766292938 5.7764222886 1.3394300168 2.0347692223 7.7371134032 0.0971896728
0.8670000000 1.3394299389 1.5191267415 2.4766263451 5.7764110820 1.3394299389 2.0347638385 7.7370979426 0.0074312112
0.8680000000 1.3394295934 1.5191239476 2.4766230925 5.7764019590 1.3394295934 2.0347595715 7.7370837275 0.1265374238
0.8690000000 1.3394342190 1.5191295273 2.4766334019 5.7764137142 1.3394342190 2.0347740720 7.7371261920 0.0984304292
0.8700000000 1.3394590491 1.5191604526 2.4766969537 5.7764936188 1.3394590491 2.0348532153 7.7373766501 0.0248015624
0.8710000000 1.3394957601 1.5192049907 2.4767919091 5.7766118140 1.3394957601 2.0349686437 7.7377470324 0.1342438100
0.8720000000 1.3394891467 1.5191986866 2.4767746428 5.7765928344 1.3394891467 2.0349501523 7.7376834064 0.1339663105
0.8730000000 1.3392719796 1.5189408661 2.4762091359 5.7758951339 1.3392719796 2.0342749407 7.7354945100 0.0631505500
0.8740000000 1.3386340688 1.5181701301 2.4745566327 5.7738412606 1.3386340688 2.0322742585 7.7290606195 0.0161379604
0.8750000000 1.3381698536 1.5176055598 2.4733647689 5.7723608238 1.3381698536 2.0308140098 7.7243992384 0.1355237565
0.8760000000 1.3394129336 1.5190993040 2.4765910647 5.7763622390 1.3394129336 2.0347012552 7.7369342921 0.0992477563
0.8770000000 1.3469876264 1.5282166224 2.4962526150 5.8007511328 1.3469876264 2.0584888809 7.8135399999 0.0281390247
0.8780000000 1.3589295755 1.5425547235 2.5275452104 5.8396201655 1.3589295755 2.0962232356 7.9356325527 0.1136690704
0.8790000000 1.3576577633 1.5416306270 2.5254909544 5.8387682703 1.3576577633 2.0930067888 7.9270490701 0.1355523608
0.8800000000 1.2882609284 1.4597896427 2.3515926473 5.6289951295 1.2882609284 1.8805899605 7.2516144916 0.0699492451
0.8810000000 1.0550538684 1.1521837313 1.7846561907 4.8925908571 1.0550538684 1.2156159028 5.1619469103 0.0075493896
0.8820000000 0.7698382478 0.6585162658 1.1233408201 3.8647986132 0.7698382478 0.5069510083 2.9752697926 0.0400408861
0.8830000000 0.5970151690 0.2567103789 0.7514445859 3.1796230286 0.5970151690 0.1532599903 1.8982831798 0.0673989416
0.8840000000 0.5281626934 0.0739474431 0.6191044646 2.9331969803 0.5281626934 0.0390562807 1.5492052175 0.0787994109
0.8850000000 0.5072043581 0.0184839028 0.5827680195 2.8726225828 0.5072043581 0.0093751160 1.4570066931 0.0824582877
0.8860000000 0.5017425085 0.0044243072 0.5738020599 2.8590562616 0.5017425085 0.0022198630 1.4345100605 0.0834629193
0.8870000000 0.5004134433 0.0010466093 0.5716619578 2.8559487916 0.5004134433 0.0005237374 1.4291551686 0.0836905220
0.8880000000 0.5000973275 0.0002461899 0.5711556605 2.8552225495 0.5000973275 0.0001231189 1.4278891663 0.0836707550
0.8890000000 0.5000226607 0.0000573095 0.5710362329 2.8550517711 0.5000226607 0.0000286560 1.4275905831 0.0833594023
0.8900000000 0.5000051145 0.0000129342 0.5710081773 2.8550116824 0.5000051145 0.0000064672 1.4275204432 0.0819913589
0.8910000000 0.5000010547 0.0000026673 0.5710016863 2.8550024091 0.5000010547 0.0000013337 1.4275042158 0.0764104629
0.8920000000 0.5000001729 0.0000004372 0.5710002764 2.8550003948 0.5000001729 0.0000002186 1.4275006910 0.0561041792
0.8930000000 0.5000000192 0.0000000486 0.5710000307 2.8550000439 0.5000000192 0.0000000243 1.4275000769 0.0198377849
0.8940000000 0.5000000015 0.0000000039 0.5710000025 2.8550000035 0.5000000015 0.0000000019 1.4275000062 0.0028749944
0.8950000000 0.5000000001 0.0000000003 0.5710000002 2.8550000002 0.5000000001 0.0000000001 1.4275000004 0.0002447113
0.8960000000 0.5000000000 0.0000000000 0.5710000000 2.8550000000 0.5000000000 0.0000000000 1.4275000000 0.0000169525
0.8970000000 0.5000000000 0.0000000000 0.5710000000 2.8550000000 0.5000000000 0.0000000000 1.4275000000 0.0000011291
0.8980000000 0.5000000000 0.0000000000 0.5710000000 2.8550000000 0.5000000000 0.0000000000 1.4275000000 0.0000000749
0.8990000000 0.5000000000 0.0000000000 0.5710000000 2.8550000000 0.5000000000 0.0000000000 1.4275000000 0.0000000050
0.9000000000 0.5000000000 0.0000000000 0.5710000000 2.8550000000 0.5000000000 0.0000000000 1.4275000000 0.0000000003
0.9010000000 0.5000000000 0.0000000000 0.5710000000 2.8550000000 0.5000000000 0.0000000000 1.4275000000 0.0000000000
0.9020000000 0.5000000000 0.0000000000 0.5710000000 2.8550000000 0.5000000000 0.0000000000 1.4275000000 0.0000000000
0.9030000000 0.5000000000 0.0000000000 0.5710000000 2.8550000000 0.5000000000 0.0000000000 1.4275000000 0.0000000000
0.9040000000 0.5000000000 0.0000000000 0.5710000000 2.8550000000 0.5000000000 0.0000000000 1.4275000000 0.0000000000
0.9050000000 0.5000000000 0.0000000000 0.5710000000 2.8550000000 0.5000000000 0.0000000000 1.4275000000 0.0000000000
0.9060000000 0.5000000000 0.0000000000 0.5710000000 2.8550000000 0.5000000000 0.0000000000 1.4275000000 0.0000000000
0.9070000000 0.5000000000 0.0000000000 0.5710000000 2.8550000000 0.5000000000 0.0000000000 1.4275000000 0.0000000000
0.9080000000 0.5000000000 0.0000000000 0.5710000000 2.8550000000 0.5000000000 0.0000000000 1.4275000000 0.0000000000
0.9090000000 0.5000000000 0.0000000000 0.5710000000 2.8550000000 0.5000000000 0.0000000000 1.4275000000 0.0000000000
0.9100000000 0.5000000000 0.0000000000 0.5710000000 2.8550000000 0.5000000000 0.0000000000 1.4275000000 0.0000000000
0.9110000000 0.5000000000 0.0000000000 0.5710000000 2.8550000000 0.5000000000 0.0000000000 1.4275000000 0.0000000000
0.9120000000 0.5000000000 0.0000000000 0.5710000000 2.8550000000 0.5000000000 0.0000000000 1.4275000000 0.0000000000
0.9130000000 0.5000000000 0.0000000000 0.5710000000 2.8550000000 0.5000000000 0.0000000000 1.4275000000 0.0000000000
0.9140000000 0.5000000000 0.0000000000 0.5710000000 2.8550000000 0.5000000000 0.0000000000 1.4275000000 0.0000000000
0.9150000000 0.5000000000 0.0000000000 0.5710000000 2.8550000000 0.5000000000 0.0000000000 1.4275000000 0.0000000000
0.9160000000 0.5000000000 0.0000000000 0.5710000000 2.8550000000 0.5000000000 0.0000000000 1.4275000000 0.0000000000
0.9170000000 0.5000000000 0.0000000000 0.5710000000 2.8550000000 0.5000000000 0.0000000000 1.4275000000 0.0000000000
0.9180000000 0.5000000000 0.0000000000 0.5710000000 2.8550000000 0.5000000000 0.0000000000 1.4275000000 0.0000000000
0.9190000000 0.5000000000 0.0000000000 0.5710000000 2.8550000000 0.5000000000 0.0000000000 1.4275000000 0.0000000000
0.9200000000 0.5000000000 0.0000000000 0.5710000000 2.8550000000 0.5000000000 0.0000000000 1.4275000000 0.0000000000
0.9210000000 0.5000000000 0.0000000000 0.5710000000 2.8550000000 0.5000000000 0.0000000000 1.4275000000 0.0000000000
0.9220000000 0.5000000000 0.0000000000 0.5710000000 2.8550000000 0.5000000000 0.0000000000 1.4275000000 0.0000000000
0.9230000000 0.5000000000 0.0000000000 0.5710000000 2.8550000000 0.5000000000 0.0000000000 1.4275000000 0.0000000000
0.9240000000 0.5000000000 0.0000000000 0.5710000000 2.8550000000 0.5000000000 0.0000000000 1.4275000000 0.0000000000
0.9250000000 0.5000000000 0.0000000000 0.5710000000 2.8550000000 0.5000000000 0.0000000000 1.4275000000 0.0000000000
0.9260000000 0.5000000000 0.0000000000 0.5710000000 2.8550000000 0.5000000000 0.0000000000 1.4275000000 0.0000000000
0.9270000000 0.5000000000 0.0000000000 0.5710000000 2.8550000000 0.5000000000 0.0000000000 1.4275000000 0.0000000000
0.9280000000 0.5000000000 0.0000000000 0.5710000000 2.8550000000 0.5000000000 0.0000000000 1.4275000000 0.0000000000
0.9290000000 0.5000000000 0.0000000000 0.5710000000 2.8550000000 0.5000000000 0.0000000000 1.4275000000 0.0000000000
0.9300000000 0.5000000000 0.0000000000 0.5710000000 2.8550000000 0.5000000000 0.0000000000 1.4275000000 0.0000000000
0.9310000000 0.5000000000 0.0000000000 0.5710000000 2.8550000000 0.5000000000 0.0000000000 1.4275000000 0.0000000000
0.9320000000 0.5000000000 0.0000000000 0.5710000000 2.8550000000 0.5000000000 0.0000000000 1.4275000000 0.0000000000
0.9330000000 0.5000000000 0.0000000000 0.5710000000 2.8550000000 0.5000000000 0.0000000000 1.4275000000 0.0000000000
0.9340000000 0.5000000000 0.0000000000 0.5710000000 2.8550000000 0.5000000000 0.0000000000 1.4275000000 0.0000000000
0.9350000000 0.5000000000 0.0000000000 0.5710000000 2.8550000000 0.5000000000 0.0000000000 1.4275000000 0.0000000000
0.9360000000 0.5000000000 0.0000000000 0.5710000000 2.8550000000 0.5000000000 0.0000000000 1.4275000000 0.0000000000
0.9370000000 0.5000000000 0.0000000000 0.5710000000 2.8550000000 0.5000000000 0.0000000000 1.4275000000 0.0000000000
0.9380000000 0.5000000000 0.0000000000 0.5710000000 2.8550000000 0.5000000000 0.0000000000 1.4275000000 0.0000000000
0.9390000000 0.5000000000 0.0000000000 0.5710000000 2.8550000000 0.5000000000 0.0000000000 1.4275000000 0.0000000000
0.9400000000 0.5000000000 0.0000000000 0.5710000000 2.8550000000 0.5000000000 0.0000000000 1.4275000000 0.0000000000
0.9410000000 0.5000000000 0.0000000000 0.5710000000 2.8550000000 0.5000000000 0.0000000000 1.4275000000 0.0000000000
0.9420000000 0.5000000000 0.0000000000 0.5710000000 2.8550000000 0.5000000000 0.0000000000 1.4275000000 0.0000000000
0.9430000000 0.5000000000 0.0000000000 0.5710000000 2.8550000000 0.5000000000 0.0000000000 1.4275000000 0.0000000000
0.9440000000 0.5000000000 0.0000000000 0.5710000000 2.8550000000 0.5000000000 0.0000000000 1.4275000000 0.0000000000
0.9450000000 0.5000000000 0.0000000000 0.5710000000 2.8550000000 0.5000000000 0.0000000000 1.4275000000 0.0000000000
0.9460000000 0.5000000000 0.0000000000 0.5710000000 2.8550000000 0.5000000000 0.0000000000 1.4275000000 0.0000000000
0.9470000000 0.5000000000 0.0000000000 0.5710000000 2.8550000000 0.5000000000 0.0000000000 1.4275000000 0.0000000000
0.9480000000 0.5000000000 0.0000000000 0.5710000000 2.8550000000 0.5000000000 0.0000000000 1.4275000000 0.0000000000
0.9490000000 0.5000000000 0.0000000000 0.5710000000 2.8550000000 0.5000000000 0.0000000000 1.4275000000 0.0000000000
0.9500000000 0.5000000000 0.0000000000 0.5710000000 2.8550000000 0.5000000000 0.0000000000 1.4275000000 0.0000000000
0.9510000000 0.5000000000 0.0000000000 0.5710000000 2.8550000000 0.5000000000 0.0000000000 1.4275000000 0.0000000000
0.9520000000 0.5000000000 0.0000000000 0.5710000000 2.8550000000 0.5000000000 0.0000000000 1.4275000000 0.0000000000
0.9530000000 0.5000000000 0.0000000000 0.5710000000 2.8550000000 0.5000000000 0.0000000000 1.4275000000 0.0000000000
0.9540000000 0.5000000000 0.0000000000 0.5710000000 2.8550000000 0.5000000000 0.0000000000 1.4275000000 0.0000000000
0.9550000000 0.5000000000 0.0000000000 0.5710000000 2.8550000000 0.5000000000 0.0000000000 1.4275000000 0.0000000000
0.9560000000 0.5000000000 0.0000000000 0.5710000000 2.8550000000 0.5000000000 0.0000000000 1.4275000000 0.0000000000
0.9570000000 0.5000000000 0.0000000000 0.5710000000 2.8550000000 0.5000000000 0.0000000000 1.4275000000 0.0000000000
0.9580000000 0.5000000000 0.0000000000 0.5710000000 2.8550000000 0.5000000000 0.0000000000 1.4275000000 0.0000000000
0.9590000000 0.5000000000 0.0000000000 0.5710000000 2.8550000000 0.5000000000 0.0000000000 1.4275000000 0.0000000000
0.9600000000 0.5000000000 0.0000000000 0.5710000000 2.8550000000 0.5000000000 0.0000000000 1.4275000000 0.0000000000
0.9610000000 0.5000000000 0.0000000000 0.5710000000 2.8550000000 0.5000000000 0.0000000000 1.4275000000 0.0000000000
0.9620000000 0.5000000000 0.0000000000 0.5710000000 2.8550000000 0.5000000000 0.0000000000 1.4275000000 0.0000000000
0.9630000000 0.5000000000 0.0000000000 0.5710000000 2.8550000000 0.5000000000 0.0000000000 1.4275000000 0.0000000000
0.9640000000 0.5000000000 0.0000000000 0.5710000000 2.8550000000 0.5000000000 0.0000000000 1.4275000000 0.0000000000
0.9650000000 0.5000000000 0.0000000000 0.5710000000 2.8550000000 0.5000000000 0.0000000000 1.4275000000 0.0000000000
0.9660000000 0.5000000000 0.0000000000 0.5710000000 2.8550000000 0.5000000000 0.0000000000 1.4275000000 0.0000000000
0.9670000000 0.5000000000 0.0000000000 0.5710000000 2.8550000000 0.5000000000 0.0000000000 1.4275000000 0.0000000000
0.9680000000 0.5000000000 0.0000000000 0.5710000000 2.8550000000 0.5000000000 0.0000000000 1.4275000000 0.0000000000
0.9690000000 0.5000000000 0.0000000000 0.5710000000 2.8550000000 0.5000000000 0.0000000000 1.4275000000 0.0000000000
0.9700000000 0.5000000000 0.0000000000 0.5710000000 2.8550000000 0.5000000000 0.0000000000 1.4275000000 0.0000000000
0.9710000000 0.5000000000 0.0000000000 0.5710000000 2.8550000000 0.5000000000 0.0000000000 1.4275000000 0.0000000000
0.9720000000 0.5000000000 0.0000000000 0.5710000000 2.8550000000 0.5000000000 0.0000000000 1.4275000000 0.0000000000
0.9730000000 0.5000000000 0.0000000000 0.5710000000 2.8550000000 0.5000000000 0.0000000000 1.4275000000 0.0000000000
0.9740000000 0.5000000000 0.0000000000 0.5710000000 2.8550000000 0.5000000000 0.0000000000 1.4275000000 0.0000000000
0.9750000000 0.5000000000 0.0000000000 0.5710000000 2.8550000000 0.5000000000 0.0000000000 1.4275000000 0.0000000000
0.9760000000 0.5000000000 0.0000000000 0.5710000000 2.8550000000 0.5000000000 0.0000000000 1.4275000000 0.0000000000
0.9770000000 0.5000000000 0.0000000000 0.5710000000 2.8550000000 0.5000000000 0.0000000000 1.4275000000 0.0000000000
0.9780000000 0.5000000000 0.0000000000 0.5710000000 2.8550000000 0.5000000000 0.0000000000 1.4275000000 0.0000000000
0.9790000000 0.5000000000 0.0000000000 0.5710000000 2.8550000000 0.5000000000 0.0000000000 1.4275000000 0.0000000000
0.9800000000 0.5000000000 0.0000000000 0.5710000000 2.8550000000 0.5000000000 0.0000000000 1.4275000000 0.0000000000
0.9810000000 0.5000000000 0.0000000000 0.5710000000 2.8550000000 0.5000000000 0.0000000000 1.4275000000 0.0000000000
0.9820000000 0.5000000000 0.0000000000 0.5710000000 2.8550000000 0.5000000000 0.0000000000 1.4275000000 0.0000000000
0.9830000000 0.5000000000 0.0000000000 0.5710000000 2.8550000000 0.5000000000 0.0000000000 1.4275000000 0.0000000000
0.9840000000 0.5000000000 0.0000000000 0.5710000000 2.8550000000 0.5000000000 0.0000000000 1.4275000000 0.0000000000
0.9850000000 0.5000000000 0.0000000000 0.5710000000 2.8550000000 0.5000000000 0.0000000000 1.4275000000 0.0000000000
0.9860000000 0.5000000000 0.0000000000 0.5710000000 2.8550000000 0.5000000000 0.0000000000 1.4275000000 0.0000000000
0.9870000000 0.5000000000 0.0000000000 0.5710000000 2.8550000000 0.5000000000 0.0000000000 1.4275000000 0.0000000000
0.9880000000 0.5000000000 0.0000000000 0.5710000000 2.8550000000 0.5000000000 0.0000000000 1.4275000000 0.0000000000
0.9890000000 0.5000000000 0.0000000000 0.5710000000 2.8550000000 0.5000000000 0.0000000000 1.4275000000 0.0000000000
0.9900000000 0.5000000000 0.0000000000 0.5710000000 2.8550000000 0.5000000000 0.0000000000 1.4275000000 0.0000000000
0.9910000000 0.5000000000 0.0000000000 0.5710000000 2.8550000000 0.5000000000 0.0000000000 1.4275000000 0.0000000000
0.9920000000 0.5000000000 0.0000000000 0.5710000000 2.8550000000 0.5000000000 0.0000000000 1.4275000000 0.0000000000
0.9930000000 0.5000000000 0.0000000000 0.5710000000 2.8550000000 0.5000000000 0.0000000000 1.4275000000 0.0000000000
0.9940000000 0.5000000000 0.0000000000 0.5710000000 2.8550000000 0.5000000000 0.0000000000 1.4275000000 0.0000000000
0.9950000000 0.5000000000 0.0000000000 0.5710000000 2.8550000000 0.5000000000 0.0000000000 1.4275000000 0.0000000000
0.9960000000 0.5000000000 0.0000000000 0.5710000000 2.8550000000 0.5000000000 0.0000000000 1.4275000000 0.0000000000
0.9970000000 0.5000000000 0.0000000000 0.5710000000 2.8550000000 0.5000000000 0.0000000000 1.4275000000 0.0000000000
0.9980000000 0.5000000000 0.0000000000 0.5710000000 2.8550000000 0.5000000000 0.0000000000 1.4275000000 0.0000000000
0.9990000000 0.5000000000 0.0000000000 0.5710000000 2.8550000000 0.5000000000 0.0000000000 1.4275000000 0.0000000000
1.0000000000 0.5000000000 0.0000000000 0.5710000000 2.8550000000 0.5000000000 0.0000000000 1.4275000000 0.0000000000
