run_id,case_name,case,viscosity,sensor,beta,cfl,nx,mode,t_max,status,reason,solution_time,variable,L1,L2,Linf,TV,undershoot,overshoot
run_0001,visc_on_sensor_rho_beta_0p25_cfl_0p2_nx_101_mode_1,2,on,rho,0.25,0.2,101,1,0.16,completed,completed,0.16,rho,0.0401113031459177,0.12722671525728013,0.7236641701124511,2.1085158583,0.004824722566228901,0.10483880958754899
run_0001,visc_on_sensor_rho_beta_0p25_cfl_0p2_nx_101_mode_1,2,on,rho,0.25,0.2,101,1,0.16,completed,completed,0.16,u,0.041728566465955574,0.16560908645678854,1.312181394906355,2.7012270599999995,0.0,0.07835529669364494
run_0001,visc_on_sensor_rho_beta_0p25_cfl_0p2_nx_101_mode_1,2,on,rho,0.25,0.2,101,1,0.16,completed,completed,0.16,p,0.05919345716916548,0.2359594228201486,1.74564564664242,3.6450021779999995,0.0,0.0
run_0002,visc_on_sensor_rho_beta_0p25_cfl_0p2_nx_201_mode_1,2,on,rho,0.25,0.2,201,1,0.16,completed,completed,0.16,rho,0.03189496809008187,0.1214205149933199,0.7990808379124511,2.1575323565,0.0026394573662288923,0.110440580287549
run_0002,visc_on_sensor_rho_beta_0p25_cfl_0p2_nx_201_mode_1,2,on,rho,0.25,0.2,201,1,0.16,completed,completed,0.16,u,0.037808390754369266,0.18748116229960435,1.515905464606355,2.6669527641999995,0.0,0.08962128369364497
run_0002,visc_on_sensor_rho_beta_0p25_cfl_0p2_nx_201_mode_1,2,on,rho,0.25,0.2,201,1,0.16,completed,completed,0.16,p,0.05088388836459554,0.24796758181333675,1.88695542074242,3.6138597135999992,0.0,0.0
run_0003,visc_on_sensor_rho_beta_0p25_cfl_0p2_nx_501_mode_1,2,on,rho,0.25,0.2,501,1,0.16,completed,completed,0.16,rho,0.025035172611288452,0.11456357935328017,0.804080937512451,2.140070324600001,0.0008074512662288869,0.10015762508754888
run_0003,visc_on_sensor_rho_beta_0p25_cfl_0p2_nx_501_mode_1,2,on,rho,0.25,0.2,501,1,0.16,completed,completed,0.16,u,0.032056270173626944,0.1880864656563753,1.528713929006355,2.6376691699999997,0.0,0.08017699019364488
run_0003,visc_on_sensor_rho_beta_0p25_cfl_0p2_nx_501_mode_1,2,on,rho,0.25,0.2,501,1,0.16,completed,completed,0.16,p,0.04100251123085849,0.23948634298447988,1.89509216214242,3.5642740208999992,0.0,0.0
run_0004,visc_on_sensor_rho_beta_0p25_cfl_0p2_nx_1001_mode_1,2,on,rho,0.25,0.2,1001,1,0.16,completed,completed,0.16,rho,0.021439602138714438,0.10831067336398296,0.804084535312451,2.1467695920000005,0.0003462889662289026,0.10597651428754884
run_0004,visc_on_sensor_rho_beta_0p25_cfl_0p2_nx_1001_mode_1,2,on,rho,0.25,0.2,1001,1,0.16,completed,completed,0.16,u,0.029501975542258845,0.1860055191931278,1.528723027606355,2.6368308986,0.0,0.08536106899364504
run_0004,visc_on_sensor_rho_beta_0p25_cfl_0p2_nx_1001_mode_1,2,on,rho,0.25,0.2,1001,1,0.16,completed,completed,0.16,p,0.03686786819332928,0.23378692455639669,1.89509791444242,3.5729809303999973,0.0,0.0
run_0005,visc_on_sensor_rho_beta_0p25_cfl_0p5_nx_101_mode_1,2,on,rho,0.25,0.5,101,1,0.16,completed,completed,0.16,rho,0.03875966656669298,0.12346999834523056,0.7146947430124511,2.2388913381999997,0.03280224786622887,0.11138910648754896
run_0005,visc_on_sensor_rho_beta_0p25_cfl_0p5_nx_101_mode_1,2,on,rho,0.25,0.5,101,1,0.16,completed,completed,0.16,u,0.03850133543383688,0.15325067753386995,1.286494535006355,2.8109827483000007,0.0,0.09928351979364503
run_0005,visc_on_sensor_rho_beta_0p25_cfl_0p5_nx_101_mode_1,2,on,rho,0.25,0.5,101,1,0.16,completed,completed,0.16,p,0.05575719971027189,0.21956399302944557,1.72612047684242,3.841931819100001,0.0,0.0
run_0006,visc_on_sensor_rho_beta_0p25_cfl_0p5_nx_201_mode_1,2,on,rho,0.25,0.5,201,1,0.16,completed,completed,0.16,rho,0.028592257923503863,0.1125944507559441,0.796416461612451,2.3050062535,0.02752588476622886,0.13407502328754894
run_0006,visc_on_sensor_rho_beta_0p25_cfl_0p5_nx_201_mode_1,2,on,rho,0.25,0.5,201,1,0.16,completed,completed,0.16,u,0.03206544548774243,0.16796004462763114,1.508971114706355,2.8194251583999996,0.0,0.12619154289364487
run_0006,visc_on_sensor_rho_beta_0p25_cfl_0p5_nx_201_mode_1,2,on,rho,0.25,0.5,201,1,0.16,completed,completed,0.16,p,0.04367348654706446,0.22359296663620556,1.88251729484242,3.911462322700001,0.0,0.0
run_0007,visc_on_sensor_rho_beta_0p25_cfl_0p5_nx_501_mode_1,2,on,rho,0.25,0.5,501,1,0.16,completed,completed,0.16,rho,0.021128759046616354,0.10321910798708671,0.8040673094124511,2.2893481094,0.019507191266228907,0.13329762218754904
run_0007,visc_on_sensor_rho_beta_0p25_cfl_0p5_nx_501_mode_1,2,on,rho,0.25,0.5,501,1,0.16,completed,completed,0.16,u,0.02527374948738444,0.16357710763981617,1.528679463106355,2.8023566973000005,0.0,0.12757148299364496
run_0007,visc_on_sensor_rho_beta_0p25_cfl_0p5_nx_501_mode_1,2,on,rho,0.25,0.5,501,1,0.16,completed,completed,0.16,p,0.032623892146136785,0.20925328031982257,1.89507037164242,3.9030363177,0.0,0.0
run_0008,visc_on_sensor_rho_beta_0p25_cfl_0p5_nx_1001_mode_1,2,on,rho,0.25,0.5,1001,1,0.16,completed,completed,0.16,rho,0.017272351984541766,0.09508603098180213,0.804084535112451,2.2687686499999997,0.014742197066228868,0.12786936968754903
run_0008,visc_on_sensor_rho_beta_0p25_cfl_0p5_nx_1001_mode_1,2,on,rho,0.25,0.5,1001,1,0.16,completed,completed,0.16,u,0.02228974748667504,0.1590651386940678,1.528723027106355,2.7811861537999993,0.0,0.12215188359364504
run_0008,visc_on_sensor_rho_beta_0p25_cfl_0p5_nx_1001_mode_1,2,on,rho,0.25,0.5,1001,1,0.16,completed,completed,0.16,p,0.028018946565361372,0.2005130624343914,1.89509791414242,3.8690485152000003,0.0,0.0
run_0009,visc_on_sensor_rho_beta_0p25_cfl_0p8_nx_101_mode_1,2,on,rho,0.25,0.8,101,1,0.16,completed,completed,0.16,rho,0.03731970641211613,0.11346328408861049,0.650169567812451,2.6310705145999997,0.10258993466622887,0.14884204688754887
run_0009,visc_on_sensor_rho_beta_0p25_cfl_0p8_nx_101_mode_1,2,on,rho,0.25,0.8,101,1,0.16,completed,completed,0.16,u,0.03279736477762277,0.12166374985567595,1.1085905722063552,3.1631063392,0.0,0.15813907949364503
run_0009,visc_on_sensor_rho_beta_0p25_cfl_0p8_nx_101_mode_1,2,on,rho,0.25,0.8,101,1,0.16,completed,completed,0.16,p,0.04887723254524702,0.18202289954159517,1.57937991094242,4.4480543408,0.0,0.0
run_0010,visc_on_sensor_rho_beta_0p25_cfl_0p8_nx_201_mode_1,2,on,rho,0.25,0.8,201,1,0.16,completed,completed,0.16,rho,0.02479679140032779,0.09687666788089751,0.774958160512451,2.6227445616,0.0977653951662289,0.13962296138754904
run_0010,visc_on_sensor_rho_beta_0p25_cfl_0p8_nx_201_mode_1,2,on,rho,0.25,0.8,201,1,0.16,completed,completed,0.16,u,0.023855654222885377,0.1307565339258012,1.4496977487063551,3.0756718272000008,0.0,0.14899801079364505
run_0010,visc_on_sensor_rho_beta_0p25_cfl_0p8_nx_201_mode_1,2,on,rho,0.25,0.8,201,1,0.16,completed,completed,0.16,p,0.033922311683726225,0.17940817451286348,1.84372767504242,4.337068473100001,0.0,0.0
run_0011,visc_on_sensor_rho_beta_0p25_cfl_0p8_nx_501_mode_1,2,on,rho,0.25,0.8,501,1,0.16,completed,completed,0.16,rho,0.016052966525341304,0.084169244921372,0.803382463912451,2.6146324973000006,0.08896854736622889,0.15673853118754888
run_0011,visc_on_sensor_rho_beta_0p25_cfl_0p8_nx_501_mode_1,2,on,rho,0.25,0.8,501,1,0.16,completed,completed,0.16,u,0.015860831392351313,0.12100735726477962,1.526944749406355,3.0512210768,0.0,0.17185265949364492
run_0011,visc_on_sensor_rho_beta_0p25_cfl_0p8_nx_501_mode_1,2,on,rho,0.25,0.8,501,1,0.16,completed,completed,0.16,p,0.02120052814114061,0.1577647539232547,1.89397231264242,4.363451979799999,0.0,0.0
run_0012,visc_on_sensor_rho_beta_0p25_cfl_0p8_nx_1001_mode_1,2,on,rho,0.25,0.8,1001,1,0.16,completed,completed,0.16,rho,0.01179777553292978,0.07348446429504368,0.8040818707124511,2.5799920266,0.0841010947662289,0.14930655918754887
run_0012,visc_on_sensor_rho_beta_0p25_cfl_0p8_nx_1001_mode_1,2,on,rho,0.25,0.8,1001,1,0.16,completed,completed,0.16,u,0.01263184384263237,0.1139876756621633,1.528716289206355,3.000668308599999,0.0,0.16087153369364504
run_0012,visc_on_sensor_rho_beta_0p25_cfl_0p8_nx_1001_mode_1,2,on,rho,0.25,0.8,1001,1,0.16,completed,completed,0.16,p,0.01630873698660091,0.14548530620417488,1.89509365424242,4.281148323599998,0.0,0.0
run_0013,visc_on_sensor_u_beta_0p25_cfl_0p2_nx_101_mode_1,2,on,u,0.25,0.2,101,1,0.16,completed,completed,0.16,rho,0.0464874029000897,0.13982169791887455,0.7487368088124511,2.1258145818,0.002741022066228893,0.11202790248754901
run_0013,visc_on_sensor_u_beta_0p25_cfl_0p2_nx_101_mode_1,2,on,u,0.25,0.2,101,1,0.16,completed,completed,0.16,u,0.04594866047525722,0.18262995820973213,1.380494465806355,2.6800618499999995,0.0,0.08996185849364502
run_0013,visc_on_sensor_u_beta_0p25_cfl_0p2_nx_101_mode_1,2,on,u,0.25,0.2,101,1,0.16,completed,completed,0.16,p,0.06504134266253245,0.2555184482009166,1.79570169114242,3.628672306000001,0.0,0.0
run_0014,visc_on_sensor_u_beta_0p25_cfl_0p2_nx_201_mode_1,2,on,u,0.25,0.2,201,1,0.16,completed,completed,0.16,rho,0.03796304975031703,0.1336051973273742,0.8021091618124511,2.1670283932,0.01176286296622886,0.09740829598754885
run_0014,visc_on_sensor_u_beta_0p25_cfl_0p2_nx_201_mode_1,2,on,u,0.25,0.2,201,1,0.16,completed,completed,0.16,u,0.042769733963829444,0.20641993495024397,1.5237002783063551,2.6347339454000003,0.0,0.07190066579364496
run_0014,visc_on_sensor_u_beta_0p25_cfl_0p2_nx_201_mode_1,2,on,u,0.25,0.2,201,1,0.16,completed,completed,0.16,p,0.057213392467551624,0.27014712062137575,1.89191629624242,3.5427555206,0.0,0.0
run_0015,visc_on_sensor_u_beta_0p25_cfl_0p2_nx_501_mode_1,2,on,u,0.25,0.2,501,1,0.16,completed,completed,0.16,rho,0.02928404782974926,0.1256406399586644,0.8040843599124511,2.2744663517,0.0452895611662289,0.09758121448754897
run_0015,visc_on_sensor_u_beta_0p25_cfl_0p2_nx_501_mode_1,2,on,u,0.25,0.2,501,1,0.16,completed,completed,0.16,u,0.03839872321261091,0.21144751332395972,1.528722583906355,2.6101181453999995,0.0,0.0725245340936449
run_0015,visc_on_sensor_u_beta_0p25_cfl_0p2_nx_501_mode_1,2,on,u,0.25,0.2,501,1,0.16,completed,completed,0.16,p,0.04879872735859101,0.2677998049603282,1.8950976339424201,3.5108467724,0.0,0.0
run_0016,visc_on_sensor_u_beta_0p25_cfl_0p2_nx_1001_mode_1,2,on,u,0.25,0.2,1001,1,0.16,completed,completed,0.16,rho,0.02583053237837255,0.1210928492938948,0.804084535312451,2.441112222400001,0.08414054626622891,0.10293036488754903
run_0016,visc_on_sensor_u_beta_0p25_cfl_0p2_nx_1001_mode_1,2,on,u,0.25,0.2,1001,1,0.16,completed,completed,0.16,u,0.03687802759757614,0.2127368192409115,1.528723027606355,2.59650727,0.0,0.07651123729364495
run_0016,visc_on_sensor_u_beta_0p25_cfl_0p2_nx_1001_mode_1,2,on,u,0.25,0.2,1001,1,0.16,completed,completed,0.16,p,0.04589093344977451,0.26656649867877474,1.89509791444242,3.494723154599998,0.0,0.0
run_0017,visc_on_sensor_u_beta_0p25_cfl_0p5_nx_101_mode_1,2,on,u,0.25,0.5,101,1,0.16,completed,completed,0.16,rho,0.04170046882944201,0.12842129515161507,0.729830126312451,2.2731085553,0.022127545566228868,0.12058432118754903
run_0017,visc_on_sensor_u_beta_0p25_cfl_0p5_nx_101_mode_1,2,on,u,0.25,0.5,101,1,0.16,completed,completed,0.16,u,0.040247871949463984,0.16120355930906133,1.327815072306355,2.8155742972000004,0.0,0.10939242069364497
run_0017,visc_on_sensor_u_beta_0p25_cfl_0p5_nx_101_mode_1,2,on,u,0.25,0.5,101,1,0.16,completed,completed,0.16,p,0.05839604437957508,0.22870964116685832,1.75739774024242,3.8663610232999996,0.0,0.0
run_0018,visc_on_sensor_u_beta_0p25_cfl_0p5_nx_201_mode_1,2,on,u,0.25,0.5,201,1,0.16,completed,completed,0.16,rho,0.0323959616207644,0.11982917343395785,0.8002339968124511,2.3942687178999997,0.043255226766228894,0.12685287078754892
run_0018,visc_on_sensor_u_beta_0p25_cfl_0p5_nx_201_mode_1,2,on,u,0.25,0.5,201,1,0.16,completed,completed,0.16,u,0.03528523754636953,0.18153175604667346,1.518901655206355,2.8051188473999997,0.0,0.11746243879364493
run_0018,visc_on_sensor_u_beta_0p25_cfl_0p5_nx_201_mode_1,2,on,u,0.25,0.5,201,1,0.16,completed,completed,0.16,p,0.04779009002431446,0.23937268409474322,1.88886328374242,3.8812670755999985,0.0,0.0
run_0019,visc_on_sensor_u_beta_0p25_cfl_0p5_nx_501_mode_1,2,on,u,0.25,0.5,501,1,0.16,completed,completed,0.16,rho,0.024537802879311066,0.11142080670366172,0.8040830462124511,2.4408711268999994,0.06340108556622887,0.12886346318754893
run_0019,visc_on_sensor_u_beta_0p25_cfl_0p5_nx_501_mode_1,2,on,u,0.25,0.5,501,1,0.16,completed,completed,0.16,u,0.0299717224165509,0.18342839571631644,1.528719261906355,2.7688764288,0.0,0.11715398139364486
run_0019,visc_on_sensor_u_beta_0p25_cfl_0p5_nx_501_mode_1,2,on,u,0.25,0.5,501,1,0.16,completed,completed,0.16,p,0.038489834637266046,0.23322683192294638,1.89509553364242,3.8341848369000004,0.0,0.0
run_0020,visc_on_sensor_u_beta_0p25_cfl_0p5_nx_1001_mode_1,2,on,u,0.25,0.5,1001,1,0.16,completed,completed,0.16,rho,0.020905915836129666,0.10573178112068547,0.804084535312451,2.5737389346,0.0940804641662289,0.13265312168754884
run_0020,visc_on_sensor_u_beta_0p25_cfl_0p5_nx_1001_mode_1,2,on,u,0.25,0.5,1001,1,0.16,completed,completed,0.16,u,0.027970966151108164,0.18310082353211468,1.528723027606355,2.748139467,0.0,0.12058991029364496
run_0020,visc_on_sensor_u_beta_0p25_cfl_0p5_nx_1001_mode_1,2,on,u,0.25,0.5,1001,1,0.16,completed,completed,0.16,p,0.035009553730031354,0.2299362841994612,1.89509791444242,3.8085653433999997,0.0,0.0
run_0021,visc_on_sensor_u_beta_0p25_cfl_0p8_nx_101_mode_1,2,on,u,0.25,0.8,101,1,0.16,completed,completed,0.16,rho,0.0380251463559407,0.11378132681692613,0.660917959512451,2.6716771513,0.09606175526622887,0.15071196298754885
run_0021,visc_on_sensor_u_beta_0p25_cfl_0p8_nx_101_mode_1,2,on,u,0.25,0.8,101,1,0.16,completed,completed,0.16,u,0.03337016459762278,0.1250893844747988,1.136642531606355,3.1556371496,0.0,0.16162720419364507
run_0021,visc_on_sensor_u_beta_0p25_cfl_0p8_nx_101_mode_1,2,on,u,0.25,0.8,101,1,0.16,completed,completed,0.16,p,0.049614944626398635,0.18587677334617933,1.60399208694242,4.449693635800001,0.0,0.0
run_0022,visc_on_sensor_u_beta_0p25_cfl_0p8_nx_201_mode_1,2,on,u,0.25,0.8,201,1,0.16,completed,completed,0.16,rho,0.027093351895889232,0.1004124018974744,0.7855392677124511,2.8251247949,0.11420833316622889,0.15867453638754903
run_0022,visc_on_sensor_u_beta_0p25_cfl_0p8_nx_201_mode_1,2,on,u,0.25,0.8,201,1,0.16,completed,completed,0.16,u,0.025471112019071814,0.14013740436184738,1.479599972306355,3.1111359137,0.0,0.1688210768936449
run_0022,visc_on_sensor_u_beta_0p25_cfl_0p8_nx_201_mode_1,2,on,u,0.25,0.8,201,1,0.16,completed,completed,0.16,p,0.03589589948580201,0.18997064011860715,1.86350331054242,4.427671129699998,0.0,0.0
run_0023,visc_on_sensor_u_beta_0p25_cfl_0p8_nx_501_mode_1,2,on,u,0.25,0.8,501,1,0.16,completed,completed,0.16,rho,0.01845665247204027,0.08957832717973134,0.8039697902124511,2.8925244653000006,0.12865709636622888,0.164049236587549
run_0023,visc_on_sensor_u_beta_0p25_cfl_0p8_nx_501_mode_1,2,on,u,0.25,0.8,501,1,0.16,completed,completed,0.16,u,0.018636970758925897,0.1367527730817492,1.528432781306355,3.0653338932000005,0.0,0.17609690389364507
run_0023,visc_on_sensor_u_beta_0p25_cfl_0p8_nx_501_mode_1,2,on,u,0.25,0.8,501,1,0.16,completed,completed,0.16,p,0.02458899909761029,0.17646765933232977,1.8949143899424201,4.400614571899998,0.0,0.0
run_0024,visc_on_sensor_u_beta_0p25_cfl_0p8_nx_1001_mode_1,2,on,u,0.25,0.8,1001,1,0.16,completed,completed,0.16,rho,0.0143208202094838,0.08124811166248476,0.804084502912451,2.926257016000002,0.13802757286622888,0.15635938718754905
run_0024,visc_on_sensor_u_beta_0p25_cfl_0p8_nx_1001_mode_1,2,on,u,0.25,0.8,1001,1,0.16,completed,completed,0.16,u,0.01598274303043237,0.13325760207711487,1.5287229457063551,3.021727345600001,0.0,0.16557718899364504
run_0024,visc_on_sensor_u_beta_0p25_cfl_0p8_nx_1001_mode_1,2,on,u,0.25,0.8,1001,1,0.16,completed,completed,0.16,p,0.0204473463435706,0.1688282526451185,1.89509786264242,4.334424166399997,0.0,0.0
run_0025,visc_on_sensor_p_beta_0p25_cfl_0p2_nx_101_mode_1,2,on,p,0.25,0.2,101,1,0.16,completed,completed,0.16,rho,0.042255533921388005,0.12491435672898399,0.6796846530124511,2.1132606144,0.0035110904662288833,0.10236086838754899
run_0025,visc_on_sensor_p_beta_0p25_cfl_0p2_nx_101_mode_1,2,on,p,0.25,0.2,101,1,0.16,completed,completed,0.16,u,0.03762268162149462,0.14303415974546854,1.194935183406355,2.6785911698000002,0.0,0.08302801829364492
run_0025,visc_on_sensor_p_beta_0p25_cfl_0p2_nx_101_mode_1,2,on,p,0.25,0.2,101,1,0.16,completed,completed,0.16,p,0.054599362202729214,0.20992409341553747,1.65288451974242,3.604331189100001,0.0,0.0
run_0026,visc_on_sensor_p_beta_0p25_cfl_0p2_nx_201_mode_1,2,on,p,0.25,0.2,201,1,0.16,completed,completed,0.16,rho,0.032969304115317025,0.11779078476498271,0.7919222107124511,2.1823338814,0.012142881066228906,0.10436423188754884
run_0026,visc_on_sensor_p_beta_0p25_cfl_0p2_nx_201_mode_1,2,on,p,0.25,0.2,201,1,0.16,completed,completed,0.16,u,0.03325748649845233,0.1690099126036559,1.497138785906355,2.6684609142999998,0.0,0.0850845888936449
run_0026,visc_on_sensor_p_beta_0p25_cfl_0p2_nx_201_mode_1,2,on,p,0.25,0.2,201,1,0.16,completed,completed,0.16,p,0.045346935219801605,0.22671437484856963,1.87489471174242,3.606031581300001,0.0,0.0
run_0027,visc_on_sensor_p_beta_0p25_cfl_0p2_nx_501_mode_1,2,on,p,0.25,0.2,501,1,0.16,completed,completed,0.16,rho,0.024350881816400133,0.10906813877875181,0.8040657920124511,2.2667536144,0.0441185642662289,0.09738919168754889
run_0027,visc_on_sensor_p_beta_0p25_cfl_0p2_nx_501_mode_1,2,on,p,0.25,0.2,501,1,0.16,completed,completed,0.16,u,0.02899500947540142,0.1761558653355201,1.528675624506355,2.6198919690000007,0.0,0.0753953426936449
run_0027,visc_on_sensor_p_beta_0p25_cfl_0p2_nx_501_mode_1,2,on,p,0.25,0.2,501,1,0.16,completed,completed,0.16,p,0.037282777884869216,0.22524079494660582,1.89506794474242,3.521457068200001,0.0,0.0
run_0028,visc_on_sensor_p_beta_0p25_cfl_0p2_nx_1001_mode_1,2,on,p,0.25,0.2,1001,1,0.16,completed,completed,0.16,rho,0.02081213077200574,0.10372500479451881,0.804084535312451,2.4014789492,0.07639037266622889,0.09255285548754899
run_0028,visc_on_sensor_p_beta_0p25_cfl_0p2_nx_1001_mode_1,2,on,p,0.25,0.2,1001,1,0.16,completed,completed,0.16,u,0.027375749922058677,0.17754925450754905,1.528723027506355,2.5907759508,0.0,0.070004673193645
run_0028,visc_on_sensor_p_beta_0p25_cfl_0p2_nx_1001_mode_1,2,on,p,0.25,0.2,1001,1,0.16,completed,completed,0.16,p,0.03424795191654392,0.22354296036664925,1.89509791434242,3.470655850199999,0.0,0.0
run_0029,visc_on_sensor_p_beta_0p25_cfl_0p5_nx_101_mode_1,2,on,p,0.25,0.5,101,1,0.16,completed,completed,0.16,rho,0.037709677993266584,0.11663787043321992,0.6564599596124511,2.3133898752000004,0.024361496766228896,0.13630584588754902
run_0029,visc_on_sensor_p_beta_0p25_cfl_0p5_nx_101_mode_1,2,on,p,0.25,0.5,101,1,0.16,completed,completed,0.16,u,0.03382833014146398,0.12846108785411198,1.133194625506355,2.8690071072,0.0,0.131092726393645
run_0029,visc_on_sensor_p_beta_0p25_cfl_0p5_nx_101_mode_1,2,on,p,0.25,0.5,101,1,0.16,completed,completed,0.16,p,0.04913504348242349,0.19105269179199194,1.60039491074242,3.9705884758999996,0.0,0.0
run_0030,visc_on_sensor_p_beta_0p25_cfl_0p5_nx_201_mode_1,2,on,p,0.25,0.5,201,1,0.16,completed,completed,0.16,rho,0.028741900223426684,0.10639282224736044,0.784106122112451,2.3763700762999997,0.04334698986622887,0.11678128838754898
run_0030,visc_on_sensor_p_beta_0p25_cfl_0p5_nx_201_mode_1,2,on,p,0.25,0.5,201,1,0.16,completed,completed,0.16,u,0.027980079028305974,0.14855865336620921,1.476176511306355,2.8039195297999995,0.0,0.11060093279364502
run_0030,visc_on_sensor_p_beta_0p25_cfl_0p5_nx_201_mode_1,2,on,p,0.25,0.5,201,1,0.16,completed,completed,0.16,p,0.03889950830531444,0.2014313915246099,1.86122167394242,3.8601353721999994,0.0,0.0
run_0031,visc_on_sensor_p_beta_0p25_cfl_0p5_nx_501_mode_1,2,on,p,0.25,0.5,501,1,0.16,completed,completed,0.16,rho,0.020704865020641287,0.09692438296124722,0.803996081112451,2.4373371103999992,0.0674916806662289,0.11362930508754898
run_0031,visc_on_sensor_p_beta_0p25_cfl_0p5_nx_501_mode_1,2,on,p,0.25,0.5,501,1,0.16,completed,completed,0.16,u,0.022670588853450892,0.15163902591934506,1.528499282006355,2.7543501938999992,0.0,0.10353563569364499
run_0031,visc_on_sensor_p_beta_0p25_cfl_0p5_nx_501_mode_1,2,on,p,0.25,0.5,501,1,0.16,completed,completed,0.16,p,0.029537803145696366,0.1950732047963098,1.89495644544242,3.784991583499999,0.0,0.0
run_0032,visc_on_sensor_p_beta_0p25_cfl_0p5_nx_1001_mode_1,2,on,p,0.25,0.5,1001,1,0.16,completed,completed,0.16,rho,0.017023527053862512,0.09031373774324783,0.804084529512451,2.5610076159999995,0.0941090261662289,0.11835179398754891
run_0032,visc_on_sensor_p_beta_0p25_cfl_0p5_nx_1001_mode_1,2,on,p,0.25,0.5,1001,1,0.16,completed,completed,0.16,u,0.020626850827608154,0.15116749767014062,1.528723012906355,2.746629245,0.0,0.11033611259364506
run_0032,visc_on_sensor_p_beta_0p25_cfl_0p5_nx_1001_mode_1,2,on,p,0.25,0.5,1001,1,0.16,completed,completed,0.16,p,0.025989986270476828,0.19100896773798673,1.89509790514242,3.7899661176000015,0.0,0.0
run_0033,visc_on_sensor_p_beta_0p25_cfl_0p8_nx_101_mode_1,2,on,p,0.25,0.8,101,1,0.16,completed,completed,0.16,rho,0.036446036047865144,0.10774694990693222,0.5993598812124511,2.6518473008999996,0.09656759666622888,0.13709109988754897
run_0033,visc_on_sensor_p_beta_0p25_cfl_0p8_nx_101_mode_1,2,on,p,0.25,0.8,101,1,0.16,completed,completed,0.16,u,0.030932078321249872,0.10738932508303872,0.988251045906355,3.1650757957,0.0,0.1542787849936449
run_0033,visc_on_sensor_p_beta_0p25_cfl_0p8_nx_101_mode_1,2,on,p,0.25,0.8,101,1,0.16,completed,completed,0.16,p,0.04622160953474701,0.1651555343426518,1.46646112784242,4.440780280499999,0.0,0.0
run_0034,visc_on_sensor_p_beta_0p25_cfl_0p8_nx_201_mode_1,2,on,p,0.25,0.8,201,1,0.16,completed,completed,0.16,rho,0.025033020285050542,0.09210590402788274,0.7524233418124511,2.7979585474000004,0.11103183466622887,0.15016948318754886
run_0034,visc_on_sensor_p_beta_0p25_cfl_0p8_nx_201_mode_1,2,on,p,0.25,0.8,201,1,0.16,completed,completed,0.16,u,0.02184214746388537,0.1179362385678953,1.385934572606355,3.1143798554,0.0,0.16554988309364504
run_0034,visc_on_sensor_p_beta_0p25_cfl_0p8_nx_201_mode_1,2,on,p,0.25,0.8,201,1,0.16,completed,completed,0.16,p,0.03137868726365043,0.16507130613573412,1.7997980272424199,4.4178840593,0.0,0.0
run_0035,visc_on_sensor_p_beta_0p25_cfl_0p8_nx_501_mode_1,2,on,p,0.25,0.8,501,1,0.16,completed,completed,0.16,rho,0.016464459584940656,0.08011231141259934,0.802002307312451,2.9486262891000004,0.13836851106622888,0.16308715248754901
run_0035,visc_on_sensor_p_beta_0p25_cfl_0p8_nx_501_mode_1,2,on,p,0.25,0.8,501,1,0.16,completed,completed,0.16,u,0.014560532786475055,0.11283176669522671,1.523413818706355,3.066131682599999,0.0,0.17597972179364496
run_0035,visc_on_sensor_p_beta_0p25_cfl_0p8_nx_501_mode_1,2,on,p,0.25,0.8,501,1,0.16,completed,completed,0.16,p,0.019606120283701255,0.14844048182722921,1.89173415854242,4.395255410499997,0.0,0.0
run_0036,visc_on_sensor_p_beta_0p25_cfl_0p8_nx_1001_mode_1,2,on,p,0.25,0.8,1001,1,0.16,completed,completed,0.16,rho,0.012313949143153643,0.07067752359978173,0.804072662612451,2.9975381084,0.15143994436622887,0.15234030638754903
run_0036,visc_on_sensor_p_beta_0p25_cfl_0p8_nx_1001_mode_1,2,on,p,0.25,0.8,1001,1,0.16,completed,completed,0.16,u,0.01196330182075779,0.10902041177630376,1.5286930017063551,3.0313894240000008,0.0,0.16666553409364493
run_0036,visc_on_sensor_p_beta_0p25_cfl_0p8_nx_1001_mode_1,2,on,p,0.25,0.8,1001,1,0.16,completed,completed,0.16,p,0.015508267780885756,0.1396775328530375,1.8950789312424199,4.347717846199998,0.0,0.0
run_0037,visc_on_sensor_rho_beta_0p5_cfl_0p2_nx_101_mode_1,2,on,rho,0.5,0.2,101,1,0.16,completed,completed,0.16,rho,0.0437566161267421,0.12872388070556512,0.713993786012451,1.9484106112,0.0001634553662288596,0.042779344787548856
run_0037,visc_on_sensor_rho_beta_0p5_cfl_0p2_nx_101_mode_1,2,on,rho,0.5,0.2,101,1,0.16,completed,completed,0.16,u,0.04628669851576563,0.17155230741750307,1.290390582906355,2.4167927667999995,0.0,0.0031321540936448677
run_0037,visc_on_sensor_rho_beta_0p5_cfl_0p2_nx_101_mode_1,2,on,rho,0.5,0.2,101,1,0.16,completed,completed,0.16,p,0.06440445375313883,0.24586621995335783,1.72889823174242,3.1005522051999983,0.0,0.0
run_0038,visc_on_sensor_rho_beta_0p5_cfl_0p2_nx_201_mode_1,2,on,rho,0.5,0.2,201,1,0.16,completed,completed,0.16,rho,0.0363740800712204,0.12902400277496284,0.7988952607124511,1.9728361900000002,0.0,0.053873951087549
run_0038,visc_on_sensor_rho_beta_0p5_cfl_0p2_nx_201_mode_1,2,on,rho,0.5,0.2,201,1,0.16,completed,completed,0.16,u,0.0445481072096514,0.20369789097502136,1.515447948406355,2.400932396500001,0.0,0.008847484593645039
run_0038,visc_on_sensor_rho_beta_0p5_cfl_0p2_nx_201_mode_1,2,on,rho,0.5,0.2,201,1,0.16,completed,completed,0.16,p,0.05906886291955963,0.26922972197617134,1.88666323074242,3.0707530655,0.0,0.0
run_0039,visc_on_sensor_rho_beta_0p5_cfl_0p2_nx_501_mode_1,2,on,rho,0.5,0.2,501,1,0.16,completed,completed,0.16,rho,0.029957838246017374,0.1254300827470395,0.804082514512451,1.9734180811999995,0.0,0.053793781487548875
run_0039,visc_on_sensor_rho_beta_0p5_cfl_0p2_nx_501_mode_1,2,on,rho,0.5,0.2,501,1,0.16,completed,completed,0.16,u,0.040519697459431674,0.21185587626381477,1.528717917206355,2.397097504100001,0.0,0.009429348693644979
run_0039,visc_on_sensor_rho_beta_0p5_cfl_0p2_nx_501_mode_1,2,on,rho,0.5,0.2,501,1,0.16,completed,completed,0.16,p,0.05121379689045112,0.2691857889106279,1.8950946835424198,3.0660887393999987,0.0,0.0
run_0040,visc_on_sensor_rho_beta_0p5_cfl_0p2_nx_1001_mode_1,2,on,rho,0.5,0.2,1001,1,0.16,completed,completed,0.16,rho,0.02671397667243017,0.12148579575500147,0.804084535312451,1.975054881599999,0.0,0.05474295308754895
run_0040,visc_on_sensor_rho_beta_0p5_cfl_0p2_nx_1001_mode_1,2,on,rho,0.5,0.2,1001,1,0.16,completed,completed,0.16,u,0.03853158629422376,0.2127216601798181,1.528723027606355,2.3961918724,0.0,0.010534961893645
run_0040,visc_on_sensor_rho_beta_0p5_cfl_0p2_nx_1001_mode_1,2,on,rho,0.5,0.2,1001,1,0.16,completed,completed,0.16,p,0.04775641958705386,0.2669632010737028,1.89509791444242,3.0677870557999993,0.0,0.0
run_0041,visc_on_sensor_rho_beta_0p5_cfl_0p5_nx_101_mode_1,2,on,rho,0.5,0.5,101,1,0.16,completed,completed,0.16,rho,0.04064839985619152,0.12819775811873824,0.729582487612451,2.0157609188,0.001934431666228864,0.0731096354875489
run_0041,visc_on_sensor_rho_beta_0p5_cfl_0p5_nx_101_mode_1,2,on,rho,0.5,0.5,101,1,0.16,completed,completed,0.16,u,0.042779299393130125,0.17034578454917262,1.330500439206355,2.5287247180000003,0.0,0.03706507579364504
run_0041,visc_on_sensor_rho_beta_0p5_cfl_0p5_nx_101_mode_1,2,on,rho,0.5,0.5,101,1,0.16,completed,completed,0.16,p,0.059856943714532415,0.24098078835651215,1.75922881484242,3.3093328270000004,0.0,0.0
run_0042,visc_on_sensor_rho_beta_0p5_cfl_0p5_nx_201_mode_1,2,on,rho,0.5,0.5,201,1,0.16,completed,completed,0.16,rho,0.03308259859180649,0.12382029439995199,0.8001225949124511,2.0510160482999997,0.0010545423662288722,0.0827338358875489
run_0042,visc_on_sensor_rho_beta_0p5_cfl_0p5_nx_201_mode_1,2,on,rho,0.5,0.5,201,1,0.16,completed,completed,0.16,u,0.039604228680079435,0.1935386765533042,1.518614706206355,2.5234410127,0.0,0.05188555489364499
run_0042,visc_on_sensor_rho_beta_0p5_cfl_0p5_nx_201_mode_1,2,on,rho,0.5,0.5,201,1,0.16,completed,completed,0.16,p,0.05253258842505163,0.25482520066592484,1.8886816755424198,3.3135897391999993,0.0,0.0
run_0043,visc_on_sensor_rho_beta_0p5_cfl_0p5_nx_501_mode_1,2,on,rho,0.5,0.5,501,1,0.16,completed,completed,0.16,rho,0.026433948923461195,0.11757381946969765,0.8040826477124511,2.0506356078,0.0003566140662288886,0.0836009061875489
run_0043,visc_on_sensor_rho_beta_0p5_cfl_0p5_nx_501_mode_1,2,on,rho,0.5,0.5,501,1,0.16,completed,completed,0.16,u,0.03426099810231091,0.19471673735093115,1.528718254106355,2.5129664839,0.0,0.052932943893645
run_0043,visc_on_sensor_rho_beta_0p5_cfl_0p5_nx_501_mode_1,2,on,rho,0.5,0.5,501,1,0.16,completed,completed,0.16,p,0.04336474502712132,0.24741328775050192,1.8950948965424201,3.3040038635,0.0,0.0
run_0044,visc_on_sensor_rho_beta_0p5_cfl_0p5_nx_1001_mode_1,2,on,rho,0.5,0.5,1001,1,0.16,completed,completed,0.16,rho,0.022996913484104455,0.11186586389611791,0.804084535312451,2.0500222605999996,0.0,0.08407663838754886
run_0044,visc_on_sensor_rho_beta_0p5_cfl_0p5_nx_1001_mode_1,2,on,rho,0.5,0.5,1001,1,0.16,completed,completed,0.16,u,0.031918876856990526,0.1930668512234174,1.528723027606355,2.5073988763999995,0.0,0.05339447419364496
run_0044,visc_on_sensor_rho_beta_0p5_cfl_0p5_nx_1001_mode_1,2,on,rho,0.5,0.5,1001,1,0.16,completed,completed,0.16,p,0.039609526353101894,0.2423757445735422,1.89509791444242,3.298323020999998,0.0,0.0
run_0045,visc_on_sensor_rho_beta_0p5_cfl_0p8_nx_101_mode_1,2,on,rho,0.5,0.8,101,1,0.16,completed,completed,0.16,rho,0.036271101824342136,0.11905240552461831,0.702304710712451,2.2861392218,0.04510073096622891,0.1256739704875489
run_0045,visc_on_sensor_rho_beta_0p5_cfl_0p8_nx_101_mode_1,2,on,rho,0.5,0.8,101,1,0.16,completed,completed,0.16,u,0.035144059260836885,0.14308897226447315,1.2495375218063551,2.8233550782999997,0.0,0.118502577293645
run_0045,visc_on_sensor_rho_beta_0p5_cfl_0p8_nx_101_mode_1,2,on,rho,0.5,0.8,101,1,0.16,completed,completed,0.16,p,0.0502030076487719,0.20598070261158338,1.69757027164242,3.8483335740000015,0.0,0.0
run_0046,visc_on_sensor_rho_beta_0p5_cfl_0p8_nx_201_mode_1,2,on,rho,0.5,0.8,201,1,0.16,completed,completed,0.16,rho,0.026794052317203932,0.10709878042647966,0.794228511712451,2.2750239581,0.04104325366622891,0.11334608098754884
run_0046,visc_on_sensor_rho_beta_0p5_cfl_0p8_nx_201_mode_1,2,on,rho,0.5,0.8,201,1,0.16,completed,completed,0.16,u,0.028950035185369535,0.15684014578257383,1.5031987643063551,2.776279745,0.0,0.10997173449364506
run_0046,visc_on_sensor_rho_beta_0p5_cfl_0p8_nx_201_mode_1,2,on,rho,0.5,0.8,201,1,0.16,completed,completed,0.16,p,0.039488518018041846,0.20928938757067192,1.8788029389424201,3.7851505017999987,0.0,0.0
run_0047,visc_on_sensor_rho_beta_0p5_cfl_0p8_nx_501_mode_1,2,on,rho,0.5,0.8,501,1,0.16,completed,completed,0.16,rho,0.019228837798571412,0.09714655707633714,0.804048904712451,2.270790238899999,0.03291001156622886,0.12598274308754887
run_0047,visc_on_sensor_rho_beta_0p5_cfl_0p8_nx_501_mode_1,2,on,rho,0.5,0.8,501,1,0.16,completed,completed,0.16,u,0.022035497604350997,0.15101135108822172,1.528632909106355,2.7618642604,0.0,0.12340350919364496
run_0047,visc_on_sensor_rho_beta_0p5_cfl_0p8_nx_501_mode_1,2,on,rho,0.5,0.8,501,1,0.16,completed,completed,0.16,p,0.0284416029275024,0.19355572372962215,1.89504093834242,3.7975572488999987,0.0,0.0
run_0048,visc_on_sensor_rho_beta_0p5_cfl_0p8_nx_1001_mode_1,2,on,rho,0.5,0.8,1001,1,0.16,completed,completed,0.16,rho,0.01548594555177685,0.08867007247657444,0.8040845341124511,2.2262855206000003,0.02721820016622889,0.10996572988754894
run_0048,visc_on_sensor_rho_beta_0p5_cfl_0p8_nx_1001_mode_1,2,on,rho,0.5,0.8,1001,1,0.16,completed,completed,0.16,u,0.019211871891208317,0.14626879149879382,1.528723024606355,2.7162885498,0.0,0.10710534959364493
run_0048,visc_on_sensor_rho_beta_0p5_cfl_0p8_nx_1001_mode_1,2,on,rho,0.5,0.8,1001,1,0.16,completed,completed,0.16,p,0.024168467898359334,0.18458699774517395,1.89509791254242,3.7109307528000013,0.0,0.0
run_0049,visc_on_sensor_u_beta_0p5_cfl_0p2_nx_101_mode_1,2,on,u,0.5,0.2,101,1,0.16,completed,completed,0.16,rho,0.052827901358663304,0.15089872361300966,0.7605119027124511,2.0569005182,0.03015818476622889,0.047392533987548946
run_0049,visc_on_sensor_u_beta_0p5_cfl_0p2_nx_101_mode_1,2,on,u,0.5,0.2,101,1,0.16,completed,completed,0.16,u,0.05566526034963014,0.20873436159642558,1.414095477506355,2.4042004891,0.0,0.011435229293645044
run_0049,visc_on_sensor_u_beta_0p5_cfl_0p2_nx_101_mode_1,2,on,u,0.5,0.2,101,1,0.16,completed,completed,0.16,p,0.07726836207368402,0.28897208643468675,1.81924294494242,3.0621502114000005,0.0,0.0
run_0050,visc_on_sensor_u_beta_0p5_cfl_0p2_nx_201_mode_1,2,on,u,0.5,0.2,201,1,0.16,completed,completed,0.16,rho,0.043347482135490244,0.14608024617936338,0.802747807612451,2.1416677549,0.048331644566228904,0.05204738858754898
run_0050,visc_on_sensor_u_beta_0p5_cfl_0p2_nx_201_mode_1,2,on,u,0.5,0.2,201,1,0.16,completed,completed,0.16,u,0.0539611348318094,0.23610671154215312,1.525331025606355,2.3979789629000003,0.0,0.0045709325936449385
run_0050,visc_on_sensor_u_beta_0p5_cfl_0p2_nx_201_mode_1,2,on,u,0.5,0.2,201,1,0.16,completed,completed,0.16,p,0.07087489454850297,0.30747747940773285,1.89295067934242,3.056467852,0.0,0.0
run_0051,visc_on_sensor_u_beta_0p5_cfl_0p2_nx_501_mode_1,2,on,u,0.5,0.2,501,1,0.16,completed,completed,0.16,rho,0.03598181487195032,0.14144611090596165,0.804084500112451,2.3268456968999995,0.08463627896622888,0.051134521387548926
run_0051,visc_on_sensor_u_beta_0p5_cfl_0p2_nx_501_mode_1,2,on,u,0.5,0.2,501,1,0.16,completed,completed,0.16,u,0.050657293813390215,0.2444783958318363,1.528722938606355,2.3809107781000005,0.0,0.0008083065936450584
run_0051,visc_on_sensor_u_beta_0p5_cfl_0p2_nx_501_mode_1,2,on,u,0.5,0.2,501,1,0.16,completed,completed,0.16,p,0.06377063804760874,0.3089222005669737,1.89509785814242,3.033850330699999,0.0,0.0
run_0052,visc_on_sensor_u_beta_0p5_cfl_0p2_nx_1001_mode_1,2,on,u,0.5,0.2,1001,1,0.16,completed,completed,0.16,rho,0.03269670369877262,0.13805957085085466,0.804084535312451,2.4720484546,0.11055106836622888,0.050455706987548865
run_0052,visc_on_sensor_u_beta_0p5_cfl_0p2_nx_1001_mode_1,2,on,u,0.5,0.2,1001,1,0.16,completed,completed,0.16,u,0.049225470428115585,0.24631971096656188,1.528723027606355,2.3710323980000005,0.0,0.0
run_0052,visc_on_sensor_u_beta_0p5_cfl_0p2_nx_1001_mode_1,2,on,u,0.5,0.2,1001,1,0.16,completed,completed,0.16,p,0.060952683556712,0.30827858396727537,1.89509791444242,3.020242175200001,0.0,0.0
run_0053,visc_on_sensor_u_beta_0p5_cfl_0p5_nx_101_mode_1,2,on,u,0.5,0.5,101,1,0.16,completed,completed,0.16,rho,0.04872855876673886,0.14268174587921878,0.7568621802124511,2.1214830015999997,0.030489191766228885,0.07370895978754888
run_0053,visc_on_sensor_u_beta_0p5_cfl_0p5_nx_101_mode_1,2,on,u,0.5,0.5,101,1,0.16,completed,completed,0.16,u,0.04827519174363013,0.19113126318798798,1.404068588406355,2.5072380172999997,0.0,0.040110834993644984
run_0053,visc_on_sensor_u_beta_0p5_cfl_0p5_nx_101_mode_1,2,on,u,0.5,0.5,101,1,0.16,completed,completed,0.16,p,0.06741077102518403,0.2648746061960228,1.81224517954242,3.2643885697000012,0.0,0.0
run_0054,visc_on_sensor_u_beta_0p5_cfl_0p5_nx_201_mode_1,2,on,u,0.5,0.5,201,1,0.16,completed,completed,0.16,rho,0.03900492635560382,0.13646031068115527,0.8027203186124511,2.1580258648,0.034717945066228884,0.08386504748754886
run_0054,visc_on_sensor_u_beta_0p5_cfl_0p5_nx_201_mode_1,2,on,u,0.5,0.5,201,1,0.16,completed,completed,0.16,u,0.045851735338643,0.21608667095932282,1.525262246806355,2.5160912807000004,0.0,0.049060804593644924
run_0054,visc_on_sensor_u_beta_0p5_cfl_0p5_nx_201_mode_1,2,on,u,0.5,0.5,201,1,0.16,completed,completed,0.16,p,0.06012923582137744,0.28144147216000165,1.8929068731424201,3.2997640191000013,0.0,0.0
run_0055,visc_on_sensor_u_beta_0p5_cfl_0p5_nx_501_mode_1,2,on,u,0.5,0.5,501,1,0.16,completed,completed,0.16,rho,0.031165116853260236,0.12994334071540514,0.8040844874124511,2.2037726389,0.05572730496622891,0.07529921608754897
run_0055,visc_on_sensor_u_beta_0p5_cfl_0p5_nx_501_mode_1,2,on,u,0.5,0.5,501,1,0.16,completed,completed,0.16,u,0.04201656046552831,0.22164526463972534,1.528722906606355,2.4757255425999998,0.0,0.038397561093644894
run_0055,visc_on_sensor_u_beta_0p5_cfl_0p5_nx_501_mode_1,2,on,u,0.5,0.5,501,1,0.16,completed,completed,0.16,p,0.05301952650107823,0.2801609862165809,1.8950978379424201,3.2281800376999996,0.0,0.0
run_0056,visc_on_sensor_u_beta_0p5_cfl_0p5_nx_1001_mode_1,2,on,u,0.5,0.5,1001,1,0.16,completed,completed,0.16,rho,0.02777600901956915,0.1257747802356809,0.804084535312451,2.3374516814000006,0.0845418804662289,0.07747019808754896
run_0056,visc_on_sensor_u_beta_0p5_cfl_0p5_nx_1001_mode_1,2,on,u,0.5,0.5,1001,1,0.16,completed,completed,0.16,u,0.04053610194612376,0.2226978521381974,1.528723027606355,2.471910319800001,0.0,0.04057392189364495
run_0056,visc_on_sensor_u_beta_0p5_cfl_0p5_nx_1001_mode_1,2,on,u,0.5,0.5,1001,1,0.16,completed,completed,0.16,p,0.05025087117762354,0.27877792950580094,1.89509791444242,3.2301051303999984,0.0,0.0
run_0057,visc_on_sensor_u_beta_0p5_cfl_0p8_nx_101_mode_1,2,on,u,0.5,0.8,101,1,0.16,completed,completed,0.16,rho,0.03970122906416672,0.12321962668977121,0.723257716012451,2.3967318651,0.05953893916622888,0.13068736218754884
run_0057,visc_on_sensor_u_beta_0p5_cfl_0p8_nx_101_mode_1,2,on,u,0.5,0.8,101,1,0.16,completed,completed,0.16,u,0.037009963058463984,0.1524607473242512,1.311103234006355,2.8353586272,0.0,0.12586485179364493
run_0057,visc_on_sensor_u_beta_0p5_cfl_0p8_nx_101_mode_1,2,on,u,0.5,0.8,101,1,0.16,completed,completed,0.16,p,0.052939449008075075,0.21616710915586065,1.74475186164242,3.8868598482000003,0.0,0.0
run_0058,visc_on_sensor_u_beta_0p5_cfl_0p8_nx_201_mode_1,2,on,u,0.5,0.8,201,1,0.16,completed,completed,0.16,rho,0.030323486102338974,0.11365134290253492,0.7993867699124511,2.4883955248000005,0.08241811686622891,0.12687505688754896
run_0058,visc_on_sensor_u_beta_0p5_cfl_0p8_nx_201_mode_1,2,on,u,0.5,0.8,201,1,0.16,completed,completed,0.16,u,0.032048293744119535,0.17157940782234044,1.516728343506355,2.7836489690999997,0.0,0.11935004299364493
run_0058,visc_on_sensor_u_beta_0p5_cfl_0p8_nx_201_mode_1,2,on,u,0.5,0.8,201,1,0.16,completed,completed,0.16,p,0.04334483142429185,0.2264828704788673,1.88747364244242,3.813866159099999,0.0,0.0
run_0059,visc_on_sensor_u_beta_0p5_cfl_0p8_nx_501_mode_1,2,on,u,0.5,0.8,501,1,0.16,completed,completed,0.16,rho,0.02301644776795001,0.1059793899070806,0.8040817995124511,2.6145589125999997,0.1139686920662289,0.1229012591875489
run_0059,visc_on_sensor_u_beta_0p5_cfl_0p8_nx_501_mode_1,2,on,u,0.5,0.8,501,1,0.16,completed,completed,0.16,u,0.02694784754437642,0.1728511436994108,1.528716109006355,2.740615139999999,0.0,0.113788361293645
run_0059,visc_on_sensor_u_beta_0p5_cfl_0p8_nx_501_mode_1,2,on,u,0.5,0.8,501,1,0.16,completed,completed,0.16,p,0.03460044351203273,0.21997850737506522,1.8950935403424198,3.7565809122000005,0.0,0.0
run_0060,visc_on_sensor_u_beta_0p5_cfl_0p8_nx_1001_mode_1,2,on,u,0.5,0.8,1001,1,0.16,completed,completed,0.16,rho,0.019556151158275515,0.10042638167830449,0.804084535312451,2.7627101015999997,0.13703975586622888,0.126171047187549
run_0060,visc_on_sensor_u_beta_0p5_cfl_0p8_nx_1001_mode_1,2,on,u,0.5,0.8,1001,1,0.16,completed,completed,0.16,u,0.025089897279262224,0.17255834866370534,1.528723027606355,2.7309276094000006,0.0,0.11775132739364502
run_0060,visc_on_sensor_u_beta_0p5_cfl_0p8_nx_1001_mode_1,2,on,u,0.5,0.8,1001,1,0.16,completed,completed,0.16,p,0.03139810261233707,0.21682262018507042,1.89509791444242,3.7575925075999983,0.0,0.0
run_0061,visc_on_sensor_p_beta_0p5_cfl_0p2_nx_101_mode_1,2,on,p,0.5,0.2,101,1,0.16,completed,completed,0.16,rho,0.04551250065713704,0.12859149037238438,0.678312501412451,2.0425703875,0.027067156066228892,0.04469832088754888
run_0061,visc_on_sensor_p_beta_0p5_cfl_0p2_nx_101_mode_1,2,on,p,0.5,0.2,101,1,0.16,completed,completed,0.16,u,0.042241340394375916,0.15297452915489346,1.198151312706355,2.4124719615,0.0,0.014417489793644878
run_0061,visc_on_sensor_p_beta_0p5_cfl_0p2_nx_101_mode_1,2,on,p,0.5,0.2,101,1,0.16,completed,completed,0.16,p,0.05951415879803243,0.22418555612699315,1.65525174384242,3.0704691531,0.0,0.0
run_0062,visc_on_sensor_p_beta_0p5_cfl_0p2_nx_201_mode_1,2,on,p,0.5,0.2,201,1,0.16,completed,completed,0.16,rho,0.035622757013377485,0.12319011975884313,0.791900943812451,2.1144923784,0.042988455766228895,0.05037581678754899
run_0062,visc_on_sensor_p_beta_0p5_cfl_0p2_nx_201_mode_1,2,on,p,0.5,0.2,201,1,0.16,completed,completed,0.16,u,0.03933037215182944,0.1847674869425954,1.497202258906355,2.4083800356,0.0,0.007651592493644888
run_0062,visc_on_sensor_p_beta_0p5_cfl_0p2_nx_201_mode_1,2,on,p,0.5,0.2,201,1,0.16,completed,completed,0.16,p,0.05280760185687742,0.24771308113589646,1.8749332906424199,3.0693946323000008,0.0,0.0
run_0063,visc_on_sensor_p_beta_0p5_cfl_0p2_nx_501_mode_1,2,on,p,0.5,0.2,501,1,0.16,completed,completed,0.16,rho,0.02839229616775537,0.11861208832392207,0.804068945812451,2.2633074449,0.0720020266662289,0.04881421888754889
run_0063,visc_on_sensor_p_beta_0p5_cfl_0p2_nx_501_mode_1,2,on,p,0.5,0.2,501,1,0.16,completed,completed,0.16,u,0.03629018959807916,0.19733719412022394,1.5286836009063551,2.3899175000999997,0.0,0.003746896793644927
run_0063,visc_on_sensor_p_beta_0p5_cfl_0p2_nx_501_mode_1,2,on,p,0.5,0.2,501,1,0.16,completed,completed,0.16,p,0.046080396711699514,0.251958212719588,1.89507298774242,3.043965657800001,0.0,0.0
run_0064,visc_on_sensor_p_beta_0p5_cfl_0p2_nx_1001_mode_1,2,on,p,0.5,0.2,1001,1,0.16,completed,completed,0.16,rho,0.025196118789694116,0.11485764138067622,0.804084535312451,2.4233125536000006,0.09401104216622891,0.04787759198754893
run_0064,visc_on_sensor_p_beta_0p5_cfl_0p2_nx_1001_mode_1,2,on,p,0.5,0.2,1001,1,0.16,completed,completed,0.16,u,0.03490520367343646,0.19987785168696076,1.528723027606355,2.379001128,0.0,0.0022069100936450425
run_0064,visc_on_sensor_p_beta_0p5_cfl_0p2_nx_1001_mode_1,2,on,p,0.5,0.2,1001,1,0.16,completed,completed,0.16,p,0.043326532673284186,0.2514329637561247,1.89509791444242,3.0286875975999985,0.0,0.0
run_0065,visc_on_sensor_p_beta_0p5_cfl_0p5_nx_101_mode_1,2,on,p,0.5,0.5,101,1,0.16,completed,completed,0.16,rho,0.04298617577596356,0.12416576622357521,0.676911599212451,2.1372058367,0.03617773316622891,0.07766405618754901
run_0065,visc_on_sensor_p_beta_0p5_cfl_0p5_nx_101_mode_1,2,on,p,0.5,0.5,101,1,0.16,completed,completed,0.16,u,0.037607436162875915,0.143493113477699,1.192289325706355,2.5297746074,0.0,0.04840294409364487
run_0065,visc_on_sensor_p_beta_0p5_cfl_0p5_nx_101_mode_1,2,on,p,0.5,0.5,101,1,0.16,completed,completed,0.16,p,0.05323015756218402,0.20996283780899505,1.65043391324242,3.3029752564999995,0.0,0.0
run_0066,visc_on_sensor_p_beta_0p5_cfl_0p5_nx_201_mode_1,2,on,p,0.5,0.5,201,1,0.16,completed,completed,0.16,rho,0.033256164345804626,0.1172705776566769,0.7924372210124511,2.1725631384999997,0.042491298166228875,0.07525706188754899
run_0066,visc_on_sensor_p_beta_0p5_cfl_0p5_nx_201_mode_1,2,on,p,0.5,0.5,201,1,0.16,completed,completed,0.16,u,0.03445325094261927,0.17222684392822082,1.498602982506355,2.5061775233000008,0.0,0.04328735939364492
run_0066,visc_on_sensor_p_beta_0p5_cfl_0p5_nx_201_mode_1,2,on,p,0.5,0.5,201,1,0.16,completed,completed,0.16,p,0.04639902890092135,0.230432809829005,1.87583690234242,3.2679407008999997,0.0,0.0
run_0067,visc_on_sensor_p_beta_0p5_cfl_0p5_nx_501_mode_1,2,on,p,0.5,0.5,501,1,0.16,completed,completed,0.16,rho,0.025340298734055192,0.11053272708274633,0.804069949112451,2.2223146448,0.058607270566228886,0.07865174828754884
run_0067,visc_on_sensor_p_beta_0p5_cfl_0p5_nx_501_mode_1,2,on,p,0.5,0.5,501,1,0.16,completed,completed,0.16,u,0.030775544831477677,0.18095422503473413,1.5286861394063551,2.4984184981999995,0.0,0.04725629769364503
run_0067,visc_on_sensor_p_beta_0p5_cfl_0p5_nx_501_mode_1,2,on,p,0.5,0.5,501,1,0.16,completed,completed,0.16,p,0.03910262842279953,0.2310195274908404,1.89507459264242,3.2701970816999983,0.0,0.0
run_0068,visc_on_sensor_p_beta_0p5_cfl_0p5_nx_1001_mode_1,2,on,p,0.5,0.5,1001,1,0.16,completed,completed,0.16,rho,0.021929590701443808,0.10572359667407308,0.804084535312451,2.3222940142,0.08316655846622889,0.07227668628754902
run_0068,visc_on_sensor_p_beta_0p5_cfl_0p5_nx_1001_mode_1,2,on,p,0.5,0.5,1001,1,0.16,completed,completed,0.16,u,0.02926941763692708,0.18243577174161077,1.528723027606355,2.4704830928,0.0,0.03940049069364493
run_0068,visc_on_sensor_p_beta_0p5_cfl_0p5_nx_1001_mode_1,2,on,p,0.5,0.5,1001,1,0.16,completed,completed,0.16,p,0.03639617774103412,0.22951384209173487,1.89509791444242,3.2190857512000006,0.0,0.0
run_0069,visc_on_sensor_p_beta_0p5_cfl_0p8_nx_101_mode_1,2,on,p,0.5,0.8,101,1,0.16,completed,completed,0.16,rho,0.036739660565666715,0.11216760729935361,0.6434436565124511,2.3799627572,0.06390320296622887,0.125237146287549
run_0069,visc_on_sensor_p_beta_0p5_cfl_0p8_nx_101_mode_1,2,on,p,0.5,0.8,101,1,0.16,completed,completed,0.16,u,0.03158010974946397,0.12118853957300925,1.099029507106355,2.8372424550000006,0.0,0.12194480439364486
run_0069,visc_on_sensor_p_beta_0p5_cfl_0p8_nx_101_mode_1,2,on,p,0.5,0.8,101,1,0.16,completed,completed,0.16,p,0.04574699662022669,0.18064762170963972,1.57038936854242,3.8672943752,0.0,0.0
run_0070,visc_on_sensor_p_beta_0p5_cfl_0p8_nx_201_mode_1,2,on,p,0.5,0.8,201,1,0.16,completed,completed,0.16,rho,0.02676202365321446,0.10095984049848844,0.7813795033124511,2.5014316522000004,0.08587842996622891,0.13035421618754905
run_0070,visc_on_sensor_p_beta_0p5_cfl_0p8_nx_201_mode_1,2,on,p,0.5,0.8,201,1,0.16,completed,completed,0.16,u,0.025535718548619527,0.1407514312046057,1.468585789306355,2.8119804067,0.0,0.12697921089364494
run_0070,visc_on_sensor_p_beta_0p5_cfl_0p8_nx_201_mode_1,2,on,p,0.5,0.8,201,1,0.16,completed,completed,0.16,p,0.03505781728346605,0.1909555016816097,1.85622714174242,3.862625927,0.0,0.0
run_0071,visc_on_sensor_p_beta_0p5_cfl_0p8_nx_501_mode_1,2,on,p,0.5,0.8,501,1,0.16,completed,completed,0.16,rho,0.019518688541390085,0.09196074367353696,0.803932978212451,2.6212643161999996,0.11367674786622889,0.1198165677875489
run_0071,visc_on_sensor_p_beta_0p5_cfl_0p8_nx_501_mode_1,2,on,p,0.5,0.8,501,1,0.16,completed,completed,0.16,u,0.020297069596784435,0.1417774792621582,1.528339625306355,2.7503520339000005,0.0,0.11338994329364493
run_0071,visc_on_sensor_p_beta_0p5_cfl_0p8_nx_501_mode_1,2,on,p,0.5,0.8,501,1,0.16,completed,completed,0.16,p,0.026438275299188387,0.1827084692807954,1.89485547794242,3.7661056607999983,0.0,0.0
run_0072,visc_on_sensor_p_beta_0p5_cfl_0p8_nx_1001_mode_1,2,on,p,0.5,0.8,1001,1,0.16,completed,completed,0.16,rho,0.015873384656138488,0.08523411767260604,0.8040845072124511,2.7594699948,0.13386395956622887,0.1241021221875489
run_0072,visc_on_sensor_p_beta_0p5_cfl_0p8_nx_1001_mode_1,2,on,p,0.5,0.8,1001,1,0.16,completed,completed,0.16,u,0.018205246467136903,0.14069368093523313,1.528722956506355,2.7318652365999996,0.0,0.11820283699364498
run_0072,visc_on_sensor_p_beta_0p5_cfl_0p8_nx_1001_mode_1,2,on,p,0.5,0.8,1001,1,0.16,completed,completed,0.16,p,0.022931246992506853,0.1780388337599308,1.89509786944242,3.7506661923999998,0.0,0.0
run_0073,visc_on_sensor_rho_beta_0p75_cfl_0p2_nx_101_mode_1,2,on,rho,0.75,0.2,101,1,0.16,completed,completed,0.16,rho,0.047960388453617255,0.1327377431018851,0.7058770627124511,1.8815794454,0.0,0.009828367687549022
run_0073,visc_on_sensor_rho_beta_0p75_cfl_0p2_nx_101_mode_1,2,on,rho,0.75,0.2,101,1,0.16,completed,completed,0.16,u,0.05231628816502824,0.17650592638385812,1.272033399306355,2.3732333859,0.0,0.0
run_0073,visc_on_sensor_rho_beta_0p75_cfl_0p2_nx_101_mode_1,2,on,rho,0.75,0.2,101,1,0.16,completed,completed,0.16,p,0.07240313139939683,0.254526314081507,1.71454595474242,3.0174918489,0.0,0.0
run_0074,visc_on_sensor_rho_beta_0p75_cfl_0p2_nx_201_mode_1,2,on,rho,0.75,0.2,201,1,0.16,completed,completed,0.16,rho,0.03875025102384394,0.1311820440488934,0.795912629812451,1.9449752560999998,0.0,0.04072561598754887
run_0074,visc_on_sensor_rho_beta_0p75_cfl_0p2_nx_201_mode_1,2,on,rho,0.75,0.2,201,1,0.16,completed,completed,0.16,u,0.04767968342402849,0.20487086801813645,1.507743030806355,2.3589780727999994,0.0,0.0
run_0074,visc_on_sensor_rho_beta_0p75_cfl_0p2_nx_201_mode_1,2,on,rho,0.75,0.2,201,1,0.16,completed,completed,0.16,p,0.06297225215923383,0.27265564817129345,1.88172871704242,2.9837846022,0.0,0.0
run_0075,visc_on_sensor_rho_beta_0p75_cfl_0p2_nx_501_mode_1,2,on,rho,0.75,0.2,501,1,0.16,completed,completed,0.16,rho,0.031036831864116984,0.1255480218216817,0.804073886512451,1.9459751083999997,0.0,0.04120464228754894
run_0075,visc_on_sensor_rho_beta_0p75_cfl_0p2_nx_501_mode_1,2,on,rho,0.75,0.2,501,1,0.16,completed,completed,0.16,u,0.04194141031828252,0.21171620227308183,1.528696097006355,2.3567440931,0.0,0.0
run_0075,visc_on_sensor_rho_beta_0p75_cfl_0p2_nx_501_mode_1,2,on,rho,0.75,0.2,501,1,0.16,completed,completed,0.16,p,0.05297805034842081,0.26989302697687834,1.89508088824242,2.9814170977999996,0.0,0.0
run_0076,visc_on_sensor_rho_beta_0p75_cfl_0p2_nx_1001_mode_1,2,on,rho,0.75,0.2,1001,1,0.16,completed,completed,0.16,rho,0.027410238978579977,0.12136754394002139,0.804084535312451,1.9453419901999995,0.0,0.04110817278754886
run_0076,visc_on_sensor_rho_beta_0p75_cfl_0p2_nx_1001_mode_1,2,on,rho,0.75,0.2,1001,1,0.16,completed,completed,0.16,u,0.03937807330154918,0.21221947820618725,1.528723027606355,2.3529555843999996,0.0,0.0
run_0076,visc_on_sensor_rho_beta_0p75_cfl_0p2_nx_1001_mode_1,2,on,rho,0.75,0.2,1001,1,0.16,completed,completed,0.16,p,0.04878552689693871,0.2667864498136022,1.89509791444242,2.9770209441999995,0.0,0.0
run_0077,visc_on_sensor_rho_beta_0p75_cfl_0p5_nx_101_mode_1,2,on,rho,0.75,0.5,101,1,0.16,completed,completed,0.16,rho,0.0435192005919668,0.129775224067218,0.724029070812451,1.9565316495000002,0.0005029131662288577,0.046444545187549036
run_0077,visc_on_sensor_rho_beta_0p75_cfl_0p5_nx_101_mode_1,2,on,rho,0.75,0.5,101,1,0.16,completed,completed,0.16,u,0.046066703619384336,0.17468629030147267,1.317682624406355,2.4132052868,0.0,0.005089619493644948
run_0077,visc_on_sensor_rho_beta_0p75_cfl_0p5_nx_101_mode_1,2,on,rho,0.75,0.5,101,1,0.16,completed,completed,0.16,p,0.0640769239073356,0.24829916082279405,1.74955705664242,3.0924171641,0.0,0.0
run_0078,visc_on_sensor_rho_beta_0p75_cfl_0p5_nx_201_mode_1,2,on,rho,0.75,0.5,201,1,0.16,completed,completed,0.16,rho,0.03582497463210642,0.12779957093013136,0.799553469912451,1.9806889951,0.00014989796622888463,0.05745318348754891
run_0078,visc_on_sensor_rho_beta_0p75_cfl_0p5_nx_201_mode_1,2,on,rho,0.75,0.5,201,1,0.16,completed,completed,0.16,u,0.043386978596456544,0.2016255664014592,1.517178169606355,2.4133373188,0.0,0.013432976193644919
run_0078,visc_on_sensor_rho_beta_0p75_cfl_0p5_nx_201_mode_1,2,on,rho,0.75,0.5,201,1,0.16,completed,completed,0.16,p,0.05738240460427905,0.2658073055405157,1.8877639418424201,3.093121157799999,0.0,0.0
run_0079,visc_on_sensor_rho_beta_0p75_cfl_0p5_nx_501_mode_1,2,on,rho,0.75,0.5,501,1,0.16,completed,completed,0.16,rho,0.02901915601326757,0.12260446170939386,0.8040822884124511,1.9784405601000006,0.0,0.05594027138754898
run_0079,visc_on_sensor_rho_beta_0p75_cfl_0p5_nx_501_mode_1,2,on,rho,0.75,0.5,501,1,0.16,completed,completed,0.16,u,0.038559638934206254,0.20573032304804906,1.528717345506355,2.4057746207000004,0.0,0.012196011893645053
run_0079,visc_on_sensor_rho_beta_0p75_cfl_0p5_nx_501_mode_1,2,on,rho,0.75,0.5,501,1,0.16,completed,completed,0.16,p,0.04877422166398144,0.26141210115023616,1.8950943221424201,3.0818172615000012,0.0,0.0
run_0080,visc_on_sensor_rho_beta_0p75_cfl_0p5_nx_1001_mode_1,2,on,rho,0.75,0.5,1001,1,0.16,completed,completed,0.16,rho,0.025603073459215503,0.11791879212271865,0.804084535312451,1.9770927406000012,0.0,0.05553226448754889
run_0080,visc_on_sensor_rho_beta_0p75_cfl_0p5_nx_1001_mode_1,2,on,rho,0.75,0.5,1001,1,0.16,completed,completed,0.16,u,0.036348828835577655,0.20530447642324393,1.528723027606355,2.4008068384000008,0.0,0.011568242293644948
run_0080,visc_on_sensor_rho_beta_0p75_cfl_0p5_nx_1001_mode_1,2,on,rho,0.75,0.5,1001,1,0.16,completed,completed,0.16,p,0.045062614748168084,0.2576936157552348,1.89509791444242,3.0752722156,0.0,0.0
run_0081,visc_on_sensor_rho_beta_0p75_cfl_0p8_nx_101_mode_1,2,on,rho,0.75,0.8,101,1,0.16,completed,completed,0.16,rho,0.03810871556744397,0.12330682313407536,0.724242668912451,2.0962635464,0.018838915366228892,0.08564407118754902
run_0081,visc_on_sensor_rho_beta_0p75_cfl_0p8_nx_101_mode_1,2,on,rho,0.75,0.8,101,1,0.16,completed,completed,0.16,u,0.03806951342246397,0.1569761512543563,1.313546014306355,2.6213754305999997,0.0,0.06179291569364498
run_0081,visc_on_sensor_rho_beta_0p75_cfl_0p8_nx_101_mode_1,2,on,rho,0.75,0.8,101,1,0.16,completed,completed,0.16,p,0.05401089663307509,0.22218079966540336,1.74667887404242,3.4590591889999995,0.0,0.0
run_0082,visc_on_sensor_rho_beta_0p75_cfl_0p8_nx_201_mode_1,2,on,rho,0.75,0.8,201,1,0.16,completed,completed,0.16,rho,0.028882708078791643,0.1142131116690313,0.7982615480124511,2.1358832610000005,0.013760588066228874,0.10035326908754905
run_0082,visc_on_sensor_rho_beta_0p75_cfl_0p8_nx_201_mode_1,2,on,rho,0.75,0.8,201,1,0.16,completed,completed,0.16,u,0.03292910024568308,0.17282648046076324,1.513755677106355,2.6343352322999998,0.0,0.08371592369364489
run_0082,visc_on_sensor_rho_beta_0p75_cfl_0p8_nx_201_mode_1,2,on,rho,0.75,0.8,201,1,0.16,completed,completed,0.16,p,0.04391787474431445,0.22865143982022834,1.8855802785424198,3.5190088492000013,0.0,0.0
run_0083,visc_on_sensor_rho_beta_0p75_cfl_0p8_nx_501_mode_1,2,on,rho,0.75,0.8,501,1,0.16,completed,completed,0.16,rho,0.02215869310772922,0.10599663557377412,0.804078071612451,2.1128146081000003,0.009011231366228889,0.09700470288754892
run_0083,visc_on_sensor_rho_beta_0p75_cfl_0p8_nx_501_mode_1,2,on,rho,0.75,0.8,501,1,0.16,completed,completed,0.16,u,0.026930154199834962,0.17011184869413687,1.528706681406355,2.5991587287000004,0.0,0.07923999509364488
run_0083,visc_on_sensor_rho_beta_0p75_cfl_0p8_nx_501_mode_1,2,on,rho,0.75,0.8,501,1,0.16,completed,completed,0.16,p,0.0343853473909026,0.21678961081403392,1.89508757994242,3.466225322399998,0.0,0.0
run_0084,visc_on_sensor_rho_beta_0p75_cfl_0p8_nx_1001_mode_1,2,on,rho,0.75,0.8,1001,1,0.16,completed,completed,0.16,rho,0.01853303006847908,0.09877660985854302,0.804084535312451,2.1141043922000007,0.006016717266228877,0.09896420338754885
run_0084,visc_on_sensor_rho_beta_0p75_cfl_0p8_nx_1001_mode_1,2,on,rho,0.75,0.8,1001,1,0.16,completed,completed,0.16,u,0.02434735951172561,0.16678287741266548,1.528723027606355,2.6015619545999993,0.0,0.08310836729364501
run_0084,visc_on_sensor_rho_beta_0p75_cfl_0p8_nx_1001_mode_1,2,on,rho,0.75,0.8,1001,1,0.16,completed,completed,0.16,p,0.030363437924045104,0.20970416416916082,1.89509791444242,3.4856794825999984,0.0,0.0
run_0085,visc_on_sensor_u_beta_0p75_cfl_0p2_nx_101_mode_1,2,on,u,0.75,0.2,101,1,0.16,completed,completed,0.16,rho,0.054840820316209855,0.15289072455308111,0.752137032612451,1.9942818242,0.027729489366228877,0.02295192468754892
run_0085,visc_on_sensor_u_beta_0p75_cfl_0p2_nx_101_mode_1,2,on,u,0.75,0.2,101,1,0.16,completed,completed,0.16,u,0.0600195730287567,0.2112576139771167,1.392711851606355,2.3622996183,0.0,0.008012510393645034
run_0085,visc_on_sensor_u_beta_0p75_cfl_0p2_nx_101_mode_1,2,on,u,0.75,0.2,101,1,0.16,completed,completed,0.16,p,0.08260023476223638,0.29476932599740424,1.80424223704242,2.9843224233,0.0,0.0
run_0086,visc_on_sensor_u_beta_0p75_cfl_0p2_nx_201_mode_1,2,on,u,0.75,0.2,201,1,0.16,completed,completed,0.16,rho,0.04498786060611436,0.14827405057615467,0.801696016312451,2.1052381473,0.047752712466228864,0.042521084687549004
run_0086,visc_on_sensor_u_beta_0p75_cfl_0p2_nx_201_mode_1,2,on,u,0.75,0.2,201,1,0.16,completed,completed,0.16,u,0.057140232654249785,0.23878751178314434,1.522651250206355,2.3626399198000003,0.0,0.0016014399936450374
run_0086,visc_on_sensor_u_beta_0p75_cfl_0p2_nx_201_mode_1,2,on,u,0.75,0.2,201,1,0.16,completed,completed,0.16,p,0.07487683477718075,0.3125321338353772,1.89125047484242,2.9885383659999993,0.0,0.0
run_0087,visc_on_sensor_u_beta_0p75_cfl_0p2_nx_501_mode_1,2,on,u,0.75,0.2,501,1,0.16,completed,completed,0.16,rho,0.036956798034280786,0.14298702400794908,0.804084222312451,2.2739150982000003,0.07560079816622889,0.043584674587549
run_0087,visc_on_sensor_u_beta_0p75_cfl_0p2_nx_501_mode_1,2,on,u,0.75,0.2,501,1,0.16,completed,completed,0.16,u,0.053099920017682094,0.24771812000374913,1.528722236106355,2.3511181453,0.0,0.0
run_0087,visc_on_sensor_u_beta_0p75_cfl_0p2_nx_501_mode_1,2,on,u,0.75,0.2,501,1,0.16,completed,completed,0.16,p,0.06677739891006464,0.313616564846446,1.89509741404242,2.9760869734999993,0.0,0.0
run_0088,visc_on_sensor_u_beta_0p75_cfl_0p2_nx_1001_mode_1,2,on,u,0.75,0.2,1001,1,0.16,completed,completed,0.16,rho,0.03339726687235378,0.13939161475319434,0.804084535312451,2.3381825197999997,0.0908258427662289,0.04351571978754887
run_0088,visc_on_sensor_u_beta_0p75_cfl_0p2_nx_1001_mode_1,2,on,u,0.75,0.2,1001,1,0.16,completed,completed,0.16,u,0.05111053317941542,0.24923977413406045,1.528723027606355,2.344453380799999,0.0,0.0
run_0088,visc_on_sensor_u_beta_0p75_cfl_0p2_nx_1001_mode_1,2,on,u,0.75,0.2,1001,1,0.16,completed,completed,0.16,p,0.06327212020988987,0.3122267412834909,1.89509791444242,2.9684277671999997,0.0,0.0
run_0089,visc_on_sensor_u_beta_0p75_cfl_0p5_nx_101_mode_1,2,on,u,0.75,0.5,101,1,0.16,completed,completed,0.16,rho,0.05099322913373886,0.14633163099574836,0.757965485912451,2.1087923198,0.04705460516622889,0.0510619610875489
run_0089,visc_on_sensor_u_beta_0p75_cfl_0p5_nx_101_mode_1,2,on,u,0.75,0.5,101,1,0.16,completed,completed,0.16,u,0.05332628652725724,0.20233090757865424,1.407800348806355,2.4141843067999997,0.0,0.011557656193645016
run_0089,visc_on_sensor_u_beta_0p75_cfl_0p5_nx_101_mode_1,2,on,u,0.75,0.5,101,1,0.16,completed,completed,0.16,p,0.07394975369883564,0.28030415672812353,1.81482452044242,3.0829349582,0.0,0.0
run_0090,visc_on_sensor_u_beta_0p75_cfl_0p5_nx_201_mode_1,2,on,u,0.75,0.5,201,1,0.16,completed,completed,0.16,rho,0.04204489596365351,0.142223851503958,0.802639331212451,2.2091727014,0.0679093467662289,0.05607518298754899
run_0090,visc_on_sensor_u_beta_0p75_cfl_0p5_nx_201_mode_1,2,on,u,0.75,0.5,201,1,0.16,completed,completed,0.16,u,0.0516821697643094,0.22975563300688753,1.525058544606355,2.4076048107,0.0,0.007857389993644937
run_0090,visc_on_sensor_u_beta_0p75_cfl_0p5_nx_201_mode_1,2,on,u,0.75,0.5,201,1,0.16,completed,completed,0.16,p,0.06779743366825298,0.29923686377877684,1.89277763294242,3.077856662300001,0.0,0.0
run_0091,visc_on_sensor_u_beta_0p75_cfl_0p5_nx_501_mode_1,2,on,u,0.75,0.5,501,1,0.16,completed,completed,0.16,rho,0.034780434904670685,0.13778096468510467,0.8040844886124511,2.3637050900000003,0.09670653156622888,0.054982811187549
run_0091,visc_on_sensor_u_beta_0p75_cfl_0p5_nx_501_mode_1,2,on,u,0.75,0.5,501,1,0.16,completed,completed,0.16,u,0.04844968887669022,0.23797704951511417,1.528722909606355,2.3898402830000003,0.0,0.005617583293644923
run_0091,visc_on_sensor_u_beta_0p75_cfl_0p5_nx_501_mode_1,2,on,u,0.75,0.5,501,1,0.16,completed,completed,0.16,p,0.06095818644683905,0.30072086815953636,1.8950978398424199,3.0539679429,0.0,0.0
run_0092,visc_on_sensor_u_beta_0p75_cfl_0p5_nx_1001_mode_1,2,on,u,0.75,0.5,1001,1,0.16,completed,completed,0.16,rho,0.0314130399510828,0.1343587008016632,0.804084535312451,2.4310761536,0.11182004366622889,0.05203081568754886
run_0092,visc_on_sensor_u_beta_0p75_cfl_0p5_nx_1001_mode_1,2,on,u,0.75,0.5,1001,1,0.16,completed,completed,0.16,u,0.04701564317239017,0.23968927424490902,1.528723027606355,2.3751857196000006,0.0,0.0016834815936450642
run_0092,visc_on_sensor_u_beta_0p75_cfl_0p5_nx_1001_mode_1,2,on,u,0.75,0.5,1001,1,0.16,completed,completed,0.16,p,0.058210359742227165,0.299988667308513,1.89509791444242,3.029591365600001,0.0,0.0
run_0093,visc_on_sensor_u_beta_0p75_cfl_0p8_nx_101_mode_1,2,on,u,0.75,0.8,101,1,0.16,completed,completed,0.16,rho,0.04280773542994397,0.13046172023216582,0.744797931712451,2.2245291663,0.046635685866228904,0.099022048087549
run_0093,visc_on_sensor_u_beta_0p75_cfl_0p8_nx_101_mode_1,2,on,u,0.75,0.8,101,1,0.16,completed,completed,0.16,u,0.040986196192463985,0.16945404104998035,1.371250778806355,2.6391638254000003,0.0,0.07828870519364495
run_0093,visc_on_sensor_u_beta_0p75_cfl_0p8_nx_101_mode_1,2,on,u,0.75,0.8,101,1,0.16,completed,completed,0.16,p,0.057891383910575106,0.23642379054359242,1.78896178184242,3.5118916811000016,0.0,0.0
run_0094,visc_on_sensor_u_beta_0p75_cfl_0p8_nx_201_mode_1,2,on,u,0.75,0.8,201,1,0.16,completed,completed,0.16,rho,0.033512520052855536,0.12284109065364508,0.801702752612451,2.2742101875,0.0587815752662289,0.09505353878754885
run_0094,visc_on_sensor_u_beta_0p75_cfl_0p8_nx_201_mode_1,2,on,u,0.75,0.8,201,1,0.16,completed,completed,0.16,u,0.03743196586493282,0.19087712579237018,1.5226553504063551,2.6049052937999995,0.0,0.07324170459364487
run_0094,visc_on_sensor_u_beta_0p75_cfl_0p8_nx_201_mode_1,2,on,u,0.75,0.8,201,1,0.16,completed,completed,0.16,p,0.04986785210799715,0.24988209709991563,1.89125251754242,3.462206017299999,0.0,0.0
run_0095,visc_on_sensor_u_beta_0p75_cfl_0p8_nx_501_mode_1,2,on,u,0.75,0.8,501,1,0.16,completed,completed,0.16,rho,0.026210028495667437,0.11626661427495748,0.804084219612451,2.3753004938,0.08705409326622887,0.09493263158754894
run_0095,visc_on_sensor_u_beta_0p75_cfl_0p8_nx_501_mode_1,2,on,u,0.75,0.8,501,1,0.16,completed,completed,0.16,u,0.03307908496642695,0.19446723504505856,1.528722229306355,2.5785963089999995,0.0,0.07220130479364495
run_0095,visc_on_sensor_u_beta_0p75_cfl_0p8_nx_501_mode_1,2,on,u,0.75,0.8,501,1,0.16,completed,completed,0.16,p,0.04200219895775849,0.24642532274443948,1.89509740974242,3.4310819301999995,0.0,0.0
run_0096,visc_on_sensor_u_beta_0p75_cfl_0p8_nx_1001_mode_1,2,on,u,0.75,0.8,1001,1,0.16,completed,completed,0.16,rho,0.0229433652107908,0.1115757848187034,0.804084535312451,2.5181668984000005,0.11445402516622888,0.09986855618754897
run_0096,visc_on_sensor_u_beta_0p75_cfl_0p8_nx_1001_mode_1,2,on,u,0.75,0.8,1001,1,0.16,completed,completed,0.16,u,0.031464713158158845,0.19497314062168855,1.528723027606355,2.5755201992000005,0.0,0.07715799639364507
run_0096,visc_on_sensor_u_beta_0p75_cfl_0p8_nx_1001_mode_1,2,on,u,0.75,0.8,1001,1,0.16,completed,completed,0.16,p,0.03912744119349896,0.2444031707586314,1.89509791444242,3.4398973452000003,0.0,0.0
run_0097,visc_on_sensor_p_beta_0p75_cfl_0p2_nx_101_mode_1,2,on,p,0.75,0.2,101,1,0.16,completed,completed,0.16,rho,0.04478300032831246,0.12416237733710886,0.6366755227124511,1.9675078413999998,0.018238646366228906,0.025336534187548887
run_0097,visc_on_sensor_p_beta_0p75_cfl_0p2_nx_101_mode_1,2,on,p,0.75,0.2,101,1,0.16,completed,completed,0.16,u,0.043875309754503024,0.1422731001174741,1.099653688206355,2.3709327427000004,0.0,0.012009515393645032
run_0097,visc_on_sensor_p_beta_0p75_cfl_0p2_nx_101_mode_1,2,on,p,0.75,0.2,101,1,0.16,completed,completed,0.16,p,0.06049813063922924,0.2126722489037508,1.56992252254242,2.990502052,0.0,0.0
run_0098,visc_on_sensor_p_beta_0p75_cfl_0p2_nx_201_mode_1,2,on,p,0.75,0.2,201,1,0.16,completed,completed,0.16,rho,0.03437044960674121,0.11833715051509952,0.7778545674124511,2.0524857569,0.035549335666228865,0.03936550968754893
run_0098,visc_on_sensor_p_beta_0p75_cfl_0p2_nx_201_mode_1,2,on,p,0.75,0.2,201,1,0.16,completed,completed,0.16,u,0.038785190855495845,0.17289640494501374,1.460176132606355,2.371113814,0.0,0.0056638504936450396
run_0098,visc_on_sensor_p_beta_0p75_cfl_0p2_nx_201_mode_1,2,on,p,0.75,0.2,201,1,0.16,completed,completed,0.16,p,0.05216066578760137,0.23622082426319824,1.85059256284242,2.9945803245000002,0.0,0.0
run_0099,visc_on_sensor_p_beta_0p75_cfl_0p2_nx_501_mode_1,2,on,p,0.75,0.2,501,1,0.16,completed,completed,0.16,rho,0.027702611602366853,0.1148744268211203,0.803969008712451,2.1150574986999997,0.05224279906622886,0.039660589987548844
run_0099,visc_on_sensor_p_beta_0p75_cfl_0p2_nx_501_mode_1,2,on,p,0.75,0.2,501,1,0.16,completed,completed,0.16,u,0.03532949880531563,0.1887317670724572,1.528430747606355,2.358554956600001,0.0,0.0
run_0099,visc_on_sensor_p_beta_0p75_cfl_0p2_nx_501_mode_1,2,on,p,0.75,0.2,501,1,0.16,completed,completed,0.16,p,0.044934851114430005,0.2425977702811702,1.89491310984242,2.9807982098000014,0.0,0.0
run_0100,visc_on_sensor_p_beta_0p75_cfl_0p2_nx_1001_mode_1,2,on,p,0.75,0.2,1001,1,0.16,completed,completed,0.16,rho,0.024373326551330204,0.11098375675492893,0.8040845346124511,2.1688515809999998,0.06488391126622889,0.039634122087548906
run_0100,visc_on_sensor_p_beta_0p75_cfl_0p2_nx_1001_mode_1,2,on,p,0.75,0.2,1001,1,0.16,completed,completed,0.16,u,0.033705278586515626,0.19212382814806986,1.528723025806355,2.3511076499999994,0.0,0.0
run_0100,visc_on_sensor_p_beta_0p75_cfl_0p2_nx_1001_mode_1,2,on,p,0.75,0.2,1001,1,0.16,completed,completed,0.16,p,0.04184180349393264,0.24244071247145887,1.89509791334242,2.972507905799999,0.0,0.0
run_0101,visc_on_sensor_p_beta_0p75_cfl_0p5_nx_101_mode_1,2,on,p,0.75,0.5,101,1,0.16,completed,completed,0.16,rho,0.04372611697581245,0.12377789479492876,0.660990575612451,2.0903985027,0.04397547886622888,0.048737313787548864
run_0101,visc_on_sensor_p_beta_0p75_cfl_0p5_nx_101_mode_1,2,on,p,0.75,0.5,101,1,0.16,completed,completed,0.16,u,0.03977305609650301,0.14327743111592664,1.156542134106355,2.4174152989,0.0,0.014304751893644996
run_0101,visc_on_sensor_p_beta_0p75_cfl_0p5_nx_101_mode_1,2,on,p,0.75,0.5,101,1,0.16,completed,completed,0.16,p,0.05592431944168401,0.21145559271958628,1.6199681445424199,3.0808353592000004,0.0,0.0
run_0102,visc_on_sensor_p_beta_0p75_cfl_0p5_nx_201_mode_1,2,on,p,0.75,0.5,201,1,0.16,completed,completed,0.16,rho,0.034045841580002977,0.11841200590319673,0.788692368112451,2.1486326977,0.057298836166228884,0.051121711187549046
run_0102,visc_on_sensor_p_beta_0p75_cfl_0p5_nx_201_mode_1,2,on,p,0.75,0.5,201,1,0.16,completed,completed,0.16,u,0.03676141564626588,0.17521783404445349,1.488851970106355,2.4099298308000003,0.0,0.007414931193644891
run_0102,visc_on_sensor_p_beta_0p75_cfl_0p5_nx_201_mode_1,2,on,p,0.75,0.5,201,1,0.16,completed,completed,0.16,p,0.04944413435537742,0.2358220481795991,1.86950116474242,3.073586734900001,0.0,0.0
run_0103,visc_on_sensor_p_beta_0p75_cfl_0p5_nx_501_mode_1,2,on,p,0.75,0.5,501,1,0.16,completed,completed,0.16,rho,0.026970266541780988,0.11381381000030891,0.8040595201124511,2.2113376208999997,0.07057912686622886,0.05103689628754893
run_0103,visc_on_sensor_p_beta_0p75_cfl_0p5_nx_501_mode_1,2,on,p,0.75,0.5,501,1,0.16,completed,completed,0.16,u,0.03379332452170457,0.18812669104037955,1.528659763106355,2.3958654599000004,0.0,0.006912378593644908
run_0103,visc_on_sensor_p_beta_0p75_cfl_0p5_nx_501_mode_1,2,on,p,0.75,0.5,501,1,0.16,completed,completed,0.16,p,0.04293037378236016,0.24045774281006713,1.89505791644242,3.0574654008,0.0,0.0
run_0104,visc_on_sensor_p_beta_0p75_cfl_0p5_nx_1001_mode_1,2,on,p,0.75,0.5,1001,1,0.16,completed,completed,0.16,rho,0.02372679074460955,0.10987239741506753,0.804084535312451,2.3021496656,0.08971912026622886,0.04952197718754903
run_0104,visc_on_sensor_p_beta_0p75_cfl_0p5_nx_1001_mode_1,2,on,p,0.75,0.5,1001,1,0.16,completed,completed,0.16,u,0.03242479919402375,0.1906234718281028,1.528723027606355,2.3836152368,0.0,0.004598008993645042
run_0104,visc_on_sensor_p_beta_0p75_cfl_0p5_nx_1001_mode_1,2,on,p,0.75,0.5,1001,1,0.16,completed,completed,0.16,p,0.040246706477214504,0.23993216225628483,1.89509791444242,3.039077924199999,0.0,0.0
run_0105,visc_on_sensor_p_beta_0p75_cfl_0p8_nx_101_mode_1,2,on,p,0.75,0.8,101,1,0.16,completed,completed,0.16,rho,0.03793230199359312,0.11595111787782955,0.661526556012451,2.2151040881,0.043474101466228876,0.10095904748754903
run_0105,visc_on_sensor_p_beta_0p75_cfl_0p8_nx_101_mode_1,2,on,p,0.75,0.8,101,1,0.16,completed,completed,0.16,u,0.03322887405159108,0.12992653058355885,1.1471509060063552,2.6674981876,0.0,0.08528989229364492
run_0105,visc_on_sensor_p_beta_0p75_cfl_0p8_nx_101_mode_1,2,on,p,0.75,0.8,101,1,0.16,completed,completed,0.16,p,0.047027248954575086,0.19138708778723315,1.61266829994242,3.5554231027,0.0,0.0
run_0106,visc_on_sensor_p_beta_0p75_cfl_0p8_nx_201_mode_1,2,on,p,0.75,0.8,201,1,0.16,completed,completed,0.16,rho,0.028881890564440797,0.10697652854966486,0.787582402112451,2.2482032208,0.0555844310662289,0.09060378488754894
run_0106,visc_on_sensor_p_beta_0p75_cfl_0p8_nx_201_mode_1,2,on,p,0.75,0.8,201,1,0.16,completed,completed,0.16,u,0.028799539459369528,0.15323930188924895,1.485342341706355,2.612189059,0.0,0.07191264809364495
run_0106,visc_on_sensor_p_beta_0p75_cfl_0p8_nx_201_mode_1,2,on,p,0.75,0.8,201,1,0.16,completed,completed,0.16,p,0.03923490565621604,0.20631660505326538,1.8672432878424199,3.4625124671000016,0.0,0.0
run_0107,visc_on_sensor_p_beta_0p75_cfl_0p8_nx_501_mode_1,2,on,p,0.75,0.8,501,1,0.16,completed,completed,0.16,rho,0.02152728739441185,0.09927071432863319,0.8040422655124511,2.3744108172,0.08300168656622886,0.10077613758754889
run_0107,visc_on_sensor_p_beta_0p75_cfl_0p8_nx_501_mode_1,2,on,p,0.75,0.8,501,1,0.16,completed,completed,0.16,u,0.02425728165870173,0.15824015647499107,1.528616121806355,2.6105710463000005,0.0,0.08353197919364486
run_0107,visc_on_sensor_p_beta_0p75_cfl_0p8_nx_501_mode_1,2,on,p,0.75,0.8,501,1,0.16,completed,completed,0.16,p,0.031000796589196356,0.20273595505437927,1.89503032354242,3.491040760599999,0.0,0.0
run_0108,visc_on_sensor_p_beta_0p75_cfl_0p8_nx_1001_mode_1,2,on,p,0.75,0.8,1001,1,0.16,completed,completed,0.16,rho,0.01818413592133761,0.09363359579821413,0.804084534912451,2.4690980736,0.10545046816622888,0.09196774968754884
run_0108,visc_on_sensor_p_beta_0p75_cfl_0p8_nx_1001_mode_1,2,on,p,0.75,0.8,1001,1,0.16,completed,completed,0.16,u,0.02259795245802087,0.15848820208651365,1.528723026706355,2.5791448247999997,0.0,0.07363973119364497
run_0108,visc_on_sensor_p_beta_0p75_cfl_0p8_nx_1001_mode_1,2,on,p,0.75,0.8,1001,1,0.16,completed,completed,0.16,p,0.02824053412229199,0.19978581605357035,1.89509791384242,3.4365656797999984,0.0,0.0
run_0109,visc_on_sensor_rho_beta_1_cfl_0p2_nx_101_mode_1,2,on,rho,1.0,0.2,101,1,0.16,completed,completed,0.16,rho,0.0528510229246153,0.13673587086084577,0.6969856529124511,1.8187864721,0.0,0.0
run_0109,visc_on_sensor_rho_beta_1_cfl_0p2_nx_101_mode_1,2,on,rho,1.0,0.2,101,1,0.16,completed,completed,0.16,u,0.05736346360502824,0.17970121218886842,1.251554611606355,2.3705522267,0.0,0.0
run_0109,visc_on_sensor_rho_beta_1_cfl_0p2_nx_101_mode_1,2,on,rho,1.0,0.2,101,1,0.16,completed,completed,0.16,p,0.07943985470024521,0.26078241667222757,1.69828938974242,3.0173333708999994,0.0,0.0
run_0110,visc_on_sensor_rho_beta_1_cfl_0p2_nx_201_mode_1,2,on,rho,1.0,0.2,201,1,0.16,completed,completed,0.16,rho,0.04071236612934296,0.13339749776909743,0.792921732712451,1.9399842854,0.0,0.03839162058754897
run_0110,visc_on_sensor_rho_beta_1_cfl_0p2_nx_201_mode_1,2,on,rho,1.0,0.2,201,1,0.16,completed,completed,0.16,u,0.050228110047778496,0.20583160097065392,1.499991396806355,2.3546924938999996,0.0,0.0
run_0110,visc_on_sensor_rho_beta_1_cfl_0p2_nx_201_mode_1,2,on,rho,1.0,0.2,201,1,0.16,completed,completed,0.16,p,0.06641954240465804,0.27554430256682666,1.87673363014242,2.977781492400001,0.0,0.0
run_0111,visc_on_sensor_rho_beta_1_cfl_0p2_nx_501_mode_1,2,on,rho,1.0,0.2,501,1,0.16,completed,completed,0.16,rho,0.031309570114816596,0.12411679928871586,0.8040411307124511,1.9445691534,0.0,0.04060433258754892
run_0111,visc_on_sensor_rho_beta_1_cfl_0p2_nx_501_mode_1,2,on,rho,1.0,0.2,501,1,0.16,completed,completed,0.16,u,0.04192314363138251,0.20780085323059624,1.528613244506355,2.3528476280000006,0.0,0.0
run_0111,visc_on_sensor_rho_beta_1_cfl_0p2_nx_501_mode_1,2,on,rho,1.0,0.2,501,1,0.16,completed,completed,0.16,p,0.05306810343769048,0.2659463603519686,1.89502850474242,2.9743329666999996,0.0,0.0
run_0112,visc_on_sensor_rho_beta_1_cfl_0p2_nx_1001_mode_1,2,on,rho,1.0,0.2,1001,1,0.16,completed,completed,0.16,rho,0.027146449861304878,0.1188415143436859,0.804084535312451,1.9441691154000003,0.0,0.040606049687548884
run_0112,visc_on_sensor_rho_beta_1_cfl_0p2_nx_1001_mode_1,2,on,rho,1.0,0.2,1001,1,0.16,completed,completed,0.16,u,0.03845110539764918,0.20663714747816123,1.528723027606355,2.349163191799999,0.0,0.0
run_0112,visc_on_sensor_rho_beta_1_cfl_0p2_nx_1001_mode_1,2,on,rho,1.0,0.2,1001,1,0.16,completed,completed,0.16,p,0.047694287371938704,0.2603586264133267,1.89509791444242,2.970310169000001,0.0,0.0
run_0113,visc_on_sensor_rho_beta_1_cfl_0p5_nx_101_mode_1,2,on,rho,1.0,0.5,101,1,0.16,completed,completed,0.16,rho,0.046031226351891254,0.13188676147619618,0.7181027018124511,1.9177240838999998,0.00018013616622886142,0.027544660087548856
run_0113,visc_on_sensor_rho_beta_1_cfl_0p5_nx_101_mode_1,2,on,rho,1.0,0.5,101,1,0.16,completed,completed,0.16,u,0.04994798137876563,0.17782731177168126,1.303819148106355,2.3719311746,0.0,0.0014900862936448878
run_0113,visc_on_sensor_rho_beta_1_cfl_0p5_nx_101_mode_1,2,on,rho,1.0,0.5,101,1,0.16,completed,completed,0.16,p,0.06920392536063885,0.25399405970643796,1.73898519474242,3.0140726057000005,0.0,0.0
run_0114,visc_on_sensor_rho_beta_1_cfl_0p5_nx_201_mode_1,2,on,rho,1.0,0.5,201,1,0.16,completed,completed,0.16,rho,0.03735509126621942,0.12933305347918908,0.7976841086124511,1.9546547355,0.0,0.04538387908754893
run_0114,visc_on_sensor_rho_beta_1_cfl_0p5_nx_201_mode_1,2,on,rho,1.0,0.5,201,1,0.16,completed,completed,0.16,u,0.04570656766352849,0.20295742820076804,1.512358310606355,2.3731395852,0.0,0.0
run_0114,visc_on_sensor_rho_beta_1_cfl_0p5_nx_201_mode_1,2,on,rho,1.0,0.5,201,1,0.16,completed,completed,0.16,p,0.06038315501330963,0.2689304674018889,1.8846856745424199,3.0113353964,0.0,0.0
run_0115,visc_on_sensor_rho_beta_1_cfl_0p5_nx_501_mode_1,2,on,rho,1.0,0.5,501,1,0.16,completed,completed,0.16,rho,0.0300077274263221,0.1235187559195832,0.804078590512451,1.9562079684,0.0,0.04612323618754899
run_0115,visc_on_sensor_rho_beta_1_cfl_0p5_nx_501_mode_1,2,on,rho,1.0,0.5,501,1,0.16,completed,completed,0.16,u,0.0401528056210824,0.2076610441087271,1.528707993706355,2.3710913337,0.0,0.0
run_0115,visc_on_sensor_rho_beta_1_cfl_0p5_nx_501_mode_1,2,on,rho,1.0,0.5,501,1,0.16,completed,completed,0.16,p,0.05071899631221179,0.2643185204696256,1.8950884096424199,3.0106687255000013,0.0,0.0
run_0116,visc_on_sensor_rho_beta_1_cfl_0p5_nx_1001_mode_1,2,on,rho,1.0,0.5,1001,1,0.16,completed,completed,0.16,rho,0.02644238433491767,0.11893528636361797,0.804084535312451,1.9560539375999997,0.0,0.04619958378754885
run_0116,visc_on_sensor_rho_beta_1_cfl_0p5_nx_1001_mode_1,2,on,rho,1.0,0.5,1001,1,0.16,completed,completed,0.16,u,0.03764267563561579,0.2072664178045994,1.528723027606355,2.3676535472000007,0.0,0.0
run_0116,visc_on_sensor_rho_beta_1_cfl_0p5_nx_1001_mode_1,2,on,rho,1.0,0.5,1001,1,0.16,completed,completed,0.16,p,0.046624892419283276,0.26040232434687993,1.89509791444242,3.0071896168000007,0.0,0.0
run_0117,visc_on_sensor_rho_beta_1_cfl_0p8_nx_101_mode_1,2,on,rho,1.0,0.8,101,1,0.16,completed,completed,0.16,rho,0.03922326069694397,0.12564210268130438,0.728343757412451,2.0314102653,0.0051411581662288985,0.07466056038754898
run_0117,visc_on_sensor_rho_beta_1_cfl_0p8_nx_101_mode_1,2,on,rho,1.0,0.8,101,1,0.16,completed,completed,0.16,u,0.03991425071496398,0.1639190429988794,1.324419443606355,2.5399365877,0.0,0.04271542059364486
run_0117,visc_on_sensor_rho_beta_1_cfl_0p8_nx_101_mode_1,2,on,rho,1.0,0.8,101,1,0.16,completed,completed,0.16,p,0.05588487404192349,0.23172753079352704,1.75494862144242,3.3103133632000006,0.0,0.0
run_0118,visc_on_sensor_rho_beta_1_cfl_0p8_nx_201_mode_1,2,on,rho,1.0,0.8,201,1,0.16,completed,completed,0.16,rho,0.031135795179669575,0.11915677798886312,0.7999983053124511,2.0490711198,0.0030476590662288916,0.0792139374875489
run_0118,visc_on_sensor_rho_beta_1_cfl_0p8_nx_201_mode_1,2,on,rho,1.0,0.8,201,1,0.16,completed,completed,0.16,u,0.036368980723932826,0.18420379872631096,1.518315791106355,2.5320077449999996,0.0,0.05129801779364507
run_0118,visc_on_sensor_rho_beta_1_cfl_0p8_nx_201_mode_1,2,on,rho,1.0,0.8,201,1,0.16,completed,completed,0.16,p,0.04834965398774716,0.24240495667851022,1.8884864128424201,3.3128051649999994,0.0,0.0
run_0119,visc_on_sensor_rho_beta_1_cfl_0p8_nx_501_mode_1,2,on,rho,1.0,0.8,501,1,0.16,completed,completed,0.16,rho,0.024378570515553758,0.11201768815288303,0.804082181712451,2.0592202011,0.0010568059662288687,0.08650721568754904
run_0119,visc_on_sensor_rho_beta_1_cfl_0p8_nx_501_mode_1,2,on,rho,1.0,0.8,501,1,0.16,completed,completed,0.16,u,0.03064889039612695,0.18319560987529235,1.528717075506355,2.5334757962999994,0.0,0.060224508393645015
run_0119,visc_on_sensor_rho_beta_1_cfl_0p8_nx_501_mode_1,2,on,rho,1.0,0.8,501,1,0.16,completed,completed,0.16,p,0.03881645307811913,0.23276898168975138,1.89509415144242,3.3373935501000016,0.0,0.0
run_0120,visc_on_sensor_rho_beta_1_cfl_0p8_nx_1001_mode_1,2,on,rho,1.0,0.8,1001,1,0.16,completed,completed,0.16,rho,0.020886656476662005,0.10557692215674813,0.804084535312451,2.041930571800001,0.00034557266622886607,0.08038208508754896
run_0120,visc_on_sensor_rho_beta_1_cfl_0p8_nx_1001_mode_1,2,on,rho,1.0,0.8,1001,1,0.16,completed,completed,0.16,u,0.028249719160071553,0.18045369003352638,1.528723027606355,2.5069184767999997,0.0,0.052831078793645014
run_0120,visc_on_sensor_rho_beta_1_cfl_0p8_nx_1001_mode_1,2,on,rho,1.0,0.8,1001,1,0.16,completed,completed,0.16,p,0.03508986909404443,0.22660048939781746,1.89509791444242,3.2886407527999983,0.0,0.0
run_0121,visc_on_sensor_u_beta_1_cfl_0p2_nx_101_mode_1,2,on,u,1.0,0.2,101,1,0.16,completed,completed,0.16,rho,0.05629242744405873,0.15261787594277182,0.739860357212451,1.923710964,0.012039185466228897,0.009815010487548959
run_0121,visc_on_sensor_u_beta_1_cfl_0p2_nx_101_mode_1,2,on,u,1.0,0.2,101,1,0.16,completed,completed,0.16,u,0.062043273570883795,0.2076551535650559,1.361186242806355,2.3522191845,0.0,0.006542517893644906
run_0121,visc_on_sensor_u_beta_1_cfl_0p2_nx_101_mode_1,2,on,u,1.0,0.2,101,1,0.16,completed,completed,0.16,p,0.08539254579423639,0.29268114279237856,1.7816437589424199,2.9693125365000004,0.0,0.0
run_0122,visc_on_sensor_u_beta_1_cfl_0p2_nx_201_mode_1,2,on,u,1.0,0.2,201,1,0.16,completed,completed,0.16,rho,0.045483359496839716,0.14796234250373153,0.799880674412451,2.035856846,0.028726937566228905,0.039522831787548895
run_0122,visc_on_sensor_u_beta_1_cfl_0p2_nx_201_mode_1,2,on,u,1.0,0.2,201,1,0.16,completed,completed,0.16,u,0.05787939200094042,0.2354537331512337,1.5180097468063551,2.3575179544,0.0,0.0002646125936449639
run_0122,visc_on_sensor_u_beta_1_cfl_0p2_nx_201_mode_1,2,on,u,1.0,0.2,201,1,0.16,completed,completed,0.16,p,0.07614953996158236,0.31009486465262137,1.88829730604242,2.9814227666999997,0.0,0.0
run_0123,visc_on_sensor_u_beta_1_cfl_0p2_nx_501_mode_1,2,on,u,1.0,0.2,501,1,0.16,completed,completed,0.16,rho,0.03674718443140601,0.14201852456228578,0.8040827431124511,2.1406183883999996,0.0510856353662289,0.04385884958754893
run_0123,visc_on_sensor_u_beta_1_cfl_0p2_nx_501_mode_1,2,on,u,1.0,0.2,501,1,0.16,completed,completed,0.16,u,0.053312985750982096,0.2455713293180552,1.528718495306355,2.3477163492,0.0,0.0
run_0123,visc_on_sensor_u_beta_1_cfl_0p2_nx_501_mode_1,2,on,u,1.0,0.2,501,1,0.16,completed,completed,0.16,p,0.06717916790146465,0.3116134458680966,1.8950950490424199,2.9717461179000013,0.0,0.0
run_0124,visc_on_sensor_u_beta_1_cfl_0p2_nx_1001_mode_1,2,on,u,1.0,0.2,1001,1,0.16,completed,completed,0.16,rho,0.03312242437191903,0.13844250834398666,0.804084535312451,2.2004931623999995,0.06677208466622886,0.04392829868754888
run_0124,visc_on_sensor_u_beta_1_cfl_0p2_nx_1001_mode_1,2,on,u,1.0,0.2,1001,1,0.16,completed,completed,0.16,u,0.0510841528709487,0.2474478602140698,1.528723027606355,2.3418162686000006,0.0,0.0
run_0124,visc_on_sensor_u_beta_1_cfl_0p2_nx_1001_mode_1,2,on,u,1.0,0.2,1001,1,0.16,completed,completed,0.16,p,0.06329398184764555,0.3103306812130079,1.89509791444242,2.9653391972000005,0.0,0.0
run_0125,visc_on_sensor_u_beta_1_cfl_0p5_nx_101_mode_1,2,on,u,1.0,0.5,101,1,0.16,completed,completed,0.16,rho,0.052483453984460825,0.14842713069901675,0.752633140912451,2.0362496455,0.037233166266228857,0.032078005887548944
run_0125,visc_on_sensor_u_beta_1_cfl_0p5_nx_101_mode_1,2,on,u,1.0,0.5,101,1,0.16,completed,completed,0.16,u,0.0564064593873838,0.20488044714229062,1.394144264106355,2.3780555515999997,0.0,0.009028208193645026
run_0125,visc_on_sensor_u_beta_1_cfl_0p5_nx_101_mode_1,2,on,u,1.0,0.5,101,1,0.16,completed,completed,0.16,p,0.07774192311288797,0.2853208995147267,1.8052366655424201,3.0135323804,0.0,0.0
run_0126,visc_on_sensor_u_beta_1_cfl_0p5_nx_201_mode_1,2,on,u,1.0,0.5,201,1,0.16,completed,completed,0.16,rho,0.04338192257866566,0.1446768517907791,0.8020348322124511,2.1430456153,0.05790532916622887,0.04700225698754901
run_0126,visc_on_sensor_u_beta_1_cfl_0p5_nx_201_mode_1,2,on,u,1.0,0.5,201,1,0.16,completed,completed,0.16,u,0.05426643085675004,0.23300473033412913,1.523520259406355,2.3744969894,0.0,0.0022064493936448937
run_0126,visc_on_sensor_u_beta_1_cfl_0p5_nx_201_mode_1,2,on,u,1.0,0.5,201,1,0.16,completed,completed,0.16,p,0.07108201550450298,0.3044134233330187,1.89180181454242,3.0121688515999994,0.0,0.0
run_0127,visc_on_sensor_u_beta_1_cfl_0p5_nx_501_mode_1,2,on,u,1.0,0.5,501,1,0.16,completed,completed,0.16,rho,0.03572158011284165,0.13982157904845505,0.8040843816124511,2.2493521858,0.07968989586622888,0.04688141388754885
run_0127,visc_on_sensor_u_beta_1_cfl_0p5_nx_501_mode_1,2,on,u,1.0,0.5,501,1,0.16,completed,completed,0.16,u,0.050729035516882195,0.24201409333015064,1.528722638906355,2.3607263147,0.0,0.0
run_0127,visc_on_sensor_u_beta_1_cfl_0p5_nx_501_mode_1,2,on,u,1.0,0.5,501,1,0.16,completed,completed,0.16,p,0.06374904943892386,0.3061508887714925,1.89509766874242,2.9957336772000005,0.0,0.0
run_0128,visc_on_sensor_u_beta_1_cfl_0p5_nx_1001_mode_1,2,on,u,1.0,0.5,1001,1,0.16,completed,completed,0.16,rho,0.032298930034889865,0.1363745464041221,0.804084535312451,2.3199862997999996,0.09313885616622886,0.04666449918754889
run_0128,visc_on_sensor_u_beta_1_cfl_0p5_nx_1001_mode_1,2,on,u,1.0,0.5,1001,1,0.16,completed,completed,0.16,u,0.04900549149291547,0.2437202981828199,1.528723027606355,2.353435304600001,0.0,0.0
run_0128,visc_on_sensor_u_beta_1_cfl_0p5_nx_1001_mode_1,2,on,u,1.0,0.5,1001,1,0.16,completed,completed,0.16,p,0.06062199492048464,0.3051823453100723,1.89509791444242,2.9868768564000003,0.0,0.0
run_0129,visc_on_sensor_u_beta_1_cfl_0p8_nx_101_mode_1,2,on,u,1.0,0.8,101,1,0.16,completed,completed,0.16,rho,0.04485278744773886,0.13537797839717577,0.7505749105124511,2.1772570422,0.04768417176622891,0.08260014908754898
run_0129,visc_on_sensor_u_beta_1_cfl_0p8_nx_101_mode_1,2,on,u,1.0,0.8,101,1,0.16,completed,completed,0.16,u,0.04404991995738433,0.17985025801754423,1.385028950306355,2.5442143391999994,0.0,0.053146941793644986
run_0129,visc_on_sensor_u_beta_1_cfl_0p8_nx_101_mode_1,2,on,u,1.0,0.8,101,1,0.16,completed,completed,0.16,p,0.061107153512987254,0.2500887937049086,1.79902985124242,3.332198744200002,0.0,0.0
run_0130,visc_on_sensor_u_beta_1_cfl_0p8_nx_201_mode_1,2,on,u,1.0,0.8,201,1,0.16,completed,completed,0.16,rho,0.0360793529408916,0.1297135806676814,0.802561904612451,2.1890825866999997,0.049568082266228886,0.07967778398754888
run_0130,visc_on_sensor_u_beta_1_cfl_0p8_nx_201_mode_1,2,on,u,1.0,0.8,201,1,0.16,completed,completed,0.16,u,0.04186725375857945,0.20487304090571162,1.524862178406355,2.5226510115,0.0,0.04958665109364491
run_0130,visc_on_sensor_u_beta_1_cfl_0p8_nx_201_mode_1,2,on,u,1.0,0.8,201,1,0.16,completed,completed,0.16,p,0.055185459391301615,0.2669680544574334,1.89265239784242,3.302585317100001,0.0,0.0
run_0131,visc_on_sensor_u_beta_1_cfl_0p8_nx_501_mode_1,2,on,u,1.0,0.8,501,1,0.16,completed,completed,0.16,rho,0.02874637750115451,0.12334609255789296,0.8040844618124511,2.2391823045000008,0.0648782516662289,0.07998249818754899
run_0131,visc_on_sensor_u_beta_1_cfl_0p8_nx_501_mode_1,2,on,u,1.0,0.8,501,1,0.16,completed,completed,0.16,u,0.03782493027823633,0.20926080778430553,1.528722841706355,2.5027423976000005,0.0,0.049160164793645045
run_0131,visc_on_sensor_u_beta_1_cfl_0p8_nx_501_mode_1,2,on,u,1.0,0.8,501,1,0.16,completed,completed,0.16,p,0.047693653116821326,0.26467223850417104,1.8950977969424199,3.2798861962000023,0.0,0.0
run_0132,visc_on_sensor_u_beta_1_cfl_0p8_nx_1001_mode_1,2,on,u,1.0,0.8,1001,1,0.16,completed,completed,0.16,rho,0.025395260337093238,0.11883230348202661,0.804084535312451,2.3114845028000004,0.0842552411662289,0.07790721418754898
run_0132,visc_on_sensor_u_beta_1_cfl_0p8_nx_1001_mode_1,2,on,u,1.0,0.8,1001,1,0.16,completed,completed,0.16,u,0.0362244775340524,0.20970357737747922,1.528723027606355,2.4828970030000015,0.0,0.0450592102936449
run_0132,visc_on_sensor_u_beta_1_cfl_0p8_nx_1001_mode_1,2,on,u,1.0,0.8,1001,1,0.16,completed,completed,0.16,p,0.044928832445610946,0.26259342946658715,1.89509791444242,3.2473311790000023,0.0,0.0
run_0133,visc_on_sensor_p_beta_1_cfl_0p2_nx_101_mode_1,2,on,p,1.0,0.2,101,1,0.16,completed,completed,0.16,rho,0.046236659641534415,0.12205315514839638,0.587939960512451,1.9189419535999999,0.006300526766228887,0.01505526078754893
run_0133,visc_on_sensor_p_beta_1_cfl_0p2_nx_101_mode_1,2,on,p,1.0,0.2,101,1,0.16,completed,completed,0.16,u,0.04463585269837538,0.1304608861476744,0.990775197406355,2.3621815395,0.0,0.011230227393644876
run_0133,visc_on_sensor_p_beta_1_cfl_0p2_nx_101_mode_1,2,on,p,1.0,0.2,101,1,0.16,completed,completed,0.16,p,0.06051967417428158,0.19738919679976188,1.46714355824242,2.976942930800001,0.0,0.0
run_0134,visc_on_sensor_p_beta_1_cfl_0p2_nx_201_mode_1,2,on,p,1.0,0.2,201,1,0.16,completed,completed,0.16,rho,0.03371888877993991,0.1134322601317708,0.7537173939124511,1.9954775260000004,0.019961418766228867,0.03720930738754902
run_0134,visc_on_sensor_p_beta_1_cfl_0p2_nx_201_mode_1,2,on,p,1.0,0.2,201,1,0.16,completed,completed,0.16,u,0.036881420099995836,0.15662313993902588,1.396333538806355,2.3671093149999995,0.0,0.005029837893644862
run_0134,visc_on_sensor_p_beta_1_cfl_0p2_nx_201_mode_1,2,on,p,1.0,0.2,201,1,0.16,completed,completed,0.16,p,0.049938974158525565,0.21912849369344292,1.80681729504242,2.988063941299999,0.0,0.0
run_0135,visc_on_sensor_p_beta_1_cfl_0p2_nx_501_mode_1,2,on,p,1.0,0.2,501,1,0.16,completed,completed,0.16,rho,0.026641491246837817,0.10969677987149683,0.803433138912451,2.0525648594000003,0.0328648552662289,0.039565643487548874
run_0135,visc_on_sensor_p_beta_1_cfl_0p2_nx_501_mode_1,2,on,p,1.0,0.2,501,1,0.16,completed,completed,0.16,u,0.032982832250382184,0.1756800153435123,1.527072403706355,2.3562098715999995,0.0,0.0
run_0135,visc_on_sensor_p_beta_1_cfl_0p2_nx_501_mode_1,2,on,p,1.0,0.2,501,1,0.16,completed,completed,0.16,p,0.042203500882475445,0.2279206802458096,1.89405372984242,2.977084573200001,0.0,0.0
run_0136,visc_on_sensor_p_beta_1_cfl_0p2_nx_1001_mode_1,2,on,p,1.0,0.2,1001,1,0.16,completed,completed,0.16,rho,0.023258255490730982,0.1059278433047948,0.8040842741124511,2.0761117191999996,0.04249394696622888,0.03959186398754899
run_0136,visc_on_sensor_p_beta_1_cfl_0p2_nx_1001_mode_1,2,on,p,1.0,0.2,1001,1,0.16,completed,completed,0.16,u,0.03134424611821545,0.180666954170739,1.528722367106355,2.3490451394000003,0.0,0.0
run_0136,visc_on_sensor_p_beta_1_cfl_0p2_nx_1001_mode_1,2,on,p,1.0,0.2,1001,1,0.16,completed,completed,0.16,p,0.03900370227972106,0.22893795939205422,1.89509749684242,2.969238257999999,0.0,0.0
run_0137,visc_on_sensor_p_beta_1_cfl_0p5_nx_101_mode_1,2,on,p,1.0,0.5,101,1,0.16,completed,completed,0.16,rho,0.044036115844637035,0.12170436192915214,0.633586147912451,2.0273602818,0.035691652066228874,0.033475714587549055
run_0137,visc_on_sensor_p_beta_1_cfl_0p5_nx_101_mode_1,2,on,p,1.0,0.5,101,1,0.16,completed,completed,0.16,u,0.04090297472363013,0.1372146395957924,1.094401957806355,2.3857376023,0.0,0.012371622893645018
run_0137,visc_on_sensor_p_beta_1_cfl_0p5_nx_101_mode_1,2,on,p,1.0,0.5,101,1,0.16,completed,completed,0.16,p,0.05678282455903242,0.20497713421815844,1.5647917133424198,3.0194342355,0.0,0.0
run_0138,visc_on_sensor_p_beta_1_cfl_0p5_nx_201_mode_1,2,on,p,1.0,0.5,201,1,0.16,completed,completed,0.16,rho,0.033969754363491214,0.11641471038204404,0.7792473641124511,2.0967852182000004,0.04797446886622886,0.043707284987549055
run_0138,visc_on_sensor_p_beta_1_cfl_0p5_nx_201_mode_1,2,on,p,1.0,0.5,201,1,0.16,completed,completed,0.16,u,0.036785555891309385,0.16876429745832688,1.464007743206355,2.3819211155,0.0,0.005725981393644997
run_0138,visc_on_sensor_p_beta_1_cfl_0p5_nx_201_mode_1,2,on,p,1.0,0.5,201,1,0.16,completed,completed,0.16,p,0.04950689342950296,0.22995057073698674,1.85313396694242,3.017420272199999,0.0,0.0
run_0139,visc_on_sensor_p_beta_1_cfl_0p5_nx_501_mode_1,2,on,p,1.0,0.5,501,1,0.16,completed,completed,0.16,rho,0.026931425381481574,0.11236734631782198,0.8040036457124511,2.1022044791,0.0483836586662289,0.04392760318754885
run_0139,visc_on_sensor_p_beta_1_cfl_0p5_nx_501_mode_1,2,on,p,1.0,0.5,501,1,0.16,completed,completed,0.16,u,0.033778262099615625,0.18449721087444115,1.528518423706355,2.3698602987,0.0,0.0
run_0139,visc_on_sensor_p_beta_1_cfl_0p5_nx_501_mode_1,2,on,p,1.0,0.5,501,1,0.16,completed,completed,0.16,p,0.04292909791946032,0.23677855643901,1.89496854974242,3.0046545471999995,0.0,0.0
run_0140,visc_on_sensor_p_beta_1_cfl_0p5_nx_1001_mode_1,2,on,p,1.0,0.5,1001,1,0.16,completed,completed,0.16,rho,0.023638439487197748,0.10853253813425424,0.804084535112451,2.1633551027999998,0.06368339676622886,0.043498210287548966
run_0140,visc_on_sensor_p_beta_1_cfl_0p5_nx_1001_mode_1,2,on,p,1.0,0.5,1001,1,0.16,completed,completed,0.16,u,0.03232783517821562,0.18779010421445574,1.528723027106355,2.3615537123999997,0.0,0.0
run_0140,visc_on_sensor_p_beta_1_cfl_0p5_nx_1001_mode_1,2,on,p,1.0,0.5,1001,1,0.16,completed,completed,0.16,p,0.0401060856989478,0.23678800204294057,1.89509791414242,2.9944103121999985,0.0,0.0
run_0141,visc_on_sensor_p_beta_1_cfl_0p8_nx_101_mode_1,2,on,p,1.0,0.8,101,1,0.16,completed,completed,0.16,rho,0.03992471554734215,0.11803113754844573,0.6655565250124511,2.1687754495999996,0.050441520766228876,0.07349666858754889
run_0141,visc_on_sensor_p_beta_1_cfl_0p8_nx_101_mode_1,2,on,p,1.0,0.8,101,1,0.16,completed,completed,0.16,u,0.03475172625383688,0.13468364261038937,1.162837533906355,2.5413644710999996,0.0,0.04733383459364493
run_0141,visc_on_sensor_p_beta_1_cfl_0p8_nx_101_mode_1,2,on,p,1.0,0.8,101,1,0.16,completed,completed,0.16,p,0.049264292600923465,0.19778068643496918,1.6256669985424201,3.308650202600001,0.0,0.0
run_0142,visc_on_sensor_p_beta_1_cfl_0p8_nx_201_mode_1,2,on,p,1.0,0.8,201,1,0.16,completed,completed,0.16,rho,0.030561797641017824,0.11120410425179111,0.7911484048124511,2.2139704621,0.0527021914662289,0.0844160886875489
run_0142,visc_on_sensor_p_beta_1_cfl_0p8_nx_201_mode_1,2,on,p,1.0,0.8,201,1,0.16,completed,completed,0.16,u,0.031255936138932815,0.1625794018110826,1.4951832744063551,2.547987799200001,0.0,0.058071702093644983
run_0142,visc_on_sensor_p_beta_1_cfl_0p8_nx_201_mode_1,2,on,p,1.0,0.8,201,1,0.16,completed,completed,0.16,p,0.04186021944142136,0.2176140550079332,1.87362259014242,3.3472650524999983,0.0,0.0
run_0143,visc_on_sensor_p_beta_1_cfl_0p8_nx_501_mode_1,2,on,p,1.0,0.8,501,1,0.16,completed,completed,0.16,rho,0.023323420994752715,0.10427759526413155,0.804060911312451,2.2800469258,0.07415399776622889,0.080047917187549
run_0143,visc_on_sensor_p_beta_1_cfl_0p8_nx_501_mode_1,2,on,p,1.0,0.8,501,1,0.16,completed,completed,0.16,u,0.027350680697152366,0.16897441782810776,1.528663282406355,2.5146925721,0.0,0.05266490089364506
run_0143,visc_on_sensor_p_beta_1_cfl_0p8_nx_501_mode_1,2,on,p,1.0,0.8,501,1,0.16,completed,completed,0.16,p,0.03474403829278881,0.21603706652939625,1.89506014134242,3.2972801327999983,0.0,0.0
run_0144,visc_on_sensor_p_beta_1_cfl_0p8_nx_1001_mode_1,2,on,p,1.0,0.8,1001,1,0.16,completed,completed,0.16,rho,0.019994171684571148,0.09928404418471952,0.804084535312451,2.3616884089999997,0.09224369396622889,0.07967995058754895
run_0144,visc_on_sensor_p_beta_1_cfl_0p8_nx_1001_mode_1,2,on,p,1.0,0.8,1001,1,0.16,completed,completed,0.16,u,0.02582121076999697,0.16997769627164547,1.528723027506355,2.502820140999998,0.0,0.05217017659364487
run_0144,visc_on_sensor_p_beta_1_cfl_0p8_nx_1001_mode_1,2,on,p,1.0,0.8,1001,1,0.16,completed,completed,0.16,p,0.03210235649897475,0.21396628173895663,1.89509791444242,3.2830782013999977,0.0,0.0
run_0145,visc_on_sensor_rho_beta_1p5_cfl_0p2_nx_101_mode_1,2,on,rho,1.5,0.2,101,1,0.16,completed,completed,0.16,rho,0.06119693185161529,0.14323134298991946,0.6742506377124511,1.6938462615,0.0,0.0
run_0145,visc_on_sensor_rho_beta_1p5_cfl_0p2_nx_101_mode_1,2,on,rho,1.5,0.2,101,1,0.16,completed,completed,0.16,u,0.06554286456202825,0.1809907329269228,1.198711963106355,2.3558877092999997,0.0,0.0
run_0145,visc_on_sensor_rho_beta_1p5_cfl_0p2_nx_101_mode_1,2,on,rho,1.5,0.2,101,1,0.16,completed,completed,0.16,p,0.09066636822259364,0.2659977913590051,1.65507157554242,2.9948528721999996,0.0,0.0
run_0146,visc_on_sensor_rho_beta_1p5_cfl_0p2_nx_201_mode_1,2,on,rho,1.5,0.2,201,1,0.16,completed,completed,0.16,rho,0.044357336115404794,0.13752498288207107,0.786744857212451,1.9199429011,0.0,0.028692831787549
run_0146,visc_on_sensor_rho_beta_1p5_cfl_0p2_nx_201_mode_1,2,on,rho,1.5,0.2,201,1,0.16,completed,completed,0.16,u,0.05495116999019489,0.20730470931900302,1.483952602206355,2.3502621541999997,0.0,0.0
run_0146,visc_on_sensor_rho_beta_1p5_cfl_0p2_nx_201_mode_1,2,on,rho,1.5,0.2,201,1,0.16,completed,completed,0.16,p,0.07309140022505617,0.2803975523639767,1.86629760184242,2.9751160503000005,0.0,0.0
run_0147,visc_on_sensor_rho_beta_1p5_cfl_0p2_nx_501_mode_1,2,on,rho,1.5,0.2,501,1,0.16,completed,completed,0.16,rho,0.032067222465271585,0.12281765874061297,0.803850490212451,1.9453865256999998,0.0,0.041140848987548884
run_0147,visc_on_sensor_rho_beta_1p5_cfl_0p2_nx_501_mode_1,2,on,rho,1.5,0.2,501,1,0.16,completed,completed,0.16,u,0.042433022941615633,0.20267871710124952,1.528130715406355,2.3507485195000006,0.0,0.0
run_0147,visc_on_sensor_rho_beta_1p5_cfl_0p2_nx_501_mode_1,2,on,rho,1.5,0.2,501,1,0.16,completed,completed,0.16,p,0.05397295944920874,0.2611880457531392,1.89472336304242,2.9723941457,0.0,0.0
run_0148,visc_on_sensor_rho_beta_1p5_cfl_0p2_nx_1001_mode_1,2,on,rho,1.5,0.2,1001,1,0.16,completed,completed,0.16,rho,0.026906110181680272,0.11547116738694797,0.8040844913124511,1.9450695282000001,0.0,0.04115976448754899
run_0148,visc_on_sensor_rho_beta_1p5_cfl_0p2_nx_1001_mode_1,2,on,rho,1.5,0.2,1001,1,0.16,completed,completed,0.16,u,0.03732416968011562,0.19852240294700021,1.528722916306355,2.3473359092000003,0.0,0.0
run_0148,visc_on_sensor_rho_beta_1p5_cfl_0p2_nx_1001_mode_1,2,on,rho,1.5,0.2,1001,1,0.16,completed,completed,0.16,p,0.04643991971607201,0.2511888007200713,1.89509784404242,2.9685503890000007,0.0,0.0
run_0149,visc_on_sensor_rho_beta_1p5_cfl_0p5_nx_101_mode_1,2,on,rho,1.5,0.5,101,1,0.16,completed,completed,0.16,rho,0.0517034709711153,0.13639078284088563,0.7045537402124511,1.8368384516,0.0,0.0
run_0149,visc_on_sensor_rho_beta_1p5_cfl_0p5_nx_101_mode_1,2,on,rho,1.5,0.5,101,1,0.16,completed,completed,0.16,u,0.056577942985028246,0.18134102876418448,1.2714973504063551,2.3594141710999996,0.0,0.0
run_0149,visc_on_sensor_rho_beta_1p5_cfl_0p5_nx_101_mode_1,2,on,rho,1.5,0.5,101,1,0.16,completed,completed,0.16,p,0.07843134824074524,0.26177128476874173,1.7139275264424199,2.997537723,0.0,0.0
run_0150,visc_on_sensor_rho_beta_1p5_cfl_0p5_nx_201_mode_1,2,on,rho,1.5,0.5,201,1,0.16,completed,completed,0.16,rho,0.03998257695728224,0.13202602128722035,0.793840275312451,1.9441811893000003,0.0,0.040459340087549034
run_0150,visc_on_sensor_rho_beta_1p5_cfl_0p5_nx_201_mode_1,2,on,rho,1.5,0.5,201,1,0.16,completed,completed,0.16,u,0.0492096112991949,0.20413385435533835,1.5024625372063551,2.3549682694,0.0,0.0
run_0150,visc_on_sensor_rho_beta_1p5_cfl_0p5_nx_201_mode_1,2,on,rho,1.5,0.5,201,1,0.16,completed,completed,0.16,p,0.06501724416953358,0.2727050236652252,1.8783221582424199,2.9779636728000005,0.0,0.0
run_0151,visc_on_sensor_rho_beta_1p5_cfl_0p5_nx_501_mode_1,2,on,rho,1.5,0.5,501,1,0.16,completed,completed,0.16,rho,0.03069807049367237,0.12241276650823862,0.804046185712451,1.9465951885000004,0.0,0.04158040238754901
run_0151,visc_on_sensor_rho_beta_1p5_cfl_0p5_nx_501_mode_1,2,on,rho,1.5,0.5,501,1,0.16,completed,completed,0.16,u,0.04083815203741563,0.20446903639396033,1.528626037806355,2.3534563585,0.0,0.0
run_0151,visc_on_sensor_rho_beta_1p5_cfl_0p5_nx_501_mode_1,2,on,rho,1.5,0.5,501,1,0.16,completed,completed,0.16,p,0.05165161627106937,0.2615322753609628,1.89503659334242,2.9762405117000004,0.0,0.0
run_0152,visc_on_sensor_rho_beta_1p5_cfl_0p5_nx_1001_mode_1,2,on,rho,1.5,0.5,1001,1,0.16,completed,completed,0.16,rho,0.02657308051048066,0.11690036419196108,0.804084535312451,1.9461653652,0.0,0.041555946287548995
run_0152,visc_on_sensor_rho_beta_1p5_cfl_0p5_nx_1001_mode_1,2,on,rho,1.5,0.5,1001,1,0.16,completed,completed,0.16,u,0.03735168775981563,0.2026780217948377,1.528723027606355,2.3498787339999994,0.0,0.0
run_0152,visc_on_sensor_rho_beta_1p5_cfl_0p5_nx_1001_mode_1,2,on,rho,1.5,0.5,1001,1,0.16,completed,completed,0.16,p,0.04628788443858716,0.2553353972238391,1.89509791444242,2.972392060999999,0.0,0.0
run_0153,visc_on_sensor_rho_beta_1p5_cfl_0p8_nx_101_mode_1,2,on,rho,1.5,0.8,101,1,0.16,completed,completed,0.16,rho,0.041451872708466814,0.12823591756870015,0.7310282127124511,1.9664725764000002,0.0012715912662288886,0.050185646987549015
run_0153,visc_on_sensor_rho_beta_1p5_cfl_0p8_nx_101_mode_1,2,on,rho,1.5,0.8,101,1,0.16,completed,completed,0.16,u,0.04360272092175723,0.1722946672330044,1.336056373506355,2.4314664301,0.0,0.01159947149364493
run_0153,visc_on_sensor_rho_beta_1p5_cfl_0p8_nx_101_mode_1,2,on,rho,1.5,0.8,101,1,0.16,completed,completed,0.16,p,0.06072527768283562,0.24312288957596948,1.7632216299424202,3.1148944424000007,0.0,0.0
run_0154,visc_on_sensor_rho_beta_1p5_cfl_0p8_nx_201_mode_1,2,on,rho,1.5,0.8,201,1,0.16,completed,completed,0.16,rho,0.0338463628008942,0.12433802703043133,0.8001643737124511,1.9868540883999999,0.0005942523662288979,0.058820914387548884
run_0154,visc_on_sensor_rho_beta_1p5_cfl_0p8_nx_201_mode_1,2,on,rho,1.5,0.8,201,1,0.16,completed,completed,0.16,u,0.04048931587457944,0.19526826283559046,1.5187543200063551,2.4312948234999996,0.0,0.018005848593644957
run_0154,visc_on_sensor_rho_beta_1p5_cfl_0p8_nx_201_mode_1,2,on,rho,1.5,0.8,201,1,0.16,completed,completed,0.16,p,0.053632980179279026,0.25681692170824344,1.8887668953424201,3.1219173840000005,0.0,0.0
run_0155,visc_on_sensor_rho_beta_1p5_cfl_0p8_nx_501_mode_1,2,on,rho,1.5,0.8,501,1,0.16,completed,completed,0.16,rho,0.02716407454454234,0.11814571851203966,0.804082535712451,1.9842556491000005,3.927866622888132e-05,0.05822023528754894
run_0155,visc_on_sensor_rho_beta_1p5_cfl_0p8_nx_501_mode_1,2,on,rho,1.5,0.8,501,1,0.16,completed,completed,0.16,u,0.03527793571367915,0.19629357372380768,1.528717970806355,2.420915295899999,0.0,0.017837624593644907
run_0155,visc_on_sensor_rho_beta_1p5_cfl_0p8_nx_501_mode_1,2,on,rho,1.5,0.8,501,1,0.16,completed,completed,0.16,p,0.044618955622060155,0.2494474109572405,1.89509471744242,3.1092262666999995,0.0,0.0
run_0156,visc_on_sensor_rho_beta_1p5_cfl_0p8_nx_1001_mode_1,2,on,rho,1.5,0.8,1001,1,0.16,completed,completed,0.16,rho,0.023761340039740796,0.11287707430318918,0.804084535312451,1.9860815098000006,0.0,0.059272831087548994
run_0156,visc_on_sensor_rho_beta_1p5_cfl_0p8_nx_1001_mode_1,2,on,rho,1.5,0.8,1001,1,0.16,completed,completed,0.16,u,0.03309108164167766,0.19519123828157225,1.528723027606355,2.4187249540000004,0.0,0.019171057993645046
run_0156,visc_on_sensor_rho_beta_1p5_cfl_0p8_nx_1001_mode_1,2,on,rho,1.5,0.8,1001,1,0.16,completed,completed,0.16,p,0.040986704363198415,0.24491958029508665,1.89509791444242,3.1104027845999997,0.0,0.0
run_0157,visc_on_sensor_u_beta_1p5_cfl_0p2_nx_101_mode_1,2,on,u,1.5,0.2,101,1,0.16,completed,completed,0.16,rho,0.06067599610736107,0.1529651188900452,0.711741444212451,1.8417019054000003,0.000623520166228908,0.0
run_0157,visc_on_sensor_u_beta_1p5_cfl_0p2_nx_101_mode_1,2,on,u,1.5,0.2,101,1,0.16,completed,completed,0.16,u,0.06446274098175724,0.19750879984193012,1.290570981806355,2.3422248088999997,0.0,0.005348774493644903
run_0157,visc_on_sensor_u_beta_1p5_cfl_0p2_nx_101_mode_1,2,on,u,1.5,0.2,101,1,0.16,completed,completed,0.16,p,0.08872974704857764,0.2838864741961221,1.72874466834242,2.9560634143,0.0,0.0
run_0158,visc_on_sensor_u_beta_1p5_cfl_0p2_nx_201_mode_1,2,on,u,1.5,0.2,201,1,0.16,completed,completed,0.16,rho,0.04780056317514167,0.14809810289318995,0.794361374112451,1.9548176126,0.003926402666228901,0.03540716088754903
run_0158,visc_on_sensor_u_beta_1p5_cfl_0p2_nx_201_mode_1,2,on,u,1.5,0.2,201,1,0.16,completed,completed,0.16,u,0.05829590014244491,0.2269501227265309,1.503812447406355,2.3536854631,0.0,0.0
run_0158,visc_on_sensor_u_beta_1p5_cfl_0p2_nx_201_mode_1,2,on,u,1.5,0.2,201,1,0.16,completed,completed,0.16,p,0.077295347661882,0.30271407996230953,1.87919744494242,2.9773255557999994,0.0,0.0
run_0159,visc_on_sensor_u_beta_1p5_cfl_0p2_nx_501_mode_1,2,on,u,1.5,0.2,501,1,0.16,completed,completed,0.16,rho,0.03713336829067134,0.14092171839315482,0.8040687011124511,2.0164940842999997,0.019975419066228906,0.04467168038754887
run_0159,visc_on_sensor_u_beta_1p5_cfl_0p2_nx_501_mode_1,2,on,u,1.5,0.2,501,1,0.16,completed,completed,0.16,u,0.0532220859302822,0.240748195848412,1.528682982906355,2.3458269735000004,0.0,0.0
run_0159,visc_on_sensor_u_beta_1p5_cfl_0p2_nx_501_mode_1,2,on,u,1.5,0.2,501,1,0.16,completed,completed,0.16,p,0.06733564491926322,0.30685599200320524,1.89507259704242,2.9703659042000012,0.0,0.0
run_0160,visc_on_sensor_u_beta_1p5_cfl_0p2_nx_1001_mode_1,2,on,u,1.5,0.2,1001,1,0.16,completed,completed,0.16,rho,0.033007703134035754,0.137087918433847,0.804084535312451,2.0595625058,0.03278286316622886,0.04475624278754897
run_0160,visc_on_sensor_u_beta_1p5_cfl_0p2_nx_1001_mode_1,2,on,u,1.5,0.2,1001,1,0.16,completed,completed,0.16,u,0.05080196065714886,0.24391182828713243,1.528723027606355,2.3402093524,0.0,0.0
run_0160,visc_on_sensor_u_beta_1p5_cfl_0p2_nx_1001_mode_1,2,on,u,1.5,0.2,1001,1,0.16,completed,completed,0.16,p,0.06306337186088926,0.30653409897017764,1.89509791444242,2.9642415308000007,0.0,0.0
run_0161,visc_on_sensor_u_beta_1p5_cfl_0p5_nx_101_mode_1,2,on,u,1.5,0.5,101,1,0.16,completed,completed,0.16,rho,0.054789243126458866,0.1496296239530784,0.7361188764124511,1.9610598124,0.02534880476622886,0.014147788987548982
run_0161,visc_on_sensor_u_beta_1p5_cfl_0p5_nx_101_mode_1,2,on,u,1.5,0.5,101,1,0.16,completed,completed,0.16,u,0.0596339603405109,0.20141454946954723,1.352283973506355,2.3541354890000004,0.0,0.006223187693644938
run_0161,visc_on_sensor_u_beta_1p5_cfl_0p5_nx_101_mode_1,2,on,u,1.5,0.5,101,1,0.16,completed,completed,0.16,p,0.08200416618638798,0.28428724872576283,1.7750789569424201,2.9733414863000003,0.0,0.0
run_0162,visc_on_sensor_u_beta_1p5_cfl_0p5_nx_201_mode_1,2,on,u,1.5,0.5,201,1,0.16,completed,completed,0.16,rho,0.044606571401491865,0.14552063491865017,0.7997548732124511,2.0668319467,0.039966226366228874,0.04152733808754894
run_0162,visc_on_sensor_u_beta_1p5_cfl_0p5_nx_201_mode_1,2,on,u,1.5,0.5,201,1,0.16,completed,completed,0.16,u,0.05607557303044491,0.23053467825108148,1.517702984806355,2.3575604859,0.0,0.0
run_0162,visc_on_sensor_u_beta_1p5_cfl_0p5_nx_201_mode_1,2,on,u,1.5,0.5,201,1,0.16,completed,completed,0.16,p,0.07370631041370779,0.3036353513009927,1.88810065504242,2.9825648045,0.0,0.0
run_0163,visc_on_sensor_u_beta_1p5_cfl_0p5_nx_501_mode_1,2,on,u,1.5,0.5,501,1,0.16,completed,completed,0.16,rho,0.036138636021931785,0.13995988169544057,0.804082914212451,2.1397731335,0.055268022066228883,0.044651227287549
run_0163,visc_on_sensor_u_beta_1p5_cfl_0p5_nx_501_mode_1,2,on,u,1.5,0.5,501,1,0.16,completed,completed,0.16,u,0.051895350144482204,0.24143103107007877,1.5287189280063551,2.3475067191,0.0,0.0
run_0163,visc_on_sensor_u_beta_1p5_cfl_0p5_nx_501_mode_1,2,on,u,1.5,0.5,501,1,0.16,completed,completed,0.16,p,0.06532237060449354,0.30627293062151406,1.8950953225424199,2.9723239246000004,0.0,0.0
run_0164,visc_on_sensor_u_beta_1p5_cfl_0p5_nx_1001_mode_1,2,on,u,1.5,0.5,1001,1,0.16,completed,completed,0.16,rho,0.03252732859148494,0.136437819433835,0.804084535312451,2.1715253981999996,0.06405146686622887,0.0446720456875489
run_0164,visc_on_sensor_u_beta_1p5_cfl_0p5_nx_1001_mode_1,2,on,u,1.5,0.5,1001,1,0.16,completed,completed,0.16,u,0.049817953869415475,0.2435640104331166,1.528723027606355,2.3418076494000006,0.0,0.0
run_0164,visc_on_sensor_u_beta_1p5_cfl_0p5_nx_1001_mode_1,2,on,u,1.5,0.5,1001,1,0.16,completed,completed,0.16,p,0.06166293339125432,0.3053943378601131,1.89509791444242,2.966042751,0.0,0.0
run_0165,visc_on_sensor_u_beta_1p5_cfl_0p8_nx_101_mode_1,2,on,u,1.5,0.8,101,1,0.16,completed,completed,0.16,rho,0.04811327079356343,0.1402091168070022,0.7567488153124511,2.1540480909,0.059072706066228886,0.05808881848754899
run_0165,visc_on_sensor_u_beta_1p5_cfl_0p8_nx_101_mode_1,2,on,u,1.5,0.8,101,1,0.16,completed,completed,0.16,u,0.04915855877175724,0.19346691662409723,1.404797666806355,2.4412580255000003,0.0,0.018660239493645037
run_0165,visc_on_sensor_u_beta_1p5_cfl_0p8_nx_101_mode_1,2,on,u,1.5,0.8,101,1,0.16,completed,completed,0.16,p,0.06833333167398724,0.2677247820018757,1.81267984584242,3.1334903855999996,0.0,0.0
run_0166,visc_on_sensor_u_beta_1p5_cfl_0p8_nx_201_mode_1,2,on,u,1.5,0.8,201,1,0.16,completed,completed,0.16,rho,0.03966279733832893,0.13652737896663303,0.802563510612451,2.2485978946,0.07859804316622887,0.05817597158754895
run_0166,visc_on_sensor_u_beta_1p5_cfl_0p8_nx_201_mode_1,2,on,u,1.5,0.8,201,1,0.16,completed,completed,0.16,u,0.0476929379653094,0.21971013348616614,1.524864216606355,2.4216313896999995,0.0,0.013180480793644866
run_0166,visc_on_sensor_u_beta_1p5_cfl_0p8_nx_201_mode_1,2,on,u,1.5,0.8,201,1,0.16,completed,completed,0.16,p,0.06274425458157878,0.2863788310280386,1.89265432164242,3.1035603746,0.0,0.0
run_0167,visc_on_sensor_u_beta_1p5_cfl_0p8_nx_501_mode_1,2,on,u,1.5,0.8,501,1,0.16,completed,completed,0.16,rho,0.0325682788400053,0.13218403911335155,0.804084497512451,2.3598920167999995,0.10183364906622888,0.057982683887549014
run_0167,visc_on_sensor_u_beta_1p5_cfl_0p8_nx_501_mode_1,2,on,u,1.5,0.8,501,1,0.16,completed,completed,0.16,u,0.044637697355131574,0.22782070890555733,1.5287229321063551,2.4056843142,0.0,0.012223489093645012
run_0167,visc_on_sensor_u_beta_1p5_cfl_0p8_nx_501_mode_1,2,on,u,1.5,0.8,501,1,0.16,completed,completed,0.16,p,0.05620067312788149,0.2878990202536672,1.8950978540424201,3.0848315023999993,0.0,0.0
run_0168,visc_on_sensor_u_beta_1p5_cfl_0p8_nx_1001_mode_1,2,on,u,1.5,0.8,1001,1,0.16,completed,completed,0.16,rho,0.029432884252449238,0.12888677156085623,0.804084535312451,2.4656580880000005,0.11935710456622889,0.058620421787549004
run_0168,visc_on_sensor_u_beta_1p5_cfl_0p8_nx_1001_mode_1,2,on,u,1.5,0.8,1001,1,0.16,completed,completed,0.16,u,0.0433149581315236,0.22943125521589114,1.528723027606355,2.398997320600001,0.0,0.012602438893644985
run_0168,visc_on_sensor_u_beta_1p5_cfl_0p8_nx_1001_mode_1,2,on,u,1.5,0.8,1001,1,0.16,completed,completed,0.16,p,0.05358661823039775,0.28715584364228175,1.89509791444242,3.0784842570000004,0.0,0.0
run_0169,visc_on_sensor_p_beta_1p5_cfl_0p2_nx_101_mode_1,2,on,p,1.5,0.2,101,1,0.16,completed,completed,0.16,rho,0.05047995030003246,0.12232945911389446,0.5117653701337711,1.8713352174000002,0.0012202999662289105,0.0019563526875490123
run_0169,visc_on_sensor_p_beta_1p5_cfl_0p2_nx_101_mode_1,2,on,p,1.5,0.2,101,1,0.16,completed,completed,0.16,u,0.04773370209599408,0.11948201903289522,0.828816829106355,2.3521102107,0.0,0.010850119393644997
run_0169,visc_on_sensor_p_beta_1p5_cfl_0p2_nx_101_mode_1,2,on,p,1.5,0.2,101,1,0.16,completed,completed,0.16,p,0.06256051190817516,0.1775553482318296,1.29603442854242,2.9626011801000005,0.0,0.0
run_0170,visc_on_sensor_p_beta_1p5_cfl_0p2_nx_201_mode_1,2,on,p,1.5,0.2,201,1,0.16,completed,completed,0.16,rho,0.03455119945823886,0.10794248125628662,0.694176766012451,1.9679879377,0.009229841366228897,0.03500043528754904
run_0170,visc_on_sensor_p_beta_1p5_cfl_0p2_nx_201_mode_1,2,on,p,1.5,0.2,201,1,0.16,completed,completed,0.16,u,0.03486305512561846,0.13155392861337917,1.243525390406355,2.3645996243000003,0.0,0.004745657293645067
run_0170,visc_on_sensor_p_beta_1p5_cfl_0p2_nx_201_mode_1,2,on,p,1.5,0.2,201,1,0.16,completed,completed,0.16,p,0.047390891975051724,0.19206700715483993,1.6919454377424201,2.9845935898999993,0.0,0.0
run_0171,visc_on_sensor_p_beta_1p5_cfl_0p2_nx_501_mode_1,2,on,p,1.5,0.2,501,1,0.16,completed,completed,0.16,rho,0.025615486934739147,0.1020686307934496,0.7986557545124511,1.9994085396999999,0.017909538666228908,0.04006460258754885
run_0171,visc_on_sensor_p_beta_1p5_cfl_0p2_nx_501_mode_1,2,on,p,1.5,0.2,501,1,0.16,completed,completed,0.16,u,0.029561911076515294,0.1540812968376129,1.5148439532063551,2.3556845124,0.0,0.0
run_0171,visc_on_sensor_p_beta_1p5_cfl_0p2_nx_501_mode_1,2,on,p,1.5,0.2,501,1,0.16,completed,completed,0.16,p,0.038309400097246385,0.20418525853922195,1.88627808894242,2.9766623578999996,0.0,0.0
run_0172,visc_on_sensor_p_beta_1p5_cfl_0p2_nx_1001_mode_1,2,on,p,1.5,0.2,1001,1,0.16,completed,completed,0.16,rho,0.021798466822586175,0.09819972748386414,0.8040536468124511,2.0220605708,0.026518130866228895,0.04007459718754891
run_0172,visc_on_sensor_p_beta_1p5_cfl_0p2_nx_1001_mode_1,2,on,p,1.5,0.2,1001,1,0.16,completed,completed,0.16,u,0.027937606695315295,0.16240565074433017,1.528644904206355,2.3485282574000004,0.0,0.0
run_0172,visc_on_sensor_p_beta_1p5_cfl_0p2_nx_1001_mode_1,2,on,p,1.5,0.2,1001,1,0.16,completed,completed,0.16,p,0.03496360878104253,0.20773210158994426,1.89504852204242,2.9688361611999996,0.0,0.0
run_0173,visc_on_sensor_p_beta_1p5_cfl_0p5_nx_101_mode_1,2,on,p,1.5,0.5,101,1,0.16,completed,completed,0.16,rho,0.04363817460935899,0.11703581847324797,0.569225060412451,1.9446402291,0.015397085966228907,0.018215711587548977
run_0173,visc_on_sensor_p_beta_1p5_cfl_0p5_nx_101_mode_1,2,on,p,1.5,0.5,101,1,0.16,completed,completed,0.16,u,0.04267443108450247,0.12354401352637387,0.952880721406355,2.3645002046999997,0.0,0.01133699189364501
run_0173,visc_on_sensor_p_beta_1p5_cfl_0p5_nx_101_mode_1,2,on,p,1.5,0.5,101,1,0.16,completed,completed,0.16,p,0.05763470099108475,0.1872071460851486,1.42868566504242,2.9809021428999998,0.0,0.0
run_0174,visc_on_sensor_p_beta_1p5_cfl_0p5_nx_201_mode_1,2,on,p,1.5,0.5,201,1,0.16,completed,completed,0.16,rho,0.03244750758060219,0.10929741268454503,0.746357200312451,2.0481261148,0.03733500956622887,0.038883932487548956
run_0174,visc_on_sensor_p_beta_1p5_cfl_0p5_nx_201_mode_1,2,on,p,1.5,0.5,201,1,0.16,completed,completed,0.16,u,0.03509617099274557,0.14935247980581368,1.377445483506355,2.3674642347,0.0,0.004827890793644984
run_0174,visc_on_sensor_p_beta_1p5_cfl_0p5_nx_201_mode_1,2,on,p,1.5,0.5,201,1,0.16,completed,completed,0.16,p,0.04754017000402914,0.210015443339013,1.7933689151424201,2.9892198824000005,0.0,0.0
run_0175,visc_on_sensor_p_beta_1p5_cfl_0p5_nx_501_mode_1,2,on,p,1.5,0.5,501,1,0.16,completed,completed,0.16,rho,0.026139410410502575,0.10700593217938782,0.803343923912451,2.0073849846,0.023020735566228856,0.040416298687548924
run_0175,visc_on_sensor_p_beta_1p5_cfl_0p5_nx_501_mode_1,2,on,p,1.5,0.5,501,1,0.16,completed,completed,0.16,u,0.03153414095158207,0.16983954076399133,1.5268471492063551,2.3564273159999995,0.0,0.0
run_0175,visc_on_sensor_p_beta_1p5_cfl_0p5_nx_501_mode_1,2,on,p,1.5,0.5,501,1,0.16,completed,completed,0.16,p,0.04030131579744655,0.2205026933735455,1.8939110686424199,2.9781396349000007,0.0,0.0
run_0176,visc_on_sensor_p_beta_1p5_cfl_0p5_nx_1001_mode_1,2,on,p,1.5,0.5,1001,1,0.16,completed,completed,0.16,rho,0.022759648697423345,0.10339646911963843,0.8040842268124511,2.0144121753999995,0.02543172216622891,0.04038528378754891
run_0176,visc_on_sensor_p_beta_1p5_cfl_0p5_nx_1001_mode_1,2,on,p,1.5,0.5,1001,1,0.16,completed,completed,0.16,u,0.030053991982915404,0.17529036325022454,1.528722247306355,2.3495784666000006,0.0,0.0
run_0176,visc_on_sensor_p_beta_1p5_cfl_0p5_nx_1001_mode_1,2,on,p,1.5,0.5,1001,1,0.16,completed,completed,0.16,p,0.03734210400288692,0.22214659429505354,1.8950974211424199,2.970691235600003,0.0,0.0
run_0177,visc_on_sensor_p_beta_1p5_cfl_0p8_nx_101_mode_1,2,on,p,1.5,0.8,101,1,0.16,completed,completed,0.16,rho,0.04129775501446356,0.11882674076637502,0.654613576712451,2.1196062936,0.050246432466228896,0.056322712287548926
run_0177,visc_on_sensor_p_beta_1p5_cfl_0p8_nx_101_mode_1,2,on,p,1.5,0.8,101,1,0.16,completed,completed,0.16,u,0.03660513715650303,0.13607063555772064,1.139971808406355,2.4470979709000003,0.0,0.019560296793645016
run_0177,visc_on_sensor_p_beta_1p5_cfl_0p8_nx_101_mode_1,2,on,p,1.5,0.8,101,1,0.16,completed,completed,0.16,p,0.051336249023335626,0.20107464099428043,1.60571616424242,3.135949763100001,0.0,0.0
run_0178,visc_on_sensor_p_beta_1p5_cfl_0p8_nx_201_mode_1,2,on,p,1.5,0.8,201,1,0.16,completed,completed,0.16,rho,0.032380543558716175,0.11363366780997712,0.787144257912451,2.1915398627,0.06749568766622888,0.056839040287548936
run_0178,visc_on_sensor_p_beta_1p5_cfl_0p8_nx_201_mode_1,2,on,p,1.5,0.8,201,1,0.16,completed,completed,0.16,u,0.03372502908876589,0.16655557776279165,1.484477649906355,2.4325141132000003,0.0,0.016813809193644946
run_0178,visc_on_sensor_p_beta_1p5_cfl_0p8_nx_201_mode_1,2,on,p,1.5,0.8,201,1,0.16,completed,completed,0.16,p,0.04541272420145323,0.22454944249683567,1.86667137464242,3.1175399299000004,0.0,0.0
run_0179,visc_on_sensor_p_beta_1p5_cfl_0p8_nx_501_mode_1,2,on,p,1.5,0.8,501,1,0.16,completed,completed,0.16,rho,0.025341782807461015,0.10897962665799255,0.8040600517124511,2.2402277727,0.07675320466622887,0.058397355687549
run_0179,visc_on_sensor_p_beta_1p5_cfl_0p8_nx_501_mode_1,2,on,p,1.5,0.8,501,1,0.16,completed,completed,0.16,u,0.030882722216453724,0.17900910636913803,1.5286611092063551,2.422240687500001,0.0,0.018616895093644947
run_0179,visc_on_sensor_p_beta_1p5_cfl_0p8_nx_501_mode_1,2,on,p,1.5,0.8,501,1,0.16,completed,completed,0.16,p,0.03919183693392984,0.22870910961468635,1.89505876744242,3.1110879936000018,0.0,0.0
run_0180,visc_on_sensor_p_beta_1p5_cfl_0p8_nx_1001_mode_1,2,on,p,1.5,0.8,1001,1,0.16,completed,completed,0.16,rho,0.02208969011461973,0.10464736365779284,0.804084535312451,2.2791127398,0.08758271546622887,0.05484504018754888
run_0180,visc_on_sensor_p_beta_1p5_cfl_0p8_nx_1001_mode_1,2,on,p,1.5,0.8,1001,1,0.16,completed,completed,0.16,u,0.02948340864532375,0.18077290553571423,1.528723027606355,2.4047302289999997,0.0,0.013831695893644858
run_0180,visc_on_sensor_p_beta_1p5_cfl_0p8_nx_1001_mode_1,2,on,p,1.5,0.8,1001,1,0.16,completed,completed,0.16,p,0.03657848267624482,0.22753302044419932,1.89509791444242,3.0815602778000004,0.0,0.0
run_0181,visc_off_sensor_none_beta_0_cfl_0p2_nx_101_mode_1,2,off,none,0.0,0.2,101,1,0.16,completed,completed,0.16,rho,0.06476705898798998,0.12686870194767402,0.6039020816337711,6.365773783100001,0.2363414832662289,0.30331701228754904
run_0181,visc_off_sensor_none_beta_0_cfl_0p2_nx_101_mode_1,2,off,none,0.0,0.2,101,1,0.16,completed,completed,0.16,u,0.07151116186908076,0.12489492148715406,0.625680636806355,8.6733579726,0.0,0.36898878789364487
run_0181,visc_off_sensor_none_beta_0_cfl_0p2_nx_101_mode_1,2,off,none,0.0,0.2,101,1,0.16,completed,completed,0.16,p,0.1107674938546698,0.22214174277425133,1.05334486214242,13.087902172200002,0.0,0.0
run_0182,visc_off_sensor_none_beta_0_cfl_0p2_nx_201_mode_1,2,off,none,0.0,0.2,201,1,0.16,completed,completed,0.16,rho,0.04949042202144596,0.10410523078211192,0.6032696710337712,8.6147591926,0.24814794456622888,0.23238474018754895
run_0182,visc_off_sensor_none_beta_0_cfl_0p2_nx_201_mode_1,2,off,none,0.0,0.2,201,1,0.16,completed,completed,0.16,u,0.048520083316315694,0.10961268772497791,0.6300471248,10.4603690587,0.0,0.29452862049364503
run_0182,visc_off_sensor_none_beta_0_cfl_0p2_nx_201_mode_1,2,off,none,0.0,0.2,201,1,0.16,completed,completed,0.16,p,0.08046782245689008,0.19300024033149993,1.02168459474242,17.132688570000003,0.0,0.0
run_0183,visc_off_sensor_none_beta_0_cfl_0p2_nx_501_mode_1,2,off,none,0.0,0.2,501,1,0.16,completed,completed,0.16,rho,0.0293598663431262,0.07946203353602863,0.6876871068337711,11.6627609522,0.2595835393662289,0.260221878987549
run_0183,visc_off_sensor_none_beta_0_cfl_0p2_nx_501_mode_1,2,off,none,0.0,0.2,501,1,0.16,completed,completed,0.16,u,0.025140620908273948,0.0828999701978516,1.1193911133,12.572806016800001,0.0,0.307154085693645
run_0183,visc_off_sensor_none_beta_0_cfl_0p2_nx_501_mode_1,2,off,none,0.0,0.2,501,1,0.16,completed,completed,0.16,p,0.0425590159293708,0.13259494725320733,1.1324554269,22.2892375122,0.0,0.0
run_0184,visc_off_sensor_none_beta_0_cfl_0p2_nx_1001_mode_1,2,off,none,0.0,0.2,1001,1,0.16,completed,completed,0.16,rho,0.018073021631292957,0.06165876063247805,0.7028648893,12.6629855778,0.2644908172662289,0.23414529398754902
run_0184,visc_off_sensor_none_beta_0_cfl_0p2_nx_1001_mode_1,2,off,none,0.0,0.2,1001,1,0.16,completed,completed,0.16,u,0.01402411665943676,0.06879046018424968,1.4524613866,12.9255885348,0.0,0.283476119093645
run_0184,visc_off_sensor_none_beta_0_cfl_0p2_nx_1001_mode_1,2,off,none,0.0,0.2,1001,1,0.16,completed,completed,0.16,p,0.023503228265220198,0.10407567742788622,1.7135939079000002,23.223597063800007,0.0,0.0
run_0185,visc_off_sensor_none_beta_0_cfl_0p5_nx_101_mode_1,2,off,none,0.0,0.5,101,1,0.16,completed,completed,0.16,rho,0.05296863899588815,0.1166586157461557,0.6268043543337711,4.8745758183,0.23211692736622888,0.26406190058754886
run_0185,visc_off_sensor_none_beta_0_cfl_0p5_nx_101_mode_1,2,off,none,0.0,0.5,101,1,0.16,completed,completed,0.16,u,0.04865010659533496,0.09724085143799871,0.574484417606355,5.8988263307999995,0.0,0.31840280699364487
run_0185,visc_off_sensor_none_beta_0_cfl_0p5_nx_101_mode_1,2,off,none,0.0,0.5,101,1,0.16,completed,completed,0.16,p,0.07658116059251821,0.17481965633601723,0.99544512884242,9.059319996000001,0.0,0.0
run_0186,visc_off_sensor_none_beta_0_cfl_0p5_nx_201_mode_1,2,off,none,0.0,0.5,201,1,0.16,completed,completed,0.16,rho,0.03510148992777055,0.08716600077726938,0.5905283365337711,5.8567724052,0.2445684493662289,0.24242101198754895
run_0186,visc_off_sensor_none_beta_0_cfl_0p5_nx_201_mode_1,2,off,none,0.0,0.5,201,1,0.16,completed,completed,0.16,u,0.027405873227735345,0.07331645463114235,0.690542844906355,6.2062683413,0.0,0.287142264393645
run_0186,visc_off_sensor_none_beta_0_cfl_0p5_nx_201_mode_1,2,off,none,0.0,0.5,201,1,0.16,completed,completed,0.16,p,0.045260235184078894,0.13179742621004048,1.14296589904242,10.0907202629,0.0,0.0
run_0187,visc_off_sensor_none_beta_0_cfl_0p5_nx_501_mode_1,2,off,none,0.0,0.5,501,1,0.16,completed,completed,0.16,rho,0.018971083074767883,0.06586394048312062,0.6680678816337711,6.4454518258,0.2537514983662289,0.245588955587549
run_0187,visc_off_sensor_none_beta_0_cfl_0p5_nx_501_mode_1,2,off,none,0.0,0.5,501,1,0.16,completed,completed,0.16,u,0.01159480169298592,0.044822338494000476,0.629704628406355,6.273398578499999,0.0,0.28880248679364495
run_0187,visc_off_sensor_none_beta_0_cfl_0p5_nx_501_mode_1,2,off,none,0.0,0.5,501,1,0.16,completed,completed,0.16,p,0.019131014083130875,0.08161445368336148,1.06694138604242,10.389529299899998,0.0,0.0
run_0188,visc_off_sensor_none_beta_0_cfl_0p5_nx_1001_mode_1,2,off,none,0.0,0.5,1001,1,0.16,completed,completed,0.16,rho,0.011478392794742586,0.04877292902696426,0.6444349140337711,6.774694735800001,0.2577746742662289,0.22876113188754887
run_0188,visc_off_sensor_none_beta_0_cfl_0p5_nx_1001_mode_1,2,off,none,0.0,0.5,1001,1,0.16,completed,completed,0.16,u,0.00586024741033765,0.029585957662058446,0.4407366578,6.2240438238,0.0,0.270113231993645
run_0188,visc_off_sensor_none_beta_0_cfl_0p5_nx_1001_mode_1,2,off,none,0.0,0.5,1001,1,0.16,completed,completed,0.16,p,0.00949565492366172,0.05262199225946506,0.6688506180424201,10.363373650000003,0.0,0.0
run_0189,visc_off_sensor_none_beta_0_cfl_0p8_nx_101_mode_1,2,off,none,0.0,0.8,101,1,0.16,completed,completed,0.16,rho,0.046186127098961756,0.11111839489478258,0.6364845161337711,4.1245254324000005,0.22675366806622888,0.2327888592875489
run_0189,visc_off_sensor_none_beta_0_cfl_0p8_nx_101_mode_1,2,off,none,0.0,0.8,101,1,0.16,completed,completed,0.16,u,0.037985262929216265,0.08706112797454199,0.643579724606355,4.642930959700001,0.0,0.2794161415936449
run_0189,visc_off_sensor_none_beta_0_cfl_0p8_nx_101_mode_1,2,off,none,0.0,0.8,101,1,0.16,completed,completed,0.16,p,0.05862386917451819,0.1511224865983309,1.08317529094242,6.990930144600002,0.0,0.0
run_0190,visc_off_sensor_none_beta_0_cfl_0p8_nx_201_mode_1,2,off,none,0.0,0.8,201,1,0.16,completed,completed,0.16,rho,0.02939989822064506,0.08395578146205351,0.5852351886337711,4.5244985903,0.2382281495662289,0.212619872687549
run_0190,visc_off_sensor_none_beta_0_cfl_0p8_nx_201_mode_1,2,off,none,0.0,0.8,201,1,0.16,completed,completed,0.16,u,0.021259883758040492,0.07409464989044205,0.890707575206355,4.6237121762000015,0.0,0.2560179968936449
run_0190,visc_off_sensor_none_beta_0_cfl_0p8_nx_201_mode_1,2,off,none,0.0,0.8,201,1,0.16,completed,completed,0.16,p,0.03364137159789669,0.12242395559421052,1.36887835274242,7.109312565299998,0.0,0.0
run_0191,visc_off_sensor_none_beta_0_cfl_0p8_nx_501_mode_1,2,off,none,0.0,0.8,501,1,0.16,completed,completed,0.16,rho,0.016065083402766904,0.06389581519240131,0.6611449817337711,4.8931035641000005,0.24787113046622888,0.21688380978754895
run_0191,visc_off_sensor_none_beta_0_cfl_0p8_nx_501_mode_1,2,off,none,0.0,0.8,501,1,0.16,completed,completed,0.16,u,0.008854448366691556,0.04556126614633129,0.858205626106355,4.662407379300001,0.0,0.2601426862936449
run_0191,visc_off_sensor_none_beta_0_cfl_0p8_nx_501_mode_1,2,off,none,0.0,0.8,501,1,0.16,completed,completed,0.16,p,0.013992054678574646,0.07668928121767185,1.33449213114242,7.266256960599999,0.0,0.0
run_0192,visc_off_sensor_none_beta_0_cfl_0p8_nx_1001_mode_1,2,off,none,0.0,0.8,1001,1,0.16,completed,completed,0.16,rho,0.009617755495053728,0.0467144827726584,0.6372820304337711,5.174897808200001,0.2525377527662289,0.229528743187549
run_0192,visc_off_sensor_none_beta_0_cfl_0p8_nx_1001_mode_1,2,off,none,0.0,0.8,1001,1,0.16,completed,completed,0.16,u,0.004278878209246211,0.02548838541347656,0.564443671806355,4.6422118928,0.0,0.26933741759364493
run_0192,visc_off_sensor_none_beta_0_cfl_0p8_nx_1001_mode_1,2,off,none,0.0,0.8,1001,1,0.16,completed,completed,0.16,p,0.006629373110847868,0.045631435685935945,0.97973326564242,7.3213231518,0.0,0.0
