TITLE = "Artificial-viscosity beta sweep"
VARIABLES = "x", "rho", "u", "p"
ZONE T="Exact", I=501, F=POINT
0.000000000000000e+00 4.450000000000000e-01 6.980000000000000e-01 3.528000000000000e+00
2.000000000000000e-03 4.450000000000000e-01 6.980000000000000e-01 3.528000000000000e+00
4.000000000000000e-03 4.450000000000000e-01 6.980000000000000e-01 3.528000000000000e+00
6.000000000000000e-03 4.450000000000000e-01 6.980000000000000e-01 3.528000000000000e+00
8.000000000000000e-03 4.450000000000000e-01 6.980000000000000e-01 3.528000000000000e+00
1.000000000000000e-02 4.450000000000000e-01 6.980000000000000e-01 3.528000000000000e+00
1.200000000000000e-02 4.450000000000000e-01 6.980000000000000e-01 3.528000000000000e+00
1.400000000000000e-02 4.450000000000000e-01 6.980000000000000e-01 3.528000000000000e+00
1.600000000000000e-02 4.450000000000000e-01 6.980000000000000e-01 3.528000000000000e+00
1.800000000000000e-02 4.450000000000000e-01 6.980000000000000e-01 3.528000000000000e+00
2.000000000000000e-02 4.450000000000000e-01 6.980000000000000e-01 3.528000000000000e+00
2.200000000000000e-02 4.450000000000000e-01 6.980000000000000e-01 3.528000000000000e+00
2.400000000000000e-02 4.450000000000000e-01 6.980000000000000e-01 3.528000000000000e+00
2.600000000000000e-02 4.450000000000000e-01 6.980000000000000e-01 3.528000000000000e+00
2.800000000000000e-02 4.450000000000000e-01 6.980000000000000e-01 3.528000000000000e+00
3.000000000000000e-02 4.450000000000000e-01 6.980000000000000e-01 3.528000000000000e+00
3.200000000000000e-02 4.450000000000000e-01 6.980000000000000e-01 3.528000000000000e+00
3.400000000000000e-02 4.450000000000000e-01 6.980000000000000e-01 3.528000000000000e+00
3.600000000000000e-02 4.450000000000000e-01 6.980000000000000e-01 3.528000000000000e+00
3.800000000000000e-02 4.450000000000000e-01 6.980000000000000e-01 3.528000000000000e+00
4.000000000000000e-02 4.450000000000000e-01 6.980000000000000e-01 3.528000000000000e+00
4.200000000000000e-02 4.450000000000000e-01 6.980000000000000e-01 3.528000000000000e+00
4.400000000000000e-02 4.450000000000000e-01 6.980000000000000e-01 3.528000000000000e+00
4.600000000000000e-02 4.450000000000000e-01 6.980000000000000e-01 3.528000000000000e+00
4.800000000000000e-02 4.450000000000000e-01 6.980000000000000e-01 3.528000000000000e+00
5.000000000000000e-02 4.450000000000000e-01 6.980000000000000e-01 3.528000000000000e+00
5.200000000000000e-02 4.450000000000000e-01 6.980000000000000e-01 3.528000000000000e+00
5.400000000000000e-02 4.450000000000000e-01 6.980000000000000e-01 3.528000000000000e+00
5.600000000000000e-02 4.450000000000000e-01 6.980000000000000e-01 3.528000000000000e+00
5.800000000000000e-02 4.450000000000000e-01 6.980000000000000e-01 3.528000000000000e+00
6.000000000000000e-02 4.450000000000000e-01 6.980000000000000e-01 3.528000000000000e+00
6.200000000000000e-02 4.450000000000000e-01 6.980000000000000e-01 3.528000000000000e+00
6.400000000000000e-02 4.450000000000000e-01 6.980000000000000e-01 3.528000000000000e+00
6.600000000000000e-02 4.450000000000000e-01 6.980000000000000e-01 3.528000000000000e+00
6.800000000000000e-02 4.450000000000000e-01 6.980000000000000e-01 3.528000000000000e+00
7.000000000000001e-02 4.450000000000000e-01 6.980000000000000e-01 3.528000000000000e+00
7.200000000000001e-02 4.450000000000000e-01 6.980000000000000e-01 3.528000000000000e+00
7.400000000000000e-02 4.450000000000000e-01 6.980000000000000e-01 3.528000000000000e+00
7.600000000000000e-02 4.450000000000000e-01 6.980000000000000e-01 3.528000000000000e+00
7.800000000000000e-02 4.450000000000000e-01 6.980000000000000e-01 3.528000000000000e+00
8.000000000000000e-02 4.440474464211658e-01 7.051375617166933e-01 3.517431825706978e+00
8.200000000000000e-02 4.426602032965077e-01 7.155542283833601e-01 3.502057172833334e+00
8.400000000000001e-02 4.412764294354277e-01 7.259708950500270e-01 3.486740158044638e+00
8.600000000000001e-02 4.398961183268165e-01 7.363875617166934e-01 3.471480601161928e+00
8.799999999999999e-02 4.385192634677173e-01 7.468042283833598e-01 3.456278322457131e+00
9.000000000000000e-02 4.371458583633194e-01 7.572208950500267e-01 3.441133142652197e+00
9.200000000000000e-02 4.357758965269531e-01 7.676375617166931e-01 3.426044882918260e+00
9.400000000000000e-02 4.344093714800871e-01 7.780542283833599e-01 3.411013364874814e+00
9.600000000000000e-02 4.330462767523196e-01 7.884708950500268e-01 3.396038410588835e+00
9.800000000000000e-02 4.316866058813758e-01 7.988875617166932e-01 3.381119842573958e+00
1.000000000000000e-01 4.303303524131019e-01 8.093042283833600e-01 3.366257483789637e+00
1.020000000000000e-01 4.289775099014599e-01 8.197208950500264e-01 3.351451157640295e+00
1.040000000000000e-01 4.276280719085239e-01 8.301375617166933e-01 3.336700687974499e+00
1.060000000000000e-01 4.262820320044721e-01 8.405542283833600e-01 3.322005899084101e+00
1.080000000000000e-01 4.249393837675849e-01 8.509708950500265e-01 3.307366615703425e+00
1.100000000000000e-01 4.236001207842379e-01 8.613875617166933e-01 3.292782663008410e+00
1.120000000000000e-01 4.222642366488966e-01 8.718042283833601e-01 3.278253866615784e+00
1.140000000000000e-01 4.209317249641127e-01 8.822208950500265e-01 3.263780052582232e+00
1.160000000000000e-01 4.196025793405176e-01 8.926375617166934e-01 3.249361047403557e+00
1.180000000000000e-01 4.182767933968187e-01 9.030542283833598e-01 3.234996678013858e+00
1.200000000000000e-01 4.169543607597926e-01 9.134708950500267e-01 3.220686771784683e+00
1.220000000000000e-01 4.156352750642815e-01 9.238875617166935e-01 3.206431156524215e+00
1.240000000000000e-01 4.143195299531873e-01 9.343042283833599e-01 3.192229660476436e+00
1.260000000000000e-01 4.130071190774667e-01 9.447208950500268e-01 3.178082112320300e+00
1.280000000000000e-01 4.116980360961260e-01 9.551375617166935e-01 3.163988341168903e+00
1.300000000000000e-01 4.103922746762159e-01 9.655542283833600e-01 3.149948176568663e+00
1.320000000000000e-01 4.090898284928265e-01 9.759708950500268e-01 3.135961448498490e+00
1.340000000000000e-01 4.077906912290835e-01 9.863875617166933e-01 3.122027987368978e+00
1.360000000000000e-01 4.064948565761400e-01 9.968042283833600e-01 3.108147624021553e+00
1.380000000000000e-01 4.052023182331745e-01 1.007220895050027e+00 3.094320189727680e+00
1.400000000000000e-01 4.039130699073843e-01 1.017637561716693e+00 3.080545516188027e+00
1.420000000000000e-01 4.026271053139801e-01 1.028054228383360e+00 3.066823435531649e+00
1.440000000000000e-01 4.013444181761819e-01 1.038470895050027e+00 3.053153780315171e+00
1.460000000000000e-01 4.000650022252134e-01 1.048887561716694e+00 3.039536383521971e+00
1.480000000000000e-01 3.987888512002964e-01 1.059304228383360e+00 3.025971078561360e+00
1.500000000000000e-01 3.975159588486472e-01 1.069720895050027e+00 3.012457699267777e+00
1.520000000000000e-01 3.962463189254696e-01 1.080137561716694e+00 2.998996079899958e+00
1.540000000000000e-01 3.949799251939511e-01 1.090554228383360e+00 2.985586055140141e+00
1.560000000000000e-01 3.937167714252574e-01 1.100970895050027e+00 2.972227460093240e+00
1.580000000000000e-01 3.924568513985270e-01 1.111387561716694e+00 2.958920130286040e+00
1.600000000000000e-01 3.912001589008667e-01 1.121804228383360e+00 2.945663901666386e+00
1.620000000000000e-01 3.899466877273457e-01 1.132220895050027e+00 2.932458610602374e+00
1.640000000000000e-01 3.886964316809918e-01 1.142637561716694e+00 2.919304093881549e+00
1.660000000000000e-01 3.874493845727841e-01 1.153054228383360e+00 2.906200188710080e+00
1.680000000000000e-01 3.862055402216512e-01 1.163470895050027e+00 2.893146732711984e+00
1.700000000000000e-01 3.849648924544624e-01 1.173887561716694e+00 2.880143563928290e+00
1.720000000000000e-01 3.837274351060250e-01 1.184304228383360e+00 2.867190520816252e+00
1.740000000000000e-01 3.824931620190786e-01 1.194720895050027e+00 2.854287442248545e+00
1.760000000000000e-01 3.812620670442897e-01 1.205137561716694e+00 2.841434167512460e+00
1.780000000000000e-01 3.800341440402469e-01 1.215554228383360e+00 2.828630536309105e+00
1.800000000000000e-01 3.788093868734560e-01 1.225970895050027e+00 2.815876388752608e+00
1.820000000000000e-01 3.775877894183341e-01 1.236387561716693e+00 2.803171565369310e+00
1.840000000000000e-01 3.763693455572054e-01 1.246804228383360e+00 2.790515907096981e+00
1.860000000000000e-01 3.751540491802957e-01 1.257220895050027e+00 2.777909255284006e+00
1.880000000000000e-01 3.739418941857268e-01 1.267637561716693e+00 2.765351451688605e+00
1.900000000000000e-01 3.727328744795123e-01 1.278054228383360e+00 2.752842338478029e+00
1.920000000000000e-01 3.715269839755519e-01 1.288470895050027e+00 2.740381758227769e+00
1.940000000000000e-01 3.703242165956270e-01 1.298887561716694e+00 2.727969553920771e+00
1.960000000000000e-01 3.691245662693941e-01 1.309304228383360e+00 2.715605568946629e+00
1.980000000000000e-01 3.679280269343816e-01 1.319720895050027e+00 2.703289647100813e+00
2.000000000000000e-01 3.667345925359833e-01 1.330137561716693e+00 2.691021632583861e+00
2.020000000000000e-01 3.655442570274535e-01 1.340554228383360e+00 2.678801370000603e+00
2.040000000000000e-01 3.643570143699026e-01 1.350970895050027e+00 2.666628704359372e+00
2.060000000000000e-01 3.631728585322913e-01 1.361387561716694e+00 2.654503481071215e+00
2.080000000000000e-01 3.619917834914253e-01 1.371804228383360e+00 2.642425545949104e+00
2.100000000000000e-01 3.608137832319521e-01 1.382220895050027e+00 2.630394745207170e+00
2.120000000000000e-01 3.596388517463525e-01 1.392637561716693e+00 2.618410925459889e+00
2.140000000000000e-01 3.584669830349391e-01 1.403054228383360e+00 2.606473933721332e+00
2.160000000000000e-01 3.572981711058482e-01 1.413470895050027e+00 2.594583617404359e+00
2.180000000000000e-01 3.561324099750367e-01 1.423887561716693e+00 2.582739824319853e+00
2.200000000000000e-01 3.549696936662759e-01 1.434304228383360e+00 2.570942402675933e+00
2.220000000000000e-01 3.538100162111470e-01 1.444720895050027e+00 2.559191201077181e+00
2.240000000000000e-01 3.526533716490361e-01 1.455137561716693e+00 2.547486068523868e+00
2.260000000000000e-01 3.514997540271280e-01 1.465554228383360e+00 2.535826854411164e+00
2.280000000000000e-01 3.503491574004026e-01 1.475970895050027e+00 2.524213408528381e+00
2.300000000000000e-01 3.492015758316286e-01 1.486387561716693e+00 2.512645581058182e+00
2.320000000000000e-01 3.480570033913592e-01 1.496804228383360e+00 2.501123222575822e+00
2.340000000000000e-01 3.469154341579263e-01 1.507220895050027e+00 2.489646184048365e+00
2.360000000000000e-01 3.457768622174358e-01 1.517637561716693e+00 2.478214316833921e+00
2.380000000000000e-01 3.446412816637625e-01 1.528054228383360e+00 2.466827472680867e+00
2.400000000000000e-01 3.445684735662289e-01 1.528723027606355e+00 2.466097914442420e+00
2.420000000000000e-01 3.445684735662289e-01 1.528723027606355e+00 2.466097914442420e+00
2.440000000000000e-01 3.445684735662289e-01 1.528723027606355e+00 2.466097914442420e+00
2.460000000000000e-01 3.445684735662289e-01 1.528723027606355e+00 2.466097914442420e+00
2.480000000000000e-01 3.445684735662289e-01 1.528723027606355e+00 2.466097914442420e+00
2.500000000000000e-01 3.445684735662289e-01 1.528723027606355e+00 2.466097914442420e+00
2.520000000000000e-01 3.445684735662289e-01 1.528723027606355e+00 2.466097914442420e+00
2.540000000000000e-01 3.445684735662289e-01 1.528723027606355e+00 2.466097914442420e+00
2.560000000000000e-01 3.445684735662289e-01 1.528723027606355e+00 2.466097914442420e+00
2.580000000000000e-01 3.445684735662289e-01 1.528723027606355e+00 2.466097914442420e+00
2.600000000000000e-01 3.445684735662289e-01 1.528723027606355e+00 2.466097914442420e+00
2.620000000000000e-01 3.445684735662289e-01 1.528723027606355e+00 2.466097914442420e+00
2.640000000000000e-01 3.445684735662289e-01 1.528723027606355e+00 2.466097914442420e+00
2.660000000000000e-01 3.445684735662289e-01 1.528723027606355e+00 2.466097914442420e+00
2.680000000000000e-01 3.445684735662289e-01 1.528723027606355e+00 2.466097914442420e+00
2.700000000000000e-01 3.445684735662289e-01 1.528723027606355e+00 2.466097914442420e+00
2.720000000000000e-01 3.445684735662289e-01 1.528723027606355e+00 2.466097914442420e+00
2.740000000000000e-01 3.445684735662289e-01 1.528723027606355e+00 2.466097914442420e+00
2.760000000000000e-01 3.445684735662289e-01 1.528723027606355e+00 2.466097914442420e+00
2.780000000000000e-01 3.445684735662289e-01 1.528723027606355e+00 2.466097914442420e+00
2.800000000000000e-01 3.445684735662289e-01 1.528723027606355e+00 2.466097914442420e+00
2.820000000000000e-01 3.445684735662289e-01 1.528723027606355e+00 2.466097914442420e+00
2.840000000000000e-01 3.445684735662289e-01 1.528723027606355e+00 2.466097914442420e+00
2.860000000000000e-01 3.445684735662289e-01 1.528723027606355e+00 2.466097914442420e+00
2.880000000000000e-01 3.445684735662289e-01 1.528723027606355e+00 2.466097914442420e+00
2.900000000000000e-01 3.445684735662289e-01 1.528723027606355e+00 2.466097914442420e+00
2.920000000000000e-01 3.445684735662289e-01 1.528723027606355e+00 2.466097914442420e+00
2.940000000000000e-01 3.445684735662289e-01 1.528723027606355e+00 2.466097914442420e+00
2.960000000000000e-01 3.445684735662289e-01 1.528723027606355e+00 2.466097914442420e+00
2.980000000000000e-01 3.445684735662289e-01 1.528723027606355e+00 2.466097914442420e+00
3.000000000000000e-01 3.445684735662289e-01 1.528723027606355e+00 2.466097914442420e+00
3.020000000000000e-01 3.445684735662289e-01 1.528723027606355e+00 2.466097914442420e+00
3.040000000000000e-01 3.445684735662289e-01 1.528723027606355e+00 2.466097914442420e+00
3.060000000000000e-01 3.445684735662289e-01 1.528723027606355e+00 2.466097914442420e+00
3.080000000000000e-01 3.445684735662289e-01 1.528723027606355e+00 2.466097914442420e+00
3.100000000000000e-01 3.445684735662289e-01 1.528723027606355e+00 2.466097914442420e+00
3.120000000000000e-01 3.445684735662289e-01 1.528723027606355e+00 2.466097914442420e+00
3.140000000000000e-01 3.445684735662289e-01 1.528723027606355e+00 2.466097914442420e+00
3.160000000000000e-01 3.445684735662289e-01 1.528723027606355e+00 2.466097914442420e+00
3.180000000000000e-01 3.445684735662289e-01 1.528723027606355e+00 2.466097914442420e+00
3.200000000000000e-01 3.445684735662289e-01 1.528723027606355e+00 2.466097914442420e+00
3.220000000000000e-01 3.445684735662289e-01 1.528723027606355e+00 2.466097914442420e+00
3.240000000000000e-01 3.445684735662289e-01 1.528723027606355e+00 2.466097914442420e+00
3.260000000000000e-01 3.445684735662289e-01 1.528723027606355e+00 2.466097914442420e+00
3.280000000000000e-01 3.445684735662289e-01 1.528723027606355e+00 2.466097914442420e+00
3.300000000000000e-01 3.445684735662289e-01 1.528723027606355e+00 2.466097914442420e+00
3.320000000000000e-01 3.445684735662289e-01 1.528723027606355e+00 2.466097914442420e+00
3.340000000000000e-01 3.445684735662289e-01 1.528723027606355e+00 2.466097914442420e+00
3.360000000000000e-01 3.445684735662289e-01 1.528723027606355e+00 2.466097914442420e+00
3.380000000000000e-01 3.445684735662289e-01 1.528723027606355e+00 2.466097914442420e+00
3.400000000000000e-01 3.445684735662289e-01 1.528723027606355e+00 2.466097914442420e+00
3.420000000000000e-01 3.445684735662289e-01 1.528723027606355e+00 2.466097914442420e+00
3.440000000000000e-01 3.445684735662289e-01 1.528723027606355e+00 2.466097914442420e+00
3.460000000000000e-01 3.445684735662289e-01 1.528723027606355e+00 2.466097914442420e+00
3.480000000000000e-01 3.445684735662289e-01 1.528723027606355e+00 2.466097914442420e+00
3.500000000000000e-01 3.445684735662289e-01 1.528723027606355e+00 2.466097914442420e+00
3.520000000000000e-01 3.445684735662289e-01 1.528723027606355e+00 2.466097914442420e+00
3.540000000000000e-01 3.445684735662289e-01 1.528723027606355e+00 2.466097914442420e+00
3.560000000000000e-01 3.445684735662289e-01 1.528723027606355e+00 2.466097914442420e+00
3.580000000000000e-01 3.445684735662289e-01 1.528723027606355e+00 2.466097914442420e+00
3.600000000000000e-01 3.445684735662289e-01 1.528723027606355e+00 2.466097914442420e+00
3.620000000000000e-01 3.445684735662289e-01 1.528723027606355e+00 2.466097914442420e+00
3.640000000000000e-01 3.445684735662289e-01 1.528723027606355e+00 2.466097914442420e+00
3.660000000000000e-01 3.445684735662289e-01 1.528723027606355e+00 2.466097914442420e+00
3.680000000000000e-01 3.445684735662289e-01 1.528723027606355e+00 2.466097914442420e+00
3.700000000000000e-01 3.445684735662289e-01 1.528723027606355e+00 2.466097914442420e+00
3.720000000000000e-01 3.445684735662289e-01 1.528723027606355e+00 2.466097914442420e+00
3.740000000000000e-01 3.445684735662289e-01 1.528723027606355e+00 2.466097914442420e+00
3.760000000000000e-01 3.445684735662289e-01 1.528723027606355e+00 2.466097914442420e+00
3.780000000000000e-01 3.445684735662289e-01 1.528723027606355e+00 2.466097914442420e+00
3.800000000000000e-01 3.445684735662289e-01 1.528723027606355e+00 2.466097914442420e+00
3.820000000000000e-01 3.445684735662289e-01 1.528723027606355e+00 2.466097914442420e+00
3.840000000000000e-01 3.445684735662289e-01 1.528723027606355e+00 2.466097914442420e+00
3.860000000000000e-01 3.445684735662289e-01 1.528723027606355e+00 2.466097914442420e+00
3.880000000000000e-01 3.445684735662289e-01 1.528723027606355e+00 2.466097914442420e+00
3.900000000000000e-01 3.445684735662289e-01 1.528723027606355e+00 2.466097914442420e+00
3.920000000000000e-01 3.445684735662289e-01 1.528723027606355e+00 2.466097914442420e+00
3.940000000000000e-01 3.445684735662289e-01 1.528723027606355e+00 2.466097914442420e+00
3.960000000000000e-01 3.445684735662289e-01 1.528723027606355e+00 2.466097914442420e+00
3.980000000000000e-01 3.445684735662289e-01 1.528723027606355e+00 2.466097914442420e+00
4.000000000000000e-01 3.445684735662289e-01 1.528723027606355e+00 2.466097914442420e+00
4.020000000000000e-01 3.445684735662289e-01 1.528723027606355e+00 2.466097914442420e+00
4.040000000000000e-01 3.445684735662289e-01 1.528723027606355e+00 2.466097914442420e+00
4.060000000000000e-01 3.445684735662289e-01 1.528723027606355e+00 2.466097914442420e+00
4.080000000000000e-01 3.445684735662289e-01 1.528723027606355e+00 2.466097914442420e+00
4.100000000000000e-01 3.445684735662289e-01 1.528723027606355e+00 2.466097914442420e+00
4.120000000000000e-01 3.445684735662289e-01 1.528723027606355e+00 2.466097914442420e+00
4.140000000000000e-01 3.445684735662289e-01 1.528723027606355e+00 2.466097914442420e+00
4.160000000000000e-01 3.445684735662289e-01 1.528723027606355e+00 2.466097914442420e+00
4.180000000000000e-01 3.445684735662289e-01 1.528723027606355e+00 2.466097914442420e+00
4.200000000000000e-01 3.445684735662289e-01 1.528723027606355e+00 2.466097914442420e+00
4.220000000000000e-01 3.445684735662289e-01 1.528723027606355e+00 2.466097914442420e+00
4.240000000000000e-01 3.445684735662289e-01 1.528723027606355e+00 2.466097914442420e+00
4.260000000000000e-01 3.445684735662289e-01 1.528723027606355e+00 2.466097914442420e+00
4.280000000000000e-01 3.445684735662289e-01 1.528723027606355e+00 2.466097914442420e+00
4.300000000000000e-01 3.445684735662289e-01 1.528723027606355e+00 2.466097914442420e+00
4.320000000000000e-01 3.445684735662289e-01 1.528723027606355e+00 2.466097914442420e+00
4.340000000000000e-01 3.445684735662289e-01 1.528723027606355e+00 2.466097914442420e+00
4.360000000000000e-01 3.445684735662289e-01 1.528723027606355e+00 2.466097914442420e+00
4.380000000000000e-01 3.445684735662289e-01 1.528723027606355e+00 2.466097914442420e+00
4.400000000000000e-01 3.445684735662289e-01 1.528723027606355e+00 2.466097914442420e+00
4.420000000000000e-01 3.445684735662289e-01 1.528723027606355e+00 2.466097914442420e+00
4.440000000000000e-01 3.445684735662289e-01 1.528723027606355e+00 2.466097914442420e+00
4.460000000000000e-01 3.445684735662289e-01 1.528723027606355e+00 2.466097914442420e+00
4.480000000000000e-01 3.445684735662289e-01 1.528723027606355e+00 2.466097914442420e+00
4.500000000000000e-01 3.445684735662289e-01 1.528723027606355e+00 2.466097914442420e+00
4.520000000000000e-01 3.445684735662289e-01 1.528723027606355e+00 2.466097914442420e+00
4.540000000000000e-01 3.445684735662289e-01 1.528723027606355e+00 2.466097914442420e+00
4.560000000000000e-01 3.445684735662289e-01 1.528723027606355e+00 2.466097914442420e+00
4.580000000000000e-01 3.445684735662289e-01 1.528723027606355e+00 2.466097914442420e+00
4.600000000000000e-01 3.445684735662289e-01 1.528723027606355e+00 2.466097914442420e+00
4.620000000000000e-01 3.445684735662289e-01 1.528723027606355e+00 2.466097914442420e+00
4.640000000000000e-01 3.445684735662289e-01 1.528723027606355e+00 2.466097914442420e+00
4.660000000000000e-01 3.445684735662289e-01 1.528723027606355e+00 2.466097914442420e+00
4.680000000000000e-01 3.445684735662289e-01 1.528723027606355e+00 2.466097914442420e+00
4.700000000000000e-01 3.445684735662289e-01 1.528723027606355e+00 2.466097914442420e+00
4.720000000000000e-01 3.445684735662289e-01 1.528723027606355e+00 2.466097914442420e+00
4.740000000000000e-01 3.445684735662289e-01 1.528723027606355e+00 2.466097914442420e+00
4.760000000000000e-01 3.445684735662289e-01 1.528723027606355e+00 2.466097914442420e+00
4.780000000000000e-01 3.445684735662289e-01 1.528723027606355e+00 2.466097914442420e+00
4.800000000000000e-01 3.445684735662289e-01 1.528723027606355e+00 2.466097914442420e+00
4.820000000000000e-01 3.445684735662289e-01 1.528723027606355e+00 2.466097914442420e+00
4.840000000000000e-01 3.445684735662289e-01 1.528723027606355e+00 2.466097914442420e+00
4.860000000000000e-01 3.445684735662289e-01 1.528723027606355e+00 2.466097914442420e+00
4.880000000000000e-01 3.445684735662289e-01 1.528723027606355e+00 2.466097914442420e+00
4.900000000000000e-01 3.445684735662289e-01 1.528723027606355e+00 2.466097914442420e+00
4.920000000000000e-01 3.445684735662289e-01 1.528723027606355e+00 2.466097914442420e+00
4.940000000000000e-01 3.445684735662289e-01 1.528723027606355e+00 2.466097914442420e+00
4.960000000000000e-01 3.445684735662289e-01 1.528723027606355e+00 2.466097914442420e+00
4.980000000000000e-01 3.445684735662289e-01 1.528723027606355e+00 2.466097914442420e+00
5.000000000000000e-01 3.445684735662289e-01 1.528723027606355e+00 2.466097914442420e+00
5.020000000000000e-01 3.445684735662289e-01 1.528723027606355e+00 2.466097914442420e+00
5.040000000000000e-01 3.445684735662289e-01 1.528723027606355e+00 2.466097914442420e+00
5.060000000000000e-01 3.445684735662289e-01 1.528723027606355e+00 2.466097914442420e+00
5.080000000000000e-01 3.445684735662289e-01 1.528723027606355e+00 2.466097914442420e+00
5.100000000000000e-01 3.445684735662289e-01 1.528723027606355e+00 2.466097914442420e+00
5.120000000000000e-01 3.445684735662289e-01 1.528723027606355e+00 2.466097914442420e+00
5.140000000000000e-01 3.445684735662289e-01 1.528723027606355e+00 2.466097914442420e+00
5.160000000000000e-01 3.445684735662289e-01 1.528723027606355e+00 2.466097914442420e+00
5.180000000000000e-01 3.445684735662289e-01 1.528723027606355e+00 2.466097914442420e+00
5.200000000000000e-01 3.445684735662289e-01 1.528723027606355e+00 2.466097914442420e+00
5.220000000000000e-01 3.445684735662289e-01 1.528723027606355e+00 2.466097914442420e+00
5.240000000000000e-01 3.445684735662289e-01 1.528723027606355e+00 2.466097914442420e+00
5.260000000000000e-01 3.445684735662289e-01 1.528723027606355e+00 2.466097914442420e+00
5.280000000000000e-01 3.445684735662289e-01 1.528723027606355e+00 2.466097914442420e+00
5.300000000000000e-01 3.445684735662289e-01 1.528723027606355e+00 2.466097914442420e+00
5.320000000000000e-01 3.445684735662289e-01 1.528723027606355e+00 2.466097914442420e+00
5.340000000000000e-01 3.445684735662289e-01 1.528723027606355e+00 2.466097914442420e+00
5.360000000000000e-01 3.445684735662289e-01 1.528723027606355e+00 2.466097914442420e+00
5.380000000000000e-01 3.445684735662289e-01 1.528723027606355e+00 2.466097914442420e+00
5.400000000000000e-01 3.445684735662289e-01 1.528723027606355e+00 2.466097914442420e+00
5.420000000000000e-01 3.445684735662289e-01 1.528723027606355e+00 2.466097914442420e+00
5.440000000000000e-01 3.445684735662289e-01 1.528723027606355e+00 2.466097914442420e+00
5.460000000000000e-01 3.445684735662289e-01 1.528723027606355e+00 2.466097914442420e+00
5.480000000000000e-01 3.445684735662289e-01 1.528723027606355e+00 2.466097914442420e+00
5.500000000000000e-01 3.445684735662289e-01 1.528723027606355e+00 2.466097914442420e+00
5.520000000000000e-01 3.445684735662289e-01 1.528723027606355e+00 2.466097914442420e+00
5.540000000000000e-01 3.445684735662289e-01 1.528723027606355e+00 2.466097914442420e+00
5.560000000000000e-01 3.445684735662289e-01 1.528723027606355e+00 2.466097914442420e+00
5.580000000000001e-01 3.445684735662289e-01 1.528723027606355e+00 2.466097914442420e+00
5.600000000000001e-01 3.445684735662289e-01 1.528723027606355e+00 2.466097914442420e+00
5.620000000000001e-01 3.445684735662289e-01 1.528723027606355e+00 2.466097914442420e+00
5.640000000000001e-01 3.445684735662289e-01 1.528723027606355e+00 2.466097914442420e+00
5.660000000000001e-01 3.445684735662289e-01 1.528723027606355e+00 2.466097914442420e+00
5.680000000000001e-01 3.445684735662289e-01 1.528723027606355e+00 2.466097914442420e+00
5.700000000000001e-01 3.445684735662289e-01 1.528723027606355e+00 2.466097914442420e+00
5.720000000000001e-01 3.445684735662289e-01 1.528723027606355e+00 2.466097914442420e+00
5.740000000000001e-01 3.445684735662289e-01 1.528723027606355e+00 2.466097914442420e+00
5.760000000000001e-01 3.445684735662289e-01 1.528723027606355e+00 2.466097914442420e+00
5.780000000000000e-01 3.445684735662289e-01 1.528723027606355e+00 2.466097914442420e+00
5.800000000000000e-01 3.445684735662289e-01 1.528723027606355e+00 2.466097914442420e+00
5.820000000000000e-01 3.445684735662289e-01 1.528723027606355e+00 2.466097914442420e+00
5.840000000000000e-01 3.445684735662289e-01 1.528723027606355e+00 2.466097914442420e+00
5.860000000000000e-01 3.445684735662289e-01 1.528723027606355e+00 2.466097914442420e+00
5.880000000000000e-01 3.445684735662289e-01 1.528723027606355e+00 2.466097914442420e+00
5.900000000000000e-01 3.445684735662289e-01 1.528723027606355e+00 2.466097914442420e+00
5.920000000000000e-01 3.445684735662289e-01 1.528723027606355e+00 2.466097914442420e+00
5.940000000000000e-01 3.445684735662289e-01 1.528723027606355e+00 2.466097914442420e+00
5.960000000000000e-01 3.445684735662289e-01 1.528723027606355e+00 2.466097914442420e+00
5.980000000000000e-01 3.445684735662289e-01 1.528723027606355e+00 2.466097914442420e+00
6.000000000000000e-01 3.445684735662289e-01 1.528723027606355e+00 2.466097914442420e+00
6.020000000000000e-01 3.445684735662289e-01 1.528723027606355e+00 2.466097914442420e+00
6.040000000000000e-01 3.445684735662289e-01 1.528723027606355e+00 2.466097914442420e+00
6.060000000000000e-01 3.445684735662289e-01 1.528723027606355e+00 2.466097914442420e+00
6.080000000000000e-01 3.445684735662289e-01 1.528723027606355e+00 2.466097914442420e+00
6.100000000000000e-01 3.445684735662289e-01 1.528723027606355e+00 2.466097914442420e+00
6.120000000000000e-01 3.445684735662289e-01 1.528723027606355e+00 2.466097914442420e+00
6.140000000000000e-01 3.445684735662289e-01 1.528723027606355e+00 2.466097914442420e+00
6.160000000000000e-01 3.445684735662289e-01 1.528723027606355e+00 2.466097914442420e+00
6.180000000000000e-01 3.445684735662289e-01 1.528723027606355e+00 2.466097914442420e+00
6.200000000000000e-01 3.445684735662289e-01 1.528723027606355e+00 2.466097914442420e+00
6.220000000000000e-01 3.445684735662289e-01 1.528723027606355e+00 2.466097914442420e+00
6.240000000000000e-01 3.445684735662289e-01 1.528723027606355e+00 2.466097914442420e+00
6.260000000000000e-01 3.445684735662289e-01 1.528723027606355e+00 2.466097914442420e+00
6.280000000000000e-01 3.445684735662289e-01 1.528723027606355e+00 2.466097914442420e+00
6.300000000000000e-01 3.445684735662289e-01 1.528723027606355e+00 2.466097914442420e+00
6.320000000000000e-01 3.445684735662289e-01 1.528723027606355e+00 2.466097914442420e+00
6.340000000000000e-01 3.445684735662289e-01 1.528723027606355e+00 2.466097914442420e+00
6.360000000000000e-01 3.445684735662289e-01 1.528723027606355e+00 2.466097914442420e+00
6.380000000000000e-01 3.445684735662289e-01 1.528723027606355e+00 2.466097914442420e+00
6.400000000000000e-01 3.445684735662289e-01 1.528723027606355e+00 2.466097914442420e+00
6.420000000000000e-01 3.445684735662289e-01 1.528723027606355e+00 2.466097914442420e+00
6.440000000000000e-01 3.445684735662289e-01 1.528723027606355e+00 2.466097914442420e+00
6.460000000000000e-01 3.445684735662289e-01 1.528723027606355e+00 2.466097914442420e+00
6.480000000000000e-01 3.445684735662289e-01 1.528723027606355e+00 2.466097914442420e+00
6.500000000000000e-01 3.445684735662289e-01 1.528723027606355e+00 2.466097914442420e+00
6.520000000000000e-01 3.445684735662289e-01 1.528723027606355e+00 2.466097914442420e+00
6.540000000000000e-01 3.445684735662289e-01 1.528723027606355e+00 2.466097914442420e+00
6.560000000000000e-01 3.445684735662289e-01 1.528723027606355e+00 2.466097914442420e+00
6.580000000000000e-01 3.445684735662289e-01 1.528723027606355e+00 2.466097914442420e+00
6.600000000000000e-01 3.445684735662289e-01 1.528723027606355e+00 2.466097914442420e+00
6.620000000000000e-01 3.445684735662289e-01 1.528723027606355e+00 2.466097914442420e+00
6.640000000000000e-01 3.445684735662289e-01 1.528723027606355e+00 2.466097914442420e+00
6.660000000000000e-01 3.445684735662289e-01 1.528723027606355e+00 2.466097914442420e+00
6.680000000000000e-01 3.445684735662289e-01 1.528723027606355e+00 2.466097914442420e+00
6.700000000000000e-01 3.445684735662289e-01 1.528723027606355e+00 2.466097914442420e+00
6.720000000000000e-01 3.445684735662289e-01 1.528723027606355e+00 2.466097914442420e+00
6.740000000000000e-01 3.445684735662289e-01 1.528723027606355e+00 2.466097914442420e+00
6.760000000000000e-01 3.445684735662289e-01 1.528723027606355e+00 2.466097914442420e+00
6.780000000000000e-01 3.445684735662289e-01 1.528723027606355e+00 2.466097914442420e+00
6.800000000000000e-01 3.445684735662289e-01 1.528723027606355e+00 2.466097914442420e+00
6.820000000000001e-01 3.445684735662289e-01 1.528723027606355e+00 2.466097914442420e+00
6.840000000000001e-01 3.445684735662289e-01 1.528723027606355e+00 2.466097914442420e+00
6.860000000000001e-01 3.445684735662289e-01 1.528723027606355e+00 2.466097914442420e+00
6.880000000000001e-01 3.445684735662289e-01 1.528723027606355e+00 2.466097914442420e+00
6.900000000000001e-01 3.445684735662289e-01 1.528723027606355e+00 2.466097914442420e+00
6.920000000000001e-01 3.445684735662289e-01 1.528723027606355e+00 2.466097914442420e+00
6.940000000000001e-01 3.445684735662289e-01 1.528723027606355e+00 2.466097914442420e+00
6.960000000000001e-01 3.445684735662289e-01 1.528723027606355e+00 2.466097914442420e+00
6.980000000000001e-01 3.445684735662289e-01 1.528723027606355e+00 2.466097914442420e+00
7.000000000000001e-01 3.445684735662289e-01 1.528723027606355e+00 2.466097914442420e+00
7.020000000000001e-01 3.445684735662289e-01 1.528723027606355e+00 2.466097914442420e+00
7.040000000000000e-01 3.445684735662289e-01 1.528723027606355e+00 2.466097914442420e+00
7.060000000000000e-01 3.445684735662289e-01 1.528723027606355e+00 2.466097914442420e+00
7.080000000000000e-01 3.445684735662289e-01 1.528723027606355e+00 2.466097914442420e+00
7.100000000000000e-01 3.445684735662289e-01 1.528723027606355e+00 2.466097914442420e+00
7.120000000000000e-01 3.445684735662289e-01 1.528723027606355e+00 2.466097914442420e+00
7.140000000000000e-01 3.445684735662289e-01 1.528723027606355e+00 2.466097914442420e+00
7.160000000000000e-01 3.445684735662289e-01 1.528723027606355e+00 2.466097914442420e+00
7.180000000000000e-01 3.445684735662289e-01 1.528723027606355e+00 2.466097914442420e+00
7.200000000000000e-01 3.445684735662289e-01 1.528723027606355e+00 2.466097914442420e+00
7.220000000000000e-01 3.445684735662289e-01 1.528723027606355e+00 2.466097914442420e+00
7.240000000000000e-01 3.445684735662289e-01 1.528723027606355e+00 2.466097914442420e+00
7.260000000000000e-01 3.445684735662289e-01 1.528723027606355e+00 2.466097914442420e+00
7.280000000000000e-01 3.445684735662289e-01 1.528723027606355e+00 2.466097914442420e+00
7.300000000000000e-01 3.445684735662289e-01 1.528723027606355e+00 2.466097914442420e+00
7.320000000000000e-01 3.445684735662289e-01 1.528723027606355e+00 2.466097914442420e+00
7.340000000000000e-01 3.445684735662289e-01 1.528723027606355e+00 2.466097914442420e+00
7.360000000000000e-01 3.445684735662289e-01 1.528723027606355e+00 2.466097914442420e+00
7.380000000000000e-01 3.445684735662289e-01 1.528723027606355e+00 2.466097914442420e+00
7.400000000000000e-01 3.445684735662289e-01 1.528723027606355e+00 2.466097914442420e+00
7.420000000000000e-01 3.445684735662289e-01 1.528723027606355e+00 2.466097914442420e+00
7.440000000000000e-01 3.445684735662289e-01 1.528723027606355e+00 2.466097914442420e+00
7.460000000000000e-01 1.304084535312451e+00 1.528723027606355e+00 2.466097914442420e+00
7.480000000000000e-01 1.304084535312451e+00 1.528723027606355e+00 2.466097914442420e+00
7.500000000000000e-01 1.304084535312451e+00 1.528723027606355e+00 2.466097914442420e+00
7.520000000000000e-01 1.304084535312451e+00 1.528723027606355e+00 2.466097914442420e+00
7.540000000000000e-01 1.304084535312451e+00 1.528723027606355e+00 2.466097914442420e+00
7.560000000000000e-01 1.304084535312451e+00 1.528723027606355e+00 2.466097914442420e+00
7.580000000000000e-01 1.304084535312451e+00 1.528723027606355e+00 2.466097914442420e+00
7.600000000000000e-01 1.304084535312451e+00 1.528723027606355e+00 2.466097914442420e+00
7.620000000000000e-01 1.304084535312451e+00 1.528723027606355e+00 2.466097914442420e+00
7.640000000000000e-01 1.304084535312451e+00 1.528723027606355e+00 2.466097914442420e+00
7.660000000000000e-01 1.304084535312451e+00 1.528723027606355e+00 2.466097914442420e+00
7.680000000000000e-01 1.304084535312451e+00 1.528723027606355e+00 2.466097914442420e+00
7.700000000000000e-01 1.304084535312451e+00 1.528723027606355e+00 2.466097914442420e+00
7.720000000000000e-01 1.304084535312451e+00 1.528723027606355e+00 2.466097914442420e+00
7.740000000000000e-01 1.304084535312451e+00 1.528723027606355e+00 2.466097914442420e+00
7.760000000000000e-01 1.304084535312451e+00 1.528723027606355e+00 2.466097914442420e+00
7.780000000000000e-01 1.304084535312451e+00 1.528723027606355e+00 2.466097914442420e+00
7.800000000000000e-01 1.304084535312451e+00 1.528723027606355e+00 2.466097914442420e+00
7.820000000000000e-01 1.304084535312451e+00 1.528723027606355e+00 2.466097914442420e+00
7.840000000000000e-01 1.304084535312451e+00 1.528723027606355e+00 2.466097914442420e+00
7.860000000000000e-01 1.304084535312451e+00 1.528723027606355e+00 2.466097914442420e+00
7.880000000000000e-01 1.304084535312451e+00 1.528723027606355e+00 2.466097914442420e+00
7.900000000000000e-01 1.304084535312451e+00 1.528723027606355e+00 2.466097914442420e+00
7.920000000000000e-01 1.304084535312451e+00 1.528723027606355e+00 2.466097914442420e+00
7.940000000000000e-01 1.304084535312451e+00 1.528723027606355e+00 2.466097914442420e+00
7.960000000000000e-01 1.304084535312451e+00 1.528723027606355e+00 2.466097914442420e+00
7.980000000000000e-01 1.304084535312451e+00 1.528723027606355e+00 2.466097914442420e+00
8.000000000000000e-01 1.304084535312451e+00 1.528723027606355e+00 2.466097914442420e+00
8.020000000000000e-01 1.304084535312451e+00 1.528723027606355e+00 2.466097914442420e+00
8.040000000000000e-01 1.304084535312451e+00 1.528723027606355e+00 2.466097914442420e+00
8.060000000000000e-01 1.304084535312451e+00 1.528723027606355e+00 2.466097914442420e+00
8.080000000000001e-01 1.304084535312451e+00 1.528723027606355e+00 2.466097914442420e+00
8.100000000000001e-01 1.304084535312451e+00 1.528723027606355e+00 2.466097914442420e+00
8.120000000000001e-01 1.304084535312451e+00 1.528723027606355e+00 2.466097914442420e+00
8.140000000000001e-01 1.304084535312451e+00 1.528723027606355e+00 2.466097914442420e+00
8.160000000000001e-01 1.304084535312451e+00 1.528723027606355e+00 2.466097914442420e+00
8.180000000000001e-01 1.304084535312451e+00 1.528723027606355e+00 2.466097914442420e+00
8.200000000000001e-01 1.304084535312451e+00 1.528723027606355e+00 2.466097914442420e+00
8.220000000000001e-01 1.304084535312451e+00 1.528723027606355e+00 2.466097914442420e+00
8.240000000000001e-01 1.304084535312451e+00 1.528723027606355e+00 2.466097914442420e+00
8.260000000000001e-01 1.304084535312451e+00 1.528723027606355e+00 2.466097914442420e+00
8.280000000000001e-01 1.304084535312451e+00 1.528723027606355e+00 2.466097914442420e+00
8.300000000000001e-01 1.304084535312451e+00 1.528723027606355e+00 2.466097914442420e+00
8.320000000000001e-01 1.304084535312451e+00 1.528723027606355e+00 2.466097914442420e+00
8.340000000000000e-01 1.304084535312451e+00 1.528723027606355e+00 2.466097914442420e+00
8.360000000000000e-01 1.304084535312451e+00 1.528723027606355e+00 2.466097914442420e+00
8.380000000000000e-01 1.304084535312451e+00 1.528723027606355e+00 2.466097914442420e+00
8.400000000000000e-01 1.304084535312451e+00 1.528723027606355e+00 2.466097914442420e+00
8.420000000000000e-01 1.304084535312451e+00 1.528723027606355e+00 2.466097914442420e+00
8.440000000000000e-01 1.304084535312451e+00 1.528723027606355e+00 2.466097914442420e+00
8.460000000000000e-01 1.304084535312451e+00 1.528723027606355e+00 2.466097914442420e+00
8.480000000000000e-01 1.304084535312451e+00 1.528723027606355e+00 2.466097914442420e+00
8.500000000000000e-01 1.304084535312451e+00 1.528723027606355e+00 2.466097914442420e+00
8.520000000000000e-01 1.304084535312451e+00 1.528723027606355e+00 2.466097914442420e+00
8.540000000000000e-01 1.304084535312451e+00 1.528723027606355e+00 2.466097914442420e+00
8.560000000000000e-01 1.304084535312451e+00 1.528723027606355e+00 2.466097914442420e+00
8.580000000000000e-01 1.304084535312451e+00 1.528723027606355e+00 2.466097914442420e+00
8.600000000000000e-01 1.304084535312451e+00 1.528723027606355e+00 2.466097914442420e+00
8.620000000000000e-01 1.304084535312451e+00 1.528723027606355e+00 2.466097914442420e+00
8.640000000000000e-01 1.304084535312451e+00 1.528723027606355e+00 2.466097914442420e+00
8.660000000000000e-01 1.304084535312451e+00 1.528723027606355e+00 2.466097914442420e+00
8.680000000000000e-01 1.304084535312451e+00 1.528723027606355e+00 2.466097914442420e+00
8.700000000000000e-01 1.304084535312451e+00 1.528723027606355e+00 2.466097914442420e+00
8.720000000000000e-01 1.304084535312451e+00 1.528723027606355e+00 2.466097914442420e+00
8.740000000000000e-01 1.304084535312451e+00 1.528723027606355e+00 2.466097914442420e+00
8.760000000000000e-01 1.304084535312451e+00 1.528723027606355e+00 2.466097914442420e+00
8.780000000000000e-01 1.304084535312451e+00 1.528723027606355e+00 2.466097914442420e+00
8.800000000000000e-01 1.304084535312451e+00 1.528723027606355e+00 2.466097914442420e+00
8.820000000000000e-01 1.304084535312451e+00 1.528723027606355e+00 2.466097914442420e+00
8.840000000000000e-01 1.304084535312451e+00 1.528723027606355e+00 2.466097914442420e+00
8.860000000000000e-01 1.304084535312451e+00 1.528723027606355e+00 2.466097914442420e+00
8.880000000000000e-01 1.304084535312451e+00 1.528723027606355e+00 2.466097914442420e+00
8.900000000000000e-01 1.304084535312451e+00 1.528723027606355e+00 2.466097914442420e+00
8.920000000000000e-01 1.304084535312451e+00 1.528723027606355e+00 2.466097914442420e+00
8.940000000000000e-01 1.304084535312451e+00 1.528723027606355e+00 2.466097914442420e+00
8.960000000000000e-01 1.304084535312451e+00 1.528723027606355e+00 2.466097914442420e+00
8.980000000000000e-01 5.000000000000000e-01 0.000000000000000e+00 5.710000000000000e-01
9.000000000000000e-01 5.000000000000000e-01 0.000000000000000e+00 5.710000000000000e-01
9.020000000000000e-01 5.000000000000000e-01 0.000000000000000e+00 5.710000000000000e-01
9.040000000000000e-01 5.000000000000000e-01 0.000000000000000e+00 5.710000000000000e-01
9.060000000000000e-01 5.000000000000000e-01 0.000000000000000e+00 5.710000000000000e-01
9.080000000000000e-01 5.000000000000000e-01 0.000000000000000e+00 5.710000000000000e-01
9.100000000000000e-01 5.000000000000000e-01 0.000000000000000e+00 5.710000000000000e-01
9.120000000000000e-01 5.000000000000000e-01 0.000000000000000e+00 5.710000000000000e-01
9.140000000000000e-01 5.000000000000000e-01 0.000000000000000e+00 5.710000000000000e-01
9.160000000000000e-01 5.000000000000000e-01 0.000000000000000e+00 5.710000000000000e-01
9.180000000000000e-01 5.000000000000000e-01 0.000000000000000e+00 5.710000000000000e-01
9.200000000000000e-01 5.000000000000000e-01 0.000000000000000e+00 5.710000000000000e-01
9.220000000000000e-01 5.000000000000000e-01 0.000000000000000e+00 5.710000000000000e-01
9.240000000000000e-01 5.000000000000000e-01 0.000000000000000e+00 5.710000000000000e-01
9.260000000000000e-01 5.000000000000000e-01 0.000000000000000e+00 5.710000000000000e-01
9.280000000000000e-01 5.000000000000000e-01 0.000000000000000e+00 5.710000000000000e-01
9.300000000000000e-01 5.000000000000000e-01 0.000000000000000e+00 5.710000000000000e-01
9.320000000000001e-01 5.000000000000000e-01 0.000000000000000e+00 5.710000000000000e-01
9.340000000000001e-01 5.000000000000000e-01 0.000000000000000e+00 5.710000000000000e-01
9.360000000000001e-01 5.000000000000000e-01 0.000000000000000e+00 5.710000000000000e-01
9.380000000000001e-01 5.000000000000000e-01 0.000000000000000e+00 5.710000000000000e-01
9.400000000000001e-01 5.000000000000000e-01 0.000000000000000e+00 5.710000000000000e-01
9.420000000000001e-01 5.000000000000000e-01 0.000000000000000e+00 5.710000000000000e-01
9.440000000000001e-01 5.000000000000000e-01 0.000000000000000e+00 5.710000000000000e-01
9.460000000000001e-01 5.000000000000000e-01 0.000000000000000e+00 5.710000000000000e-01
9.480000000000001e-01 5.000000000000000e-01 0.000000000000000e+00 5.710000000000000e-01
9.500000000000001e-01 5.000000000000000e-01 0.000000000000000e+00 5.710000000000000e-01
9.520000000000001e-01 5.000000000000000e-01 0.000000000000000e+00 5.710000000000000e-01
9.540000000000001e-01 5.000000000000000e-01 0.000000000000000e+00 5.710000000000000e-01
9.560000000000001e-01 5.000000000000000e-01 0.000000000000000e+00 5.710000000000000e-01
9.580000000000001e-01 5.000000000000000e-01 0.000000000000000e+00 5.710000000000000e-01
9.600000000000000e-01 5.000000000000000e-01 0.000000000000000e+00 5.710000000000000e-01
9.620000000000000e-01 5.000000000000000e-01 0.000000000000000e+00 5.710000000000000e-01
9.640000000000000e-01 5.000000000000000e-01 0.000000000000000e+00 5.710000000000000e-01
9.660000000000000e-01 5.000000000000000e-01 0.000000000000000e+00 5.710000000000000e-01
9.680000000000000e-01 5.000000000000000e-01 0.000000000000000e+00 5.710000000000000e-01
9.700000000000000e-01 5.000000000000000e-01 0.000000000000000e+00 5.710000000000000e-01
9.720000000000000e-01 5.000000000000000e-01 0.000000000000000e+00 5.710000000000000e-01
9.740000000000000e-01 5.000000000000000e-01 0.000000000000000e+00 5.710000000000000e-01
9.760000000000000e-01 5.000000000000000e-01 0.000000000000000e+00 5.710000000000000e-01
9.780000000000000e-01 5.000000000000000e-01 0.000000000000000e+00 5.710000000000000e-01
9.800000000000000e-01 5.000000000000000e-01 0.000000000000000e+00 5.710000000000000e-01
9.820000000000000e-01 5.000000000000000e-01 0.000000000000000e+00 5.710000000000000e-01
9.840000000000000e-01 5.000000000000000e-01 0.000000000000000e+00 5.710000000000000e-01
9.860000000000000e-01 5.000000000000000e-01 0.000000000000000e+00 5.710000000000000e-01
9.880000000000000e-01 5.000000000000000e-01 0.000000000000000e+00 5.710000000000000e-01
9.900000000000000e-01 5.000000000000000e-01 0.000000000000000e+00 5.710000000000000e-01
9.920000000000000e-01 5.000000000000000e-01 0.000000000000000e+00 5.710000000000000e-01
9.940000000000000e-01 5.000000000000000e-01 0.000000000000000e+00 5.710000000000000e-01
9.960000000000000e-01 5.000000000000000e-01 0.000000000000000e+00 5.710000000000000e-01
9.980000000000000e-01 5.000000000000000e-01 0.000000000000000e+00 5.710000000000000e-01
1.000000000000000e+00 5.000000000000000e-01 0.000000000000000e+00 5.710000000000000e-01
ZONE T="beta=0", AUXDATA beta="0", I=501, F=POINT
0.000000000000000e+00 4.449999998000000e-01 6.980000015000000e-01 3.527999997700000e+00
2.000000000000000e-03 4.449999998000000e-01 6.980000015000000e-01 3.527999997700000e+00
4.000000000000000e-03 4.449999995000000e-01 6.980000034000000e-01 3.527999994900000e+00
6.000000000000000e-03 4.449999992000000e-01 6.980000062000000e-01 3.527999990700000e+00
8.000000000000000e-03 4.449999984000000e-01 6.980000117000000e-01 3.527999982700000e+00
1.000000000000000e-02 4.449999971000000e-01 6.980000216000000e-01 3.527999968000000e+00
1.200000000000000e-02 4.449999947000000e-01 6.980000394000000e-01 3.527999941500000e+00
1.400000000000000e-02 4.449999905000000e-01 6.980000715000000e-01 3.527999894100000e+00
1.600000000000000e-02 4.449999829000000e-01 6.980001282000000e-01 3.527999809900000e+00
1.800000000000000e-02 4.449999695000000e-01 6.980002279999999e-01 3.527999662000000e+00
2.000000000000000e-02 4.449999464000000e-01 6.980004014000000e-01 3.527999404900000e+00
2.200000000000000e-02 4.449999065000000e-01 6.980006999000000e-01 3.527998962400000e+00
2.400000000000000e-02 4.449998386000000e-01 6.980012082000000e-01 3.527998208800000e+00
2.600000000000000e-02 4.449997242000000e-01 6.980020645000000e-01 3.527996939200000e+00
2.800000000000000e-02 4.449995336000000e-01 6.980034916000000e-01 3.527994823500000e+00
3.000000000000000e-02 4.449992195000000e-01 6.980058432000000e-01 3.527991337200000e+00
3.200000000000000e-02 4.449987078000000e-01 6.980096743000000e-01 3.527985657400000e+00
3.400000000000000e-02 4.449978839000000e-01 6.980158428000000e-01 3.527976512400000e+00
3.600000000000000e-02 4.449965731000000e-01 6.980256561000000e-01 3.527961963900000e+00
3.800000000000000e-02 4.449945135000000e-01 6.980410759000000e-01 3.527939103400000e+00
4.000000000000000e-02 4.449913180000000e-01 6.980649999000000e-01 3.527903635700000e+00
4.200000000000000e-02 4.449864246000000e-01 6.981016358000000e-01 3.527849322900000e+00
4.400000000000000e-02 4.449790314000000e-01 6.981569871000000e-01 3.527767265800000e+00
4.600000000000000e-02 4.449680159000000e-01 6.982394600000000e-01 3.527645004500000e+00
4.800000000000000e-02 4.449518373000000e-01 6.983605919000000e-01 3.527465440000000e+00
5.000000000000000e-02 4.449284257000000e-01 6.985358837000000e-01 3.527205603000000e+00
5.200000000000000e-02 4.448950637000000e-01 6.987856900000000e-01 3.526835340600000e+00
5.400000000000000e-02 4.448482709000000e-01 6.991360869000000e-01 3.526316038500000e+00
5.600000000000000e-02 4.447837077000000e-01 6.996195988000000e-01 3.525599561500000e+00
5.800000000000000e-02 4.446961198000000e-01 7.002756282000000e-01 3.524627642900000e+00
6.000000000000000e-02 4.445793464000000e-01 7.011504087000000e-01 3.523331995600000e+00
6.200000000000000e-02 4.444264179000000e-01 7.022963058000000e-01 3.521635408900000e+00
6.400000000000000e-02 4.442297587000000e-01 7.037703291000000e-01 3.519454032100000e+00
6.600000000000000e-02 4.439815035000000e-01 7.056318096000000e-01 3.516700914400000e+00
6.800000000000000e-02 4.436739148000000e-01 7.079393228999999e-01 3.513290673000000e+00
7.000000000000001e-02 4.432998699000000e-01 7.107470917000001e-01 3.509144927100000e+00
7.199999999999999e-02 4.428533651000000e-01 7.141012425000000e-01 3.504197924000000e+00
7.400000000000000e-02 4.423299757000000e-01 7.180363814000000e-01 3.498401643800000e+00
7.600000000000000e-02 4.417272049000000e-01 7.225729656000000e-01 3.491729659800000e+00
7.800000000000000e-02 4.410446711000000e-01 7.277158503000000e-01 3.484179180900000e+00
8.000000000000000e-02 4.402841064000000e-01 7.334542196000000e-01 3.475770976700000e+00
8.200000000000000e-02 4.394491703000000e-01 7.397628837000000e-01 3.466547230700000e+00
8.400000000000001e-02 4.385451095000000e-01 7.466047117000000e-01 3.456567697700000e+00
8.599999999999999e-02 4.375783207000000e-01 7.539338114000000e-01 3.445904774900000e+00
8.799999999999999e-02 4.365558763000000e-01 7.616990015000000e-01 3.434638190000000e+00
9.000000000000000e-02 4.354850728000000e-01 7.698471460000000e-01 3.422849959300000e+00
9.200000000000000e-02 4.343730470000000e-01 7.783260174000000e-01 3.410620112100000e+00
9.400000000000000e-02 4.332264838000000e-01 7.870864919000000e-01 3.398023464800000e+00
9.600000000000000e-02 4.320514255000000e-01 7.960840125000000e-01 3.385127521300000e+00
9.800000000000000e-02 4.308531729000000e-01 8.052793672000000e-01 3.371991410100000e+00
1.000000000000000e-01 4.296362635000000e-01 8.146389015000000e-01 3.358665667500000e+00
1.020000000000000e-01 4.284045036000000e-01 8.241343141000000e-01 3.345192630700000e+00
1.040000000000000e-01 4.271610366000000e-01 8.337421853000000e-01 3.331607214600000e+00
1.060000000000000e-01 4.259084280000000e-01 8.434433657000000e-01 3.317937878100000e+00
1.080000000000000e-01 4.246487550000000e-01 8.532223244000000e-01 3.304207635900000e+00
1.100000000000000e-01 4.233836928000000e-01 8.630665203000000e-01 3.290435020600000e+00
1.120000000000000e-01 4.221145910000000e-01 8.729658379000000e-01 3.276634940700000e+00
1.140000000000000e-01 4.208425389000000e-01 8.829121014000000e-01 3.262819412100000e+00
1.160000000000000e-01 4.195684199000000e-01 8.928986738000000e-01 3.248998160700000e+00
1.180000000000000e-01 4.182929552000000e-01 9.029201319000000e-01 3.235179106900000e+00
1.200000000000000e-01 4.170167374000000e-01 9.129720099000000e-01 3.221368748100000e+00
1.220000000000000e-01 4.157402585000000e-01 9.230505982000000e-01 3.207572457600000e+00
1.240000000000000e-01 4.144639297000000e-01 9.331527879000000e-01 3.193794715500000e+00
1.260000000000000e-01 4.131880980000000e-01 9.432759498000000e-01 3.180039287400000e+00
1.280000000000000e-01 4.119130588000000e-01 9.534178415000000e-01 3.166309362400000e+00
1.300000000000000e-01 4.106390650000000e-01 9.635765353000000e-01 3.152607660800000e+00
1.320000000000000e-01 4.093663352000000e-01 9.737503609000000e-01 3.138936517200000e+00
1.340000000000000e-01 4.080950589000000e-01 9.839378618000000e-01 3.125297947200000e+00
1.360000000000000e-01 4.068254019000000e-01 9.941377593000000e-01 3.111693699700000e+00
1.380000000000000e-01 4.055575100000000e-01 1.004348924400000e+00 3.098125298900000e+00
1.400000000000000e-01 4.042915115000000e-01 1.014570354900000e+00 3.084594078600000e+00
1.420000000000000e-01 4.030275204000000e-01 1.024801156200000e+00 3.071101210400000e+00
1.440000000000000e-01 4.017656382000000e-01 1.035040526600000e+00 3.057647726500000e+00
1.460000000000000e-01 4.005059556000000e-01 1.045287743700000e+00 3.044234538900000e+00
1.480000000000000e-01 3.992485538000000e-01 1.055542153600000e+00 3.030862455900000e+00
1.500000000000000e-01 3.979935061000000e-01 1.065803162300000e+00 3.017532195400000e+00
1.520000000000000e-01 3.967408788000000e-01 1.076070227500000e+00 3.004244396500000e+00
1.540000000000000e-01 3.954907319000000e-01 1.086342851800000e+00 2.990999629600000e+00
1.560000000000000e-01 3.942431200000000e-01 1.096620577300000e+00 2.977798404900000e+00
1.580000000000000e-01 3.929980931000000e-01 1.106902980400000e+00 2.964641179900000e+00
1.600000000000000e-01 3.917556970000000e-01 1.117189667200000e+00 2.951528365800000e+00
1.620000000000000e-01 3.905159739000000e-01 1.127480270000000e+00 2.938460333200000e+00
1.640000000000000e-01 3.892789629000000e-01 1.137774443300000e+00 2.925437417500000e+00
1.660000000000000e-01 3.880447003000000e-01 1.148071861300000e+00 2.912459922900000e+00
1.680000000000000e-01 3.868132199000000e-01 1.158372214300000e+00 2.899528127000000e+00
1.700000000000000e-01 3.855845538000000e-01 1.168675206700000e+00 2.886642284200000e+00
1.720000000000000e-01 3.843587321000000e-01 1.178980554200000e+00 2.873802629500000e+00
1.740000000000000e-01 3.831357837000000e-01 1.189287981400000e+00 2.861009381400000e+00
1.760000000000000e-01 3.819157362000000e-01 1.199597219500000e+00 2.848262745100000e+00
1.780000000000000e-01 3.806986165000000e-01 1.209908004400000e+00 2.835562915600000e+00
1.800000000000000e-01 3.794844508000000e-01 1.220220074100000e+00 2.822910080400000e+00
1.820000000000000e-01 3.782732651000000e-01 1.230533166200000e+00 2.810304422600000e+00
1.840000000000000e-01 3.770650853000000e-01 1.240847016000000e+00 2.797746123800000e+00
1.860000000000000e-01 3.758599377000000e-01 1.251161353400000e+00 2.785235367400000e+00
1.880000000000000e-01 3.746578492000000e-01 1.261475900400000e+00 2.772772341600000e+00
1.900000000000000e-01 3.734588477000000e-01 1.271790367600000e+00 2.760357243600000e+00
1.920000000000000e-01 3.722629623000000e-01 1.282104450900000e+00 2.747990282900000e+00
1.940000000000000e-01 3.710702242000000e-01 1.292417827400000e+00 2.735671686800000e+00
1.960000000000000e-01 3.698806667000000e-01 1.302730150500000e+00 2.723401704700000e+00
1.980000000000000e-01 3.686943261000000e-01 1.313041044400000e+00 2.711180614800000e+00
2.000000000000000e-01 3.675112426000000e-01 1.323350097500000e+00 2.699008731400000e+00
2.020000000000000e-01 3.663314608000000e-01 1.333656854300000e+00 2.686886413200000e+00
2.040000000000000e-01 3.651550307000000e-01 1.343960805500000e+00 2.674814074100000e+00
2.060000000000000e-01 3.639820095000000e-01 1.354261376100000e+00 2.662792195800000e+00
2.080000000000000e-01 3.628124628000000e-01 1.364557910200000e+00 2.650821344400000e+00
2.100000000000000e-01 3.616464668000000e-01 1.374849652600000e+00 2.638902189900000e+00
2.120000000000000e-01 3.604841106000000e-01 1.385135724000000e+00 2.627035532000000e+00
2.140000000000000e-01 3.593254999000000e-01 1.395415091000000e+00 2.615222332800000e+00
2.160000000000000e-01 3.581707610000000e-01 1.405686525700000e+00 2.603463758900000e+00
2.180000000000000e-01 3.570200464000000e-01 1.415948553600000e+00 2.591761237600000e+00
2.200000000000000e-01 3.558735423000000e-01 1.426199383400000e+00 2.580116530000000e+00
2.220000000000000e-01 3.547314787000000e-01 1.436436813800000e+00 2.568531830500000e+00
2.240000000000000e-01 3.535941429000000e-01 1.446658105700000e+00 2.557009901900000e+00
2.260000000000000e-01 3.524618983000000e-01 1.456859806000000e+00 2.545554261600000e+00
2.280000000000000e-01 3.513352105000000e-01 1.467037501500000e+00 2.534169441600000e+00
2.300000000000000e-01 3.502146849000000e-01 1.477185468800000e+00 2.522861358300000e+00
2.320000000000000e-01 3.491011202000000e-01 1.487296170600000e+00 2.511637843400000e+00
2.340000000000000e-01 3.479955866000000e-01 1.497359520000000e+00 2.500509420200000e+00
2.360000000000000e-01 3.468995421000000e-01 1.507361787900000e+00 2.489490453400000e+00
2.380000000000000e-01 3.458150074000000e-01 1.517283958900000e+00 2.478600878700000e+00
2.400000000000000e-01 3.447448321000000e-01 1.527099221500000e+00 2.467868840500000e+00
2.420000000000000e-01 3.436931073000000e-01 1.536769084300000e+00 2.457334768100000e+00
2.440000000000000e-01 3.426658096000000e-01 1.546237300600000e+00 2.447057747000000e+00
2.460000000000000e-01 3.416718174000000e-01 1.555420285100000e+00 2.437125560500000e+00
2.480000000000000e-01 3.407245176000000e-01 1.564191944300000e+00 2.427670577900000e+00
2.500000000000000e-01 3.398443388000000e-01 1.572359777100000e+00 2.418894793900000e+00
2.520000000000000e-01 3.390626721000000e-01 1.579627899100000e+00 2.411108629800000e+00
2.540000000000000e-01 3.384276953000000e-01 1.585542253600000e+00 2.404788664900000e+00
2.560000000000000e-01 3.380122692000000e-01 1.589416760600000e+00 2.400656217200000e+00
2.580000000000000e-01 3.379225012000000e-01 1.590254560300000e+00 2.399763451000000e+00
2.600000000000000e-01 3.383010664000000e-01 1.586721919800000e+00 2.403529546100000e+00
2.620000000000000e-01 3.393099736000000e-01 1.577321169000000e+00 2.413575904800000e+00
2.640000000000000e-01 3.410658503000000e-01 1.561012471700000e+00 2.431089794600000e+00
2.660000000000000e-01 3.435070225000000e-01 1.538454137800000e+00 2.455495852600000e+00
2.680000000000000e-01 3.462360357000000e-01 1.513401693300000e+00 2.482850094000000e+00
2.700000000000000e-01 3.484985318000000e-01 1.492769043200000e+00 2.505578761500000e+00
2.720000000000000e-01 3.494680449000000e-01 1.483965996300000e+00 2.515331226200000e+00
2.740000000000000e-01 3.487354171000000e-01 1.490614328200000e+00 2.507961572700000e+00
2.760000000000000e-01 3.465977631000000e-01 1.510091888900000e+00 2.486482750200000e+00
2.780000000000000e-01 3.438843160000000e-01 1.534979139700000e+00 2.459274563300000e+00
2.800000000000000e-01 3.415208139000000e-01 1.556802719400000e+00 2.435630356100000e+00
2.820000000000000e-01 3.402059872000000e-01 1.569001209600000e+00 2.422500394000000e+00
2.840000000000000e-01 3.403155665000000e-01 1.567982118600000e+00 2.423594358300000e+00
2.860000000000000e-01 3.418748790000000e-01 1.553521495500000e+00 2.439171041100000e+00
2.880000000000000e-01 3.444540517000000e-01 1.529734983900000e+00 2.464984918700000e+00
2.900000000000000e-01 3.471002714000000e-01 1.505505717100000e+00 2.491527196200000e+00
2.920000000000000e-01 3.486218377000000e-01 1.491655445300000e+00 2.506812718800000e+00
2.940000000000000e-01 3.482651555000000e-01 1.494895238300000e+00 2.503228518400000e+00
2.960000000000000e-01 3.462489828000000e-01 1.513279498100000e+00 2.482982952700000e+00
2.980000000000000e-01 3.436235476000000e-01 1.537379790200000e+00 2.456664070800000e+00
3.000000000000000e-01 3.416290308000000e-01 1.555806835000000e+00 2.436706892900000e+00
3.020000000000000e-01 3.411202887000000e-01 1.560522242300000e+00 2.431622152200000e+00
3.040000000000000e-01 3.422900326000000e-01 1.549687083100000e+00 2.443317691000000e+00
3.060000000000000e-01 3.445766497000000e-01 1.528612551800000e+00 2.466210233100000e+00
3.080000000000000e-01 3.467921040000000e-01 1.508327837400000e+00 2.488425517700000e+00
3.100000000000000e-01 3.476900888000000e-01 1.500142581000000e+00 2.497439426200000e+00
3.120000000000000e-01 3.467844450000000e-01 1.508396257900000e+00 2.488348914100000e+00
3.140000000000000e-01 3.447055634000000e-01 1.527431708100000e+00 2.467499499600000e+00
3.160000000000000e-01 3.427382805000000e-01 1.545554359000000e+00 2.447795334900000e+00
3.180000000000000e-01 3.419997222000000e-01 1.552383864300000e+00 2.440405457000000e+00
3.200000000000000e-01 3.428484783000000e-01 1.544535344100000e+00 2.448898502000000e+00
3.220000000000000e-01 3.447121363000000e-01 1.527375237500000e+00 2.467562200500000e+00
3.240000000000000e-01 3.463793887000000e-01 1.512106422300000e+00 2.484276463400000e+00
3.260000000000000e-01 3.467629581000000e-01 1.508603596600000e+00 2.488124371500000e+00
3.280000000000000e-01 3.456887455000000e-01 1.518422021200000e+00 2.477350178900000e+00
3.300000000000000e-01 3.440020064000000e-01 1.533908103900000e+00 2.460443756700000e+00
3.320000000000000e-01 3.428921763000000e-01 1.544141156700000e+00 2.449328829700000e+00
3.340000000000000e-01 3.430515214000000e-01 1.542669096000000e+00 2.450924384300000e+00
3.360000000000000e-01 3.442501525000000e-01 1.531626991900000e+00 2.462927915300000e+00
3.380000000000000e-01 3.455325873000000e-01 1.519860364600000e+00 2.475778125400000e+00
3.400000000000000e-01 3.459386960000000e-01 1.516143478300000e+00 2.479849365600000e+00
3.420000000000000e-01 3.452557668000000e-01 1.522396403100000e+00 2.473003161500000e+00
3.440000000000000e-01 3.441438855000000e-01 1.532608680200000e+00 2.461859994000000e+00
3.460000000000000e-01 3.435280138000000e-01 1.538280767000000e+00 2.455690323000000e+00
3.480000000000000e-01 3.438318747000000e-01 1.535480648500000e+00 2.458734069300000e+00
3.500000000000000e-01 3.446798466000000e-01 1.527683850000000e+00 2.467228725100000e+00
3.520000000000000e-01 3.452699598000000e-01 1.522271122600000e+00 2.473141684600000e+00
3.540000000000000e-01 3.451029186000000e-01 1.523801903800000e+00 2.471467897800000e+00
3.560000000000000e-01 3.444133733000000e-01 1.530132507100000e+00 2.464558307900000e+00
3.580000000000000e-01 3.438995677000000e-01 1.534859548900000e+00 2.459410563000000e+00
3.600000000000000e-01 3.440395780000000e-01 1.533570338900000e+00 2.460813349900000e+00
3.620000000000000e-01 3.446526554000000e-01 1.527934274400000e+00 2.466955714700000e+00
3.640000000000000e-01 3.451021099000000e-01 1.523810119200000e+00 2.471459355300000e+00
3.660000000000000e-01 3.449394857000000e-01 1.525301316300000e+00 2.469829906300000e+00
3.680000000000000e-01 3.443468894000000e-01 1.530743551600000e+00 2.463892362200000e+00
3.700000000000000e-01 3.439277915000000e-01 1.534599118300000e+00 2.459693871100000e+00
3.720000000000000e-01 3.440833096000000e-01 1.533167550400000e+00 2.461251860800000e+00
3.740000000000000e-01 3.446196499000000e-01 1.528237388500000e+00 2.466625106600000e+00
3.760000000000000e-01 3.449737167000000e-01 1.524987550900000e+00 2.470172920900000e+00
3.780000000000000e-01 3.448124367000000e-01 1.526467268700000e+00 2.468556848300000e+00
3.800000000000000e-01 3.443623824000000e-01 1.530601545200000e+00 2.464047313600000e+00
3.820000000000000e-01 3.441238332000000e-01 1.532795082300000e+00 2.461657721900000e+00
3.840000000000000e-01 3.443125648000000e-01 1.531059328800000e+00 2.463548384700000e+00
3.860000000000000e-01 3.446516756000000e-01 1.527943893800000e+00 2.466945524400000e+00
3.880000000000000e-01 3.447239662000000e-01 1.527279452400000e+00 2.467670544100000e+00
3.900000000000000e-01 3.444616148000000e-01 1.529689172400000e+00 2.465041882900000e+00
3.920000000000000e-01 3.442017147000000e-01 1.532079044900000e+00 2.462437547700000e+00
3.940000000000000e-01 3.442640627000000e-01 1.531504462300000e+00 2.463063392700000e+00
3.960000000000000e-01 3.445696920000000e-01 1.528695822500000e+00 2.466125160100000e+00
3.980000000000000e-01 3.447498456000000e-01 1.527042558500000e+00 2.467929080500000e+00
4.000000000000000e-01 3.446001687000000e-01 1.528415256400000e+00 2.466431161000000e+00
4.020000000000000e-01 3.443170639000000e-01 1.531016821000000e+00 2.463594778400000e+00
4.040000000000000e-01 3.442353347000000e-01 1.531770130400000e+00 2.462773995600000e+00
4.060000000000000e-01 3.444163833000000e-01 1.530103814900000e+00 2.464589841900000e+00
4.080000000000000e-01 3.446014541000000e-01 1.528402637200000e+00 2.466445027300000e+00
4.100000000000000e-01 3.445618782000000e-01 1.528769135300000e+00 2.466045204900000e+00
4.120000000000000e-01 3.443814207000000e-01 1.530425763200000e+00 2.464238931900000e+00
4.140000000000000e-01 3.443184741000000e-01 1.531001331400000e+00 2.463611646800000e+00
4.160000000000000e-01 3.444533048000000e-01 1.529766227600000e+00 2.464957876000000e+00
4.180000000000000e-01 3.445949850000000e-01 1.528465132000000e+00 2.466376821900000e+00
4.200000000000000e-01 3.445562785000000e-01 1.528814327500000e+00 2.465995897600000e+00
4.220000000000000e-01 3.444021034000000e-01 1.530234833200000e+00 2.464447027300000e+00
4.240000000000000e-01 3.443384655000000e-01 1.530824913200000e+00 2.463803875700000e+00
4.260000000000000e-01 3.444268406000000e-01 1.530003541000000e+00 2.464699138900000e+00
4.280000000000000e-01 3.445240409000000e-01 1.529109737700000e+00 2.465673720700000e+00
4.300000000000000e-01 3.445006542000000e-01 1.529336624300000e+00 2.465426279500000e+00
4.320000000000000e-01 3.444142847000000e-01 1.530122995500000e+00 2.464568920000000e+00
4.340000000000000e-01 3.444054827000000e-01 1.530192473800000e+00 2.464493175900000e+00
4.360000000000000e-01 3.444840049000000e-01 1.529487126600000e+00 2.465262170000000e+00
4.380000000000000e-01 3.445243844000000e-01 1.529120968700000e+00 2.465661455500000e+00
4.400000000000000e-01 3.444679697000000e-01 1.529615003400000e+00 2.465122725300000e+00
4.420000000000000e-01 3.444073816000000e-01 1.530178861700000e+00 2.464507999100000e+00
4.440000000000000e-01 3.444291617000000e-01 1.530005939300000e+00 2.464696485300000e+00
4.460000000000000e-01 3.444859933000000e-01 1.529459998000000e+00 2.465291708200000e+00
4.480000000000000e-01 3.444917743000000e-01 1.529383228900000e+00 2.465375405700000e+00
4.500000000000000e-01 3.444541542000000e-01 1.529770640100000e+00 2.464952989000000e+00
4.520000000000000e-01 3.444409808000000e-01 1.529902310400000e+00 2.464809437200000e+00
4.540000000000000e-01 3.444711537000000e-01 1.529566311200000e+00 2.465175772200000e+00
4.560000000000000e-01 3.444970845000000e-01 1.529339219900000e+00 2.465423395800000e+00
4.580000000000000e-01 3.444790101000000e-01 1.529575641400000e+00 2.465165596100000e+00
4.600000000000000e-01 3.444442493000000e-01 1.529852888100000e+00 2.464863309900000e+00
4.620000000000000e-01 3.444503621000000e-01 1.529722189900000e+00 2.465005788400000e+00
4.640000000000000e-01 3.444913521000000e-01 1.529425217100000e+00 2.465329579400000e+00
4.660000000000000e-01 3.444996643000000e-01 1.529416690600000e+00 2.465338865900000e+00
4.680000000000000e-01 3.444659728000000e-01 1.529603144600000e+00 2.465135557200000e+00
4.700000000000000e-01 3.444628152000000e-01 1.529582318400000e+00 2.465158264300000e+00
4.720000000000000e-01 3.445043997000000e-01 1.529369655300000e+00 2.465390153900000e+00
4.740000000000000e-01 3.445105420000000e-01 1.529331836800000e+00 2.465431395000000e+00
4.760000000000000e-01 3.444661086000000e-01 1.529521253500000e+00 2.465224849900000e+00
4.780000000000000e-01 3.444590971000000e-01 1.529610682800000e+00 2.465127330900000e+00
4.800000000000000e-01 3.445027470000000e-01 1.529479443000000e+00 2.465270411100000e+00
4.820000000000000e-01 3.445050813000000e-01 1.529376006400000e+00 2.465383180700000e+00
4.840000000000000e-01 3.444636060000000e-01 1.529431880200000e+00 2.465322236000000e+00
4.860000000000000e-01 3.444775167000000e-01 1.529454915600000e+00 2.465297107300000e+00
4.880000000000000e-01 3.445332755000000e-01 1.529328956000000e+00 2.465434459200000e+00
4.900000000000000e-01 3.445186799000000e-01 1.529230844800000e+00 2.465541458000000e+00
4.920000000000000e-01 3.444620975000000e-01 1.529290748200000e+00 2.465476142700000e+00
4.940000000000000e-01 3.444889669000000e-01 1.529367505800000e+00 2.465392443900000e+00
4.960000000000000e-01 3.445530574000000e-01 1.529330674400000e+00 2.465432592800000e+00
4.980000000000000e-01 3.445126004000000e-01 1.529278718700000e+00 2.465489225300000e+00
5.000000000000000e-01 3.444357060000000e-01 1.529310488700000e+00 2.465454552600000e+00
5.020000000000000e-01 3.444903917000000e-01 1.529333608900000e+00 2.465429318100000e+00
5.040000000000000e-01 3.445895754000000e-01 1.529261981900000e+00 2.465507419900000e+00
5.060000000000000e-01 3.445307137000000e-01 1.529182321200000e+00 2.465594301000000e+00
5.080000000000000e-01 3.444151922000000e-01 1.529179168900000e+00 2.465597747100000e+00
5.100000000000000e-01 3.444890190000000e-01 1.529189356500000e+00 2.465586645800000e+00
5.120000000000000e-01 3.446414559000000e-01 1.529152719500000e+00 2.465626602300000e+00
5.140000000000000e-01 3.445679588000000e-01 1.529127423900000e+00 2.465654178500000e+00
5.160000000000000e-01 3.443742663000000e-01 1.529154511400000e+00 2.465624615100000e+00
5.180000000000000e-01 3.444386626000000e-01 1.529171217200000e+00 2.465606367900000e+00
5.200000000000000e-01 3.446848953000000e-01 1.529138375300000e+00 2.465642157700000e+00
5.220000000000000e-01 3.446505027000000e-01 1.529106348500000e+00 2.465677078600000e+00
5.240000000000000e-01 3.443490426000000e-01 1.529102371100000e+00 2.465681413600000e+00
5.260000000000000e-01 3.443327802000000e-01 1.529086871100000e+00 2.465698318800000e+00
5.280000000000000e-01 3.446976678000000e-01 1.529051144800000e+00 2.465737296700000e+00
5.300000000000000e-01 3.448100102000000e-01 1.529035817600000e+00 2.465754034700000e+00
5.320000000000000e-01 3.444031424000000e-01 1.529043701500000e+00 2.465745435500000e+00
5.340000000000000e-01 3.441559871000000e-01 1.529038605200000e+00 2.465750968700000e+00
5.360000000000000e-01 3.445715162000000e-01 1.529020454900000e+00 2.465770721500000e+00
5.380000000000000e-01 3.450004169000000e-01 1.529013901500000e+00 2.465777837700000e+00
5.400000000000000e-01 3.446487798000000e-01 1.529010562100000e+00 2.465781459300000e+00
5.420000000000000e-01 3.440149652000000e-01 1.528991714500000e+00 2.465801997400000e+00
5.440000000000000e-01 3.442022309000000e-01 1.528970930500000e+00 2.465824656600000e+00
5.460000000000000e-01 3.450321508000000e-01 1.528963407800000e+00 2.465832892500000e+00
5.480000000000000e-01 3.451480243000000e-01 1.528957298700000e+00 2.465839596300000e+00
5.500000000000000e-01 3.442134986000000e-01 1.528944913600000e+00 2.465853118500000e+00
5.520000000000000e-01 3.436666661000000e-01 1.528937527700000e+00 2.465861143000000e+00
5.540000000000000e-01 3.445241958000000e-01 1.528935735300000e+00 2.465863050100000e+00
5.560000000000000e-01 3.455781230000000e-01 1.528927642200000e+00 2.465871836900000e+00
5.580000000000001e-01 3.450856328000000e-01 1.528914464800000e+00 2.465886192600000e+00
5.600000000000001e-01 3.435958045000000e-01 1.528905046900000e+00 2.465896437400000e+00
5.620000000000001e-01 3.433935414000000e-01 1.528896797800000e+00 2.465905414100000e+00
5.639999999999999e-01 3.450334407000000e-01 1.528886237200000e+00 2.465916953000000e+00
5.659999999999999e-01 3.461897179000000e-01 1.528879062100000e+00 2.465924839400000e+00
5.679999999999999e-01 3.449406440000000e-01 1.528877222900000e+00 2.465926881100000e+00
5.700000000000000e-01 3.428497883000000e-01 1.528874832100000e+00 2.465929480800000e+00
5.720000000000000e-01 3.430274927000000e-01 1.528870542300000e+00 2.465934106000000e+00
5.740000000000000e-01 3.455716363000000e-01 1.528866708800000e+00 2.465938231400000e+00
5.760000000000000e-01 3.470081199000000e-01 1.528861623800000e+00 2.465943753900000e+00
5.780000000000000e-01 3.450112855000000e-01 1.528853905800000e+00 2.465952169800000e+00
5.800000000000000e-01 3.419928606000000e-01 1.528846742300000e+00 2.465959952500000e+00
5.820000000000000e-01 3.421986374000000e-01 1.528841770000000e+00 2.465965349000000e+00
5.840000000000000e-01 3.458275490000000e-01 1.528838006100000e+00 2.465969466200000e+00
5.860000000000000e-01 3.482411478000000e-01 1.528835915200000e+00 2.465971776000000e+00
5.880000000000000e-01 3.458735528000000e-01 1.528835742300000e+00 2.465971970500000e+00
5.900000000000000e-01 3.412953693000000e-01 1.528835378300000e+00 2.465972354600000e+00
5.920000000000000e-01 3.404326807000000e-01 1.528833747900000e+00 2.465974100400000e+00
5.940000000000000e-01 3.449801285000000e-01 1.528830934900000e+00 2.465977154100000e+00
5.960000000000000e-01 3.496690162000000e-01 1.528825994800000e+00 2.465982603900000e+00
5.980000000000000e-01 3.483842240000000e-01 1.528819308400000e+00 2.465990000600000e+00
6.000000000000000e-01 3.419604611000000e-01 1.528813792300000e+00 2.465996022200000e+00
6.020000000000000e-01 3.378662327000000e-01 1.528810419800000e+00 2.465999601300000e+00
6.040000000000000e-01 3.415424870000000e-01 1.528807980700000e+00 2.466002116500000e+00
6.060000000000000e-01 3.494783269000000e-01 1.528807080400000e+00 2.466002942800000e+00
6.080000000000000e-01 3.525816420000000e-01 1.528808900100000e+00 2.466000795900000e+00
6.100000000000000e-01 3.465183714000000e-01 1.528811164000000e+00 2.465998262600000e+00
6.120000000000000e-01 3.372766901000000e-01 1.528811026200000e+00 2.465998495700000e+00
6.140000000000000e-01 3.351819730000000e-01 1.528809400000000e+00 2.466000436900000e+00
6.160000000000000e-01 3.435008428000000e-01 1.528808040200000e+00 2.466002201900000e+00
6.180000000000000e-01 3.541449592000000e-01 1.528806133100000e+00 2.466004628800000e+00
6.200000000000000e-01 3.556298465000000e-01 1.528802504600000e+00 2.466008852000000e+00
6.220000000000000e-01 3.452719053000000e-01 1.528799278900000e+00 2.466012329100000e+00
6.240000000000000e-01 3.327748505000000e-01 1.528798756900000e+00 2.466012570300000e+00
6.260000000000000e-01 3.310191400000000e-01 1.528799641200000e+00 2.466011143600000e+00
6.280000000000000e-01 3.430114137000000e-01 1.528799688600000e+00 2.466010515100000e+00
6.300000000000000e-01 3.581001490000000e-01 1.528799792700000e+00 2.466009910500000e+00
6.320000000000000e-01 3.615979089000000e-01 1.528802098200000e+00 2.466007192700000e+00
6.340000000000000e-01 3.488602819000000e-01 1.528804461300000e+00 2.466004865600000e+00
6.360000000000000e-01 3.304180179000000e-01 1.528803678600000e+00 2.466006279400000e+00
6.380000000000000e-01 3.230454035000000e-01 1.528801690200000e+00 2.466009039800000e+00
6.400000000000000e-01 3.346585788000000e-01 1.528801764600000e+00 2.466009622000000e+00
6.420000000000000e-01 3.566163256000000e-01 1.528802601900000e+00 2.466009168500000e+00
6.440000000000000e-01 3.704387809000000e-01 1.528800304700000e+00 2.466011739600000e+00
6.460000000000000e-01 3.633383167000000e-01 1.528796711400000e+00 2.466015303600000e+00
6.480000000000000e-01 3.394107521000000e-01 1.528796655000000e+00 2.466014639100000e+00
6.500000000000000e-01 3.170622911000000e-01 1.528798585700000e+00 2.466011911600000e+00
6.520000000000000e-01 3.146627662000000e-01 1.528798153000000e+00 2.466011809300000e+00
6.540000000000000e-01 3.358774039000000e-01 1.528795890100000e+00 2.466013868800000e+00
6.560000000000000e-01 3.661878089000000e-01 1.528796264100000e+00 2.466013498900000e+00
6.580000000000000e-01 3.832539174000000e-01 1.528799505100000e+00 2.466010177500000e+00
6.600000000000000e-01 3.732770349000000e-01 1.528799739700000e+00 2.466010398800000e+00
6.620000000000000e-01 3.413272308000000e-01 1.528797264200000e+00 2.466013542600000e+00
6.640000000000000e-01 3.083291749000000e-01 1.528797754200000e+00 2.466013269900000e+00
6.660000000000000e-01 2.970220253000000e-01 1.528800700500000e+00 2.466010433400000e+00
6.680000000000000e-01 3.166605764000000e-01 1.528801001400000e+00 2.466010149100000e+00
6.700000000000000e-01 3.566321845000000e-01 1.528797117300000e+00 2.466014362400000e+00
6.720000000000000e-01 3.928633715000000e-01 1.528795041000000e+00 2.466016849600000e+00
6.740000000000000e-01 4.025825177000000e-01 1.528798071900000e+00 2.466013337100000e+00
6.760000000000000e-01 3.781106977000000e-01 1.528798473800000e+00 2.466012719900000e+00
6.780000000000000e-01 3.315175571000000e-01 1.528794214000000e+00 2.466017060600000e+00
6.800000000000000e-01 2.878693514000000e-01 1.528792731100000e+00 2.466018037200000e+00
6.820000000000001e-01 2.714178229000000e-01 1.528795788200000e+00 2.466014626400000e+00
6.840000000000001e-01 2.926169472000000e-01 1.528798035000000e+00 2.466011945100000e+00
6.860000000000001e-01 3.427617599000000e-01 1.528795031300000e+00 2.466014607500000e+00
6.879999999999999e-01 3.984943581000000e-01 1.528790497500000e+00 2.466019807600000e+00
6.899999999999999e-01 4.332673020000000e-01 1.528793150400000e+00 2.466017340100000e+00
6.919999999999999e-01 4.297795616000000e-01 1.528796225300000e+00 2.466014312100000e+00
6.940000000000000e-01 3.875699020000000e-01 1.528791160000000e+00 2.466020729400000e+00
6.960000000000000e-01 3.228131527000000e-01 1.528787403500000e+00 2.466024763300000e+00
6.980000000000000e-01 2.611359214000000e-01 1.528790972000000e+00 2.466020792800000e+00
7.000000000000000e-01 2.270957160000000e-01 1.528794905000000e+00 2.466016938000000e+00
7.020000000000000e-01 2.348513665000000e-01 1.528793885400000e+00 2.466017677300000e+00
7.040000000000000e-01 2.834492638000000e-01 1.528788423200000e+00 2.466022464400000e+00
7.060000000000000e-01 3.578903904000000e-01 1.528785168700000e+00 2.466025648800000e+00
7.080000000000000e-01 4.348633206000000e-01 1.528791091000000e+00 2.466019621900000e+00
7.100000000000000e-01 4.905862329000000e-01 1.528792583800000e+00 2.466019321800000e+00
7.120000000000000e-01 5.079237700000000e-01 1.528783509500000e+00 2.466031977700000e+00
7.140000000000000e-01 4.807087053000000e-01 1.528783868400000e+00 2.466030308000000e+00
7.160000000000000e-01 4.144770655000000e-01 1.528788696300000e+00 2.466021655300000e+00
7.180000000000000e-01 3.240125067000000e-01 1.528782316200000e+00 2.466027638600000e+00
7.200000000000000e-01 2.289523610000000e-01 1.528774083700000e+00 2.466035427300000e+00
7.220000000000000e-01 1.489750340000000e-01 1.528770945400000e+00 2.466034372600000e+00
7.240000000000000e-01 9.980729870000001e-02 1.528776556600000e+00 2.466033280600000e+00
7.260000000000000e-01 9.081697520000000e-02 1.528783425400000e+00 2.466030970500000e+00
7.280000000000000e-01 1.243639708000000e-01 1.528771243800000e+00 2.466019042000000e+00
7.300000000000000e-01 1.966334240000000e-01 1.528805918100000e+00 2.466042571100000e+00
7.320000000000000e-01 2.993960542000000e-01 1.528764509800000e+00 2.466020371200000e+00
7.340000000000000e-01 4.221387716000000e-01 1.528746205500000e+00 2.466011680400000e+00
7.360000000000000e-01 5.540227697000000e-01 1.528826723000000e+00 2.466093619700000e+00
7.380000000000000e-01 6.853454211000000e-01 1.528789749600000e+00 2.466047667300000e+00
7.400000000000000e-01 8.085419111000000e-01 1.528697130200000e+00 2.465918768000000e+00
7.420000000000000e-01 9.185641748000000e-01 1.528771191800000e+00 2.466023382900000e+00
7.440000000000000e-01 1.012636355200000e+00 1.528880591300000e+00 2.466243977100000e+00
7.460000000000000e-01 1.089853523200000e+00 1.528801116000000e+00 2.466111030300000e+00
7.480000000000000e-01 1.150947726200000e+00 1.528627652100000e+00 2.465754450700000e+00
7.500000000000000e-01 1.197792103600000e+00 1.528651172500000e+00 2.465819407400000e+00
7.520000000000000e-01 1.232564117500000e+00 1.528914090000000e+00 2.466345780600000e+00
7.540000000000000e-01 1.257296748500000e+00 1.529038181400000e+00 2.466611082400000e+00
7.560000000000000e-01 1.273953261600000e+00 1.528763237500000e+00 2.466052552200000e+00
7.580000000000000e-01 1.284659784900000e+00 1.528382637500000e+00 2.465236688700000e+00
7.600000000000000e-01 1.291480481500000e+00 1.528437761700000e+00 2.465375447200000e+00
7.620000000000000e-01 1.295759402300000e+00 1.529023743900000e+00 2.466605339400000e+00
7.640000000000000e-01 1.297967711100000e+00 1.529459259300000e+00 2.467534302600000e+00
7.660000000000000e-01 1.298292980800000e+00 1.529062108200000e+00 2.466701757100000e+00
7.680000000000000e-01 1.297483242900000e+00 1.528113783500000e+00 2.464678212700000e+00
7.700000000000000e-01 1.296835950300000e+00 1.527747730000000e+00 2.463921919500000e+00
7.720000000000000e-01 1.297127131800000e+00 1.528655154900000e+00 2.465831184100000e+00
7.740000000000000e-01 1.297837161700000e+00 1.529958578400000e+00 2.468598067100000e+00
7.760000000000000e-01 1.297753211800000e+00 1.530025640300000e+00 2.468750195400000e+00
7.780000000000000e-01 1.296607904700000e+00 1.528478186200000e+00 2.465461452900000e+00
7.800000000000000e-01 1.295748941200000e+00 1.526980904300000e+00 2.462311586700000e+00
7.820000000000000e-01 1.296689474300000e+00 1.527495164500000e+00 2.463384649900000e+00
7.840000000000000e-01 1.299143988200000e+00 1.529686640700000e+00 2.468022662100000e+00
7.860000000000000e-01 1.301019353600000e+00 1.530986671400000e+00 2.470790517700000e+00
7.880000000000000e-01 1.300823104300000e+00 1.529619314000000e+00 2.467878574800000e+00
7.900000000000000e-01 1.299682221900000e+00 1.527042467900000e+00 2.462437616400000e+00
7.920000000000000e-01 1.300120878700000e+00 1.526510919500000e+00 2.461300146400000e+00
7.940000000000000e-01 1.302819210800000e+00 1.528908408300000e+00 2.466378455600000e+00
7.960000000000000e-01 1.305370082600000e+00 1.531254638800000e+00 2.471367384600000e+00
7.980000000000000e-01 1.305116862800000e+00 1.530287693600000e+00 2.469296715800000e+00
8.000000000000000e-01 1.302829633500000e+00 1.526948252000000e+00 2.462230132200000e+00
8.020000000000000e-01 1.302137950500000e+00 1.525793741000000e+00 2.459774964900000e+00
8.040000000000000e-01 1.304838986700000e+00 1.529039290200000e+00 2.466657881700000e+00
8.060000000000000e-01 1.307854340200000e+00 1.532807037700000e+00 2.474675404100000e+00
8.080000000000001e-01 1.306638400900000e+00 1.531438343400000e+00 2.471742877300000e+00
8.100000000000001e-01 1.301596462700000e+00 1.525353613800000e+00 2.458847306900000e+00
8.120000000000001e-01 1.298863937100000e+00 1.522194505200000e+00 2.452163796200000e+00
8.139999999999999e-01 1.302991731700000e+00 1.527636333100000e+00 2.463674905200000e+00
8.159999999999999e-01 1.309886291700000e+00 1.536470374300000e+00 2.482476585600000e+00
8.179999999999999e-01 1.310267265800000e+00 1.537167893200000e+00 2.483952697300000e+00
8.200000000000000e-01 1.301467825300000e+00 1.526372452700000e+00 2.460999301000000e+00
8.220000000000000e-01 1.292992000900000e+00 1.515820949900000e+00 2.438747616900000e+00
8.240000000000000e-01 1.296358754100000e+00 1.520097252500000e+00 2.447736686100000e+00
8.260000000000000e-01 1.309670144800000e+00 1.536687475000000e+00 2.482924597200000e+00
8.280000000000000e-01 1.317133316000000e+00 1.545816220900000e+00 2.502483688800000e+00
8.300000000000000e-01 1.307531288500000e+00 1.533817206800000e+00 2.476798481100000e+00
8.320000000000000e-01 1.290685449200000e+00 1.512518509300000e+00 2.431816839900000e+00
8.340000000000000e-01 1.288260894200000e+00 1.509281458400000e+00 2.425043476700000e+00
8.360000000000000e-01 1.306305220600000e+00 1.531807498100000e+00 2.472508664300000e+00
8.380000000000000e-01 1.323926853700000e+00 1.553374390700000e+00 2.518802476500000e+00
8.400000000000000e-01 1.316547351200000e+00 1.544243638000000e+00 2.499095113000000e+00
8.420000000000000e-01 1.289507495600000e+00 1.510404110300000e+00 2.427356839500000e+00
8.440000000000000e-01 1.276945924500000e+00 1.494349187000000e+00 2.394027051100000e+00
8.460000000000000e-01 1.299716597000000e+00 1.523335805500000e+00 2.454481382800000e+00
8.480000000000000e-01 1.333563545500000e+00 1.565038150200000e+00 2.544119640800000e+00
8.500000000000000e-01 1.332775356300000e+00 1.564244212100000e+00 2.542357663300000e+00
8.520000000000000e-01 1.289622777600000e+00 1.511058628500000e+00 2.428559183800000e+00
8.540000000000000e-01 1.254645141800000e+00 1.465985427100000e+00 2.336087008700000e+00
8.560000000000000e-01 1.277914747700000e+00 1.496589068400000e+00 2.398399063800000e+00
8.580000000000000e-01 1.339981379800000e+00 1.573767068900000e+00 2.562985686600000e+00
8.600000000000000e-01 1.363080601700000e+00 1.601329785300000e+00 2.624429761200000e+00
8.620000000000000e-01 1.304739793400000e+00 1.531423889300000e+00 2.471051220500000e+00
8.640000000000000e-01 1.227598230300000e+00 1.431182087000000e+00 2.266593937600000e+00
8.660000000000000e-01 1.232773183800000e+00 1.438700068700000e+00 2.281214256500000e+00
8.680000000000000e-01 1.328643768200000e+00 1.561723935700000e+00 2.535861269900000e+00
8.700000000000000e-01 1.402413765700000e+00 1.647789544600000e+00 2.730740357200000e+00
8.720000000000000e-01 1.343384853100000e+00 1.580802107900000e+00 2.577212695200000e+00
8.740000000000000e-01 1.202183266100000e+00 1.399467462600000e+00 2.204051718600000e+00
8.760000000000000e-01 1.153755761800000e+00 1.330625454200000e+00 2.076492817600000e+00
8.780000000000000e-01 1.276697384000000e+00 1.501475417600000e+00 2.405841114100000e+00
8.800000000000000e-01 1.439984273900000e+00 1.692839962900000e+00 2.836671788100000e+00
8.820000000000000e-01 1.422960470200000e+00 1.677053662700000e+00 2.797076572800000e+00
8.840000000000000e-01 1.197938634900000e+00 1.404515990000000e+00 2.209496723400000e+00
8.860000000000000e-01 1.020244850300000e+00 1.129351169200000e+00 1.738031527800000e+00
8.880000000000000e-01 1.111330025100000e+00 1.284025820000000e+00 1.989058639200000e+00
8.900000000000000e-01 1.397616772800000e+00 1.657740004900000e+00 2.746346041300000e+00
8.920000000000000e-01 1.549673490900000e+00 1.817525514400000e+00 3.151909981200000e+00
8.940000000000000e-01 1.304173837300000e+00 1.569516679900000e+00 2.535739714500000e+00
8.960000000000000e-01 8.588043611000000e-01 8.990183992000000e-01 1.399156528400000e+00
8.980000000000000e-01 5.857817220000000e-01 2.406617723000000e-01 7.385879965000000e-01
9.000000000000000e-01 5.115125825000000e-01 2.994997240000000e-02 5.901411420000000e-01
9.020000000000000e-01 5.011443878000000e-01 2.901809000000000e-03 5.728362305000000e-01
9.040000000000000e-01 5.001076576000000e-01 2.722958000000000e-04 5.711721793000000e-01
9.060000000000000e-01 5.000100730000000e-01 2.547390000000000e-05 5.710161053000000e-01
9.080000000000000e-01 5.000009420000000e-01 2.382200000000000e-06 5.710015061000000e-01
9.100000000000000e-01 5.000000881000000e-01 2.228000000000000e-07 5.710001407999999e-01
9.120000000000000e-01 5.000000082000000e-01 2.080000000000000e-08 5.710000132000000e-01
9.140000000000000e-01 5.000000008000000e-01 1.900000000000000e-09 5.710000012000001e-01
9.160000000000000e-01 5.000000001000000e-01 2.000000000000000e-10 5.710000001000000e-01
9.180000000000000e-01 5.000000000000000e-01 0.000000000000000e+00 5.710000000000000e-01
9.200000000000000e-01 5.000000000000000e-01 0.000000000000000e+00 5.710000000000000e-01
9.220000000000000e-01 5.000000000000000e-01 0.000000000000000e+00 5.710000000000000e-01
9.240000000000000e-01 5.000000000000000e-01 0.000000000000000e+00 5.710000000000000e-01
9.260000000000000e-01 5.000000000000000e-01 0.000000000000000e+00 5.710000000000000e-01
9.280000000000000e-01 5.000000000000000e-01 0.000000000000000e+00 5.710000000000000e-01
9.300000000000000e-01 5.000000000000000e-01 0.000000000000000e+00 5.710000000000000e-01
9.320000000000001e-01 5.000000000000000e-01 0.000000000000000e+00 5.710000000000000e-01
9.340000000000001e-01 5.000000000000000e-01 0.000000000000000e+00 5.710000000000000e-01
9.360000000000001e-01 5.000000000000000e-01 0.000000000000000e+00 5.710000000000000e-01
9.379999999999999e-01 5.000000000000000e-01 0.000000000000000e+00 5.710000000000000e-01
9.399999999999999e-01 5.000000000000000e-01 0.000000000000000e+00 5.710000000000000e-01
9.419999999999999e-01 5.000000000000000e-01 0.000000000000000e+00 5.710000000000000e-01
9.440000000000000e-01 5.000000000000000e-01 0.000000000000000e+00 5.710000000000000e-01
9.460000000000000e-01 5.000000000000000e-01 0.000000000000000e+00 5.710000000000000e-01
9.480000000000000e-01 5.000000000000000e-01 0.000000000000000e+00 5.710000000000000e-01
9.500000000000000e-01 5.000000000000000e-01 0.000000000000000e+00 5.710000000000000e-01
9.520000000000000e-01 5.000000000000000e-01 0.000000000000000e+00 5.710000000000000e-01
9.540000000000000e-01 5.000000000000000e-01 0.000000000000000e+00 5.710000000000000e-01
9.560000000000000e-01 5.000000000000000e-01 0.000000000000000e+00 5.710000000000000e-01
9.580000000000000e-01 5.000000000000000e-01 0.000000000000000e+00 5.710000000000000e-01
9.600000000000000e-01 5.000000000000000e-01 0.000000000000000e+00 5.710000000000000e-01
9.620000000000000e-01 5.000000000000000e-01 0.000000000000000e+00 5.710000000000000e-01
9.640000000000000e-01 5.000000000000000e-01 0.000000000000000e+00 5.710000000000000e-01
9.660000000000000e-01 5.000000000000000e-01 0.000000000000000e+00 5.710000000000000e-01
9.680000000000000e-01 5.000000000000000e-01 0.000000000000000e+00 5.710000000000000e-01
9.700000000000000e-01 5.000000000000000e-01 0.000000000000000e+00 5.710000000000000e-01
9.720000000000000e-01 5.000000000000000e-01 0.000000000000000e+00 5.710000000000000e-01
9.740000000000000e-01 5.000000000000000e-01 0.000000000000000e+00 5.710000000000000e-01
9.760000000000000e-01 5.000000000000000e-01 0.000000000000000e+00 5.710000000000000e-01
9.780000000000000e-01 5.000000000000000e-01 0.000000000000000e+00 5.710000000000000e-01
9.800000000000000e-01 5.000000000000000e-01 0.000000000000000e+00 5.710000000000000e-01
9.820000000000000e-01 5.000000000000000e-01 0.000000000000000e+00 5.710000000000000e-01
9.840000000000000e-01 5.000000000000000e-01 0.000000000000000e+00 5.710000000000000e-01
9.860000000000000e-01 5.000000000000000e-01 0.000000000000000e+00 5.710000000000000e-01
9.880000000000000e-01 5.000000000000000e-01 0.000000000000000e+00 5.710000000000000e-01
9.900000000000000e-01 5.000000000000000e-01 0.000000000000000e+00 5.710000000000000e-01
9.920000000000000e-01 5.000000000000000e-01 0.000000000000000e+00 5.710000000000000e-01
9.940000000000000e-01 5.000000000000000e-01 0.000000000000000e+00 5.710000000000000e-01
9.960000000000000e-01 5.000000000000000e-01 0.000000000000000e+00 5.710000000000000e-01
9.980000000000000e-01 5.000000000000000e-01 0.000000000000000e+00 5.710000000000000e-01
1.000000000000000e+00 5.000000000000000e-01 0.000000000000000e+00 5.710000000000000e-01
ZONE T="beta=0.25", AUXDATA beta="0.25", I=501, F=POINT
0.000000000000000e+00 4.449999994000000e-01 6.980000041000000e-01 3.527999993900000e+00
2.000000000000000e-03 4.449999994000000e-01 6.980000041000000e-01 3.527999993900000e+00
4.000000000000000e-03 4.449999988000000e-01 6.980000092000000e-01 3.527999986300000e+00
6.000000000000000e-03 4.449999977000000e-01 6.980000175000000e-01 3.527999974100000e+00
8.000000000000000e-03 4.449999955000000e-01 6.980000335000000e-01 3.527999950300000e+00
1.000000000000000e-02 4.449999915000000e-01 6.980000634000000e-01 3.527999905900000e+00
1.200000000000000e-02 4.449999841000000e-01 6.980001188000000e-01 3.527999823900000e+00
1.400000000000000e-02 4.449999706000000e-01 6.980002199999999e-01 3.527999673900000e+00
1.600000000000000e-02 4.449999462000000e-01 6.980004027000000e-01 3.527999403000000e+00
1.800000000000000e-02 4.449999027000000e-01 6.980007282000000e-01 3.527998920400000e+00
2.000000000000000e-02 4.449998264000000e-01 6.980012995000000e-01 3.527998073500000e+00
2.200000000000000e-02 4.449996948000000e-01 6.980022851000000e-01 3.527996612200000e+00
2.400000000000000e-02 4.449994718000000e-01 6.980039541000000e-01 3.527994137800000e+00
2.600000000000000e-02 4.449991020000000e-01 6.980067232000000e-01 3.527990032600000e+00
2.800000000000000e-02 4.449985011000000e-01 6.980112221000000e-01 3.527983362700000e+00
3.000000000000000e-02 4.449975445000000e-01 6.980183833000000e-01 3.527972745900000e+00
3.200000000000000e-02 4.449960510000000e-01 6.980295651000000e-01 3.527956168600000e+00
3.400000000000000e-02 4.449937596000000e-01 6.980467198000000e-01 3.527930736300000e+00
3.600000000000000e-02 4.449903005000000e-01 6.980726178000000e-01 3.527892342200000e+00
3.800000000000000e-02 4.449851554000000e-01 6.981111378000000e-01 3.527835236300000e+00
4.000000000000000e-02 4.449776096000000e-01 6.981676324000000e-01 3.527751484600000e+00
4.200000000000000e-02 4.449666918000000e-01 6.982493737000000e-01 3.527630308300000e+00
4.400000000000000e-02 4.449511047000000e-01 6.983660769000000e-01 3.527457309200000e+00
4.600000000000000e-02 4.449291461000000e-01 6.985304896000000e-01 3.527213598500000e+00
4.800000000000000e-02 4.448986257000000e-01 6.987590178999999e-01 3.526874872200000e+00
5.000000000000000e-02 4.448567832000000e-01 6.990723425000001e-01 3.526410505000000e+00
5.200000000000000e-02 4.448002170000000e-01 6.994959554000000e-01 3.525782766000000e+00
5.400000000000000e-02 4.447248367000000e-01 7.000605271000000e-01 3.524946292100000e+00
5.600000000000000e-02 4.446258519000000e-01 7.008019994000000e-01 3.523847977400000e+00
5.800000000000000e-02 4.444978134000000e-01 7.017612945000000e-01 3.522427442400000e+00
6.000000000000000e-02 4.443347189000000e-01 7.029835469000000e-01 3.520618224700000e+00
6.200000000000000e-02 4.441301911000000e-01 7.045168000000001e-01 3.518349774800000e+00
6.400000000000000e-02 4.438777269000000e-01 7.064101728000000e-01 3.515550250000000e+00
6.600000000000000e-02 4.435710073000000e-01 7.087115769000000e-01 3.512149977600000e+00
6.800000000000000e-02 4.432042445000000e-01 7.114651534000000e-01 3.508085327500000e+00
7.000000000000001e-02 4.427725328000000e-01 7.147086689000000e-01 3.503302627000000e+00
7.199999999999999e-02 4.422721655000000e-01 7.184711543000000e-01 3.497761680800000e+00
7.400000000000000e-02 4.417008792000000e-01 7.227710676000000e-01 3.491438470300000e+00
7.600000000000000e-02 4.410579942000000e-01 7.276152085000001e-01 3.484326688700000e+00
7.800000000000000e-02 4.403444342000000e-01 7.329985150000000e-01 3.476437922300000e+00
8.000000000000000e-02 4.395626259000000e-01 7.389047498000000e-01 3.467800476700000e+00
8.200000000000000e-02 4.387162923000000e-01 7.453079639000000e-01 3.458457036300000e+00
8.400000000000001e-02 4.378101716000000e-01 7.521745286000000e-01 3.448461487000000e+00
8.599999999999999e-02 4.368496964000000e-01 7.594654718000000e-01 3.437875312600000e+00
8.799999999999999e-02 4.358406703000000e-01 7.671388527000000e-01 3.426763973100000e+00
9.000000000000000e-02 4.347889727000000e-01 7.751519450000000e-01 3.415193612800000e+00
9.200000000000000e-02 4.337003142000000e-01 7.834630644000000e-01 3.403228337900000e+00
9.400000000000000e-02 4.325800527000000e-01 7.920329533000000e-01 3.390928187900000e+00
9.600000000000000e-02 4.314330732000000e-01 8.008257044000000e-01 3.378347813100000e+00
9.800000000000000e-02 4.302637243000000e-01 8.098092641000000e-01 3.365535792400000e+00
1.000000000000000e-01 4.290758015000000e-01 8.189555853000000e-01 3.352534471200000e+00
1.020000000000000e-01 4.278725658000000e-01 8.282405204000000e-01 3.339380184100000e+00
1.040000000000000e-01 4.266567847000000e-01 8.376435390000000e-01 3.326103727900000e+00
1.060000000000000e-01 4.254307853000000e-01 8.471473470999999e-01 3.312730971900000e+00
1.080000000000000e-01 4.241965132000000e-01 8.567374673000000e-01 3.299283515900000e+00
1.100000000000000e-01 4.229555893000000e-01 8.664018208000001e-01 3.285779336700000e+00
1.120000000000000e-01 4.217093636000000e-01 8.761303390000000e-01 3.272233382500000e+00
1.140000000000000e-01 4.204589613000000e-01 8.859146184000000e-01 3.258658098700000e+00
1.160000000000000e-01 4.192053234000000e-01 8.957476237000001e-01 3.245063876800000e+00
1.180000000000000e-01 4.179492405000000e-01 9.056234394000000e-01 3.231459429300000e+00
1.200000000000000e-01 4.166913799000000e-01 9.155370641000000e-01 3.217852098000000e+00
1.220000000000000e-01 4.154323084000000e-01 9.254842441000000e-01 3.204248104300000e+00
1.240000000000000e-01 4.141725105000000e-01 9.354613375000000e-01 3.190652751800000e+00
1.260000000000000e-01 4.129124030000000e-01 9.454652058000000e-01 3.177070588700000e+00
1.280000000000000e-01 4.116523464000000e-01 9.554931257000000e-01 3.163505539200000e+00
1.300000000000000e-01 4.103926546000000e-01 9.655427219000000e-01 3.149961004600000e+00
1.320000000000000e-01 4.091336020000000e-01 9.756119111000000e-01 3.136439946500000e+00
1.340000000000000e-01 4.078754299000000e-01 9.856988553000000e-01 3.122944957300000e+00
1.360000000000000e-01 4.066183516000000e-01 9.958019235000000e-01 3.109478316300000e+00
1.380000000000000e-01 4.053625565000000e-01 1.005919660700000e+00 3.096042037200000e+00
1.400000000000000e-01 4.041082137000000e-01 1.016050761500000e+00 3.082637906300000e+00
1.420000000000000e-01 4.028554750000000e-01 1.026194049200000e+00 3.069267514700000e+00
1.440000000000000e-01 4.016044770000000e-01 1.036348456900000e+00 3.055932285500000e+00
1.460000000000000e-01 4.003553433000000e-01 1.046513012900000e+00 3.042633496500000e+00
1.480000000000000e-01 3.991081865000000e-01 1.056686827000000e+00 3.029372299700000e+00
1.500000000000000e-01 3.978631092000000e-01 1.066869079600000e+00 3.016149738100000e+00
1.520000000000000e-01 3.966202058000000e-01 1.077059011900000e+00 3.002966759800000e+00
1.540000000000000e-01 3.953795634000000e-01 1.087255917100000e+00 2.989824231200000e+00
1.560000000000000e-01 3.941412628000000e-01 1.097459133000000e+00 2.976722947400000e+00
1.580000000000000e-01 3.929053793000000e-01 1.107668035400000e+00 2.963663642200000e+00
1.600000000000000e-01 3.916719838000000e-01 1.117882031600000e+00 2.950646997200000e+00
1.620000000000000e-01 3.904411432000000e-01 1.128100555100000e+00 2.937673649100000e+00
1.640000000000000e-01 3.892129212000000e-01 1.138323060400000e+00 2.924744197800000e+00
1.660000000000000e-01 3.879873790000000e-01 1.148549017700000e+00 2.911859212500000e+00
1.680000000000000e-01 3.867645757000000e-01 1.158777908700000e+00 2.899019238200000e+00
1.700000000000000e-01 3.855445691000000e-01 1.169009221300000e+00 2.886224802200000e+00
1.720000000000000e-01 3.843274162000000e-01 1.179242445700000e+00 2.873476419900000e+00
1.740000000000000e-01 3.831131737000000e-01 1.189477068900000e+00 2.860774600700000e+00
1.760000000000000e-01 3.819018983000000e-01 1.199712570100000e+00 2.848119854400000e+00
1.780000000000000e-01 3.806936482000000e-01 1.209948415600000e+00 2.835512697400000e+00
1.800000000000000e-01 3.794884827000000e-01 1.220184052500000e+00 2.822953659400000e+00
1.820000000000000e-01 3.782864637000000e-01 1.230418903100000e+00 2.810443291100000e+00
1.840000000000000e-01 3.770876560000000e-01 1.240652357100000e+00 2.797982171900000e+00
1.860000000000000e-01 3.758921284000000e-01 1.250883764000000e+00 2.785570919500000e+00
1.880000000000000e-01 3.746999550000000e-01 1.261112423800000e+00 2.773210199600000e+00
1.900000000000000e-01 3.735112157000000e-01 1.271337575800000e+00 2.760900738500000e+00
1.920000000000000e-01 3.723259984000000e-01 1.281558386400000e+00 2.748643336700000e+00
1.940000000000000e-01 3.711443998000000e-01 1.291773933400000e+00 2.736438885600000e+00
1.960000000000000e-01 3.699665282000000e-01 1.301983188100000e+00 2.724288387500000e+00
1.980000000000000e-01 3.687925055000000e-01 1.312184992900000e+00 2.712192979000000e+00
2.000000000000000e-01 3.676224699000000e-01 1.322378034500000e+00 2.700153960700000e+00
2.020000000000000e-01 3.664565799000000e-01 1.332560810600000e+00 2.688172832600000e+00
2.040000000000000e-01 3.652950186000000e-01 1.342731588700000e+00 2.676251338700000e+00
2.060000000000000e-01 3.641379991000000e-01 1.352888353800000e+00 2.664391522200000e+00
2.080000000000000e-01 3.629857719000000e-01 1.363028744000000e+00 2.652595795600000e+00
2.100000000000000e-01 3.618386333000000e-01 1.373149966900000e+00 2.640867029100000e+00
2.120000000000000e-01 3.606969373000000e-01 1.383248693300000e+00 2.629208665000000e+00
2.140000000000000e-01 3.595611101000000e-01 1.393320919900000e+00 2.617624863600000e+00
2.160000000000000e-01 3.584316695000000e-01 1.403361789100000e+00 2.606120695700000e+00
2.180000000000000e-01 3.573092499000000e-01 1.413365353800000e+00 2.594702393900000e+00
2.200000000000000e-01 3.561946366000000e-01 1.423324263400000e+00 2.583377685600000e+00
2.220000000000000e-01 3.550888096000000e-01 1.433229345700000e+00 2.572156239400000e+00
2.240000000000000e-01 3.539930048000000e-01 1.443069043000000e+00 2.561050264400000e+00
2.260000000000000e-01 3.529087957000000e-01 1.452828646200000e+00 2.550075323000000e+00
2.280000000000000e-01 3.518382046000000e-01 1.462489251600000e+00 2.539251439200000e+00
2.300000000000000e-01 3.507838557000000e-01 1.472026332000000e+00 2.528604613400000e+00
2.320000000000000e-01 3.497491838000000e-01 1.481407779100000e+00 2.518168895500000e+00
2.340000000000000e-01 3.487387191000000e-01 1.490591236200000e+00 2.507989207700000e+00
2.360000000000000e-01 3.477584701000000e-01 1.499520504500000e+00 2.498125141600000e+00
2.380000000000000e-01 3.468164257000000e-01 1.508120826100000e+00 2.488655937300000e+00
2.400000000000000e-01 3.459231828000000e-01 1.516292987800000e+00 2.479686698100000e+00
2.420000000000000e-01 3.450926546000000e-01 1.523906650900000e+00 2.471355407900000e+00
2.440000000000000e-01 3.443426965000000e-01 1.530794435800000e+00 2.463839129900000e+00
2.460000000000000e-01 3.436952332000000e-01 1.536750670000000e+00 2.457355244900000e+00
2.480000000000000e-01 3.431750004000000e-01 1.541543077500000e+00 2.452148937400000e+00
2.500000000000000e-01 3.428053111000000e-01 1.544952252900000e+00 2.448451094200000e+00
2.520000000000000e-01 3.425985077000000e-01 1.546860600900000e+00 2.446383237900000e+00
2.540000000000000e-01 3.425388832000000e-01 1.547410929200000e+00 2.445787176300000e+00
2.560000000000000e-01 3.425750148000000e-01 1.547077394100000e+00 2.446148407500000e+00
2.580000000000000e-01 3.426873631000000e-01 1.546040503500000e+00 2.447271693300000e+00
2.600000000000000e-01 3.428897523000000e-01 1.544173274900000e+00 2.449295611100000e+00
2.620000000000000e-01 3.431879539000000e-01 1.541423704400000e+00 2.452278526700000e+00
2.640000000000000e-01 3.435713171000000e-01 1.537891802500000e+00 2.456114762200000e+00
2.660000000000000e-01 3.440070068000000e-01 1.533881873400000e+00 2.460476514300000e+00
2.680000000000000e-01 3.444381313000000e-01 1.529918248500000e+00 2.464794500800000e+00
2.700000000000000e-01 3.447940668000000e-01 1.526649084600000e+00 2.468360880200000e+00
2.720000000000000e-01 3.450231937000000e-01 1.524546088500000e+00 2.470657412700000e+00
2.740000000000000e-01 3.451229197000000e-01 1.523631079000000e+00 2.471657188300000e+00
2.760000000000000e-01 3.451391981000000e-01 1.523481715900000e+00 2.471820418300000e+00
2.780000000000000e-01 3.451268443000000e-01 1.523595040700000e+00 2.471696571100000e+00
2.800000000000000e-01 3.451100946000000e-01 1.523748703000000e+00 2.471528650500000e+00
2.820000000000000e-01 3.451021443000000e-01 1.523821633200000e+00 2.471448956800000e+00
2.840000000000000e-01 3.451063465000000e-01 1.523783060500000e+00 2.471491106800000e+00
2.860000000000000e-01 3.451212408000000e-01 1.523646387400000e+00 2.471640459800000e+00
2.880000000000000e-01 3.451467809000000e-01 1.523412049100000e+00 2.471896556700000e+00
2.900000000000000e-01 3.451800560000000e-01 1.523106766800000e+00 2.472230219400000e+00
2.920000000000000e-01 3.452152894000000e-01 1.522783546300000e+00 2.472583530700000e+00
2.940000000000000e-01 3.452453948000000e-01 1.522507389700000e+00 2.472885431300000e+00
2.960000000000000e-01 3.452656768000000e-01 1.522321348400000e+00 2.473088833900000e+00
2.980000000000000e-01 3.452764392000000e-01 1.522222622300000e+00 2.473196779000000e+00
3.000000000000000e-01 3.452815587000000e-01 1.522175652100000e+00 2.473248136800000e+00
3.020000000000000e-01 3.452853493000000e-01 1.522140869200000e+00 2.473286169400000e+00
3.040000000000000e-01 3.452911147000000e-01 1.522087974600000e+00 2.473344006800000e+00
3.060000000000000e-01 3.453000846000000e-01 1.522005692200000e+00 2.473433980100000e+00
3.080000000000000e-01 3.453113195000000e-01 1.521902638800000e+00 2.473546670000000e+00
3.100000000000000e-01 3.453223833000000e-01 1.521801158100000e+00 2.473657644500000e+00
3.120000000000000e-01 3.453306125000000e-01 1.521725673200000e+00 2.473740194000000e+00
3.140000000000000e-01 3.453350472000000e-01 1.521684986300000e+00 2.473784689900000e+00
3.160000000000000e-01 3.453367799000000e-01 1.521669078000000e+00 2.473802088000000e+00
3.180000000000000e-01 3.453375743000000e-01 1.521661773200000e+00 2.473810077100000e+00
3.200000000000000e-01 3.453388167000000e-01 1.521650360900000e+00 2.473822558200000e+00
3.220000000000000e-01 3.453410980000000e-01 1.521629420700000e+00 2.473845459600000e+00
3.240000000000000e-01 3.453440775000000e-01 1.521602077000000e+00 2.473875364300000e+00
3.260000000000000e-01 3.453467982000000e-01 1.521577107500000e+00 2.473902672700000e+00
3.280000000000000e-01 3.453483341000000e-01 1.521563002700000e+00 2.473918099000000e+00
3.300000000000000e-01 3.453485928000000e-01 1.521560608800000e+00 2.473920717500000e+00
3.320000000000000e-01 3.453481071000000e-01 1.521565041400000e+00 2.473915870200000e+00
3.340000000000000e-01 3.453473572000000e-01 1.521571895700000e+00 2.473908374300000e+00
3.360000000000000e-01 3.453466844000000e-01 1.521578043300000e+00 2.473901651200000e+00
3.380000000000000e-01 3.453461742000000e-01 1.521582698700000e+00 2.473896560200000e+00
3.400000000000000e-01 3.453456187000000e-01 1.521587770100000e+00 2.473891014200000e+00
3.420000000000000e-01 3.453447137000000e-01 1.521596045100000e+00 2.473881964600000e+00
3.440000000000000e-01 3.453433121000000e-01 1.521608874400000e+00 2.473867934200000e+00
3.460000000000000e-01 3.453414727000000e-01 1.521625718400000e+00 2.473849513200000e+00
3.480000000000000e-01 3.453393686000000e-01 1.521644988300000e+00 2.473828439300000e+00
3.500000000000000e-01 3.453371521000000e-01 1.521665289700000e+00 2.473806237600000e+00
3.520000000000000e-01 3.453348544000000e-01 1.521686335300000e+00 2.473783222000000e+00
3.540000000000000e-01 3.453323946000000e-01 1.521708866800000e+00 2.473758581700000e+00
3.560000000000000e-01 3.453296879000000e-01 1.521733662500000e+00 2.473731465500000e+00
3.580000000000000e-01 3.453267479000000e-01 1.521760597300000e+00 2.473702010200000e+00
3.600000000000000e-01 3.453236928000000e-01 1.521788587300000e+00 2.473671401300000e+00
3.620000000000000e-01 3.453206616000000e-01 1.521816358200000e+00 2.473641032400000e+00
3.640000000000000e-01 3.453177147000000e-01 1.521843355600000e+00 2.473611509600000e+00
3.660000000000000e-01 3.453148087000000e-01 1.521869978500000e+00 2.473582396600000e+00
3.680000000000000e-01 3.453118682000000e-01 1.521896916300000e+00 2.473552939700000e+00
3.700000000000000e-01 3.453088802000000e-01 1.521924289600000e+00 2.473523006800000e+00
3.720000000000000e-01 3.453059121000000e-01 1.521951480300000e+00 2.473493273800000e+00
3.740000000000000e-01 3.453030387000000e-01 1.521977802800000e+00 2.473464490500000e+00
3.760000000000000e-01 3.453002588000000e-01 1.522003266900000e+00 2.473436646200000e+00
3.780000000000000e-01 3.452974921000000e-01 1.522028609700000e+00 2.473408934900000e+00
3.800000000000000e-01 3.452946518000000e-01 1.522054627500000e+00 2.473380485600000e+00
3.820000000000000e-01 3.452917157000000e-01 1.522081523500000e+00 2.473351076400000e+00
3.840000000000000e-01 3.452887252000000e-01 1.522108917100000e+00 2.473321123300000e+00
3.860000000000000e-01 3.452857279000000e-01 1.522136374300000e+00 2.473291101200000e+00
3.880000000000000e-01 3.452827332000000e-01 1.522163806500000e+00 2.473261106600000e+00
3.900000000000000e-01 3.452797267000000e-01 1.522191346100000e+00 2.473230994900000e+00
3.920000000000000e-01 3.452767138000000e-01 1.522218944200000e+00 2.473200819500000e+00
3.940000000000000e-01 3.452737342000000e-01 1.522246236700000e+00 2.473170978600000e+00
3.960000000000000e-01 3.452708290000000e-01 1.522272846400000e+00 2.473141884600000e+00
3.980000000000000e-01 3.452680031000000e-01 1.522298728200000e+00 2.473113586800000e+00
4.000000000000000e-01 3.452652291000000e-01 1.522324134100000e+00 2.473085809500000e+00
4.020000000000000e-01 3.452624847000000e-01 1.522349267300000e+00 2.473058330700000e+00
4.040000000000000e-01 3.452597783000000e-01 1.522374051600000e+00 2.473031233600000e+00
4.060000000000000e-01 3.452571338000000e-01 1.522398268700000e+00 2.473004756800000e+00
4.080000000000000e-01 3.452545576000000e-01 1.522421857300000e+00 2.472978967500000e+00
4.100000000000000e-01 3.452520308000000e-01 1.522444993400000e+00 2.472953673200000e+00
4.120000000000000e-01 3.452495311000000e-01 1.522467879300000e+00 2.472928652500000e+00
4.140000000000000e-01 3.452470583000000e-01 1.522490519100000e+00 2.472903901200000e+00
4.160000000000000e-01 3.452446312000000e-01 1.522512737900000e+00 2.472879610400000e+00
4.180000000000000e-01 3.452422671000000e-01 1.522534378700000e+00 2.472855951600000e+00
4.200000000000000e-01 3.452399694000000e-01 1.522555409300000e+00 2.472832960100000e+00
4.220000000000000e-01 3.452377382000000e-01 1.522575829800000e+00 2.472810635800000e+00
4.240000000000000e-01 3.452355840000000e-01 1.522595543500000e+00 2.472789084500000e+00
4.260000000000000e-01 3.452335263000000e-01 1.522614370700000e+00 2.472768502400000e+00
4.280000000000000e-01 3.452315800000000e-01 1.522632175400000e+00 2.472749038300000e+00
4.300000000000000e-01 3.452297480000000e-01 1.522648931200000e+00 2.472730721100000e+00
4.320000000000000e-01 3.452280274000000e-01 1.522664664300000e+00 2.472713521900000e+00
4.340000000000000e-01 3.452264175000000e-01 1.522679380500000e+00 2.472697434600000e+00
4.360000000000000e-01 3.452249189000000e-01 1.522693075300000e+00 2.472682463900000e+00
4.380000000000000e-01 3.452235271000000e-01 1.522705788900000e+00 2.472668565900000e+00
4.400000000000000e-01 3.452222329000000e-01 1.522717607100000e+00 2.472655646900000e+00
4.420000000000000e-01 3.452210284000000e-01 1.522728601400000e+00 2.472643628500000e+00
4.440000000000000e-01 3.452199117000000e-01 1.522738788800000e+00 2.472632492500000e+00
4.460000000000000e-01 3.452188844000000e-01 1.522748155100000e+00 2.472622253900000e+00
4.480000000000000e-01 3.452179465000000e-01 1.522756701000000e+00 2.472612912300000e+00
4.500000000000000e-01 3.452170951000000e-01 1.522764451200000e+00 2.472604440600000e+00
4.520000000000000e-01 3.452163272000000e-01 1.522771434500000e+00 2.472596807100000e+00
4.540000000000000e-01 3.452156402000000e-01 1.522777675500000e+00 2.472589985300000e+00
4.560000000000000e-01 3.452150305000000e-01 1.522783205100000e+00 2.472583941000000e+00
4.580000000000000e-01 3.452144935000000e-01 1.522788066900000e+00 2.472578626900000e+00
4.600000000000000e-01 3.452140244000000e-01 1.522792304500000e+00 2.472573995100000e+00
4.620000000000000e-01 3.452136198000000e-01 1.522795948900000e+00 2.472570011700000e+00
4.640000000000000e-01 3.452132775000000e-01 1.522799020200000e+00 2.472566654800000e+00
4.660000000000000e-01 3.452129955000000e-01 1.522801537200000e+00 2.472563904000000e+00
4.680000000000000e-01 3.452127715000000e-01 1.522803520600000e+00 2.472561736400000e+00
4.700000000000000e-01 3.452126032000000e-01 1.522804991700000e+00 2.472560128800000e+00
4.720000000000000e-01 3.452124881000000e-01 1.522805973600000e+00 2.472559055900000e+00
4.740000000000000e-01 3.452124231000000e-01 1.522806493900000e+00 2.472558487800000e+00
4.760000000000000e-01 3.452124049000000e-01 1.522806583100000e+00 2.472558390800000e+00
4.780000000000000e-01 3.452124304000000e-01 1.522806270100000e+00 2.472558733600000e+00
4.800000000000000e-01 3.452124969000000e-01 1.522805579100000e+00 2.472559489500000e+00
4.820000000000000e-01 3.452126019000000e-01 1.522804533400000e+00 2.472560633200000e+00
4.840000000000000e-01 3.452127425000000e-01 1.522803158400000e+00 2.472562136900000e+00
4.860000000000000e-01 3.452129159000000e-01 1.522801481100000e+00 2.472563970900000e+00
4.880000000000000e-01 3.452131191000000e-01 1.522799528500000e+00 2.472566106100000e+00
4.900000000000000e-01 3.452133493000000e-01 1.522797326100000e+00 2.472568514200000e+00
4.920000000000000e-01 3.452136038000000e-01 1.522794899000000e+00 2.472571168000000e+00
4.940000000000000e-01 3.452138798000000e-01 1.522792271600000e+00 2.472574040800000e+00
4.960000000000000e-01 3.452141749000000e-01 1.522789466700000e+00 2.472577107500000e+00
4.980000000000000e-01 3.452144868000000e-01 1.522786506100000e+00 2.472580344500000e+00
5.000000000000000e-01 3.452148132000000e-01 1.522783410000000e+00 2.472583729700000e+00
5.020000000000000e-01 3.452151520000000e-01 1.522780196500000e+00 2.472587243200000e+00
5.040000000000000e-01 3.452155016000000e-01 1.522776881300000e+00 2.472590867900000e+00
5.060000000000000e-01 3.452158607000000e-01 1.522773477700000e+00 2.472594589300000e+00
5.080000000000000e-01 3.452162278000000e-01 1.522769997200000e+00 2.472598394600000e+00
5.100000000000000e-01 3.452166017000000e-01 1.522766450800000e+00 2.472602272100000e+00
5.120000000000000e-01 3.452169813000000e-01 1.522762848800000e+00 2.472606210300000e+00
5.140000000000000e-01 3.452173657000000e-01 1.522759201500000e+00 2.472610198100000e+00
5.160000000000000e-01 3.452177536000000e-01 1.522755519300000e+00 2.472614224000000e+00
5.180000000000000e-01 3.452181435000000e-01 1.522751813200000e+00 2.472618276100000e+00
5.200000000000000e-01 3.452185343000000e-01 1.522748094400000e+00 2.472622342000000e+00
5.220000000000000e-01 3.452189252000000e-01 1.522744375300000e+00 2.472626408200000e+00
5.240000000000000e-01 3.452193144000000e-01 1.522740669600000e+00 2.472630459900000e+00
5.260000000000000e-01 3.452196996000000e-01 1.522736993100000e+00 2.472634479600000e+00
5.280000000000000e-01 3.452200786000000e-01 1.522733364900000e+00 2.472638446600000e+00
5.300000000000000e-01 3.452204498000000e-01 1.522729807900000e+00 2.472642335700000e+00
5.320000000000000e-01 3.452208108000000e-01 1.522726349600000e+00 2.472646116900000e+00
5.340000000000000e-01 3.452211567000000e-01 1.522723021500000e+00 2.472649755900000e+00
5.360000000000000e-01 3.452214826000000e-01 1.522719857800000e+00 2.472653215000000e+00
5.380000000000000e-01 3.452217862000000e-01 1.522716893900000e+00 2.472656455700000e+00
5.400000000000000e-01 3.452220659000000e-01 1.522714164200000e+00 2.472659440600000e+00
5.420000000000000e-01 3.452223170000000e-01 1.522711699400000e+00 2.472662135700000e+00
5.440000000000000e-01 3.452225331000000e-01 1.522709525600000e+00 2.472664512700000e+00
5.460000000000000e-01 3.452227125000000e-01 1.522707662400000e+00 2.472666550300000e+00
5.480000000000000e-01 3.452228587000000e-01 1.522706121800000e+00 2.472668235100000e+00
5.500000000000000e-01 3.452229728000000e-01 1.522704909000000e+00 2.472669561700000e+00
5.520000000000000e-01 3.452230493000000e-01 1.522704022600000e+00 2.472670531400000e+00
5.540000000000000e-01 3.452230840000000e-01 1.522703457300000e+00 2.472671150200000e+00
5.560000000000000e-01 3.452230826000000e-01 1.522703204000000e+00 2.472671427800000e+00
5.580000000000001e-01 3.452230545000000e-01 1.522703251600000e+00 2.472671376500000e+00
5.600000000000001e-01 3.452229994000000e-01 1.522703588100000e+00 2.472671009400000e+00
5.620000000000001e-01 3.452229076000000e-01 1.522704202100000e+00 2.472670338900000e+00
5.639999999999999e-01 3.452227760000000e-01 1.522705081900000e+00 2.472669377800000e+00
5.659999999999999e-01 3.452226170000000e-01 1.522706215200000e+00 2.472668139600000e+00
5.679999999999999e-01 3.452224435000000e-01 1.522707589400000e+00 2.472666638000000e+00
5.700000000000000e-01 3.452222506000000e-01 1.522709192200000e+00 2.472664886600000e+00
5.720000000000000e-01 3.452220222000000e-01 1.522711011900000e+00 2.472662898100000e+00
5.740000000000000e-01 3.452217557000000e-01 1.522713036900000e+00 2.472660685200000e+00
5.760000000000000e-01 3.452214700000000e-01 1.522715254300000e+00 2.472658261900000e+00
5.780000000000000e-01 3.452211826000000e-01 1.522717649300000e+00 2.472655644400000e+00
5.800000000000000e-01 3.452208855000000e-01 1.522720205600000e+00 2.472652850600000e+00
5.820000000000000e-01 3.452205564000000e-01 1.522722906100000e+00 2.472649899300000e+00
5.840000000000000e-01 3.452201913000000e-01 1.522725733100000e+00 2.472646809600000e+00
5.860000000000000e-01 3.452198152000000e-01 1.522728669100000e+00 2.472643600800000e+00
5.880000000000000e-01 3.452194520000000e-01 1.522731697600000e+00 2.472640290800000e+00
5.900000000000000e-01 3.452190940000000e-01 1.522734804100000e+00 2.472636895600000e+00
5.920000000000000e-01 3.452187117000000e-01 1.522737975300000e+00 2.472633429800000e+00
5.940000000000000e-01 3.452182935000000e-01 1.522741199100000e+00 2.472629906400000e+00
5.960000000000000e-01 3.452178645000000e-01 1.522744463800000e+00 2.472626338400000e+00
5.980000000000000e-01 3.452174578000000e-01 1.522747757400000e+00 2.472622738700000e+00
6.000000000000000e-01 3.452170735000000e-01 1.522751068000000e+00 2.472619120400000e+00
6.020000000000000e-01 3.452166780000000e-01 1.522754383700000e+00 2.472615496600000e+00
6.040000000000000e-01 3.452162450000000e-01 1.522757693000000e+00 2.472611879800000e+00
6.060000000000000e-01 3.452157905000000e-01 1.522760985600000e+00 2.472608281300000e+00
6.080000000000000e-01 3.452153580000000e-01 1.522764252000000e+00 2.472604711400000e+00
6.100000000000000e-01 3.452149687000000e-01 1.522767484000000e+00 2.472601179100000e+00
6.120000000000000e-01 3.452145955000000e-01 1.522770673500000e+00 2.472597693300000e+00
6.140000000000000e-01 3.452141910000000e-01 1.522773813300000e+00 2.472594261800000e+00
6.160000000000000e-01 3.452137406000000e-01 1.522776895900000e+00 2.472590892900000e+00
6.180000000000000e-01 3.452132837000000e-01 1.522779914200000e+00 2.472587594100000e+00
6.200000000000000e-01 3.452128764000000e-01 1.522782862000000e+00 2.472584372600000e+00
6.220000000000000e-01 3.452125329000000e-01 1.522785732500000e+00 2.472581235500000e+00
6.240000000000000e-01 3.452122047000000e-01 1.522788519900000e+00 2.472578189300000e+00
6.260000000000000e-01 3.452118241000000e-01 1.522791219300000e+00 2.472575239200000e+00
6.280000000000000e-01 3.452113721000000e-01 1.522793825600000e+00 2.472572391100000e+00
6.300000000000000e-01 3.452109065000000e-01 1.522796334300000e+00 2.472569649500000e+00
6.320000000000000e-01 3.452105141000000e-01 1.522798742600000e+00 2.472567017800000e+00
6.340000000000000e-01 3.452102305000000e-01 1.522801046400000e+00 2.472564500300000e+00
6.360000000000000e-01 3.452099953000000e-01 1.522803242100000e+00 2.472562101000000e+00
6.380000000000000e-01 3.452096943000000e-01 1.522805328600000e+00 2.472559821000000e+00
6.400000000000000e-01 3.452092569000000e-01 1.522807303100000e+00 2.472557663500000e+00
6.420000000000000e-01 3.452087343000000e-01 1.522809163200000e+00 2.472555631100000e+00
6.440000000000000e-01 3.452082738000000e-01 1.522810909700000e+00 2.472553722800000e+00
6.460000000000000e-01 3.452079979000000e-01 1.522812542100000e+00 2.472551939300000e+00
6.480000000000000e-01 3.452078954000000e-01 1.522814059300000e+00 2.472550281700000e+00
6.500000000000000e-01 3.452077936000000e-01 1.522815462700000e+00 2.472548748500000e+00
6.520000000000000e-01 3.452074823000000e-01 1.522816754200000e+00 2.472547337600000e+00
6.540000000000000e-01 3.452068735000000e-01 1.522817932900000e+00 2.472546049900000e+00
6.560000000000000e-01 3.452061230000000e-01 1.522818999500000e+00 2.472544885000000e+00
6.580000000000000e-01 3.452055319000000e-01 1.522819957700000e+00 2.472543838500000e+00
6.600000000000000e-01 3.452053342000000e-01 1.522820808900000e+00 2.472542908900000e+00
6.620000000000000e-01 3.452055738000000e-01 1.522821551600000e+00 2.472542098000000e+00
6.640000000000000e-01 3.452059433000000e-01 1.522822185300000e+00 2.472541406200000e+00
6.660000000000000e-01 3.452059316000000e-01 1.522822717200000e+00 2.472540825700000e+00
6.680000000000000e-01 3.452050050000000e-01 1.522823143200000e+00 2.472540361100000e+00
6.700000000000000e-01 3.452030349000000e-01 1.522823461900000e+00 2.472540013600000e+00
6.720000000000000e-01 3.452007508000000e-01 1.522823675000000e+00 2.472539781700000e+00
6.740000000000000e-01 3.451992083000000e-01 1.522823786800000e+00 2.472539660400000e+00
6.760000000000000e-01 3.451995412000000e-01 1.522823798500000e+00 2.472539648600000e+00
6.780000000000000e-01 3.452035002000000e-01 1.522823701200000e+00 2.472539756100000e+00
6.800000000000000e-01 3.452109091000000e-01 1.522823494200000e+00 2.472539983300000e+00
6.820000000000001e-01 3.452183728000000e-01 1.522823180200000e+00 2.472540327600000e+00
6.840000000000001e-01 3.452219888000000e-01 1.522822765700000e+00 2.472540781700000e+00
6.860000000000001e-01 3.452145423000000e-01 1.522822244900000e+00 2.472541351900000e+00
6.879999999999999e-01 3.451843562000000e-01 1.522821611500000e+00 2.472542045400000e+00
6.899999999999999e-01 3.451329264000000e-01 1.522820871300000e+00 2.472542855400000e+00
6.919999999999999e-01 3.450785335000000e-01 1.522820031700000e+00 2.472543774000000e+00
6.940000000000000e-01 3.450417409000000e-01 1.522819103400000e+00 2.472544789400000e+00
6.960000000000000e-01 3.450490256000000e-01 1.522818097300000e+00 2.472545889900000e+00
6.980000000000000e-01 3.451758452000000e-01 1.522817016000000e+00 2.472547072600000e+00
7.000000000000000e-01 3.454805629000000e-01 1.522815879500000e+00 2.472548316600000e+00
7.020000000000000e-01 3.459157980000000e-01 1.522814708900000e+00 2.472549599200000e+00
7.040000000000000e-01 3.463522429000000e-01 1.522813527500000e+00 2.472550895200000e+00
7.060000000000000e-01 3.466603832000000e-01 1.522812358100000e+00 2.472552179300000e+00
7.080000000000000e-01 3.467025678000000e-01 1.522811220100000e+00 2.472553429800000e+00
7.100000000000000e-01 3.459955905000000e-01 1.522810139100000e+00 2.472554616900000e+00
7.120000000000000e-01 3.438874127000000e-01 1.522809140400000e+00 2.472555709400000e+00
7.140000000000000e-01 3.402494983000000e-01 1.522808241400000e+00 2.472556684100000e+00
7.160000000000000e-01 3.356366656000000e-01 1.522807456400000e+00 2.472557523300000e+00
7.180000000000000e-01 3.309925693000000e-01 1.522806794200000e+00 2.472558217800000e+00
7.200000000000000e-01 3.272257250000000e-01 1.522806259500000e+00 2.472558766000000e+00
7.220000000000000e-01 3.250612823000000e-01 1.522805853800000e+00 2.472559170200000e+00
7.240000000000000e-01 3.261527063000000e-01 1.522805577700000e+00 2.472559433200000e+00
7.260000000000000e-01 3.361880074000000e-01 1.522805446600000e+00 2.472559542700000e+00
7.280000000000000e-01 3.619352849000000e-01 1.522805459700000e+00 2.472559498000000e+00
7.300000000000000e-01 4.074017904000000e-01 1.522805624500000e+00 2.472559276000000e+00
7.320000000000000e-01 4.725982065000000e-01 1.522805955300000e+00 2.472558829200000e+00
7.340000000000000e-01 5.538699610000000e-01 1.522806472700000e+00 2.472558091600000e+00
7.360000000000000e-01 6.452849000000001e-01 1.522807200500000e+00 2.472556988500000e+00
7.380000000000000e-01 7.403568159000000e-01 1.522808166300000e+00 2.472555450600000e+00
7.400000000000000e-01 8.334804622999999e-01 1.522809396300000e+00 2.472553425200000e+00
7.420000000000000e-01 9.205579048000000e-01 1.522810913700000e+00 2.472550875200000e+00
7.440000000000000e-01 9.989510899000000e-01 1.522812729300000e+00 2.472547792500000e+00
7.460000000000000e-01 1.067275235000000e+00 1.522814839100000e+00 2.472544195500000e+00
7.480000000000000e-01 1.125145301200000e+00 1.522817228300000e+00 2.472540114700000e+00
7.500000000000000e-01 1.172911558600000e+00 1.522819870800000e+00 2.472535589600000e+00
7.520000000000000e-01 1.211412476500000e+00 1.522822732800000e+00 2.472530665500000e+00
7.540000000000000e-01 1.241763567600000e+00 1.522825776500000e+00 2.472525390100000e+00
7.560000000000000e-01 1.265191070000000e+00 1.522828963200000e+00 2.472519808900000e+00
7.580000000000000e-01 1.282911508700000e+00 1.522832255100000e+00 2.472513962700000e+00
7.600000000000000e-01 1.296052834100000e+00 1.522835612900000e+00 2.472507898600000e+00
7.620000000000000e-01 1.305609862000000e+00 1.522838993800000e+00 2.472501674800000e+00
7.640000000000000e-01 1.312425711200000e+00 1.522842353700000e+00 2.472495354400000e+00
7.660000000000000e-01 1.317191329900000e+00 1.522845649600000e+00 2.472488998200000e+00
7.680000000000000e-01 1.320456459800000e+00 1.522848842100000e+00 2.472482662100000e+00
7.700000000000000e-01 1.322646908300000e+00 1.522851896300000e+00 2.472476401600000e+00
7.720000000000000e-01 1.324084378100000e+00 1.522854777900000e+00 2.472470270300000e+00
7.740000000000000e-01 1.325006268200000e+00 1.522857448400000e+00 2.472464313500000e+00
7.760000000000000e-01 1.325583810500000e+00 1.522859866000000e+00 2.472458571900000e+00
7.780000000000000e-01 1.325937656000000e+00 1.522861993600000e+00 2.472453099000000e+00
7.800000000000000e-01 1.326150618600000e+00 1.522863808900000e+00 2.472447967800000e+00
7.820000000000000e-01 1.326277759100000e+00 1.522865305700000e+00 2.472443229300000e+00
7.840000000000000e-01 1.326354278600000e+00 1.522866488300000e+00 2.472438830700000e+00
7.860000000000000e-01 1.326401648400000e+00 1.522867385200000e+00 2.472434565700000e+00
7.880000000000000e-01 1.326432188700000e+00 1.522868103700000e+00 2.472430122500000e+00
7.900000000000000e-01 1.326452353600000e+00 1.522868869000000e+00 2.472425189500000e+00
7.920000000000000e-01 1.326465210500000e+00 1.522869947200000e+00 2.472419470700000e+00
7.940000000000000e-01 1.326472334400000e+00 1.522871469000000e+00 2.472412620700000e+00
7.960000000000000e-01 1.326474804900000e+00 1.522873353800000e+00 2.472404428600000e+00
7.980000000000000e-01 1.326471635300000e+00 1.522875458200000e+00 2.472394836900000e+00
8.000000000000000e-01 1.326459242500000e+00 1.522877665900000e+00 2.472384423200000e+00
8.020000000000000e-01 1.326435736700000e+00 1.522880039600000e+00 2.472374507400000e+00
8.040000000000000e-01 1.326401936200000e+00 1.522882463200000e+00 2.472365647300000e+00
8.060000000000000e-01 1.326360827900000e+00 1.522884245200000e+00 2.472356884800000e+00
8.080000000000001e-01 1.326316950300000e+00 1.522884817700000e+00 2.472347362200000e+00
8.100000000000001e-01 1.326275324200000e+00 1.522884647100000e+00 2.472338315600000e+00
8.120000000000001e-01 1.326240203000000e+00 1.522884761500000e+00 2.472332122200000e+00
8.139999999999999e-01 1.326213862300000e+00 1.522885376500000e+00 2.472329349000000e+00
8.159999999999999e-01 1.326196045100000e+00 1.522885357700000e+00 2.472327738200000e+00
8.179999999999999e-01 1.326185054300000e+00 1.522883540700000e+00 2.472324932400000e+00
8.200000000000000e-01 1.326179487200000e+00 1.522880264200000e+00 2.472321780500000e+00
8.220000000000000e-01 1.326178607400000e+00 1.522876967200000e+00 2.472321460100000e+00
8.240000000000000e-01 1.326181881500000e+00 1.522874590600000e+00 2.472326729900000e+00
8.260000000000000e-01 1.326185850900000e+00 1.522871731600000e+00 2.472334954900000e+00
8.280000000000000e-01 1.326186301500000e+00 1.522865662500000e+00 2.472340017800000e+00
8.300000000000000e-01 1.326180781700000e+00 1.522855865600000e+00 2.472341069200000e+00
8.320000000000000e-01 1.326173344400000e+00 1.522849280100000e+00 2.472351626900000e+00
8.340000000000000e-01 1.326169257400000e+00 1.522852758500000e+00 2.472384369100000e+00
8.360000000000000e-01 1.326162791700000e+00 1.522858979500000e+00 2.472421962000000e+00
8.380000000000000e-01 1.326136384200000e+00 1.522846427900000e+00 2.472416986900000e+00
8.400000000000000e-01 1.326086068900000e+00 1.522810104300000e+00 2.472357779100000e+00
8.420000000000000e-01 1.326043596300000e+00 1.522788109900000e+00 2.472325844700000e+00
8.440000000000000e-01 1.326048839800000e+00 1.522829478200000e+00 2.472426212200000e+00
8.460000000000000e-01 1.326097607100000e+00 1.522931262000000e+00 2.472652218800000e+00
8.480000000000000e-01 1.326079153500000e+00 1.522958538500000e+00 2.472715417900000e+00
8.500000000000000e-01 1.325851385000000e+00 1.522737863300000e+00 2.472244122700000e+00
8.520000000000000e-01 1.325558140500000e+00 1.522438888700000e+00 2.471602580400000e+00
8.540000000000000e-01 1.325625676500000e+00 1.522573281700000e+00 2.471887192100000e+00
8.560000000000000e-01 1.326348805500000e+00 1.523487305500000e+00 2.473840380900000e+00
8.580000000000000e-01 1.326974337900000e+00 1.524257234100000e+00 2.475484809100000e+00
8.600000000000000e-01 1.326001917800000e+00 1.523054007300000e+00 2.472898155300000e+00
8.620000000000000e-01 1.323332462700000e+00 1.519752526700000e+00 2.465825689400000e+00
8.640000000000000e-01 1.322388530400000e+00 1.518542153000000e+00 2.463233352700000e+00
8.660000000000000e-01 1.327850903900000e+00 1.525154744700000e+00 2.477376538000000e+00
8.680000000000000e-01 1.336458143000000e+00 1.535541815900000e+00 2.499757790100000e+00
8.700000000000000e-01 1.334440941900000e+00 1.533107033600000e+00 2.494483971900000e+00
8.720000000000000e-01 1.310283018100000e+00 1.503698216200000e+00 2.431629152700000e+00
8.740000000000000e-01 1.286710799000000e+00 1.474311812000000e+00 2.370396148500000e+00
8.760000000000000e-01 1.312611484300000e+00 1.507403471400000e+00 2.439263033700000e+00
8.780000000000000e-01 1.399459795100000e+00 1.611749014900000e+00 2.669009196000000e+00
8.800000000000000e-01 1.437382157500000e+00 1.656294510600000e+00 2.773879635400000e+00
8.820000000000000e-01 1.246698160600000e+00 1.444238558200000e+00 2.302464695600000e+00
8.840000000000000e-01 8.778542598000000e-01 8.951097880000000e-01 1.401174722100000e+00
8.860000000000000e-01 6.174659963000000e-01 3.173995962000000e-01 7.996956245000000e-01
8.880000000000000e-01 5.247843022999999e-01 6.557213940000001e-02 6.134854575000001e-01
8.900000000000000e-01 5.042707506000000e-01 1.092058690000000e-02 5.779337605000000e-01
8.920000000000000e-01 5.006900040000000e-01 1.748405200000000e-03 5.721061808000000e-01
8.940000000000000e-01 5.001097416000000e-01 2.776176000000000e-04 5.711755332000000e-01
8.960000000000000e-01 5.000172259000000e-01 4.356450000000000e-05 5.710275428000000e-01
8.980000000000000e-01 5.000025883000000e-01 6.545600000000000e-06 5.710041382000000e-01
9.000000000000000e-01 5.000003412000000e-01 8.628000000000000e-07 5.710005455000000e-01
9.020000000000000e-01 5.000000363000000e-01 9.169999999999999e-08 5.710000580000000e-01
9.040000000000000e-01 5.000000033000001e-01 8.300000000000000e-09 5.710000052999999e-01
9.060000000000000e-01 5.000000003000000e-01 7.000000000000000e-10 5.710000005000000e-01
9.080000000000000e-01 5.000000000000000e-01 1.000000000000000e-10 5.710000000000000e-01
9.100000000000000e-01 5.000000000000000e-01 0.000000000000000e+00 5.710000000000000e-01
9.120000000000000e-01 5.000000000000000e-01 0.000000000000000e+00 5.710000000000000e-01
9.140000000000000e-01 5.000000000000000e-01 0.000000000000000e+00 5.710000000000000e-01
9.160000000000000e-01 5.000000000000000e-01 0.000000000000000e+00 5.710000000000000e-01
9.180000000000000e-01 5.000000000000000e-01 0.000000000000000e+00 5.710000000000000e-01
9.200000000000000e-01 5.000000000000000e-01 0.000000000000000e+00 5.710000000000000e-01
9.220000000000000e-01 5.000000000000000e-01 0.000000000000000e+00 5.710000000000000e-01
9.240000000000000e-01 5.000000000000000e-01 0.000000000000000e+00 5.710000000000000e-01
9.260000000000000e-01 5.000000000000000e-01 0.000000000000000e+00 5.710000000000000e-01
9.280000000000000e-01 5.000000000000000e-01 0.000000000000000e+00 5.710000000000000e-01
9.300000000000000e-01 5.000000000000000e-01 0.000000000000000e+00 5.710000000000000e-01
9.320000000000001e-01 5.000000000000000e-01 0.000000000000000e+00 5.710000000000000e-01
9.340000000000001e-01 5.000000000000000e-01 0.000000000000000e+00 5.710000000000000e-01
9.360000000000001e-01 5.000000000000000e-01 0.000000000000000e+00 5.710000000000000e-01
9.379999999999999e-01 5.000000000000000e-01 0.000000000000000e+00 5.710000000000000e-01
9.399999999999999e-01 5.000000000000000e-01 0.000000000000000e+00 5.710000000000000e-01
9.419999999999999e-01 5.000000000000000e-01 0.000000000000000e+00 5.710000000000000e-01
9.440000000000000e-01 5.000000000000000e-01 0.000000000000000e+00 5.710000000000000e-01
9.460000000000000e-01 5.000000000000000e-01 0.000000000000000e+00 5.710000000000000e-01
9.480000000000000e-01 5.000000000000000e-01 0.000000000000000e+00 5.710000000000000e-01
9.500000000000000e-01 5.000000000000000e-01 0.000000000000000e+00 5.710000000000000e-01
9.520000000000000e-01 5.000000000000000e-01 0.000000000000000e+00 5.710000000000000e-01
9.540000000000000e-01 5.000000000000000e-01 0.000000000000000e+00 5.710000000000000e-01
9.560000000000000e-01 5.000000000000000e-01 0.000000000000000e+00 5.710000000000000e-01
9.580000000000000e-01 5.000000000000000e-01 0.000000000000000e+00 5.710000000000000e-01
9.600000000000000e-01 5.000000000000000e-01 0.000000000000000e+00 5.710000000000000e-01
9.620000000000000e-01 5.000000000000000e-01 0.000000000000000e+00 5.710000000000000e-01
9.640000000000000e-01 5.000000000000000e-01 0.000000000000000e+00 5.710000000000000e-01
9.660000000000000e-01 5.000000000000000e-01 0.000000000000000e+00 5.710000000000000e-01
9.680000000000000e-01 5.000000000000000e-01 0.000000000000000e+00 5.710000000000000e-01
9.700000000000000e-01 5.000000000000000e-01 0.000000000000000e+00 5.710000000000000e-01
9.720000000000000e-01 5.000000000000000e-01 0.000000000000000e+00 5.710000000000000e-01
9.740000000000000e-01 5.000000000000000e-01 0.000000000000000e+00 5.710000000000000e-01
9.760000000000000e-01 5.000000000000000e-01 0.000000000000000e+00 5.710000000000000e-01
9.780000000000000e-01 5.000000000000000e-01 0.000000000000000e+00 5.710000000000000e-01
9.800000000000000e-01 5.000000000000000e-01 0.000000000000000e+00 5.710000000000000e-01
9.820000000000000e-01 5.000000000000000e-01 0.000000000000000e+00 5.710000000000000e-01
9.840000000000000e-01 5.000000000000000e-01 0.000000000000000e+00 5.710000000000000e-01
9.860000000000000e-01 5.000000000000000e-01 0.000000000000000e+00 5.710000000000000e-01
9.880000000000000e-01 5.000000000000000e-01 0.000000000000000e+00 5.710000000000000e-01
9.900000000000000e-01 5.000000000000000e-01 0.000000000000000e+00 5.710000000000000e-01
9.920000000000000e-01 5.000000000000000e-01 0.000000000000000e+00 5.710000000000000e-01
9.940000000000000e-01 5.000000000000000e-01 0.000000000000000e+00 5.710000000000000e-01
9.960000000000000e-01 5.000000000000000e-01 0.000000000000000e+00 5.710000000000000e-01
9.980000000000000e-01 5.000000000000000e-01 0.000000000000000e+00 5.710000000000000e-01
1.000000000000000e+00 5.000000000000000e-01 0.000000000000000e+00 5.710000000000000e-01
ZONE T="beta=0.5", AUXDATA beta="0.5", I=501, F=POINT
0.000000000000000e+00 4.449999978000000e-01 6.980000167000000e-01 3.527999975300000e+00
2.000000000000000e-03 4.449999978000000e-01 6.980000167000000e-01 3.527999975300000e+00
4.000000000000000e-03 4.449999950000000e-01 6.980000373000000e-01 3.527999944700000e+00
6.000000000000000e-03 4.449999906000000e-01 6.980000702000000e-01 3.527999895900000e+00
8.000000000000000e-03 4.449999821000000e-01 6.980001339000000e-01 3.527999801500000e+00
1.000000000000000e-02 4.449999664000000e-01 6.980002513000000e-01 3.527999627400000e+00
1.200000000000000e-02 4.449999377000000e-01 6.980004661000000e-01 3.527999309000000e+00
1.400000000000000e-02 4.449998862000000e-01 6.980008519000001e-01 3.527998737100000e+00
1.600000000000000e-02 4.449997954000000e-01 6.980015315000000e-01 3.527997729500000e+00
1.800000000000000e-02 4.449996392000000e-01 6.980027015000000e-01 3.527995994800000e+00
2.000000000000000e-02 4.449993769000000e-01 6.980046646000000e-01 3.527993084500000e+00
2.200000000000000e-02 4.449989488000000e-01 6.980078701000000e-01 3.527988332300000e+00
2.400000000000000e-02 4.449982679000000e-01 6.980129675000000e-01 3.527980775100000e+00
2.600000000000000e-02 4.449972112000000e-01 6.980208789000000e-01 3.527969046100000e+00
2.800000000000000e-02 4.449956058000000e-01 6.980328981000000e-01 3.527951227400000e+00
3.000000000000000e-02 4.449932115000000e-01 6.980508235000000e-01 3.527924652500000e+00
3.200000000000000e-02 4.449896975000000e-01 6.980771317000000e-01 3.527885650200000e+00
3.400000000000000e-02 4.449846132000000e-01 6.981151971000000e-01 3.527829218400000e+00
3.600000000000000e-02 4.449773519000000e-01 6.981695620000000e-01 3.527748624000000e+00
3.800000000000000e-02 4.449671075000000e-01 6.982462617000000e-01 3.527634921500000e+00
4.000000000000000e-02 4.449528242000000e-01 6.983532026000000e-01 3.527476393500000e+00
4.200000000000000e-02 4.449331399000000e-01 6.985005866000000e-01 3.527257922900000e+00
4.400000000000000e-02 4.449063252000000e-01 6.987013657000000e-01 3.526960322200000e+00
4.600000000000000e-02 4.448702230000000e-01 6.989717004000000e-01 3.526559657700000e+00
4.800000000000000e-02 4.448221922000000e-01 6.993313836000000e-01 3.526026629200000e+00
5.000000000000000e-02 4.447590630000000e-01 6.998041766999999e-01 3.525326082800000e+00
5.200000000000000e-02 4.446771136000000e-01 7.004179965000000e-01 3.524416751300000e+00
5.400000000000000e-02 4.445720757000000e-01 7.012048822000000e-01 3.523251326800000e+00
5.600000000000000e-02 4.444391787000000e-01 7.022006774000000e-01 3.521776965800000e+00
5.800000000000000e-02 4.442732413000000e-01 7.034443698000000e-01 3.519936310600000e+00
6.000000000000000e-02 4.440688108000000e-01 7.049770629000000e-01 3.517669066200000e+00
6.200000000000000e-02 4.438203535000000e-01 7.068405875000000e-01 3.514914118300000e+00
6.400000000000000e-02 4.435224830000000e-01 7.090758118000000e-01 3.511612100200000e+00
6.600000000000000e-02 4.431702163000000e-01 7.117207581000000e-01 3.507708242600000e+00
6.800000000000000e-02 4.427592328000000e-01 7.148086790000000e-01 3.503155269000000e+00
7.000000000000001e-02 4.422861146000000e-01 7.183662727000000e-01 3.497916063200000e+00
7.199999999999999e-02 4.417485412000000e-01 7.224122205000000e-01 3.491965826800000e+00
7.400000000000000e-02 4.411454180000000e-01 7.269562042000000e-01 3.485293490700000e+00
7.600000000000000e-02 4.404769246000000e-01 7.319985085000000e-01 3.477902222600000e+00
7.800000000000000e-02 4.397444783000000e-01 7.375302446999999e-01 3.469808985100000e+00
8.000000000000000e-02 4.389506187000000e-01 7.435341558000000e-01 3.461043213200000e+00
8.200000000000000e-02 4.380988286000000e-01 7.499858966000000e-01 3.451644783700000e+00
8.400000000000001e-02 4.371933126000000e-01 7.568556348000000e-01 3.441661518100000e+00
8.599999999999999e-02 4.362387574000000e-01 7.641097991000000e-01 3.431146490500000e+00
8.799999999999999e-02 4.352400964000000e-01 7.717128074000000e-01 3.420155394500000e+00
9.000000000000000e-02 4.342022984000000e-01 7.796286343000000e-01 3.408744181300000e+00
9.200000000000000e-02 4.331301914000000e-01 7.878221220000000e-01 3.396967107900000e+00
9.400000000000000e-02 4.320283302000000e-01 7.962599832000000e-01 3.384875268600000e+00
9.600000000000000e-02 4.309009067000000e-01 8.049114880000000e-01 3.372515611500000e+00
9.800000000000000e-02 4.297516994000000e-01 8.137488587000000e-01 3.359930399200000e+00
1.000000000000000e-01 4.285840573000000e-01 8.227474207000000e-01 3.347157035500000e+00
1.020000000000000e-01 4.274009070000000e-01 8.318855625000000e-01 3.334228171700000e+00
1.040000000000000e-01 4.262047793000000e-01 8.411445648000000e-01 3.321172004700000e+00
1.060000000000000e-01 4.249978442000000e-01 8.505083475000000e-01 3.308012689000000e+00
1.080000000000000e-01 4.237819529000000e-01 8.599631763000000e-01 3.294770801800000e+00
1.100000000000000e-01 4.225586787000000e-01 8.694973605000000e-01 3.281463815200000e+00
1.120000000000000e-01 4.213293577000000e-01 8.791009623000000e-01 3.268106545500000e+00
1.140000000000000e-01 4.200951247000000e-01 8.887655299000000e-01 3.254711561400000e+00
1.160000000000000e-01 4.188569456000000e-01 8.984838621000000e-01 3.241289544500000e+00
1.180000000000000e-01 4.176156449000000e-01 9.082498042000000e-01 3.227849598000000e+00
1.200000000000000e-01 4.163719291000000e-01 9.180580746000000e-01 3.214399508800000e+00
1.220000000000000e-01 4.151264064000000e-01 9.279041206000000e-01 3.200945966000000e+00
1.240000000000000e-01 4.138796029000000e-01 9.377839972000001e-01 3.187494742100000e+00
1.260000000000000e-01 4.126319760000000e-01 9.476942680000000e-01 3.174050842800000e+00
1.280000000000000e-01 4.113839256000000e-01 9.576319221000000e-01 3.160618631100000e+00
1.300000000000000e-01 4.101358030000000e-01 9.675943058000001e-01 3.147201929900000e+00
1.320000000000000e-01 4.088879185000000e-01 9.775790688000000e-01 3.133804102400000e+00
1.340000000000000e-01 4.076405470000000e-01 9.875841231000000e-01 3.120428114800000e+00
1.360000000000000e-01 4.063939331000000e-01 9.976076035000000e-01 3.107076595500000e+00
1.380000000000000e-01 4.051482956000000e-01 1.007647834300000e+00 3.093751884500000e+00
1.400000000000000e-01 4.039038312000000e-01 1.017703302300000e+00 3.080456073900000e+00
1.420000000000000e-01 4.026607177000000e-01 1.027772633000000e+00 3.067191043100000e+00
1.440000000000000e-01 4.014191163000000e-01 1.037854571000000e+00 3.053958488100000e+00
1.460000000000000e-01 4.001791744000000e-01 1.047947963500000e+00 3.040759946000000e+00
1.480000000000000e-01 3.989410271000000e-01 1.058051745400000e+00 3.027596817100000e+00
1.500000000000000e-01 3.977047990000000e-01 1.068164926400000e+00 3.014470383500000e+00
1.520000000000000e-01 3.964706057000000e-01 1.078286580400000e+00 3.001381825100000e+00
1.540000000000000e-01 3.952385551000000e-01 1.088415835000000e+00 2.988332234800000e+00
1.560000000000000e-01 3.940087488000000e-01 1.098551862600000e+00 2.975322630500000e+00
1.580000000000000e-01 3.927812827000000e-01 1.108693872600000e+00 2.962353967300000e+00
1.600000000000000e-01 3.915562483000000e-01 1.118841103300000e+00 2.949427148200000e+00
1.620000000000000e-01 3.903337336000000e-01 1.128992815200000e+00 2.936543033200000e+00
1.640000000000000e-01 3.891138237000000e-01 1.139148284000000e+00 2.923702449400000e+00
1.660000000000000e-01 3.878966019000000e-01 1.149306793900000e+00 2.910906199200000e+00
1.680000000000000e-01 3.866821505000000e-01 1.159467631100000e+00 2.898155069100000e+00
1.700000000000000e-01 3.854705514000000e-01 1.169630077100000e+00 2.885449838400000e+00
1.720000000000000e-01 3.842618870000000e-01 1.179793401800000e+00 2.872791287100000e+00
1.740000000000000e-01 3.830562412000000e-01 1.189956856100000e+00 2.860180205500000e+00
1.760000000000000e-01 3.818536999000000e-01 1.200119664300000e+00 2.847617403300000e+00
1.780000000000000e-01 3.806543526000000e-01 1.210281015200000e+00 2.835103719200000e+00
1.800000000000000e-01 3.794582929000000e-01 1.220440053100000e+00 2.822640032400000e+00
1.820000000000000e-01 3.782656199000000e-01 1.230595866900000e+00 2.810227274000000e+00
1.840000000000000e-01 3.770764395000000e-01 1.240747477900000e+00 2.797866441100000e+00
1.860000000000000e-01 3.758908661000000e-01 1.250893826000000e+00 2.785558612100000e+00
1.880000000000000e-01 3.747090243000000e-01 1.261033753800000e+00 2.773304964500000e+00
1.900000000000000e-01 3.735310505000000e-01 1.271165987000000e+00 2.761106795600000e+00
1.920000000000000e-01 3.723570963000000e-01 1.281289112300000e+00 2.748965547100000e+00
1.940000000000000e-01 3.711873304000000e-01 1.291401550500000e+00 2.736882834300000e+00
1.960000000000000e-01 3.700219429000000e-01 1.301501524300000e+00 2.724860480600000e+00
1.980000000000000e-01 3.688611489000000e-01 1.311587019300000e+00 2.712900559800000e+00
2.000000000000000e-01 3.677051940000000e-01 1.321655736600000e+00 2.701005446900000e+00
2.020000000000000e-01 3.665543604000000e-01 1.331705034700000e+00 2.689177880400000e+00
2.040000000000000e-01 3.654089746000000e-01 1.341731857600000e+00 2.677421039600000e+00
2.060000000000000e-01 3.642694170000000e-01 1.351732646300000e+00 2.665738639100000e+00
2.080000000000000e-01 3.631361338000000e-01 1.361703227500000e+00 2.654135048200000e+00
2.100000000000000e-01 3.620096521000000e-01 1.371638674300000e+00 2.642615439200000e+00
2.120000000000000e-01 3.608905987000000e-01 1.381533130600000e+00 2.631185975500000e+00
2.140000000000000e-01 3.597797236000000e-01 1.391379587700000e+00 2.619854049300000e+00
2.160000000000000e-01 3.586779313000000e-01 1.401169600000000e+00 2.608628584500000e+00
2.180000000000000e-01 3.575863190000000e-01 1.410892921800000e+00 2.597520424100000e+00
2.200000000000000e-01 3.565062271000000e-01 1.420537039900000e+00 2.586542826000000e+00
2.220000000000000e-01 3.554393027000000e-01 1.430086576000000e+00 2.575712098700000e+00
2.240000000000000e-01 3.543875819000000e-01 1.439522519000000e+00 2.565048415200000e+00
2.260000000000000e-01 3.533535943000000e-01 1.448821248400000e+00 2.554576847800000e+00
2.280000000000000e-01 3.523404936000000e-01 1.457953302100000e+00 2.544328670900000e+00
2.300000000000000e-01 3.513522206000000e-01 1.466881854200000e+00 2.534342967400000e+00
2.320000000000000e-01 3.503936961000000e-01 1.475560894600000e+00 2.524668545400000e+00
2.340000000000000e-01 3.494710389000000e-01 1.483933176400000e+00 2.515366090500000e+00
2.360000000000000e-01 3.485917845000000e-01 1.491928140900000e+00 2.506510327600000e+00
2.380000000000000e-01 3.477650535000000e-01 1.499460302100000e+00 2.498191676000000e+00
2.400000000000000e-01 3.470015729000000e-01 1.506428998300000e+00 2.490516429100000e+00
2.420000000000000e-01 3.463133886000000e-01 1.512721002900000e+00 2.483603872100000e+00
2.440000000000000e-01 3.457130515000000e-01 1.518218050100000e+00 2.477578155700000e+00
2.460000000000000e-01 3.452120522000000e-01 1.522811378200000e+00 2.472552694600000e+00
2.480000000000000e-01 3.448184248000000e-01 1.526424032300000e+00 2.468606309700000e+00
2.500000000000000e-01 3.445338345000000e-01 1.529037996900000e+00 2.465754234400000e+00
2.520000000000000e-01 3.443510623000000e-01 1.530717642300000e+00 2.463923070800000e+00
2.540000000000000e-01 3.442532485000000e-01 1.531616796900000e+00 2.462943278100000e+00
2.560000000000000e-01 3.442159371000000e-01 1.531959811200000e+00 2.462569586500000e+00
2.580000000000000e-01 3.442118595000000e-01 1.531997276300000e+00 2.462528772800000e+00
2.600000000000000e-01 3.442242934000000e-01 1.531882929800000e+00 2.462653337600000e+00
2.620000000000000e-01 3.442559543000000e-01 1.531591815700000e+00 2.462970490900000e+00
2.640000000000000e-01 3.443123281000000e-01 1.531073543300000e+00 2.463535207800000e+00
2.660000000000000e-01 3.443956776000000e-01 1.530307405600000e+00 2.464370205700000e+00
2.680000000000000e-01 3.445041290000000e-01 1.529310770300000e+00 2.465456783300000e+00
2.700000000000000e-01 3.446308509000000e-01 1.528146571800000e+00 2.466726569900000e+00
2.720000000000000e-01 3.447638696000000e-01 1.526924918000000e+00 2.468059632100000e+00
2.740000000000000e-01 3.448872283000000e-01 1.525792333400000e+00 2.469296058500000e+00
2.760000000000000e-01 3.449871664000000e-01 1.524875016200000e+00 2.470297870900000e+00
2.780000000000000e-01 3.450591458000000e-01 1.524214451100000e+00 2.471019496400000e+00
2.800000000000000e-01 3.451076763000000e-01 1.523769130100000e+00 2.471506082400000e+00
2.820000000000000e-01 3.451413323000000e-01 1.523460316100000e+00 2.471843559600000e+00
2.840000000000000e-01 3.451686175000000e-01 1.523209969700000e+00 2.472117170900000e+00
2.860000000000000e-01 3.451968615000000e-01 1.522950840100000e+00 2.472400408400000e+00
2.880000000000000e-01 3.452312193000000e-01 1.522635646500000e+00 2.472744963200000e+00
2.900000000000000e-01 3.452727272000000e-01 1.522254899200000e+00 2.473161233300000e+00
2.920000000000000e-01 3.453189022000000e-01 1.521831389400000e+00 2.473624326900000e+00
2.940000000000000e-01 3.453648554000000e-01 1.521409960300000e+00 2.474085219700000e+00
2.960000000000000e-01 3.454051330000000e-01 1.521040615600000e+00 2.474489211600000e+00
2.980000000000000e-01 3.454368103000000e-01 1.520750152200000e+00 2.474806962200000e+00
3.000000000000000e-01 3.454604878000000e-01 1.520533048300000e+00 2.475044484100000e+00
3.020000000000000e-01 3.454788102000000e-01 1.520365045300000e+00 2.475228300500000e+00
3.040000000000000e-01 3.454947491000000e-01 1.520218899200000e+00 2.475388211900000e+00
3.060000000000000e-01 3.455106926000000e-01 1.520072714500000e+00 2.475548174500000e+00
3.080000000000000e-01 3.455278056000000e-01 1.519915815000000e+00 2.475719871500000e+00
3.100000000000000e-01 3.455455636000000e-01 1.519753010000000e+00 2.475898042000000e+00
3.120000000000000e-01 3.455621927000000e-01 1.519600558700000e+00 2.476064891500000e+00
3.140000000000000e-01 3.455759383000000e-01 1.519474539700000e+00 2.476202819500000e+00
3.160000000000000e-01 3.455862889000000e-01 1.519379640100000e+00 2.476306691500000e+00
3.180000000000000e-01 3.455939347000000e-01 1.519309530100000e+00 2.476383432200000e+00
3.200000000000000e-01 3.455999928000000e-01 1.519253971600000e+00 2.476444246500000e+00
3.220000000000000e-01 3.456054023000000e-01 1.519204358300000e+00 2.476498554100000e+00
3.240000000000000e-01 3.456106347000000e-01 1.519156367300000e+00 2.476551086900000e+00
3.260000000000000e-01 3.456155864000000e-01 1.519110949400000e+00 2.476600804000000e+00
3.280000000000000e-01 3.456197808000000e-01 1.519072471300000e+00 2.476642924800000e+00
3.300000000000000e-01 3.456228602000000e-01 1.519044210600000e+00 2.476673861200000e+00
3.320000000000000e-01 3.456248759000000e-01 1.519025697900000e+00 2.476694126500000e+00
3.340000000000000e-01 3.456261489000000e-01 1.519013991000000e+00 2.476706941500000e+00
3.360000000000000e-01 3.456270122000000e-01 1.519006038000000e+00 2.476715647000000e+00
3.380000000000000e-01 3.456276770000000e-01 1.518999903700000e+00 2.476722361600000e+00
3.400000000000000e-01 3.456282043000000e-01 1.518995028200000e+00 2.476727698100000e+00
3.420000000000000e-01 3.456285460000000e-01 1.518991853500000e+00 2.476731172700000e+00
3.440000000000000e-01 3.456286483000000e-01 1.518990871800000e+00 2.476732246600000e+00
3.460000000000000e-01 3.456285224000000e-01 1.518991980600000e+00 2.476731031900000e+00
3.480000000000000e-01 3.456282144000000e-01 1.518994757600000e+00 2.476727990900000e+00
3.500000000000000e-01 3.456277737000000e-01 1.518998751000000e+00 2.476723618400000e+00
3.520000000000000e-01 3.456272370000000e-01 1.519003622000000e+00 2.476718285000000e+00
3.540000000000000e-01 3.456266140000000e-01 1.519009284000000e+00 2.476712085800000e+00
3.560000000000000e-01 3.456258905000000e-01 1.519015866600000e+00 2.476704878800000e+00
3.580000000000000e-01 3.456250507000000e-01 1.519023513700000e+00 2.476696506500000e+00
3.600000000000000e-01 3.456240980000000e-01 1.519032194500000e+00 2.476687002600000e+00
3.620000000000000e-01 3.456230582000000e-01 1.519041673300000e+00 2.476676625000000e+00
3.640000000000000e-01 3.456219667000000e-01 1.519051625000000e+00 2.476665730000000e+00
3.660000000000000e-01 3.456208519000000e-01 1.519061789100000e+00 2.476654602400000e+00
3.680000000000000e-01 3.456197261000000e-01 1.519072053400000e+00 2.476643365100000e+00
3.700000000000000e-01 3.456185893000000e-01 1.519082418700000e+00 2.476632017300000e+00
3.720000000000000e-01 3.456174396000000e-01 1.519092899700000e+00 2.476620542800000e+00
3.740000000000000e-01 3.456162807000000e-01 1.519103465800000e+00 2.476608975200000e+00
3.760000000000000e-01 3.456151176000000e-01 1.519114068900000e+00 2.476597367300000e+00
3.780000000000000e-01 3.456139503000000e-01 1.519124709400000e+00 2.476585718400000e+00
3.800000000000000e-01 3.456127710000000e-01 1.519135459200000e+00 2.476573949900000e+00
3.820000000000000e-01 3.456115694000000e-01 1.519146412000000e+00 2.476561959200000e+00
3.840000000000000e-01 3.456103406000000e-01 1.519157614200000e+00 2.476549695500000e+00
3.860000000000000e-01 3.456090863000000e-01 1.519169048100000e+00 2.476537178300000e+00
3.880000000000000e-01 3.456078103000000e-01 1.519180681100000e+00 2.476524443200000e+00
3.900000000000000e-01 3.456065109000000e-01 1.519192526200000e+00 2.476511475900000e+00
3.920000000000000e-01 3.456051807000000e-01 1.519204653700000e+00 2.476498199600000e+00
3.940000000000000e-01 3.456038104000000e-01 1.519217147300000e+00 2.476484522600000e+00
3.960000000000000e-01 3.456023951000000e-01 1.519230052200000e+00 2.476470395300000e+00
3.980000000000000e-01 3.456009353000000e-01 1.519243364200000e+00 2.476455822600000e+00
4.000000000000000e-01 3.455994336000000e-01 1.519257058400000e+00 2.476440831500000e+00
4.020000000000000e-01 3.455978916000000e-01 1.519271121700000e+00 2.476425436500000e+00
4.040000000000000e-01 3.455963086000000e-01 1.519285558800000e+00 2.476409632300000e+00
4.060000000000000e-01 3.455946841000000e-01 1.519300375900000e+00 2.476393412400000e+00
4.080000000000000e-01 3.455930188000000e-01 1.519315565600000e+00 2.476376784600000e+00
4.100000000000000e-01 3.455913151000000e-01 1.519331105500000e+00 2.476359773600000e+00
4.120000000000000e-01 3.455895764000000e-01 1.519346964900000e+00 2.476342413000000e+00
4.140000000000000e-01 3.455878067000000e-01 1.519363107900000e+00 2.476324742200000e+00
4.160000000000000e-01 3.455860104000000e-01 1.519379492800000e+00 2.476306806600000e+00
4.180000000000000e-01 3.455841926000000e-01 1.519396073800000e+00 2.476288656400000e+00
4.200000000000000e-01 3.455823582000000e-01 1.519412805300000e+00 2.476270341600000e+00
4.220000000000000e-01 3.455805121000000e-01 1.519429642900000e+00 2.476251910800000e+00
4.240000000000000e-01 3.455786595000000e-01 1.519446538800000e+00 2.476233416200000e+00
4.260000000000000e-01 3.455768065000000e-01 1.519463436100000e+00 2.476214920300000e+00
4.280000000000000e-01 3.455749603000000e-01 1.519480270800000e+00 2.476196493100000e+00
4.300000000000000e-01 3.455731276000000e-01 1.519496979400000e+00 2.476178203800000e+00
4.320000000000000e-01 3.455713148000000e-01 1.519513504400000e+00 2.476160115700000e+00
4.340000000000000e-01 3.455695279000000e-01 1.519529790400000e+00 2.476142289300000e+00
4.360000000000000e-01 3.455677733000000e-01 1.519545778700000e+00 2.476124788800000e+00
4.380000000000000e-01 3.455660577000000e-01 1.519561408100000e+00 2.476107681200000e+00
4.400000000000000e-01 3.455643872000000e-01 1.519576622000000e+00 2.476091028500000e+00
4.420000000000000e-01 3.455627668000000e-01 1.519591374600000e+00 2.476074880800000e+00
4.440000000000000e-01 3.455612005000000e-01 1.519605630300000e+00 2.476059277000000e+00
4.460000000000000e-01 3.455596913000000e-01 1.519619360700000e+00 2.476044248200000e+00
4.480000000000000e-01 3.455582415000000e-01 1.519632544100000e+00 2.476029818000000e+00
4.500000000000000e-01 3.455568522000000e-01 1.519645170800000e+00 2.476015997400000e+00
4.520000000000000e-01 3.455555228000000e-01 1.519657247500000e+00 2.476002778600000e+00
4.540000000000000e-01 3.455542503000000e-01 1.519668799400000e+00 2.475990134300000e+00
4.560000000000000e-01 3.455530303000000e-01 1.519679868900000e+00 2.475978017900000e+00
4.580000000000000e-01 3.455518563000000e-01 1.519690514100000e+00 2.475966366100000e+00
4.600000000000000e-01 3.455507204000000e-01 1.519700807500000e+00 2.475955099200000e+00
4.620000000000000e-01 3.455496134000000e-01 1.519710834100000e+00 2.475944124500000e+00
4.640000000000000e-01 3.455485253000000e-01 1.519720685300000e+00 2.475933341700000e+00
4.660000000000000e-01 3.455474462000000e-01 1.519730451200000e+00 2.475922652300000e+00
4.680000000000000e-01 3.455463673000000e-01 1.519740212100000e+00 2.475911968300000e+00
4.700000000000000e-01 3.455452820000000e-01 1.519750029700000e+00 2.475901222300000e+00
4.720000000000000e-01 3.455441863000000e-01 1.519759939700000e+00 2.475890375400000e+00
4.740000000000000e-01 3.455430797000000e-01 1.519769946500000e+00 2.475879422400000e+00
4.760000000000000e-01 3.455419652000000e-01 1.519780023400000e+00 2.475868392700000e+00
4.780000000000000e-01 3.455408485000000e-01 1.519790117500000e+00 2.475857344300000e+00
4.800000000000000e-01 3.455397372000000e-01 1.519800158900000e+00 2.475846353600000e+00
4.820000000000000e-01 3.455386394000000e-01 1.519810073400000e+00 2.475835501800000e+00
4.840000000000000e-01 3.455375624000000e-01 1.519819793900000e+00 2.475824862300000e+00
4.860000000000000e-01 3.455365118000000e-01 1.519829268500000e+00 2.475814492000000e+00
4.880000000000000e-01 3.455354915000000e-01 1.519838463000000e+00 2.475804428200000e+00
4.900000000000000e-01 3.455345033000000e-01 1.519847358900000e+00 2.475794691200000e+00
4.920000000000000e-01 3.455335482000000e-01 1.519855947400000e+00 2.475785290600000e+00
4.940000000000000e-01 3.455326269000000e-01 1.519864223300000e+00 2.475776232200000e+00
4.960000000000000e-01 3.455317401000000e-01 1.519872179300000e+00 2.475767523900000e+00
4.980000000000000e-01 3.455308889000000e-01 1.519879803800000e+00 2.475759178400000e+00
5.000000000000000e-01 3.455300752000000e-01 1.519887081300000e+00 2.475751212600000e+00
5.020000000000000e-01 3.455293008000000e-01 1.519893993900000e+00 2.475743646200000e+00
5.040000000000000e-01 3.455285676000000e-01 1.519900524100000e+00 2.475736498200000e+00
5.060000000000000e-01 3.455278773000000e-01 1.519906656800000e+00 2.475729785300000e+00
5.080000000000000e-01 3.455272311000000e-01 1.519912380500000e+00 2.475723520000000e+00
5.100000000000000e-01 3.455266299000000e-01 1.519917687000000e+00 2.475717711200000e+00
5.120000000000000e-01 3.455260744000000e-01 1.519922570400000e+00 2.475712365400000e+00
5.140000000000000e-01 3.455255649000000e-01 1.519927025800000e+00 2.475707488000000e+00
5.160000000000000e-01 3.455251020000000e-01 1.519931048500000e+00 2.475703084100000e+00
5.180000000000000e-01 3.455246862000000e-01 1.519934633600000e+00 2.475699159100000e+00
5.200000000000000e-01 3.455243183000000e-01 1.519937776400000e+00 2.475695718200000e+00
5.220000000000000e-01 3.455239983000000e-01 1.519940472500000e+00 2.475692766000000e+00
5.240000000000000e-01 3.455237266000000e-01 1.519942718200000e+00 2.475690306800000e+00
5.260000000000000e-01 3.455235038000000e-01 1.519944509700000e+00 2.475688344500000e+00
5.280000000000000e-01 3.455233305000000e-01 1.519945843600000e+00 2.475686883000000e+00
5.300000000000000e-01 3.455232067000000e-01 1.519946717000000e+00 2.475685925400000e+00
5.320000000000000e-01 3.455231321000000e-01 1.519947128500000e+00 2.475685473300000e+00
5.340000000000000e-01 3.455231069000000e-01 1.519947080000000e+00 2.475685524600000e+00
5.360000000000000e-01 3.455231307000000e-01 1.519946577200000e+00 2.475686073000000e+00
5.380000000000000e-01 3.455232026000000e-01 1.519945628600000e+00 2.475687109300000e+00
5.400000000000000e-01 3.455233206000000e-01 1.519944245600000e+00 2.475688620800000e+00
5.420000000000000e-01 3.455234826000000e-01 1.519942445800000e+00 2.475690588600000e+00
5.440000000000000e-01 3.455236866000000e-01 1.519940255000000e+00 2.475692984200000e+00
5.460000000000000e-01 3.455239290000000e-01 1.519937710300000e+00 2.475695767000000e+00
5.480000000000000e-01 3.455242036000000e-01 1.519934862000000e+00 2.475698882100000e+00
5.500000000000000e-01 3.455245021000000e-01 1.519931774500000e+00 2.475702258900000e+00
5.520000000000000e-01 3.455248163000000e-01 1.519928527400000e+00 2.475705810500000e+00
5.540000000000000e-01 3.455251375000000e-01 1.519925214400000e+00 2.475709434000000e+00
5.560000000000000e-01 3.455254544000000e-01 1.519921942800000e+00 2.475713012200000e+00
5.580000000000001e-01 3.455257525000000e-01 1.519918827100000e+00 2.475716419900000e+00
5.600000000000001e-01 3.455260179000000e-01 1.519915978900000e+00 2.475719534700000e+00
5.620000000000001e-01 3.455262414000000e-01 1.519913498600000e+00 2.475722247100000e+00
5.639999999999999e-01 3.455264169000000e-01 1.519911466500000e+00 2.475724468700000e+00
5.659999999999999e-01 3.455265377000000e-01 1.519909940100000e+00 2.475726137100000e+00
5.679999999999999e-01 3.455265964000000e-01 1.519908952300000e+00 2.475727216000000e+00
5.700000000000000e-01 3.455265902000000e-01 1.519908513500000e+00 2.475727694100000e+00
5.720000000000000e-01 3.455265230000000e-01 1.519908617400000e+00 2.475727578200000e+00
5.740000000000000e-01 3.455264008000000e-01 1.519909246100000e+00 2.475726888100000e+00
5.760000000000000e-01 3.455262256000000e-01 1.519910370400000e+00 2.475725655400000e+00
5.780000000000000e-01 3.455259964000000e-01 1.519911947100000e+00 2.475723927700000e+00
5.800000000000000e-01 3.455257166000000e-01 1.519913918100000e+00 2.475721768500000e+00
5.820000000000000e-01 3.455253981000000e-01 1.519916216700000e+00 2.475719250900000e+00
5.840000000000000e-01 3.455250551000000e-01 1.519918775000000e+00 2.475716448900000e+00
5.860000000000000e-01 3.455246937000000e-01 1.519921532800000e+00 2.475713428600000e+00
5.880000000000000e-01 3.455243110000000e-01 1.519924439200000e+00 2.475710245700000e+00
5.900000000000000e-01 3.455239053000000e-01 1.519927449000000e+00 2.475706949600000e+00
5.920000000000000e-01 3.455234862000000e-01 1.519930519300000e+00 2.475703587300000e+00
5.940000000000000e-01 3.455230696000000e-01 1.519933608200000e+00 2.475700204500000e+00
5.960000000000000e-01 3.455226634000000e-01 1.519936676900000e+00 2.475696843900000e+00
5.980000000000000e-01 3.455222609000000e-01 1.519939688900000e+00 2.475693545300000e+00
6.000000000000000e-01 3.455218528000000e-01 1.519942610000000e+00 2.475690346300000e+00
6.020000000000000e-01 3.455214432000000e-01 1.519945406800000e+00 2.475687283100000e+00
6.040000000000000e-01 3.455210509000000e-01 1.519948049400000e+00 2.475684388700000e+00
6.060000000000000e-01 3.455206917000000e-01 1.519950509200000e+00 2.475681694400000e+00
6.080000000000000e-01 3.455203622000000e-01 1.519952759400000e+00 2.475679229300000e+00
6.100000000000000e-01 3.455200441000000e-01 1.519954775800000e+00 2.475677020100000e+00
6.120000000000000e-01 3.455197283000000e-01 1.519956536400000e+00 2.475675090800000e+00
6.140000000000000e-01 3.455194291000000e-01 1.519958021800000e+00 2.475673462700000e+00
6.160000000000000e-01 3.455191722000000e-01 1.519959213300000e+00 2.475672156100000e+00
6.180000000000000e-01 3.455189689000000e-01 1.519960093000000e+00 2.475671190800000e+00
6.200000000000000e-01 3.455188029000000e-01 1.519960644000000e+00 2.475670585000000e+00
6.220000000000000e-01 3.455186465000000e-01 1.519960852600000e+00 2.475670354100000e+00
6.240000000000000e-01 3.455184933000000e-01 1.519960708800000e+00 2.475670508500000e+00
6.260000000000000e-01 3.455183671000000e-01 1.519960205300000e+00 2.475671056800000e+00
6.280000000000000e-01 3.455182997000000e-01 1.519959336600000e+00 2.475672004600000e+00
6.300000000000000e-01 3.455183001000000e-01 1.519958100000000e+00 2.475673355000000e+00
6.320000000000000e-01 3.455183401000000e-01 1.519956497600000e+00 2.475675105500000e+00
6.340000000000000e-01 3.455183769000000e-01 1.519954547100000e+00 2.475677237200000e+00
6.360000000000000e-01 3.455183953000000e-01 1.519952270800000e+00 2.475679725100000e+00
6.380000000000000e-01 3.455184206000000e-01 1.519949704700000e+00 2.475682530300000e+00
6.400000000000000e-01 3.455184947000000e-01 1.519946893400000e+00 2.475685603800000e+00
6.420000000000000e-01 3.455186363000000e-01 1.519943894500000e+00 2.475688882500000e+00
6.440000000000000e-01 3.455188084000000e-01 1.519940780900000e+00 2.475692286800000e+00
6.460000000000000e-01 3.455189402000000e-01 1.519937637700000e+00 2.475695723300000e+00
6.480000000000000e-01 3.455189809000000e-01 1.519934552900000e+00 2.475699095900000e+00
6.500000000000000e-01 3.455189305000000e-01 1.519931622600000e+00 2.475702299500000e+00
6.520000000000000e-01 3.455188435000000e-01 1.519928945000000e+00 2.475705226400000e+00
6.540000000000000e-01 3.455187782000000e-01 1.519926604000000e+00 2.475707785000000e+00
6.560000000000000e-01 3.455187336000000e-01 1.519924682400000e+00 2.475709884500000e+00
6.580000000000000e-01 3.455186466000000e-01 1.519923228300000e+00 2.475711472400000e+00
6.600000000000000e-01 3.455184316000000e-01 1.519922289900000e+00 2.475712496000000e+00
6.620000000000000e-01 3.455180180000000e-01 1.519921894400000e+00 2.475712925400000e+00
6.640000000000000e-01 3.455173973000000e-01 1.519922049100000e+00 2.475712752700000e+00
6.660000000000000e-01 3.455166571000000e-01 1.519922738300000e+00 2.475711994900000e+00
6.680000000000000e-01 3.455159288000000e-01 1.519923919100000e+00 2.475710699300000e+00
6.700000000000000e-01 3.455152916000000e-01 1.519925544700000e+00 2.475708916700000e+00
6.720000000000000e-01 3.455147206000000e-01 1.519927564300000e+00 2.475706703000000e+00
6.740000000000000e-01 3.455140859000000e-01 1.519929911600000e+00 2.475704130600000e+00
6.760000000000000e-01 3.455132143000000e-01 1.519932529700000e+00 2.475701261900000e+00
6.780000000000000e-01 3.455119657000000e-01 1.519935362400000e+00 2.475698158300000e+00
6.800000000000000e-01 3.455103353000000e-01 1.519938353400000e+00 2.475694881400000e+00
6.820000000000001e-01 3.455085064000000e-01 1.519941447900000e+00 2.475691491300000e+00
6.840000000000001e-01 3.455067656000000e-01 1.519944593300000e+00 2.475688045300000e+00
6.860000000000001e-01 3.455053727000000e-01 1.519947744700000e+00 2.475684592900000e+00
6.879999999999999e-01 3.455044886000000e-01 1.519950859800000e+00 2.475681180000000e+00
6.899999999999999e-01 3.455040746000000e-01 1.519953898800000e+00 2.475677850500000e+00
6.919999999999999e-01 3.455036959000000e-01 1.519956821100000e+00 2.475674648600000e+00
6.940000000000000e-01 3.455025345000000e-01 1.519959603000000e+00 2.475671600200000e+00
6.960000000000000e-01 3.454989157000000e-01 1.519962206800000e+00 2.475668746800000e+00
6.980000000000000e-01 3.454897488000000e-01 1.519964598300000e+00 2.475666125700000e+00
7.000000000000000e-01 3.454714390000000e-01 1.519966746400000e+00 2.475663771000000e+00
7.020000000000000e-01 3.454432862000000e-01 1.519968623000000e+00 2.475661713400000e+00
7.040000000000000e-01 3.454103612000000e-01 1.519970202500000e+00 2.475659981000000e+00
7.060000000000000e-01 3.453800881000000e-01 1.519971476800000e+00 2.475658582900000e+00
7.080000000000000e-01 3.453575957000000e-01 1.519972429900000e+00 2.475657536000000e+00
7.100000000000000e-01 3.453451873000000e-01 1.519973045600000e+00 2.475656858400000e+00
7.120000000000000e-01 3.453443028000000e-01 1.519973346300000e+00 2.475656525500000e+00
7.140000000000000e-01 3.453832204000000e-01 1.519973266100000e+00 2.475656609200000e+00
7.160000000000000e-01 3.455835092000000e-01 1.519972784900000e+00 2.475657131800000e+00
7.180000000000000e-01 3.462689984000000e-01 1.519971906200000e+00 2.475658090100000e+00
7.200000000000000e-01 3.481580556000000e-01 1.519970629500000e+00 2.475659487800000e+00
7.220000000000000e-01 3.526104015000000e-01 1.519968959800000e+00 2.475661329300000e+00
7.240000000000000e-01 3.618280253000000e-01 1.519966908600000e+00 2.475663626300000e+00
7.260000000000000e-01 3.788217305000000e-01 1.519964495000000e+00 2.475666408000000e+00
7.280000000000000e-01 4.069405734000000e-01 1.519961747300000e+00 2.475669730600000e+00
7.300000000000000e-01 4.489226476000000e-01 1.519958707600000e+00 2.475673673800000e+00
7.320000000000000e-01 5.057602722000000e-01 1.519955441900000e+00 2.475678311100000e+00
7.340000000000000e-01 5.759635265000000e-01 1.519952053800000e+00 2.475683644900000e+00
7.360000000000000e-01 6.557317128000000e-01 1.519948703300000e+00 2.475689532600000e+00
7.380000000000000e-01 7.400359365000000e-01 1.519945605300000e+00 2.475695624400000e+00
7.400000000000000e-01 8.240661952000000e-01 1.519943006600000e+00 2.475701373800000e+00
7.420000000000000e-01 9.041769913000000e-01 1.519941143200000e+00 2.475706142100000e+00
7.440000000000000e-01 9.779167129000000e-01 1.519940204000000e+00 2.475709301300000e+00
7.460000000000000e-01 1.043833416900000e+00 1.519940292000000e+00 2.475710359300000e+00
7.480000000000000e-01 1.101280130300000e+00 1.519941405300000e+00 2.475709049900000e+00
7.500000000000000e-01 1.150226395500000e+00 1.519943440900000e+00 2.475705365000000e+00
7.520000000000000e-01 1.191082963700000e+00 1.519946216900000e+00 2.475699530400000e+00
7.540000000000000e-01 1.224547685700000e+00 1.519949501700000e+00 2.475691946400000e+00
7.560000000000000e-01 1.251477859000000e+00 1.519953046500000e+00 2.475683119800000e+00
7.580000000000000e-01 1.272790830800000e+00 1.519956610400000e+00 2.475673607400000e+00
7.600000000000000e-01 1.289391746000000e+00 1.519959979000000e+00 2.475663975700000e+00
7.620000000000000e-01 1.302125333400000e+00 1.519962973200000e+00 2.475654774100000e+00
7.640000000000000e-01 1.311747533100000e+00 1.519965450500000e+00 2.475646518000000e+00
7.660000000000000e-01 1.318912429700000e+00 1.519967296700000e+00 2.475639682000000e+00
7.680000000000000e-01 1.324170188300000e+00 1.519968414100000e+00 2.475634698600000e+00
7.700000000000000e-01 1.327972288700000e+00 1.519968711900000e+00 2.475631953100000e+00
7.720000000000000e-01 1.330681109700000e+00 1.519968105100000e+00 2.475631765500000e+00
7.740000000000000e-01 1.332581659200000e+00 1.519966528100000e+00 2.475634348000000e+00
7.760000000000000e-01 1.333893881700000e+00 1.519963965900000e+00 2.475639735100000e+00
7.780000000000000e-01 1.334784492500000e+00 1.519960497400000e+00 2.475647697600000e+00
7.800000000000000e-01 1.335377679700000e+00 1.519956335800000e+00 2.475657671800000e+00
7.820000000000000e-01 1.335764335800000e+00 1.519951840800000e+00 2.475668748300000e+00
7.840000000000000e-01 1.336009726100000e+00 1.519947486800000e+00 2.475679744400000e+00
7.860000000000000e-01 1.336159761300000e+00 1.519943788200000e+00 2.475689388100000e+00
7.880000000000000e-01 1.336246232500000e+00 1.519941195100000e+00 2.475696593000000e+00
7.900000000000000e-01 1.336291214500000e+00 1.519939976000000e+00 2.475700643600000e+00
7.920000000000000e-01 1.336310403000000e+00 1.519940159800000e+00 2.475701224800000e+00
7.940000000000000e-01 1.336315411100000e+00 1.519941561500000e+00 2.475698637500000e+00
7.960000000000000e-01 1.336311420100000e+00 1.519944138100000e+00 2.475693092100000e+00
7.980000000000000e-01 1.336299658800000e+00 1.519947794400000e+00 2.475684776100000e+00
8.000000000000000e-01 1.336284866300000e+00 1.519951870200000e+00 2.475674976200000e+00
8.020000000000000e-01 1.336270148100000e+00 1.519955932100000e+00 2.475664513300000e+00
8.040000000000000e-01 1.336255850800000e+00 1.519959717200000e+00 2.475654052400000e+00
8.060000000000000e-01 1.336241267000000e+00 1.519963066100000e+00 2.475644274600000e+00
8.080000000000001e-01 1.336225954400000e+00 1.519965838100000e+00 2.475635716400000e+00
8.100000000000001e-01 1.336210401200000e+00 1.519967845900000e+00 2.475628647500000e+00
8.120000000000001e-01 1.336195995000000e+00 1.519968944700000e+00 2.475623298600000e+00
8.139999999999999e-01 1.336184378200000e+00 1.519969080300000e+00 2.475620147400000e+00
8.159999999999999e-01 1.336176682500000e+00 1.519968227600000e+00 2.475619718200000e+00
8.179999999999999e-01 1.336172959500000e+00 1.519966337000000e+00 2.475622229400000e+00
8.200000000000000e-01 1.336172089600000e+00 1.519963406100000e+00 2.475627284000000e+00
8.220000000000000e-01 1.336172717100000e+00 1.519959218400000e+00 2.475635354400000e+00
8.240000000000000e-01 1.336173068800000e+00 1.519954319400000e+00 2.475646089400000e+00
8.260000000000000e-01 1.336172406800000e+00 1.519949202700000e+00 2.475658928200000e+00
8.280000000000000e-01 1.336170599000000e+00 1.519944232100000e+00 2.475672483200000e+00
8.300000000000000e-01 1.336167509000000e+00 1.519939704600000e+00 2.475683365000000e+00
8.320000000000000e-01 1.336163586100000e+00 1.519936368300000e+00 2.475688938500000e+00
8.340000000000000e-01 1.336160796000000e+00 1.519935206100000e+00 2.475690945900000e+00
8.360000000000000e-01 1.336160589200000e+00 1.519936764900000e+00 2.475691849700000e+00
8.380000000000000e-01 1.336162542500000e+00 1.519940464000000e+00 2.475690373800000e+00
8.400000000000000e-01 1.336163209700000e+00 1.519943752200000e+00 2.475683936100000e+00
8.420000000000000e-01 1.336158160400000e+00 1.519944100400000e+00 2.475667704100000e+00
8.440000000000000e-01 1.336145688100000e+00 1.519943037700000e+00 2.475646149000000e+00
8.460000000000000e-01 1.336135131900000e+00 1.519949897800000e+00 2.475641229400000e+00
8.480000000000000e-01 1.336132973100000e+00 1.519968509000000e+00 2.475662122800000e+00
8.500000000000000e-01 1.336134646800000e+00 1.519989021500000e+00 2.475688528000000e+00
8.520000000000000e-01 1.336110820700000e+00 1.519970663300000e+00 2.475633583500000e+00
8.540000000000000e-01 1.336033251000000e+00 1.519874402300000e+00 2.475414589600000e+00
8.560000000000000e-01 1.335971711300000e+00 1.519788986000000e+00 2.475222372400000e+00
8.580000000000000e-01 1.336132790900000e+00 1.519968287000000e+00 2.475603795300000e+00
8.600000000000000e-01 1.336720050600000e+00 1.520666225000000e+00 2.477107293300000e+00
8.620000000000000e-01 1.337182459300000e+00 1.521223216300000e+00 2.478312787000000e+00
8.640000000000000e-01 1.335993749300000e+00 1.519804495100000e+00 2.475269353800000e+00
8.660000000000000e-01 1.331736313100000e+00 1.514693482900000e+00 2.464311277400000e+00
8.680000000000000e-01 1.328475725700000e+00 1.510776765800000e+00 2.455959270200000e+00
8.700000000000000e-01 1.337285737400000e+00 1.521511661000000e+00 2.479007328500000e+00
8.720000000000000e-01 1.367369302300000e+00 1.557540554000000e+00 2.557714243100000e+00
8.740000000000000e-01 1.387685441500000e+00 1.581655971500000e+00 2.611839810600000e+00
8.760000000000000e-01 1.308638137600000e+00 1.492040293100000e+00 2.415583220500000e+00
8.780000000000000e-01 1.037629569000000e+00 1.137936852400000e+00 1.757718913800000e+00
8.800000000000000e-01 7.417589214000000e-01 6.059599336000000e-01 1.066800911800000e+00
8.820000000000000e-01 5.775975036000000e-01 2.071871990000000e-01 7.135162165000000e-01
8.840000000000000e-01 5.198484359000000e-01 5.183616040000000e-02 6.044252207000000e-01
8.860000000000000e-01 5.045381696000000e-01 1.159302370000000e-02 5.783626437000000e-01
8.880000000000000e-01 5.009962125000000e-01 2.525698100000000e-03 5.725984371000000e-01
8.900000000000000e-01 5.002158509000000e-01 5.461870000000000e-04 5.713453838000000e-01
8.920000000000000e-01 5.000463177000000e-01 1.171474000000000e-04 5.710740662000000e-01
8.940000000000000e-01 5.000096996000000e-01 2.452970000000000e-05 5.710155083000000e-01
8.960000000000000e-01 5.000018876000000e-01 4.773500000000000e-06 5.710030179000000e-01
8.980000000000000e-01 5.000003051000000e-01 7.714000000000000e-07 5.710004877000000e-01
9.000000000000000e-01 5.000000368999999e-01 9.340000000000000e-08 5.710000591000000e-01
9.020000000000000e-01 5.000000036000000e-01 9.100000000000000e-09 5.710000058000000e-01
9.040000000000000e-01 5.000000003000000e-01 8.000000000000000e-10 5.710000005000000e-01
9.060000000000000e-01 5.000000000000000e-01 1.000000000000000e-10 5.710000000000000e-01
9.080000000000000e-01 5.000000000000000e-01 0.000000000000000e+00 5.710000000000000e-01
9.100000000000000e-01 5.000000000000000e-01 0.000000000000000e+00 5.710000000000000e-01
9.120000000000000e-01 5.000000000000000e-01 0.000000000000000e+00 5.710000000000000e-01
9.140000000000000e-01 5.000000000000000e-01 0.000000000000000e+00 5.710000000000000e-01
9.160000000000000e-01 5.000000000000000e-01 0.000000000000000e+00 5.710000000000000e-01
9.180000000000000e-01 5.000000000000000e-01 0.000000000000000e+00 5.710000000000000e-01
9.200000000000000e-01 5.000000000000000e-01 0.000000000000000e+00 5.710000000000000e-01
9.220000000000000e-01 5.000000000000000e-01 0.000000000000000e+00 5.710000000000000e-01
9.240000000000000e-01 5.000000000000000e-01 0.000000000000000e+00 5.710000000000000e-01
9.260000000000000e-01 5.000000000000000e-01 0.000000000000000e+00 5.710000000000000e-01
9.280000000000000e-01 5.000000000000000e-01 0.000000000000000e+00 5.710000000000000e-01
9.300000000000000e-01 5.000000000000000e-01 0.000000000000000e+00 5.710000000000000e-01
9.320000000000001e-01 5.000000000000000e-01 0.000000000000000e+00 5.710000000000000e-01
9.340000000000001e-01 5.000000000000000e-01 0.000000000000000e+00 5.710000000000000e-01
9.360000000000001e-01 5.000000000000000e-01 0.000000000000000e+00 5.710000000000000e-01
9.379999999999999e-01 5.000000000000000e-01 0.000000000000000e+00 5.710000000000000e-01
9.399999999999999e-01 5.000000000000000e-01 0.000000000000000e+00 5.710000000000000e-01
9.419999999999999e-01 5.000000000000000e-01 0.000000000000000e+00 5.710000000000000e-01
9.440000000000000e-01 5.000000000000000e-01 0.000000000000000e+00 5.710000000000000e-01
9.460000000000000e-01 5.000000000000000e-01 0.000000000000000e+00 5.710000000000000e-01
9.480000000000000e-01 5.000000000000000e-01 0.000000000000000e+00 5.710000000000000e-01
9.500000000000000e-01 5.000000000000000e-01 0.000000000000000e+00 5.710000000000000e-01
9.520000000000000e-01 5.000000000000000e-01 0.000000000000000e+00 5.710000000000000e-01
9.540000000000000e-01 5.000000000000000e-01 0.000000000000000e+00 5.710000000000000e-01
9.560000000000000e-01 5.000000000000000e-01 0.000000000000000e+00 5.710000000000000e-01
9.580000000000000e-01 5.000000000000000e-01 0.000000000000000e+00 5.710000000000000e-01
9.600000000000000e-01 5.000000000000000e-01 0.000000000000000e+00 5.710000000000000e-01
9.620000000000000e-01 5.000000000000000e-01 0.000000000000000e+00 5.710000000000000e-01
9.640000000000000e-01 5.000000000000000e-01 0.000000000000000e+00 5.710000000000000e-01
9.660000000000000e-01 5.000000000000000e-01 0.000000000000000e+00 5.710000000000000e-01
9.680000000000000e-01 5.000000000000000e-01 0.000000000000000e+00 5.710000000000000e-01
9.700000000000000e-01 5.000000000000000e-01 0.000000000000000e+00 5.710000000000000e-01
9.720000000000000e-01 5.000000000000000e-01 0.000000000000000e+00 5.710000000000000e-01
9.740000000000000e-01 5.000000000000000e-01 0.000000000000000e+00 5.710000000000000e-01
9.760000000000000e-01 5.000000000000000e-01 0.000000000000000e+00 5.710000000000000e-01
9.780000000000000e-01 5.000000000000000e-01 0.000000000000000e+00 5.710000000000000e-01
9.800000000000000e-01 5.000000000000000e-01 0.000000000000000e+00 5.710000000000000e-01
9.820000000000000e-01 5.000000000000000e-01 0.000000000000000e+00 5.710000000000000e-01
9.840000000000000e-01 5.000000000000000e-01 0.000000000000000e+00 5.710000000000000e-01
9.860000000000000e-01 5.000000000000000e-01 0.000000000000000e+00 5.710000000000000e-01
9.880000000000000e-01 5.000000000000000e-01 0.000000000000000e+00 5.710000000000000e-01
9.900000000000000e-01 5.000000000000000e-01 0.000000000000000e+00 5.710000000000000e-01
9.920000000000000e-01 5.000000000000000e-01 0.000000000000000e+00 5.710000000000000e-01
9.940000000000000e-01 5.000000000000000e-01 0.000000000000000e+00 5.710000000000000e-01
9.960000000000000e-01 5.000000000000000e-01 0.000000000000000e+00 5.710000000000000e-01
9.980000000000000e-01 5.000000000000000e-01 0.000000000000000e+00 5.710000000000000e-01
1.000000000000000e+00 5.000000000000000e-01 0.000000000000000e+00 5.710000000000000e-01
ZONE T="beta=0.75", AUXDATA beta="0.75", I=501, F=POINT
0.000000000000000e+00 4.449999921000000e-01 6.980000589000001e-01 3.527999912700000e+00
2.000000000000000e-03 4.449999921000000e-01 6.980000589000001e-01 3.527999912700000e+00
4.000000000000000e-03 4.449999826000000e-01 6.980001305000000e-01 3.527999806600000e+00
6.000000000000000e-03 4.449999675000000e-01 6.980002435000000e-01 3.527999638900000e+00
8.000000000000000e-03 4.449999388000000e-01 6.980004585000000e-01 3.527999320300000e+00
1.000000000000000e-02 4.449998870000000e-01 6.980008463000000e-01 3.527998745300000e+00
1.200000000000000e-02 4.449997952000000e-01 6.980015330000000e-01 3.527997727300000e+00
1.400000000000000e-02 4.449996375000000e-01 6.980027140000000e-01 3.527995976400000e+00
1.600000000000000e-02 4.449993745000000e-01 6.980046832000000e-01 3.527993057000000e+00
1.800000000000000e-02 4.449989497000000e-01 6.980078629000001e-01 3.527988342900000e+00
2.000000000000000e-02 4.449982843000000e-01 6.980128448000000e-01 3.527980957000000e+00
2.200000000000000e-02 4.449972692000000e-01 6.980204448000000e-01 3.527969689700000e+00
2.400000000000000e-02 4.449957552000000e-01 6.980317799000000e-01 3.527952885100000e+00
2.600000000000000e-02 4.449935394000000e-01 6.980483687000000e-01 3.527928291700000e+00
2.800000000000000e-02 4.449903479000000e-01 6.980722626000000e-01 3.527892868700000e+00
3.000000000000000e-02 4.449858139000000e-01 6.981062074000000e-01 3.527842545600000e+00
3.200000000000000e-02 4.449794515000000e-01 6.981538422000000e-01 3.527771927900000e+00
3.400000000000000e-02 4.449706235000000e-01 6.982199371000000e-01 3.527673945700000e+00
3.600000000000000e-02 4.449585051000000e-01 6.983106690999999e-01 3.527539444000000e+00
3.800000000000000e-02 4.449420417000000e-01 6.984339350000000e-01 3.527356720700000e+00
4.000000000000000e-02 4.449199039000000e-01 6.985996922000000e-01 3.527111023100000e+00
4.200000000000000e-02 4.448904399000000e-01 6.988203141000000e-01 3.526784023500000e+00
4.400000000000000e-02 4.448516294000000e-01 6.991109375000000e-01 3.526353309000000e+00
4.600000000000000e-02 4.448010428000000e-01 6.994897730000000e-01 3.525791927900000e+00
4.800000000000000e-02 4.447358099000000e-01 6.999783404000000e-01 3.525068051800000e+00
5.000000000000000e-02 4.446526060000000e-01 7.006015838000000e-01 3.524144819400000e+00
5.200000000000000e-02 4.445476593000000e-01 7.013878200000000e-01 3.522980433900000e+00
5.400000000000000e-02 4.444167887000000e-01 7.023684740000000e-01 3.521528582900000e+00
5.600000000000000e-02 4.442554738000000e-01 7.035775654000000e-01 3.519739234700000e+00
5.800000000000000e-02 4.440589623000000e-01 7.050509263000000e-01 3.517559840500000e+00
6.000000000000000e-02 4.438224126000000e-01 7.068251552000000e-01 3.514936932900000e+00
6.200000000000000e-02 4.435410669000000e-01 7.089363432000000e-01 3.511818065100000e+00
6.400000000000000e-02 4.432104459000000e-01 7.114186407999999e-01 3.508153983800000e+00
6.600000000000000e-02 4.428265505000000e-01 7.143027638000000e-01 3.503900883800000e+00
6.800000000000000e-02 4.423860552000000e-01 7.176145586000000e-01 3.499022560000000e+00
7.000000000000001e-02 4.418864752000000e-01 7.213737535000000e-01 3.493492260400000e+00
7.199999999999999e-02 4.413262911000000e-01 7.255930149000001e-01 3.487294061600000e+00
7.400000000000000e-02 4.407050190000000e-01 7.302773994000000e-01 3.480423630000000e+00
7.600000000000000e-02 4.400232194000000e-01 7.354242521000000e-01 3.472888294300000e+00
7.800000000000000e-02 4.392824450000000e-01 7.410235546000000e-01 3.464706434600000e+00
8.000000000000000e-02 4.384851339000000e-01 7.470586750000000e-01 3.455906261800000e+00
8.200000000000000e-02 4.376344604000000e-01 7.535074364000000e-01 3.446524127300000e+00
8.400000000000001e-02 4.367341589000000e-01 7.603433906000000e-01 3.436602537400000e+00
8.599999999999999e-02 4.357883377000000e-01 7.675371766000000e-01 3.426188060800000e+00
8.799999999999999e-02 4.348012977000000e-01 7.750578494000000e-01 3.415329302500000e+00
9.000000000000000e-02 4.337773700000000e-01 7.828740860000000e-01 3.404075085600000e+00
9.200000000000000e-02 4.327207791000000e-01 7.909552026000000e-01 3.392472935900000e+00
9.400000000000000e-02 4.316355380000000e-01 7.992719466000000e-01 3.380567919100000e+00
9.600000000000000e-02 4.305253746000000e-01 8.077970585000001e-01 3.368401835000000e+00
9.800000000000000e-02 4.293936879000000e-01 8.165056162000000e-01 3.356012741300000e+00
1.000000000000000e-01 4.282435294000000e-01 8.253751935000000e-01 3.343434758100000e+00
1.020000000000000e-01 4.270776038000000e-01 8.343858704000000e-01 3.330698091100000e+00
1.040000000000000e-01 4.258982842000000e-01 8.435201345000000e-01 3.317829214200000e+00
1.060000000000000e-01 4.247076374000000e-01 8.527627113000000e-01 3.304851153000000e+00
1.080000000000000e-01 4.235074529000000e-01 8.621003530000000e-01 3.291783825000000e+00
1.100000000000000e-01 4.222992753000000e-01 8.715216110000000e-01 3.278644398000000e+00
1.120000000000000e-01 4.210844350000000e-01 8.810166098000000e-01 3.265447643900000e+00
1.140000000000000e-01 4.198640780000000e-01 8.905768328000000e-01 3.252206268400000e+00
1.160000000000000e-01 4.186391923000000e-01 9.001949277000000e-01 3.238931210900000e+00
1.180000000000000e-01 4.174106316000000e-01 9.098645336000000e-01 3.225631908100000e+00
1.200000000000000e-01 4.161791355000000e-01 9.195801307000000e-01 3.212316522700000e+00
1.220000000000000e-01 4.149453472000000e-01 9.293369117000000e-01 3.198992138600000e+00
1.240000000000000e-01 4.137098284000000e-01 9.391306719000000e-01 3.185664927200000e+00
1.260000000000000e-01 4.124730713000000e-01 9.489577170000000e-01 3.172340286100000e+00
1.280000000000000e-01 4.112355097000000e-01 9.588147847000000e-01 3.159022957700000e+00
1.300000000000000e-01 4.099975278000000e-01 9.686989785000000e-01 3.145717128500000e+00
1.320000000000000e-01 4.087594673000000e-01 9.786077112000000e-01 3.132426513400000e+00
1.340000000000000e-01 4.075216339000000e-01 9.885386614000000e-01 3.119154420800000e+00
1.360000000000000e-01 4.062843014000000e-01 9.984897429000000e-01 3.105903801300000e+00
1.380000000000000e-01 4.050477161000000e-01 1.008459069600000e+00 3.092677299000000e+00
1.400000000000000e-01 4.038121011000000e-01 1.018444926100000e+00 3.079477295200000e+00
1.420000000000000e-01 4.025776591000000e-01 1.028445743300000e+00 3.066305945300000e+00
1.440000000000000e-01 4.013445759000000e-01 1.038460076800000e+00 3.053165209700000e+00
1.460000000000000e-01 4.001130222000000e-01 1.048486589100000e+00 3.040056881600000e+00
1.480000000000000e-01 3.988831561000000e-01 1.058524033000000e+00 3.026982609900000e+00
1.500000000000000e-01 3.976551247000000e-01 1.068571238200000e+00 3.013943919600000e+00
1.520000000000000e-01 3.964290659000000e-01 1.078627098400000e+00 3.000942230200000e+00
1.540000000000000e-01 3.952051099000000e-01 1.088690560300000e+00 2.987978871900000e+00
1.560000000000000e-01 3.939833804000000e-01 1.098760613000000e+00 2.975055099600000e+00
1.580000000000000e-01 3.927639959000000e-01 1.108836278800000e+00 2.962172106700000e+00
1.600000000000000e-01 3.915470708000000e-01 1.118916604300000e+00 2.949331037100000e+00
1.620000000000000e-01 3.903327165000000e-01 1.129000651600000e+00 2.936532996800000e+00
1.640000000000000e-01 3.891210423000000e-01 1.139087490300000e+00 2.923779064700000e+00
1.660000000000000e-01 3.879121564000000e-01 1.149176189000000e+00 2.911070303300000e+00
1.680000000000000e-01 3.867061673000000e-01 1.159265807300000e+00 2.898407769100000e+00
1.700000000000000e-01 3.855031842000000e-01 1.169355387500000e+00 2.885792523200000e+00
1.720000000000000e-01 3.843033184000000e-01 1.179443945000000e+00 2.873225642000000e+00
1.740000000000000e-01 3.831066843000000e-01 1.189530459800000e+00 2.860708228500000e+00
1.760000000000000e-01 3.819134004000000e-01 1.199613865500000e+00 2.848241423800000e+00
1.780000000000000e-01 3.807235910000000e-01 1.209693038700000e+00 2.835826420400000e+00
1.800000000000000e-01 3.795373870000000e-01 1.219766786300000e+00 2.823464476100000e+00
1.820000000000000e-01 3.783549279000000e-01 1.229833831700000e+00 2.811156929500000e+00
1.840000000000000e-01 3.771763633000000e-01 1.239892798900000e+00 2.798905217500000e+00
1.860000000000000e-01 3.760018549000000e-01 1.249942194300000e+00 2.786710895500000e+00
1.880000000000000e-01 3.748315789000000e-01 1.259980386000000e+00 2.774575660000000e+00
1.900000000000000e-01 3.736657286000000e-01 1.270005579000000e+00 2.762501375400000e+00
1.920000000000000e-01 3.725045174000000e-01 1.280015786800000e+00 2.750490104600000e+00
1.940000000000000e-01 3.713481826000000e-01 1.290008797500000e+00 2.738544145900000e+00
1.960000000000000e-01 3.701969895000000e-01 1.299982133700000e+00 2.726666075700000e+00
1.980000000000000e-01 3.690512370000000e-01 1.309933004600000e+00 2.714858800000000e+00
2.000000000000000e-01 3.679112631000000e-01 1.319858248600000e+00 2.703125615900000e+00
2.020000000000000e-01 3.667774529000000e-01 1.329754264100000e+00 2.691470285200000e+00
2.040000000000000e-01 3.656502475000000e-01 1.339616925800000e+00 2.679897124400000e+00
2.060000000000000e-01 3.645301545000000e-01 1.349441482400000e+00 2.668411112600000e+00
2.080000000000000e-01 3.634177619000000e-01 1.359222433300000e+00 2.657018024100000e+00
2.100000000000000e-01 3.623137539000000e-01 1.368953375500000e+00 2.645724589600000e+00
2.120000000000000e-01 3.612189309000000e-01 1.378626818200000e+00 2.634538694700000e+00
2.140000000000000e-01 3.601342344000000e-01 1.388233953300000e+00 2.623469622600000e+00
2.160000000000000e-01 3.590607763000000e-01 1.397764374500000e+00 2.612528351400000e+00
2.180000000000000e-01 3.579998763000000e-01 1.407205732800000e+00 2.601727919900000e+00
2.200000000000000e-01 3.569531065000000e-01 1.416543315700000e+00 2.591083871000000e+00
2.220000000000000e-01 3.559223454000000e-01 1.425759537900000e+00 2.580614789900000e+00
2.240000000000000e-01 3.549098430000000e-01 1.434833331900000e+00 2.570342945300000e+00
2.260000000000000e-01 3.539182966000000e-01 1.443739434200000e+00 2.560295038500000e+00
2.280000000000000e-01 3.529509359000000e-01 1.452447576400000e+00 2.550503050200000e+00
2.300000000000000e-01 3.520116155000000e-01 1.460921614800000e+00 2.541005145100000e+00
2.320000000000000e-01 3.511049035000000e-01 1.469118680700000e+00 2.531846548700000e+00
2.340000000000000e-01 3.502361515000000e-01 1.476988501300000e+00 2.523080230700000e+00
2.360000000000000e-01 3.494115188000000e-01 1.484473147500000e+00 2.514767125000000e+00
2.380000000000000e-01 3.486379078000000e-01 1.491507591100000e+00 2.506975476300000e+00
2.400000000000000e-01 3.479227594000000e-01 1.498021579000000e+00 2.499778777500000e+00
2.420000000000000e-01 3.472736473000000e-01 1.503943374400000e+00 2.493251718500000e+00
2.440000000000000e-01 3.466976304000000e-01 1.509205763200000e+00 2.487463732900000e+00
2.460000000000000e-01 3.462003752000000e-01 1.513754233700000e+00 2.482470255900000e+00
2.480000000000000e-01 3.457851500000000e-01 1.517556363600000e+00 2.478302733800000e+00
2.500000000000000e-01 3.454519094000000e-01 1.520610405600000e+00 2.474959533800000e+00
2.520000000000000e-01 3.451967557000000e-01 1.522950379800000e+00 2.472400622000000e+00
2.540000000000000e-01 3.450120278000000e-01 1.524645330300000e+00 2.470548497200000e+00
2.560000000000000e-01 3.448870929000000e-01 1.525792046000000e+00 2.469296116500000e+00
2.580000000000000e-01 3.448096623000000e-01 1.526502889300000e+00 2.468520042900000e+00
2.600000000000000e-01 3.447672604000000e-01 1.526892188300000e+00 2.468095106900000e+00
2.620000000000000e-01 3.447484454000000e-01 1.527064921600000e+00 2.467906580000000e+00
2.640000000000000e-01 3.447434875000000e-01 1.527110409600000e+00 2.467856933700000e+00
2.660000000000000e-01 3.447452357000000e-01 1.527094316300000e+00 2.467874495800000e+00
2.680000000000000e-01 3.447532476000000e-01 1.527020703500000e+00 2.467954834300000e+00
2.700000000000000e-01 3.447702726000000e-01 1.526864328200000e+00 2.468125506000000e+00
2.720000000000000e-01 3.447982421000000e-01 1.526607464900000e+00 2.468405875900000e+00
2.740000000000000e-01 3.448380096000000e-01 1.526242298600000e+00 2.468804507600000e+00
2.760000000000000e-01 3.448890310000000e-01 1.525773855200000e+00 2.469315962700000e+00
2.780000000000000e-01 3.449492471000000e-01 1.525221072600000e+00 2.469919618600000e+00
2.800000000000000e-01 3.450151439000000e-01 1.524616237400000e+00 2.470580263700000e+00
2.820000000000000e-01 3.450820395000000e-01 1.524002332700000e+00 2.471250971100000e+00
2.840000000000000e-01 3.451449569000000e-01 1.523425022200000e+00 2.471881841200000e+00
2.860000000000000e-01 3.452007355000000e-01 1.522913280100000e+00 2.472441175000000e+00
2.880000000000000e-01 3.452491282000000e-01 1.522469346900000e+00 2.472926481200000e+00
2.900000000000000e-01 3.452920148000000e-01 1.522075959900000e+00 2.473356598300000e+00
2.920000000000000e-01 3.453321175000000e-01 1.521708139200000e+00 2.473758819700000e+00
2.940000000000000e-01 3.453719729000000e-01 1.521342619300000e+00 2.474158580400000e+00
2.960000000000000e-01 3.454129862000000e-01 1.520966515700000e+00 2.474569974100000e+00
2.980000000000000e-01 3.454546454000000e-01 1.520584526900000e+00 2.474987865400000e+00
3.000000000000000e-01 3.454947064000000e-01 1.520217225300000e+00 2.475389746200000e+00
3.020000000000000e-01 3.455305712000000e-01 1.519888419700000e+00 2.475749554300000e+00
3.040000000000000e-01 3.455609701000000e-01 1.519609739300000e+00 2.476054545800000e+00
3.060000000000000e-01 3.455863416000000e-01 1.519377152500000e+00 2.476309116000000e+00
3.080000000000000e-01 3.456080953000000e-01 1.519177733900000e+00 2.476527400600000e+00
3.100000000000000e-01 3.456277681000000e-01 1.518997394000000e+00 2.476724815400000e+00
3.120000000000000e-01 3.456464746000000e-01 1.518825915700000e+00 2.476912542200000e+00
3.140000000000000e-01 3.456645875000000e-01 1.518659884700000e+00 2.477094316800000e+00
3.160000000000000e-01 3.456817052000000e-01 1.518502977900000e+00 2.477266112600000e+00
3.180000000000000e-01 3.456970762000000e-01 1.518362081600000e+00 2.477420387100000e+00
3.200000000000000e-01 3.457102245000000e-01 1.518241554300000e+00 2.477552364800000e+00
3.220000000000000e-01 3.457212241000000e-01 1.518140717000000e+00 2.477662786100000e+00
3.240000000000000e-01 3.457305167000000e-01 1.518055520000000e+00 2.477756083500000e+00
3.260000000000000e-01 3.457385975000000e-01 1.517981426900000e+00 2.477837223500000e+00
3.280000000000000e-01 3.457457956000000e-01 1.517915420900000e+00 2.477909509000000e+00
3.300000000000000e-01 3.457521991000000e-01 1.517856695600000e+00 2.477973822300000e+00
3.320000000000000e-01 3.457577248000000e-01 1.517806011800000e+00 2.478029329800000e+00
3.340000000000000e-01 3.457622807000000e-01 1.517764212000000e+00 2.478075108200000e+00
3.360000000000000e-01 3.457658854000000e-01 1.517731125800000e+00 2.478111343700000e+00
3.380000000000000e-01 3.457686644000000e-01 1.517705603800000e+00 2.478139294700000e+00
3.400000000000000e-01 3.457707755000000e-01 1.517686199200000e+00 2.478160545800000e+00
3.420000000000000e-01 3.457723473000000e-01 1.517671734400000e+00 2.478176386600000e+00
3.440000000000000e-01 3.457734615000000e-01 1.517661461400000e+00 2.478187636200000e+00
3.460000000000000e-01 3.457741708000000e-01 1.517654896700000e+00 2.478194824200000e+00
3.480000000000000e-01 3.457745264000000e-01 1.517651570600000e+00 2.478198464900000e+00
3.500000000000000e-01 3.457745903000000e-01 1.517650916800000e+00 2.478199178800000e+00
3.520000000000000e-01 3.457744150000000e-01 1.517652451900000e+00 2.478197495200000e+00
3.540000000000000e-01 3.457740184000000e-01 1.517656014500000e+00 2.478193590800000e+00
3.560000000000000e-01 3.457733982000000e-01 1.517661623800000e+00 2.478187444700000e+00
3.580000000000000e-01 3.457725506000000e-01 1.517669316100000e+00 2.478179017100000e+00
3.600000000000000e-01 3.457714746000000e-01 1.517679098700000e+00 2.478168300000000e+00
3.620000000000000e-01 3.457701765000000e-01 1.517690915900000e+00 2.478155354600000e+00
3.640000000000000e-01 3.457686719000000e-01 1.517704623300000e+00 2.478140339000000e+00
3.660000000000000e-01 3.457669875000000e-01 1.517719976800000e+00 2.478123520400000e+00
3.680000000000000e-01 3.457651598000000e-01 1.517736641500000e+00 2.478105265800000e+00
3.700000000000000e-01 3.457632325000000e-01 1.517754218000000e+00 2.478086012800000e+00
3.720000000000000e-01 3.457612520000000e-01 1.517772281000000e+00 2.478066227000000e+00
3.740000000000000e-01 3.457592627000000e-01 1.517790423500000e+00 2.478046354200000e+00
3.760000000000000e-01 3.457573017000000e-01 1.517808305000000e+00 2.478026767500000e+00
3.780000000000000e-01 3.457553934000000e-01 1.517825702500000e+00 2.478007710900000e+00
3.800000000000000e-01 3.457535473000000e-01 1.517842530000000e+00 2.477989278700000e+00
3.820000000000000e-01 3.457517607000000e-01 1.517858810300000e+00 2.477971445800000e+00
3.840000000000000e-01 3.457500258000000e-01 1.517874615700000e+00 2.477954133300000e+00
3.860000000000000e-01 3.457483368000000e-01 1.517889999100000e+00 2.477937283000000e+00
3.880000000000000e-01 3.457466956000000e-01 1.517904943200000e+00 2.477920913800000e+00
3.900000000000000e-01 3.457451128000000e-01 1.517919350800000e+00 2.477905132300000e+00
3.920000000000000e-01 3.457436036000000e-01 1.517933083200000e+00 2.477890090300000e+00
3.940000000000000e-01 3.457421807000000e-01 1.517946023100000e+00 2.477875916200000e+00
3.960000000000000e-01 3.457408491000000e-01 1.517958124500000e+00 2.477862660600000e+00
3.980000000000000e-01 3.457396053000000e-01 1.517969420600000e+00 2.477850286900000e+00
4.000000000000000e-01 3.457384403000000e-01 1.517979992900000e+00 2.477838705900000e+00
4.020000000000000e-01 3.457373451000000e-01 1.517989923900000e+00 2.477827827300000e+00
4.040000000000000e-01 3.457363145000000e-01 1.517999261600000e+00 2.477817598400000e+00
4.060000000000000e-01 3.457353476000000e-01 1.518008014100000e+00 2.477808010400000e+00
4.080000000000000e-01 3.457344454000000e-01 1.518016172400000e+00 2.477799073200000e+00
4.100000000000000e-01 3.457336070000000e-01 1.518023743600000e+00 2.477790779000000e+00
4.120000000000000e-01 3.457328279000000e-01 1.518030770400000e+00 2.477783080900000e+00
4.140000000000000e-01 3.457321000000000e-01 1.518037325600000e+00 2.477775899200000e+00
4.160000000000000e-01 3.457314147000000e-01 1.518043489000000e+00 2.477769146700000e+00
4.180000000000000e-01 3.457307650000000e-01 1.518049324100000e+00 2.477762753600000e+00
4.200000000000000e-01 3.457301464000000e-01 1.518054871700000e+00 2.477756675500000e+00
4.220000000000000e-01 3.457295558000000e-01 1.518060161000000e+00 2.477750880100000e+00
4.240000000000000e-01 3.457289892000000e-01 1.518065228600000e+00 2.477745327600000e+00
4.260000000000000e-01 3.457284408000000e-01 1.518070127200000e+00 2.477739960100000e+00
4.280000000000000e-01 3.457279038000000e-01 1.518074919300000e+00 2.477734709200000e+00
4.300000000000000e-01 3.457273718000000e-01 1.518079662400000e+00 2.477729512000000e+00
4.320000000000000e-01 3.457268404000000e-01 1.518084398500000e+00 2.477724322400000e+00
4.340000000000000e-01 3.457263063000000e-01 1.518089157000000e+00 2.477719108400000e+00
4.360000000000000e-01 3.457257664000000e-01 1.518093965100000e+00 2.477713839900000e+00
4.380000000000000e-01 3.457252173000000e-01 1.518098855500000e+00 2.477708481300000e+00
4.400000000000000e-01 3.457246552000000e-01 1.518103863100000e+00 2.477702994400000e+00
4.420000000000000e-01 3.457240770000000e-01 1.518109015000000e+00 2.477697349500000e+00
4.440000000000000e-01 3.457234812000000e-01 1.518114326000000e+00 2.477691530300000e+00
4.460000000000000e-01 3.457228669000000e-01 1.518119802600000e+00 2.477685529600000e+00
4.480000000000000e-01 3.457222336000000e-01 1.518125451000000e+00 2.477679340900000e+00
4.500000000000000e-01 3.457215803000000e-01 1.518131280100000e+00 2.477672954300000e+00
4.520000000000000e-01 3.457209060000000e-01 1.518137297900000e+00 2.477666361000000e+00
4.540000000000000e-01 3.457202105000000e-01 1.518143506900000e+00 2.477659558400000e+00
4.560000000000000e-01 3.457194943000000e-01 1.518149903100000e+00 2.477652550700000e+00
4.580000000000000e-01 3.457187580000000e-01 1.518156479500000e+00 2.477645345800000e+00
4.600000000000000e-01 3.457180025000000e-01 1.518163229100000e+00 2.477637951000000e+00
4.620000000000000e-01 3.457172284000000e-01 1.518170144800000e+00 2.477630374500000e+00
4.640000000000000e-01 3.457164370000000e-01 1.518177216100000e+00 2.477622627500000e+00
4.660000000000000e-01 3.457156297000000e-01 1.518184429400000e+00 2.477614725100000e+00
4.680000000000000e-01 3.457148082000000e-01 1.518191769100000e+00 2.477606684100000e+00
4.700000000000000e-01 3.457139741000000e-01 1.518199220400000e+00 2.477598521000000e+00
4.720000000000000e-01 3.457131290000000e-01 1.518206768400000e+00 2.477590252000000e+00
4.740000000000000e-01 3.457122747000000e-01 1.518214397400000e+00 2.477581894300000e+00
4.760000000000000e-01 3.457114129000000e-01 1.518222089900000e+00 2.477573467100000e+00
4.780000000000000e-01 3.457105457000000e-01 1.518229828000000e+00 2.477564989800000e+00
4.800000000000000e-01 3.457096749000000e-01 1.518237594900000e+00 2.477556481100000e+00
4.820000000000000e-01 3.457088023000000e-01 1.518245374200000e+00 2.477547958800000e+00
4.840000000000000e-01 3.457079295000000e-01 1.518253149300000e+00 2.477539441100000e+00
4.860000000000000e-01 3.457070586000000e-01 1.518260903500000e+00 2.477530946300000e+00
4.880000000000000e-01 3.457061912000000e-01 1.518268620400000e+00 2.477522492300000e+00
4.900000000000000e-01 3.457053290000000e-01 1.518276284800000e+00 2.477514095900000e+00
4.920000000000000e-01 3.457044735000000e-01 1.518283882000000e+00 2.477505772900000e+00
4.940000000000000e-01 3.457036263000000e-01 1.518291397700000e+00 2.477497539200000e+00
4.960000000000000e-01 3.457027890000000e-01 1.518298818200000e+00 2.477489409800000e+00
4.980000000000000e-01 3.457019628000000e-01 1.518306130400000e+00 2.477481398900000e+00
5.000000000000000e-01 3.457011491000000e-01 1.518313322000000e+00 2.477473520100000e+00
5.020000000000000e-01 3.457003492000000e-01 1.518320381300000e+00 2.477465786200000e+00
5.040000000000000e-01 3.456995643000000e-01 1.518327296900000e+00 2.477458209600000e+00
5.060000000000000e-01 3.456987956000000e-01 1.518334058200000e+00 2.477450801900000e+00
5.080000000000000e-01 3.456980440000000e-01 1.518340655400000e+00 2.477443574000000e+00
5.100000000000000e-01 3.456973106000000e-01 1.518347079100000e+00 2.477436535900000e+00
5.120000000000000e-01 3.456965963000000e-01 1.518353320700000e+00 2.477429697300000e+00
5.140000000000000e-01 3.456959020000000e-01 1.518359372100000e+00 2.477423066900000e+00
5.160000000000000e-01 3.456952284000000e-01 1.518365225700000e+00 2.477416653100000e+00
5.180000000000000e-01 3.456945763000000e-01 1.518370874700000e+00 2.477410463300000e+00
5.200000000000000e-01 3.456939464000000e-01 1.518376312700000e+00 2.477404504500000e+00
5.220000000000000e-01 3.456933391000000e-01 1.518381533800000e+00 2.477398783200000e+00
5.240000000000000e-01 3.456927552000000e-01 1.518386532900000e+00 2.477393305000000e+00
5.260000000000000e-01 3.456921951000000e-01 1.518391305300000e+00 2.477388074900000e+00
5.280000000000000e-01 3.456916592000000e-01 1.518395846900000e+00 2.477383097700000e+00
5.300000000000000e-01 3.456911477000000e-01 1.518400154000000e+00 2.477378377000000e+00
5.320000000000000e-01 3.456906610000000e-01 1.518404223700000e+00 2.477373916400000e+00
5.340000000000000e-01 3.456901996000000e-01 1.518408053400000e+00 2.477369718500000e+00
5.360000000000000e-01 3.456897634000000e-01 1.518411641100000e+00 2.477365785500000e+00
5.380000000000000e-01 3.456893525000000e-01 1.518414985400000e+00 2.477362119000000e+00
5.400000000000000e-01 3.456889668000000e-01 1.518418085300000e+00 2.477358720100000e+00
5.420000000000000e-01 3.456886068000000e-01 1.518420940400000e+00 2.477355589300000e+00
5.440000000000000e-01 3.456882723000000e-01 1.518423550600000e+00 2.477352726500000e+00
5.460000000000000e-01 3.456879631000000e-01 1.518425916400000e+00 2.477350131300000e+00
5.480000000000000e-01 3.456876785000000e-01 1.518428038800000e+00 2.477347802600000e+00
5.500000000000000e-01 3.456874189000000e-01 1.518429919000000e+00 2.477345739000000e+00
5.520000000000000e-01 3.456871844000000e-01 1.518431558900000e+00 2.477343938600000e+00
5.540000000000000e-01 3.456869747000000e-01 1.518432960400000e+00 2.477342399100000e+00
5.560000000000000e-01 3.456867883000000e-01 1.518434126400000e+00 2.477341117500000e+00
5.580000000000001e-01 3.456866248000000e-01 1.518435059900000e+00 2.477340090300000e+00
5.600000000000001e-01 3.456864851000000e-01 1.518435764800000e+00 2.477339313600000e+00
5.620000000000001e-01 3.456863692000000e-01 1.518436245300000e+00 2.477338782400000e+00
5.639999999999999e-01 3.456862751000000e-01 1.518436506700000e+00 2.477338491000000e+00
5.659999999999999e-01 3.456862004000000e-01 1.518436555700000e+00 2.477338432300000e+00
5.679999999999999e-01 3.456861452000000e-01 1.518436400500000e+00 2.477338597000000e+00
5.700000000000000e-01 3.456861106000000e-01 1.518436051000000e+00 2.477338974400000e+00
5.720000000000000e-01 3.456860955000000e-01 1.518435519700000e+00 2.477339550900000e+00
5.740000000000000e-01 3.456860951000000e-01 1.518434821600000e+00 2.477340309900000e+00
5.760000000000000e-01 3.456861053000000e-01 1.518433975900000e+00 2.477341230600000e+00
5.780000000000000e-01 3.456861261000000e-01 1.518433005200000e+00 2.477342288000000e+00
5.800000000000000e-01 3.456861580000000e-01 1.518431936100000e+00 2.477343453200000e+00
5.820000000000000e-01 3.456861970000000e-01 1.518430799500000e+00 2.477344692200000e+00
5.840000000000000e-01 3.456862344000000e-01 1.518429631100000e+00 2.477345966000000e+00
5.860000000000000e-01 3.456862635000000e-01 1.518428469700000e+00 2.477347232100000e+00
5.880000000000000e-01 3.456862838000000e-01 1.518427355300000e+00 2.477348446700000e+00
5.900000000000000e-01 3.456862959000000e-01 1.518426327000000e+00 2.477349566800000e+00
5.920000000000000e-01 3.456862944000000e-01 1.518425420200000e+00 2.477350554000000e+00
5.940000000000000e-01 3.456862693000000e-01 1.518424666400000e+00 2.477351373500000e+00
5.960000000000000e-01 3.456862156000000e-01 1.518424092200000e+00 2.477351996400000e+00
5.980000000000000e-01 3.456861359000000e-01 1.518423717400000e+00 2.477352400900000e+00
6.000000000000000e-01 3.456860338000000e-01 1.518423554100000e+00 2.477352573700000e+00
6.020000000000000e-01 3.456859065000000e-01 1.518423606600000e+00 2.477352510100000e+00
6.040000000000000e-01 3.456857474000000e-01 1.518423873200000e+00 2.477352212100000e+00
6.060000000000000e-01 3.456855559000000e-01 1.518424345700000e+00 2.477351688600000e+00
6.080000000000000e-01 3.456853392000000e-01 1.518425011100000e+00 2.477350953800000e+00
6.100000000000000e-01 3.456851034000000e-01 1.518425852200000e+00 2.477350026600000e+00
6.120000000000000e-01 3.456848467000000e-01 1.518426850000000e+00 2.477348927700000e+00
6.140000000000000e-01 3.456845628000000e-01 1.518427985500000e+00 2.477347677900000e+00
6.160000000000000e-01 3.456842523000000e-01 1.518429240400000e+00 2.477346297500000e+00
6.180000000000000e-01 3.456839255000000e-01 1.518430597200000e+00 2.477344805300000e+00
6.200000000000000e-01 3.456835927000000e-01 1.518432040300000e+00 2.477343218600000e+00
6.220000000000000e-01 3.456832516000000e-01 1.518433556000000e+00 2.477341552400000e+00
6.240000000000000e-01 3.456828887000000e-01 1.518435132600000e+00 2.477339819300000e+00
6.260000000000000e-01 3.456824945000000e-01 1.518436760600000e+00 2.477338030000000e+00
6.280000000000000e-01 3.456820768000000e-01 1.518438431700000e+00 2.477336193400000e+00
6.300000000000000e-01 3.456816570000000e-01 1.518440138600000e+00 2.477334317500000e+00
6.320000000000000e-01 3.456812475000000e-01 1.518441875100000e+00 2.477332409200000e+00
6.340000000000000e-01 3.456808369000000e-01 1.518443635500000e+00 2.477330474700000e+00
6.360000000000000e-01 3.456803976000000e-01 1.518445414500000e+00 2.477328519600000e+00
6.380000000000000e-01 3.456799103000000e-01 1.518447207300000e+00 2.477326549500000e+00
6.400000000000000e-01 3.456793855000000e-01 1.518449008800000e+00 2.477324569700000e+00
6.420000000000000e-01 3.456788593000000e-01 1.518450813900000e+00 2.477322585900000e+00
6.440000000000000e-01 3.456783607000000e-01 1.518452617700000e+00 2.477320603500000e+00
6.460000000000000e-01 3.456778833000000e-01 1.518454414600000e+00 2.477318628500000e+00
6.480000000000000e-01 3.456773854000000e-01 1.518456199500000e+00 2.477316666700000e+00
6.500000000000000e-01 3.456768213000000e-01 1.518457966800000e+00 2.477314724000000e+00
6.520000000000000e-01 3.456761774000000e-01 1.518459710900000e+00 2.477312806700000e+00
6.540000000000000e-01 3.456754929000000e-01 1.518461425600000e+00 2.477310921500000e+00
6.560000000000000e-01 3.456748324000000e-01 1.518463105600000e+00 2.477309074200000e+00
6.580000000000000e-01 3.456742303000000e-01 1.518464744900000e+00 2.477307271300000e+00
6.600000000000000e-01 3.456736602000000e-01 1.518466337400000e+00 2.477305519700000e+00
6.620000000000000e-01 3.456730492000000e-01 1.518467878100000e+00 2.477303824700000e+00
6.640000000000000e-01 3.456723249000000e-01 1.518469361100000e+00 2.477302192700000e+00
6.660000000000000e-01 3.456714591000000e-01 1.518470780400000e+00 2.477300630400000e+00
6.680000000000000e-01 3.456705008000000e-01 1.518472129900000e+00 2.477299144500000e+00
6.700000000000000e-01 3.456695536000000e-01 1.518473405200000e+00 2.477297739800000e+00
6.720000000000000e-01 3.456687002000000e-01 1.518474601400000e+00 2.477296421700000e+00
6.740000000000000e-01 3.456679484000000e-01 1.518475712600000e+00 2.477295196300000e+00
6.760000000000000e-01 3.456672084000000e-01 1.518476734400000e+00 2.477294069000000e+00
6.780000000000000e-01 3.456663335000000e-01 1.518477664000000e+00 2.477293042400000e+00
6.800000000000000e-01 3.456651652000000e-01 1.518478496400000e+00 2.477292122100000e+00
6.820000000000001e-01 3.456635951000000e-01 1.518479226400000e+00 2.477291313900000e+00
6.840000000000001e-01 3.456616868000000e-01 1.518479848800000e+00 2.477290623500000e+00
6.860000000000001e-01 3.456597249000000e-01 1.518480360600000e+00 2.477290054000000e+00
6.879999999999999e-01 3.456580292000000e-01 1.518480761900000e+00 2.477289605400000e+00
6.899999999999999e-01 3.456568212000000e-01 1.518481049900000e+00 2.477289280900000e+00
6.919999999999999e-01 3.456561996000000e-01 1.518481222700000e+00 2.477289082300000e+00
6.940000000000000e-01 3.456562289000000e-01 1.518481280600000e+00 2.477289009300000e+00
6.960000000000000e-01 3.456573425000000e-01 1.518481216000000e+00 2.477289070500000e+00
6.980000000000000e-01 3.456608141000000e-01 1.518481023200000e+00 2.477289271900000e+00
7.000000000000000e-01 3.456692921000000e-01 1.518480702000000e+00 2.477289613700000e+00
7.020000000000000e-01 3.456881042000000e-01 1.518480251000000e+00 2.477290097600000e+00
7.040000000000000e-01 3.457276774000000e-01 1.518479669100000e+00 2.477290724900000e+00
7.060000000000000e-01 3.458078658000000e-01 1.518478955000000e+00 2.477291496700000e+00
7.080000000000000e-01 3.459654380000000e-01 1.518478108100000e+00 2.477292414200000e+00
7.100000000000000e-01 3.462665780000000e-01 1.518477127900000e+00 2.477293478200000e+00
7.120000000000000e-01 3.468269562000000e-01 1.518476014200000e+00 2.477294689500000e+00
7.140000000000000e-01 3.478425589000000e-01 1.518474767300000e+00 2.477296049300000e+00
7.160000000000000e-01 3.496346195000000e-01 1.518473388000000e+00 2.477297559300000e+00
7.180000000000000e-01 3.527108694000000e-01 1.518471877600000e+00 2.477299223200000e+00
7.200000000000000e-01 3.578415229000000e-01 1.518470238400000e+00 2.477301047200000e+00
7.220000000000000e-01 3.661398175000000e-01 1.518468473300000e+00 2.477303043000000e+00
7.240000000000000e-01 3.791210234000000e-01 1.518466586600000e+00 2.477305230000000e+00
7.260000000000000e-01 3.986895766000000e-01 1.518464583900000e+00 2.477307638600000e+00
7.280000000000000e-01 4.269771320000000e-01 1.518462473300000e+00 2.477310312000000e+00
7.300000000000000e-01 4.659483292000000e-01 1.518460266800000e+00 2.477313305000000e+00
7.320000000000000e-01 5.167565437000000e-01 1.518457984000000e+00 2.477316675500000e+00
7.340000000000000e-01 5.790198989000001e-01 1.518455655500000e+00 2.477320463700000e+00
7.360000000000000e-01 6.504354180000000e-01 1.518453331100000e+00 2.477324663500000e+00
7.380000000000000e-01 7.271681320000000e-01 1.518451084500000e+00 2.477329190900000e+00
7.400000000000000e-01 8.049923447000000e-01 1.518449009600000e+00 2.477333863500000e+00
7.420000000000000e-01 8.804764282000000e-01 1.518447210400000e+00 2.477338430300000e+00
7.440000000000000e-01 9.512440451000000e-01 1.518445786300000e+00 2.477342606700000e+00
7.460000000000000e-01 1.015782625100000e+00 1.518444821100000e+00 2.477346110400000e+00
7.480000000000000e-01 1.073270116300000e+00 1.518444368300000e+00 2.477348706900000e+00
7.500000000000000e-01 1.123425526300000e+00 1.518444442300000e+00 2.477350242200000e+00
7.520000000000000e-01 1.166374276600000e+00 1.518445019400000e+00 2.477350654800000e+00
7.540000000000000e-01 1.202528622700000e+00 1.518446045300000e+00 2.477349966500000e+00
7.560000000000000e-01 1.232485254600000e+00 1.518447447700000e+00 2.477348260000000e+00
7.580000000000000e-01 1.256941454900000e+00 1.518449148400000e+00 2.477345651300000e+00
7.600000000000000e-01 1.276629839200000e+00 1.518451072900000e+00 2.477342266700000e+00
7.620000000000000e-01 1.292270470700000e+00 1.518453155200000e+00 2.477338228500000e+00
7.640000000000000e-01 1.304538261500000e+00 1.518455338500000e+00 2.477333649700000e+00
7.660000000000000e-01 1.314043092700000e+00 1.518457574100000e+00 2.477328634100000e+00
7.680000000000000e-01 1.321319950600000e+00 1.518459818900000e+00 2.477323280000000e+00
7.700000000000000e-01 1.326826502200000e+00 1.518462033400000e+00 2.477317683300000e+00
7.720000000000000e-01 1.330945829400000e+00 1.518464180100000e+00 2.477311940000000e+00
7.740000000000000e-01 1.333992428200000e+00 1.518466222800000e+00 2.477306146200000e+00
7.760000000000000e-01 1.336219991600000e+00 1.518468126500000e+00 2.477300398300000e+00
7.780000000000000e-01 1.337829881100000e+00 1.518469856700000e+00 2.477294792200000e+00
7.800000000000000e-01 1.338979531600000e+00 1.518471380400000e+00 2.477289422100000e+00
7.820000000000000e-01 1.339790300100000e+00 1.518472667000000e+00 2.477284379100000e+00
7.840000000000000e-01 1.340354482800000e+00 1.518473689600000e+00 2.477279749800000e+00
7.860000000000000e-01 1.340741373200000e+00 1.518474426300000e+00 2.477275615100000e+00
7.880000000000000e-01 1.341002343500000e+00 1.518474860800000e+00 2.477272050200000e+00
7.900000000000000e-01 1.341175002600000e+00 1.518474982400000e+00 2.477269126600000e+00
7.920000000000000e-01 1.341286530300000e+00 1.518474785700000e+00 2.477266913800000e+00
7.940000000000000e-01 1.341356309200000e+00 1.518474267700000e+00 2.477265476200000e+00
7.960000000000000e-01 1.341397979800000e+00 1.518473426500000e+00 2.477264868100000e+00
7.980000000000000e-01 1.341421046600000e+00 1.518472266900000e+00 2.477265141400000e+00
8.000000000000000e-01 1.341432111200000e+00 1.518470807100000e+00 2.477266352300000e+00
8.020000000000000e-01 1.341435908500000e+00 1.518469067900000e+00 2.477268484400000e+00
8.040000000000000e-01 1.341435114000000e+00 1.518467042800000e+00 2.477271460300000e+00
8.060000000000000e-01 1.341428702200000e+00 1.518464606900000e+00 2.477275505600000e+00
8.080000000000001e-01 1.341417536000000e+00 1.518461765100000e+00 2.477280656400000e+00
8.100000000000001e-01 1.341405941800000e+00 1.518458621000000e+00 2.477286741900000e+00
8.120000000000001e-01 1.341396726200000e+00 1.518455246000000e+00 2.477293541900000e+00
8.139999999999999e-01 1.341390663400000e+00 1.518451699500000e+00 2.477300814700000e+00
8.159999999999999e-01 1.341387396800000e+00 1.518448084700000e+00 2.477308210400000e+00
8.179999999999999e-01 1.341386113800000e+00 1.518444552800000e+00 2.477315305800000e+00
8.200000000000000e-01 1.341386193000000e+00 1.518441289200000e+00 2.477321688300000e+00
8.220000000000000e-01 1.341387552900000e+00 1.518438682100000e+00 2.477326575500000e+00
8.240000000000000e-01 1.341389056200000e+00 1.518436896800000e+00 2.477329556700000e+00
8.260000000000000e-01 1.341389731600000e+00 1.518435713500000e+00 2.477330934000000e+00
8.280000000000000e-01 1.341389325400000e+00 1.518435112300000e+00 2.477330654200000e+00
8.300000000000000e-01 1.341387386700000e+00 1.518435271400000e+00 2.477328492600000e+00
8.320000000000000e-01 1.341383331200000e+00 1.518436107000000e+00 2.477324904400000e+00
8.340000000000000e-01 1.341376163600000e+00 1.518437060700000e+00 2.477319684700000e+00
8.360000000000000e-01 1.341365067700000e+00 1.518437487600000e+00 2.477312028300000e+00
8.380000000000000e-01 1.341351995200000e+00 1.518437967500000e+00 2.477303585900000e+00
8.400000000000000e-01 1.341340601100000e+00 1.518439690700000e+00 2.477297205500000e+00
8.420000000000000e-01 1.341332812400000e+00 1.518442496500000e+00 2.477292690200000e+00
8.440000000000000e-01 1.341328509200000e+00 1.518444778400000e+00 2.477286717100000e+00
8.460000000000000e-01 1.341326543500000e+00 1.518444770500000e+00 2.477275627800000e+00
8.480000000000000e-01 1.341325896500000e+00 1.518442147500000e+00 2.477258874100000e+00
8.500000000000000e-01 1.341327500900000e+00 1.518438923800000e+00 2.477240926900000e+00
8.520000000000000e-01 1.341339647300000e+00 1.518445256100000e+00 2.477243882800000e+00
8.540000000000000e-01 1.341374675400000e+00 1.518478434200000e+00 2.477305322700000e+00
8.560000000000000e-01 1.341410695000000e+00 1.518515334800000e+00 2.477375490200000e+00
8.580000000000000e-01 1.341397197900000e+00 1.518496241400000e+00 2.477325551800000e+00
8.600000000000000e-01 1.341131135800000e+00 1.518181064600000e+00 2.476638114900000e+00
8.620000000000000e-01 1.340525008400000e+00 1.517467830200000e+00 2.475094255100000e+00
8.640000000000000e-01 1.340203951500000e+00 1.517102165900000e+00 2.474301009600000e+00
8.660000000000000e-01 1.341971041900000e+00 1.519247180400000e+00 2.478922719300000e+00
8.680000000000000e-01 1.350425872500000e+00 1.529405253400000e+00 2.500921428000000e+00
8.700000000000000e-01 1.360024806700000e+00 1.540919039500000e+00 2.526091022800000e+00
8.720000000000000e-01 1.352859874400000e+00 1.532933009000000e+00 2.508615277200000e+00
8.740000000000000e-01 1.257822059400000e+00 1.419840556100000e+00 2.271812266700000e+00
8.760000000000000e-01 1.009009211700000e+00 1.082093823000000e+00 1.673881137300000e+00
8.780000000000000e-01 7.469034302999999e-01 6.096469583000000e-01 1.071378246600000e+00
8.800000000000000e-01 5.916778484000000e-01 2.419293472000000e-01 7.400356663000000e-01
8.820000000000000e-01 5.283470230000000e-01 7.415802370000001e-02 6.192677005000000e-01
8.840000000000000e-01 5.079305019000000e-01 2.033812530000000e-02 5.839605200000000e-01
8.860000000000000e-01 5.021251032000000e-01 5.398240000000000e-03 5.744203304000000e-01
8.880000000000000e-01 5.005605992000000e-01 1.419546500000000e-03 5.718979800000000e-01
8.900000000000000e-01 5.001467885999999e-01 3.713465000000000e-04 5.712348070000000e-01
8.920000000000000e-01 5.000380325000000e-01 9.618890000000000e-05 5.710608147000000e-01
8.940000000000000e-01 5.000095888000000e-01 2.424960000000000e-05 5.710153312000000e-01
8.960000000000000e-01 5.000022468999999e-01 5.682100000000000e-06 5.710035923000000e-01
8.980000000000000e-01 5.000004406000000e-01 1.114100000000000e-06 5.710007043999999e-01
9.000000000000000e-01 5.000000632000000e-01 1.598000000000000e-07 5.710001011000000e-01
9.020000000000000e-01 5.000000068000000e-01 1.720000000000000e-08 5.710000109000000e-01
9.040000000000000e-01 5.000000006000000e-01 1.600000000000000e-09 5.710000010000000e-01
9.060000000000000e-01 5.000000001000000e-01 1.000000000000000e-10 5.710000001000000e-01
9.080000000000000e-01 5.000000000000000e-01 0.000000000000000e+00 5.710000000000000e-01
9.100000000000000e-01 5.000000000000000e-01 0.000000000000000e+00 5.710000000000000e-01
9.120000000000000e-01 5.000000000000000e-01 0.000000000000000e+00 5.710000000000000e-01
9.140000000000000e-01 5.000000000000000e-01 0.000000000000000e+00 5.710000000000000e-01
9.160000000000000e-01 5.000000000000000e-01 0.000000000000000e+00 5.710000000000000e-01
9.180000000000000e-01 5.000000000000000e-01 0.000000000000000e+00 5.710000000000000e-01
9.200000000000000e-01 5.000000000000000e-01 0.000000000000000e+00 5.710000000000000e-01
9.220000000000000e-01 5.000000000000000e-01 0.000000000000000e+00 5.710000000000000e-01
9.240000000000000e-01 5.000000000000000e-01 0.000000000000000e+00 5.710000000000000e-01
9.260000000000000e-01 5.000000000000000e-01 0.000000000000000e+00 5.710000000000000e-01
9.280000000000000e-01 5.000000000000000e-01 0.000000000000000e+00 5.710000000000000e-01
9.300000000000000e-01 5.000000000000000e-01 0.000000000000000e+00 5.710000000000000e-01
9.320000000000001e-01 5.000000000000000e-01 0.000000000000000e+00 5.710000000000000e-01
9.340000000000001e-01 5.000000000000000e-01 0.000000000000000e+00 5.710000000000000e-01
9.360000000000001e-01 5.000000000000000e-01 0.000000000000000e+00 5.710000000000000e-01
9.379999999999999e-01 5.000000000000000e-01 0.000000000000000e+00 5.710000000000000e-01
9.399999999999999e-01 5.000000000000000e-01 0.000000000000000e+00 5.710000000000000e-01
9.419999999999999e-01 5.000000000000000e-01 0.000000000000000e+00 5.710000000000000e-01
9.440000000000000e-01 5.000000000000000e-01 0.000000000000000e+00 5.710000000000000e-01
9.460000000000000e-01 5.000000000000000e-01 0.000000000000000e+00 5.710000000000000e-01
9.480000000000000e-01 5.000000000000000e-01 0.000000000000000e+00 5.710000000000000e-01
9.500000000000000e-01 5.000000000000000e-01 0.000000000000000e+00 5.710000000000000e-01
9.520000000000000e-01 5.000000000000000e-01 0.000000000000000e+00 5.710000000000000e-01
9.540000000000000e-01 5.000000000000000e-01 0.000000000000000e+00 5.710000000000000e-01
9.560000000000000e-01 5.000000000000000e-01 0.000000000000000e+00 5.710000000000000e-01
9.580000000000000e-01 5.000000000000000e-01 0.000000000000000e+00 5.710000000000000e-01
9.600000000000000e-01 5.000000000000000e-01 0.000000000000000e+00 5.710000000000000e-01
9.620000000000000e-01 5.000000000000000e-01 0.000000000000000e+00 5.710000000000000e-01
9.640000000000000e-01 5.000000000000000e-01 0.000000000000000e+00 5.710000000000000e-01
9.660000000000000e-01 5.000000000000000e-01 0.000000000000000e+00 5.710000000000000e-01
9.680000000000000e-01 5.000000000000000e-01 0.000000000000000e+00 5.710000000000000e-01
9.700000000000000e-01 5.000000000000000e-01 0.000000000000000e+00 5.710000000000000e-01
9.720000000000000e-01 5.000000000000000e-01 0.000000000000000e+00 5.710000000000000e-01
9.740000000000000e-01 5.000000000000000e-01 0.000000000000000e+00 5.710000000000000e-01
9.760000000000000e-01 5.000000000000000e-01 0.000000000000000e+00 5.710000000000000e-01
9.780000000000000e-01 5.000000000000000e-01 0.000000000000000e+00 5.710000000000000e-01
9.800000000000000e-01 5.000000000000000e-01 0.000000000000000e+00 5.710000000000000e-01
9.820000000000000e-01 5.000000000000000e-01 0.000000000000000e+00 5.710000000000000e-01
9.840000000000000e-01 5.000000000000000e-01 0.000000000000000e+00 5.710000000000000e-01
9.860000000000000e-01 5.000000000000000e-01 0.000000000000000e+00 5.710000000000000e-01
9.880000000000000e-01 5.000000000000000e-01 0.000000000000000e+00 5.710000000000000e-01
9.900000000000000e-01 5.000000000000000e-01 0.000000000000000e+00 5.710000000000000e-01
9.920000000000000e-01 5.000000000000000e-01 0.000000000000000e+00 5.710000000000000e-01
9.940000000000000e-01 5.000000000000000e-01 0.000000000000000e+00 5.710000000000000e-01
9.960000000000000e-01 5.000000000000000e-01 0.000000000000000e+00 5.710000000000000e-01
9.980000000000000e-01 5.000000000000000e-01 0.000000000000000e+00 5.710000000000000e-01
1.000000000000000e+00 5.000000000000000e-01 0.000000000000000e+00 5.710000000000000e-01
ZONE T="beta=1", AUXDATA beta="1", I=501, F=POINT
0.000000000000000e+00 4.449999760000000e-01 6.980001799000000e-01 3.527999733300000e+00
2.000000000000000e-03 4.449999760000000e-01 6.980001799000000e-01 3.527999733300000e+00
4.000000000000000e-03 4.449999478000000e-01 6.980003905000000e-01 3.527999421000000e+00
6.000000000000000e-03 4.449999042000000e-01 6.980007176000000e-01 3.527998936200000e+00
8.000000000000000e-03 4.449998239000000e-01 6.980013181000000e-01 3.527998045800000e+00
1.000000000000000e-02 4.449996856000000e-01 6.980023537000000e-01 3.527996510600000e+00
1.200000000000000e-02 4.449994543000000e-01 6.980040852000000e-01 3.527993943400000e+00
1.400000000000000e-02 4.449990815000000e-01 6.980068764000000e-01 3.527989805400000e+00
1.600000000000000e-02 4.449985004000000e-01 6.980112270000000e-01 3.527983355500000e+00
1.800000000000000e-02 4.449976207000000e-01 6.980178128000000e-01 3.527973591800000e+00
2.000000000000000e-02 4.449963212000000e-01 6.980275419999999e-01 3.527959167900000e+00
2.200000000000000e-02 4.449944393000000e-01 6.980416310000001e-01 3.527938280600000e+00
2.400000000000000e-02 4.449917587000000e-01 6.980617003000000e-01 3.527908527400000e+00
2.600000000000000e-02 4.449879929000000e-01 6.980898939000000e-01 3.527866730200000e+00
2.800000000000000e-02 4.449827662000000e-01 6.981290253000000e-01 3.527808718400000e+00
3.000000000000000e-02 4.449755903000000e-01 6.981827510000000e-01 3.527729071900000e+00
3.200000000000000e-02 4.449658368000000e-01 6.982557752000000e-01 3.527620818600000e+00
3.400000000000000e-02 4.449527067000000e-01 6.983540824000000e-01 3.527475089400000e+00
3.600000000000000e-02 4.449351952000000e-01 6.984851972000000e-01 3.527280734600000e+00
3.800000000000000e-02 4.449120550000000e-01 6.986584626000000e-01 3.527023912800000e+00
4.000000000000000e-02 4.448817578000000e-01 6.988853262000000e-01 3.526687669500000e+00
4.200000000000000e-02 4.448424583000000e-01 6.991796166000001e-01 3.526251530700000e+00
4.400000000000000e-02 4.447919611000000e-01 6.995577886000000e-01 3.525691146600000e+00
4.600000000000000e-02 4.447276969000000e-01 7.000391082000000e-01 3.524978025700000e+00
4.800000000000000e-02 4.446467111000000e-01 7.006457450000000e-01 3.524079410400000e+00
5.000000000000000e-02 4.445456686000000e-01 7.014027380000000e-01 3.522958345100000e+00
5.200000000000000e-02 4.444208820000000e-01 7.023378018000001e-01 3.521573986500000e+00
5.400000000000000e-02 4.442683638000000e-01 7.034809442000000e-01 3.519882199200000e+00
5.600000000000000e-02 4.440839070000000e-01 7.048638798000000e-01 3.517836458600000e+00
5.800000000000000e-02 4.438631930000000e-01 7.065192400000000e-01 3.515389063300000e+00
6.000000000000000e-02 4.436019245000000e-01 7.084795966000000e-01 3.512492623700000e+00
6.200000000000000e-02 4.432959776000000e-01 7.107763442000000e-01 3.509101761100000e+00
6.400000000000000e-02 4.429415636000000e-01 7.134385048000000e-01 3.505174917200000e+00
6.600000000000000e-02 4.425353898000000e-01 7.164915365000000e-01 3.500676147100000e+00
6.800000000000000e-02 4.420748067000000e-01 7.199562389000000e-01 3.495576754400000e+00
7.000000000000001e-02 4.415579286000000e-01 7.238478457999999e-01 3.489856628300000e+00
7.199999999999999e-02 4.409837178000000e-01 7.281753845000000e-01 3.483505164500000e+00
7.400000000000000e-02 4.403520237000000e-01 7.329413577000000e-01 3.476521685000000e+00
7.600000000000000e-02 4.396635749000000e-01 7.381417729999999e-01 3.468915324600000e+00
7.800000000000000e-02 4.389199248000000e-01 7.437665100999999e-01 3.460704401000000e+00
8.000000000000000e-02 4.381233574000000e-01 7.497999856999999e-01 3.451915339500000e+00
8.200000000000000e-02 4.372767627000000e-01 7.562220468000000e-01 3.442581258900000e+00
8.400000000000001e-02 4.363834926000000e-01 7.630090093000000e-01 3.432740351400000e+00
8.599999999999999e-02 4.354472110000000e-01 7.701347535000000e-01 3.422434193300000e+00
8.799999999999999e-02 4.344717478000000e-01 7.775717937000000e-01 3.411706113100000e+00
9.000000000000000e-02 4.334609674000000e-01 7.852922528000000e-01 3.400599718900000e+00
9.200000000000000e-02 4.324186564000000e-01 7.932686945000000e-01 3.389157657400000e+00
9.400000000000000e-02 4.313484363000000e-01 8.014747843000000e-01 3.377420640800000e+00
9.600000000000000e-02 4.302536998000000e-01 8.098857736000000e-01 3.365426749100000e+00
9.800000000000000e-02 4.291375706000000e-01 8.184788137000000e-01 3.353210992300000e+00
1.000000000000000e-01 4.280028831000000e-01 8.272331214999999e-01 3.340805095500000e+00
1.020000000000000e-01 4.268521785000000e-01 8.361300231000000e-01 3.328237467200000e+00
1.040000000000000e-01 4.256877132000000e-01 8.451529051000000e-01 3.315533302100000e+00
1.060000000000000e-01 4.245114759000000e-01 8.542871004000000e-01 3.302714778800000e+00
1.080000000000000e-01 4.233252095000000e-01 8.635197336000000e-01 3.289801312500000e+00
1.100000000000000e-01 4.221304358000000e-01 8.728395462000000e-01 3.276809835200000e+00
1.120000000000000e-01 4.209284806000000e-01 8.822367151000000e-01 3.263755081000000e+00
1.140000000000000e-01 4.197204983000000e-01 8.917026771000000e-01 3.250649859900000e+00
1.160000000000000e-01 4.185074940000000e-01 9.012299639000000e-01 3.237505312300000e+00
1.180000000000000e-01 4.172903444000000e-01 9.108120530000000e-01 3.224331139200000e+00
1.200000000000000e-01 4.160698158000000e-01 9.204432345000000e-01 3.211135804900000e+00
1.220000000000000e-01 4.148465797000000e-01 9.301184954000000e-01 3.197926714400000e+00
1.240000000000000e-01 4.136212268000000e-01 9.398334183000000e-01 3.184710366400000e+00
1.260000000000000e-01 4.123942785000000e-01 9.495840956000000e-01 3.171492484300000e+00
1.280000000000000e-01 4.111661969000000e-01 9.593670546000000e-01 3.158278128300000e+00
1.300000000000000e-01 4.099373936000000e-01 9.691791937999999e-01 3.145071792100000e+00
1.320000000000000e-01 4.087082371000000e-01 9.790177276000001e-01 3.131877485700000e+00
1.340000000000000e-01 4.074790591000000e-01 9.888801383000000e-01 3.118698807100000e+00
1.360000000000000e-01 4.062501591000000e-01 9.987641425000000e-01 3.105538992400000e+00
1.380000000000000e-01 4.050218079000000e-01 1.008667666700000e+00 3.092400956000000e+00
1.400000000000000e-01 4.037942520000000e-01 1.018588815200000e+00 3.079287336600000e+00
1.420000000000000e-01 4.025677169000000e-01 1.028525844100000e+00 3.066200536300000e+00
1.440000000000000e-01 4.013424099000000e-01 1.038477138200000e+00 3.053142754100000e+00
1.460000000000000e-01 4.001185231000000e-01 1.048441192400000e+00 3.040116014000000e+00
1.480000000000000e-01 3.988962355000000e-01 1.058416593600000e+00 3.027122190800000e+00
1.500000000000000e-01 3.976757147000000e-01 1.068402006500000e+00 3.014163031300000e+00
1.520000000000000e-01 3.964571192000000e-01 1.078396159400000e+00 3.001240173800000e+00
1.540000000000000e-01 3.952405994000000e-01 1.088397832300000e+00 2.988355166100000e+00
1.560000000000000e-01 3.940262995000000e-01 1.098405845600000e+00 2.975509480400000e+00
1.580000000000000e-01 3.928143586000000e-01 1.108419049700000e+00 2.962704528400000e+00
1.600000000000000e-01 3.916049121000000e-01 1.118436315100000e+00 2.949941674300000e+00
1.620000000000000e-01 3.903980927000000e-01 1.128456523000000e+00 2.937222247600000e+00
1.640000000000000e-01 3.891940315000000e-01 1.138478555800000e+00 2.924547554900000e+00
1.660000000000000e-01 3.879928593000000e-01 1.148501288600000e+00 2.911918891600000e+00
1.680000000000000e-01 3.867947077000000e-01 1.158523579300000e+00 2.899337553700000e+00
1.700000000000000e-01 3.855997097000000e-01 1.168544259800000e+00 2.886804849000000e+00
1.720000000000000e-01 3.844080017000000e-01 1.178562125400000e+00 2.874322109300000e+00
1.740000000000000e-01 3.832197239000000e-01 1.188575925000000e+00 2.861890702100000e+00
1.760000000000000e-01 3.820350221000000e-01 1.198584349600000e+00 2.849512044400000e+00
1.780000000000000e-01 3.808540486000000e-01 1.208586020000000e+00 2.837187615900000e+00
1.800000000000000e-01 3.796769644000000e-01 1.218579473100000e+00 2.824918975000000e+00
1.820000000000000e-01 3.785039400000000e-01 1.228563147200000e+00 2.812707774800000e+00
1.840000000000000e-01 3.773351579000000e-01 1.238535364700000e+00 2.800555782500000e+00
1.860000000000000e-01 3.761708146000000e-01 1.248494312400000e+00 2.788464900100000e+00
1.880000000000000e-01 3.750111226000000e-01 1.258438020000000e+00 2.776437188900000e+00
1.900000000000000e-01 3.738563137000000e-01 1.268364333900000e+00 2.764474896800000e+00
1.920000000000000e-01 3.727066421000000e-01 1.278270887700000e+00 2.752580490700000e+00
1.940000000000000e-01 3.715623877000000e-01 1.288155067300000e+00 2.740756693400000e+00
1.960000000000000e-01 3.704238610000000e-01 1.298013970200000e+00 2.729006527500000e+00
1.980000000000000e-01 3.692914082000000e-01 1.307844357300000e+00 2.717333366700000e+00
2.000000000000000e-01 3.681654169000000e-01 1.317642595900000e+00 2.705740996300000e+00
2.020000000000000e-01 3.670463239000000e-01 1.327404592200000e+00 2.694233685800000e+00
2.040000000000000e-01 3.659346232000000e-01 1.337125710100000e+00 2.682816274000000e+00
2.060000000000000e-01 3.648308771000000e-01 1.346800675000000e+00 2.671494272000000e+00
2.080000000000000e-01 3.637357279000000e-01 1.356423457900000e+00 2.660273986000000e+00
2.100000000000000e-01 3.626499130000000e-01 1.365987136500000e+00 2.649162663700000e+00
2.120000000000000e-01 3.615742828000000e-01 1.375483728600000e+00 2.638168671700000e+00
2.140000000000000e-01 3.605098215000000e-01 1.384903992100000e+00 2.627301705700000e+00
2.160000000000000e-01 3.594576734000000e-01 1.394237186400000e+00 2.616573043000000e+00
2.180000000000000e-01 3.584191720000000e-01 1.403470788200000e+00 2.605995841200000e+00
2.200000000000000e-01 3.573958766000000e-01 1.412590157100000e+00 2.595585490400000e+00
2.220000000000000e-01 3.563896127000000e-01 1.421578147000000e+00 2.585360020500000e+00
2.240000000000000e-01 3.554025193000000e-01 1.430414662800000e+00 2.575340564300000e+00
2.260000000000000e-01 3.544371002000000e-01 1.439076172700000e+00 2.565551865400000e+00
2.280000000000000e-01 3.534962780000000e-01 1.447535196600000e+00 2.556022807200000e+00
2.300000000000000e-01 3.525834450000000e-01 1.455759814600000e+00 2.546786915600000e+00
2.320000000000000e-01 3.517025038000000e-01 1.463713271500000e+00 2.537882753000000e+00
2.340000000000000e-01 3.508578846000000e-01 1.471353796300000e+00 2.529354077600000e+00
2.360000000000000e-01 3.500545203000000e-01 1.478634807500000e+00 2.521249584100000e+00
2.380000000000000e-01 3.492977564000000e-01 1.485505725100000e+00 2.513621995200000e+00
2.400000000000000e-01 3.485931701000000e-01 1.491913632200000e+00 2.506526245400000e+00
2.420000000000000e-01 3.479462760000000e-01 1.497805993300000e+00 2.500016545500000e+00
2.440000000000000e-01 3.473621134000000e-01 1.503134492400000e+00 2.494142268600000e+00
2.460000000000000e-01 3.468447371000000e-01 1.507859782400000e+00 2.488942887600000e+00
2.480000000000000e-01 3.463966743000000e-01 1.511956570900000e+00 2.484442587000000e+00
2.500000000000000e-01 3.460184477000000e-01 1.515418112200000e+00 2.480645537900000e+00
2.520000000000000e-01 3.457082794000000e-01 1.518259024700000e+00 2.477532986200000e+00
2.540000000000000e-01 3.454620702000000e-01 1.520515551800000e+00 2.475063079500000e+00
2.560000000000000e-01 3.452736863000000e-01 1.522242955100000e+00 2.473173754500000e+00
2.580000000000000e-01 3.451355057000000e-01 1.523510474000000e+00 2.471788206000000e+00
2.600000000000000e-01 3.450391113000000e-01 1.524394912400000e+00 2.470821802000000e+00
2.620000000000000e-01 3.449759877000000e-01 1.524974170400000e+00 2.470189034800000e+00
2.640000000000000e-01 3.449380989000000e-01 1.525321876800000e+00 2.469809274200000e+00
2.660000000000000e-01 3.449182683000000e-01 1.525503849500000e+00 2.469610544300000e+00
2.680000000000000e-01 3.449103229000000e-01 1.525576728500000e+00 2.469530956200000e+00
2.700000000000000e-01 3.449090937000000e-01 1.525587956700000e+00 2.469518692300000e+00
2.720000000000000e-01 3.449119034000000e-01 1.525562110200000e+00 2.469546913800000e+00
2.740000000000000e-01 3.449200906000000e-01 1.525486902200000e+00 2.469629040000000e+00
2.760000000000000e-01 3.449357125000000e-01 1.525343450400000e+00 2.469785696200000e+00
2.780000000000000e-01 3.449601706000000e-01 1.525118899900000e+00 2.470030934700000e+00
2.800000000000000e-01 3.449941102000000e-01 1.524807341900000e+00 2.470371232300000e+00
2.820000000000000e-01 3.450372550000000e-01 1.524411333400000e+00 2.470803829600000e+00
2.840000000000000e-01 3.450883316000000e-01 1.523942584700000e+00 2.471315972500000e+00
2.860000000000000e-01 3.451450882000000e-01 1.523421780900000e+00 2.471885097200000e+00
2.880000000000000e-01 3.452044233000000e-01 1.522877396400000e+00 2.472480111500000e+00
2.900000000000000e-01 3.452626908000000e-01 1.522342878700000e+00 2.473064461000000e+00
2.920000000000000e-01 3.453167319000000e-01 1.521847191800000e+00 2.473606465300000e+00
2.940000000000000e-01 3.453652318000000e-01 1.521402377100000e+00 2.474092930200000e+00
2.960000000000000e-01 3.454086718000000e-01 1.521004003600000e+00 2.474528674700000e+00
2.980000000000000e-01 3.454484652000000e-01 1.520639100400000e+00 2.474927866300000e+00
3.000000000000000e-01 3.454861378000000e-01 1.520293670700000e+00 2.475305805100000e+00
3.020000000000000e-01 3.455227376000000e-01 1.519958104500000e+00 2.475672999500000e+00
3.040000000000000e-01 3.455584409000000e-01 1.519630782700000e+00 2.476031217200000e+00
3.060000000000000e-01 3.455925250000000e-01 1.519318327900000e+00 2.476373206100000e+00
3.080000000000000e-01 3.456238998000000e-01 1.519030724600000e+00 2.476688030000000e+00
3.100000000000000e-01 3.456518721000000e-01 1.518774320000000e+00 2.476968730800000e+00
3.120000000000000e-01 3.456764964000000e-01 1.518548608700000e+00 2.477215852100000e+00
3.140000000000000e-01 3.456983807000000e-01 1.518348015300000e+00 2.477435490300000e+00
3.160000000000000e-01 3.457182942000000e-01 1.518165487400000e+00 2.477635361900000e+00
3.180000000000000e-01 3.457368416000000e-01 1.517995483900000e+00 2.477821531300000e+00
3.200000000000000e-01 3.457542747000000e-01 1.517835694100000e+00 2.477996526400000e+00
3.220000000000000e-01 3.457704862000000e-01 1.517687100800000e+00 2.478159268900000e+00
3.240000000000000e-01 3.457852025000000e-01 1.517552209700000e+00 2.478307012000000e+00
3.260000000000000e-01 3.457982448000000e-01 1.517432656700000e+00 2.478437961500000e+00
3.280000000000000e-01 3.458096512000000e-01 1.517328091400000e+00 2.478552499100000e+00
3.300000000000000e-01 3.458196138000000e-01 1.517236754000000e+00 2.478652550500000e+00
3.320000000000000e-01 3.458283460000000e-01 1.517156686500000e+00 2.478740259200000e+00
3.340000000000000e-01 3.458359901000000e-01 1.517086587100000e+00 2.478817050200000e+00
3.360000000000000e-01 3.458426014000000e-01 1.517025947000000e+00 2.478883480100000e+00
3.380000000000000e-01 3.458481976000000e-01 1.516974604900000e+00 2.478939725000000e+00
3.400000000000000e-01 3.458528186000000e-01 1.516932193900000e+00 2.478986186100000e+00
3.420000000000000e-01 3.458565502000000e-01 1.516897929400000e+00 2.479023722500000e+00
3.440000000000000e-01 3.458595058000000e-01 1.516870770500000e+00 2.479053474300000e+00
3.460000000000000e-01 3.458617980000000e-01 1.516849687500000e+00 2.479076569600000e+00
3.480000000000000e-01 3.458635210000000e-01 1.516833815900000e+00 2.479093955300000e+00
3.500000000000000e-01 3.458647514000000e-01 1.516822455700000e+00 2.479106398300000e+00
3.520000000000000e-01 3.458655562000000e-01 1.516814991700000e+00 2.479114572500000e+00
3.540000000000000e-01 3.458660007000000e-01 1.516810826800000e+00 2.479119132000000e+00
3.560000000000000e-01 3.458661493000000e-01 1.516809370700000e+00 2.479120723700000e+00
3.580000000000000e-01 3.458660568000000e-01 1.516810121300000e+00 2.479119897600000e+00
3.600000000000000e-01 3.458657413000000e-01 1.516812912200000e+00 2.479116836100000e+00
3.620000000000000e-01 3.458651927000000e-01 1.516817838200000e+00 2.479111435200000e+00
3.640000000000000e-01 3.458643973000000e-01 1.516825021700000e+00 2.479103560900000e+00
3.660000000000000e-01 3.458633467000000e-01 1.516834542200000e+00 2.479093126100000e+00
3.680000000000000e-01 3.458620396000000e-01 1.516846410500000e+00 2.479080119000000e+00
3.700000000000000e-01 3.458604841000000e-01 1.516860551800000e+00 2.479064621700000e+00
3.720000000000000e-01 3.458586986000000e-01 1.516876798500000e+00 2.479046817700000e+00
3.740000000000000e-01 3.458567113000000e-01 1.516894891800000e+00 2.479026990600000e+00
3.760000000000000e-01 3.458545590000000e-01 1.516914495600000e+00 2.479005508900000e+00
3.780000000000000e-01 3.458522840000000e-01 1.516935221000000e+00 2.478982798300000e+00
3.800000000000000e-01 3.458499305000000e-01 1.516956664000000e+00 2.478959301800000e+00
3.820000000000000e-01 3.458475393000000e-01 1.516978450500000e+00 2.478935429000000e+00
3.840000000000000e-01 3.458451428000000e-01 1.517000284700000e+00 2.478911504300000e+00
3.860000000000000e-01 3.458427603000000e-01 1.517021988200000e+00 2.478887722900000e+00
3.880000000000000e-01 3.458403970000000e-01 1.517043513800000e+00 2.478864136500000e+00
3.900000000000000e-01 3.458380473000000e-01 1.517064913900000e+00 2.478840687800000e+00
3.920000000000000e-01 3.458357016000000e-01 1.517086275100000e+00 2.478817281900000e+00
3.940000000000000e-01 3.458333546000000e-01 1.517107646400000e+00 2.478793865100000e+00
3.960000000000000e-01 3.458310101000000e-01 1.517128992200000e+00 2.478770476300000e+00
3.980000000000000e-01 3.458286814000000e-01 1.517150192400000e+00 2.478747247200000e+00
4.000000000000000e-01 3.458263853000000e-01 1.517171091000000e+00 2.478724348700000e+00
4.020000000000000e-01 3.458241357000000e-01 1.517191563000000e+00 2.478701917600000e+00
4.040000000000000e-01 3.458219377000000e-01 1.517211559000000e+00 2.478680008200000e+00
4.060000000000000e-01 3.458197891000000e-01 1.517231101100000e+00 2.478658596100000e+00
4.080000000000000e-01 3.458176842000000e-01 1.517250240500000e+00 2.478637625400000e+00
4.100000000000000e-01 3.458156198000000e-01 1.517269005700000e+00 2.478617064600000e+00
4.120000000000000e-01 3.458135985000000e-01 1.517287374600000e+00 2.478596938000000e+00
4.140000000000000e-01 3.458116270000000e-01 1.517305285100000e+00 2.478577313700000e+00
4.160000000000000e-01 3.458097121000000e-01 1.517322674300000e+00 2.478558260600000e+00
4.180000000000000e-01 3.458078568000000e-01 1.517339515900000e+00 2.478539807400000e+00
4.200000000000000e-01 3.458060589000000e-01 1.517355828300000e+00 2.478521934000000e+00
4.220000000000000e-01 3.458043140000000e-01 1.517371652500000e+00 2.478504595500000e+00
4.240000000000000e-01 3.458026187000000e-01 1.517387019600000e+00 2.478487757700000e+00
4.260000000000000e-01 3.458009728000000e-01 1.517401932300000e+00 2.478471417800000e+00
4.280000000000000e-01 3.457993780000000e-01 1.517416372700000e+00 2.478455595100000e+00
4.300000000000000e-01 3.457978363000000e-01 1.517430325000000e+00 2.478440307400000e+00
4.320000000000000e-01 3.457963472000000e-01 1.517443791600000e+00 2.478425551500000e+00
4.340000000000000e-01 3.457949088000000e-01 1.517456791700000e+00 2.478411306800000e+00
4.360000000000000e-01 3.457935188000000e-01 1.517469344400000e+00 2.478397552100000e+00
4.380000000000000e-01 3.457921766000000e-01 1.517481456000000e+00 2.478384280700000e+00
4.400000000000000e-01 3.457908829000000e-01 1.517493120400000e+00 2.478371499100000e+00
4.420000000000000e-01 3.457896384000000e-01 1.517504330700000e+00 2.478359214900000e+00
4.440000000000000e-01 3.457884428000000e-01 1.517515088900000e+00 2.478347426000000e+00
4.460000000000000e-01 3.457872951000000e-01 1.517525405600000e+00 2.478336120700000e+00
4.480000000000000e-01 3.457861939000000e-01 1.517535292000000e+00 2.478325286600000e+00
4.500000000000000e-01 3.457851387000000e-01 1.517544754200000e+00 2.478314917300000e+00
4.520000000000000e-01 3.457841290000000e-01 1.517553794600000e+00 2.478305009900000e+00
4.540000000000000e-01 3.457831645000000e-01 1.517562417900000e+00 2.478295559400000e+00
4.560000000000000e-01 3.457822439000000e-01 1.517570634400000e+00 2.478286554500000e+00
4.580000000000000e-01 3.457813658000000e-01 1.517578457700000e+00 2.478277980200000e+00
4.600000000000000e-01 3.457805287000000e-01 1.517585900900000e+00 2.478269822200000e+00
4.620000000000000e-01 3.457797313000000e-01 1.517592975500000e+00 2.478262068000000e+00
4.640000000000000e-01 3.457789724000000e-01 1.517599693300000e+00 2.478254704600000e+00
4.660000000000000e-01 3.457782504000000e-01 1.517606068800000e+00 2.478247716000000e+00
4.680000000000000e-01 3.457775634000000e-01 1.517612118700000e+00 2.478241084100000e+00
4.700000000000000e-01 3.457769096000000e-01 1.517617859900000e+00 2.478234790300000e+00
4.720000000000000e-01 3.457762871000000e-01 1.517623308400000e+00 2.478228817000000e+00
4.740000000000000e-01 3.457756943000000e-01 1.517628480200000e+00 2.478223146700000e+00
4.760000000000000e-01 3.457751293000000e-01 1.517633392200000e+00 2.478217761100000e+00
4.780000000000000e-01 3.457745902000000e-01 1.517638061600000e+00 2.478212641000000e+00
4.800000000000000e-01 3.457740751000000e-01 1.517642505400000e+00 2.478207768000000e+00
4.820000000000000e-01 3.457735822000000e-01 1.517646739700000e+00 2.478203124500000e+00
4.840000000000000e-01 3.457731098000000e-01 1.517650779900000e+00 2.478198693500000e+00
4.860000000000000e-01 3.457726564000000e-01 1.517654641100000e+00 2.478194458600000e+00
4.880000000000000e-01 3.457722202000000e-01 1.517658337900000e+00 2.478190403700000e+00
4.900000000000000e-01 3.457717997000000e-01 1.517661883800000e+00 2.478186513900000e+00
4.920000000000000e-01 3.457713936000000e-01 1.517665291500000e+00 2.478182775600000e+00
4.940000000000000e-01 3.457710006000000e-01 1.517668572400000e+00 2.478179176100000e+00
4.960000000000000e-01 3.457706195000000e-01 1.517671737300000e+00 2.478175703500000e+00
4.980000000000000e-01 3.457702492000000e-01 1.517674796100000e+00 2.478172347300000e+00
5.000000000000000e-01 3.457698887000000e-01 1.517677757300000e+00 2.478169097800000e+00
5.020000000000000e-01 3.457695372000000e-01 1.517680628500000e+00 2.478165946800000e+00
5.040000000000000e-01 3.457691939000000e-01 1.517683416300000e+00 2.478162887100000e+00
5.060000000000000e-01 3.457688583000000e-01 1.517686126300000e+00 2.478159912600000e+00
5.080000000000000e-01 3.457685296000000e-01 1.517688763200000e+00 2.478157018100000e+00
5.100000000000000e-01 3.457682076000000e-01 1.517691330600000e+00 2.478154199700000e+00
5.120000000000000e-01 3.457678919000000e-01 1.517693831400000e+00 2.478151454300000e+00
5.140000000000000e-01 3.457675823000000e-01 1.517696267400000e+00 2.478148779600000e+00
5.160000000000000e-01 3.457672785000000e-01 1.517698640100000e+00 2.478146174300000e+00
5.180000000000000e-01 3.457669805000000e-01 1.517700950000000e+00 2.478143637800000e+00
5.200000000000000e-01 3.457666883000000e-01 1.517703196900000e+00 2.478141170200000e+00
5.220000000000000e-01 3.457664018000000e-01 1.517705380300000e+00 2.478138772000000e+00
5.240000000000000e-01 3.457661212000000e-01 1.517707499200000e+00 2.478136444500000e+00
5.260000000000000e-01 3.457658466000000e-01 1.517709552100000e+00 2.478134189300000e+00
5.280000000000000e-01 3.457655781000000e-01 1.517711537000000e+00 2.478132008400000e+00
5.300000000000000e-01 3.457653159000000e-01 1.517713452000000e+00 2.478129904100000e+00
5.320000000000000e-01 3.457650603000000e-01 1.517715294500000e+00 2.478127879000000e+00
5.340000000000000e-01 3.457648114000000e-01 1.517717062200000e+00 2.478125935900000e+00
5.360000000000000e-01 3.457645695000000e-01 1.517718752300000e+00 2.478124077700000e+00
5.380000000000000e-01 3.457643348000000e-01 1.517720362100000e+00 2.478122307300000e+00
5.400000000000000e-01 3.457641077000000e-01 1.517721889000000e+00 2.478120627800000e+00
5.420000000000000e-01 3.457638884000000e-01 1.517723330300000e+00 2.478119041900000e+00
5.440000000000000e-01 3.457636768000000e-01 1.517724683300000e+00 2.478117552700000e+00
5.460000000000000e-01 3.457634734000000e-01 1.517725945500000e+00 2.478116162800000e+00
5.480000000000000e-01 3.457632786000000e-01 1.517727114600000e+00 2.478114874900000e+00
5.500000000000000e-01 3.457630924000000e-01 1.517728188300000e+00 2.478113691400000e+00
5.520000000000000e-01 3.457629147000000e-01 1.517729164400000e+00 2.478112614800000e+00
5.540000000000000e-01 3.457627454000000e-01 1.517730041100000e+00 2.478111646900000e+00
5.560000000000000e-01 3.457625855000000e-01 1.517730816700000e+00 2.478110789700000e+00
5.580000000000001e-01 3.457624351000000e-01 1.517731489900000e+00 2.478110044600000e+00
5.600000000000001e-01 3.457622932000000e-01 1.517732059500000e+00 2.478109412900000e+00
5.620000000000001e-01 3.457621597000000e-01 1.517732525000000e+00 2.478108895200000e+00
5.639999999999999e-01 3.457620356000000e-01 1.517732886300000e+00 2.478108491400000e+00
5.659999999999999e-01 3.457619211000000e-01 1.517733144100000e+00 2.478108201100000e+00
5.679999999999999e-01 3.457618149000000e-01 1.517733299800000e+00 2.478108022400000e+00
5.700000000000000e-01 3.457617155000000e-01 1.517733356400000e+00 2.478107952200000e+00
5.720000000000000e-01 3.457616234000000e-01 1.517733318100000e+00 2.478107985900000e+00
5.740000000000000e-01 3.457615396000000e-01 1.517733191100000e+00 2.478108116700000e+00
5.760000000000000e-01 3.457614621000000e-01 1.517732983700000e+00 2.478108335400000e+00
5.780000000000000e-01 3.457613873000000e-01 1.517732707300000e+00 2.478108629700000e+00
5.800000000000000e-01 3.457613135000000e-01 1.517732376000000e+00 2.478108984000000e+00
5.820000000000000e-01 3.457612416000000e-01 1.517732007500000e+00 2.478109379000000e+00
5.840000000000000e-01 3.457611703000000e-01 1.517731622900000e+00 2.478109791500000e+00
5.860000000000000e-01 3.457610936000000e-01 1.517731246900000e+00 2.478110194500000e+00
5.880000000000000e-01 3.457610057000000e-01 1.517730905900000e+00 2.478110559100000e+00
5.900000000000000e-01 3.457609053000000e-01 1.517730629000000e+00 2.478110853400000e+00
5.920000000000000e-01 3.457607939000000e-01 1.517730445300000e+00 2.478111045600000e+00
5.940000000000000e-01 3.457606680000000e-01 1.517730382900000e+00 2.478111104900000e+00
5.960000000000000e-01 3.457605190000000e-01 1.517730468000000e+00 2.478111002500000e+00
5.980000000000000e-01 3.457603408000000e-01 1.517730723900000e+00 2.478110713000000e+00
6.000000000000000e-01 3.457601352000000e-01 1.517731169900000e+00 2.478110215300000e+00
6.020000000000000e-01 3.457599075000000e-01 1.517731819000000e+00 2.478109494900000e+00
6.040000000000000e-01 3.457596565000000e-01 1.517732678500000e+00 2.478108544000000e+00
6.060000000000000e-01 3.457593737000000e-01 1.517733750000000e+00 2.478107360900000e+00
6.080000000000000e-01 3.457590532000000e-01 1.517735030000000e+00 2.478105949300000e+00
6.100000000000000e-01 3.457586996000000e-01 1.517736510200000e+00 2.478104318300000e+00
6.120000000000000e-01 3.457583250000000e-01 1.517738176900000e+00 2.478102483000000e+00
6.140000000000000e-01 3.457579347000000e-01 1.517740013000000e+00 2.478100462100000e+00
6.160000000000000e-01 3.457575219000000e-01 1.517741999500000e+00 2.478098276400000e+00
6.180000000000000e-01 3.457570757000000e-01 1.517744117000000e+00 2.478095947200000e+00
6.200000000000000e-01 3.457565958000000e-01 1.517746345900000e+00 2.478093495800000e+00
6.220000000000000e-01 3.457560969000000e-01 1.517748666800000e+00 2.478090943600000e+00
6.240000000000000e-01 3.457555950000000e-01 1.517751060900000e+00 2.478088311000000e+00
6.260000000000000e-01 3.457550907000000e-01 1.517753511000000e+00 2.478085617100000e+00
6.280000000000000e-01 3.457545683000000e-01 1.517756001600000e+00 2.478082878700000e+00
6.300000000000000e-01 3.457540116000000e-01 1.517758519000000e+00 2.478080110900000e+00
6.320000000000000e-01 3.457534222000000e-01 1.517761050600000e+00 2.478077327400000e+00
6.340000000000000e-01 3.457528220000000e-01 1.517763585300000e+00 2.478074540400000e+00
6.360000000000000e-01 3.457522327000000e-01 1.517766113100000e+00 2.478071760900000e+00
6.380000000000000e-01 3.457516534000000e-01 1.517768625300000e+00 2.478068998400000e+00
6.400000000000000e-01 3.457510597000000e-01 1.517771114100000e+00 2.478066261400000e+00
6.420000000000000e-01 3.457504233000000e-01 1.517773572600000e+00 2.478063557500000e+00
6.440000000000000e-01 3.457497374000000e-01 1.517775994400000e+00 2.478060893700000e+00
6.460000000000000e-01 3.457490288000000e-01 1.517778373400000e+00 2.478058276600000e+00
6.480000000000000e-01 3.457483359000000e-01 1.517780705200000e+00 2.478055711200000e+00
6.500000000000000e-01 3.457476728000000e-01 1.517782984600000e+00 2.478053203000000e+00
6.520000000000000e-01 3.457470136000000e-01 1.517785207600000e+00 2.478050756500000e+00
6.540000000000000e-01 3.457463100000000e-01 1.517787370600000e+00 2.478048375500000e+00
6.560000000000000e-01 3.457455238000000e-01 1.517789469900000e+00 2.478046064400000e+00
6.580000000000000e-01 3.457446559000000e-01 1.517791501500000e+00 2.478043827100000e+00
6.600000000000000e-01 3.457437560000000e-01 1.517793462200000e+00 2.478041667400000e+00
6.620000000000000e-01 3.457428891000000e-01 1.517795350400000e+00 2.478039587000000e+00
6.640000000000000e-01 3.457420887000000e-01 1.517797163200000e+00 2.478037589100000e+00
6.660000000000000e-01 3.457413255000000e-01 1.517798897300000e+00 2.478035677200000e+00
6.680000000000000e-01 3.457405134000000e-01 1.517800552700000e+00 2.478033851400000e+00
6.700000000000000e-01 3.457395438000000e-01 1.517802127200000e+00 2.478032114100000e+00
6.720000000000000e-01 3.457383241000000e-01 1.517803618100000e+00 2.478030468200000e+00
6.740000000000000e-01 3.457368568000000e-01 1.517805022600000e+00 2.478028916800000e+00
6.760000000000000e-01 3.457353116000000e-01 1.517806338700000e+00 2.478027462100000e+00
6.780000000000000e-01 3.457339239000000e-01 1.517807568700000e+00 2.478026101500000e+00
6.800000000000000e-01 3.457328750000000e-01 1.517808711000000e+00 2.478024836900000e+00
6.820000000000001e-01 3.457322635000000e-01 1.517809764500000e+00 2.478023669400000e+00
6.840000000000001e-01 3.457321185000000e-01 1.517810730400000e+00 2.478022597700000e+00
6.860000000000001e-01 3.457325710000000e-01 1.517811605200000e+00 2.478021625600000e+00
6.879999999999999e-01 3.457340911000000e-01 1.517812382900000e+00 2.478020759700000e+00
6.899999999999999e-01 3.457375556000000e-01 1.517813063900000e+00 2.478019999600000e+00
6.919999999999999e-01 3.457445050000000e-01 1.517813647500000e+00 2.478019346000000e+00
6.940000000000000e-01 3.457576042000000e-01 1.517814132800000e+00 2.478018799900000e+00
6.960000000000000e-01 3.457813899000000e-01 1.517814519200000e+00 2.478018361800000e+00
6.980000000000000e-01 3.458234686000000e-01 1.517814806100000e+00 2.478018032700000e+00
7.000000000000000e-01 3.458963941000000e-01 1.517814992700000e+00 2.478017813100000e+00
7.020000000000000e-01 3.460205583000000e-01 1.517815078800000e+00 2.478017703400000e+00
7.040000000000000e-01 3.462285430000000e-01 1.517815064000000e+00 2.478017704100000e+00
7.060000000000000e-01 3.465715284000000e-01 1.517814947900000e+00 2.478017815500000e+00
7.080000000000000e-01 3.471284966000000e-01 1.517814730500000e+00 2.478018038100000e+00
7.100000000000000e-01 3.480190955000000e-01 1.517814411600000e+00 2.478018372100000e+00
7.120000000000000e-01 3.494210732000000e-01 1.517813991200000e+00 2.478018818400000e+00
7.140000000000000e-01 3.515930748000000e-01 1.517813469200000e+00 2.478019378400000e+00
7.160000000000000e-01 3.549031678000000e-01 1.517812845300000e+00 2.478020054400000e+00
7.180000000000000e-01 3.598625279000000e-01 1.517812119100000e+00 2.478020850700000e+00
7.200000000000000e-01 3.671619399000000e-01 1.517811289800000e+00 2.478021773800000e+00
7.220000000000000e-01 3.777056321000000e-01 1.517810356000000e+00 2.478022834700000e+00
7.240000000000000e-01 3.926316128000000e-01 1.517809315600000e+00 2.478024049700000e+00
7.260000000000000e-01 4.132988779000000e-01 1.517808165200000e+00 2.478025442800000e+00
7.280000000000000e-01 4.412085446000000e-01 1.517806900100000e+00 2.478027048100000e+00
7.300000000000000e-01 4.778104426000000e-01 1.517805513500000e+00 2.478028911200000e+00
7.320000000000000e-01 5.241442015000000e-01 1.517803997100000e+00 2.478031091300000e+00
7.340000000000000e-01 5.803190665000000e-01 1.517802339800000e+00 2.478033657200000e+00
7.360000000000000e-01 6.450122015999999e-01 1.517800530200000e+00 2.478036680700000e+00
7.380000000000000e-01 7.153997680000000e-01 1.517798560400000e+00 2.478040225600000e+00
7.400000000000000e-01 7.878618990000000e-01 1.517796427400000e+00 2.478044320700000e+00
7.420000000000000e-01 8.591643993000000e-01 1.517794146600000e+00 2.478048938800000e+00
7.440000000000000e-01 9.270051733000000e-01 1.517791741500000e+00 2.478054020400000e+00
7.460000000000000e-01 9.898624914000000e-01 1.517789256700000e+00 2.478059448200000e+00
7.480000000000000e-01 1.046822673500000e+00 1.517786762200000e+00 2.478065038400000e+00
7.500000000000000e-01 1.097449900800000e+00 1.517784353300000e+00 2.478070543100000e+00
7.520000000000000e-01 1.141676759800000e+00 1.517782143500000e+00 2.478075665600000e+00
7.540000000000000e-01 1.179708669600000e+00 1.517780252100000e+00 2.478080090100000e+00
7.560000000000000e-01 1.211941171300000e+00 1.517778787400000e+00 2.478083521900000e+00
7.580000000000000e-01 1.238890281300000e+00 1.517777829500000e+00 2.478085727400000e+00
7.600000000000000e-01 1.261135922900000e+00 1.517777419700000e+00 2.478086563000000e+00
7.620000000000000e-01 1.279277896300000e+00 1.517777556700000e+00 2.478085986300000e+00
7.640000000000000e-01 1.293903317000000e+00 1.517778201100000e+00 2.478084047400000e+00
7.660000000000000e-01 1.305564076200000e+00 1.517779286100000e+00 2.478080867200000e+00
7.680000000000000e-01 1.314762678000000e+00 1.517780729000000e+00 2.478076610800000e+00
7.700000000000000e-01 1.321944775400000e+00 1.517782442100000e+00 2.478071461900000e+00
7.720000000000000e-01 1.327496807700000e+00 1.517784340900000e+00 2.478065604900000e+00
7.740000000000000e-01 1.331747312400000e+00 1.517786348400000e+00 2.478059212600000e+00
7.760000000000000e-01 1.334970697600000e+00 1.517788397300000e+00 2.478052441000000e+00
7.780000000000000e-01 1.337392491000000e+00 1.517790430800000e+00 2.478045428200000e+00
7.800000000000000e-01 1.339195304400000e+00 1.517792401500000e+00 2.478038295600000e+00
7.820000000000000e-01 1.340524960300000e+00 1.517794271000000e+00 2.478031151100000e+00
7.840000000000000e-01 1.341496399000000e+00 1.517796008400000e+00 2.478024091900000e+00
7.860000000000000e-01 1.342199124400000e+00 1.517797589400000e+00 2.478017207700000e+00
7.880000000000000e-01 1.342702053900000e+00 1.517798995200000e+00 2.478010582800000e+00
7.900000000000000e-01 1.343057710200000e+00 1.517800211800000e+00 2.478004297000000e+00
7.920000000000000e-01 1.343305751100000e+00 1.517801229500000e+00 2.477998424500000e+00
7.940000000000000e-01 1.343475871100000e+00 1.517802042600000e+00 2.477993032300000e+00
7.960000000000000e-01 1.343590135400000e+00 1.517802649100000e+00 2.477988178300000e+00
7.980000000000000e-01 1.343664823500000e+00 1.517803049200000e+00 2.477983910000000e+00
8.000000000000000e-01 1.343711865300000e+00 1.517803243800000e+00 2.477980263500000e+00
8.020000000000000e-01 1.343739948400000e+00 1.517803233400000e+00 2.477977266200000e+00
8.040000000000000e-01 1.343755365000000e+00 1.517803019600000e+00 2.477974942400000e+00
8.060000000000000e-01 1.343762645700000e+00 1.517802605900000e+00 2.477973309900000e+00
8.080000000000001e-01 1.343765087600000e+00 1.517801994000000e+00 2.477972337400000e+00
8.100000000000001e-01 1.343764606000000e+00 1.517801170400000e+00 2.477971971200000e+00
8.120000000000001e-01 1.343761026700000e+00 1.517800023500000e+00 2.477972413800000e+00
8.139999999999999e-01 1.343755956700000e+00 1.517798550300000e+00 2.477973706800000e+00
8.159999999999999e-01 1.343751776300000e+00 1.517796841500000e+00 2.477975654000000e+00
8.179999999999999e-01 1.343749259400000e+00 1.517794890700000e+00 2.477978217900000e+00
8.200000000000000e-01 1.343748261400000e+00 1.517792690900000e+00 2.477981344000000e+00
8.220000000000000e-01 1.343748428500000e+00 1.517790235100000e+00 2.477984997700000e+00
8.240000000000000e-01 1.343749849400000e+00 1.517787449800000e+00 2.477989304700000e+00
8.260000000000000e-01 1.343752209600000e+00 1.517784303500000e+00 2.477994329300000e+00
8.280000000000000e-01 1.343754453700000e+00 1.517780882100000e+00 2.477999911900000e+00
8.300000000000000e-01 1.343755953000000e+00 1.517777206400000e+00 2.478005937000000e+00
8.320000000000000e-01 1.343756498100000e+00 1.517773286500000e+00 2.478012236000000e+00
8.340000000000000e-01 1.343755860400000e+00 1.517769135400000e+00 2.478018626400000e+00
8.360000000000000e-01 1.343753137900000e+00 1.517764879500000e+00 2.478024948000000e+00
8.380000000000000e-01 1.343747618600000e+00 1.517761162500000e+00 2.478031358000000e+00
8.400000000000000e-01 1.343739505900000e+00 1.517758566500000e+00 2.478037480200000e+00
8.420000000000000e-01 1.343729427600000e+00 1.517756368400000e+00 2.478040400800000e+00
8.440000000000000e-01 1.343718780000000e+00 1.517753606100000e+00 2.478037679100000e+00
8.460000000000000e-01 1.343710043100000e+00 1.517751422300000e+00 2.478032487100000e+00
8.480000000000000e-01 1.343705434200000e+00 1.517751762700000e+00 2.478029617200000e+00
8.500000000000000e-01 1.343705156600000e+00 1.517755180600000e+00 2.478031118600000e+00
8.520000000000000e-01 1.343709757200000e+00 1.517758991800000e+00 2.478030405400000e+00
8.540000000000000e-01 1.343712356400000e+00 1.517755509500000e+00 2.478012442700000e+00
8.560000000000000e-01 1.343703167700000e+00 1.517734200400000e+00 2.477954950400000e+00
8.580000000000000e-01 1.343656618900000e+00 1.517664846000000e+00 2.477792798300000e+00
8.600000000000000e-01 1.343609236500000e+00 1.517595137200000e+00 2.477629611100000e+00
8.620000000000000e-01 1.343689012300000e+00 1.517680653000000e+00 2.477801452400000e+00
8.640000000000000e-01 1.344506184800000e+00 1.518655107800000e+00 2.479893388500000e+00
8.660000000000000e-01 1.347308923300000e+00 1.522016750000000e+00 2.487152908900000e+00
8.680000000000000e-01 1.350207771500000e+00 1.525510862100000e+00 2.494720132500000e+00
8.700000000000000e-01 1.348259146700000e+00 1.523304412300000e+00 2.489925275900000e+00
8.720000000000000e-01 1.315874279000000e+00 1.485021278100000e+00 2.408086537200000e+00
8.740000000000000e-01 1.182384692700000e+00 1.318254512200000e+00 2.077859648700000e+00
8.760000000000000e-01 9.334771182000000e-01 9.551234823000000e-01 1.489606198200000e+00
8.780000000000000e-01 7.097914099000000e-01 5.237447023000000e-01 9.853462807000000e-01
8.800000000000000e-01 5.822821660000000e-01 2.155569528000000e-01 7.200477005000000e-01
8.820000000000000e-01 5.280735058000000e-01 7.302068940000001e-02 6.185364315000000e-01
8.840000000000000e-01 5.088714878000000e-01 2.272494830000000e-02 5.854986799000000e-01
8.860000000000000e-01 5.027079064000000e-01 6.880278500000000e-03 5.753621833000000e-01
8.880000000000000e-01 5.008152946000000e-01 2.065054200000000e-03 5.723066834000000e-01
8.900000000000000e-01 5.002438822000000e-01 6.170636000000000e-04 5.713902181000000e-01
8.920000000000000e-01 5.000724274000000e-01 1.831892000000000e-04 5.711158243000000e-01
8.940000000000000e-01 5.000211680000000e-01 5.353390000000000e-05 5.710338458000001e-01
8.960000000000000e-01 5.000059448000000e-01 1.503390000000000e-05 5.710095048000000e-01
8.980000000000000e-01 5.000015157000000e-01 3.833100000000000e-06 5.710024234000000e-01
9.000000000000000e-01 5.000003119000000e-01 7.886000000000000e-07 5.710004986000000e-01
9.020000000000000e-01 5.000000456000000e-01 1.154000000000000e-07 5.710000730000000e-01
9.040000000000000e-01 5.000000049000000e-01 1.250000000000000e-08 5.710000079000001e-01
9.060000000000000e-01 5.000000005000000e-01 1.200000000000000e-09 5.710000007000000e-01
9.080000000000000e-01 5.000000000000000e-01 1.000000000000000e-10 5.710000001000000e-01
9.100000000000000e-01 5.000000000000000e-01 0.000000000000000e+00 5.710000000000000e-01
9.120000000000000e-01 5.000000000000000e-01 0.000000000000000e+00 5.710000000000000e-01
9.140000000000000e-01 5.000000000000000e-01 0.000000000000000e+00 5.710000000000000e-01
9.160000000000000e-01 5.000000000000000e-01 0.000000000000000e+00 5.710000000000000e-01
9.180000000000000e-01 5.000000000000000e-01 0.000000000000000e+00 5.710000000000000e-01
9.200000000000000e-01 5.000000000000000e-01 0.000000000000000e+00 5.710000000000000e-01
9.220000000000000e-01 5.000000000000000e-01 0.000000000000000e+00 5.710000000000000e-01
9.240000000000000e-01 5.000000000000000e-01 0.000000000000000e+00 5.710000000000000e-01
9.260000000000000e-01 5.000000000000000e-01 0.000000000000000e+00 5.710000000000000e-01
9.280000000000000e-01 5.000000000000000e-01 0.000000000000000e+00 5.710000000000000e-01
9.300000000000000e-01 5.000000000000000e-01 0.000000000000000e+00 5.710000000000000e-01
9.320000000000001e-01 5.000000000000000e-01 0.000000000000000e+00 5.710000000000000e-01
9.340000000000001e-01 5.000000000000000e-01 0.000000000000000e+00 5.710000000000000e-01
9.360000000000001e-01 5.000000000000000e-01 0.000000000000000e+00 5.710000000000000e-01
9.379999999999999e-01 5.000000000000000e-01 0.000000000000000e+00 5.710000000000000e-01
9.399999999999999e-01 5.000000000000000e-01 0.000000000000000e+00 5.710000000000000e-01
9.419999999999999e-01 5.000000000000000e-01 0.000000000000000e+00 5.710000000000000e-01
9.440000000000000e-01 5.000000000000000e-01 0.000000000000000e+00 5.710000000000000e-01
9.460000000000000e-01 5.000000000000000e-01 0.000000000000000e+00 5.710000000000000e-01
9.480000000000000e-01 5.000000000000000e-01 0.000000000000000e+00 5.710000000000000e-01
9.500000000000000e-01 5.000000000000000e-01 0.000000000000000e+00 5.710000000000000e-01
9.520000000000000e-01 5.000000000000000e-01 0.000000000000000e+00 5.710000000000000e-01
9.540000000000000e-01 5.000000000000000e-01 0.000000000000000e+00 5.710000000000000e-01
9.560000000000000e-01 5.000000000000000e-01 0.000000000000000e+00 5.710000000000000e-01
9.580000000000000e-01 5.000000000000000e-01 0.000000000000000e+00 5.710000000000000e-01
9.600000000000000e-01 5.000000000000000e-01 0.000000000000000e+00 5.710000000000000e-01
9.620000000000000e-01 5.000000000000000e-01 0.000000000000000e+00 5.710000000000000e-01
9.640000000000000e-01 5.000000000000000e-01 0.000000000000000e+00 5.710000000000000e-01
9.660000000000000e-01 5.000000000000000e-01 0.000000000000000e+00 5.710000000000000e-01
9.680000000000000e-01 5.000000000000000e-01 0.000000000000000e+00 5.710000000000000e-01
9.700000000000000e-01 5.000000000000000e-01 0.000000000000000e+00 5.710000000000000e-01
9.720000000000000e-01 5.000000000000000e-01 0.000000000000000e+00 5.710000000000000e-01
9.740000000000000e-01 5.000000000000000e-01 0.000000000000000e+00 5.710000000000000e-01
9.760000000000000e-01 5.000000000000000e-01 0.000000000000000e+00 5.710000000000000e-01
9.780000000000000e-01 5.000000000000000e-01 0.000000000000000e+00 5.710000000000000e-01
9.800000000000000e-01 5.000000000000000e-01 0.000000000000000e+00 5.710000000000000e-01
9.820000000000000e-01 5.000000000000000e-01 0.000000000000000e+00 5.710000000000000e-01
9.840000000000000e-01 5.000000000000000e-01 0.000000000000000e+00 5.710000000000000e-01
9.860000000000000e-01 5.000000000000000e-01 0.000000000000000e+00 5.710000000000000e-01
9.880000000000000e-01 5.000000000000000e-01 0.000000000000000e+00 5.710000000000000e-01
9.900000000000000e-01 5.000000000000000e-01 0.000000000000000e+00 5.710000000000000e-01
9.920000000000000e-01 5.000000000000000e-01 0.000000000000000e+00 5.710000000000000e-01
9.940000000000000e-01 5.000000000000000e-01 0.000000000000000e+00 5.710000000000000e-01
9.960000000000000e-01 5.000000000000000e-01 0.000000000000000e+00 5.710000000000000e-01
9.980000000000000e-01 5.000000000000000e-01 0.000000000000000e+00 5.710000000000000e-01
1.000000000000000e+00 5.000000000000000e-01 0.000000000000000e+00 5.710000000000000e-01
ZONE T="beta=1.5", AUXDATA beta="1.5", I=501, F=POINT
0.000000000000000e+00 4.449998329000000e-01 6.980012507000000e-01 3.527998145700000e+00
2.000000000000000e-03 4.449998329000000e-01 6.980012507000000e-01 3.527998145700000e+00
4.000000000000000e-03 4.449996705000000e-01 6.980024666000000e-01 3.527996343100000e+00
6.000000000000000e-03 4.449994386000000e-01 6.980042032000000e-01 3.527993768500000e+00
8.000000000000000e-03 4.449990645000000e-01 6.980070037000000e-01 3.527989616600000e+00
1.000000000000000e-02 4.449984964000000e-01 6.980112566000000e-01 3.527983311500000e+00
1.200000000000000e-02 4.449976570000000e-01 6.980175412000000e-01 3.527973994400000e+00
1.400000000000000e-02 4.449964469000000e-01 6.980266007000000e-01 3.527960563400000e+00
1.600000000000000e-02 4.449947362000000e-01 6.980394081000000e-01 3.527941576000000e+00
1.800000000000000e-02 4.449923558000000e-01 6.980572298000000e-01 3.527915155000000e+00
2.000000000000000e-02 4.449890866000000e-01 6.980817058000000e-01 3.527878869000000e+00
2.200000000000000e-02 4.449846468000000e-01 6.981149460000000e-01 3.527829590700000e+00
2.400000000000000e-02 4.449786766000000e-01 6.981596441000000e-01 3.527763326900000e+00
2.600000000000000e-02 4.449707205000000e-01 6.982192107000000e-01 3.527675022600000e+00
2.800000000000000e-02 4.449602071000000e-01 6.982979255000000e-01 3.527558334900000e+00
3.000000000000000e-02 4.449464260000000e-01 6.984011083000000e-01 3.527405380700000e+00
3.200000000000000e-02 4.449285031000000e-01 6.985353050000001e-01 3.527206460900000e+00
3.400000000000000e-02 4.449053743000000e-01 6.987084861000000e-01 3.526949768800000e+00
3.600000000000000e-02 4.448757589000000e-01 6.989302472000000e-01 3.526621093600000e+00
3.800000000000000e-02 4.448381334000000e-01 6.992120048000000e-01 3.526203534500000e+00
4.000000000000000e-02 4.447907085000000e-01 6.995671704000000e-01 3.525677245900000e+00
4.200000000000000e-02 4.447314111000000e-01 7.000112901000000e-01 3.525019238300000e+00
4.400000000000000e-02 4.446578736000000e-01 7.005621268000000e-01 3.524203264100000e+00
4.600000000000000e-02 4.445674337000000e-01 7.012396686000000e-01 3.523199817900000e+00
4.800000000000000e-02 4.444571470000000e-01 7.020660396000000e-01 3.521976284000000e+00
5.000000000000000e-02 4.443238155000000e-01 7.030652970000000e-01 3.520497256800000e+00
5.200000000000000e-02 4.441640329000000e-01 7.042631002000000e-01 3.518725055700000e+00
5.400000000000000e-02 4.439742491000000e-01 7.056862453000000e-01 3.516620442400000e+00
5.600000000000000e-02 4.437508508000000e-01 7.073620693000000e-01 3.514143535000000e+00
5.800000000000000e-02 4.434902592000000e-01 7.093177394000000e-01 3.511254895000000e+00
6.000000000000000e-02 4.431890381000000e-01 7.115794546000000e-01 3.507916741500000e+00
6.200000000000000e-02 4.428440086000000e-01 7.141716003000000e-01 3.504094233300000e+00
6.400000000000000e-02 4.424523635000000e-01 7.171159050000000e-01 3.499756740100000e+00
6.600000000000000e-02 4.420117725000000e-01 7.204306543000000e-01 3.494879018500000e+00
6.800000000000000e-02 4.415204724000000e-01 7.241300168000000e-01 3.489442208600000e+00
7.000000000000001e-02 4.409773343000000e-01 7.282235330000000e-01 3.483434575000000e+00
7.199999999999999e-02 4.403819036000000e-01 7.327158033000000e-01 3.476851935700000e+00
7.400000000000000e-02 4.397344085000000e-01 7.376063996000000e-01 3.469697746100000e+00
7.600000000000000e-02 4.390357385000000e-01 7.428900021000000e-01 3.461982836100000e+00
7.800000000000000e-02 4.382873936000000e-01 7.485567488000000e-01 3.453724826900000e+00
8.000000000000000e-02 4.374914098000000e-01 7.545927620000000e-01 3.444947279900000e+00
8.200000000000000e-02 4.366502663000000e-01 7.609808110000000e-01 3.435678648100000e+00
8.400000000000001e-02 4.357667827000000e-01 7.677010565000000e-01 3.425951113500000e+00
8.599999999999999e-02 4.348440127000000e-01 7.747318241000000e-01 3.415799391900000e+00
8.799999999999999e-02 4.338851411000000e-01 7.820503579000000e-01 3.405259579500000e+00
9.000000000000000e-02 4.328933900000000e-01 7.896335133000000e-01 3.394368105300000e+00
9.200000000000000e-02 4.318719380000000e-01 7.974583582000000e-01 3.383160830400000e+00
9.400000000000000e-02 4.308238542000000e-01 8.055026655999999e-01 3.371672320800000e+00
9.600000000000000e-02 4.297520494000000e-01 8.137452902000000e-01 3.359935301300000e+00
9.800000000000000e-02 4.286592411000000e-01 8.221664318000000e-01 3.347980281700000e+00
1.000000000000000e-01 4.275479337000000e-01 8.307477974000000e-01 3.335835340600000e+00
1.020000000000000e-01 4.264204101000000e-01 8.394726744000000e-01 3.323526039000000e+00
1.040000000000000e-01 4.252787326000000e-01 8.483259346000001e-01 3.311075438800000e+00
1.060000000000000e-01 4.241247506000000e-01 8.572939843000000e-01 3.298504198200000e+00
1.080000000000000e-01 4.229601136000000e-01 8.663646784000000e-01 3.285830719800000e+00
1.100000000000000e-01 4.217862869000000e-01 8.755272111000000e-01 3.273071330200000e+00
1.120000000000000e-01 4.206045685000000e-01 8.847719946000000e-01 3.260240474300000e+00
1.140000000000000e-01 4.194161065000000e-01 8.940905348000000e-01 3.247350912000000e+00
1.160000000000000e-01 4.182219160000000e-01 9.034753099000000e-01 3.234413909400000e+00
1.180000000000000e-01 4.170228949000000e-01 9.129196555000000e-01 3.221439416600000e+00
1.200000000000000e-01 4.158198385000000e-01 9.224176587000000e-01 3.208436231300000e+00
1.220000000000000e-01 4.146134524000000e-01 9.319640627000000e-01 3.195412146500000e+00
1.240000000000000e-01 4.134043643000000e-01 9.415541808000000e-01 3.182374080600000e+00
1.260000000000000e-01 4.121931345000000e-01 9.511838216000000e-01 3.169328193200000e+00
1.280000000000000e-01 4.109802644000000e-01 9.608492218000000e-01 3.156279986200000e+00
1.300000000000000e-01 4.097662051000000e-01 9.705469877000000e-01 3.143234392700000e+00
1.320000000000000e-01 4.085513638000000e-01 9.802740429000000e-01 3.130195855300000e+00
1.340000000000000e-01 4.073361105000000e-01 9.900275817000000e-01 3.117168396400000e+00
1.360000000000000e-01 4.061207836000000e-01 9.998050265000000e-01 3.104155680900000e+00
1.380000000000000e-01 4.049056932000000e-01 1.009603999300000e+00 3.091161058100000e+00
1.400000000000000e-01 4.036911240000000e-01 1.019422308700000e+00 3.078187586500000e+00
1.420000000000000e-01 4.024773387000000e-01 1.029257920200000e+00 3.065238075500000e+00
1.440000000000000e-01 4.012645814000000e-01 1.039108931300000e+00 3.052315122300000e+00
1.460000000000000e-01 4.000530804000000e-01 1.048973550100000e+00 3.039421143100000e+00
1.480000000000000e-01 3.988430503000000e-01 1.058850076300000e+00 3.026558400400000e+00
1.500000000000000e-01 3.976346951000000e-01 1.068736884500000e+00 3.013729026900000e+00
1.520000000000000e-01 3.964282090000000e-01 1.078632409200000e+00 3.000935046900000e+00
1.540000000000000e-01 3.952237790000000e-01 1.088535131400000e+00 2.988178395300000e+00
1.560000000000000e-01 3.940215861000000e-01 1.098443565600000e+00 2.975460934800000e+00
1.580000000000000e-01 3.928218070000000e-01 1.108356248900000e+00 2.962784471600000e+00
1.600000000000000e-01 3.916246151000000e-01 1.118271729400000e+00 2.950150770600000e+00
1.620000000000000e-01 3.904301820000000e-01 1.128188555800000e+00 2.937561568300000e+00
1.640000000000000e-01 3.892386789000000e-01 1.138105267800000e+00 2.925018586600000e+00
1.660000000000000e-01 3.880502775000000e-01 1.148020385500000e+00 2.912523544600000e+00
1.680000000000000e-01 3.868651513000000e-01 1.157932399500000e+00 2.900078171700000e+00
1.700000000000000e-01 3.856834767000000e-01 1.167839761200000e+00 2.887684219200000e+00
1.720000000000000e-01 3.845054344000000e-01 1.177740871500000e+00 2.875343472900000e+00
1.740000000000000e-01 3.833312103000000e-01 1.187634070700000e+00 2.863057766000000e+00
1.760000000000000e-01 3.821609972000000e-01 1.197517626200000e+00 2.850828992000000e+00
1.780000000000000e-01 3.809949959000000e-01 1.207389720700000e+00 2.838659118800000e+00
1.800000000000000e-01 3.798334166000000e-01 1.217248437800000e+00 2.826550203900000e+00
1.820000000000000e-01 3.786764811000000e-01 1.227091747500000e+00 2.814504411100000e+00
1.840000000000000e-01 3.775244237000000e-01 1.236917489100000e+00 2.802524028400000e+00
1.860000000000000e-01 3.763774943000000e-01 1.246723352600000e+00 2.790611488500000e+00
1.880000000000000e-01 3.752359598000000e-01 1.256506857600000e+00 2.778769391400000e+00
1.900000000000000e-01 3.741001072000000e-01 1.266265328700000e+00 2.767000530800000e+00
1.920000000000000e-01 3.729702463000000e-01 1.275995868200000e+00 2.755307923200000e+00
1.940000000000000e-01 3.718467133000000e-01 1.285695323900000e+00 2.743694841900000e+00
1.960000000000000e-01 3.707298746000000e-01 1.295360252100000e+00 2.732164856700000e+00
1.980000000000000e-01 3.696201318000000e-01 1.304986874700000e+00 2.720721879400000e+00
2.000000000000000e-01 3.685179263000000e-01 1.314571029100000e+00 2.709370216500000e+00
2.020000000000000e-01 3.674237461000000e-01 1.324108109700000e+00 2.698114631600000e+00
2.040000000000000e-01 3.663381332000000e-01 1.333592999400000e+00 2.686960417800000e+00
2.060000000000000e-01 3.652616917000000e-01 1.343019989200000e+00 2.675913482100000e+00
2.080000000000000e-01 3.641950980000000e-01 1.352382684300000e+00 2.664980445400000e+00
2.100000000000000e-01 3.631391126000000e-01 1.361673894200000e+00 2.654168757700000e+00
2.120000000000000e-01 3.620945939000000e-01 1.370885504200000e+00 2.643486833900000e+00
2.140000000000000e-01 3.610625133000000e-01 1.380008326500000e+00 2.632944210000000e+00
2.160000000000000e-01 3.600439745000000e-01 1.389031928600000e+00 2.622551723500000e+00
2.180000000000000e-01 3.590402332000000e-01 1.397944437400000e+00 2.612321718100000e+00
2.200000000000000e-01 3.580527209000000e-01 1.406732319700000e+00 2.602268273300000e+00
2.220000000000000e-01 3.570830702000000e-01 1.415380141800000e+00 2.592407454000000e+00
2.240000000000000e-01 3.561331414000000e-01 1.423870314100000e+00 2.582757574300000e+00
2.260000000000000e-01 3.552050491000000e-01 1.432182835700000e+00 2.573339459200000e+00
2.280000000000000e-01 3.543011869000000e-01 1.440295060600000e+00 2.564176680800000e+00
2.300000000000000e-01 3.534242448000000e-01 1.448181518800000e+00 2.555295731300000e+00
2.320000000000000e-01 3.525772157000000e-01 1.455813845500000e+00 2.546726079600000e+00
2.340000000000000e-01 3.517633832000000e-01 1.463160880800000e+00 2.538500040600000e+00
2.360000000000000e-01 3.509862818000000e-01 1.470189022800000e+00 2.530652373800000e+00
2.380000000000000e-01 3.502496213000000e-01 1.476862920500000e+00 2.523219519000000e+00
2.400000000000000e-01 3.495571660000000e-01 1.483146579800000e+00 2.516238393500000e+00
2.420000000000000e-01 3.489125671000000e-01 1.489004922000000e+00 2.509744714600000e+00
2.440000000000000e-01 3.483191496000000e-01 1.494405763500000e+00 2.503770883500000e+00
2.460000000000000e-01 3.477796699000000e-01 1.499322089600000e+00 2.498343572300000e+00
2.480000000000000e-01 3.472960661000000e-01 1.503734391700000e+00 2.493481259800000e+00
2.500000000000000e-01 3.468692381000000e-01 1.507632757200000e+00 2.489192050200000e+00
2.520000000000000e-01 3.464988895000000e-01 1.511018374000000e+00 2.485472127500000e+00
2.540000000000000e-01 3.461834635000000e-01 1.513904173400000e+00 2.482305136200000e+00
2.560000000000000e-01 3.459201866000000e-01 1.516314460300000e+00 2.479662640600000e+00
2.580000000000000e-01 3.457052184000000e-01 1.518283554600000e+00 2.477505630200000e+00
2.600000000000000e-01 3.455338854000000e-01 1.519853635900000e+00 2.475786862300000e+00
2.620000000000000e-01 3.454009667000000e-01 1.521072101600000e+00 2.474453710600000e+00
2.640000000000000e-01 3.453009920000000e-01 1.521988794900000e+00 2.473451139100000e+00
2.660000000000000e-01 3.452285182000000e-01 1.522653435400000e+00 2.472724449400000e+00
2.680000000000000e-01 3.451783557000000e-01 1.523113504100000e+00 2.472221535300000e+00
2.700000000000000e-01 3.451457301000000e-01 1.523412730800000e+00 2.471894487300000e+00
2.720000000000000e-01 3.451263734000000e-01 1.523590239000000e+00 2.471700490400000e+00
2.740000000000000e-01 3.451165447000000e-01 1.523680333800000e+00 2.471602029300000e+00
2.760000000000000e-01 3.451130051000000e-01 1.523712726200000e+00 2.471566626600000e+00
2.780000000000000e-01 3.451130084000000e-01 1.523712610900000e+00 2.471566747700000e+00
2.800000000000000e-01 3.451159505000000e-01 1.523685531000000e+00 2.471596335100000e+00
2.820000000000000e-01 3.451232867000000e-01 1.523618135700000e+00 2.471669979600000e+00
2.840000000000000e-01 3.451363739000000e-01 1.523497975300000e+00 2.471801290300000e+00
2.860000000000000e-01 3.451562033000000e-01 1.523315963100000e+00 2.472000206100000e+00
2.880000000000000e-01 3.451832447000000e-01 1.523067796500000e+00 2.472271444000000e+00
2.900000000000000e-01 3.452173715000000e-01 1.522754650700000e+00 2.472613739900000e+00
2.920000000000000e-01 3.452577977000000e-01 1.522383749200000e+00 2.473019221300000e+00
2.940000000000000e-01 3.453030653000000e-01 1.521968482700000e+00 2.473473272600000e+00
2.960000000000000e-01 3.453510769000000e-01 1.521528096900000e+00 2.473954868200000e+00
2.980000000000000e-01 3.453991864000000e-01 1.521086863000000e+00 2.474437472200000e+00
3.000000000000000e-01 3.454447012000000e-01 1.520669466100000e+00 2.474894078300000e+00
3.020000000000000e-01 3.454861646000000e-01 1.520289251000000e+00 2.475310072100000e+00
3.040000000000000e-01 3.455236117000000e-01 1.519945885700000e+00 2.475685799500000e+00
3.060000000000000e-01 3.455578886000000e-01 1.519631605000000e+00 2.476029743200000e+00
3.080000000000000e-01 3.455900260000000e-01 1.519336956000000e+00 2.476352239300000e+00
3.100000000000000e-01 3.456208535000000e-01 1.519054333000000e+00 2.476661606300000e+00
3.120000000000000e-01 3.456507611000000e-01 1.518780157300000e+00 2.476961758100000e+00
3.140000000000000e-01 3.456796163000000e-01 1.518515642900000e+00 2.477251362600000e+00
3.160000000000000e-01 3.457069367000000e-01 1.518265207100000e+00 2.477525579500000e+00
3.180000000000000e-01 3.457322648000000e-01 1.518033038800000e+00 2.477779817100000e+00
3.200000000000000e-01 3.457554494000000e-01 1.517820520400000e+00 2.478012556000000e+00
3.220000000000000e-01 3.457766548000000e-01 1.517626143400000e+00 2.478225443300000e+00
3.240000000000000e-01 3.457962013000000e-01 1.517446970900000e+00 2.478421691500000e+00
3.260000000000000e-01 3.458143946000000e-01 1.517280200300000e+00 2.478604367500000e+00
3.280000000000000e-01 3.458314175000000e-01 1.517124155100000e+00 2.478775305100000e+00
3.300000000000000e-01 3.458473069000000e-01 1.516978497600000e+00 2.478934872400000e+00
3.320000000000000e-01 3.458620116000000e-01 1.516843694800000e+00 2.479082555900000e+00
3.340000000000000e-01 3.458754857000000e-01 1.516720165200000e+00 2.479217895000000e+00
3.360000000000000e-01 3.458877483000000e-01 1.516607733500000e+00 2.479341080200000e+00
3.380000000000000e-01 3.458988807000000e-01 1.516505654700000e+00 2.479452926100000e+00
3.400000000000000e-01 3.459089864000000e-01 1.516412979200000e+00 2.479554472300000e+00
3.420000000000000e-01 3.459181529000000e-01 1.516328905000000e+00 2.479646596300000e+00
3.440000000000000e-01 3.459264362000000e-01 1.516252920000000e+00 2.479729858600000e+00
3.460000000000000e-01 3.459338688000000e-01 1.516184724500000e+00 2.479804586700000e+00
3.480000000000000e-01 3.459404790000000e-01 1.516124059100000e+00 2.479871064300000e+00
3.500000000000000e-01 3.459463037000000e-01 1.516070585800000e+00 2.479929661200000e+00
3.520000000000000e-01 3.459513891000000e-01 1.516023881500000e+00 2.479980840700000e+00
3.540000000000000e-01 3.459557843000000e-01 1.515983496900000e+00 2.480025094700000e+00
3.560000000000000e-01 3.459595354000000e-01 1.515949007700000e+00 2.480062888100000e+00
3.580000000000000e-01 3.459626855000000e-01 1.515920021100000e+00 2.480094651100000e+00
3.600000000000000e-01 3.459652767000000e-01 1.515896149300000e+00 2.480120808500000e+00
3.620000000000000e-01 3.459673539000000e-01 1.515876983100000e+00 2.480141808600000e+00
3.640000000000000e-01 3.459689649000000e-01 1.515862083700000e+00 2.480158132200000e+00
3.660000000000000e-01 3.459701598000000e-01 1.515850992400000e+00 2.480170282100000e+00
3.680000000000000e-01 3.459709892000000e-01 1.515843246100000e+00 2.480178765700000e+00
3.700000000000000e-01 3.459715027000000e-01 1.515838389800000e+00 2.480184081800000e+00
3.720000000000000e-01 3.459717483000000e-01 1.515835984000000e+00 2.480186712000000e+00
3.740000000000000e-01 3.459717707000000e-01 1.515835620000000e+00 2.480187104300000e+00
3.760000000000000e-01 3.459715950000000e-01 1.515837067700000e+00 2.480185510800000e+00
3.780000000000000e-01 3.459712158000000e-01 1.515840376000000e+00 2.480181878000000e+00
3.800000000000000e-01 3.459706174000000e-01 1.515845690300000e+00 2.480176046500000e+00
3.820000000000000e-01 3.459697874000000e-01 1.515853121400000e+00 2.480167894900000e+00
3.840000000000000e-01 3.459687196000000e-01 1.515862728000000e+00 2.480157358800000e+00
3.860000000000000e-01 3.459674147000000e-01 1.515874503800000e+00 2.480144445300000e+00
3.880000000000000e-01 3.459658811000000e-01 1.515888370700000e+00 2.480129239800000e+00
3.900000000000000e-01 3.459641353000000e-01 1.515904177500000e+00 2.480111908300000e+00
3.920000000000000e-01 3.459622013000000e-01 1.515921705300000e+00 2.480092690600000e+00
3.940000000000000e-01 3.459601088000000e-01 1.515940681600000e+00 2.480071885400000e+00
3.960000000000000e-01 3.459578910000000e-01 1.515960803200000e+00 2.480049825100000e+00
3.980000000000000e-01 3.459555808000000e-01 1.515981767600000e+00 2.480026841100000e+00
4.000000000000000e-01 3.459532072000000e-01 1.516003310200000e+00 2.480003223800000e+00
4.020000000000000e-01 3.459507912000000e-01 1.516025237600000e+00 2.479979184700000e+00
4.040000000000000e-01 3.459483439000000e-01 1.516047448400000e+00 2.479954835300000e+00
4.060000000000000e-01 3.459458671000000e-01 1.516069926600000e+00 2.479930192900000e+00
4.080000000000000e-01 3.459433569000000e-01 1.516092707300000e+00 2.479905219200000e+00
4.100000000000000e-01 3.459408095000000e-01 1.516115825200000e+00 2.479879876100000e+00
4.120000000000000e-01 3.459382257000000e-01 1.516139273500000e+00 2.479854171000000e+00
4.140000000000000e-01 3.459356123000000e-01 1.516162990300000e+00 2.479828172000000e+00
4.160000000000000e-01 3.459329799000000e-01 1.516186876300000e+00 2.479801987700000e+00
4.180000000000000e-01 3.459303396000000e-01 1.516210831700000e+00 2.479775727500000e+00
4.200000000000000e-01 3.459276985000000e-01 1.516234790500000e+00 2.479749463700000e+00
4.220000000000000e-01 3.459250587000000e-01 1.516258734500000e+00 2.479723216300000e+00
4.240000000000000e-01 3.459224185000000e-01 1.516282678000000e+00 2.479696969800000e+00
4.260000000000000e-01 3.459197764000000e-01 1.516306635100000e+00 2.479670708400000e+00
4.280000000000000e-01 3.459171338000000e-01 1.516330592600000e+00 2.479644446900000e+00
4.300000000000000e-01 3.459144956000000e-01 1.516354505500000e+00 2.479618234300000e+00
4.320000000000000e-01 3.459118679000000e-01 1.516378319100000e+00 2.479592130800000e+00
4.340000000000000e-01 3.459092547000000e-01 1.516401994500000e+00 2.479566178800000e+00
4.360000000000000e-01 3.459066573000000e-01 1.516425521100000e+00 2.479540390200000e+00
4.380000000000000e-01 3.459040751000000e-01 1.516448904600000e+00 2.479514758500000e+00
4.400000000000000e-01 3.459015079000000e-01 1.516472145600000e+00 2.479489283100000e+00
4.420000000000000e-01 3.458989576000000e-01 1.516495227100000e+00 2.479463982700000e+00
4.440000000000000e-01 3.458964275000000e-01 1.516518119000000e+00 2.479438890200000e+00
4.460000000000000e-01 3.458939205000000e-01 1.516540794700000e+00 2.479414034700000e+00
4.480000000000000e-01 3.458914379000000e-01 1.516563241600000e+00 2.479389430100000e+00
4.500000000000000e-01 3.458889799000000e-01 1.516585457900000e+00 2.479365078400000e+00
4.520000000000000e-01 3.458865468000000e-01 1.516607440500000e+00 2.479340982900000e+00
4.540000000000000e-01 3.458841400000000e-01 1.516629177100000e+00 2.479317157000000e+00
4.560000000000000e-01 3.458817614000000e-01 1.516650649200000e+00 2.479293621000000e+00
4.580000000000000e-01 3.458794129000000e-01 1.516671841300000e+00 2.479270392100000e+00
4.600000000000000e-01 3.458770951000000e-01 1.516692745000000e+00 2.479247479200000e+00
4.620000000000000e-01 3.458748086000000e-01 1.516713356200000e+00 2.479224886900000e+00
4.640000000000000e-01 3.458725541000000e-01 1.516733668500000e+00 2.479202622200000e+00
4.660000000000000e-01 3.458703326000000e-01 1.516753671600000e+00 2.479180696500000e+00
4.680000000000000e-01 3.458681455000000e-01 1.516773353800000e+00 2.479159122300000e+00
4.700000000000000e-01 3.458659935000000e-01 1.516792707100000e+00 2.479137908700000e+00
4.720000000000000e-01 3.458638773000000e-01 1.516811725900000e+00 2.479117061600000e+00
4.740000000000000e-01 3.458617973000000e-01 1.516830405000000e+00 2.479096586900000e+00
4.760000000000000e-01 3.458597545000000e-01 1.516848737000000e+00 2.479076492400000e+00
4.780000000000000e-01 3.458577496000000e-01 1.516866714300000e+00 2.479056786700000e+00
4.800000000000000e-01 3.458557832000000e-01 1.516884330600000e+00 2.479037476600000e+00
4.820000000000000e-01 3.458538559000000e-01 1.516901581400000e+00 2.479018566800000e+00
4.840000000000000e-01 3.458519680000000e-01 1.516918462700000e+00 2.479000062100000e+00
4.860000000000000e-01 3.458501201000000e-01 1.516934969600000e+00 2.478981967500000e+00
4.880000000000000e-01 3.458483125000000e-01 1.516951097500000e+00 2.478964288200000e+00
4.900000000000000e-01 3.458465458000000e-01 1.516966842600000e+00 2.478947028400000e+00
4.920000000000000e-01 3.458448203000000e-01 1.516982201600000e+00 2.478930191500000e+00
4.940000000000000e-01 3.458431361000000e-01 1.516997171800000e+00 2.478913780600000e+00
4.960000000000000e-01 3.458414937000000e-01 1.517011750000000e+00 2.478897799200000e+00
4.980000000000000e-01 3.458398933000000e-01 1.517025933500000e+00 2.478882250200000e+00
5.000000000000000e-01 3.458383351000000e-01 1.517039720100000e+00 2.478867136100000e+00
5.020000000000000e-01 3.458368193000000e-01 1.517053108100000e+00 2.478852458600000e+00
5.040000000000000e-01 3.458353459000000e-01 1.517066096000000e+00 2.478838219500000e+00
5.060000000000000e-01 3.458339151000000e-01 1.517078682600000e+00 2.478824420000000e+00
5.080000000000000e-01 3.458325269000000e-01 1.517090867100000e+00 2.478811060900000e+00
5.100000000000000e-01 3.458311813000000e-01 1.517102649400000e+00 2.478798142500000e+00
5.120000000000000e-01 3.458298783000000e-01 1.517114029400000e+00 2.478785664700000e+00
5.140000000000000e-01 3.458286177000000e-01 1.517125007700000e+00 2.478773627100000e+00
5.160000000000000e-01 3.458273994000000e-01 1.517135584800000e+00 2.478762028800000e+00
5.180000000000000e-01 3.458262234000000e-01 1.517145761900000e+00 2.478750868700000e+00
5.200000000000000e-01 3.458250893000000e-01 1.517155540200000e+00 2.478740145500000e+00
5.220000000000000e-01 3.458239971000000e-01 1.517164921300000e+00 2.478729857400000e+00
5.240000000000000e-01 3.458229464000000e-01 1.517173906800000e+00 2.478720002600000e+00
5.260000000000000e-01 3.458219370000000e-01 1.517182498600000e+00 2.478710579000000e+00
5.280000000000000e-01 3.458209685000000e-01 1.517190698800000e+00 2.478701584400000e+00
5.300000000000000e-01 3.458200408000000e-01 1.517198509500000e+00 2.478693016300000e+00
5.320000000000000e-01 3.458191534000000e-01 1.517205933300000e+00 2.478684872000000e+00
5.340000000000000e-01 3.458183061000000e-01 1.517212972700000e+00 2.478677148800000e+00
5.360000000000000e-01 3.458174985000000e-01 1.517219630500000e+00 2.478669843500000e+00
5.380000000000000e-01 3.458167300000000e-01 1.517225909900000e+00 2.478662952600000e+00
5.400000000000000e-01 3.458160004000000e-01 1.517231814300000e+00 2.478656472600000e+00
5.420000000000000e-01 3.458153092000000e-01 1.517237347200000e+00 2.478650399300000e+00
5.440000000000000e-01 3.458146558000000e-01 1.517242512700000e+00 2.478644728400000e+00
5.460000000000000e-01 3.458140395000000e-01 1.517247315300000e+00 2.478639455000000e+00
5.480000000000000e-01 3.458134598000000e-01 1.517251760100000e+00 2.478634573500000e+00
5.500000000000000e-01 3.458129162000000e-01 1.517255852700000e+00 2.478630077700000e+00
5.520000000000000e-01 3.458124076000000e-01 1.517259599700000e+00 2.478625960400000e+00
5.540000000000000e-01 3.458119330000000e-01 1.517263008700000e+00 2.478622213300000e+00
5.560000000000000e-01 3.458114915000000e-01 1.517266088900000e+00 2.478618826100000e+00
5.580000000000001e-01 3.458110819000000e-01 1.517268851200000e+00 2.478615787200000e+00
5.600000000000001e-01 3.458107027000000e-01 1.517271308700000e+00 2.478613082100000e+00
5.620000000000001e-01 3.458103514000000e-01 1.517273477200000e+00 2.478610693400000e+00
5.639999999999999e-01 3.458100261000000e-01 1.517275376000000e+00 2.478608600100000e+00
5.659999999999999e-01 3.458097248000000e-01 1.517277027700000e+00 2.478606777300000e+00
5.679999999999999e-01 3.458094444000000e-01 1.517278459200000e+00 2.478605195600000e+00
5.700000000000000e-01 3.458091804000000e-01 1.517279701600000e+00 2.478603821000000e+00
5.720000000000000e-01 3.458089285000000e-01 1.517280790700000e+00 2.478602614200000e+00
5.740000000000000e-01 3.458086852000000e-01 1.517281766600000e+00 2.478601531300000e+00
5.760000000000000e-01 3.458084467000000e-01 1.517282673300000e+00 2.478600524000000e+00
5.780000000000000e-01 3.458082065000000e-01 1.517283558800000e+00 2.478599540000000e+00
5.800000000000000e-01 3.458079565000000e-01 1.517284472400000e+00 2.478598524900000e+00
5.820000000000000e-01 3.458076923000000e-01 1.517285460500000e+00 2.478597428100000e+00
5.840000000000000e-01 3.458074128000000e-01 1.517286564400000e+00 2.478596204400000e+00
5.860000000000000e-01 3.458071146000000e-01 1.517287818800000e+00 2.478594815700000e+00
5.880000000000000e-01 3.458067901000000e-01 1.517289252700000e+00 2.478593230300000e+00
5.900000000000000e-01 3.458064331000000e-01 1.517290888400000e+00 2.478591423700000e+00
5.920000000000000e-01 3.458060457000000e-01 1.517292739800000e+00 2.478589380600000e+00
5.940000000000000e-01 3.458056335000000e-01 1.517294811800000e+00 2.478587095700000e+00
5.960000000000000e-01 3.458051959000000e-01 1.517297101000000e+00 2.478584572900000e+00
5.980000000000000e-01 3.458047255000000e-01 1.517299596800000e+00 2.478581823500000e+00
6.000000000000000e-01 3.458042189000000e-01 1.517302283000000e+00 2.478578865600000e+00
6.020000000000000e-01 3.458036845000000e-01 1.517305137700000e+00 2.478575722800000e+00
6.040000000000000e-01 3.458031356000000e-01 1.517308134300000e+00 2.478572424500000e+00
6.060000000000000e-01 3.458025753000000e-01 1.517311243700000e+00 2.478569002600000e+00
6.080000000000000e-01 3.458019946000000e-01 1.517314436500000e+00 2.478565489100000e+00
6.100000000000000e-01 3.458013858000000e-01 1.517317683900000e+00 2.478561915700000e+00
6.120000000000000e-01 3.458007563000000e-01 1.517320957500000e+00 2.478558313400000e+00
6.140000000000000e-01 3.458001257000000e-01 1.517324230100000e+00 2.478554712100000e+00
6.160000000000000e-01 3.457995044000000e-01 1.517327477200000e+00 2.478551138600000e+00
6.180000000000000e-01 3.457988828000000e-01 1.517330676500000e+00 2.478547617300000e+00
6.200000000000000e-01 3.457982427000000e-01 1.517333808000000e+00 2.478544170100000e+00
6.220000000000000e-01 3.457975792000000e-01 1.517336853000000e+00 2.478540817600000e+00
6.240000000000000e-01 3.457969115000000e-01 1.517339795200000e+00 2.478537577500000e+00
6.260000000000000e-01 3.457962640000000e-01 1.517342621400000e+00 2.478534464300000e+00
6.280000000000000e-01 3.457956393000000e-01 1.517345317800000e+00 2.478531493100000e+00
6.300000000000000e-01 3.457950136000000e-01 1.517347874300000e+00 2.478528675100000e+00
6.320000000000000e-01 3.457943603000000e-01 1.517350281700000e+00 2.478526020200000e+00
6.340000000000000e-01 3.457936790000000e-01 1.517352530200000e+00 2.478523539300000e+00
6.360000000000000e-01 3.457930004000000e-01 1.517354614000000e+00 2.478521238500000e+00
6.380000000000000e-01 3.457923545000000e-01 1.517356527600000e+00 2.478519124100000e+00
6.400000000000000e-01 3.457917399000000e-01 1.517358263700000e+00 2.478517203900000e+00
6.420000000000000e-01 3.457911218000000e-01 1.517359819800000e+00 2.478515480700000e+00
6.440000000000000e-01 3.457904622000000e-01 1.517361193000000e+00 2.478513957700000e+00
6.460000000000000e-01 3.457897504000000e-01 1.517362378400000e+00 2.478512640200000e+00
6.480000000000000e-01 3.457890189000000e-01 1.517363372600000e+00 2.478511532000000e+00
6.500000000000000e-01 3.457883198000000e-01 1.517364178300000e+00 2.478510630100000e+00
6.520000000000000e-01 3.457876802000000e-01 1.517364791900000e+00 2.478509938500000e+00
6.540000000000000e-01 3.457870712000000e-01 1.517365210100000e+00 2.478509460600000e+00
6.560000000000000e-01 3.457864193000000e-01 1.517365440100000e+00 2.478509188800000e+00
6.580000000000000e-01 3.457856463000000e-01 1.517365480500000e+00 2.478509124500000e+00
6.600000000000000e-01 3.457847121000000e-01 1.517365329500000e+00 2.478509269600000e+00
6.620000000000000e-01 3.457836920000000e-01 1.517364985000000e+00 2.478509626500000e+00
6.640000000000000e-01 3.457827482000000e-01 1.517364462300000e+00 2.478510178400000e+00
6.660000000000000e-01 3.457820146000000e-01 1.517363764800000e+00 2.478510921500000e+00
6.680000000000000e-01 3.457815661000000e-01 1.517362898300000e+00 2.478511849600000e+00
6.700000000000000e-01 3.457814214000000e-01 1.517361872100000e+00 2.478512952400000e+00
6.720000000000000e-01 3.457816171000000e-01 1.517360692100000e+00 2.478514223500000e+00
6.740000000000000e-01 3.457823039000000e-01 1.517359362800000e+00 2.478515657800000e+00
6.760000000000000e-01 3.457837522000000e-01 1.517357900900000e+00 2.478517237300000e+00
6.780000000000000e-01 3.457863917000000e-01 1.517356324400000e+00 2.478518942000000e+00
6.800000000000000e-01 3.457908971000000e-01 1.517354654100000e+00 2.478520749300000e+00
6.820000000000001e-01 3.457983158000000e-01 1.517352913500000e+00 2.478522633400000e+00
6.840000000000001e-01 3.458102562000000e-01 1.517351129000000e+00 2.478524565500000e+00
6.860000000000001e-01 3.458291637000000e-01 1.517349329300000e+00 2.478526513900000e+00
6.879999999999999e-01 3.458587202000000e-01 1.517347545400000e+00 2.478528445100000e+00
6.899999999999999e-01 3.459044153000000e-01 1.517345809300000e+00 2.478530323700000e+00
6.919999999999999e-01 3.459743532000000e-01 1.517344153600000e+00 2.478532114500000e+00
6.940000000000000e-01 3.460803792000000e-01 1.517342610200000e+00 2.478533782200000e+00
6.960000000000000e-01 3.462396270000000e-01 1.517341209600000e+00 2.478535293900000e+00
6.980000000000000e-01 3.464766182000000e-01 1.517339979600000e+00 2.478536619000000e+00
7.000000000000000e-01 3.468260628000000e-01 1.517338944700000e+00 2.478537730900000e+00
7.020000000000000e-01 3.473365363000000e-01 1.517338125300000e+00 2.478538607600000e+00
7.040000000000000e-01 3.480752190000000e-01 1.517337536800000e+00 2.478539232000000e+00
7.060000000000000e-01 3.491338825000000e-01 1.517337189900000e+00 2.478539592200000e+00
7.080000000000000e-01 3.506362821000000e-01 1.517337090300000e+00 2.478539681500000e+00
7.100000000000000e-01 3.527470475000000e-01 1.517337238700000e+00 2.478539497800000e+00
7.120000000000000e-01 3.556820455000000e-01 1.517337631300000e+00 2.478539043300000e+00
7.140000000000000e-01 3.597199926000000e-01 1.517338260500000e+00 2.478538322900000e+00
7.160000000000000e-01 3.652148067000000e-01 1.517339114900000e+00 2.478537343600000e+00
7.180000000000000e-01 3.726077766000000e-01 1.517340180600000e+00 2.478536113100000e+00
7.200000000000000e-01 3.824380658000000e-01 1.517341441200000e+00 2.478534638300000e+00
7.220000000000000e-01 3.953492930000000e-01 1.517342878700000e+00 2.478532924300000e+00
7.240000000000000e-01 4.120888173000000e-01 1.517344473300000e+00 2.478530973600000e+00
7.260000000000000e-01 4.334945413000000e-01 1.517346204400000e+00 2.478528785100000e+00
7.280000000000000e-01 4.604606856000000e-01 1.517348049700000e+00 2.478526354800000e+00
7.300000000000000e-01 4.938674542000000e-01 1.517349985800000e+00 2.478523677100000e+00
7.320000000000000e-01 5.344480811000000e-01 1.517351987100000e+00 2.478520746600000e+00
7.340000000000000e-01 5.825547015000000e-01 1.517354025600000e+00 2.478517563200000e+00
7.360000000000000e-01 6.378041019000000e-01 1.517356070800000e+00 2.478514141100000e+00
7.380000000000000e-01 6.987237001000000e-01 1.517358085800000e+00 2.478510514600000e+00
7.400000000000000e-01 7.627877202000000e-01 1.517360029200000e+00 2.478506751700000e+00
7.420000000000000e-01 8.271834437000000e-01 1.517361858600000e+00 2.478502964900000e+00
7.440000000000000e-01 8.897306423000000e-01 1.517363533300000e+00 2.478499282300000e+00
7.460000000000000e-01 9.489524197000000e-01 1.517365014200000e+00 2.478495843000000e+00
7.480000000000000e-01 1.003887881400000e+00 1.517366262400000e+00 2.478492794500000e+00
7.500000000000000e-01 1.053968690500000e+00 1.517367240200000e+00 2.478490283000000e+00
7.520000000000000e-01 1.098932130400000e+00 1.517367912300000e+00 2.478488446100000e+00
7.540000000000000e-01 1.138751160600000e+00 1.517368245800000e+00 2.478487406300000e+00
7.560000000000000e-01 1.173575238500000e+00 1.517368211100000e+00 2.478487264700000e+00
7.580000000000000e-01 1.203679893800000e+00 1.517367784000000e+00 2.478488095600000e+00
7.600000000000000e-01 1.229424320900000e+00 1.517366947600000e+00 2.478489939400000e+00
7.620000000000000e-01 1.251216542300000e+00 1.517365698100000e+00 2.478492793800000e+00
7.640000000000000e-01 1.269485644300000e+00 1.517364049900000e+00 2.478496601700000e+00
7.660000000000000e-01 1.284660453400000e+00 1.517362043800000e+00 2.478501238600000e+00
7.680000000000000e-01 1.297153907700000e+00 1.517359752800000e+00 2.478506502200000e+00
7.700000000000000e-01 1.307352302200000e+00 1.517357284500000e+00 2.478512109900000e+00
7.720000000000000e-01 1.315608576200000e+00 1.517354777100000e+00 2.478517710800000e+00
7.740000000000000e-01 1.322238832900000e+00 1.517352387700000e+00 2.478522912800000e+00
7.760000000000000e-01 1.327521344900000e+00 1.517350274900000e+00 2.478527323000000e+00
7.780000000000000e-01 1.331697383000000e+00 1.517348579700000e+00 2.478530592000000e+00
7.800000000000000e-01 1.334973301700000e+00 1.517347407900000e+00 2.478532451900000e+00
7.820000000000000e-01 1.337523415300000e+00 1.517346819500000e+00 2.478532742100000e+00
7.840000000000000e-01 1.339493297800000e+00 1.517346825900000e+00 2.478531416900000e+00
7.860000000000000e-01 1.341003229800000e+00 1.517347392700000e+00 2.478528538800000e+00
7.880000000000000e-01 1.342151592600000e+00 1.517348448700000e+00 2.478524260700000e+00
7.900000000000000e-01 1.343018075600000e+00 1.517349896700000e+00 2.478518802000000e+00
7.920000000000000e-01 1.343666617300000e+00 1.517351624700000e+00 2.478512424000000e+00
7.940000000000000e-01 1.344148038600000e+00 1.517353515600000e+00 2.478505407600000e+00
7.960000000000000e-01 1.344502359000000e+00 1.517355455100000e+00 2.478498034600000e+00
7.980000000000000e-01 1.344760804800000e+00 1.517357337300000e+00 2.478490574000000e+00
8.000000000000000e-01 1.344947526300000e+00 1.517359067200000e+00 2.478483271300000e+00
8.020000000000000e-01 1.345081048200000e+00 1.517360563100000e+00 2.478476342100000e+00
8.040000000000000e-01 1.345175471100000e+00 1.517361756600000e+00 2.478469969100000e+00
8.060000000000000e-01 1.345241450200000e+00 1.517362591500000e+00 2.478464300800000e+00
8.080000000000001e-01 1.345286974600000e+00 1.517363020400000e+00 2.478459451400000e+00
8.100000000000001e-01 1.345317980900000e+00 1.517363003000000e+00 2.478455505200000e+00
8.120000000000001e-01 1.345338835300000e+00 1.517362504800000e+00 2.478452526200000e+00
8.139999999999999e-01 1.345352712500000e+00 1.517361496900000e+00 2.478450567600000e+00
8.159999999999999e-01 1.345361893200000e+00 1.517359948800000e+00 2.478449670700000e+00
8.179999999999999e-01 1.345367985700000e+00 1.517357810500000e+00 2.478449848400000e+00
8.200000000000000e-01 1.345372070000000e+00 1.517355028100000e+00 2.478451081200000e+00
8.220000000000000e-01 1.345374858300000e+00 1.517351642500000e+00 2.478453289400000e+00
8.240000000000000e-01 1.345376868200000e+00 1.517347634400000e+00 2.478456422800000e+00
8.260000000000000e-01 1.345378775300000e+00 1.517343011600000e+00 2.478460365800000e+00
8.280000000000000e-01 1.345380671900000e+00 1.517338000000000e+00 2.478464678500000e+00
8.300000000000000e-01 1.345382027900000e+00 1.517332939900000e+00 2.478468504000000e+00
8.320000000000000e-01 1.345382565000000e+00 1.517327932600000e+00 2.478471442800000e+00
8.340000000000000e-01 1.345382155500000e+00 1.517323122500000e+00 2.478473227200000e+00
8.360000000000000e-01 1.345380264700000e+00 1.517318794500000e+00 2.478473175500000e+00
8.380000000000000e-01 1.345376065300000e+00 1.517315206600000e+00 2.478470384300000e+00
8.400000000000000e-01 1.345368907500000e+00 1.517312580500000e+00 2.478464555800000e+00
8.420000000000000e-01 1.345359423200000e+00 1.517311401700000e+00 2.478456408000000e+00
8.440000000000000e-01 1.345350043500000e+00 1.517311139500000e+00 2.478446649100000e+00
8.460000000000000e-01 1.345341926800000e+00 1.517310667900000e+00 2.478434198200000e+00
8.480000000000000e-01 1.345335396500000e+00 1.517309407700000e+00 2.478418531400000e+00
8.500000000000000e-01 1.345330696700000e+00 1.517307668200000e+00 2.478400991800000e+00
8.520000000000000e-01 1.345327959900000e+00 1.517306225700000e+00 2.478383827200000e+00
8.540000000000000e-01 1.345327169100000e+00 1.517306063300000e+00 2.478369583600000e+00
8.560000000000000e-01 1.345329908300000e+00 1.517309782700000e+00 2.478364205800000e+00
8.580000000000000e-01 1.345347231200000e+00 1.517331908700000e+00 2.478399615500000e+00
8.600000000000000e-01 1.345408841800000e+00 1.517410059200000e+00 2.478557504800000e+00
8.620000000000000e-01 1.345551756100000e+00 1.517592784800000e+00 2.478943574600000e+00
8.640000000000000e-01 1.345664937700000e+00 1.517744924800000e+00 2.479265320200000e+00
8.660000000000000e-01 1.345497595700000e+00 1.517565680300000e+00 2.478871893600000e+00
8.680000000000000e-01 1.343370991200000e+00 1.515061072300000e+00 2.473460460000000e+00
8.700000000000000e-01 1.332038344800000e+00 1.501577492700000e+00 2.444531206500000e+00
8.720000000000000e-01 1.289716535800000e+00 1.450403760100000e+00 2.337373012700000e+00
8.740000000000000e-01 1.171979537400000e+00 1.298892364900000e+00 2.044216283100000e+00
8.760000000000000e-01 9.585458639000000e-01 9.888886983000000e-01 1.539039078300000e+00
8.780000000000000e-01 7.513201578000001e-01 6.089830567000000e-01 1.071869716300000e+00
8.800000000000000e-01 6.165380465000000e-01 3.008220976000000e-01 7.869387450000001e-01
8.820000000000000e-01 5.479994257000000e-01 1.251615478000000e-01 6.542873317000000e-01
8.840000000000000e-01 5.183605148000000e-01 4.736616750000000e-02 6.015170086000000e-01
8.860000000000000e-01 5.067481029999999e-01 1.723139310000000e-02 5.819689829000000e-01
8.880000000000000e-01 5.024334881000000e-01 6.179456800000000e-03 5.749164569000000e-01
8.900000000000000e-01 5.008700303000000e-01 2.203826200000000e-03 5.723945328000000e-01
8.920000000000000e-01 5.003095359000000e-01 7.832728000000000e-04 5.714953549000000e-01
8.940000000000000e-01 5.001095241000000e-01 2.770385000000000e-04 5.711751683000000e-01
8.960000000000000e-01 5.000383496000000e-01 9.698980000000000e-05 5.710613211000000e-01
8.980000000000000e-01 5.000131229000000e-01 3.318720000000000e-05 5.710209818000000e-01
9.000000000000000e-01 5.000042689999999e-01 1.079590000000000e-05 5.710068254000000e-01
9.020000000000000e-01 5.000012451000000e-01 3.148800000000000e-06 5.710019907000000e-01
9.040000000000000e-01 5.000002896000000e-01 7.324000000000000e-07 5.710004630000000e-01
9.060000000000000e-01 5.000000466000000e-01 1.178000000000000e-07 5.710000745000000e-01
9.080000000000000e-01 5.000000053000000e-01 1.340000000000000e-08 5.710000085000000e-01
9.100000000000000e-01 5.000000005000000e-01 1.300000000000000e-09 5.710000008000000e-01
9.120000000000000e-01 5.000000000000000e-01 1.000000000000000e-10 5.710000001000000e-01
9.140000000000000e-01 5.000000000000000e-01 0.000000000000000e+00 5.710000000000000e-01
9.160000000000000e-01 5.000000000000000e-01 0.000000000000000e+00 5.710000000000000e-01
9.180000000000000e-01 5.000000000000000e-01 0.000000000000000e+00 5.710000000000000e-01
9.200000000000000e-01 5.000000000000000e-01 0.000000000000000e+00 5.710000000000000e-01
9.220000000000000e-01 5.000000000000000e-01 0.000000000000000e+00 5.710000000000000e-01
9.240000000000000e-01 5.000000000000000e-01 0.000000000000000e+00 5.710000000000000e-01
9.260000000000000e-01 5.000000000000000e-01 0.000000000000000e+00 5.710000000000000e-01
9.280000000000000e-01 5.000000000000000e-01 0.000000000000000e+00 5.710000000000000e-01
9.300000000000000e-01 5.000000000000000e-01 0.000000000000000e+00 5.710000000000000e-01
9.320000000000001e-01 5.000000000000000e-01 0.000000000000000e+00 5.710000000000000e-01
9.340000000000001e-01 5.000000000000000e-01 0.000000000000000e+00 5.710000000000000e-01
9.360000000000001e-01 5.000000000000000e-01 0.000000000000000e+00 5.710000000000000e-01
9.379999999999999e-01 5.000000000000000e-01 0.000000000000000e+00 5.710000000000000e-01
9.399999999999999e-01 5.000000000000000e-01 0.000000000000000e+00 5.710000000000000e-01
9.419999999999999e-01 5.000000000000000e-01 0.000000000000000e+00 5.710000000000000e-01
9.440000000000000e-01 5.000000000000000e-01 0.000000000000000e+00 5.710000000000000e-01
9.460000000000000e-01 5.000000000000000e-01 0.000000000000000e+00 5.710000000000000e-01
9.480000000000000e-01 5.000000000000000e-01 0.000000000000000e+00 5.710000000000000e-01
9.500000000000000e-01 5.000000000000000e-01 0.000000000000000e+00 5.710000000000000e-01
9.520000000000000e-01 5.000000000000000e-01 0.000000000000000e+00 5.710000000000000e-01
9.540000000000000e-01 5.000000000000000e-01 0.000000000000000e+00 5.710000000000000e-01
9.560000000000000e-01 5.000000000000000e-01 0.000000000000000e+00 5.710000000000000e-01
9.580000000000000e-01 5.000000000000000e-01 0.000000000000000e+00 5.710000000000000e-01
9.600000000000000e-01 5.000000000000000e-01 0.000000000000000e+00 5.710000000000000e-01
9.620000000000000e-01 5.000000000000000e-01 0.000000000000000e+00 5.710000000000000e-01
9.640000000000000e-01 5.000000000000000e-01 0.000000000000000e+00 5.710000000000000e-01
9.660000000000000e-01 5.000000000000000e-01 0.000000000000000e+00 5.710000000000000e-01
9.680000000000000e-01 5.000000000000000e-01 0.000000000000000e+00 5.710000000000000e-01
9.700000000000000e-01 5.000000000000000e-01 0.000000000000000e+00 5.710000000000000e-01
9.720000000000000e-01 5.000000000000000e-01 0.000000000000000e+00 5.710000000000000e-01
9.740000000000000e-01 5.000000000000000e-01 0.000000000000000e+00 5.710000000000000e-01
9.760000000000000e-01 5.000000000000000e-01 0.000000000000000e+00 5.710000000000000e-01
9.780000000000000e-01 5.000000000000000e-01 0.000000000000000e+00 5.710000000000000e-01
9.800000000000000e-01 5.000000000000000e-01 0.000000000000000e+00 5.710000000000000e-01
9.820000000000000e-01 5.000000000000000e-01 0.000000000000000e+00 5.710000000000000e-01
9.840000000000000e-01 5.000000000000000e-01 0.000000000000000e+00 5.710000000000000e-01
9.860000000000000e-01 5.000000000000000e-01 0.000000000000000e+00 5.710000000000000e-01
9.880000000000000e-01 5.000000000000000e-01 0.000000000000000e+00 5.710000000000000e-01
9.900000000000000e-01 5.000000000000000e-01 0.000000000000000e+00 5.710000000000000e-01
9.920000000000000e-01 5.000000000000000e-01 0.000000000000000e+00 5.710000000000000e-01
9.940000000000000e-01 5.000000000000000e-01 0.000000000000000e+00 5.710000000000000e-01
9.960000000000000e-01 5.000000000000000e-01 0.000000000000000e+00 5.710000000000000e-01
9.980000000000000e-01 5.000000000000000e-01 0.000000000000000e+00 5.710000000000000e-01
1.000000000000000e+00 5.000000000000000e-01 0.000000000000000e+00 5.710000000000000e-01
