TITLE = "1D Euler Filtered MacCormack Result"
VARIABLES = "x", "rho", "u", "p", "E", "rho_conserved", "rhou", "rhoE", "nu"
ZONE T="t=0.20000000", I=1001, F=POINT
0.0000000000 1.0000000000 0.0000000000 1.0000000000 2.5000000000 1.0000000000 0.0000000000 2.5000000000 0.0000000000
0.0010000000 1.0000000000 0.0000000000 1.0000000000 2.5000000000 1.0000000000 0.0000000000 2.5000000000 0.0000000000
0.0020000000 1.0000000000 0.0000000000 1.0000000000 2.5000000000 1.0000000000 0.0000000000 2.5000000000 0.0000000000
0.0030000000 1.0000000000 0.0000000000 1.0000000000 2.5000000000 1.0000000000 0.0000000000 2.5000000000 0.0000000000
0.0040000000 1.0000000000 0.0000000000 1.0000000000 2.5000000000 1.0000000000 0.0000000000 2.5000000000 0.0000000000
0.0050000000 1.0000000000 0.0000000000 1.0000000000 2.5000000000 1.0000000000 0.0000000000 2.5000000000 0.0000000000
0.0060000000 1.0000000000 0.0000000000 1.0000000000 2.5000000000 1.0000000000 0.0000000000 2.5000000000 0.0000000000
0.0070000000 1.0000000000 0.0000000000 1.0000000000 2.5000000000 1.0000000000 0.0000000000 2.5000000000 0.0000000000
0.0080000000 1.0000000000 0.0000000000 1.0000000000 2.5000000000 1.0000000000 0.0000000000 2.5000000000 0.0000000000
0.0090000000 1.0000000000 0.0000000000 1.0000000000 2.5000000000 1.0000000000 0.0000000000 2.5000000000 0.0000000000
0.0100000000 1.0000000000 0.0000000000 1.0000000000 2.5000000000 1.0000000000 0.0000000000 2.5000000000 0.0000000000
0.0110000000 1.0000000000 0.0000000000 1.0000000000 2.5000000000 1.0000000000 0.0000000000 2.5000000000 0.0000000000
0.0120000000 1.0000000000 0.0000000000 1.0000000000 2.5000000000 1.0000000000 0.0000000000 2.5000000000 0.0000000000
0.0130000000 1.0000000000 0.0000000000 1.0000000000 2.5000000000 1.0000000000 0.0000000000 2.5000000000 0.0000000000
0.0140000000 1.0000000000 0.0000000000 1.0000000000 2.5000000000 1.0000000000 0.0000000000 2.5000000000 0.0000000000
0.0150000000 1.0000000000 0.0000000000 1.0000000000 2.5000000000 1.0000000000 0.0000000000 2.5000000000 0.0000000000
0.0160000000 1.0000000000 0.0000000000 1.0000000000 2.5000000000 1.0000000000 0.0000000000 2.5000000000 0.0000000000
0.0170000000 1.0000000000 0.0000000000 1.0000000000 2.5000000000 1.0000000000 0.0000000000 2.5000000000 0.0000000000
0.0180000000 1.0000000000 0.0000000000 1.0000000000 2.5000000000 1.0000000000 0.0000000000 2.5000000000 0.0000000000
0.0190000000 1.0000000000 0.0000000000 1.0000000000 2.5000000000 1.0000000000 0.0000000000 2.5000000000 0.0000000000
0.0200000000 1.0000000000 0.0000000000 1.0000000000 2.5000000000 1.0000000000 0.0000000000 2.5000000000 0.0000000000
0.0210000000 1.0000000000 0.0000000000 1.0000000000 2.5000000000 1.0000000000 0.0000000000 2.5000000000 0.0000000000
0.0220000000 1.0000000000 0.0000000000 1.0000000000 2.5000000000 1.0000000000 0.0000000000 2.5000000000 0.0000000000
0.0230000000 1.0000000000 0.0000000000 1.0000000000 2.5000000000 1.0000000000 0.0000000000 2.5000000000 0.0000000000
0.0240000000 1.0000000000 0.0000000000 1.0000000000 2.5000000000 1.0000000000 0.0000000000 2.5000000000 0.0000000000
0.0250000000 1.0000000000 0.0000000000 1.0000000000 2.5000000000 1.0000000000 0.0000000000 2.5000000000 0.0000000000
0.0260000000 1.0000000000 0.0000000000 1.0000000000 2.5000000000 1.0000000000 0.0000000000 2.5000000000 0.0000000000
0.0270000000 1.0000000000 0.0000000000 1.0000000000 2.5000000000 1.0000000000 0.0000000000 2.5000000000 0.0000000000
0.0280000000 1.0000000000 0.0000000000 1.0000000000 2.5000000000 1.0000000000 0.0000000000 2.5000000000 0.0000000000
0.0290000000 1.0000000000 0.0000000000 1.0000000000 2.5000000000 1.0000000000 0.0000000000 2.5000000000 0.0000000000
0.0300000000 1.0000000000 0.0000000000 1.0000000000 2.5000000000 1.0000000000 0.0000000000 2.5000000000 0.0000000000
0.0310000000 1.0000000000 0.0000000000 1.0000000000 2.5000000000 1.0000000000 0.0000000000 2.5000000000 0.0000000000
0.0320000000 1.0000000000 0.0000000000 1.0000000000 2.5000000000 1.0000000000 0.0000000000 2.5000000000 0.0000000000
0.0330000000 1.0000000000 0.0000000000 1.0000000000 2.5000000000 1.0000000000 0.0000000000 2.5000000000 0.0000000000
0.0340000000 1.0000000000 0.0000000000 1.0000000000 2.5000000000 1.0000000000 0.0000000000 2.5000000000 0.0000000000
0.0350000000 1.0000000000 0.0000000000 1.0000000000 2.5000000000 1.0000000000 0.0000000000 2.5000000000 0.0000000000
0.0360000000 1.0000000000 0.0000000000 1.0000000000 2.5000000000 1.0000000000 0.0000000000 2.5000000000 0.0000000000
0.0370000000 1.0000000000 0.0000000000 1.0000000000 2.5000000000 1.0000000000 0.0000000000 2.5000000000 0.0000000000
0.0380000000 1.0000000000 0.0000000000 1.0000000000 2.5000000000 1.0000000000 0.0000000000 2.5000000000 0.0000000000
0.0390000000 1.0000000000 0.0000000000 1.0000000000 2.5000000000 1.0000000000 0.0000000000 2.5000000000 0.0000000000
0.0400000000 1.0000000000 0.0000000000 1.0000000000 2.5000000000 1.0000000000 0.0000000000 2.5000000000 0.0000000000
0.0410000000 1.0000000000 0.0000000000 1.0000000000 2.5000000000 1.0000000000 0.0000000000 2.5000000000 0.0000000000
0.0420000000 1.0000000000 0.0000000000 1.0000000000 2.5000000000 1.0000000000 0.0000000000 2.5000000000 0.0000000000
0.0430000000 1.0000000000 0.0000000000 1.0000000000 2.5000000000 1.0000000000 0.0000000000 2.5000000000 0.0000000000
0.0440000000 1.0000000000 0.0000000000 1.0000000000 2.5000000000 1.0000000000 0.0000000000 2.5000000000 0.0000000000
0.0450000000 1.0000000000 0.0000000000 1.0000000000 2.5000000000 1.0000000000 0.0000000000 2.5000000000 0.0000000000
0.0460000000 1.0000000000 0.0000000000 1.0000000000 2.5000000000 1.0000000000 0.0000000000 2.5000000000 0.0000000000
0.0470000000 1.0000000000 0.0000000000 1.0000000000 2.5000000000 1.0000000000 0.0000000000 2.5000000000 0.0000000000
0.0480000000 1.0000000000 0.0000000000 1.0000000000 2.5000000000 1.0000000000 0.0000000000 2.5000000000 0.0000000000
0.0490000000 1.0000000000 0.0000000000 1.0000000000 2.5000000000 1.0000000000 0.0000000000 2.5000000000 0.0000000000
0.0500000000 1.0000000000 0.0000000000 1.0000000000 2.5000000000 1.0000000000 0.0000000000 2.5000000000 0.0000000000
0.0510000000 1.0000000000 0.0000000000 1.0000000000 2.5000000000 1.0000000000 0.0000000000 2.5000000000 0.0000000000
0.0520000000 1.0000000000 0.0000000000 1.0000000000 2.5000000000 1.0000000000 0.0000000000 2.5000000000 0.0000000000
0.0530000000 1.0000000000 0.0000000000 1.0000000000 2.5000000000 1.0000000000 0.0000000000 2.5000000000 0.0000000000
0.0540000000 1.0000000000 0.0000000000 1.0000000000 2.5000000000 1.0000000000 0.0000000000 2.5000000000 0.0000000000
0.0550000000 1.0000000000 0.0000000000 1.0000000000 2.5000000000 1.0000000000 0.0000000000 2.5000000000 0.0000000000
0.0560000000 1.0000000000 0.0000000000 1.0000000000 2.5000000000 1.0000000000 0.0000000000 2.5000000000 0.0000000000
0.0570000000 1.0000000000 0.0000000000 1.0000000000 2.5000000000 1.0000000000 0.0000000000 2.5000000000 0.0000000000
0.0580000000 1.0000000000 0.0000000000 1.0000000000 2.5000000000 1.0000000000 0.0000000000 2.5000000000 0.0000000000
0.0590000000 1.0000000000 0.0000000000 1.0000000000 2.5000000000 1.0000000000 0.0000000000 2.5000000000 0.0000000000
0.0600000000 1.0000000000 0.0000000000 1.0000000000 2.5000000000 1.0000000000 0.0000000000 2.5000000000 0.0000000000
0.0610000000 1.0000000000 0.0000000000 1.0000000000 2.5000000000 1.0000000000 0.0000000000 2.5000000000 0.0000000000
0.0620000000 1.0000000000 0.0000000000 1.0000000000 2.5000000000 1.0000000000 0.0000000000 2.5000000000 0.0000000000
0.0630000000 1.0000000000 0.0000000000 1.0000000000 2.5000000000 1.0000000000 0.0000000000 2.5000000000 0.0000000000
0.0640000000 1.0000000000 0.0000000000 1.0000000000 2.5000000000 1.0000000000 0.0000000000 2.5000000000 0.0000000000
0.0650000000 1.0000000000 0.0000000000 1.0000000000 2.5000000000 1.0000000000 0.0000000000 2.5000000000 0.0000000000
0.0660000000 1.0000000000 0.0000000000 1.0000000000 2.5000000000 1.0000000000 0.0000000000 2.5000000000 0.0000000000
0.0670000000 1.0000000000 0.0000000000 1.0000000000 2.5000000000 1.0000000000 0.0000000000 2.5000000000 0.0000000000
0.0680000000 1.0000000000 0.0000000000 1.0000000000 2.5000000000 1.0000000000 0.0000000000 2.5000000000 0.0000000000
0.0690000000 1.0000000000 0.0000000000 1.0000000000 2.5000000000 1.0000000000 0.0000000000 2.5000000000 0.0000000000
0.0700000000 1.0000000000 0.0000000000 1.0000000000 2.5000000000 1.0000000000 0.0000000000 2.5000000000 0.0000000000
0.0710000000 1.0000000000 0.0000000000 1.0000000000 2.5000000000 1.0000000000 0.0000000000 2.5000000000 0.0000000000
0.0720000000 1.0000000000 0.0000000000 1.0000000000 2.5000000000 1.0000000000 0.0000000000 2.5000000000 0.0000000000
0.0730000000 1.0000000000 0.0000000000 1.0000000000 2.5000000000 1.0000000000 0.0000000000 2.5000000000 0.0000000000
0.0740000000 1.0000000000 0.0000000000 1.0000000000 2.5000000000 1.0000000000 0.0000000000 2.5000000000 0.0000000000
0.0750000000 1.0000000000 0.0000000000 1.0000000000 2.5000000000 1.0000000000 0.0000000000 2.5000000000 0.0000000000
0.0760000000 1.0000000000 0.0000000000 1.0000000000 2.5000000000 1.0000000000 0.0000000000 2.5000000000 0.0000000000
0.0770000000 1.0000000000 0.0000000000 1.0000000000 2.5000000000 1.0000000000 0.0000000000 2.5000000000 0.0000000000
0.0780000000 1.0000000000 0.0000000000 1.0000000000 2.5000000000 1.0000000000 0.0000000000 2.5000000000 0.0000000000
0.0790000000 1.0000000000 0.0000000000 1.0000000000 2.5000000000 1.0000000000 0.0000000000 2.5000000000 0.0000000000
0.0800000000 1.0000000000 0.0000000000 1.0000000000 2.5000000000 1.0000000000 0.0000000000 2.5000000000 0.0000000000
0.0810000000 1.0000000000 0.0000000000 1.0000000000 2.5000000000 1.0000000000 0.0000000000 2.5000000000 0.0000000000
0.0820000000 1.0000000000 0.0000000000 1.0000000000 2.5000000000 1.0000000000 0.0000000000 2.5000000000 0.0000000000
0.0830000000 1.0000000000 0.0000000000 1.0000000000 2.5000000000 1.0000000000 0.0000000000 2.5000000000 0.0000000000
0.0840000000 1.0000000000 0.0000000000 1.0000000000 2.5000000000 1.0000000000 0.0000000000 2.5000000000 0.0000000000
0.0850000000 1.0000000000 0.0000000000 1.0000000000 2.5000000000 1.0000000000 0.0000000000 2.5000000000 0.0000000000
0.0860000000 1.0000000000 0.0000000000 1.0000000000 2.5000000000 1.0000000000 0.0000000000 2.5000000000 0.0000000000
0.0870000000 1.0000000000 0.0000000000 1.0000000000 2.5000000000 1.0000000000 0.0000000000 2.5000000000 0.0000000000
0.0880000000 1.0000000000 0.0000000000 1.0000000000 2.5000000000 1.0000000000 0.0000000000 2.5000000000 0.0000000000
0.0890000000 1.0000000000 0.0000000000 1.0000000000 2.5000000000 1.0000000000 0.0000000000 2.5000000000 0.0000000000
0.0900000000 1.0000000000 0.0000000000 1.0000000000 2.5000000000 1.0000000000 0.0000000000 2.5000000000 0.0000000000
0.0910000000 1.0000000000 0.0000000000 1.0000000000 2.5000000000 1.0000000000 0.0000000000 2.5000000000 0.0000000000
0.0920000000 1.0000000000 0.0000000000 1.0000000000 2.5000000000 1.0000000000 0.0000000000 2.5000000000 0.0000000000
0.0930000000 1.0000000000 0.0000000000 1.0000000000 2.5000000000 1.0000000000 0.0000000000 2.5000000000 0.0000000000
0.0940000000 1.0000000000 0.0000000000 1.0000000000 2.5000000000 1.0000000000 0.0000000000 2.5000000000 0.0000000000
0.0950000000 1.0000000000 0.0000000000 1.0000000000 2.5000000000 1.0000000000 0.0000000000 2.5000000000 0.0000000000
0.0960000000 1.0000000000 0.0000000000 1.0000000000 2.5000000000 1.0000000000 0.0000000000 2.5000000000 0.0000000000
0.0970000000 1.0000000000 0.0000000000 1.0000000000 2.5000000000 1.0000000000 0.0000000000 2.5000000000 0.0000000000
0.0980000000 1.0000000000 0.0000000000 1.0000000000 2.5000000000 1.0000000000 0.0000000000 2.5000000000 0.0000000000
0.0990000000 1.0000000000 0.0000000000 1.0000000000 2.5000000000 1.0000000000 0.0000000000 2.5000000000 0.0000000000
0.1000000000 1.0000000000 0.0000000000 1.0000000000 2.5000000000 1.0000000000 0.0000000000 2.5000000000 0.0000000000
0.1010000000 1.0000000000 0.0000000000 1.0000000000 2.5000000000 1.0000000000 0.0000000000 2.5000000000 0.0000000000
0.1020000000 1.0000000000 0.0000000000 1.0000000000 2.5000000000 1.0000000000 0.0000000000 2.5000000000 0.0000000000
0.1030000000 1.0000000000 0.0000000000 1.0000000000 2.5000000000 1.0000000000 0.0000000000 2.5000000000 0.0000000000
0.1040000000 1.0000000000 0.0000000000 1.0000000000 2.5000000000 1.0000000000 0.0000000000 2.5000000000 0.0000000000
0.1050000000 1.0000000000 0.0000000000 1.0000000000 2.5000000000 1.0000000000 0.0000000000 2.5000000000 0.0000000000
0.1060000000 1.0000000000 0.0000000000 1.0000000000 2.5000000000 1.0000000000 0.0000000000 2.5000000000 0.0000000000
0.1070000000 1.0000000000 0.0000000000 1.0000000000 2.5000000000 1.0000000000 0.0000000000 2.5000000000 0.0000000000
0.1080000000 1.0000000000 0.0000000000 1.0000000000 2.5000000000 1.0000000000 0.0000000000 2.5000000000 0.0000000000
0.1090000000 1.0000000000 0.0000000000 1.0000000000 2.5000000000 1.0000000000 0.0000000000 2.5000000000 0.0000000000
0.1100000000 1.0000000000 0.0000000000 1.0000000000 2.5000000000 1.0000000000 0.0000000000 2.5000000000 0.0000000000
0.1110000000 1.0000000000 0.0000000000 1.0000000000 2.5000000000 1.0000000000 0.0000000000 2.5000000000 0.0000000000
0.1120000000 1.0000000000 0.0000000000 1.0000000000 2.5000000000 1.0000000000 0.0000000000 2.5000000000 0.0000000000
0.1130000000 1.0000000000 0.0000000000 1.0000000000 2.5000000000 1.0000000000 0.0000000000 2.5000000000 0.0000000000
0.1140000000 1.0000000000 0.0000000000 1.0000000000 2.5000000000 1.0000000000 0.0000000000 2.5000000000 0.0000000000
0.1150000000 1.0000000000 0.0000000000 1.0000000000 2.5000000000 1.0000000000 0.0000000000 2.5000000000 0.0000000000
0.1160000000 1.0000000000 0.0000000000 1.0000000000 2.5000000000 1.0000000000 0.0000000000 2.5000000000 0.0000000000
0.1170000000 1.0000000000 0.0000000000 1.0000000000 2.5000000000 1.0000000000 0.0000000000 2.5000000000 0.0000000000
0.1180000000 1.0000000000 0.0000000000 1.0000000000 2.5000000000 1.0000000000 0.0000000000 2.5000000000 0.0000000000
0.1190000000 1.0000000000 0.0000000000 1.0000000000 2.5000000000 1.0000000000 0.0000000000 2.5000000000 0.0000000000
0.1200000000 1.0000000000 0.0000000000 1.0000000000 2.5000000000 1.0000000000 0.0000000000 2.5000000000 0.0000000000
0.1210000000 1.0000000000 0.0000000000 1.0000000000 2.5000000000 1.0000000000 0.0000000000 2.5000000000 0.0000000000
0.1220000000 1.0000000000 0.0000000000 1.0000000000 2.5000000000 1.0000000000 0.0000000000 2.5000000000 0.0000000000
0.1230000000 1.0000000000 0.0000000000 1.0000000000 2.5000000000 1.0000000000 0.0000000000 2.5000000000 0.0000000000
0.1240000000 1.0000000000 0.0000000000 1.0000000000 2.5000000000 1.0000000000 0.0000000000 2.5000000000 0.0000000000
0.1250000000 1.0000000000 0.0000000000 1.0000000000 2.5000000000 1.0000000000 0.0000000000 2.5000000000 0.0000000000
0.1260000000 1.0000000000 0.0000000000 1.0000000000 2.5000000000 1.0000000000 0.0000000000 2.5000000000 0.0000000000
0.1270000000 1.0000000000 0.0000000000 1.0000000000 2.5000000000 1.0000000000 0.0000000000 2.5000000000 0.0000000000
0.1280000000 1.0000000000 0.0000000000 1.0000000000 2.5000000000 1.0000000000 0.0000000000 2.5000000000 0.0000000000
0.1290000000 1.0000000000 0.0000000000 1.0000000000 2.5000000000 1.0000000000 0.0000000000 2.5000000000 0.0000000000
0.1300000000 1.0000000000 0.0000000000 1.0000000000 2.5000000000 1.0000000000 0.0000000000 2.5000000000 0.0000000000
0.1310000000 1.0000000000 0.0000000000 1.0000000000 2.5000000000 1.0000000000 0.0000000000 2.5000000000 0.0000000000
0.1320000000 1.0000000000 0.0000000000 1.0000000000 2.5000000000 1.0000000000 0.0000000000 2.5000000000 0.0000000000
0.1330000000 1.0000000000 0.0000000000 1.0000000000 2.5000000000 1.0000000000 0.0000000000 2.5000000000 0.0000000000
0.1340000000 1.0000000000 0.0000000000 1.0000000000 2.5000000000 1.0000000000 0.0000000000 2.5000000000 0.0000000000
0.1350000000 1.0000000000 0.0000000000 1.0000000000 2.5000000000 1.0000000000 0.0000000000 2.5000000000 0.0000000000
0.1360000000 1.0000000000 0.0000000000 1.0000000000 2.5000000000 1.0000000000 0.0000000000 2.5000000000 0.0000000000
0.1370000000 1.0000000000 0.0000000000 1.0000000000 2.5000000000 1.0000000000 0.0000000000 2.5000000000 0.0000000000
0.1380000000 1.0000000000 0.0000000000 1.0000000000 2.5000000000 1.0000000000 0.0000000000 2.5000000000 0.0000000000
0.1390000000 1.0000000000 0.0000000000 1.0000000000 2.5000000000 1.0000000000 0.0000000000 2.5000000000 0.0000000000
0.1400000000 1.0000000000 0.0000000000 1.0000000000 2.5000000000 1.0000000000 0.0000000000 2.5000000000 0.0000000000
0.1410000000 1.0000000000 0.0000000000 1.0000000000 2.5000000000 1.0000000000 0.0000000000 2.5000000000 0.0000000000
0.1420000000 1.0000000000 0.0000000000 1.0000000000 2.5000000000 1.0000000000 0.0000000000 2.5000000000 0.0000000000
0.1430000000 1.0000000000 0.0000000000 1.0000000000 2.5000000000 1.0000000000 0.0000000000 2.5000000000 0.0000000000
0.1440000000 1.0000000000 0.0000000000 1.0000000000 2.5000000000 1.0000000000 0.0000000000 2.5000000000 0.0000000000
0.1450000000 1.0000000000 0.0000000000 1.0000000000 2.5000000000 1.0000000000 0.0000000000 2.5000000000 0.0000000000
0.1460000000 1.0000000000 0.0000000000 1.0000000000 2.5000000000 1.0000000000 0.0000000000 2.5000000000 0.0000000000
0.1470000000 1.0000000000 0.0000000000 1.0000000000 2.5000000000 1.0000000000 0.0000000000 2.5000000000 0.0000000000
0.1480000000 1.0000000000 0.0000000000 1.0000000000 2.5000000000 1.0000000000 0.0000000000 2.5000000000 0.0000000000
0.1490000000 1.0000000000 0.0000000000 1.0000000000 2.5000000000 1.0000000000 0.0000000000 2.5000000000 0.0000000000
0.1500000000 1.0000000000 0.0000000000 1.0000000000 2.5000000000 1.0000000000 0.0000000000 2.5000000000 0.0000000000
0.1510000000 1.0000000000 0.0000000000 1.0000000000 2.5000000000 1.0000000000 0.0000000000 2.5000000000 0.0000000000
0.1520000000 1.0000000000 0.0000000000 1.0000000000 2.5000000000 1.0000000000 0.0000000000 2.5000000000 0.0000000000
0.1530000000 1.0000000000 0.0000000000 1.0000000000 2.5000000000 1.0000000000 0.0000000000 2.5000000000 0.0000000000
0.1540000000 1.0000000000 0.0000000000 1.0000000000 2.5000000000 1.0000000000 0.0000000000 2.5000000000 0.0000000000
0.1550000000 1.0000000000 0.0000000000 1.0000000000 2.5000000000 1.0000000000 0.0000000000 2.5000000000 0.0000000000
0.1560000000 1.0000000000 0.0000000000 1.0000000000 2.5000000000 1.0000000000 0.0000000000 2.5000000000 0.0000000000
0.1570000000 1.0000000000 0.0000000000 1.0000000000 2.5000000000 1.0000000000 0.0000000000 2.5000000000 0.0000000000
0.1580000000 1.0000000000 0.0000000000 1.0000000000 2.5000000000 1.0000000000 0.0000000000 2.5000000000 0.0000000000
0.1590000000 1.0000000000 0.0000000000 1.0000000000 2.5000000000 1.0000000000 0.0000000000 2.5000000000 0.0000000000
0.1600000000 1.0000000000 0.0000000000 1.0000000000 2.5000000000 1.0000000000 0.0000000000 2.5000000000 0.0000000000
0.1610000000 1.0000000000 0.0000000000 1.0000000000 2.5000000000 1.0000000000 0.0000000000 2.5000000000 0.0000000000
0.1620000000 1.0000000000 0.0000000000 1.0000000000 2.5000000000 1.0000000000 0.0000000000 2.5000000000 0.0000000000
0.1630000000 1.0000000000 0.0000000000 1.0000000000 2.5000000000 1.0000000000 0.0000000000 2.5000000000 0.0000000000
0.1640000000 1.0000000000 0.0000000000 1.0000000000 2.5000000000 1.0000000000 0.0000000000 2.5000000000 0.0000000000
0.1650000000 1.0000000000 0.0000000000 1.0000000000 2.5000000000 1.0000000000 0.0000000000 2.5000000000 0.0000000000
0.1660000000 1.0000000000 0.0000000000 1.0000000000 2.5000000000 1.0000000000 0.0000000000 2.5000000000 0.0000000000
0.1670000000 1.0000000000 0.0000000000 1.0000000000 2.5000000000 1.0000000000 0.0000000000 2.5000000000 0.0000000000
0.1680000000 1.0000000000 0.0000000000 1.0000000000 2.5000000000 1.0000000000 0.0000000000 2.5000000000 0.0000000000
0.1690000000 1.0000000000 0.0000000000 1.0000000000 2.5000000000 1.0000000000 0.0000000000 2.5000000000 0.0000000000
0.1700000000 1.0000000000 0.0000000000 1.0000000000 2.5000000000 1.0000000000 0.0000000000 2.5000000000 0.0000000000
0.1710000000 1.0000000000 0.0000000000 1.0000000000 2.5000000000 1.0000000000 0.0000000000 2.5000000000 0.0000000000
0.1720000000 1.0000000000 0.0000000000 1.0000000000 2.5000000000 1.0000000000 0.0000000000 2.5000000000 0.0000000000
0.1730000000 1.0000000000 0.0000000000 1.0000000000 2.5000000000 1.0000000000 0.0000000000 2.5000000000 0.0000000000
0.1740000000 1.0000000000 0.0000000000 1.0000000000 2.5000000000 1.0000000000 0.0000000000 2.5000000000 0.0000000000
0.1750000000 1.0000000000 0.0000000000 1.0000000000 2.5000000000 1.0000000000 0.0000000000 2.5000000000 0.0000000001
0.1760000000 1.0000000000 0.0000000000 1.0000000000 2.5000000000 1.0000000000 0.0000000000 2.5000000000 0.0000000000
0.1770000000 1.0000000000 0.0000000000 1.0000000000 2.5000000000 1.0000000000 0.0000000000 2.5000000000 0.0000000000
0.1780000000 1.0000000000 0.0000000000 1.0000000000 2.5000000000 1.0000000000 0.0000000000 2.5000000000 0.0000000000
0.1790000000 1.0000000000 0.0000000000 1.0000000000 2.5000000000 1.0000000000 0.0000000000 2.5000000000 0.0000000000
0.1800000000 1.0000000000 0.0000000000 1.0000000000 2.5000000000 1.0000000000 0.0000000000 2.5000000000 0.0000000000
0.1810000000 1.0000000000 0.0000000000 1.0000000000 2.5000000000 1.0000000000 0.0000000000 2.5000000000 0.0000000000
0.1820000000 1.0000000000 0.0000000000 1.0000000000 2.5000000000 1.0000000000 0.0000000000 2.5000000000 0.0000000000
0.1830000000 1.0000000000 0.0000000000 1.0000000000 2.5000000000 1.0000000000 0.0000000000 2.5000000000 0.0000000000
0.1840000000 1.0000000000 0.0000000000 1.0000000000 2.5000000000 1.0000000000 0.0000000000 2.5000000000 0.0000000000
0.1850000000 1.0000000000 0.0000000000 1.0000000000 2.5000000000 1.0000000000 0.0000000000 2.5000000000 0.0000000000
0.1860000000 1.0000000000 0.0000000000 1.0000000000 2.5000000000 1.0000000000 0.0000000000 2.5000000000 0.0000000000
0.1870000000 1.0000000000 0.0000000000 1.0000000000 2.5000000000 1.0000000000 0.0000000000 2.5000000000 0.0000000000
0.1880000000 1.0000000000 0.0000000000 1.0000000000 2.5000000000 1.0000000000 0.0000000000 2.5000000000 0.0000000000
0.1890000000 1.0000000000 0.0000000000 1.0000000000 2.5000000000 1.0000000000 0.0000000000 2.5000000000 0.0000000000
0.1900000000 1.0000000000 0.0000000000 1.0000000000 2.5000000000 1.0000000000 0.0000000000 2.5000000000 0.0000000000
0.1910000000 1.0000000000 0.0000000000 1.0000000000 2.5000000000 1.0000000000 0.0000000000 2.5000000000 0.0000000000
0.1920000000 1.0000000000 0.0000000000 1.0000000000 2.5000000000 1.0000000000 0.0000000000 2.5000000000 0.0000000000
0.1930000000 1.0000000000 0.0000000000 1.0000000000 2.5000000000 1.0000000000 0.0000000000 2.5000000000 0.0000000000
0.1940000000 1.0000000000 0.0000000000 1.0000000000 2.5000000000 1.0000000000 0.0000000000 2.5000000000 0.0000000000
0.1950000000 1.0000000000 0.0000000000 1.0000000000 2.5000000000 1.0000000000 0.0000000000 2.5000000000 0.0000000000
0.1960000000 1.0000000000 0.0000000000 1.0000000000 2.5000000000 1.0000000000 0.0000000000 2.5000000000 0.0000000000
0.1970000000 1.0000000000 0.0000000000 1.0000000000 2.5000000000 1.0000000000 0.0000000000 2.5000000000 0.0000000000
0.1980000000 1.0000000000 0.0000000000 1.0000000000 2.5000000000 1.0000000000 0.0000000000 2.5000000000 0.0000000000
0.1990000000 1.0000000000 0.0000000000 1.0000000000 2.5000000000 1.0000000000 0.0000000000 2.5000000000 0.0000000000
0.2000000000 1.0000000000 0.0000000000 1.0000000000 2.5000000000 1.0000000000 0.0000000000 2.5000000000 0.0000000000
0.2010000000 1.0000000000 0.0000000000 1.0000000000 2.5000000000 1.0000000000 0.0000000000 2.5000000000 0.0000000000
0.2020000000 1.0000000000 0.0000000000 1.0000000000 2.5000000000 1.0000000000 0.0000000000 2.5000000000 0.0000000001
0.2030000000 1.0000000000 0.0000000000 1.0000000000 2.5000000000 1.0000000000 0.0000000000 2.5000000000 0.0000000005
0.2040000000 1.0000000000 0.0000000000 1.0000000000 2.5000000000 1.0000000000 0.0000000000 2.5000000000 0.0000000009
0.2050000000 1.0000000000 0.0000000000 1.0000000000 2.5000000000 1.0000000000 0.0000000000 2.5000000000 0.0000000023
0.2060000000 1.0000000000 0.0000000000 1.0000000000 2.5000000000 1.0000000000 0.0000000000 2.5000000000 0.0000000050
0.2070000000 1.0000000000 0.0000000000 1.0000000000 2.5000000000 1.0000000000 0.0000000000 2.5000000000 0.0000000103
0.2080000000 1.0000000000 0.0000000000 1.0000000000 2.5000000000 1.0000000000 0.0000000000 2.5000000000 0.0000000220
0.2090000000 1.0000000000 0.0000000000 1.0000000000 2.5000000000 1.0000000000 0.0000000000 2.5000000000 0.0000000461
0.2100000000 1.0000000000 0.0000000000 1.0000000000 2.5000000000 1.0000000000 0.0000000000 2.5000000000 0.0000000956
0.2110000000 1.0000000000 0.0000000000 1.0000000000 2.5000000000 1.0000000000 0.0000000000 2.5000000000 0.0000001969
0.2120000000 1.0000000000 0.0000000000 1.0000000000 2.5000000000 1.0000000000 0.0000000000 2.5000000000 0.0000004026
0.2130000000 1.0000000000 0.0000000000 1.0000000000 2.5000000000 1.0000000000 0.0000000000 2.5000000000 0.0000008155
0.2140000000 1.0000000000 0.0000000000 1.0000000000 2.5000000000 1.0000000000 0.0000000000 2.4999999999 0.0000016385
0.2150000000 1.0000000000 0.0000000001 0.9999999999 2.5000000000 1.0000000000 0.0000000001 2.4999999998 0.0000032634
0.2160000000 0.9999999999 0.0000000001 0.9999999999 2.4999999999 0.9999999999 0.0000000001 2.4999999997 0.0000064430
0.2170000000 0.9999999998 0.0000000002 0.9999999997 2.4999999998 0.9999999998 0.0000000002 2.4999999994 0.0000126073
0.2180000000 0.9999999996 0.0000000004 0.9999999995 2.4999999996 0.9999999996 0.0000000004 2.4999999987 0.0000244437
0.2190000000 0.9999999993 0.0000000009 0.9999999990 2.4999999993 0.9999999993 0.0000000009 2.4999999975 0.0000469423
0.2200000000 0.9999999986 0.0000000017 0.9999999980 2.4999999986 0.9999999986 0.0000000017 2.4999999950 0.0000892405
0.2210000000 0.9999999973 0.0000000032 0.9999999962 2.4999999973 0.9999999973 0.0000000032 2.4999999904 0.0001677809
0.2220000000 0.9999999947 0.0000000062 0.9999999926 2.4999999947 0.9999999947 0.0000000062 2.4999999816 0.0003114528
0.2230000000 0.9999999900 0.0000000118 0.9999999860 2.4999999900 0.9999999900 0.0000000118 2.4999999650 0.0005692486
0.2240000000 0.9999999812 0.0000000222 0.9999999737 2.4999999812 0.9999999812 0.0000000222 2.4999999342 0.0010196902
0.2250000000 0.9999999650 0.0000000414 0.9999999510 2.4999999650 0.9999999650 0.0000000414 2.4999998776 0.0017771388
0.2260000000 0.9999999357 0.0000000760 0.9999999100 2.4999999357 0.9999999357 0.0000000760 2.4999997751 0.0029814995
0.2270000000 0.9999998836 0.0000001377 0.9999998370 2.4999998836 0.9999998836 0.0000001377 2.4999995926 0.0047497041
0.2280000000 0.9999997927 0.0000002453 0.9999997098 2.4999997927 0.9999997927 0.0000002453 2.4999992744 0.0070826869
0.2290000000 0.9999996380 0.0000004283 0.9999994933 2.4999996380 0.9999996380 0.0000004283 2.4999987331 0.0097840397
0.2300000000 0.9999993817 0.0000007316 0.9999991344 2.4999993817 0.9999993817 0.0000007316 2.4999978359 0.0124964006
0.2310000000 0.9999989679 0.0000012212 0.9999985551 2.4999989679 0.9999989679 0.0000012212 2.4999963876 0.0148679854
0.2320000000 0.9999983162 0.0000019923 0.9999976427 2.4999983162 0.9999983162 0.0000019923 2.4999941068 0.0167027166
0.2330000000 0.9999973120 0.0000031805 0.9999962368 2.4999973120 0.9999973120 0.0000031804 2.4999905921 0.0179781432
0.2340000000 0.9999957930 0.0000049778 0.9999941102 2.4999957930 0.9999957930 0.0000049778 2.4999852755 0.0187736623
0.2350000000 0.9999935310 0.0000076542 0.9999909434 2.4999935310 0.9999935310 0.0000076542 2.4999773586 0.0191979364
0.2360000000 0.9999902077 0.0000115864 0.9999862908 2.4999902078 0.9999902077 0.0000115863 2.4999657271 0.0193500964
0.2370000000 0.9999853829 0.0000172953 0.9999795361 2.4999853830 0.9999853829 0.0000172951 2.4999488403 0.0193075927
0.2380000000 0.9999784534 0.0000254945 0.9999698349 2.4999784537 0.9999784534 0.0000254939 2.4999245877 0.0191265858
0.2390000000 0.9999686020 0.0000371511 0.9999560431 2.4999686025 0.9999686020 0.0000371499 2.4998901084 0.0188462343
0.2400000000 0.9999547327 0.0000535619 0.9999366264 2.4999547338 0.9999547327 0.0000535594 2.4998415675 0.0184932493
0.2410000000 0.9999353938 0.0000764449 0.9999095526 2.4999353959 0.9999353938 0.0000764399 2.4997738845 0.0180856066
0.2420000000 0.9999086855 0.0001080483 0.9998721624 2.4999086898 0.9999086855 0.0001080385 2.4996804118 0.0176352900
0.2430000000 0.9998721543 0.0001512760 0.9998210213 2.4998721626 0.9998721543 0.0001512567 2.4995525647 0.0171502305
0.2440000000 0.9998226753 0.0002098269 0.9997517555 2.4998226911 0.9998226753 0.0002097897 2.4993794107 0.0166356532
0.2450000000 0.9997563264 0.0002883440 0.9996588759 2.4997563560 0.9997563264 0.0002882738 2.4991472312 0.0160950089
0.2460000000 0.9996682619 0.0003925654 0.9995356016 2.4996683162 0.9996682619 0.0003924351 2.4988390810 0.0155306257
0.2470000000 0.9995525944 0.0005294644 0.9993736953 2.4995526921 0.9995525944 0.0005292275 2.4984343783 0.0149441704
0.2480000000 0.9994022982 0.0007073665 0.9991633292 2.4994024706 0.9994022982 0.0007069437 2.4979085732 0.0143369870
0.2490000000 0.9992091493 0.0009360220 0.9988930035 2.4992094478 0.9992091493 0.0009352817 2.4972329464 0.0137103500
0.2500000000 0.9989637210 0.0012266164 0.9985495408 2.4989642279 0.9989637210 0.0012253453 2.4963746036 0.0130656607
0.2510000000 0.9986554495 0.0015916967 0.9981181836 2.4986562938 0.9986554495 0.0015895566 2.4952967241 0.0124045998
0.2520000000 0.9982727884 0.0020449965 0.9975828127 2.4982741672 0.9982727884 0.0020414643 2.4939591191 0.0117292454
0.2530000000 0.9978034591 0.0026011476 0.9969263035 2.4978056665 0.9978034591 0.0025954341 2.4923191343 0.0110421565
0.2540000000 0.9972348002 0.0032752774 0.9961310211 2.4972382643 0.9972348002 0.0032662206 2.4903329017 0.0103464237
0.2550000000 0.9965542062 0.0040824996 0.9951794405 2.4965595352 0.9965542062 0.0040684322 2.4879569058 0.0096456830
0.2560000000 0.9957496343 0.0050373268 0.9940548618 2.4957576707 0.9957496343 0.0050159164 2.4851497879 0.0089440909
0.2570000000 0.9948101456 0.0061530391 0.9927421732 2.4948220278 0.9948101456 0.0061211058 2.4818742647 0.0082462599
0.2580000000 0.9937264372 0.0074410617 0.9912285991 2.4937436662 0.9937264372 0.0073943797 2.4780990087 0.0075571553
0.2590000000 0.9924913187 0.0089104035 0.9895043677 2.4925158257 0.9924913187 0.0088434981 2.4738003189 0.0068819563
0.2600000000 0.9911000864 0.0105672120 0.9875632326 2.4911342976 0.9911000864 0.0104731647 2.4689634176 0.0062258883
0.2610000000 0.9895507572 0.0124144864 0.9854027945 2.4895976509 0.9895507572 0.0122847644 2.4635832407 0.0055940365
0.2620000000 0.9878441409 0.0144519779 0.9830245926 2.4879072925 0.9878441409 0.0142763017 2.4576646420 0.0049911520
0.2630000000 0.9859837429 0.0166762839 0.9804339579 2.4860673543 0.9859837429 0.0164425448 2.4512219950 0.0044214629
0.2640000000 0.9839755132 0.0190811226 0.9776396474 2.4840844242 0.9839755132 0.0187753574 2.4442782461 0.0038885064
0.2650000000 0.9818274694 0.0216577546 0.9746533039 2.4819671510 0.9818274694 0.0212641784 2.4368635270 0.0033949923
0.2660000000 0.9795492356 0.0243955069 0.9714887974 2.4797257659 0.9795492356 0.0238966001 2.4290134784 0.0029427100
0.2670000000 0.9771515417 0.0272823459 0.9681615149 2.4773715680 0.9771515417 0.0266589864 2.4207674470 0.0025324863
0.2680000000 0.9746457284 0.0303054505 0.9646876592 2.4749164181 0.9746457284 0.0295370779 2.4121667152 0.0021641968
0.2690000000 0.9720432935 0.0334517404 0.9610836100 2.4723722785 0.9720432935 0.0325165399 2.4032528924 0.0018368294
0.2700000000 0.9693555064 0.0367083293 0.9573653830 2.4697508248 0.9693555064 0.0355834211 2.3940665614 0.0015485937
0.2710000000 0.9665931062 0.0400628846 0.9535482084 2.4670631455 0.9665931062 0.0387245080 2.3846462289 0.0012970650
0.2720000000 0.9637660869 0.0435038869 0.9496462337 2.4643195300 0.9637660869 0.0419275708 2.3750275904 0.0010793491
0.2730000000 0.9608835652 0.0470207942 0.9456723420 2.4615293423 0.9608835652 0.0451815084 2.3652430902 0.0008922548
0.2740000000 0.9579537184 0.0506041235 0.9416380717 2.4587009655 0.9579537184 0.0484764083 2.3553217324 0.0007324577
0.2750000000 0.9549837813 0.0542454642 0.9375536157 2.4558418046 0.9549837813 0.0518035385 2.3452890928 0.0005966455
0.2760000000 0.9519800829 0.0579374419 0.9334278786 2.4529583305 0.9519800829 0.0551552908 2.3351674748 0.0004816367
0.2770000000 0.9489481125 0.0616736485 0.9292685728 2.4500561508 0.9489481125 0.0585250923 2.3249761599 0.0003844677
0.2780000000 0.9458926007 0.0654485517 0.9250823352 2.4471400961 0.9458926007 0.0619073008 2.3147317097 0.0003024499
0.2790000000 0.9428176065 0.0692573973 0.9208748533 2.4442143112 0.9428176065 0.0652970936 2.3044482866 0.0002331983
0.2800000000 0.9397266047 0.0730961097 0.9166509882 2.4412823454 0.9397266047 0.0686903590 2.2941379695 0.0001746373
0.2810000000 0.9366225675 0.0769611979 0.9124148917 2.4383472367 0.9366225675 0.0720835948 2.2838110492 0.0001249891
0.2820000000 0.9335080390 0.0808496702 0.9081701117 2.4354115884 0.9335080390 0.0754738171 2.2734762960 0.0000827499
0.2830000000 0.9303852010 0.0847589575 0.9039196851 2.4324776358 0.9303852010 0.0788584797 2.2631411940 0.0000466598
0.2840000000 0.9272559300 0.0886868474 0.8996662183 2.4295473046 0.9272559300 0.0822354051 2.2528121453 0.0000156692
0.2850000000 0.9241218458 0.0926314270 0.8954119565 2.4266222608 0.9241218458 0.0856027253 2.2424946426 0.0000110763
0.2860000000 0.9209843514 0.0965910359 0.8911588399 2.4237039524 0.9209843514 0.0889588325 2.2321934126 0.0000342403
0.2870000000 0.9178446659 0.1005642300 0.8869085485 2.4207936386 0.9178446659 0.0923023421 2.2219125283 0.0000543874
0.2880000000 0.9147038515 0.1045497486 0.8826625421 2.4178924198 0.9147038515 0.0956320577 2.2116555090 0.0000719978
0.2890000000 0.9115628380 0.1085464860 0.8784220931 2.4150012621 0.9115628380 0.0989469428 2.2014254042 0.0000874653
0.2900000000 0.9084224418 0.1125534690 0.8741883150 2.4121210167 0.9084224418 0.1022460971 2.1912248641 0.0001011143
0.2910000000 0.9052833831 0.1165698369 0.8699621854 2.4092524375 0.9052833831 0.1055287363 2.1810561974 0.0001132127
0.2920000000 0.9021462989 0.1205948261 0.8657445651 2.4063961941 0.9021462989 0.1087941761 2.1709214202 0.0001239825
0.2930000000 0.8990117551 0.1246277562 0.8615362146 2.4035528838 0.8990117551 0.1120418178 2.1608222966 0.0001336082
0.2940000000 0.8958802558 0.1286680188 0.8573378071 2.4007230412 0.8958802558 0.1152711376 2.1507603722 0.0001422442
0.2950000000 0.8927522512 0.1327150683 0.8531499405 2.3979071464 0.8927522512 0.1184816760 2.1407370032 0.0001500203
0.2960000000 0.8896281450 0.1367684136 0.8489731468 2.3951056320 0.8896281450 0.1216730301 2.1307533806 0.0001570459
0.2970000000 0.8865082996 0.1408276116 0.8448078998 2.3923188889 0.8865082996 0.1248448465 2.1208105503 0.0001634141
0.2980000000 0.8833930414 0.1448922611 0.8406546230 2.3895472711 0.8833930414 0.1279968152 2.1109094314 0.0001692039
0.2990000000 0.8802826649 0.1489619981 0.8365136947 2.3867911005 0.8802826649 0.1311286646 2.1010508306 0.0001744831
0.3000000000 0.8771774366 0.1530364913 0.8323854536 2.3840506701 0.8771774366 0.1342401571 2.0912354554 0.0001793102
0.3010000000 0.8740775976 0.1571154388 0.8282702034 2.3813262474 0.8740775976 0.1373310853 2.0814639254 0.0001837353
0.3020000000 0.8709833670 0.1611985644 0.8241682162 2.3786180774 0.8709833670 0.1404012684 2.0717367819 0.0001878023
0.3030000000 0.8678949440 0.1652856152 0.8200797361 2.3759263844 0.8678949440 0.1434505497 2.0620544963 0.0001915491
0.3040000000 0.8648125096 0.1693763591 0.8160049821 2.3732513749 0.8648125096 0.1464787942 2.0524174776 0.0001950089
0.3050000000 0.8617362292 0.1734705825 0.8119441507 2.3705932388 0.8617362292 0.1494858857 2.0428260786 0.0001982108
0.3060000000 0.8586662534 0.1775680888 0.8078974183 2.3679521513 0.8586662534 0.1524717256 2.0332806021 0.0002011804
0.3070000000 0.8556027201 0.1816686964 0.8038649427 2.3653282744 0.8556027201 0.1554362308 2.0237813055 0.0002039401
0.3080000000 0.8525457551 0.1857722373 0.7998468655 2.3627217579 0.8525457551 0.1583793324 2.0143284052 0.0002065098
0.3090000000 0.8494954738 0.1898785562 0.7958433131 2.3601327407 0.8494954738 0.1613009740 2.0049220809 0.0002089072
0.3100000000 0.8464519818 0.1939875087 0.7918543986 2.3575613520 0.8464519818 0.1642011112 1.9955624786 0.0002111480
0.3110000000 0.8434153758 0.1980989609 0.7878802223 2.3550077118 0.8434153758 0.1670797095 1.9862497142 0.0002132463
0.3120000000 0.8403857445 0.2022127881 0.7839208738 2.3524719319 0.8403857445 0.1699367445 1.9769838760 0.0002152144
0.3130000000 0.8373631695 0.2063288743 0.7799764321 2.3499541165 0.8373631695 0.1727722002 1.9677650271 0.0002170636
0.3140000000 0.8343477253 0.2104471112 0.7760469670 2.3474543630 0.8343477253 0.1755860685 1.9585932079 0.0002188038
0.3150000000 0.8313394804 0.2145673976 0.7721325395 2.3449727624 0.8313394804 0.1783783488 1.9494684379 0.0002204441
0.3160000000 0.8283384978 0.2186896390 0.7682332031 2.3425094002 0.8283384978 0.1811490470 1.9403907176 0.0002219926
0.3170000000 0.8253448351 0.2228137467 0.7643490038 2.3400643561 0.8253448351 0.1838981750 1.9313600302 0.0002234567
0.3180000000 0.8223585453 0.2269396379 0.7604799810 2.3376377052 0.8223585453 0.1866257505 1.9223763427 0.0002248429
0.3190000000 0.8193796768 0.2310672346 0.7566261682 2.3352295179 0.8193796768 0.1893317960 1.9134396077 0.0002261573
0.3200000000 0.8164082741 0.2351964637 0.7527875930 2.3328398607 0.8164082741 0.1920163390 1.9045497644 0.0002274054
0.3210000000 0.8134443778 0.2393272564 0.7489642780 2.3304687959 0.8134443778 0.1946794112 1.8957067397 0.0002285921
0.3220000000 0.8104880252 0.2434595481 0.7451562410 2.3281163823 0.8104880252 0.1973210484 1.8869104492 0.0002297218
0.3230000000 0.8075392503 0.2475932778 0.7413634954 2.3257826756 0.8075392503 0.1999412899 1.8781607981 0.0002307988
0.3240000000 0.8045980839 0.2517283879 0.7375860503 2.3234677280 0.8045980839 0.2025401786 1.8694576820 0.0002318267
0.3250000000 0.8016645544 0.2558648242 0.7338239112 2.3211715893 0.8016645544 0.2051177603 1.8608009878 0.0002328091
0.3260000000 0.7987386874 0.2600025356 0.7300770801 2.3188943062 0.7987386874 0.2076740840 1.8521905944 0.0002337492
0.3270000000 0.7958205061 0.2641414734 0.7263455555 2.3166359233 0.7958205061 0.2102092011 1.8436263729 0.0002346497
0.3280000000 0.7929100315 0.2682815920 0.7226293333 2.3143964826 0.7929100315 0.2127231655 1.8351081879 0.0002355133
0.3290000000 0.7900072826 0.2724228478 0.7189284060 2.3121760240 0.7900072826 0.2152160337 1.8266358975 0.0002363425
0.3300000000 0.7871122762 0.2765651998 0.7152427641 2.3099745854 0.7871122762 0.2176878640 1.8182093540 0.0002371396
0.3310000000 0.7842250277 0.2807086090 0.7115723951 2.3077922029 0.7842250277 0.2201387167 1.8098284042 0.0002379066
0.3320000000 0.7813455503 0.2848530384 0.7079172845 2.3056289108 0.7813455503 0.2225686541 1.8014928900 0.0002386454
0.3330000000 0.7784738560 0.2889984528 0.7042774158 2.3034847416 0.7784738560 0.2249777399 1.7932026490 0.0002393579
0.3340000000 0.7756099551 0.2931448188 0.7006527703 2.3013597263 0.7756099551 0.2273660398 1.7849575141 0.0002400457
0.3350000000 0.7727538567 0.2972921047 0.6970433275 2.2992538946 0.7727538567 0.2297336205 1.7767573146 0.0002407102
0.3360000000 0.7699055684 0.3014402802 0.6934490653 2.2971672747 0.7699055684 0.2320805503 1.7686018763 0.0002413529
0.3370000000 0.7670650966 0.3055893166 0.6898699598 2.2950998935 0.7670650966 0.2344068987 1.7604910214 0.0002419751
0.3380000000 0.7642324466 0.3097391865 0.6863059857 2.2930517767 0.7642324466 0.2367127363 1.7524245694 0.0002425780
0.3390000000 0.7614076226 0.3138898637 0.6827571163 2.2910229489 0.7614076226 0.2389981348 1.7444023369 0.0002431628
0.3400000000 0.7585906278 0.3180413232 0.6792233237 2.2890134336 0.7585906278 0.2412631670 1.7364241377 0.0002437304
0.3410000000 0.7557814645 0.3221935414 0.6757045785 2.2870232533 0.7557814645 0.2435079065 1.7284897836 0.0002442820
0.3420000000 0.7529801338 0.3263464954 0.6722008503 2.2850524295 0.7529801338 0.2457324278 1.7205990841 0.0002448184
0.3430000000 0.7501866364 0.3305001635 0.6687121077 2.2831009828 0.7501866364 0.2479368060 1.7127518468 0.0002453404
0.3440000000 0.7474009718 0.3346545251 0.6652383182 2.2811689331 0.7474009718 0.2501211173 1.7049478774 0.0002458489
0.3450000000 0.7446231389 0.3388095602 0.6617794483 2.2792562993 0.7446231389 0.2522854382 1.6971869800 0.0002463445
0.3460000000 0.7418531360 0.3429652498 0.6583354638 2.2773630996 0.7418531360 0.2544298461 1.6894689572 0.0002468282
0.3470000000 0.7390909605 0.3471215757 0.6549063294 2.2754893515 0.7390909605 0.2565544188 1.6817936105 0.0002473004
0.3480000000 0.7363366094 0.3512785206 0.6514920092 2.2736350718 0.7363366094 0.2586592348 1.6741607397 0.0002477617
0.3490000000 0.7335900788 0.3554360676 0.6480924667 2.2718002767 0.7335900788 0.2607443728 1.6665701439 0.0002482129
0.3500000000 0.7308513645 0.3595942008 0.6447076644 2.2699849817 0.7308513645 0.2628099123 1.6590216212 0.0002486543
0.3510000000 0.7281204616 0.3637529047 0.6413375645 2.2681892018 0.7281204616 0.2648559329 1.6515149686 0.0002490865
0.3520000000 0.7253973648 0.3679121647 0.6379821283 2.2664129514 0.7253973648 0.2668825147 1.6440499826 0.0002495101
0.3530000000 0.7226820683 0.3720719664 0.6346413167 2.2646562444 0.7226820683 0.2688897383 1.6366264587 0.0002499254
0.3540000000 0.7199745657 0.3762322964 0.6313150902 2.2629190942 0.7199745657 0.2708776842 1.6292441921 0.0002503329
0.3550000000 0.7172748504 0.3803931414 0.6280034086 2.2612015137 0.7172748504 0.2728464336 1.6219029774 0.0002507330
0.3560000000 0.7145829152 0.3845544890 0.6247062312 2.2595035153 0.7145829152 0.2747960678 1.6146026088 0.0002511261
0.3570000000 0.7118987525 0.3887163268 0.6214235172 2.2578251111 0.7118987525 0.2767266682 1.6073428800 0.0002515125
0.3580000000 0.7092223546 0.3928786434 0.6181552251 2.2561663127 0.7092223546 0.2786383165 1.6001235846 0.0002518926
0.3590000000 0.7065537130 0.3970414273 0.6149013131 2.2545271314 0.7065537130 0.2805310947 1.5929445159 0.0002522666
0.3600000000 0.7038928194 0.4012046678 0.6116617391 2.2529075781 0.7038928194 0.2824050848 1.5858054670 0.0002526350
0.3610000000 0.7012396647 0.4053683545 0.6084364608 2.2513076631 0.7012396647 0.2842603690 1.5787062309 0.0002529980
0.3620000000 0.6985942399 0.4095324771 0.6052254353 2.2497273968 0.6985942399 0.2860970295 1.5716466008 0.0002533559
0.3630000000 0.6959565354 0.4136970259 0.6020286196 2.2481667890 0.6959565354 0.2879151489 1.5646263695 0.0002537089
0.3640000000 0.6933265415 0.4178619916 0.5988459706 2.2466258492 0.6933265415 0.2897148095 1.5576453302 0.0002540572
0.3650000000 0.6907042483 0.4220273651 0.5956774447 2.2451045867 0.6907042483 0.2914960940 1.5507032759 0.0002544012
0.3660000000 0.6880896455 0.4261931375 0.5925229981 2.2436030105 0.6880896455 0.2932590849 1.5438000001 0.0002547411
0.3670000000 0.6854827226 0.4303593002 0.5893825871 2.2421211293 0.6854827226 0.2950038648 1.5369352961 0.0002550770
0.3680000000 0.6828834690 0.4345258452 0.5862561674 2.2406589515 0.6828834690 0.2967305165 1.5301089577 0.0002554093
0.3690000000 0.6802918739 0.4386927642 0.5831436948 2.2392164853 0.6802918739 0.2984391227 1.5233207789 0.0002557380
0.3700000000 0.6777079261 0.4428600497 0.5800451249 2.2377937388 0.6777079261 0.3001297659 1.5165705538 0.0002560634
0.3710000000 0.6751316145 0.4470276941 0.5769604132 2.2363907196 0.6751316145 0.3018025288 1.5098580772 0.0002563857
0.3720000000 0.6725629276 0.4511956900 0.5738895148 2.2350074354 0.6725629276 0.3034574942 1.5031831439 0.0002567050
0.3730000000 0.6700018538 0.4553640304 0.5708323852 2.2336438934 0.6700018538 0.3050947445 1.4965455492 0.0002570215
0.3740000000 0.6674483814 0.4595327084 0.5677889793 2.2323001008 0.6674483814 0.3067143624 1.4899450890 0.0002573354
0.3750000000 0.6649024985 0.4637017172 0.5647592522 2.2309760646 0.6649024985 0.3083164303 1.4833815595 0.0002576468
0.3760000000 0.6623641932 0.4678710502 0.5617431587 2.2296717914 0.6623641932 0.3099010307 1.4768547572 0.0002579560
0.3770000000 0.6598334532 0.4720407011 0.5587406539 2.2283872880 0.6598334532 0.3114682459 1.4703644794 0.0002582630
0.3780000000 0.6573102664 0.4762106637 0.5557516925 2.2271225606 0.6573102664 0.3130181582 1.4639105237 0.0002585680
0.3790000000 0.6547946204 0.4803809317 0.5527762293 2.2258776157 0.6547946204 0.3145508498 1.4574926884 0.0002588712
0.3800000000 0.6522865027 0.4845514993 0.5498142190 2.2246524592 0.6522865027 0.3160664028 1.4511107723 0.0002591727
0.3810000000 0.6497859007 0.4887223605 0.5468656164 2.2234470973 0.6497859007 0.3175648992 1.4447645747 0.0002594726
0.3820000000 0.6472928017 0.4928935097 0.5439303762 2.2222615356 0.6472928017 0.3190464209 1.4384538956 0.0002597711
0.3830000000 0.6448071931 0.4970649412 0.5410084530 2.2210957799 0.6448071931 0.3205110495 1.4321785356 0.0002600683
0.3840000000 0.6423290621 0.5012366493 0.5380998016 2.2199498357 0.6423290621 0.3219588669 1.4259382959 0.0002603644
0.3850000000 0.6398583957 0.5054086288 0.5352043767 2.2188237085 0.6398583957 0.3233899544 1.4197329784 0.0002606595
0.3860000000 0.6373951810 0.5095808740 0.5323221330 2.2177174035 0.6373951810 0.3248043934 1.4135623858 0.0002609537
0.3870000000 0.6349394050 0.5137533798 0.5294530252 2.2166309260 0.6349394050 0.3262022653 1.4074263212 0.0002612472
0.3880000000 0.6324910547 0.5179261408 0.5265970083 2.2155642810 0.6324910547 0.3275836510 1.4013245888 0.0002615401
0.3890000000 0.6300501169 0.5220991518 0.5237540369 2.2145174735 0.6300501169 0.3289486316 1.3952569930 0.0002618326
0.3900000000 0.6276165786 0.5262724075 0.5209240660 2.2134905082 0.6276165786 0.3302972878 1.3892233395 0.0002621248
0.3910000000 0.6251904266 0.5304459027 0.5181070506 2.2124833901 0.6251904266 0.3316297002 1.3832234344 0.0002624168
0.3920000000 0.6227716477 0.5346196323 0.5153029457 2.2114961236 0.6227716477 0.3329459493 1.3772570847 0.0002627089
0.3930000000 0.6203602287 0.5387935911 0.5125117063 2.2105287134 0.6203602287 0.3342461154 1.3713240982 0.0002630011
0.3940000000 0.6179561565 0.5429677739 0.5097332877 2.2095811640 0.6179561565 0.3355302786 1.3654242835 0.0002632936
0.3950000000 0.6155594178 0.5471421754 0.5069676451 2.2086534796 0.6155594178 0.3367985189 1.3595574499 0.0002635866
0.3960000000 0.6131699994 0.5513167904 0.5042147339 2.2077456645 0.6131699994 0.3380509161 1.3537234077 0.0002638802
0.3970000000 0.6107878881 0.5554916137 0.5014745095 2.2068577229 0.6107878881 0.3392875496 1.3479219680 0.0002641747
0.3980000000 0.6084130709 0.5596666397 0.4987469276 2.2059896589 0.6084130709 0.3405084989 1.3421529427 0.0002644702
0.3990000000 0.6060455345 0.5638418632 0.4960319439 2.2051414765 0.6060455345 0.3417138433 1.3364161447 0.0002647670
0.4000000000 0.6036852658 0.5680172785 0.4933295141 2.2043131796 0.6036852658 0.3429036617 1.3307113877 0.0002650652
0.4010000000 0.6013322517 0.5721928799 0.4906395944 2.2035047721 0.6013322517 0.3440780329 1.3250384863 0.0002653650
0.4020000000 0.5989864794 0.5763686619 0.4879621408 2.2027162576 0.5989864794 0.3452370356 1.3193972562 0.0002656667
0.4030000000 0.5966479358 0.5805446183 0.4852971097 2.2019476398 0.5966479358 0.3463807482 1.3137875140 0.0002659705
0.4040000000 0.5943166080 0.5847207433 0.4826444576 2.2011989223 0.5943166080 0.3475092488 1.3082090770 0.0002662768
0.4050000000 0.5919924832 0.5888970304 0.4800041410 2.2004701087 0.5919924832 0.3486226154 1.3026617639 0.0002665857
0.4060000000 0.5896755488 0.5930734733 0.4773761168 2.1997612022 0.5896755488 0.3497209259 1.2971453942 0.0002668976
0.4070000000 0.5873657921 0.5972500654 0.4747603422 2.1990722063 0.5873657921 0.3508042577 1.2916597884 0.0002672128
0.4080000000 0.5850632007 0.6014267996 0.4721567743 2.1984031241 0.5850632007 0.3518726883 1.2862047681 0.0002675317
0.4090000000 0.5827677621 0.6056036687 0.4695653707 2.1977539588 0.5827677621 0.3529262947 1.2807801562 0.0002678545
0.4100000000 0.5804794642 0.6097806654 0.4669860891 2.1971247134 0.5804794642 0.3539651539 1.2753857764 0.0002681818
0.4110000000 0.5781982949 0.6139577816 0.4644188876 2.1965153910 0.5781982949 0.3549893424 1.2700214537 0.0002685139
0.4120000000 0.5759242422 0.6181350093 0.4618637245 2.1959259943 0.5759242422 0.3559989368 1.2646870142 0.0002688514
0.4130000000 0.5736572946 0.6223123398 0.4593205582 2.1953565261 0.5736572946 0.3569940132 1.2593822853 0.0002691946
0.4140000000 0.5713974404 0.6264897640 0.4567893477 2.1948069890 0.5713974404 0.3579746476 1.2541070956 0.0002695443
0.4150000000 0.5691446684 0.6306672724 0.4542700523 2.1942773856 0.5691446684 0.3589409156 1.2488612750 0.0002699009
0.4160000000 0.5668989675 0.6348448550 0.4517626315 2.1937677184 0.5668989675 0.3598928928 1.2436446545 0.0002702652
0.4170000000 0.5646603271 0.6390225010 0.4492670453 2.1932779895 0.5646603271 0.3608306544 1.2384570669 0.0002706378
0.4180000000 0.5624287365 0.6432001992 0.4467832540 2.1928082012 0.5624287365 0.3617542754 1.2332983461 0.0002710195
0.4190000000 0.5602041858 0.6473779375 0.4443112185 2.1923583554 0.5602041858 0.3626638304 1.2281683274 0.0002714111
0.4200000000 0.5579866650 0.6515557032 0.4418508999 2.1919284541 0.5579866650 0.3635593939 1.2230668479 0.0002718137
0.4210000000 0.5557761647 0.6557334827 0.4394022600 2.1915184989 0.5557761647 0.3644410401 1.2179937462 0.0002722282
0.4220000000 0.5535726760 0.6599112614 0.4369652611 2.1911284913 0.5535726760 0.3653088429 1.2129488624 0.0002726558
0.4230000000 0.5513761903 0.6640890239 0.4345398660 2.1907584327 0.5513761903 0.3661628760 1.2079320384 0.0002730977
0.4240000000 0.5491866995 0.6682667535 0.4321260382 2.1904083242 0.5491866995 0.3670032127 1.2029431182 0.0002735553
0.4250000000 0.5470041962 0.6724444323 0.4297237417 2.1900781667 0.5470041962 0.3678299262 1.1979819472 0.0002740301
0.4260000000 0.5448286735 0.6766220413 0.4273329414 2.1897679608 0.5448286735 0.3686430892 1.1930483733 0.0002745237
0.4270000000 0.5426601250 0.6807995597 0.4249536029 2.1894777070 0.5426601250 0.3694427742 1.1881422462 0.0002750381
0.4280000000 0.5404985454 0.6849769654 0.4225856925 2.1892074054 0.5404985454 0.3702290534 1.1832634181 0.0002755752
0.4290000000 0.5383439297 0.6891542344 0.4202291777 2.1889570556 0.5383439297 0.3710019987 1.1784117433 0.0002761375
0.4300000000 0.5361962743 0.6933313407 0.4178840265 2.1887266571 0.5361962743 0.3717616817 1.1735870789 0.0002767274
0.4310000000 0.5340555760 0.6975082565 0.4155502085 2.1885162090 0.5340555760 0.3725081737 1.1687892846 0.0002773478
0.4320000000 0.5319218331 0.7016849512 0.4132276941 2.1883257098 0.5319218331 0.3732415455 1.1640182230 0.0002780018
0.4330000000 0.5297950448 0.7058613919 0.4109164550 2.1881551576 0.5297950448 0.3739618677 1.1592737597 0.0002786930
0.4340000000 0.5276752116 0.7100375428 0.4086164645 2.1880045500 0.5276752116 0.3746692106 1.1545557640 0.0002794253
0.4350000000 0.5255623355 0.7142133648 0.4063276971 2.1878738840 0.5255623355 0.3753636441 1.1498641083 0.0002802031
0.4360000000 0.5234564200 0.7183888155 0.4040501292 2.1877631559 0.5234564200 0.3760452375 1.1451986693 0.0002810315
0.4370000000 0.5213574701 0.7225638485 0.4017837389 2.1876723613 0.5213574701 0.3767140601 1.1405593278 0.0002819161
0.4380000000 0.5192654931 0.7267384130 0.3995285064 2.1876014950 0.5192654931 0.3773701804 1.1359459690 0.0002828632
0.4390000000 0.5171804980 0.7309124536 0.3972844140 2.1875505508 0.5171804980 0.3780136668 1.1313584833 0.0002838801
0.4400000000 0.5151024965 0.7350859094 0.3950514465 2.1875195216 0.5151024965 0.3786445871 1.1267967667 0.0002849748
0.4410000000 0.5130315026 0.7392587136 0.3928295916 2.1875083989 0.5130315026 0.3792630086 1.1222607208 0.0002861565
0.4420000000 0.5109675334 0.7434307926 0.3906188396 2.1875171732 0.5109675334 0.3798689983 1.1177502542 0.0002874357
0.4430000000 0.5089106091 0.7476020656 0.3884191845 2.1875458333 0.5089106091 0.3804626225 1.1132652824 0.0002888243
0.4440000000 0.5068607537 0.7517724432 0.3862306239 2.1875943665 0.5068607537 0.3810439472 1.1088057294 0.0002903359
0.4450000000 0.5048179952 0.7559418267 0.3840531597 2.1876627580 0.5048179952 0.3816130374 1.1043715276 0.0002919860
0.4460000000 0.5027823660 0.7601101070 0.3818867983 2.1877509913 0.5027823660 0.3821699580 1.0999626196 0.0002937927
0.4470000000 0.5007539039 0.7642771628 0.3797315515 2.1878590471 0.5007539039 0.3827147729 1.0955789590 0.0002957765
0.4480000000 0.4987326525 0.7684428595 0.3775874368 2.1879869032 0.4987326525 0.3832475456 1.0912205119 0.0002979613
0.4490000000 0.4967186618 0.7726070473 0.3754544786 2.1881345348 0.4967186618 0.3837683386 1.0868872579 0.0003003743
0.4500000000 0.4947119892 0.7767695590 0.3733327087 2.1883019134 0.4947119892 0.3842772137 1.0825791926 0.0003030476
0.4510000000 0.4927127009 0.7809302080 0.3712221674 2.1884890060 0.4927127009 0.3847742320 1.0782963290 0.0003060180
0.4520000000 0.4907208724 0.7850887848 0.3691229048 2.1886957751 0.4907208724 0.3852594534 1.0740387001 0.0003093288
0.4530000000 0.4887365902 0.7892450549 0.3670349820 2.1889221778 0.4887365902 0.3857329370 1.0698063615 0.0003130307
0.4540000000 0.4867599536 0.7933987539 0.3649584726 2.1891681652 0.4867599536 0.3861947406 1.0655993945 0.0003171832
0.4550000000 0.4847910759 0.7975495842 0.3628934648 2.1894336811 0.4847910759 0.3866449210 1.0614179100 0.0003218564
0.4560000000 0.4828300876 0.8016972089 0.3608400633 2.1897186604 0.4828300876 0.3870835336 1.0572620525 0.0003271334
0.4570000000 0.4808771378 0.8058412465 0.3587983921 2.1900230286 0.4808771378 0.3875106321 1.0531320057 0.0003331126
0.4580000000 0.4789323981 0.8099812634 0.3567685972 2.1903466999 0.4789323981 0.3879262689 1.0490279977 0.0003399116
0.4590000000 0.4769960657 0.8141167652 0.3547508504 2.1906895756 0.4769960657 0.3883304941 1.0449503088 0.0003476709
0.4600000000 0.4750683681 0.8182471874 0.3527453534 2.1910515406 0.4750683681 0.3887233560 1.0408992798 0.0003565596
0.4610000000 0.4731495677 0.8223718822 0.3507523428 2.1914324615 0.4731495677 0.3891049005 1.0368753217 0.0003667819
0.4620000000 0.4712399683 0.8264901053 0.3487720964 2.1918321831 0.4712399683 0.3894751710 1.0328789285 0.0003785859
0.4630000000 0.4693399222 0.8306009972 0.3468049401 2.1922505251 0.4693399222 0.3898342075 1.0289106910 0.0003922745
0.4640000000 0.4674498392 0.8347035633 0.3448512570 2.1926872764 0.4674498392 0.3901820464 1.0249713147 0.0004082190
0.4650000000 0.4655701973 0.8387966472 0.3429114979 2.1931421885 0.4655701973 0.3905187206 1.0210616415 0.0004268774
0.4660000000 0.4637015565 0.8428789003 0.3409861944 2.1936149687 0.4637015565 0.3908442580 1.0171826752 0.0004488181
0.4670000000 0.4618445738 0.8469487427 0.3390759749 2.1941052713 0.4618445738 0.3911586811 1.0133356139 0.0004747501
0.4680000000 0.4600000239 0.8510043169 0.3371815840 2.1946126873 0.4600000239 0.3914620061 1.0095218886 0.0005055634
0.4690000000 0.4581688231 0.8550434286 0.3353039067 2.1951367293 0.4581688231 0.3917542414 1.0057432117 0.0005423822
0.4700000000 0.4563520602 0.8590634755 0.3334439986 2.1956768135 0.4563520602 0.3920353869 1.0020016374 0.0005866348
0.4710000000 0.4545510342 0.8630613569 0.3316031225 2.1962322388 0.4545510342 0.3923054323 0.9982996355 0.0006401464
0.4720000000 0.4527673004 0.8670333619 0.3297827951 2.1968021608 0.4527673004 0.3925643546 0.9946401838 0.0007052606
0.4730000000 0.4510027289 0.8709750309 0.3279848444 2.1973855585 0.4510027289 0.3928121157 0.9910268833 0.0007849980
0.4740000000 0.4492595771 0.8748809824 0.3262114804 2.1979811905 0.4492595771 0.3930486601 0.9874641000 0.0008832594
0.4750000000 0.4475405786 0.8787447006 0.3244653831 2.1985875420 0.4475405786 0.3932739117 0.9839571406 0.0010050782
0.4760000000 0.4458490511 0.8825582768 0.3227498078 2.1992027600 0.4458490511 0.3934877702 0.9805124636 0.0011569179
0.4770000000 0.4441890231 0.8863121030 0.3210687106 2.1998245773 0.4441890231 0.3936901072 0.9771379300 0.0013469912
0.4780000000 0.4425653780 0.8899945234 0.3194268894 2.2004502223 0.4425653780 0.3938807627 0.9738430844 0.0015855400
0.4790000000 0.4409840057 0.8935914660 0.3178301315 2.2010763181 0.4409840057 0.3940595442 0.9706394517 0.0018849620
0.4800000000 0.4394519403 0.8970861029 0.3162853463 2.2016987810 0.4394519403 0.3942262285 0.9675408012 0.0022596052
0.4810000000 0.4379774443 0.9004586309 0.3148006449 2.2023127420 0.4379774443 0.3943805699 0.9645633063 0.0027250209
0.4820000000 0.4365699821 0.9036863106 0.3133853087 2.2029125214 0.4365699821 0.3945223164 0.9617254801 0.0032965312
0.4830000000 0.4352400076 0.9067439382 0.3120495740 2.2034916998 0.4352400076 0.3946512386 0.9590477443 0.0039871976
0.4840000000 0.4339985001 0.9096049188 0.3108041669 2.2040433254 0.4339985001 0.3947671704 0.9565514973 0.0048055893
0.4850000000 0.4328562154 0.9122430213 0.3096595579 2.2045602899 0.4328562154 0.3948700617 0.9542576238 0.0057539693
0.4860000000 0.4318226962 0.9146347211 0.3086249812 2.2050358641 0.4318226962 0.3949600313 0.9521845320 0.0068273940
0.4870000000 0.4309051715 0.9167618242 0.3077073515 2.2054643351 0.4309051715 0.3950374111 0.9503459875 0.0080139006
0.4880000000 0.4301075516 0.9186138885 0.3069102788 2.2058416312 0.4301075516 0.3951027704 0.9487491431 0.0092956307
0.4890000000 0.4294297391 0.9201899131 0.3062334000 2.2061657983 0.4294297391 0.3951569143 0.9473932032 0.0106505877
0.4900000000 0.4288674271 0.9214988813 0.3056721913 2.2064372137 0.4288674271 0.3952008543 0.9462690509 0.0120546522
0.4910000000 0.4284124431 0.9225590029 0.3052183205 2.2066584877 0.4284124431 0.3952357563 0.9453599538 0.0134834870
0.4920000000 0.4280535697 0.9233958104 0.3048604660 2.2068340794 0.4280535697 0.3952628729 0.9446432053 0.0149140209
0.4930000000 0.4277776665 0.9240395226 0.3045854328 2.2069697197 0.4277776665 0.3952834707 0.9440923567 0.0163252781
0.4940000000 0.4275708727 0.9245222012 0.3043793433 2.2070717637 0.4275708727 0.3952987644 0.9436796000 0.0176983789
0.4950000000 0.4274196871 0.9248751877 0.3042287049 2.2071465886 0.4274196871 0.3953098633 0.9433779042 0.0190155447
0.4960000000 0.4273117883 0.9251271520 0.3041212180 2.2072001222 0.4273117883 0.3953177377 0.9431626313 0.0202578700
0.4970000000 0.4272365382 0.9253028868 0.3040462703 2.2072375410 0.4272365382 0.3953232021 0.9430125259 0.0214014251
0.4980000000 0.4271851854 0.9254228084 0.3039951359 2.2072631343 0.4271851854 0.3953269140 0.9429101112 0.0224109051
0.4990000000 0.4271508329 0.9255030174 0.3039609399 2.2072803006 0.4271508329 0.3953293847 0.9428416189 0.0232295377
0.5000000000 0.4271282501 0.9255557279 0.3039384701 2.2072916274 0.4271282501 0.3953309984 0.9427966103 0.0237635145
0.5010000000 0.4271136062 0.9255898866 0.3039239104 2.2072990152 0.4271136062 0.3953320344 0.9427674425 0.0238596610
0.5020000000 0.4271041838 0.9256118420 0.3039145535 2.2073038132 0.4271041838 0.3953326903 0.9427486934 0.0232791603
0.5030000000 0.4270981092 0.9256259723 0.3039085324 2.2073069501 0.4270981092 0.3953331026 0.9427366249 0.0216851928
0.5040000000 0.4270941220 0.9256352246 0.3039045910 2.2073090503 0.4270941220 0.3953333635 0.9427287208 0.0187040137
0.5050000000 0.4270913884 0.9256415474 0.3039018983 2.2073105272 0.4270913884 0.3953335337 0.9427233177 0.0142183838
0.5060000000 0.4270893637 0.9256462132 0.3038999121 2.2073116525 0.4270893637 0.3953336522 0.9427193293 0.0093171078
0.5070000000 0.4270877155 0.9256499973 0.3038983017 2.2073125941 0.4270877155 0.3953337427 0.9427160931 0.0083017165
0.5080000000 0.4270863556 0.9256531046 0.3038969798 2.2073133968 0.4270863556 0.3953338110 0.9427134343 0.0135337461
0.5090000000 0.4270853839 0.9256553032 0.3038960453 2.2073140091 0.4270853839 0.3953338505 0.9427115510 0.0182503811
0.5100000000 0.4270848098 0.9256565729 0.3038955068 2.2073144236 0.4270848098 0.3953338613 0.9427104607 0.0229406916
0.5110000000 0.4270845849 0.9256570264 0.3038953163 2.2073146644 0.4270845849 0.3953338469 0.9427100672 0.0261691544
0.5120000000 0.4270846576 0.9256567834 0.3038954226 2.2073147593 0.4270846576 0.3953338104 0.9427102682 0.0234188198
0.5130000000 0.4270850420 0.9256558095 0.3038958406 2.2073147033 0.4270850420 0.3953337502 0.9427110927 0.0188648932
0.5140000000 0.4270857887 0.9256539861 0.3038966206 2.2073144713 0.4270857887 0.3953336627 0.9427126420 0.0151518612
0.5150000000 0.4270869268 0.9256512467 0.3038977912 2.2073140471 0.4270869268 0.3953335463 0.9427149730 0.0119999639
0.5160000000 0.4270884575 0.9256475899 0.3038993528 2.2073134279 0.4270884575 0.3953334014 0.9427180872 0.0091044981
0.5170000000 0.4270903455 0.9256430981 0.3039012705 2.2073126312 0.4270903455 0.3953332306 0.9427219143 0.0062680333
0.5180000000 0.4270925134 0.9256379507 0.3039034676 2.2073116978 0.4270925134 0.3953330389 0.9427263009 0.0032824860
0.5190000000 0.4270948387 0.9256324323 0.3039058229 2.2073106913 0.4270948387 0.3953328344 0.9427310037 0.0002649304
0.5200000000 0.4270971475 0.9256269491 0.3039081632 2.2073096985 0.4270971475 0.3953326296 0.9427356759 0.0032873529
0.5210000000 0.4270992957 0.9256218401 0.3039103440 2.2073087875 0.4270992957 0.3953324360 0.9427400285 0.0031017865
0.5220000000 0.4271013024 0.9256170625 0.3039123837 2.2073079460 0.4271013024 0.3953322529 0.9427440985 0.0016020042
0.5230000000 0.4271032392 0.9256124485 0.3039143536 2.2073071388 0.4271032392 0.3953320750 0.9427480290 0.0003003224
0.5240000000 0.4271051624 0.9256078640 0.3039163110 2.2073063423 0.4271051624 0.3953318971 0.9427519338 0.0001051945
0.5250000000 0.4271070880 0.9256032692 0.3039182728 2.2073055524 0.4271070880 0.3953317169 0.9427558467 0.0005080661
0.5260000000 0.4271089894 0.9255987267 0.3039202123 2.2073047811 0.4271089894 0.3953315367 0.9427597142 0.0017377684
0.5270000000 0.4271108165 0.9255943576 0.3039220780 2.2073040472 0.4271108165 0.3953313618 0.9427634338 0.0031890544
0.5280000000 0.4271125150 0.9255902915 0.3039238145 2.2073033736 0.4271125150 0.3953311972 0.9427668952 0.0044536222
0.5290000000 0.4271140446 0.9255866204 0.3039253826 2.2073027836 0.4271140446 0.3953310451 0.9427700196 0.0054043223
0.5300000000 0.4271153843 0.9255833884 0.3039267636 2.2073022955 0.4271153843 0.3953309046 0.9427727682 0.0061758144
0.5310000000 0.4271165270 0.9255806097 0.3039279514 2.2073019164 0.4271165270 0.3953307755 0.9427751286 0.0067165089
0.5320000000 0.4271174798 0.9255782711 0.3039289516 2.2073016378 0.4271174798 0.3953306585 0.9427771128 0.0069361638
0.5330000000 0.4271182609 0.9255763354 0.3039297801 2.2073014419 0.4271182609 0.3953305548 0.9427787533 0.0068170558
0.5340000000 0.4271188934 0.9255747507 0.3039304590 2.2073013146 0.4271188934 0.3953304633 0.9427800949 0.0063531981
0.5350000000 0.4271194008 0.9255734571 0.3039310137 2.2073012510 0.4271194008 0.3953303804 0.9427811878 0.0055461057
0.5360000000 0.4271198072 0.9255723923 0.3039314710 2.2073012493 0.4271198072 0.3953303018 0.9427820841 0.0044480599
0.5370000000 0.4271201380 0.9255714956 0.3039318566 2.2073012991 0.4271201380 0.3953302249 0.9427828354 0.0032504267
0.5380000000 0.4271204181 0.9255707136 0.3039321934 2.2073013796 0.4271204181 0.3953301502 0.9427834881 0.0024616981
0.5390000000 0.4271206646 0.9255700146 0.3039324948 2.2073014702 0.4271206646 0.3953300798 0.9427840709 0.0029992750
0.5400000000 0.4271208719 0.9255694126 0.3039327549 2.2073015719 0.4271208719 0.3953300145 0.9427845720 0.0051603637
0.5410000000 0.4271210116 0.9255689656 0.3039329490 2.2073017122 0.4271210116 0.3953299529 0.9427849402 0.0075266977
0.5420000000 0.4271210599 0.9255687205 0.3039330569 2.2073019163 0.4271210599 0.3953298929 0.9427851339 0.0091859108
0.5430000000 0.4271210126 0.9255686881 0.3039330743 2.2073021846 0.4271210126 0.3953298353 0.9427851443 0.0094049494
0.5440000000 0.4271208750 0.9255688662 0.3039330020 2.2073024994 0.4271208750 0.3953297840 0.9427849749 0.0083717962
0.5450000000 0.4271206497 0.9255692562 0.3039328393 2.2073028466 0.4271206497 0.3953297420 0.9427846258 0.0070905561
0.5460000000 0.4271203387 0.9255698516 0.3039325891 2.2073032283 0.4271203387 0.3953297085 0.9427841025 0.0054637017
0.5470000000 0.4271199502 0.9255706232 0.3039322638 2.2073036566 0.4271199502 0.3953296785 0.9427834279 0.0033643185
0.5480000000 0.4271195053 0.9255715114 0.3039318888 2.2073041372 0.4271195053 0.3953296460 0.9427826511 0.0002901071
0.5490000000 0.4271190507 0.9255724087 0.3039315100 2.2073046439 0.4271190507 0.3953296085 0.9427818641 0.0038227181
0.5500000000 0.4271186542 0.9255731714 0.3039311886 2.2073051202 0.4271186542 0.3953295673 0.9427811922 0.0055114846
0.5510000000 0.4271183383 0.9255737567 0.3039309429 2.2073055391 0.4271183383 0.3953295249 0.9427806739 0.0052869105
0.5520000000 0.4271180913 0.9255741876 0.3039307630 2.2073059135 0.4271180913 0.3953294804 0.9427802888 0.0043026834
0.5530000000 0.4271178902 0.9255745032 0.3039306323 2.2073062784 0.4271178902 0.3953294290 0.9427800006 0.0024376519
0.5540000000 0.4271177058 0.9255747578 0.3039305276 2.2073066695 0.4271177058 0.3953293671 0.9427797607 0.0011478817
0.5550000000 0.4271175016 0.9255750425 0.3039304102 2.2073070960 0.4271175016 0.3953292997 0.9427794921 0.0048796198
0.5560000000 0.4271172437 0.9255754571 0.3039302373 2.2073075422 0.4271172437 0.3953292381 0.9427791135 0.0056584734
0.5570000000 0.4271169228 0.9255760362 0.3039299945 2.2073079935 0.4271169228 0.3953291884 0.9427785977 0.0050947141
0.5580000000 0.4271165363 0.9255767776 0.3039296824 2.2073084628 0.4271165363 0.3953291473 0.9427779452 0.0037922838
0.5590000000 0.4271160886 0.9255776492 0.3039293149 2.2073089830 0.4271160886 0.3953291052 0.9427771792 0.0015027683
0.5600000000 0.4271156047 0.9255785738 0.3039289248 2.2073095710 0.4271156047 0.3953290523 0.9427763622 0.0026879459
0.5610000000 0.4271151535 0.9255794007 0.3039285764 2.2073101765 0.4271151535 0.3953289878 0.9427756248 0.0062063243
0.5620000000 0.4271147942 0.9255800220 0.3039283157 2.2073107219 0.4271147942 0.3953289206 0.9427750648 0.0072854726
0.5630000000 0.4271145379 0.9255804293 0.3039281463 2.2073111746 0.4271145379 0.3953288574 0.9427746924 0.0075345699
0.5640000000 0.4271143694 0.9255806424 0.3039280597 2.2073115670 0.4271143694 0.3953287924 0.9427744879 0.0072878365
0.5650000000 0.4271142624 0.9255806907 0.3039280433 2.2073119619 0.4271142624 0.3953287139 0.9427744204 0.0060523799
0.5660000000 0.4271141941 0.9255806082 0.3039280828 2.2073124006 0.4271141941 0.3953286156 0.9427744572 0.0038311689
0.5670000000 0.4271141523 0.9255804387 0.3039281594 2.2073128665 0.4271141523 0.3953285044 0.9427745638 0.0003402033
0.5680000000 0.4271141204 0.9255802624 0.3039282389 2.2073133017 0.4271141204 0.3953283996 0.9427746792 0.0049151419
0.5690000000 0.4271140542 0.9255801994 0.3039282702 2.2073137019 0.4271140542 0.3953283115 0.9427747042 0.0069453608
0.5700000000 0.4271139269 0.9255802882 0.3039282368 2.2073141190 0.4271139269 0.3953282316 0.9427746012 0.0062040551
0.5710000000 0.4271137255 0.9255805204 0.3039281423 2.2073146198 0.4271137255 0.3953281443 0.9427743706 0.0045018302
0.5720000000 0.4271134549 0.9255808664 0.3039279993 2.2073152300 0.4271134549 0.3953280417 0.9427740340 0.0016483291
0.5730000000 0.4271131580 0.9255812555 0.3039278381 2.2073158829 0.4271131580 0.3953279330 0.9427736574 0.0035775298
0.5740000000 0.4271129132 0.9255815489 0.3039277176 2.2073164689 0.4271129132 0.3953278318 0.9427733674 0.0073779345
0.5750000000 0.4271127566 0.9255816654 0.3039276726 2.2073169655 0.4271127566 0.3953277366 0.9427732338 0.0080268349
0.5760000000 0.4271126715 0.9255816050 0.3039277031 2.2073174423 0.4271126715 0.3953276320 0.9427732497 0.0072539953
0.5770000000 0.4271126399 0.9255813762 0.3039278053 2.2073179609 0.4271126399 0.3953275050 0.9427734014 0.0058784019
0.5780000000 0.4271126568 0.9255809948 0.3039279727 2.2073185173 0.4271126568 0.3953273577 0.9427736763 0.0040730386
0.5790000000 0.4271127250 0.9255804983 0.3039281892 2.2073190407 0.4271127250 0.3953272089 0.9427740504 0.0013441777
0.5800000000 0.4271128298 0.9255799632 0.3039284222 2.2073194727 0.4271128298 0.3953270773 0.9427744663 0.0032922069
0.5810000000 0.4271128994 0.9255795260 0.3039286135 2.2073198982 0.4271128994 0.3953269549 0.9427748015 0.0065960066
0.5820000000 0.4271128697 0.9255792663 0.3039287292 2.2073204586 0.4271128697 0.3953268165 0.9427749753 0.0073129954
0.5830000000 0.4271127325 0.9255791804 0.3039287708 2.2073211940 0.4271127325 0.3953266529 0.9427749867 0.0067267108
0.5840000000 0.4271125192 0.9255792410 0.3039287500 2.2073220169 0.4271125192 0.3953264814 0.9427748673 0.0048562117
0.5850000000 0.4271122827 0.9255794096 0.3039286833 2.2073227674 0.4271122827 0.3953263344 0.9427746658 0.0017632327
0.5860000000 0.4271120686 0.9255796188 0.3039285992 2.2073233607 0.4271120686 0.3953262257 0.9427744467 0.0036160804
0.5870000000 0.4271118939 0.9255797427 0.3039285516 2.2073239246 0.4271118939 0.3953261168 0.9427743018 0.0071963880
0.5880000000 0.4271117399 0.9255797089 0.3039285713 2.2073246499 0.4271117399 0.3953259599 0.9427742717 0.0071814025
0.5890000000 0.4271116016 0.9255795120 0.3039286606 2.2073255658 0.4271116016 0.3953257478 0.9427743578 0.0061104238
0.5900000000 0.4271115158 0.9255791594 0.3039288162 2.2073265081 0.4271115158 0.3953255178 0.9427745708 0.0045685042
0.5910000000 0.4271115260 0.9255786794 0.3039290263 2.2073272507 0.4271115260 0.3953253222 0.9427749105 0.0022135283
0.5920000000 0.4271116230 0.9255781347 0.3039292639 2.2073277337 0.4271116230 0.3953251794 0.9427753309 0.0020664883
0.5930000000 0.4271116872 0.9255776534 0.3039294747 2.2073282543 0.4271116872 0.3953250332 0.9427756949 0.0063676479
0.5940000000 0.4271115973 0.9255773489 0.3039296100 2.2073291393 0.4271115973 0.3953248199 0.9427758744 0.0078216416
0.5950000000 0.4271113540 0.9255772356 0.3039296639 2.2073303635 0.4271113540 0.3953245463 0.9427758602 0.0078121262
0.5960000000 0.4271110428 0.9255772943 0.3039296446 2.2073316007 0.4271110428 0.3953242834 0.9427757017 0.0064202632
0.5970000000 0.4271107507 0.9255774977 0.3039295636 2.2073325315 0.4271107507 0.3953240999 0.9427754546 0.0040771233
0.5980000000 0.4271104979 0.9255778012 0.3039294400 2.2073331420 0.4271104979 0.3953239955 0.9427751573 0.0003857431
0.5990000000 0.4271102085 0.9255781134 0.3039293128 2.2073338913 0.4271102085 0.3953238610 0.9427748386 0.0051802600
0.6000000000 0.4271098418 0.9255782969 0.3039292404 2.2073351655 0.4271098418 0.3953235999 0.9427745732 0.0077528101
0.6010000000 0.4271094400 0.9255783098 0.3039292409 2.2073368536 0.4271094400 0.3953232336 0.9427744074 0.0075361466
0.6020000000 0.4271091193 0.9255781573 0.3039293119 2.2073384639 0.4271091193 0.3953228716 0.9427743873 0.0061705961
0.6030000000 0.4271089789 0.9255778524 0.3039294480 2.2073395630 0.4271089789 0.3953226114 0.9427745468 0.0043396964
0.6040000000 0.4271090027 0.9255774306 0.3039296339 2.2073401618 0.4271090027 0.3953224533 0.9427748551 0.0012447395
0.6050000000 0.4271090375 0.9255769748 0.3039298344 2.2073407687 0.4271090375 0.3953222908 0.9427751911 0.0043581664
0.6060000000 0.4271089172 0.9255766417 0.3039299827 2.2073418290 0.4271089172 0.3953220373 0.9427753786 0.0080890961
0.6070000000 0.4271085984 0.9255765102 0.3039300451 2.2073434003 0.4271085984 0.3953216860 0.9427753460 0.0088656782
0.6080000000 0.4271081177 0.9255765760 0.3039300235 2.2073453369 0.4271081177 0.3953212692 0.9427751120 0.0078425988
0.6090000000 0.4271075309 0.9255768216 0.3039299252 2.2073474333 0.4271075309 0.3953208309 0.9427747121 0.0057215821
0.6100000000 0.4271068710 0.9255772146 0.3039297642 2.2073496030 0.4271068710 0.3953203880 0.9427741822 0.0026510315
0.6110000000 0.4271062325 0.9255776803 0.3039295722 2.2073515702 0.4271062325 0.3953199959 0.9427736130 0.0028614008
0.6120000000 0.4271058033 0.9255780649 0.3039294149 2.2073527934 0.4271058033 0.3953197629 0.9427731879 0.0073535151
0.6130000000 0.4271056805 0.9255782627 0.3039293373 2.2073530335 0.4271056805 0.3953197338 0.9427730195 0.0084127568
0.6140000000 0.4271056466 0.9255782744 0.3039293391 2.2073531959 0.4271056466 0.3953197074 0.9427730141 0.0079202845
0.6150000000 0.4271053194 0.9255781114 0.3039294155 2.2073548553 0.4271053194 0.3953193348 0.9427730004 0.0064454138
0.6160000000 0.4271045090 0.9255777873 0.3039295606 2.2073587799 0.4271045090 0.3953184464 0.9427728879 0.0044727489
0.6170000000 0.4271033201 0.9255773410 0.3039297579 2.2073644736 0.4271033201 0.3953171554 0.9427726954 0.0008623089
0.6180000000 0.4271024360 0.9255768717 0.3039299650 2.2073689343 0.4271024360 0.3953161367 0.9427726491 0.0056689064
0.6190000000 0.4271025765 0.9255765613 0.3039301045 2.2073688787 0.4271025765 0.3953161340 0.9427729353 0.0094113212
0.6200000000 0.4271037379 0.9255764796 0.3039301466 2.2073642115 0.4271037379 0.3953171742 0.9427735057 0.0098422262
0.6210000000 0.4271047671 0.9255766190 0.3039300945 2.2073597489 0.4271047671 0.3953181862 0.9427738714 0.0083145980
0.6220000000 0.4271043018 0.9255769610 0.3039299561 2.2073611933 0.4271043018 0.3953179017 0.9427734612 0.0057374175
0.6230000000 0.4271015715 0.9255774606 0.3039297506 2.2073718252 0.4271015715 0.3953155880 0.9427719755 0.0015821119
0.6240000000 0.4270972095 0.9255780051 0.3039295260 2.2073891842 0.4270972095 0.3953117831 0.9427697608 0.0053374750
0.6250000000 0.4270936384 0.9255783964 0.3039293668 2.2074034900 0.4270936384 0.3953086449 0.9427679879 0.0084393957
0.6260000000 0.4270930884 0.9255785750 0.3039292984 2.2074055456 0.4270930884 0.3953082122 0.9427676518 0.0086092113
0.6270000000 0.4270963713 0.9255785629 0.3039293113 2.2073919352 0.4270963713 0.3953112456 0.9427690857 0.0075863602
0.6280000000 0.4271017714 0.9255783803 0.3039293971 2.2073697745 0.4271017714 0.3953161658 0.9427715409 0.0058884634
0.6290000000 0.4271059350 0.9255780491 0.3039295462 2.2073529986 0.4271059350 0.3953198780 0.9427735663 0.0037268043
0.6300000000 0.4271054747 0.9255776163 0.3039297388 2.2073556421 0.4271054747 0.3953192672 0.9427736794 0.0002161970
0.6310000000 0.4270984390 0.9255771917 0.3039299279 2.2073856623 0.4270984390 0.3953125738 0.9427709707 0.0063990859
0.6320000000 0.4270870911 0.9255769403 0.3039300433 2.2074333754 0.4270870911 0.3953019630 0.9427662990 0.0094281732
0.6330000000 0.4270762346 0.9255769094 0.3039300648 2.2074786979 0.4270762346 0.3952919013 0.9427616903 0.0094669079
0.6340000000 0.4270719189 0.9255770903 0.3039299961 2.2074964418 0.4270719189 0.3952879841 0.9427597414 0.0076486096
0.6350000000 0.4270773796 0.9255774622 0.3039298461 2.2074731594 0.4270773796 0.3952931972 0.9427618525 0.0048492012
0.6360000000 0.4270928935 0.9255779683 0.3039296390 2.2074077897 0.4270928935 0.3953077726 0.9427681800 0.0001950545
0.6370000000 0.4271128554 0.9255784667 0.3039294352 2.2073239106 0.4271128554 0.3953264618 0.9427764183 0.0071019092
0.6380000000 0.4271258676 0.9255787711 0.3039293143 2.2072692886 0.4271258676 0.3953386356 0.9427818100 0.0090839625
0.6390000000 0.4271216989 0.9255788610 0.3039292848 2.2072865617 0.4271216989 0.3953348156 0.9427799862 0.0086712576
0.6400000000 0.4270946001 0.9255787588 0.3039293374 2.2073996468 0.4270946001 0.3953096899 0.9427684695 0.0070628343
0.6410000000 0.4270507468 0.9255784866 0.3039294625 2.2075828164 0.4270507468 0.3952689839 0.9427498903 0.0050061630
0.6420000000 0.4270061121 0.9255780808 0.3039296447 2.2077694896 0.4270061121 0.3952274978 0.9427310662 0.0021756461
0.6430000000 0.4269818484 0.9255776144 0.3039298529 2.2078713942 0.4269818484 0.3952048406 0.9427210090 0.0028325852
0.6440000000 0.4270008009 0.9255772306 0.3039300259 2.2077930676 0.4270008009 0.3952222188 0.9427294081 0.0076192983
0.6450000000 0.4270673683 0.9255770453 0.3039301145 2.2075160506 0.4270673683 0.3952837529 0.9427580703 0.0095277814
0.6460000000 0.4271656151 0.9255770735 0.3039301122 2.2071068596 0.4271656151 0.3953746999 0.9428001593 0.0089749065
0.6470000000 0.4272546854 0.9255773021 0.3039300246 2.2067357381 0.4272546854 0.3954572391 0.9428381836 0.0066967938
0.6480000000 0.4272906131 0.9255777018 0.3039298641 2.2065856376 0.4272906131 0.3954906637 0.9428533301 0.0034648641
0.6490000000 0.4272380775 0.9255781973 0.3039296629 2.2068035811 0.4272380775 0.3954422496 0.9428305195 0.0025488014
0.6500000000 0.4270827469 0.9255786192 0.3039294932 2.2074498056 0.4270827469 0.3952986591 0.9427637266 0.0080552439
0.6510000000 0.4268598777 0.9255788339 0.3039294120 2.2083784215 0.4268598777 0.3950924678 0.9426681429 0.0094215383
0.6520000000 0.4266412402 0.9255788381 0.3039294206 2.2092906739 0.4266412402 0.3948901034 0.9425745131 0.0088016377
0.6530000000 0.4265180797 0.9255786440 0.3039295138 2.2098053019 0.4265180797 0.3947760259 0.9425219139 0.0068128665
0.6540000000 0.4265675160 0.9255782742 0.3039296820 2.2095994866 0.4265675160 0.3948216252 0.9425433642 0.0041951152
0.6550000000 0.4268228729 0.9255777862 0.3039299007 2.2085346394 0.4268228729 0.3950577698 0.9426530997 0.0000514194
0.6560000000 0.4272642310 0.9255772992 0.3039301192 2.2066965582 0.4272642310 0.3954660730 0.9428425080 0.0058506625
0.6570000000 0.4277784662 0.9255769787 0.3039302671 2.2045593599 0.4277784662 0.3959419003 0.9430630217 0.0091547377
0.6580000000 0.4281971267 0.9255768843 0.3039303187 2.2028229199 0.4281971267 0.3963293624 0.9432424450 0.0100628041
0.6590000000 0.4283398757 0.9255770163 0.3039302739 2.2022314165 0.4283398757 0.3964615441 0.9433035312 0.0085705567
0.6600000000 0.4280820457 0.9255773548 0.3039301410 2.2032993493 0.4280820457 0.3962230474 0.9431928926 0.0055347468
0.6610000000 0.4273868941 0.9255778438 0.3039299442 2.2061856392 0.4273868941 0.3955798399 0.9428948281 0.0007349807
0.6620000000 0.4263236380 0.9255783531 0.3039297391 2.2106188574 0.4263236380 0.3945959308 0.9424390736 0.0056799413
0.6630000000 0.4251040244 0.9255787052 0.3039296014 2.2157316681 0.4251040244 0.3934672325 0.9419164492 0.0082121700
0.6640000000 0.4240441189 0.9255788561 0.3039295494 2.2201990979 0.4240441189 0.3924862705 0.9414623702 0.0094096923
0.6650000000 0.4234588986 0.9255787960 0.3039295872 2.2226756040 0.4234588986 0.3919445775 0.9412117632 0.0087513984
0.6660000000 0.4236300550 0.9255785266 0.3039297140 2.2219511524 0.4236300550 0.3921028822 0.9412852889 0.0068158903
0.6670000000 0.4246867267 0.9255780716 0.3039299198 2.2174892418 0.4246867267 0.3930807216 0.9417382477 0.0038222044
0.6680000000 0.4266089775 0.9255775049 0.3039301739 2.2094285398 0.4266089775 0.3948596729 0.9425620502 0.0016069438
0.6690000000 0.4292277103 0.9255769922 0.3039304060 2.1985629775 0.4292277103 0.3972832930 0.9436841527 0.0079104842
0.6700000000 0.4321638989 0.9255767052 0.3039305427 2.1865363760 0.4321638989 0.4000008377 0.9449420854 0.0115579863
0.6710000000 0.4349146978 0.9255766926 0.3039305623 2.1754160717 0.4349146978 0.4025469076 0.9461204235 0.0121506142
0.6720000000 0.4369565480 0.9255769560 0.3039304634 2.1672518822 0.4369565480 0.4044369116 0.9469949012 0.0091402819
0.6730000000 0.4377981154 0.9255774595 0.3039302608 2.1639085407 0.4377981154 0.4052160674 0.9473550810 0.0040350614
0.6740000000 0.4370337331 0.9255780817 0.3039300072 2.1669432045 0.4370337331 0.4045088443 0.9470272780 0.0037422963
0.6750000000 0.4342973128 0.9255785932 0.3039298022 2.1778970414 0.4342973128 0.4019762958 0.9458548326 0.0080878881
0.6760000000 0.4294408981 0.9255788900 0.3039296906 2.1976817789 0.4294408981 0.3974814298 0.9437744369 0.0098236496
0.6770000000 0.4224898634 0.9255789617 0.3039296762 2.2267918060 0.4224898634 0.3910477291 0.9407969660 0.0094216587
0.6780000000 0.4136201334 0.9255788204 0.3039297518 2.2653582175 0.4136201334 0.3828380352 0.9369977681 0.0076169017
0.6790000000 0.4031232260 0.9255784784 0.3039299099 2.3131927050 0.4031232260 0.3731221821 0.9325017056 0.0057382361
0.6800000000 0.3913949491 0.9255779593 0.3039301375 2.3696736699 0.3913949491 0.3622665383 0.9274783055 0.0030095524
0.6810000000 0.3788644784 0.9255773318 0.3039304039 2.4338817992 0.3788644784 0.3506683730 0.9221113583 0.0017245999
0.6820000000 0.3659963326 0.9255767505 0.3039306457 2.5043959639 0.3659963326 0.3387576962 0.9165997382 0.0075389390
0.6830000000 0.3532487833 0.9255763944 0.3039307938 2.5793142717 0.3532487833 0.3269587351 0.9111396282 0.0118179325
0.6840000000 0.3410087618 0.9255763491 0.3039308191 2.6565203496 0.3410087618 0.3156296447 0.9058967150 0.0119356746
0.6850000000 0.3295701133 0.9255766129 0.3039307276 2.7338549021 0.3295701133 0.3050423892 0.9009968698 0.0084084068
0.6860000000 0.3191444026 0.9255771345 0.3039305430 2.8091695896 0.3191444026 0.2953927617 0.8965307505 0.0043010129
0.6870000000 0.3098509575 0.9255778105 0.3039303064 2.8805769885 0.3098509575 0.2867911709 0.8925495381 0.0003038158
0.6880000000 0.3017752887 0.9255784826 0.3039300761 2.9461986903 0.3017752887 0.2793167138 0.8890899604 0.0050020401
0.6890000000 0.2949002125 0.9255789880 0.3039299092 3.0048969785 0.2949002125 0.2729534403 0.8861447575 0.0077415902
0.6900000000 0.2891573515 0.9255792576 0.3039298278 3.0560685284 0.2891573515 0.2676380468 0.8836846818 0.0078922334
0.6910000000 0.2844437949 0.9255793145 0.3039298215 3.0996128312 0.2844437949 0.2632752927 0.8816656363 0.0059492171
0.6920000000 0.2806408124 0.9255792142 0.3039298697 3.1358116481 0.2806408124 0.2597553027 0.8800367286 0.0040058657
0.6930000000 0.2776249716 0.9255789978 0.3039299571 3.1652234162 0.2776249716 0.2569638430 0.8787450610 0.0032755711
0.6940000000 0.2752728546 0.9255786787 0.3039300791 3.1886099361 0.2752728546 0.2547866851 0.8777377595 0.0030216589
0.6950000000 0.2734669004 0.9255782594 0.3039302345 3.2068395254 0.2734669004 0.2531150177 0.8769644651 0.0020624603
0.6960000000 0.2720991976 0.9255777706 0.3039304130 3.2208067630 0.2720991976 0.2518489687 0.8763789360 0.0004078555
0.6970000000 0.2710824701 0.9255773002 0.3039305846 3.2312813683 0.2710824701 0.2509077808 0.8759437348 0.0041956418
0.6980000000 0.2703373640 0.9255769755 0.3039307066 3.2390076671 0.2703373640 0.2502180397 0.8756247947 0.0075161265
0.6990000000 0.2697986250 0.9255768808 0.3039307506 3.2446203691 0.2697986250 0.2497193697 0.8753941141 0.0085545892
0.7000000000 0.2694140470 0.9255770248 0.3039307138 3.2486402818 0.2694140470 0.2493634521 0.8752293257 0.0071742360
0.7010000000 0.2691433498 0.9255773789 0.3039306063 3.2514761877 0.2691433498 0.2491129962 0.8751131928 0.0051030619
0.7020000000 0.2689557973 0.9255778979 0.3039304433 3.2534438216 0.2689557973 0.2489395415 0.8750325770 0.0027144821
0.7030000000 0.2688278278 0.9255785084 0.3039302497 3.2547874106 0.2688278278 0.2488212598 0.8749774294 0.0004985455
0.7040000000 0.2687425712 0.9255790955 0.3039300642 3.2556828962 0.2687425712 0.2487425060 0.8749405924 0.0042366505
0.7050000000 0.2686867799 0.9255795329 0.3039299297 3.2562691293 0.2686867799 0.2486909842 0.8749164668 0.0068075652
0.7060000000 0.2686509530 0.9255797576 0.3039298673 3.2566458835 0.2686509530 0.2486578839 0.8749010202 0.0073404076
0.7070000000 0.2686284051 0.9255797811 0.3039298730 3.2568833573 0.2686284051 0.2486370204 0.8748913820 0.0058956246
0.7080000000 0.2686145197 0.9255796450 0.3039299328 3.2570300024 0.2686145197 0.2486241318 0.8748855499 0.0041191294
0.7090000000 0.2686061474 0.9255793872 0.3039300338 3.2571188723 0.2686061474 0.2486163133 0.8748821520 0.0031077179
0.7100000000 0.2686011687 0.9255790312 0.3039301680 3.2571722256 0.2686011687 0.2486116095 0.8748802663 0.0024764971
0.7110000000 0.2685981882 0.9255785937 0.3039303298 3.2572047157 0.2685981882 0.2486087333 0.8748792853 0.0013366122
0.7120000000 0.2685963057 0.9255781133 0.3039305060 3.2572257381 0.2685963057 0.2486068619 0.8748788001 0.0012804407
0.7130000000 0.2685949441 0.9255776832 0.3039306653 3.2572411634 0.2685949441 0.2486054860 0.8748785081 0.0050248511
0.7140000000 0.2685937404 0.9255774230 0.3039307672 3.2572545485 0.2685937404 0.2486043020 0.8748781825 0.0077576817
0.7150000000 0.2685925108 0.9255773918 0.3039307918 3.2572676993 0.2685925108 0.2486031556 0.8748777096 0.0077186302
0.7160000000 0.2685912016 0.9255775741 0.3039307444 3.2572812160 0.2685912016 0.2486019928 0.8748770758 0.0058526252
0.7170000000 0.2685898338 0.9255779289 0.3039306391 3.2572949698 0.2685898338 0.2486008221 0.8748763147 0.0039999498
0.7180000000 0.2685884603 0.9255784117 0.3039304908 3.2573085042 0.2685884603 0.2485996804 0.8748754757 0.0020570930
0.7190000000 0.2685871375 0.9255789622 0.3039303201 3.2573213565 0.2685871375 0.2485986040 0.8748746192 0.0004939596
0.7200000000 0.2685859139 0.9255794921 0.3039301569 3.2573332165 0.2685859139 0.2485976137 0.8748738187 0.0035078802
0.7210000000 0.2685848224 0.9255799018 0.3039300347 3.2573439551 0.2685848224 0.2485967135 0.8748731477 0.0059731105
0.7220000000 0.2685838852 0.9255801272 0.3039299754 3.2573534827 0.2685838852 0.2485959066 0.8748726539 0.0072515597
0.7230000000 0.2685831211 0.9255801535 0.3039299837 3.2573616326 0.2685831211 0.2485952065 0.8748723540 0.0065857385
0.7240000000 0.2685825495 0.9255799994 0.3039300534 3.2573681599 0.2685825495 0.2485946360 0.8748722450 0.0048386512
0.7250000000 0.2685821837 0.9255796993 0.3039301727 3.2573728451 0.2685821837 0.2485942168 0.8748723119 0.0034329696
0.7260000000 0.2685820212 0.9255792879 0.3039303297 3.2573756381 0.2685820212 0.2485939559 0.8748725325 0.0024380671
0.7270000000 0.2685820372 0.9255787941 0.3039305146 3.2573767327 0.2685820372 0.2485938381 0.8748728790 0.0009889670
0.7280000000 0.2685821861 0.9255782691 0.3039307100 3.2573764973 0.2685821861 0.2485938350 0.8748733008 0.0021713214
0.7290000000 0.2685824077 0.9255778276 0.3039308771 3.2573753103 0.2685824077 0.2485939215 0.8748737037 0.0064370925
0.7300000000 0.2685826505 0.9255776022 0.3039309711 3.2573734196 0.2685826505 0.2485940856 0.8748739867 0.0091679297
0.7310000000 0.2685828964 0.9255776394 0.3039309764 3.2573709128 0.2685828964 0.2485943232 0.8748741144 0.0081620611
0.7320000000 0.2685831495 0.9255779020 0.3039309056 3.2573678308 0.2685831495 0.2485946280 0.8748741110 0.0053183798
0.7330000000 0.2685834105 0.9255783263 0.3039307804 3.2573643084 0.2685834105 0.2485949836 0.8748740153 0.0028617818
0.7340000000 0.2685836672 0.9255788432 0.3039306243 3.2573606312 0.2685836672 0.2485953600 0.8748738637 0.0005893454
0.7350000000 0.2685839006 0.9255793784 0.3039304627 3.2573571644 0.2685839006 0.2485957197 0.8748736927 0.0015738890
0.7360000000 0.2685841001 0.9255798596 0.3039303202 3.2573541814 0.2685841001 0.2485960337 0.8748735416 0.0032415545
0.7370000000 0.2685842743 0.9255802362 0.3039302141 3.2573517068 0.2685842743 0.2485962961 0.8748734444 0.0046951507
0.7380000000 0.2685844505 0.9255804715 0.3039301566 3.2573495345 0.2685844505 0.2485965223 0.8748734347 0.0066030367
0.7390000000 0.2685846605 0.9255805267 0.3039301610 3.2573474150 0.2685846605 0.2485967315 0.8748735494 0.0072729199
0.7400000000 0.2685849143 0.9255803832 0.3039302335 3.2573452835 0.2685849143 0.2485969279 0.8748738037 0.0058634919
0.7410000000 0.2685851911 0.9255800609 0.3039303672 3.2573433135 0.2685851911 0.2485970975 0.8748741763 0.0042349248
0.7420000000 0.2685854531 0.9255795979 0.3039305489 3.2573418162 0.2685854531 0.2485972157 0.8748746276 0.0030084699
0.7430000000 0.2685856740 0.9255790291 0.3039307665 3.2573409888 0.2685856740 0.2485972674 0.8748751251 0.0013475594
0.7440000000 0.2685858463 0.9255784147 0.3039309996 3.2573407751 0.2685858463 0.2485972618 0.8748756288 0.0023330779
0.7450000000 0.2685859713 0.9255778950 0.3039312003 3.2573408456 0.2685859713 0.2485972380 0.8748760550 0.0076122216
0.7460000000 0.2685860482 0.9255776405 0.3039313110 3.2573408303 0.2685860482 0.2485972408 0.8748763013 0.0113526495
0.7470000000 0.2685860737 0.9255777132 0.3039313105 3.2573406244 0.2685860737 0.2485972839 0.8748763290 0.0101145073
0.7480000000 0.2685860377 0.9255780684 0.3039312140 3.2573404347 0.2685860377 0.2485973460 0.8748761608 0.0062638121
0.7490000000 0.2685859258 0.9255786215 0.3039310504 3.2573406018 0.2685859258 0.2485973910 0.8748758412 0.0025992115
0.7500000000 0.2685857407 0.9255792597 0.3039308580 3.2573413511 0.2685857407 0.2485973911 0.8748754395 0.0012365936
0.7510000000 0.2685855204 0.9255798495 0.3039306823 3.2573425819 0.2685855204 0.2485973456 0.8748750526 0.0040231436
0.7520000000 0.2685853252 0.9255803038 0.3039305533 3.2573438579 0.2685853252 0.2485972869 0.8748747593 0.0041529673
0.7530000000 0.2685851960 0.9255806319 0.3039304681 3.2573447297 0.2685851960 0.2485972554 0.8748745726 0.0033912089
0.7540000000 0.2685851450 0.9255808644 0.3039304169 3.2573450048 0.2685851450 0.2485972707 0.8748744805 0.0048247189
0.7550000000 0.2685851578 0.9255809670 0.3039304114 3.2573449143 0.2685851578 0.2485973101 0.8748744978 0.0072234351
0.7560000000 0.2685852034 0.9255808740 0.3039304740 3.2573449309 0.2685852034 0.2485973273 0.8748746507 0.0068271268
0.7570000000 0.2685852515 0.9255805770 0.3039306073 3.2573453908 0.2685852515 0.2485972920 0.8748749309 0.0048466984
0.7580000000 0.2685852946 0.9255801213 0.3039307959 3.2573462692 0.2685852946 0.2485972096 0.8748753075 0.0032621989
0.7590000000 0.2685853617 0.9255795512 0.3039310241 3.2573471596 0.2685853617 0.2485971186 0.8748757651 0.0018775894
0.7600000000 0.2685854878 0.9255789150 0.3039312752 3.2573475796 0.2685854878 0.2485970644 0.8748762885 0.0014989381
0.7610000000 0.2685856700 0.9255783450 0.3039315037 3.2573472591 0.2685856700 0.2485970799 0.8748767961 0.0073482505
0.7620000000 0.2685858425 0.9255780418 0.3039316410 3.2573464409 0.2685858425 0.2485971581 0.8748771380 0.0120877419
0.7630000000 0.2685859336 0.9255780987 0.3039316553 3.2573456660 0.2685859336 0.2485972578 0.8748772268 0.0117294659
0.7640000000 0.2685859085 0.9255784857 0.3039315562 3.2573453666 0.2685859085 0.2485973384 0.8748770645 0.0079935274
0.7650000000 0.2685857793 0.9255791267 0.3039313694 3.2573455816 0.2685857793 0.2485973911 0.8748767016 0.0035917650
0.7660000000 0.2685856039 0.9255798863 0.3039311409 3.2573460059 0.2685856039 0.2485974327 0.8748762440 0.0018179267
0.7670000000 0.2685854741 0.9255805665 0.3039309381 3.2573461146 0.2685854741 0.2485974953 0.8748758506 0.0059386480
0.7680000000 0.2685854424 0.9255810379 0.3039308056 3.2573456510 0.2685854424 0.2485975926 0.8748756228 0.0056045895
0.7690000000 0.2685854866 0.9255813390 0.3039307312 3.2573447728 0.2685854866 0.2485977143 0.8748755307 0.0031952422
0.7700000000 0.2685855494 0.9255815541 0.3039306876 3.2573439033 0.2685855494 0.2485978303 0.8748755020 0.0037722864
0.7710000000 0.2685855956 0.9255816713 0.3039306797 3.2573434526 0.2685855956 0.2485979044 0.8748755312 0.0071053442
0.7720000000 0.2685856435 0.9255816007 0.3039307389 3.2573434325 0.2685856435 0.2485979299 0.8748756821 0.0070103858
0.7730000000 0.2685857291 0.9255813289 0.3039308700 3.2573435011 0.2685857291 0.2485979360 0.8748759791 0.0042271621
0.7740000000 0.2685858801 0.9255809291 0.3039310486 3.2573432022 0.2685858801 0.2485979684 0.8748763907 0.0023253748
0.7750000000 0.2685861020 0.9255804590 0.3039312546 3.2573423474 0.2685861020 0.2485980476 0.8748768840 0.0012269299
0.7760000000 0.2685863625 0.9255799556 0.3039314747 3.2573411862 0.2685863625 0.2485981535 0.8748774207 0.0021479949
0.7770000000 0.2685865738 0.9255795425 0.3039316659 3.2573403583 0.2685865738 0.2485982380 0.8748778864 0.0066619536
0.7780000000 0.2685866603 0.9255793590 0.3039317794 3.2573403333 0.2685866603 0.2485982689 0.8748781616 0.0087939318
0.7790000000 0.2685866194 0.9255794316 0.3039318046 3.2573410665 0.2685866194 0.2485982505 0.8748782252 0.0094634422
0.7800000000 0.2685865023 0.9255797610 0.3039317398 3.2573420016 0.2685865023 0.2485982306 0.8748780949 0.0083944568
0.7810000000 0.2685863664 0.9255803370 0.3039315872 3.2573425457 0.2685863664 0.2485982595 0.8748777984 0.0048949524
0.7820000000 0.2685862590 0.9255810624 0.3039313790 3.2573424097 0.2685862590 0.2485983550 0.8748774122 0.0007831764
0.7830000000 0.2685861953 0.9255817343 0.3039311836 3.2573418848 0.2685861953 0.2485984764 0.8748770635 0.0057711539
0.7840000000 0.2685861434 0.9255821919 0.3039310562 3.2573416682 0.2685861434 0.2485985513 0.8748768364 0.0054349645
0.7850000000 0.2685860506 0.9255824750 0.3039309846 3.2573422410 0.2685860506 0.2485985415 0.8748766880 0.0027179585
0.7860000000 0.2685858973 0.9255826776 0.3039309390 3.2573436189 0.2685858973 0.2485984540 0.8748765589 0.0044310266
0.7870000000 0.2685857614 0.9255827600 0.3039309354 3.2573450936 0.2685857614 0.2485983503 0.8748765121 0.0084202392
0.7880000000 0.2685857441 0.9255826191 0.3039310113 3.2573458524 0.2685857441 0.2485982965 0.8748766595 0.0069178958
0.7890000000 0.2685858749 0.9255822835 0.3039311598 3.2573455457 0.2685858749 0.2485983274 0.8748770032 0.0039145404
0.7900000000 0.2685860943 0.9255818416 0.3039313530 3.2573446243 0.2685860943 0.2485984118 0.8748774703 0.0028240119
0.7910000000 0.2685863136 0.9255813289 0.3039315801 3.2573439532 0.2685863136 0.2485984771 0.8748780046 0.0001392918
0.7920000000 0.2685864356 0.9255808478 0.3039318064 3.2573443301 0.2685864356 0.2485984608 0.8748785032 0.0051166572
0.7930000000 0.2685864250 0.9255805826 0.3039319685 3.2573457040 0.2685864250 0.2485983798 0.8748788377 0.0075874663
0.7940000000 0.2685863475 0.9255805793 0.3039320483 3.2573472604 0.2685863475 0.2485983071 0.8748790033 0.0062471774
0.7950000000 0.2685863105 0.9255807601 0.3039320689 3.2573480102 0.2685863105 0.2485983214 0.8748790839 0.0060614665
0.7960000000 0.2685863646 0.9255811004 0.3039320339 3.2573474286 0.2685863646 0.2485984629 0.8748791040 0.0078111334
0.7970000000 0.2685864499 0.9255816487 0.3039319214 3.2573459906 0.2685864499 0.2485986891 0.8748789957 0.0061976179
0.7980000000 0.2685864806 0.9255823643 0.3039317414 3.2573446550 0.2685864806 0.2485989097 0.8748787369 0.0002050642
0.7990000000 0.2685864088 0.9255830403 0.3039315626 3.2573443719 0.2685864088 0.2485990249 0.8748784271 0.0056761624
0.8000000000 0.2685862713 0.9255834863 0.3039314493 3.2573451793 0.2685862713 0.2485990173 0.8748781959 0.0040382782
0.8010000000 0.2685861197 0.9255837706 0.3039313771 3.2573463671 0.2685861197 0.2485989534 0.8748780212 0.0009319547
0.8020000000 0.2685860469 0.9255839816 0.3039313145 3.2573467459 0.2685860469 0.2485989427 0.8748778858 0.0056704975
0.8030000000 0.2685861353 0.9255840018 0.3039313058 3.2573457518 0.2685861353 0.2485990299 0.8748779069 0.0094073575
0.8040000000 0.2685863664 0.9255837704 0.3039313844 3.2573438360 0.2685863664 0.2485991817 0.8748781449 0.0068640208
0.8050000000 0.2685866315 0.9255833675 0.3039315353 3.2573420752 0.2685866315 0.2485993189 0.8748785357 0.0053843108
0.8060000000 0.2685868348 0.9255828112 0.3039317514 3.2573414308 0.2685868348 0.2485993576 0.8748790246 0.0042810664
0.8070000000 0.2685869446 0.9255821043 0.3039320212 3.2573421310 0.2685869446 0.2485992693 0.8748795704 0.0001428007
0.8080000000 0.2685869966 0.9255814621 0.3039322804 3.2573434007 0.2685869966 0.2485991450 0.8748800810 0.0071265648
0.8090000000 0.2685870509 0.9255812464 0.3039324420 3.2573441348 0.2685870509 0.2485991373 0.8748804548 0.0092488930
0.8100000000 0.2685871481 0.9255815117 0.3039325068 3.2573439585 0.2685871481 0.2485992985 0.8748807242 0.0072618184
0.8110000000 0.2685872805 0.9255820020 0.3039325164 3.2573431065 0.2685872805 0.2485995528 0.8748809268 0.0047458178
0.8120000000 0.2685873635 0.9255824354 0.3039324880 3.2573423703 0.2685873635 0.2485997460 0.8748809992 0.0062867652
0.8130000000 0.2685872806 0.9255829463 0.3039323829 3.2573427380 0.2685872806 0.2485998065 0.8748808280 0.0013691223
0.8140000000 0.2685870440 0.9255837908 0.3039322482 3.2573447584 0.2685870440 0.2485998143 0.8748805998 0.0081948883
0.8150000000 0.2685868216 0.9255848148 0.3039322127 3.2573477177 0.2685868216 0.2485998835 0.8748806702 0.0001619667
0.8160000000 0.2685867163 0.9255855545 0.3039322221 3.2573495990 0.2685867163 0.2485999848 0.8748808327 0.0180048319
0.8170000000 0.2685866488 0.9255856554 0.3039320530 3.2573488296 0.2685866488 0.2485999494 0.8748804061 0.0055588224
0.8180000000 0.2685866008 0.9255852097 0.3039317422 3.2573460298 0.2685866008 0.2485997852 0.8748794977 0.0310422132
0.8190000000 0.2685866974 0.9255851085 0.3039316962 3.2573444898 0.2685866974 0.2485998475 0.8748793989 0.0384708849
0.8200000000 0.2685870164 0.9255862660 0.3039322426 3.2573472879 0.2685870164 0.2486004536 0.8748811893 0.0048007037
0.8210000000 0.2685872717 0.9255875310 0.3039329416 3.2573522760 0.2685872717 0.2486010297 0.8748833607 0.0635955408
0.8220000000 0.2685868708 0.9255855784 0.3039327010 3.2573524505 0.2685868708 0.2486001342 0.8748821019 0.0393559684
0.8230000000 0.2685856218 0.9255782857 0.3039309190 3.2573422708 0.2685856218 0.2485970194 0.8748752991 0.0489903496
0.8240000000 0.2685848845 0.9255720574 0.3039296362 3.2573323310 0.2685848845 0.2485946641 0.8748702279 0.0994413066
0.8250000000 0.2685876272 0.9255820865 0.3039335382 3.2573490453 0.2685876272 0.2485998964 0.8748836510 0.0326499063
0.8260000000 0.2685950451 0.9256159958 0.3039446705 3.2574059174 0.2685950451 0.2486158701 0.8749230893 0.0761789425
0.8270000000 0.2685994100 0.9256374138 0.3039513845 3.2574422604 0.2685994100 0.2486256632 0.8749470691 0.1113979967
0.8280000000 0.2685835274 0.9255642595 0.3039266593 3.2573116992 0.2685835274 0.2485913136 0.8748602659 0.0314133783
0.8290000000 0.2685419291 0.9253725344 0.3038616526 3.2569673016 0.2685419291 0.2485013255 0.8746322823 0.1081538121
0.8300000000 0.2685207627 0.9252784567 0.3038289680 3.2567989297 0.2685207627 0.2484564769 0.8745181327 0.1137356721
0.8310000000 0.2686265988 0.9257742972 0.3039961695 3.2576994316 0.2686265988 0.2486876007 0.8751047183 0.0260779901
0.8320000000 0.2688715860 0.9269181686 0.3043833825 3.2597815552 0.2688715860 0.2492219581 0.8764626368 0.1139471878
0.8330000000 0.2689653035 0.9273539138 0.3045304625 3.2605664966 0.2689653035 0.2494260269 0.8769792575 0.1049695329
0.8340000000 0.2682621771 0.9240600798 0.3034163076 3.2545533454 0.2682621771 0.2478903688 0.8730735659 0.0211006962
0.8350000000 0.2667974346 0.9171767299 0.3011007763 3.2420427794 0.2667974346 0.2447003986 0.8649686965 0.1141598251
0.8360000000 0.2664146392 0.9153751285 0.3004987100 3.2387962585 0.2664146392 0.2438693346 0.8628627367 0.0969170916
0.8370000000 0.2709022096 0.9365379941 0.3076504138 3.2776796550 0.2709022096 0.2537102120 0.8879306611 0.0163997036
0.8380000000 0.2794232490 0.9756713615 0.3212895512 3.3505451377 0.2794232490 0.2726252618 0.9362202082 0.1141917870
0.8390000000 0.2796257648 0.9769784533 0.3218461653 3.3547158227 0.2796257648 0.2731883472 0.9380649776 0.0864323550
0.8400000000 0.2458743617 0.8214788176 0.2702948793 3.0857165305 0.2458743617 0.2019805799 0.7586985823 0.0137982070
0.8410000000 0.1866549550 0.4844485362 0.1827325652 2.5648098893 0.1866549550 0.0904247197 0.4787344745 0.0351107175
0.8420000000 0.1457660238 0.1776763422 0.1257071702 2.1717595943 0.1457660238 0.0258991739 0.3165687606 0.0618737355
0.8430000000 0.1303021953 0.0454476932 0.1061481100 2.0376083727 0.1303021953 0.0059219342 0.2655048441 0.0710774534
0.8440000000 0.1261909725 0.0101177509 0.1013454506 2.0078305173 0.1261909725 0.0012767688 0.2533700856 0.0734165438
0.8450000000 0.1252563330 0.0021718450 0.1002876361 2.0016503735 0.1252563330 0.0002720373 0.2507193857 0.0739034418
0.8460000000 0.1250543557 0.0004602731 0.1000609029 2.0003483218 0.1250543557 0.0000575592 0.2501522706 0.0737747402
0.8470000000 0.1250113108 0.0000957650 0.1000126692 2.0000724087 0.1250113108 0.0000119717 0.2500316735 0.0726715224
0.8480000000 0.1250022337 0.0000189113 0.1000025017 2.0000142963 0.1250022337 0.0000023639 0.2500062544 0.0675779230
0.8490000000 0.1250003866 0.0000032735 0.1000004330 2.0000024745 0.1250003866 0.0000004092 0.2500010826 0.0485888358
0.8500000000 0.1250000539 0.0000004560 0.1000000603 2.0000003447 0.1250000539 0.0000000570 0.2500001508 0.0173315264
0.8510000000 0.1250000061 0.0000000519 0.1000000069 2.0000000392 0.1250000061 0.0000000065 0.2500000172 0.0028988774
0.8520000000 0.1250000006 0.0000000053 0.1000000007 2.0000000040 0.1250000006 0.0000000007 0.2500000018 0.0003309145
0.8530000000 0.1250000001 0.0000000005 0.1000000001 2.0000000004 0.1250000001 0.0000000001 0.2500000002 0.0000335437
0.8540000000 0.1250000000 0.0000000001 0.1000000000 2.0000000000 0.1250000000 0.0000000000 0.2500000000 0.0000033283
0.8550000000 0.1250000000 0.0000000000 0.1000000000 2.0000000000 0.1250000000 0.0000000000 0.2500000000 0.0000003294
0.8560000000 0.1250000000 0.0000000000 0.1000000000 2.0000000000 0.1250000000 0.0000000000 0.2500000000 0.0000000326
0.8570000000 0.1250000000 0.0000000000 0.1000000000 2.0000000000 0.1250000000 0.0000000000 0.2500000000 0.0000000032
0.8580000000 0.1250000000 0.0000000000 0.1000000000 2.0000000000 0.1250000000 0.0000000000 0.2500000000 0.0000000003
0.8590000000 0.1250000000 0.0000000000 0.1000000000 2.0000000000 0.1250000000 0.0000000000 0.2500000000 0.0000000000
0.8600000000 0.1250000000 0.0000000000 0.1000000000 2.0000000000 0.1250000000 0.0000000000 0.2500000000 0.0000000000
0.8610000000 0.1250000000 0.0000000000 0.1000000000 2.0000000000 0.1250000000 0.0000000000 0.2500000000 0.0000000000
0.8620000000 0.1250000000 0.0000000000 0.1000000000 2.0000000000 0.1250000000 0.0000000000 0.2500000000 0.0000000000
0.8630000000 0.1250000000 0.0000000000 0.1000000000 2.0000000000 0.1250000000 0.0000000000 0.2500000000 0.0000000000
0.8640000000 0.1250000000 0.0000000000 0.1000000000 2.0000000000 0.1250000000 0.0000000000 0.2500000000 0.0000000000
0.8650000000 0.1250000000 0.0000000000 0.1000000000 2.0000000000 0.1250000000 0.0000000000 0.2500000000 0.0000000000
0.8660000000 0.1250000000 0.0000000000 0.1000000000 2.0000000000 0.1250000000 0.0000000000 0.2500000000 0.0000000000
0.8670000000 0.1250000000 0.0000000000 0.1000000000 2.0000000000 0.1250000000 0.0000000000 0.2500000000 0.0000000000
0.8680000000 0.1250000000 0.0000000000 0.1000000000 2.0000000000 0.1250000000 0.0000000000 0.2500000000 0.0000000000
0.8690000000 0.1250000000 0.0000000000 0.1000000000 2.0000000000 0.1250000000 0.0000000000 0.2500000000 0.0000000000
0.8700000000 0.1250000000 0.0000000000 0.1000000000 2.0000000000 0.1250000000 0.0000000000 0.2500000000 0.0000000000
0.8710000000 0.1250000000 0.0000000000 0.1000000000 2.0000000000 0.1250000000 0.0000000000 0.2500000000 0.0000000000
0.8720000000 0.1250000000 0.0000000000 0.1000000000 2.0000000000 0.1250000000 0.0000000000 0.2500000000 0.0000000000
0.8730000000 0.1250000000 0.0000000000 0.1000000000 2.0000000000 0.1250000000 0.0000000000 0.2500000000 0.0000000000
0.8740000000 0.1250000000 0.0000000000 0.1000000000 2.0000000000 0.1250000000 0.0000000000 0.2500000000 0.0000000000
0.8750000000 0.1250000000 0.0000000000 0.1000000000 2.0000000000 0.1250000000 0.0000000000 0.2500000000 0.0000000000
0.8760000000 0.1250000000 0.0000000000 0.1000000000 2.0000000000 0.1250000000 0.0000000000 0.2500000000 0.0000000000
0.8770000000 0.1250000000 0.0000000000 0.1000000000 2.0000000000 0.1250000000 0.0000000000 0.2500000000 0.0000000000
0.8780000000 0.1250000000 0.0000000000 0.1000000000 2.0000000000 0.1250000000 0.0000000000 0.2500000000 0.0000000000
0.8790000000 0.1250000000 0.0000000000 0.1000000000 2.0000000000 0.1250000000 0.0000000000 0.2500000000 0.0000000000
0.8800000000 0.1250000000 0.0000000000 0.1000000000 2.0000000000 0.1250000000 0.0000000000 0.2500000000 0.0000000000
0.8810000000 0.1250000000 0.0000000000 0.1000000000 2.0000000000 0.1250000000 0.0000000000 0.2500000000 0.0000000000
0.8820000000 0.1250000000 0.0000000000 0.1000000000 2.0000000000 0.1250000000 0.0000000000 0.2500000000 0.0000000000
0.8830000000 0.1250000000 0.0000000000 0.1000000000 2.0000000000 0.1250000000 0.0000000000 0.2500000000 0.0000000000
0.8840000000 0.1250000000 0.0000000000 0.1000000000 2.0000000000 0.1250000000 0.0000000000 0.2500000000 0.0000000000
0.8850000000 0.1250000000 0.0000000000 0.1000000000 2.0000000000 0.1250000000 0.0000000000 0.2500000000 0.0000000000
0.8860000000 0.1250000000 0.0000000000 0.1000000000 2.0000000000 0.1250000000 0.0000000000 0.2500000000 0.0000000000
0.8870000000 0.1250000000 0.0000000000 0.1000000000 2.0000000000 0.1250000000 0.0000000000 0.2500000000 0.0000000000
0.8880000000 0.1250000000 0.0000000000 0.1000000000 2.0000000000 0.1250000000 0.0000000000 0.2500000000 0.0000000000
0.8890000000 0.1250000000 0.0000000000 0.1000000000 2.0000000000 0.1250000000 0.0000000000 0.2500000000 0.0000000000
0.8900000000 0.1250000000 0.0000000000 0.1000000000 2.0000000000 0.1250000000 0.0000000000 0.2500000000 0.0000000000
0.8910000000 0.1250000000 0.0000000000 0.1000000000 2.0000000000 0.1250000000 0.0000000000 0.2500000000 0.0000000000
0.8920000000 0.1250000000 0.0000000000 0.1000000000 2.0000000000 0.1250000000 0.0000000000 0.2500000000 0.0000000000
0.8930000000 0.1250000000 0.0000000000 0.1000000000 2.0000000000 0.1250000000 0.0000000000 0.2500000000 0.0000000000
0.8940000000 0.1250000000 0.0000000000 0.1000000000 2.0000000000 0.1250000000 0.0000000000 0.2500000000 0.0000000000
0.8950000000 0.1250000000 0.0000000000 0.1000000000 2.0000000000 0.1250000000 0.0000000000 0.2500000000 0.0000000000
0.8960000000 0.1250000000 0.0000000000 0.1000000000 2.0000000000 0.1250000000 0.0000000000 0.2500000000 0.0000000000
0.8970000000 0.1250000000 0.0000000000 0.1000000000 2.0000000000 0.1250000000 0.0000000000 0.2500000000 0.0000000000
0.8980000000 0.1250000000 0.0000000000 0.1000000000 2.0000000000 0.1250000000 0.0000000000 0.2500000000 0.0000000000
0.8990000000 0.1250000000 0.0000000000 0.1000000000 2.0000000000 0.1250000000 0.0000000000 0.2500000000 0.0000000000
0.9000000000 0.1250000000 0.0000000000 0.1000000000 2.0000000000 0.1250000000 0.0000000000 0.2500000000 0.0000000000
0.9010000000 0.1250000000 0.0000000000 0.1000000000 2.0000000000 0.1250000000 0.0000000000 0.2500000000 0.0000000000
0.9020000000 0.1250000000 0.0000000000 0.1000000000 2.0000000000 0.1250000000 0.0000000000 0.2500000000 0.0000000000
0.9030000000 0.1250000000 0.0000000000 0.1000000000 2.0000000000 0.1250000000 0.0000000000 0.2500000000 0.0000000000
0.9040000000 0.1250000000 0.0000000000 0.1000000000 2.0000000000 0.1250000000 0.0000000000 0.2500000000 0.0000000000
0.9050000000 0.1250000000 0.0000000000 0.1000000000 2.0000000000 0.1250000000 0.0000000000 0.2500000000 0.0000000000
0.9060000000 0.1250000000 0.0000000000 0.1000000000 2.0000000000 0.1250000000 0.0000000000 0.2500000000 0.0000000000
0.9070000000 0.1250000000 0.0000000000 0.1000000000 2.0000000000 0.1250000000 0.0000000000 0.2500000000 0.0000000000
0.9080000000 0.1250000000 0.0000000000 0.1000000000 2.0000000000 0.1250000000 0.0000000000 0.2500000000 0.0000000000
0.9090000000 0.1250000000 0.0000000000 0.1000000000 2.0000000000 0.1250000000 0.0000000000 0.2500000000 0.0000000000
0.9100000000 0.1250000000 0.0000000000 0.1000000000 2.0000000000 0.1250000000 0.0000000000 0.2500000000 0.0000000000
0.9110000000 0.1250000000 0.0000000000 0.1000000000 2.0000000000 0.1250000000 0.0000000000 0.2500000000 0.0000000000
0.9120000000 0.1250000000 0.0000000000 0.1000000000 2.0000000000 0.1250000000 0.0000000000 0.2500000000 0.0000000000
0.9130000000 0.1250000000 0.0000000000 0.1000000000 2.0000000000 0.1250000000 0.0000000000 0.2500000000 0.0000000000
0.9140000000 0.1250000000 0.0000000000 0.1000000000 2.0000000000 0.1250000000 0.0000000000 0.2500000000 0.0000000000
0.9150000000 0.1250000000 0.0000000000 0.1000000000 2.0000000000 0.1250000000 0.0000000000 0.2500000000 0.0000000000
0.9160000000 0.1250000000 0.0000000000 0.1000000000 2.0000000000 0.1250000000 0.0000000000 0.2500000000 0.0000000000
0.9170000000 0.1250000000 0.0000000000 0.1000000000 2.0000000000 0.1250000000 0.0000000000 0.2500000000 0.0000000000
0.9180000000 0.1250000000 0.0000000000 0.1000000000 2.0000000000 0.1250000000 0.0000000000 0.2500000000 0.0000000000
0.9190000000 0.1250000000 0.0000000000 0.1000000000 2.0000000000 0.1250000000 0.0000000000 0.2500000000 0.0000000000
0.9200000000 0.1250000000 0.0000000000 0.1000000000 2.0000000000 0.1250000000 0.0000000000 0.2500000000 0.0000000000
0.9210000000 0.1250000000 0.0000000000 0.1000000000 2.0000000000 0.1250000000 0.0000000000 0.2500000000 0.0000000000
0.9220000000 0.1250000000 0.0000000000 0.1000000000 2.0000000000 0.1250000000 0.0000000000 0.2500000000 0.0000000000
0.9230000000 0.1250000000 0.0000000000 0.1000000000 2.0000000000 0.1250000000 0.0000000000 0.2500000000 0.0000000000
0.9240000000 0.1250000000 0.0000000000 0.1000000000 2.0000000000 0.1250000000 0.0000000000 0.2500000000 0.0000000000
0.9250000000 0.1250000000 0.0000000000 0.1000000000 2.0000000000 0.1250000000 0.0000000000 0.2500000000 0.0000000000
0.9260000000 0.1250000000 0.0000000000 0.1000000000 2.0000000000 0.1250000000 0.0000000000 0.2500000000 0.0000000000
0.9270000000 0.1250000000 0.0000000000 0.1000000000 2.0000000000 0.1250000000 0.0000000000 0.2500000000 0.0000000000
0.9280000000 0.1250000000 0.0000000000 0.1000000000 2.0000000000 0.1250000000 0.0000000000 0.2500000000 0.0000000000
0.9290000000 0.1250000000 0.0000000000 0.1000000000 2.0000000000 0.1250000000 0.0000000000 0.2500000000 0.0000000000
0.9300000000 0.1250000000 0.0000000000 0.1000000000 2.0000000000 0.1250000000 0.0000000000 0.2500000000 0.0000000000
0.9310000000 0.1250000000 0.0000000000 0.1000000000 2.0000000000 0.1250000000 0.0000000000 0.2500000000 0.0000000000
0.9320000000 0.1250000000 0.0000000000 0.1000000000 2.0000000000 0.1250000000 0.0000000000 0.2500000000 0.0000000000
0.9330000000 0.1250000000 0.0000000000 0.1000000000 2.0000000000 0.1250000000 0.0000000000 0.2500000000 0.0000000000
0.9340000000 0.1250000000 0.0000000000 0.1000000000 2.0000000000 0.1250000000 0.0000000000 0.2500000000 0.0000000000
0.9350000000 0.1250000000 0.0000000000 0.1000000000 2.0000000000 0.1250000000 0.0000000000 0.2500000000 0.0000000000
0.9360000000 0.1250000000 0.0000000000 0.1000000000 2.0000000000 0.1250000000 0.0000000000 0.2500000000 0.0000000000
0.9370000000 0.1250000000 0.0000000000 0.1000000000 2.0000000000 0.1250000000 0.0000000000 0.2500000000 0.0000000000
0.9380000000 0.1250000000 0.0000000000 0.1000000000 2.0000000000 0.1250000000 0.0000000000 0.2500000000 0.0000000000
0.9390000000 0.1250000000 0.0000000000 0.1000000000 2.0000000000 0.1250000000 0.0000000000 0.2500000000 0.0000000000
0.9400000000 0.1250000000 0.0000000000 0.1000000000 2.0000000000 0.1250000000 0.0000000000 0.2500000000 0.0000000000
0.9410000000 0.1250000000 0.0000000000 0.1000000000 2.0000000000 0.1250000000 0.0000000000 0.2500000000 0.0000000000
0.9420000000 0.1250000000 0.0000000000 0.1000000000 2.0000000000 0.1250000000 0.0000000000 0.2500000000 0.0000000000
0.9430000000 0.1250000000 0.0000000000 0.1000000000 2.0000000000 0.1250000000 0.0000000000 0.2500000000 0.0000000000
0.9440000000 0.1250000000 0.0000000000 0.1000000000 2.0000000000 0.1250000000 0.0000000000 0.2500000000 0.0000000000
0.9450000000 0.1250000000 0.0000000000 0.1000000000 2.0000000000 0.1250000000 0.0000000000 0.2500000000 0.0000000000
0.9460000000 0.1250000000 0.0000000000 0.1000000000 2.0000000000 0.1250000000 0.0000000000 0.2500000000 0.0000000000
0.9470000000 0.1250000000 0.0000000000 0.1000000000 2.0000000000 0.1250000000 0.0000000000 0.2500000000 0.0000000000
0.9480000000 0.1250000000 0.0000000000 0.1000000000 2.0000000000 0.1250000000 0.0000000000 0.2500000000 0.0000000000
0.9490000000 0.1250000000 0.0000000000 0.1000000000 2.0000000000 0.1250000000 0.0000000000 0.2500000000 0.0000000000
0.9500000000 0.1250000000 0.0000000000 0.1000000000 2.0000000000 0.1250000000 0.0000000000 0.2500000000 0.0000000000
0.9510000000 0.1250000000 0.0000000000 0.1000000000 2.0000000000 0.1250000000 0.0000000000 0.2500000000 0.0000000000
0.9520000000 0.1250000000 0.0000000000 0.1000000000 2.0000000000 0.1250000000 0.0000000000 0.2500000000 0.0000000000
0.9530000000 0.1250000000 0.0000000000 0.1000000000 2.0000000000 0.1250000000 0.0000000000 0.2500000000 0.0000000000
0.9540000000 0.1250000000 0.0000000000 0.1000000000 2.0000000000 0.1250000000 0.0000000000 0.2500000000 0.0000000000
0.9550000000 0.1250000000 0.0000000000 0.1000000000 2.0000000000 0.1250000000 0.0000000000 0.2500000000 0.0000000000
0.9560000000 0.1250000000 0.0000000000 0.1000000000 2.0000000000 0.1250000000 0.0000000000 0.2500000000 0.0000000000
0.9570000000 0.1250000000 0.0000000000 0.1000000000 2.0000000000 0.1250000000 0.0000000000 0.2500000000 0.0000000000
0.9580000000 0.1250000000 0.0000000000 0.1000000000 2.0000000000 0.1250000000 0.0000000000 0.2500000000 0.0000000000
0.9590000000 0.1250000000 0.0000000000 0.1000000000 2.0000000000 0.1250000000 0.0000000000 0.2500000000 0.0000000000
0.9600000000 0.1250000000 0.0000000000 0.1000000000 2.0000000000 0.1250000000 0.0000000000 0.2500000000 0.0000000000
0.9610000000 0.1250000000 0.0000000000 0.1000000000 2.0000000000 0.1250000000 0.0000000000 0.2500000000 0.0000000000
0.9620000000 0.1250000000 0.0000000000 0.1000000000 2.0000000000 0.1250000000 0.0000000000 0.2500000000 0.0000000000
0.9630000000 0.1250000000 0.0000000000 0.1000000000 2.0000000000 0.1250000000 0.0000000000 0.2500000000 0.0000000000
0.9640000000 0.1250000000 0.0000000000 0.1000000000 2.0000000000 0.1250000000 0.0000000000 0.2500000000 0.0000000000
0.9650000000 0.1250000000 0.0000000000 0.1000000000 2.0000000000 0.1250000000 0.0000000000 0.2500000000 0.0000000000
0.9660000000 0.1250000000 0.0000000000 0.1000000000 2.0000000000 0.1250000000 0.0000000000 0.2500000000 0.0000000000
0.9670000000 0.1250000000 0.0000000000 0.1000000000 2.0000000000 0.1250000000 0.0000000000 0.2500000000 0.0000000000
0.9680000000 0.1250000000 0.0000000000 0.1000000000 2.0000000000 0.1250000000 0.0000000000 0.2500000000 0.0000000000
0.9690000000 0.1250000000 0.0000000000 0.1000000000 2.0000000000 0.1250000000 0.0000000000 0.2500000000 0.0000000000
0.9700000000 0.1250000000 0.0000000000 0.1000000000 2.0000000000 0.1250000000 0.0000000000 0.2500000000 0.0000000000
0.9710000000 0.1250000000 0.0000000000 0.1000000000 2.0000000000 0.1250000000 0.0000000000 0.2500000000 0.0000000000
0.9720000000 0.1250000000 0.0000000000 0.1000000000 2.0000000000 0.1250000000 0.0000000000 0.2500000000 0.0000000000
0.9730000000 0.1250000000 0.0000000000 0.1000000000 2.0000000000 0.1250000000 0.0000000000 0.2500000000 0.0000000000
0.9740000000 0.1250000000 0.0000000000 0.1000000000 2.0000000000 0.1250000000 0.0000000000 0.2500000000 0.0000000000
0.9750000000 0.1250000000 0.0000000000 0.1000000000 2.0000000000 0.1250000000 0.0000000000 0.2500000000 0.0000000000
0.9760000000 0.1250000000 0.0000000000 0.1000000000 2.0000000000 0.1250000000 0.0000000000 0.2500000000 0.0000000000
0.9770000000 0.1250000000 0.0000000000 0.1000000000 2.0000000000 0.1250000000 0.0000000000 0.2500000000 0.0000000000
0.9780000000 0.1250000000 0.0000000000 0.1000000000 2.0000000000 0.1250000000 0.0000000000 0.2500000000 0.0000000000
0.9790000000 0.1250000000 0.0000000000 0.1000000000 2.0000000000 0.1250000000 0.0000000000 0.2500000000 0.0000000000
0.9800000000 0.1250000000 0.0000000000 0.1000000000 2.0000000000 0.1250000000 0.0000000000 0.2500000000 0.0000000000
0.9810000000 0.1250000000 0.0000000000 0.1000000000 2.0000000000 0.1250000000 0.0000000000 0.2500000000 0.0000000000
0.9820000000 0.1250000000 0.0000000000 0.1000000000 2.0000000000 0.1250000000 0.0000000000 0.2500000000 0.0000000000
0.9830000000 0.1250000000 0.0000000000 0.1000000000 2.0000000000 0.1250000000 0.0000000000 0.2500000000 0.0000000000
0.9840000000 0.1250000000 0.0000000000 0.1000000000 2.0000000000 0.1250000000 0.0000000000 0.2500000000 0.0000000000
0.9850000000 0.1250000000 0.0000000000 0.1000000000 2.0000000000 0.1250000000 0.0000000000 0.2500000000 0.0000000000
0.9860000000 0.1250000000 0.0000000000 0.1000000000 2.0000000000 0.1250000000 0.0000000000 0.2500000000 0.0000000000
0.9870000000 0.1250000000 0.0000000000 0.1000000000 2.0000000000 0.1250000000 0.0000000000 0.2500000000 0.0000000000
0.9880000000 0.1250000000 0.0000000000 0.1000000000 2.0000000000 0.1250000000 0.0000000000 0.2500000000 0.0000000000
0.9890000000 0.1250000000 0.0000000000 0.1000000000 2.0000000000 0.1250000000 0.0000000000 0.2500000000 0.0000000000
0.9900000000 0.1250000000 0.0000000000 0.1000000000 2.0000000000 0.1250000000 0.0000000000 0.2500000000 0.0000000000
0.9910000000 0.1250000000 0.0000000000 0.1000000000 2.0000000000 0.1250000000 0.0000000000 0.2500000000 0.0000000000
0.9920000000 0.1250000000 0.0000000000 0.1000000000 2.0000000000 0.1250000000 0.0000000000 0.2500000000 0.0000000000
0.9930000000 0.1250000000 0.0000000000 0.1000000000 2.0000000000 0.1250000000 0.0000000000 0.2500000000 0.0000000000
0.9940000000 0.1250000000 0.0000000000 0.1000000000 2.0000000000 0.1250000000 0.0000000000 0.2500000000 0.0000000000
0.9950000000 0.1250000000 0.0000000000 0.1000000000 2.0000000000 0.1250000000 0.0000000000 0.2500000000 0.0000000000
0.9960000000 0.1250000000 0.0000000000 0.1000000000 2.0000000000 0.1250000000 0.0000000000 0.2500000000 0.0000000000
0.9970000000 0.1250000000 0.0000000000 0.1000000000 2.0000000000 0.1250000000 0.0000000000 0.2500000000 0.0000000000
0.9980000000 0.1250000000 0.0000000000 0.1000000000 2.0000000000 0.1250000000 0.0000000000 0.2500000000 0.0000000000
0.9990000000 0.1250000000 0.0000000000 0.1000000000 2.0000000000 0.1250000000 0.0000000000 0.2500000000 0.0000000000
1.0000000000 0.1250000000 0.0000000000 0.1000000000 2.0000000000 0.1250000000 0.0000000000 0.2500000000 0.0000000000
