TITLE = "1D Euler Filtered MacCormack Result"
VARIABLES = "x", "rho", "u", "p", "E", "rho_conserved", "rhou", "rhoE", "nu"
ZONE T="t=0.20000000", I=1001, F=POINT
0.0000000000 1.0000000000 -0.2000000000 0.5000000000 1.2700000000 1.0000000000 -0.2000000000 1.2700000000 0.0000000000
0.0010000000 1.0000000000 -0.2000000000 0.5000000000 1.2700000000 1.0000000000 -0.2000000000 1.2700000000 0.0000000000
0.0020000000 1.0000000000 -0.2000000000 0.5000000000 1.2700000000 1.0000000000 -0.2000000000 1.2700000000 0.0000000000
0.0030000000 1.0000000000 -0.2000000000 0.5000000000 1.2700000000 1.0000000000 -0.2000000000 1.2700000000 0.0000000000
0.0040000000 1.0000000000 -0.2000000000 0.5000000000 1.2700000000 1.0000000000 -0.2000000000 1.2700000000 0.0000000000
0.0050000000 1.0000000000 -0.2000000000 0.5000000000 1.2700000000 1.0000000000 -0.2000000000 1.2700000000 0.0000000000
0.0060000000 1.0000000000 -0.2000000000 0.5000000000 1.2700000000 1.0000000000 -0.2000000000 1.2700000000 0.0000000000
0.0070000000 1.0000000000 -0.2000000000 0.5000000000 1.2700000000 1.0000000000 -0.2000000000 1.2700000000 0.0000000000
0.0080000000 1.0000000000 -0.2000000000 0.5000000000 1.2700000000 1.0000000000 -0.2000000000 1.2700000000 0.0000000000
0.0090000000 1.0000000000 -0.2000000000 0.5000000000 1.2700000000 1.0000000000 -0.2000000000 1.2700000000 0.0000000000
0.0100000000 1.0000000000 -0.2000000000 0.5000000000 1.2700000000 1.0000000000 -0.2000000000 1.2700000000 0.0000000000
0.0110000000 1.0000000000 -0.2000000000 0.5000000000 1.2700000000 1.0000000000 -0.2000000000 1.2700000000 0.0000000000
0.0120000000 1.0000000000 -0.2000000000 0.5000000000 1.2700000000 1.0000000000 -0.2000000000 1.2700000000 0.0000000000
0.0130000000 1.0000000000 -0.2000000000 0.5000000000 1.2700000000 1.0000000000 -0.2000000000 1.2700000000 0.0000000000
0.0140000000 1.0000000000 -0.2000000000 0.5000000000 1.2700000000 1.0000000000 -0.2000000000 1.2700000000 0.0000000000
0.0150000000 1.0000000000 -0.2000000000 0.5000000000 1.2700000000 1.0000000000 -0.2000000000 1.2700000000 0.0000000000
0.0160000000 1.0000000000 -0.2000000000 0.5000000000 1.2700000000 1.0000000000 -0.2000000000 1.2700000000 0.0000000000
0.0170000000 1.0000000000 -0.2000000000 0.5000000000 1.2700000000 1.0000000000 -0.2000000000 1.2700000000 0.0000000000
0.0180000000 1.0000000000 -0.2000000000 0.5000000000 1.2700000000 1.0000000000 -0.2000000000 1.2700000000 0.0000000000
0.0190000000 1.0000000000 -0.2000000000 0.5000000000 1.2700000000 1.0000000000 -0.2000000000 1.2700000000 0.0000000000
0.0200000000 1.0000000000 -0.2000000000 0.5000000000 1.2700000000 1.0000000000 -0.2000000000 1.2700000000 0.0000000000
0.0210000000 1.0000000000 -0.2000000000 0.5000000000 1.2700000000 1.0000000000 -0.2000000000 1.2700000000 0.0000000000
0.0220000000 1.0000000000 -0.2000000000 0.5000000000 1.2700000000 1.0000000000 -0.2000000000 1.2700000000 0.0000000000
0.0230000000 1.0000000000 -0.2000000000 0.5000000000 1.2700000000 1.0000000000 -0.2000000000 1.2700000000 0.0000000000
0.0240000000 1.0000000000 -0.2000000000 0.5000000000 1.2700000000 1.0000000000 -0.2000000000 1.2700000000 0.0000000000
0.0250000000 1.0000000000 -0.2000000000 0.5000000000 1.2700000000 1.0000000000 -0.2000000000 1.2700000000 0.0000000000
0.0260000000 1.0000000000 -0.2000000000 0.5000000000 1.2700000000 1.0000000000 -0.2000000000 1.2700000000 0.0000000000
0.0270000000 1.0000000000 -0.2000000000 0.5000000000 1.2700000000 1.0000000000 -0.2000000000 1.2700000000 0.0000000000
0.0280000000 1.0000000000 -0.2000000000 0.5000000000 1.2700000000 1.0000000000 -0.2000000000 1.2700000000 0.0000000000
0.0290000000 1.0000000000 -0.2000000000 0.5000000000 1.2700000000 1.0000000000 -0.2000000000 1.2700000000 0.0000000000
0.0300000000 1.0000000000 -0.2000000000 0.5000000000 1.2700000000 1.0000000000 -0.2000000000 1.2700000000 0.0000000000
0.0310000000 1.0000000000 -0.2000000000 0.5000000000 1.2700000000 1.0000000000 -0.2000000000 1.2700000000 0.0000000000
0.0320000000 1.0000000000 -0.2000000000 0.5000000000 1.2700000000 1.0000000000 -0.2000000000 1.2700000000 0.0000000000
0.0330000000 1.0000000000 -0.2000000000 0.5000000000 1.2700000000 1.0000000000 -0.2000000000 1.2700000000 0.0000000000
0.0340000000 1.0000000000 -0.2000000000 0.5000000000 1.2700000000 1.0000000000 -0.2000000000 1.2700000000 0.0000000000
0.0350000000 1.0000000000 -0.2000000000 0.5000000000 1.2700000000 1.0000000000 -0.2000000000 1.2700000000 0.0000000000
0.0360000000 1.0000000000 -0.2000000000 0.5000000000 1.2700000000 1.0000000000 -0.2000000000 1.2700000000 0.0000000000
0.0370000000 1.0000000000 -0.2000000000 0.5000000000 1.2700000000 1.0000000000 -0.2000000000 1.2700000000 0.0000000000
0.0380000000 1.0000000000 -0.2000000000 0.5000000000 1.2700000000 1.0000000000 -0.2000000000 1.2700000000 0.0000000000
0.0390000000 1.0000000000 -0.2000000000 0.5000000000 1.2700000000 1.0000000000 -0.2000000000 1.2700000000 0.0000000000
0.0400000000 1.0000000000 -0.2000000000 0.5000000000 1.2700000000 1.0000000000 -0.2000000000 1.2700000000 0.0000000000
0.0410000000 1.0000000000 -0.2000000000 0.5000000000 1.2700000000 1.0000000000 -0.2000000000 1.2700000000 0.0000000000
0.0420000000 1.0000000000 -0.2000000000 0.5000000000 1.2700000000 1.0000000000 -0.2000000000 1.2700000000 0.0000000000
0.0430000000 1.0000000000 -0.2000000000 0.5000000000 1.2700000000 1.0000000000 -0.2000000000 1.2700000000 0.0000000000
0.0440000000 1.0000000000 -0.2000000000 0.5000000000 1.2700000000 1.0000000000 -0.2000000000 1.2700000000 0.0000000000
0.0450000000 1.0000000000 -0.2000000000 0.5000000000 1.2700000000 1.0000000000 -0.2000000000 1.2700000000 0.0000000000
0.0460000000 1.0000000000 -0.2000000000 0.5000000000 1.2700000000 1.0000000000 -0.2000000000 1.2700000000 0.0000000000
0.0470000000 1.0000000000 -0.2000000000 0.5000000000 1.2700000000 1.0000000000 -0.2000000000 1.2700000000 0.0000000000
0.0480000000 1.0000000000 -0.2000000000 0.5000000000 1.2700000000 1.0000000000 -0.2000000000 1.2700000000 0.0000000000
0.0490000000 1.0000000000 -0.2000000000 0.5000000000 1.2700000000 1.0000000000 -0.2000000000 1.2700000000 0.0000000000
0.0500000000 1.0000000000 -0.2000000000 0.5000000000 1.2700000000 1.0000000000 -0.2000000000 1.2700000000 0.0000000000
0.0510000000 1.0000000000 -0.2000000000 0.5000000000 1.2700000000 1.0000000000 -0.2000000000 1.2700000000 0.0000000000
0.0520000000 1.0000000000 -0.2000000000 0.5000000000 1.2700000000 1.0000000000 -0.2000000000 1.2700000000 0.0000000000
0.0530000000 1.0000000000 -0.2000000000 0.5000000000 1.2700000000 1.0000000000 -0.2000000000 1.2700000000 0.0000000000
0.0540000000 1.0000000000 -0.2000000000 0.5000000000 1.2700000000 1.0000000000 -0.2000000000 1.2700000000 0.0000000000
0.0550000000 1.0000000000 -0.2000000000 0.5000000000 1.2700000000 1.0000000000 -0.2000000000 1.2700000000 0.0000000000
0.0560000000 1.0000000000 -0.2000000000 0.5000000000 1.2700000000 1.0000000000 -0.2000000000 1.2700000000 0.0000000000
0.0570000000 1.0000000000 -0.2000000000 0.5000000000 1.2700000000 1.0000000000 -0.2000000000 1.2700000000 0.0000000000
0.0580000000 1.0000000000 -0.2000000000 0.5000000000 1.2700000000 1.0000000000 -0.2000000000 1.2700000000 0.0000000000
0.0590000000 1.0000000000 -0.2000000000 0.5000000000 1.2700000000 1.0000000000 -0.2000000000 1.2700000000 0.0000000000
0.0600000000 1.0000000000 -0.2000000000 0.5000000000 1.2700000000 1.0000000000 -0.2000000000 1.2700000000 0.0000000000
0.0610000000 1.0000000000 -0.2000000000 0.5000000000 1.2700000000 1.0000000000 -0.2000000000 1.2700000000 0.0000000000
0.0620000000 1.0000000000 -0.2000000000 0.5000000000 1.2700000000 1.0000000000 -0.2000000000 1.2700000000 0.0000000000
0.0630000000 1.0000000000 -0.2000000000 0.5000000000 1.2700000000 1.0000000000 -0.2000000000 1.2700000000 0.0000000000
0.0640000000 1.0000000000 -0.2000000000 0.5000000000 1.2700000000 1.0000000000 -0.2000000000 1.2700000000 0.0000000000
0.0650000000 1.0000000000 -0.2000000000 0.5000000000 1.2700000000 1.0000000000 -0.2000000000 1.2700000000 0.0000000000
0.0660000000 1.0000000000 -0.2000000000 0.5000000000 1.2700000000 1.0000000000 -0.2000000000 1.2700000000 0.0000000000
0.0670000000 1.0000000000 -0.2000000000 0.5000000000 1.2700000000 1.0000000000 -0.2000000000 1.2700000000 0.0000000000
0.0680000000 1.0000000000 -0.2000000000 0.5000000000 1.2700000000 1.0000000000 -0.2000000000 1.2700000000 0.0000000000
0.0690000000 1.0000000000 -0.2000000000 0.5000000000 1.2700000000 1.0000000000 -0.2000000000 1.2700000000 0.0000000000
0.0700000000 1.0000000000 -0.2000000000 0.5000000000 1.2700000000 1.0000000000 -0.2000000000 1.2700000000 0.0000000000
0.0710000000 1.0000000000 -0.2000000000 0.5000000000 1.2700000000 1.0000000000 -0.2000000000 1.2700000000 0.0000000000
0.0720000000 1.0000000000 -0.2000000000 0.5000000000 1.2700000000 1.0000000000 -0.2000000000 1.2700000000 0.0000000000
0.0730000000 1.0000000000 -0.2000000000 0.5000000000 1.2700000000 1.0000000000 -0.2000000000 1.2700000000 0.0000000000
0.0740000000 1.0000000000 -0.2000000000 0.5000000000 1.2700000000 1.0000000000 -0.2000000000 1.2700000000 0.0000000000
0.0750000000 1.0000000000 -0.2000000000 0.5000000000 1.2700000000 1.0000000000 -0.2000000000 1.2700000000 0.0000000000
0.0760000000 1.0000000000 -0.2000000000 0.5000000000 1.2700000000 1.0000000000 -0.2000000000 1.2700000000 0.0000000000
0.0770000000 1.0000000000 -0.2000000000 0.5000000000 1.2700000000 1.0000000000 -0.2000000000 1.2700000000 0.0000000000
0.0780000000 1.0000000000 -0.2000000000 0.5000000000 1.2700000000 1.0000000000 -0.2000000000 1.2700000000 0.0000000000
0.0790000000 1.0000000000 -0.2000000000 0.5000000000 1.2700000000 1.0000000000 -0.2000000000 1.2700000000 0.0000000000
0.0800000000 1.0000000000 -0.2000000000 0.5000000000 1.2700000000 1.0000000000 -0.2000000000 1.2700000000 0.0000000000
0.0810000000 1.0000000000 -0.2000000000 0.5000000000 1.2700000000 1.0000000000 -0.2000000000 1.2700000000 0.0000000000
0.0820000000 1.0000000000 -0.2000000000 0.5000000000 1.2700000000 1.0000000000 -0.2000000000 1.2700000000 0.0000000000
0.0830000000 1.0000000000 -0.2000000000 0.5000000000 1.2700000000 1.0000000000 -0.2000000000 1.2700000000 0.0000000000
0.0840000000 1.0000000000 -0.2000000000 0.5000000000 1.2700000000 1.0000000000 -0.2000000000 1.2700000000 0.0000000000
0.0850000000 1.0000000000 -0.2000000000 0.5000000000 1.2700000000 1.0000000000 -0.2000000000 1.2700000000 0.0000000000
0.0860000000 1.0000000000 -0.2000000000 0.5000000000 1.2700000000 1.0000000000 -0.2000000000 1.2700000000 0.0000000000
0.0870000000 1.0000000000 -0.2000000000 0.5000000000 1.2700000000 1.0000000000 -0.2000000000 1.2700000000 0.0000000000
0.0880000000 1.0000000000 -0.2000000000 0.5000000000 1.2700000000 1.0000000000 -0.2000000000 1.2700000000 0.0000000000
0.0890000000 1.0000000000 -0.2000000000 0.5000000000 1.2700000000 1.0000000000 -0.2000000000 1.2700000000 0.0000000000
0.0900000000 1.0000000000 -0.2000000000 0.5000000000 1.2700000000 1.0000000000 -0.2000000000 1.2700000000 0.0000000000
0.0910000000 1.0000000000 -0.2000000000 0.5000000000 1.2700000000 1.0000000000 -0.2000000000 1.2700000000 0.0000000000
0.0920000000 1.0000000000 -0.2000000000 0.5000000000 1.2700000000 1.0000000000 -0.2000000000 1.2700000000 0.0000000000
0.0930000000 1.0000000000 -0.2000000000 0.5000000000 1.2700000000 1.0000000000 -0.2000000000 1.2700000000 0.0000000000
0.0940000000 1.0000000000 -0.2000000000 0.5000000000 1.2700000000 1.0000000000 -0.2000000000 1.2700000000 0.0000000000
0.0950000000 1.0000000000 -0.2000000000 0.5000000000 1.2700000000 1.0000000000 -0.2000000000 1.2700000000 0.0000000000
0.0960000000 1.0000000000 -0.2000000000 0.5000000000 1.2700000000 1.0000000000 -0.2000000000 1.2700000000 0.0000000000
0.0970000000 1.0000000000 -0.2000000000 0.5000000000 1.2700000000 1.0000000000 -0.2000000000 1.2700000000 0.0000000000
0.0980000000 1.0000000000 -0.2000000000 0.5000000000 1.2700000000 1.0000000000 -0.2000000000 1.2700000000 0.0000000000
0.0990000000 1.0000000000 -0.2000000000 0.5000000000 1.2700000000 1.0000000000 -0.2000000000 1.2700000000 0.0000000000
0.1000000000 1.0000000000 -0.2000000000 0.5000000000 1.2700000000 1.0000000000 -0.2000000000 1.2700000000 0.0000000000
0.1010000000 1.0000000000 -0.2000000000 0.5000000000 1.2700000000 1.0000000000 -0.2000000000 1.2700000000 0.0000000000
0.1020000000 1.0000000000 -0.2000000000 0.5000000000 1.2700000000 1.0000000000 -0.2000000000 1.2700000000 0.0000000000
0.1030000000 1.0000000000 -0.2000000000 0.5000000000 1.2700000000 1.0000000000 -0.2000000000 1.2700000000 0.0000000000
0.1040000000 1.0000000000 -0.2000000000 0.5000000000 1.2700000000 1.0000000000 -0.2000000000 1.2700000000 0.0000000000
0.1050000000 1.0000000000 -0.2000000000 0.5000000000 1.2700000000 1.0000000000 -0.2000000000 1.2700000000 0.0000000000
0.1060000000 1.0000000000 -0.2000000000 0.5000000000 1.2700000000 1.0000000000 -0.2000000000 1.2700000000 0.0000000000
0.1070000000 1.0000000000 -0.2000000000 0.5000000000 1.2700000000 1.0000000000 -0.2000000000 1.2700000000 0.0000000000
0.1080000000 1.0000000000 -0.2000000000 0.5000000000 1.2700000000 1.0000000000 -0.2000000000 1.2700000000 0.0000000000
0.1090000000 1.0000000000 -0.2000000000 0.5000000000 1.2700000000 1.0000000000 -0.2000000000 1.2700000000 0.0000000000
0.1100000000 1.0000000000 -0.2000000000 0.5000000000 1.2700000000 1.0000000000 -0.2000000000 1.2700000000 0.0000000000
0.1110000000 1.0000000000 -0.2000000000 0.5000000000 1.2700000000 1.0000000000 -0.2000000000 1.2700000000 0.0000000000
0.1120000000 1.0000000000 -0.2000000000 0.5000000000 1.2700000000 1.0000000000 -0.2000000000 1.2700000000 0.0000000000
0.1130000000 1.0000000000 -0.2000000000 0.5000000000 1.2700000000 1.0000000000 -0.2000000000 1.2700000000 0.0000000000
0.1140000000 1.0000000000 -0.2000000000 0.5000000000 1.2700000000 1.0000000000 -0.2000000000 1.2700000000 0.0000000000
0.1150000000 1.0000000000 -0.2000000000 0.5000000000 1.2700000000 1.0000000000 -0.2000000000 1.2700000000 0.0000000000
0.1160000000 1.0000000000 -0.2000000000 0.5000000000 1.2700000000 1.0000000000 -0.2000000000 1.2700000000 0.0000000000
0.1170000000 1.0000000000 -0.2000000000 0.5000000000 1.2700000000 1.0000000000 -0.2000000000 1.2700000000 0.0000000000
0.1180000000 1.0000000000 -0.2000000000 0.5000000000 1.2700000000 1.0000000000 -0.2000000000 1.2700000000 0.0000000000
0.1190000000 1.0000000000 -0.2000000000 0.5000000000 1.2700000000 1.0000000000 -0.2000000000 1.2700000000 0.0000000000
0.1200000000 1.0000000000 -0.2000000000 0.5000000000 1.2700000000 1.0000000000 -0.2000000000 1.2700000000 0.0000000000
0.1210000000 1.0000000000 -0.2000000000 0.5000000000 1.2700000000 1.0000000000 -0.2000000000 1.2700000000 0.0000000000
0.1220000000 1.0000000000 -0.2000000000 0.5000000000 1.2700000000 1.0000000000 -0.2000000000 1.2700000000 0.0000000000
0.1230000000 1.0000000000 -0.2000000000 0.5000000000 1.2700000000 1.0000000000 -0.2000000000 1.2700000000 0.0000000000
0.1240000000 1.0000000000 -0.2000000000 0.5000000000 1.2700000000 1.0000000000 -0.2000000000 1.2700000000 0.0000000000
0.1250000000 1.0000000000 -0.2000000000 0.5000000000 1.2700000000 1.0000000000 -0.2000000000 1.2700000000 0.0000000000
0.1260000000 1.0000000000 -0.2000000000 0.5000000000 1.2700000000 1.0000000000 -0.2000000000 1.2700000000 0.0000000000
0.1270000000 1.0000000000 -0.2000000000 0.5000000000 1.2700000000 1.0000000000 -0.2000000000 1.2700000000 0.0000000000
0.1280000000 1.0000000000 -0.2000000000 0.5000000000 1.2700000000 1.0000000000 -0.2000000000 1.2700000000 0.0000000000
0.1290000000 1.0000000000 -0.2000000000 0.5000000000 1.2700000000 1.0000000000 -0.2000000000 1.2700000000 0.0000000000
0.1300000000 1.0000000000 -0.2000000000 0.5000000000 1.2700000000 1.0000000000 -0.2000000000 1.2700000000 0.0000000000
0.1310000000 1.0000000000 -0.2000000000 0.5000000000 1.2700000000 1.0000000000 -0.2000000000 1.2700000000 0.0000000000
0.1320000000 1.0000000000 -0.2000000000 0.5000000000 1.2700000000 1.0000000000 -0.2000000000 1.2700000000 0.0000000000
0.1330000000 1.0000000000 -0.2000000000 0.5000000000 1.2700000000 1.0000000000 -0.2000000000 1.2700000000 0.0000000000
0.1340000000 1.0000000000 -0.2000000000 0.5000000000 1.2700000000 1.0000000000 -0.2000000000 1.2700000000 0.0000000000
0.1350000000 1.0000000000 -0.2000000000 0.5000000000 1.2700000000 1.0000000000 -0.2000000000 1.2700000000 0.0000000000
0.1360000000 1.0000000000 -0.2000000000 0.5000000000 1.2700000000 1.0000000000 -0.2000000000 1.2700000000 0.0000000000
0.1370000000 1.0000000000 -0.2000000000 0.5000000000 1.2700000000 1.0000000000 -0.2000000000 1.2700000000 0.0000000000
0.1380000000 1.0000000000 -0.2000000000 0.5000000000 1.2700000000 1.0000000000 -0.2000000000 1.2700000000 0.0000000000
0.1390000000 1.0000000000 -0.2000000000 0.5000000000 1.2700000000 1.0000000000 -0.2000000000 1.2700000000 0.0000000000
0.1400000000 1.0000000000 -0.2000000000 0.5000000000 1.2700000000 1.0000000000 -0.2000000000 1.2700000000 0.0000000000
0.1410000000 1.0000000000 -0.2000000000 0.5000000000 1.2700000000 1.0000000000 -0.2000000000 1.2700000000 0.0000000000
0.1420000000 1.0000000000 -0.2000000000 0.5000000000 1.2700000000 1.0000000000 -0.2000000000 1.2700000000 0.0000000000
0.1430000000 1.0000000000 -0.2000000000 0.5000000000 1.2700000000 1.0000000000 -0.2000000000 1.2700000000 0.0000000000
0.1440000000 1.0000000000 -0.2000000000 0.5000000000 1.2700000000 1.0000000000 -0.2000000000 1.2700000000 0.0000000000
0.1450000000 1.0000000000 -0.2000000000 0.5000000000 1.2700000000 1.0000000000 -0.2000000000 1.2700000000 0.0000000000
0.1460000000 1.0000000000 -0.2000000000 0.5000000000 1.2700000000 1.0000000000 -0.2000000000 1.2700000000 0.0000000000
0.1470000000 1.0000000000 -0.2000000000 0.5000000000 1.2700000000 1.0000000000 -0.2000000000 1.2700000000 0.0000000000
0.1480000000 1.0000000000 -0.2000000000 0.5000000000 1.2700000000 1.0000000000 -0.2000000000 1.2700000000 0.0000000000
0.1490000000 1.0000000000 -0.2000000000 0.5000000000 1.2700000000 1.0000000000 -0.2000000000 1.2700000000 0.0000000000
0.1500000000 1.0000000000 -0.2000000000 0.5000000000 1.2700000000 1.0000000000 -0.2000000000 1.2700000000 0.0000000000
0.1510000000 1.0000000000 -0.2000000000 0.5000000000 1.2700000000 1.0000000000 -0.2000000000 1.2700000000 0.0000000000
0.1520000000 1.0000000000 -0.2000000000 0.5000000000 1.2700000000 1.0000000000 -0.2000000000 1.2700000000 0.0000000000
0.1530000000 1.0000000000 -0.2000000000 0.5000000000 1.2700000000 1.0000000000 -0.2000000000 1.2700000000 0.0000000000
0.1540000000 1.0000000000 -0.2000000000 0.5000000000 1.2700000000 1.0000000000 -0.2000000000 1.2700000000 0.0000000000
0.1550000000 1.0000000000 -0.2000000000 0.5000000000 1.2700000000 1.0000000000 -0.2000000000 1.2700000000 0.0000000000
0.1560000000 1.0000000000 -0.2000000000 0.5000000000 1.2700000000 1.0000000000 -0.2000000000 1.2700000000 0.0000000000
0.1570000000 1.0000000000 -0.2000000000 0.5000000000 1.2700000000 1.0000000000 -0.2000000000 1.2700000000 0.0000000000
0.1580000000 1.0000000000 -0.2000000000 0.5000000000 1.2700000000 1.0000000000 -0.2000000000 1.2700000000 0.0000000000
0.1590000000 1.0000000000 -0.2000000000 0.5000000000 1.2700000000 1.0000000000 -0.2000000000 1.2700000000 0.0000000000
0.1600000000 1.0000000000 -0.2000000000 0.5000000000 1.2700000000 1.0000000000 -0.2000000000 1.2700000000 0.0000000000
0.1610000000 1.0000000000 -0.2000000000 0.5000000000 1.2700000000 1.0000000000 -0.2000000000 1.2700000000 0.0000000000
0.1620000000 1.0000000000 -0.2000000000 0.5000000000 1.2700000000 1.0000000000 -0.2000000000 1.2700000000 0.0000000000
0.1630000000 1.0000000000 -0.2000000000 0.5000000000 1.2700000000 1.0000000000 -0.2000000000 1.2700000000 0.0000000000
0.1640000000 1.0000000000 -0.2000000000 0.5000000000 1.2700000000 1.0000000000 -0.2000000000 1.2700000000 0.0000000000
0.1650000000 1.0000000000 -0.2000000000 0.5000000000 1.2700000000 1.0000000000 -0.2000000000 1.2700000000 0.0000000000
0.1660000000 1.0000000000 -0.2000000000 0.5000000000 1.2700000000 1.0000000000 -0.2000000000 1.2700000000 0.0000000000
0.1670000000 1.0000000000 -0.2000000000 0.5000000000 1.2700000000 1.0000000000 -0.2000000000 1.2700000000 0.0000000000
0.1680000000 1.0000000000 -0.2000000000 0.5000000000 1.2700000000 1.0000000000 -0.2000000000 1.2700000000 0.0000000000
0.1690000000 1.0000000000 -0.2000000000 0.5000000000 1.2700000000 1.0000000000 -0.2000000000 1.2700000000 0.0000000000
0.1700000000 1.0000000000 -0.2000000000 0.5000000000 1.2700000000 1.0000000000 -0.2000000000 1.2700000000 0.0000000000
0.1710000000 1.0000000000 -0.2000000000 0.5000000000 1.2700000000 1.0000000000 -0.2000000000 1.2700000000 0.0000000000
0.1720000000 1.0000000000 -0.2000000000 0.5000000000 1.2700000000 1.0000000000 -0.2000000000 1.2700000000 0.0000000000
0.1730000000 1.0000000000 -0.2000000000 0.5000000000 1.2700000000 1.0000000000 -0.2000000000 1.2700000000 0.0000000000
0.1740000000 1.0000000000 -0.2000000000 0.5000000000 1.2700000000 1.0000000000 -0.2000000000 1.2700000000 0.0000000000
0.1750000000 1.0000000000 -0.2000000000 0.5000000000 1.2700000000 1.0000000000 -0.2000000000 1.2700000000 0.0000000000
0.1760000000 1.0000000000 -0.2000000000 0.5000000000 1.2700000000 1.0000000000 -0.2000000000 1.2700000000 0.0000000000
0.1770000000 1.0000000000 -0.2000000000 0.5000000000 1.2700000000 1.0000000000 -0.2000000000 1.2700000000 0.0000000000
0.1780000000 1.0000000000 -0.2000000000 0.5000000000 1.2700000000 1.0000000000 -0.2000000000 1.2700000000 0.0000000000
0.1790000000 1.0000000000 -0.2000000000 0.5000000000 1.2700000000 1.0000000000 -0.2000000000 1.2700000000 0.0000000000
0.1800000000 1.0000000000 -0.2000000000 0.5000000000 1.2700000000 1.0000000000 -0.2000000000 1.2700000000 0.0000000000
0.1810000000 1.0000000000 -0.2000000000 0.5000000000 1.2700000000 1.0000000000 -0.2000000000 1.2700000000 0.0000000000
0.1820000000 1.0000000000 -0.2000000000 0.5000000000 1.2700000000 1.0000000000 -0.2000000000 1.2700000000 0.0000000000
0.1830000000 1.0000000000 -0.2000000000 0.5000000000 1.2700000000 1.0000000000 -0.2000000000 1.2700000000 0.0000000000
0.1840000000 1.0000000000 -0.2000000000 0.5000000000 1.2700000000 1.0000000000 -0.2000000000 1.2700000000 0.0000000000
0.1850000000 1.0000000000 -0.2000000000 0.5000000000 1.2700000000 1.0000000000 -0.2000000000 1.2700000000 0.0000000000
0.1860000000 1.0000000000 -0.2000000000 0.5000000000 1.2700000000 1.0000000000 -0.2000000000 1.2700000000 0.0000000000
0.1870000000 1.0000000000 -0.2000000000 0.5000000000 1.2700000000 1.0000000000 -0.2000000000 1.2700000000 0.0000000000
0.1880000000 1.0000000000 -0.2000000000 0.5000000000 1.2700000000 1.0000000000 -0.2000000000 1.2700000000 0.0000000000
0.1890000000 1.0000000000 -0.2000000000 0.5000000000 1.2700000000 1.0000000000 -0.2000000000 1.2700000000 0.0000000000
0.1900000000 1.0000000000 -0.2000000000 0.5000000000 1.2700000000 1.0000000000 -0.2000000000 1.2700000000 0.0000000000
0.1910000000 1.0000000000 -0.2000000000 0.5000000000 1.2700000000 1.0000000000 -0.2000000000 1.2700000000 0.0000000000
0.1920000000 1.0000000000 -0.2000000000 0.5000000000 1.2700000000 1.0000000000 -0.2000000000 1.2700000000 0.0000000000
0.1930000000 1.0000000000 -0.2000000000 0.5000000000 1.2700000000 1.0000000000 -0.2000000000 1.2700000000 0.0000000000
0.1940000000 1.0000000000 -0.2000000000 0.5000000000 1.2700000000 1.0000000000 -0.2000000000 1.2700000000 0.0000000000
0.1950000000 1.0000000000 -0.2000000000 0.5000000000 1.2700000000 1.0000000000 -0.2000000000 1.2700000000 0.0000000000
0.1960000000 1.0000000000 -0.2000000000 0.5000000000 1.2700000000 1.0000000000 -0.2000000000 1.2700000000 0.0000000000
0.1970000000 1.0000000000 -0.2000000000 0.5000000000 1.2700000000 1.0000000000 -0.2000000000 1.2700000000 0.0000000000
0.1980000000 1.0000000000 -0.2000000000 0.5000000000 1.2700000000 1.0000000000 -0.2000000000 1.2700000000 0.0000000000
0.1990000000 1.0000000000 -0.2000000000 0.5000000000 1.2700000000 1.0000000000 -0.2000000000 1.2700000000 0.0000000000
0.2000000000 1.0000000000 -0.2000000000 0.5000000000 1.2700000000 1.0000000000 -0.2000000000 1.2700000000 0.0000000000
0.2010000000 1.0000000000 -0.2000000000 0.5000000000 1.2700000000 1.0000000000 -0.2000000000 1.2700000000 0.0000000000
0.2020000000 1.0000000000 -0.2000000000 0.5000000000 1.2700000000 1.0000000000 -0.2000000000 1.2700000000 0.0000000000
0.2030000000 1.0000000000 -0.2000000000 0.5000000000 1.2700000000 1.0000000000 -0.2000000000 1.2700000000 0.0000000000
0.2040000000 1.0000000000 -0.2000000000 0.5000000000 1.2700000000 1.0000000000 -0.2000000000 1.2700000000 0.0000000000
0.2050000000 1.0000000000 -0.2000000000 0.5000000000 1.2700000000 1.0000000000 -0.2000000000 1.2700000000 0.0000000000
0.2060000000 1.0000000000 -0.2000000000 0.5000000000 1.2700000000 1.0000000000 -0.2000000000 1.2700000000 0.0000000000
0.2070000000 1.0000000000 -0.2000000000 0.5000000000 1.2700000000 1.0000000000 -0.2000000000 1.2700000000 0.0000000000
0.2080000000 1.0000000000 -0.2000000000 0.5000000000 1.2700000000 1.0000000000 -0.2000000000 1.2700000000 0.0000000000
0.2090000000 1.0000000000 -0.2000000000 0.5000000000 1.2700000000 1.0000000000 -0.2000000000 1.2700000000 0.0000000000
0.2100000000 1.0000000000 -0.2000000000 0.5000000000 1.2700000000 1.0000000000 -0.2000000000 1.2700000000 0.0000000000
0.2110000000 1.0000000000 -0.2000000000 0.5000000000 1.2700000000 1.0000000000 -0.2000000000 1.2700000000 0.0000000000
0.2120000000 1.0000000000 -0.2000000000 0.5000000000 1.2700000000 1.0000000000 -0.2000000000 1.2700000000 0.0000000000
0.2130000000 1.0000000000 -0.2000000000 0.5000000000 1.2700000000 1.0000000000 -0.2000000000 1.2700000000 0.0000000000
0.2140000000 1.0000000000 -0.2000000000 0.5000000000 1.2700000000 1.0000000000 -0.2000000000 1.2700000000 0.0000000000
0.2150000000 1.0000000000 -0.2000000000 0.5000000000 1.2700000000 1.0000000000 -0.2000000000 1.2700000000 0.0000000000
0.2160000000 1.0000000000 -0.2000000000 0.5000000000 1.2700000000 1.0000000000 -0.2000000000 1.2700000000 0.0000000000
0.2170000000 1.0000000000 -0.2000000000 0.5000000000 1.2700000000 1.0000000000 -0.2000000000 1.2700000000 0.0000000000
0.2180000000 1.0000000000 -0.2000000000 0.5000000000 1.2700000000 1.0000000000 -0.2000000000 1.2700000000 0.0000000000
0.2190000000 1.0000000000 -0.2000000000 0.5000000000 1.2700000000 1.0000000000 -0.2000000000 1.2700000000 0.0000000000
0.2200000000 1.0000000000 -0.2000000000 0.5000000000 1.2700000000 1.0000000000 -0.2000000000 1.2700000000 0.0000000000
0.2210000000 1.0000000000 -0.2000000000 0.5000000000 1.2700000000 1.0000000000 -0.2000000000 1.2700000000 0.0000000000
0.2220000000 1.0000000000 -0.2000000000 0.5000000000 1.2700000000 1.0000000000 -0.2000000000 1.2700000000 0.0000000000
0.2230000000 1.0000000000 -0.2000000000 0.5000000000 1.2700000000 1.0000000000 -0.2000000000 1.2700000000 0.0000000000
0.2240000000 1.0000000000 -0.2000000000 0.5000000000 1.2700000000 1.0000000000 -0.2000000000 1.2700000000 0.0000000000
0.2250000000 1.0000000000 -0.2000000000 0.5000000000 1.2700000000 1.0000000000 -0.2000000000 1.2700000000 0.0000000000
0.2260000000 1.0000000000 -0.2000000000 0.5000000000 1.2700000000 1.0000000000 -0.2000000000 1.2700000000 0.0000000000
0.2270000000 1.0000000000 -0.2000000000 0.5000000000 1.2700000000 1.0000000000 -0.2000000000 1.2700000000 0.0000000000
0.2280000000 1.0000000000 -0.2000000000 0.5000000000 1.2700000000 1.0000000000 -0.2000000000 1.2700000000 0.0000000000
0.2290000000 1.0000000000 -0.2000000000 0.5000000000 1.2700000000 1.0000000000 -0.2000000000 1.2700000000 0.0000000000
0.2300000000 1.0000000000 -0.2000000000 0.5000000000 1.2700000000 1.0000000000 -0.2000000000 1.2700000000 0.0000000000
0.2310000000 1.0000000000 -0.2000000000 0.5000000000 1.2700000000 1.0000000000 -0.2000000000 1.2700000000 0.0000000000
0.2320000000 1.0000000000 -0.2000000000 0.5000000000 1.2700000000 1.0000000000 -0.2000000000 1.2700000000 0.0000000000
0.2330000000 1.0000000000 -0.2000000000 0.5000000000 1.2700000000 1.0000000000 -0.2000000000 1.2700000000 0.0000000000
0.2340000000 1.0000000000 -0.2000000000 0.5000000000 1.2700000000 1.0000000000 -0.2000000000 1.2700000000 0.0000000000
0.2350000000 1.0000000000 -0.2000000000 0.5000000000 1.2700000000 1.0000000000 -0.2000000000 1.2700000000 0.0000000000
0.2360000000 1.0000000000 -0.2000000000 0.5000000000 1.2700000000 1.0000000000 -0.2000000000 1.2700000000 0.0000000001
0.2370000000 1.0000000000 -0.2000000000 0.5000000000 1.2700000000 1.0000000000 -0.2000000000 1.2700000000 0.0000000000
0.2380000000 1.0000000000 -0.2000000000 0.5000000000 1.2700000000 1.0000000000 -0.2000000000 1.2700000000 0.0000000001
0.2390000000 1.0000000000 -0.2000000000 0.5000000000 1.2700000000 1.0000000000 -0.2000000000 1.2700000000 0.0000000002
0.2400000000 1.0000000000 -0.2000000000 0.5000000000 1.2700000000 1.0000000000 -0.2000000000 1.2700000000 0.0000000007
0.2410000000 1.0000000000 -0.2000000000 0.5000000000 1.2700000000 1.0000000000 -0.2000000000 1.2700000000 0.0000000018
0.2420000000 1.0000000000 -0.2000000000 0.5000000000 1.2700000000 1.0000000000 -0.2000000000 1.2700000000 0.0000000048
0.2430000000 1.0000000000 -0.2000000000 0.5000000000 1.2700000000 1.0000000000 -0.2000000000 1.2700000000 0.0000000125
0.2440000000 1.0000000000 -0.2000000000 0.5000000000 1.2700000000 1.0000000000 -0.2000000000 1.2700000000 0.0000000316
0.2450000000 1.0000000000 -0.2000000000 0.5000000000 1.2700000000 1.0000000000 -0.2000000000 1.2700000000 0.0000000792
0.2460000000 1.0000000000 -0.2000000000 0.5000000000 1.2700000000 1.0000000000 -0.2000000000 1.2700000000 0.0000001965
0.2470000000 1.0000000000 -0.2000000000 0.5000000000 1.2700000000 1.0000000000 -0.2000000000 1.2700000000 0.0000004804
0.2480000000 1.0000000000 -0.2000000000 0.5000000000 1.2700000000 1.0000000000 -0.2000000000 1.2700000000 0.0000011582
0.2490000000 1.0000000000 -0.2000000000 0.5000000000 1.2700000000 1.0000000000 -0.2000000000 1.2700000000 0.0000027536
0.2500000000 1.0000000000 -0.2000000000 0.5000000000 1.2700000000 1.0000000000 -0.1999999999 1.2699999999 0.0000064547
0.2510000000 0.9999999999 -0.1999999999 0.4999999999 1.2699999999 0.9999999999 -0.1999999999 1.2699999998 0.0000149146
0.2520000000 0.9999999997 -0.1999999998 0.4999999998 1.2699999998 0.9999999997 -0.1999999997 1.2699999995 0.0000339644
0.2530000000 0.9999999994 -0.1999999995 0.4999999996 1.2699999996 0.9999999994 -0.1999999994 1.2699999988 0.0000761989
0.2540000000 0.9999999986 -0.1999999988 0.4999999990 1.2699999991 0.9999999986 -0.1999999985 1.2699999972 0.0001683068
0.2550000000 0.9999999968 -0.1999999973 0.4999999978 1.2699999979 0.9999999968 -0.1999999967 1.2699999938 0.0003655547
0.2560000000 0.9999999929 -0.1999999941 0.4999999951 1.2699999953 0.9999999929 -0.1999999927 1.2699999863 0.0007789259
0.2570000000 0.9999999846 -0.1999999871 0.4999999892 1.2699999897 0.9999999846 -0.1999999841 1.2699999702 0.0016211900
0.2580000000 0.9999999671 -0.1999999724 0.4999999769 1.2699999780 0.9999999671 -0.1999999659 1.2699999362 0.0032699922
0.2590000000 0.9999999308 -0.1999999421 0.4999999516 1.2699999538 0.9999999308 -0.1999999283 1.2699998660 0.0063093240
0.2600000000 0.9999998581 -0.1999998813 0.4999999007 1.2699999053 0.9999998581 -0.1999998529 1.2699997251 0.0114293935
0.2610000000 0.9999997170 -0.1999997633 0.4999998019 1.2699998112 0.9999997170 -0.1999997067 1.2699994518 0.0190236815
0.2620000000 0.9999994542 -0.1999995433 0.4999996179 1.2699996358 0.9999994542 -0.1999994342 1.2699989426 0.0285978445
0.2630000000 0.9999989851 -0.1999991509 0.4999992896 1.2699993227 0.9999989851 -0.1999989479 1.2699980338 0.0386590860
0.2640000000 0.9999981820 -0.1999984790 0.4999987274 1.2699987868 0.9999981820 -0.1999981154 1.2699964780 0.0475190267
0.2650000000 0.9999968564 -0.1999973699 0.4999977995 1.2699979022 0.9999968564 -0.1999967412 1.2699939099 0.0542181051
0.2660000000 0.9999947336 -0.1999955938 0.4999963135 1.2699964856 0.9999947336 -0.1999945405 1.2699897972 0.0586706526
0.2670000000 0.9999914158 -0.1999928179 0.4999939911 1.2699942715 0.9999914158 -0.1999911011 1.2699833696 0.0612606184
0.2680000000 0.9999863323 -0.1999885647 0.4999904327 1.2699908792 0.9999863323 -0.1999858314 1.2699735213 0.0624678518
0.2690000000 0.9999786719 -0.1999821555 0.4999850704 1.2699857672 0.9999786719 -0.1999778903 1.2699586808 0.0627001904
0.2700000000 0.9999672948 -0.1999726366 0.4999771066 1.2699781751 0.9999672948 -0.1999660965 1.2699366402 0.0622578504
0.2710000000 0.9999506202 -0.1999586852 0.4999654346 1.2699670479 0.9999506202 -0.1999488113 1.2699043371 0.0613476550
0.2720000000 0.9999264850 -0.1999384915 0.4999485405 1.2699509424 0.9999264850 -0.1999237930 1.2698575820 0.0601074118
0.2730000000 0.9998919736 -0.1999096154 0.4999243836 1.2699279133 0.9998919736 -0.1998880199 1.2697907276 0.0586273014
0.2740000000 0.9998432160 -0.1998688182 0.4998902555 1.2698953786 0.9998432160 -0.1998374820 1.2696962793 0.0569657270
0.2750000000 0.9997751606 -0.1998118715 0.4998426211 1.2698499687 0.9997751606 -0.1997669460 1.2695644565 0.0551603110
0.2760000000 0.9996813295 -0.1997333520 0.4997769479 1.2697873630 0.9996813295 -0.1996697029 1.2693827193 0.0532353256
0.2770000000 0.9995535714 -0.1996264333 0.4996875334 1.2697021261 0.9995535714 -0.1995373144 1.2691352948 0.0512066901
0.2780000000 0.9993818361 -0.1994826951 0.4995673487 1.2695875583 0.9993818361 -0.1993593820 1.2688027451 0.0490853627
0.2790000000 0.9991540005 -0.1992919744 0.4994079179 1.2694355816 0.9991540005 -0.1991233735 1.2683616398 0.0468796894
0.2800000000 0.9988557846 -0.1990422897 0.4991992619 1.2692366858 0.9988557846 -0.1988145425 1.2677844056 0.0445970722
0.2810000000 0.9984707961 -0.1987198712 0.4989299331 1.2689799618 0.9984707961 -0.1984159880 1.2670394327 0.0422451831
0.2820000000 0.9979807435 -0.1983093283 0.4985871692 1.2686532489 0.9979807435 -0.1979088909 1.2660915126 0.0398328496
0.2830000000 0.9973658464 -0.1977939792 0.4981571855 1.2682434135 0.9973658464 -0.1972729595 1.2649026655 0.0373706820
0.2840000000 0.9966054529 -0.1971563511 0.4976256147 1.2677367682 0.9966054529 -0.1964870946 1.2634333760 0.0348714673
0.2850000000 0.9956788523 -0.1963788407 0.4969780826 1.2671196203 0.9956788523 -0.1955302587 1.2616442093 0.0323503355
0.2860000000 0.9945662373 -0.1954444996 0.4962008892 1.2663789209 0.9945662373 -0.1943825006 1.2594977183 0.0298246984
0.2870000000 0.9932497432 -0.1943378868 0.4952817421 1.2655029632 0.9932497432 -0.1930260562 1.2569604932 0.0273139582
0.2880000000 0.9917144676 -0.1930459084 0.4942104740 1.2644820662 0.9917144676 -0.1914464203 1.2540051591 0.0248390030
0.2890000000 0.9899493631 -0.1915585601 0.4929796679 1.2633091701 0.9899493631 -0.1896332745 1.2506121084 0.0224215141
0.2900000000 0.9879479020 -0.1898694900 0.4915851186 1.2619802764 0.9879479020 -0.1875811643 1.2467707665 0.0200831343
0.2910000000 0.9857084370 -0.1879763184 0.4900260767 1.2604946821 0.9857084370 -0.1852898430 1.2424802430 0.0178445575
0.2920000000 0.9832342184 -0.1858806808 0.4883052485 1.2588549802 0.9832342184 -0.1827642459 1.2377492926 0.0157246113
0.2930000000 0.9805330731 -0.1835879969 0.4864285566 1.2570668339 0.9805330731 -0.1800141028 1.2325956058 0.0137394096
0.2940000000 0.9776167939 -0.1811070012 0.4844046958 1.2551385556 0.9776167939 -0.1770532459 1.2270445307 0.0119016451
0.2950000000 0.9745003199 -0.1784490973 0.4822445443 1.2530805471 0.9745003199 -0.1738987024 1.2211273940 0.0102200839
0.2960000000 0.9712008048 -0.1756276146 0.4799604986 1.2509046671 0.9712008048 -0.1705696806 1.2148796195 0.0086993033
0.2970000000 0.9677366742 -0.1726570455 0.4775658030 1.2486235928 0.9677366742 -0.1670865550 1.2083388431 0.0073396939
0.2980000000 0.9641267526 -0.1695523322 0.4750739337 1.2462502320 0.9641267526 -0.1634699394 1.2015431891 0.0061377185
0.2990000000 0.9603895243 -0.1663282550 0.4724980785 1.2437972267 0.9603895243 -0.1597399137 1.1945298269 0.0050863973
0.3000000000 0.9565425610 -0.1629989503 0.4698507377 1.2412765711 0.9565425610 -0.1559154333 1.1873338702 0.0041759653
0.3010000000 0.9526021237 -0.1595775693 0.4671434490 1.2386993477 0.9526021237 -0.1520139314 1.1799876292 0.0033946308
0.3020000000 0.9485829290 -0.1560760693 0.4643866291 1.2360755748 0.9485829290 -0.1480510949 1.1725201892 0.0027293624
0.3030000000 0.9444980531 -0.1525051183 0.4615895127 1.2334141469 0.9444980531 -0.1440407873 1.1649572604 0.0021666322
0.3040000000 0.9403589441 -0.1488740905 0.4587601665 1.2307228466 0.9403589441 -0.1399950825 1.1573212365 0.0016930605
0.3050000000 0.9361755082 -0.1451911245 0.4559055554 1.2280084074 0.9361755082 -0.1359243748 1.1496313949 0.0012959238
0.3060000000 0.9319562441 -0.1414632241 0.4530316411 1.2252766065 0.9319562441 -0.1318375350 1.1419041841 0.0009635129
0.3070000000 0.9277083989 -0.1376963788 0.4501434954 1.2225323726 0.9277083989 -0.1277420871 1.1341535499 0.0006853434
0.3080000000 0.9234381315 -0.1338956928 0.4472454175 1.2197798974 0.9234381315 -0.1236443883 1.1263912693 0.0004522375
0.3090000000 0.9191506696 -0.1300655105 0.4443410464 1.2170227428 0.9191506696 -0.1195498011 1.1186272689 0.0002563007
0.3100000000 0.9148504547 -0.1262095339 0.4414334643 1.2142639392 0.9148504547 -0.1154628495 1.1108699169 0.0000908303
0.3110000000 0.9105412703 -0.1223309273 0.4385252880 1.2115060739 0.9105412703 -0.1113873579 1.1031262795 0.0000496172
0.3120000000 0.9062263461 -0.1184324033 0.4356187439 1.2087513634 0.9062263461 -0.1073265641 1.0954023313 0.0001692331
0.3130000000 0.9019084465 -0.1145162892 0.4327157273 1.2060017038 0.9019084465 -0.1032832085 1.0877031232 0.0002715965
0.3140000000 0.8975899462 -0.1105845926 0.4298178581 1.2032587285 0.8975899462 -0.0992596186 1.0800329374 0.0003597881
0.3150000000 0.8932728956 -0.1066390552 0.4269265269 1.2005238515 0.8932728956 -0.0952577776 1.0723954171 0.0004362986
0.3160000000 0.8889590748 -0.1026811973 0.4240429338 1.1977983045 0.8889590748 -0.0912793822 1.0647936726 0.0005031608
0.3170000000 0.8846500391 -0.0987123557 0.4211681191 1.1950831664 0.8846500391 -0.0873258893 1.0572303698 0.0005620320
0.3180000000 0.8803471550 -0.0947337134 0.4183029900 1.1923793887 0.8803471550 -0.0833985551 1.0497078025 0.0006142624
0.3190000000 0.8760516315 -0.0907463257 0.4154483419 1.1896878153 0.8760516315 -0.0794984667 1.0422279516 0.0006609599
0.3200000000 0.8717645451 -0.0867511410 0.4126048758 1.1870091999 0.8717645451 -0.0756265689 1.0347925351 0.0007030412
0.3210000000 0.8674868606 -0.0827490181 0.4097732136 1.1843442195 0.8674868606 -0.0717836859 1.0274030488 0.0007412694
0.3220000000 0.8632194491 -0.0787407415 0.4069539100 1.1816934865 0.8632194491 -0.0679705395 1.0200608004 0.0007762853
0.3230000000 0.8589631030 -0.0747270339 0.4041474634 1.1790575586 0.8589631030 -0.0641877649 1.0127669391 0.0008086342
0.3240000000 0.8547185484 -0.0707085669 0.4013543244 1.1764369472 0.8547185484 -0.0604359237 1.0055224798 0.0008387860
0.3250000000 0.8504864566 -0.0666859708 0.3985749039 1.1738321246 0.8504864566 -0.0567155150 0.9983283243 0.0008671505
0.3260000000 0.8462674535 -0.0626598425 0.3958095795 1.1712435305 0.8462674535 -0.0530269854 0.9911852801 0.0008940912
0.3270000000 0.8420621286 -0.0586307538 0.3930587018 1.1686715775 0.8420621286 -0.0493707373 0.9840940762 0.0009199368
0.3280000000 0.8378710424 -0.0545992577 0.3903225992 1.1661166556 0.8378710424 -0.0457471370 0.9770553778 0.0009449901
0.3290000000 0.8336947340 -0.0505658954 0.3876015833 1.1635791372 0.8336947340 -0.0421565207 0.9700697993 0.0009695364
0.3300000000 0.8295337273 -0.0465312020 0.3848959531 1.1610593815 0.8295337273 -0.0385992014 0.9631379163 0.0009938512
0.3310000000 0.8253885378 -0.0424957133 0.3822059993 1.1585577375 0.8253885378 -0.0350754747 0.9562602769 0.0010182072
0.3320000000 0.8212596791 -0.0384599715 0.3795320087 1.1560745487 0.8212596791 -0.0315856239 0.9494374129 0.0010428813
0.3330000000 0.8171476689 -0.0344245317 0.3768742682 1.1536101564 0.8171476689 -0.0281299258 0.9426698501 0.0010681616
0.3340000000 0.8130530357 -0.0303899685 0.3742330687 1.1511649035 0.8130530357 -0.0247086561 0.9359581194 0.0010943554
0.3350000000 0.8089763261 -0.0263568834 0.3716087102 1.1487391380 0.8089763261 -0.0213220947 0.9293027675 0.0011217972
0.3360000000 0.8049181120 -0.0223259128 0.3690015060 1.1463332176 0.8049181120 -0.0179705316 0.9227043693 0.0011508594
0.3370000000 0.8008789988 -0.0182977363 0.3664117879 1.1439475142 0.8008789988 -0.0146542727 0.9161635398 0.0011819629
0.3380000000 0.7968596345 -0.0142730873 0.3638399120 1.1415824183 0.7968596345 -0.0113736471 0.9096809486 0.0012155917
0.3390000000 0.7928607207 -0.0102527645 0.3612862651 1.1392383450 0.7928607207 -0.0081290143 0.9032573353 0.0012523090
0.3400000000 0.7888830241 -0.0062376449 0.3587512720 1.1369157399 0.7888830241 -0.0049207722 0.8968935270 0.0012927788
0.3410000000 0.7849273909 -0.0022287001 0.3562354041 1.1346150865 0.7849273909 -0.0017493677 0.8905904596 0.0013377915
0.3420000000 0.7809947636 0.0017729857 0.3537391893 1.1323369145 0.7809947636 0.0013846926 0.8843492008 0.0013882972
0.3430000000 0.7770862002 0.0057661928 0.3512632243 1.1300818098 0.7770862002 0.0044808289 0.8781709795 0.0014454474
0.3440000000 0.7732028982 0.0097495396 0.3488081884 1.1278504270 0.7732028982 0.0075383723 0.8720572188 0.0015106490
0.3450000000 0.7693462227 0.0137214500 0.3463748607 1.1256435031 0.7693462227 0.0105565457 0.8660095772 0.0015856332
0.3460000000 0.7655177414 0.0176801144 0.3439641408 1.1234618751 0.7655177414 0.0135344412 0.8600299972 0.0016725450
0.3470000000 0.7617192664 0.0216234413 0.3415770743 1.1213065012 0.7617192664 0.0164709919 0.8541207656 0.0017740606
0.3480000000 0.7579529059 0.0255489986 0.3392148834 1.1191784865 0.7579529059 0.0193649377 0.8482845860 0.0018935401
0.3490000000 0.7542211274 0.0294539405 0.3368790050 1.1170791143 0.7542211274 0.0222147842 0.8425246690 0.0020352287
0.3500000000 0.7505268364 0.0333349187 0.3345711372 1.1150098855 0.7505268364 0.0250187510 0.8368448419 0.0022045211
0.3510000000 0.7468734723 0.0371879705 0.3322932971 1.1129725665 0.7468734723 0.0277747087 0.8312496853 0.0024083117
0.3520000000 0.7432651276 0.0410083828 0.3300478921 1.1109692481 0.7432651276 0.0304801009 0.8257447000 0.0026554566
0.3530000000 0.7397066948 0.0447905227 0.3278378068 1.1090024183 0.7397066948 0.0331318495 0.8203365134 0.0029573834
0.3540000000 0.7362040455 0.0485276303 0.3256665105 1.1070750508 0.7362040455 0.0357262378 0.8150331311 0.0033288925
0.3550000000 0.7327642487 0.0522115668 0.3235381866 1.1051907120 0.7327642487 0.0382587695 0.8098442417 0.0037892031
0.3560000000 0.7293958307 0.0558325129 0.3214578875 1.1033536888 0.7293958307 0.0407240021 0.8047815803 0.0043633012
0.3570000000 0.7261090775 0.0593786167 0.3194317137 1.1015691362 0.7261090775 0.0431153526 0.7998593493 0.0050836440
0.3580000000 0.7229163731 0.0628355989 0.3174670149 1.0998432416 0.7229163731 0.0454248833 0.7950946872 0.0059922560
0.3590000000 0.7198325500 0.0661863391 0.3155725967 1.0981833933 0.7198325500 0.0476430812 0.7905081524 0.0071431926
0.3600000000 0.7168752085 0.0694104958 0.3137589079 1.0965983301 0.7168752085 0.0497586637 0.7861241565 0.0086052417
0.3610000000 0.7140649161 0.0724842566 0.3120381554 1.0950982296 0.7140649161 0.0517584646 0.7819712254 0.0104645416
0.3620000000 0.7114251535 0.0753803749 0.3104242660 1.0936946657 0.7114251535 0.0536274948 0.7780818954 0.0128265290
0.3630000000 0.7089818043 0.0780687240 0.3089325742 1.0924003346 0.7089818043 0.0553493048 0.7744919602 0.0158163086
0.3640000000 0.7067619421 0.0805176529 0.3075790889 1.0912284291 0.7067619421 0.0569068127 0.7712387238 0.0195763075
0.3650000000 0.7047916781 0.0826964209 0.3063791988 1.0901915410 0.7047916781 0.0582837493 0.7683579257 0.0242601945
0.3660000000 0.7030929750 0.0845788241 0.3053457590 1.0893000494 0.7030929750 0.0594667771 0.7658792125 0.0300228711
0.3670000000 0.7016796657 0.0861477478 0.3044867051 1.0885601152 0.7016796657 0.0604481229 0.7638204977 0.0370082040
0.3680000000 0.7005534214 0.0873997952 0.3038026410 1.0879716613 0.7005534214 0.0612282255 0.7621822697 0.0453390420
0.3690000000 0.6997009089 0.0883485787 0.3032851425 1.0875269623 0.6997009089 0.0618175808 0.7609436040 0.0551174980
0.3700000000 0.6990934871 0.0890251252 0.3029165904 1.0872105279 0.6990934871 0.0622368852 0.7600617992 0.0664470837
0.3710000000 0.6986902152 0.0894745144 0.3026719933 1.0870006691 0.6986902152 0.0625149677 0.7594767314 0.0794937317
0.3720000000 0.6984437186 0.0897492681 0.3025225301 1.0868725182 0.6984437186 0.0626848125 0.7591192833 0.0946185919
0.3730000000 0.6983072059 0.0899014299 0.3024397820 1.0868016273 0.6983072059 0.0627788163 0.7589214077 0.1126720129
0.3740000000 0.6982404367 0.0899758267 0.3023993304 1.0867670233 0.6982404367 0.0628247605 0.7588246809 0.1357582473
0.3750000000 0.6982130509 0.0900063031 0.3023827605 1.0867529035 0.6982130509 0.0628435755 0.7587850603 0.1696052677
0.3760000000 0.6982049238 0.0900153003 0.3023778686 1.0867488000 0.6982049238 0.0628491259 0.7587733631 0.2387541595
0.3770000000 0.6982045038 0.0900157008 0.3023776505 1.0867487062 0.6982045038 0.0628493677 0.7587728412 0.2431050132
0.3780000000 0.6982077436 0.0900120186 0.3023796519 1.0867505173 0.6982077436 0.0628470884 0.7587776265 0.1101029887
0.3790000000 0.6982142733 0.0900046661 0.3023836488 1.0867540412 0.6982142733 0.0628425426 0.7587871831 0.0632180558
0.3800000000 0.6982236179 0.0899941732 0.3023893532 1.0867590311 0.6982236179 0.0628360572 0.7588008224 0.0325753470
0.3810000000 0.6982346188 0.0899818318 0.3023960626 1.0867648848 0.6982346188 0.0628284300 0.7588168650 0.0037382165
0.3820000000 0.6982453377 0.0899698034 0.3024026019 1.0867705949 0.6982453377 0.0628209958 0.7588325011 0.0298260575
0.3830000000 0.6982536960 0.0899604062 0.3024077108 1.0867750807 0.6982536960 0.0628151861 0.7588447168 0.0644903500
0.3840000000 0.6982588436 0.0899545876 0.3024108740 1.0867779005 0.6982588436 0.0628115863 0.7588522801 0.0949313307
0.3850000000 0.6982612580 0.0899518154 0.3024123808 1.0867793023 0.6982612580 0.0628098678 0.7588558828 0.1189865221
0.3860000000 0.6982619374 0.0899509763 0.3024128365 1.0867798052 0.6982619374 0.0628093430 0.7588569722 0.1338674959
0.3870000000 0.6982617337 0.0899511204 0.3024127578 1.0867798520 0.6982617337 0.0628094252 0.7588567835 0.0797059294
0.3880000000 0.6982611101 0.0899517309 0.3024124253 1.0867796836 0.6982611101 0.0628097955 0.7588559882 0.0188951424
0.3890000000 0.6982604068 0.0899524285 0.3024120456 1.0867794771 0.6982604068 0.0628102193 0.7588550798 0.0195124355
0.3900000000 0.6982599218 0.0899528807 0.3024117992 1.0867793878 0.6982599218 0.0628104915 0.7588544903 0.0499662672
0.3910000000 0.6982597730 0.0899529558 0.3024117579 1.0867794772 0.6982597730 0.0628105305 0.7588543911 0.0550265005
0.3920000000 0.6982599129 0.0899527071 0.3024118926 1.0867797203 0.6982599129 0.0628103694 0.7588547129 0.0329010890
0.3930000000 0.6982602291 0.0899522598 0.3024121353 1.0867800588 0.6982602291 0.0628100855 0.7588552928 0.0096314462
0.3940000000 0.6982605763 0.0899517758 0.3024123979 1.0867804172 0.6982605763 0.0628097788 0.7588559204 0.0108587894
0.3950000000 0.6982608145 0.0899514111 0.3024125957 1.0867807232 0.6982608145 0.0628095455 0.7588563929 0.0256617543
0.3960000000 0.6982608802 0.0899512364 0.3024126902 1.0867809438 0.6982608802 0.0628094295 0.7588566183 0.0289930069
0.3970000000 0.6982607979 0.0899512243 0.3024126962 1.0867810918 0.6982607979 0.0628094137 0.7588566324 0.0180844390
0.3980000000 0.6982606423 0.0899512916 0.3024126591 1.0867812062 0.6982606423 0.0628094467 0.7588565431 0.0008044437
0.3990000000 0.6982605002 0.0899513414 0.3024126315 1.0867813322 0.6982605002 0.0628094686 0.7588564766 0.0132870719
0.4000000000 0.6982604317 0.0899513065 0.3024126499 1.0867815013 0.6982604317 0.0628094381 0.7588565203 0.0167170300
0.4010000000 0.6982604421 0.0899511809 0.3024127177 1.0867817164 0.6982604421 0.0628093513 0.7588566818 0.0099229686
0.4020000000 0.6982604929 0.0899510076 0.3024128113 1.0867819574 0.6982604929 0.0628092349 0.7588569052 0.0000704130
0.4030000000 0.6982605274 0.0899508495 0.3024128967 1.0867821954 0.6982605274 0.0628091276 0.7588571089 0.0086937290
0.4040000000 0.6982605047 0.0899507523 0.3024129490 1.0867824091 0.6982605047 0.0628090577 0.7588572334 0.0117178411
0.4050000000 0.6982604210 0.0899507199 0.3024129660 1.0867825968 0.6982604210 0.0628090276 0.7588572736 0.0078884850
0.4060000000 0.6982603041 0.0899507214 0.3024129645 1.0867827730 0.6982603041 0.0628090181 0.7588572696 0.0001704770
0.4070000000 0.6982601921 0.0899507144 0.3024129678 1.0867829577 0.6982601921 0.0628090031 0.7588572768 0.0058795375
0.4080000000 0.6982601091 0.0899506715 0.3024129905 1.0867831638 0.6982601091 0.0628089657 0.7588573306 0.0064649941
0.4090000000 0.6982600529 0.0899505953 0.3024130313 1.0867833902 0.6982600529 0.0628089074 0.7588574275 0.0026163266
0.4100000000 0.6982600009 0.0899505108 0.3024130766 1.0867836255 0.6982600009 0.0628088438 0.7588575353 0.0023750605
0.4110000000 0.6982599283 0.0899504455 0.3024131115 1.0867838571 0.6982599283 0.0628087916 0.7588576181 0.0052486371
0.4120000000 0.6982598251 0.0899504105 0.3024131299 1.0867840800 0.6982598251 0.0628087579 0.7588576616 0.0043646963
0.4130000000 0.6982597001 0.0899503957 0.3024131373 1.0867842989 0.6982597001 0.0628087363 0.7588576787 0.0008573065
0.4140000000 0.6982595716 0.0899503807 0.3024131448 1.0867845236 0.6982595716 0.0628087143 0.7588576959 0.0023540059
0.4150000000 0.6982594528 0.0899503507 0.3024131605 1.0867847613 0.6982594528 0.0628086827 0.7588577327 0.0029624958
0.4160000000 0.6982593434 0.0899503056 0.3024131843 1.0867850122 0.6982593434 0.0628086413 0.7588577890 0.0011025776
0.4170000000 0.6982592324 0.0899502576 0.3024132097 1.0867852710 0.6982592324 0.0628085978 0.7588578491 0.0013740234
0.4180000000 0.6982591080 0.0899502197 0.3024132296 1.0867855318 0.6982591080 0.0628085602 0.7588578960 0.0025501733
0.4190000000 0.6982589667 0.0899501957 0.3024132420 1.0867857929 0.6982589667 0.0628085307 0.7588579247 0.0017679942
0.4200000000 0.6982588139 0.0899501794 0.3024132502 1.0867860576 0.6982588139 0.0628085055 0.7588579436 0.0000084617
0.4210000000 0.6982586581 0.0899501609 0.3024132595 1.0867863308 0.6982586581 0.0628084787 0.7588579650 0.0011909072
0.4220000000 0.6982585036 0.0899501356 0.3024132725 1.0867866150 0.6982585036 0.0628084471 0.7588579955 0.0009753804
0.4230000000 0.6982583475 0.0899501060 0.3024132879 1.0867869093 0.6982583475 0.0628084124 0.7588580314 0.0001298366
0.4240000000 0.6982581842 0.0899500785 0.3024133021 1.0867872110 0.6982581842 0.0628083785 0.7588580646 0.0010195181
0.4250000000 0.6982580098 0.0899500570 0.3024133130 1.0867875187 0.6982580098 0.0628083478 0.7588580898 0.0009959812
0.4260000000 0.6982578253 0.0899500402 0.3024133214 1.0867878331 0.6982578253 0.0628083195 0.7588581089 0.0002761535
0.4270000000 0.6982576342 0.0899500240 0.3024133295 1.0867881568 0.6982576342 0.0628082909 0.7588581273 0.0003662927
0.4280000000 0.6982574389 0.0899500053 0.3024133388 1.0867884915 0.6982574389 0.0628082603 0.7588581487 0.0003912644
0.4290000000 0.6982572384 0.0899499850 0.3024133491 1.0867888374 0.6982572384 0.0628082281 0.7588581723 0.0000708573
0.4300000000 0.6982570300 0.0899499656 0.3024133588 1.0867891936 0.6982570300 0.0628081958 0.7588581945 0.0004842467
0.4310000000 0.6982568119 0.0899499490 0.3024133670 1.0867895596 0.6982568119 0.0628081646 0.7588582131 0.0004768097
0.4320000000 0.6982565842 0.0899499347 0.3024133739 1.0867899362 0.6982565842 0.0628081342 0.7588582286 0.0001455545
0.4330000000 0.6982563483 0.0899499208 0.3024133807 1.0867903248 0.6982563483 0.0628081032 0.7588582436 0.0001330694
0.4340000000 0.6982561049 0.0899499060 0.3024133879 1.0867907267 0.6982561049 0.0628080710 0.7588582597 0.0001177020
0.4350000000 0.6982558533 0.0899498907 0.3024133953 1.0867911422 0.6982558533 0.0628080377 0.7588582763 0.0000994952
0.4360000000 0.6982555920 0.0899498762 0.3024134023 1.0867915712 0.6982555920 0.0628080041 0.7588582919 0.0002587871
0.4370000000 0.6982553199 0.0899498631 0.3024134085 1.0867920141 0.6982553199 0.0628079705 0.7588583055 0.0002209223
0.4380000000 0.6982550371 0.0899498511 0.3024134142 1.0867924718 0.6982550371 0.0628079366 0.7588583178 0.0000718487
0.4390000000 0.6982547438 0.0899498392 0.3024134197 1.0867929454 0.6982547438 0.0628079019 0.7588583297 0.0000179360
0.4400000000 0.6982544397 0.0899498272 0.3024134253 1.0867934360 0.6982544397 0.0628078662 0.7588583417 0.0000165711
0.4410000000 0.6982541240 0.0899498154 0.3024134308 1.0867939441 0.6982541240 0.0628078295 0.7588583534 0.0000984646
0.4420000000 0.6982537959 0.0899498041 0.3024134360 1.0867944704 0.6982537959 0.0628077922 0.7588583643 0.0001258704
0.4430000000 0.6982534547 0.0899497935 0.3024134408 1.0867950156 0.6982534547 0.0628077541 0.7588583742 0.0000838427
0.4440000000 0.6982531001 0.0899497832 0.3024134454 1.0867955811 0.6982531001 0.0628077150 0.7588583837 0.0000361514
0.4450000000 0.6982527314 0.0899497731 0.3024134499 1.0867961681 0.6982527314 0.0628076748 0.7588583928 0.0000358038
0.4460000000 0.6982523479 0.0899497632 0.3024134543 1.0867967775 0.6982523479 0.0628076333 0.7588584016 0.0000700861
0.4470000000 0.6982519488 0.0899497537 0.3024134585 1.0867974105 0.6982519488 0.0628075908 0.7588584098 0.0000905920
0.4480000000 0.6982515332 0.0899497446 0.3024134624 1.0867980681 0.6982515332 0.0628075471 0.7588584173 0.0000744216
0.4490000000 0.6982511002 0.0899497359 0.3024134661 1.0867987519 0.6982511002 0.0628075020 0.7588584242 0.0000424993
0.4500000000 0.6982506491 0.0899497273 0.3024134696 1.0867994635 0.6982506491 0.0628074555 0.7588584309 0.0000264586
0.4510000000 0.6982501789 0.0899497188 0.3024134732 1.0868002046 0.6982501789 0.0628074073 0.7588584372 0.0000335547
0.4520000000 0.6982496884 0.0899497105 0.3024134766 1.0868009766 0.6982496884 0.0628073573 0.7588584433 0.0000474991
0.4530000000 0.6982491766 0.0899497024 0.3024134798 1.0868017812 0.6982491766 0.0628073057 0.7588584488 0.0000530685
0.4540000000 0.6982486422 0.0899496946 0.3024134830 1.0868026203 0.6982486422 0.0628072521 0.7588584540 0.0000502818
0.4550000000 0.6982480837 0.0899496870 0.3024134859 1.0868034962 0.6982480837 0.0628071966 0.7588584586 0.0000466677
0.4560000000 0.6982474999 0.0899496797 0.3024134888 1.0868044110 0.6982474999 0.0628071390 0.7588584629 0.0000446771
0.4570000000 0.6982468892 0.0899496726 0.3024134915 1.0868053671 0.6982468892 0.0628070790 0.7588584667 0.0000409676
0.4580000000 0.6982462500 0.0899496656 0.3024134940 1.0868063669 0.6982462500 0.0628070167 0.7588584702 0.0000342600
0.4590000000 0.6982455806 0.0899496588 0.3024134965 1.0868074132 0.6982455806 0.0628069517 0.7588584733 0.0000286068
0.4600000000 0.6982448789 0.0899496521 0.3024134989 1.0868085094 0.6982448789 0.0628068839 0.7588584761 0.0000283359
0.4610000000 0.6982441428 0.0899496455 0.3024135013 1.0868096586 0.6982441428 0.0628068131 0.7588584785 0.0000326486
0.4620000000 0.6982433702 0.0899496390 0.3024135035 1.0868108641 0.6982433702 0.0628067391 0.7588584805 0.0000367124
0.4630000000 0.6982425585 0.0899496327 0.3024135056 1.0868121298 0.6982425585 0.0628066617 0.7588584822 0.0000368503
0.4640000000 0.6982417051 0.0899496266 0.3024135076 1.0868134600 0.6982417051 0.0628065806 0.7588584834 0.0000333755
0.4650000000 0.6982408070 0.0899496206 0.3024135096 1.0868148589 0.6982408070 0.0628064957 0.7588584841 0.0000290237
0.4660000000 0.6982398611 0.0899496147 0.3024135114 1.0868163317 0.6982398611 0.0628064065 0.7588584845 0.0000260765
0.4670000000 0.6982388641 0.0899496089 0.3024135132 1.0868178836 0.6982388641 0.0628063127 0.7588584845 0.0000251749
0.4680000000 0.6982378121 0.0899496032 0.3024135149 1.0868195205 0.6982378121 0.0628062141 0.7588584842 0.0000257580
0.4690000000 0.6982367009 0.0899495976 0.3024135165 1.0868212490 0.6982367009 0.0628061103 0.7588584833 0.0000267349
0.4700000000 0.6982355261 0.0899495922 0.3024135180 1.0868230758 0.6982355261 0.0628060008 0.7588584821 0.0000269770
0.4710000000 0.6982342825 0.0899495868 0.3024135195 1.0868250091 0.6982342825 0.0628058852 0.7588584804 0.0000259234
0.4720000000 0.6982329648 0.0899495815 0.3024135209 1.0868270569 0.6982329648 0.0628057630 0.7588584782 0.0000240510
0.4730000000 0.6982315666 0.0899495763 0.3024135222 1.0868292295 0.6982315666 0.0628056335 0.7588584755 0.0000225664
0.4740000000 0.6982300820 0.0899495711 0.3024135234 1.0868315357 0.6982300820 0.0628054964 0.7588584723 0.0000223712
0.4750000000 0.6982285009 0.0899495660 0.3024135246 1.0868339915 0.6982285009 0.0628053506 0.7588584685 0.0000232189
0.4760000000 0.6982268245 0.0899495610 0.3024135257 1.0868365947 0.6982268245 0.0628051963 0.7588584642 0.0000238652
0.4770000000 0.6982250134 0.0899495561 0.3024135268 1.0868394066 0.6982250134 0.0628050300 0.7588584592 0.0000230807
0.4780000000 0.6982231456 0.0899495512 0.3024135278 1.0868423062 0.6982231456 0.0628048586 0.7588584538 0.0000206905
0.4790000000 0.6982209656 0.0899495464 0.3024135287 1.0868456899 0.6982209656 0.0628046592 0.7588584470 0.0000178377
0.4800000000 0.6982190939 0.0899495417 0.3024135296 1.0868485952 0.6982190939 0.0628044875 0.7588584413 0.0000162710
0.4810000000 0.6982159738 0.0899495370 0.3024135304 1.0868534364 0.6982159738 0.0628042036 0.7588584305 0.0000171092
0.4820000000 0.6982150768 0.0899495324 0.3024135312 1.0868548298 0.6982150768 0.0628041197 0.7588584285 0.0000199456
0.4830000000 0.6982091108 0.0899495278 0.3024135319 1.0868640844 0.6982091108 0.0628035798 0.7588584059 0.0000229467
0.4840000000 0.6982119823 0.0899495232 0.3024135325 1.0868596330 0.6982119823 0.0628038349 0.7588584188 0.0000239857
0.4850000000 0.6981991417 0.0899495187 0.3024135331 1.0868795487 0.6981991417 0.0628026767 0.7588583681 0.0000220448
0.4860000000 0.6982107132 0.0899495142 0.3024135336 1.0868616043 0.6982107132 0.0628037145 0.7588584159 0.0000179281
0.4870000000 0.6981838825 0.0899495098 0.3024135341 1.0869032175 0.6981838825 0.0628012980 0.7588583082 0.0000138364
0.4880000000 0.6982163631 0.0899495054 0.3024135345 1.0868528447 0.6982163631 0.0628042165 0.7588584404 0.0000119570
0.4890000000 0.6981520922 0.0899495010 0.3024135349 1.0869525274 0.6981520922 0.0627984323 0.7588581811 0.0000132376
0.4900000000 0.6982396486 0.0899494966 0.3024135353 1.0868167362 0.6982396486 0.0628063049 0.7588585360 0.0000167081
0.4910000000 0.6981163767 0.0899494923 0.3024135356 1.0870079303 0.6981163767 0.0627952137 0.7588580378 0.0000202793
0.4920000000 0.6982053611 0.0899494880 0.3024135358 1.0868699101 0.6982053611 0.0628032148 0.7588583981 0.0000219675
0.4930000000 0.6982141013 0.0899494838 0.3024135360 1.0868563556 0.6982141013 0.0628039980 0.7588584336 0.0000208967
0.4940000000 0.6980289683 0.0899494795 0.3024135361 1.0871435416 0.6980289683 0.0627873424 0.7588576847 0.0000180775
0.4950000000 0.6982526871 0.0899494753 0.3024135362 1.0867965190 0.6982526871 0.0628074628 0.7588585897 0.0000150753
0.4960000000 0.6982270232 0.0899494711 0.3024135363 1.0868363161 0.6982270232 0.0628051514 0.7588584857 0.0000131332
0.4970000000 0.6978845995 0.0899494668 0.3024135362 1.0873675973 0.6978845995 0.0627743476 0.7588571002 0.0000130739
0.4980000000 0.6981929567 0.0899494626 0.3024135362 1.0868891471 0.6981929567 0.0628020812 0.7588583472 0.0000142359
0.4990000000 0.6984312836 0.0899494583 0.3024135361 1.0865196458 0.6984312836 0.0628235156 0.7588593109 0.0000153081
0.5000000000 0.6978089770 0.0899494541 0.3024135360 1.0874849962 0.6978089770 0.0627675366 0.7588567928 0.0000161492
0.5010000000 0.6976834559 0.0899494500 0.3024135358 1.0876799182 0.6976834559 0.0627562431 0.7588562843 0.0000171270
0.5020000000 0.6985538029 0.0899494458 0.3024135356 1.0863297877 0.6985538029 0.0628345274 0.7588598044 0.0000177347
0.5030000000 0.6985600677 0.0899494416 0.3024135353 1.0863200802 0.6985600677 0.0628350880 0.7588598288 0.0000175579
0.5040000000 0.6972715611 0.0899494374 0.3024135350 1.0883200427 0.6972715611 0.0627191846 0.7588546151 0.0000172839
0.5050000000 0.6970148403 0.0899494331 0.3024135346 1.0887193952 0.6970148403 0.0626960898 0.7588535753 0.0000170656
0.5060000000 0.6986755577 0.0899494289 0.3024135342 1.0861411766 0.6986755577 0.0628454674 0.7588602924 0.0000157703
0.5070000000 0.6995865663 0.0899494246 0.3024135337 1.0847320587 0.6995865663 0.0629274091 0.7588639763 0.0000132473
0.5080000000 0.6975296979 0.0899494203 0.3024135332 1.0879187741 0.6975296979 0.0627423920 0.7588556538 0.0000116808
0.5090000000 0.6946384955 0.0899494160 0.3024135326 1.0924300351 0.6946384955 0.0624823270 0.7588439560 0.0000132840
0.5100000000 0.6951335552 0.0899494117 0.3024135320 1.0916549076 0.6951335552 0.0625268544 0.7588459570 0.0000174602
0.5110000000 0.6995407875 0.0899494074 0.3024135314 1.0848027706 0.6995407875 0.0629232793 0.7588637844 0.0000208836
0.5120000000 0.7021975741 0.0899494031 0.3024135307 1.0807136883 0.7021975741 0.0631622527 0.7588745302 0.0000198156
0.5130000000 0.6945175847 0.0899493987 0.3024135300 1.0926195042 0.6945175847 0.0624714392 0.7588434591 0.0000129494
0.5140000000 0.6706000819 0.0899493943 0.3024135292 1.1314443890 0.6706000819 0.0603200712 0.7587466999 0.0000027803
0.5150000000 0.6305660367 0.0899493899 0.3024135284 1.2030218850 0.6305660367 0.0567190303 0.7585847420 0.0000064121
0.5160000000 0.5799387810 0.0899493854 0.3024135276 1.3076896301 0.5799387810 0.0521651369 0.7583799300 0.0000118802
0.5170000000 0.5265360714 0.0899493808 0.3024135269 1.4399087380 0.5265360714 0.0473615936 0.7581638901 0.0000133102
0.5180000000 0.4772917595 0.0899493763 0.3024135261 1.5880531308 0.4772917595 0.0429320961 0.7579646730 0.0000116925
0.5190000000 0.4364820850 0.0899493718 0.3024135255 1.7361527630 0.4364820850 0.0392612893 0.7577995778 0.0000083235
0.5200000000 0.4055245531 0.0899493672 0.3024135248 1.8683809237 0.4055245531 0.0364766769 0.7576743390 0.0000043450
0.5210000000 0.3837425478 0.0899493627 0.3024135242 1.9742043820 0.3837425478 0.0345173976 0.7575862194 0.0000005385
0.5220000000 0.3693852723 0.0899493581 0.3024135235 2.0507805616 0.3693852723 0.0332259681 0.7575281361 0.0000027097
0.5230000000 0.3604522577 0.0899493534 0.3024135229 2.1015043745 0.3604522577 0.0324224475 0.7574919963 0.0000053020
0.5240000000 0.3551749506 0.0899493488 0.3024135222 2.1326691095 0.3551749506 0.0319477555 0.7574706455 0.0000072802
0.5250000000 0.3522018257 0.0899493441 0.3024135216 2.1506379604 0.3522018257 0.0316803232 0.7574586161 0.0000087069
0.5260000000 0.3505998085 0.0899493393 0.3024135209 2.1604465116 0.3505998085 0.0315362211 0.7574521333 0.0000096156
0.5270000000 0.3497732713 0.0899493345 0.3024135201 2.1655422231 0.3497732713 0.0314618730 0.7574487876 0.0000100188
0.5280000000 0.3493656325 0.0899493297 0.3024135194 2.1680642458 0.3493656325 0.0314252045 0.7574471365 0.0000099536
0.5290000000 0.3491747888 0.0899493249 0.3024135186 2.1692469981 0.3491747888 0.0314080365 0.7574463623 0.0000095231
0.5300000000 0.3490915776 0.0899493200 0.3024135178 2.1697630994 0.3490915776 0.0314005500 0.7574460235 0.0000089095
0.5310000000 0.3490595529 0.0899493151 0.3024135169 2.1699617881 0.3490595529 0.0313976677 0.7574458917 0.0000083471
0.5320000000 0.3490506946 0.0899493102 0.3024135161 2.1700167487 0.3490506946 0.0313968692 0.7574458535 0.0000080652
0.5330000000 0.3490516393 0.0899493052 0.3024135152 2.1700108802 0.3490516393 0.0313969524 0.7574458550 0.0000082215
0.5340000000 0.3490562769 0.0899493002 0.3024135143 2.1699820956 0.3490562769 0.0313973678 0.7574458713 0.0000088497
0.5350000000 0.3490619508 0.0899492952 0.3024135133 2.1699468818 0.3490619508 0.0313978764 0.7574458917 0.0000098437
0.5360000000 0.3490675850 0.0899492901 0.3024135124 2.1699119156 0.3490675850 0.0313983815 0.7574459119 0.0000109823
0.5370000000 0.3490727966 0.0899492849 0.3024135114 2.1698795720 0.3490727966 0.0313988484 0.7574459304 0.0000119909
0.5380000000 0.3490774904 0.0899492797 0.3024135103 2.1698504411 0.3490774904 0.0313992688 0.7574459466 0.0000126212
0.5390000000 0.3490816811 0.0899492745 0.3024135093 2.1698244329 0.3490816811 0.0313996440 0.7574459607 0.0000127236
0.5400000000 0.3490854183 0.0899492692 0.3024135082 2.1698012384 0.3490854183 0.0313999783 0.7574459729 0.0000122935
0.5410000000 0.3490887582 0.0899492639 0.3024135070 2.1697805091 0.3490887582 0.0314002768 0.7574459834 0.0000114736
0.5420000000 0.3490917531 0.0899492585 0.3024135058 2.1697619196 0.3490917531 0.0314005443 0.7574459924 0.0000105167
0.5430000000 0.3490944494 0.0899492530 0.3024135046 2.1697451833 0.3490944494 0.0314007849 0.7574460002 0.0000097163
0.5440000000 0.3490968867 0.0899492475 0.3024135034 2.1697300540 0.3490968867 0.0314010023 0.7574460068 0.0000093268
0.5450000000 0.3490990984 0.0899492419 0.3024135021 2.1697163235 0.3490990984 0.0314011993 0.7574460124 0.0000094945
0.5460000000 0.3491011127 0.0899492363 0.3024135008 2.1697038181 0.3491011127 0.0314013785 0.7574460171 0.0000102191
0.5470000000 0.3491029528 0.0899492307 0.3024134995 2.1696923930 0.3491029528 0.0314015420 0.7574460211 0.0000113552
0.5480000000 0.3491046385 0.0899492249 0.3024134982 2.1696819260 0.3491046385 0.0314016917 0.7574460244 0.0000126549
0.5490000000 0.3491061866 0.0899492192 0.3024134968 2.1696723116 0.3491061866 0.0314018289 0.7574460270 0.0000138362
0.5500000000 0.3491076123 0.0899492133 0.3024134954 2.1696634569 0.3491076123 0.0314019551 0.7574460290 0.0000146592
0.5510000000 0.3491089286 0.0899492074 0.3024134939 2.1696552809 0.3491089286 0.0314020714 0.7574460305 0.0000149833
0.5520000000 0.3491101466 0.0899492014 0.3024134924 2.1696477136 0.3491101466 0.0314021789 0.7574460314 0.0000147951
0.5530000000 0.3491112761 0.0899491953 0.3024134908 2.1696406954 0.3491112761 0.0314022784 0.7574460319 0.0000142021
0.5540000000 0.3491123255 0.0899491891 0.3024134892 2.1696341741 0.3491123255 0.0314023706 0.7574460320 0.0000133992
0.5550000000 0.3491133022 0.0899491829 0.3024134876 2.1696281034 0.3491133022 0.0314024563 0.7574460317 0.0000126234
0.5560000000 0.3491142129 0.0899491765 0.3024134859 2.1696224415 0.3491142129 0.0314025360 0.7574460310 0.0000121018
0.5570000000 0.3491150637 0.0899491701 0.3024134842 2.1696171511 0.3491150637 0.0314026103 0.7574460299 0.0000120071
0.5580000000 0.3491158598 0.0899491636 0.3024134825 2.1696121998 0.3491158598 0.0314026796 0.7574460286 0.0000124219
0.5590000000 0.3491166058 0.0899491571 0.3024134807 2.1696075593 0.3491166058 0.0314027444 0.7574460270 0.0000133200
0.5600000000 0.3491173056 0.0899491505 0.3024134789 2.1696032048 0.3491173056 0.0314028050 0.7574460251 0.0000145677
0.5610000000 0.3491179630 0.0899491437 0.3024134770 2.1695991129 0.3491179630 0.0314028618 0.7574460229 0.0000159488
0.5620000000 0.3491185815 0.0899491369 0.3024134751 2.1695952620 0.3491185815 0.0314029151 0.7574460204 0.0000172082
0.5630000000 0.3491191644 0.0899491300 0.3024134732 2.1695916322 0.3491191644 0.0314029651 0.7574460177 0.0000181084
0.5640000000 0.3491197143 0.0899491230 0.3024134712 2.1695882063 0.3491197143 0.0314030121 0.7574460147 0.0000184888
0.5650000000 0.3491202336 0.0899491159 0.3024134691 2.1695849695 0.3491202336 0.0314030564 0.7574460114 0.0000183130
0.5660000000 0.3491207245 0.0899491086 0.3024134670 2.1695819090 0.3491207245 0.0314030980 0.7574460079 0.0000176902
0.5670000000 0.3491211888 0.0899491013 0.3024134649 2.1695790125 0.3491211888 0.0314031372 0.7574460041 0.0000168606
0.5680000000 0.3491216287 0.0899490938 0.3024134627 2.1695762679 0.3491216287 0.0314031741 0.7574460002 0.0000161412
0.5690000000 0.3491220458 0.0899490862 0.3024134604 2.1695736639 0.3491220458 0.0314032090 0.7574459960 0.0000158417
0.5700000000 0.3491224417 0.0899490785 0.3024134581 2.1695711909 0.3491224417 0.0314032419 0.7574459916 0.0000161750
0.5710000000 0.3491228177 0.0899490707 0.3024134557 2.1695688407 0.3491228177 0.0314032730 0.7574459869 0.0000171862
0.5720000000 0.3491231752 0.0899490628 0.3024134533 2.1695666055 0.3491231752 0.0314033024 0.7574459821 0.0000187302
0.5730000000 0.3491235153 0.0899490548 0.3024134509 2.1695644777 0.3491235153 0.0314033302 0.7574459771 0.0000205009
0.5740000000 0.3491238392 0.0899490467 0.3024134484 2.1695624501 0.3491238392 0.0314033565 0.7574459719 0.0000221145
0.5750000000 0.3491241479 0.0899490384 0.3024134458 2.1695605158 0.3491241479 0.0314033814 0.7574459665 0.0000232182
0.5760000000 0.3491244425 0.0899490300 0.3024134432 2.1695586691 0.3491244425 0.0314034049 0.7574459608 0.0000235981
0.5770000000 0.3491247237 0.0899490214 0.3024134404 2.1695569046 0.3491247237 0.0314034272 0.7574459549 0.0000232491
0.5780000000 0.3491249923 0.0899490126 0.3024134377 2.1695552176 0.3491249923 0.0314034483 0.7574459488 0.0000223869
0.5790000000 0.3491252491 0.0899490037 0.3024134348 2.1695536038 0.3491252491 0.0314034683 0.7574459424 0.0000213934
0.5800000000 0.3491254947 0.0899489946 0.3024134319 2.1695520589 0.3491254947 0.0314034872 0.7574459359 0.0000207080
0.5810000000 0.3491257297 0.0899489854 0.3024134290 2.1695505792 0.3491257297 0.0314035052 0.7574459291 0.0000206963
0.5820000000 0.3491259547 0.0899489760 0.3024134259 2.1695491612 0.3491259547 0.0314035221 0.7574459221 0.0000215348
0.5830000000 0.3491261702 0.0899489665 0.3024134228 2.1695478013 0.3491261702 0.0314035382 0.7574459150 0.0000231479
0.5840000000 0.3491263769 0.0899489569 0.3024134197 2.1695464962 0.3491263769 0.0314035534 0.7574459076 0.0000252246
0.5850000000 0.3491265751 0.0899489470 0.3024134165 2.1695452424 0.3491265751 0.0314035678 0.7574459001 0.0000273109
0.5860000000 0.3491267655 0.0899489370 0.3024134131 2.1695440372 0.3491267655 0.0314035814 0.7574458923 0.0000289536
0.5870000000 0.3491269482 0.0899489268 0.3024134098 2.1695428784 0.3491269482 0.0314035943 0.7574458842 0.0000298483
0.5880000000 0.3491271238 0.0899489164 0.3024134063 2.1695417639 0.3491271238 0.0314036065 0.7574458759 0.0000299416
0.5890000000 0.3491272924 0.0899489058 0.3024134027 2.1695406913 0.3491272924 0.0314036179 0.7574458674 0.0000294496
0.5900000000 0.3491274546 0.0899488950 0.3024133991 2.1695396582 0.3491274546 0.0314036287 0.7574458586 0.0000287885
0.5910000000 0.3491276107 0.0899488839 0.3024133954 2.1695386626 0.3491276107 0.0314036389 0.7574458495 0.0000284370
0.5920000000 0.3491277609 0.0899488726 0.3024133915 2.1695377027 0.3491277609 0.0314036485 0.7574458402 0.0000287786
0.5930000000 0.3491279054 0.0899488612 0.3024133876 2.1695367771 0.3491279054 0.0314036575 0.7574458307 0.0000299740
0.5940000000 0.3491280446 0.0899488495 0.3024133837 2.1695358841 0.3491280446 0.0314036659 0.7574458209 0.0000319047
0.5950000000 0.3491281787 0.0899488376 0.3024133796 2.1695350220 0.3491281787 0.0314036739 0.7574458109 0.0000342090
0.5960000000 0.3491283080 0.0899488255 0.3024133754 2.1695341891 0.3491283080 0.0314036813 0.7574458006 0.0000364009
0.5970000000 0.3491284327 0.0899488131 0.3024133711 2.1695333840 0.3491284327 0.0314036882 0.7574457901 0.0000380340
0.5980000000 0.3491285530 0.0899488005 0.3024133667 2.1695326056 0.3491285530 0.0314036946 0.7574457792 0.0000388556
0.5990000000 0.3491286689 0.0899487876 0.3024133622 2.1695318528 0.3491286689 0.0314037005 0.7574457680 0.0000389006
0.6000000000 0.3491287809 0.0899487743 0.3024133576 2.1695311244 0.3491287809 0.0314037059 0.7574457565 0.0000384853
0.6010000000 0.3491288889 0.0899487608 0.3024133529 2.1695304193 0.3491288889 0.0314037109 0.7574457447 0.0000381068
0.6020000000 0.3491289932 0.0899487471 0.3024133481 2.1695297363 0.3491289932 0.0314037155 0.7574457326 0.0000382745
0.6030000000 0.3491290940 0.0899487330 0.3024133431 2.1695290744 0.3491290940 0.0314037197 0.7574457202 0.0000393333
0.6040000000 0.3491291914 0.0899487186 0.3024133381 2.1695284330 0.3491291914 0.0314037234 0.7574457075 0.0000413388
0.6050000000 0.3491292854 0.0899487040 0.3024133329 2.1695278112 0.3491292854 0.0314037268 0.7574456944 0.0000440318
0.6060000000 0.3491293763 0.0899486890 0.3024133276 2.1695272080 0.3491293763 0.0314037297 0.7574456811 0.0000469228
0.6070000000 0.3491294642 0.0899486738 0.3024133221 2.1695266226 0.3491294642 0.0314037323 0.7574456673 0.0000494647
0.6080000000 0.3491295492 0.0899486581 0.3024133165 2.1695260542 0.3491295492 0.0314037345 0.7574456532 0.0000512468
0.6090000000 0.3491296314 0.0899486421 0.3024133108 2.1695255020 0.3491296314 0.0314037363 0.7574456387 0.0000521427
0.6100000000 0.3491297108 0.0899486257 0.3024133049 2.1695249655 0.3491297108 0.0314037377 0.7574456238 0.0000523549
0.6110000000 0.3491297877 0.0899486089 0.3024132989 2.1695244441 0.3491297877 0.0314037387 0.7574456085 0.0000523401
0.6120000000 0.3491298620 0.0899485917 0.3024132927 2.1695239372 0.3491298620 0.0314037394 0.7574455928 0.0000526455
0.6130000000 0.3491299339 0.0899485741 0.3024132863 2.1695234442 0.3491299339 0.0314037397 0.7574455767 0.0000537127
0.6140000000 0.3491300035 0.0899485561 0.3024132798 2.1695229645 0.3491300035 0.0314037397 0.7574455601 0.0000557242
0.6150000000 0.3491300708 0.0899485378 0.3024132732 2.1695224976 0.3491300708 0.0314037394 0.7574455432 0.0000585450
0.6160000000 0.3491301360 0.0899485189 0.3024132663 2.1695220427 0.3491301360 0.0314037386 0.7574455258 0.0000617853
0.6170000000 0.3491301990 0.0899484997 0.3024132593 2.1695215997 0.3491301990 0.0314037376 0.7574455079 0.0000649579
0.6180000000 0.3491302600 0.0899484800 0.3024132521 2.1695211680 0.3491302600 0.0314037362 0.7574454895 0.0000676734
0.6190000000 0.3491303190 0.0899484597 0.3024132447 2.1695207472 0.3491303190 0.0314037344 0.7574454706 0.0000697890
0.6200000000 0.3491303761 0.0899484390 0.3024132372 2.1695203370 0.3491303761 0.0314037323 0.7574454512 0.0000714506
0.6210000000 0.3491304313 0.0899484177 0.3024132293 2.1695199367 0.3491304313 0.0314037299 0.7574454313 0.0000730079
0.6220000000 0.3491304847 0.0899483958 0.3024132213 2.1695195460 0.3491304847 0.0314037270 0.7574454108 0.0000748409
0.6230000000 0.3491305364 0.0899483734 0.3024132131 2.1695191646 0.3491305364 0.0314037239 0.7574453897 0.0000771850
0.6240000000 0.3491305863 0.0899483505 0.3024132046 2.1695187922 0.3491305863 0.0314037203 0.7574453680 0.0000800301
0.6250000000 0.3491306346 0.0899483269 0.3024131959 2.1695184284 0.3491306346 0.0314037165 0.7574453457 0.0000831426
0.6260000000 0.3491306813 0.0899483027 0.3024131870 2.1695180728 0.3491306813 0.0314037122 0.7574453228 0.0000861891
0.6270000000 0.3491307264 0.0899482779 0.3024131778 2.1695177251 0.3491307264 0.0314037076 0.7574452993 0.0000889019
0.6280000000 0.3491307699 0.0899482524 0.3024131684 2.1695173849 0.3491307699 0.0314037026 0.7574452750 0.0000912227
0.6290000000 0.3491308120 0.0899482262 0.3024131587 2.1695170522 0.3491308120 0.0314036973 0.7574452501 0.0000933705
0.6300000000 0.3491308526 0.0899481994 0.3024131487 2.1695167265 0.3491308526 0.0314036915 0.7574452244 0.0000958035
0.6310000000 0.3491308918 0.0899481718 0.3024131384 2.1695164075 0.3491308918 0.0314036854 0.7574451981 0.0000990530
0.6320000000 0.3491309296 0.0899481434 0.3024131279 2.1695160950 0.3491309296 0.0314036789 0.7574451709 0.0001034602
0.6330000000 0.3491309660 0.0899481143 0.3024131170 2.1695157887 0.3491309660 0.0314036720 0.7574451430 0.0001089218
0.6340000000 0.3491310011 0.0899480844 0.3024131058 2.1695154885 0.3491310011 0.0314036647 0.7574451143 0.0001148410
0.6350000000 0.3491310348 0.0899480536 0.3024130943 2.1695151941 0.3491310348 0.0314036570 0.7574450847 0.0001204118
0.6360000000 0.3491310672 0.0899480219 0.3024130825 2.1695149051 0.3491310672 0.0314036489 0.7574450542 0.0001251304
0.6370000000 0.3491310984 0.0899479892 0.3024130702 2.1695146213 0.3491310984 0.0314036403 0.7574450228 0.0001291600
0.6380000000 0.3491311283 0.0899479556 0.3024130576 2.1695143426 0.3491311283 0.0314036312 0.7574449903 0.0001331622
0.6390000000 0.3491311570 0.0899479210 0.3024130447 2.1695140687 0.3491311570 0.0314036217 0.7574449569 0.0001376356
0.6400000000 0.3491311844 0.0899478853 0.3024130313 2.1695137995 0.3491311844 0.0314036117 0.7574449224 0.0001423627
0.6410000000 0.3491312106 0.0899478486 0.3024130174 2.1695135347 0.3491312106 0.0314036013 0.7574448868 0.0001466913
0.6420000000 0.3491312356 0.0899478107 0.3024130032 2.1695132742 0.3491312356 0.0314035903 0.7574448501 0.0001506481
0.6430000000 0.3491312594 0.0899477717 0.3024129885 2.1695130177 0.3491312594 0.0314035788 0.7574448122 0.0001557964
0.6440000000 0.3491312821 0.0899477315 0.3024129734 2.1695127651 0.3491312821 0.0314035668 0.7574447732 0.0001644489
0.6450000000 0.3491313036 0.0899476900 0.3024129577 2.1695125162 0.3491313036 0.0314035543 0.7574447329 0.0001771547
0.6460000000 0.3491313239 0.0899476473 0.3024129416 2.1695122708 0.3491313239 0.0314035412 0.7574446913 0.0001905450
0.6470000000 0.3491313430 0.0899476031 0.3024129249 2.1695120286 0.3491313430 0.0314035275 0.7574446483 0.0001984665
0.6480000000 0.3491313610 0.0899475573 0.3024129076 2.1695117894 0.3491313610 0.0314035131 0.7574446037 0.0001971057
0.6490000000 0.3491313777 0.0899475100 0.3024128897 2.1695115531 0.3491313777 0.0314034981 0.7574445576 0.0001905108
0.6500000000 0.3491313934 0.0899474613 0.3024128713 2.1695113197 0.3491313934 0.0314034825 0.7574445099 0.0001904898
0.6510000000 0.3491314079 0.0899474110 0.3024128522 2.1695110889 0.3491314079 0.0314034662 0.7574444608 0.0002080320
0.6520000000 0.3491314212 0.0899473592 0.3024128326 2.1695108607 0.3491314212 0.0314034494 0.7574444102 0.0002413381
0.6530000000 0.3491314335 0.0899473057 0.3024128123 2.1695106347 0.3491314335 0.0314034318 0.7574443578 0.0002717739
0.6540000000 0.3491314444 0.0899472500 0.3024127912 2.1695104105 0.3491314444 0.0314034133 0.7574443033 0.0002758820
0.6550000000 0.3491314541 0.0899471922 0.3024127693 2.1695101880 0.3491314541 0.0314033940 0.7574442467 0.0002481348
0.6560000000 0.3491314626 0.0899471324 0.3024127465 2.1695099671 0.3491314626 0.0314033739 0.7574441880 0.0002153304
0.6570000000 0.3491314700 0.0899470708 0.3024127231 2.1695097482 0.3491314700 0.0314033530 0.7574441275 0.0002237688
0.6580000000 0.3491314763 0.0899470075 0.3024126990 2.1695095310 0.3491314763 0.0314033315 0.7574440654 0.0003000901
0.6590000000 0.3491314814 0.0899469421 0.3024126742 2.1695093153 0.3491314814 0.0314033091 0.7574440012 0.0004140558
0.6600000000 0.3491314851 0.0899468738 0.3024126482 2.1695091001 0.3491314851 0.0314032856 0.7574439342 0.0004820590
0.6610000000 0.3491314872 0.0899468018 0.3024126208 2.1695088848 0.3491314872 0.0314032607 0.7574438634 0.0004255883
0.6620000000 0.3491314876 0.0899467261 0.3024125919 2.1695086691 0.3491314876 0.0314032343 0.7574437889 0.0002503854
0.6630000000 0.3491314866 0.0899466478 0.3024125621 2.1695084541 0.3491314866 0.0314032069 0.7574437118 0.0000792589
0.6640000000 0.3491314849 0.0899465684 0.3024125318 2.1695082409 0.3491314849 0.0314031790 0.7574436336 0.0000892962
0.6650000000 0.3491314826 0.0899464886 0.3024125014 2.1695080301 0.3491314826 0.0314031509 0.7574435551 0.0003721021
0.6660000000 0.3491314793 0.0899464070 0.3024124703 2.1695078204 0.3491314793 0.0314031221 0.7574434747 0.0008142524
0.6670000000 0.3491314740 0.0899463204 0.3024124372 2.1695076089 0.3491314740 0.0314030914 0.7574433893 0.0011165064
0.6680000000 0.3491314656 0.0899462254 0.3024124009 2.1695073926 0.3491314656 0.0314030575 0.7574432956 0.0009841580
0.6690000000 0.3491314540 0.0899461214 0.3024123612 2.1695071709 0.3491314540 0.0314030202 0.7574431930 0.0003762392
0.6700000000 0.3491314402 0.0899460120 0.3024123194 2.1695069468 0.3491314402 0.0314029807 0.7574430849 0.0003737530
0.6710000000 0.3491314263 0.0899459033 0.3024122778 2.1695067256 0.3491314263 0.0314029415 0.7574429776 0.0006970057
0.6720000000 0.3491314138 0.0899457999 0.3024122383 2.1695065115 0.3491314138 0.0314029043 0.7574428755 0.0001552994
0.6730000000 0.3491314021 0.0899457006 0.3024122004 2.1695063032 0.3491314021 0.0314028686 0.7574427775 0.0011512195
0.6740000000 0.3491313887 0.0899455968 0.3024121607 2.1695060931 0.3491313887 0.0314028311 0.7574426750 0.0024845255
0.6750000000 0.3491313697 0.0899454767 0.3024121148 2.1695058708 0.3491313697 0.0314027875 0.7574425563 0.0028790050
0.6760000000 0.3491313428 0.0899453325 0.3024120596 2.1695056296 0.3491313428 0.0314027347 0.7574424137 0.0018083123
0.6770000000 0.3491313091 0.0899451679 0.3024119965 2.1695053724 0.3491313091 0.0314026742 0.7574422507 0.0003537362
0.6780000000 0.3491312733 0.0899449980 0.3024119314 2.1695051127 0.3491312733 0.0314026117 0.7574420825 0.0023990631
0.6790000000 0.3491312418 0.0899448423 0.3024118718 2.1695048673 0.3491312418 0.0314025545 0.7574419284 0.0028467720
0.6800000000 0.3491312178 0.0899447113 0.3024118217 2.1695046455 0.3491312178 0.0314025066 0.7574417988 0.0008102626
0.6810000000 0.3491311986 0.0899445965 0.3024117777 2.1695044396 0.3491311986 0.0314024648 0.7574416853 0.0029995627
0.6820000000 0.3491311757 0.0899444708 0.3024117296 2.1695042261 0.3491311757 0.0314024188 0.7574415611 0.0063530789
0.6830000000 0.3491311387 0.0899443016 0.3024116648 2.1695039762 0.3491311387 0.0314023564 0.7574413935 0.0069880689
0.6840000000 0.3491310816 0.0899440702 0.3024115761 2.1695036735 0.3491310816 0.0314022705 0.7574411641 0.0040645423
0.6850000000 0.3491310080 0.0899437872 0.3024114675 2.1695033272 0.3491310080 0.0314021651 0.7574408836 0.0013296113
0.6860000000 0.3491309310 0.0899434943 0.3024113551 2.1695029739 0.3491309310 0.0314020559 0.7574405930 0.0066833325
0.6870000000 0.3491308671 0.0899432437 0.3024112590 2.1695026593 0.3491308671 0.0314019627 0.7574403446 0.0089022324
0.6880000000 0.3491308268 0.0899430683 0.3024111917 2.1695024122 0.3491308268 0.0314018978 0.7574401709 0.0051653712
0.6890000000 0.3491308063 0.0899429564 0.3024111489 2.1695022223 0.3491308063 0.0314018569 0.7574400602 0.0041598831
0.6900000000 0.3491307861 0.0899428459 0.3024111067 2.1695020352 0.3491307861 0.0314018165 0.7574399510 0.0138547472
0.6910000000 0.3491307385 0.0899426498 0.3024110314 2.1695017744 0.3491307385 0.0314017437 0.7574397566 0.0181595865
0.6920000000 0.3491306408 0.0899422964 0.3024108958 2.1695013772 0.3491306408 0.0314016116 0.7574394060 0.0147414609
0.6930000000 0.3491304880 0.0899417701 0.3024106937 2.1695008299 0.3491304880 0.0314014141 0.7574388835 0.0046426461
0.6940000000 0.3491303019 0.0899411393 0.3024104513 2.1695001925 0.3491303019 0.0314011771 0.7574382572 0.0088653021
0.6950000000 0.3491301261 0.0899405417 0.3024102218 2.1694995854 0.3491301261 0.0314009527 0.7574376638 0.0224592093
0.6960000000 0.3491300063 0.0899401215 0.3024100604 2.1694991351 0.3491300063 0.0314007952 0.7574372467 0.0322537596
0.6970000000 0.3491299705 0.0899399669 0.3024100012 2.1694989189 0.3491299705 0.0314007380 0.7574370937 0.0248129328
0.6980000000 0.3491300143 0.0899400639 0.3024100387 2.1694989245 0.3491300143 0.0314007758 0.7574371906 0.0011022865
0.6990000000 0.3491300876 0.0899402546 0.3024101122 2.1694990136 0.3491300876 0.0314008490 0.7574373807 0.0342216935
0.7000000000 0.3491301078 0.0899402784 0.3024101215 2.1694989575 0.3491301078 0.0314008591 0.7574374048 0.0568602689
0.7010000000 0.3491299857 0.0899398540 0.3024099586 2.1694985098 0.3491299857 0.0314007000 0.7574369836 0.0552789155
0.7020000000 0.3491296437 0.0899387369 0.3024095293 2.1694974559 0.3491296437 0.0314002792 0.7574358739 0.0401354466
0.7030000000 0.3491290546 0.0899368406 0.3024088004 2.1694957204 0.3491290546 0.0313995641 0.7574339898 0.0164026333
0.7040000000 0.3491282888 0.0899343877 0.3024078575 2.1694934981 0.3491282888 0.0313986389 0.7574315525 0.0120727444
0.7050000000 0.3491275189 0.0899319225 0.3024069099 2.1694912661 0.3491275189 0.0313977090 0.7574291030 0.0466238103
0.7060000000 0.3491269474 0.0899300835 0.3024062031 2.1694895841 0.3491269474 0.0313970155 0.7574272758 0.1190180600
0.7070000000 0.3491267463 0.0899294134 0.3024059457 2.1694889276 0.3491267463 0.0313967635 0.7574266104 0.1596546580
0.7080000000 0.3491271118 0.0899305308 0.3024063754 2.1694898388 0.3491271118 0.0313971865 0.7574277214 0.1067902306
0.7090000000 0.3491283608 0.0899344358 0.3024078769 2.1694931944 0.3491283608 0.0313986621 0.7574316028 0.0663556279
0.7100000000 0.3491306679 0.0899416782 0.3024106616 2.1694994765 0.3491306679 0.0314013982 0.7574388011 0.0267801513
0.7110000000 0.3491337794 0.0899514588 0.3024144220 2.1695079843 0.3491337794 0.0314050928 0.7574485221 0.0138361916
0.7120000000 0.3491369709 0.0899614917 0.3024182796 2.1695167143 0.3491369709 0.0314088827 0.7574584939 0.0619043819
0.7130000000 0.3491394077 0.0899691447 0.3024212221 2.1695233592 0.3491394077 0.0314117739 0.7574661005 0.1916589762
0.7140000000 0.3491403900 0.0899722108 0.3024224012 2.1695259845 0.3491403900 0.0314129328 0.7574691484 0.2848769402
0.7150000000 0.3491388150 0.0899672112 0.3024204791 2.1695215405 0.3491388150 0.0314110455 0.7574641798 0.1792156727
0.7160000000 0.3491308097 0.0899419303 0.3024107595 2.1694993207 0.3491308097 0.0314014990 0.7574390545 0.1257797826
0.7170000000 0.3491105269 0.0898779234 0.3023861522 2.1694431608 0.3491105269 0.0313773292 0.7573754450 0.0883057526
0.7180000000 0.3490725094 0.0897579703 0.3023400408 2.1693379793 0.3490725094 0.0313320399 0.7572562522 0.0573053624
0.7190000000 0.3490147126 0.0895756055 0.3022699492 2.1691781343 0.3490147126 0.0312632042 0.7570750831 0.0291644018
0.7200000000 0.3489409656 0.0893428869 0.3021805242 2.1689742245 0.3489409656 0.0311753932 0.7568439603 0.0034102540
0.7210000000 0.3488606947 0.0890895386 0.3020831978 2.1687523136 0.3488606947 0.0310798383 0.7565924387 0.0191142579
0.7220000000 0.3487848036 0.0888499677 0.3019911890 2.1685425326 0.3487848036 0.0309895185 0.7563546813 0.0402585512
0.7230000000 0.3487214975 0.0886500873 0.3019144420 2.1683675466 0.3487214975 0.0309141912 0.7561563780 0.0643210342
0.7240000000 0.3486751860 0.0885038390 0.3018582986 2.1682395275 0.3486751860 0.0308590925 0.7560113206 0.1010023986
0.7250000000 0.3486469022 0.0884145024 0.3018240076 2.1681613181 0.3486469022 0.0308254424 0.7559227270 0.1887770744
0.7260000000 0.3486352779 0.0883777688 0.3018099087 2.1681291317 0.3486352779 0.0308116080 0.7558863024 0.3316928211
0.7270000000 0.3486399294 0.0883924303 0.3018155361 2.1681419053 0.3486399294 0.0308171306 0.7559008409 0.1963875617
0.7280000000 0.3486768830 0.0885090883 0.3018603145 2.1682439120 0.3486768830 0.0308610730 0.7560165289 0.1262989164
0.7290000000 0.3487716582 0.0888082806 0.3019751831 2.1685056841 0.3487716582 0.0309738113 0.7563133233 0.0898396523
0.7300000000 0.3489484854 0.0893663522 0.3021895431 2.1689942810 0.3489484854 0.0311842533 0.7568672692 0.0668689091
0.7310000000 0.3492257623 0.0902410092 0.3025257682 2.1697608021 0.3492257623 0.0315144852 0.7577363701 0.0508418538
0.7320000000 0.3496140468 0.0914649139 0.3029967849 2.1708348823 0.3496140468 0.0319774187 0.7589543681 0.0390916654
0.7330000000 0.3501159071 0.0930452156 0.3036058893 2.1722242743 0.3501159071 0.0325766101 0.7605302722 0.0302680107
0.7340000000 0.3507273044 0.0949679920 0.3043484105 2.1739186179 0.3507273044 0.0333078678 0.7624526169 0.0235705972
0.7350000000 0.3514397065 0.0972050350 0.3052142506 2.1758952029 0.3514397065 0.0341617090 0.7646959714 0.0184647857
0.7360000000 0.3522422009 0.0997206347 0.3061904261 2.1781247325 0.3522422009 0.0351258159 0.7672274496 0.0145652206
0.7370000000 0.3531231796 0.1024769803 0.3072630941 2.1805759202 0.3531231796 0.0361869971 0.7700119023 0.0115829378
0.7380000000 0.3540714646 0.1054377610 0.3084189073 2.1832185680 0.3540714646 0.0373325025 0.7730153960 0.0092978586
0.7390000000 0.3550769343 0.1085701582 0.3096457701 2.1860252845 0.3550769343 0.0385507589 0.7762071563 0.0075419471
0.7400000000 0.3561307822 0.1118456573 0.3109331534 2.1889722056 0.3561307822 0.0398316814 0.7795603838 0.0061873050
0.7410000000 0.3572255450 0.1152401183 0.3122721309 2.1920390817 0.3572255450 0.0411667141 0.7830523557 0.0051370302
0.7420000000 0.3583550038 0.1187334430 0.3136552635 2.1952090204 0.3583550038 0.0425487234 0.7866641370 0.0043179965
0.7430000000 0.3595140301 0.1223090683 0.3150764167 2.1984680764 0.3595140301 0.0439718261 0.7903801183 0.0036751563
0.7440000000 0.3606984188 0.1259534195 0.3165305613 2.2018048025 0.3606984188 0.0454311993 0.7941875108 0.0031671041
0.7450000000 0.3619047300 0.1296553956 0.3180135850 2.2052098244 0.3619047300 0.0469229009 0.7980758661 0.0027626689
0.7460000000 0.3631301496 0.1334059161 0.3195221251 2.2086754639 0.3631301496 0.0484437103 0.8020366516 0.0024383321
0.7470000000 0.3643723712 0.1371975387 0.3210534282 2.2121954209 0.3643723712 0.0499909925 0.8060628910 0.0021762883
0.7480000000 0.3656294988 0.1410241437 0.3226052328 2.2157645090 0.3656294988 0.0515625870 0.8101488668 0.0019629992
0.7490000000 0.3668999678 0.1448806787 0.3241756753 2.2193784420 0.3668999678 0.0531567164 0.8142898789 0.0017881193
0.7500000000 0.3681824813 0.1487629532 0.3257632134 2.2230336612 0.3681824813 0.0547719132 0.8184820493 0.0016436995
0.7510000000 0.3694759589 0.1526674737 0.3273665649 2.2267271971 0.3694759589 0.0564069612 0.8227221663 0.0015235959
0.7520000000 0.3707794963 0.1565913125 0.3289846589 2.2304565586 0.3707794963 0.0580608480 0.8270075593 0.0014230313
0.7530000000 0.3720923326 0.1605320032 0.3306165969 2.2342196451 0.3720923326 0.0597327275 0.8313359994 0.0013382678
0.7540000000 0.3734138243 0.1644874564 0.3322616214 2.2380146751 0.3734138243 0.0614218902 0.8357056187 0.0012663621
0.7550000000 0.3747434242 0.1684558928 0.3339190908 2.2418401296 0.3747434242 0.0631277381 0.8401148468 0.0012049825
0.7560000000 0.3760806650 0.1724357890 0.3355884593 2.2456947066 0.3760806650 0.0648497662 0.8445623586 0.0011522702
0.7570000000 0.3774251452 0.1764258338 0.3372692605 2.2495772836 0.3774251452 0.0665875459 0.8490470328 0.0011067342
0.7580000000 0.3787765184 0.1804248929 0.3389610939 2.2534868882 0.3787765184 0.0683407128 0.8535679177 0.0010671715
0.7590000000 0.3801344844 0.1844319802 0.3406636148 2.2574226730 0.3801344844 0.0701089557 0.8581242038 0.0010326057
0.7600000000 0.3814987815 0.1884462337 0.3423765247 2.2613838962 0.3814987815 0.0718920086 0.8627152009 0.0010022396
0.7610000000 0.3828691809 0.1924668970 0.3440995645 2.2653699044 0.3828691809 0.0736896432 0.8673403197 0.0009754189
0.7620000000 0.3842454812 0.1964933024 0.3458325082 2.2693801196 0.3842454812 0.0755016635 0.8719990561 0.0009516034
0.7630000000 0.3856275048 0.2005248581 0.3475751583 2.2734140277 0.3856275048 0.0773279007 0.8766909788 0.0009303450
0.7640000000 0.3870150939 0.2045610372 0.3493273411 2.2774711690 0.3870150939 0.0791682090 0.8814157182 0.0009112698
0.7650000000 0.3884081079 0.2086013680 0.3510889037 2.2815511301 0.3884081079 0.0810224627 0.8861729576 0.0008940641
0.7660000000 0.3898064212 0.2126454267 0.3528597109 2.2856535378 0.3898064212 0.0828905528 0.8909624257 0.0008784633
0.7670000000 0.3912099206 0.2166928305 0.3546396424 2.2897780526 0.3912099206 0.0847723850 0.8957838901 0.0008642438
0.7680000000 0.3926185037 0.2207432322 0.3564285912 2.2939243647 0.3926185037 0.0866678775 0.9006371518 0.0008512147
0.7690000000 0.3940320779 0.2247963151 0.3582264614 2.2980921895 0.3940320779 0.0885769591 0.9055220406 0.0008392127
0.7700000000 0.3954505582 0.2288517893 0.3600331668 2.3022812641 0.3954505582 0.0904995678 0.9104384111 0.0008280970
0.7710000000 0.3968738671 0.2329093878 0.3618486295 2.3064913442 0.3968738671 0.0924356494 0.9153861391 0.0008177459
0.7720000000 0.3983019326 0.2369688639 0.3636727788 2.3107222015 0.3983019326 0.0943851565 0.9203651186 0.0008080537
0.7730000000 0.3997346884 0.2410299881 0.3655055500 2.3149736214 0.3997346884 0.0963480472 0.9253752593 0.0007989276
0.7740000000 0.4011720724 0.2450925459 0.3673468837 2.3192454009 0.4011720724 0.0983242846 0.9304164838 0.0007902857
0.7750000000 0.4026140261 0.2491563359 0.3691967248 2.3235373466 0.4026140261 0.1003138355 0.9354887259 0.0007820552
0.7760000000 0.4040604944 0.2532211678 0.3710550221 2.3278492737 0.4040604944 0.1023166703 0.9405919285 0.0007741712
0.7770000000 0.4055114250 0.2572868610 0.3729217271 2.3321810036 0.4055114250 0.1043327616 0.9457260422 0.0007665752
0.7780000000 0.4069667676 0.2613532427 0.3747967941 2.3365323631 0.4069667676 0.1063620844 0.9508910231 0.0007592138
0.7790000000 0.4084264735 0.2654201473 0.3766801791 2.3409031835 0.4084264735 0.1084046148 0.9560868321 0.0007520380
0.7800000000 0.4098904957 0.2694874145 0.3785718394 2.3452932985 0.4098904957 0.1104603299 0.9613134327 0.0007450019
0.7810000000 0.4113587880 0.2735548885 0.3804717333 2.3497025441 0.4113587880 0.1125292074 0.9665707907 0.0007380629
0.7820000000 0.4128313048 0.2776224170 0.3823798197 2.3541307570 0.4128313048 0.1146112246 0.9718588720 0.0007311804
0.7830000000 0.4143080007 0.2816898501 0.3842960574 2.3585777736 0.4143080007 0.1167063586 0.9771776419 0.0007243152
0.7840000000 0.4157888305 0.2857570395 0.3862204048 2.3630434295 0.4157888305 0.1188145853 0.9825270641 0.0007174288
0.7850000000 0.4172737485 0.2898238375 0.3881528194 2.3675275580 0.4172737485 0.1209358791 0.9879070988 0.0007104831
0.7860000000 0.4187627081 0.2938900960 0.3900932576 2.3720299896 0.4187627081 0.1230702125 0.9933177022 0.0007034403
0.7870000000 0.4202556621 0.2979556662 0.3920416740 2.3765505505 0.4202556621 0.1252175558 0.9987588251 0.0006962619
0.7880000000 0.4217525615 0.3020203968 0.3939980211 2.3810890622 0.4217525615 0.1273778760 1.0042304112 0.0006889082
0.7890000000 0.4232533559 0.3060841339 0.3959622490 2.3856453401 0.4232533559 0.1295511369 1.0097323962 0.0006813373
0.7900000000 0.4247579928 0.3101467199 0.3979343044 2.3902191922 0.4247579928 0.1317372982 1.0152647064 0.0006735056
0.7910000000 0.4262664171 0.3142079923 0.3999141306 2.3948104187 0.4262664171 0.1339363151 1.0208272569 0.0006653665
0.7920000000 0.4277785712 0.3182677827 0.4019016669 2.3994188097 0.4277785712 0.1361481374 1.0264199501 0.0006568701
0.7930000000 0.4292943939 0.3223259163 0.4038968476 2.4040441448 0.4292943939 0.1383727089 1.0320426741 0.0006479617
0.7940000000 0.4308138204 0.3263822100 0.4058996017 2.4086861911 0.4308138204 0.1406099668 1.0376953002 0.0006385814
0.7950000000 0.4323367818 0.3304364715 0.4079098523 2.4133447017 0.4323367818 0.1428598407 1.0433776816 0.0006286631
0.7960000000 0.4338632040 0.3344884981 0.4099275153 2.4180194137 0.4338632040 0.1451222515 1.0490896502 0.0006181338
0.7970000000 0.4353930078 0.3385380749 0.4119524989 2.4227100468 0.4353930078 0.1473971107 1.0548310144 0.0006069117
0.7980000000 0.4369261078 0.3425849731 0.4139847028 2.4274163006 0.4369261078 0.1496843189 1.0606015562 0.0005949043
0.7990000000 0.4384624115 0.3466289484 0.4160240165 2.4321378518 0.4384624115 0.1519837646 1.0664010275 0.0005820067
0.8000000000 0.4400018186 0.3506697388 0.4180703186 2.4368743522 0.4400018186 0.1542953228 1.0722291466 0.0005681002
0.8010000000 0.4415442201 0.3547070619 0.4201234749 2.4416254249 0.4415442201 0.1566188530 1.0780855939 0.0005530492
0.8020000000 0.4430894968 0.3587406128 0.4221833375 2.4463906607 0.4430894968 0.1589541976 1.0839700068 0.0005366975
0.8030000000 0.4446375183 0.3627700604 0.4242497420 2.4511696141 0.4446375183 0.1613011794 1.0898819743 0.0005188639
0.8040000000 0.4461881415 0.3667950442 0.4263225062 2.4559617985 0.4461881415 0.1636595991 1.0958210305 0.0004993386
0.8050000000 0.4477412085 0.3708151701 0.4284014273 2.4607666802 0.4477412085 0.1660292324 1.1017866473 0.0004778770
0.8060000000 0.4492965450 0.3748300058 0.4304862789 2.4655836725 0.4492965450 0.1684098266 1.1077782253 0.0004541926
0.8070000000 0.4508539575 0.3788390750 0.4325768079 2.4704121280 0.4508539575 0.1708010962 1.1137950844 0.0004279468
0.8080000000 0.4524132310 0.3828418511 0.4346727307 2.4752513293 0.4524132310 0.1732027188 1.1198364515 0.0003987376
0.8090000000 0.4539741256 0.3868377497 0.4367737283 2.4801004795 0.4539741256 0.1756143291 1.1259014466 0.0003660863
0.8100000000 0.4555363723 0.3908261192 0.4388794411 2.4849586896 0.4555363723 0.1780355126 1.1319890669 0.0003294205
0.8110000000 0.4570996691 0.3948062308 0.4409894625 2.4898249634 0.4570996691 0.1804657974 1.1380981669 0.0002880493
0.8120000000 0.4586636749 0.3987772649 0.4431033312 2.4946981808 0.4586636749 0.1829046458 1.1442274353 0.0002411342
0.8130000000 0.4602280033 0.4027382968 0.4452205220 2.4995770768 0.4602280033 0.1853514422 1.1503753671 0.0001876555
0.8140000000 0.4617922148 0.4066882771 0.4473404346 2.5044602162 0.4617922148 0.1878054802 1.1565402300 0.0001263658
0.8150000000 0.4633558070 0.4106260105 0.4494623802 2.5093459631 0.4633558070 0.1902659465 1.1627200238 0.0000557324
0.8160000000 0.4649182034 0.4145501283 0.4515855656 2.5142324448 0.4649182034 0.1927319008 1.1689124311 0.0000261159
0.8170000000 0.4664787390 0.4184590550 0.4537090729 2.5191175053 0.4664787390 0.1952022523 1.1751147572 0.0001213756
0.8180000000 0.4680366442 0.4223509700 0.4558318363 2.5239986518 0.4680366442 0.1976757307 1.1813238590 0.0002327649
0.8190000000 0.4695910250 0.4262237634 0.4579526149 2.5288729964 0.4695910250 0.2001508539 1.1875360624 0.0003638484
0.8200000000 0.4711408386 0.4300749783 0.4600699585 2.5337371762 0.4711408386 0.2026258860 1.1937470581 0.0005190213
0.8210000000 0.4726848633 0.4339017400 0.4621821641 2.5385872560 0.4726848633 0.2050987846 1.1999517700 0.0007036623
0.8220000000 0.4742216612 0.4377006704 0.4642872243 2.5434186108 0.4742216612 0.2075671391 1.2061441988 0.0009243333
0.8230000000 0.4757495361 0.4414677887 0.4663827670 2.5482257886 0.4757495361 0.2100280957 1.2123172369 0.0011889753
0.8240000000 0.4772664827 0.4451983950 0.4684659836 2.5530023500 0.4772664827 0.2124782721 1.2184624520 0.0015070828
0.8250000000 0.4787701300 0.4488869397 0.4705335495 2.5577406860 0.4787701300 0.2149136585 1.2245698409 0.0018898310
0.8260000000 0.4802576792 0.4525268805 0.4725815343 2.5624318184 0.4802576792 0.2173295094 1.2306275581 0.0023501182
0.8270000000 0.4817258382 0.4561105351 0.4746053100 2.5670651907 0.4817258382 0.2197202298 1.2366216308 0.0029024810
0.8280000000 0.4831707600 0.4596289406 0.4765994610 2.5716284673 0.4831707600 0.2220792645 1.2425356810 0.0035628395
0.8290000000 0.4845879892 0.4630717381 0.4785577076 2.5761073631 0.4845879892 0.2243990024 1.2483506870 0.0043480373
0.8300000000 0.4859724305 0.4664271072 0.4804728583 2.5804855382 0.4859724305 0.2266707149 1.2540448288 0.0052751591
0.8310000000 0.4873183499 0.4696817807 0.4823368087 2.5847445998 0.4873183499 0.2288845504 1.2595934733 0.0063606354
0.8320000000 0.4886194252 0.4728211739 0.4841406082 2.5888642588 0.4886194252 0.2310296102 1.2649693661 0.0076191790
0.8330000000 0.4898688591 0.4758296612 0.4858746165 2.5928226888 0.4898688591 0.2330941333 1.2701430925 0.0090626321
0.8340000000 0.4910595673 0.4786910264 0.4875287653 2.5965971232 0.4910595673 0.2350658083 1.2750838599 0.0106988350
0.8350000000 0.4921844459 0.4813890942 0.4890929326 2.6001647077 0.4921844459 0.2369322246 1.2797606259 0.0125306411
0.8360000000 0.4932367111 0.4839085257 0.4905574206 2.6035035850 0.4932367111 0.2386814497 1.2841435456 0.0145552061
0.8370000000 0.4942102925 0.4862357320 0.4919135111 2.6065941513 0.4942102925 0.2403027033 1.2882056581 0.0167636558
0.8380000000 0.4951002444 0.4883598232 0.4931540481 2.6094203742 0.4951002444 0.2417870678 1.2919246650 0.0191412009
0.8390000000 0.4959031305 0.4902734891 0.4942739856 2.6119710269 0.4959031305 0.2431281581 1.2952846091 0.0216677115
0.8400000000 0.4966173327 0.4919736961 0.4952708285 2.6142406797 0.4966173327 0.2443226647 1.2982772333 0.0243187093
0.8410000000 0.4972432360 0.4934620956 0.4961449012 2.6162302999 0.4972432360 0.2453706893 1.3009028204 0.0270666757
0.8420000000 0.4977832607 0.4947450744 0.4968993999 2.6179473600 0.4977832607 0.2462758164 1.3031703732 0.0298825379
0.8430000000 0.4982417297 0.4958334246 0.4975402112 2.6194054215 0.4982417297 0.2470449031 1.3050970881 0.0327371672
0.8440000000 0.4986245866 0.4967416703 0.4980755203 2.6206232392 0.4986245866 0.2476876100 1.3067071792 0.0356027318
0.8450000000 0.4989390009 0.4974871369 0.4985152578 2.6216235048 0.4989390009 0.2482157350 1.3080302122 0.0384537713
0.8460000000 0.4991929119 0.4980888805 0.4988704582 2.6224313910 0.4991929119 0.2486424387 1.3090991624 0.0412678973
0.8470000000 0.4993945652 0.4985666063 0.4991526069 2.6230730721 0.4993945652 0.2489814536 1.3099484363 0.0440260730
0.8480000000 0.4995520914 0.4989396873 0.4993730464 2.6235743785 0.4995520914 0.2492463642 1.3106120676 0.0467124583
0.8490000000 0.4996731626 0.4992263666 0.4995424911 2.6239596974 0.4996731626 0.2494500174 1.3111222406 0.0493138227
0.8500000000 0.4997647455 0.4994431855 0.4996706767 2.6242511824 0.4997647455 0.2496040965 1.3115082243 0.0518185237
0.8510000000 0.4998329531 0.4996046442 0.4997661510 2.6244682784 0.4998329531 0.2497188647 1.3117957299 0.0542150017
0.8520000000 0.4998829867 0.4997230712 0.4998361896 2.6246275338 0.4998829867 0.2498030613 1.3120066505 0.0564896650
0.8530000000 0.4999191493 0.4998086606 0.4998868130 2.6247426409 0.4999191493 0.2498639204 1.3121591082 0.0586239040
0.8540000000 0.4999449106 0.4998696294 0.4999228768 2.6248246416 0.4999449106 0.2499072772 1.3122677209 0.0605897748
0.8550000000 0.4999630028 0.4999124462 0.4999482048 2.6248822313 0.4999630028 0.2499377278 1.3123440024 0.0623435981
0.8560000000 0.4999755306 0.4999420938 0.4999657432 2.6249221093 0.4999755306 0.2499588136 1.3123968244 0.0638163109
0.8570000000 0.4999840829 0.4999623328 0.4999777162 2.6249493327 0.4999840829 0.2499732085 1.3124328848 0.0648989126
0.8580000000 0.4999898364 0.4999759483 0.4999857710 2.6249676471 0.4999898364 0.2499828926 1.3124571444 0.0654209886
0.8590000000 0.4999936473 0.4999849666 0.4999911062 2.6249797779 0.4999936473 0.2499893070 1.3124732132 0.0651209780
0.8600000000 0.4999961283 0.4999908380 0.4999945797 2.6249876757 0.4999961283 0.2499934832 1.3124836748 0.0636114829
0.8610000000 0.4999977115 0.4999945844 0.4999967961 2.6249927152 0.4999977115 0.2499961480 1.3124903503 0.0603595158
0.8620000000 0.4999986970 0.4999969166 0.4999981759 2.6249958524 0.4999986970 0.2499978068 1.3124945060 0.0547459722
0.8630000000 0.4999992913 0.4999983230 0.4999990079 2.6249977442 0.4999992913 0.2499988072 1.3124970119 0.0463418960
0.8640000000 0.4999996351 0.4999991364 0.4999994891 2.6249988383 0.4999996351 0.2499993857 1.3124984612 0.0355047284
0.8650000000 0.4999998233 0.4999995819 0.4999997527 2.6249994376 0.4999998233 0.2499997026 1.3124992551 0.0238972878
0.8660000000 0.4999999199 0.4999998103 0.4999998878 2.6249997449 0.4999999199 0.2499998651 1.3124996620 0.0139106808
0.8670000000 0.4999999658 0.4999999191 0.4999999521 2.6249998912 0.4999999658 0.2499999425 1.3124998558 0.0070534664
0.8680000000 0.4999999862 0.4999999673 0.4999999806 2.6249999560 0.4999999862 0.2499999767 1.3124999417 0.0031965526
0.8690000000 0.4999999946 0.4999999873 0.4999999925 2.6249999829 0.4999999946 0.2499999910 1.3124999774 0.0013354075
0.8700000000 0.4999999980 0.4999999953 0.4999999972 2.6249999936 0.4999999980 0.2499999966 1.3124999916 0.0005271745
0.8710000000 0.4999999993 0.4999999983 0.4999999990 2.6249999977 0.4999999993 0.2499999988 1.3124999969 0.0001996587
0.8720000000 0.4999999997 0.4999999994 0.4999999996 2.6249999992 0.4999999997 0.2499999996 1.3124999989 0.0000731058
0.8730000000 0.4999999999 0.4999999998 0.4999999999 2.6249999997 0.4999999999 0.2499999999 1.3124999996 0.0000259673
0.8740000000 0.5000000000 0.4999999999 0.5000000000 2.6249999999 0.5000000000 0.2500000000 1.3124999999 0.0000089601
0.8750000000 0.5000000000 0.5000000000 0.5000000000 2.6250000000 0.5000000000 0.2500000000 1.3125000000 0.0000030046
0.8760000000 0.5000000000 0.5000000000 0.5000000000 2.6250000000 0.5000000000 0.2500000000 1.3125000000 0.0000009793
0.8770000000 0.5000000000 0.5000000000 0.5000000000 2.6250000000 0.5000000000 0.2500000000 1.3125000000 0.0000003101
0.8780000000 0.5000000000 0.5000000000 0.5000000000 2.6250000000 0.5000000000 0.2500000000 1.3125000000 0.0000000956
0.8790000000 0.5000000000 0.5000000000 0.5000000000 2.6250000000 0.5000000000 0.2500000000 1.3125000000 0.0000000284
0.8800000000 0.5000000000 0.5000000000 0.5000000000 2.6250000000 0.5000000000 0.2500000000 1.3125000000 0.0000000084
0.8810000000 0.5000000000 0.5000000000 0.5000000000 2.6250000000 0.5000000000 0.2500000000 1.3125000000 0.0000000023
0.8820000000 0.5000000000 0.5000000000 0.5000000000 2.6250000000 0.5000000000 0.2500000000 1.3125000000 0.0000000006
0.8830000000 0.5000000000 0.5000000000 0.5000000000 2.6250000000 0.5000000000 0.2500000000 1.3125000000 0.0000000002
0.8840000000 0.5000000000 0.5000000000 0.5000000000 2.6250000000 0.5000000000 0.2500000000 1.3125000000 0.0000000000
0.8850000000 0.5000000000 0.5000000000 0.5000000000 2.6250000000 0.5000000000 0.2500000000 1.3125000000 0.0000000000
0.8860000000 0.5000000000 0.5000000000 0.5000000000 2.6250000000 0.5000000000 0.2500000000 1.3125000000 0.0000000000
0.8870000000 0.5000000000 0.5000000000 0.5000000000 2.6250000000 0.5000000000 0.2500000000 1.3125000000 0.0000000000
0.8880000000 0.5000000000 0.5000000000 0.5000000000 2.6250000000 0.5000000000 0.2500000000 1.3125000000 0.0000000000
0.8890000000 0.5000000000 0.5000000000 0.5000000000 2.6250000000 0.5000000000 0.2500000000 1.3125000000 0.0000000000
0.8900000000 0.5000000000 0.5000000000 0.5000000000 2.6250000000 0.5000000000 0.2500000000 1.3125000000 0.0000000000
0.8910000000 0.5000000000 0.5000000000 0.5000000000 2.6250000000 0.5000000000 0.2500000000 1.3125000000 0.0000000000
0.8920000000 0.5000000000 0.5000000000 0.5000000000 2.6250000000 0.5000000000 0.2500000000 1.3125000000 0.0000000000
0.8930000000 0.5000000000 0.5000000000 0.5000000000 2.6250000000 0.5000000000 0.2500000000 1.3125000000 0.0000000000
0.8940000000 0.5000000000 0.5000000000 0.5000000000 2.6250000000 0.5000000000 0.2500000000 1.3125000000 0.0000000000
0.8950000000 0.5000000000 0.5000000000 0.5000000000 2.6250000000 0.5000000000 0.2500000000 1.3125000000 0.0000000000
0.8960000000 0.5000000000 0.5000000000 0.5000000000 2.6250000000 0.5000000000 0.2500000000 1.3125000000 0.0000000000
0.8970000000 0.5000000000 0.5000000000 0.5000000000 2.6250000000 0.5000000000 0.2500000000 1.3125000000 0.0000000000
0.8980000000 0.5000000000 0.5000000000 0.5000000000 2.6250000000 0.5000000000 0.2500000000 1.3125000000 0.0000000000
0.8990000000 0.5000000000 0.5000000000 0.5000000000 2.6250000000 0.5000000000 0.2500000000 1.3125000000 0.0000000000
0.9000000000 0.5000000000 0.5000000000 0.5000000000 2.6250000000 0.5000000000 0.2500000000 1.3125000000 0.0000000000
0.9010000000 0.5000000000 0.5000000000 0.5000000000 2.6250000000 0.5000000000 0.2500000000 1.3125000000 0.0000000000
0.9020000000 0.5000000000 0.5000000000 0.5000000000 2.6250000000 0.5000000000 0.2500000000 1.3125000000 0.0000000000
0.9030000000 0.5000000000 0.5000000000 0.5000000000 2.6250000000 0.5000000000 0.2500000000 1.3125000000 0.0000000000
0.9040000000 0.5000000000 0.5000000000 0.5000000000 2.6250000000 0.5000000000 0.2500000000 1.3125000000 0.0000000000
0.9050000000 0.5000000000 0.5000000000 0.5000000000 2.6250000000 0.5000000000 0.2500000000 1.3125000000 0.0000000000
0.9060000000 0.5000000000 0.5000000000 0.5000000000 2.6250000000 0.5000000000 0.2500000000 1.3125000000 0.0000000000
0.9070000000 0.5000000000 0.5000000000 0.5000000000 2.6250000000 0.5000000000 0.2500000000 1.3125000000 0.0000000000
0.9080000000 0.5000000000 0.5000000000 0.5000000000 2.6250000000 0.5000000000 0.2500000000 1.3125000000 0.0000000000
0.9090000000 0.5000000000 0.5000000000 0.5000000000 2.6250000000 0.5000000000 0.2500000000 1.3125000000 0.0000000000
0.9100000000 0.5000000000 0.5000000000 0.5000000000 2.6250000000 0.5000000000 0.2500000000 1.3125000000 0.0000000000
0.9110000000 0.5000000000 0.5000000000 0.5000000000 2.6250000000 0.5000000000 0.2500000000 1.3125000000 0.0000000000
0.9120000000 0.5000000000 0.5000000000 0.5000000000 2.6250000000 0.5000000000 0.2500000000 1.3125000000 0.0000000000
0.9130000000 0.5000000000 0.5000000000 0.5000000000 2.6250000000 0.5000000000 0.2500000000 1.3125000000 0.0000000000
0.9140000000 0.5000000000 0.5000000000 0.5000000000 2.6250000000 0.5000000000 0.2500000000 1.3125000000 0.0000000000
0.9150000000 0.5000000000 0.5000000000 0.5000000000 2.6250000000 0.5000000000 0.2500000000 1.3125000000 0.0000000000
0.9160000000 0.5000000000 0.5000000000 0.5000000000 2.6250000000 0.5000000000 0.2500000000 1.3125000000 0.0000000000
0.9170000000 0.5000000000 0.5000000000 0.5000000000 2.6250000000 0.5000000000 0.2500000000 1.3125000000 0.0000000000
0.9180000000 0.5000000000 0.5000000000 0.5000000000 2.6250000000 0.5000000000 0.2500000000 1.3125000000 0.0000000000
0.9190000000 0.5000000000 0.5000000000 0.5000000000 2.6250000000 0.5000000000 0.2500000000 1.3125000000 0.0000000000
0.9200000000 0.5000000000 0.5000000000 0.5000000000 2.6250000000 0.5000000000 0.2500000000 1.3125000000 0.0000000000
0.9210000000 0.5000000000 0.5000000000 0.5000000000 2.6250000000 0.5000000000 0.2500000000 1.3125000000 0.0000000000
0.9220000000 0.5000000000 0.5000000000 0.5000000000 2.6250000000 0.5000000000 0.2500000000 1.3125000000 0.0000000000
0.9230000000 0.5000000000 0.5000000000 0.5000000000 2.6250000000 0.5000000000 0.2500000000 1.3125000000 0.0000000000
0.9240000000 0.5000000000 0.5000000000 0.5000000000 2.6250000000 0.5000000000 0.2500000000 1.3125000000 0.0000000000
0.9250000000 0.5000000000 0.5000000000 0.5000000000 2.6250000000 0.5000000000 0.2500000000 1.3125000000 0.0000000000
0.9260000000 0.5000000000 0.5000000000 0.5000000000 2.6250000000 0.5000000000 0.2500000000 1.3125000000 0.0000000000
0.9270000000 0.5000000000 0.5000000000 0.5000000000 2.6250000000 0.5000000000 0.2500000000 1.3125000000 0.0000000000
0.9280000000 0.5000000000 0.5000000000 0.5000000000 2.6250000000 0.5000000000 0.2500000000 1.3125000000 0.0000000001
0.9290000000 0.5000000000 0.5000000000 0.5000000000 2.6250000000 0.5000000000 0.2500000000 1.3125000000 0.0000000001
0.9300000000 0.5000000000 0.5000000000 0.5000000000 2.6250000000 0.5000000000 0.2500000000 1.3125000000 0.0000000000
0.9310000000 0.5000000000 0.5000000000 0.5000000000 2.6250000000 0.5000000000 0.2500000000 1.3125000000 0.0000000000
0.9320000000 0.5000000000 0.5000000000 0.5000000000 2.6250000000 0.5000000000 0.2500000000 1.3125000000 0.0000000000
0.9330000000 0.5000000000 0.5000000000 0.5000000000 2.6250000000 0.5000000000 0.2500000000 1.3125000000 0.0000000000
0.9340000000 0.5000000000 0.5000000000 0.5000000000 2.6250000000 0.5000000000 0.2500000000 1.3125000000 0.0000000000
0.9350000000 0.5000000000 0.5000000000 0.5000000000 2.6250000000 0.5000000000 0.2500000000 1.3125000000 0.0000000000
0.9360000000 0.5000000000 0.5000000000 0.5000000000 2.6250000000 0.5000000000 0.2500000000 1.3125000000 0.0000000000
0.9370000000 0.5000000000 0.5000000000 0.5000000000 2.6250000000 0.5000000000 0.2500000000 1.3125000000 0.0000000000
0.9380000000 0.5000000000 0.5000000000 0.5000000000 2.6250000000 0.5000000000 0.2500000000 1.3125000000 0.0000000000
0.9390000000 0.5000000000 0.5000000000 0.5000000000 2.6250000000 0.5000000000 0.2500000000 1.3125000000 0.0000000000
0.9400000000 0.5000000000 0.5000000000 0.5000000000 2.6250000000 0.5000000000 0.2500000000 1.3125000000 0.0000000000
0.9410000000 0.5000000000 0.5000000000 0.5000000000 2.6250000000 0.5000000000 0.2500000000 1.3125000000 0.0000000000
0.9420000000 0.5000000000 0.5000000000 0.5000000000 2.6250000000 0.5000000000 0.2500000000 1.3125000000 0.0000000000
0.9430000000 0.5000000000 0.5000000000 0.5000000000 2.6250000000 0.5000000000 0.2500000000 1.3125000000 0.0000000000
0.9440000000 0.5000000000 0.5000000000 0.5000000000 2.6250000000 0.5000000000 0.2500000000 1.3125000000 0.0000000000
0.9450000000 0.5000000000 0.5000000000 0.5000000000 2.6250000000 0.5000000000 0.2500000000 1.3125000000 0.0000000000
0.9460000000 0.5000000000 0.5000000000 0.5000000000 2.6250000000 0.5000000000 0.2500000000 1.3125000000 0.0000000000
0.9470000000 0.5000000000 0.5000000000 0.5000000000 2.6250000000 0.5000000000 0.2500000000 1.3125000000 0.0000000000
0.9480000000 0.5000000000 0.5000000000 0.5000000000 2.6250000000 0.5000000000 0.2500000000 1.3125000000 0.0000000000
0.9490000000 0.5000000000 0.5000000000 0.5000000000 2.6250000000 0.5000000000 0.2500000000 1.3125000000 0.0000000000
0.9500000000 0.5000000000 0.5000000000 0.5000000000 2.6250000000 0.5000000000 0.2500000000 1.3125000000 0.0000000000
0.9510000000 0.5000000000 0.5000000000 0.5000000000 2.6250000000 0.5000000000 0.2500000000 1.3125000000 0.0000000000
0.9520000000 0.5000000000 0.5000000000 0.5000000000 2.6250000000 0.5000000000 0.2500000000 1.3125000000 0.0000000000
0.9530000000 0.5000000000 0.5000000000 0.5000000000 2.6250000000 0.5000000000 0.2500000000 1.3125000000 0.0000000000
0.9540000000 0.5000000000 0.5000000000 0.5000000000 2.6250000000 0.5000000000 0.2500000000 1.3125000000 0.0000000000
0.9550000000 0.5000000000 0.5000000000 0.5000000000 2.6250000000 0.5000000000 0.2500000000 1.3125000000 0.0000000000
0.9560000000 0.5000000000 0.5000000000 0.5000000000 2.6250000000 0.5000000000 0.2500000000 1.3125000000 0.0000000000
0.9570000000 0.5000000000 0.5000000000 0.5000000000 2.6250000000 0.5000000000 0.2500000000 1.3125000000 0.0000000000
0.9580000000 0.5000000000 0.5000000000 0.5000000000 2.6250000000 0.5000000000 0.2500000000 1.3125000000 0.0000000000
0.9590000000 0.5000000000 0.5000000000 0.5000000000 2.6250000000 0.5000000000 0.2500000000 1.3125000000 0.0000000000
0.9600000000 0.5000000000 0.5000000000 0.5000000000 2.6250000000 0.5000000000 0.2500000000 1.3125000000 0.0000000000
0.9610000000 0.5000000000 0.5000000000 0.5000000000 2.6250000000 0.5000000000 0.2500000000 1.3125000000 0.0000000000
0.9620000000 0.5000000000 0.5000000000 0.5000000000 2.6250000000 0.5000000000 0.2500000000 1.3125000000 0.0000000000
0.9630000000 0.5000000000 0.5000000000 0.5000000000 2.6250000000 0.5000000000 0.2500000000 1.3125000000 0.0000000000
0.9640000000 0.5000000000 0.5000000000 0.5000000000 2.6250000000 0.5000000000 0.2500000000 1.3125000000 0.0000000000
0.9650000000 0.5000000000 0.5000000000 0.5000000000 2.6250000000 0.5000000000 0.2500000000 1.3125000000 0.0000000000
0.9660000000 0.5000000000 0.5000000000 0.5000000000 2.6250000000 0.5000000000 0.2500000000 1.3125000000 0.0000000000
0.9670000000 0.5000000000 0.5000000000 0.5000000000 2.6250000000 0.5000000000 0.2500000000 1.3125000000 0.0000000000
0.9680000000 0.5000000000 0.5000000000 0.5000000000 2.6250000000 0.5000000000 0.2500000000 1.3125000000 0.0000000000
0.9690000000 0.5000000000 0.5000000000 0.5000000000 2.6250000000 0.5000000000 0.2500000000 1.3125000000 0.0000000000
0.9700000000 0.5000000000 0.5000000000 0.5000000000 2.6250000000 0.5000000000 0.2500000000 1.3125000000 0.0000000000
0.9710000000 0.5000000000 0.5000000000 0.5000000000 2.6250000000 0.5000000000 0.2500000000 1.3125000000 0.0000000000
0.9720000000 0.5000000000 0.5000000000 0.5000000000 2.6250000000 0.5000000000 0.2500000000 1.3125000000 0.0000000000
0.9730000000 0.5000000000 0.5000000000 0.5000000000 2.6250000000 0.5000000000 0.2500000000 1.3125000000 0.0000000000
0.9740000000 0.5000000000 0.5000000000 0.5000000000 2.6250000000 0.5000000000 0.2500000000 1.3125000000 0.0000000000
0.9750000000 0.5000000000 0.5000000000 0.5000000000 2.6250000000 0.5000000000 0.2500000000 1.3125000000 0.0000000000
0.9760000000 0.5000000000 0.5000000000 0.5000000000 2.6250000000 0.5000000000 0.2500000000 1.3125000000 0.0000000000
0.9770000000 0.5000000000 0.5000000000 0.5000000000 2.6250000000 0.5000000000 0.2500000000 1.3125000000 0.0000000000
0.9780000000 0.5000000000 0.5000000000 0.5000000000 2.6250000000 0.5000000000 0.2500000000 1.3125000000 0.0000000000
0.9790000000 0.5000000000 0.5000000000 0.5000000000 2.6250000000 0.5000000000 0.2500000000 1.3125000000 0.0000000000
0.9800000000 0.5000000000 0.5000000000 0.5000000000 2.6250000000 0.5000000000 0.2500000000 1.3125000000 0.0000000000
0.9810000000 0.5000000000 0.5000000000 0.5000000000 2.6250000000 0.5000000000 0.2500000000 1.3125000000 0.0000000000
0.9820000000 0.5000000000 0.5000000000 0.5000000000 2.6250000000 0.5000000000 0.2500000000 1.3125000000 0.0000000000
0.9830000000 0.5000000000 0.5000000000 0.5000000000 2.6250000000 0.5000000000 0.2500000000 1.3125000000 0.0000000000
0.9840000000 0.5000000000 0.5000000000 0.5000000000 2.6250000000 0.5000000000 0.2500000000 1.3125000000 0.0000000000
0.9850000000 0.5000000000 0.5000000000 0.5000000000 2.6250000000 0.5000000000 0.2500000000 1.3125000000 0.0000000000
0.9860000000 0.5000000000 0.5000000000 0.5000000000 2.6250000000 0.5000000000 0.2500000000 1.3125000000 0.0000000000
0.9870000000 0.5000000000 0.5000000000 0.5000000000 2.6250000000 0.5000000000 0.2500000000 1.3125000000 0.0000000000
0.9880000000 0.5000000000 0.5000000000 0.5000000000 2.6250000000 0.5000000000 0.2500000000 1.3125000000 0.0000000000
0.9890000000 0.5000000000 0.5000000000 0.5000000000 2.6250000000 0.5000000000 0.2500000000 1.3125000000 0.0000000000
0.9900000000 0.5000000000 0.5000000000 0.5000000000 2.6250000000 0.5000000000 0.2500000000 1.3125000000 0.0000000000
0.9910000000 0.5000000000 0.5000000000 0.5000000000 2.6250000000 0.5000000000 0.2500000000 1.3125000000 0.0000000000
0.9920000000 0.5000000000 0.5000000000 0.5000000000 2.6250000000 0.5000000000 0.2500000000 1.3125000000 0.0000000000
0.9930000000 0.5000000000 0.5000000000 0.5000000000 2.6250000000 0.5000000000 0.2500000000 1.3125000000 0.0000000000
0.9940000000 0.5000000000 0.5000000000 0.5000000000 2.6250000000 0.5000000000 0.2500000000 1.3125000000 0.0000000000
0.9950000000 0.5000000000 0.5000000000 0.5000000000 2.6250000000 0.5000000000 0.2500000000 1.3125000000 0.0000000000
0.9960000000 0.5000000000 0.5000000000 0.5000000000 2.6250000000 0.5000000000 0.2500000000 1.3125000000 0.0000000000
0.9970000000 0.5000000000 0.5000000000 0.5000000000 2.6250000000 0.5000000000 0.2500000000 1.3125000000 0.0000000000
0.9980000000 0.5000000000 0.5000000000 0.5000000000 2.6250000000 0.5000000000 0.2500000000 1.3125000000 0.0000000000
0.9990000000 0.5000000000 0.5000000000 0.5000000000 2.6250000000 0.5000000000 0.2500000000 1.3125000000 0.0000000000
1.0000000000 0.5000000000 0.5000000000 0.5000000000 2.6250000000 0.5000000000 0.2500000000 1.3125000000 0.0000000000
