TITLE = "1D Euler Filtered MacCormack Result"
VARIABLES = "x", "rho", "u", "p", "E", "rho_conserved", "rhou", "rhoE", "nu"
ZONE T="t=0.20000000", I=1001, F=POINT
0.0000000000 0.4000000000 0.5000000000 1.0000000000 6.3750000000 0.4000000000 0.2000000000 2.5500000000 0.0000000000
0.0010000000 0.4000000000 0.5000000000 1.0000000000 6.3750000000 0.4000000000 0.2000000000 2.5500000000 0.0000000000
0.0020000000 0.4000000000 0.5000000000 1.0000000000 6.3750000000 0.4000000000 0.2000000000 2.5500000000 0.0000000000
0.0030000000 0.4000000000 0.5000000000 1.0000000000 6.3750000000 0.4000000000 0.2000000000 2.5500000000 0.0000000000
0.0040000000 0.4000000000 0.5000000000 1.0000000000 6.3750000000 0.4000000000 0.2000000000 2.5500000000 0.0000000000
0.0050000000 0.4000000000 0.5000000000 1.0000000000 6.3750000000 0.4000000000 0.2000000000 2.5500000000 0.0000000000
0.0060000000 0.4000000000 0.5000000000 1.0000000000 6.3750000000 0.4000000000 0.2000000000 2.5500000000 0.0000000000
0.0070000000 0.4000000000 0.5000000000 1.0000000000 6.3750000000 0.4000000000 0.2000000000 2.5500000000 0.0000000000
0.0080000000 0.4000000000 0.5000000000 1.0000000000 6.3750000000 0.4000000000 0.2000000000 2.5500000000 0.0000000000
0.0090000000 0.4000000000 0.5000000000 1.0000000000 6.3750000000 0.4000000000 0.2000000000 2.5500000000 0.0000000000
0.0100000000 0.4000000000 0.5000000000 1.0000000000 6.3750000000 0.4000000000 0.2000000000 2.5500000000 0.0000000000
0.0110000000 0.4000000000 0.5000000000 1.0000000000 6.3750000000 0.4000000000 0.2000000000 2.5500000000 0.0000000000
0.0120000000 0.4000000000 0.5000000000 1.0000000000 6.3750000000 0.4000000000 0.2000000000 2.5500000000 0.0000000000
0.0130000000 0.4000000000 0.5000000000 1.0000000000 6.3750000000 0.4000000000 0.2000000000 2.5500000000 0.0000000000
0.0140000000 0.4000000000 0.5000000000 1.0000000000 6.3750000000 0.4000000000 0.2000000000 2.5500000000 0.0000000000
0.0150000000 0.4000000000 0.5000000000 1.0000000000 6.3750000000 0.4000000000 0.2000000000 2.5500000000 0.0000000000
0.0160000000 0.4000000000 0.5000000000 1.0000000000 6.3750000000 0.4000000000 0.2000000000 2.5500000000 0.0000000000
0.0170000000 0.4000000000 0.5000000000 1.0000000000 6.3750000000 0.4000000000 0.2000000000 2.5500000000 0.0000000000
0.0180000000 0.4000000000 0.5000000000 1.0000000000 6.3750000000 0.4000000000 0.2000000000 2.5500000000 0.0000000000
0.0190000000 0.4000000000 0.5000000000 1.0000000000 6.3750000000 0.4000000000 0.2000000000 2.5500000000 0.0000000000
0.0200000000 0.4000000000 0.5000000000 1.0000000000 6.3750000000 0.4000000000 0.2000000000 2.5500000000 0.0000000000
0.0210000000 0.4000000000 0.5000000000 1.0000000000 6.3750000000 0.4000000000 0.2000000000 2.5500000000 0.0000000000
0.0220000000 0.4000000000 0.5000000000 1.0000000000 6.3750000000 0.4000000000 0.2000000000 2.5500000000 0.0000000000
0.0230000000 0.4000000000 0.5000000000 1.0000000000 6.3750000000 0.4000000000 0.2000000000 2.5500000000 0.0000000000
0.0240000000 0.4000000000 0.5000000000 1.0000000000 6.3750000000 0.4000000000 0.2000000000 2.5500000000 0.0000000000
0.0250000000 0.4000000000 0.5000000000 1.0000000000 6.3750000000 0.4000000000 0.2000000000 2.5500000000 0.0000000000
0.0260000000 0.4000000000 0.5000000000 1.0000000000 6.3750000000 0.4000000000 0.2000000000 2.5500000000 0.0000000000
0.0270000000 0.4000000000 0.5000000000 1.0000000000 6.3750000000 0.4000000000 0.2000000000 2.5500000000 0.0000000000
0.0280000000 0.4000000000 0.5000000000 1.0000000000 6.3750000000 0.4000000000 0.2000000000 2.5500000000 0.0000000000
0.0290000000 0.4000000000 0.5000000000 1.0000000000 6.3750000000 0.4000000000 0.2000000000 2.5500000000 0.0000000000
0.0300000000 0.4000000000 0.5000000000 1.0000000000 6.3750000000 0.4000000000 0.2000000000 2.5500000000 0.0000000000
0.0310000000 0.4000000000 0.5000000000 1.0000000000 6.3750000000 0.4000000000 0.2000000000 2.5500000000 0.0000000000
0.0320000000 0.4000000000 0.5000000000 1.0000000000 6.3750000000 0.4000000000 0.2000000000 2.5500000000 0.0000000000
0.0330000000 0.4000000000 0.5000000000 1.0000000000 6.3750000000 0.4000000000 0.2000000000 2.5500000000 0.0000000000
0.0340000000 0.4000000000 0.5000000000 1.0000000000 6.3750000000 0.4000000000 0.2000000000 2.5500000000 0.0000000000
0.0350000000 0.4000000000 0.5000000000 1.0000000000 6.3750000000 0.4000000000 0.2000000000 2.5500000000 0.0000000000
0.0360000000 0.4000000000 0.5000000000 1.0000000000 6.3750000000 0.4000000000 0.2000000000 2.5500000000 0.0000000000
0.0370000000 0.4000000000 0.5000000000 1.0000000000 6.3750000000 0.4000000000 0.2000000000 2.5500000000 0.0000000000
0.0380000000 0.4000000000 0.5000000000 1.0000000000 6.3750000000 0.4000000000 0.2000000000 2.5500000000 0.0000000000
0.0390000000 0.4000000000 0.5000000000 1.0000000000 6.3750000000 0.4000000000 0.2000000000 2.5500000000 0.0000000000
0.0400000000 0.4000000000 0.5000000000 1.0000000000 6.3750000000 0.4000000000 0.2000000000 2.5500000000 0.0000000000
0.0410000000 0.4000000000 0.5000000000 1.0000000000 6.3750000000 0.4000000000 0.2000000000 2.5500000000 0.0000000000
0.0420000000 0.4000000000 0.5000000000 1.0000000000 6.3750000000 0.4000000000 0.2000000000 2.5500000000 0.0000000000
0.0430000000 0.4000000000 0.5000000000 1.0000000000 6.3750000000 0.4000000000 0.2000000000 2.5500000000 0.0000000000
0.0440000000 0.4000000000 0.5000000000 1.0000000000 6.3750000000 0.4000000000 0.2000000000 2.5500000000 0.0000000000
0.0450000000 0.4000000000 0.5000000000 1.0000000000 6.3750000000 0.4000000000 0.2000000000 2.5500000000 0.0000000000
0.0460000000 0.4000000000 0.5000000000 1.0000000000 6.3750000000 0.4000000000 0.2000000000 2.5500000000 0.0000000000
0.0470000000 0.4000000000 0.5000000000 1.0000000000 6.3750000000 0.4000000000 0.2000000000 2.5500000000 0.0000000000
0.0480000000 0.4000000000 0.5000000000 1.0000000000 6.3750000000 0.4000000000 0.2000000000 2.5500000000 0.0000000000
0.0490000000 0.4000000000 0.5000000000 1.0000000000 6.3750000000 0.4000000000 0.2000000000 2.5500000000 0.0000000000
0.0500000000 0.4000000000 0.5000000000 1.0000000000 6.3750000000 0.4000000000 0.2000000000 2.5500000000 0.0000000000
0.0510000000 0.4000000000 0.5000000000 1.0000000000 6.3750000000 0.4000000000 0.2000000000 2.5500000000 0.0000000000
0.0520000000 0.4000000000 0.5000000000 1.0000000000 6.3750000000 0.4000000000 0.2000000000 2.5500000000 0.0000000000
0.0530000000 0.4000000000 0.5000000000 1.0000000000 6.3750000000 0.4000000000 0.2000000000 2.5500000000 0.0000000000
0.0540000000 0.4000000000 0.5000000000 1.0000000000 6.3750000000 0.4000000000 0.2000000000 2.5500000000 0.0000000000
0.0550000000 0.4000000000 0.5000000000 1.0000000000 6.3750000000 0.4000000000 0.2000000000 2.5500000000 0.0000000000
0.0560000000 0.4000000000 0.5000000000 1.0000000000 6.3750000000 0.4000000000 0.2000000000 2.5500000000 0.0000000000
0.0570000000 0.4000000000 0.5000000000 1.0000000000 6.3750000000 0.4000000000 0.2000000000 2.5500000000 0.0000000000
0.0580000000 0.4000000000 0.5000000000 1.0000000000 6.3750000000 0.4000000000 0.2000000000 2.5500000000 0.0000000000
0.0590000000 0.4000000000 0.5000000000 1.0000000000 6.3750000000 0.4000000000 0.2000000000 2.5500000000 0.0000000000
0.0600000000 0.4000000000 0.5000000000 1.0000000000 6.3750000000 0.4000000000 0.2000000000 2.5500000000 0.0000000000
0.0610000000 0.4000000000 0.5000000000 1.0000000000 6.3750000000 0.4000000000 0.2000000000 2.5500000000 0.0000000000
0.0620000000 0.4000000000 0.5000000000 1.0000000000 6.3750000000 0.4000000000 0.2000000000 2.5500000000 0.0000000000
0.0630000000 0.4000000000 0.5000000000 1.0000000000 6.3750000000 0.4000000000 0.2000000000 2.5500000000 0.0000000000
0.0640000000 0.4000000000 0.5000000000 1.0000000000 6.3750000000 0.4000000000 0.2000000000 2.5500000000 0.0000000000
0.0650000000 0.4000000000 0.5000000000 1.0000000000 6.3750000000 0.4000000000 0.2000000000 2.5500000000 0.0000000000
0.0660000000 0.4000000000 0.5000000000 1.0000000000 6.3750000000 0.4000000000 0.2000000000 2.5500000000 0.0000000000
0.0670000000 0.4000000000 0.5000000000 1.0000000000 6.3750000000 0.4000000000 0.2000000000 2.5500000000 0.0000000000
0.0680000000 0.4000000000 0.5000000000 1.0000000000 6.3750000000 0.4000000000 0.2000000000 2.5500000000 0.0000000000
0.0690000000 0.4000000000 0.5000000000 1.0000000000 6.3750000000 0.4000000000 0.2000000000 2.5500000000 0.0000000000
0.0700000000 0.4000000000 0.5000000000 1.0000000000 6.3750000000 0.4000000000 0.2000000000 2.5500000000 0.0000000000
0.0710000000 0.4000000000 0.5000000000 1.0000000000 6.3750000000 0.4000000000 0.2000000000 2.5500000000 0.0000000000
0.0720000000 0.4000000000 0.5000000000 1.0000000000 6.3750000000 0.4000000000 0.2000000000 2.5500000000 0.0000000000
0.0730000000 0.4000000000 0.5000000000 1.0000000000 6.3750000000 0.4000000000 0.2000000000 2.5500000000 0.0000000000
0.0740000000 0.4000000000 0.5000000000 1.0000000000 6.3750000000 0.4000000000 0.2000000000 2.5500000000 0.0000000000
0.0750000000 0.4000000000 0.5000000000 1.0000000000 6.3750000000 0.4000000000 0.2000000000 2.5500000000 0.0000000000
0.0760000000 0.4000000000 0.5000000000 1.0000000000 6.3750000000 0.4000000000 0.2000000000 2.5500000000 0.0000000000
0.0770000000 0.4000000000 0.5000000000 1.0000000000 6.3750000000 0.4000000000 0.2000000000 2.5500000000 0.0000000000
0.0780000000 0.4000000000 0.5000000000 1.0000000000 6.3750000000 0.4000000000 0.2000000000 2.5500000000 0.0000000000
0.0790000000 0.4000000000 0.5000000000 1.0000000000 6.3750000000 0.4000000000 0.2000000000 2.5500000000 0.0000000000
0.0800000000 0.4000000000 0.5000000000 1.0000000000 6.3750000000 0.4000000000 0.2000000000 2.5500000000 0.0000000000
0.0810000000 0.4000000000 0.5000000000 1.0000000000 6.3750000000 0.4000000000 0.2000000000 2.5500000000 0.0000000000
0.0820000000 0.4000000000 0.5000000000 1.0000000000 6.3750000000 0.4000000000 0.2000000000 2.5500000000 0.0000000000
0.0830000000 0.4000000000 0.5000000000 1.0000000000 6.3750000000 0.4000000000 0.2000000000 2.5500000000 0.0000000000
0.0840000000 0.4000000000 0.5000000000 1.0000000000 6.3750000000 0.4000000000 0.2000000000 2.5500000000 0.0000000000
0.0850000000 0.4000000000 0.5000000000 1.0000000000 6.3750000000 0.4000000000 0.2000000000 2.5500000000 0.0000000000
0.0860000000 0.4000000000 0.5000000000 1.0000000000 6.3750000000 0.4000000000 0.2000000000 2.5500000000 0.0000000000
0.0870000000 0.4000000000 0.5000000000 1.0000000000 6.3750000000 0.4000000000 0.2000000000 2.5500000000 0.0000000000
0.0880000000 0.4000000000 0.5000000000 1.0000000000 6.3750000000 0.4000000000 0.2000000000 2.5500000000 0.0000000000
0.0890000000 0.4000000000 0.5000000000 1.0000000000 6.3750000000 0.4000000000 0.2000000000 2.5500000000 0.0000000000
0.0900000000 0.4000000000 0.5000000000 1.0000000000 6.3750000000 0.4000000000 0.2000000000 2.5500000000 0.0000000000
0.0910000000 0.4000000000 0.5000000000 1.0000000000 6.3750000000 0.4000000000 0.2000000000 2.5500000000 0.0000000000
0.0920000000 0.4000000000 0.5000000000 1.0000000000 6.3750000000 0.4000000000 0.2000000000 2.5500000000 0.0000000000
0.0930000000 0.4000000000 0.5000000000 1.0000000000 6.3750000000 0.4000000000 0.2000000000 2.5500000000 0.0000000000
0.0940000000 0.4000000000 0.5000000000 1.0000000000 6.3750000000 0.4000000000 0.2000000000 2.5500000000 0.0000000000
0.0950000000 0.4000000000 0.5000000000 1.0000000000 6.3750000000 0.4000000000 0.2000000000 2.5500000000 0.0000000000
0.0960000000 0.4000000000 0.5000000000 1.0000000000 6.3750000000 0.4000000000 0.2000000000 2.5500000000 0.0000000000
0.0970000000 0.4000000000 0.5000000000 1.0000000000 6.3750000000 0.4000000000 0.2000000000 2.5500000000 0.0000000000
0.0980000000 0.4000000000 0.5000000000 1.0000000000 6.3750000000 0.4000000000 0.2000000000 2.5500000000 0.0000000000
0.0990000000 0.4000000000 0.5000000000 1.0000000000 6.3750000000 0.4000000000 0.2000000000 2.5500000000 0.0000000000
0.1000000000 0.4000000000 0.5000000000 1.0000000000 6.3750000000 0.4000000000 0.2000000000 2.5500000000 0.0000000000
0.1010000000 0.4000000000 0.5000000000 1.0000000000 6.3750000000 0.4000000000 0.2000000000 2.5500000000 0.0000000000
0.1020000000 0.4000000000 0.5000000000 1.0000000000 6.3750000000 0.4000000000 0.2000000000 2.5500000000 0.0000000000
0.1030000000 0.4000000000 0.5000000000 1.0000000000 6.3750000000 0.4000000000 0.2000000000 2.5500000000 0.0000000000
0.1040000000 0.4000000000 0.5000000000 1.0000000000 6.3750000000 0.4000000000 0.2000000000 2.5500000000 0.0000000000
0.1050000000 0.4000000000 0.5000000000 1.0000000000 6.3750000000 0.4000000000 0.2000000000 2.5500000000 0.0000000000
0.1060000000 0.4000000000 0.5000000000 1.0000000000 6.3750000000 0.4000000000 0.2000000000 2.5500000000 0.0000000000
0.1070000000 0.4000000000 0.5000000000 1.0000000000 6.3750000000 0.4000000000 0.2000000000 2.5500000000 0.0000000000
0.1080000000 0.4000000000 0.5000000000 1.0000000000 6.3750000000 0.4000000000 0.2000000000 2.5500000000 0.0000000000
0.1090000000 0.4000000000 0.5000000000 1.0000000000 6.3750000000 0.4000000000 0.2000000000 2.5500000000 0.0000000000
0.1100000000 0.4000000000 0.5000000000 1.0000000000 6.3750000000 0.4000000000 0.2000000000 2.5500000000 0.0000000000
0.1110000000 0.4000000000 0.5000000000 1.0000000000 6.3750000000 0.4000000000 0.2000000000 2.5500000000 0.0000000000
0.1120000000 0.4000000000 0.5000000000 1.0000000000 6.3750000000 0.4000000000 0.2000000000 2.5500000000 0.0000000000
0.1130000000 0.4000000000 0.5000000000 1.0000000000 6.3750000000 0.4000000000 0.2000000000 2.5500000000 0.0000000000
0.1140000000 0.4000000000 0.5000000000 1.0000000000 6.3750000000 0.4000000000 0.2000000000 2.5500000000 0.0000000000
0.1150000000 0.4000000000 0.5000000000 1.0000000000 6.3750000000 0.4000000000 0.2000000000 2.5500000000 0.0000000000
0.1160000000 0.4000000000 0.5000000000 1.0000000000 6.3750000000 0.4000000000 0.2000000000 2.5500000000 0.0000000000
0.1170000000 0.4000000000 0.5000000000 1.0000000000 6.3750000000 0.4000000000 0.2000000000 2.5500000000 0.0000000000
0.1180000000 0.4000000000 0.5000000000 1.0000000000 6.3750000000 0.4000000000 0.2000000000 2.5500000000 0.0000000000
0.1190000000 0.4000000000 0.5000000000 1.0000000000 6.3750000000 0.4000000000 0.2000000000 2.5500000000 0.0000000000
0.1200000000 0.4000000000 0.5000000000 1.0000000000 6.3750000000 0.4000000000 0.2000000000 2.5500000000 0.0000000000
0.1210000000 0.4000000000 0.5000000000 1.0000000000 6.3750000000 0.4000000000 0.2000000000 2.5500000000 0.0000000000
0.1220000000 0.4000000000 0.5000000000 1.0000000000 6.3750000000 0.4000000000 0.2000000000 2.5500000000 0.0000000000
0.1230000000 0.4000000000 0.5000000000 1.0000000000 6.3750000000 0.4000000000 0.2000000000 2.5500000000 0.0000000000
0.1240000000 0.4000000000 0.5000000000 1.0000000000 6.3750000000 0.4000000000 0.2000000000 2.5500000000 0.0000000000
0.1250000000 0.4000000000 0.5000000000 1.0000000000 6.3750000000 0.4000000000 0.2000000000 2.5500000000 0.0000000000
0.1260000000 0.4000000000 0.5000000000 1.0000000000 6.3750000000 0.4000000000 0.2000000000 2.5500000000 0.0000000000
0.1270000000 0.4000000000 0.5000000000 1.0000000000 6.3750000000 0.4000000000 0.2000000000 2.5500000000 0.0000000000
0.1280000000 0.4000000000 0.5000000000 1.0000000000 6.3750000000 0.4000000000 0.2000000000 2.5500000000 0.0000000001
0.1290000000 0.4000000000 0.5000000000 1.0000000000 6.3750000000 0.4000000000 0.2000000000 2.5500000000 0.0000000005
0.1300000000 0.4000000000 0.5000000000 1.0000000000 6.3750000000 0.4000000000 0.2000000000 2.5500000000 0.0000000017
0.1310000000 0.4000000000 0.5000000000 1.0000000000 6.3750000000 0.4000000000 0.2000000000 2.5500000000 0.0000000058
0.1320000000 0.4000000000 0.5000000000 1.0000000000 6.3750000000 0.4000000000 0.2000000000 2.5500000000 0.0000000198
0.1330000000 0.4000000000 0.5000000000 1.0000000000 6.3750000000 0.4000000000 0.2000000000 2.5500000000 0.0000000681
0.1340000000 0.4000000000 0.5000000000 1.0000000000 6.3750000000 0.4000000000 0.2000000000 2.5500000000 0.0000002337
0.1350000000 0.4000000000 0.5000000000 1.0000000000 6.3750000000 0.4000000000 0.2000000000 2.5500000000 0.0000008026
0.1360000000 0.4000000000 0.4999999999 1.0000000001 6.3750000001 0.4000000000 0.2000000000 2.5500000001 0.0000027543
0.1370000000 0.4000000001 0.4999999997 1.0000000002 6.3750000002 0.4000000001 0.1999999999 2.5500000005 0.0000094513
0.1380000000 0.4000000002 0.4999999990 1.0000000007 6.3750000008 0.4000000002 0.1999999997 2.5500000017 0.0000324065
0.1390000000 0.4000000007 0.4999999966 1.0000000025 6.3750000028 0.4000000007 0.1999999990 2.5500000057 0.0001108161
0.1400000000 0.4000000025 0.4999999885 1.0000000086 6.3750000097 0.4000000025 0.1999999966 2.5500000196 0.0003755544
0.1410000000 0.4000000084 0.4999999606 1.0000000295 6.3750000330 0.4000000084 0.1999999884 2.5500000669 0.0012371611
0.1420000000 0.4000000284 0.4999998670 1.0000000995 6.3750001112 0.4000000284 0.1999999610 2.5500002257 0.0037653601
0.1430000000 0.4000000929 0.4999995654 1.0000003252 6.3750003634 0.4000000929 0.1999998726 2.5500007377 0.0096031692
0.1440000000 0.4000002852 0.4999986663 1.0000009981 6.3750011154 0.4000002852 0.1999996091 2.5500022641 0.0184965786
0.1450000000 0.4000007995 0.4999962606 1.0000027983 6.3750031273 0.4000007995 0.1999989040 2.5500063478 0.0267551542
0.1460000000 0.4000020464 0.4999904287 1.0000071625 6.3750080046 0.4000020464 0.1999971947 2.5500162479 0.0320277602
0.1470000000 0.4000048829 0.4999771623 1.0000170903 6.3750190998 0.4000048829 0.1999933063 2.5500387686 0.0348406585
0.1480000000 0.4000111215 0.4999479843 1.0000389256 6.3750435033 0.4000111215 0.1999847539 2.5500883012 0.0362378393
0.1490000000 0.4000246174 0.4998848639 1.0000861629 6.3750962999 0.4000246174 0.1999662515 2.5501954585 0.0369074677
0.1500000000 0.4000535810 0.4997494048 1.0001875424 6.3752096256 0.4000535810 0.1999265390 2.5504254406 0.0372167638
0.1510000000 0.4001154919 0.4994598699 1.0004042622 6.3754519511 0.4001154919 0.1998416315 2.5509170932 0.0373435427
0.1520000000 0.4002475185 0.4988424938 1.0008665012 6.3759691151 0.4002475185 0.1996604703 2.5519658163 0.0373621888
0.1530000000 0.4005284790 0.4975289790 1.0018505237 6.3770714666 0.4005284790 0.1992745252 2.5541987347 0.0372837536
0.1540000000 0.4011245283 0.4947437444 1.0039396741 6.3794181239 0.4011245283 0.1984538511 2.5589410860 0.0370623795
0.1550000000 0.4023815656 0.4888759042 1.0083525520 6.3844025830 0.4023815656 0.1967146517 2.5689659066 0.0365713433
0.1560000000 0.4050007227 0.4766768009 1.0175770724 6.3949391299 0.4050007227 0.1930544489 2.5899549695 0.0355434374
0.1570000000 0.4103250704 0.4519965873 1.0364489388 6.4169543384 0.4103250704 0.1854655315 2.6330372407 0.0334757429
0.1580000000 0.4206359163 0.4047000599 1.0734154833 6.4616095004 0.4206359163 0.1702313805 2.7179850332 0.0295379073
0.1590000000 0.4388923396 0.3228062637 1.1400199820 6.5458355929 0.4388923396 0.1416771963 2.8729170983 0.0225469426
0.1600000000 0.4666451762 0.2034905682 1.2433749895 6.6819484066 0.4666451762 0.0949578921 3.1180989915 0.0107301877
0.1610000000 0.4995804717 0.0706368173 1.3681800908 6.8491399572 0.4995804717 0.0352887745 3.4216965703 0.0099855759
0.1620000000 0.5250697622 -0.0263852988 1.4662320130 6.9814776412 0.5250697622 -0.0138541226 3.6657628052 0.0397158785
0.1630000000 0.5355507825 -0.0652346117 1.5071050756 7.0374320139 0.5355507825 -0.0349364473 3.7689022217 0.0692897649
0.1640000000 0.5373916334 -0.0720384923 1.5143512070 7.0475090993 0.5373916334 -0.0387128831 3.7872724264 0.1038018406
0.1650000000 0.5372073228 -0.0713575222 1.5136240489 7.0464933432 0.5372073228 -0.0383337835 3.7854278241 0.0627911506
0.1660000000 0.5367553833 -0.0696864489 1.5118419442 7.0440060294 0.5367553833 -0.0374045766 3.7809081564 0.0114565108
0.1670000000 0.5364324871 -0.0684914549 1.5105687430 7.0422283744 0.5364324871 -0.0367410415 3.7776800813 0.0565558085
0.1680000000 0.5363486151 -0.0681810650 1.5102381611 7.0417671401 0.5363486151 -0.0365688198 3.7768420534 0.0918767800
0.1690000000 0.5363464873 -0.0681732723 1.5102298473 7.0417557837 0.5363464873 -0.0365644951 3.7768209788 0.0976363583
0.1700000000 0.5363568082 -0.0682115574 1.5102706027 7.0418129017 0.5363568082 -0.0365857332 3.7769242917 0.0030537039
0.1710000000 0.5363667064 -0.0682482698 1.5103096847 7.0418676598 0.5363667064 -0.0366060997 3.7770233633 0.0416346378
0.1720000000 0.5363701895 -0.0682612271 1.5103234697 7.0418870808 0.5363701895 -0.0366132873 3.7770583082 0.0739940296
0.1730000000 0.5363702688 -0.0682615772 1.5103238291 7.0418877396 0.5363702688 -0.0366134805 3.7770592198 0.0526897965
0.1740000000 0.5363694806 -0.0682587103 1.5103207629 7.0418835974 0.5363694806 -0.0366118890 3.7770514475 0.0005409681
0.1750000000 0.5363687746 -0.0682561406 1.5103180138 7.0418798743 0.5363687746 -0.0366104625 3.7770444789 0.0293131662
0.1760000000 0.5363686351 -0.0682556606 1.5103174904 7.0418792331 0.5363686351 -0.0366101955 3.7770431525 0.0297591305
0.1770000000 0.5363688598 -0.0682565224 1.5103183965 7.0418805659 0.5363688598 -0.0366106731 3.7770454500 0.0062961057
0.1780000000 0.5363691393 -0.0682575803 1.5103195118 7.0418821687 0.5363691393 -0.0366112596 3.7770482776 0.0119988046
0.1790000000 0.5363692379 -0.0682579616 1.5103199071 7.0418827429 0.5363692379 -0.0366114709 3.7770492800 0.0167650907
0.1800000000 0.5363691549 -0.0682576643 1.5103195801 7.0418822871 0.5363691549 -0.0366113057 3.7770484514 0.0052989183
0.1810000000 0.5363690294 -0.0682572031 1.5103190790 7.0418815670 0.5363690294 -0.0366110498 3.7770471815 0.0069804888
0.1820000000 0.5363689943 -0.0682570698 1.5103189276 7.0418813127 0.5363689943 -0.0366109759 3.7770467979 0.0104750098
0.1830000000 0.5363690669 -0.0682573285 1.5103191941 7.0418816208 0.5363690669 -0.0366111196 3.7770474738 0.0036683901
0.1840000000 0.5363691694 -0.0682576921 1.5103195727 7.0418820649 0.5363691694 -0.0366113216 3.7770484339 0.0042196062
0.1850000000 0.5363692172 -0.0682578470 1.5103197295 7.0418821788 0.5363692172 -0.0366114080 3.7770488316 0.0070334597
0.1860000000 0.5363691949 -0.0682577364 1.5103196039 7.0418818790 0.5363691949 -0.0366113471 3.7770485137 0.0026653655
0.1870000000 0.5363691530 -0.0682575478 1.5103193958 7.0418814450 0.5363691530 -0.0366112431 3.7770479863 0.0033056893
0.1880000000 0.5363691499 -0.0682574969 1.5103193348 7.0418811975 0.5363691499 -0.0366112156 3.7770478318 0.0051438133
0.1890000000 0.5363691974 -0.0682576275 1.5103194675 7.0418812027 0.5363691974 -0.0366112889 3.7770481685 0.0019380334
0.1900000000 0.5363692600 -0.0682578092 1.5103196551 7.0418812675 0.5363692600 -0.0366113906 3.7770486443 0.0021566703
0.1910000000 0.5363692959 -0.0682578869 1.5103197323 7.0418811618 0.5363692959 -0.0366114347 3.7770488403 0.0036746558
0.1920000000 0.5363692959 -0.0682578272 1.5103196636 7.0418808371 0.5363692959 -0.0366114027 3.7770486664 0.0014452815
0.1930000000 0.5363692859 -0.0682577256 1.5103195508 7.0418804362 0.5363692859 -0.0366113475 3.7770483806 0.0018295245
0.1940000000 0.5363692966 -0.0682576965 1.5103195156 7.0418801300 0.5363692966 -0.0366113327 3.7770482917 0.0027993225
0.1950000000 0.5363693345 -0.0682577645 1.5103195843 7.0418799560 0.5363693345 -0.0366113717 3.7770484659 0.0010521806
0.1960000000 0.5363693805 -0.0682578584 1.5103196809 7.0418798096 0.5363693805 -0.0366114252 3.7770487110 0.0012401159
0.1970000000 0.5363694115 -0.0682578936 1.5103197155 7.0418795658 0.5363694115 -0.0366114462 3.7770487988 0.0019812944
0.1980000000 0.5363694233 -0.0682578544 1.5103196713 7.0418792026 0.5363694233 -0.0366114260 3.7770486869 0.0006417909
0.1990000000 0.5363694311 -0.0682577978 1.5103196089 7.0418788057 0.5363694311 -0.0366113962 3.7770485290 0.0012003862
0.2000000000 0.5363694523 -0.0682577882 1.5103195971 7.0418784719 0.5363694523 -0.0366113925 3.7770484990 0.0016069346
0.2010000000 0.5363694891 -0.0682578343 1.5103196450 7.0418782155 0.5363694891 -0.0366114197 3.7770486205 0.0004422217
0.2020000000 0.5363695285 -0.0682578885 1.5103197019 7.0418779669 0.5363695285 -0.0366114515 3.7770487650 0.0009910342
0.2030000000 0.5363695566 -0.0682578992 1.5103197130 7.0418776507 0.5363695566 -0.0366114591 3.7770487931 0.0013561193
0.2040000000 0.5363695716 -0.0682578608 1.5103196721 7.0418772606 0.5363695716 -0.0366114395 3.7770486895 0.0004183846
0.2050000000 0.5363695841 -0.0682578128 1.5103196215 7.0418768579 0.5363695841 -0.0366114146 3.7770485612 0.0007669641
0.2060000000 0.5363696051 -0.0682577977 1.5103196063 7.0418765098 0.5363696051 -0.0366114080 3.7770485229 0.0010053499
0.2070000000 0.5363696359 -0.0682578216 1.5103196331 7.0418762318 0.5363696359 -0.0366114229 3.7770485906 0.0001993607
0.2080000000 0.5363696675 -0.0682578542 1.5103196695 7.0418759890 0.5363696675 -0.0366114426 3.7770486830 0.0008395634
0.2090000000 0.5363696898 -0.0682578624 1.5103196804 7.0418757477 0.5363696898 -0.0366114485 3.7770487105 0.0012665488
0.2100000000 0.5363696998 -0.0682578411 1.5103196602 7.0418755215 0.5363696998 -0.0366114378 3.7770486593 0.0009364709
0.2110000000 0.5363697015 -0.0682578127 1.5103196328 7.0418753692 0.5363697015 -0.0366114226 3.7770485898 0.0004473611
0.2120000000 0.5363696994 -0.0682578008 1.5103196234 7.0418753520 0.5363696994 -0.0366114161 3.7770485660 0.0004304017
0.2130000000 0.5363696929 -0.0682578082 1.5103196350 7.0418754920 0.5363696929 -0.0366114196 3.7770485952 0.0008686058
0.2140000000 0.5363696772 -0.0682578178 1.5103196493 7.0418757655 0.5363696772 -0.0366114237 3.7770486312 0.0011837444
0.2150000000 0.5363696493 -0.0682578130 1.5103196487 7.0418761286 0.5363696493 -0.0366114192 3.7770486293 0.0009183283
0.2160000000 0.5363696123 -0.0682577949 1.5103196342 7.0418765458 0.5363696123 -0.0366114070 3.7770485926 0.0002048459
0.2170000000 0.5363695737 -0.0682577794 1.5103196229 7.0418769977 0.5363695737 -0.0366113960 3.7770485635 0.0004061569
0.2180000000 0.5363695396 -0.0682577791 1.5103196281 7.0418774704 0.5363695396 -0.0366113935 3.7770485765 0.0004901094
0.2190000000 0.5363695101 -0.0682577905 1.5103196463 7.0418779424 0.5363695101 -0.0366113977 3.7770486222 0.0001422550
0.2200000000 0.5363694816 -0.0682577985 1.5103196611 7.0418783865 0.5363694816 -0.0366114000 3.7770486595 0.0001845318
0.2210000000 0.5363694510 -0.0682577918 1.5103196606 7.0418787853 0.5363694510 -0.0366113943 3.7770486580 0.0001438426
0.2220000000 0.5363694192 -0.0682577738 1.5103196484 7.0418791439 0.5363694192 -0.0366113825 3.7770486268 0.0002044994
0.2230000000 0.5363693901 -0.0682577583 1.5103196392 7.0418794827 0.5363693901 -0.0366113722 3.7770486031 0.0005125392
0.2240000000 0.5363693663 -0.0682577555 1.5103196439 7.0418798170 0.5363693663 -0.0366113691 3.7770486148 0.0005016229
0.2250000000 0.5363693473 -0.0682577634 1.5103196604 7.0418801436 0.5363693473 -0.0366113720 3.7770486561 0.0002166433
0.2260000000 0.5363693300 -0.0682577708 1.5103196766 7.0418804459 0.5363693300 -0.0366113748 3.7770486969 0.0000493535
0.2270000000 0.5363693121 -0.0682577687 1.5103196830 7.0418807105 0.5363693121 -0.0366113724 3.7770487128 0.0000613505
0.2280000000 0.5363692938 -0.0682577578 1.5103196804 7.0418809385 0.5363692938 -0.0366113654 3.7770487058 0.0001470595
0.2290000000 0.5363692772 -0.0682577465 1.5103196775 7.0418811422 0.5363692772 -0.0366113581 3.7770486983 0.0003490122
0.2300000000 0.5363692642 -0.0682577414 1.5103196817 7.0418813317 0.5363692642 -0.0366113545 3.7770487084 0.0003623252
0.2310000000 0.5363692546 -0.0682577420 1.5103196923 7.0418815064 0.5363692546 -0.0366113542 3.7770487349 0.0002119132
0.2320000000 0.5363692470 -0.0682577427 1.5103197031 7.0418816578 0.5363692470 -0.0366113541 3.7770487621 0.0000727723
0.2330000000 0.5363692399 -0.0682577388 1.5103197094 7.0418817791 0.5363692399 -0.0366113515 3.7770487775 0.0000749681
0.2340000000 0.5363692337 -0.0682577311 1.5103197119 7.0418818716 0.5363692337 -0.0366113469 3.7770487834 0.0001856196
0.2350000000 0.5363692294 -0.0682577237 1.5103197150 7.0418819418 0.5363692294 -0.0366113427 3.7770487909 0.0002693968
0.2360000000 0.5363692278 -0.0682577194 1.5103197216 7.0418819938 0.5363692278 -0.0366113402 3.7770488073 0.0002387842
0.2370000000 0.5363692284 -0.0682577166 1.5103197300 7.0418820254 0.5363692284 -0.0366113388 3.7770488283 0.0001381632
0.2380000000 0.5363692302 -0.0682577117 1.5103197366 7.0418820319 0.5363692302 -0.0366113363 3.7770488444 0.0000822882
0.2390000000 0.5363692328 -0.0682577033 1.5103197396 7.0418820112 0.5363692328 -0.0366113320 3.7770488517 0.0001262481
0.2400000000 0.5363692367 -0.0682576935 1.5103197412 7.0418819667 0.5363692367 -0.0366113269 3.7770488555 0.0002141976
0.2410000000 0.5363692428 -0.0682576854 1.5103197450 7.0418819036 0.5363692428 -0.0366113230 3.7770488646 0.0002471638
0.2420000000 0.5363692513 -0.0682576801 1.5103197518 7.0418818237 0.5363692513 -0.0366113208 3.7770488815 0.0001892517
0.2430000000 0.5363692615 -0.0682576753 1.5103197594 7.0418817242 0.5363692615 -0.0366113189 3.7770489003 0.0001003386
0.2440000000 0.5363692727 -0.0682576679 1.5103197646 7.0418816011 0.5363692727 -0.0366113157 3.7770489129 0.0000690909
0.2450000000 0.5363692846 -0.0682576574 1.5103197667 7.0418814543 0.5363692846 -0.0366113108 3.7770489178 0.0001220653
0.2460000000 0.5363692978 -0.0682576463 1.5103197682 7.0418812879 0.5363692978 -0.0366113058 3.7770489214 0.0001999750
0.2470000000 0.5363693130 -0.0682576378 1.5103197724 7.0418811068 0.5363693130 -0.0366113023 3.7770489316 0.0002218386
0.2480000000 0.5363693304 -0.0682576323 1.5103197799 7.0418809128 0.5363693304 -0.0366113006 3.7770489502 0.0001669104
0.2490000000 0.5363693494 -0.0682576276 1.5103197886 7.0418807037 0.5363693494 -0.0366112993 3.7770489717 0.0000891339
0.2500000000 0.5363693692 -0.0682576210 1.5103197957 7.0418804764 0.5363693692 -0.0366112971 3.7770489894 0.0000586162
0.2510000000 0.5363693897 -0.0682576122 1.5103198008 7.0418802312 0.5363693897 -0.0366112938 3.7770490017 0.0000938946
0.2520000000 0.5363694111 -0.0682576032 1.5103198057 7.0418799715 0.5363694111 -0.0366112904 3.7770490136 0.0001484562
0.2530000000 0.5363694342 -0.0682575967 1.5103198127 7.0418797017 0.5363694342 -0.0366112885 3.7770490310 0.0001619391
0.2540000000 0.5363694588 -0.0682575930 1.5103198224 7.0418794234 0.5363694588 -0.0366112882 3.7770490552 0.0001201163
0.2550000000 0.5363694845 -0.0682575904 1.5103198332 7.0418791356 0.5363694845 -0.0366112886 3.7770490822 0.0000621916
0.2560000000 0.5363695109 -0.0682575863 1.5103198433 7.0418788366 0.5363695109 -0.0366112882 3.7770491072 0.0000366302
0.2570000000 0.5363695376 -0.0682575801 1.5103198521 7.0418785269 0.5363695376 -0.0366112867 3.7770491292 0.0000538789
0.2580000000 0.5363695649 -0.0682575733 1.5103198610 7.0418782094 0.5363695649 -0.0366112849 3.7770491514 0.0000799015
0.2590000000 0.5363695931 -0.0682575679 1.5103198714 7.0418778871 0.5363695931 -0.0366112839 3.7770491770 0.0000744580
0.2600000000 0.5363696221 -0.0682575647 1.5103198830 7.0418775613 0.5363696221 -0.0366112842 3.7770492062 0.0000320387
0.2610000000 0.5363696513 -0.0682575628 1.5103198946 7.0418772312 0.5363696513 -0.0366112851 3.7770492350 0.0000158561
0.2620000000 0.5363696803 -0.0682575606 1.5103199045 7.0418768967 0.5363696803 -0.0366112859 3.7770492598 0.0000351759
0.2630000000 0.5363697089 -0.0682575571 1.5103199129 7.0418765598 0.5363697089 -0.0366112860 3.7770492808 0.0000249424
0.2640000000 0.5363697373 -0.0682575525 1.5103199214 7.0418762264 0.5363697373 -0.0366112855 3.7770493019 0.0000219457
0.2650000000 0.5363697655 -0.0682575473 1.5103199318 7.0418759042 0.5363697655 -0.0366112846 3.7770493276 0.0000720866
0.2660000000 0.5363697930 -0.0682575416 1.5103199445 7.0418756030 0.5363697930 -0.0366112835 3.7770493593 0.0001973839
0.2670000000 0.5363698184 -0.0682575349 1.5103199586 7.0418753347 0.5363698184 -0.0366112816 3.7770493944 0.0003855967
0.2680000000 0.5363698399 -0.0682575270 1.5103199724 7.0418751161 0.5363698399 -0.0366112788 3.7770494288 0.0006023323
0.2690000000 0.5363698555 -0.0682575184 1.5103199847 7.0418749689 0.5363698555 -0.0366112753 3.7770494592 0.0008070480
0.2700000000 0.5363698631 -0.0682575104 1.5103199950 7.0418749160 0.5363698631 -0.0366112715 3.7770494846 0.0009598573
0.2710000000 0.5363698614 -0.0682575047 1.5103200032 7.0418749755 0.5363698614 -0.0366112684 3.7770495048 0.0010163613
0.2720000000 0.5363698499 -0.0682575019 1.5103200089 7.0418751540 0.5363698499 -0.0366112661 3.7770495191 0.0009567506
0.2730000000 0.5363698288 -0.0682575019 1.5103200117 7.0418754438 0.5363698288 -0.0366112646 3.7770495260 0.0007842045
0.2740000000 0.5363697997 -0.0682575039 1.5103200110 7.0418758216 0.5363697997 -0.0366112637 3.7770495242 0.0005098646
0.2750000000 0.5363697655 -0.0682575075 1.5103200069 7.0418762524 0.5363697655 -0.0366112633 3.7770495141 0.0001863161
0.2760000000 0.5363697293 -0.0682575127 1.5103200003 7.0418766965 0.5363697293 -0.0366112636 3.7770494977 0.0000847653
0.2770000000 0.5363696940 -0.0682575196 1.5103199921 7.0418771220 0.5363696940 -0.0366112649 3.7770494774 0.0001864584
0.2780000000 0.5363696607 -0.0682575279 1.5103199831 7.0418775183 0.5363696607 -0.0366112671 3.7770494550 0.0001732060
0.2790000000 0.5363696291 -0.0682575371 1.5103199733 7.0418778884 0.5363696291 -0.0366112699 3.7770494309 0.0001662864
0.2800000000 0.5363695991 -0.0682575466 1.5103199629 7.0418782334 0.5363695991 -0.0366112729 3.7770494052 0.0001705890
0.2810000000 0.5363695709 -0.0682575562 1.5103199521 7.0418785536 0.5363695709 -0.0366112761 3.7770493784 0.0001828457
0.2820000000 0.5363695446 -0.0682575660 1.5103199413 7.0418788496 0.5363695446 -0.0366112796 3.7770493517 0.0001954070
0.2830000000 0.5363695203 -0.0682575762 1.5103199310 7.0418791217 0.5363695203 -0.0366112834 3.7770493262 0.0002016537
0.2840000000 0.5363694979 -0.0682575868 1.5103199213 7.0418793703 0.5363694979 -0.0366112876 3.7770493023 0.0002010547
0.2850000000 0.5363694776 -0.0682575977 1.5103199122 7.0418795951 0.5363694776 -0.0366112920 3.7770492800 0.0001979601
0.2860000000 0.5363694593 -0.0682576086 1.5103199036 7.0418797962 0.5363694593 -0.0366112966 3.7770492587 0.0001978438
0.2870000000 0.5363694429 -0.0682576196 1.5103198953 7.0418799733 0.5363694429 -0.0366113014 3.7770492385 0.0002011259
0.2880000000 0.5363694286 -0.0682576307 1.5103198877 7.0418801267 0.5363694286 -0.0366113064 3.7770492197 0.0002041216
0.2890000000 0.5363694162 -0.0682576420 1.5103198806 7.0418802567 0.5363694162 -0.0366113116 3.7770492025 0.0002040181
0.2900000000 0.5363694059 -0.0682576535 1.5103198742 7.0418803632 0.5363694059 -0.0366113171 3.7770491869 0.0002000387
0.2910000000 0.5363693975 -0.0682576650 1.5103198683 7.0418804461 0.5363693975 -0.0366113227 3.7770491723 0.0001948597
0.2920000000 0.5363693910 -0.0682576763 1.5103198625 7.0418805053 0.5363693910 -0.0366113283 3.7770491585 0.0001919587
0.2930000000 0.5363693864 -0.0682576874 1.5103198570 7.0418805408 0.5363693864 -0.0366113339 3.7770491450 0.0001906193
0.2940000000 0.5363693837 -0.0682576982 1.5103198516 7.0418805528 0.5363693837 -0.0366113395 3.7770491320 0.0001887536
0.2950000000 0.5363693827 -0.0682577087 1.5103198464 7.0418805414 0.5363693827 -0.0366113451 3.7770491193 0.0001851393
0.2960000000 0.5363693836 -0.0682577189 1.5103198412 7.0418805067 0.5363693836 -0.0366113506 3.7770491066 0.0001790931
0.2970000000 0.5363693861 -0.0682577285 1.5103198358 7.0418804489 0.5363693861 -0.0366113559 3.7770490936 0.0001727529
0.2980000000 0.5363693904 -0.0682577375 1.5103198303 7.0418803680 0.5363693904 -0.0366113610 3.7770490801 0.0001681534
0.2990000000 0.5363693962 -0.0682577458 1.5103198245 7.0418802643 0.5363693962 -0.0366113659 3.7770490658 0.0001644157
0.3000000000 0.5363694037 -0.0682577534 1.5103198184 7.0418801382 0.5363694037 -0.0366113705 3.7770490508 0.0001605709
0.3010000000 0.5363694128 -0.0682577603 1.5103198120 7.0418799902 0.5363694128 -0.0366113748 3.7770490352 0.0001560697
0.3020000000 0.5363694233 -0.0682577666 1.5103198053 7.0418798207 0.5363694233 -0.0366113789 3.7770490187 0.0001507957
0.3030000000 0.5363694354 -0.0682577721 1.5103197983 7.0418796301 0.5363694354 -0.0366113827 3.7770490014 0.0001460057
0.3040000000 0.5363694489 -0.0682577769 1.5103197910 7.0418794190 0.5363694489 -0.0366113862 3.7770489833 0.0001421557
0.3050000000 0.5363694638 -0.0682577810 1.5103197834 7.0418791881 0.5363694638 -0.0366113894 3.7770489645 0.0001383567
0.3060000000 0.5363694801 -0.0682577845 1.5103197755 7.0418789381 0.5363694801 -0.0366113924 3.7770489451 0.0001341984
0.3070000000 0.5363694978 -0.0682577875 1.5103197676 7.0418786699 0.5363694978 -0.0366113952 3.7770489254 0.0001296523
0.3080000000 0.5363695167 -0.0682577900 1.5103197596 7.0418783843 0.5363695167 -0.0366113978 3.7770489055 0.0001246989
0.3090000000 0.5363695369 -0.0682577920 1.5103197515 7.0418780821 0.5363695369 -0.0366114003 3.7770488855 0.0001197311
0.3100000000 0.5363695582 -0.0682577937 1.5103197436 7.0418777644 0.5363695582 -0.0366114026 3.7770488657 0.0001149966
0.3110000000 0.5363695808 -0.0682577951 1.5103197357 7.0418774322 0.5363695808 -0.0366114049 3.7770488462 0.0001099692
0.3120000000 0.5363696044 -0.0682577963 1.5103197282 7.0418770866 0.5363696044 -0.0366114072 3.7770488274 0.0001042776
0.3130000000 0.5363696291 -0.0682577974 1.5103197209 7.0418767287 0.5363696291 -0.0366114095 3.7770488094 0.0000980731
0.3140000000 0.5363696548 -0.0682577985 1.5103197141 7.0418763596 0.5363696548 -0.0366114118 3.7770487924 0.0000915329
0.3150000000 0.5363696815 -0.0682577996 1.5103197077 7.0418759805 0.5363696815 -0.0366114142 3.7770487766 0.0000846466
0.3160000000 0.5363697090 -0.0682578007 1.5103197018 7.0418755925 0.5363697090 -0.0366114167 3.7770487620 0.0000773236
0.3170000000 0.5363697372 -0.0682578020 1.5103196965 7.0418751967 0.5363697372 -0.0366114193 3.7770487488 0.0000692767
0.3180000000 0.5363697662 -0.0682578033 1.5103196918 7.0418747943 0.5363697662 -0.0366114220 3.7770487371 0.0000602114
0.3190000000 0.5363697958 -0.0682578048 1.5103196876 7.0418743865 0.5363697958 -0.0366114248 3.7770487268 0.0000493701
0.3200000000 0.5363698259 -0.0682578064 1.5103196840 7.0418739746 0.5363698259 -0.0366114277 3.7770487178 0.0000355518
0.3210000000 0.5363698564 -0.0682578080 1.5103196808 7.0418735603 0.5363698564 -0.0366114307 3.7770487100 0.0000161226
0.3220000000 0.5363698870 -0.0682578096 1.5103196781 7.0418731459 0.5363698870 -0.0366114336 3.7770487034 0.0000139605
0.3230000000 0.5363699174 -0.0682578112 1.5103196758 7.0418727353 0.5363699174 -0.0366114365 3.7770486977 0.0000615337
0.3240000000 0.5363699473 -0.0682578126 1.5103196738 7.0418723345 0.5363699473 -0.0366114394 3.7770486928 0.0001355870
0.3250000000 0.5363699757 -0.0682578139 1.5103196720 7.0418719530 0.5363699757 -0.0366114420 3.7770486885 0.0002450157
0.3260000000 0.5363700017 -0.0682578150 1.5103196704 7.0418716051 0.5363700017 -0.0366114443 3.7770486847 0.0003915037
0.3270000000 0.5363700237 -0.0682578157 1.5103196690 7.0418713098 0.5363700237 -0.0366114462 3.7770486812 0.0005614393
0.3280000000 0.5363700400 -0.0682578162 1.5103196676 7.0418710886 0.5363700400 -0.0366114476 3.7770486778 0.0007238477
0.3290000000 0.5363700493 -0.0682578162 1.5103196663 7.0418709614 0.5363700493 -0.0366114482 3.7770486744 0.0008404712
0.3300000000 0.5363700503 -0.0682578158 1.5103196649 7.0418709414 0.5363700503 -0.0366114481 3.7770486709 0.0008686974
0.3310000000 0.5363700429 -0.0682578150 1.5103196634 7.0418710318 0.5363700429 -0.0366114471 3.7770486673 0.0007951982
0.3320000000 0.5363700276 -0.0682578136 1.5103196619 7.0418712245 0.5363700276 -0.0366114454 3.7770486634 0.0006359442
0.3330000000 0.5363700061 -0.0682578118 1.5103196603 7.0418714999 0.5363700061 -0.0366114429 3.7770486592 0.0004051580
0.3340000000 0.5363699804 -0.0682578095 1.5103196585 7.0418718282 0.5363699804 -0.0366114399 3.7770486547 0.0001328357
0.3350000000 0.5363699534 -0.0682578067 1.5103196567 7.0418721733 0.5363699534 -0.0366114366 3.7770486498 0.0001207603
0.3360000000 0.5363699277 -0.0682578034 1.5103196546 7.0418725017 0.5363699277 -0.0366114331 3.7770486446 0.0002445909
0.3370000000 0.5363699044 -0.0682577995 1.5103196525 7.0418727970 0.5363699044 -0.0366114294 3.7770486391 0.0002291780
0.3380000000 0.5363698835 -0.0682577953 1.5103196503 7.0418730617 0.5363698835 -0.0366114257 3.7770486334 0.0001901282
0.3390000000 0.5363698644 -0.0682577905 1.5103196481 7.0418733012 0.5363698644 -0.0366114218 3.7770486276 0.0001920044
0.3400000000 0.5363698473 -0.0682577854 1.5103196459 7.0418735154 0.5363698473 -0.0366114179 3.7770486218 0.0002029108
0.3410000000 0.5363698321 -0.0682577800 1.5103196436 7.0418737032 0.5363698321 -0.0366114140 3.7770486160 0.0002019757
0.3420000000 0.5363698190 -0.0682577744 1.5103196415 7.0418738652 0.5363698190 -0.0366114101 3.7770486105 0.0002071696
0.3430000000 0.5363698079 -0.0682577685 1.5103196396 7.0418740013 0.5363698079 -0.0366114062 3.7770486055 0.0002095520
0.3440000000 0.5363697989 -0.0682577625 1.5103196380 7.0418741117 0.5363697989 -0.0366114023 3.7770486012 0.0002118403
0.3450000000 0.5363697920 -0.0682577565 1.5103196368 7.0418741965 0.5363697920 -0.0366113986 3.7770485979 0.0002136535
0.3460000000 0.5363697871 -0.0682577505 1.5103196359 7.0418742559 0.5363697871 -0.0366113951 3.7770485955 0.0002154084
0.3470000000 0.5363697843 -0.0682577446 1.5103196355 7.0418742899 0.5363697843 -0.0366113918 3.7770485943 0.0002176048
0.3480000000 0.5363697837 -0.0682577390 1.5103196356 7.0418742987 0.5363697837 -0.0366113887 3.7770485944 0.0002191488
0.3490000000 0.5363697851 -0.0682577335 1.5103196364 7.0418742826 0.5363697851 -0.0366113859 3.7770485960 0.0002189100
0.3500000000 0.5363697887 -0.0682577282 1.5103196378 7.0418742418 0.5363697887 -0.0366113833 3.7770485993 0.0002165340
0.3510000000 0.5363697944 -0.0682577232 1.5103196398 7.0418741765 0.5363697944 -0.0366113809 3.7770486043 0.0002124562
0.3520000000 0.5363698022 -0.0682577184 1.5103196424 7.0418740867 0.5363698022 -0.0366113789 3.7770486107 0.0002080533
0.3530000000 0.5363698120 -0.0682577138 1.5103196456 7.0418739726 0.5363698120 -0.0366113771 3.7770486185 0.0002042053
0.3540000000 0.5363698238 -0.0682577096 1.5103196492 7.0418738343 0.5363698238 -0.0366113756 3.7770486274 0.0002010696
0.3550000000 0.5363698375 -0.0682577054 1.5103196533 7.0418736723 0.5363698375 -0.0366113744 3.7770486375 0.0001978099
0.3560000000 0.5363698533 -0.0682577013 1.5103196579 7.0418734867 0.5363698533 -0.0366113732 3.7770486488 0.0001925698
0.3570000000 0.5363698709 -0.0682576971 1.5103196629 7.0418732780 0.5363698709 -0.0366113722 3.7770486612 0.0001848221
0.3580000000 0.5363698904 -0.0682576927 1.5103196681 7.0418730463 0.5363698904 -0.0366113712 3.7770486742 0.0001758453
0.3590000000 0.5363699117 -0.0682576882 1.5103196735 7.0418727919 0.5363699117 -0.0366113702 3.7770486875 0.0001672409
0.3600000000 0.5363699346 -0.0682576837 1.5103196788 7.0418725151 0.5363699346 -0.0366113693 3.7770487005 0.0001606490
0.3610000000 0.5363699592 -0.0682576789 1.5103196839 7.0418722163 0.5363699592 -0.0366113684 3.7770487132 0.0001564720
0.3620000000 0.5363699853 -0.0682576738 1.5103196888 7.0418718963 0.5363699853 -0.0366113675 3.7770487255 0.0001526938
0.3630000000 0.5363700130 -0.0682576681 1.5103196938 7.0418715556 0.5363700130 -0.0366113663 3.7770487377 0.0001469101
0.3640000000 0.5363700421 -0.0682576618 1.5103196987 7.0418711952 0.5363700421 -0.0366113649 3.7770487498 0.0001380762
0.3650000000 0.5363700727 -0.0682576549 1.5103197035 7.0418708157 0.5363700727 -0.0366113633 3.7770487615 0.0001267205
0.3660000000 0.5363701046 -0.0682576475 1.5103197079 7.0418704177 0.5363701046 -0.0366113615 3.7770487726 0.0001153305
0.3670000000 0.5363701377 -0.0682576398 1.5103197120 7.0418700018 0.5363701377 -0.0366113596 3.7770487824 0.0001069217
0.3680000000 0.5363701718 -0.0682576319 1.5103197154 7.0418695691 0.5363701718 -0.0366113577 3.7770487909 0.0001025958
0.3690000000 0.5363702071 -0.0682576237 1.5103197185 7.0418691206 0.5363702071 -0.0366113558 3.7770487984 0.0001010610
0.3700000000 0.5363702433 -0.0682576151 1.5103197214 7.0418686578 0.5363702433 -0.0366113536 3.7770488055 0.0000994049
0.3710000000 0.5363702806 -0.0682576060 1.5103197245 7.0418681823 0.5363702806 -0.0366113513 3.7770488129 0.0000943305
0.3720000000 0.5363703189 -0.0682575962 1.5103197279 7.0418676953 0.5363703189 -0.0366113487 3.7770488212 0.0000841256
0.3730000000 0.5363703580 -0.0682575861 1.5103197316 7.0418671982 0.5363703580 -0.0366113459 3.7770488302 0.0000698908
0.3740000000 0.5363703979 -0.0682575758 1.5103197355 7.0418666920 0.5363703979 -0.0366113431 3.7770488395 0.0000549992
0.3750000000 0.5363704384 -0.0682575659 1.5103197392 7.0418661776 0.5363704384 -0.0366113405 3.7770488486 0.0000433283
0.3760000000 0.5363704793 -0.0682575565 1.5103197427 7.0418656562 0.5363704793 -0.0366113383 3.7770488571 0.0000372763
0.3770000000 0.5363705206 -0.0682575478 1.5103197461 7.0418651293 0.5363705206 -0.0366113364 3.7770488653 0.0000367851
0.3780000000 0.5363705623 -0.0682575395 1.5103197497 7.0418645984 0.5363705623 -0.0366113348 3.7770488741 0.0000391039
0.3790000000 0.5363706044 -0.0682575314 1.5103197540 7.0418640653 0.5363706044 -0.0366113333 3.7770488845 0.0000395322
0.3800000000 0.5363706468 -0.0682575231 1.5103197593 7.0418635320 0.5363706468 -0.0366113318 3.7770488976 0.0000332959
0.3810000000 0.5363706897 -0.0682575145 1.5103197659 7.0418630000 0.5363706897 -0.0366113301 3.7770489139 0.0000166559
0.3820000000 0.5363707327 -0.0682575058 1.5103197736 7.0418624711 0.5363707327 -0.0366113284 3.7770489331 0.0000132884
0.3830000000 0.5363707756 -0.0682574972 1.5103197822 7.0418619475 0.5363707756 -0.0366113267 3.7770489543 0.0000592718
0.3840000000 0.5363708179 -0.0682574892 1.5103197910 7.0418614331 0.5363708179 -0.0366113253 3.7770489761 0.0001253491
0.3850000000 0.5363708588 -0.0682574822 1.5103197996 7.0418609346 0.5363708588 -0.0366113244 3.7770489973 0.0002174715
0.3860000000 0.5363708976 -0.0682574765 1.5103198075 7.0418604630 0.5363708976 -0.0366113239 3.7770490170 0.0003391693
0.3870000000 0.5363709328 -0.0682574718 1.5103198147 7.0418600346 0.5363709328 -0.0366113238 3.7770490351 0.0004844035
0.3880000000 0.5363709629 -0.0682574679 1.5103198216 7.0418596697 0.5363709629 -0.0366113238 3.7770490520 0.0006328466
0.3890000000 0.5363709867 -0.0682574641 1.5103198284 7.0418593897 0.5363709867 -0.0366113234 3.7770490690 0.0007551139
0.3900000000 0.5363710028 -0.0682574598 1.5103198358 7.0418592120 0.5363710028 -0.0366113222 3.7770490875 0.0008250786
0.3910000000 0.5363710108 -0.0682574544 1.5103198443 7.0418591463 0.5363710108 -0.0366113198 3.7770491085 0.0008277845
0.3920000000 0.5363710108 -0.0682574475 1.5103198542 7.0418591923 0.5363710108 -0.0366113161 3.7770491329 0.0007505930
0.3930000000 0.5363710035 -0.0682574391 1.5103198653 7.0418593399 0.5363710035 -0.0366113111 3.7770491605 0.0006028733
0.3940000000 0.5363709903 -0.0682574292 1.5103198776 7.0418595698 0.5363709903 -0.0366113049 3.7770491907 0.0004090588
0.3950000000 0.5363709730 -0.0682574184 1.5103198903 7.0418598549 0.5363709730 -0.0366112979 3.7770492222 0.0001940943
0.3960000000 0.5363709539 -0.0682574073 1.5103199029 7.0418601643 0.5363709539 -0.0366112906 3.7770492533 0.0000031831
0.3970000000 0.5363709347 -0.0682573965 1.5103199147 7.0418604696 0.5363709347 -0.0366112835 3.7770492821 0.0000915008
0.3980000000 0.5363709165 -0.0682573866 1.5103199248 7.0418607553 0.5363709165 -0.0366112770 3.7770493071 0.0000521701
0.3990000000 0.5363708988 -0.0682573783 1.5103199329 7.0418610243 0.5363708988 -0.0366112714 3.7770493268 0.0000384588
0.4000000000 0.5363708807 -0.0682573718 1.5103199384 7.0418612869 0.5363708807 -0.0366112666 3.7770493405 0.0000827530
0.4010000000 0.5363708619 -0.0682573674 1.5103199414 7.0418615481 0.5363708619 -0.0366112630 3.7770493476 0.0000716024
0.4020000000 0.5363708423 -0.0682573651 1.5103199417 7.0418618066 0.5363708423 -0.0366112604 3.7770493482 0.0000653165
0.4030000000 0.5363708220 -0.0682573649 1.5103199395 7.0418620623 0.5363708220 -0.0366112589 3.7770493427 0.0000854661
0.4040000000 0.5363708009 -0.0682573664 1.5103199351 7.0418623192 0.5363708009 -0.0366112583 3.7770493317 0.0000989752
0.4050000000 0.5363707787 -0.0682573697 1.5103199288 7.0418625807 0.5363707787 -0.0366112585 3.7770493162 0.0001015214
0.4060000000 0.5363707556 -0.0682573743 1.5103199211 7.0418628489 0.5363707556 -0.0366112594 3.7770492969 0.0001138540
0.4070000000 0.5363707313 -0.0682573800 1.5103199122 7.0418631272 0.5363707313 -0.0366112608 3.7770492749 0.0001277779
0.4080000000 0.5363707056 -0.0682573868 1.5103199026 7.0418634191 0.5363707056 -0.0366112627 3.7770492511 0.0001421138
0.4090000000 0.5363706786 -0.0682573942 1.5103198926 7.0418637280 0.5363706786 -0.0366112649 3.7770492262 0.0001616110
0.4100000000 0.5363706499 -0.0682574024 1.5103198824 7.0418640578 0.5363706499 -0.0366112673 3.7770492009 0.0001831917
0.4110000000 0.5363706193 -0.0682574110 1.5103198722 7.0418644126 0.5363706193 -0.0366112698 3.7770491758 0.0002087199
0.4120000000 0.5363705865 -0.0682574201 1.5103198623 7.0418647967 0.5363705865 -0.0366112725 3.7770491513 0.0002376102
0.4130000000 0.5363705514 -0.0682574296 1.5103198528 7.0418652147 0.5363705514 -0.0366112752 3.7770491278 0.0002701630
0.4140000000 0.5363705134 -0.0682574395 1.5103198438 7.0418656717 0.5363705134 -0.0366112778 3.7770491056 0.0003064012
0.4150000000 0.5363704722 -0.0682574496 1.5103198353 7.0418661730 0.5363704722 -0.0366112805 3.7770490846 0.0003463599
0.4160000000 0.5363704274 -0.0682574599 1.5103198274 7.0418667245 0.5363704274 -0.0366112830 3.7770490650 0.0003900755
0.4170000000 0.5363703785 -0.0682574705 1.5103198200 7.0418673326 0.5363703785 -0.0366112853 3.7770490468 0.0004376757
0.4180000000 0.5363703250 -0.0682574811 1.5103198131 7.0418680040 0.5363703250 -0.0366112873 3.7770490299 0.0004892651
0.4190000000 0.5363702662 -0.0682574919 1.5103198067 7.0418687465 0.5363702662 -0.0366112891 3.7770490141 0.0005449193
0.4200000000 0.5363702015 -0.0682575025 1.5103198007 7.0418695682 0.5363702015 -0.0366112904 3.7770489993 0.0006046968
0.4210000000 0.5363701302 -0.0682575131 1.5103197949 7.0418704783 0.5363701302 -0.0366112912 3.7770489852 0.0006686334
0.4220000000 0.5363700514 -0.0682575234 1.5103197894 7.0418714867 0.5363700514 -0.0366112914 3.7770489716 0.0007368099
0.4230000000 0.5363699644 -0.0682575335 1.5103197841 7.0418726044 0.5363699644 -0.0366112908 3.7770489584 0.0008093849
0.4240000000 0.5363698682 -0.0682575432 1.5103197788 7.0418738434 0.5363698682 -0.0366112895 3.7770489453 0.0008865192
0.4250000000 0.5363697617 -0.0682575524 1.5103197734 7.0418752171 0.5363697617 -0.0366112871 3.7770489320 0.0009684448
0.4260000000 0.5363696437 -0.0682575612 1.5103197680 7.0418767402 0.5363696437 -0.0366112838 3.7770489184 0.0010554095
0.4270000000 0.5363695131 -0.0682575693 1.5103197623 7.0418784290 0.5363695131 -0.0366112792 3.7770489043 0.0011475929
0.4280000000 0.5363693684 -0.0682575767 1.5103197565 7.0418803018 0.5363693684 -0.0366112733 3.7770488895 0.0012451230
0.4290000000 0.5363692080 -0.0682575835 1.5103197503 7.0418823787 0.5363692080 -0.0366112660 3.7770488740 0.0013481004
0.4300000000 0.5363690302 -0.0682575896 1.5103197438 7.0418846822 0.5363690302 -0.0366112571 3.7770488577 0.0014566339
0.4310000000 0.5363688331 -0.0682575949 1.5103197371 7.0418872374 0.5363688331 -0.0366112466 3.7770488405 0.0015708123
0.4320000000 0.5363686146 -0.0682575996 1.5103197300 7.0418900723 0.5363686146 -0.0366112341 3.7770488225 0.0016907103
0.4330000000 0.5363683724 -0.0682576036 1.5103197227 7.0418932182 0.5363683724 -0.0366112197 3.7770488037 0.0018163837
0.4340000000 0.5363681036 -0.0682576069 1.5103197151 7.0418967099 0.5363681036 -0.0366112032 3.7770487843 0.0019479235
0.4350000000 0.5363678055 -0.0682576096 1.5103197074 7.0419005866 0.5363678055 -0.0366111843 3.7770487644 0.0020854176
0.4360000000 0.5363674747 -0.0682576119 1.5103196996 7.0419048924 0.5363674747 -0.0366111629 3.7770487442 0.0022288850
0.4370000000 0.5363671074 -0.0682576137 1.5103196918 7.0419096767 0.5363671074 -0.0366111388 3.7770487239 0.0023780065
0.4380000000 0.5363666995 -0.0682576152 1.5103196841 7.0419149951 0.5363666995 -0.0366111118 3.7770487038 0.0025313121
0.4390000000 0.5363662461 -0.0682576164 1.5103196766 7.0419209101 0.5363662461 -0.0366110815 3.7770486840 0.0026842949
0.4400000000 0.5363657422 -0.0682576175 1.5103196694 7.0419274906 0.5363657422 -0.0366110477 3.7770486649 0.0028233306
0.4410000000 0.5363651821 -0.0682576186 1.5103196626 7.0419348095 0.5363651821 -0.0366110100 3.7770486466 0.0029098050
0.4420000000 0.5363645610 -0.0682576196 1.5103196562 7.0419429326 0.5363645610 -0.0366109682 3.7770486293 0.0028287565
0.4430000000 0.5363638771 -0.0682576208 1.5103196504 7.0419518815 0.5363638771 -0.0366109221 3.7770486133 0.0021778277
0.4440000000 0.5363631428 -0.0682576221 1.5103196452 7.0419614945 0.5363631428 -0.0366108727 3.7770485987 0.0018592578
0.4450000000 0.5363624538 -0.0682576235 1.5103196407 7.0419705166 0.5363624538 -0.0366108264 3.7770485857 0.0111491181
0.4460000000 0.5363619969 -0.0682576251 1.5103196367 7.0419764948 0.5363619969 -0.0366107961 3.7770485749 0.0200239965
0.4470000000 0.5363618506 -0.0682576268 1.5103196334 7.0419783993 0.5363618506 -0.0366107870 3.7770485663 0.0272646343
0.4480000000 0.5363620611 -0.0682576287 1.5103196307 7.0419756246 0.5363620611 -0.0366108024 3.7770485601 0.0272172541
0.4490000000 0.5363627754 -0.0682576307 1.5103196285 7.0419662394 0.5363627754 -0.0366108522 3.7770485564 0.0252775459
0.4500000000 0.5363642701 -0.0682576327 1.5103196269 7.0419466144 0.5363642701 -0.0366109553 3.7770485557 0.0238218165
0.4510000000 0.5363669512 -0.0682576346 1.5103196256 7.0419114191 0.5363669512 -0.0366111394 3.7770485588 0.0227202717
0.4520000000 0.5363714130 -0.0682576364 1.5103196246 7.0418528562 0.5363714130 -0.0366114449 3.7770485669 0.0218647447
0.4530000000 0.5363785200 -0.0682576380 1.5103196239 7.0417595800 0.5363785200 -0.0366119309 3.7770485816 0.0211718751
0.4540000000 0.5363895211 -0.0682576393 1.5103196232 7.0416152011 0.5363895211 -0.0366126825 3.7770486057 0.0205875382
0.4550000000 0.5364062077 -0.0682576402 1.5103196226 7.0413962201 0.5364062077 -0.0366138219 3.7770486430 0.0200771428
0.4560000000 0.5364311293 -0.0682576407 1.5103196219 7.0410691946 0.5364311293 -0.0366155233 3.7770486995 0.0196175487
0.4570000000 0.5364678885 -0.0682576407 1.5103196212 7.0405868913 0.5364678885 -0.0366180324 3.7770487833 0.0191927331
0.4580000000 0.5365215368 -0.0682576401 1.5103196203 7.0398831112 0.5365215368 -0.0366216940 3.7770489060 0.0187913806
0.4590000000 0.5365991037 -0.0682576389 1.5103196193 7.0388658094 0.5365991037 -0.0366269879 3.7770490841 0.0184053709
0.4600000000 0.5367102936 -0.0682576372 1.5103196181 7.0374080494 0.5367102936 -0.0366345765 3.7770493401 0.0180287801
0.4610000000 0.5368683971 -0.0682576350 1.5103196167 7.0353362674 0.5368683971 -0.0366453671 3.7770497049 0.0176572102
0.4620000000 0.5370914655 -0.0682576322 1.5103196152 7.0324152646 0.5370914655 -0.0366605917 3.7770502207 0.0172873299
0.4630000000 0.5374038075 -0.0682576289 1.5103196136 7.0283293328 0.5374038075 -0.0366819096 3.7770509442 0.0169165557
0.4640000000 0.5378378704 -0.0682576251 1.5103196120 7.0226589808 0.5378378704 -0.0367115357 3.7770519510 0.0165428261
0.4650000000 0.5384365700 -0.0682576209 1.5103196102 7.0148529129 0.5384365700 -0.0367523992 3.7770533413 0.0161644382
0.4660000000 0.5392561294 -0.0682576162 1.5103196085 7.0041952980 0.5392561294 -0.0368083379 3.7770552461 0.0157799289
0.4670000000 0.5403694763 -0.0682576113 1.5103196069 6.9897690396 0.5403694763 -0.0368843297 3.7770578353 0.0153879844
0.4680000000 0.5418702231 -0.0682576061 1.5103196053 6.9704168386 0.5418702231 -0.0369867642 3.7770613273 0.0149873696
0.4690000000 0.5438772198 -0.0682576006 1.5103196039 6.9447034394 0.5438772198 -0.0371237540 3.7770659989 0.0145768708
0.4700000000 0.5465396100 -0.0682575949 1.5103196027 6.9108846439 0.5465396100 -0.0373054793 3.7770721978 0.0141552444
0.4710000000 0.5500422413 -0.0682575891 1.5103196017 6.8668914341 0.5500422413 -0.0375445573 3.7770803549 0.0137211692
0.4720000000 0.5546111745 -0.0682575832 1.5103196012 6.8103405955 0.5546111745 -0.0378564184 3.7770909967 0.0132731964
0.4730000000 0.5605188989 -0.0682575773 1.5103196010 6.7385859178 0.5605188989 -0.0382596620 3.7771047584 0.0128096941
0.4740000000 0.5680886908 -0.0682575714 1.5103196013 6.6488251826 0.5680886908 -0.0387763544 3.7771223932 0.0123287803
0.4750000000 0.5776973618 -0.0682575657 1.5103196022 6.5382759712 0.5776973618 -0.0394322156 3.7771447790 0.0118282373
0.4760000000 0.5897754170 -0.0682575602 1.5103196037 6.4044258373 0.5897754170 -0.0402566311 3.7771729190 0.0113053974
0.4770000000 0.6048034202 -0.0682575550 1.5103196060 6.2453481691 0.6048034202 -0.0412824027 3.7772079329 0.0107569820
0.4780000000 0.6233031312 -0.0682575500 1.5103196091 6.0600546460 0.6233031312 -0.0425451446 3.7772510363 0.0101788690
0.4790000000 0.6458217829 -0.0682575452 1.5103196130 5.8488326101 0.6458217829 -0.0440822096 3.7773035043 0.0095657370
0.4800000000 0.6729076974 -0.0682575407 1.5103196180 5.6134988931 0.6729076974 -0.0459310245 3.7773666143 0.0089105005
0.4810000000 0.7050753238 -0.0682575364 1.5103196238 5.3575007338 0.7050753238 -0.0481267046 3.7774415647 0.0082033561
0.4820000000 0.7427576520 -0.0682575324 1.5103196306 5.0858168263 0.7427576520 -0.0506988045 3.7775293642 0.0074300560
0.4830000000 0.7862436380 -0.0682575284 1.5103196383 4.8046566018 0.7862436380 -0.0536670475 3.7776306858 0.0065684644
0.4840000000 0.8355971786 -0.0682575244 1.5103196470 4.5210129654 0.8355971786 -0.0570357948 3.7777456785 0.0055807133
0.4850000000 0.8905502741 -0.0682575201 1.5103196565 4.2421790522 0.8905502741 -0.0607867533 3.7778737177 0.0043916456
0.4860000000 0.9503485143 -0.0682575154 1.5103196668 3.9753974347 0.9503485143 -0.0648684284 3.7780130459 0.0028087742
0.4870000000 1.0134601873 -0.0682575102 1.5103196777 3.7279807747 1.0134601873 -0.0691762691 3.7781600942 0.0001145390
0.4880000000 1.0764074263 -0.0682575043 1.5103196888 3.5101084103 1.0764074263 -0.0734728845 3.7783067598 0.0042157367
0.4890000000 1.1344311546 -0.0682574977 1.5103196997 3.3306930439 1.1344311546 -0.0774334320 3.7784419553 0.0056500431
0.4900000000 1.1864620029 -0.0682574902 1.5103197101 3.1847317317 1.1864620029 -0.0809849186 3.7785631890 0.0067258685
0.4910000000 1.2321597827 -0.0682574815 1.5103197204 3.0667042715 1.2321597827 -0.0841041236 3.7786696688 0.0076308305
0.4920000000 1.2715990758 -0.0682574714 1.5103197304 2.9716611472 1.2715990758 -0.0867961376 3.7787615683 0.0084323029
0.4930000000 1.3051128420 -0.0682574602 1.5103197398 2.8954122133 1.3051128420 -0.0890836879 3.7788396625 0.0091593300
0.4940000000 1.3331927414 -0.0682574484 1.5103197482 2.8344777004 1.3331927414 -0.0910003348 3.7789050959 0.0098289943
0.4950000000 1.3564159312 -0.0682574363 1.5103197559 2.7859885205 1.3564159312 -0.0925854740 3.7789592133 0.0104526633
0.4960000000 1.3753910005 -0.0682574240 1.5103197636 2.7475848202 1.3753910005 -0.0938806467 3.7790034346 0.0110383324
0.4970000000 1.3907193226 -0.0682574115 1.5103197728 2.7173269997 1.3907193226 -0.0949269011 3.7790391642 0.0115918638
0.4980000000 1.4029689073 -0.0682573990 1.5103197844 2.6936218674 1.4029689073 -0.0957630085 3.7790677279 0.0121177051
0.4990000000 1.4126582048 -0.0682573869 1.5103197987 2.6751625561 1.4126582048 -0.0964243576 3.7790903340 0.0126193235
0.5000000000 1.4202475997 -0.0682573759 1.5103198152 2.6608797332 1.4202475997 -0.0969423743 3.7791080541 0.0130994798
0.5010000000 1.4261366141 -0.0682573665 1.5103198333 2.6499016852 1.4261366141 -0.0973443296 3.7791218170 0.0135604093
0.5020000000 1.4306651374 -0.0682573589 1.5103198524 2.6415212859 1.4306651374 -0.0976534237 3.7791324133 0.0140039463
0.5030000000 1.4341173019 -0.0682573525 1.5103198724 2.6351683365 1.4341173019 -0.0978890502 3.7791405047 0.0144316120
0.5040000000 1.4367269181 -0.0682573463 1.5103198937 2.6303861846 1.4367269181 -0.0980671668 3.7791466365 0.0148446791
0.5050000000 1.4386836454 -0.0682573393 1.5103199165 2.6268118520 1.4386836454 -0.0982007177 3.7791512510 0.0152442179
0.5060000000 1.4401393088 -0.0682573306 1.5103199408 2.6241591204 1.4401393088 -0.0983000649 3.7791547019 0.0156311291
0.5070000000 1.4412139624 -0.0682573197 1.5103199660 2.6222041736 1.4412139624 -0.0983734022 3.7791572673 0.0160061639
0.5080000000 1.4420014517 -0.0682573070 1.5103199910 2.6207734803 1.4420014517 -0.0984271358 3.7791591632 0.0163699353
0.5090000000 1.4425743449 -0.0682572931 1.5103200146 2.6197336510 1.4425743449 -0.0984662199 3.7791605553 0.0167229192
0.5100000000 1.4429881842 -0.0682572791 1.5103200353 2.6189830320 1.4429881842 -0.0984944472 3.7791615697 0.0170654471
0.5110000000 1.4432850682 -0.0682572661 1.5103200519 2.6184448138 1.4432850682 -0.0985146929 3.7791623016 0.0173976847
0.5120000000 1.4434966104 -0.0682572549 1.5103200637 2.6180614458 1.4434966104 -0.0985291160 3.7791628227 0.0177195883
0.5130000000 1.4436463401 -0.0682572460 1.5103200701 2.6177901621 1.4436463401 -0.0985393234 3.7791631866 0.0180308168
0.5140000000 1.4437516210 -0.0682572399 1.5103200710 2.6175994391 1.4437516210 -0.0985465007 3.7791634335 0.0183305695
0.5150000000 1.4438251622 -0.0682572363 1.5103200667 2.6174662230 1.4438251622 -0.0985515152 3.7791635939 0.0186173187
0.5160000000 1.4438761925 -0.0682572351 1.5103200582 2.6173737825 1.4438761925 -0.0985549967 3.7791636914 0.0188884074
0.5170000000 1.4439113630 -0.0682572364 1.5103200468 2.6173100659 1.4439113630 -0.0985573992 3.7791637448 0.0191395059
0.5180000000 1.4439354319 -0.0682572400 1.5103200338 2.6172664549 1.4439354319 -0.0985590473 3.7791637688 0.0193639201
0.5190000000 1.4439517786 -0.0682572459 1.5103200209 2.6172368296 1.4439517786 -0.0985601716 3.7791637752 0.0195516884
0.5200000000 1.4439627872 -0.0682572540 1.5103200091 2.6172168740 1.4439627872 -0.0985609348 3.7791637721 0.0196882181
0.5210000000 1.4439701277 -0.0682572640 1.5103199988 2.6172035640 1.4439701277 -0.0985614502 3.7791637644 0.0197518598
0.5220000000 1.4439749623 -0.0682572750 1.5103199898 2.6171947941 1.4439749623 -0.0985617961 3.7791637542 0.0197093582
0.5230000000 1.4439780951 -0.0682572864 1.5103199814 2.6171891073 1.4439780951 -0.0985620264 3.7791637418 0.0195081101
0.5240000000 1.4439800789 -0.0682572975 1.5103199731 2.6171855012 1.4439800789 -0.0985621778 3.7791637266 0.0190650923
0.5250000000 1.4439812922 -0.0682573079 1.5103199644 2.6171832897 1.4439812922 -0.0985622756 3.7791637087 0.0182563913
0.5260000000 1.4439819933 -0.0682573175 1.5103199554 2.6171820054 1.4439819933 -0.0985623373 3.7791636888 0.0169139423
0.5270000000 1.4439823579 -0.0682573263 1.5103199465 2.6171813303 1.4439823579 -0.0985623750 3.7791636683 0.0148413665
0.5280000000 1.4439825063 -0.0682573345 1.5103199377 2.6171810469 1.4439825063 -0.0985623969 3.7791636474 0.0118299079
0.5290000000 1.4439825220 -0.0682573416 1.5103199285 2.6171810030 1.4439825220 -0.0985624083 3.7791636253 0.0071245647
0.5300000000 1.4439824641 -0.0682573471 1.5103199179 2.6171810900 1.4439824641 -0.0985624122 3.7791635992 0.0008470978
0.5310000000 1.4439823969 -0.0682573503 1.5103199050 2.6171811894 1.4439823969 -0.0985624123 3.7791635670 0.0023197382
0.5320000000 1.4439823546 -0.0682573515 1.5103198900 2.6171812402 1.4439823546 -0.0985624111 3.7791635296 0.0007336782
0.5330000000 1.4439823199 -0.0682573511 1.5103198739 2.6171812750 1.4439823199 -0.0985624081 3.7791634891 0.0004719761
0.5340000000 1.4439822901 -0.0682573499 1.5103198581 2.6171813015 1.4439822901 -0.0985624045 3.7791634494 0.0002309046
0.5350000000 1.4439822627 -0.0682573488 1.5103198438 2.6171813263 1.4439822627 -0.0985624009 3.7791634135 0.0003694782
0.5360000000 1.4439822391 -0.0682573480 1.5103198318 2.6171813483 1.4439822391 -0.0985623982 3.7791633835 0.0008970080
0.5370000000 1.4439822246 -0.0682573479 1.5103198227 2.6171813589 1.4439822246 -0.0985623971 3.7791633607 0.0012231327
0.5380000000 1.4439822220 -0.0682573488 1.5103198169 2.6171813535 1.4439822220 -0.0985623982 3.7791633463 0.0010838469
0.5390000000 1.4439822300 -0.0682573508 1.5103198147 2.6171813355 1.4439822300 -0.0985624016 3.7791633411 0.0007044454
0.5400000000 1.4439822449 -0.0682573540 1.5103198163 2.6171813114 1.4439822449 -0.0985624073 3.7791633454 0.0001871820
0.5410000000 1.4439822616 -0.0682573583 1.5103198214 2.6171812903 1.4439822616 -0.0985624147 3.7791633585 0.0003924391
0.5420000000 1.4439822743 -0.0682573631 1.5103198290 2.6171812807 1.4439822743 -0.0985624225 3.7791633780 0.0006221958
0.5430000000 1.4439822808 -0.0682573676 1.5103198376 2.6171812842 1.4439822808 -0.0985624294 3.7791634001 0.0004411760
0.5440000000 1.4439822830 -0.0682573709 1.5103198456 2.6171812943 1.4439822830 -0.0985624342 3.7791634204 0.0000003835
0.5450000000 1.4439822852 -0.0682573722 1.5103198519 2.6171813013 1.4439822852 -0.0985624363 3.7791634362 0.0004150182
0.5460000000 1.4439822914 -0.0682573715 1.5103198562 2.6171812976 1.4439822914 -0.0985624357 3.7791634470 0.0005530600
0.5470000000 1.4439823030 -0.0682573692 1.5103198593 2.6171812816 1.4439823030 -0.0985624332 3.7791634545 0.0004208417
0.5480000000 1.4439823189 -0.0682573658 1.5103198619 2.6171812572 1.4439823189 -0.0985624294 3.7791634607 0.0000329963
0.5490000000 1.4439823351 -0.0682573615 1.5103198645 2.6171812320 1.4439823351 -0.0985624242 3.7791634667 0.0005258271
0.5500000000 1.4439823460 -0.0682573562 1.5103198669 2.6171812160 1.4439823460 -0.0985624173 3.7791634722 0.0007870957
0.5510000000 1.4439823492 -0.0682573497 1.5103198687 2.6171812128 1.4439823492 -0.0985624081 3.7791634760 0.0006614384
0.5520000000 1.4439823461 -0.0682573418 1.5103198695 2.6171812195 1.4439823461 -0.0985623966 3.7791634775 0.0002811393
0.5530000000 1.4439823402 -0.0682573327 1.5103198697 2.6171812298 1.4439823402 -0.0985623831 3.7791634770 0.0002936514
0.5540000000 1.4439823373 -0.0682573230 1.5103198704 2.6171812354 1.4439823373 -0.0985623688 3.7791634776 0.0007814208
0.5550000000 1.4439823422 -0.0682573137 1.5103198732 2.6171812310 1.4439823422 -0.0985623557 3.7791634837 0.0008679982
0.5560000000 1.4439823555 -0.0682573058 1.5103198798 2.6171812177 1.4439823555 -0.0985623452 3.7791634997 0.0005344060
0.5570000000 1.4439823742 -0.0682572997 1.5103198911 2.6171812030 1.4439823742 -0.0985623377 3.7791635273 0.0001359722
0.5580000000 1.4439823914 -0.0682572950 1.5103199063 2.6171811978 1.4439823914 -0.0985623320 3.7791635648 0.0006558339
0.5590000000 1.4439824021 -0.0682572906 1.5103199236 2.6171812083 1.4439824021 -0.0985623265 3.7791636077 0.0007266360
0.5600000000 1.4439824055 -0.0682572859 1.5103199416 2.6171812328 1.4439824055 -0.0985623199 3.7791636522 0.0004531290
0.5610000000 1.4439824046 -0.0682572805 1.5103199595 2.6171812650 1.4439824046 -0.0985623120 3.7791636965 0.0000723860
0.5620000000 1.4439824045 -0.0682572745 1.5103199777 2.6171812965 1.4439824045 -0.0985623033 3.7791637414 0.0006125421
0.5630000000 1.4439824103 -0.0682572682 1.5103199969 2.6171813186 1.4439824103 -0.0985622947 3.7791637886 0.0007760282
0.5640000000 1.4439824237 -0.0682572617 1.5103200171 2.6171813288 1.4439824237 -0.0985622862 3.7791638385 0.0005428293
0.5650000000 1.4439824425 -0.0682572550 1.5103200380 2.6171813305 1.4439824425 -0.0985622778 3.7791638902 0.0000306715
0.5660000000 1.4439824615 -0.0682572477 1.5103200588 2.6171813316 1.4439824615 -0.0985622685 3.7791639415 0.0005648459
0.5670000000 1.4439824748 -0.0682572389 1.5103200782 2.6171813407 1.4439824748 -0.0985622567 3.7791639893 0.0008356602
0.5680000000 1.4439824799 -0.0682572280 1.5103200954 2.6171813605 1.4439824799 -0.0985622414 3.7791640313 0.0006877583
0.5690000000 1.4439824784 -0.0682572153 1.5103201100 2.6171813877 1.4439824784 -0.0985622229 3.7791640665 0.0002491926
0.5700000000 1.4439824745 -0.0682572012 1.5103201226 2.6171814156 1.4439824745 -0.0985622023 3.7791640967 0.0003895496
0.5710000000 1.4439824744 -0.0682571864 1.5103201346 2.6171814353 1.4439824744 -0.0985621809 3.7791641250 0.0007983149
0.5720000000 1.4439824822 -0.0682571710 1.5103201469 2.6171814417 1.4439824822 -0.0985621592 3.7791641544 0.0007204035
0.5730000000 1.4439824970 -0.0682571553 1.5103201602 2.6171814367 1.4439824970 -0.0985621375 3.7791641860 0.0002828305
0.5740000000 1.4439825147 -0.0682571396 1.5103201746 2.6171814285 1.4439825147 -0.0985621160 3.7791642205 0.0003235942
0.5750000000 1.4439825292 -0.0682571245 1.5103201908 2.6171814292 1.4439825292 -0.0985620953 3.7791642595 0.0006886447
0.5760000000 1.4439825370 -0.0682571106 1.5103202098 2.6171814471 1.4439825370 -0.0985620758 3.7791643057 0.0005851847
0.5770000000 1.4439825391 -0.0682570982 1.5103202323 2.6171814814 1.4439825391 -0.0985620579 3.7791643607 0.0002430469
0.5780000000 1.4439825388 -0.0682570873 1.5103202579 2.6171815255 1.4439825388 -0.0985620422 3.7791644238 0.0002495168
0.5790000000 1.4439825411 -0.0682570782 1.5103202857 2.6171815689 1.4439825411 -0.0985620293 3.7791644923 0.0007232816
0.5800000000 1.4439825503 -0.0682570706 1.5103203145 2.6171816016 1.4439825503 -0.0985620189 3.7791645635 0.0007883255
0.5810000000 1.4439825671 -0.0682570632 1.5103203434 2.6171816207 1.4439825671 -0.0985620093 3.7791646353 0.0004524760
0.5820000000 1.4439825883 -0.0682570546 1.5103203718 2.6171816307 1.4439825883 -0.0985619983 3.7791647053 0.0000703875
0.5830000000 1.4439826088 -0.0682570442 1.5103203989 2.6171816398 1.4439826088 -0.0985619848 3.7791647721 0.0005694065
0.5840000000 1.4439826237 -0.0682570326 1.5103204250 2.6171816573 1.4439826237 -0.0985619690 3.7791648362 0.0006442312
0.5850000000 1.4439826322 -0.0682570202 1.5103204511 2.6171816862 1.4439826322 -0.0985619517 3.7791649002 0.0003797076
0.5860000000 1.4439826370 -0.0682570065 1.5103204779 2.6171817230 1.4439826370 -0.0985619323 3.7791649659 0.0000120224
0.5870000000 1.4439826416 -0.0682569906 1.5103205047 2.6171817600 1.4439826416 -0.0985619096 3.7791650314 0.0003919799
0.5880000000 1.4439826500 -0.0682569721 1.5103205295 2.6171817864 1.4439826500 -0.0985618835 3.7791650916 0.0005391829
0.5890000000 1.4439826639 -0.0682569520 1.5103205503 2.6171817959 1.4439826639 -0.0985618554 3.7791651417 0.0003734998
0.5900000000 1.4439826816 -0.0682569316 1.5103205670 2.6171817915 1.4439826816 -0.0985618272 3.7791651815 0.0000522035
0.5910000000 1.4439826999 -0.0682569115 1.5103205816 2.6171817823 1.4439826999 -0.0985617994 3.7791652160 0.0004935142
0.5920000000 1.4439827133 -0.0682568928 1.5103205960 2.6171817816 1.4439827133 -0.0985617733 3.7791652503 0.0008908900
0.5930000000 1.4439827183 -0.0682568773 1.5103206109 2.6171817974 1.4439827183 -0.0985617512 3.7791652860 0.0008546317
0.5940000000 1.4439827150 -0.0682568667 1.5103206257 2.6171818282 1.4439827150 -0.0985617357 3.7791653220 0.0005246103
0.5950000000 1.4439827066 -0.0682568612 1.5103206393 2.6171818666 1.4439827066 -0.0985617272 3.7791653554 0.0000398683
0.5960000000 1.4439826983 -0.0682568589 1.5103206509 2.6171819014 1.4439826983 -0.0985617233 3.7791653840 0.0005681952
0.5970000000 1.4439826955 -0.0682568575 1.5103206600 2.6171819222 1.4439826955 -0.0985617210 3.7791654067 0.0005596383
0.5980000000 1.4439826982 -0.0682568570 1.5103206662 2.6171819280 1.4439826982 -0.0985617205 3.7791654220 0.0001764843
0.5990000000 1.4439827027 -0.0682568590 1.5103206685 2.6171819240 1.4439827027 -0.0985617237 3.7791654280 0.0002894628
0.6000000000 1.4439827043 -0.0682568642 1.5103206676 2.6171819199 1.4439827043 -0.0985617314 3.7791654263 0.0006515840
0.6010000000 1.4439826994 -0.0682568714 1.5103206657 2.6171819260 1.4439826994 -0.0985617414 3.7791654224 0.0005965566
0.6020000000 1.4439826886 -0.0682568783 1.5103206646 2.6171819441 1.4439826886 -0.0985617507 3.7791654202 0.0004219892
0.6030000000 1.4439826737 -0.0682568848 1.5103206634 2.6171819695 1.4439826737 -0.0985617591 3.7791654178 0.0002083720
0.6040000000 1.4439826568 -0.0682568920 1.5103206589 2.6171819928 1.4439826568 -0.0985617682 3.7791654072 0.0002014790
0.6050000000 1.4439826418 -0.0682568997 1.5103206487 2.6171820029 1.4439826418 -0.0985617784 3.7791653825 0.0005257106
0.6060000000 1.4439826317 -0.0682569062 1.5103206343 2.6171819965 1.4439826317 -0.0985617870 3.7791653470 0.0006331622
0.6070000000 1.4439826279 -0.0682569095 1.5103206195 2.6171819781 1.4439826279 -0.0985617915 3.7791653104 0.0002653464
0.6080000000 1.4439826268 -0.0682569109 1.5103206060 2.6171819569 1.4439826268 -0.0985617935 3.7791652769 0.0005644339
0.6090000000 1.4439826204 -0.0682569134 1.5103205914 2.6171819433 1.4439826204 -0.0985617967 3.7791652405 0.0011093026
0.6100000000 1.4439826029 -0.0682569179 1.5103205729 2.6171819431 1.4439826029 -0.0985618019 3.7791651946 0.0008929720
0.6110000000 1.4439825763 -0.0682569222 1.5103205519 2.6171819552 1.4439825763 -0.0985618064 3.7791651424 0.0001551272
0.6120000000 1.4439825481 -0.0682569243 1.5103205334 2.6171819745 1.4439825481 -0.0985618074 3.7791650964 0.0006304232
0.6130000000 1.4439825266 -0.0682569251 1.5103205204 2.6171819910 1.4439825266 -0.0985618072 3.7791650639 0.0008999981
0.6140000000 1.4439825143 -0.0682569286 1.5103205099 2.6171819953 1.4439825143 -0.0985618114 3.7791650381 0.0006294296
0.6150000000 1.4439825082 -0.0682569370 1.5103204977 2.6171819859 1.4439825082 -0.0985618231 3.7791650084 0.0004055548
0.6160000000 1.4439825057 -0.0682569479 1.5103204852 2.6171819694 1.4439825057 -0.0985618386 3.7791649781 0.0001509087
0.6170000000 1.4439825044 -0.0682569574 1.5103204779 2.6171819598 1.4439825044 -0.0985618523 3.7791649608 0.0002500654
0.6180000000 1.4439825008 -0.0682569649 1.5103204774 2.6171819659 1.4439825008 -0.0985618629 3.7791649602 0.0007013060
0.6190000000 1.4439824906 -0.0682569734 1.5103204772 2.6171819847 1.4439824906 -0.0985618744 3.7791649606 0.0009339988
0.6200000000 1.4439824712 -0.0682569853 1.5103204699 2.6171820080 1.4439824712 -0.0985618903 3.7791649436 0.0002791510
0.6210000000 1.4439824488 -0.0682569991 1.5103204569 2.6171820271 1.4439824488 -0.0985619087 3.7791649124 0.0008917803
0.6220000000 1.4439824350 -0.0682570109 1.5103204477 2.6171820368 1.4439824350 -0.0985619247 3.7791648904 0.0013903709
0.6230000000 1.4439824349 -0.0682570190 1.5103204466 2.6171820358 1.4439824349 -0.0985619365 3.7791648886 0.0005216592
0.6240000000 1.4439824400 -0.0682570264 1.5103204445 2.6171820233 1.4439824400 -0.0985619476 3.7791648840 0.0008543774
0.6250000000 1.4439824369 -0.0682570361 1.5103204283 2.6171820017 1.4439824369 -0.0985619614 3.7791648445 0.0013914944
0.6260000000 1.4439824197 -0.0682570460 1.5103203983 2.6171819814 1.4439824197 -0.0985619745 3.7791647703 0.0008628893
0.6270000000 1.4439823936 -0.0682570514 1.5103203670 2.6171819749 1.4439823936 -0.0985619805 3.7791646926 0.0001243207
0.6280000000 1.4439823664 -0.0682570510 1.5103203441 2.6171819844 1.4439823664 -0.0985619781 3.7791646353 0.0000660458
0.6290000000 1.4439823393 -0.0682570501 1.5103203244 2.6171819994 1.4439823393 -0.0985619748 3.7791645859 0.0002326495
0.6300000000 1.4439823103 -0.0682570564 1.5103202955 2.6171820024 1.4439823103 -0.0985619820 3.7791645142 0.0002199784
0.6310000000 1.4439822832 -0.0682570713 1.5103202579 2.6171819873 1.4439822832 -0.0985620017 3.7791644216 0.0013164865
0.6320000000 1.4439822687 -0.0682570879 1.5103202272 2.6171819615 1.4439822687 -0.0985620247 3.7791643464 0.0015115367
0.6330000000 1.4439822687 -0.0682570995 1.5103202129 2.6171819376 1.4439822687 -0.0985620414 3.7791643119 0.0001767485
0.6340000000 1.4439822674 -0.0682571085 1.5103202029 2.6171819231 1.4439822674 -0.0985620543 3.7791642876 0.0019525609
0.6350000000 1.4439822475 -0.0682571229 1.5103201775 2.6171819161 1.4439822475 -0.0985620737 3.7791642255 0.0019573777
0.6360000000 1.4439822076 -0.0682571466 1.5103201346 2.6171819159 1.4439822076 -0.0985621052 3.7791641205 0.0001716582
0.6370000000 1.4439821651 -0.0682571734 1.5103200946 2.6171819253 1.4439821651 -0.0985621410 3.7791640230 0.0014944171
0.6380000000 1.4439821377 -0.0682571942 1.5103200745 2.6171819417 1.4439821377 -0.0985621692 3.7791639749 0.0012733415
0.6390000000 1.4439821236 -0.0682572102 1.5103200640 2.6171819501 1.4439821236 -0.0985621913 3.7791639502 0.0005158934
0.6400000000 1.4439821052 -0.0682572327 1.5103200351 2.6171819349 1.4439821052 -0.0985622226 3.7791638801 0.0012340140
0.6410000000 1.4439820741 -0.0682572675 1.5103199796 2.6171818974 1.4439820741 -0.0985622707 3.7791637445 0.0000788948
0.6420000000 1.4439820411 -0.0682573050 1.5103199200 2.6171818567 1.4439820411 -0.0985623226 3.7791635993 0.0008211353
0.6430000000 1.4439820157 -0.0682573313 1.5103198792 2.6171818337 1.4439820157 -0.0985623588 3.7791634997 0.0001861013
0.6440000000 1.4439819894 -0.0682573475 1.5103198483 2.6171818290 1.4439819894 -0.0985623804 3.7791634240 0.0021504378
0.6450000000 1.4439819422 -0.0682573708 1.5103197964 2.6171818261 1.4439819422 -0.0985624108 3.7791632965 0.0023670425
0.6460000000 1.4439818697 -0.0682574142 1.5103197085 2.6171818083 1.4439818697 -0.0985624686 3.7791630808 0.0000618024
0.6470000000 1.4439817961 -0.0682574665 1.5103196111 2.6171817764 1.4439817961 -0.0985625391 3.7791628423 0.0026402509
0.6480000000 1.4439817497 -0.0682575036 1.5103195399 2.6171817397 1.4439817497 -0.0985625895 3.7791626678 0.0022236836
0.6490000000 1.4439817273 -0.0682575233 1.5103194904 2.6171816959 1.4439817273 -0.0985626164 3.7791625459 0.0014420166
0.6500000000 1.4439816926 -0.0682575525 1.5103194188 2.6171816369 1.4439816926 -0.0985626561 3.7791623698 0.0036874574
0.6510000000 1.4439816189 -0.0682576144 1.5103192981 2.6171815656 1.4439816189 -0.0985627405 3.7791620741 0.0019674849
0.6520000000 1.4439815205 -0.0682576967 1.5103191574 2.6171815059 1.4439815205 -0.0985628526 3.7791617302 0.0014931476
0.6530000000 1.4439814367 -0.0682577615 1.5103190521 2.6171814797 1.4439814367 -0.0985629406 3.7791614730 0.0022972198
0.6540000000 1.4439813792 -0.0682577963 1.5103189927 2.6171814833 1.4439813792 -0.0985629869 3.7791613279 0.0011534297
0.6550000000 1.4439813131 -0.0682578382 1.5103189174 2.6171814756 1.4439813131 -0.0985630429 3.7791611437 0.0043158220
0.6560000000 1.4439811993 -0.0682579316 1.5103187612 2.6171814174 1.4439811993 -0.0985631699 3.7791607620 0.0020106100
0.6570000000 1.4439810574 -0.0682580640 1.5103185496 2.6171813173 1.4439810574 -0.0985633514 3.7791602458 0.0034340945
0.6580000000 1.4439809518 -0.0682581690 1.5103183832 2.6171812275 1.4439809518 -0.0985634959 3.7791598400 0.0059743718
0.6590000000 1.4439809126 -0.0682582137 1.5103183140 2.6171811817 1.4439809126 -0.0985635578 3.7791596712 0.0007761113
0.6600000000 1.4439808723 -0.0682582551 1.5103182519 2.6171811501 1.4439808723 -0.0985636148 3.7791595200 0.0097909810
0.6610000000 1.4439807242 -0.0682583875 1.5103180446 2.6171810684 1.4439807242 -0.0985637958 3.7791590144 0.0088943201
0.6620000000 1.4439804471 -0.0682586250 1.5103176593 2.6171809192 1.4439804471 -0.0985641199 3.7791580739 0.0027216982
0.6630000000 1.4439801969 -0.0682588234 1.5103173146 2.6171807892 1.4439801969 -0.0985643892 3.7791572312 0.0187459603
0.6640000000 1.4439801643 -0.0682588247 1.5103172814 2.6171807906 1.4439801643 -0.0985643889 3.7791571481 0.0185210457
0.6650000000 1.4439803650 -0.0682586320 1.5103175708 2.6171809152 1.4439803650 -0.0985641244 3.7791578532 0.0191594654
0.6660000000 1.4439803736 -0.0682586302 1.5103175602 2.6171808812 1.4439803736 -0.0985641223 3.7791578266 0.0601687201
0.6670000000 1.4439790718 -0.0682597478 1.5103156172 2.6171799509 1.4439790718 -0.0985656473 3.7791530762 0.0678578110
0.6680000000 1.4439710151 -0.0682665278 1.5103037808 2.6171745104 1.4439710151 -0.0985748874 3.7791241346 0.0682193305
0.6690000000 1.4439301601 -0.0683007553 1.5102439375 2.6171472211 1.4439301601 -0.0986215205 3.7789778059 0.0669633838
0.6700000000 1.4437386955 -0.0684611615 1.5099636020 2.6170195259 1.4437386955 -0.0988400280 3.7782923565 0.0650434173
0.6710000000 1.4429008291 -0.0691635797 1.5087370020 2.6164609235 1.4429008291 -0.0997961865 3.7752936358 0.0623181254
0.6720000000 1.4395301181 -0.0719927795 1.5038055542 2.6142172031 1.4395301181 -0.1036357744 3.7632443991 0.0582127549
0.6730000000 1.4274651096 -0.0821618290 1.4861949292 2.6062321222 1.4274651096 -0.1172831443 3.7203054219 0.0514219075
0.6740000000 1.3912763029 -0.1130820133 1.4337361114 2.5826902772 1.3912763029 -0.1573283253 3.5932357805 0.0383191162
0.6750000000 1.3106749415 -0.1843077115 1.3188773606 2.5326300769 1.3106749415 -0.2415674991 3.3194547779 0.0116770626
0.6760000000 1.2059713921 -0.2825876123 1.1733711575 2.4723470170 1.2059713921 -0.3407925762 2.9815797740 0.0109498190
0.6770000000 1.1196224673 -0.3700330204 1.0560099382 2.4264220862 1.1196224673 -0.4142972833 2.7166766829 0.0225306071
0.6780000000 1.0634366332 -0.4299185154 0.9815428771 2.3998934891 1.0634366332 -0.4571910985 2.5521346520 0.0293516632
0.6790000000 1.0317950185 -0.4645800531 0.9404847625 2.3866760432 1.0317950185 -0.4793513844 2.4625604521 0.0332597961
0.6800000000 1.0154404317 -0.4827303873 0.9195566940 2.3804499055 1.0154404317 -0.4901839529 2.4172050796 0.0353511499
0.6810000000 1.0073762377 -0.4917342587 0.9093174801 2.3775494179 1.0073762377 -0.4953614075 2.3950867876 0.0364068288
0.6820000000 1.0034949044 -0.4960801230 0.9044088580 2.3761953537 1.0034949044 -0.4978138756 2.3844999292 0.0369196765
0.6830000000 1.0016489107 -0.4981498002 0.9020788050 2.3755611272 1.0016489107 -0.4989712048 2.3794782154 0.0371615699
0.6840000000 1.0007759927 -0.4991291045 0.9009780120 2.3752634359 1.0007759927 -0.4995164251 2.3771066231 0.0372689515
0.6850000000 1.0003643898 -0.4995910074 0.9004591888 2.3751235629 1.0003643898 -0.4997730533 2.3759890336 0.0373041066
0.6860000000 1.0001706150 -0.4998084925 0.9002149876 2.3750578236 1.0001706150 -0.4998937674 2.3754630441 0.0372876472
0.6870000000 1.0000795027 -0.4999107601 0.9001001761 2.3750269377 1.0000795027 -0.4999505043 2.3752157586 0.0372098386
0.6880000000 1.0000367321 -0.4999587687 0.9000462830 2.3750124443 1.0000367321 -0.4999771332 2.3750996835 0.0370249534
0.6890000000 1.0000167149 -0.4999812377 0.9000210609 2.3750056625 1.0000167149 -0.4999895948 2.3750453604 0.0366256939
0.6900000000 1.0000074044 -0.4999916886 0.9000093296 2.3750025083 1.0000074044 -0.4999953907 2.3750200938 0.0357868100
0.6910000000 1.0000031303 -0.4999964863 0.9000039442 2.3750010604 1.0000031303 -0.4999980514 2.3750084949 0.0340631142
0.6920000000 1.0000012222 -0.4999986280 0.9000015400 2.3750004140 1.0000012222 -0.4999992392 2.3750033168 0.0306536166
0.6930000000 1.0000004196 -0.4999995289 0.9000005288 2.3750001422 1.0000004196 -0.4999997388 2.3750011388 0.0243888370
0.6940000000 1.0000001207 -0.4999998645 0.9000001521 2.3750000409 1.0000001207 -0.4999999249 2.3750003275 0.0148667720
0.6950000000 1.0000000294 -0.4999999671 0.9000000370 2.3750000099 1.0000000294 -0.4999999817 2.3750000797 0.0059518539
0.6960000000 1.0000000065 -0.4999999927 0.9000000082 2.3750000022 1.0000000065 -0.4999999960 2.3750000176 0.0016425981
0.6970000000 1.0000000014 -0.4999999984 0.9000000018 2.3750000005 1.0000000014 -0.4999999991 2.3750000038 0.0003768968
0.6980000000 1.0000000003 -0.4999999997 0.9000000004 2.3750000001 1.0000000003 -0.4999999998 2.3750000008 0.0000814139
0.6990000000 1.0000000001 -0.4999999999 0.9000000001 2.3750000000 1.0000000001 -0.5000000000 2.3750000002 0.0000173198
0.7000000000 1.0000000000 -0.5000000000 0.9000000000 2.3750000000 1.0000000000 -0.5000000000 2.3750000000 0.0000036717
0.7010000000 1.0000000000 -0.5000000000 0.9000000000 2.3750000000 1.0000000000 -0.5000000000 2.3750000000 0.0000007776
0.7020000000 1.0000000000 -0.5000000000 0.9000000000 2.3750000000 1.0000000000 -0.5000000000 2.3750000000 0.0000001651
0.7030000000 1.0000000000 -0.5000000000 0.9000000000 2.3750000000 1.0000000000 -0.5000000000 2.3750000000 0.0000000345
0.7040000000 1.0000000000 -0.5000000000 0.9000000000 2.3750000000 1.0000000000 -0.5000000000 2.3750000000 0.0000000077
0.7050000000 1.0000000000 -0.5000000000 0.9000000000 2.3750000000 1.0000000000 -0.5000000000 2.3750000000 0.0000000016
0.7060000000 1.0000000000 -0.5000000000 0.9000000000 2.3750000000 1.0000000000 -0.5000000000 2.3750000000 0.0000000003
0.7070000000 1.0000000000 -0.5000000000 0.9000000000 2.3750000000 1.0000000000 -0.5000000000 2.3750000000 0.0000000000
0.7080000000 1.0000000000 -0.5000000000 0.9000000000 2.3750000000 1.0000000000 -0.5000000000 2.3750000000 0.0000000000
0.7090000000 1.0000000000 -0.5000000000 0.9000000000 2.3750000000 1.0000000000 -0.5000000000 2.3750000000 0.0000000000
0.7100000000 1.0000000000 -0.5000000000 0.9000000000 2.3750000000 1.0000000000 -0.5000000000 2.3750000000 0.0000000000
0.7110000000 1.0000000000 -0.5000000000 0.9000000000 2.3750000000 1.0000000000 -0.5000000000 2.3750000000 0.0000000000
0.7120000000 1.0000000000 -0.5000000000 0.9000000000 2.3750000000 1.0000000000 -0.5000000000 2.3750000000 0.0000000000
0.7130000000 1.0000000000 -0.5000000000 0.9000000000 2.3750000000 1.0000000000 -0.5000000000 2.3750000000 0.0000000000
0.7140000000 1.0000000000 -0.5000000000 0.9000000000 2.3750000000 1.0000000000 -0.5000000000 2.3750000000 0.0000000000
0.7150000000 1.0000000000 -0.5000000000 0.9000000000 2.3750000000 1.0000000000 -0.5000000000 2.3750000000 0.0000000000
0.7160000000 1.0000000000 -0.5000000000 0.9000000000 2.3750000000 1.0000000000 -0.5000000000 2.3750000000 0.0000000000
0.7170000000 1.0000000000 -0.5000000000 0.9000000000 2.3750000000 1.0000000000 -0.5000000000 2.3750000000 0.0000000000
0.7180000000 1.0000000000 -0.5000000000 0.9000000000 2.3750000000 1.0000000000 -0.5000000000 2.3750000000 0.0000000000
0.7190000000 1.0000000000 -0.5000000000 0.9000000000 2.3750000000 1.0000000000 -0.5000000000 2.3750000000 0.0000000000
0.7200000000 1.0000000000 -0.5000000000 0.9000000000 2.3750000000 1.0000000000 -0.5000000000 2.3750000000 0.0000000000
0.7210000000 1.0000000000 -0.5000000000 0.9000000000 2.3750000000 1.0000000000 -0.5000000000 2.3750000000 0.0000000000
0.7220000000 1.0000000000 -0.5000000000 0.9000000000 2.3750000000 1.0000000000 -0.5000000000 2.3750000000 0.0000000000
0.7230000000 1.0000000000 -0.5000000000 0.9000000000 2.3750000000 1.0000000000 -0.5000000000 2.3750000000 0.0000000000
0.7240000000 1.0000000000 -0.5000000000 0.9000000000 2.3750000000 1.0000000000 -0.5000000000 2.3750000000 0.0000000000
0.7250000000 1.0000000000 -0.5000000000 0.9000000000 2.3750000000 1.0000000000 -0.5000000000 2.3750000000 0.0000000000
0.7260000000 1.0000000000 -0.5000000000 0.9000000000 2.3750000000 1.0000000000 -0.5000000000 2.3750000000 0.0000000000
0.7270000000 1.0000000000 -0.5000000000 0.9000000000 2.3750000000 1.0000000000 -0.5000000000 2.3750000000 0.0000000000
0.7280000000 1.0000000000 -0.5000000000 0.9000000000 2.3750000000 1.0000000000 -0.5000000000 2.3750000000 0.0000000000
0.7290000000 1.0000000000 -0.5000000000 0.9000000000 2.3750000000 1.0000000000 -0.5000000000 2.3750000000 0.0000000000
0.7300000000 1.0000000000 -0.5000000000 0.9000000000 2.3750000000 1.0000000000 -0.5000000000 2.3750000000 0.0000000000
0.7310000000 1.0000000000 -0.5000000000 0.9000000000 2.3750000000 1.0000000000 -0.5000000000 2.3750000000 0.0000000000
0.7320000000 1.0000000000 -0.5000000000 0.9000000000 2.3750000000 1.0000000000 -0.5000000000 2.3750000000 0.0000000000
0.7330000000 1.0000000000 -0.5000000000 0.9000000000 2.3750000000 1.0000000000 -0.5000000000 2.3750000000 0.0000000000
0.7340000000 1.0000000000 -0.5000000000 0.9000000000 2.3750000000 1.0000000000 -0.5000000000 2.3750000000 0.0000000000
0.7350000000 1.0000000000 -0.5000000000 0.9000000000 2.3750000000 1.0000000000 -0.5000000000 2.3750000000 0.0000000000
0.7360000000 1.0000000000 -0.5000000000 0.9000000000 2.3750000000 1.0000000000 -0.5000000000 2.3750000000 0.0000000000
0.7370000000 1.0000000000 -0.5000000000 0.9000000000 2.3750000000 1.0000000000 -0.5000000000 2.3750000000 0.0000000000
0.7380000000 1.0000000000 -0.5000000000 0.9000000000 2.3750000000 1.0000000000 -0.5000000000 2.3750000000 0.0000000000
0.7390000000 1.0000000000 -0.5000000000 0.9000000000 2.3750000000 1.0000000000 -0.5000000000 2.3750000000 0.0000000000
0.7400000000 1.0000000000 -0.5000000000 0.9000000000 2.3750000000 1.0000000000 -0.5000000000 2.3750000000 0.0000000000
0.7410000000 1.0000000000 -0.5000000000 0.9000000000 2.3750000000 1.0000000000 -0.5000000000 2.3750000000 0.0000000000
0.7420000000 1.0000000000 -0.5000000000 0.9000000000 2.3750000000 1.0000000000 -0.5000000000 2.3750000000 0.0000000000
0.7430000000 1.0000000000 -0.5000000000 0.9000000000 2.3750000000 1.0000000000 -0.5000000000 2.3750000000 0.0000000000
0.7440000000 1.0000000000 -0.5000000000 0.9000000000 2.3750000000 1.0000000000 -0.5000000000 2.3750000000 0.0000000000
0.7450000000 1.0000000000 -0.5000000000 0.9000000000 2.3750000000 1.0000000000 -0.5000000000 2.3750000000 0.0000000000
0.7460000000 1.0000000000 -0.5000000000 0.9000000000 2.3750000000 1.0000000000 -0.5000000000 2.3750000000 0.0000000000
0.7470000000 1.0000000000 -0.5000000000 0.9000000000 2.3750000000 1.0000000000 -0.5000000000 2.3750000000 0.0000000000
0.7480000000 1.0000000000 -0.5000000000 0.9000000000 2.3750000000 1.0000000000 -0.5000000000 2.3750000000 0.0000000000
0.7490000000 1.0000000000 -0.5000000000 0.9000000000 2.3750000000 1.0000000000 -0.5000000000 2.3750000000 0.0000000000
0.7500000000 1.0000000000 -0.5000000000 0.9000000000 2.3750000000 1.0000000000 -0.5000000000 2.3750000000 0.0000000000
0.7510000000 1.0000000000 -0.5000000000 0.9000000000 2.3750000000 1.0000000000 -0.5000000000 2.3750000000 0.0000000000
0.7520000000 1.0000000000 -0.5000000000 0.9000000000 2.3750000000 1.0000000000 -0.5000000000 2.3750000000 0.0000000000
0.7530000000 1.0000000000 -0.5000000000 0.9000000000 2.3750000000 1.0000000000 -0.5000000000 2.3750000000 0.0000000000
0.7540000000 1.0000000000 -0.5000000000 0.9000000000 2.3750000000 1.0000000000 -0.5000000000 2.3750000000 0.0000000000
0.7550000000 1.0000000000 -0.5000000000 0.9000000000 2.3750000000 1.0000000000 -0.5000000000 2.3750000000 0.0000000000
0.7560000000 1.0000000000 -0.5000000000 0.9000000000 2.3750000000 1.0000000000 -0.5000000000 2.3750000000 0.0000000000
0.7570000000 1.0000000000 -0.5000000000 0.9000000000 2.3750000000 1.0000000000 -0.5000000000 2.3750000000 0.0000000000
0.7580000000 1.0000000000 -0.5000000000 0.9000000000 2.3750000000 1.0000000000 -0.5000000000 2.3750000000 0.0000000000
0.7590000000 1.0000000000 -0.5000000000 0.9000000000 2.3750000000 1.0000000000 -0.5000000000 2.3750000000 0.0000000000
0.7600000000 1.0000000000 -0.5000000000 0.9000000000 2.3750000000 1.0000000000 -0.5000000000 2.3750000000 0.0000000000
0.7610000000 1.0000000000 -0.5000000000 0.9000000000 2.3750000000 1.0000000000 -0.5000000000 2.3750000000 0.0000000000
0.7620000000 1.0000000000 -0.5000000000 0.9000000000 2.3750000000 1.0000000000 -0.5000000000 2.3750000000 0.0000000000
0.7630000000 1.0000000000 -0.5000000000 0.9000000000 2.3750000000 1.0000000000 -0.5000000000 2.3750000000 0.0000000000
0.7640000000 1.0000000000 -0.5000000000 0.9000000000 2.3750000000 1.0000000000 -0.5000000000 2.3750000000 0.0000000000
0.7650000000 1.0000000000 -0.5000000000 0.9000000000 2.3750000000 1.0000000000 -0.5000000000 2.3750000000 0.0000000000
0.7660000000 1.0000000000 -0.5000000000 0.9000000000 2.3750000000 1.0000000000 -0.5000000000 2.3750000000 0.0000000000
0.7670000000 1.0000000000 -0.5000000000 0.9000000000 2.3750000000 1.0000000000 -0.5000000000 2.3750000000 0.0000000000
0.7680000000 1.0000000000 -0.5000000000 0.9000000000 2.3750000000 1.0000000000 -0.5000000000 2.3750000000 0.0000000000
0.7690000000 1.0000000000 -0.5000000000 0.9000000000 2.3750000000 1.0000000000 -0.5000000000 2.3750000000 0.0000000000
0.7700000000 1.0000000000 -0.5000000000 0.9000000000 2.3750000000 1.0000000000 -0.5000000000 2.3750000000 0.0000000000
0.7710000000 1.0000000000 -0.5000000000 0.9000000000 2.3750000000 1.0000000000 -0.5000000000 2.3750000000 0.0000000000
0.7720000000 1.0000000000 -0.5000000000 0.9000000000 2.3750000000 1.0000000000 -0.5000000000 2.3750000000 0.0000000000
0.7730000000 1.0000000000 -0.5000000000 0.9000000000 2.3750000000 1.0000000000 -0.5000000000 2.3750000000 0.0000000000
0.7740000000 1.0000000000 -0.5000000000 0.9000000000 2.3750000000 1.0000000000 -0.5000000000 2.3750000000 0.0000000000
0.7750000000 1.0000000000 -0.5000000000 0.9000000000 2.3750000000 1.0000000000 -0.5000000000 2.3750000000 0.0000000000
0.7760000000 1.0000000000 -0.5000000000 0.9000000000 2.3750000000 1.0000000000 -0.5000000000 2.3750000000 0.0000000000
0.7770000000 1.0000000000 -0.5000000000 0.9000000000 2.3750000000 1.0000000000 -0.5000000000 2.3750000000 0.0000000000
0.7780000000 1.0000000000 -0.5000000000 0.9000000000 2.3750000000 1.0000000000 -0.5000000000 2.3750000000 0.0000000000
0.7790000000 1.0000000000 -0.5000000000 0.9000000000 2.3750000000 1.0000000000 -0.5000000000 2.3750000000 0.0000000000
0.7800000000 1.0000000000 -0.5000000000 0.9000000000 2.3750000000 1.0000000000 -0.5000000000 2.3750000000 0.0000000000
0.7810000000 1.0000000000 -0.5000000000 0.9000000000 2.3750000000 1.0000000000 -0.5000000000 2.3750000000 0.0000000000
0.7820000000 1.0000000000 -0.5000000000 0.9000000000 2.3750000000 1.0000000000 -0.5000000000 2.3750000000 0.0000000000
0.7830000000 1.0000000000 -0.5000000000 0.9000000000 2.3750000000 1.0000000000 -0.5000000000 2.3750000000 0.0000000000
0.7840000000 1.0000000000 -0.5000000000 0.9000000000 2.3750000000 1.0000000000 -0.5000000000 2.3750000000 0.0000000000
0.7850000000 1.0000000000 -0.5000000000 0.9000000000 2.3750000000 1.0000000000 -0.5000000000 2.3750000000 0.0000000000
0.7860000000 1.0000000000 -0.5000000000 0.9000000000 2.3750000000 1.0000000000 -0.5000000000 2.3750000000 0.0000000000
0.7870000000 1.0000000000 -0.5000000000 0.9000000000 2.3750000000 1.0000000000 -0.5000000000 2.3750000000 0.0000000000
0.7880000000 1.0000000000 -0.5000000000 0.9000000000 2.3750000000 1.0000000000 -0.5000000000 2.3750000000 0.0000000000
0.7890000000 1.0000000000 -0.5000000000 0.9000000000 2.3750000000 1.0000000000 -0.5000000000 2.3750000000 0.0000000000
0.7900000000 1.0000000000 -0.5000000000 0.9000000000 2.3750000000 1.0000000000 -0.5000000000 2.3750000000 0.0000000000
0.7910000000 1.0000000000 -0.5000000000 0.9000000000 2.3750000000 1.0000000000 -0.5000000000 2.3750000000 0.0000000000
0.7920000000 1.0000000000 -0.5000000000 0.9000000000 2.3750000000 1.0000000000 -0.5000000000 2.3750000000 0.0000000000
0.7930000000 1.0000000000 -0.5000000000 0.9000000000 2.3750000000 1.0000000000 -0.5000000000 2.3750000000 0.0000000000
0.7940000000 1.0000000000 -0.5000000000 0.9000000000 2.3750000000 1.0000000000 -0.5000000000 2.3750000000 0.0000000000
0.7950000000 1.0000000000 -0.5000000000 0.9000000000 2.3750000000 1.0000000000 -0.5000000000 2.3750000000 0.0000000000
0.7960000000 1.0000000000 -0.5000000000 0.9000000000 2.3750000000 1.0000000000 -0.5000000000 2.3750000000 0.0000000000
0.7970000000 1.0000000000 -0.5000000000 0.9000000000 2.3750000000 1.0000000000 -0.5000000000 2.3750000000 0.0000000000
0.7980000000 1.0000000000 -0.5000000000 0.9000000000 2.3750000000 1.0000000000 -0.5000000000 2.3750000000 0.0000000000
0.7990000000 1.0000000000 -0.5000000000 0.9000000000 2.3750000000 1.0000000000 -0.5000000000 2.3750000000 0.0000000000
0.8000000000 1.0000000000 -0.5000000000 0.9000000000 2.3750000000 1.0000000000 -0.5000000000 2.3750000000 0.0000000000
0.8010000000 1.0000000000 -0.5000000000 0.9000000000 2.3750000000 1.0000000000 -0.5000000000 2.3750000000 0.0000000000
0.8020000000 1.0000000000 -0.5000000000 0.9000000000 2.3750000000 1.0000000000 -0.5000000000 2.3750000000 0.0000000000
0.8030000000 1.0000000000 -0.5000000000 0.9000000000 2.3750000000 1.0000000000 -0.5000000000 2.3750000000 0.0000000000
0.8040000000 1.0000000000 -0.5000000000 0.9000000000 2.3750000000 1.0000000000 -0.5000000000 2.3750000000 0.0000000000
0.8050000000 1.0000000000 -0.5000000000 0.9000000000 2.3750000000 1.0000000000 -0.5000000000 2.3750000000 0.0000000000
0.8060000000 1.0000000000 -0.5000000000 0.9000000000 2.3750000000 1.0000000000 -0.5000000000 2.3750000000 0.0000000000
0.8070000000 1.0000000000 -0.5000000000 0.9000000000 2.3750000000 1.0000000000 -0.5000000000 2.3750000000 0.0000000000
0.8080000000 1.0000000000 -0.5000000000 0.9000000000 2.3750000000 1.0000000000 -0.5000000000 2.3750000000 0.0000000000
0.8090000000 1.0000000000 -0.5000000000 0.9000000000 2.3750000000 1.0000000000 -0.5000000000 2.3750000000 0.0000000000
0.8100000000 1.0000000000 -0.5000000000 0.9000000000 2.3750000000 1.0000000000 -0.5000000000 2.3750000000 0.0000000000
0.8110000000 1.0000000000 -0.5000000000 0.9000000000 2.3750000000 1.0000000000 -0.5000000000 2.3750000000 0.0000000000
0.8120000000 1.0000000000 -0.5000000000 0.9000000000 2.3750000000 1.0000000000 -0.5000000000 2.3750000000 0.0000000000
0.8130000000 1.0000000000 -0.5000000000 0.9000000000 2.3750000000 1.0000000000 -0.5000000000 2.3750000000 0.0000000000
0.8140000000 1.0000000000 -0.5000000000 0.9000000000 2.3750000000 1.0000000000 -0.5000000000 2.3750000000 0.0000000000
0.8150000000 1.0000000000 -0.5000000000 0.9000000000 2.3750000000 1.0000000000 -0.5000000000 2.3750000000 0.0000000000
0.8160000000 1.0000000000 -0.5000000000 0.9000000000 2.3750000000 1.0000000000 -0.5000000000 2.3750000000 0.0000000000
0.8170000000 1.0000000000 -0.5000000000 0.9000000000 2.3750000000 1.0000000000 -0.5000000000 2.3750000000 0.0000000000
0.8180000000 1.0000000000 -0.5000000000 0.9000000000 2.3750000000 1.0000000000 -0.5000000000 2.3750000000 0.0000000000
0.8190000000 1.0000000000 -0.5000000000 0.9000000000 2.3750000000 1.0000000000 -0.5000000000 2.3750000000 0.0000000000
0.8200000000 1.0000000000 -0.5000000000 0.9000000000 2.3750000000 1.0000000000 -0.5000000000 2.3750000000 0.0000000000
0.8210000000 1.0000000000 -0.5000000000 0.9000000000 2.3750000000 1.0000000000 -0.5000000000 2.3750000000 0.0000000000
0.8220000000 1.0000000000 -0.5000000000 0.9000000000 2.3750000000 1.0000000000 -0.5000000000 2.3750000000 0.0000000000
0.8230000000 1.0000000000 -0.5000000000 0.9000000000 2.3750000000 1.0000000000 -0.5000000000 2.3750000000 0.0000000000
0.8240000000 1.0000000000 -0.5000000000 0.9000000000 2.3750000000 1.0000000000 -0.5000000000 2.3750000000 0.0000000000
0.8250000000 1.0000000000 -0.5000000000 0.9000000000 2.3750000000 1.0000000000 -0.5000000000 2.3750000000 0.0000000000
0.8260000000 1.0000000000 -0.5000000000 0.9000000000 2.3750000000 1.0000000000 -0.5000000000 2.3750000000 0.0000000000
0.8270000000 1.0000000000 -0.5000000000 0.9000000000 2.3750000000 1.0000000000 -0.5000000000 2.3750000000 0.0000000000
0.8280000000 1.0000000000 -0.5000000000 0.9000000000 2.3750000000 1.0000000000 -0.5000000000 2.3750000000 0.0000000000
0.8290000000 1.0000000000 -0.5000000000 0.9000000000 2.3750000000 1.0000000000 -0.5000000000 2.3750000000 0.0000000000
0.8300000000 1.0000000000 -0.5000000000 0.9000000000 2.3750000000 1.0000000000 -0.5000000000 2.3750000000 0.0000000000
0.8310000000 1.0000000000 -0.5000000000 0.9000000000 2.3750000000 1.0000000000 -0.5000000000 2.3750000000 0.0000000000
0.8320000000 1.0000000000 -0.5000000000 0.9000000000 2.3750000000 1.0000000000 -0.5000000000 2.3750000000 0.0000000000
0.8330000000 1.0000000000 -0.5000000000 0.9000000000 2.3750000000 1.0000000000 -0.5000000000 2.3750000000 0.0000000000
0.8340000000 1.0000000000 -0.5000000000 0.9000000000 2.3750000000 1.0000000000 -0.5000000000 2.3750000000 0.0000000000
0.8350000000 1.0000000000 -0.5000000000 0.9000000000 2.3750000000 1.0000000000 -0.5000000000 2.3750000000 0.0000000000
0.8360000000 1.0000000000 -0.5000000000 0.9000000000 2.3750000000 1.0000000000 -0.5000000000 2.3750000000 0.0000000000
0.8370000000 1.0000000000 -0.5000000000 0.9000000000 2.3750000000 1.0000000000 -0.5000000000 2.3750000000 0.0000000000
0.8380000000 1.0000000000 -0.5000000000 0.9000000000 2.3750000000 1.0000000000 -0.5000000000 2.3750000000 0.0000000000
0.8390000000 1.0000000000 -0.5000000000 0.9000000000 2.3750000000 1.0000000000 -0.5000000000 2.3750000000 0.0000000000
0.8400000000 1.0000000000 -0.5000000000 0.9000000000 2.3750000000 1.0000000000 -0.5000000000 2.3750000000 0.0000000000
0.8410000000 1.0000000000 -0.5000000000 0.9000000000 2.3750000000 1.0000000000 -0.5000000000 2.3750000000 0.0000000000
0.8420000000 1.0000000000 -0.5000000000 0.9000000000 2.3750000000 1.0000000000 -0.5000000000 2.3750000000 0.0000000000
0.8430000000 1.0000000000 -0.5000000000 0.9000000000 2.3750000000 1.0000000000 -0.5000000000 2.3750000000 0.0000000000
0.8440000000 1.0000000000 -0.5000000000 0.9000000000 2.3750000000 1.0000000000 -0.5000000000 2.3750000000 0.0000000000
0.8450000000 1.0000000000 -0.5000000000 0.9000000000 2.3750000000 1.0000000000 -0.5000000000 2.3750000000 0.0000000000
0.8460000000 1.0000000000 -0.5000000000 0.9000000000 2.3750000000 1.0000000000 -0.5000000000 2.3750000000 0.0000000000
0.8470000000 1.0000000000 -0.5000000000 0.9000000000 2.3750000000 1.0000000000 -0.5000000000 2.3750000000 0.0000000000
0.8480000000 1.0000000000 -0.5000000000 0.9000000000 2.3750000000 1.0000000000 -0.5000000000 2.3750000000 0.0000000000
0.8490000000 1.0000000000 -0.5000000000 0.9000000000 2.3750000000 1.0000000000 -0.5000000000 2.3750000000 0.0000000000
0.8500000000 1.0000000000 -0.5000000000 0.9000000000 2.3750000000 1.0000000000 -0.5000000000 2.3750000000 0.0000000000
0.8510000000 1.0000000000 -0.5000000000 0.9000000000 2.3750000000 1.0000000000 -0.5000000000 2.3750000000 0.0000000000
0.8520000000 1.0000000000 -0.5000000000 0.9000000000 2.3750000000 1.0000000000 -0.5000000000 2.3750000000 0.0000000000
0.8530000000 1.0000000000 -0.5000000000 0.9000000000 2.3750000000 1.0000000000 -0.5000000000 2.3750000000 0.0000000000
0.8540000000 1.0000000000 -0.5000000000 0.9000000000 2.3750000000 1.0000000000 -0.5000000000 2.3750000000 0.0000000000
0.8550000000 1.0000000000 -0.5000000000 0.9000000000 2.3750000000 1.0000000000 -0.5000000000 2.3750000000 0.0000000000
0.8560000000 1.0000000000 -0.5000000000 0.9000000000 2.3750000000 1.0000000000 -0.5000000000 2.3750000000 0.0000000000
0.8570000000 1.0000000000 -0.5000000000 0.9000000000 2.3750000000 1.0000000000 -0.5000000000 2.3750000000 0.0000000000
0.8580000000 1.0000000000 -0.5000000000 0.9000000000 2.3750000000 1.0000000000 -0.5000000000 2.3750000000 0.0000000000
0.8590000000 1.0000000000 -0.5000000000 0.9000000000 2.3750000000 1.0000000000 -0.5000000000 2.3750000000 0.0000000000
0.8600000000 1.0000000000 -0.5000000000 0.9000000000 2.3750000000 1.0000000000 -0.5000000000 2.3750000000 0.0000000000
0.8610000000 1.0000000000 -0.5000000000 0.9000000000 2.3750000000 1.0000000000 -0.5000000000 2.3750000000 0.0000000000
0.8620000000 1.0000000000 -0.5000000000 0.9000000000 2.3750000000 1.0000000000 -0.5000000000 2.3750000000 0.0000000000
0.8630000000 1.0000000000 -0.5000000000 0.9000000000 2.3750000000 1.0000000000 -0.5000000000 2.3750000000 0.0000000000
0.8640000000 1.0000000000 -0.5000000000 0.9000000000 2.3750000000 1.0000000000 -0.5000000000 2.3750000000 0.0000000000
0.8650000000 1.0000000000 -0.5000000000 0.9000000000 2.3750000000 1.0000000000 -0.5000000000 2.3750000000 0.0000000000
0.8660000000 1.0000000000 -0.5000000000 0.9000000000 2.3750000000 1.0000000000 -0.5000000000 2.3750000000 0.0000000000
0.8670000000 1.0000000000 -0.5000000000 0.9000000000 2.3750000000 1.0000000000 -0.5000000000 2.3750000000 0.0000000000
0.8680000000 1.0000000000 -0.5000000000 0.9000000000 2.3750000000 1.0000000000 -0.5000000000 2.3750000000 0.0000000000
0.8690000000 1.0000000000 -0.5000000000 0.9000000000 2.3750000000 1.0000000000 -0.5000000000 2.3750000000 0.0000000000
0.8700000000 1.0000000000 -0.5000000000 0.9000000000 2.3750000000 1.0000000000 -0.5000000000 2.3750000000 0.0000000000
0.8710000000 1.0000000000 -0.5000000000 0.9000000000 2.3750000000 1.0000000000 -0.5000000000 2.3750000000 0.0000000000
0.8720000000 1.0000000000 -0.5000000000 0.9000000000 2.3750000000 1.0000000000 -0.5000000000 2.3750000000 0.0000000000
0.8730000000 1.0000000000 -0.5000000000 0.9000000000 2.3750000000 1.0000000000 -0.5000000000 2.3750000000 0.0000000000
0.8740000000 1.0000000000 -0.5000000000 0.9000000000 2.3750000000 1.0000000000 -0.5000000000 2.3750000000 0.0000000000
0.8750000000 1.0000000000 -0.5000000000 0.9000000000 2.3750000000 1.0000000000 -0.5000000000 2.3750000000 0.0000000000
0.8760000000 1.0000000000 -0.5000000000 0.9000000000 2.3750000000 1.0000000000 -0.5000000000 2.3750000000 0.0000000000
0.8770000000 1.0000000000 -0.5000000000 0.9000000000 2.3750000000 1.0000000000 -0.5000000000 2.3750000000 0.0000000000
0.8780000000 1.0000000000 -0.5000000000 0.9000000000 2.3750000000 1.0000000000 -0.5000000000 2.3750000000 0.0000000000
0.8790000000 1.0000000000 -0.5000000000 0.9000000000 2.3750000000 1.0000000000 -0.5000000000 2.3750000000 0.0000000000
0.8800000000 1.0000000000 -0.5000000000 0.9000000000 2.3750000000 1.0000000000 -0.5000000000 2.3750000000 0.0000000000
0.8810000000 1.0000000000 -0.5000000000 0.9000000000 2.3750000000 1.0000000000 -0.5000000000 2.3750000000 0.0000000000
0.8820000000 1.0000000000 -0.5000000000 0.9000000000 2.3750000000 1.0000000000 -0.5000000000 2.3750000000 0.0000000000
0.8830000000 1.0000000000 -0.5000000000 0.9000000000 2.3750000000 1.0000000000 -0.5000000000 2.3750000000 0.0000000000
0.8840000000 1.0000000000 -0.5000000000 0.9000000000 2.3750000000 1.0000000000 -0.5000000000 2.3750000000 0.0000000000
0.8850000000 1.0000000000 -0.5000000000 0.9000000000 2.3750000000 1.0000000000 -0.5000000000 2.3750000000 0.0000000000
0.8860000000 1.0000000000 -0.5000000000 0.9000000000 2.3750000000 1.0000000000 -0.5000000000 2.3750000000 0.0000000000
0.8870000000 1.0000000000 -0.5000000000 0.9000000000 2.3750000000 1.0000000000 -0.5000000000 2.3750000000 0.0000000000
0.8880000000 1.0000000000 -0.5000000000 0.9000000000 2.3750000000 1.0000000000 -0.5000000000 2.3750000000 0.0000000000
0.8890000000 1.0000000000 -0.5000000000 0.9000000000 2.3750000000 1.0000000000 -0.5000000000 2.3750000000 0.0000000000
0.8900000000 1.0000000000 -0.5000000000 0.9000000000 2.3750000000 1.0000000000 -0.5000000000 2.3750000000 0.0000000000
0.8910000000 1.0000000000 -0.5000000000 0.9000000000 2.3750000000 1.0000000000 -0.5000000000 2.3750000000 0.0000000000
0.8920000000 1.0000000000 -0.5000000000 0.9000000000 2.3750000000 1.0000000000 -0.5000000000 2.3750000000 0.0000000000
0.8930000000 1.0000000000 -0.5000000000 0.9000000000 2.3750000000 1.0000000000 -0.5000000000 2.3750000000 0.0000000000
0.8940000000 1.0000000000 -0.5000000000 0.9000000000 2.3750000000 1.0000000000 -0.5000000000 2.3750000000 0.0000000000
0.8950000000 1.0000000000 -0.5000000000 0.9000000000 2.3750000000 1.0000000000 -0.5000000000 2.3750000000 0.0000000000
0.8960000000 1.0000000000 -0.5000000000 0.9000000000 2.3750000000 1.0000000000 -0.5000000000 2.3750000000 0.0000000000
0.8970000000 1.0000000000 -0.5000000000 0.9000000000 2.3750000000 1.0000000000 -0.5000000000 2.3750000000 0.0000000000
0.8980000000 1.0000000000 -0.5000000000 0.9000000000 2.3750000000 1.0000000000 -0.5000000000 2.3750000000 0.0000000000
0.8990000000 1.0000000000 -0.5000000000 0.9000000000 2.3750000000 1.0000000000 -0.5000000000 2.3750000000 0.0000000000
0.9000000000 1.0000000000 -0.5000000000 0.9000000000 2.3750000000 1.0000000000 -0.5000000000 2.3750000000 0.0000000000
0.9010000000 1.0000000000 -0.5000000000 0.9000000000 2.3750000000 1.0000000000 -0.5000000000 2.3750000000 0.0000000000
0.9020000000 1.0000000000 -0.5000000000 0.9000000000 2.3750000000 1.0000000000 -0.5000000000 2.3750000000 0.0000000000
0.9030000000 1.0000000000 -0.5000000000 0.9000000000 2.3750000000 1.0000000000 -0.5000000000 2.3750000000 0.0000000000
0.9040000000 1.0000000000 -0.5000000000 0.9000000000 2.3750000000 1.0000000000 -0.5000000000 2.3750000000 0.0000000000
0.9050000000 1.0000000000 -0.5000000000 0.9000000000 2.3750000000 1.0000000000 -0.5000000000 2.3750000000 0.0000000000
0.9060000000 1.0000000000 -0.5000000000 0.9000000000 2.3750000000 1.0000000000 -0.5000000000 2.3750000000 0.0000000000
0.9070000000 1.0000000000 -0.5000000000 0.9000000000 2.3750000000 1.0000000000 -0.5000000000 2.3750000000 0.0000000000
0.9080000000 1.0000000000 -0.5000000000 0.9000000000 2.3750000000 1.0000000000 -0.5000000000 2.3750000000 0.0000000000
0.9090000000 1.0000000000 -0.5000000000 0.9000000000 2.3750000000 1.0000000000 -0.5000000000 2.3750000000 0.0000000000
0.9100000000 1.0000000000 -0.5000000000 0.9000000000 2.3750000000 1.0000000000 -0.5000000000 2.3750000000 0.0000000000
0.9110000000 1.0000000000 -0.5000000000 0.9000000000 2.3750000000 1.0000000000 -0.5000000000 2.3750000000 0.0000000000
0.9120000000 1.0000000000 -0.5000000000 0.9000000000 2.3750000000 1.0000000000 -0.5000000000 2.3750000000 0.0000000000
0.9130000000 1.0000000000 -0.5000000000 0.9000000000 2.3750000000 1.0000000000 -0.5000000000 2.3750000000 0.0000000000
0.9140000000 1.0000000000 -0.5000000000 0.9000000000 2.3750000000 1.0000000000 -0.5000000000 2.3750000000 0.0000000000
0.9150000000 1.0000000000 -0.5000000000 0.9000000000 2.3750000000 1.0000000000 -0.5000000000 2.3750000000 0.0000000000
0.9160000000 1.0000000000 -0.5000000000 0.9000000000 2.3750000000 1.0000000000 -0.5000000000 2.3750000000 0.0000000000
0.9170000000 1.0000000000 -0.5000000000 0.9000000000 2.3750000000 1.0000000000 -0.5000000000 2.3750000000 0.0000000000
0.9180000000 1.0000000000 -0.5000000000 0.9000000000 2.3750000000 1.0000000000 -0.5000000000 2.3750000000 0.0000000000
0.9190000000 1.0000000000 -0.5000000000 0.9000000000 2.3750000000 1.0000000000 -0.5000000000 2.3750000000 0.0000000000
0.9200000000 1.0000000000 -0.5000000000 0.9000000000 2.3750000000 1.0000000000 -0.5000000000 2.3750000000 0.0000000000
0.9210000000 1.0000000000 -0.5000000000 0.9000000000 2.3750000000 1.0000000000 -0.5000000000 2.3750000000 0.0000000000
0.9220000000 1.0000000000 -0.5000000000 0.9000000000 2.3750000000 1.0000000000 -0.5000000000 2.3750000000 0.0000000000
0.9230000000 1.0000000000 -0.5000000000 0.9000000000 2.3750000000 1.0000000000 -0.5000000000 2.3750000000 0.0000000000
0.9240000000 1.0000000000 -0.5000000000 0.9000000000 2.3750000000 1.0000000000 -0.5000000000 2.3750000000 0.0000000000
0.9250000000 1.0000000000 -0.5000000000 0.9000000000 2.3750000000 1.0000000000 -0.5000000000 2.3750000000 0.0000000000
0.9260000000 1.0000000000 -0.5000000000 0.9000000000 2.3750000000 1.0000000000 -0.5000000000 2.3750000000 0.0000000000
0.9270000000 1.0000000000 -0.5000000000 0.9000000000 2.3750000000 1.0000000000 -0.5000000000 2.3750000000 0.0000000000
0.9280000000 1.0000000000 -0.5000000000 0.9000000000 2.3750000000 1.0000000000 -0.5000000000 2.3750000000 0.0000000000
0.9290000000 1.0000000000 -0.5000000000 0.9000000000 2.3750000000 1.0000000000 -0.5000000000 2.3750000000 0.0000000000
0.9300000000 1.0000000000 -0.5000000000 0.9000000000 2.3750000000 1.0000000000 -0.5000000000 2.3750000000 0.0000000000
0.9310000000 1.0000000000 -0.5000000000 0.9000000000 2.3750000000 1.0000000000 -0.5000000000 2.3750000000 0.0000000000
0.9320000000 1.0000000000 -0.5000000000 0.9000000000 2.3750000000 1.0000000000 -0.5000000000 2.3750000000 0.0000000000
0.9330000000 1.0000000000 -0.5000000000 0.9000000000 2.3750000000 1.0000000000 -0.5000000000 2.3750000000 0.0000000000
0.9340000000 1.0000000000 -0.5000000000 0.9000000000 2.3750000000 1.0000000000 -0.5000000000 2.3750000000 0.0000000000
0.9350000000 1.0000000000 -0.5000000000 0.9000000000 2.3750000000 1.0000000000 -0.5000000000 2.3750000000 0.0000000000
0.9360000000 1.0000000000 -0.5000000000 0.9000000000 2.3750000000 1.0000000000 -0.5000000000 2.3750000000 0.0000000000
0.9370000000 1.0000000000 -0.5000000000 0.9000000000 2.3750000000 1.0000000000 -0.5000000000 2.3750000000 0.0000000000
0.9380000000 1.0000000000 -0.5000000000 0.9000000000 2.3750000000 1.0000000000 -0.5000000000 2.3750000000 0.0000000000
0.9390000000 1.0000000000 -0.5000000000 0.9000000000 2.3750000000 1.0000000000 -0.5000000000 2.3750000000 0.0000000000
0.9400000000 1.0000000000 -0.5000000000 0.9000000000 2.3750000000 1.0000000000 -0.5000000000 2.3750000000 0.0000000000
0.9410000000 1.0000000000 -0.5000000000 0.9000000000 2.3750000000 1.0000000000 -0.5000000000 2.3750000000 0.0000000000
0.9420000000 1.0000000000 -0.5000000000 0.9000000000 2.3750000000 1.0000000000 -0.5000000000 2.3750000000 0.0000000000
0.9430000000 1.0000000000 -0.5000000000 0.9000000000 2.3750000000 1.0000000000 -0.5000000000 2.3750000000 0.0000000000
0.9440000000 1.0000000000 -0.5000000000 0.9000000000 2.3750000000 1.0000000000 -0.5000000000 2.3750000000 0.0000000000
0.9450000000 1.0000000000 -0.5000000000 0.9000000000 2.3750000000 1.0000000000 -0.5000000000 2.3750000000 0.0000000000
0.9460000000 1.0000000000 -0.5000000000 0.9000000000 2.3750000000 1.0000000000 -0.5000000000 2.3750000000 0.0000000000
0.9470000000 1.0000000000 -0.5000000000 0.9000000000 2.3750000000 1.0000000000 -0.5000000000 2.3750000000 0.0000000000
0.9480000000 1.0000000000 -0.5000000000 0.9000000000 2.3750000000 1.0000000000 -0.5000000000 2.3750000000 0.0000000000
0.9490000000 1.0000000000 -0.5000000000 0.9000000000 2.3750000000 1.0000000000 -0.5000000000 2.3750000000 0.0000000000
0.9500000000 1.0000000000 -0.5000000000 0.9000000000 2.3750000000 1.0000000000 -0.5000000000 2.3750000000 0.0000000000
0.9510000000 1.0000000000 -0.5000000000 0.9000000000 2.3750000000 1.0000000000 -0.5000000000 2.3750000000 0.0000000000
0.9520000000 1.0000000000 -0.5000000000 0.9000000000 2.3750000000 1.0000000000 -0.5000000000 2.3750000000 0.0000000000
0.9530000000 1.0000000000 -0.5000000000 0.9000000000 2.3750000000 1.0000000000 -0.5000000000 2.3750000000 0.0000000000
0.9540000000 1.0000000000 -0.5000000000 0.9000000000 2.3750000000 1.0000000000 -0.5000000000 2.3750000000 0.0000000000
0.9550000000 1.0000000000 -0.5000000000 0.9000000000 2.3750000000 1.0000000000 -0.5000000000 2.3750000000 0.0000000000
0.9560000000 1.0000000000 -0.5000000000 0.9000000000 2.3750000000 1.0000000000 -0.5000000000 2.3750000000 0.0000000000
0.9570000000 1.0000000000 -0.5000000000 0.9000000000 2.3750000000 1.0000000000 -0.5000000000 2.3750000000 0.0000000000
0.9580000000 1.0000000000 -0.5000000000 0.9000000000 2.3750000000 1.0000000000 -0.5000000000 2.3750000000 0.0000000000
0.9590000000 1.0000000000 -0.5000000000 0.9000000000 2.3750000000 1.0000000000 -0.5000000000 2.3750000000 0.0000000000
0.9600000000 1.0000000000 -0.5000000000 0.9000000000 2.3750000000 1.0000000000 -0.5000000000 2.3750000000 0.0000000000
0.9610000000 1.0000000000 -0.5000000000 0.9000000000 2.3750000000 1.0000000000 -0.5000000000 2.3750000000 0.0000000000
0.9620000000 1.0000000000 -0.5000000000 0.9000000000 2.3750000000 1.0000000000 -0.5000000000 2.3750000000 0.0000000000
0.9630000000 1.0000000000 -0.5000000000 0.9000000000 2.3750000000 1.0000000000 -0.5000000000 2.3750000000 0.0000000000
0.9640000000 1.0000000000 -0.5000000000 0.9000000000 2.3750000000 1.0000000000 -0.5000000000 2.3750000000 0.0000000000
0.9650000000 1.0000000000 -0.5000000000 0.9000000000 2.3750000000 1.0000000000 -0.5000000000 2.3750000000 0.0000000000
0.9660000000 1.0000000000 -0.5000000000 0.9000000000 2.3750000000 1.0000000000 -0.5000000000 2.3750000000 0.0000000000
0.9670000000 1.0000000000 -0.5000000000 0.9000000000 2.3750000000 1.0000000000 -0.5000000000 2.3750000000 0.0000000000
0.9680000000 1.0000000000 -0.5000000000 0.9000000000 2.3750000000 1.0000000000 -0.5000000000 2.3750000000 0.0000000000
0.9690000000 1.0000000000 -0.5000000000 0.9000000000 2.3750000000 1.0000000000 -0.5000000000 2.3750000000 0.0000000000
0.9700000000 1.0000000000 -0.5000000000 0.9000000000 2.3750000000 1.0000000000 -0.5000000000 2.3750000000 0.0000000000
0.9710000000 1.0000000000 -0.5000000000 0.9000000000 2.3750000000 1.0000000000 -0.5000000000 2.3750000000 0.0000000000
0.9720000000 1.0000000000 -0.5000000000 0.9000000000 2.3750000000 1.0000000000 -0.5000000000 2.3750000000 0.0000000000
0.9730000000 1.0000000000 -0.5000000000 0.9000000000 2.3750000000 1.0000000000 -0.5000000000 2.3750000000 0.0000000000
0.9740000000 1.0000000000 -0.5000000000 0.9000000000 2.3750000000 1.0000000000 -0.5000000000 2.3750000000 0.0000000000
0.9750000000 1.0000000000 -0.5000000000 0.9000000000 2.3750000000 1.0000000000 -0.5000000000 2.3750000000 0.0000000000
0.9760000000 1.0000000000 -0.5000000000 0.9000000000 2.3750000000 1.0000000000 -0.5000000000 2.3750000000 0.0000000000
0.9770000000 1.0000000000 -0.5000000000 0.9000000000 2.3750000000 1.0000000000 -0.5000000000 2.3750000000 0.0000000000
0.9780000000 1.0000000000 -0.5000000000 0.9000000000 2.3750000000 1.0000000000 -0.5000000000 2.3750000000 0.0000000000
0.9790000000 1.0000000000 -0.5000000000 0.9000000000 2.3750000000 1.0000000000 -0.5000000000 2.3750000000 0.0000000000
0.9800000000 1.0000000000 -0.5000000000 0.9000000000 2.3750000000 1.0000000000 -0.5000000000 2.3750000000 0.0000000000
0.9810000000 1.0000000000 -0.5000000000 0.9000000000 2.3750000000 1.0000000000 -0.5000000000 2.3750000000 0.0000000000
0.9820000000 1.0000000000 -0.5000000000 0.9000000000 2.3750000000 1.0000000000 -0.5000000000 2.3750000000 0.0000000000
0.9830000000 1.0000000000 -0.5000000000 0.9000000000 2.3750000000 1.0000000000 -0.5000000000 2.3750000000 0.0000000000
0.9840000000 1.0000000000 -0.5000000000 0.9000000000 2.3750000000 1.0000000000 -0.5000000000 2.3750000000 0.0000000000
0.9850000000 1.0000000000 -0.5000000000 0.9000000000 2.3750000000 1.0000000000 -0.5000000000 2.3750000000 0.0000000000
0.9860000000 1.0000000000 -0.5000000000 0.9000000000 2.3750000000 1.0000000000 -0.5000000000 2.3750000000 0.0000000000
0.9870000000 1.0000000000 -0.5000000000 0.9000000000 2.3750000000 1.0000000000 -0.5000000000 2.3750000000 0.0000000000
0.9880000000 1.0000000000 -0.5000000000 0.9000000000 2.3750000000 1.0000000000 -0.5000000000 2.3750000000 0.0000000000
0.9890000000 1.0000000000 -0.5000000000 0.9000000000 2.3750000000 1.0000000000 -0.5000000000 2.3750000000 0.0000000000
0.9900000000 1.0000000000 -0.5000000000 0.9000000000 2.3750000000 1.0000000000 -0.5000000000 2.3750000000 0.0000000000
0.9910000000 1.0000000000 -0.5000000000 0.9000000000 2.3750000000 1.0000000000 -0.5000000000 2.3750000000 0.0000000000
0.9920000000 1.0000000000 -0.5000000000 0.9000000000 2.3750000000 1.0000000000 -0.5000000000 2.3750000000 0.0000000000
0.9930000000 1.0000000000 -0.5000000000 0.9000000000 2.3750000000 1.0000000000 -0.5000000000 2.3750000000 0.0000000000
0.9940000000 1.0000000000 -0.5000000000 0.9000000000 2.3750000000 1.0000000000 -0.5000000000 2.3750000000 0.0000000000
0.9950000000 1.0000000000 -0.5000000000 0.9000000000 2.3750000000 1.0000000000 -0.5000000000 2.3750000000 0.0000000000
0.9960000000 1.0000000000 -0.5000000000 0.9000000000 2.3750000000 1.0000000000 -0.5000000000 2.3750000000 0.0000000000
0.9970000000 1.0000000000 -0.5000000000 0.9000000000 2.3750000000 1.0000000000 -0.5000000000 2.3750000000 0.0000000000
0.9980000000 1.0000000000 -0.5000000000 0.9000000000 2.3750000000 1.0000000000 -0.5000000000 2.3750000000 0.0000000000
0.9990000000 1.0000000000 -0.5000000000 0.9000000000 2.3750000000 1.0000000000 -0.5000000000 2.3750000000 0.0000000000
1.0000000000 1.0000000000 -0.5000000000 0.9000000000 2.3750000000 1.0000000000 -0.5000000000 2.3750000000 0.0000000000
