TITLE = "Artificial-viscosity beta sweep"
VARIABLES = "x", "rho", "u", "p"
ZONE T="Exact", I=501, F=POINT
0.000000000000000e+00 4.000000000000000e-01 5.000000000000000e-01 1.000000000000000e+00
2.000000000000000e-03 4.000000000000000e-01 5.000000000000000e-01 1.000000000000000e+00
4.000000000000000e-03 4.000000000000000e-01 5.000000000000000e-01 1.000000000000000e+00
6.000000000000000e-03 4.000000000000000e-01 5.000000000000000e-01 1.000000000000000e+00
8.000000000000000e-03 4.000000000000000e-01 5.000000000000000e-01 1.000000000000000e+00
1.000000000000000e-02 4.000000000000000e-01 5.000000000000000e-01 1.000000000000000e+00
1.200000000000000e-02 4.000000000000000e-01 5.000000000000000e-01 1.000000000000000e+00
1.400000000000000e-02 4.000000000000000e-01 5.000000000000000e-01 1.000000000000000e+00
1.600000000000000e-02 4.000000000000000e-01 5.000000000000000e-01 1.000000000000000e+00
1.800000000000000e-02 4.000000000000000e-01 5.000000000000000e-01 1.000000000000000e+00
2.000000000000000e-02 4.000000000000000e-01 5.000000000000000e-01 1.000000000000000e+00
2.200000000000000e-02 4.000000000000000e-01 5.000000000000000e-01 1.000000000000000e+00
2.400000000000000e-02 4.000000000000000e-01 5.000000000000000e-01 1.000000000000000e+00
2.600000000000000e-02 4.000000000000000e-01 5.000000000000000e-01 1.000000000000000e+00
2.800000000000000e-02 4.000000000000000e-01 5.000000000000000e-01 1.000000000000000e+00
3.000000000000000e-02 4.000000000000000e-01 5.000000000000000e-01 1.000000000000000e+00
3.200000000000000e-02 4.000000000000000e-01 5.000000000000000e-01 1.000000000000000e+00
3.400000000000000e-02 4.000000000000000e-01 5.000000000000000e-01 1.000000000000000e+00
3.600000000000000e-02 4.000000000000000e-01 5.000000000000000e-01 1.000000000000000e+00
3.800000000000000e-02 4.000000000000000e-01 5.000000000000000e-01 1.000000000000000e+00
4.000000000000000e-02 4.000000000000000e-01 5.000000000000000e-01 1.000000000000000e+00
4.200000000000000e-02 4.000000000000000e-01 5.000000000000000e-01 1.000000000000000e+00
4.400000000000000e-02 4.000000000000000e-01 5.000000000000000e-01 1.000000000000000e+00
4.600000000000000e-02 4.000000000000000e-01 5.000000000000000e-01 1.000000000000000e+00
4.800000000000000e-02 4.000000000000000e-01 5.000000000000000e-01 1.000000000000000e+00
5.000000000000000e-02 4.000000000000000e-01 5.000000000000000e-01 1.000000000000000e+00
5.200000000000000e-02 4.000000000000000e-01 5.000000000000000e-01 1.000000000000000e+00
5.400000000000000e-02 4.000000000000000e-01 5.000000000000000e-01 1.000000000000000e+00
5.600000000000000e-02 4.000000000000000e-01 5.000000000000000e-01 1.000000000000000e+00
5.800000000000000e-02 4.000000000000000e-01 5.000000000000000e-01 1.000000000000000e+00
6.000000000000000e-02 4.000000000000000e-01 5.000000000000000e-01 1.000000000000000e+00
6.200000000000000e-02 4.000000000000000e-01 5.000000000000000e-01 1.000000000000000e+00
6.400000000000000e-02 4.000000000000000e-01 5.000000000000000e-01 1.000000000000000e+00
6.600000000000000e-02 4.000000000000000e-01 5.000000000000000e-01 1.000000000000000e+00
6.800000000000000e-02 4.000000000000000e-01 5.000000000000000e-01 1.000000000000000e+00
7.000000000000001e-02 4.000000000000000e-01 5.000000000000000e-01 1.000000000000000e+00
7.200000000000001e-02 4.000000000000000e-01 5.000000000000000e-01 1.000000000000000e+00
7.400000000000000e-02 4.000000000000000e-01 5.000000000000000e-01 1.000000000000000e+00
7.600000000000000e-02 4.000000000000000e-01 5.000000000000000e-01 1.000000000000000e+00
7.800000000000000e-02 4.000000000000000e-01 5.000000000000000e-01 1.000000000000000e+00
8.000000000000000e-02 4.000000000000000e-01 5.000000000000000e-01 1.000000000000000e+00
8.200000000000000e-02 4.000000000000000e-01 5.000000000000000e-01 1.000000000000000e+00
8.400000000000001e-02 4.000000000000000e-01 5.000000000000000e-01 1.000000000000000e+00
8.600000000000001e-02 4.000000000000000e-01 5.000000000000000e-01 1.000000000000000e+00
8.799999999999999e-02 4.000000000000000e-01 5.000000000000000e-01 1.000000000000000e+00
9.000000000000000e-02 4.000000000000000e-01 5.000000000000000e-01 1.000000000000000e+00
9.200000000000000e-02 4.000000000000000e-01 5.000000000000000e-01 1.000000000000000e+00
9.400000000000000e-02 4.000000000000000e-01 5.000000000000000e-01 1.000000000000000e+00
9.600000000000000e-02 4.000000000000000e-01 5.000000000000000e-01 1.000000000000000e+00
9.800000000000000e-02 4.000000000000000e-01 5.000000000000000e-01 1.000000000000000e+00
1.000000000000000e-01 4.000000000000000e-01 5.000000000000000e-01 1.000000000000000e+00
1.020000000000000e-01 4.000000000000000e-01 5.000000000000000e-01 1.000000000000000e+00
1.040000000000000e-01 4.000000000000000e-01 5.000000000000000e-01 1.000000000000000e+00
1.060000000000000e-01 4.000000000000000e-01 5.000000000000000e-01 1.000000000000000e+00
1.080000000000000e-01 4.000000000000000e-01 5.000000000000000e-01 1.000000000000000e+00
1.100000000000000e-01 4.000000000000000e-01 5.000000000000000e-01 1.000000000000000e+00
1.120000000000000e-01 4.000000000000000e-01 5.000000000000000e-01 1.000000000000000e+00
1.140000000000000e-01 4.000000000000000e-01 5.000000000000000e-01 1.000000000000000e+00
1.160000000000000e-01 4.000000000000000e-01 5.000000000000000e-01 1.000000000000000e+00
1.180000000000000e-01 4.000000000000000e-01 5.000000000000000e-01 1.000000000000000e+00
1.200000000000000e-01 4.000000000000000e-01 5.000000000000000e-01 1.000000000000000e+00
1.220000000000000e-01 4.000000000000000e-01 5.000000000000000e-01 1.000000000000000e+00
1.240000000000000e-01 4.000000000000000e-01 5.000000000000000e-01 1.000000000000000e+00
1.260000000000000e-01 4.000000000000000e-01 5.000000000000000e-01 1.000000000000000e+00
1.280000000000000e-01 4.000000000000000e-01 5.000000000000000e-01 1.000000000000000e+00
1.300000000000000e-01 4.000000000000000e-01 5.000000000000000e-01 1.000000000000000e+00
1.320000000000000e-01 4.000000000000000e-01 5.000000000000000e-01 1.000000000000000e+00
1.340000000000000e-01 4.000000000000000e-01 5.000000000000000e-01 1.000000000000000e+00
1.360000000000000e-01 4.000000000000000e-01 5.000000000000000e-01 1.000000000000000e+00
1.380000000000000e-01 4.000000000000000e-01 5.000000000000000e-01 1.000000000000000e+00
1.400000000000000e-01 4.000000000000000e-01 5.000000000000000e-01 1.000000000000000e+00
1.420000000000000e-01 4.000000000000000e-01 5.000000000000000e-01 1.000000000000000e+00
1.440000000000000e-01 4.000000000000000e-01 5.000000000000000e-01 1.000000000000000e+00
1.460000000000000e-01 4.000000000000000e-01 5.000000000000000e-01 1.000000000000000e+00
1.480000000000000e-01 4.000000000000000e-01 5.000000000000000e-01 1.000000000000000e+00
1.500000000000000e-01 4.000000000000000e-01 5.000000000000000e-01 1.000000000000000e+00
1.520000000000000e-01 5.357057100170027e-01 -6.806335503773625e-02 1.509544007480145e+00
1.540000000000000e-01 5.357057100170027e-01 -6.806335503773625e-02 1.509544007480145e+00
1.560000000000000e-01 5.357057100170027e-01 -6.806335503773625e-02 1.509544007480145e+00
1.580000000000000e-01 5.357057100170027e-01 -6.806335503773625e-02 1.509544007480145e+00
1.600000000000000e-01 5.357057100170027e-01 -6.806335503773625e-02 1.509544007480145e+00
1.620000000000000e-01 5.357057100170027e-01 -6.806335503773625e-02 1.509544007480145e+00
1.640000000000000e-01 5.357057100170027e-01 -6.806335503773625e-02 1.509544007480145e+00
1.660000000000000e-01 5.357057100170027e-01 -6.806335503773625e-02 1.509544007480145e+00
1.680000000000000e-01 5.357057100170027e-01 -6.806335503773625e-02 1.509544007480145e+00
1.700000000000000e-01 5.357057100170027e-01 -6.806335503773625e-02 1.509544007480145e+00
1.720000000000000e-01 5.357057100170027e-01 -6.806335503773625e-02 1.509544007480145e+00
1.740000000000000e-01 5.357057100170027e-01 -6.806335503773625e-02 1.509544007480145e+00
1.760000000000000e-01 5.357057100170027e-01 -6.806335503773625e-02 1.509544007480145e+00
1.780000000000000e-01 5.357057100170027e-01 -6.806335503773625e-02 1.509544007480145e+00
1.800000000000000e-01 5.357057100170027e-01 -6.806335503773625e-02 1.509544007480145e+00
1.820000000000000e-01 5.357057100170027e-01 -6.806335503773625e-02 1.509544007480145e+00
1.840000000000000e-01 5.357057100170027e-01 -6.806335503773625e-02 1.509544007480145e+00
1.860000000000000e-01 5.357057100170027e-01 -6.806335503773625e-02 1.509544007480145e+00
1.880000000000000e-01 5.357057100170027e-01 -6.806335503773625e-02 1.509544007480145e+00
1.900000000000000e-01 5.357057100170027e-01 -6.806335503773625e-02 1.509544007480145e+00
1.920000000000000e-01 5.357057100170027e-01 -6.806335503773625e-02 1.509544007480145e+00
1.940000000000000e-01 5.357057100170027e-01 -6.806335503773625e-02 1.509544007480145e+00
1.960000000000000e-01 5.357057100170027e-01 -6.806335503773625e-02 1.509544007480145e+00
1.980000000000000e-01 5.357057100170027e-01 -6.806335503773625e-02 1.509544007480145e+00
2.000000000000000e-01 5.357057100170027e-01 -6.806335503773625e-02 1.509544007480145e+00
2.020000000000000e-01 5.357057100170027e-01 -6.806335503773625e-02 1.509544007480145e+00
2.040000000000000e-01 5.357057100170027e-01 -6.806335503773625e-02 1.509544007480145e+00
2.060000000000000e-01 5.357057100170027e-01 -6.806335503773625e-02 1.509544007480145e+00
2.080000000000000e-01 5.357057100170027e-01 -6.806335503773625e-02 1.509544007480145e+00
2.100000000000000e-01 5.357057100170027e-01 -6.806335503773625e-02 1.509544007480145e+00
2.120000000000000e-01 5.357057100170027e-01 -6.806335503773625e-02 1.509544007480145e+00
2.140000000000000e-01 5.357057100170027e-01 -6.806335503773625e-02 1.509544007480145e+00
2.160000000000000e-01 5.357057100170027e-01 -6.806335503773625e-02 1.509544007480145e+00
2.180000000000000e-01 5.357057100170027e-01 -6.806335503773625e-02 1.509544007480145e+00
2.200000000000000e-01 5.357057100170027e-01 -6.806335503773625e-02 1.509544007480145e+00
2.220000000000000e-01 5.357057100170027e-01 -6.806335503773625e-02 1.509544007480145e+00
2.240000000000000e-01 5.357057100170027e-01 -6.806335503773625e-02 1.509544007480145e+00
2.260000000000000e-01 5.357057100170027e-01 -6.806335503773625e-02 1.509544007480145e+00
2.280000000000000e-01 5.357057100170027e-01 -6.806335503773625e-02 1.509544007480145e+00
2.300000000000000e-01 5.357057100170027e-01 -6.806335503773625e-02 1.509544007480145e+00
2.320000000000000e-01 5.357057100170027e-01 -6.806335503773625e-02 1.509544007480145e+00
2.340000000000000e-01 5.357057100170027e-01 -6.806335503773625e-02 1.509544007480145e+00
2.360000000000000e-01 5.357057100170027e-01 -6.806335503773625e-02 1.509544007480145e+00
2.380000000000000e-01 5.357057100170027e-01 -6.806335503773625e-02 1.509544007480145e+00
2.400000000000000e-01 5.357057100170027e-01 -6.806335503773625e-02 1.509544007480145e+00
2.420000000000000e-01 5.357057100170027e-01 -6.806335503773625e-02 1.509544007480145e+00
2.440000000000000e-01 5.357057100170027e-01 -6.806335503773625e-02 1.509544007480145e+00
2.460000000000000e-01 5.357057100170027e-01 -6.806335503773625e-02 1.509544007480145e+00
2.480000000000000e-01 5.357057100170027e-01 -6.806335503773625e-02 1.509544007480145e+00
2.500000000000000e-01 5.357057100170027e-01 -6.806335503773625e-02 1.509544007480145e+00
2.520000000000000e-01 5.357057100170027e-01 -6.806335503773625e-02 1.509544007480145e+00
2.540000000000000e-01 5.357057100170027e-01 -6.806335503773625e-02 1.509544007480145e+00
2.560000000000000e-01 5.357057100170027e-01 -6.806335503773625e-02 1.509544007480145e+00
2.580000000000000e-01 5.357057100170027e-01 -6.806335503773625e-02 1.509544007480145e+00
2.600000000000000e-01 5.357057100170027e-01 -6.806335503773625e-02 1.509544007480145e+00
2.620000000000000e-01 5.357057100170027e-01 -6.806335503773625e-02 1.509544007480145e+00
2.640000000000000e-01 5.357057100170027e-01 -6.806335503773625e-02 1.509544007480145e+00
2.660000000000000e-01 5.357057100170027e-01 -6.806335503773625e-02 1.509544007480145e+00
2.680000000000000e-01 5.357057100170027e-01 -6.806335503773625e-02 1.509544007480145e+00
2.700000000000000e-01 5.357057100170027e-01 -6.806335503773625e-02 1.509544007480145e+00
2.720000000000000e-01 5.357057100170027e-01 -6.806335503773625e-02 1.509544007480145e+00
2.740000000000000e-01 5.357057100170027e-01 -6.806335503773625e-02 1.509544007480145e+00
2.760000000000000e-01 5.357057100170027e-01 -6.806335503773625e-02 1.509544007480145e+00
2.780000000000000e-01 5.357057100170027e-01 -6.806335503773625e-02 1.509544007480145e+00
2.800000000000000e-01 5.357057100170027e-01 -6.806335503773625e-02 1.509544007480145e+00
2.820000000000000e-01 5.357057100170027e-01 -6.806335503773625e-02 1.509544007480145e+00
2.840000000000000e-01 5.357057100170027e-01 -6.806335503773625e-02 1.509544007480145e+00
2.860000000000000e-01 5.357057100170027e-01 -6.806335503773625e-02 1.509544007480145e+00
2.880000000000000e-01 5.357057100170027e-01 -6.806335503773625e-02 1.509544007480145e+00
2.900000000000000e-01 5.357057100170027e-01 -6.806335503773625e-02 1.509544007480145e+00
2.920000000000000e-01 5.357057100170027e-01 -6.806335503773625e-02 1.509544007480145e+00
2.940000000000000e-01 5.357057100170027e-01 -6.806335503773625e-02 1.509544007480145e+00
2.960000000000000e-01 5.357057100170027e-01 -6.806335503773625e-02 1.509544007480145e+00
2.980000000000000e-01 5.357057100170027e-01 -6.806335503773625e-02 1.509544007480145e+00
3.000000000000000e-01 5.357057100170027e-01 -6.806335503773625e-02 1.509544007480145e+00
3.020000000000000e-01 5.357057100170027e-01 -6.806335503773625e-02 1.509544007480145e+00
3.040000000000000e-01 5.357057100170027e-01 -6.806335503773625e-02 1.509544007480145e+00
3.060000000000000e-01 5.357057100170027e-01 -6.806335503773625e-02 1.509544007480145e+00
3.080000000000000e-01 5.357057100170027e-01 -6.806335503773625e-02 1.509544007480145e+00
3.100000000000000e-01 5.357057100170027e-01 -6.806335503773625e-02 1.509544007480145e+00
3.120000000000000e-01 5.357057100170027e-01 -6.806335503773625e-02 1.509544007480145e+00
3.140000000000000e-01 5.357057100170027e-01 -6.806335503773625e-02 1.509544007480145e+00
3.160000000000000e-01 5.357057100170027e-01 -6.806335503773625e-02 1.509544007480145e+00
3.180000000000000e-01 5.357057100170027e-01 -6.806335503773625e-02 1.509544007480145e+00
3.200000000000000e-01 5.357057100170027e-01 -6.806335503773625e-02 1.509544007480145e+00
3.220000000000000e-01 5.357057100170027e-01 -6.806335503773625e-02 1.509544007480145e+00
3.240000000000000e-01 5.357057100170027e-01 -6.806335503773625e-02 1.509544007480145e+00
3.260000000000000e-01 5.357057100170027e-01 -6.806335503773625e-02 1.509544007480145e+00
3.280000000000000e-01 5.357057100170027e-01 -6.806335503773625e-02 1.509544007480145e+00
3.300000000000000e-01 5.357057100170027e-01 -6.806335503773625e-02 1.509544007480145e+00
3.320000000000000e-01 5.357057100170027e-01 -6.806335503773625e-02 1.509544007480145e+00
3.340000000000000e-01 5.357057100170027e-01 -6.806335503773625e-02 1.509544007480145e+00
3.360000000000000e-01 5.357057100170027e-01 -6.806335503773625e-02 1.509544007480145e+00
3.380000000000000e-01 5.357057100170027e-01 -6.806335503773625e-02 1.509544007480145e+00
3.400000000000000e-01 5.357057100170027e-01 -6.806335503773625e-02 1.509544007480145e+00
3.420000000000000e-01 5.357057100170027e-01 -6.806335503773625e-02 1.509544007480145e+00
3.440000000000000e-01 5.357057100170027e-01 -6.806335503773625e-02 1.509544007480145e+00
3.460000000000000e-01 5.357057100170027e-01 -6.806335503773625e-02 1.509544007480145e+00
3.480000000000000e-01 5.357057100170027e-01 -6.806335503773625e-02 1.509544007480145e+00
3.500000000000000e-01 5.357057100170027e-01 -6.806335503773625e-02 1.509544007480145e+00
3.520000000000000e-01 5.357057100170027e-01 -6.806335503773625e-02 1.509544007480145e+00
3.540000000000000e-01 5.357057100170027e-01 -6.806335503773625e-02 1.509544007480145e+00
3.560000000000000e-01 5.357057100170027e-01 -6.806335503773625e-02 1.509544007480145e+00
3.580000000000000e-01 5.357057100170027e-01 -6.806335503773625e-02 1.509544007480145e+00
3.600000000000000e-01 5.357057100170027e-01 -6.806335503773625e-02 1.509544007480145e+00
3.620000000000000e-01 5.357057100170027e-01 -6.806335503773625e-02 1.509544007480145e+00
3.640000000000000e-01 5.357057100170027e-01 -6.806335503773625e-02 1.509544007480145e+00
3.660000000000000e-01 5.357057100170027e-01 -6.806335503773625e-02 1.509544007480145e+00
3.680000000000000e-01 5.357057100170027e-01 -6.806335503773625e-02 1.509544007480145e+00
3.700000000000000e-01 5.357057100170027e-01 -6.806335503773625e-02 1.509544007480145e+00
3.720000000000000e-01 5.357057100170027e-01 -6.806335503773625e-02 1.509544007480145e+00
3.740000000000000e-01 5.357057100170027e-01 -6.806335503773625e-02 1.509544007480145e+00
3.760000000000000e-01 5.357057100170027e-01 -6.806335503773625e-02 1.509544007480145e+00
3.780000000000000e-01 5.357057100170027e-01 -6.806335503773625e-02 1.509544007480145e+00
3.800000000000000e-01 5.357057100170027e-01 -6.806335503773625e-02 1.509544007480145e+00
3.820000000000000e-01 5.357057100170027e-01 -6.806335503773625e-02 1.509544007480145e+00
3.840000000000000e-01 5.357057100170027e-01 -6.806335503773625e-02 1.509544007480145e+00
3.860000000000000e-01 5.357057100170027e-01 -6.806335503773625e-02 1.509544007480145e+00
3.880000000000000e-01 5.357057100170027e-01 -6.806335503773625e-02 1.509544007480145e+00
3.900000000000000e-01 5.357057100170027e-01 -6.806335503773625e-02 1.509544007480145e+00
3.920000000000000e-01 5.357057100170027e-01 -6.806335503773625e-02 1.509544007480145e+00
3.940000000000000e-01 5.357057100170027e-01 -6.806335503773625e-02 1.509544007480145e+00
3.960000000000000e-01 5.357057100170027e-01 -6.806335503773625e-02 1.509544007480145e+00
3.980000000000000e-01 5.357057100170027e-01 -6.806335503773625e-02 1.509544007480145e+00
4.000000000000000e-01 5.357057100170027e-01 -6.806335503773625e-02 1.509544007480145e+00
4.020000000000000e-01 5.357057100170027e-01 -6.806335503773625e-02 1.509544007480145e+00
4.040000000000000e-01 5.357057100170027e-01 -6.806335503773625e-02 1.509544007480145e+00
4.060000000000000e-01 5.357057100170027e-01 -6.806335503773625e-02 1.509544007480145e+00
4.080000000000000e-01 5.357057100170027e-01 -6.806335503773625e-02 1.509544007480145e+00
4.100000000000000e-01 5.357057100170027e-01 -6.806335503773625e-02 1.509544007480145e+00
4.120000000000000e-01 5.357057100170027e-01 -6.806335503773625e-02 1.509544007480145e+00
4.140000000000000e-01 5.357057100170027e-01 -6.806335503773625e-02 1.509544007480145e+00
4.160000000000000e-01 5.357057100170027e-01 -6.806335503773625e-02 1.509544007480145e+00
4.180000000000000e-01 5.357057100170027e-01 -6.806335503773625e-02 1.509544007480145e+00
4.200000000000000e-01 5.357057100170027e-01 -6.806335503773625e-02 1.509544007480145e+00
4.220000000000000e-01 5.357057100170027e-01 -6.806335503773625e-02 1.509544007480145e+00
4.240000000000000e-01 5.357057100170027e-01 -6.806335503773625e-02 1.509544007480145e+00
4.260000000000000e-01 5.357057100170027e-01 -6.806335503773625e-02 1.509544007480145e+00
4.280000000000000e-01 5.357057100170027e-01 -6.806335503773625e-02 1.509544007480145e+00
4.300000000000000e-01 5.357057100170027e-01 -6.806335503773625e-02 1.509544007480145e+00
4.320000000000000e-01 5.357057100170027e-01 -6.806335503773625e-02 1.509544007480145e+00
4.340000000000000e-01 5.357057100170027e-01 -6.806335503773625e-02 1.509544007480145e+00
4.360000000000000e-01 5.357057100170027e-01 -6.806335503773625e-02 1.509544007480145e+00
4.380000000000000e-01 5.357057100170027e-01 -6.806335503773625e-02 1.509544007480145e+00
4.400000000000000e-01 5.357057100170027e-01 -6.806335503773625e-02 1.509544007480145e+00
4.420000000000000e-01 5.357057100170027e-01 -6.806335503773625e-02 1.509544007480145e+00
4.440000000000000e-01 5.357057100170027e-01 -6.806335503773625e-02 1.509544007480145e+00
4.460000000000000e-01 5.357057100170027e-01 -6.806335503773625e-02 1.509544007480145e+00
4.480000000000000e-01 5.357057100170027e-01 -6.806335503773625e-02 1.509544007480145e+00
4.500000000000000e-01 5.357057100170027e-01 -6.806335503773625e-02 1.509544007480145e+00
4.520000000000000e-01 5.357057100170027e-01 -6.806335503773625e-02 1.509544007480145e+00
4.540000000000000e-01 5.357057100170027e-01 -6.806335503773625e-02 1.509544007480145e+00
4.560000000000000e-01 5.357057100170027e-01 -6.806335503773625e-02 1.509544007480145e+00
4.580000000000000e-01 5.357057100170027e-01 -6.806335503773625e-02 1.509544007480145e+00
4.600000000000000e-01 5.357057100170027e-01 -6.806335503773625e-02 1.509544007480145e+00
4.620000000000000e-01 5.357057100170027e-01 -6.806335503773625e-02 1.509544007480145e+00
4.640000000000000e-01 5.357057100170027e-01 -6.806335503773625e-02 1.509544007480145e+00
4.660000000000000e-01 5.357057100170027e-01 -6.806335503773625e-02 1.509544007480145e+00
4.680000000000000e-01 5.357057100170027e-01 -6.806335503773625e-02 1.509544007480145e+00
4.700000000000000e-01 5.357057100170027e-01 -6.806335503773625e-02 1.509544007480145e+00
4.720000000000000e-01 5.357057100170027e-01 -6.806335503773625e-02 1.509544007480145e+00
4.740000000000000e-01 5.357057100170027e-01 -6.806335503773625e-02 1.509544007480145e+00
4.760000000000000e-01 5.357057100170027e-01 -6.806335503773625e-02 1.509544007480145e+00
4.780000000000000e-01 5.357057100170027e-01 -6.806335503773625e-02 1.509544007480145e+00
4.800000000000000e-01 5.357057100170027e-01 -6.806335503773625e-02 1.509544007480145e+00
4.820000000000000e-01 5.357057100170027e-01 -6.806335503773625e-02 1.509544007480145e+00
4.840000000000000e-01 5.357057100170027e-01 -6.806335503773625e-02 1.509544007480145e+00
4.860000000000000e-01 5.357057100170027e-01 -6.806335503773625e-02 1.509544007480145e+00
4.880000000000000e-01 1.441088438958755e+00 -6.806335503773625e-02 1.509544007480145e+00
4.900000000000000e-01 1.441088438958755e+00 -6.806335503773625e-02 1.509544007480145e+00
4.920000000000000e-01 1.441088438958755e+00 -6.806335503773625e-02 1.509544007480145e+00
4.940000000000000e-01 1.441088438958755e+00 -6.806335503773625e-02 1.509544007480145e+00
4.960000000000000e-01 1.441088438958755e+00 -6.806335503773625e-02 1.509544007480145e+00
4.980000000000000e-01 1.441088438958755e+00 -6.806335503773625e-02 1.509544007480145e+00
5.000000000000000e-01 1.441088438958755e+00 -6.806335503773625e-02 1.509544007480145e+00
5.020000000000000e-01 1.441088438958755e+00 -6.806335503773625e-02 1.509544007480145e+00
5.040000000000000e-01 1.441088438958755e+00 -6.806335503773625e-02 1.509544007480145e+00
5.060000000000000e-01 1.441088438958755e+00 -6.806335503773625e-02 1.509544007480145e+00
5.080000000000000e-01 1.441088438958755e+00 -6.806335503773625e-02 1.509544007480145e+00
5.100000000000000e-01 1.441088438958755e+00 -6.806335503773625e-02 1.509544007480145e+00
5.120000000000000e-01 1.441088438958755e+00 -6.806335503773625e-02 1.509544007480145e+00
5.140000000000000e-01 1.441088438958755e+00 -6.806335503773625e-02 1.509544007480145e+00
5.160000000000000e-01 1.441088438958755e+00 -6.806335503773625e-02 1.509544007480145e+00
5.180000000000000e-01 1.441088438958755e+00 -6.806335503773625e-02 1.509544007480145e+00
5.200000000000000e-01 1.441088438958755e+00 -6.806335503773625e-02 1.509544007480145e+00
5.220000000000000e-01 1.441088438958755e+00 -6.806335503773625e-02 1.509544007480145e+00
5.240000000000000e-01 1.441088438958755e+00 -6.806335503773625e-02 1.509544007480145e+00
5.260000000000000e-01 1.441088438958755e+00 -6.806335503773625e-02 1.509544007480145e+00
5.280000000000000e-01 1.441088438958755e+00 -6.806335503773625e-02 1.509544007480145e+00
5.300000000000000e-01 1.441088438958755e+00 -6.806335503773625e-02 1.509544007480145e+00
5.320000000000000e-01 1.441088438958755e+00 -6.806335503773625e-02 1.509544007480145e+00
5.340000000000000e-01 1.441088438958755e+00 -6.806335503773625e-02 1.509544007480145e+00
5.360000000000000e-01 1.441088438958755e+00 -6.806335503773625e-02 1.509544007480145e+00
5.380000000000000e-01 1.441088438958755e+00 -6.806335503773625e-02 1.509544007480145e+00
5.400000000000000e-01 1.441088438958755e+00 -6.806335503773625e-02 1.509544007480145e+00
5.420000000000000e-01 1.441088438958755e+00 -6.806335503773625e-02 1.509544007480145e+00
5.440000000000000e-01 1.441088438958755e+00 -6.806335503773625e-02 1.509544007480145e+00
5.460000000000000e-01 1.441088438958755e+00 -6.806335503773625e-02 1.509544007480145e+00
5.480000000000000e-01 1.441088438958755e+00 -6.806335503773625e-02 1.509544007480145e+00
5.500000000000000e-01 1.441088438958755e+00 -6.806335503773625e-02 1.509544007480145e+00
5.520000000000000e-01 1.441088438958755e+00 -6.806335503773625e-02 1.509544007480145e+00
5.540000000000000e-01 1.441088438958755e+00 -6.806335503773625e-02 1.509544007480145e+00
5.560000000000000e-01 1.441088438958755e+00 -6.806335503773625e-02 1.509544007480145e+00
5.580000000000001e-01 1.441088438958755e+00 -6.806335503773625e-02 1.509544007480145e+00
5.600000000000001e-01 1.441088438958755e+00 -6.806335503773625e-02 1.509544007480145e+00
5.620000000000001e-01 1.441088438958755e+00 -6.806335503773625e-02 1.509544007480145e+00
5.640000000000001e-01 1.441088438958755e+00 -6.806335503773625e-02 1.509544007480145e+00
5.660000000000001e-01 1.441088438958755e+00 -6.806335503773625e-02 1.509544007480145e+00
5.680000000000001e-01 1.441088438958755e+00 -6.806335503773625e-02 1.509544007480145e+00
5.700000000000001e-01 1.441088438958755e+00 -6.806335503773625e-02 1.509544007480145e+00
5.720000000000001e-01 1.441088438958755e+00 -6.806335503773625e-02 1.509544007480145e+00
5.740000000000001e-01 1.441088438958755e+00 -6.806335503773625e-02 1.509544007480145e+00
5.760000000000001e-01 1.441088438958755e+00 -6.806335503773625e-02 1.509544007480145e+00
5.780000000000000e-01 1.441088438958755e+00 -6.806335503773625e-02 1.509544007480145e+00
5.800000000000000e-01 1.441088438958755e+00 -6.806335503773625e-02 1.509544007480145e+00
5.820000000000000e-01 1.441088438958755e+00 -6.806335503773625e-02 1.509544007480145e+00
5.840000000000000e-01 1.441088438958755e+00 -6.806335503773625e-02 1.509544007480145e+00
5.860000000000000e-01 1.441088438958755e+00 -6.806335503773625e-02 1.509544007480145e+00
5.880000000000000e-01 1.441088438958755e+00 -6.806335503773625e-02 1.509544007480145e+00
5.900000000000000e-01 1.441088438958755e+00 -6.806335503773625e-02 1.509544007480145e+00
5.920000000000000e-01 1.441088438958755e+00 -6.806335503773625e-02 1.509544007480145e+00
5.940000000000000e-01 1.441088438958755e+00 -6.806335503773625e-02 1.509544007480145e+00
5.960000000000000e-01 1.441088438958755e+00 -6.806335503773625e-02 1.509544007480145e+00
5.980000000000000e-01 1.441088438958755e+00 -6.806335503773625e-02 1.509544007480145e+00
6.000000000000000e-01 1.441088438958755e+00 -6.806335503773625e-02 1.509544007480145e+00
6.020000000000000e-01 1.441088438958755e+00 -6.806335503773625e-02 1.509544007480145e+00
6.040000000000000e-01 1.441088438958755e+00 -6.806335503773625e-02 1.509544007480145e+00
6.060000000000000e-01 1.441088438958755e+00 -6.806335503773625e-02 1.509544007480145e+00
6.080000000000000e-01 1.441088438958755e+00 -6.806335503773625e-02 1.509544007480145e+00
6.100000000000000e-01 1.441088438958755e+00 -6.806335503773625e-02 1.509544007480145e+00
6.120000000000000e-01 1.441088438958755e+00 -6.806335503773625e-02 1.509544007480145e+00
6.140000000000000e-01 1.441088438958755e+00 -6.806335503773625e-02 1.509544007480145e+00
6.160000000000000e-01 1.441088438958755e+00 -6.806335503773625e-02 1.509544007480145e+00
6.180000000000000e-01 1.441088438958755e+00 -6.806335503773625e-02 1.509544007480145e+00
6.200000000000000e-01 1.441088438958755e+00 -6.806335503773625e-02 1.509544007480145e+00
6.220000000000000e-01 1.441088438958755e+00 -6.806335503773625e-02 1.509544007480145e+00
6.240000000000000e-01 1.441088438958755e+00 -6.806335503773625e-02 1.509544007480145e+00
6.260000000000000e-01 1.441088438958755e+00 -6.806335503773625e-02 1.509544007480145e+00
6.280000000000000e-01 1.441088438958755e+00 -6.806335503773625e-02 1.509544007480145e+00
6.300000000000000e-01 1.441088438958755e+00 -6.806335503773625e-02 1.509544007480145e+00
6.320000000000000e-01 1.441088438958755e+00 -6.806335503773625e-02 1.509544007480145e+00
6.340000000000000e-01 1.441088438958755e+00 -6.806335503773625e-02 1.509544007480145e+00
6.360000000000000e-01 1.441088438958755e+00 -6.806335503773625e-02 1.509544007480145e+00
6.380000000000000e-01 1.441088438958755e+00 -6.806335503773625e-02 1.509544007480145e+00
6.400000000000000e-01 1.441088438958755e+00 -6.806335503773625e-02 1.509544007480145e+00
6.420000000000000e-01 1.441088438958755e+00 -6.806335503773625e-02 1.509544007480145e+00
6.440000000000000e-01 1.441088438958755e+00 -6.806335503773625e-02 1.509544007480145e+00
6.460000000000000e-01 1.441088438958755e+00 -6.806335503773625e-02 1.509544007480145e+00
6.480000000000000e-01 1.441088438958755e+00 -6.806335503773625e-02 1.509544007480145e+00
6.500000000000000e-01 1.441088438958755e+00 -6.806335503773625e-02 1.509544007480145e+00
6.520000000000000e-01 1.441088438958755e+00 -6.806335503773625e-02 1.509544007480145e+00
6.540000000000000e-01 1.441088438958755e+00 -6.806335503773625e-02 1.509544007480145e+00
6.560000000000000e-01 1.441088438958755e+00 -6.806335503773625e-02 1.509544007480145e+00
6.580000000000000e-01 1.441088438958755e+00 -6.806335503773625e-02 1.509544007480145e+00
6.600000000000000e-01 1.441088438958755e+00 -6.806335503773625e-02 1.509544007480145e+00
6.620000000000000e-01 1.441088438958755e+00 -6.806335503773625e-02 1.509544007480145e+00
6.640000000000000e-01 1.441088438958755e+00 -6.806335503773625e-02 1.509544007480145e+00
6.660000000000000e-01 1.441088438958755e+00 -6.806335503773625e-02 1.509544007480145e+00
6.680000000000000e-01 1.441088438958755e+00 -6.806335503773625e-02 1.509544007480145e+00
6.700000000000000e-01 1.441088438958755e+00 -6.806335503773625e-02 1.509544007480145e+00
6.720000000000000e-01 1.441088438958755e+00 -6.806335503773625e-02 1.509544007480145e+00
6.740000000000000e-01 1.441088438958755e+00 -6.806335503773625e-02 1.509544007480145e+00
6.760000000000000e-01 1.441088438958755e+00 -6.806335503773625e-02 1.509544007480145e+00
6.780000000000000e-01 1.441088438958755e+00 -6.806335503773625e-02 1.509544007480145e+00
6.800000000000000e-01 1.441088438958755e+00 -6.806335503773625e-02 1.509544007480145e+00
6.820000000000001e-01 1.441088438958755e+00 -6.806335503773625e-02 1.509544007480145e+00
6.840000000000001e-01 1.000000000000000e+00 -5.000000000000000e-01 9.000000000000000e-01
6.860000000000001e-01 1.000000000000000e+00 -5.000000000000000e-01 9.000000000000000e-01
6.880000000000001e-01 1.000000000000000e+00 -5.000000000000000e-01 9.000000000000000e-01
6.900000000000001e-01 1.000000000000000e+00 -5.000000000000000e-01 9.000000000000000e-01
6.920000000000001e-01 1.000000000000000e+00 -5.000000000000000e-01 9.000000000000000e-01
6.940000000000001e-01 1.000000000000000e+00 -5.000000000000000e-01 9.000000000000000e-01
6.960000000000001e-01 1.000000000000000e+00 -5.000000000000000e-01 9.000000000000000e-01
6.980000000000001e-01 1.000000000000000e+00 -5.000000000000000e-01 9.000000000000000e-01
7.000000000000001e-01 1.000000000000000e+00 -5.000000000000000e-01 9.000000000000000e-01
7.020000000000001e-01 1.000000000000000e+00 -5.000000000000000e-01 9.000000000000000e-01
7.040000000000000e-01 1.000000000000000e+00 -5.000000000000000e-01 9.000000000000000e-01
7.060000000000000e-01 1.000000000000000e+00 -5.000000000000000e-01 9.000000000000000e-01
7.080000000000000e-01 1.000000000000000e+00 -5.000000000000000e-01 9.000000000000000e-01
7.100000000000000e-01 1.000000000000000e+00 -5.000000000000000e-01 9.000000000000000e-01
7.120000000000000e-01 1.000000000000000e+00 -5.000000000000000e-01 9.000000000000000e-01
7.140000000000000e-01 1.000000000000000e+00 -5.000000000000000e-01 9.000000000000000e-01
7.160000000000000e-01 1.000000000000000e+00 -5.000000000000000e-01 9.000000000000000e-01
7.180000000000000e-01 1.000000000000000e+00 -5.000000000000000e-01 9.000000000000000e-01
7.200000000000000e-01 1.000000000000000e+00 -5.000000000000000e-01 9.000000000000000e-01
7.220000000000000e-01 1.000000000000000e+00 -5.000000000000000e-01 9.000000000000000e-01
7.240000000000000e-01 1.000000000000000e+00 -5.000000000000000e-01 9.000000000000000e-01
7.260000000000000e-01 1.000000000000000e+00 -5.000000000000000e-01 9.000000000000000e-01
7.280000000000000e-01 1.000000000000000e+00 -5.000000000000000e-01 9.000000000000000e-01
7.300000000000000e-01 1.000000000000000e+00 -5.000000000000000e-01 9.000000000000000e-01
7.320000000000000e-01 1.000000000000000e+00 -5.000000000000000e-01 9.000000000000000e-01
7.340000000000000e-01 1.000000000000000e+00 -5.000000000000000e-01 9.000000000000000e-01
7.360000000000000e-01 1.000000000000000e+00 -5.000000000000000e-01 9.000000000000000e-01
7.380000000000000e-01 1.000000000000000e+00 -5.000000000000000e-01 9.000000000000000e-01
7.400000000000000e-01 1.000000000000000e+00 -5.000000000000000e-01 9.000000000000000e-01
7.420000000000000e-01 1.000000000000000e+00 -5.000000000000000e-01 9.000000000000000e-01
7.440000000000000e-01 1.000000000000000e+00 -5.000000000000000e-01 9.000000000000000e-01
7.460000000000000e-01 1.000000000000000e+00 -5.000000000000000e-01 9.000000000000000e-01
7.480000000000000e-01 1.000000000000000e+00 -5.000000000000000e-01 9.000000000000000e-01
7.500000000000000e-01 1.000000000000000e+00 -5.000000000000000e-01 9.000000000000000e-01
7.520000000000000e-01 1.000000000000000e+00 -5.000000000000000e-01 9.000000000000000e-01
7.540000000000000e-01 1.000000000000000e+00 -5.000000000000000e-01 9.000000000000000e-01
7.560000000000000e-01 1.000000000000000e+00 -5.000000000000000e-01 9.000000000000000e-01
7.580000000000000e-01 1.000000000000000e+00 -5.000000000000000e-01 9.000000000000000e-01
7.600000000000000e-01 1.000000000000000e+00 -5.000000000000000e-01 9.000000000000000e-01
7.620000000000000e-01 1.000000000000000e+00 -5.000000000000000e-01 9.000000000000000e-01
7.640000000000000e-01 1.000000000000000e+00 -5.000000000000000e-01 9.000000000000000e-01
7.660000000000000e-01 1.000000000000000e+00 -5.000000000000000e-01 9.000000000000000e-01
7.680000000000000e-01 1.000000000000000e+00 -5.000000000000000e-01 9.000000000000000e-01
7.700000000000000e-01 1.000000000000000e+00 -5.000000000000000e-01 9.000000000000000e-01
7.720000000000000e-01 1.000000000000000e+00 -5.000000000000000e-01 9.000000000000000e-01
7.740000000000000e-01 1.000000000000000e+00 -5.000000000000000e-01 9.000000000000000e-01
7.760000000000000e-01 1.000000000000000e+00 -5.000000000000000e-01 9.000000000000000e-01
7.780000000000000e-01 1.000000000000000e+00 -5.000000000000000e-01 9.000000000000000e-01
7.800000000000000e-01 1.000000000000000e+00 -5.000000000000000e-01 9.000000000000000e-01
7.820000000000000e-01 1.000000000000000e+00 -5.000000000000000e-01 9.000000000000000e-01
7.840000000000000e-01 1.000000000000000e+00 -5.000000000000000e-01 9.000000000000000e-01
7.860000000000000e-01 1.000000000000000e+00 -5.000000000000000e-01 9.000000000000000e-01
7.880000000000000e-01 1.000000000000000e+00 -5.000000000000000e-01 9.000000000000000e-01
7.900000000000000e-01 1.000000000000000e+00 -5.000000000000000e-01 9.000000000000000e-01
7.920000000000000e-01 1.000000000000000e+00 -5.000000000000000e-01 9.000000000000000e-01
7.940000000000000e-01 1.000000000000000e+00 -5.000000000000000e-01 9.000000000000000e-01
7.960000000000000e-01 1.000000000000000e+00 -5.000000000000000e-01 9.000000000000000e-01
7.980000000000000e-01 1.000000000000000e+00 -5.000000000000000e-01 9.000000000000000e-01
8.000000000000000e-01 1.000000000000000e+00 -5.000000000000000e-01 9.000000000000000e-01
8.020000000000000e-01 1.000000000000000e+00 -5.000000000000000e-01 9.000000000000000e-01
8.040000000000000e-01 1.000000000000000e+00 -5.000000000000000e-01 9.000000000000000e-01
8.060000000000000e-01 1.000000000000000e+00 -5.000000000000000e-01 9.000000000000000e-01
8.080000000000001e-01 1.000000000000000e+00 -5.000000000000000e-01 9.000000000000000e-01
8.100000000000001e-01 1.000000000000000e+00 -5.000000000000000e-01 9.000000000000000e-01
8.120000000000001e-01 1.000000000000000e+00 -5.000000000000000e-01 9.000000000000000e-01
8.140000000000001e-01 1.000000000000000e+00 -5.000000000000000e-01 9.000000000000000e-01
8.160000000000001e-01 1.000000000000000e+00 -5.000000000000000e-01 9.000000000000000e-01
8.180000000000001e-01 1.000000000000000e+00 -5.000000000000000e-01 9.000000000000000e-01
8.200000000000001e-01 1.000000000000000e+00 -5.000000000000000e-01 9.000000000000000e-01
8.220000000000001e-01 1.000000000000000e+00 -5.000000000000000e-01 9.000000000000000e-01
8.240000000000001e-01 1.000000000000000e+00 -5.000000000000000e-01 9.000000000000000e-01
8.260000000000001e-01 1.000000000000000e+00 -5.000000000000000e-01 9.000000000000000e-01
8.280000000000001e-01 1.000000000000000e+00 -5.000000000000000e-01 9.000000000000000e-01
8.300000000000001e-01 1.000000000000000e+00 -5.000000000000000e-01 9.000000000000000e-01
8.320000000000001e-01 1.000000000000000e+00 -5.000000000000000e-01 9.000000000000000e-01
8.340000000000000e-01 1.000000000000000e+00 -5.000000000000000e-01 9.000000000000000e-01
8.360000000000000e-01 1.000000000000000e+00 -5.000000000000000e-01 9.000000000000000e-01
8.380000000000000e-01 1.000000000000000e+00 -5.000000000000000e-01 9.000000000000000e-01
8.400000000000000e-01 1.000000000000000e+00 -5.000000000000000e-01 9.000000000000000e-01
8.420000000000000e-01 1.000000000000000e+00 -5.000000000000000e-01 9.000000000000000e-01
8.440000000000000e-01 1.000000000000000e+00 -5.000000000000000e-01 9.000000000000000e-01
8.460000000000000e-01 1.000000000000000e+00 -5.000000000000000e-01 9.000000000000000e-01
8.480000000000000e-01 1.000000000000000e+00 -5.000000000000000e-01 9.000000000000000e-01
8.500000000000000e-01 1.000000000000000e+00 -5.000000000000000e-01 9.000000000000000e-01
8.520000000000000e-01 1.000000000000000e+00 -5.000000000000000e-01 9.000000000000000e-01
8.540000000000000e-01 1.000000000000000e+00 -5.000000000000000e-01 9.000000000000000e-01
8.560000000000000e-01 1.000000000000000e+00 -5.000000000000000e-01 9.000000000000000e-01
8.580000000000000e-01 1.000000000000000e+00 -5.000000000000000e-01 9.000000000000000e-01
8.600000000000000e-01 1.000000000000000e+00 -5.000000000000000e-01 9.000000000000000e-01
8.620000000000000e-01 1.000000000000000e+00 -5.000000000000000e-01 9.000000000000000e-01
8.640000000000000e-01 1.000000000000000e+00 -5.000000000000000e-01 9.000000000000000e-01
8.660000000000000e-01 1.000000000000000e+00 -5.000000000000000e-01 9.000000000000000e-01
8.680000000000000e-01 1.000000000000000e+00 -5.000000000000000e-01 9.000000000000000e-01
8.700000000000000e-01 1.000000000000000e+00 -5.000000000000000e-01 9.000000000000000e-01
8.720000000000000e-01 1.000000000000000e+00 -5.000000000000000e-01 9.000000000000000e-01
8.740000000000000e-01 1.000000000000000e+00 -5.000000000000000e-01 9.000000000000000e-01
8.760000000000000e-01 1.000000000000000e+00 -5.000000000000000e-01 9.000000000000000e-01
8.780000000000000e-01 1.000000000000000e+00 -5.000000000000000e-01 9.000000000000000e-01
8.800000000000000e-01 1.000000000000000e+00 -5.000000000000000e-01 9.000000000000000e-01
8.820000000000000e-01 1.000000000000000e+00 -5.000000000000000e-01 9.000000000000000e-01
8.840000000000000e-01 1.000000000000000e+00 -5.000000000000000e-01 9.000000000000000e-01
8.860000000000000e-01 1.000000000000000e+00 -5.000000000000000e-01 9.000000000000000e-01
8.880000000000000e-01 1.000000000000000e+00 -5.000000000000000e-01 9.000000000000000e-01
8.900000000000000e-01 1.000000000000000e+00 -5.000000000000000e-01 9.000000000000000e-01
8.920000000000000e-01 1.000000000000000e+00 -5.000000000000000e-01 9.000000000000000e-01
8.940000000000000e-01 1.000000000000000e+00 -5.000000000000000e-01 9.000000000000000e-01
8.960000000000000e-01 1.000000000000000e+00 -5.000000000000000e-01 9.000000000000000e-01
8.980000000000000e-01 1.000000000000000e+00 -5.000000000000000e-01 9.000000000000000e-01
9.000000000000000e-01 1.000000000000000e+00 -5.000000000000000e-01 9.000000000000000e-01
9.020000000000000e-01 1.000000000000000e+00 -5.000000000000000e-01 9.000000000000000e-01
9.040000000000000e-01 1.000000000000000e+00 -5.000000000000000e-01 9.000000000000000e-01
9.060000000000000e-01 1.000000000000000e+00 -5.000000000000000e-01 9.000000000000000e-01
9.080000000000000e-01 1.000000000000000e+00 -5.000000000000000e-01 9.000000000000000e-01
9.100000000000000e-01 1.000000000000000e+00 -5.000000000000000e-01 9.000000000000000e-01
9.120000000000000e-01 1.000000000000000e+00 -5.000000000000000e-01 9.000000000000000e-01
9.140000000000000e-01 1.000000000000000e+00 -5.000000000000000e-01 9.000000000000000e-01
9.160000000000000e-01 1.000000000000000e+00 -5.000000000000000e-01 9.000000000000000e-01
9.180000000000000e-01 1.000000000000000e+00 -5.000000000000000e-01 9.000000000000000e-01
9.200000000000000e-01 1.000000000000000e+00 -5.000000000000000e-01 9.000000000000000e-01
9.220000000000000e-01 1.000000000000000e+00 -5.000000000000000e-01 9.000000000000000e-01
9.240000000000000e-01 1.000000000000000e+00 -5.000000000000000e-01 9.000000000000000e-01
9.260000000000000e-01 1.000000000000000e+00 -5.000000000000000e-01 9.000000000000000e-01
9.280000000000000e-01 1.000000000000000e+00 -5.000000000000000e-01 9.000000000000000e-01
9.300000000000000e-01 1.000000000000000e+00 -5.000000000000000e-01 9.000000000000000e-01
9.320000000000001e-01 1.000000000000000e+00 -5.000000000000000e-01 9.000000000000000e-01
9.340000000000001e-01 1.000000000000000e+00 -5.000000000000000e-01 9.000000000000000e-01
9.360000000000001e-01 1.000000000000000e+00 -5.000000000000000e-01 9.000000000000000e-01
9.380000000000001e-01 1.000000000000000e+00 -5.000000000000000e-01 9.000000000000000e-01
9.400000000000001e-01 1.000000000000000e+00 -5.000000000000000e-01 9.000000000000000e-01
9.420000000000001e-01 1.000000000000000e+00 -5.000000000000000e-01 9.000000000000000e-01
9.440000000000001e-01 1.000000000000000e+00 -5.000000000000000e-01 9.000000000000000e-01
9.460000000000001e-01 1.000000000000000e+00 -5.000000000000000e-01 9.000000000000000e-01
9.480000000000001e-01 1.000000000000000e+00 -5.000000000000000e-01 9.000000000000000e-01
9.500000000000001e-01 1.000000000000000e+00 -5.000000000000000e-01 9.000000000000000e-01
9.520000000000001e-01 1.000000000000000e+00 -5.000000000000000e-01 9.000000000000000e-01
9.540000000000001e-01 1.000000000000000e+00 -5.000000000000000e-01 9.000000000000000e-01
9.560000000000001e-01 1.000000000000000e+00 -5.000000000000000e-01 9.000000000000000e-01
9.580000000000001e-01 1.000000000000000e+00 -5.000000000000000e-01 9.000000000000000e-01
9.600000000000000e-01 1.000000000000000e+00 -5.000000000000000e-01 9.000000000000000e-01
9.620000000000000e-01 1.000000000000000e+00 -5.000000000000000e-01 9.000000000000000e-01
9.640000000000000e-01 1.000000000000000e+00 -5.000000000000000e-01 9.000000000000000e-01
9.660000000000000e-01 1.000000000000000e+00 -5.000000000000000e-01 9.000000000000000e-01
9.680000000000000e-01 1.000000000000000e+00 -5.000000000000000e-01 9.000000000000000e-01
9.700000000000000e-01 1.000000000000000e+00 -5.000000000000000e-01 9.000000000000000e-01
9.720000000000000e-01 1.000000000000000e+00 -5.000000000000000e-01 9.000000000000000e-01
9.740000000000000e-01 1.000000000000000e+00 -5.000000000000000e-01 9.000000000000000e-01
9.760000000000000e-01 1.000000000000000e+00 -5.000000000000000e-01 9.000000000000000e-01
9.780000000000000e-01 1.000000000000000e+00 -5.000000000000000e-01 9.000000000000000e-01
9.800000000000000e-01 1.000000000000000e+00 -5.000000000000000e-01 9.000000000000000e-01
9.820000000000000e-01 1.000000000000000e+00 -5.000000000000000e-01 9.000000000000000e-01
9.840000000000000e-01 1.000000000000000e+00 -5.000000000000000e-01 9.000000000000000e-01
9.860000000000000e-01 1.000000000000000e+00 -5.000000000000000e-01 9.000000000000000e-01
9.880000000000000e-01 1.000000000000000e+00 -5.000000000000000e-01 9.000000000000000e-01
9.900000000000000e-01 1.000000000000000e+00 -5.000000000000000e-01 9.000000000000000e-01
9.920000000000000e-01 1.000000000000000e+00 -5.000000000000000e-01 9.000000000000000e-01
9.940000000000000e-01 1.000000000000000e+00 -5.000000000000000e-01 9.000000000000000e-01
9.960000000000000e-01 1.000000000000000e+00 -5.000000000000000e-01 9.000000000000000e-01
9.980000000000000e-01 1.000000000000000e+00 -5.000000000000000e-01 9.000000000000000e-01
1.000000000000000e+00 1.000000000000000e+00 -5.000000000000000e-01 9.000000000000000e-01
ZONE T="beta=0", AUXDATA beta="0", I=501, F=POINT
0.000000000000000e+00 4.000000000000000e-01 5.000000000000000e-01 1.000000000000000e+00
2.000000000000000e-03 4.000000000000000e-01 5.000000000000000e-01 1.000000000000000e+00
4.000000000000000e-03 4.000000000000000e-01 5.000000000000000e-01 1.000000000000000e+00
6.000000000000000e-03 4.000000000000000e-01 5.000000000000000e-01 1.000000000000000e+00
8.000000000000000e-03 4.000000000000000e-01 5.000000000000000e-01 1.000000000000000e+00
1.000000000000000e-02 4.000000000000000e-01 5.000000000000000e-01 1.000000000000000e+00
1.200000000000000e-02 4.000000000000000e-01 5.000000000000000e-01 1.000000000000000e+00
1.400000000000000e-02 4.000000000000000e-01 5.000000000000000e-01 1.000000000000000e+00
1.600000000000000e-02 4.000000000000000e-01 5.000000000000000e-01 1.000000000000000e+00
1.800000000000000e-02 4.000000000000000e-01 5.000000000000000e-01 1.000000000000000e+00
2.000000000000000e-02 4.000000000000000e-01 5.000000000000000e-01 1.000000000000000e+00
2.200000000000000e-02 4.000000000000000e-01 5.000000000000000e-01 1.000000000000000e+00
2.400000000000000e-02 4.000000000000000e-01 5.000000000000000e-01 1.000000000000000e+00
2.600000000000000e-02 4.000000000000000e-01 5.000000000000000e-01 1.000000000000000e+00
2.800000000000000e-02 4.000000000000000e-01 5.000000000000000e-01 1.000000000000000e+00
3.000000000000000e-02 4.000000000000000e-01 5.000000000000000e-01 1.000000000000000e+00
3.200000000000000e-02 4.000000000000000e-01 5.000000000000000e-01 1.000000000000000e+00
3.400000000000000e-02 4.000000000000000e-01 5.000000000000000e-01 1.000000000000000e+00
3.600000000000000e-02 4.000000000000000e-01 5.000000000000000e-01 1.000000000000000e+00
3.800000000000000e-02 4.000000000000000e-01 5.000000000000000e-01 1.000000000000000e+00
4.000000000000000e-02 4.000000000000000e-01 5.000000000000000e-01 1.000000000000000e+00
4.200000000000000e-02 4.000000000000000e-01 5.000000000000000e-01 1.000000000000000e+00
4.400000000000000e-02 4.000000000000000e-01 5.000000000000000e-01 1.000000000000000e+00
4.600000000000000e-02 4.000000000000000e-01 5.000000000000000e-01 1.000000000000000e+00
4.800000000000000e-02 4.000000000000000e-01 5.000000000000000e-01 1.000000000000000e+00
5.000000000000000e-02 4.000000000000000e-01 5.000000000000000e-01 1.000000000000000e+00
5.200000000000000e-02 4.000000000000000e-01 5.000000000000000e-01 1.000000000000000e+00
5.400000000000000e-02 4.000000000000000e-01 5.000000000000000e-01 1.000000000000000e+00
5.600000000000000e-02 4.000000000000000e-01 5.000000000000000e-01 1.000000000000000e+00
5.800000000000000e-02 4.000000000000000e-01 5.000000000000000e-01 1.000000000000000e+00
6.000000000000000e-02 4.000000000000000e-01 5.000000000000000e-01 1.000000000000000e+00
6.200000000000000e-02 4.000000000000000e-01 5.000000000000000e-01 1.000000000000000e+00
6.400000000000000e-02 4.000000000000000e-01 5.000000000000000e-01 1.000000000000000e+00
6.600000000000000e-02 4.000000000000000e-01 5.000000000000000e-01 1.000000000000000e+00
6.800000000000000e-02 4.000000000000000e-01 5.000000000000000e-01 1.000000000000000e+00
7.000000000000001e-02 4.000000000000000e-01 5.000000000000000e-01 1.000000000000000e+00
7.199999999999999e-02 4.000000000000000e-01 5.000000000000000e-01 1.000000000000000e+00
7.400000000000000e-02 4.000000000000000e-01 5.000000000000000e-01 1.000000000000000e+00
7.600000000000000e-02 4.000000000000000e-01 5.000000000000000e-01 1.000000000000000e+00
7.800000000000000e-02 4.000000000000000e-01 5.000000000000000e-01 1.000000000000000e+00
8.000000000000000e-02 4.000000000000000e-01 5.000000000000000e-01 1.000000000000000e+00
8.200000000000000e-02 4.000000000000000e-01 5.000000000000000e-01 1.000000000000000e+00
8.400000000000001e-02 4.000000000000000e-01 5.000000000000000e-01 1.000000000000000e+00
8.599999999999999e-02 4.000000000000000e-01 5.000000000000000e-01 1.000000000000000e+00
8.799999999999999e-02 4.000000000000000e-01 5.000000000000000e-01 1.000000000000000e+00
9.000000000000000e-02 4.000000000000000e-01 5.000000000000000e-01 1.000000000000000e+00
9.200000000000000e-02 4.000000000000000e-01 5.000000000000000e-01 1.000000000000000e+00
9.400000000000000e-02 4.000000000000000e-01 5.000000000000000e-01 1.000000000000000e+00
9.600000000000000e-02 4.000000000000000e-01 5.000000000000000e-01 1.000000000000000e+00
9.800000000000000e-02 4.000000000000000e-01 5.000000000000000e-01 1.000000000000000e+00
1.000000000000000e-01 4.000000000000000e-01 5.000000000000000e-01 1.000000000000000e+00
1.020000000000000e-01 4.000000000000000e-01 5.000000000000000e-01 1.000000000000000e+00
1.040000000000000e-01 4.000000000000000e-01 5.000000000000000e-01 1.000000000000000e+00
1.060000000000000e-01 4.000000000000000e-01 5.000000000000000e-01 1.000000000000000e+00
1.080000000000000e-01 4.000000000000000e-01 5.000000000000000e-01 1.000000000000000e+00
1.100000000000000e-01 4.000000000000000e-01 5.000000000000000e-01 1.000000000000000e+00
1.120000000000000e-01 4.000000000000000e-01 5.000000000000000e-01 1.000000000000000e+00
1.140000000000000e-01 4.000000000000000e-01 5.000000000000000e-01 1.000000000000000e+00
1.160000000000000e-01 4.000000000000000e-01 5.000000000000000e-01 1.000000000000000e+00
1.180000000000000e-01 4.000000000000000e-01 5.000000000000000e-01 1.000000000000000e+00
1.200000000000000e-01 4.000000000000000e-01 5.000000000000000e-01 1.000000000000000e+00
1.220000000000000e-01 4.000000000000000e-01 4.999999999000000e-01 1.000000000100000e+00
1.240000000000000e-01 4.000000001000000e-01 4.999999994000000e-01 1.000000000500000e+00
1.260000000000000e-01 4.000000006000000e-01 4.999999971000000e-01 1.000000002100000e+00
1.280000000000000e-01 4.000000028000000e-01 4.999999868000000e-01 1.000000009900000e+00
1.300000000000000e-01 4.000000131000000e-01 4.999999389000000e-01 1.000000045700000e+00
1.320000000000000e-01 4.000000603000000e-01 4.999997179000000e-01 1.000000211100000e+00
1.340000000000000e-01 4.000002784000000e-01 4.999986977000000e-01 1.000000974600000e+00
1.360000000000000e-01 4.000012853000000e-01 4.999939885000000e-01 1.000004498600000e+00
1.380000000000000e-01 4.000059327000000e-01 4.999722522000000e-01 1.000020764700000e+00
1.400000000000000e-01 4.000273791000000e-01 4.998719460000000e-01 1.000095830200000e+00
1.420000000000000e-01 4.001262633000000e-01 4.994094540000000e-01 1.000441996900000e+00
1.440000000000000e-01 4.005804545000000e-01 4.972850934000000e-01 1.002033180800000e+00
1.460000000000000e-01 4.026309290000000e-01 4.876926925000000e-01 1.009240904300000e+00
1.480000000000000e-01 4.112423574000000e-01 4.473755473000000e-01 1.039931885500000e+00
1.500000000000000e-01 4.398668590000000e-01 3.148392889000000e-01 1.145741695100000e+00
1.520000000000000e-01 4.982704612000000e-01 6.558917609999999e-02 1.370145982800000e+00
1.540000000000000e-01 5.555947674000000e-01 -1.446600364000000e-01 1.592091779600000e+00
1.560000000000000e-01 5.686555712000000e-01 -1.869782336000000e-01 1.640953568700000e+00
1.580000000000000e-01 5.439548166000000e-01 -1.006323287000000e-01 1.543730729200000e+00
1.600000000000000e-01 5.160143580000000e-01 4.911603300000000e-03 1.433371656000000e+00
1.620000000000000e-01 5.086440042000000e-01 3.468483610000000e-02 1.403662584700000e+00
1.640000000000000e-01 5.236451236000000e-01 -2.381170490000000e-02 1.462767300600000e+00
1.660000000000000e-01 5.433353741000000e-01 -9.677032210000000e-02 1.540217759700000e+00
1.680000000000000e-01 5.492886854000000e-01 -1.178482652000000e-01 1.563363531400000e+00
1.700000000000000e-01 5.407699239000000e-01 -8.705867560000000e-02 1.529761860700000e+00
1.720000000000000e-01 5.297806952000000e-01 -4.618931740000000e-02 1.486380759300000e+00
1.740000000000000e-01 5.264746170000000e-01 -3.356824160000000e-02 1.473236275300000e+00
1.760000000000000e-01 5.317133909000000e-01 -5.333332330000000e-02 1.493898469400000e+00
1.780000000000000e-01 5.387604942999999e-01 -7.944805689999999e-02 1.521679932100000e+00
1.800000000000000e-01 5.410393532000000e-01 -8.775599280000000e-02 1.530627677400000e+00
1.820000000000000e-01 5.380670867000000e-01 -7.684601290000000e-02 1.518899028400000e+00
1.840000000000000e-01 5.340170388000000e-01 -6.182757320000000e-02 1.502914517800000e+00
1.860000000000000e-01 5.326518027000000e-01 -5.671704300000000e-02 1.497514014700000e+00
1.880000000000000e-01 5.343024642999999e-01 -6.287290750000001e-02 1.504024863800000e+00
1.900000000000000e-01 5.366037165000000e-01 -7.140530900000000e-02 1.513100899200000e+00
1.920000000000000e-01 5.373405543999999e-01 -7.412260060000000e-02 1.516002982000000e+00
1.940000000000000e-01 5.363709819000000e-01 -7.053901270000000e-02 1.512178032800000e+00
1.960000000000000e-01 5.351166772000000e-01 -6.588734459999999e-02 1.507229091200000e+00
1.980000000000000e-01 5.348233097000000e-01 -6.479600470000001e-02 1.506070405900000e+00
2.000000000000000e-01 5.355026445000000e-01 -6.731896599999999e-02 1.508750828900000e+00
2.020000000000000e-01 5.362655422000000e-01 -7.014592800000000e-02 1.511760445600000e+00
2.040000000000000e-01 5.363726758000000e-01 -7.054205730000000e-02 1.512182650600000e+00
2.060000000000000e-01 5.358700400000000e-01 -6.868061020000001e-02 1.510199818800000e+00
2.080000000000000e-01 5.353449693000000e-01 -6.673302550000000e-02 1.508128216900000e+00
2.100000000000000e-01 5.352652909000000e-01 -6.643698150000001e-02 1.507813557400000e+00
2.120000000000000e-01 5.355973763000000e-01 -6.766906750000000e-02 1.509123543200000e+00
2.140000000000000e-01 5.359595297000000e-01 -6.901130250000000e-02 1.510552021800000e+00
2.160000000000000e-01 5.360394730000000e-01 -6.930716040000000e-02 1.510867055900000e+00
2.180000000000000e-01 5.358444474000000e-01 -6.858424550000000e-02 1.510097366000000e+00
2.200000000000000e-01 5.356105544999999e-01 -6.771672210000000e-02 1.509174267700000e+00
2.220000000000000e-01 5.355421134000000e-01 -6.746247060000000e-02 1.508903820900000e+00
2.240000000000000e-01 5.356493801000000e-01 -6.785990390000000e-02 1.509326549900000e+00
2.260000000000000e-01 5.357935925000000e-01 -6.839412160000000e-02 1.509894977800000e+00
2.280000000000000e-01 5.358439398000000e-01 -6.858022880000000e-02 1.510093040300000e+00
2.300000000000000e-01 5.357836644000000e-01 -6.835626929999999e-02 1.509854655400000e+00
2.320000000000000e-01 5.356911607000000e-01 -6.801273440000000e-02 1.509489082500000e+00
2.340000000000000e-01 5.356482997999999e-01 -6.785317439999999e-02 1.509319306100000e+00
2.360000000000000e-01 5.356732694000000e-01 -6.794510390000000e-02 1.509417089000000e+00
2.380000000000000e-01 5.357255007000000e-01 -6.813806790000000e-02 1.509622384200000e+00
2.400000000000000e-01 5.357564731000000e-01 -6.825216410000000e-02 1.509743777500000e+00
2.420000000000000e-01 5.357506466000000e-01 -6.822980960000000e-02 1.509719970400000e+00
2.440000000000000e-01 5.357263907000001e-01 -6.813910600000000e-02 1.509623434700000e+00
2.460000000000000e-01 5.357093168000000e-01 -6.807500790000000e-02 1.509555214300000e+00
2.480000000000000e-01 5.357090535000000e-01 -6.807322530000000e-02 1.509553300800000e+00
2.500000000000000e-01 5.357173347999999e-01 -6.810311669999999e-02 1.509585090300000e+00
2.520000000000000e-01 5.357216453000000e-01 -6.811828640000001e-02 1.509601216400000e+00
2.540000000000000e-01 5.357176711000000e-01 -6.810274790000000e-02 1.509584668100000e+00
2.560000000000000e-01 5.357104574000000e-01 -6.807521390000000e-02 1.509555357300000e+00
2.580000000000000e-01 5.357070746000000e-01 -6.806190630000000e-02 1.509541185000000e+00
2.600000000000000e-01 5.357098170000000e-01 -6.807134030000001e-02 1.509551211300000e+00
2.620000000000000e-01 5.357155071000000e-01 -6.809174350000000e-02 1.509572910300000e+00
2.640000000000000e-01 5.357195097000000e-01 -6.810593950000000e-02 1.509588005900000e+00
2.660000000000000e-01 5.357196216000000e-01 -6.810577020000000e-02 1.509587817300000e+00
2.680000000000000e-01 5.357167739000001e-01 -6.809469680000001e-02 1.509576027500000e+00
2.700000000000000e-01 5.357131670000000e-01 -6.808088840000000e-02 1.509561328800000e+00
2.720000000000000e-01 5.357102981000000e-01 -6.806990620000000e-02 1.509549638800000e+00
2.740000000000000e-01 5.357084490000000e-01 -6.806280540000000e-02 1.509542079900000e+00
2.760000000000000e-01 5.357073543000000e-01 -6.805861340000000e-02 1.509537617600000e+00
2.780000000000000e-01 5.357068957000000e-01 -6.805690260000000e-02 1.509535796800000e+00
2.800000000000000e-01 5.357071502000000e-01 -6.805796930000001e-02 1.509536932700000e+00
2.820000000000000e-01 5.357080210000000e-01 -6.806146640000001e-02 1.509540656100000e+00
2.840000000000000e-01 5.357090285000000e-01 -6.806562640000000e-02 1.509545086500000e+00
2.860000000000000e-01 5.357095109000000e-01 -6.806800720000000e-02 1.509547625400000e+00
2.880000000000000e-01 5.357090195000000e-01 -6.806695530000000e-02 1.509546513500000e+00
2.900000000000000e-01 5.357075526000000e-01 -6.806247620000000e-02 1.509541756600000e+00
2.920000000000000e-01 5.357054895000000e-01 -6.805598640000000e-02 1.509534861900000e+00
2.940000000000000e-01 5.357033427000000e-01 -6.804939600000000e-02 1.509527862000000e+00
2.960000000000000e-01 5.357015290000000e-01 -6.804426010000000e-02 1.509522411500000e+00
2.980000000000000e-01 5.357002609000000e-01 -6.804137650000000e-02 1.509519359400000e+00
3.000000000000000e-01 5.356995414000000e-01 -6.804076510000000e-02 1.509518726600000e+00
3.020000000000000e-01 5.356992050000000e-01 -6.804182020000001e-02 1.509519868900000e+00
3.040000000000000e-01 5.356989790000000e-01 -6.804353859999999e-02 1.509521718700000e+00
3.060000000000000e-01 5.356985648000000e-01 -6.804482019999999e-02 1.509523105700000e+00
3.080000000000000e-01 5.356977302000000e-01 -6.804481010000001e-02 1.509523120200000e+00
3.100000000000000e-01 5.356963818000000e-01 -6.804316730000000e-02 1.509521399300000e+00
3.120000000000000e-01 5.356945852000000e-01 -6.804013950000000e-02 1.509518206600000e+00
3.140000000000000e-01 5.356925253000000e-01 -6.803641489999999e-02 1.509514274500000e+00
3.160000000000000e-01 5.356904280000000e-01 -6.803283400000000e-02 1.509510497200000e+00
3.180000000000000e-01 5.356884803000000e-01 -6.803009120000000e-02 1.509507613400000e+00
3.200000000000000e-01 5.356867756000000e-01 -6.802853260000000e-02 1.509505991600000e+00
3.220000000000000e-01 5.356852975000000e-01 -6.802809670000000e-02 1.509505566000000e+00
3.240000000000000e-01 5.356839402000000e-01 -6.802838810000000e-02 1.509505916200000e+00
3.260000000000000e-01 5.356825526000000e-01 -6.802884330000000e-02 1.509506442400000e+00
3.280000000000000e-01 5.356809921000000e-01 -6.802892800000000e-02 1.509506576200000e+00
3.300000000000000e-01 5.356791687000000e-01 -6.802830230000000e-02 1.509505955800000e+00
3.320000000000000e-01 5.356770682000001e-01 -6.802690540000000e-02 1.509504516700000e+00
3.340000000000000e-01 5.356747480000000e-01 -6.802494080000000e-02 1.509502475200000e+00
3.360000000000000e-01 5.356723105000000e-01 -6.802277740000000e-02 1.509500223900000e+00
3.380000000000000e-01 5.356698656000000e-01 -6.802081030000000e-02 1.509498182900000e+00
3.400000000000000e-01 5.356674957999999e-01 -6.801933100000000e-02 1.509496662400000e+00
3.420000000000000e-01 5.356652343000000e-01 -6.801844820000000e-02 1.509495778100000e+00
3.440000000000000e-01 5.356630629000000e-01 -6.801807640000000e-02 1.509495438900000e+00
3.460000000000000e-01 5.356609248999999e-01 -6.801798810000000e-02 1.509495402600000e+00
3.480000000000000e-01 5.356587505000000e-01 -6.801790380000000e-02 1.509495371700000e+00
3.500000000000000e-01 5.356564817000000e-01 -6.801758719999999e-02 1.509495095000000e+00
3.520000000000000e-01 5.356540915000000e-01 -6.801691520000000e-02 1.509494441100000e+00
3.540000000000000e-01 5.356515903000000e-01 -6.801590200000000e-02 1.509493425200000e+00
3.560000000000000e-01 5.356490201000000e-01 -6.801467690000000e-02 1.509492184900000e+00
3.580000000000000e-01 5.356464391000000e-01 -6.801342870000000e-02 1.509490920700000e+00
3.600000000000000e-01 5.356439036000000e-01 -6.801233730000000e-02 1.509489824100000e+00
3.620000000000000e-01 5.356414528000000e-01 -6.801151780000000e-02 1.509489017300000e+00
3.640000000000000e-01 5.356391012000000e-01 -6.801099180000000e-02 1.509488523300000e+00
3.660000000000000e-01 5.356368397000000e-01 -6.801069240000000e-02 1.509488270800000e+00
3.680000000000000e-01 5.356346445000000e-01 -6.801049680000000e-02 1.509488128900000e+00
3.700000000000000e-01 5.356324895000000e-01 -6.801027179999999e-02 1.509487955900000e+00
3.720000000000000e-01 5.356303580000000e-01 -6.800991810000000e-02 1.509487645900000e+00
3.740000000000000e-01 5.356282501000000e-01 -6.800939690000000e-02 1.509487157600000e+00
3.760000000000000e-01 5.356261838000000e-01 -6.800873490000001e-02 1.509486519000000e+00
3.780000000000000e-01 5.356241908000000e-01 -6.800800700000000e-02 1.509485810000000e+00
3.800000000000000e-01 5.356223078000000e-01 -6.800730650000000e-02 1.509485129500000e+00
3.820000000000000e-01 5.356205684999999e-01 -6.800671310000000e-02 1.509484562100000e+00
3.840000000000000e-01 5.356189968000000e-01 -6.800626870000000e-02 1.509484152500000e+00
3.860000000000000e-01 5.356176043999999e-01 -6.800596920000000e-02 1.509483895800000e+00
3.880000000000000e-01 5.356163931000000e-01 -6.800577110000000e-02 1.509483745700000e+00
3.900000000000000e-01 5.356153594000000e-01 -6.800561030000001e-02 1.509483633800000e+00
3.920000000000000e-01 5.356145010000000e-01 -6.800542499999999e-02 1.509483494300000e+00
3.940000000000000e-01 5.356138217000000e-01 -6.800517480000000e-02 1.509483283900000e+00
3.960000000000000e-01 5.356133346000000e-01 -6.800485119999999e-02 1.509482993300000e+00
3.980000000000000e-01 5.356130611000000e-01 -6.800447560000000e-02 1.509482645200000e+00
4.000000000000000e-01 5.356130287999999e-01 -6.800408940000000e-02 1.509482283500000e+00
4.020000000000000e-01 5.356132666000000e-01 -6.800373799999999e-02 1.509481956000000e+00
4.040000000000000e-01 5.356138011000000e-01 -6.800345560000000e-02 1.509481699200000e+00
4.060000000000000e-01 5.356146539000000e-01 -6.800325600000000e-02 1.509481527400000e+00
4.080000000000000e-01 5.356158408000000e-01 -6.800313030000001e-02 1.509481431000000e+00
4.100000000000000e-01 5.356173739000000e-01 -6.800305270000000e-02 1.509481382400000e+00
4.120000000000000e-01 5.356192638000000e-01 -6.800299059999999e-02 1.509481346400000e+00
4.140000000000000e-01 5.356215224999999e-01 -6.800291550000000e-02 1.509481292700000e+00
4.160000000000000e-01 5.356241662000000e-01 -6.800281190000000e-02 1.509481204400000e+00
4.180000000000000e-01 5.356272155000000e-01 -6.800268010000000e-02 1.509481081800000e+00
4.200000000000000e-01 5.356306954000000e-01 -6.800253450000000e-02 1.509480939800000e+00
4.220000000000000e-01 5.356346326000000e-01 -6.800239719999999e-02 1.509480801800000e+00
4.240000000000000e-01 5.356390543000000e-01 -6.800228980000000e-02 1.509480690400000e+00
4.260000000000000e-01 5.356439853000000e-01 -6.800222690000000e-02 1.509480621000000e+00
4.280000000000000e-01 5.356494471000000e-01 -6.800221190000000e-02 1.509480597000000e+00
4.300000000000000e-01 5.356554577000000e-01 -6.800223760000000e-02 1.509480610300000e+00
4.320000000000000e-01 5.356620320000000e-01 -6.800228920000000e-02 1.509480645100000e+00
4.340000000000000e-01 5.356691834000000e-01 -6.800235039999999e-02 1.509480683700000e+00
4.360000000000000e-01 5.356769238000000e-01 -6.800240830000000e-02 1.509480712100000e+00
4.380000000000000e-01 5.356852649000000e-01 -6.800245730000000e-02 1.509480724100000e+00
4.400000000000000e-01 5.356942171000000e-01 -6.800249960000000e-02 1.509480721900000e+00
4.420000000000000e-01 5.357037880000000e-01 -6.800254400000000e-02 1.509480714600000e+00
4.440000000000000e-01 5.357139806000000e-01 -6.800260200000000e-02 1.509480713900000e+00
4.460000000000000e-01 5.357247903000000e-01 -6.800268380000001e-02 1.509480730600000e+00
4.480000000000000e-01 5.357362026000000e-01 -6.800279530000000e-02 1.509480770800000e+00
4.500000000000000e-01 5.357481895000000e-01 -6.800293680000000e-02 1.509480834300000e+00
4.520000000000000e-01 5.357607067000000e-01 -6.800310320000000e-02 1.509480915600000e+00
4.540000000000000e-01 5.357736897000001e-01 -6.800328650000000e-02 1.509481006000000e+00
4.560000000000000e-01 5.357870481000000e-01 -6.800347880000000e-02 1.509481096700000e+00
4.580000000000000e-01 5.358006576000000e-01 -6.800367420000000e-02 1.509481181200000e+00
4.600000000000000e-01 5.358143527000000e-01 -6.800387099999999e-02 1.509481257300000e+00
4.620000000000000e-01 5.358279331000000e-01 -6.800407120000000e-02 1.509481327100000e+00
4.640000000000000e-01 5.358412799000000e-01 -6.800427980000000e-02 1.509481395700000e+00
4.660000000000000e-01 5.358550181000000e-01 -6.800450270000000e-02 1.509481468900000e+00
4.680000000000000e-01 5.358736210000000e-01 -6.800474469999999e-02 1.509481551600000e+00
4.700000000000000e-01 5.359183362000000e-01 -6.800500800000001e-02 1.509481646000000e+00
4.720000000000000e-01 5.360757770000000e-01 -6.800529190000000e-02 1.509481751100000e+00
4.740000000000000e-01 5.366620646000000e-01 -6.800559339999999e-02 1.509481863600000e+00
4.760000000000000e-01 5.387138104000000e-01 -6.800590840000000e-02 1.509481978700000e+00
4.780000000000000e-01 5.452551412000000e-01 -6.800623290000000e-02 1.509482092400000e+00
4.800000000000000e-01 5.639853991000000e-01 -6.800656469999999e-02 1.509482203300000e+00
4.820000000000000e-01 6.114588872000000e-01 -6.800690380000000e-02 1.509482313600000e+00
4.840000000000000e-01 7.158870262000000e-01 -6.800725200000000e-02 1.509482431800000e+00
4.860000000000000e-01 9.094404743000000e-01 -6.800761340000000e-02 1.509482574900000e+00
4.880000000000000e-01 1.197091825100000e+00 -6.800799770000000e-02 1.509482766900000e+00
4.900000000000000e-01 1.506602105600000e+00 -6.800841470000001e-02 1.509483039100000e+00
4.920000000000000e-01 1.678112003900000e+00 -6.800887610000000e-02 1.509483387100000e+00
4.940000000000000e-01 1.586215413500000e+00 -6.800937690000000e-02 1.509483734400000e+00
4.960000000000000e-01 1.350467584500000e+00 -6.800990240000000e-02 1.509483985300000e+00
4.980000000000000e-01 1.300885476700000e+00 -6.801044850000000e-02 1.509484188400000e+00
5.000000000000000e-01 1.501026093400000e+00 -6.801103180000000e-02 1.509484426500000e+00
5.020000000000000e-01 1.547235787300000e+00 -6.801165870000001e-02 1.509484701300000e+00
5.040000000000000e-01 1.355126321100000e+00 -6.801232750000000e-02 1.509484925400000e+00
5.060000000000000e-01 1.418649917300000e+00 -6.801299440000000e-02 1.509485124900000e+00
5.080000000000000e-01 1.535562799800000e+00 -6.801368070000000e-02 1.509485353000000e+00
5.100000000000000e-01 1.351892901200000e+00 -6.801447150000001e-02 1.509485448900000e+00
5.120000000000000e-01 1.500981732100000e+00 -6.801524620000000e-02 1.509485581300000e+00
5.140000000000000e-01 1.413735887300000e+00 -6.801601090000001e-02 1.509485819600000e+00
5.160000000000000e-01 1.453768764700000e+00 -6.801679939999999e-02 1.509485978900000e+00
5.180000000000000e-01 1.438425613700000e+00 -6.801775500000000e-02 1.509485910700000e+00
5.200000000000000e-01 1.443095741500000e+00 -6.801871800000001e-02 1.509485847800000e+00
5.220000000000000e-01 1.441759566900000e+00 -6.801949000000000e-02 1.509486143600000e+00
5.240000000000000e-01 1.441870971600000e+00 -6.802028340000001e-02 1.509486422800000e+00
5.260000000000000e-01 1.441763338000000e+00 -6.802147840000000e-02 1.509486024800000e+00
5.280000000000000e-01 1.441644047200000e+00 -6.802278959999999e-02 1.509485442500000e+00
5.300000000000000e-01 1.441566112300000e+00 -6.802351410000000e-02 1.509485901900000e+00
5.320000000000000e-01 1.441473643300000e+00 -6.802394750000000e-02 1.509486887200000e+00
5.340000000000000e-01 1.441395142800000e+00 -6.802534210000000e-02 1.509486209000000e+00
5.360000000000000e-01 1.441316744800000e+00 -6.802759320000000e-02 1.509484050000000e+00
5.380000000000000e-01 1.441246729900000e+00 -6.802860020000000e-02 1.509484074400000e+00
5.400000000000000e-01 1.441183046100000e+00 -6.802778310000000e-02 1.509487293100000e+00
5.420000000000000e-01 1.441122764800000e+00 -6.802833379999999e-02 1.509488133800000e+00
5.440000000000000e-01 1.441062562500000e+00 -6.803247440000000e-02 1.509482718000000e+00
5.460000000000000e-01 1.441007398900000e+00 -6.803602810000001e-02 1.509478333300000e+00
5.480000000000000e-01 1.440963398000000e+00 -6.803359589999999e-02 1.509484399700000e+00
5.500000000000000e-01 1.440925515700000e+00 -6.802927700000000e-02 1.509493762700000e+00
5.520000000000000e-01 1.440881079100000e+00 -6.803354020000001e-02 1.509488152600000e+00
5.540000000000000e-01 1.440831280400000e+00 -6.804522990000000e-02 1.509469585500000e+00
5.560000000000000e-01 1.440796008100000e+00 -6.804747130000000e-02 1.509467506100000e+00
5.580000000000001e-01 1.440783747900000e+00 -6.803298360000000e-02 1.509494617300000e+00
5.600000000000001e-01 1.440768250200000e+00 -6.802368940000000e-02 1.509512664600000e+00
5.620000000000001e-01 1.440721189600000e+00 -6.804326600000001e-02 1.509480331900000e+00
5.639999999999999e-01 1.440665601100000e+00 -6.807222410000000e-02 1.509431627200000e+00
5.659999999999999e-01 1.440658132000000e+00 -6.806281960000000e-02 1.509449855000000e+00
5.679999999999999e-01 1.440698907600000e+00 -6.801483060000001e-02 1.509535402000000e+00
5.700000000000000e-01 1.440702440100000e+00 -6.800001550000000e-02 1.509563059200000e+00
5.720000000000000e-01 1.440612330800000e+00 -6.806568470000000e-02 1.509450273100000e+00
5.740000000000000e-01 1.440518296300000e+00 -6.813632310000001e-02 1.509328817800000e+00
5.760000000000000e-01 1.440565715800000e+00 -6.808959880000000e-02 1.509412118700000e+00
5.780000000000000e-01 1.440723441200000e+00 -6.795162040000000e-02 1.509654643500000e+00
5.800000000000000e-01 1.440754019100000e+00 -6.792193210000000e-02 1.509708210600000e+00
5.820000000000000e-01 1.440528974000000e+00 -6.810845510000001e-02 1.509384495500000e+00
5.840000000000000e-01 1.440300433800000e+00 -6.829919050000000e-02 1.509053485700000e+00
5.860000000000000e-01 1.440448339000000e+00 -6.817453430000001e-02 1.509272667100000e+00
5.880000000000000e-01 1.440900871400000e+00 -6.779489470000000e-02 1.509936818000000e+00
5.900000000000000e-01 1.441049853300000e+00 -6.767150710000000e-02 1.510153878900000e+00
5.920000000000000e-01 1.440509132600000e+00 -6.812880130000000e-02 1.509357522500000e+00
5.940000000000000e-01 1.439838362800000e+00 -6.869660290000000e-02 1.508368840700000e+00
5.960000000000000e-01 1.440055458300000e+00 -6.851846110000000e-02 1.508681138800000e+00
5.980000000000000e-01 1.441220520900000e+00 -6.754416860000000e-02 1.510382741400000e+00
6.000000000000000e-01 1.441937899000000e+00 -6.694750710000000e-02 1.511426340500000e+00
6.020000000000000e-01 1.440910411200000e+00 -6.781728180000000e-02 1.509909219500000e+00
6.040000000000000e-01 1.438969378200000e+00 -6.945715240000000e-02 1.507051138600000e+00
6.060000000000000e-01 1.438670160900000e+00 -6.971684039999999e-02 1.506600389600000e+00
6.080000000000000e-01 1.441146863100000e+00 -6.764126920000001e-02 1.510220937400000e+00
6.100000000000000e-01 1.443884470800000e+00 -6.535186150000000e-02 1.514223658600000e+00
6.120000000000000e-01 1.442994017800000e+00 -6.610764730000000e-02 1.512903332700000e+00
6.140000000000000e-01 1.438353450400000e+00 -7.001727060000000e-02 1.506082431900000e+00
6.160000000000000e-01 1.435176578000000e+00 -7.270622970000000e-02 1.501408413200000e+00
6.180000000000000e-01 1.438489052500000e+00 -6.992164190000000e-02 1.506251954600000e+00
6.200000000000000e-01 1.446035885000000e+00 -6.359371179999999e-02 1.517308771500000e+00
6.220000000000000e-01 1.448871081800000e+00 -6.123395350000000e-02 1.521453253100000e+00
6.240000000000000e-01 1.441430754200000e+00 -6.747293410000001e-02 1.510524432900000e+00
6.260000000000000e-01 1.430424652500000e+00 -7.676871870000000e-02 1.494372302500000e+00
6.280000000000000e-01 1.429471475000000e+00 -7.758749510000000e-02 1.492960905200000e+00
6.300000000000000e-01 1.442906911400000e+00 -6.625387990000001e-02 1.512654418700000e+00
6.320000000000000e-01 1.457395874900000e+00 -5.417514970000000e-02 1.533905451600000e+00
6.340000000000000e-01 1.453985490600000e+00 -5.701528470000000e-02 1.528889552800000e+00
6.360000000000000e-01 1.431952065900000e+00 -7.549678770000000e-02 1.496568948200000e+00
6.380000000000000e-01 1.415055251100000e+00 -8.991119970000000e-02 1.471803086400000e+00
6.400000000000000e-01 1.425979623700000e+00 -8.057584499999999e-02 1.487806272400000e+00
6.420000000000000e-01 1.457570588200000e+00 -5.403246670000000e-02 1.534144850200000e+00
6.440000000000000e-01 1.474329902700000e+00 -4.024720190000000e-02 1.558750265600000e+00
6.460000000000000e-01 1.450168776500000e+00 -6.018248710000000e-02 1.523297610200000e+00
6.480000000000000e-01 1.407168731200000e+00 -9.666561300000000e-02 1.460294130500000e+00
6.500000000000000e-01 1.396348097100000e+00 -1.060763038000000e-01 1.444467179400000e+00
6.520000000000000e-01 1.436893919500000e+00 -7.127068200000000e-02 1.503878635500000e+00
6.540000000000000e-01 1.488223668100000e+00 -2.890072230000000e-02 1.579220909600000e+00
6.560000000000000e-01 1.484402109500000e+00 -3.199312090000000e-02 1.573657924300000e+00
6.580000000000000e-01 1.416297254900000e+00 -8.863430740000000e-02 1.473890921100000e+00
6.600000000000000e-01 1.360793772900000e+00 -1.373490623000000e-01 1.392806806700000e+00
6.620000000000000e-01 1.389088403500000e+00 -1.121801438000000e-01 1.434232842100000e+00
6.640000000000000e-01 1.481408601200000e+00 -3.413627610000000e-02 1.569593655500000e+00
6.660000000000000e-01 1.532446250900000e+00 6.408324900000000e-03 1.644666651100000e+00
6.680000000000000e-01 1.456085241600000e+00 -5.461406780000000e-02 1.532997700600000e+00
6.700000000000000e-01 1.323075057500000e+00 -1.706310776000000e-01 1.339357972500000e+00
6.720000000000000e-01 1.286514445700000e+00 -2.050742092000000e-01 1.286546270300000e+00
6.740000000000000e-01 1.396311455300000e+00 -1.046614192000000e-01 1.446496709100000e+00
6.760000000000000e-01 1.557993424000000e+00 2.710964400000000e-02 1.683638467600000e+00
6.780000000000000e-01 1.572700028400000e+00 3.828900080000000e-02 1.705924686000000e+00
6.800000000000000e-01 1.362289370000000e+00 -1.321686640000000e-01 1.400362947100000e+00
6.820000000000001e-01 1.131990515000000e+00 -3.553243993000000e-01 1.074616224300000e+00
6.840000000000001e-01 1.030503476600000e+00 -4.659195029000000e-01 9.389096045000001e-01
6.860000000000001e-01 1.005675098700000e+00 -4.936351430000000e-01 9.071670456000001e-01
6.879999999999999e-01 1.001000213300000e+00 -4.988774303000000e-01 9.012607714999999e-01
6.899999999999999e-01 1.000174453400000e+00 -4.998041829000000e-01 9.002198265000000e-01
6.919999999999999e-01 1.000030362800000e+00 -4.999659181000000e-01 9.000382576000000e-01
6.940000000000000e-01 1.000005280800000e+00 -4.999940723000000e-01 9.000066538000000e-01
6.960000000000000e-01 1.000000918000000e+00 -4.999989695000000e-01 9.000011567000000e-01
6.980000000000000e-01 1.000000159500000e+00 -4.999998210000000e-01 9.000002010000000e-01
7.000000000000000e-01 1.000000027700000e+00 -4.999999689000000e-01 9.000000349000000e-01
7.020000000000000e-01 1.000000004800000e+00 -4.999999946000000e-01 9.000000061000000e-01
7.040000000000000e-01 1.000000000800000e+00 -4.999999991000000e-01 9.000000011000000e-01
7.060000000000000e-01 1.000000000100000e+00 -4.999999998000000e-01 9.000000002000000e-01
7.080000000000000e-01 1.000000000000000e+00 -5.000000000000000e-01 9.000000000000000e-01
7.100000000000000e-01 1.000000000000000e+00 -5.000000000000000e-01 9.000000000000000e-01
7.120000000000000e-01 1.000000000000000e+00 -5.000000000000000e-01 9.000000000000000e-01
7.140000000000000e-01 1.000000000000000e+00 -5.000000000000000e-01 9.000000000000000e-01
7.160000000000000e-01 1.000000000000000e+00 -5.000000000000000e-01 9.000000000000000e-01
7.180000000000000e-01 1.000000000000000e+00 -5.000000000000000e-01 9.000000000000000e-01
7.200000000000000e-01 1.000000000000000e+00 -5.000000000000000e-01 9.000000000000000e-01
7.220000000000000e-01 1.000000000000000e+00 -5.000000000000000e-01 9.000000000000000e-01
7.240000000000000e-01 1.000000000000000e+00 -5.000000000000000e-01 9.000000000000000e-01
7.260000000000000e-01 1.000000000000000e+00 -5.000000000000000e-01 9.000000000000000e-01
7.280000000000000e-01 1.000000000000000e+00 -5.000000000000000e-01 9.000000000000000e-01
7.300000000000000e-01 1.000000000000000e+00 -5.000000000000000e-01 9.000000000000000e-01
7.320000000000000e-01 1.000000000000000e+00 -5.000000000000000e-01 9.000000000000000e-01
7.340000000000000e-01 1.000000000000000e+00 -5.000000000000000e-01 9.000000000000000e-01
7.360000000000000e-01 1.000000000000000e+00 -5.000000000000000e-01 9.000000000000000e-01
7.380000000000000e-01 1.000000000000000e+00 -5.000000000000000e-01 9.000000000000000e-01
7.400000000000000e-01 1.000000000000000e+00 -5.000000000000000e-01 9.000000000000000e-01
7.420000000000000e-01 1.000000000000000e+00 -5.000000000000000e-01 9.000000000000000e-01
7.440000000000000e-01 1.000000000000000e+00 -5.000000000000000e-01 9.000000000000000e-01
7.460000000000000e-01 1.000000000000000e+00 -5.000000000000000e-01 9.000000000000000e-01
7.480000000000000e-01 1.000000000000000e+00 -5.000000000000000e-01 9.000000000000000e-01
7.500000000000000e-01 1.000000000000000e+00 -5.000000000000000e-01 9.000000000000000e-01
7.520000000000000e-01 1.000000000000000e+00 -5.000000000000000e-01 9.000000000000000e-01
7.540000000000000e-01 1.000000000000000e+00 -5.000000000000000e-01 9.000000000000000e-01
7.560000000000000e-01 1.000000000000000e+00 -5.000000000000000e-01 9.000000000000000e-01
7.580000000000000e-01 1.000000000000000e+00 -5.000000000000000e-01 9.000000000000000e-01
7.600000000000000e-01 1.000000000000000e+00 -5.000000000000000e-01 9.000000000000000e-01
7.620000000000000e-01 1.000000000000000e+00 -5.000000000000000e-01 9.000000000000000e-01
7.640000000000000e-01 1.000000000000000e+00 -5.000000000000000e-01 9.000000000000000e-01
7.660000000000000e-01 1.000000000000000e+00 -5.000000000000000e-01 9.000000000000000e-01
7.680000000000000e-01 1.000000000000000e+00 -5.000000000000000e-01 9.000000000000000e-01
7.700000000000000e-01 1.000000000000000e+00 -5.000000000000000e-01 9.000000000000000e-01
7.720000000000000e-01 1.000000000000000e+00 -5.000000000000000e-01 9.000000000000000e-01
7.740000000000000e-01 1.000000000000000e+00 -5.000000000000000e-01 9.000000000000000e-01
7.760000000000000e-01 1.000000000000000e+00 -5.000000000000000e-01 9.000000000000000e-01
7.780000000000000e-01 1.000000000000000e+00 -5.000000000000000e-01 9.000000000000000e-01
7.800000000000000e-01 1.000000000000000e+00 -5.000000000000000e-01 9.000000000000000e-01
7.820000000000000e-01 1.000000000000000e+00 -5.000000000000000e-01 9.000000000000000e-01
7.840000000000000e-01 1.000000000000000e+00 -5.000000000000000e-01 9.000000000000000e-01
7.860000000000000e-01 1.000000000000000e+00 -5.000000000000000e-01 9.000000000000000e-01
7.880000000000000e-01 1.000000000000000e+00 -5.000000000000000e-01 9.000000000000000e-01
7.900000000000000e-01 1.000000000000000e+00 -5.000000000000000e-01 9.000000000000000e-01
7.920000000000000e-01 1.000000000000000e+00 -5.000000000000000e-01 9.000000000000000e-01
7.940000000000000e-01 1.000000000000000e+00 -5.000000000000000e-01 9.000000000000000e-01
7.960000000000000e-01 1.000000000000000e+00 -5.000000000000000e-01 9.000000000000000e-01
7.980000000000000e-01 1.000000000000000e+00 -5.000000000000000e-01 9.000000000000000e-01
8.000000000000000e-01 1.000000000000000e+00 -5.000000000000000e-01 9.000000000000000e-01
8.020000000000000e-01 1.000000000000000e+00 -5.000000000000000e-01 9.000000000000000e-01
8.040000000000000e-01 1.000000000000000e+00 -5.000000000000000e-01 9.000000000000000e-01
8.060000000000000e-01 1.000000000000000e+00 -5.000000000000000e-01 9.000000000000000e-01
8.080000000000001e-01 1.000000000000000e+00 -5.000000000000000e-01 9.000000000000000e-01
8.100000000000001e-01 1.000000000000000e+00 -5.000000000000000e-01 9.000000000000000e-01
8.120000000000001e-01 1.000000000000000e+00 -5.000000000000000e-01 9.000000000000000e-01
8.139999999999999e-01 1.000000000000000e+00 -5.000000000000000e-01 9.000000000000000e-01
8.159999999999999e-01 1.000000000000000e+00 -5.000000000000000e-01 9.000000000000000e-01
8.179999999999999e-01 1.000000000000000e+00 -5.000000000000000e-01 9.000000000000000e-01
8.200000000000000e-01 1.000000000000000e+00 -5.000000000000000e-01 9.000000000000000e-01
8.220000000000000e-01 1.000000000000000e+00 -5.000000000000000e-01 9.000000000000000e-01
8.240000000000000e-01 1.000000000000000e+00 -5.000000000000000e-01 9.000000000000000e-01
8.260000000000000e-01 1.000000000000000e+00 -5.000000000000000e-01 9.000000000000000e-01
8.280000000000000e-01 1.000000000000000e+00 -5.000000000000000e-01 9.000000000000000e-01
8.300000000000000e-01 1.000000000000000e+00 -5.000000000000000e-01 9.000000000000000e-01
8.320000000000000e-01 1.000000000000000e+00 -5.000000000000000e-01 9.000000000000000e-01
8.340000000000000e-01 1.000000000000000e+00 -5.000000000000000e-01 9.000000000000000e-01
8.360000000000000e-01 1.000000000000000e+00 -5.000000000000000e-01 9.000000000000000e-01
8.380000000000000e-01 1.000000000000000e+00 -5.000000000000000e-01 9.000000000000000e-01
8.400000000000000e-01 1.000000000000000e+00 -5.000000000000000e-01 9.000000000000000e-01
8.420000000000000e-01 1.000000000000000e+00 -5.000000000000000e-01 9.000000000000000e-01
8.440000000000000e-01 1.000000000000000e+00 -5.000000000000000e-01 9.000000000000000e-01
8.460000000000000e-01 1.000000000000000e+00 -5.000000000000000e-01 9.000000000000000e-01
8.480000000000000e-01 1.000000000000000e+00 -5.000000000000000e-01 9.000000000000000e-01
8.500000000000000e-01 1.000000000000000e+00 -5.000000000000000e-01 9.000000000000000e-01
8.520000000000000e-01 1.000000000000000e+00 -5.000000000000000e-01 9.000000000000000e-01
8.540000000000000e-01 1.000000000000000e+00 -5.000000000000000e-01 9.000000000000000e-01
8.560000000000000e-01 1.000000000000000e+00 -5.000000000000000e-01 9.000000000000000e-01
8.580000000000000e-01 1.000000000000000e+00 -5.000000000000000e-01 9.000000000000000e-01
8.600000000000000e-01 1.000000000000000e+00 -5.000000000000000e-01 9.000000000000000e-01
8.620000000000000e-01 1.000000000000000e+00 -5.000000000000000e-01 9.000000000000000e-01
8.640000000000000e-01 1.000000000000000e+00 -5.000000000000000e-01 9.000000000000000e-01
8.660000000000000e-01 1.000000000000000e+00 -5.000000000000000e-01 9.000000000000000e-01
8.680000000000000e-01 1.000000000000000e+00 -5.000000000000000e-01 9.000000000000000e-01
8.700000000000000e-01 1.000000000000000e+00 -5.000000000000000e-01 9.000000000000000e-01
8.720000000000000e-01 1.000000000000000e+00 -5.000000000000000e-01 9.000000000000000e-01
8.740000000000000e-01 1.000000000000000e+00 -5.000000000000000e-01 9.000000000000000e-01
8.760000000000000e-01 1.000000000000000e+00 -5.000000000000000e-01 9.000000000000000e-01
8.780000000000000e-01 1.000000000000000e+00 -5.000000000000000e-01 9.000000000000000e-01
8.800000000000000e-01 1.000000000000000e+00 -5.000000000000000e-01 9.000000000000000e-01
8.820000000000000e-01 1.000000000000000e+00 -5.000000000000000e-01 9.000000000000000e-01
8.840000000000000e-01 1.000000000000000e+00 -5.000000000000000e-01 9.000000000000000e-01
8.860000000000000e-01 1.000000000000000e+00 -5.000000000000000e-01 9.000000000000000e-01
8.880000000000000e-01 1.000000000000000e+00 -5.000000000000000e-01 9.000000000000000e-01
8.900000000000000e-01 1.000000000000000e+00 -5.000000000000000e-01 9.000000000000000e-01
8.920000000000000e-01 1.000000000000000e+00 -5.000000000000000e-01 9.000000000000000e-01
8.940000000000000e-01 1.000000000000000e+00 -5.000000000000000e-01 9.000000000000000e-01
8.960000000000000e-01 1.000000000000000e+00 -5.000000000000000e-01 9.000000000000000e-01
8.980000000000000e-01 1.000000000000000e+00 -5.000000000000000e-01 9.000000000000000e-01
9.000000000000000e-01 1.000000000000000e+00 -5.000000000000000e-01 9.000000000000000e-01
9.020000000000000e-01 1.000000000000000e+00 -5.000000000000000e-01 9.000000000000000e-01
9.040000000000000e-01 1.000000000000000e+00 -5.000000000000000e-01 9.000000000000000e-01
9.060000000000000e-01 1.000000000000000e+00 -5.000000000000000e-01 9.000000000000000e-01
9.080000000000000e-01 1.000000000000000e+00 -5.000000000000000e-01 9.000000000000000e-01
9.100000000000000e-01 1.000000000000000e+00 -5.000000000000000e-01 9.000000000000000e-01
9.120000000000000e-01 1.000000000000000e+00 -5.000000000000000e-01 9.000000000000000e-01
9.140000000000000e-01 1.000000000000000e+00 -5.000000000000000e-01 9.000000000000000e-01
9.160000000000000e-01 1.000000000000000e+00 -5.000000000000000e-01 9.000000000000000e-01
9.180000000000000e-01 1.000000000000000e+00 -5.000000000000000e-01 9.000000000000000e-01
9.200000000000000e-01 1.000000000000000e+00 -5.000000000000000e-01 9.000000000000000e-01
9.220000000000000e-01 1.000000000000000e+00 -5.000000000000000e-01 9.000000000000000e-01
9.240000000000000e-01 1.000000000000000e+00 -5.000000000000000e-01 9.000000000000000e-01
9.260000000000000e-01 1.000000000000000e+00 -5.000000000000000e-01 9.000000000000000e-01
9.280000000000000e-01 1.000000000000000e+00 -5.000000000000000e-01 9.000000000000000e-01
9.300000000000000e-01 1.000000000000000e+00 -5.000000000000000e-01 9.000000000000000e-01
9.320000000000001e-01 1.000000000000000e+00 -5.000000000000000e-01 9.000000000000000e-01
9.340000000000001e-01 1.000000000000000e+00 -5.000000000000000e-01 9.000000000000000e-01
9.360000000000001e-01 1.000000000000000e+00 -5.000000000000000e-01 9.000000000000000e-01
9.379999999999999e-01 1.000000000000000e+00 -5.000000000000000e-01 9.000000000000000e-01
9.399999999999999e-01 1.000000000000000e+00 -5.000000000000000e-01 9.000000000000000e-01
9.419999999999999e-01 1.000000000000000e+00 -5.000000000000000e-01 9.000000000000000e-01
9.440000000000000e-01 1.000000000000000e+00 -5.000000000000000e-01 9.000000000000000e-01
9.460000000000000e-01 1.000000000000000e+00 -5.000000000000000e-01 9.000000000000000e-01
9.480000000000000e-01 1.000000000000000e+00 -5.000000000000000e-01 9.000000000000000e-01
9.500000000000000e-01 1.000000000000000e+00 -5.000000000000000e-01 9.000000000000000e-01
9.520000000000000e-01 1.000000000000000e+00 -5.000000000000000e-01 9.000000000000000e-01
9.540000000000000e-01 1.000000000000000e+00 -5.000000000000000e-01 9.000000000000000e-01
9.560000000000000e-01 1.000000000000000e+00 -5.000000000000000e-01 9.000000000000000e-01
9.580000000000000e-01 1.000000000000000e+00 -5.000000000000000e-01 9.000000000000000e-01
9.600000000000000e-01 1.000000000000000e+00 -5.000000000000000e-01 9.000000000000000e-01
9.620000000000000e-01 1.000000000000000e+00 -5.000000000000000e-01 9.000000000000000e-01
9.640000000000000e-01 1.000000000000000e+00 -5.000000000000000e-01 9.000000000000000e-01
9.660000000000000e-01 1.000000000000000e+00 -5.000000000000000e-01 9.000000000000000e-01
9.680000000000000e-01 1.000000000000000e+00 -5.000000000000000e-01 9.000000000000000e-01
9.700000000000000e-01 1.000000000000000e+00 -5.000000000000000e-01 9.000000000000000e-01
9.720000000000000e-01 1.000000000000000e+00 -5.000000000000000e-01 9.000000000000000e-01
9.740000000000000e-01 1.000000000000000e+00 -5.000000000000000e-01 9.000000000000000e-01
9.760000000000000e-01 1.000000000000000e+00 -5.000000000000000e-01 9.000000000000000e-01
9.780000000000000e-01 1.000000000000000e+00 -5.000000000000000e-01 9.000000000000000e-01
9.800000000000000e-01 1.000000000000000e+00 -5.000000000000000e-01 9.000000000000000e-01
9.820000000000000e-01 1.000000000000000e+00 -5.000000000000000e-01 9.000000000000000e-01
9.840000000000000e-01 1.000000000000000e+00 -5.000000000000000e-01 9.000000000000000e-01
9.860000000000000e-01 1.000000000000000e+00 -5.000000000000000e-01 9.000000000000000e-01
9.880000000000000e-01 1.000000000000000e+00 -5.000000000000000e-01 9.000000000000000e-01
9.900000000000000e-01 1.000000000000000e+00 -5.000000000000000e-01 9.000000000000000e-01
9.920000000000000e-01 1.000000000000000e+00 -5.000000000000000e-01 9.000000000000000e-01
9.940000000000000e-01 1.000000000000000e+00 -5.000000000000000e-01 9.000000000000000e-01
9.960000000000000e-01 1.000000000000000e+00 -5.000000000000000e-01 9.000000000000000e-01
9.980000000000000e-01 1.000000000000000e+00 -5.000000000000000e-01 9.000000000000000e-01
1.000000000000000e+00 1.000000000000000e+00 -5.000000000000000e-01 9.000000000000000e-01
ZONE T="beta=0.25", AUXDATA beta="0.25", I=501, F=POINT
0.000000000000000e+00 4.000000000000000e-01 5.000000000000000e-01 1.000000000000000e+00
2.000000000000000e-03 4.000000000000000e-01 5.000000000000000e-01 1.000000000000000e+00
4.000000000000000e-03 4.000000000000000e-01 5.000000000000000e-01 1.000000000000000e+00
6.000000000000000e-03 4.000000000000000e-01 5.000000000000000e-01 1.000000000000000e+00
8.000000000000000e-03 4.000000000000000e-01 5.000000000000000e-01 1.000000000000000e+00
1.000000000000000e-02 4.000000000000000e-01 5.000000000000000e-01 1.000000000000000e+00
1.200000000000000e-02 4.000000000000000e-01 5.000000000000000e-01 1.000000000000000e+00
1.400000000000000e-02 4.000000000000000e-01 5.000000000000000e-01 1.000000000000000e+00
1.600000000000000e-02 4.000000000000000e-01 5.000000000000000e-01 1.000000000000000e+00
1.800000000000000e-02 4.000000000000000e-01 5.000000000000000e-01 1.000000000000000e+00
2.000000000000000e-02 4.000000000000000e-01 5.000000000000000e-01 1.000000000000000e+00
2.200000000000000e-02 4.000000000000000e-01 5.000000000000000e-01 1.000000000000000e+00
2.400000000000000e-02 4.000000000000000e-01 5.000000000000000e-01 1.000000000000000e+00
2.600000000000000e-02 4.000000000000000e-01 5.000000000000000e-01 1.000000000000000e+00
2.800000000000000e-02 4.000000000000000e-01 5.000000000000000e-01 1.000000000000000e+00
3.000000000000000e-02 4.000000000000000e-01 5.000000000000000e-01 1.000000000000000e+00
3.200000000000000e-02 4.000000000000000e-01 5.000000000000000e-01 1.000000000000000e+00
3.400000000000000e-02 4.000000000000000e-01 5.000000000000000e-01 1.000000000000000e+00
3.600000000000000e-02 4.000000000000000e-01 5.000000000000000e-01 1.000000000000000e+00
3.800000000000000e-02 4.000000000000000e-01 5.000000000000000e-01 1.000000000000000e+00
4.000000000000000e-02 4.000000000000000e-01 5.000000000000000e-01 1.000000000000000e+00
4.200000000000000e-02 4.000000000000000e-01 5.000000000000000e-01 1.000000000000000e+00
4.400000000000000e-02 4.000000000000000e-01 5.000000000000000e-01 1.000000000000000e+00
4.600000000000000e-02 4.000000000000000e-01 5.000000000000000e-01 1.000000000000000e+00
4.800000000000000e-02 4.000000000000000e-01 5.000000000000000e-01 1.000000000000000e+00
5.000000000000000e-02 4.000000000000000e-01 5.000000000000000e-01 1.000000000000000e+00
5.200000000000000e-02 4.000000000000000e-01 5.000000000000000e-01 1.000000000000000e+00
5.400000000000000e-02 4.000000000000000e-01 5.000000000000000e-01 1.000000000000000e+00
5.600000000000000e-02 4.000000000000000e-01 5.000000000000000e-01 1.000000000000000e+00
5.800000000000000e-02 4.000000000000000e-01 5.000000000000000e-01 1.000000000000000e+00
6.000000000000000e-02 4.000000000000000e-01 5.000000000000000e-01 1.000000000000000e+00
6.200000000000000e-02 4.000000000000000e-01 5.000000000000000e-01 1.000000000000000e+00
6.400000000000000e-02 4.000000000000000e-01 5.000000000000000e-01 1.000000000000000e+00
6.600000000000000e-02 4.000000000000000e-01 5.000000000000000e-01 1.000000000000000e+00
6.800000000000000e-02 4.000000000000000e-01 5.000000000000000e-01 1.000000000000000e+00
7.000000000000001e-02 4.000000000000000e-01 5.000000000000000e-01 1.000000000000000e+00
7.199999999999999e-02 4.000000000000000e-01 5.000000000000000e-01 1.000000000000000e+00
7.400000000000000e-02 4.000000000000000e-01 5.000000000000000e-01 1.000000000000000e+00
7.600000000000000e-02 4.000000000000000e-01 5.000000000000000e-01 1.000000000000000e+00
7.800000000000000e-02 4.000000000000000e-01 5.000000000000000e-01 1.000000000000000e+00
8.000000000000000e-02 4.000000000000000e-01 5.000000000000000e-01 1.000000000000000e+00
8.200000000000000e-02 4.000000000000000e-01 5.000000000000000e-01 1.000000000000000e+00
8.400000000000001e-02 4.000000000000000e-01 5.000000000000000e-01 1.000000000000000e+00
8.599999999999999e-02 4.000000000000000e-01 5.000000000000000e-01 1.000000000000000e+00
8.799999999999999e-02 4.000000000000000e-01 5.000000000000000e-01 1.000000000000000e+00
9.000000000000000e-02 4.000000000000000e-01 5.000000000000000e-01 1.000000000000000e+00
9.200000000000000e-02 4.000000000000000e-01 5.000000000000000e-01 1.000000000000000e+00
9.400000000000000e-02 4.000000000000000e-01 5.000000000000000e-01 1.000000000000000e+00
9.600000000000000e-02 4.000000000000000e-01 5.000000000000000e-01 1.000000000000000e+00
9.800000000000000e-02 4.000000000000000e-01 5.000000000000000e-01 1.000000000000000e+00
1.000000000000000e-01 4.000000000000000e-01 5.000000000000000e-01 1.000000000000000e+00
1.020000000000000e-01 4.000000000000000e-01 5.000000000000000e-01 1.000000000000000e+00
1.040000000000000e-01 4.000000000000000e-01 5.000000000000000e-01 1.000000000000000e+00
1.060000000000000e-01 4.000000000000000e-01 5.000000000000000e-01 1.000000000000000e+00
1.080000000000000e-01 4.000000000000000e-01 5.000000000000000e-01 1.000000000000000e+00
1.100000000000000e-01 4.000000000000000e-01 5.000000000000000e-01 1.000000000000000e+00
1.120000000000000e-01 4.000000000000000e-01 5.000000000000000e-01 1.000000000000000e+00
1.140000000000000e-01 4.000000000000000e-01 5.000000000000000e-01 1.000000000000000e+00
1.160000000000000e-01 4.000000000000000e-01 5.000000000000000e-01 1.000000000000000e+00
1.180000000000000e-01 4.000000000000000e-01 5.000000000000000e-01 1.000000000000000e+00
1.200000000000000e-01 4.000000000000000e-01 5.000000000000000e-01 1.000000000000000e+00
1.220000000000000e-01 4.000000000000000e-01 4.999999998000000e-01 1.000000000100000e+00
1.240000000000000e-01 4.000000002000000e-01 4.999999992000000e-01 1.000000000600000e+00
1.260000000000000e-01 4.000000008000000e-01 4.999999965000000e-01 1.000000002600000e+00
1.280000000000000e-01 4.000000033000000e-01 4.999999846000000e-01 1.000000011600000e+00
1.300000000000000e-01 4.000000144000000e-01 4.999999325000000e-01 1.000000050500000e+00
1.320000000000000e-01 4.000000621000000e-01 4.999997096000000e-01 1.000000217300000e+00
1.340000000000000e-01 4.000002567000000e-01 4.999987995000000e-01 1.000000898400000e+00
1.360000000000000e-01 4.000009956000000e-01 4.999953435000000e-01 1.000003484600000e+00
1.380000000000000e-01 4.000036192000000e-01 4.999830727000000e-01 1.000012667300000e+00
1.400000000000000e-01 4.000125856000000e-01 4.999411364000000e-01 1.000044050200000e+00
1.420000000000000e-01 4.000427621000000e-01 4.997999997000000e-01 1.000149674900000e+00
1.440000000000000e-01 4.001437496000000e-01 4.993276882000000e-01 1.000503206900000e+00
1.460000000000000e-01 4.004804956000000e-01 4.977528616000000e-01 1.001682664300000e+00
1.480000000000000e-01 4.015952881000000e-01 4.925406475000000e-01 1.005593739600000e+00
1.500000000000000e-01 4.052041967000000e-01 4.756801805000000e-01 1.018322959400000e+00
1.520000000000000e-01 4.161066880000000e-01 4.249236411000000e-01 1.057367570800000e+00
1.540000000000000e-01 4.435479674000000e-01 2.998556468000000e-01 1.158641994800000e+00
1.560000000000000e-01 4.913820330000000e-01 9.731567880000000e-02 1.340646930700000e+00
1.580000000000000e-01 5.378518683000000e-01 -7.766201830000000e-02 1.519441650800000e+00
1.600000000000000e-01 5.548052055000000e-01 -1.366712494000000e-01 1.584489219700000e+00
1.620000000000000e-01 5.475442326000000e-01 -1.107336598000000e-01 1.555710213900000e+00
1.640000000000000e-01 5.351717444000000e-01 -6.528762060000000e-02 1.506783546800000e+00
1.660000000000000e-01 5.295341660000000e-01 -4.400116220000000e-02 1.484395217400000e+00
1.680000000000000e-01 5.314187492000000e-01 -5.107579650000000e-02 1.491810983700000e+00
1.700000000000000e-01 5.355928792000000e-01 -6.660902959999999e-02 1.508252646400000e+00
1.720000000000000e-01 5.379255722000000e-01 -7.520667070000001e-02 1.517430369400000e+00
1.740000000000000e-01 5.376274220000000e-01 -7.411028070000000e-02 1.516255239600000e+00
1.760000000000000e-01 5.363491592000000e-01 -6.938697400000000e-02 1.511214555900000e+00
1.780000000000000e-01 5.355041032000000e-01 -6.624955170000001e-02 1.507876179600000e+00
1.800000000000000e-01 5.355102980000001e-01 -6.627097490000000e-02 1.507899311400000e+00
1.820000000000000e-01 5.359032569000000e-01 -6.772927490000000e-02 1.509451686700000e+00
1.840000000000000e-01 5.362094065000000e-01 -6.886265210000000e-02 1.510659791900000e+00
1.860000000000000e-01 5.362415922000000e-01 -6.897882310000000e-02 1.510784242400000e+00
1.880000000000000e-01 5.361252407000000e-01 -6.854777450000001e-02 1.510324909200000e+00
1.900000000000000e-01 5.360178298000000e-01 -6.815280650000000e-02 1.509903271200000e+00
1.920000000000000e-01 5.359963913000000e-01 -6.807508260000000e-02 1.509819235400000e+00
1.940000000000000e-01 5.360305161000000e-01 -6.820081770000000e-02 1.509952326900000e+00
1.960000000000000e-01 5.360674552000000e-01 -6.833728050000000e-02 1.510097804200000e+00
1.980000000000000e-01 5.360778969000000e-01 -6.837632170000001e-02 1.510140425300000e+00
2.000000000000000e-01 5.360685128000000e-01 -6.834070130000000e-02 1.510103767300000e+00
2.020000000000000e-01 5.360563643000000e-01 -6.829403780000000e-02 1.510054895100000e+00
2.040000000000000e-01 5.360516934000000e-01 -6.827688290000000e-02 1.510036500300000e+00
2.060000000000000e-01 5.360539872000000e-01 -6.828719620000000e-02 1.510046565100000e+00
2.080000000000000e-01 5.360581123000000e-01 -6.830382500000000e-02 1.510063078000000e+00
2.100000000000000e-01 5.360601416000000e-01 -6.831138220000001e-02 1.510070347300000e+00
2.120000000000000e-01 5.360593393999999e-01 -6.830835289999999e-02 1.510067168100000e+00
2.140000000000000e-01 5.360576293000000e-01 -6.830187410000001e-02 1.510061084700000e+00
2.160000000000000e-01 5.360569224000000e-01 -6.829827910000000e-02 1.510058370200000e+00
2.180000000000000e-01 5.360574420000001e-01 -6.829894740000000e-02 1.510059868300000e+00
2.200000000000000e-01 5.360581016000000e-01 -6.830137760000000e-02 1.510062479000000e+00
2.220000000000000e-01 5.360581566000000e-01 -6.830275320000000e-02 1.510063210300000e+00
2.240000000000000e-01 5.360577692000000e-01 -6.830233619999999e-02 1.510061700200000e+00
2.260000000000000e-01 5.360573520000000e-01 -6.830110600000000e-02 1.510059595300000e+00
2.280000000000000e-01 5.360570870000000e-01 -6.830025710000000e-02 1.510058609300000e+00
2.300000000000000e-01 5.360570969000000e-01 -6.830008370000000e-02 1.510059068300000e+00
2.320000000000000e-01 5.360573666000000e-01 -6.830011720000000e-02 1.510060103600000e+00
2.340000000000000e-01 5.360576022000000e-01 -6.829989330000000e-02 1.510060631500000e+00
2.360000000000000e-01 5.360574789000000e-01 -6.829941030000000e-02 1.510060233400000e+00
2.380000000000000e-01 5.360571293000000e-01 -6.829902520000000e-02 1.510059221500000e+00
2.400000000000000e-01 5.360568875000000e-01 -6.829897090000001e-02 1.510058194900000e+00
2.420000000000000e-01 5.360568134000000e-01 -6.829910350000000e-02 1.510057543500000e+00
2.440000000000000e-01 5.360567272000000e-01 -6.829905360000001e-02 1.510057314300000e+00
2.460000000000000e-01 5.360566508000000e-01 -6.829859020000000e-02 1.510057340600000e+00
2.480000000000000e-01 5.360566988000000e-01 -6.829782249999999e-02 1.510057424500000e+00
2.500000000000000e-01 5.360567722000000e-01 -6.829709130000000e-02 1.510057397900000e+00
2.520000000000000e-01 5.360566777000000e-01 -6.829668240000000e-02 1.510057149200000e+00
2.540000000000000e-01 5.360564721000000e-01 -6.829664630000000e-02 1.510056625800000e+00
2.560000000000000e-01 5.360563206000000e-01 -6.829679170000000e-02 1.510055903500000e+00
2.580000000000000e-01 5.360562082000000e-01 -6.829684420000000e-02 1.510055178600000e+00
2.600000000000000e-01 5.360560441000000e-01 -6.829661939999999e-02 1.510054674200000e+00
2.620000000000000e-01 5.360559358000000e-01 -6.829610580000001e-02 1.510054503900000e+00
2.640000000000000e-01 5.360559941000000e-01 -6.829544600000000e-02 1.510054588500000e+00
2.660000000000000e-01 5.360560830000000e-01 -6.829485280000000e-02 1.510054692200000e+00
2.680000000000000e-01 5.360560165000000e-01 -6.829448690000001e-02 1.510054581700000e+00
2.700000000000000e-01 5.360558533999999e-01 -6.829439480000001e-02 1.510054160200000e+00
2.720000000000000e-01 5.360557302000000e-01 -6.829448030000000e-02 1.510053520300000e+00
2.740000000000000e-01 5.360556225000001e-01 -6.829455810000000e-02 1.510052877200000e+00
2.760000000000000e-01 5.360554697000000e-01 -6.829444870000000e-02 1.510052437600000e+00
2.780000000000000e-01 5.360553811000000e-01 -6.829407649999999e-02 1.510052284100000e+00
2.800000000000000e-01 5.360554373000000e-01 -6.829351220000000e-02 1.510052337800000e+00
2.820000000000000e-01 5.360555029000000e-01 -6.829293790000000e-02 1.510052408700000e+00
2.840000000000000e-01 5.360554371000000e-01 -6.829253600000000e-02 1.510052314700000e+00
2.860000000000000e-01 5.360553084000000e-01 -6.829239610000000e-02 1.510051972300000e+00
2.880000000000000e-01 5.360552182000000e-01 -6.829246240000000e-02 1.510051443000000e+00
2.900000000000000e-01 5.360551212000000e-01 -6.829257150000000e-02 1.510050893300000e+00
2.920000000000000e-01 5.360549787000000e-01 -6.829254410000000e-02 1.510050501100000e+00
2.940000000000000e-01 5.360549063000000e-01 -6.829228710000000e-02 1.510050355800000e+00
2.960000000000000e-01 5.360549673000000e-01 -6.829184000000001e-02 1.510050411200000e+00
2.980000000000000e-01 5.360550294999999e-01 -6.829135010000000e-02 1.510050511800000e+00
3.000000000000000e-01 5.360549813000000e-01 -6.829098109999999e-02 1.510050487600000e+00
3.020000000000000e-01 5.360548908000000e-01 -6.829082970000000e-02 1.510050241400000e+00
3.040000000000000e-01 5.360548292000000e-01 -6.829087170000001e-02 1.510049805600000e+00
3.060000000000000e-01 5.360547394000000e-01 -6.829098080000000e-02 1.510049320400000e+00
3.080000000000000e-01 5.360546049000000e-01 -6.829100070000001e-02 1.510048954600000e+00
3.100000000000000e-01 5.360545465000000e-01 -6.829083430000001e-02 1.510048809600000e+00
3.120000000000000e-01 5.360546124000000e-01 -6.829049410000000e-02 1.510048866200000e+00
3.140000000000000e-01 5.360546748000000e-01 -6.829009229999999e-02 1.510048997200000e+00
3.160000000000000e-01 5.360546463000000e-01 -6.828977109999999e-02 1.510049043100000e+00
3.180000000000000e-01 5.360545939000000e-01 -6.828962769999999e-02 1.510048895400000e+00
3.200000000000000e-01 5.360545611000000e-01 -6.828965839999999e-02 1.510048556500000e+00
3.220000000000000e-01 5.360544800000000e-01 -6.828976460000000e-02 1.510048135100000e+00
3.240000000000000e-01 5.360543510000000e-01 -6.828980870000000e-02 1.510047784600000e+00
3.260000000000000e-01 5.360542981000000e-01 -6.828969460000001e-02 1.510047615900000e+00
3.280000000000000e-01 5.360543575000000e-01 -6.828941920000001e-02 1.510047639500000e+00
3.300000000000000e-01 5.360544091000000e-01 -6.828907260000000e-02 1.510047763800000e+00
3.320000000000000e-01 5.360543899000000e-01 -6.828878400000001e-02 1.510047850800000e+00
3.340000000000000e-01 5.360543671000000e-01 -6.828865310000000e-02 1.510047789700000e+00
3.360000000000000e-01 5.360543591000000e-01 -6.828869279999999e-02 1.510047558400000e+00
3.380000000000000e-01 5.360542879000000e-01 -6.828882410000001e-02 1.510047231800000e+00
3.400000000000000e-01 5.360541669000000e-01 -6.828892020000001e-02 1.510046937500000e+00
3.420000000000000e-01 5.360541177000000e-01 -6.828887829999999e-02 1.510046781500000e+00
3.440000000000000e-01 5.360541626000001e-01 -6.828867470000000e-02 1.510046790100000e+00
3.460000000000000e-01 5.360541876000000e-01 -6.828837510000001e-02 1.510046898100000e+00
3.480000000000000e-01 5.360541541000000e-01 -6.828809520000000e-02 1.510046989700000e+00
3.500000000000000e-01 5.360541288000000e-01 -6.828793990000000e-02 1.510046961200000e+00
3.520000000000000e-01 5.360541111000000e-01 -6.828794500000000e-02 1.510046780400000e+00
3.540000000000000e-01 5.360540171000000e-01 -6.828805990000000e-02 1.510046503600000e+00
3.560000000000000e-01 5.360538753000000e-01 -6.828817760000000e-02 1.510046242600000e+00
3.580000000000000e-01 5.360538033000000e-01 -6.828819600000000e-02 1.510046100000000e+00
3.600000000000000e-01 5.360538099000000e-01 -6.828807290000000e-02 1.510046112900000e+00
3.620000000000000e-01 5.360537851000000e-01 -6.828784609999999e-02 1.510046233000000e+00
3.640000000000000e-01 5.360537113000000e-01 -6.828760809999999e-02 1.510046355800000e+00
3.660000000000000e-01 5.360536519000000e-01 -6.828745560000000e-02 1.510046375900000e+00
3.680000000000000e-01 5.360535861000000e-01 -6.828743580000000e-02 1.510046245700000e+00
3.700000000000000e-01 5.360534250000000e-01 -6.828752000000000e-02 1.510046002300000e+00
3.720000000000000e-01 5.360532112000000e-01 -6.828762390000000e-02 1.510045744400000e+00
3.740000000000000e-01 5.360530596000000e-01 -6.828765639999999e-02 1.510045577700000e+00
3.760000000000000e-01 5.360529680000000e-01 -6.828757060000000e-02 1.510045558600000e+00
3.780000000000000e-01 5.360528324000000e-01 -6.828739000000000e-02 1.510045664500000e+00
3.800000000000000e-01 5.360526583000000e-01 -6.828719240000000e-02 1.510045810000000e+00
3.820000000000000e-01 5.360525092000000e-01 -6.828706740000000e-02 1.510045893000000e+00
3.840000000000000e-01 5.360523452000000e-01 -6.828706560000000e-02 1.510045849800000e+00
3.860000000000000e-01 5.360520704000000e-01 -6.828716880000001e-02 1.510045690000000e+00
3.880000000000000e-01 5.360517381000000e-01 -6.828730170000000e-02 1.510045486300000e+00
3.900000000000000e-01 5.360514631000000e-01 -6.828737320000000e-02 1.510045332600000e+00
3.920000000000000e-01 5.360512289000000e-01 -6.828732560000000e-02 1.510045291700000e+00
3.940000000000000e-01 5.360509388000000e-01 -6.828716730000001e-02 1.510045360700000e+00
3.960000000000000e-01 5.360506202000000e-01 -6.828696550000000e-02 1.510045476400000e+00
3.980000000000000e-01 5.360503427000000e-01 -6.828681110000000e-02 1.510045551800000e+00
4.000000000000000e-01 5.360500453000000e-01 -6.828676940000000e-02 1.510045524800000e+00
4.020000000000000e-01 5.360496345000000e-01 -6.828684440000000e-02 1.510045394700000e+00
4.040000000000000e-01 5.360491780000000e-01 -6.828697960000001e-02 1.510045221300000e+00
4.060000000000000e-01 5.360487857000000e-01 -6.828708999999999e-02 1.510045089800000e+00
4.080000000000000e-01 5.360484153000000e-01 -6.828710770000000e-02 1.510045064800000e+00
4.100000000000000e-01 5.360479771000000e-01 -6.828701960000000e-02 1.510045151200000e+00
4.120000000000000e-01 5.360475127000000e-01 -6.828687030000000e-02 1.510045293900000e+00
4.140000000000000e-01 5.360470818000000e-01 -6.828673680000000e-02 1.510045406400000e+00
4.160000000000000e-01 5.360466043000000e-01 -6.828668490000001e-02 1.510045418300000e+00
4.180000000000000e-01 5.360459928000000e-01 -6.828673180000000e-02 1.510045314800000e+00
4.200000000000000e-01 5.360453217000000e-01 -6.828683950000000e-02 1.510045142900000e+00
4.220000000000000e-01 5.360446848000000e-01 -6.828693669999999e-02 1.510044986400000e+00
4.240000000000000e-01 5.360440249000000e-01 -6.828695899999999e-02 1.510044920800000e+00
4.260000000000000e-01 5.360432754000000e-01 -6.828688719999999e-02 1.510044971000000e+00
4.280000000000000e-01 5.360424917000000e-01 -6.828675590000000e-02 1.510045101200000e+00
4.300000000000000e-01 5.360417075000000e-01 -6.828663460000001e-02 1.510045234200000e+00
4.320000000000000e-01 5.360408181000000e-01 -6.828658870000000e-02 1.510045294400000e+00
4.340000000000000e-01 5.360397540000000e-01 -6.828664180000001e-02 1.510045249900000e+00
4.360000000000000e-01 5.360385738000000e-01 -6.828676359999999e-02 1.510045126200000e+00
4.380000000000000e-01 5.360373137000000e-01 -6.828688519999999e-02 1.510044992600000e+00
4.400000000000000e-01 5.360359060000000e-01 -6.828693710000000e-02 1.510044921800000e+00
4.420000000000000e-01 5.360343110000000e-01 -6.828689000000000e-02 1.510044947400000e+00
4.440000000000000e-01 5.360325889999999e-01 -6.828676470000000e-02 1.510045051900000e+00
4.460000000000000e-01 5.360310892000000e-01 -6.828662940000001e-02 1.510045168600000e+00
4.480000000000000e-01 5.360307100000000e-01 -6.828655840000000e-02 1.510045223900000e+00
4.500000000000000e-01 5.360320964000000e-01 -6.828658059999999e-02 1.510045190400000e+00
4.520000000000000e-01 5.360373928000000e-01 -6.828667750000000e-02 1.510045089800000e+00
4.540000000000000e-01 5.360518412000000e-01 -6.828679380000000e-02 1.510044979300000e+00
4.560000000000000e-01 5.360865533000000e-01 -6.828686770000000e-02 1.510044920300000e+00
4.580000000000000e-01 5.361645132000000e-01 -6.828686389999999e-02 1.510044945100000e+00
4.600000000000000e-01 5.363318694000000e-01 -6.828679070000000e-02 1.510045039800000e+00
4.620000000000000e-01 5.366783614000000e-01 -6.828669270000000e-02 1.510045153100000e+00
4.640000000000000e-01 5.373726675000000e-01 -6.828662530000000e-02 1.510045224800000e+00
4.660000000000000e-01 5.387205367000000e-01 -6.828662420000001e-02 1.510045218300000e+00
4.680000000000000e-01 5.412548958000000e-01 -6.828668700000000e-02 1.510045139300000e+00
4.700000000000000e-01 5.458657321000000e-01 -6.828677610000000e-02 1.510045032300000e+00
4.720000000000000e-01 5.539701647000000e-01 -6.828684050000000e-02 1.510044956300000e+00
4.740000000000000e-01 5.677051282000000e-01 -6.828684380000000e-02 1.510044954500000e+00
4.760000000000000e-01 5.900917069000000e-01 -6.828678400000000e-02 1.510045032600000e+00
4.780000000000000e-01 6.250690884000000e-01 -6.828669860000000e-02 1.510045151700000e+00
4.800000000000000e-01 6.772322540000000e-01 -6.828664620000000e-02 1.510045243500000e+00
4.820000000000000e-01 7.510475878000000e-01 -6.828666970000000e-02 1.510045247500000e+00
4.840000000000000e-01 8.492898016000000e-01 -6.828678260000000e-02 1.510045127000000e+00
4.860000000000000e-01 9.704256540000000e-01 -6.828688390000000e-02 1.510044996400000e+00
4.880000000000000e-01 1.104158070000000e+00 -6.828682460000000e-02 1.510045079400000e+00
4.900000000000000e-01 1.222474197100000e+00 -6.828671529999999e-02 1.510045247700000e+00
4.920000000000000e-01 1.307646203100000e+00 -6.828672280000000e-02 1.510045248200000e+00
4.940000000000000e-01 1.364092587400000e+00 -6.828679850000000e-02 1.510045160500000e+00
4.960000000000000e-01 1.399151435400000e+00 -6.828682830000000e-02 1.510045169500000e+00
4.980000000000000e-01 1.419744127300000e+00 -6.828680990000000e-02 1.510045255200000e+00
5.000000000000000e-01 1.431251040700000e+00 -6.828679820000000e-02 1.510045299400000e+00
5.020000000000000e-01 1.437395879400000e+00 -6.828680700000000e-02 1.510045281500000e+00
5.040000000000000e-01 1.440543745500000e+00 -6.828681780000000e-02 1.510045266700000e+00
5.060000000000000e-01 1.442095941400000e+00 -6.828682610000000e-02 1.510045296500000e+00
5.080000000000000e-01 1.442834977200000e+00 -6.828684259999999e-02 1.510045354200000e+00
5.100000000000000e-01 1.443175684800000e+00 -6.828686670000000e-02 1.510045403800000e+00
5.120000000000000e-01 1.443328019400000e+00 -6.828688280000000e-02 1.510045425200000e+00
5.140000000000000e-01 1.443393927300000e+00 -6.828688160000000e-02 1.510045421000000e+00
5.160000000000000e-01 1.443421130800000e+00 -6.828687420000000e-02 1.510045412600000e+00
5.180000000000000e-01 1.443431304400000e+00 -6.828688190000000e-02 1.510045428500000e+00
5.200000000000000e-01 1.443434129800000e+00 -6.828691560000000e-02 1.510045483800000e+00
5.220000000000000e-01 1.443433919200000e+00 -6.828696430000000e-02 1.510045561900000e+00
5.240000000000000e-01 1.443431269100000e+00 -6.828700230000000e-02 1.510045620600000e+00
5.260000000000000e-01 1.443425702800000e+00 -6.828700100000000e-02 1.510045609400000e+00
5.280000000000000e-01 1.443417942500000e+00 -6.828696290000000e-02 1.510045530800000e+00
5.300000000000000e-01 1.443409415200000e+00 -6.828693070000000e-02 1.510045458400000e+00
5.320000000000000e-01 1.443401419700000e+00 -6.828694410000000e-02 1.510045462000000e+00
5.340000000000000e-01 1.443393913200000e+00 -6.828700300000000e-02 1.510045541900000e+00
5.360000000000000e-01 1.443386835200000e+00 -6.828706990000000e-02 1.510045632300000e+00
5.380000000000000e-01 1.443380263000000e+00 -6.828709900000000e-02 1.510045651400000e+00
5.400000000000000e-01 1.443374179200000e+00 -6.828707380000000e-02 1.510045568500000e+00
5.420000000000000e-01 1.443368624000000e+00 -6.828702339999999e-02 1.510045435600000e+00
5.440000000000000e-01 1.443363646700000e+00 -6.828699970000000e-02 1.510045347300000e+00
5.460000000000000e-01 1.443359257900000e+00 -6.828703490000000e-02 1.510045358200000e+00
5.480000000000000e-01 1.443355402100000e+00 -6.828711310000000e-02 1.510045431200000e+00
5.500000000000000e-01 1.443351983300000e+00 -6.828717910000000e-02 1.510045467300000e+00
5.520000000000000e-01 1.443348904200000e+00 -6.828718180000000e-02 1.510045390000000e+00
5.540000000000000e-01 1.443346130200000e+00 -6.828712110000000e-02 1.510045207700000e+00
5.560000000000000e-01 1.443343689200000e+00 -6.828705710000001e-02 1.510045007600000e+00
5.580000000000001e-01 1.443341610500000e+00 -6.828706040000000e-02 1.510044890400000e+00
5.600000000000001e-01 1.443339898000000e+00 -6.828714499999999e-02 1.510044898600000e+00
5.620000000000001e-01 1.443338499300000e+00 -6.828725640000000e-02 1.510044978700000e+00
5.639999999999999e-01 1.443337292600000e+00 -6.828732510000000e-02 1.510045004200000e+00
5.659999999999999e-01 1.443336178400000e+00 -6.828732749999999e-02 1.510044866600000e+00
5.679999999999999e-01 1.443335161900000e+00 -6.828729550000000e-02 1.510044587000000e+00
5.700000000000000e-01 1.443334320600000e+00 -6.828727749999999e-02 1.510044327600000e+00
5.720000000000000e-01 1.443333727000000e+00 -6.828730640000000e-02 1.510044239000000e+00
5.740000000000000e-01 1.443333364700000e+00 -6.828739510000000e-02 1.510044293100000e+00
5.760000000000000e-01 1.443333077900000e+00 -6.828752890000001e-02 1.510044308000000e+00
5.780000000000000e-01 1.443332742500000e+00 -6.828765310000000e-02 1.510044141100000e+00
5.800000000000000e-01 1.443332403900000e+00 -6.828769890000000e-02 1.510043842700000e+00
5.820000000000000e-01 1.443332149300000e+00 -6.828766180000000e-02 1.510043579500000e+00
5.840000000000000e-01 1.443332023800000e+00 -6.828763580000000e-02 1.510043441900000e+00
5.860000000000000e-01 1.443331988100000e+00 -6.828773420000001e-02 1.510043355200000e+00
5.880000000000000e-01 1.443331940500000e+00 -6.828795860000000e-02 1.510043210300000e+00
5.900000000000000e-01 1.443331867400000e+00 -6.828817630000000e-02 1.510042992200000e+00
5.920000000000000e-01 1.443331825000000e+00 -6.828825380000000e-02 1.510042770900000e+00
5.940000000000000e-01 1.443331811100000e+00 -6.828820980000000e-02 1.510042561200000e+00
5.960000000000000e-01 1.443331793300000e+00 -6.828821070000000e-02 1.510042307600000e+00
5.980000000000000e-01 1.443331769100000e+00 -6.828838430000000e-02 1.510041984300000e+00
6.000000000000000e-01 1.443331798400000e+00 -6.828866600000000e-02 1.510041701100000e+00
6.020000000000000e-01 1.443331953200000e+00 -6.828887480000000e-02 1.510041564100000e+00
6.040000000000000e-01 1.443332148000000e+00 -6.828893880000000e-02 1.510041471400000e+00
6.060000000000000e-01 1.443332176400000e+00 -6.828898520000000e-02 1.510041158900000e+00
6.080000000000000e-01 1.443331975400000e+00 -6.828916500000000e-02 1.510040546900000e+00
6.100000000000000e-01 1.443331768000000e+00 -6.828942630000000e-02 1.510039985800000e+00
6.120000000000000e-01 1.443331848000000e+00 -6.828957060000000e-02 1.510039909200000e+00
6.140000000000000e-01 1.443332142100000e+00 -6.828956520000000e-02 1.510040226600000e+00
6.160000000000000e-01 1.443332119400000e+00 -6.828968050000001e-02 1.510040168100000e+00
6.180000000000000e-01 1.443331325600000e+00 -6.829020600000001e-02 1.510039078900000e+00
6.200000000000000e-01 1.443330165100000e+00 -6.829087030000000e-02 1.510037535400000e+00
6.220000000000000e-01 1.443329759000000e+00 -6.829095340000001e-02 1.510037140700000e+00
6.240000000000000e-01 1.443330755700000e+00 -6.829004070000000e-02 1.510038841200000e+00
6.260000000000000e-01 1.443331887200000e+00 -6.828918690000001e-02 1.510040763400000e+00
6.280000000000000e-01 1.443330453600000e+00 -6.829046380000001e-02 1.510038929900000e+00
6.300000000000000e-01 1.443325441300000e+00 -6.829449540000000e-02 1.510031868700000e+00
6.320000000000000e-01 1.443321744300000e+00 -6.829716340000000e-02 1.510026740000000e+00
6.340000000000000e-01 1.443327445100000e+00 -6.829189770000001e-02 1.510035357500000e+00
6.360000000000000e-01 1.443342820500000e+00 -6.827876630000000e-02 1.510058147300000e+00
6.380000000000000e-01 1.443349047500000e+00 -6.827365870000000e-02 1.510067533400000e+00
6.400000000000000e-01 1.443316954600000e+00 -6.830092190000001e-02 1.510020747000000e+00
6.420000000000000e-01 1.443259028900000e+00 -6.834963580000000e-02 1.509936132500000e+00
6.440000000000000e-01 1.443253236000000e+00 -6.835420550000000e-02 1.509927862800000e+00
6.460000000000000e-01 1.443400986000000e+00 -6.822968070000000e-02 1.510144389400000e+00
6.480000000000000e-01 1.443604069400000e+00 -6.805883520000000e-02 1.510442046300000e+00
6.500000000000000e-01 1.443539039200000e+00 -6.811327709999999e-02 1.510346977300000e+00
6.520000000000000e-01 1.442887663800000e+00 -6.866018890000000e-02 1.509392861700000e+00
6.540000000000000e-01 1.442205311100000e+00 -6.923332629999999e-02 1.508393698100000e+00
6.560000000000000e-01 1.442812007800000e+00 -6.872433710000000e-02 1.509282704200000e+00
6.580000000000000e-01 1.445509637400000e+00 -6.646291120000000e-02 1.513234441500000e+00
6.600000000000000e-01 1.447588516600000e+00 -6.472338840000000e-02 1.516280068100000e+00
6.620000000000000e-01 1.443747843800000e+00 -6.793460400000000e-02 1.510658633100000e+00
6.640000000000000e-01 1.432991561900000e+00 -7.697945240000000e-02 1.494923349200000e+00
6.660000000000000e-01 1.427354201500000e+00 -8.176376920000000e-02 1.486668567500000e+00
6.680000000000000e-01 1.446826493700000e+00 -6.529986380000000e-02 1.515266186400000e+00
6.700000000000000e-01 1.486530754900000e+00 -3.249807690000000e-02 1.573678592900000e+00
6.720000000000000e-01 1.492513571600000e+00 -2.778898780000000e-02 1.582378209900000e+00
6.740000000000000e-01 1.386583655200000e+00 -1.154417232000000e-01 1.429445309800000e+00
6.760000000000000e-01 1.209838049100000e+00 -2.775038002000000e-01 1.180269383100000e+00
6.780000000000000e-01 1.082894331800000e+00 -4.086326369000000e-01 1.007435303800000e+00
6.800000000000000e-01 1.026900739900000e+00 -4.699741044000000e-01 9.342225631000000e-01
6.820000000000001e-01 1.008014574900000e+00 -4.910195126000000e-01 9.101269340000000e-01
6.840000000000001e-01 1.002320876100000e+00 -4.973961667000000e-01 9.029266868000000e-01
6.860000000000001e-01 1.000666113800000e+00 -4.992523999000000e-01 9.008394996000000e-01
6.879999999999999e-01 1.000190400600000e+00 -4.997862848000000e-01 9.002399209000000e-01
6.899999999999999e-01 1.000054130900000e+00 -4.999392389000000e-01 9.000682063000000e-01
6.919999999999999e-01 1.000015195400000e+00 -4.999829433000000e-01 9.000191463000000e-01
6.940000000000000e-01 1.000004136800000e+00 -4.999953565000000e-01 9.000052123000000e-01
6.960000000000000e-01 1.000001054900000e+00 -4.999988158000000e-01 9.000013292000000e-01
6.980000000000000e-01 1.000000241900000e+00 -4.999997284000000e-01 9.000003048000000e-01
7.000000000000000e-01 1.000000049800000e+00 -4.999999441000000e-01 9.000000628000000e-01
7.020000000000000e-01 1.000000009600000e+00 -4.999999892000000e-01 9.000000122000000e-01
7.040000000000000e-01 1.000000001800000e+00 -4.999999980000000e-01 9.000000023000000e-01
7.060000000000000e-01 1.000000000300000e+00 -4.999999996000000e-01 9.000000004000001e-01
7.080000000000000e-01 1.000000000100000e+00 -4.999999999000000e-01 9.000000001000000e-01
7.100000000000000e-01 1.000000000000000e+00 -5.000000000000000e-01 9.000000000000000e-01
7.120000000000000e-01 1.000000000000000e+00 -5.000000000000000e-01 9.000000000000000e-01
7.140000000000000e-01 1.000000000000000e+00 -5.000000000000000e-01 9.000000000000000e-01
7.160000000000000e-01 1.000000000000000e+00 -5.000000000000000e-01 9.000000000000000e-01
7.180000000000000e-01 1.000000000000000e+00 -5.000000000000000e-01 9.000000000000000e-01
7.200000000000000e-01 1.000000000000000e+00 -5.000000000000000e-01 9.000000000000000e-01
7.220000000000000e-01 1.000000000000000e+00 -5.000000000000000e-01 9.000000000000000e-01
7.240000000000000e-01 1.000000000000000e+00 -5.000000000000000e-01 9.000000000000000e-01
7.260000000000000e-01 1.000000000000000e+00 -5.000000000000000e-01 9.000000000000000e-01
7.280000000000000e-01 1.000000000000000e+00 -5.000000000000000e-01 9.000000000000000e-01
7.300000000000000e-01 1.000000000000000e+00 -5.000000000000000e-01 9.000000000000000e-01
7.320000000000000e-01 1.000000000000000e+00 -5.000000000000000e-01 9.000000000000000e-01
7.340000000000000e-01 1.000000000000000e+00 -5.000000000000000e-01 9.000000000000000e-01
7.360000000000000e-01 1.000000000000000e+00 -5.000000000000000e-01 9.000000000000000e-01
7.380000000000000e-01 1.000000000000000e+00 -5.000000000000000e-01 9.000000000000000e-01
7.400000000000000e-01 1.000000000000000e+00 -5.000000000000000e-01 9.000000000000000e-01
7.420000000000000e-01 1.000000000000000e+00 -5.000000000000000e-01 9.000000000000000e-01
7.440000000000000e-01 1.000000000000000e+00 -5.000000000000000e-01 9.000000000000000e-01
7.460000000000000e-01 1.000000000000000e+00 -5.000000000000000e-01 9.000000000000000e-01
7.480000000000000e-01 1.000000000000000e+00 -5.000000000000000e-01 9.000000000000000e-01
7.500000000000000e-01 1.000000000000000e+00 -5.000000000000000e-01 9.000000000000000e-01
7.520000000000000e-01 1.000000000000000e+00 -5.000000000000000e-01 9.000000000000000e-01
7.540000000000000e-01 1.000000000000000e+00 -5.000000000000000e-01 9.000000000000000e-01
7.560000000000000e-01 1.000000000000000e+00 -5.000000000000000e-01 9.000000000000000e-01
7.580000000000000e-01 1.000000000000000e+00 -5.000000000000000e-01 9.000000000000000e-01
7.600000000000000e-01 1.000000000000000e+00 -5.000000000000000e-01 9.000000000000000e-01
7.620000000000000e-01 1.000000000000000e+00 -5.000000000000000e-01 9.000000000000000e-01
7.640000000000000e-01 1.000000000000000e+00 -5.000000000000000e-01 9.000000000000000e-01
7.660000000000000e-01 1.000000000000000e+00 -5.000000000000000e-01 9.000000000000000e-01
7.680000000000000e-01 1.000000000000000e+00 -5.000000000000000e-01 9.000000000000000e-01
7.700000000000000e-01 1.000000000000000e+00 -5.000000000000000e-01 9.000000000000000e-01
7.720000000000000e-01 1.000000000000000e+00 -5.000000000000000e-01 9.000000000000000e-01
7.740000000000000e-01 1.000000000000000e+00 -5.000000000000000e-01 9.000000000000000e-01
7.760000000000000e-01 1.000000000000000e+00 -5.000000000000000e-01 9.000000000000000e-01
7.780000000000000e-01 1.000000000000000e+00 -5.000000000000000e-01 9.000000000000000e-01
7.800000000000000e-01 1.000000000000000e+00 -5.000000000000000e-01 9.000000000000000e-01
7.820000000000000e-01 1.000000000000000e+00 -5.000000000000000e-01 9.000000000000000e-01
7.840000000000000e-01 1.000000000000000e+00 -5.000000000000000e-01 9.000000000000000e-01
7.860000000000000e-01 1.000000000000000e+00 -5.000000000000000e-01 9.000000000000000e-01
7.880000000000000e-01 1.000000000000000e+00 -5.000000000000000e-01 9.000000000000000e-01
7.900000000000000e-01 1.000000000000000e+00 -5.000000000000000e-01 9.000000000000000e-01
7.920000000000000e-01 1.000000000000000e+00 -5.000000000000000e-01 9.000000000000000e-01
7.940000000000000e-01 1.000000000000000e+00 -5.000000000000000e-01 9.000000000000000e-01
7.960000000000000e-01 1.000000000000000e+00 -5.000000000000000e-01 9.000000000000000e-01
7.980000000000000e-01 1.000000000000000e+00 -5.000000000000000e-01 9.000000000000000e-01
8.000000000000000e-01 1.000000000000000e+00 -5.000000000000000e-01 9.000000000000000e-01
8.020000000000000e-01 1.000000000000000e+00 -5.000000000000000e-01 9.000000000000000e-01
8.040000000000000e-01 1.000000000000000e+00 -5.000000000000000e-01 9.000000000000000e-01
8.060000000000000e-01 1.000000000000000e+00 -5.000000000000000e-01 9.000000000000000e-01
8.080000000000001e-01 1.000000000000000e+00 -5.000000000000000e-01 9.000000000000000e-01
8.100000000000001e-01 1.000000000000000e+00 -5.000000000000000e-01 9.000000000000000e-01
8.120000000000001e-01 1.000000000000000e+00 -5.000000000000000e-01 9.000000000000000e-01
8.139999999999999e-01 1.000000000000000e+00 -5.000000000000000e-01 9.000000000000000e-01
8.159999999999999e-01 1.000000000000000e+00 -5.000000000000000e-01 9.000000000000000e-01
8.179999999999999e-01 1.000000000000000e+00 -5.000000000000000e-01 9.000000000000000e-01
8.200000000000000e-01 1.000000000000000e+00 -5.000000000000000e-01 9.000000000000000e-01
8.220000000000000e-01 1.000000000000000e+00 -5.000000000000000e-01 9.000000000000000e-01
8.240000000000000e-01 1.000000000000000e+00 -5.000000000000000e-01 9.000000000000000e-01
8.260000000000000e-01 1.000000000000000e+00 -5.000000000000000e-01 9.000000000000000e-01
8.280000000000000e-01 1.000000000000000e+00 -5.000000000000000e-01 9.000000000000000e-01
8.300000000000000e-01 1.000000000000000e+00 -5.000000000000000e-01 9.000000000000000e-01
8.320000000000000e-01 1.000000000000000e+00 -5.000000000000000e-01 9.000000000000000e-01
8.340000000000000e-01 1.000000000000000e+00 -5.000000000000000e-01 9.000000000000000e-01
8.360000000000000e-01 1.000000000000000e+00 -5.000000000000000e-01 9.000000000000000e-01
8.380000000000000e-01 1.000000000000000e+00 -5.000000000000000e-01 9.000000000000000e-01
8.400000000000000e-01 1.000000000000000e+00 -5.000000000000000e-01 9.000000000000000e-01
8.420000000000000e-01 1.000000000000000e+00 -5.000000000000000e-01 9.000000000000000e-01
8.440000000000000e-01 1.000000000000000e+00 -5.000000000000000e-01 9.000000000000000e-01
8.460000000000000e-01 1.000000000000000e+00 -5.000000000000000e-01 9.000000000000000e-01
8.480000000000000e-01 1.000000000000000e+00 -5.000000000000000e-01 9.000000000000000e-01
8.500000000000000e-01 1.000000000000000e+00 -5.000000000000000e-01 9.000000000000000e-01
8.520000000000000e-01 1.000000000000000e+00 -5.000000000000000e-01 9.000000000000000e-01
8.540000000000000e-01 1.000000000000000e+00 -5.000000000000000e-01 9.000000000000000e-01
8.560000000000000e-01 1.000000000000000e+00 -5.000000000000000e-01 9.000000000000000e-01
8.580000000000000e-01 1.000000000000000e+00 -5.000000000000000e-01 9.000000000000000e-01
8.600000000000000e-01 1.000000000000000e+00 -5.000000000000000e-01 9.000000000000000e-01
8.620000000000000e-01 1.000000000000000e+00 -5.000000000000000e-01 9.000000000000000e-01
8.640000000000000e-01 1.000000000000000e+00 -5.000000000000000e-01 9.000000000000000e-01
8.660000000000000e-01 1.000000000000000e+00 -5.000000000000000e-01 9.000000000000000e-01
8.680000000000000e-01 1.000000000000000e+00 -5.000000000000000e-01 9.000000000000000e-01
8.700000000000000e-01 1.000000000000000e+00 -5.000000000000000e-01 9.000000000000000e-01
8.720000000000000e-01 1.000000000000000e+00 -5.000000000000000e-01 9.000000000000000e-01
8.740000000000000e-01 1.000000000000000e+00 -5.000000000000000e-01 9.000000000000000e-01
8.760000000000000e-01 1.000000000000000e+00 -5.000000000000000e-01 9.000000000000000e-01
8.780000000000000e-01 1.000000000000000e+00 -5.000000000000000e-01 9.000000000000000e-01
8.800000000000000e-01 1.000000000000000e+00 -5.000000000000000e-01 9.000000000000000e-01
8.820000000000000e-01 1.000000000000000e+00 -5.000000000000000e-01 9.000000000000000e-01
8.840000000000000e-01 1.000000000000000e+00 -5.000000000000000e-01 9.000000000000000e-01
8.860000000000000e-01 1.000000000000000e+00 -5.000000000000000e-01 9.000000000000000e-01
8.880000000000000e-01 1.000000000000000e+00 -5.000000000000000e-01 9.000000000000000e-01
8.900000000000000e-01 1.000000000000000e+00 -5.000000000000000e-01 9.000000000000000e-01
8.920000000000000e-01 1.000000000000000e+00 -5.000000000000000e-01 9.000000000000000e-01
8.940000000000000e-01 1.000000000000000e+00 -5.000000000000000e-01 9.000000000000000e-01
8.960000000000000e-01 1.000000000000000e+00 -5.000000000000000e-01 9.000000000000000e-01
8.980000000000000e-01 1.000000000000000e+00 -5.000000000000000e-01 9.000000000000000e-01
9.000000000000000e-01 1.000000000000000e+00 -5.000000000000000e-01 9.000000000000000e-01
9.020000000000000e-01 1.000000000000000e+00 -5.000000000000000e-01 9.000000000000000e-01
9.040000000000000e-01 1.000000000000000e+00 -5.000000000000000e-01 9.000000000000000e-01
9.060000000000000e-01 1.000000000000000e+00 -5.000000000000000e-01 9.000000000000000e-01
9.080000000000000e-01 1.000000000000000e+00 -5.000000000000000e-01 9.000000000000000e-01
9.100000000000000e-01 1.000000000000000e+00 -5.000000000000000e-01 9.000000000000000e-01
9.120000000000000e-01 1.000000000000000e+00 -5.000000000000000e-01 9.000000000000000e-01
9.140000000000000e-01 1.000000000000000e+00 -5.000000000000000e-01 9.000000000000000e-01
9.160000000000000e-01 1.000000000000000e+00 -5.000000000000000e-01 9.000000000000000e-01
9.180000000000000e-01 1.000000000000000e+00 -5.000000000000000e-01 9.000000000000000e-01
9.200000000000000e-01 1.000000000000000e+00 -5.000000000000000e-01 9.000000000000000e-01
9.220000000000000e-01 1.000000000000000e+00 -5.000000000000000e-01 9.000000000000000e-01
9.240000000000000e-01 1.000000000000000e+00 -5.000000000000000e-01 9.000000000000000e-01
9.260000000000000e-01 1.000000000000000e+00 -5.000000000000000e-01 9.000000000000000e-01
9.280000000000000e-01 1.000000000000000e+00 -5.000000000000000e-01 9.000000000000000e-01
9.300000000000000e-01 1.000000000000000e+00 -5.000000000000000e-01 9.000000000000000e-01
9.320000000000001e-01 1.000000000000000e+00 -5.000000000000000e-01 9.000000000000000e-01
9.340000000000001e-01 1.000000000000000e+00 -5.000000000000000e-01 9.000000000000000e-01
9.360000000000001e-01 1.000000000000000e+00 -5.000000000000000e-01 9.000000000000000e-01
9.379999999999999e-01 1.000000000000000e+00 -5.000000000000000e-01 9.000000000000000e-01
9.399999999999999e-01 1.000000000000000e+00 -5.000000000000000e-01 9.000000000000000e-01
9.419999999999999e-01 1.000000000000000e+00 -5.000000000000000e-01 9.000000000000000e-01
9.440000000000000e-01 1.000000000000000e+00 -5.000000000000000e-01 9.000000000000000e-01
9.460000000000000e-01 1.000000000000000e+00 -5.000000000000000e-01 9.000000000000000e-01
9.480000000000000e-01 1.000000000000000e+00 -5.000000000000000e-01 9.000000000000000e-01
9.500000000000000e-01 1.000000000000000e+00 -5.000000000000000e-01 9.000000000000000e-01
9.520000000000000e-01 1.000000000000000e+00 -5.000000000000000e-01 9.000000000000000e-01
9.540000000000000e-01 1.000000000000000e+00 -5.000000000000000e-01 9.000000000000000e-01
9.560000000000000e-01 1.000000000000000e+00 -5.000000000000000e-01 9.000000000000000e-01
9.580000000000000e-01 1.000000000000000e+00 -5.000000000000000e-01 9.000000000000000e-01
9.600000000000000e-01 1.000000000000000e+00 -5.000000000000000e-01 9.000000000000000e-01
9.620000000000000e-01 1.000000000000000e+00 -5.000000000000000e-01 9.000000000000000e-01
9.640000000000000e-01 1.000000000000000e+00 -5.000000000000000e-01 9.000000000000000e-01
9.660000000000000e-01 1.000000000000000e+00 -5.000000000000000e-01 9.000000000000000e-01
9.680000000000000e-01 1.000000000000000e+00 -5.000000000000000e-01 9.000000000000000e-01
9.700000000000000e-01 1.000000000000000e+00 -5.000000000000000e-01 9.000000000000000e-01
9.720000000000000e-01 1.000000000000000e+00 -5.000000000000000e-01 9.000000000000000e-01
9.740000000000000e-01 1.000000000000000e+00 -5.000000000000000e-01 9.000000000000000e-01
9.760000000000000e-01 1.000000000000000e+00 -5.000000000000000e-01 9.000000000000000e-01
9.780000000000000e-01 1.000000000000000e+00 -5.000000000000000e-01 9.000000000000000e-01
9.800000000000000e-01 1.000000000000000e+00 -5.000000000000000e-01 9.000000000000000e-01
9.820000000000000e-01 1.000000000000000e+00 -5.000000000000000e-01 9.000000000000000e-01
9.840000000000000e-01 1.000000000000000e+00 -5.000000000000000e-01 9.000000000000000e-01
9.860000000000000e-01 1.000000000000000e+00 -5.000000000000000e-01 9.000000000000000e-01
9.880000000000000e-01 1.000000000000000e+00 -5.000000000000000e-01 9.000000000000000e-01
9.900000000000000e-01 1.000000000000000e+00 -5.000000000000000e-01 9.000000000000000e-01
9.920000000000000e-01 1.000000000000000e+00 -5.000000000000000e-01 9.000000000000000e-01
9.940000000000000e-01 1.000000000000000e+00 -5.000000000000000e-01 9.000000000000000e-01
9.960000000000000e-01 1.000000000000000e+00 -5.000000000000000e-01 9.000000000000000e-01
9.980000000000000e-01 1.000000000000000e+00 -5.000000000000000e-01 9.000000000000000e-01
1.000000000000000e+00 1.000000000000000e+00 -5.000000000000000e-01 9.000000000000000e-01
ZONE T="beta=0.5", AUXDATA beta="0.5", I=501, F=POINT
0.000000000000000e+00 4.000000000000000e-01 5.000000000000000e-01 1.000000000000000e+00
2.000000000000000e-03 4.000000000000000e-01 5.000000000000000e-01 1.000000000000000e+00
4.000000000000000e-03 4.000000000000000e-01 5.000000000000000e-01 1.000000000000000e+00
6.000000000000000e-03 4.000000000000000e-01 5.000000000000000e-01 1.000000000000000e+00
8.000000000000000e-03 4.000000000000000e-01 5.000000000000000e-01 1.000000000000000e+00
1.000000000000000e-02 4.000000000000000e-01 5.000000000000000e-01 1.000000000000000e+00
1.200000000000000e-02 4.000000000000000e-01 5.000000000000000e-01 1.000000000000000e+00
1.400000000000000e-02 4.000000000000000e-01 5.000000000000000e-01 1.000000000000000e+00
1.600000000000000e-02 4.000000000000000e-01 5.000000000000000e-01 1.000000000000000e+00
1.800000000000000e-02 4.000000000000000e-01 5.000000000000000e-01 1.000000000000000e+00
2.000000000000000e-02 4.000000000000000e-01 5.000000000000000e-01 1.000000000000000e+00
2.200000000000000e-02 4.000000000000000e-01 5.000000000000000e-01 1.000000000000000e+00
2.400000000000000e-02 4.000000000000000e-01 5.000000000000000e-01 1.000000000000000e+00
2.600000000000000e-02 4.000000000000000e-01 5.000000000000000e-01 1.000000000000000e+00
2.800000000000000e-02 4.000000000000000e-01 5.000000000000000e-01 1.000000000000000e+00
3.000000000000000e-02 4.000000000000000e-01 5.000000000000000e-01 1.000000000000000e+00
3.200000000000000e-02 4.000000000000000e-01 5.000000000000000e-01 1.000000000000000e+00
3.400000000000000e-02 4.000000000000000e-01 5.000000000000000e-01 1.000000000000000e+00
3.600000000000000e-02 4.000000000000000e-01 5.000000000000000e-01 1.000000000000000e+00
3.800000000000000e-02 4.000000000000000e-01 5.000000000000000e-01 1.000000000000000e+00
4.000000000000000e-02 4.000000000000000e-01 5.000000000000000e-01 1.000000000000000e+00
4.200000000000000e-02 4.000000000000000e-01 5.000000000000000e-01 1.000000000000000e+00
4.400000000000000e-02 4.000000000000000e-01 5.000000000000000e-01 1.000000000000000e+00
4.600000000000000e-02 4.000000000000000e-01 5.000000000000000e-01 1.000000000000000e+00
4.800000000000000e-02 4.000000000000000e-01 5.000000000000000e-01 1.000000000000000e+00
5.000000000000000e-02 4.000000000000000e-01 5.000000000000000e-01 1.000000000000000e+00
5.200000000000000e-02 4.000000000000000e-01 5.000000000000000e-01 1.000000000000000e+00
5.400000000000000e-02 4.000000000000000e-01 5.000000000000000e-01 1.000000000000000e+00
5.600000000000000e-02 4.000000000000000e-01 5.000000000000000e-01 1.000000000000000e+00
5.800000000000000e-02 4.000000000000000e-01 5.000000000000000e-01 1.000000000000000e+00
6.000000000000000e-02 4.000000000000000e-01 5.000000000000000e-01 1.000000000000000e+00
6.200000000000000e-02 4.000000000000000e-01 5.000000000000000e-01 1.000000000000000e+00
6.400000000000000e-02 4.000000000000000e-01 5.000000000000000e-01 1.000000000000000e+00
6.600000000000000e-02 4.000000000000000e-01 5.000000000000000e-01 1.000000000000000e+00
6.800000000000000e-02 4.000000000000000e-01 5.000000000000000e-01 1.000000000000000e+00
7.000000000000001e-02 4.000000000000000e-01 5.000000000000000e-01 1.000000000000000e+00
7.199999999999999e-02 4.000000000000000e-01 5.000000000000000e-01 1.000000000000000e+00
7.400000000000000e-02 4.000000000000000e-01 5.000000000000000e-01 1.000000000000000e+00
7.600000000000000e-02 4.000000000000000e-01 5.000000000000000e-01 1.000000000000000e+00
7.800000000000000e-02 4.000000000000000e-01 5.000000000000000e-01 1.000000000000000e+00
8.000000000000000e-02 4.000000000000000e-01 5.000000000000000e-01 1.000000000000000e+00
8.200000000000000e-02 4.000000000000000e-01 5.000000000000000e-01 1.000000000000000e+00
8.400000000000001e-02 4.000000000000000e-01 5.000000000000000e-01 1.000000000000000e+00
8.599999999999999e-02 4.000000000000000e-01 5.000000000000000e-01 1.000000000000000e+00
8.799999999999999e-02 4.000000000000000e-01 5.000000000000000e-01 1.000000000000000e+00
9.000000000000000e-02 4.000000000000000e-01 5.000000000000000e-01 1.000000000000000e+00
9.200000000000000e-02 4.000000000000000e-01 5.000000000000000e-01 1.000000000000000e+00
9.400000000000000e-02 4.000000000000000e-01 5.000000000000000e-01 1.000000000000000e+00
9.600000000000000e-02 4.000000000000000e-01 5.000000000000000e-01 1.000000000000000e+00
9.800000000000000e-02 4.000000000000000e-01 5.000000000000000e-01 1.000000000000000e+00
1.000000000000000e-01 4.000000000000000e-01 5.000000000000000e-01 1.000000000000000e+00
1.020000000000000e-01 4.000000000000000e-01 5.000000000000000e-01 1.000000000000000e+00
1.040000000000000e-01 4.000000000000000e-01 5.000000000000000e-01 1.000000000000000e+00
1.060000000000000e-01 4.000000000000000e-01 5.000000000000000e-01 1.000000000000000e+00
1.080000000000000e-01 4.000000000000000e-01 5.000000000000000e-01 1.000000000000000e+00
1.100000000000000e-01 4.000000000000000e-01 5.000000000000000e-01 1.000000000000000e+00
1.120000000000000e-01 4.000000000000000e-01 5.000000000000000e-01 1.000000000000000e+00
1.140000000000000e-01 4.000000000000000e-01 5.000000000000000e-01 1.000000000000000e+00
1.160000000000000e-01 4.000000000000000e-01 5.000000000000000e-01 1.000000000000000e+00
1.180000000000000e-01 4.000000000000000e-01 5.000000000000000e-01 1.000000000000000e+00
1.200000000000000e-01 4.000000000000000e-01 4.999999999000000e-01 1.000000000100000e+00
1.220000000000000e-01 4.000000001000000e-01 4.999999995000000e-01 1.000000000400000e+00
1.240000000000000e-01 4.000000005000000e-01 4.999999976000000e-01 1.000000001800000e+00
1.260000000000000e-01 4.000000022000000e-01 4.999999899000000e-01 1.000000007500000e+00
1.280000000000000e-01 4.000000091000000e-01 4.999999572000000e-01 1.000000032000000e+00
1.300000000000000e-01 4.000000382000000e-01 4.999998215000000e-01 1.000000133600000e+00
1.320000000000000e-01 4.000001517000000e-01 4.999992907000000e-01 1.000000530800000e+00
1.340000000000000e-01 4.000005545000000e-01 4.999974065000000e-01 1.000001940800000e+00
1.360000000000000e-01 4.000018421000000e-01 4.999913842000000e-01 1.000006447500000e+00
1.380000000000000e-01 4.000056718000000e-01 4.999734724000000e-01 1.000019851500000e+00
1.400000000000000e-01 4.000166731000000e-01 4.999220189000000e-01 1.000058357000000e+00
1.420000000000000e-01 4.000478364000000e-01 4.997762684000000e-01 1.000167436000000e+00
1.440000000000000e-01 4.001356196000000e-01 4.993657219000000e-01 1.000474736200000e+00
1.460000000000000e-01 4.003821052000000e-01 4.982130627000000e-01 1.001337903800000e+00
1.480000000000000e-01 4.010711522000000e-01 4.949917007000000e-01 1.003753230800000e+00
1.500000000000000e-01 4.029768369000000e-01 4.860893137000000e-01 1.010451207600000e+00
1.520000000000000e-01 4.080984690000000e-01 4.622178903000000e-01 1.028579836400000e+00
1.540000000000000e-01 4.208888849000000e-01 4.030667579000000e-01 1.074587716300000e+00
1.560000000000000e-01 4.479480527000000e-01 2.813640128000000e-01 1.174540180300000e+00
1.580000000000000e-01 4.897895577000000e-01 1.058778504000000e-01 1.333058341500000e+00
1.600000000000000e-01 5.286803967000000e-01 -4.211286120000000e-02 1.482129213900000e+00
1.620000000000000e-01 5.448950134000000e-01 -1.003018358000000e-01 1.544649850500000e+00
1.640000000000000e-01 5.441207988000000e-01 -9.747705130000001e-02 1.541531645400000e+00
1.660000000000000e-01 5.389313295000000e-01 -7.846942470000000e-02 1.521033662100000e+00
1.680000000000000e-01 5.352208745000000e-01 -6.469273200000000e-02 1.506356367200000e+00
1.700000000000000e-01 5.346344008000000e-01 -6.251114210000000e-02 1.504039660600000e+00
1.720000000000000e-01 5.353628033000000e-01 -6.521726670000000e-02 1.506912861700000e+00
1.740000000000000e-01 5.361544935000000e-01 -6.814818609999999e-02 1.510031611400000e+00
1.760000000000000e-01 5.364430806000000e-01 -6.921443700000000e-02 1.511167938400000e+00
1.780000000000000e-01 5.363811448000000e-01 -6.898623180000001e-02 1.510924901800000e+00
1.800000000000000e-01 5.362435746000001e-01 -6.847839529999999e-02 1.510383647800000e+00
1.820000000000000e-01 5.361615877000000e-01 -6.817448270000000e-02 1.510059476100000e+00
1.840000000000000e-01 5.361561829000000e-01 -6.815377810000001e-02 1.510036967600000e+00
1.860000000000000e-01 5.361775541000000e-01 -6.823295390000000e-02 1.510121066100000e+00
1.880000000000000e-01 5.361970555000000e-01 -6.830554749999999e-02 1.510198501700000e+00
1.900000000000000e-01 5.362027631000000e-01 -6.832631380000000e-02 1.510220966000000e+00
1.920000000000000e-01 5.362005529000000e-01 -6.831739010000000e-02 1.510211791100000e+00
1.940000000000000e-01 5.361970116000000e-01 -6.830402570000001e-02 1.510197712900000e+00
1.960000000000000e-01 5.361954490000000e-01 -6.829876009999999e-02 1.510192015900000e+00
1.980000000000000e-01 5.361960361000000e-01 -6.830148490000000e-02 1.510194668800000e+00
2.000000000000000e-01 5.361974071000000e-01 -6.830682300000000e-02 1.510200050300000e+00
2.020000000000000e-01 5.361983860000000e-01 -6.831062139999999e-02 1.510203847600000e+00
2.040000000000000e-01 5.361985719000000e-01 -6.831155229999999e-02 1.510204747900000e+00
2.060000000000000e-01 5.361984653000000e-01 -6.831111080000001e-02 1.510204394000000e+00
2.080000000000000e-01 5.361986127000000e-01 -6.831104300000000e-02 1.510204628800000e+00
2.100000000000000e-01 5.361990822000000e-01 -6.831199850000000e-02 1.510206032800000e+00
2.120000000000000e-01 5.361995948000000e-01 -6.831348240000000e-02 1.510207916500000e+00
2.140000000000000e-01 5.361999345000000e-01 -6.831474990000000e-02 1.510209348900000e+00
2.160000000000000e-01 5.362001169000000e-01 -6.831555280000000e-02 1.510210028800000e+00
2.180000000000000e-01 5.362002239000000e-01 -6.831613870000000e-02 1.510210310400000e+00
2.200000000000000e-01 5.362003047000000e-01 -6.831682080000000e-02 1.510210702800000e+00
2.220000000000000e-01 5.362004131000000e-01 -6.831762590000000e-02 1.510211421500000e+00
2.240000000000000e-01 5.362005989000000e-01 -6.831834290000000e-02 1.510212317500000e+00
2.260000000000000e-01 5.362008263000000e-01 -6.831880020000000e-02 1.510213146100000e+00
2.280000000000000e-01 5.362010007000000e-01 -6.831905580000000e-02 1.510213790100000e+00
2.300000000000000e-01 5.362011127000000e-01 -6.831932430000000e-02 1.510214295200000e+00
2.320000000000000e-01 5.362012526000000e-01 -6.831976730000000e-02 1.510214732600000e+00
2.340000000000000e-01 5.362014468000000e-01 -6.832036750000001e-02 1.510215120900000e+00
2.360000000000000e-01 5.362016083000000e-01 -6.832097519999999e-02 1.510215440200000e+00
2.380000000000000e-01 5.362016780000000e-01 -6.832145110000000e-02 1.510215698400000e+00
2.400000000000000e-01 5.362017140000001e-01 -6.832175270000000e-02 1.510215947800000e+00
2.420000000000000e-01 5.362018007000000e-01 -6.832192910000000e-02 1.510216243500000e+00
2.440000000000000e-01 5.362019031000000e-01 -6.832205560000000e-02 1.510216587400000e+00
2.460000000000000e-01 5.362019514000000e-01 -6.832218490000000e-02 1.510216923200000e+00
2.480000000000000e-01 5.362019582999999e-01 -6.832234270000000e-02 1.510217179100000e+00
2.500000000000000e-01 5.362019872000000e-01 -6.832254109999999e-02 1.510217316000000e+00
2.520000000000000e-01 5.362020318000000e-01 -6.832277950000000e-02 1.510217350300000e+00
2.540000000000000e-01 5.362020454999999e-01 -6.832303540000000e-02 1.510217341200000e+00
2.560000000000000e-01 5.362020557000000e-01 -6.832325700000000e-02 1.510217362600000e+00
2.580000000000000e-01 5.362021379000000e-01 -6.832339079999999e-02 1.510217466000000e+00
2.600000000000000e-01 5.362022804000000e-01 -6.832341140000001e-02 1.510217665300000e+00
2.620000000000000e-01 5.362023886000000e-01 -6.832334680000000e-02 1.510217927800000e+00
2.640000000000000e-01 5.362024371000000e-01 -6.832326699999999e-02 1.510218188700000e+00
2.660000000000000e-01 5.362024559000000e-01 -6.832324680000000e-02 1.510218378600000e+00
2.680000000000000e-01 5.362024838000000e-01 -6.832332930000000e-02 1.510218453400000e+00
2.700000000000000e-01 5.362024735000001e-01 -6.832350010000000e-02 1.510218420700000e+00
2.720000000000000e-01 5.362024106000000e-01 -6.832369620000001e-02 1.510218337600000e+00
2.740000000000000e-01 5.362023658000000e-01 -6.832383950000000e-02 1.510218282200000e+00
2.760000000000000e-01 5.362023959000000e-01 -6.832388120000001e-02 1.510218307300000e+00
2.780000000000000e-01 5.362024719000000e-01 -6.832381960000000e-02 1.510218416900000e+00
2.800000000000000e-01 5.362025304000000e-01 -6.832369889999999e-02 1.510218566000000e+00
2.820000000000000e-01 5.362025844000000e-01 -6.832358400000001e-02 1.510218686600000e+00
2.840000000000000e-01 5.362026617000000e-01 -6.832352740000000e-02 1.510218724500000e+00
2.860000000000000e-01 5.362027153000000e-01 -6.832354710000001e-02 1.510218663600000e+00
2.880000000000000e-01 5.362026880000000e-01 -6.832362130000000e-02 1.510218531200000e+00
2.900000000000000e-01 5.362026122000000e-01 -6.832370459999999e-02 1.510218378800000e+00
2.920000000000000e-01 5.362025522000000e-01 -6.832374820000001e-02 1.510218260600000e+00
2.940000000000000e-01 5.362025427000000e-01 -6.832372300000000e-02 1.510218209000000e+00
2.960000000000000e-01 5.362025335000000e-01 -6.832362910000001e-02 1.510218225500000e+00
2.980000000000000e-01 5.362025124000001e-01 -6.832349770000000e-02 1.510218279200000e+00
3.000000000000000e-01 5.362025248000000e-01 -6.832337800000000e-02 1.510218319500000e+00
3.020000000000000e-01 5.362025676000000e-01 -6.832331510000000e-02 1.510218300300000e+00
3.040000000000000e-01 5.362025969000001e-01 -6.832332939999999e-02 1.510218200900000e+00
3.060000000000000e-01 5.362025808000001e-01 -6.832340300000000e-02 1.510218040300000e+00
3.080000000000000e-01 5.362025745000000e-01 -6.832348589999999e-02 1.510217871500000e+00
3.100000000000000e-01 5.362026095000000e-01 -6.832352030000000e-02 1.510217754900000e+00
3.120000000000000e-01 5.362026373000000e-01 -6.832346530000000e-02 1.510217732900000e+00
3.140000000000000e-01 5.362026310000000e-01 -6.832332319999999e-02 1.510217801400000e+00
3.160000000000000e-01 5.362026088000000e-01 -6.832313580000000e-02 1.510217914200000e+00
3.180000000000000e-01 5.362026038000000e-01 -6.832296480000000e-02 1.510218004200000e+00
3.200000000000000e-01 5.362026067000000e-01 -6.832286220000000e-02 1.510218015200000e+00
3.220000000000000e-01 5.362025704000000e-01 -6.832284330000001e-02 1.510217930600000e+00
3.240000000000000e-01 5.362025176000000e-01 -6.832288139999999e-02 1.510217778900000e+00
3.260000000000000e-01 5.362025086000000e-01 -6.832292320000000e-02 1.510217617200000e+00
3.280000000000000e-01 5.362025424000000e-01 -6.832291900000000e-02 1.510217499000000e+00
3.300000000000000e-01 5.362025822000001e-01 -6.832284290000000e-02 1.510217452800000e+00
3.320000000000000e-01 5.362026103000000e-01 -6.832270520000000e-02 1.510217469000000e+00
3.340000000000000e-01 5.362026586000000e-01 -6.832254390000000e-02 1.510217508800000e+00
3.360000000000000e-01 5.362027102000000e-01 -6.832240760000000e-02 1.510217522300000e+00
3.380000000000000e-01 5.362027019000000e-01 -6.832233040000001e-02 1.510217475200000e+00
3.400000000000000e-01 5.362026326000000e-01 -6.832231980000000e-02 1.510217361300000e+00
3.420000000000000e-01 5.362025451000000e-01 -6.832235460000000e-02 1.510217204600000e+00
3.440000000000000e-01 5.362024914000000e-01 -6.832239370000000e-02 1.510217050400000e+00
3.460000000000000e-01 5.362024691000000e-01 -6.832239640000000e-02 1.510216942300000e+00
3.480000000000000e-01 5.362024545000000e-01 -6.832233890000000e-02 1.510216905500000e+00
3.500000000000000e-01 5.362024748000001e-01 -6.832222830000000e-02 1.510216931200000e+00
3.520000000000000e-01 5.362025442000000e-01 -6.832209929999999e-02 1.510216981000000e+00
3.540000000000000e-01 5.362026192000000e-01 -6.832199940000000e-02 1.510217002100000e+00
3.560000000000000e-01 5.362026471000000e-01 -6.832196300000000e-02 1.510216956100000e+00
3.580000000000000e-01 5.362026333000000e-01 -6.832199379999999e-02 1.510216837100000e+00
3.600000000000000e-01 5.362026195000000e-01 -6.832206230000000e-02 1.510216675300000e+00
3.620000000000000e-01 5.362026028000000e-01 -6.832211630000000e-02 1.510216525000000e+00
3.640000000000000e-01 5.362025558000000e-01 -6.832210869999999e-02 1.510216436000000e+00
3.660000000000000e-01 5.362024996000000e-01 -6.832201929999999e-02 1.510216430000000e+00
3.680000000000000e-01 5.362024691000000e-01 -6.832186500000000e-02 1.510216489500000e+00
3.700000000000000e-01 5.362024756000000e-01 -6.832168980000000e-02 1.510216568700000e+00
3.720000000000000e-01 5.362024819000000e-01 -6.832154460000001e-02 1.510216614900000e+00
3.740000000000000e-01 5.362024618000000e-01 -6.832146250000000e-02 1.510216594300000e+00
3.760000000000000e-01 5.362024501000000e-01 -6.832144610000000e-02 1.510216506100000e+00
3.780000000000000e-01 5.362024541000000e-01 -6.832146890000000e-02 1.510216380200000e+00
3.800000000000000e-01 5.362024390000000e-01 -6.832149000000000e-02 1.510216261900000e+00
3.820000000000000e-01 5.362023912000000e-01 -6.832147440000000e-02 1.510216189900000e+00
3.840000000000000e-01 5.362023310000000e-01 -6.832140859999999e-02 1.510216179500000e+00
3.860000000000000e-01 5.362022698000000e-01 -6.832130570000000e-02 1.510216216900000e+00
3.880000000000000e-01 5.362021827000000e-01 -6.832119920000000e-02 1.510216266000000e+00
3.900000000000000e-01 5.362020411000000e-01 -6.832112540000000e-02 1.510216286700000e+00
3.920000000000000e-01 5.362018539000000e-01 -6.832110760000000e-02 1.510216252500000e+00
3.940000000000000e-01 5.362016503000000e-01 -6.832114440000001e-02 1.510216162500000e+00
3.960000000000000e-01 5.362014466000000e-01 -6.832120830000001e-02 1.510216043800000e+00
3.980000000000000e-01 5.362012216000001e-01 -6.832125770000000e-02 1.510215938200000e+00
4.000000000000000e-01 5.362009770000000e-01 -6.832125750000000e-02 1.510215881600000e+00
4.020000000000000e-01 5.362007356000000e-01 -6.832119510000000e-02 1.510215886100000e+00
4.040000000000000e-01 5.362004658000000e-01 -6.832108889999999e-02 1.510215931500000e+00
4.060000000000000e-01 5.362001176000000e-01 -6.832097860000000e-02 1.510215975800000e+00
4.080000000000000e-01 5.361996730000000e-01 -6.832090510000000e-02 1.510215976400000e+00
4.100000000000000e-01 5.361991289000000e-01 -6.832089120000000e-02 1.510215910600000e+00
4.120000000000000e-01 5.361984862000000e-01 -6.832093020000000e-02 1.510215787300000e+00
4.140000000000000e-01 5.361977463000001e-01 -6.832098900000000e-02 1.510215644500000e+00
4.160000000000000e-01 5.361969125000000e-01 -6.832102420000000e-02 1.510215530400000e+00
4.180000000000000e-01 5.361959889000000e-01 -6.832100419999999e-02 1.510215481300000e+00
4.200000000000000e-01 5.361949692000000e-01 -6.832092300000001e-02 1.510215505400000e+00
4.220000000000000e-01 5.361938278000000e-01 -6.832080240000001e-02 1.510215581100000e+00
4.240000000000000e-01 5.361925279999999e-01 -6.832068070000000e-02 1.510215668200000e+00
4.260000000000000e-01 5.361910336000000e-01 -6.832059470000000e-02 1.510215727100000e+00
4.280000000000000e-01 5.361893113000000e-01 -6.832056430000000e-02 1.510215735400000e+00
4.300000000000000e-01 5.361873312000000e-01 -6.832058489999999e-02 1.510215696200000e+00
4.320000000000000e-01 5.361850706000000e-01 -6.832062960000000e-02 1.510215634900000e+00
4.340000000000000e-01 5.361825278000000e-01 -6.832066489999999e-02 1.510215584300000e+00
4.360000000000000e-01 5.361797964000000e-01 -6.832066330000000e-02 1.510215570500000e+00
4.380000000000000e-01 5.361775947000000e-01 -6.832061570000000e-02 1.510215600300000e+00
4.400000000000000e-01 5.361768241000000e-01 -6.832054429999999e-02 1.510215648400000e+00
4.420000000000000e-01 5.361775801000001e-01 -6.832047950000000e-02 1.510215680600000e+00
4.440000000000000e-01 5.361809772000000e-01 -6.832044380000001e-02 1.510215671900000e+00
4.460000000000000e-01 5.361898621000000e-01 -6.832044560000000e-02 1.510215613900000e+00
4.480000000000000e-01 5.362094434000000e-01 -6.832047469999999e-02 1.510215519400000e+00
4.500000000000000e-01 5.362491899000000e-01 -6.832050739999999e-02 1.510215416000000e+00
4.520000000000000e-01 5.363260125000000e-01 -6.832051790000000e-02 1.510215334500000e+00
4.540000000000000e-01 5.364694822000000e-01 -6.832049090000000e-02 1.510215294800000e+00
4.560000000000000e-01 5.367301987000000e-01 -6.832042970000000e-02 1.510215297100000e+00
4.580000000000000e-01 5.371928050000000e-01 -6.832035430000000e-02 1.510215323400000e+00
4.600000000000000e-01 5.379955541000000e-01 -6.832029250000000e-02 1.510215346900000e+00
4.620000000000000e-01 5.393586202000000e-01 -6.832026670000001e-02 1.510215345500000e+00
4.640000000000000e-01 5.416232816000000e-01 -6.832028440000000e-02 1.510215311700000e+00
4.660000000000000e-01 5.453032947999999e-01 -6.832033500000000e-02 1.510215256100000e+00
4.680000000000000e-01 5.511477120000000e-01 -6.832039480000000e-02 1.510215201700000e+00
4.700000000000000e-01 5.602104085000000e-01 -6.832043770000000e-02 1.510215173700000e+00
4.720000000000000e-01 5.739150706000000e-01 -6.832044520000000e-02 1.510215188400000e+00
4.740000000000000e-01 5.940949800999999e-01 -6.832041410000000e-02 1.510215245900000e+00
4.760000000000000e-01 6.229749616000000e-01 -6.832035710000001e-02 1.510215328500000e+00
4.780000000000000e-01 6.630497322000000e-01 -6.832029660000000e-02 1.510215406500000e+00
4.800000000000000e-01 7.168012687000000e-01 -6.832025460000000e-02 1.510215448400000e+00
4.820000000000000e-01 7.861903860000000e-01 -6.832023780000000e-02 1.510215437900000e+00
4.840000000000000e-01 8.718507043000000e-01 -6.832023340000000e-02 1.510215382900000e+00
4.860000000000000e-01 9.718583830000000e-01 -6.832020730000000e-02 1.510215326800000e+00
4.880000000000000e-01 1.079389345700000e+00 -6.832013050000001e-02 1.510215320100000e+00
4.900000000000000e-01 1.176705453600000e+00 -6.832005120000000e-02 1.510215310400000e+00
4.920000000000000e-01 1.254649450100000e+00 -6.832003260000000e-02 1.510215214900000e+00
4.940000000000000e-01 1.313975872000000e+00 -6.832006270000000e-02 1.510215068800000e+00
4.960000000000000e-01 1.357234666600000e+00 -6.832008580000000e-02 1.510214981300000e+00
4.980000000000000e-01 1.387620873400000e+00 -6.832008460000000e-02 1.510214989000000e+00
5.000000000000000e-01 1.408263215900000e+00 -6.832008780000000e-02 1.510215034900000e+00
5.020000000000000e-01 1.421865082600000e+00 -6.832011730000000e-02 1.510215058300000e+00
5.040000000000000e-01 1.430579175300000e+00 -6.832016000000000e-02 1.510215050100000e+00
5.060000000000000e-01 1.436018018900000e+00 -6.832018750000000e-02 1.510215029500000e+00
5.080000000000000e-01 1.439331179700000e+00 -6.832018300000001e-02 1.510215006100000e+00
5.100000000000000e-01 1.441304462500000e+00 -6.832014790000000e-02 1.510214977500000e+00
5.120000000000000e-01 1.442455613800000e+00 -6.832009259999999e-02 1.510214944400000e+00
5.140000000000000e-01 1.443114716400000e+00 -6.832002960000000e-02 1.510214915900000e+00
5.160000000000000e-01 1.443486009100000e+00 -6.831997200000001e-02 1.510214900400000e+00
5.180000000000000e-01 1.443692444300000e+00 -6.831993209999999e-02 1.510214896700000e+00
5.200000000000000e-01 1.443806195800000e+00 -6.831991810000000e-02 1.510214898100000e+00
5.220000000000000e-01 1.443868661300000e+00 -6.831993080000000e-02 1.510214899700000e+00
5.240000000000000e-01 1.443903092800000e+00 -6.831996360000001e-02 1.510214901500000e+00
5.260000000000000e-01 1.443922304100000e+00 -6.832000530000000e-02 1.510214903200000e+00
5.280000000000000e-01 1.443933236700000e+00 -6.832004329999999e-02 1.510214898000000e+00
5.300000000000000e-01 1.443939594900000e+00 -6.832006700000000e-02 1.510214873800000e+00
5.320000000000000e-01 1.443943335300000e+00 -6.832007129999999e-02 1.510214821500000e+00
5.340000000000000e-01 1.443945497100000e+00 -6.832005910000000e-02 1.510214745300000e+00
5.360000000000000e-01 1.443946657100000e+00 -6.832003950000000e-02 1.510214662900000e+00
5.380000000000000e-01 1.443947162700000e+00 -6.832002180000001e-02 1.510214596600000e+00
5.400000000000000e-01 1.443947239100000e+00 -6.832001030000000e-02 1.510214559800000e+00
5.420000000000000e-01 1.443946975600000e+00 -6.832000370000001e-02 1.510214553700000e+00
5.440000000000000e-01 1.443946365700000e+00 -6.831999850000001e-02 1.510214570600000e+00
5.460000000000000e-01 1.443945428500000e+00 -6.831999449999999e-02 1.510214602900000e+00
5.480000000000000e-01 1.443944246600000e+00 -6.831999749999999e-02 1.510214647600000e+00
5.500000000000000e-01 1.443942946600000e+00 -6.832000940000001e-02 1.510214693900000e+00
5.520000000000000e-01 1.443941645300000e+00 -6.832002180000001e-02 1.510214714700000e+00
5.540000000000000e-01 1.443940358200000e+00 -6.832002349999999e-02 1.510214685200000e+00
5.560000000000000e-01 1.443939080500000e+00 -6.832001450000000e-02 1.510214608200000e+00
5.580000000000001e-01 1.443937839300000e+00 -6.832000730000000e-02 1.510214514400000e+00
5.600000000000001e-01 1.443936674500000e+00 -6.832001500000000e-02 1.510214438100000e+00
5.620000000000001e-01 1.443935612100000e+00 -6.832003900000000e-02 1.510214390600000e+00
5.639999999999999e-01 1.443934643800000e+00 -6.832006990000000e-02 1.510214358000000e+00
5.659999999999999e-01 1.443933741200000e+00 -6.832009760000000e-02 1.510214324600000e+00
5.679999999999999e-01 1.443932895500000e+00 -6.832012110000001e-02 1.510214293600000e+00
5.700000000000000e-01 1.443932129700000e+00 -6.832014700000000e-02 1.510214280500000e+00
5.720000000000000e-01 1.443931457600000e+00 -6.832017660000000e-02 1.510214286200000e+00
5.740000000000000e-01 1.443930864100000e+00 -6.832019890000000e-02 1.510214287000000e+00
5.760000000000000e-01 1.443930305100000e+00 -6.832019709999999e-02 1.510214256600000e+00
5.780000000000000e-01 1.443929753800000e+00 -6.832016690000001e-02 1.510214196600000e+00
5.800000000000000e-01 1.443929243500000e+00 -6.832012980000000e-02 1.510214135400000e+00
5.820000000000000e-01 1.443928810900000e+00 -6.832011970000000e-02 1.510214094600000e+00
5.840000000000000e-01 1.443928460700000e+00 -6.832015180000001e-02 1.510214069800000e+00
5.860000000000000e-01 1.443928150300000e+00 -6.832020900000001e-02 1.510214043300000e+00
5.880000000000000e-01 1.443927821200000e+00 -6.832026099999999e-02 1.510214006600000e+00
5.900000000000000e-01 1.443927472900000e+00 -6.832030150000000e-02 1.510213961700000e+00
5.920000000000000e-01 1.443927136600000e+00 -6.832035670000000e-02 1.510213907500000e+00
5.940000000000000e-01 1.443926838300000e+00 -6.832044290000000e-02 1.510213835600000e+00
5.960000000000000e-01 1.443926565500000e+00 -6.832053400000000e-02 1.510213741300000e+00
5.980000000000000e-01 1.443926284000000e+00 -6.832057790000000e-02 1.510213630500000e+00
6.000000000000000e-01 1.443925987100000e+00 -6.832055889999999e-02 1.510213505500000e+00
6.020000000000000e-01 1.443925685700000e+00 -6.832052750000001e-02 1.510213363400000e+00
6.040000000000000e-01 1.443925410900000e+00 -6.832055130000000e-02 1.510213212800000e+00
6.060000000000000e-01 1.443925190900000e+00 -6.832063870000001e-02 1.510213093800000e+00
6.080000000000000e-01 1.443925020200000e+00 -6.832073440000000e-02 1.510213039400000e+00
6.100000000000000e-01 1.443924880400000e+00 -6.832079360000000e-02 1.510213030800000e+00
6.120000000000000e-01 1.443924727400000e+00 -6.832084160000000e-02 1.510212995100000e+00
6.140000000000000e-01 1.443924547200000e+00 -6.832093850000000e-02 1.510212895300000e+00
6.160000000000000e-01 1.443924374100000e+00 -6.832108889999999e-02 1.510212777100000e+00
6.180000000000000e-01 1.443924230400000e+00 -6.832122409999999e-02 1.510212695500000e+00
6.200000000000000e-01 1.443924075600000e+00 -6.832129550000000e-02 1.510212589500000e+00
6.220000000000000e-01 1.443923818900000e+00 -6.832134170000000e-02 1.510212317500000e+00
6.240000000000000e-01 1.443923432700000e+00 -6.832144020000000e-02 1.510211838500000e+00
6.260000000000000e-01 1.443923043500000e+00 -6.832159580000000e-02 1.510211348800000e+00
6.280000000000000e-01 1.443922830700000e+00 -6.832172130000000e-02 1.510211122500000e+00
6.300000000000000e-01 1.443922824000000e+00 -6.832176050000000e-02 1.510211190200000e+00
6.320000000000000e-01 1.443922791800000e+00 -6.832182710000000e-02 1.510211183200000e+00
6.340000000000000e-01 1.443922470100000e+00 -6.832209910000001e-02 1.510210723500000e+00
6.360000000000000e-01 1.443921925200000e+00 -6.832256190000000e-02 1.510209943500000e+00
6.380000000000000e-01 1.443921624500000e+00 -6.832289890000000e-02 1.510209556300000e+00
6.400000000000000e-01 1.443921989700000e+00 -6.832274340000000e-02 1.510210158500000e+00
6.420000000000000e-01 1.443922657300000e+00 -6.832230650000000e-02 1.510211145500000e+00
6.440000000000000e-01 1.443922284600000e+00 -6.832257870000000e-02 1.510210531000000e+00
6.460000000000000e-01 1.443918590500000e+00 -6.832544920000000e-02 1.510205012900000e+00
6.480000000000000e-01 1.443913136700000e+00 -6.832974040000001e-02 1.510197024400000e+00
6.500000000000000e-01 1.443912730300000e+00 -6.832995760000000e-02 1.510196531700000e+00
6.520000000000000e-01 1.443937534600000e+00 -6.830925540000000e-02 1.510233006100000e+00
6.540000000000000e-01 1.443991465900000e+00 -6.826431490000000e-02 1.510311885200000e+00
6.560000000000000e-01 1.444017270500000e+00 -6.824282719999999e-02 1.510349353800000e+00
6.580000000000000e-01 1.443828026900000e+00 -6.840137210000000e-02 1.510071904100000e+00
6.600000000000000e-01 1.443203498700000e+00 -6.892450080000000e-02 1.509157823700000e+00
6.620000000000000e-01 1.442674193200000e+00 -6.936846169999999e-02 1.508383382200000e+00
6.640000000000000e-01 1.443803904800000e+00 -6.842191630000000e-02 1.510037554200000e+00
6.660000000000000e-01 1.450306080300000e+00 -6.297929469999999e-02 1.519571564800000e+00
6.680000000000000e-01 1.458214432400000e+00 -5.639938500000000e-02 1.531171116100000e+00
6.700000000000000e-01 1.453498780300000e+00 -6.036168180000000e-02 1.524213638200000e+00
6.720000000000000e-01 1.389942426500000e+00 -1.139763455000000e-01 1.432284207700000e+00
6.740000000000000e-01 1.254730922200000e+00 -2.352800163000000e-01 1.241465502600000e+00
6.760000000000000e-01 1.128474254900000e+00 -3.606034806000000e-01 1.068135105000000e+00
6.780000000000000e-01 1.054271063300000e+00 -4.398625302000000e-01 9.696133937000000e-01
6.800000000000000e-01 1.020800714300000e+00 -4.767649451000000e-01 9.263936087000000e-01
6.820000000000001e-01 1.007633238900000e+00 -4.914472549000000e-01 9.096426698000000e-01
6.840000000000001e-01 1.002753624600000e+00 -4.969110980000000e-01 9.034727873000000e-01
6.860000000000001e-01 1.000986671600000e+00 -4.988927253000000e-01 9.012436196000000e-01
6.879999999999999e-01 1.000352299700000e+00 -4.996045778000000e-01 9.004439504000000e-01
6.899999999999999e-01 1.000125310700000e+00 -4.998593433000000e-01 9.001578982000000e-01
6.919999999999999e-01 1.000044249000000e+00 -4.999503311000000e-01 9.000557546000000e-01
6.940000000000000e-01 1.000015381600000e+00 -4.999827343000000e-01 9.000193809000000e-01
6.960000000000000e-01 1.000005171800000e+00 -4.999941947000000e-01 9.000065165000000e-01
6.980000000000000e-01 1.000001627300000e+00 -4.999981734000000e-01 9.000020503000000e-01
7.000000000000000e-01 1.000000455700000e+00 -4.999994885000000e-01 9.000005742000000e-01
7.020000000000000e-01 1.000000109400000e+00 -4.999998772000000e-01 9.000001378000000e-01
7.040000000000000e-01 1.000000023100000e+00 -4.999999740000000e-01 9.000000291000000e-01
7.060000000000000e-01 1.000000004600000e+00 -4.999999949000000e-01 9.000000057999999e-01
7.080000000000000e-01 1.000000000900000e+00 -4.999999990000000e-01 9.000000011000000e-01
7.100000000000000e-01 1.000000000200000e+00 -4.999999998000000e-01 9.000000002000000e-01
7.120000000000000e-01 1.000000000000000e+00 -5.000000000000000e-01 9.000000000000000e-01
7.140000000000000e-01 1.000000000000000e+00 -5.000000000000000e-01 9.000000000000000e-01
7.160000000000000e-01 1.000000000000000e+00 -5.000000000000000e-01 9.000000000000000e-01
7.180000000000000e-01 1.000000000000000e+00 -5.000000000000000e-01 9.000000000000000e-01
7.200000000000000e-01 1.000000000000000e+00 -5.000000000000000e-01 9.000000000000000e-01
7.220000000000000e-01 1.000000000000000e+00 -5.000000000000000e-01 9.000000000000000e-01
7.240000000000000e-01 1.000000000000000e+00 -5.000000000000000e-01 9.000000000000000e-01
7.260000000000000e-01 1.000000000000000e+00 -5.000000000000000e-01 9.000000000000000e-01
7.280000000000000e-01 1.000000000000000e+00 -5.000000000000000e-01 9.000000000000000e-01
7.300000000000000e-01 1.000000000000000e+00 -5.000000000000000e-01 9.000000000000000e-01
7.320000000000000e-01 1.000000000000000e+00 -5.000000000000000e-01 9.000000000000000e-01
7.340000000000000e-01 1.000000000000000e+00 -5.000000000000000e-01 9.000000000000000e-01
7.360000000000000e-01 1.000000000000000e+00 -5.000000000000000e-01 9.000000000000000e-01
7.380000000000000e-01 1.000000000000000e+00 -5.000000000000000e-01 9.000000000000000e-01
7.400000000000000e-01 1.000000000000000e+00 -5.000000000000000e-01 9.000000000000000e-01
7.420000000000000e-01 1.000000000000000e+00 -5.000000000000000e-01 9.000000000000000e-01
7.440000000000000e-01 1.000000000000000e+00 -5.000000000000000e-01 9.000000000000000e-01
7.460000000000000e-01 1.000000000000000e+00 -5.000000000000000e-01 9.000000000000000e-01
7.480000000000000e-01 1.000000000000000e+00 -5.000000000000000e-01 9.000000000000000e-01
7.500000000000000e-01 1.000000000000000e+00 -5.000000000000000e-01 9.000000000000000e-01
7.520000000000000e-01 1.000000000000000e+00 -5.000000000000000e-01 9.000000000000000e-01
7.540000000000000e-01 1.000000000000000e+00 -5.000000000000000e-01 9.000000000000000e-01
7.560000000000000e-01 1.000000000000000e+00 -5.000000000000000e-01 9.000000000000000e-01
7.580000000000000e-01 1.000000000000000e+00 -5.000000000000000e-01 9.000000000000000e-01
7.600000000000000e-01 1.000000000000000e+00 -5.000000000000000e-01 9.000000000000000e-01
7.620000000000000e-01 1.000000000000000e+00 -5.000000000000000e-01 9.000000000000000e-01
7.640000000000000e-01 1.000000000000000e+00 -5.000000000000000e-01 9.000000000000000e-01
7.660000000000000e-01 1.000000000000000e+00 -5.000000000000000e-01 9.000000000000000e-01
7.680000000000000e-01 1.000000000000000e+00 -5.000000000000000e-01 9.000000000000000e-01
7.700000000000000e-01 1.000000000000000e+00 -5.000000000000000e-01 9.000000000000000e-01
7.720000000000000e-01 1.000000000000000e+00 -5.000000000000000e-01 9.000000000000000e-01
7.740000000000000e-01 1.000000000000000e+00 -5.000000000000000e-01 9.000000000000000e-01
7.760000000000000e-01 1.000000000000000e+00 -5.000000000000000e-01 9.000000000000000e-01
7.780000000000000e-01 1.000000000000000e+00 -5.000000000000000e-01 9.000000000000000e-01
7.800000000000000e-01 1.000000000000000e+00 -5.000000000000000e-01 9.000000000000000e-01
7.820000000000000e-01 1.000000000000000e+00 -5.000000000000000e-01 9.000000000000000e-01
7.840000000000000e-01 1.000000000000000e+00 -5.000000000000000e-01 9.000000000000000e-01
7.860000000000000e-01 1.000000000000000e+00 -5.000000000000000e-01 9.000000000000000e-01
7.880000000000000e-01 1.000000000000000e+00 -5.000000000000000e-01 9.000000000000000e-01
7.900000000000000e-01 1.000000000000000e+00 -5.000000000000000e-01 9.000000000000000e-01
7.920000000000000e-01 1.000000000000000e+00 -5.000000000000000e-01 9.000000000000000e-01
7.940000000000000e-01 1.000000000000000e+00 -5.000000000000000e-01 9.000000000000000e-01
7.960000000000000e-01 1.000000000000000e+00 -5.000000000000000e-01 9.000000000000000e-01
7.980000000000000e-01 1.000000000000000e+00 -5.000000000000000e-01 9.000000000000000e-01
8.000000000000000e-01 1.000000000000000e+00 -5.000000000000000e-01 9.000000000000000e-01
8.020000000000000e-01 1.000000000000000e+00 -5.000000000000000e-01 9.000000000000000e-01
8.040000000000000e-01 1.000000000000000e+00 -5.000000000000000e-01 9.000000000000000e-01
8.060000000000000e-01 1.000000000000000e+00 -5.000000000000000e-01 9.000000000000000e-01
8.080000000000001e-01 1.000000000000000e+00 -5.000000000000000e-01 9.000000000000000e-01
8.100000000000001e-01 1.000000000000000e+00 -5.000000000000000e-01 9.000000000000000e-01
8.120000000000001e-01 1.000000000000000e+00 -5.000000000000000e-01 9.000000000000000e-01
8.139999999999999e-01 1.000000000000000e+00 -5.000000000000000e-01 9.000000000000000e-01
8.159999999999999e-01 1.000000000000000e+00 -5.000000000000000e-01 9.000000000000000e-01
8.179999999999999e-01 1.000000000000000e+00 -5.000000000000000e-01 9.000000000000000e-01
8.200000000000000e-01 1.000000000000000e+00 -5.000000000000000e-01 9.000000000000000e-01
8.220000000000000e-01 1.000000000000000e+00 -5.000000000000000e-01 9.000000000000000e-01
8.240000000000000e-01 1.000000000000000e+00 -5.000000000000000e-01 9.000000000000000e-01
8.260000000000000e-01 1.000000000000000e+00 -5.000000000000000e-01 9.000000000000000e-01
8.280000000000000e-01 1.000000000000000e+00 -5.000000000000000e-01 9.000000000000000e-01
8.300000000000000e-01 1.000000000000000e+00 -5.000000000000000e-01 9.000000000000000e-01
8.320000000000000e-01 1.000000000000000e+00 -5.000000000000000e-01 9.000000000000000e-01
8.340000000000000e-01 1.000000000000000e+00 -5.000000000000000e-01 9.000000000000000e-01
8.360000000000000e-01 1.000000000000000e+00 -5.000000000000000e-01 9.000000000000000e-01
8.380000000000000e-01 1.000000000000000e+00 -5.000000000000000e-01 9.000000000000000e-01
8.400000000000000e-01 1.000000000000000e+00 -5.000000000000000e-01 9.000000000000000e-01
8.420000000000000e-01 1.000000000000000e+00 -5.000000000000000e-01 9.000000000000000e-01
8.440000000000000e-01 1.000000000000000e+00 -5.000000000000000e-01 9.000000000000000e-01
8.460000000000000e-01 1.000000000000000e+00 -5.000000000000000e-01 9.000000000000000e-01
8.480000000000000e-01 1.000000000000000e+00 -5.000000000000000e-01 9.000000000000000e-01
8.500000000000000e-01 1.000000000000000e+00 -5.000000000000000e-01 9.000000000000000e-01
8.520000000000000e-01 1.000000000000000e+00 -5.000000000000000e-01 9.000000000000000e-01
8.540000000000000e-01 1.000000000000000e+00 -5.000000000000000e-01 9.000000000000000e-01
8.560000000000000e-01 1.000000000000000e+00 -5.000000000000000e-01 9.000000000000000e-01
8.580000000000000e-01 1.000000000000000e+00 -5.000000000000000e-01 9.000000000000000e-01
8.600000000000000e-01 1.000000000000000e+00 -5.000000000000000e-01 9.000000000000000e-01
8.620000000000000e-01 1.000000000000000e+00 -5.000000000000000e-01 9.000000000000000e-01
8.640000000000000e-01 1.000000000000000e+00 -5.000000000000000e-01 9.000000000000000e-01
8.660000000000000e-01 1.000000000000000e+00 -5.000000000000000e-01 9.000000000000000e-01
8.680000000000000e-01 1.000000000000000e+00 -5.000000000000000e-01 9.000000000000000e-01
8.700000000000000e-01 1.000000000000000e+00 -5.000000000000000e-01 9.000000000000000e-01
8.720000000000000e-01 1.000000000000000e+00 -5.000000000000000e-01 9.000000000000000e-01
8.740000000000000e-01 1.000000000000000e+00 -5.000000000000000e-01 9.000000000000000e-01
8.760000000000000e-01 1.000000000000000e+00 -5.000000000000000e-01 9.000000000000000e-01
8.780000000000000e-01 1.000000000000000e+00 -5.000000000000000e-01 9.000000000000000e-01
8.800000000000000e-01 1.000000000000000e+00 -5.000000000000000e-01 9.000000000000000e-01
8.820000000000000e-01 1.000000000000000e+00 -5.000000000000000e-01 9.000000000000000e-01
8.840000000000000e-01 1.000000000000000e+00 -5.000000000000000e-01 9.000000000000000e-01
8.860000000000000e-01 1.000000000000000e+00 -5.000000000000000e-01 9.000000000000000e-01
8.880000000000000e-01 1.000000000000000e+00 -5.000000000000000e-01 9.000000000000000e-01
8.900000000000000e-01 1.000000000000000e+00 -5.000000000000000e-01 9.000000000000000e-01
8.920000000000000e-01 1.000000000000000e+00 -5.000000000000000e-01 9.000000000000000e-01
8.940000000000000e-01 1.000000000000000e+00 -5.000000000000000e-01 9.000000000000000e-01
8.960000000000000e-01 1.000000000000000e+00 -5.000000000000000e-01 9.000000000000000e-01
8.980000000000000e-01 1.000000000000000e+00 -5.000000000000000e-01 9.000000000000000e-01
9.000000000000000e-01 1.000000000000000e+00 -5.000000000000000e-01 9.000000000000000e-01
9.020000000000000e-01 1.000000000000000e+00 -5.000000000000000e-01 9.000000000000000e-01
9.040000000000000e-01 1.000000000000000e+00 -5.000000000000000e-01 9.000000000000000e-01
9.060000000000000e-01 1.000000000000000e+00 -5.000000000000000e-01 9.000000000000000e-01
9.080000000000000e-01 1.000000000000000e+00 -5.000000000000000e-01 9.000000000000000e-01
9.100000000000000e-01 1.000000000000000e+00 -5.000000000000000e-01 9.000000000000000e-01
9.120000000000000e-01 1.000000000000000e+00 -5.000000000000000e-01 9.000000000000000e-01
9.140000000000000e-01 1.000000000000000e+00 -5.000000000000000e-01 9.000000000000000e-01
9.160000000000000e-01 1.000000000000000e+00 -5.000000000000000e-01 9.000000000000000e-01
9.180000000000000e-01 1.000000000000000e+00 -5.000000000000000e-01 9.000000000000000e-01
9.200000000000000e-01 1.000000000000000e+00 -5.000000000000000e-01 9.000000000000000e-01
9.220000000000000e-01 1.000000000000000e+00 -5.000000000000000e-01 9.000000000000000e-01
9.240000000000000e-01 1.000000000000000e+00 -5.000000000000000e-01 9.000000000000000e-01
9.260000000000000e-01 1.000000000000000e+00 -5.000000000000000e-01 9.000000000000000e-01
9.280000000000000e-01 1.000000000000000e+00 -5.000000000000000e-01 9.000000000000000e-01
9.300000000000000e-01 1.000000000000000e+00 -5.000000000000000e-01 9.000000000000000e-01
9.320000000000001e-01 1.000000000000000e+00 -5.000000000000000e-01 9.000000000000000e-01
9.340000000000001e-01 1.000000000000000e+00 -5.000000000000000e-01 9.000000000000000e-01
9.360000000000001e-01 1.000000000000000e+00 -5.000000000000000e-01 9.000000000000000e-01
9.379999999999999e-01 1.000000000000000e+00 -5.000000000000000e-01 9.000000000000000e-01
9.399999999999999e-01 1.000000000000000e+00 -5.000000000000000e-01 9.000000000000000e-01
9.419999999999999e-01 1.000000000000000e+00 -5.000000000000000e-01 9.000000000000000e-01
9.440000000000000e-01 1.000000000000000e+00 -5.000000000000000e-01 9.000000000000000e-01
9.460000000000000e-01 1.000000000000000e+00 -5.000000000000000e-01 9.000000000000000e-01
9.480000000000000e-01 1.000000000000000e+00 -5.000000000000000e-01 9.000000000000000e-01
9.500000000000000e-01 1.000000000000000e+00 -5.000000000000000e-01 9.000000000000000e-01
9.520000000000000e-01 1.000000000000000e+00 -5.000000000000000e-01 9.000000000000000e-01
9.540000000000000e-01 1.000000000000000e+00 -5.000000000000000e-01 9.000000000000000e-01
9.560000000000000e-01 1.000000000000000e+00 -5.000000000000000e-01 9.000000000000000e-01
9.580000000000000e-01 1.000000000000000e+00 -5.000000000000000e-01 9.000000000000000e-01
9.600000000000000e-01 1.000000000000000e+00 -5.000000000000000e-01 9.000000000000000e-01
9.620000000000000e-01 1.000000000000000e+00 -5.000000000000000e-01 9.000000000000000e-01
9.640000000000000e-01 1.000000000000000e+00 -5.000000000000000e-01 9.000000000000000e-01
9.660000000000000e-01 1.000000000000000e+00 -5.000000000000000e-01 9.000000000000000e-01
9.680000000000000e-01 1.000000000000000e+00 -5.000000000000000e-01 9.000000000000000e-01
9.700000000000000e-01 1.000000000000000e+00 -5.000000000000000e-01 9.000000000000000e-01
9.720000000000000e-01 1.000000000000000e+00 -5.000000000000000e-01 9.000000000000000e-01
9.740000000000000e-01 1.000000000000000e+00 -5.000000000000000e-01 9.000000000000000e-01
9.760000000000000e-01 1.000000000000000e+00 -5.000000000000000e-01 9.000000000000000e-01
9.780000000000000e-01 1.000000000000000e+00 -5.000000000000000e-01 9.000000000000000e-01
9.800000000000000e-01 1.000000000000000e+00 -5.000000000000000e-01 9.000000000000000e-01
9.820000000000000e-01 1.000000000000000e+00 -5.000000000000000e-01 9.000000000000000e-01
9.840000000000000e-01 1.000000000000000e+00 -5.000000000000000e-01 9.000000000000000e-01
9.860000000000000e-01 1.000000000000000e+00 -5.000000000000000e-01 9.000000000000000e-01
9.880000000000000e-01 1.000000000000000e+00 -5.000000000000000e-01 9.000000000000000e-01
9.900000000000000e-01 1.000000000000000e+00 -5.000000000000000e-01 9.000000000000000e-01
9.920000000000000e-01 1.000000000000000e+00 -5.000000000000000e-01 9.000000000000000e-01
9.940000000000000e-01 1.000000000000000e+00 -5.000000000000000e-01 9.000000000000000e-01
9.960000000000000e-01 1.000000000000000e+00 -5.000000000000000e-01 9.000000000000000e-01
9.980000000000000e-01 1.000000000000000e+00 -5.000000000000000e-01 9.000000000000000e-01
1.000000000000000e+00 1.000000000000000e+00 -5.000000000000000e-01 9.000000000000000e-01
ZONE T="beta=0.75", AUXDATA beta="0.75", I=501, F=POINT
0.000000000000000e+00 4.000000000000000e-01 5.000000000000000e-01 1.000000000000000e+00
2.000000000000000e-03 4.000000000000000e-01 5.000000000000000e-01 1.000000000000000e+00
4.000000000000000e-03 4.000000000000000e-01 5.000000000000000e-01 1.000000000000000e+00
6.000000000000000e-03 4.000000000000000e-01 5.000000000000000e-01 1.000000000000000e+00
8.000000000000000e-03 4.000000000000000e-01 5.000000000000000e-01 1.000000000000000e+00
1.000000000000000e-02 4.000000000000000e-01 5.000000000000000e-01 1.000000000000000e+00
1.200000000000000e-02 4.000000000000000e-01 5.000000000000000e-01 1.000000000000000e+00
1.400000000000000e-02 4.000000000000000e-01 5.000000000000000e-01 1.000000000000000e+00
1.600000000000000e-02 4.000000000000000e-01 5.000000000000000e-01 1.000000000000000e+00
1.800000000000000e-02 4.000000000000000e-01 5.000000000000000e-01 1.000000000000000e+00
2.000000000000000e-02 4.000000000000000e-01 5.000000000000000e-01 1.000000000000000e+00
2.200000000000000e-02 4.000000000000000e-01 5.000000000000000e-01 1.000000000000000e+00
2.400000000000000e-02 4.000000000000000e-01 5.000000000000000e-01 1.000000000000000e+00
2.600000000000000e-02 4.000000000000000e-01 5.000000000000000e-01 1.000000000000000e+00
2.800000000000000e-02 4.000000000000000e-01 5.000000000000000e-01 1.000000000000000e+00
3.000000000000000e-02 4.000000000000000e-01 5.000000000000000e-01 1.000000000000000e+00
3.200000000000000e-02 4.000000000000000e-01 5.000000000000000e-01 1.000000000000000e+00
3.400000000000000e-02 4.000000000000000e-01 5.000000000000000e-01 1.000000000000000e+00
3.600000000000000e-02 4.000000000000000e-01 5.000000000000000e-01 1.000000000000000e+00
3.800000000000000e-02 4.000000000000000e-01 5.000000000000000e-01 1.000000000000000e+00
4.000000000000000e-02 4.000000000000000e-01 5.000000000000000e-01 1.000000000000000e+00
4.200000000000000e-02 4.000000000000000e-01 5.000000000000000e-01 1.000000000000000e+00
4.400000000000000e-02 4.000000000000000e-01 5.000000000000000e-01 1.000000000000000e+00
4.600000000000000e-02 4.000000000000000e-01 5.000000000000000e-01 1.000000000000000e+00
4.800000000000000e-02 4.000000000000000e-01 5.000000000000000e-01 1.000000000000000e+00
5.000000000000000e-02 4.000000000000000e-01 5.000000000000000e-01 1.000000000000000e+00
5.200000000000000e-02 4.000000000000000e-01 5.000000000000000e-01 1.000000000000000e+00
5.400000000000000e-02 4.000000000000000e-01 5.000000000000000e-01 1.000000000000000e+00
5.600000000000000e-02 4.000000000000000e-01 5.000000000000000e-01 1.000000000000000e+00
5.800000000000000e-02 4.000000000000000e-01 5.000000000000000e-01 1.000000000000000e+00
6.000000000000000e-02 4.000000000000000e-01 5.000000000000000e-01 1.000000000000000e+00
6.200000000000000e-02 4.000000000000000e-01 5.000000000000000e-01 1.000000000000000e+00
6.400000000000000e-02 4.000000000000000e-01 5.000000000000000e-01 1.000000000000000e+00
6.600000000000000e-02 4.000000000000000e-01 5.000000000000000e-01 1.000000000000000e+00
6.800000000000000e-02 4.000000000000000e-01 5.000000000000000e-01 1.000000000000000e+00
7.000000000000001e-02 4.000000000000000e-01 5.000000000000000e-01 1.000000000000000e+00
7.199999999999999e-02 4.000000000000000e-01 5.000000000000000e-01 1.000000000000000e+00
7.400000000000000e-02 4.000000000000000e-01 5.000000000000000e-01 1.000000000000000e+00
7.600000000000000e-02 4.000000000000000e-01 5.000000000000000e-01 1.000000000000000e+00
7.800000000000000e-02 4.000000000000000e-01 5.000000000000000e-01 1.000000000000000e+00
8.000000000000000e-02 4.000000000000000e-01 5.000000000000000e-01 1.000000000000000e+00
8.200000000000000e-02 4.000000000000000e-01 5.000000000000000e-01 1.000000000000000e+00
8.400000000000001e-02 4.000000000000000e-01 5.000000000000000e-01 1.000000000000000e+00
8.599999999999999e-02 4.000000000000000e-01 5.000000000000000e-01 1.000000000000000e+00
8.799999999999999e-02 4.000000000000000e-01 5.000000000000000e-01 1.000000000000000e+00
9.000000000000000e-02 4.000000000000000e-01 5.000000000000000e-01 1.000000000000000e+00
9.200000000000000e-02 4.000000000000000e-01 5.000000000000000e-01 1.000000000000000e+00
9.400000000000000e-02 4.000000000000000e-01 5.000000000000000e-01 1.000000000000000e+00
9.600000000000000e-02 4.000000000000000e-01 5.000000000000000e-01 1.000000000000000e+00
9.800000000000000e-02 4.000000000000000e-01 5.000000000000000e-01 1.000000000000000e+00
1.000000000000000e-01 4.000000000000000e-01 5.000000000000000e-01 1.000000000000000e+00
1.020000000000000e-01 4.000000000000000e-01 5.000000000000000e-01 1.000000000000000e+00
1.040000000000000e-01 4.000000000000000e-01 5.000000000000000e-01 1.000000000000000e+00
1.060000000000000e-01 4.000000000000000e-01 5.000000000000000e-01 1.000000000000000e+00
1.080000000000000e-01 4.000000000000000e-01 5.000000000000000e-01 1.000000000000000e+00
1.100000000000000e-01 4.000000000000000e-01 5.000000000000000e-01 1.000000000000000e+00
1.120000000000000e-01 4.000000000000000e-01 5.000000000000000e-01 1.000000000000000e+00
1.140000000000000e-01 4.000000000000000e-01 5.000000000000000e-01 1.000000000000000e+00
1.160000000000000e-01 4.000000000000000e-01 5.000000000000000e-01 1.000000000000000e+00
1.180000000000000e-01 4.000000000000000e-01 4.999999999000000e-01 1.000000000100000e+00
1.200000000000000e-01 4.000000001000000e-01 4.999999994000000e-01 1.000000000400000e+00
1.220000000000000e-01 4.000000005000000e-01 4.999999976000000e-01 1.000000001800000e+00
1.240000000000000e-01 4.000000021000000e-01 4.999999900000000e-01 1.000000007500000e+00
1.260000000000000e-01 4.000000090000000e-01 4.999999580000000e-01 1.000000031400000e+00
1.280000000000000e-01 4.000000367000000e-01 4.999998284000000e-01 1.000000128400000e+00
1.300000000000000e-01 4.000001411000000e-01 4.999993403000000e-01 1.000000493700000e+00
1.320000000000000e-01 4.000004907000000e-01 4.999977048000000e-01 1.000001717600000e+00
1.340000000000000e-01 4.000015259000000e-01 4.999928630000000e-01 1.000005340800000e+00
1.360000000000000e-01 4.000043366000000e-01 4.999797175000000e-01 1.000015178200000e+00
1.380000000000000e-01 4.000116384000000e-01 4.999455668000000e-01 1.000040734700000e+00
1.400000000000000e-01 4.000302464000000e-01 4.998585371000000e-01 1.000105865500000e+00
1.420000000000000e-01 4.000772856000000e-01 4.996385396000000e-01 1.000270520500000e+00
1.440000000000000e-01 4.001957502000000e-01 4.990845276000000e-01 1.000685258300000e+00
1.460000000000000e-01 4.004932661000000e-01 4.976933792000000e-01 1.001727269800000e+00
1.480000000000000e-01 4.012372445000000e-01 4.942159865000000e-01 1.004335614100000e+00
1.500000000000000e-01 4.030797461000000e-01 4.856125797000000e-01 1.010811515800000e+00
1.520000000000000e-01 4.075379305000000e-01 4.648490248000000e-01 1.026574011600000e+00
1.540000000000000e-01 4.177552162000000e-01 4.176047175000000e-01 1.063158706700000e+00
1.560000000000000e-01 4.385960658000000e-01 3.232416830000000e-01 1.139406067000000e+00
1.580000000000000e-01 4.726554199000000e-01 1.767081963000000e-01 1.267121741900000e+00
1.600000000000000e-01 5.107895445000000e-01 2.564613290000000e-02 1.412422693500000e+00
1.620000000000000e-01 5.344411191000000e-01 -6.186441700000000e-02 1.503400046500000e+00
1.640000000000000e-01 5.405691251000000e-01 -8.417846490000000e-02 1.527254896900000e+00
1.660000000000000e-01 5.397531284000000e-01 -8.118557090000000e-02 1.524031340100000e+00
1.680000000000000e-01 5.376546236000000e-01 -7.345043950000001e-02 1.515747563500000e+00
1.700000000000000e-01 5.362147088000000e-01 -6.811637600000001e-02 1.510061275400000e+00
1.720000000000000e-01 5.359084132000000e-01 -6.698161950000001e-02 1.508853632300000e+00
1.740000000000000e-01 5.360055943000001e-01 -6.734153940000000e-02 1.509237140700000e+00
1.760000000000000e-01 5.361708787000000e-01 -6.795249780000000e-02 1.509888238800000e+00
1.780000000000000e-01 5.362685236000000e-01 -6.831272410000000e-02 1.510272422400000e+00
1.800000000000000e-01 5.362844709000000e-01 -6.837175990000000e-02 1.510335474100000e+00
1.820000000000000e-01 5.362749270000000e-01 -6.833712300000000e-02 1.510298365700000e+00
1.840000000000000e-01 5.362622938000000e-01 -6.829109960000000e-02 1.510248822300000e+00
1.860000000000000e-01 5.362565397000000e-01 -6.827020170000000e-02 1.510225921100000e+00
1.880000000000000e-01 5.362565348000000e-01 -6.827044570000000e-02 1.510225720100000e+00
1.900000000000000e-01 5.362583900000000e-01 -6.827738940000000e-02 1.510233010000000e+00
1.920000000000000e-01 5.362603068000000e-01 -6.828413160000001e-02 1.510240570000000e+00
1.940000000000000e-01 5.362612542000000e-01 -6.828682000000000e-02 1.510244151300000e+00
1.960000000000000e-01 5.362614639000000e-01 -6.828679490000000e-02 1.510244815000000e+00
1.980000000000000e-01 5.362614845000000e-01 -6.828653200000000e-02 1.510244907500000e+00
2.000000000000000e-01 5.362616490000000e-01 -6.828740620000000e-02 1.510245726400000e+00
2.020000000000000e-01 5.362620325000000e-01 -6.828936400000001e-02 1.510247330500000e+00
2.040000000000000e-01 5.362624736000000e-01 -6.829151490000000e-02 1.510248995700000e+00
2.060000000000000e-01 5.362627915000000e-01 -6.829305550000001e-02 1.510250131300000e+00
2.080000000000000e-01 5.362629801000000e-01 -6.829388670000000e-02 1.510250822900000e+00
2.100000000000000e-01 5.362631800000000e-01 -6.829440520000001e-02 1.510251552400000e+00
2.120000000000000e-01 5.362634863000000e-01 -6.829499479999999e-02 1.510252620800000e+00
2.140000000000000e-01 5.362638453000000e-01 -6.829574839999999e-02 1.510253925200000e+00
2.160000000000000e-01 5.362641419000000e-01 -6.829656390000000e-02 1.510255135900000e+00
2.180000000000000e-01 5.362643322000000e-01 -6.829736330000000e-02 1.510256022300000e+00
2.200000000000000e-01 5.362644694000001e-01 -6.829818370000000e-02 1.510256595100000e+00
2.220000000000000e-01 5.362646059000000e-01 -6.829908120000000e-02 1.510257032400000e+00
2.240000000000000e-01 5.362647565000001e-01 -6.830000230000000e-02 1.510257515200000e+00
2.260000000000000e-01 5.362649249000000e-01 -6.830078990000001e-02 1.510258125000000e+00
2.280000000000000e-01 5.362651317000000e-01 -6.830131820000000e-02 1.510258856600000e+00
2.300000000000000e-01 5.362653730000000e-01 -6.830160310000000e-02 1.510259664800000e+00
2.320000000000000e-01 5.362655985000000e-01 -6.830179650000000e-02 1.510260479800000e+00
2.340000000000000e-01 5.362657706000000e-01 -6.830206649999999e-02 1.510261219300000e+00
2.360000000000000e-01 5.362658926000000e-01 -6.830250420000000e-02 1.510261803400000e+00
2.380000000000000e-01 5.362659954000000e-01 -6.830309820000000e-02 1.510262186300000e+00
2.400000000000000e-01 5.362660820000000e-01 -6.830375940000000e-02 1.510262400900000e+00
2.420000000000000e-01 5.362661474000000e-01 -6.830438360000000e-02 1.510262554400000e+00
2.440000000000000e-01 5.362662190000000e-01 -6.830489100000001e-02 1.510262774700000e+00
2.460000000000000e-01 5.362663395000000e-01 -6.830524590000001e-02 1.510263142500000e+00
2.480000000000000e-01 5.362665052000000e-01 -6.830545759999999e-02 1.510263657100000e+00
2.500000000000000e-01 5.362666641000000e-01 -6.830558460000000e-02 1.510264240500000e+00
2.520000000000000e-01 5.362667842000000e-01 -6.830571570000001e-02 1.510264781500000e+00
2.540000000000000e-01 5.362668718000000e-01 -6.830593729999999e-02 1.510265186800000e+00
2.560000000000000e-01 5.362669480000000e-01 -6.830629700000000e-02 1.510265416100000e+00
2.580000000000000e-01 5.362670065000000e-01 -6.830677060000000e-02 1.510265505300000e+00
2.600000000000000e-01 5.362670433000000e-01 -6.830726750000000e-02 1.510265551200000e+00
2.620000000000000e-01 5.362670920000000e-01 -6.830767600000000e-02 1.510265666400000e+00
2.640000000000000e-01 5.362671898000000e-01 -6.830792160000000e-02 1.510265925200000e+00
2.660000000000000e-01 5.362673256000000e-01 -6.830799770000000e-02 1.510266333700000e+00
2.680000000000000e-01 5.362674540000000e-01 -6.830797290000000e-02 1.510266821800000e+00
2.700000000000000e-01 5.362675553000000e-01 -6.830794990000000e-02 1.510267282300000e+00
2.720000000000000e-01 5.362676376000000e-01 -6.830801920000000e-02 1.510267619100000e+00
2.740000000000000e-01 5.362677075000000e-01 -6.830822630000000e-02 1.510267783200000e+00
2.760000000000000e-01 5.362677484000000e-01 -6.830855190000000e-02 1.510267794900000e+00
2.780000000000000e-01 5.362677571000000e-01 -6.830892410000000e-02 1.510267732200000e+00
2.800000000000000e-01 5.362677719000000e-01 -6.830924950000000e-02 1.510267695900000e+00
2.820000000000000e-01 5.362678252000000e-01 -6.830945530000000e-02 1.510267765600000e+00
2.840000000000000e-01 5.362679051000000e-01 -6.830951470000000e-02 1.510267971300000e+00
2.860000000000000e-01 5.362679828000000e-01 -6.830946450000000e-02 1.510268276200000e+00
2.880000000000000e-01 5.362680528000000e-01 -6.830938609999999e-02 1.510268596100000e+00
2.900000000000000e-01 5.362681231999999e-01 -6.830937090000000e-02 1.510268836600000e+00
2.920000000000000e-01 5.362681842000000e-01 -6.830947960000000e-02 1.510268935200000e+00
2.940000000000000e-01 5.362682119000000e-01 -6.830971190000000e-02 1.510268894000000e+00
2.960000000000000e-01 5.362682082000000e-01 -6.831000600000001e-02 1.510268779300000e+00
2.980000000000000e-01 5.362682145000000e-01 -6.831026810000000e-02 1.510268691100000e+00
3.000000000000000e-01 5.362682571000000e-01 -6.831041940000000e-02 1.510268713300000e+00
3.020000000000000e-01 5.362683221000000e-01 -6.831042649999999e-02 1.510268880900000e+00
3.040000000000000e-01 5.362683914000000e-01 -6.831031940000000e-02 1.510269161700000e+00
3.060000000000000e-01 5.362684661000000e-01 -6.831017430000000e-02 1.510269473800000e+00
3.080000000000000e-01 5.362685500000000e-01 -6.831007900000000e-02 1.510269723000000e+00
3.100000000000000e-01 5.362686209999999e-01 -6.831009730000000e-02 1.510269840900000e+00
3.120000000000000e-01 5.362686516000000e-01 -6.831024120000000e-02 1.510269814100000e+00
3.140000000000000e-01 5.362686460000000e-01 -6.831046850000000e-02 1.510269687300000e+00
3.160000000000000e-01 5.362686423000000e-01 -6.831069989999999e-02 1.510269544600000e+00
3.180000000000000e-01 5.362686591000000e-01 -6.831085600000000e-02 1.510269470700000e+00
3.200000000000000e-01 5.362686876000000e-01 -6.831088870000000e-02 1.510269517300000e+00
3.220000000000000e-01 5.362687255000000e-01 -6.831080510000000e-02 1.510269677900000e+00
3.240000000000000e-01 5.362687829000000e-01 -6.831066370000000e-02 1.510269891400000e+00
3.260000000000000e-01 5.362688575000000e-01 -6.831054780000000e-02 1.510270071200000e+00
3.280000000000000e-01 5.362689190000000e-01 -6.831052730000001e-02 1.510270144600000e+00
3.300000000000000e-01 5.362689395000000e-01 -6.831062520000000e-02 1.510270089000000e+00
3.320000000000000e-01 5.362689286000000e-01 -6.831080900000000e-02 1.510269940200000e+00
3.340000000000000e-01 5.362689198000000e-01 -6.831100590000000e-02 1.510269776900000e+00
3.360000000000000e-01 5.362689257000000e-01 -6.831113760000000e-02 1.510269683300000e+00
3.380000000000000e-01 5.362689421000000e-01 -6.831115270000000e-02 1.510269714300000e+00
3.400000000000000e-01 5.362689765000000e-01 -6.831105110000001e-02 1.510269869700000e+00
3.420000000000000e-01 5.362690412000000e-01 -6.831088160000000e-02 1.510270096700000e+00
3.440000000000000e-01 5.362691264000000e-01 -6.831072130000000e-02 1.510270312200000e+00
3.460000000000000e-01 5.362691957000000e-01 -6.831064180000000e-02 1.510270438800000e+00
3.480000000000000e-01 5.362692214000000e-01 -6.831067750000000e-02 1.510270438600000e+00
3.500000000000000e-01 5.362692122000000e-01 -6.831081360000001e-02 1.510270326500000e+00
3.520000000000000e-01 5.362691928000000e-01 -6.831099190000001e-02 1.510270163600000e+00
3.540000000000000e-01 5.362691707000000e-01 -6.831113610000000e-02 1.510270030600000e+00
3.560000000000000e-01 5.362691502000000e-01 -6.831118579999999e-02 1.510269991700000e+00
3.580000000000000e-01 5.362691493000000e-01 -6.831112459999999e-02 1.510270064500000e+00
3.600000000000000e-01 5.362691818000000e-01 -6.831098610000000e-02 1.510270214200000e+00
3.620000000000000e-01 5.362692326000000e-01 -6.831083850000000e-02 1.510270369000000e+00
3.640000000000000e-01 5.362692635000000e-01 -6.831075280000000e-02 1.510270455000000e+00
3.660000000000000e-01 5.362692499000000e-01 -6.831076880000000e-02 1.510270431200000e+00
3.680000000000000e-01 5.362692010000000e-01 -6.831088080000000e-02 1.510270305200000e+00
3.700000000000000e-01 5.362691331000000e-01 -6.831103950000000e-02 1.510270131200000e+00
3.720000000000000e-01 5.362690521000000e-01 -6.831117350000000e-02 1.510269986400000e+00
3.740000000000000e-01 5.362689707000000e-01 -6.831122140000000e-02 1.510269936900000e+00
3.760000000000000e-01 5.362689090000000e-01 -6.831116070000000e-02 1.510270007100000e+00
3.780000000000000e-01 5.362688770000000e-01 -6.831101510000000e-02 1.510270171200000e+00
3.800000000000000e-01 5.362688549000000e-01 -6.831084470000000e-02 1.510270364400000e+00
3.820000000000000e-01 5.362688018000000e-01 -6.831071910000000e-02 1.510270511300000e+00
3.840000000000000e-01 5.362686946000000e-01 -6.831068660000000e-02 1.510270558900000e+00
3.860000000000000e-01 5.362685332000000e-01 -6.831075680000000e-02 1.510270495300000e+00
3.880000000000000e-01 5.362683224000000e-01 -6.831089440000000e-02 1.510270356500000e+00
3.900000000000000e-01 5.362680721999999e-01 -6.831103390000000e-02 1.510270210900000e+00
3.920000000000000e-01 5.362677996000000e-01 -6.831110999999999e-02 1.510270127100000e+00
3.940000000000000e-01 5.362675191000000e-01 -6.831108869999999e-02 1.510270141000000e+00
3.960000000000000e-01 5.362672303000000e-01 -6.831098120000000e-02 1.510270240600000e+00
3.980000000000000e-01 5.362669114000000e-01 -6.831083680000000e-02 1.510270374400000e+00
4.000000000000000e-01 5.362665298000000e-01 -6.831071940000000e-02 1.510270475500000e+00
4.020000000000000e-01 5.362660616000000e-01 -6.831067959999999e-02 1.510270491600000e+00
4.040000000000000e-01 5.362654948000000e-01 -6.831073360000001e-02 1.510270407400000e+00
4.060000000000000e-01 5.362648280000000e-01 -6.831085460000000e-02 1.510270253400000e+00
4.080000000000000e-01 5.362640688000000e-01 -6.831098480000000e-02 1.510270093000000e+00
4.100000000000000e-01 5.362632265000000e-01 -6.831106190000000e-02 1.510269994200000e+00
4.120000000000000e-01 5.362623037000001e-01 -6.831104780000000e-02 1.510269998300000e+00
4.140000000000000e-01 5.362612883000000e-01 -6.831094490000000e-02 1.510270103600000e+00
4.160000000000000e-01 5.362601533000000e-01 -6.831079340000000e-02 1.510270266800000e+00
4.180000000000000e-01 5.362588625000000e-01 -6.831065359999999e-02 1.510270422800000e+00
4.200000000000000e-01 5.362573791000000e-01 -6.831058020000000e-02 1.510270512100000e+00
4.220000000000000e-01 5.362556734000000e-01 -6.831059859999999e-02 1.510270505600000e+00
4.240000000000000e-01 5.362537256000000e-01 -6.831069460000000e-02 1.510270416100000e+00
4.260000000000000e-01 5.362515286000000e-01 -6.831081940000000e-02 1.510270293400000e+00
4.280000000000000e-01 5.362490983000000e-01 -6.831091590000000e-02 1.510270196000000e+00
4.300000000000000e-01 5.362465864000000e-01 -6.831093680000000e-02 1.510270172800000e+00
4.320000000000000e-01 5.362447758000000e-01 -6.831087080000001e-02 1.510270235000000e+00
4.340000000000000e-01 5.362441568000000e-01 -6.831075880000000e-02 1.510270338900000e+00
4.360000000000000e-01 5.362447350000000e-01 -6.831065309999999e-02 1.510270428400000e+00
4.380000000000000e-01 5.362472324999999e-01 -6.831059280000000e-02 1.510270462700000e+00
4.400000000000000e-01 5.362534342000000e-01 -6.831059570000000e-02 1.510270424600000e+00
4.420000000000000e-01 5.362663996000000e-01 -6.831065290000000e-02 1.510270326200000e+00
4.440000000000000e-01 5.362913274000000e-01 -6.831073240000000e-02 1.510270204300000e+00
4.460000000000000e-01 5.363369446000000e-01 -6.831079399999999e-02 1.510270104500000e+00
4.480000000000000e-01 5.364176681000000e-01 -6.831080639999999e-02 1.510270062800000e+00
4.500000000000000e-01 5.365569259000000e-01 -6.831076010000001e-02 1.510270091200000e+00
4.520000000000000e-01 5.367921526000000e-01 -6.831067110000000e-02 1.510270174600000e+00
4.540000000000000e-01 5.371821198000000e-01 -6.831057250000000e-02 1.510270278100000e+00
4.560000000000000e-01 5.378174053000000e-01 -6.831050020000000e-02 1.510270363100000e+00
4.580000000000000e-01 5.388349069000000e-01 -6.831047810000000e-02 1.510270403100000e+00
4.600000000000000e-01 5.404372922000000e-01 -6.831050840000000e-02 1.510270393300000e+00
4.620000000000000e-01 5.429180457000000e-01 -6.831057250000000e-02 1.510270350500000e+00
4.640000000000000e-01 5.466921789000000e-01 -6.831063950000001e-02 1.510270304300000e+00
4.660000000000000e-01 5.523315467000000e-01 -6.831067950000000e-02 1.510270283100000e+00
4.680000000000000e-01 5.606018540000000e-01 -6.831067620000000e-02 1.510270301500000e+00
4.700000000000000e-01 5.724957117000000e-01 -6.831063320000000e-02 1.510270353400000e+00
4.720000000000000e-01 5.892524379000000e-01 -6.831057150000000e-02 1.510270414600000e+00
4.740000000000000e-01 6.123508572000000e-01 -6.831052030000000e-02 1.510270451600000e+00
4.760000000000000e-01 6.434565535000000e-01 -6.831050310000000e-02 1.510270436700000e+00
4.780000000000000e-01 6.843006033000000e-01 -6.831052550000000e-02 1.510270361600000e+00
4.800000000000000e-01 7.364635336000001e-01 -6.831056830000000e-02 1.510270248200000e+00
4.820000000000000e-01 8.010358478000000e-01 -6.831059339999999e-02 1.510270146200000e+00
4.840000000000000e-01 8.781192347000000e-01 -6.831056710000000e-02 1.510270109100000e+00
4.860000000000000e-01 9.660843349000000e-01 -6.831047960000000e-02 1.510270167400000e+00
4.880000000000000e-01 1.060094244000000e+00 -6.831037719999999e-02 1.510270273800000e+00
4.900000000000000e-01 1.147272141900000e+00 -6.831034270000000e-02 1.510270312100000e+00
4.920000000000000e-01 1.220604918900000e+00 -6.831038220000001e-02 1.510270265900000e+00
4.940000000000000e-01 1.279801822800000e+00 -6.831042380000001e-02 1.510270241800000e+00
4.960000000000000e-01 1.325968905100000e+00 -6.831042050000000e-02 1.510270306600000e+00
4.980000000000000e-01 1.360906705200000e+00 -6.831039799999999e-02 1.510270400900000e+00
5.000000000000000e-01 1.386643808400000e+00 -6.831039910000000e-02 1.510270432400000e+00
5.020000000000000e-01 1.405142766900000e+00 -6.831042380000001e-02 1.510270385700000e+00
5.040000000000000e-01 1.418140341000000e+00 -6.831043820000000e-02 1.510270315100000e+00
5.060000000000000e-01 1.427080941900000e+00 -6.831041979999999e-02 1.510270268700000e+00
5.080000000000000e-01 1.433109678300000e+00 -6.831037680000000e-02 1.510270250900000e+00
5.100000000000000e-01 1.437099401700000e+00 -6.831033130000000e-02 1.510270245000000e+00
5.120000000000000e-01 1.439693461700000e+00 -6.831029730000000e-02 1.510270245400000e+00
5.140000000000000e-01 1.441352236100000e+00 -6.831027650000000e-02 1.510270260000000e+00
5.160000000000000e-01 1.442396527700000e+00 -6.831026660000000e-02 1.510270294200000e+00
5.180000000000000e-01 1.443044524200000e+00 -6.831026740000000e-02 1.510270340200000e+00
5.200000000000000e-01 1.443441345700000e+00 -6.831027880000000e-02 1.510270382000000e+00
5.220000000000000e-01 1.443681538200000e+00 -6.831029620000000e-02 1.510270406300000e+00
5.240000000000000e-01 1.443825525100000e+00 -6.831031070000000e-02 1.510270408600000e+00
5.260000000000000e-01 1.443911235200000e+00 -6.831031340000000e-02 1.510270391700000e+00
5.280000000000000e-01 1.443962082900000e+00 -6.831030019999999e-02 1.510270363300000e+00
5.300000000000000e-01 1.443992300900000e+00 -6.831027410000000e-02 1.510270333700000e+00
5.320000000000000e-01 1.444010420100000e+00 -6.831024250000001e-02 1.510270313300000e+00
5.340000000000000e-01 1.444021488600000e+00 -6.831021320000000e-02 1.510270309300000e+00
5.360000000000000e-01 1.444028459300000e+00 -6.831019130000000e-02 1.510270322700000e+00
5.380000000000000e-01 1.444033041600000e+00 -6.831017890000000e-02 1.510270348500000e+00
5.400000000000000e-01 1.444036214900000e+00 -6.831017670000000e-02 1.510270379400000e+00
5.420000000000000e-01 1.444038530100000e+00 -6.831018429999999e-02 1.510270409600000e+00
5.440000000000000e-01 1.444040285200000e+00 -6.831019900000000e-02 1.510270433700000e+00
5.460000000000000e-01 1.444041636000000e+00 -6.831021310000000e-02 1.510270443900000e+00
5.480000000000000e-01 1.444042669800000e+00 -6.831021740000000e-02 1.510270433100000e+00
5.500000000000000e-01 1.444043448500000e+00 -6.831020710000001e-02 1.510270402600000e+00
5.520000000000000e-01 1.444044027200000e+00 -6.831018620000000e-02 1.510270366500000e+00
5.540000000000000e-01 1.444044455900000e+00 -6.831016460000000e-02 1.510270344500000e+00
5.560000000000000e-01 1.444044772900000e+00 -6.831015030000000e-02 1.510270348600000e+00
5.580000000000001e-01 1.444044999900000e+00 -6.831014460000000e-02 1.510270373800000e+00
5.600000000000001e-01 1.444045146500000e+00 -6.831014330000000e-02 1.510270403500000e+00
5.620000000000001e-01 1.444045221100000e+00 -6.831014410000000e-02 1.510270424600000e+00
5.639999999999999e-01 1.444045237700000e+00 -6.831015020000000e-02 1.510270436700000e+00
5.659999999999999e-01 1.444045212100000e+00 -6.831016510000000e-02 1.510270444000000e+00
5.679999999999999e-01 1.444045157300000e+00 -6.831018379999999e-02 1.510270441500000e+00
5.700000000000000e-01 1.444045082300000e+00 -6.831019350000000e-02 1.510270414200000e+00
5.720000000000000e-01 1.444044984000000e+00 -6.831018580000001e-02 1.510270357000000e+00
5.740000000000000e-01 1.444044857700000e+00 -6.831016700000000e-02 1.510270288800000e+00
5.760000000000000e-01 1.444044726700000e+00 -6.831015330000000e-02 1.510270242100000e+00
5.780000000000000e-01 1.444044626800000e+00 -6.831015740000000e-02 1.510270237300000e+00
5.800000000000000e-01 1.444044573600000e+00 -6.831017740000001e-02 1.510270263400000e+00
5.820000000000000e-01 1.444044536600000e+00 -6.831020250000000e-02 1.510270291800000e+00
5.840000000000000e-01 1.444044465800000e+00 -6.831022510000000e-02 1.510270300900000e+00
5.860000000000000e-01 1.444044353900000e+00 -6.831024970000001e-02 1.510270292900000e+00
5.880000000000000e-01 1.444044219900000e+00 -6.831028470000000e-02 1.510270276700000e+00
5.900000000000000e-01 1.444044086800000e+00 -6.831032830000000e-02 1.510270244000000e+00
5.920000000000000e-01 1.444043949500000e+00 -6.831036390000000e-02 1.510270171200000e+00
5.940000000000000e-01 1.444043783200000e+00 -6.831037460000000e-02 1.510270050200000e+00
5.960000000000000e-01 1.444043590000000e+00 -6.831036450000000e-02 1.510269907300000e+00
5.980000000000000e-01 1.444043403600000e+00 -6.831036130000000e-02 1.510269785000000e+00
6.000000000000000e-01 1.444043260300000e+00 -6.831039450000000e-02 1.510269707700000e+00
6.020000000000000e-01 1.444043162200000e+00 -6.831046550000000e-02 1.510269666400000e+00
6.040000000000000e-01 1.444043079100000e+00 -6.831054759999999e-02 1.510269637300000e+00
6.060000000000000e-01 1.444042988600000e+00 -6.831061800000000e-02 1.510269600700000e+00
6.080000000000000e-01 1.444042882200000e+00 -6.831068799999999e-02 1.510269545000000e+00
6.100000000000000e-01 1.444042761700000e+00 -6.831078940000000e-02 1.510269459300000e+00
6.120000000000000e-01 1.444042623200000e+00 -6.831092630000000e-02 1.510269329400000e+00
6.140000000000000e-01 1.444042453900000e+00 -6.831105320000000e-02 1.510269149200000e+00
6.160000000000000e-01 1.444042250300000e+00 -6.831112320000000e-02 1.510268916700000e+00
6.180000000000000e-01 1.444042012800000e+00 -6.831115250000000e-02 1.510268627500000e+00
6.200000000000000e-01 1.444041751400000e+00 -6.831120979999999e-02 1.510268292300000e+00
6.220000000000000e-01 1.444041496500000e+00 -6.831134620000000e-02 1.510267960500000e+00
6.240000000000000e-01 1.444041285200000e+00 -6.831153460000000e-02 1.510267698000000e+00
6.260000000000000e-01 1.444041129900000e+00 -6.831170840000000e-02 1.510267518300000e+00
6.280000000000000e-01 1.444040978200000e+00 -6.831186570000000e-02 1.510267323500000e+00
6.300000000000000e-01 1.444040748600000e+00 -6.831208240000000e-02 1.510266993400000e+00
6.320000000000000e-01 1.444040425200000e+00 -6.831241770000000e-02 1.510266521000000e+00
6.340000000000000e-01 1.444040095200000e+00 -6.831280030000000e-02 1.510266061900000e+00
6.360000000000000e-01 1.444039853100000e+00 -6.831308220000000e-02 1.510265745700000e+00
6.380000000000000e-01 1.444039621300000e+00 -6.831325000000001e-02 1.510265419400000e+00
6.400000000000000e-01 1.444039203800000e+00 -6.831346380000000e-02 1.510264776600000e+00
6.420000000000000e-01 1.444038455500000e+00 -6.831391510000000e-02 1.510263628900000e+00
6.440000000000000e-01 1.444037624400000e+00 -6.831450999999999e-02 1.510262403800000e+00
6.460000000000000e-01 1.444037176400000e+00 -6.831489609999999e-02 1.510261792000000e+00
6.480000000000000e-01 1.444037443500000e+00 -6.831473100000000e-02 1.510262246000000e+00
6.500000000000000e-01 1.444037915100000e+00 -6.831436439999999e-02 1.510262927600000e+00
6.520000000000000e-01 1.444036922100000e+00 -6.831518809999999e-02 1.510261384200000e+00
6.540000000000000e-01 1.444028766800000e+00 -6.832202620000000e-02 1.510249306000000e+00
6.560000000000000e-01 1.444006089800000e+00 -6.834109219999999e-02 1.510216142200000e+00
6.580000000000000e-01 1.443986227000000e+00 -6.835794550000000e-02 1.510187233700000e+00
6.600000000000000e-01 1.444013279100000e+00 -6.833542330000000e-02 1.510227069100000e+00
6.620000000000000e-01 1.444322116800000e+00 -6.807649590000001e-02 1.510679480400000e+00
6.640000000000000e-01 1.445425740400000e+00 -6.715166480000000e-02 1.512295616800000e+00
6.660000000000000e-01 1.446660095200000e+00 -6.611847699999999e-02 1.514102832800000e+00
6.680000000000000e-01 1.446143224900000e+00 -6.655176560000001e-02 1.513345925600000e+00
6.700000000000000e-01 1.433542512700000e+00 -7.714732970000000e-02 1.494926533100000e+00
6.720000000000000e-01 1.377164521200000e+00 -1.253687590000000e-01 1.413430505300000e+00
6.740000000000000e-01 1.262131053000000e+00 -2.288279782000000e-01 1.251161442000000e+00
6.760000000000000e-01 1.146725184700000e+00 -3.419541998000000e-01 1.092562351700000e+00
6.780000000000000e-01 1.070674110200000e+00 -4.220879166000000e-01 9.910303944000000e-01
6.800000000000000e-01 1.031121136200000e+00 -4.653324165000000e-01 9.396129189000000e-01
6.820000000000001e-01 1.013089083300000e+00 -4.853545803000000e-01 9.165636166000000e-01
6.840000000000001e-01 1.005390945600000e+00 -4.939566923000000e-01 9.068047044000001e-01
6.860000000000001e-01 1.002200168000000e+00 -4.975316543000000e-01 9.027742300000000e-01
6.879999999999999e-01 1.000894110700000e+00 -4.989965839000000e-01 9.011269130000000e-01
6.899999999999999e-01 1.000362325100000e+00 -4.995933273000000e-01 9.004565844000000e-01
6.919999999999999e-01 1.000146320800000e+00 -4.998357612000000e-01 9.001843732000000e-01
6.940000000000000e-01 1.000058725100000e+00 -4.999340821000000e-01 9.000739951000000e-01
6.960000000000000e-01 1.000023282100000e+00 -4.999738660000000e-01 9.000293357000000e-01
6.980000000000000e-01 1.000009009900000e+00 -4.999898865000000e-01 9.000113525000000e-01
7.000000000000000e-01 1.000003328400000e+00 -4.999962638000000e-01 9.000041939000000e-01
7.020000000000000e-01 1.000001129300000e+00 -4.999987324000000e-01 9.000014229000000e-01
7.040000000000000e-01 1.000000333000000e+00 -4.999996263000000e-01 9.000004195000000e-01
7.060000000000000e-01 1.000000082200000e+00 -4.999999078000000e-01 9.000001035000000e-01
7.080000000000000e-01 1.000000017600000e+00 -4.999999803000000e-01 9.000000221000000e-01
7.100000000000000e-01 1.000000003500000e+00 -4.999999961000000e-01 9.000000044000001e-01
7.120000000000000e-01 1.000000000700000e+00 -4.999999992000000e-01 9.000000009000000e-01
7.140000000000000e-01 1.000000000100000e+00 -4.999999999000000e-01 9.000000002000000e-01
7.160000000000000e-01 1.000000000000000e+00 -5.000000000000000e-01 9.000000000000000e-01
7.180000000000000e-01 1.000000000000000e+00 -5.000000000000000e-01 9.000000000000000e-01
7.200000000000000e-01 1.000000000000000e+00 -5.000000000000000e-01 9.000000000000000e-01
7.220000000000000e-01 1.000000000000000e+00 -5.000000000000000e-01 9.000000000000000e-01
7.240000000000000e-01 1.000000000000000e+00 -5.000000000000000e-01 9.000000000000000e-01
7.260000000000000e-01 1.000000000000000e+00 -5.000000000000000e-01 9.000000000000000e-01
7.280000000000000e-01 1.000000000000000e+00 -5.000000000000000e-01 9.000000000000000e-01
7.300000000000000e-01 1.000000000000000e+00 -5.000000000000000e-01 9.000000000000000e-01
7.320000000000000e-01 1.000000000000000e+00 -5.000000000000000e-01 9.000000000000000e-01
7.340000000000000e-01 1.000000000000000e+00 -5.000000000000000e-01 9.000000000000000e-01
7.360000000000000e-01 1.000000000000000e+00 -5.000000000000000e-01 9.000000000000000e-01
7.380000000000000e-01 1.000000000000000e+00 -5.000000000000000e-01 9.000000000000000e-01
7.400000000000000e-01 1.000000000000000e+00 -5.000000000000000e-01 9.000000000000000e-01
7.420000000000000e-01 1.000000000000000e+00 -5.000000000000000e-01 9.000000000000000e-01
7.440000000000000e-01 1.000000000000000e+00 -5.000000000000000e-01 9.000000000000000e-01
7.460000000000000e-01 1.000000000000000e+00 -5.000000000000000e-01 9.000000000000000e-01
7.480000000000000e-01 1.000000000000000e+00 -5.000000000000000e-01 9.000000000000000e-01
7.500000000000000e-01 1.000000000000000e+00 -5.000000000000000e-01 9.000000000000000e-01
7.520000000000000e-01 1.000000000000000e+00 -5.000000000000000e-01 9.000000000000000e-01
7.540000000000000e-01 1.000000000000000e+00 -5.000000000000000e-01 9.000000000000000e-01
7.560000000000000e-01 1.000000000000000e+00 -5.000000000000000e-01 9.000000000000000e-01
7.580000000000000e-01 1.000000000000000e+00 -5.000000000000000e-01 9.000000000000000e-01
7.600000000000000e-01 1.000000000000000e+00 -5.000000000000000e-01 9.000000000000000e-01
7.620000000000000e-01 1.000000000000000e+00 -5.000000000000000e-01 9.000000000000000e-01
7.640000000000000e-01 1.000000000000000e+00 -5.000000000000000e-01 9.000000000000000e-01
7.660000000000000e-01 1.000000000000000e+00 -5.000000000000000e-01 9.000000000000000e-01
7.680000000000000e-01 1.000000000000000e+00 -5.000000000000000e-01 9.000000000000000e-01
7.700000000000000e-01 1.000000000000000e+00 -5.000000000000000e-01 9.000000000000000e-01
7.720000000000000e-01 1.000000000000000e+00 -5.000000000000000e-01 9.000000000000000e-01
7.740000000000000e-01 1.000000000000000e+00 -5.000000000000000e-01 9.000000000000000e-01
7.760000000000000e-01 1.000000000000000e+00 -5.000000000000000e-01 9.000000000000000e-01
7.780000000000000e-01 1.000000000000000e+00 -5.000000000000000e-01 9.000000000000000e-01
7.800000000000000e-01 1.000000000000000e+00 -5.000000000000000e-01 9.000000000000000e-01
7.820000000000000e-01 1.000000000000000e+00 -5.000000000000000e-01 9.000000000000000e-01
7.840000000000000e-01 1.000000000000000e+00 -5.000000000000000e-01 9.000000000000000e-01
7.860000000000000e-01 1.000000000000000e+00 -5.000000000000000e-01 9.000000000000000e-01
7.880000000000000e-01 1.000000000000000e+00 -5.000000000000000e-01 9.000000000000000e-01
7.900000000000000e-01 1.000000000000000e+00 -5.000000000000000e-01 9.000000000000000e-01
7.920000000000000e-01 1.000000000000000e+00 -5.000000000000000e-01 9.000000000000000e-01
7.940000000000000e-01 1.000000000000000e+00 -5.000000000000000e-01 9.000000000000000e-01
7.960000000000000e-01 1.000000000000000e+00 -5.000000000000000e-01 9.000000000000000e-01
7.980000000000000e-01 1.000000000000000e+00 -5.000000000000000e-01 9.000000000000000e-01
8.000000000000000e-01 1.000000000000000e+00 -5.000000000000000e-01 9.000000000000000e-01
8.020000000000000e-01 1.000000000000000e+00 -5.000000000000000e-01 9.000000000000000e-01
8.040000000000000e-01 1.000000000000000e+00 -5.000000000000000e-01 9.000000000000000e-01
8.060000000000000e-01 1.000000000000000e+00 -5.000000000000000e-01 9.000000000000000e-01
8.080000000000001e-01 1.000000000000000e+00 -5.000000000000000e-01 9.000000000000000e-01
8.100000000000001e-01 1.000000000000000e+00 -5.000000000000000e-01 9.000000000000000e-01
8.120000000000001e-01 1.000000000000000e+00 -5.000000000000000e-01 9.000000000000000e-01
8.139999999999999e-01 1.000000000000000e+00 -5.000000000000000e-01 9.000000000000000e-01
8.159999999999999e-01 1.000000000000000e+00 -5.000000000000000e-01 9.000000000000000e-01
8.179999999999999e-01 1.000000000000000e+00 -5.000000000000000e-01 9.000000000000000e-01
8.200000000000000e-01 1.000000000000000e+00 -5.000000000000000e-01 9.000000000000000e-01
8.220000000000000e-01 1.000000000000000e+00 -5.000000000000000e-01 9.000000000000000e-01
8.240000000000000e-01 1.000000000000000e+00 -5.000000000000000e-01 9.000000000000000e-01
8.260000000000000e-01 1.000000000000000e+00 -5.000000000000000e-01 9.000000000000000e-01
8.280000000000000e-01 1.000000000000000e+00 -5.000000000000000e-01 9.000000000000000e-01
8.300000000000000e-01 1.000000000000000e+00 -5.000000000000000e-01 9.000000000000000e-01
8.320000000000000e-01 1.000000000000000e+00 -5.000000000000000e-01 9.000000000000000e-01
8.340000000000000e-01 1.000000000000000e+00 -5.000000000000000e-01 9.000000000000000e-01
8.360000000000000e-01 1.000000000000000e+00 -5.000000000000000e-01 9.000000000000000e-01
8.380000000000000e-01 1.000000000000000e+00 -5.000000000000000e-01 9.000000000000000e-01
8.400000000000000e-01 1.000000000000000e+00 -5.000000000000000e-01 9.000000000000000e-01
8.420000000000000e-01 1.000000000000000e+00 -5.000000000000000e-01 9.000000000000000e-01
8.440000000000000e-01 1.000000000000000e+00 -5.000000000000000e-01 9.000000000000000e-01
8.460000000000000e-01 1.000000000000000e+00 -5.000000000000000e-01 9.000000000000000e-01
8.480000000000000e-01 1.000000000000000e+00 -5.000000000000000e-01 9.000000000000000e-01
8.500000000000000e-01 1.000000000000000e+00 -5.000000000000000e-01 9.000000000000000e-01
8.520000000000000e-01 1.000000000000000e+00 -5.000000000000000e-01 9.000000000000000e-01
8.540000000000000e-01 1.000000000000000e+00 -5.000000000000000e-01 9.000000000000000e-01
8.560000000000000e-01 1.000000000000000e+00 -5.000000000000000e-01 9.000000000000000e-01
8.580000000000000e-01 1.000000000000000e+00 -5.000000000000000e-01 9.000000000000000e-01
8.600000000000000e-01 1.000000000000000e+00 -5.000000000000000e-01 9.000000000000000e-01
8.620000000000000e-01 1.000000000000000e+00 -5.000000000000000e-01 9.000000000000000e-01
8.640000000000000e-01 1.000000000000000e+00 -5.000000000000000e-01 9.000000000000000e-01
8.660000000000000e-01 1.000000000000000e+00 -5.000000000000000e-01 9.000000000000000e-01
8.680000000000000e-01 1.000000000000000e+00 -5.000000000000000e-01 9.000000000000000e-01
8.700000000000000e-01 1.000000000000000e+00 -5.000000000000000e-01 9.000000000000000e-01
8.720000000000000e-01 1.000000000000000e+00 -5.000000000000000e-01 9.000000000000000e-01
8.740000000000000e-01 1.000000000000000e+00 -5.000000000000000e-01 9.000000000000000e-01
8.760000000000000e-01 1.000000000000000e+00 -5.000000000000000e-01 9.000000000000000e-01
8.780000000000000e-01 1.000000000000000e+00 -5.000000000000000e-01 9.000000000000000e-01
8.800000000000000e-01 1.000000000000000e+00 -5.000000000000000e-01 9.000000000000000e-01
8.820000000000000e-01 1.000000000000000e+00 -5.000000000000000e-01 9.000000000000000e-01
8.840000000000000e-01 1.000000000000000e+00 -5.000000000000000e-01 9.000000000000000e-01
8.860000000000000e-01 1.000000000000000e+00 -5.000000000000000e-01 9.000000000000000e-01
8.880000000000000e-01 1.000000000000000e+00 -5.000000000000000e-01 9.000000000000000e-01
8.900000000000000e-01 1.000000000000000e+00 -5.000000000000000e-01 9.000000000000000e-01
8.920000000000000e-01 1.000000000000000e+00 -5.000000000000000e-01 9.000000000000000e-01
8.940000000000000e-01 1.000000000000000e+00 -5.000000000000000e-01 9.000000000000000e-01
8.960000000000000e-01 1.000000000000000e+00 -5.000000000000000e-01 9.000000000000000e-01
8.980000000000000e-01 1.000000000000000e+00 -5.000000000000000e-01 9.000000000000000e-01
9.000000000000000e-01 1.000000000000000e+00 -5.000000000000000e-01 9.000000000000000e-01
9.020000000000000e-01 1.000000000000000e+00 -5.000000000000000e-01 9.000000000000000e-01
9.040000000000000e-01 1.000000000000000e+00 -5.000000000000000e-01 9.000000000000000e-01
9.060000000000000e-01 1.000000000000000e+00 -5.000000000000000e-01 9.000000000000000e-01
9.080000000000000e-01 1.000000000000000e+00 -5.000000000000000e-01 9.000000000000000e-01
9.100000000000000e-01 1.000000000000000e+00 -5.000000000000000e-01 9.000000000000000e-01
9.120000000000000e-01 1.000000000000000e+00 -5.000000000000000e-01 9.000000000000000e-01
9.140000000000000e-01 1.000000000000000e+00 -5.000000000000000e-01 9.000000000000000e-01
9.160000000000000e-01 1.000000000000000e+00 -5.000000000000000e-01 9.000000000000000e-01
9.180000000000000e-01 1.000000000000000e+00 -5.000000000000000e-01 9.000000000000000e-01
9.200000000000000e-01 1.000000000000000e+00 -5.000000000000000e-01 9.000000000000000e-01
9.220000000000000e-01 1.000000000000000e+00 -5.000000000000000e-01 9.000000000000000e-01
9.240000000000000e-01 1.000000000000000e+00 -5.000000000000000e-01 9.000000000000000e-01
9.260000000000000e-01 1.000000000000000e+00 -5.000000000000000e-01 9.000000000000000e-01
9.280000000000000e-01 1.000000000000000e+00 -5.000000000000000e-01 9.000000000000000e-01
9.300000000000000e-01 1.000000000000000e+00 -5.000000000000000e-01 9.000000000000000e-01
9.320000000000001e-01 1.000000000000000e+00 -5.000000000000000e-01 9.000000000000000e-01
9.340000000000001e-01 1.000000000000000e+00 -5.000000000000000e-01 9.000000000000000e-01
9.360000000000001e-01 1.000000000000000e+00 -5.000000000000000e-01 9.000000000000000e-01
9.379999999999999e-01 1.000000000000000e+00 -5.000000000000000e-01 9.000000000000000e-01
9.399999999999999e-01 1.000000000000000e+00 -5.000000000000000e-01 9.000000000000000e-01
9.419999999999999e-01 1.000000000000000e+00 -5.000000000000000e-01 9.000000000000000e-01
9.440000000000000e-01 1.000000000000000e+00 -5.000000000000000e-01 9.000000000000000e-01
9.460000000000000e-01 1.000000000000000e+00 -5.000000000000000e-01 9.000000000000000e-01
9.480000000000000e-01 1.000000000000000e+00 -5.000000000000000e-01 9.000000000000000e-01
9.500000000000000e-01 1.000000000000000e+00 -5.000000000000000e-01 9.000000000000000e-01
9.520000000000000e-01 1.000000000000000e+00 -5.000000000000000e-01 9.000000000000000e-01
9.540000000000000e-01 1.000000000000000e+00 -5.000000000000000e-01 9.000000000000000e-01
9.560000000000000e-01 1.000000000000000e+00 -5.000000000000000e-01 9.000000000000000e-01
9.580000000000000e-01 1.000000000000000e+00 -5.000000000000000e-01 9.000000000000000e-01
9.600000000000000e-01 1.000000000000000e+00 -5.000000000000000e-01 9.000000000000000e-01
9.620000000000000e-01 1.000000000000000e+00 -5.000000000000000e-01 9.000000000000000e-01
9.640000000000000e-01 1.000000000000000e+00 -5.000000000000000e-01 9.000000000000000e-01
9.660000000000000e-01 1.000000000000000e+00 -5.000000000000000e-01 9.000000000000000e-01
9.680000000000000e-01 1.000000000000000e+00 -5.000000000000000e-01 9.000000000000000e-01
9.700000000000000e-01 1.000000000000000e+00 -5.000000000000000e-01 9.000000000000000e-01
9.720000000000000e-01 1.000000000000000e+00 -5.000000000000000e-01 9.000000000000000e-01
9.740000000000000e-01 1.000000000000000e+00 -5.000000000000000e-01 9.000000000000000e-01
9.760000000000000e-01 1.000000000000000e+00 -5.000000000000000e-01 9.000000000000000e-01
9.780000000000000e-01 1.000000000000000e+00 -5.000000000000000e-01 9.000000000000000e-01
9.800000000000000e-01 1.000000000000000e+00 -5.000000000000000e-01 9.000000000000000e-01
9.820000000000000e-01 1.000000000000000e+00 -5.000000000000000e-01 9.000000000000000e-01
9.840000000000000e-01 1.000000000000000e+00 -5.000000000000000e-01 9.000000000000000e-01
9.860000000000000e-01 1.000000000000000e+00 -5.000000000000000e-01 9.000000000000000e-01
9.880000000000000e-01 1.000000000000000e+00 -5.000000000000000e-01 9.000000000000000e-01
9.900000000000000e-01 1.000000000000000e+00 -5.000000000000000e-01 9.000000000000000e-01
9.920000000000000e-01 1.000000000000000e+00 -5.000000000000000e-01 9.000000000000000e-01
9.940000000000000e-01 1.000000000000000e+00 -5.000000000000000e-01 9.000000000000000e-01
9.960000000000000e-01 1.000000000000000e+00 -5.000000000000000e-01 9.000000000000000e-01
9.980000000000000e-01 1.000000000000000e+00 -5.000000000000000e-01 9.000000000000000e-01
1.000000000000000e+00 1.000000000000000e+00 -5.000000000000000e-01 9.000000000000000e-01
ZONE T="beta=1", AUXDATA beta="1", I=501, F=POINT
0.000000000000000e+00 4.000000000000000e-01 5.000000000000000e-01 1.000000000000000e+00
2.000000000000000e-03 4.000000000000000e-01 5.000000000000000e-01 1.000000000000000e+00
4.000000000000000e-03 4.000000000000000e-01 5.000000000000000e-01 1.000000000000000e+00
6.000000000000000e-03 4.000000000000000e-01 5.000000000000000e-01 1.000000000000000e+00
8.000000000000000e-03 4.000000000000000e-01 5.000000000000000e-01 1.000000000000000e+00
1.000000000000000e-02 4.000000000000000e-01 5.000000000000000e-01 1.000000000000000e+00
1.200000000000000e-02 4.000000000000000e-01 5.000000000000000e-01 1.000000000000000e+00
1.400000000000000e-02 4.000000000000000e-01 5.000000000000000e-01 1.000000000000000e+00
1.600000000000000e-02 4.000000000000000e-01 5.000000000000000e-01 1.000000000000000e+00
1.800000000000000e-02 4.000000000000000e-01 5.000000000000000e-01 1.000000000000000e+00
2.000000000000000e-02 4.000000000000000e-01 5.000000000000000e-01 1.000000000000000e+00
2.200000000000000e-02 4.000000000000000e-01 5.000000000000000e-01 1.000000000000000e+00
2.400000000000000e-02 4.000000000000000e-01 5.000000000000000e-01 1.000000000000000e+00
2.600000000000000e-02 4.000000000000000e-01 5.000000000000000e-01 1.000000000000000e+00
2.800000000000000e-02 4.000000000000000e-01 5.000000000000000e-01 1.000000000000000e+00
3.000000000000000e-02 4.000000000000000e-01 5.000000000000000e-01 1.000000000000000e+00
3.200000000000000e-02 4.000000000000000e-01 5.000000000000000e-01 1.000000000000000e+00
3.400000000000000e-02 4.000000000000000e-01 5.000000000000000e-01 1.000000000000000e+00
3.600000000000000e-02 4.000000000000000e-01 5.000000000000000e-01 1.000000000000000e+00
3.800000000000000e-02 4.000000000000000e-01 5.000000000000000e-01 1.000000000000000e+00
4.000000000000000e-02 4.000000000000000e-01 5.000000000000000e-01 1.000000000000000e+00
4.200000000000000e-02 4.000000000000000e-01 5.000000000000000e-01 1.000000000000000e+00
4.400000000000000e-02 4.000000000000000e-01 5.000000000000000e-01 1.000000000000000e+00
4.600000000000000e-02 4.000000000000000e-01 5.000000000000000e-01 1.000000000000000e+00
4.800000000000000e-02 4.000000000000000e-01 5.000000000000000e-01 1.000000000000000e+00
5.000000000000000e-02 4.000000000000000e-01 5.000000000000000e-01 1.000000000000000e+00
5.200000000000000e-02 4.000000000000000e-01 5.000000000000000e-01 1.000000000000000e+00
5.400000000000000e-02 4.000000000000000e-01 5.000000000000000e-01 1.000000000000000e+00
5.600000000000000e-02 4.000000000000000e-01 5.000000000000000e-01 1.000000000000000e+00
5.800000000000000e-02 4.000000000000000e-01 5.000000000000000e-01 1.000000000000000e+00
6.000000000000000e-02 4.000000000000000e-01 5.000000000000000e-01 1.000000000000000e+00
6.200000000000000e-02 4.000000000000000e-01 5.000000000000000e-01 1.000000000000000e+00
6.400000000000000e-02 4.000000000000000e-01 5.000000000000000e-01 1.000000000000000e+00
6.600000000000000e-02 4.000000000000000e-01 5.000000000000000e-01 1.000000000000000e+00
6.800000000000000e-02 4.000000000000000e-01 5.000000000000000e-01 1.000000000000000e+00
7.000000000000001e-02 4.000000000000000e-01 5.000000000000000e-01 1.000000000000000e+00
7.199999999999999e-02 4.000000000000000e-01 5.000000000000000e-01 1.000000000000000e+00
7.400000000000000e-02 4.000000000000000e-01 5.000000000000000e-01 1.000000000000000e+00
7.600000000000000e-02 4.000000000000000e-01 5.000000000000000e-01 1.000000000000000e+00
7.800000000000000e-02 4.000000000000000e-01 5.000000000000000e-01 1.000000000000000e+00
8.000000000000000e-02 4.000000000000000e-01 5.000000000000000e-01 1.000000000000000e+00
8.200000000000000e-02 4.000000000000000e-01 5.000000000000000e-01 1.000000000000000e+00
8.400000000000001e-02 4.000000000000000e-01 5.000000000000000e-01 1.000000000000000e+00
8.599999999999999e-02 4.000000000000000e-01 5.000000000000000e-01 1.000000000000000e+00
8.799999999999999e-02 4.000000000000000e-01 5.000000000000000e-01 1.000000000000000e+00
9.000000000000000e-02 4.000000000000000e-01 5.000000000000000e-01 1.000000000000000e+00
9.200000000000000e-02 4.000000000000000e-01 5.000000000000000e-01 1.000000000000000e+00
9.400000000000000e-02 4.000000000000000e-01 5.000000000000000e-01 1.000000000000000e+00
9.600000000000000e-02 4.000000000000000e-01 5.000000000000000e-01 1.000000000000000e+00
9.800000000000000e-02 4.000000000000000e-01 5.000000000000000e-01 1.000000000000000e+00
1.000000000000000e-01 4.000000000000000e-01 5.000000000000000e-01 1.000000000000000e+00
1.020000000000000e-01 4.000000000000000e-01 5.000000000000000e-01 1.000000000000000e+00
1.040000000000000e-01 4.000000000000000e-01 5.000000000000000e-01 1.000000000000000e+00
1.060000000000000e-01 4.000000000000000e-01 5.000000000000000e-01 1.000000000000000e+00
1.080000000000000e-01 4.000000000000000e-01 5.000000000000000e-01 1.000000000000000e+00
1.100000000000000e-01 4.000000000000000e-01 5.000000000000000e-01 1.000000000000000e+00
1.120000000000000e-01 4.000000000000000e-01 5.000000000000000e-01 1.000000000000000e+00
1.140000000000000e-01 4.000000000000000e-01 5.000000000000000e-01 1.000000000000000e+00
1.160000000000000e-01 4.000000000000000e-01 4.999999998000000e-01 1.000000000100000e+00
1.180000000000000e-01 4.000000001000000e-01 4.999999993000000e-01 1.000000000500000e+00
1.200000000000000e-01 4.000000006000000e-01 4.999999971000000e-01 1.000000002100000e+00
1.220000000000000e-01 4.000000026000000e-01 4.999999880000000e-01 1.000000009000000e+00
1.240000000000000e-01 4.000000107000000e-01 4.999999500000000e-01 1.000000037400000e+00
1.260000000000000e-01 4.000000428000000e-01 4.999997997000000e-01 1.000000149900000e+00
1.280000000000000e-01 4.000001590000000e-01 4.999992563000000e-01 1.000000556600000e+00
1.300000000000000e-01 4.000005255000000e-01 4.999975421000000e-01 1.000001839300000e+00
1.320000000000000e-01 4.000015374000000e-01 4.999928093000000e-01 1.000005381000000e+00
1.340000000000000e-01 4.000040934000000e-01 4.999808548000000e-01 1.000014327000000e+00
1.360000000000000e-01 4.000102620000000e-01 4.999520040000000e-01 1.000035917400000e+00
1.380000000000000e-01 4.000248431000000e-01 4.998838082000000e-01 1.000086952900000e+00
1.400000000000000e-01 4.000589918000000e-01 4.997240977000000e-01 1.000206483000000e+00
1.420000000000000e-01 4.001386231000000e-01 4.993516875000000e-01 1.000485244500000e+00
1.440000000000000e-01 4.003238343000000e-01 4.984856110000000e-01 1.001133766700000e+00
1.460000000000000e-01 4.007534013000000e-01 4.964774189000000e-01 1.002638775000000e+00
1.480000000000000e-01 4.017446155000000e-01 4.918464271000000e-01 1.006116146600000e+00
1.500000000000000e-01 4.040063924000000e-01 4.812946277000000e-01 1.014074682900000e+00
1.520000000000000e-01 4.090405157000000e-01 4.578908293000000e-01 1.031903304300000e+00
1.540000000000000e-01 4.196610850000000e-01 4.089478670000000e-01 1.069994589400000e+00
1.560000000000000e-01 4.397918871000000e-01 3.182252548000000e-01 1.143657309200000e+00
1.580000000000000e-01 4.711717111000000e-01 1.834895139000000e-01 1.261103313100000e+00
1.600000000000000e-01 5.061649511000000e-01 4.404717990000000e-02 1.394148013700000e+00
1.620000000000000e-01 5.292177919000000e-01 -4.231900080000000e-02 1.482790977700000e+00
1.640000000000000e-01 5.371236753999999e-01 -7.137602670000000e-02 1.513569427400000e+00
1.660000000000000e-01 5.381212713000000e-01 -7.504836920000001e-02 1.517486893800000e+00
1.680000000000000e-01 5.375592199000000e-01 -7.297170940000000e-02 1.515267021800000e+00
1.700000000000000e-01 5.367534610000000e-01 -6.999279020000000e-02 1.512088470200000e+00
1.720000000000000e-01 5.363128688000000e-01 -6.836209570000000e-02 1.510351675500000e+00
1.740000000000000e-01 5.362194504000000e-01 -6.801563310000000e-02 1.509983481700000e+00
1.760000000000000e-01 5.362286046000000e-01 -6.804834320000000e-02 1.510019015400000e+00
1.780000000000000e-01 5.362580455000000e-01 -6.815638890000000e-02 1.510134522800000e+00
1.800000000000000e-01 5.362815275000000e-01 -6.824339380000000e-02 1.510227139700000e+00
1.820000000000000e-01 5.362890423000000e-01 -6.827195110000001e-02 1.510257136700000e+00
1.840000000000000e-01 5.362895450000000e-01 -6.827441010000000e-02 1.510259203100000e+00
1.860000000000000e-01 5.362884891000000e-01 -6.827084820000000e-02 1.510254898300000e+00
1.880000000000000e-01 5.362877253000000e-01 -6.826813510000000e-02 1.510251725500000e+00
1.900000000000000e-01 5.362878914000000e-01 -6.826866940000000e-02 1.510252363800000e+00
1.920000000000000e-01 5.362886529000001e-01 -6.827111530000000e-02 1.510255360500000e+00
1.940000000000000e-01 5.362895897000000e-01 -6.827392700000000e-02 1.510258939800000e+00
1.960000000000000e-01 5.362902644999999e-01 -6.827579459999999e-02 1.510261439300000e+00
1.980000000000000e-01 5.362905819000000e-01 -6.827675110000000e-02 1.510262665600000e+00
2.000000000000000e-01 5.362907256000000e-01 -6.827752830000000e-02 1.510263334500000e+00
2.020000000000000e-01 5.362909062000000e-01 -6.827868560000000e-02 1.510264115300000e+00
2.040000000000000e-01 5.362912050999999e-01 -6.828021300000001e-02 1.510265215800000e+00
2.060000000000000e-01 5.362915335000000e-01 -6.828166260000000e-02 1.510266385700000e+00
2.080000000000000e-01 5.362918059000000e-01 -6.828266180000001e-02 1.510267385400000e+00
2.100000000000000e-01 5.362920392000000e-01 -6.828322210000000e-02 1.510268236500000e+00
2.120000000000000e-01 5.362922909000000e-01 -6.828360800000000e-02 1.510269090300000e+00
2.140000000000000e-01 5.362925518000000e-01 -6.828406270000000e-02 1.510270002100000e+00
2.160000000000000e-01 5.362927682000000e-01 -6.828465790000000e-02 1.510270870200000e+00
2.180000000000000e-01 5.362929100000000e-01 -6.828534429999999e-02 1.510271549800000e+00
2.200000000000000e-01 5.362930079000000e-01 -6.828605790000000e-02 1.510271986600000e+00
2.220000000000000e-01 5.362931019000000e-01 -6.828676330000000e-02 1.510272272800000e+00
2.240000000000000e-01 5.362932090000000e-01 -6.828742060000000e-02 1.510272571800000e+00
2.260000000000000e-01 5.362933379000000e-01 -6.828795660000000e-02 1.510272999300000e+00
2.280000000000000e-01 5.362935045000000e-01 -6.828830769999999e-02 1.510273569800000e+00
2.300000000000000e-01 5.362937033000000e-01 -6.828848279999999e-02 1.510274218600000e+00
2.320000000000000e-01 5.362938845000000e-01 -6.828858259999999e-02 1.510274847500000e+00
2.340000000000000e-01 5.362940098000000e-01 -6.828873470000001e-02 1.510275374100000e+00
2.360000000000000e-01 5.362940807000000e-01 -6.828902230000000e-02 1.510275748000000e+00
2.380000000000000e-01 5.362941329000001e-01 -6.828945130000000e-02 1.510275957100000e+00
2.400000000000000e-01 5.362941834000000e-01 -6.828994720000001e-02 1.510276045700000e+00
2.420000000000000e-01 5.362942274000000e-01 -6.829040810000001e-02 1.510276100900000e+00
2.440000000000000e-01 5.362942756000000e-01 -6.829075470000000e-02 1.510276218400000e+00
2.460000000000000e-01 5.362943578000000e-01 -6.829095600000000e-02 1.510276458200000e+00
2.480000000000000e-01 5.362944804000001e-01 -6.829103039999999e-02 1.510276816400000e+00
2.500000000000000e-01 5.362946032000000e-01 -6.829103870000000e-02 1.510277226000000e+00
2.520000000000000e-01 5.362946920000000e-01 -6.829106150000000e-02 1.510277592000000e+00
2.540000000000000e-01 5.362947450000000e-01 -6.829116940000000e-02 1.510277835800000e+00
2.560000000000000e-01 5.362947828000000e-01 -6.829139800000000e-02 1.510277925100000e+00
2.580000000000000e-01 5.362948100000000e-01 -6.829172240000000e-02 1.510277895500000e+00
2.600000000000000e-01 5.362948222000000e-01 -6.829206420000000e-02 1.510277835600000e+00
2.620000000000000e-01 5.362948409000000e-01 -6.829232880000000e-02 1.510277846300000e+00
2.640000000000000e-01 5.362948993000000e-01 -6.829245320000001e-02 1.510277992600000e+00
2.660000000000000e-01 5.362950032000000e-01 -6.829243390000000e-02 1.510278278300000e+00
2.680000000000000e-01 5.362951153000000e-01 -6.829233080000000e-02 1.510278641700000e+00
2.700000000000000e-01 5.362952063000000e-01 -6.829223619999999e-02 1.510278987300000e+00
2.720000000000000e-01 5.362952741000000e-01 -6.829223040000000e-02 1.510279230400000e+00
2.740000000000000e-01 5.362953259000000e-01 -6.829235520000000e-02 1.510279326600000e+00
2.760000000000000e-01 5.362953539000000e-01 -6.829259570000000e-02 1.510279290500000e+00
2.780000000000000e-01 5.362953504000000e-01 -6.829288960000000e-02 1.510279188100000e+00
2.800000000000000e-01 5.362953437000000e-01 -6.829315260000000e-02 1.510279109100000e+00
2.820000000000000e-01 5.362953700000000e-01 -6.829331710000000e-02 1.510279125500000e+00
2.840000000000000e-01 5.362954384000000e-01 -6.829335630000000e-02 1.510279265700000e+00
2.860000000000000e-01 5.362955223000000e-01 -6.829329610000000e-02 1.510279502500000e+00
2.880000000000000e-01 5.362956003000000e-01 -6.829320620000000e-02 1.510279762500000e+00
2.900000000000000e-01 5.362956700000000e-01 -6.829316680000000e-02 1.510279961300000e+00
2.920000000000000e-01 5.362957254000000e-01 -6.829323390000000e-02 1.510280041100000e+00
2.940000000000000e-01 5.362957484999999e-01 -6.829341240000000e-02 1.510279998700000e+00
2.960000000000000e-01 5.362957355000000e-01 -6.829365430000001e-02 1.510279886900000e+00
2.980000000000000e-01 5.362957223000000e-01 -6.829387860000000e-02 1.510279793400000e+00
3.000000000000000e-01 5.362957465000000e-01 -6.829401380000000e-02 1.510279794800000e+00
3.020000000000000e-01 5.362958154000000e-01 -6.829402690000000e-02 1.510279926700000e+00
3.040000000000000e-01 5.362959053000000e-01 -6.829393530000000e-02 1.510280170000000e+00
3.060000000000000e-01 5.362959982000000e-01 -6.829380140000001e-02 1.510280457100000e+00
3.080000000000000e-01 5.362960889000000e-01 -6.829370320000000e-02 1.510280703200000e+00
3.100000000000000e-01 5.362961603000000e-01 -6.829370180000000e-02 1.510280840800000e+00
3.120000000000000e-01 5.362961862000000e-01 -6.829381630000000e-02 1.510280847700000e+00
3.140000000000000e-01 5.362961672000000e-01 -6.829401850000000e-02 1.510280751700000e+00
3.160000000000000e-01 5.362961413000000e-01 -6.829424119999999e-02 1.510280623100000e+00
3.180000000000000e-01 5.362961453000000e-01 -6.829441040000001e-02 1.510280540100000e+00
3.200000000000000e-01 5.362961865000000e-01 -6.829447660000000e-02 1.510280554900000e+00
3.220000000000000e-01 5.362962478000000e-01 -6.829443310000000e-02 1.510280675600000e+00
3.240000000000000e-01 5.362963179000000e-01 -6.829432130000000e-02 1.510280859300000e+00
3.260000000000000e-01 5.362963911000000e-01 -6.829421210000000e-02 1.510281032600000e+00
3.280000000000000e-01 5.362964421999999e-01 -6.829417100000000e-02 1.510281128500000e+00
3.300000000000000e-01 5.362964456000000e-01 -6.829422890000000e-02 1.510281116100000e+00
3.320000000000000e-01 5.362964098000000e-01 -6.829437290000000e-02 1.510281011600000e+00
3.340000000000000e-01 5.362963740000000e-01 -6.829454779999999e-02 1.510280875500000e+00
3.360000000000000e-01 5.362963708000000e-01 -6.829468549999999e-02 1.510280782100000e+00
3.380000000000000e-01 5.362964037000000e-01 -6.829473560000000e-02 1.510280785900000e+00
3.400000000000000e-01 5.362964571000000e-01 -6.829468290000000e-02 1.510280903700000e+00
3.420000000000000e-01 5.362965224000000e-01 -6.829455669999999e-02 1.510281103900000e+00
3.440000000000000e-01 5.362965900000000e-01 -6.829441949999999e-02 1.510281318800000e+00
3.460000000000000e-01 5.362966294000000e-01 -6.829433750000000e-02 1.510281476700000e+00
3.480000000000000e-01 5.362966188000000e-01 -6.829435139999999e-02 1.510281532500000e+00
3.500000000000000e-01 5.362965678000000e-01 -6.829446500000000e-02 1.510281481000000e+00
3.520000000000000e-01 5.362965104000000e-01 -6.829463850000000e-02 1.510281363000000e+00
3.540000000000000e-01 5.362964729000000e-01 -6.829480670000000e-02 1.510281247500000e+00
3.560000000000000e-01 5.362964565000000e-01 -6.829491050000000e-02 1.510281196500000e+00
3.580000000000000e-01 5.362964508000000e-01 -6.829491880000001e-02 1.510281243300000e+00
3.600000000000000e-01 5.362964565000000e-01 -6.829484290000000e-02 1.510281376100000e+00
3.620000000000000e-01 5.362964671000000e-01 -6.829473220000000e-02 1.510281543000000e+00
3.640000000000000e-01 5.362964542000001e-01 -6.829464850000000e-02 1.510281678700000e+00
3.660000000000000e-01 5.362963984000000e-01 -6.829463819999999e-02 1.510281734600000e+00
3.680000000000000e-01 5.362963056000000e-01 -6.829471590000000e-02 1.510281695500000e+00
3.700000000000000e-01 5.362961999000000e-01 -6.829485570000000e-02 1.510281589100000e+00
3.720000000000000e-01 5.362960972000000e-01 -6.829500280000000e-02 1.510281473900000e+00
3.740000000000000e-01 5.362959936000000e-01 -6.829509850000000e-02 1.510281412100000e+00
3.760000000000000e-01 5.362958891000000e-01 -6.829510530000001e-02 1.510281443100000e+00
3.780000000000000e-01 5.362957904000000e-01 -6.829502420000000e-02 1.510281565300000e+00
3.800000000000000e-01 5.362956892000000e-01 -6.829489410000000e-02 1.510281736600000e+00
3.820000000000000e-01 5.362955605000000e-01 -6.829477300000000e-02 1.510281894700000e+00
3.840000000000000e-01 5.362953851000000e-01 -6.829471300000001e-02 1.510281983700000e+00
3.860000000000000e-01 5.362951592000000e-01 -6.829474050000001e-02 1.510281975300000e+00
3.880000000000000e-01 5.362948891000000e-01 -6.829484570000000e-02 1.510281880300000e+00
3.900000000000000e-01 5.362945808000000e-01 -6.829498360000000e-02 1.510281747100000e+00
3.920000000000000e-01 5.362942395000000e-01 -6.829509459999999e-02 1.510281640100000e+00
3.940000000000000e-01 5.362938732000000e-01 -6.829513280000001e-02 1.510281609100000e+00
3.960000000000000e-01 5.362934837000000e-01 -6.829508640000000e-02 1.510281667900000e+00
3.980000000000000e-01 5.362930604000000e-01 -6.829498080000000e-02 1.510281790800000e+00
4.000000000000000e-01 5.362925828000000e-01 -6.829486550000000e-02 1.510281926100000e+00
4.020000000000000e-01 5.362920285000000e-01 -6.829479270000000e-02 1.510282019000000e+00
4.040000000000000e-01 5.362913801000000e-01 -6.829479619999999e-02 1.510282034000000e+00
4.060000000000000e-01 5.362906284000000e-01 -6.829487640000000e-02 1.510281970600000e+00
4.080000000000000e-01 5.362897713000000e-01 -6.829499960000000e-02 1.510281864400000e+00
4.100000000000000e-01 5.362888111000000e-01 -6.829511269999999e-02 1.510281770900000e+00
4.120000000000000e-01 5.362877473000000e-01 -6.829516790000000e-02 1.510281740000000e+00
4.140000000000000e-01 5.362865709000000e-01 -6.829514370000001e-02 1.510281793200000e+00
4.160000000000000e-01 5.362852606000000e-01 -6.829505380000001e-02 1.510281914800000e+00
4.180000000000000e-01 5.362837852000000e-01 -6.829493920000000e-02 1.510282060100000e+00
4.200000000000000e-01 5.362821106000000e-01 -6.829485100000000e-02 1.510282173700000e+00
4.220000000000000e-01 5.362802169999999e-01 -6.829482620000001e-02 1.510282215700000e+00
4.240000000000000e-01 5.362781502000000e-01 -6.829487790000000e-02 1.510282172000000e+00
4.260000000000000e-01 5.362763738000000e-01 -6.829498430000000e-02 1.510282066300000e+00
4.280000000000000e-01 5.362754615999999e-01 -6.829508740000000e-02 1.510281960600000e+00
4.300000000000000e-01 5.362754553000000e-01 -6.829514280000000e-02 1.510281903000000e+00
4.320000000000000e-01 5.362765818000000e-01 -6.829513769999999e-02 1.510281907800000e+00
4.340000000000000e-01 5.362797840000000e-01 -6.829507790000000e-02 1.510281969400000e+00
4.360000000000000e-01 5.362866114000000e-01 -6.829498970000000e-02 1.510282061000000e+00
4.380000000000000e-01 5.362996230000000e-01 -6.829490880000000e-02 1.510282145600000e+00
4.400000000000000e-01 5.363229849000000e-01 -6.829486460000000e-02 1.510282192100000e+00
4.420000000000000e-01 5.363633846000000e-01 -6.829486920000000e-02 1.510282188100000e+00
4.440000000000000e-01 5.364314096000000e-01 -6.829491370000000e-02 1.510282143100000e+00
4.460000000000000e-01 5.365435855000000e-01 -6.829497340000000e-02 1.510282082800000e+00
4.480000000000000e-01 5.367253356000000e-01 -6.829501940000000e-02 1.510282037800000e+00
4.500000000000000e-01 5.370151971000000e-01 -6.829503080000000e-02 1.510282029700000e+00
4.520000000000000e-01 5.374707025000000e-01 -6.829500249999999e-02 1.510282063300000e+00
4.540000000000000e-01 5.381763904000000e-01 -6.829494699999999e-02 1.510282125200000e+00
4.560000000000000e-01 5.392544302000000e-01 -6.829488770000000e-02 1.510282190200000e+00
4.580000000000000e-01 5.408782885000000e-01 -6.829484890000000e-02 1.510282232800000e+00
4.600000000000000e-01 5.432896899000000e-01 -6.829484530000000e-02 1.510282237600000e+00
4.620000000000000e-01 5.468187598000001e-01 -6.829487660000000e-02 1.510282205400000e+00
4.640000000000000e-01 5.519066131000000e-01 -6.829492800000000e-02 1.510282152700000e+00
4.660000000000000e-01 5.591286978000000e-01 -6.829497670000000e-02 1.510282104800000e+00
4.680000000000000e-01 5.692158530000000e-01 -6.829500170000000e-02 1.510282085300000e+00
4.700000000000000e-01 5.830682863000000e-01 -6.829499240000000e-02 1.510282107000000e+00
4.720000000000000e-01 6.017555704999999e-01 -6.829495330000000e-02 1.510282166000000e+00
4.740000000000000e-01 6.264934596000000e-01 -6.829490250000000e-02 1.510282243200000e+00
4.760000000000000e-01 6.585861076000000e-01 -6.829486390000000e-02 1.510282310800000e+00
4.780000000000000e-01 6.993204573000000e-01 -6.829485600000000e-02 1.510282344600000e+00
4.800000000000000e-01 7.497982727000000e-01 -6.829488130000000e-02 1.510282336500000e+00
4.820000000000000e-01 8.106896243000000e-01 -6.829492070000000e-02 1.510282304400000e+00
4.840000000000000e-01 8.818845302000000e-01 -6.829494420000000e-02 1.510282283000000e+00
4.860000000000000e-01 9.619797281000000e-01 -6.829492640000000e-02 1.510282306400000e+00
4.880000000000000e-01 1.047234794000000e+00 -6.829486949999999e-02 1.510282374700000e+00
4.900000000000000e-01 1.127518576100000e+00 -6.829482730000000e-02 1.510282411700000e+00
4.920000000000000e-01 1.196986676200000e+00 -6.829483700000000e-02 1.510282359000000e+00
4.940000000000000e-01 1.254992026000000e+00 -6.829487140000000e-02 1.510282260700000e+00
4.960000000000000e-01 1.302016771200000e+00 -6.829487850000000e-02 1.510282209700000e+00
4.980000000000000e-01 1.339169621800000e+00 -6.829484550000001e-02 1.510282237800000e+00
5.000000000000000e-01 1.367854825300000e+00 -6.829480260000000e-02 1.510282300600000e+00
5.020000000000000e-01 1.389542759900000e+00 -6.829477820000000e-02 1.510282350100000e+00
5.040000000000000e-01 1.405625970900000e+00 -6.829477160000000e-02 1.510282381300000e+00
5.060000000000000e-01 1.417339625800000e+00 -6.829476740000000e-02 1.510282413100000e+00
5.080000000000000e-01 1.425727609600000e+00 -6.829475879999999e-02 1.510282449900000e+00
5.100000000000000e-01 1.431638905000000e+00 -6.829475290000001e-02 1.510282476600000e+00
5.120000000000000e-01 1.435742207400000e+00 -6.829475860000001e-02 1.510282480900000e+00
5.140000000000000e-01 1.438549844600000e+00 -6.829477640000001e-02 1.510282469500000e+00
5.160000000000000e-01 1.440444852500000e+00 -6.829479900000000e-02 1.510282463200000e+00
5.180000000000000e-01 1.441707355300000e+00 -6.829481810000000e-02 1.510282479500000e+00
5.200000000000000e-01 1.442538128600000e+00 -6.829482860000000e-02 1.510282521300000e+00
5.220000000000000e-01 1.443078427700000e+00 -6.829482900000000e-02 1.510282577900000e+00
5.240000000000000e-01 1.443425935000000e+00 -6.829481890000000e-02 1.510282632700000e+00
5.260000000000000e-01 1.443647123200000e+00 -6.829479860000000e-02 1.510282670500000e+00
5.280000000000000e-01 1.443786550000000e+00 -6.829477000000000e-02 1.510282681400000e+00
5.300000000000000e-01 1.443873662900000e+00 -6.829473640000000e-02 1.510282662300000e+00
5.320000000000000e-01 1.443927666300000e+00 -6.829470260000001e-02 1.510282617300000e+00
5.340000000000000e-01 1.443960929600000e+00 -6.829467390000001e-02 1.510282558100000e+00
5.360000000000000e-01 1.443981328400000e+00 -6.829465530000001e-02 1.510282501600000e+00
5.380000000000000e-01 1.443993822100000e+00 -6.829465060000001e-02 1.510282466300000e+00
5.400000000000000e-01 1.444001498900000e+00 -6.829466110000000e-02 1.510282464500000e+00
5.420000000000000e-01 1.444006257900000e+00 -6.829468299999999e-02 1.510282495900000e+00
5.440000000000000e-01 1.444009251800000e+00 -6.829470710000000e-02 1.510282544600000e+00
5.460000000000000e-01 1.444011174200000e+00 -6.829472100000000e-02 1.510282585700000e+00
5.480000000000000e-01 1.444012447000000e+00 -6.829471730000000e-02 1.510282599700000e+00
5.500000000000000e-01 1.444013337100000e+00 -6.829470030000000e-02 1.510282587400000e+00
5.520000000000000e-01 1.444014018300000e+00 -6.829468460000000e-02 1.510282568500000e+00
5.540000000000000e-01 1.444014594000000e+00 -6.829468399999999e-02 1.510282563600000e+00
5.560000000000000e-01 1.444015107000000e+00 -6.829470040000001e-02 1.510282575300000e+00
5.580000000000001e-01 1.444015562900000e+00 -6.829472490000001e-02 1.510282590300000e+00
5.600000000000001e-01 1.444015959200000e+00 -6.829474839999999e-02 1.510282597000000e+00
5.620000000000001e-01 1.444016299900000e+00 -6.829476810000000e-02 1.510282594800000e+00
5.639999999999999e-01 1.444016594600000e+00 -6.829478520000000e-02 1.510282588300000e+00
5.659999999999999e-01 1.444016848000000e+00 -6.829479730000000e-02 1.510282573700000e+00
5.679999999999999e-01 1.444017056000000e+00 -6.829479690000000e-02 1.510282535900000e+00
5.700000000000000e-01 1.444017213000000e+00 -6.829477940000001e-02 1.510282463500000e+00
5.720000000000000e-01 1.444017324100000e+00 -6.829475250000000e-02 1.510282366700000e+00
5.740000000000000e-01 1.444017410200000e+00 -6.829473570000000e-02 1.510282276900000e+00
5.760000000000000e-01 1.444017495700000e+00 -6.829474839999999e-02 1.510282227000000e+00
5.780000000000000e-01 1.444017590000000e+00 -6.829479419999999e-02 1.510282222900000e+00
5.800000000000000e-01 1.444017684300000e+00 -6.829485610000000e-02 1.510282236400000e+00
5.820000000000000e-01 1.444017766200000e+00 -6.829491209999999e-02 1.510282229500000e+00
5.840000000000000e-01 1.444017829400000e+00 -6.829495170000000e-02 1.510282184000000e+00
5.860000000000000e-01 1.444017867800000e+00 -6.829498300000000e-02 1.510282111000000e+00
5.880000000000000e-01 1.444017876700000e+00 -6.829502010000001e-02 1.510282032600000e+00
5.900000000000000e-01 1.444017856500000e+00 -6.829506760000000e-02 1.510281954400000e+00
5.920000000000000e-01 1.444017801000000e+00 -6.829511750000000e-02 1.510281861900000e+00
5.940000000000000e-01 1.444017711300000e+00 -6.829516160000000e-02 1.510281740400000e+00
5.960000000000000e-01 1.444017613100000e+00 -6.829520710000000e-02 1.510281598500000e+00
5.980000000000000e-01 1.444017548800000e+00 -6.829527360000000e-02 1.510281468200000e+00
6.000000000000000e-01 1.444017539500000e+00 -6.829536999999999e-02 1.510281371900000e+00
6.020000000000000e-01 1.444017554100000e+00 -6.829548160000000e-02 1.510281292500000e+00
6.040000000000000e-01 1.444017522200000e+00 -6.829558310000000e-02 1.510281173400000e+00
6.060000000000000e-01 1.444017396000000e+00 -6.829566090000000e-02 1.510280972100000e+00
6.080000000000000e-01 1.444017184100000e+00 -6.829572650000000e-02 1.510280698700000e+00
6.100000000000000e-01 1.444016936400000e+00 -6.829580700000000e-02 1.510280408500000e+00
6.120000000000000e-01 1.444016719500000e+00 -6.829592510000000e-02 1.510280162700000e+00
6.140000000000000e-01 1.444016547300000e+00 -6.829608190000000e-02 1.510279957200000e+00
6.160000000000000e-01 1.444016386100000e+00 -6.829626690000000e-02 1.510279725200000e+00
6.180000000000000e-01 1.444016189600000e+00 -6.829646820000000e-02 1.510279414700000e+00
6.200000000000000e-01 1.444015967900000e+00 -6.829667659999999e-02 1.510279057900000e+00
6.220000000000000e-01 1.444015743600000e+00 -6.829689150000000e-02 1.510278730400000e+00
6.240000000000000e-01 1.444015526700000e+00 -6.829712170000000e-02 1.510278448500000e+00
6.260000000000000e-01 1.444015261900000e+00 -6.829737720000000e-02 1.510278118800000e+00
6.280000000000000e-01 1.444014891800000e+00 -6.829765740000000e-02 1.510277621900000e+00
6.300000000000000e-01 1.444014426200000e+00 -6.829793469999999e-02 1.510276964800000e+00
6.320000000000000e-01 1.444013966000000e+00 -6.829818579999999e-02 1.510276299900000e+00
6.340000000000000e-01 1.444013590000000e+00 -6.829844260000000e-02 1.510275748100000e+00
6.360000000000000e-01 1.444013245000000e+00 -6.829879120000000e-02 1.510275235700000e+00
6.380000000000000e-01 1.444012773800000e+00 -6.829929090000000e-02 1.510274556500000e+00
6.400000000000000e-01 1.444012114900000e+00 -6.829988230000000e-02 1.510273628300000e+00
6.420000000000000e-01 1.444011428000000e+00 -6.830038230000000e-02 1.510272672200000e+00
6.440000000000000e-01 1.444010902300000e+00 -6.830070620000001e-02 1.510271924500000e+00
6.460000000000000e-01 1.444010475000000e+00 -6.830102040000000e-02 1.510271277700000e+00
6.480000000000000e-01 1.444009762300000e+00 -6.830166990000000e-02 1.510270198900000e+00
6.500000000000000e-01 1.444008391700000e+00 -6.830289950000000e-02 1.510268179500000e+00
6.520000000000000e-01 1.444006785500000e+00 -6.830424180000000e-02 1.510265836100000e+00
6.540000000000000e-01 1.444006049700000e+00 -6.830476589999999e-02 1.510264782000000e+00
6.560000000000000e-01 1.444008304900000e+00 -6.830273700000000e-02 1.510268127500000e+00
6.580000000000000e-01 1.444024300000000e+00 -6.828924940000000e-02 1.510291615600000e+00
6.600000000000000e-01 1.444085023300000e+00 -6.823853780000000e-02 1.510380591700000e+00
6.620000000000000e-01 1.444202483400000e+00 -6.814053750000000e-02 1.510552746300000e+00
6.640000000000000e-01 1.444270955800000e+00 -6.808334720000001e-02 1.510653099200000e+00
6.660000000000000e-01 1.443983204500000e+00 -6.832445600000001e-02 1.510231419300000e+00
6.680000000000000e-01 1.441228974100000e+00 -7.063530240000000e-02 1.506199318000000e+00
6.700000000000000e-01 1.427789300300000e+00 -8.196392800000001e-02 1.486577767600000e+00
6.720000000000000e-01 1.383357411300000e+00 -1.200596742000000e-01 1.422202752400000e+00
6.740000000000000e-01 1.287807479800000e+00 -2.053193045000000e-01 1.286641782500000e+00
6.760000000000000e-01 1.177289297400000e+00 -3.111241676000000e-01 1.133956757700000e+00
6.780000000000000e-01 1.094844924400000e+00 -3.962279054000000e-01 1.022896191100000e+00
6.800000000000000e-01 1.046346558600000e+00 -4.485866803000000e-01 9.592574276000000e-01
6.820000000000001e-01 1.021510257900000e+00 -4.759842192000000e-01 9.272924978000000e-01
6.840000000000001e-01 1.009723904800000e+00 -4.891113696000000e-01 9.122910876000000e-01
6.860000000000001e-01 1.004340773300000e+00 -4.951327642000000e-01 9.054771532000000e-01
6.879999999999999e-01 1.001926158700000e+00 -4.978389300000000e-01 9.024284931000000e-01
6.899999999999999e-01 1.000851980700000e+00 -4.990438569000000e-01 9.010737959000000e-01
6.919999999999999e-01 1.000375928400000e+00 -4.995780609000000e-01 9.004737283000001e-01
6.940000000000000e-01 1.000165359100000e+00 -4.998143925000000e-01 9.002083638000000e-01
6.960000000000000e-01 1.000072349800000e+00 -4.999187890000000e-01 9.000911629000000e-01
6.980000000000000e-01 1.000031343500000e+00 -4.999648173000000e-01 9.000394932000000e-01
7.000000000000000e-01 1.000013329800000e+00 -4.999850373000000e-01 9.000167957000000e-01
7.020000000000000e-01 1.000005479200000e+00 -4.999938496000000e-01 9.000069038000000e-01
7.040000000000000e-01 1.000002118400000e+00 -4.999976221000000e-01 9.000026692000000e-01
7.060000000000000e-01 1.000000736600000e+00 -4.999991731000000e-01 9.000009282000000e-01
7.080000000000000e-01 1.000000217100000e+00 -4.999997563000000e-01 9.000002736000000e-01
7.100000000000000e-01 1.000000052700000e+00 -4.999999408000000e-01 9.000000664000000e-01
7.120000000000000e-01 1.000000011100000e+00 -4.999999876000000e-01 9.000000140000000e-01
7.140000000000000e-01 1.000000002200000e+00 -4.999999976000000e-01 9.000000027000000e-01
7.160000000000000e-01 1.000000000400000e+00 -4.999999995000000e-01 9.000000005000000e-01
7.180000000000000e-01 1.000000000100000e+00 -4.999999999000000e-01 9.000000001000000e-01
7.200000000000000e-01 1.000000000000000e+00 -5.000000000000000e-01 9.000000000000000e-01
7.220000000000000e-01 1.000000000000000e+00 -5.000000000000000e-01 9.000000000000000e-01
7.240000000000000e-01 1.000000000000000e+00 -5.000000000000000e-01 9.000000000000000e-01
7.260000000000000e-01 1.000000000000000e+00 -5.000000000000000e-01 9.000000000000000e-01
7.280000000000000e-01 1.000000000000000e+00 -5.000000000000000e-01 9.000000000000000e-01
7.300000000000000e-01 1.000000000000000e+00 -5.000000000000000e-01 9.000000000000000e-01
7.320000000000000e-01 1.000000000000000e+00 -5.000000000000000e-01 9.000000000000000e-01
7.340000000000000e-01 1.000000000000000e+00 -5.000000000000000e-01 9.000000000000000e-01
7.360000000000000e-01 1.000000000000000e+00 -5.000000000000000e-01 9.000000000000000e-01
7.380000000000000e-01 1.000000000000000e+00 -5.000000000000000e-01 9.000000000000000e-01
7.400000000000000e-01 1.000000000000000e+00 -5.000000000000000e-01 9.000000000000000e-01
7.420000000000000e-01 1.000000000000000e+00 -5.000000000000000e-01 9.000000000000000e-01
7.440000000000000e-01 1.000000000000000e+00 -5.000000000000000e-01 9.000000000000000e-01
7.460000000000000e-01 1.000000000000000e+00 -5.000000000000000e-01 9.000000000000000e-01
7.480000000000000e-01 1.000000000000000e+00 -5.000000000000000e-01 9.000000000000000e-01
7.500000000000000e-01 1.000000000000000e+00 -5.000000000000000e-01 9.000000000000000e-01
7.520000000000000e-01 1.000000000000000e+00 -5.000000000000000e-01 9.000000000000000e-01
7.540000000000000e-01 1.000000000000000e+00 -5.000000000000000e-01 9.000000000000000e-01
7.560000000000000e-01 1.000000000000000e+00 -5.000000000000000e-01 9.000000000000000e-01
7.580000000000000e-01 1.000000000000000e+00 -5.000000000000000e-01 9.000000000000000e-01
7.600000000000000e-01 1.000000000000000e+00 -5.000000000000000e-01 9.000000000000000e-01
7.620000000000000e-01 1.000000000000000e+00 -5.000000000000000e-01 9.000000000000000e-01
7.640000000000000e-01 1.000000000000000e+00 -5.000000000000000e-01 9.000000000000000e-01
7.660000000000000e-01 1.000000000000000e+00 -5.000000000000000e-01 9.000000000000000e-01
7.680000000000000e-01 1.000000000000000e+00 -5.000000000000000e-01 9.000000000000000e-01
7.700000000000000e-01 1.000000000000000e+00 -5.000000000000000e-01 9.000000000000000e-01
7.720000000000000e-01 1.000000000000000e+00 -5.000000000000000e-01 9.000000000000000e-01
7.740000000000000e-01 1.000000000000000e+00 -5.000000000000000e-01 9.000000000000000e-01
7.760000000000000e-01 1.000000000000000e+00 -5.000000000000000e-01 9.000000000000000e-01
7.780000000000000e-01 1.000000000000000e+00 -5.000000000000000e-01 9.000000000000000e-01
7.800000000000000e-01 1.000000000000000e+00 -5.000000000000000e-01 9.000000000000000e-01
7.820000000000000e-01 1.000000000000000e+00 -5.000000000000000e-01 9.000000000000000e-01
7.840000000000000e-01 1.000000000000000e+00 -5.000000000000000e-01 9.000000000000000e-01
7.860000000000000e-01 1.000000000000000e+00 -5.000000000000000e-01 9.000000000000000e-01
7.880000000000000e-01 1.000000000000000e+00 -5.000000000000000e-01 9.000000000000000e-01
7.900000000000000e-01 1.000000000000000e+00 -5.000000000000000e-01 9.000000000000000e-01
7.920000000000000e-01 1.000000000000000e+00 -5.000000000000000e-01 9.000000000000000e-01
7.940000000000000e-01 1.000000000000000e+00 -5.000000000000000e-01 9.000000000000000e-01
7.960000000000000e-01 1.000000000000000e+00 -5.000000000000000e-01 9.000000000000000e-01
7.980000000000000e-01 1.000000000000000e+00 -5.000000000000000e-01 9.000000000000000e-01
8.000000000000000e-01 1.000000000000000e+00 -5.000000000000000e-01 9.000000000000000e-01
8.020000000000000e-01 1.000000000000000e+00 -5.000000000000000e-01 9.000000000000000e-01
8.040000000000000e-01 1.000000000000000e+00 -5.000000000000000e-01 9.000000000000000e-01
8.060000000000000e-01 1.000000000000000e+00 -5.000000000000000e-01 9.000000000000000e-01
8.080000000000001e-01 1.000000000000000e+00 -5.000000000000000e-01 9.000000000000000e-01
8.100000000000001e-01 1.000000000000000e+00 -5.000000000000000e-01 9.000000000000000e-01
8.120000000000001e-01 1.000000000000000e+00 -5.000000000000000e-01 9.000000000000000e-01
8.139999999999999e-01 1.000000000000000e+00 -5.000000000000000e-01 9.000000000000000e-01
8.159999999999999e-01 1.000000000000000e+00 -5.000000000000000e-01 9.000000000000000e-01
8.179999999999999e-01 1.000000000000000e+00 -5.000000000000000e-01 9.000000000000000e-01
8.200000000000000e-01 1.000000000000000e+00 -5.000000000000000e-01 9.000000000000000e-01
8.220000000000000e-01 1.000000000000000e+00 -5.000000000000000e-01 9.000000000000000e-01
8.240000000000000e-01 1.000000000000000e+00 -5.000000000000000e-01 9.000000000000000e-01
8.260000000000000e-01 1.000000000000000e+00 -5.000000000000000e-01 9.000000000000000e-01
8.280000000000000e-01 1.000000000000000e+00 -5.000000000000000e-01 9.000000000000000e-01
8.300000000000000e-01 1.000000000000000e+00 -5.000000000000000e-01 9.000000000000000e-01
8.320000000000000e-01 1.000000000000000e+00 -5.000000000000000e-01 9.000000000000000e-01
8.340000000000000e-01 1.000000000000000e+00 -5.000000000000000e-01 9.000000000000000e-01
8.360000000000000e-01 1.000000000000000e+00 -5.000000000000000e-01 9.000000000000000e-01
8.380000000000000e-01 1.000000000000000e+00 -5.000000000000000e-01 9.000000000000000e-01
8.400000000000000e-01 1.000000000000000e+00 -5.000000000000000e-01 9.000000000000000e-01
8.420000000000000e-01 1.000000000000000e+00 -5.000000000000000e-01 9.000000000000000e-01
8.440000000000000e-01 1.000000000000000e+00 -5.000000000000000e-01 9.000000000000000e-01
8.460000000000000e-01 1.000000000000000e+00 -5.000000000000000e-01 9.000000000000000e-01
8.480000000000000e-01 1.000000000000000e+00 -5.000000000000000e-01 9.000000000000000e-01
8.500000000000000e-01 1.000000000000000e+00 -5.000000000000000e-01 9.000000000000000e-01
8.520000000000000e-01 1.000000000000000e+00 -5.000000000000000e-01 9.000000000000000e-01
8.540000000000000e-01 1.000000000000000e+00 -5.000000000000000e-01 9.000000000000000e-01
8.560000000000000e-01 1.000000000000000e+00 -5.000000000000000e-01 9.000000000000000e-01
8.580000000000000e-01 1.000000000000000e+00 -5.000000000000000e-01 9.000000000000000e-01
8.600000000000000e-01 1.000000000000000e+00 -5.000000000000000e-01 9.000000000000000e-01
8.620000000000000e-01 1.000000000000000e+00 -5.000000000000000e-01 9.000000000000000e-01
8.640000000000000e-01 1.000000000000000e+00 -5.000000000000000e-01 9.000000000000000e-01
8.660000000000000e-01 1.000000000000000e+00 -5.000000000000000e-01 9.000000000000000e-01
8.680000000000000e-01 1.000000000000000e+00 -5.000000000000000e-01 9.000000000000000e-01
8.700000000000000e-01 1.000000000000000e+00 -5.000000000000000e-01 9.000000000000000e-01
8.720000000000000e-01 1.000000000000000e+00 -5.000000000000000e-01 9.000000000000000e-01
8.740000000000000e-01 1.000000000000000e+00 -5.000000000000000e-01 9.000000000000000e-01
8.760000000000000e-01 1.000000000000000e+00 -5.000000000000000e-01 9.000000000000000e-01
8.780000000000000e-01 1.000000000000000e+00 -5.000000000000000e-01 9.000000000000000e-01
8.800000000000000e-01 1.000000000000000e+00 -5.000000000000000e-01 9.000000000000000e-01
8.820000000000000e-01 1.000000000000000e+00 -5.000000000000000e-01 9.000000000000000e-01
8.840000000000000e-01 1.000000000000000e+00 -5.000000000000000e-01 9.000000000000000e-01
8.860000000000000e-01 1.000000000000000e+00 -5.000000000000000e-01 9.000000000000000e-01
8.880000000000000e-01 1.000000000000000e+00 -5.000000000000000e-01 9.000000000000000e-01
8.900000000000000e-01 1.000000000000000e+00 -5.000000000000000e-01 9.000000000000000e-01
8.920000000000000e-01 1.000000000000000e+00 -5.000000000000000e-01 9.000000000000000e-01
8.940000000000000e-01 1.000000000000000e+00 -5.000000000000000e-01 9.000000000000000e-01
8.960000000000000e-01 1.000000000000000e+00 -5.000000000000000e-01 9.000000000000000e-01
8.980000000000000e-01 1.000000000000000e+00 -5.000000000000000e-01 9.000000000000000e-01
9.000000000000000e-01 1.000000000000000e+00 -5.000000000000000e-01 9.000000000000000e-01
9.020000000000000e-01 1.000000000000000e+00 -5.000000000000000e-01 9.000000000000000e-01
9.040000000000000e-01 1.000000000000000e+00 -5.000000000000000e-01 9.000000000000000e-01
9.060000000000000e-01 1.000000000000000e+00 -5.000000000000000e-01 9.000000000000000e-01
9.080000000000000e-01 1.000000000000000e+00 -5.000000000000000e-01 9.000000000000000e-01
9.100000000000000e-01 1.000000000000000e+00 -5.000000000000000e-01 9.000000000000000e-01
9.120000000000000e-01 1.000000000000000e+00 -5.000000000000000e-01 9.000000000000000e-01
9.140000000000000e-01 1.000000000000000e+00 -5.000000000000000e-01 9.000000000000000e-01
9.160000000000000e-01 1.000000000000000e+00 -5.000000000000000e-01 9.000000000000000e-01
9.180000000000000e-01 1.000000000000000e+00 -5.000000000000000e-01 9.000000000000000e-01
9.200000000000000e-01 1.000000000000000e+00 -5.000000000000000e-01 9.000000000000000e-01
9.220000000000000e-01 1.000000000000000e+00 -5.000000000000000e-01 9.000000000000000e-01
9.240000000000000e-01 1.000000000000000e+00 -5.000000000000000e-01 9.000000000000000e-01
9.260000000000000e-01 1.000000000000000e+00 -5.000000000000000e-01 9.000000000000000e-01
9.280000000000000e-01 1.000000000000000e+00 -5.000000000000000e-01 9.000000000000000e-01
9.300000000000000e-01 1.000000000000000e+00 -5.000000000000000e-01 9.000000000000000e-01
9.320000000000001e-01 1.000000000000000e+00 -5.000000000000000e-01 9.000000000000000e-01
9.340000000000001e-01 1.000000000000000e+00 -5.000000000000000e-01 9.000000000000000e-01
9.360000000000001e-01 1.000000000000000e+00 -5.000000000000000e-01 9.000000000000000e-01
9.379999999999999e-01 1.000000000000000e+00 -5.000000000000000e-01 9.000000000000000e-01
9.399999999999999e-01 1.000000000000000e+00 -5.000000000000000e-01 9.000000000000000e-01
9.419999999999999e-01 1.000000000000000e+00 -5.000000000000000e-01 9.000000000000000e-01
9.440000000000000e-01 1.000000000000000e+00 -5.000000000000000e-01 9.000000000000000e-01
9.460000000000000e-01 1.000000000000000e+00 -5.000000000000000e-01 9.000000000000000e-01
9.480000000000000e-01 1.000000000000000e+00 -5.000000000000000e-01 9.000000000000000e-01
9.500000000000000e-01 1.000000000000000e+00 -5.000000000000000e-01 9.000000000000000e-01
9.520000000000000e-01 1.000000000000000e+00 -5.000000000000000e-01 9.000000000000000e-01
9.540000000000000e-01 1.000000000000000e+00 -5.000000000000000e-01 9.000000000000000e-01
9.560000000000000e-01 1.000000000000000e+00 -5.000000000000000e-01 9.000000000000000e-01
9.580000000000000e-01 1.000000000000000e+00 -5.000000000000000e-01 9.000000000000000e-01
9.600000000000000e-01 1.000000000000000e+00 -5.000000000000000e-01 9.000000000000000e-01
9.620000000000000e-01 1.000000000000000e+00 -5.000000000000000e-01 9.000000000000000e-01
9.640000000000000e-01 1.000000000000000e+00 -5.000000000000000e-01 9.000000000000000e-01
9.660000000000000e-01 1.000000000000000e+00 -5.000000000000000e-01 9.000000000000000e-01
9.680000000000000e-01 1.000000000000000e+00 -5.000000000000000e-01 9.000000000000000e-01
9.700000000000000e-01 1.000000000000000e+00 -5.000000000000000e-01 9.000000000000000e-01
9.720000000000000e-01 1.000000000000000e+00 -5.000000000000000e-01 9.000000000000000e-01
9.740000000000000e-01 1.000000000000000e+00 -5.000000000000000e-01 9.000000000000000e-01
9.760000000000000e-01 1.000000000000000e+00 -5.000000000000000e-01 9.000000000000000e-01
9.780000000000000e-01 1.000000000000000e+00 -5.000000000000000e-01 9.000000000000000e-01
9.800000000000000e-01 1.000000000000000e+00 -5.000000000000000e-01 9.000000000000000e-01
9.820000000000000e-01 1.000000000000000e+00 -5.000000000000000e-01 9.000000000000000e-01
9.840000000000000e-01 1.000000000000000e+00 -5.000000000000000e-01 9.000000000000000e-01
9.860000000000000e-01 1.000000000000000e+00 -5.000000000000000e-01 9.000000000000000e-01
9.880000000000000e-01 1.000000000000000e+00 -5.000000000000000e-01 9.000000000000000e-01
9.900000000000000e-01 1.000000000000000e+00 -5.000000000000000e-01 9.000000000000000e-01
9.920000000000000e-01 1.000000000000000e+00 -5.000000000000000e-01 9.000000000000000e-01
9.940000000000000e-01 1.000000000000000e+00 -5.000000000000000e-01 9.000000000000000e-01
9.960000000000000e-01 1.000000000000000e+00 -5.000000000000000e-01 9.000000000000000e-01
9.980000000000000e-01 1.000000000000000e+00 -5.000000000000000e-01 9.000000000000000e-01
1.000000000000000e+00 1.000000000000000e+00 -5.000000000000000e-01 9.000000000000000e-01
ZONE T="beta=1.5", AUXDATA beta="1.5", I=501, F=POINT
0.000000000000000e+00 4.000000000000000e-01 5.000000000000000e-01 1.000000000000000e+00
2.000000000000000e-03 4.000000000000000e-01 5.000000000000000e-01 1.000000000000000e+00
4.000000000000000e-03 4.000000000000000e-01 5.000000000000000e-01 1.000000000000000e+00
6.000000000000000e-03 4.000000000000000e-01 5.000000000000000e-01 1.000000000000000e+00
8.000000000000000e-03 4.000000000000000e-01 5.000000000000000e-01 1.000000000000000e+00
1.000000000000000e-02 4.000000000000000e-01 5.000000000000000e-01 1.000000000000000e+00
1.200000000000000e-02 4.000000000000000e-01 5.000000000000000e-01 1.000000000000000e+00
1.400000000000000e-02 4.000000000000000e-01 5.000000000000000e-01 1.000000000000000e+00
1.600000000000000e-02 4.000000000000000e-01 5.000000000000000e-01 1.000000000000000e+00
1.800000000000000e-02 4.000000000000000e-01 5.000000000000000e-01 1.000000000000000e+00
2.000000000000000e-02 4.000000000000000e-01 5.000000000000000e-01 1.000000000000000e+00
2.200000000000000e-02 4.000000000000000e-01 5.000000000000000e-01 1.000000000000000e+00
2.400000000000000e-02 4.000000000000000e-01 5.000000000000000e-01 1.000000000000000e+00
2.600000000000000e-02 4.000000000000000e-01 5.000000000000000e-01 1.000000000000000e+00
2.800000000000000e-02 4.000000000000000e-01 5.000000000000000e-01 1.000000000000000e+00
3.000000000000000e-02 4.000000000000000e-01 5.000000000000000e-01 1.000000000000000e+00
3.200000000000000e-02 4.000000000000000e-01 5.000000000000000e-01 1.000000000000000e+00
3.400000000000000e-02 4.000000000000000e-01 5.000000000000000e-01 1.000000000000000e+00
3.600000000000000e-02 4.000000000000000e-01 5.000000000000000e-01 1.000000000000000e+00
3.800000000000000e-02 4.000000000000000e-01 5.000000000000000e-01 1.000000000000000e+00
4.000000000000000e-02 4.000000000000000e-01 5.000000000000000e-01 1.000000000000000e+00
4.200000000000000e-02 4.000000000000000e-01 5.000000000000000e-01 1.000000000000000e+00
4.400000000000000e-02 4.000000000000000e-01 5.000000000000000e-01 1.000000000000000e+00
4.600000000000000e-02 4.000000000000000e-01 5.000000000000000e-01 1.000000000000000e+00
4.800000000000000e-02 4.000000000000000e-01 5.000000000000000e-01 1.000000000000000e+00
5.000000000000000e-02 4.000000000000000e-01 5.000000000000000e-01 1.000000000000000e+00
5.200000000000000e-02 4.000000000000000e-01 5.000000000000000e-01 1.000000000000000e+00
5.400000000000000e-02 4.000000000000000e-01 5.000000000000000e-01 1.000000000000000e+00
5.600000000000000e-02 4.000000000000000e-01 5.000000000000000e-01 1.000000000000000e+00
5.800000000000000e-02 4.000000000000000e-01 5.000000000000000e-01 1.000000000000000e+00
6.000000000000000e-02 4.000000000000000e-01 5.000000000000000e-01 1.000000000000000e+00
6.200000000000000e-02 4.000000000000000e-01 5.000000000000000e-01 1.000000000000000e+00
6.400000000000000e-02 4.000000000000000e-01 5.000000000000000e-01 1.000000000000000e+00
6.600000000000000e-02 4.000000000000000e-01 5.000000000000000e-01 1.000000000000000e+00
6.800000000000000e-02 4.000000000000000e-01 5.000000000000000e-01 1.000000000000000e+00
7.000000000000001e-02 4.000000000000000e-01 5.000000000000000e-01 1.000000000000000e+00
7.199999999999999e-02 4.000000000000000e-01 5.000000000000000e-01 1.000000000000000e+00
7.400000000000000e-02 4.000000000000000e-01 5.000000000000000e-01 1.000000000000000e+00
7.600000000000000e-02 4.000000000000000e-01 5.000000000000000e-01 1.000000000000000e+00
7.800000000000000e-02 4.000000000000000e-01 5.000000000000000e-01 1.000000000000000e+00
8.000000000000000e-02 4.000000000000000e-01 5.000000000000000e-01 1.000000000000000e+00
8.200000000000000e-02 4.000000000000000e-01 5.000000000000000e-01 1.000000000000000e+00
8.400000000000001e-02 4.000000000000000e-01 5.000000000000000e-01 1.000000000000000e+00
8.599999999999999e-02 4.000000000000000e-01 5.000000000000000e-01 1.000000000000000e+00
8.799999999999999e-02 4.000000000000000e-01 5.000000000000000e-01 1.000000000000000e+00
9.000000000000000e-02 4.000000000000000e-01 5.000000000000000e-01 1.000000000000000e+00
9.200000000000000e-02 4.000000000000000e-01 5.000000000000000e-01 1.000000000000000e+00
9.400000000000000e-02 4.000000000000000e-01 5.000000000000000e-01 1.000000000000000e+00
9.600000000000000e-02 4.000000000000000e-01 5.000000000000000e-01 1.000000000000000e+00
9.800000000000000e-02 4.000000000000000e-01 5.000000000000000e-01 1.000000000000000e+00
1.000000000000000e-01 4.000000000000000e-01 5.000000000000000e-01 1.000000000000000e+00
1.020000000000000e-01 4.000000000000000e-01 5.000000000000000e-01 1.000000000000000e+00
1.040000000000000e-01 4.000000000000000e-01 5.000000000000000e-01 1.000000000000000e+00
1.060000000000000e-01 4.000000000000000e-01 5.000000000000000e-01 1.000000000000000e+00
1.080000000000000e-01 4.000000000000000e-01 5.000000000000000e-01 1.000000000000000e+00
1.100000000000000e-01 4.000000000000000e-01 4.999999999000000e-01 1.000000000000000e+00
1.120000000000000e-01 4.000000000000000e-01 4.999999998000000e-01 1.000000000200000e+00
1.140000000000000e-01 4.000000002000000e-01 4.999999990000000e-01 1.000000000700000e+00
1.160000000000000e-01 4.000000009000000e-01 4.999999958000000e-01 1.000000003100000e+00
1.180000000000000e-01 4.000000037000000e-01 4.999999825000000e-01 1.000000013100000e+00
1.200000000000000e-01 4.000000154000000e-01 4.999999280000000e-01 1.000000053900000e+00
1.220000000000000e-01 4.000000596000000e-01 4.999997211000000e-01 1.000000208700000e+00
1.240000000000000e-01 4.000002071000000e-01 4.999990315000000e-01 1.000000724800000e+00
1.260000000000000e-01 4.000006254000000e-01 4.999970750000000e-01 1.000002188900000e+00
1.280000000000000e-01 4.000016604000000e-01 4.999922344000000e-01 1.000005811300000e+00
1.300000000000000e-01 4.000040147000000e-01 4.999812228000000e-01 1.000014051600000e+00
1.320000000000000e-01 4.000091441000000e-01 4.999572325000000e-01 1.000032004700000e+00
1.340000000000000e-01 4.000200861000000e-01 4.999060569000000e-01 1.000070302500000e+00
1.360000000000000e-01 4.000431901000000e-01 4.997980009000000e-01 1.000151171300000e+00
1.380000000000000e-01 4.000917286000000e-01 4.995709978000000e-01 1.000321076600000e+00
1.400000000000000e-01 4.001934201000000e-01 4.990954459000000e-01 1.000677087600000e+00
1.420000000000000e-01 4.004060356000000e-01 4.981013227000000e-01 1.001421639400000e+00
1.440000000000000e-01 4.008494619000000e-01 4.960286802000000e-01 1.002975363500000e+00
1.460000000000000e-01 4.017702504000000e-01 4.917277374000000e-01 1.006205597400000e+00
1.480000000000000e-01 4.036659510000000e-01 4.828858879000000e-01 1.012872239800000e+00
1.500000000000000e-01 4.075018367000000e-01 4.650499018000000e-01 1.026427431000000e+00
1.520000000000000e-01 4.150026046000000e-01 4.304062153000000e-01 1.053172583900000e+00
1.540000000000000e-01 4.287510419000000e-01 3.678345510000000e-01 1.102921121100000e+00
1.560000000000000e-01 4.512109448000000e-01 2.686861398000000e-01 1.185794621400000e+00
1.580000000000000e-01 4.813607688000000e-01 1.425205575000000e-01 1.299132596500000e+00
1.600000000000000e-01 5.102626710000000e-01 2.917817000000000e-02 1.409277444900000e+00
1.620000000000000e-01 5.274479537000000e-01 -3.545726770000000e-02 1.475644685900000e+00
1.640000000000000e-01 5.342569867000000e-01 -6.070419220000000e-02 1.502229576300000e+00
1.660000000000000e-01 5.361732556000000e-01 -6.778815380000000e-02 1.509753836200000e+00
1.680000000000000e-01 5.364958240000000e-01 -6.897979310000001e-02 1.511022570800000e+00
1.700000000000000e-01 5.364805749000000e-01 -6.892331840000000e-02 1.510962453800000e+00
1.720000000000000e-01 5.364007980000000e-01 -6.862862320000000e-02 1.510648793000000e+00
1.740000000000000e-01 5.363284332000000e-01 -6.836068100000001e-02 1.510364200800000e+00
1.760000000000000e-01 5.362989308000000e-01 -6.825041430000001e-02 1.510247611500000e+00
1.780000000000000e-01 5.362914418000000e-01 -6.822198450000000e-02 1.510217756900000e+00
1.800000000000000e-01 5.362910774000000e-01 -6.822062780000000e-02 1.510216200700000e+00
1.820000000000000e-01 5.362927788000000e-01 -6.822736359999999e-02 1.510222896000000e+00
1.840000000000000e-01 5.362953410000000e-01 -6.823741000000000e-02 1.510232965600000e+00
1.860000000000000e-01 5.362976050000000e-01 -6.824611780000001e-02 1.510241733200000e+00
1.880000000000000e-01 5.362989987000000e-01 -6.825133290000000e-02 1.510247091400000e+00
1.900000000000000e-01 5.362998091000000e-01 -6.825424060000000e-02 1.510250318500000e+00
1.920000000000000e-01 5.363004671000000e-01 -6.825644140000001e-02 1.510253030200000e+00
1.940000000000000e-01 5.363012589000000e-01 -6.825899030000000e-02 1.510256178000000e+00
1.960000000000000e-01 5.363021791000000e-01 -6.826200859999999e-02 1.510259701400000e+00
1.980000000000000e-01 5.363030119000000e-01 -6.826495850000000e-02 1.510262884200000e+00
2.000000000000000e-01 5.363036214000000e-01 -6.826739350000000e-02 1.510265248300000e+00
2.020000000000000e-01 5.363040631000000e-01 -6.826933609999999e-02 1.510266921600000e+00
2.040000000000000e-01 5.363044538000000e-01 -6.827102280000000e-02 1.510268324200000e+00
2.060000000000000e-01 5.363048566000000e-01 -6.827260440000001e-02 1.510269810600000e+00
2.080000000000000e-01 5.363052694000000e-01 -6.827403379999999e-02 1.510271444500000e+00
2.100000000000000e-01 5.363056725999999e-01 -6.827519230000000e-02 1.510273072900000e+00
2.120000000000000e-01 5.363060489000000e-01 -6.827606810000000e-02 1.510274513400000e+00
2.140000000000000e-01 5.363063722000000e-01 -6.827679909999999e-02 1.510275683000000e+00
2.160000000000000e-01 5.363066209000000e-01 -6.827755119999999e-02 1.510276599500000e+00
2.180000000000000e-01 5.363068087000000e-01 -6.827840450000000e-02 1.510277309300000e+00
2.200000000000000e-01 5.363069718000000e-01 -6.827931560000000e-02 1.510277864700000e+00
2.220000000000000e-01 5.363071256000000e-01 -6.828015690000000e-02 1.510278323500000e+00
2.240000000000000e-01 5.363072614000000e-01 -6.828081490000000e-02 1.510278762800000e+00
2.260000000000000e-01 5.363073912000000e-01 -6.828125960000000e-02 1.510279250500000e+00
2.280000000000000e-01 5.363075367000000e-01 -6.828153610000000e-02 1.510279802600000e+00
2.300000000000000e-01 5.363077040000001e-01 -6.828172790000001e-02 1.510280375200000e+00
2.320000000000000e-01 5.363078554000000e-01 -6.828191480000000e-02 1.510280883400000e+00
2.340000000000000e-01 5.363079579000000e-01 -6.828214880000000e-02 1.510281250500000e+00
2.360000000000000e-01 5.363080155000000e-01 -6.828245140000000e-02 1.510281444200000e+00
2.380000000000000e-01 5.363080569000001e-01 -6.828280400000000e-02 1.510281496000000e+00
2.400000000000000e-01 5.363080955000000e-01 -6.828314839999999e-02 1.510281491400000e+00
2.420000000000000e-01 5.363081311000000e-01 -6.828340830000000e-02 1.510281527500000e+00
2.440000000000000e-01 5.363081812000000e-01 -6.828352930000001e-02 1.510281665900000e+00
2.460000000000000e-01 5.363082605000000e-01 -6.828350750000001e-02 1.510281907100000e+00
2.480000000000000e-01 5.363083584000000e-01 -6.828339510000001e-02 1.510282193200000e+00
2.500000000000000e-01 5.363084359000000e-01 -6.828327710000000e-02 1.510282437100000e+00
2.520000000000000e-01 5.363084736000000e-01 -6.828322689999999e-02 1.510282566700000e+00
2.540000000000000e-01 5.363084809999999e-01 -6.828328080000000e-02 1.510282548700000e+00
2.560000000000000e-01 5.363084795000000e-01 -6.828341940000000e-02 1.510282407600000e+00
2.580000000000000e-01 5.363084734000000e-01 -6.828357670000000e-02 1.510282215600000e+00
2.600000000000000e-01 5.363084634000000e-01 -6.828367520000000e-02 1.510282057400000e+00
2.620000000000000e-01 5.363084700000000e-01 -6.828366270000000e-02 1.510281991600000e+00
2.640000000000000e-01 5.363085046000000e-01 -6.828353299999999e-02 1.510282027400000e+00
2.660000000000000e-01 5.363085512000000e-01 -6.828332769999999e-02 1.510282122700000e+00
2.680000000000000e-01 5.363085809000000e-01 -6.828311650000000e-02 1.510282206000000e+00
2.700000000000000e-01 5.363085850000000e-01 -6.828296310000000e-02 1.510282212200000e+00
2.720000000000000e-01 5.363085747000000e-01 -6.828290619999999e-02 1.510282103100000e+00
2.740000000000000e-01 5.363085602000000e-01 -6.828293710000000e-02 1.510281890800000e+00
2.760000000000000e-01 5.363085393000000e-01 -6.828300410000000e-02 1.510281632700000e+00
2.780000000000000e-01 5.363085150000000e-01 -6.828303690000000e-02 1.510281405200000e+00
2.800000000000000e-01 5.363085087000000e-01 -6.828297899999999e-02 1.510281269000000e+00
2.820000000000000e-01 5.363085274000000e-01 -6.828281290000000e-02 1.510281243500000e+00
2.840000000000000e-01 5.363085538000000e-01 -6.828256990000001e-02 1.510281295500000e+00
2.860000000000000e-01 5.363085680000000e-01 -6.828231500000000e-02 1.510281356300000e+00
2.880000000000000e-01 5.363085659000000e-01 -6.828211400000000e-02 1.510281356400000e+00
2.900000000000000e-01 5.363085559000000e-01 -6.828200930000000e-02 1.510281250600000e+00
2.920000000000000e-01 5.363085393000000e-01 -6.828199690000000e-02 1.510281043800000e+00
2.940000000000000e-01 5.363085119000000e-01 -6.828202990000000e-02 1.510280786300000e+00
2.960000000000000e-01 5.363084803000000e-01 -6.828204200000000e-02 1.510280549200000e+00
2.980000000000000e-01 5.363084657000000e-01 -6.828197950000001e-02 1.510280390900000e+00
3.000000000000000e-01 5.363084715999999e-01 -6.828182210000000e-02 1.510280333700000e+00
3.020000000000000e-01 5.363084836000001e-01 -6.828159310000000e-02 1.510280354000000e+00
3.040000000000000e-01 5.363084892000000e-01 -6.828134769999999e-02 1.510280393900000e+00
3.060000000000000e-01 5.363084870000000e-01 -6.828114640000001e-02 1.510280389800000e+00
3.080000000000000e-01 5.363084793000000e-01 -6.828103250000001e-02 1.510280296000000e+00
3.100000000000000e-01 5.363084596000000e-01 -6.828101080000000e-02 1.510280107600000e+00
3.120000000000000e-01 5.363084227000000e-01 -6.828104480000000e-02 1.510279863200000e+00
3.140000000000000e-01 5.363083815000000e-01 -6.828107370000000e-02 1.510279627600000e+00
3.160000000000000e-01 5.363083569000000e-01 -6.828104140000001e-02 1.510279459800000e+00
3.180000000000000e-01 5.363083516000000e-01 -6.828091990000000e-02 1.510279389700000e+00
3.200000000000000e-01 5.363083546000000e-01 -6.828072210000000e-02 1.510279402900000e+00
3.220000000000000e-01 5.363083575000001e-01 -6.828049650000000e-02 1.510279447700000e+00
3.240000000000000e-01 5.363083573000000e-01 -6.828030270000000e-02 1.510279460300000e+00
3.260000000000000e-01 5.363083484000000e-01 -6.828018530000000e-02 1.510279393100000e+00
3.280000000000000e-01 5.363083205000000e-01 -6.828015329999999e-02 1.510279236500000e+00
3.300000000000000e-01 5.363082716000001e-01 -6.828017630000000e-02 1.510279023200000e+00
3.320000000000000e-01 5.363082198000000e-01 -6.828019890000001e-02 1.510278812300000e+00
3.340000000000000e-01 5.363081825000000e-01 -6.828016830000000e-02 1.510278660200000e+00
3.360000000000000e-01 5.363081609000000e-01 -6.828005580000000e-02 1.510278597700000e+00
3.380000000000000e-01 5.363081474000000e-01 -6.827986950000001e-02 1.510278616600000e+00
3.400000000000000e-01 5.363081364000000e-01 -6.827965100000000e-02 1.510278672400000e+00
3.420000000000000e-01 5.363081224000000e-01 -6.827945580000000e-02 1.510278706000000e+00
3.440000000000000e-01 5.363080945000001e-01 -6.827932980000000e-02 1.510278668400000e+00
3.460000000000000e-01 5.363080399000000e-01 -6.827928960000000e-02 1.510278541800000e+00
3.480000000000000e-01 5.363079598000000e-01 -6.827931470000000e-02 1.510278347600000e+00
3.500000000000000e-01 5.363078729000000e-01 -6.827935570000000e-02 1.510278138300000e+00
3.520000000000000e-01 5.363077937000000e-01 -6.827935850000000e-02 1.510277971400000e+00
3.540000000000000e-01 5.363077239000000e-01 -6.827928780000000e-02 1.510277884200000e+00
3.560000000000000e-01 5.363076599000000e-01 -6.827914340000001e-02 1.510277877400000e+00
3.580000000000000e-01 5.363075975000000e-01 -6.827895990000001e-02 1.510277914100000e+00
3.600000000000000e-01 5.363075276000000e-01 -6.827878900000001e-02 1.510277939900000e+00
3.620000000000000e-01 5.363074367000000e-01 -6.827867540000000e-02 1.510277907600000e+00
3.640000000000000e-01 5.363073140000000e-01 -6.827863770000001e-02 1.510277797900000e+00
3.660000000000000e-01 5.363071638000000e-01 -6.827866040000000e-02 1.510277627700000e+00
3.680000000000000e-01 5.363070017000000e-01 -6.827869950000000e-02 1.510277444200000e+00
3.700000000000000e-01 5.363068380000000e-01 -6.827870380000001e-02 1.510277302300000e+00
3.720000000000000e-01 5.363066750000000e-01 -6.827863720000001e-02 1.510277240400000e+00
3.740000000000000e-01 5.363065111999999e-01 -6.827849660000000e-02 1.510277261700000e+00
3.760000000000000e-01 5.363063395000000e-01 -6.827831240000000e-02 1.510277333800000e+00
3.780000000000000e-01 5.363061467000000e-01 -6.827813290000000e-02 1.510277404700000e+00
3.800000000000000e-01 5.363059177000000e-01 -6.827800450000000e-02 1.510277424900000e+00
3.820000000000000e-01 5.363056429000000e-01 -6.827795330000000e-02 1.510277366500000e+00
3.840000000000000e-01 5.363053221000000e-01 -6.827797350000001e-02 1.510277235300000e+00
3.860000000000000e-01 5.363049623000000e-01 -6.827802860000000e-02 1.510277070100000e+00
3.880000000000000e-01 5.363045722999999e-01 -6.827806720000000e-02 1.510276925600000e+00
3.900000000000000e-01 5.363041570000000e-01 -6.827804940000000e-02 1.510276844400000e+00
3.920000000000000e-01 5.363037140000000e-01 -6.827796510000000e-02 1.510276837100000e+00
3.940000000000000e-01 5.363032325000000e-01 -6.827783670000000e-02 1.510276880000000e+00
3.960000000000000e-01 5.363026963000000e-01 -6.827770620000000e-02 1.510276928300000e+00
3.980000000000000e-01 5.363020879000000e-01 -6.827761620000000e-02 1.510276936600000e+00
4.000000000000000e-01 5.363013938000000e-01 -6.827759140000000e-02 1.510276878700000e+00
4.020000000000000e-01 5.363006071999999e-01 -6.827762690000000e-02 1.510276759600000e+00
4.040000000000000e-01 5.362997269999999e-01 -6.827768910000000e-02 1.510276615100000e+00
4.060000000000000e-01 5.362987546000000e-01 -6.827773099999999e-02 1.510276495000000e+00
4.080000000000000e-01 5.362976873999999e-01 -6.827771450000000e-02 1.510276439900000e+00
4.100000000000000e-01 5.362965155000000e-01 -6.827762749999999e-02 1.510276462600000e+00
4.120000000000000e-01 5.362952233000000e-01 -6.827748890000000e-02 1.510276542800000e+00
4.140000000000000e-01 5.362938053000000e-01 -6.827733540000000e-02 1.510276641500000e+00
4.160000000000000e-01 5.362923432000000e-01 -6.827721380000000e-02 1.510276708700000e+00
4.180000000000000e-01 5.362912524000000e-01 -6.827715960000000e-02 1.510276706500000e+00
4.200000000000000e-01 5.362907548000000e-01 -6.827716790000000e-02 1.510276639900000e+00
4.220000000000000e-01 5.362908651000000e-01 -6.827720499999999e-02 1.510276545000000e+00
4.240000000000000e-01 5.362917864000000e-01 -6.827723939999999e-02 1.510276455200000e+00
4.260000000000000e-01 5.362941141999999e-01 -6.827724800000000e-02 1.510276395500000e+00
4.280000000000000e-01 5.362987516000000e-01 -6.827722130000000e-02 1.510276375600000e+00
4.300000000000000e-01 5.363070921999999e-01 -6.827716690000001e-02 1.510276387400000e+00
4.320000000000000e-01 5.363212818000000e-01 -6.827710460000000e-02 1.510276409700000e+00
4.340000000000000e-01 5.363445944000000e-01 -6.827705660000000e-02 1.510276418900000e+00
4.360000000000000e-01 5.363819751000000e-01 -6.827703700000000e-02 1.510276399600000e+00
4.380000000000000e-01 5.364408123000000e-01 -6.827704670000000e-02 1.510276350900000e+00
4.400000000000000e-01 5.365320240000000e-01 -6.827707340000000e-02 1.510276285600000e+00
4.420000000000000e-01 5.366715624000000e-01 -6.827709790000000e-02 1.510276224100000e+00
4.440000000000000e-01 5.368824693000001e-01 -6.827710200000001e-02 1.510276185600000e+00
4.460000000000000e-01 5.371976422000000e-01 -6.827707600000001e-02 1.510276180300000e+00
4.480000000000000e-01 5.376634883000000e-01 -6.827702200000001e-02 1.510276205600000e+00
4.500000000000000e-01 5.383446610000000e-01 -6.827695260000000e-02 1.510276248300000e+00
4.520000000000000e-01 5.393300656000000e-01 -6.827688480000001e-02 1.510276289800000e+00
4.540000000000000e-01 5.407402888000000e-01 -6.827683330000001e-02 1.510276314400000e+00
4.560000000000000e-01 5.427365289000000e-01 -6.827680510000000e-02 1.510276314100000e+00
4.580000000000000e-01 5.455309666000000e-01 -6.827679759999999e-02 1.510276291400000e+00
4.600000000000000e-01 5.493982959000000e-01 -6.827680070000000e-02 1.510276256600000e+00
4.620000000000000e-01 5.546878142000000e-01 -6.827680210000001e-02 1.510276222800000e+00
4.640000000000000e-01 5.618350331000000e-01 -6.827679239999999e-02 1.510276199800000e+00
4.660000000000000e-01 5.713712043000000e-01 -6.827676940000001e-02 1.510276190300000e+00
4.680000000000000e-01 5.839284774000000e-01 -6.827673820000001e-02 1.510276188700000e+00
4.700000000000000e-01 6.002376306000000e-01 -6.827670880000000e-02 1.510276184200000e+00
4.720000000000000e-01 6.211145125999999e-01 -6.827669070000000e-02 1.510276166200000e+00
4.740000000000000e-01 6.474305755999999e-01 -6.827668800000000e-02 1.510276129600000e+00
4.760000000000000e-01 6.800622556000000e-01 -6.827669620000000e-02 1.510276079000000e+00
4.780000000000000e-01 7.198134876000000e-01 -6.827670340000000e-02 1.510276027900000e+00
4.800000000000000e-01 7.673051358000000e-01 -6.827669590000000e-02 1.510275994100000e+00
4.820000000000000e-01 8.228236090000000e-01 -6.827666609999999e-02 1.510275988500000e+00
4.840000000000000e-01 8.861148649000000e-01 -6.827661900000000e-02 1.510276007300000e+00
4.860000000000000e-01 9.560827902000000e-01 -6.827656960000000e-02 1.510276031000000e+00
4.880000000000000e-01 1.030169266100000e+00 -6.827653820000000e-02 1.510276030200000e+00
4.900000000000000e-01 1.101316002900000e+00 -6.827652750000000e-02 1.510275997900000e+00
4.920000000000000e-01 1.164908986300000e+00 -6.827651840000000e-02 1.510275961800000e+00
4.940000000000000e-01 1.220115982600000e+00 -6.827649750000001e-02 1.510275943900000e+00
4.960000000000000e-01 1.266911791800000e+00 -6.827647360000000e-02 1.510275932800000e+00
4.980000000000000e-01 1.305761652200000e+00 -6.827646190000000e-02 1.510275904400000e+00
5.000000000000000e-01 1.337423102700000e+00 -6.827646490000000e-02 1.510275855200000e+00
5.020000000000000e-01 1.362796635700000e+00 -6.827647150000000e-02 1.510275803300000e+00
5.040000000000000e-01 1.382819584200000e+00 -6.827647090000000e-02 1.510275766300000e+00
5.060000000000000e-01 1.398395421200000e+00 -6.827646190000000e-02 1.510275746000000e+00
5.080000000000000e-01 1.410350564400000e+00 -6.827644920000001e-02 1.510275733600000e+00
5.100000000000000e-01 1.419411795800000e+00 -6.827643730000001e-02 1.510275721900000e+00
5.120000000000000e-01 1.426198462100000e+00 -6.827642770000000e-02 1.510275709300000e+00
5.140000000000000e-01 1.431224641900000e+00 -6.827642050000000e-02 1.510275696500000e+00
5.160000000000000e-01 1.434907466500000e+00 -6.827641620000000e-02 1.510275682500000e+00
5.180000000000000e-01 1.437578705800000e+00 -6.827641600000001e-02 1.510275664400000e+00
5.200000000000000e-01 1.439497557300000e+00 -6.827642050000000e-02 1.510275640300000e+00
5.220000000000000e-01 1.440863262900000e+00 -6.827642900000000e-02 1.510275610700000e+00
5.240000000000000e-01 1.441826719700000e+00 -6.827644020000000e-02 1.510275578400000e+00
5.260000000000000e-01 1.442500655800000e+00 -6.827645280000000e-02 1.510275546300000e+00
5.280000000000000e-01 1.442968222600000e+00 -6.827646620000000e-02 1.510275516200000e+00
5.300000000000000e-01 1.443290034100000e+00 -6.827648030000000e-02 1.510275488400000e+00
5.320000000000000e-01 1.443509791200000e+00 -6.827649500000001e-02 1.510275462200000e+00
5.340000000000000e-01 1.443658678400000e+00 -6.827651060000001e-02 1.510275436400000e+00
5.360000000000000e-01 1.443758734900000e+00 -6.827652760000000e-02 1.510275410200000e+00
5.380000000000000e-01 1.443825396500000e+00 -6.827654710000000e-02 1.510275382500000e+00
5.400000000000000e-01 1.443869382800000e+00 -6.827656980000001e-02 1.510275352300000e+00
5.420000000000000e-01 1.443898078200000e+00 -6.827659580000001e-02 1.510275318200000e+00
5.440000000000000e-01 1.443916532400000e+00 -6.827662499999999e-02 1.510275278400000e+00
5.460000000000000e-01 1.443928174800000e+00 -6.827665690000000e-02 1.510275232300000e+00
5.480000000000000e-01 1.443935320400000e+00 -6.827669180000000e-02 1.510275180900000e+00
5.500000000000000e-01 1.443939523300000e+00 -6.827673060000000e-02 1.510275126800000e+00
5.520000000000000e-01 1.443941819900000e+00 -6.827677400000000e-02 1.510275072500000e+00
5.540000000000000e-01 1.443942895900000e+00 -6.827682150000000e-02 1.510275017500000e+00
5.560000000000000e-01 1.443943203000000e+00 -6.827687050000000e-02 1.510274957500000e+00
5.580000000000001e-01 1.443942973600000e+00 -6.827691710000000e-02 1.510274886000000e+00
5.600000000000001e-01 1.443942232400000e+00 -6.827695759999999e-02 1.510274796000000e+00
5.620000000000001e-01 1.443941026800000e+00 -6.827699360000000e-02 1.510274689000000e+00
5.639999999999999e-01 1.443939553000000e+00 -6.827703650000000e-02 1.510274583400000e+00
5.659999999999999e-01 1.443938216200000e+00 -6.827709849999999e-02 1.510274498200000e+00
5.679999999999999e-01 1.443937029400000e+00 -6.827717610000000e-02 1.510274424900000e+00
5.700000000000000e-01 1.443935964200000e+00 -6.827725350000000e-02 1.510274335200000e+00
5.720000000000000e-01 1.443934991100000e+00 -6.827731519999999e-02 1.510274200700000e+00
5.740000000000000e-01 1.443934095000000e+00 -6.827735770000000e-02 1.510274015200000e+00
5.760000000000000e-01 1.443933282400000e+00 -6.827739690000000e-02 1.510273806300000e+00
5.780000000000000e-01 1.443932567700000e+00 -6.827745700000000e-02 1.510273616600000e+00
5.800000000000000e-01 1.443931949400000e+00 -6.827754980000000e-02 1.510273468200000e+00
5.820000000000000e-01 1.443931398700000e+00 -6.827766580000000e-02 1.510273344200000e+00
5.840000000000000e-01 1.443930871300000e+00 -6.827778260000000e-02 1.510273201800000e+00
5.860000000000000e-01 1.443930338100000e+00 -6.827788160000001e-02 1.510273006700000e+00
5.880000000000000e-01 1.443929795200000e+00 -6.827796410000000e-02 1.510272762300000e+00
5.900000000000000e-01 1.443929261500000e+00 -6.827805070000000e-02 1.510272503700000e+00
5.920000000000000e-01 1.443928770700000e+00 -6.827816530000000e-02 1.510272264100000e+00
5.940000000000000e-01 1.443928321000000e+00 -6.827831450000001e-02 1.510272046600000e+00
5.960000000000000e-01 1.443927898200000e+00 -6.827848180000000e-02 1.510271825700000e+00
5.980000000000000e-01 1.443927488200000e+00 -6.827864330000000e-02 1.510271571300000e+00
6.000000000000000e-01 1.443927072700000e+00 -6.827879069999999e-02 1.510271267600000e+00
6.020000000000000e-01 1.443926663700000e+00 -6.827894079999999e-02 1.510270924500000e+00
6.040000000000000e-01 1.443926287000000e+00 -6.827911670000000e-02 1.510270571600000e+00
6.060000000000000e-01 1.443925944600000e+00 -6.827932270000001e-02 1.510270235300000e+00
6.080000000000000e-01 1.443925642400000e+00 -6.827954350000000e-02 1.510269911400000e+00
6.100000000000000e-01 1.443925359400000e+00 -6.827976420000000e-02 1.510269562800000e+00
6.120000000000000e-01 1.443925047400000e+00 -6.827998790000001e-02 1.510269147400000e+00
6.140000000000000e-01 1.443924717500000e+00 -6.828022709999999e-02 1.510268670100000e+00
6.160000000000000e-01 1.443924399300000e+00 -6.828048950000000e-02 1.510268183800000e+00
6.180000000000000e-01 1.443924103000000e+00 -6.828077530000000e-02 1.510267726100000e+00
6.200000000000000e-01 1.443923804900000e+00 -6.828108580000000e-02 1.510267266000000e+00
6.220000000000000e-01 1.443923445000000e+00 -6.828141670000000e-02 1.510266736900000e+00
6.240000000000000e-01 1.443923000900000e+00 -6.828175630000000e-02 1.510266114300000e+00
6.260000000000000e-01 1.443922500100000e+00 -6.828209450000000e-02 1.510265443400000e+00
6.280000000000000e-01 1.443921992500000e+00 -6.828244240000000e-02 1.510264790500000e+00
6.300000000000000e-01 1.443921490100000e+00 -6.828283530000000e-02 1.510264164000000e+00
6.320000000000000e-01 1.443920950900000e+00 -6.828330169999999e-02 1.510263495000000e+00
6.340000000000000e-01 1.443920339300000e+00 -6.828381679999999e-02 1.510262719100000e+00
6.360000000000000e-01 1.443919688100000e+00 -6.828429730000000e-02 1.510261876900000e+00
6.380000000000000e-01 1.443919047300000e+00 -6.828470690000001e-02 1.510261034100000e+00
6.400000000000000e-01 1.443918408100000e+00 -6.828512200000000e-02 1.510260177000000e+00
6.420000000000000e-01 1.443917695700000e+00 -6.828568750000000e-02 1.510259191500000e+00
6.440000000000000e-01 1.443916878400000e+00 -6.828646770000001e-02 1.510258025700000e+00
6.460000000000000e-01 1.443916092600000e+00 -6.828727160000000e-02 1.510256883500000e+00
6.480000000000000e-01 1.443915517700000e+00 -6.828784590000000e-02 1.510256025200000e+00
6.500000000000000e-01 1.443915183600000e+00 -6.828809590000000e-02 1.510255489600000e+00
6.520000000000000e-01 1.443914713400000e+00 -6.828836300000000e-02 1.510254739100000e+00
6.540000000000000e-01 1.443913280000000e+00 -6.828944180000000e-02 1.510252552100000e+00
6.560000000000000e-01 1.443908287800000e+00 -6.829362750000000e-02 1.510245108600000e+00
6.580000000000000e-01 1.443890881800000e+00 -6.830842430000000e-02 1.510219447200000e+00
6.600000000000000e-01 1.443831603500000e+00 -6.835845320000000e-02 1.510132510000000e+00
6.620000000000000e-01 1.443635775900000e+00 -6.852281000000000e-02 1.509845790900000e+00
6.640000000000000e-01 1.443011081400000e+00 -6.904642350000000e-02 1.508931301600000e+00
6.660000000000000e-01 1.441100914200000e+00 -7.064897880000000e-02 1.506135394000000e+00
6.680000000000000e-01 1.435572493600000e+00 -7.529827650000000e-02 1.498051108900000e+00
6.700000000000000e-01 1.420774122500000e+00 -8.782319130000001e-02 1.476465032900000e+00
6.720000000000000e-01 1.385477363700000e+00 -1.181792020000000e-01 1.425288840700000e+00
6.740000000000000e-01 1.314459961800000e+00 -1.812657916000000e-01 1.323773561400000e+00
6.760000000000000e-01 1.217472914400000e+00 -2.717628366000000e-01 1.188805293900000e+00
6.780000000000000e-01 1.132708635000000e+00 -3.566248221000000e-01 1.073386843700000e+00
6.800000000000000e-01 1.074378459000000e+00 -4.181726503000000e-01 9.958146957000000e-01
6.820000000000001e-01 1.039475343500000e+00 -4.561409662000000e-01 9.503559597000000e-01
6.840000000000001e-01 1.020288471500000e+00 -4.773437889000000e-01 9.257296815000000e-01
6.860000000000001e-01 1.010244427600000e+00 -4.885304673000000e-01 9.129506988000000e-01
6.879999999999999e-01 1.005124599800000e+00 -4.942550951000000e-01 9.064677236999999e-01
6.899999999999999e-01 1.002550829400000e+00 -4.971385434000000e-01 9.032167080000000e-01
6.919999999999999e-01 1.001266125500000e+00 -4.985792311000000e-01 9.015959750000000e-01
6.940000000000000e-01 1.000627183400000e+00 -4.992960995000000e-01 9.007904125000000e-01
6.960000000000000e-01 1.000310024100000e+00 -4.996520259000000e-01 9.003906698000000e-01
6.980000000000000e-01 1.000152785300000e+00 -4.998285055000000e-01 9.001925190000000e-01
7.000000000000000e-01 1.000074919800000e+00 -4.999159043000000e-01 9.000944011999999e-01
7.020000000000000e-01 1.000036423800000e+00 -4.999591148000000e-01 9.000458945000001e-01
7.040000000000000e-01 1.000017448600000e+00 -4.999804141000000e-01 9.000219854000000e-01
7.060000000000000e-01 1.000008150500000e+00 -4.999908511000000e-01 9.000102696000000e-01
7.080000000000000e-01 1.000003648000000e+00 -4.999959051000000e-01 9.000045965000000e-01
7.100000000000000e-01 1.000001519900000e+00 -4.999982940000000e-01 9.000019150000000e-01
7.120000000000000e-01 1.000000562700000e+00 -4.999993684000000e-01 9.000007090000000e-01
7.140000000000000e-01 1.000000173900000e+00 -4.999998048000000e-01 9.000002191000001e-01
7.160000000000000e-01 1.000000043300000e+00 -4.999999513000000e-01 9.000000546000000e-01
7.180000000000000e-01 1.000000009200000e+00 -4.999999897000000e-01 9.000000115000000e-01
7.200000000000000e-01 1.000000001800000e+00 -4.999999980000000e-01 9.000000023000000e-01
7.220000000000000e-01 1.000000000300000e+00 -4.999999996000000e-01 9.000000004000001e-01
7.240000000000000e-01 1.000000000100000e+00 -4.999999999000000e-01 9.000000001000000e-01
7.260000000000000e-01 1.000000000000000e+00 -5.000000000000000e-01 9.000000000000000e-01
7.280000000000000e-01 1.000000000000000e+00 -5.000000000000000e-01 9.000000000000000e-01
7.300000000000000e-01 1.000000000000000e+00 -5.000000000000000e-01 9.000000000000000e-01
7.320000000000000e-01 1.000000000000000e+00 -5.000000000000000e-01 9.000000000000000e-01
7.340000000000000e-01 1.000000000000000e+00 -5.000000000000000e-01 9.000000000000000e-01
7.360000000000000e-01 1.000000000000000e+00 -5.000000000000000e-01 9.000000000000000e-01
7.380000000000000e-01 1.000000000000000e+00 -5.000000000000000e-01 9.000000000000000e-01
7.400000000000000e-01 1.000000000000000e+00 -5.000000000000000e-01 9.000000000000000e-01
7.420000000000000e-01 1.000000000000000e+00 -5.000000000000000e-01 9.000000000000000e-01
7.440000000000000e-01 1.000000000000000e+00 -5.000000000000000e-01 9.000000000000000e-01
7.460000000000000e-01 1.000000000000000e+00 -5.000000000000000e-01 9.000000000000000e-01
7.480000000000000e-01 1.000000000000000e+00 -5.000000000000000e-01 9.000000000000000e-01
7.500000000000000e-01 1.000000000000000e+00 -5.000000000000000e-01 9.000000000000000e-01
7.520000000000000e-01 1.000000000000000e+00 -5.000000000000000e-01 9.000000000000000e-01
7.540000000000000e-01 1.000000000000000e+00 -5.000000000000000e-01 9.000000000000000e-01
7.560000000000000e-01 1.000000000000000e+00 -5.000000000000000e-01 9.000000000000000e-01
7.580000000000000e-01 1.000000000000000e+00 -5.000000000000000e-01 9.000000000000000e-01
7.600000000000000e-01 1.000000000000000e+00 -5.000000000000000e-01 9.000000000000000e-01
7.620000000000000e-01 1.000000000000000e+00 -5.000000000000000e-01 9.000000000000000e-01
7.640000000000000e-01 1.000000000000000e+00 -5.000000000000000e-01 9.000000000000000e-01
7.660000000000000e-01 1.000000000000000e+00 -5.000000000000000e-01 9.000000000000000e-01
7.680000000000000e-01 1.000000000000000e+00 -5.000000000000000e-01 9.000000000000000e-01
7.700000000000000e-01 1.000000000000000e+00 -5.000000000000000e-01 9.000000000000000e-01
7.720000000000000e-01 1.000000000000000e+00 -5.000000000000000e-01 9.000000000000000e-01
7.740000000000000e-01 1.000000000000000e+00 -5.000000000000000e-01 9.000000000000000e-01
7.760000000000000e-01 1.000000000000000e+00 -5.000000000000000e-01 9.000000000000000e-01
7.780000000000000e-01 1.000000000000000e+00 -5.000000000000000e-01 9.000000000000000e-01
7.800000000000000e-01 1.000000000000000e+00 -5.000000000000000e-01 9.000000000000000e-01
7.820000000000000e-01 1.000000000000000e+00 -5.000000000000000e-01 9.000000000000000e-01
7.840000000000000e-01 1.000000000000000e+00 -5.000000000000000e-01 9.000000000000000e-01
7.860000000000000e-01 1.000000000000000e+00 -5.000000000000000e-01 9.000000000000000e-01
7.880000000000000e-01 1.000000000000000e+00 -5.000000000000000e-01 9.000000000000000e-01
7.900000000000000e-01 1.000000000000000e+00 -5.000000000000000e-01 9.000000000000000e-01
7.920000000000000e-01 1.000000000000000e+00 -5.000000000000000e-01 9.000000000000000e-01
7.940000000000000e-01 1.000000000000000e+00 -5.000000000000000e-01 9.000000000000000e-01
7.960000000000000e-01 1.000000000000000e+00 -5.000000000000000e-01 9.000000000000000e-01
7.980000000000000e-01 1.000000000000000e+00 -5.000000000000000e-01 9.000000000000000e-01
8.000000000000000e-01 1.000000000000000e+00 -5.000000000000000e-01 9.000000000000000e-01
8.020000000000000e-01 1.000000000000000e+00 -5.000000000000000e-01 9.000000000000000e-01
8.040000000000000e-01 1.000000000000000e+00 -5.000000000000000e-01 9.000000000000000e-01
8.060000000000000e-01 1.000000000000000e+00 -5.000000000000000e-01 9.000000000000000e-01
8.080000000000001e-01 1.000000000000000e+00 -5.000000000000000e-01 9.000000000000000e-01
8.100000000000001e-01 1.000000000000000e+00 -5.000000000000000e-01 9.000000000000000e-01
8.120000000000001e-01 1.000000000000000e+00 -5.000000000000000e-01 9.000000000000000e-01
8.139999999999999e-01 1.000000000000000e+00 -5.000000000000000e-01 9.000000000000000e-01
8.159999999999999e-01 1.000000000000000e+00 -5.000000000000000e-01 9.000000000000000e-01
8.179999999999999e-01 1.000000000000000e+00 -5.000000000000000e-01 9.000000000000000e-01
8.200000000000000e-01 1.000000000000000e+00 -5.000000000000000e-01 9.000000000000000e-01
8.220000000000000e-01 1.000000000000000e+00 -5.000000000000000e-01 9.000000000000000e-01
8.240000000000000e-01 1.000000000000000e+00 -5.000000000000000e-01 9.000000000000000e-01
8.260000000000000e-01 1.000000000000000e+00 -5.000000000000000e-01 9.000000000000000e-01
8.280000000000000e-01 1.000000000000000e+00 -5.000000000000000e-01 9.000000000000000e-01
8.300000000000000e-01 1.000000000000000e+00 -5.000000000000000e-01 9.000000000000000e-01
8.320000000000000e-01 1.000000000000000e+00 -5.000000000000000e-01 9.000000000000000e-01
8.340000000000000e-01 1.000000000000000e+00 -5.000000000000000e-01 9.000000000000000e-01
8.360000000000000e-01 1.000000000000000e+00 -5.000000000000000e-01 9.000000000000000e-01
8.380000000000000e-01 1.000000000000000e+00 -5.000000000000000e-01 9.000000000000000e-01
8.400000000000000e-01 1.000000000000000e+00 -5.000000000000000e-01 9.000000000000000e-01
8.420000000000000e-01 1.000000000000000e+00 -5.000000000000000e-01 9.000000000000000e-01
8.440000000000000e-01 1.000000000000000e+00 -5.000000000000000e-01 9.000000000000000e-01
8.460000000000000e-01 1.000000000000000e+00 -5.000000000000000e-01 9.000000000000000e-01
8.480000000000000e-01 1.000000000000000e+00 -5.000000000000000e-01 9.000000000000000e-01
8.500000000000000e-01 1.000000000000000e+00 -5.000000000000000e-01 9.000000000000000e-01
8.520000000000000e-01 1.000000000000000e+00 -5.000000000000000e-01 9.000000000000000e-01
8.540000000000000e-01 1.000000000000000e+00 -5.000000000000000e-01 9.000000000000000e-01
8.560000000000000e-01 1.000000000000000e+00 -5.000000000000000e-01 9.000000000000000e-01
8.580000000000000e-01 1.000000000000000e+00 -5.000000000000000e-01 9.000000000000000e-01
8.600000000000000e-01 1.000000000000000e+00 -5.000000000000000e-01 9.000000000000000e-01
8.620000000000000e-01 1.000000000000000e+00 -5.000000000000000e-01 9.000000000000000e-01
8.640000000000000e-01 1.000000000000000e+00 -5.000000000000000e-01 9.000000000000000e-01
8.660000000000000e-01 1.000000000000000e+00 -5.000000000000000e-01 9.000000000000000e-01
8.680000000000000e-01 1.000000000000000e+00 -5.000000000000000e-01 9.000000000000000e-01
8.700000000000000e-01 1.000000000000000e+00 -5.000000000000000e-01 9.000000000000000e-01
8.720000000000000e-01 1.000000000000000e+00 -5.000000000000000e-01 9.000000000000000e-01
8.740000000000000e-01 1.000000000000000e+00 -5.000000000000000e-01 9.000000000000000e-01
8.760000000000000e-01 1.000000000000000e+00 -5.000000000000000e-01 9.000000000000000e-01
8.780000000000000e-01 1.000000000000000e+00 -5.000000000000000e-01 9.000000000000000e-01
8.800000000000000e-01 1.000000000000000e+00 -5.000000000000000e-01 9.000000000000000e-01
8.820000000000000e-01 1.000000000000000e+00 -5.000000000000000e-01 9.000000000000000e-01
8.840000000000000e-01 1.000000000000000e+00 -5.000000000000000e-01 9.000000000000000e-01
8.860000000000000e-01 1.000000000000000e+00 -5.000000000000000e-01 9.000000000000000e-01
8.880000000000000e-01 1.000000000000000e+00 -5.000000000000000e-01 9.000000000000000e-01
8.900000000000000e-01 1.000000000000000e+00 -5.000000000000000e-01 9.000000000000000e-01
8.920000000000000e-01 1.000000000000000e+00 -5.000000000000000e-01 9.000000000000000e-01
8.940000000000000e-01 1.000000000000000e+00 -5.000000000000000e-01 9.000000000000000e-01
8.960000000000000e-01 1.000000000000000e+00 -5.000000000000000e-01 9.000000000000000e-01
8.980000000000000e-01 1.000000000000000e+00 -5.000000000000000e-01 9.000000000000000e-01
9.000000000000000e-01 1.000000000000000e+00 -5.000000000000000e-01 9.000000000000000e-01
9.020000000000000e-01 1.000000000000000e+00 -5.000000000000000e-01 9.000000000000000e-01
9.040000000000000e-01 1.000000000000000e+00 -5.000000000000000e-01 9.000000000000000e-01
9.060000000000000e-01 1.000000000000000e+00 -5.000000000000000e-01 9.000000000000000e-01
9.080000000000000e-01 1.000000000000000e+00 -5.000000000000000e-01 9.000000000000000e-01
9.100000000000000e-01 1.000000000000000e+00 -5.000000000000000e-01 9.000000000000000e-01
9.120000000000000e-01 1.000000000000000e+00 -5.000000000000000e-01 9.000000000000000e-01
9.140000000000000e-01 1.000000000000000e+00 -5.000000000000000e-01 9.000000000000000e-01
9.160000000000000e-01 1.000000000000000e+00 -5.000000000000000e-01 9.000000000000000e-01
9.180000000000000e-01 1.000000000000000e+00 -5.000000000000000e-01 9.000000000000000e-01
9.200000000000000e-01 1.000000000000000e+00 -5.000000000000000e-01 9.000000000000000e-01
9.220000000000000e-01 1.000000000000000e+00 -5.000000000000000e-01 9.000000000000000e-01
9.240000000000000e-01 1.000000000000000e+00 -5.000000000000000e-01 9.000000000000000e-01
9.260000000000000e-01 1.000000000000000e+00 -5.000000000000000e-01 9.000000000000000e-01
9.280000000000000e-01 1.000000000000000e+00 -5.000000000000000e-01 9.000000000000000e-01
9.300000000000000e-01 1.000000000000000e+00 -5.000000000000000e-01 9.000000000000000e-01
9.320000000000001e-01 1.000000000000000e+00 -5.000000000000000e-01 9.000000000000000e-01
9.340000000000001e-01 1.000000000000000e+00 -5.000000000000000e-01 9.000000000000000e-01
9.360000000000001e-01 1.000000000000000e+00 -5.000000000000000e-01 9.000000000000000e-01
9.379999999999999e-01 1.000000000000000e+00 -5.000000000000000e-01 9.000000000000000e-01
9.399999999999999e-01 1.000000000000000e+00 -5.000000000000000e-01 9.000000000000000e-01
9.419999999999999e-01 1.000000000000000e+00 -5.000000000000000e-01 9.000000000000000e-01
9.440000000000000e-01 1.000000000000000e+00 -5.000000000000000e-01 9.000000000000000e-01
9.460000000000000e-01 1.000000000000000e+00 -5.000000000000000e-01 9.000000000000000e-01
9.480000000000000e-01 1.000000000000000e+00 -5.000000000000000e-01 9.000000000000000e-01
9.500000000000000e-01 1.000000000000000e+00 -5.000000000000000e-01 9.000000000000000e-01
9.520000000000000e-01 1.000000000000000e+00 -5.000000000000000e-01 9.000000000000000e-01
9.540000000000000e-01 1.000000000000000e+00 -5.000000000000000e-01 9.000000000000000e-01
9.560000000000000e-01 1.000000000000000e+00 -5.000000000000000e-01 9.000000000000000e-01
9.580000000000000e-01 1.000000000000000e+00 -5.000000000000000e-01 9.000000000000000e-01
9.600000000000000e-01 1.000000000000000e+00 -5.000000000000000e-01 9.000000000000000e-01
9.620000000000000e-01 1.000000000000000e+00 -5.000000000000000e-01 9.000000000000000e-01
9.640000000000000e-01 1.000000000000000e+00 -5.000000000000000e-01 9.000000000000000e-01
9.660000000000000e-01 1.000000000000000e+00 -5.000000000000000e-01 9.000000000000000e-01
9.680000000000000e-01 1.000000000000000e+00 -5.000000000000000e-01 9.000000000000000e-01
9.700000000000000e-01 1.000000000000000e+00 -5.000000000000000e-01 9.000000000000000e-01
9.720000000000000e-01 1.000000000000000e+00 -5.000000000000000e-01 9.000000000000000e-01
9.740000000000000e-01 1.000000000000000e+00 -5.000000000000000e-01 9.000000000000000e-01
9.760000000000000e-01 1.000000000000000e+00 -5.000000000000000e-01 9.000000000000000e-01
9.780000000000000e-01 1.000000000000000e+00 -5.000000000000000e-01 9.000000000000000e-01
9.800000000000000e-01 1.000000000000000e+00 -5.000000000000000e-01 9.000000000000000e-01
9.820000000000000e-01 1.000000000000000e+00 -5.000000000000000e-01 9.000000000000000e-01
9.840000000000000e-01 1.000000000000000e+00 -5.000000000000000e-01 9.000000000000000e-01
9.860000000000000e-01 1.000000000000000e+00 -5.000000000000000e-01 9.000000000000000e-01
9.880000000000000e-01 1.000000000000000e+00 -5.000000000000000e-01 9.000000000000000e-01
9.900000000000000e-01 1.000000000000000e+00 -5.000000000000000e-01 9.000000000000000e-01
9.920000000000000e-01 1.000000000000000e+00 -5.000000000000000e-01 9.000000000000000e-01
9.940000000000000e-01 1.000000000000000e+00 -5.000000000000000e-01 9.000000000000000e-01
9.960000000000000e-01 1.000000000000000e+00 -5.000000000000000e-01 9.000000000000000e-01
9.980000000000000e-01 1.000000000000000e+00 -5.000000000000000e-01 9.000000000000000e-01
1.000000000000000e+00 1.000000000000000e+00 -5.000000000000000e-01 9.000000000000000e-01
