TITLE = "1D Euler Filtered MacCormack Result"
VARIABLES = "x", "rho", "u", "p", "E", "rho_conserved", "rhou", "rhoE", "nu"
ZONE T="t=0.20000000", I=1001, F=POINT
0.0000000000 1.0000000000 -0.2000000000 0.5000000000 1.2700000000 1.0000000000 -0.2000000000 1.2700000000 0.0000000000
0.0010000000 1.0000000000 -0.2000000000 0.5000000000 1.2700000000 1.0000000000 -0.2000000000 1.2700000000 0.0000000000
0.0020000000 1.0000000000 -0.2000000000 0.5000000000 1.2700000000 1.0000000000 -0.2000000000 1.2700000000 0.0000000000
0.0030000000 1.0000000000 -0.2000000000 0.5000000000 1.2700000000 1.0000000000 -0.2000000000 1.2700000000 0.0000000000
0.0040000000 1.0000000000 -0.2000000000 0.5000000000 1.2700000000 1.0000000000 -0.2000000000 1.2700000000 0.0000000000
0.0050000000 1.0000000000 -0.2000000000 0.5000000000 1.2700000000 1.0000000000 -0.2000000000 1.2700000000 0.0000000000
0.0060000000 1.0000000000 -0.2000000000 0.5000000000 1.2700000000 1.0000000000 -0.2000000000 1.2700000000 0.0000000000
0.0070000000 1.0000000000 -0.2000000000 0.5000000000 1.2700000000 1.0000000000 -0.2000000000 1.2700000000 0.0000000000
0.0080000000 1.0000000000 -0.2000000000 0.5000000000 1.2700000000 1.0000000000 -0.2000000000 1.2700000000 0.0000000000
0.0090000000 1.0000000000 -0.2000000000 0.5000000000 1.2700000000 1.0000000000 -0.2000000000 1.2700000000 0.0000000000
0.0100000000 1.0000000000 -0.2000000000 0.5000000000 1.2700000000 1.0000000000 -0.2000000000 1.2700000000 0.0000000000
0.0110000000 1.0000000000 -0.2000000000 0.5000000000 1.2700000000 1.0000000000 -0.2000000000 1.2700000000 0.0000000000
0.0120000000 1.0000000000 -0.2000000000 0.5000000000 1.2700000000 1.0000000000 -0.2000000000 1.2700000000 0.0000000000
0.0130000000 1.0000000000 -0.2000000000 0.5000000000 1.2700000000 1.0000000000 -0.2000000000 1.2700000000 0.0000000000
0.0140000000 1.0000000000 -0.2000000000 0.5000000000 1.2700000000 1.0000000000 -0.2000000000 1.2700000000 0.0000000000
0.0150000000 1.0000000000 -0.2000000000 0.5000000000 1.2700000000 1.0000000000 -0.2000000000 1.2700000000 0.0000000000
0.0160000000 1.0000000000 -0.2000000000 0.5000000000 1.2700000000 1.0000000000 -0.2000000000 1.2700000000 0.0000000000
0.0170000000 1.0000000000 -0.2000000000 0.5000000000 1.2700000000 1.0000000000 -0.2000000000 1.2700000000 0.0000000000
0.0180000000 1.0000000000 -0.2000000000 0.5000000000 1.2700000000 1.0000000000 -0.2000000000 1.2700000000 0.0000000000
0.0190000000 1.0000000000 -0.2000000000 0.5000000000 1.2700000000 1.0000000000 -0.2000000000 1.2700000000 0.0000000000
0.0200000000 1.0000000000 -0.2000000000 0.5000000000 1.2700000000 1.0000000000 -0.2000000000 1.2700000000 0.0000000000
0.0210000000 1.0000000000 -0.2000000000 0.5000000000 1.2700000000 1.0000000000 -0.2000000000 1.2700000000 0.0000000000
0.0220000000 1.0000000000 -0.2000000000 0.5000000000 1.2700000000 1.0000000000 -0.2000000000 1.2700000000 0.0000000000
0.0230000000 1.0000000000 -0.2000000000 0.5000000000 1.2700000000 1.0000000000 -0.2000000000 1.2700000000 0.0000000000
0.0240000000 1.0000000000 -0.2000000000 0.5000000000 1.2700000000 1.0000000000 -0.2000000000 1.2700000000 0.0000000000
0.0250000000 1.0000000000 -0.2000000000 0.5000000000 1.2700000000 1.0000000000 -0.2000000000 1.2700000000 0.0000000000
0.0260000000 1.0000000000 -0.2000000000 0.5000000000 1.2700000000 1.0000000000 -0.2000000000 1.2700000000 0.0000000000
0.0270000000 1.0000000000 -0.2000000000 0.5000000000 1.2700000000 1.0000000000 -0.2000000000 1.2700000000 0.0000000000
0.0280000000 1.0000000000 -0.2000000000 0.5000000000 1.2700000000 1.0000000000 -0.2000000000 1.2700000000 0.0000000000
0.0290000000 1.0000000000 -0.2000000000 0.5000000000 1.2700000000 1.0000000000 -0.2000000000 1.2700000000 0.0000000000
0.0300000000 1.0000000000 -0.2000000000 0.5000000000 1.2700000000 1.0000000000 -0.2000000000 1.2700000000 0.0000000000
0.0310000000 1.0000000000 -0.2000000000 0.5000000000 1.2700000000 1.0000000000 -0.2000000000 1.2700000000 0.0000000000
0.0320000000 1.0000000000 -0.2000000000 0.5000000000 1.2700000000 1.0000000000 -0.2000000000 1.2700000000 0.0000000000
0.0330000000 1.0000000000 -0.2000000000 0.5000000000 1.2700000000 1.0000000000 -0.2000000000 1.2700000000 0.0000000000
0.0340000000 1.0000000000 -0.2000000000 0.5000000000 1.2700000000 1.0000000000 -0.2000000000 1.2700000000 0.0000000000
0.0350000000 1.0000000000 -0.2000000000 0.5000000000 1.2700000000 1.0000000000 -0.2000000000 1.2700000000 0.0000000000
0.0360000000 1.0000000000 -0.2000000000 0.5000000000 1.2700000000 1.0000000000 -0.2000000000 1.2700000000 0.0000000000
0.0370000000 1.0000000000 -0.2000000000 0.5000000000 1.2700000000 1.0000000000 -0.2000000000 1.2700000000 0.0000000000
0.0380000000 1.0000000000 -0.2000000000 0.5000000000 1.2700000000 1.0000000000 -0.2000000000 1.2700000000 0.0000000000
0.0390000000 1.0000000000 -0.2000000000 0.5000000000 1.2700000000 1.0000000000 -0.2000000000 1.2700000000 0.0000000000
0.0400000000 1.0000000000 -0.2000000000 0.5000000000 1.2700000000 1.0000000000 -0.2000000000 1.2700000000 0.0000000000
0.0410000000 1.0000000000 -0.2000000000 0.5000000000 1.2700000000 1.0000000000 -0.2000000000 1.2700000000 0.0000000000
0.0420000000 1.0000000000 -0.2000000000 0.5000000000 1.2700000000 1.0000000000 -0.2000000000 1.2700000000 0.0000000000
0.0430000000 1.0000000000 -0.2000000000 0.5000000000 1.2700000000 1.0000000000 -0.2000000000 1.2700000000 0.0000000000
0.0440000000 1.0000000000 -0.2000000000 0.5000000000 1.2700000000 1.0000000000 -0.2000000000 1.2700000000 0.0000000000
0.0450000000 1.0000000000 -0.2000000000 0.5000000000 1.2700000000 1.0000000000 -0.2000000000 1.2700000000 0.0000000000
0.0460000000 1.0000000000 -0.2000000000 0.5000000000 1.2700000000 1.0000000000 -0.2000000000 1.2700000000 0.0000000000
0.0470000000 1.0000000000 -0.2000000000 0.5000000000 1.2700000000 1.0000000000 -0.2000000000 1.2700000000 0.0000000000
0.0480000000 1.0000000000 -0.2000000000 0.5000000000 1.2700000000 1.0000000000 -0.2000000000 1.2700000000 0.0000000000
0.0490000000 1.0000000000 -0.2000000000 0.5000000000 1.2700000000 1.0000000000 -0.2000000000 1.2700000000 0.0000000000
0.0500000000 1.0000000000 -0.2000000000 0.5000000000 1.2700000000 1.0000000000 -0.2000000000 1.2700000000 0.0000000000
0.0510000000 1.0000000000 -0.2000000000 0.5000000000 1.2700000000 1.0000000000 -0.2000000000 1.2700000000 0.0000000000
0.0520000000 1.0000000000 -0.2000000000 0.5000000000 1.2700000000 1.0000000000 -0.2000000000 1.2700000000 0.0000000000
0.0530000000 1.0000000000 -0.2000000000 0.5000000000 1.2700000000 1.0000000000 -0.2000000000 1.2700000000 0.0000000000
0.0540000000 1.0000000000 -0.2000000000 0.5000000000 1.2700000000 1.0000000000 -0.2000000000 1.2700000000 0.0000000000
0.0550000000 1.0000000000 -0.2000000000 0.5000000000 1.2700000000 1.0000000000 -0.2000000000 1.2700000000 0.0000000000
0.0560000000 1.0000000000 -0.2000000000 0.5000000000 1.2700000000 1.0000000000 -0.2000000000 1.2700000000 0.0000000000
0.0570000000 1.0000000000 -0.2000000000 0.5000000000 1.2700000000 1.0000000000 -0.2000000000 1.2700000000 0.0000000000
0.0580000000 1.0000000000 -0.2000000000 0.5000000000 1.2700000000 1.0000000000 -0.2000000000 1.2700000000 0.0000000000
0.0590000000 1.0000000000 -0.2000000000 0.5000000000 1.2700000000 1.0000000000 -0.2000000000 1.2700000000 0.0000000000
0.0600000000 1.0000000000 -0.2000000000 0.5000000000 1.2700000000 1.0000000000 -0.2000000000 1.2700000000 0.0000000000
0.0610000000 1.0000000000 -0.2000000000 0.5000000000 1.2700000000 1.0000000000 -0.2000000000 1.2700000000 0.0000000000
0.0620000000 1.0000000000 -0.2000000000 0.5000000000 1.2700000000 1.0000000000 -0.2000000000 1.2700000000 0.0000000000
0.0630000000 1.0000000000 -0.2000000000 0.5000000000 1.2700000000 1.0000000000 -0.2000000000 1.2700000000 0.0000000000
0.0640000000 1.0000000000 -0.2000000000 0.5000000000 1.2700000000 1.0000000000 -0.2000000000 1.2700000000 0.0000000000
0.0650000000 1.0000000000 -0.2000000000 0.5000000000 1.2700000000 1.0000000000 -0.2000000000 1.2700000000 0.0000000000
0.0660000000 1.0000000000 -0.2000000000 0.5000000000 1.2700000000 1.0000000000 -0.2000000000 1.2700000000 0.0000000000
0.0670000000 1.0000000000 -0.2000000000 0.5000000000 1.2700000000 1.0000000000 -0.2000000000 1.2700000000 0.0000000000
0.0680000000 1.0000000000 -0.2000000000 0.5000000000 1.2700000000 1.0000000000 -0.2000000000 1.2700000000 0.0000000000
0.0690000000 1.0000000000 -0.2000000000 0.5000000000 1.2700000000 1.0000000000 -0.2000000000 1.2700000000 0.0000000000
0.0700000000 1.0000000000 -0.2000000000 0.5000000000 1.2700000000 1.0000000000 -0.2000000000 1.2700000000 0.0000000000
0.0710000000 1.0000000000 -0.2000000000 0.5000000000 1.2700000000 1.0000000000 -0.2000000000 1.2700000000 0.0000000000
0.0720000000 1.0000000000 -0.2000000000 0.5000000000 1.2700000000 1.0000000000 -0.2000000000 1.2700000000 0.0000000000
0.0730000000 1.0000000000 -0.2000000000 0.5000000000 1.2700000000 1.0000000000 -0.2000000000 1.2700000000 0.0000000000
0.0740000000 1.0000000000 -0.2000000000 0.5000000000 1.2700000000 1.0000000000 -0.2000000000 1.2700000000 0.0000000000
0.0750000000 1.0000000000 -0.2000000000 0.5000000000 1.2700000000 1.0000000000 -0.2000000000 1.2700000000 0.0000000000
0.0760000000 1.0000000000 -0.2000000000 0.5000000000 1.2700000000 1.0000000000 -0.2000000000 1.2700000000 0.0000000000
0.0770000000 1.0000000000 -0.2000000000 0.5000000000 1.2700000000 1.0000000000 -0.2000000000 1.2700000000 0.0000000000
0.0780000000 1.0000000000 -0.2000000000 0.5000000000 1.2700000000 1.0000000000 -0.2000000000 1.2700000000 0.0000000000
0.0790000000 1.0000000000 -0.2000000000 0.5000000000 1.2700000000 1.0000000000 -0.2000000000 1.2700000000 0.0000000000
0.0800000000 1.0000000000 -0.2000000000 0.5000000000 1.2700000000 1.0000000000 -0.2000000000 1.2700000000 0.0000000000
0.0810000000 1.0000000000 -0.2000000000 0.5000000000 1.2700000000 1.0000000000 -0.2000000000 1.2700000000 0.0000000000
0.0820000000 1.0000000000 -0.2000000000 0.5000000000 1.2700000000 1.0000000000 -0.2000000000 1.2700000000 0.0000000000
0.0830000000 1.0000000000 -0.2000000000 0.5000000000 1.2700000000 1.0000000000 -0.2000000000 1.2700000000 0.0000000000
0.0840000000 1.0000000000 -0.2000000000 0.5000000000 1.2700000000 1.0000000000 -0.2000000000 1.2700000000 0.0000000000
0.0850000000 1.0000000000 -0.2000000000 0.5000000000 1.2700000000 1.0000000000 -0.2000000000 1.2700000000 0.0000000000
0.0860000000 1.0000000000 -0.2000000000 0.5000000000 1.2700000000 1.0000000000 -0.2000000000 1.2700000000 0.0000000000
0.0870000000 1.0000000000 -0.2000000000 0.5000000000 1.2700000000 1.0000000000 -0.2000000000 1.2700000000 0.0000000000
0.0880000000 1.0000000000 -0.2000000000 0.5000000000 1.2700000000 1.0000000000 -0.2000000000 1.2700000000 0.0000000000
0.0890000000 1.0000000000 -0.2000000000 0.5000000000 1.2700000000 1.0000000000 -0.2000000000 1.2700000000 0.0000000000
0.0900000000 1.0000000000 -0.2000000000 0.5000000000 1.2700000000 1.0000000000 -0.2000000000 1.2700000000 0.0000000000
0.0910000000 1.0000000000 -0.2000000000 0.5000000000 1.2700000000 1.0000000000 -0.2000000000 1.2700000000 0.0000000000
0.0920000000 1.0000000000 -0.2000000000 0.5000000000 1.2700000000 1.0000000000 -0.2000000000 1.2700000000 0.0000000000
0.0930000000 1.0000000000 -0.2000000000 0.5000000000 1.2700000000 1.0000000000 -0.2000000000 1.2700000000 0.0000000000
0.0940000000 1.0000000000 -0.2000000000 0.5000000000 1.2700000000 1.0000000000 -0.2000000000 1.2700000000 0.0000000000
0.0950000000 1.0000000000 -0.2000000000 0.5000000000 1.2700000000 1.0000000000 -0.2000000000 1.2700000000 0.0000000000
0.0960000000 1.0000000000 -0.2000000000 0.5000000000 1.2700000000 1.0000000000 -0.2000000000 1.2700000000 0.0000000000
0.0970000000 1.0000000000 -0.2000000000 0.5000000000 1.2700000000 1.0000000000 -0.2000000000 1.2700000000 0.0000000000
0.0980000000 1.0000000000 -0.2000000000 0.5000000000 1.2700000000 1.0000000000 -0.2000000000 1.2700000000 0.0000000000
0.0990000000 1.0000000000 -0.2000000000 0.5000000000 1.2700000000 1.0000000000 -0.2000000000 1.2700000000 0.0000000000
0.1000000000 1.0000000000 -0.2000000000 0.5000000000 1.2700000000 1.0000000000 -0.2000000000 1.2700000000 0.0000000000
0.1010000000 1.0000000000 -0.2000000000 0.5000000000 1.2700000000 1.0000000000 -0.2000000000 1.2700000000 0.0000000000
0.1020000000 1.0000000000 -0.2000000000 0.5000000000 1.2700000000 1.0000000000 -0.2000000000 1.2700000000 0.0000000000
0.1030000000 1.0000000000 -0.2000000000 0.5000000000 1.2700000000 1.0000000000 -0.2000000000 1.2700000000 0.0000000000
0.1040000000 1.0000000000 -0.2000000000 0.5000000000 1.2700000000 1.0000000000 -0.2000000000 1.2700000000 0.0000000000
0.1050000000 1.0000000000 -0.2000000000 0.5000000000 1.2700000000 1.0000000000 -0.2000000000 1.2700000000 0.0000000000
0.1060000000 1.0000000000 -0.2000000000 0.5000000000 1.2700000000 1.0000000000 -0.2000000000 1.2700000000 0.0000000000
0.1070000000 1.0000000000 -0.2000000000 0.5000000000 1.2700000000 1.0000000000 -0.2000000000 1.2700000000 0.0000000000
0.1080000000 1.0000000000 -0.2000000000 0.5000000000 1.2700000000 1.0000000000 -0.2000000000 1.2700000000 0.0000000000
0.1090000000 1.0000000000 -0.2000000000 0.5000000000 1.2700000000 1.0000000000 -0.2000000000 1.2700000000 0.0000000000
0.1100000000 1.0000000000 -0.2000000000 0.5000000000 1.2700000000 1.0000000000 -0.2000000000 1.2700000000 0.0000000000
0.1110000000 1.0000000000 -0.2000000000 0.5000000000 1.2700000000 1.0000000000 -0.2000000000 1.2700000000 0.0000000000
0.1120000000 1.0000000000 -0.2000000000 0.5000000000 1.2700000000 1.0000000000 -0.2000000000 1.2700000000 0.0000000000
0.1130000000 1.0000000000 -0.2000000000 0.5000000000 1.2700000000 1.0000000000 -0.2000000000 1.2700000000 0.0000000000
0.1140000000 1.0000000000 -0.2000000000 0.5000000000 1.2700000000 1.0000000000 -0.2000000000 1.2700000000 0.0000000000
0.1150000000 1.0000000000 -0.2000000000 0.5000000000 1.2700000000 1.0000000000 -0.2000000000 1.2700000000 0.0000000000
0.1160000000 1.0000000000 -0.2000000000 0.5000000000 1.2700000000 1.0000000000 -0.2000000000 1.2700000000 0.0000000000
0.1170000000 1.0000000000 -0.2000000000 0.5000000000 1.2700000000 1.0000000000 -0.2000000000 1.2700000000 0.0000000000
0.1180000000 1.0000000000 -0.2000000000 0.5000000000 1.2700000000 1.0000000000 -0.2000000000 1.2700000000 0.0000000000
0.1190000000 1.0000000000 -0.2000000000 0.5000000000 1.2700000000 1.0000000000 -0.2000000000 1.2700000000 0.0000000000
0.1200000000 1.0000000000 -0.2000000000 0.5000000000 1.2700000000 1.0000000000 -0.2000000000 1.2700000000 0.0000000000
0.1210000000 1.0000000000 -0.2000000000 0.5000000000 1.2700000000 1.0000000000 -0.2000000000 1.2700000000 0.0000000000
0.1220000000 1.0000000000 -0.2000000000 0.5000000000 1.2700000000 1.0000000000 -0.2000000000 1.2700000000 0.0000000000
0.1230000000 1.0000000000 -0.2000000000 0.5000000000 1.2700000000 1.0000000000 -0.2000000000 1.2700000000 0.0000000000
0.1240000000 1.0000000000 -0.2000000000 0.5000000000 1.2700000000 1.0000000000 -0.2000000000 1.2700000000 0.0000000000
0.1250000000 1.0000000000 -0.2000000000 0.5000000000 1.2700000000 1.0000000000 -0.2000000000 1.2700000000 0.0000000000
0.1260000000 1.0000000000 -0.2000000000 0.5000000000 1.2700000000 1.0000000000 -0.2000000000 1.2700000000 0.0000000000
0.1270000000 1.0000000000 -0.2000000000 0.5000000000 1.2700000000 1.0000000000 -0.2000000000 1.2700000000 0.0000000000
0.1280000000 1.0000000000 -0.2000000000 0.5000000000 1.2700000000 1.0000000000 -0.2000000000 1.2700000000 0.0000000000
0.1290000000 1.0000000000 -0.2000000000 0.5000000000 1.2700000000 1.0000000000 -0.2000000000 1.2700000000 0.0000000000
0.1300000000 1.0000000000 -0.2000000000 0.5000000000 1.2700000000 1.0000000000 -0.2000000000 1.2700000000 0.0000000000
0.1310000000 1.0000000000 -0.2000000000 0.5000000000 1.2700000000 1.0000000000 -0.2000000000 1.2700000000 0.0000000000
0.1320000000 1.0000000000 -0.2000000000 0.5000000000 1.2700000000 1.0000000000 -0.2000000000 1.2700000000 0.0000000000
0.1330000000 1.0000000000 -0.2000000000 0.5000000000 1.2700000000 1.0000000000 -0.2000000000 1.2700000000 0.0000000000
0.1340000000 1.0000000000 -0.2000000000 0.5000000000 1.2700000000 1.0000000000 -0.2000000000 1.2700000000 0.0000000000
0.1350000000 1.0000000000 -0.2000000000 0.5000000000 1.2700000000 1.0000000000 -0.2000000000 1.2700000000 0.0000000000
0.1360000000 1.0000000000 -0.2000000000 0.5000000000 1.2700000000 1.0000000000 -0.2000000000 1.2700000000 0.0000000000
0.1370000000 1.0000000000 -0.2000000000 0.5000000000 1.2700000000 1.0000000000 -0.2000000000 1.2700000000 0.0000000000
0.1380000000 1.0000000000 -0.2000000000 0.5000000000 1.2700000000 1.0000000000 -0.2000000000 1.2700000000 0.0000000000
0.1390000000 1.0000000000 -0.2000000000 0.5000000000 1.2700000000 1.0000000000 -0.2000000000 1.2700000000 0.0000000000
0.1400000000 1.0000000000 -0.2000000000 0.5000000000 1.2700000000 1.0000000000 -0.2000000000 1.2700000000 0.0000000000
0.1410000000 1.0000000000 -0.2000000000 0.5000000000 1.2700000000 1.0000000000 -0.2000000000 1.2700000000 0.0000000000
0.1420000000 1.0000000000 -0.2000000000 0.5000000000 1.2700000000 1.0000000000 -0.2000000000 1.2700000000 0.0000000000
0.1430000000 1.0000000000 -0.2000000000 0.5000000000 1.2700000000 1.0000000000 -0.2000000000 1.2700000000 0.0000000000
0.1440000000 1.0000000000 -0.2000000000 0.5000000000 1.2700000000 1.0000000000 -0.2000000000 1.2700000000 0.0000000000
0.1450000000 1.0000000000 -0.2000000000 0.5000000000 1.2700000000 1.0000000000 -0.2000000000 1.2700000000 0.0000000000
0.1460000000 1.0000000000 -0.2000000000 0.5000000000 1.2700000000 1.0000000000 -0.2000000000 1.2700000000 0.0000000000
0.1470000000 1.0000000000 -0.2000000000 0.5000000000 1.2700000000 1.0000000000 -0.2000000000 1.2700000000 0.0000000000
0.1480000000 1.0000000000 -0.2000000000 0.5000000000 1.2700000000 1.0000000000 -0.2000000000 1.2700000000 0.0000000000
0.1490000000 1.0000000000 -0.2000000000 0.5000000000 1.2700000000 1.0000000000 -0.2000000000 1.2700000000 0.0000000000
0.1500000000 1.0000000000 -0.2000000000 0.5000000000 1.2700000000 1.0000000000 -0.2000000000 1.2700000000 0.0000000000
0.1510000000 1.0000000000 -0.2000000000 0.5000000000 1.2700000000 1.0000000000 -0.2000000000 1.2700000000 0.0000000000
0.1520000000 1.0000000000 -0.2000000000 0.5000000000 1.2700000000 1.0000000000 -0.2000000000 1.2700000000 0.0000000000
0.1530000000 1.0000000000 -0.2000000000 0.5000000000 1.2700000000 1.0000000000 -0.2000000000 1.2700000000 0.0000000000
0.1540000000 1.0000000000 -0.2000000000 0.5000000000 1.2700000000 1.0000000000 -0.2000000000 1.2700000000 0.0000000000
0.1550000000 1.0000000000 -0.2000000000 0.5000000000 1.2700000000 1.0000000000 -0.2000000000 1.2700000000 0.0000000000
0.1560000000 1.0000000000 -0.2000000000 0.5000000000 1.2700000000 1.0000000000 -0.2000000000 1.2700000000 0.0000000000
0.1570000000 1.0000000000 -0.2000000000 0.5000000000 1.2700000000 1.0000000000 -0.2000000000 1.2700000000 0.0000000000
0.1580000000 1.0000000000 -0.2000000000 0.5000000000 1.2700000000 1.0000000000 -0.2000000000 1.2700000000 0.0000000000
0.1590000000 1.0000000000 -0.2000000000 0.5000000000 1.2700000000 1.0000000000 -0.2000000000 1.2700000000 0.0000000000
0.1600000000 1.0000000000 -0.2000000000 0.5000000000 1.2700000000 1.0000000000 -0.2000000000 1.2700000000 0.0000000000
0.1610000000 1.0000000000 -0.2000000000 0.5000000000 1.2700000000 1.0000000000 -0.2000000000 1.2700000000 0.0000000000
0.1620000000 1.0000000000 -0.2000000000 0.5000000000 1.2700000000 1.0000000000 -0.2000000000 1.2700000000 0.0000000000
0.1630000000 1.0000000000 -0.2000000000 0.5000000000 1.2700000000 1.0000000000 -0.2000000000 1.2700000000 0.0000000000
0.1640000000 1.0000000000 -0.2000000000 0.5000000000 1.2700000000 1.0000000000 -0.2000000000 1.2700000000 0.0000000000
0.1650000000 1.0000000000 -0.2000000000 0.5000000000 1.2700000000 1.0000000000 -0.2000000000 1.2700000000 0.0000000000
0.1660000000 1.0000000000 -0.2000000000 0.5000000000 1.2700000000 1.0000000000 -0.2000000000 1.2700000000 0.0000000000
0.1670000000 1.0000000000 -0.2000000000 0.5000000000 1.2700000000 1.0000000000 -0.2000000000 1.2700000000 0.0000000000
0.1680000000 1.0000000000 -0.2000000000 0.5000000000 1.2700000000 1.0000000000 -0.2000000000 1.2700000000 0.0000000000
0.1690000000 1.0000000000 -0.2000000000 0.5000000000 1.2700000000 1.0000000000 -0.2000000000 1.2700000000 0.0000000000
0.1700000000 1.0000000000 -0.2000000000 0.5000000000 1.2700000000 1.0000000000 -0.2000000000 1.2700000000 0.0000000000
0.1710000000 1.0000000000 -0.2000000000 0.5000000000 1.2700000000 1.0000000000 -0.2000000000 1.2700000000 0.0000000000
0.1720000000 1.0000000000 -0.2000000000 0.5000000000 1.2700000000 1.0000000000 -0.2000000000 1.2700000000 0.0000000000
0.1730000000 1.0000000000 -0.2000000000 0.5000000000 1.2700000000 1.0000000000 -0.2000000000 1.2700000000 0.0000000000
0.1740000000 1.0000000000 -0.2000000000 0.5000000000 1.2700000000 1.0000000000 -0.2000000000 1.2700000000 0.0000000000
0.1750000000 1.0000000000 -0.2000000000 0.5000000000 1.2700000000 1.0000000000 -0.2000000000 1.2700000000 0.0000000000
0.1760000000 1.0000000000 -0.2000000000 0.5000000000 1.2700000000 1.0000000000 -0.2000000000 1.2700000000 0.0000000000
0.1770000000 1.0000000000 -0.2000000000 0.5000000000 1.2700000000 1.0000000000 -0.2000000000 1.2700000000 0.0000000000
0.1780000000 1.0000000000 -0.2000000000 0.5000000000 1.2700000000 1.0000000000 -0.2000000000 1.2700000000 0.0000000000
0.1790000000 1.0000000000 -0.2000000000 0.5000000000 1.2700000000 1.0000000000 -0.2000000000 1.2700000000 0.0000000000
0.1800000000 1.0000000000 -0.2000000000 0.5000000000 1.2700000000 1.0000000000 -0.2000000000 1.2700000000 0.0000000000
0.1810000000 1.0000000000 -0.2000000000 0.5000000000 1.2700000000 1.0000000000 -0.2000000000 1.2700000000 0.0000000000
0.1820000000 1.0000000000 -0.2000000000 0.5000000000 1.2700000000 1.0000000000 -0.2000000000 1.2700000000 0.0000000000
0.1830000000 1.0000000000 -0.2000000000 0.5000000000 1.2700000000 1.0000000000 -0.2000000000 1.2700000000 0.0000000000
0.1840000000 1.0000000000 -0.2000000000 0.5000000000 1.2700000000 1.0000000000 -0.2000000000 1.2700000000 0.0000000000
0.1850000000 1.0000000000 -0.2000000000 0.5000000000 1.2700000000 1.0000000000 -0.2000000000 1.2700000000 0.0000000000
0.1860000000 1.0000000000 -0.2000000000 0.5000000000 1.2700000000 1.0000000000 -0.2000000000 1.2700000000 0.0000000000
0.1870000000 1.0000000000 -0.2000000000 0.5000000000 1.2700000000 1.0000000000 -0.2000000000 1.2700000000 0.0000000000
0.1880000000 1.0000000000 -0.2000000000 0.5000000000 1.2700000000 1.0000000000 -0.2000000000 1.2700000000 0.0000000000
0.1890000000 1.0000000000 -0.2000000000 0.5000000000 1.2700000000 1.0000000000 -0.2000000000 1.2700000000 0.0000000000
0.1900000000 1.0000000000 -0.2000000000 0.5000000000 1.2700000000 1.0000000000 -0.2000000000 1.2700000000 0.0000000000
0.1910000000 1.0000000000 -0.2000000000 0.5000000000 1.2700000000 1.0000000000 -0.2000000000 1.2700000000 0.0000000000
0.1920000000 1.0000000000 -0.2000000000 0.5000000000 1.2700000000 1.0000000000 -0.2000000000 1.2700000000 0.0000000000
0.1930000000 1.0000000000 -0.2000000000 0.5000000000 1.2700000000 1.0000000000 -0.2000000000 1.2700000000 0.0000000000
0.1940000000 1.0000000000 -0.2000000000 0.5000000000 1.2700000000 1.0000000000 -0.2000000000 1.2700000000 0.0000000000
0.1950000000 1.0000000000 -0.2000000000 0.5000000000 1.2700000000 1.0000000000 -0.2000000000 1.2700000000 0.0000000000
0.1960000000 1.0000000000 -0.2000000000 0.5000000000 1.2700000000 1.0000000000 -0.2000000000 1.2700000000 0.0000000000
0.1970000000 1.0000000000 -0.2000000000 0.5000000000 1.2700000000 1.0000000000 -0.2000000000 1.2700000000 0.0000000000
0.1980000000 1.0000000000 -0.2000000000 0.5000000000 1.2700000000 1.0000000000 -0.2000000000 1.2700000000 0.0000000000
0.1990000000 1.0000000000 -0.2000000000 0.5000000000 1.2700000000 1.0000000000 -0.2000000000 1.2700000000 0.0000000000
0.2000000000 1.0000000000 -0.2000000000 0.5000000000 1.2700000000 1.0000000000 -0.2000000000 1.2700000000 0.0000000000
0.2010000000 1.0000000000 -0.2000000000 0.5000000000 1.2700000000 1.0000000000 -0.2000000000 1.2700000000 0.0000000000
0.2020000000 1.0000000000 -0.2000000000 0.5000000000 1.2700000000 1.0000000000 -0.2000000000 1.2700000000 0.0000000000
0.2030000000 1.0000000000 -0.2000000000 0.5000000000 1.2700000000 1.0000000000 -0.2000000000 1.2700000000 0.0000000000
0.2040000000 1.0000000000 -0.2000000000 0.5000000000 1.2700000000 1.0000000000 -0.2000000000 1.2700000000 0.0000000000
0.2050000000 1.0000000000 -0.2000000000 0.5000000000 1.2700000000 1.0000000000 -0.2000000000 1.2700000000 0.0000000000
0.2060000000 1.0000000000 -0.2000000000 0.5000000000 1.2700000000 1.0000000000 -0.2000000000 1.2700000000 0.0000000000
0.2070000000 1.0000000000 -0.2000000000 0.5000000000 1.2700000000 1.0000000000 -0.2000000000 1.2700000000 0.0000000000
0.2080000000 1.0000000000 -0.2000000000 0.5000000000 1.2700000000 1.0000000000 -0.2000000000 1.2700000000 0.0000000000
0.2090000000 1.0000000000 -0.2000000000 0.5000000000 1.2700000000 1.0000000000 -0.2000000000 1.2700000000 0.0000000000
0.2100000000 1.0000000000 -0.2000000000 0.5000000000 1.2700000000 1.0000000000 -0.2000000000 1.2700000000 0.0000000000
0.2110000000 1.0000000000 -0.2000000000 0.5000000000 1.2700000000 1.0000000000 -0.2000000000 1.2700000000 0.0000000000
0.2120000000 1.0000000000 -0.2000000000 0.5000000000 1.2700000000 1.0000000000 -0.2000000000 1.2700000000 0.0000000000
0.2130000000 1.0000000000 -0.2000000000 0.5000000000 1.2700000000 1.0000000000 -0.2000000000 1.2700000000 0.0000000000
0.2140000000 1.0000000000 -0.2000000000 0.5000000000 1.2700000000 1.0000000000 -0.2000000000 1.2700000000 0.0000000000
0.2150000000 1.0000000000 -0.2000000000 0.5000000000 1.2700000000 1.0000000000 -0.2000000000 1.2700000000 0.0000000000
0.2160000000 1.0000000000 -0.2000000000 0.5000000000 1.2700000000 1.0000000000 -0.2000000000 1.2700000000 0.0000000000
0.2170000000 1.0000000000 -0.2000000000 0.5000000000 1.2700000000 1.0000000000 -0.2000000000 1.2700000000 0.0000000000
0.2180000000 1.0000000000 -0.2000000000 0.5000000000 1.2700000000 1.0000000000 -0.2000000000 1.2700000000 0.0000000000
0.2190000000 1.0000000000 -0.2000000000 0.5000000000 1.2700000000 1.0000000000 -0.2000000000 1.2700000000 0.0000000000
0.2200000000 1.0000000000 -0.2000000000 0.5000000000 1.2700000000 1.0000000000 -0.2000000000 1.2700000000 0.0000000000
0.2210000000 1.0000000000 -0.2000000000 0.5000000000 1.2700000000 1.0000000000 -0.2000000000 1.2700000000 0.0000000000
0.2220000000 1.0000000000 -0.2000000000 0.5000000000 1.2700000000 1.0000000000 -0.2000000000 1.2700000000 0.0000000000
0.2230000000 1.0000000000 -0.2000000000 0.5000000000 1.2700000000 1.0000000000 -0.2000000000 1.2700000000 0.0000000000
0.2240000000 1.0000000000 -0.2000000000 0.5000000000 1.2700000000 1.0000000000 -0.2000000000 1.2700000000 0.0000000000
0.2250000000 1.0000000000 -0.2000000000 0.5000000000 1.2700000000 1.0000000000 -0.2000000000 1.2700000000 0.0000000000
0.2260000000 1.0000000000 -0.2000000000 0.5000000000 1.2700000000 1.0000000000 -0.2000000000 1.2700000000 0.0000000000
0.2270000000 1.0000000000 -0.2000000000 0.5000000000 1.2700000000 1.0000000000 -0.2000000000 1.2700000000 0.0000000000
0.2280000000 1.0000000000 -0.2000000000 0.5000000000 1.2700000000 1.0000000000 -0.2000000000 1.2700000000 0.0000000000
0.2290000000 1.0000000000 -0.2000000000 0.5000000000 1.2700000000 1.0000000000 -0.2000000000 1.2700000000 0.0000000000
0.2300000000 1.0000000000 -0.2000000000 0.5000000000 1.2700000000 1.0000000000 -0.2000000000 1.2700000000 0.0000000000
0.2310000000 1.0000000000 -0.2000000000 0.5000000000 1.2700000000 1.0000000000 -0.2000000000 1.2700000000 0.0000000000
0.2320000000 1.0000000000 -0.2000000000 0.5000000000 1.2700000000 1.0000000000 -0.2000000000 1.2700000000 0.0000000000
0.2330000000 1.0000000000 -0.2000000000 0.5000000000 1.2700000000 1.0000000000 -0.2000000000 1.2700000000 0.0000000000
0.2340000000 1.0000000000 -0.2000000000 0.5000000000 1.2700000000 1.0000000000 -0.2000000000 1.2700000000 0.0000000000
0.2350000000 1.0000000000 -0.2000000000 0.5000000000 1.2700000000 1.0000000000 -0.2000000000 1.2700000000 0.0000000001
0.2360000000 1.0000000000 -0.2000000000 0.5000000000 1.2700000000 1.0000000000 -0.2000000000 1.2700000000 0.0000000001
0.2370000000 1.0000000000 -0.2000000000 0.5000000000 1.2700000000 1.0000000000 -0.2000000000 1.2700000000 0.0000000003
0.2380000000 1.0000000000 -0.2000000000 0.5000000000 1.2700000000 1.0000000000 -0.2000000000 1.2700000000 0.0000000007
0.2390000000 1.0000000000 -0.2000000000 0.5000000000 1.2700000000 1.0000000000 -0.2000000000 1.2700000000 0.0000000016
0.2400000000 1.0000000000 -0.2000000000 0.5000000000 1.2700000000 1.0000000000 -0.2000000000 1.2700000000 0.0000000037
0.2410000000 1.0000000000 -0.2000000000 0.5000000000 1.2700000000 1.0000000000 -0.2000000000 1.2700000000 0.0000000082
0.2420000000 1.0000000000 -0.2000000000 0.5000000000 1.2700000000 1.0000000000 -0.2000000000 1.2700000000 0.0000000180
0.2430000000 1.0000000000 -0.2000000000 0.5000000000 1.2700000000 1.0000000000 -0.2000000000 1.2700000000 0.0000000394
0.2440000000 1.0000000000 -0.2000000000 0.5000000000 1.2700000000 1.0000000000 -0.2000000000 1.2700000000 0.0000000852
0.2450000000 1.0000000000 -0.2000000000 0.5000000000 1.2700000000 1.0000000000 -0.2000000000 1.2700000000 0.0000001827
0.2460000000 1.0000000000 -0.2000000000 0.5000000000 1.2700000000 1.0000000000 -0.2000000000 1.2700000000 0.0000003877
0.2470000000 1.0000000000 -0.2000000000 0.5000000000 1.2700000000 1.0000000000 -0.2000000000 1.2699999999 0.0000008147
0.2480000000 0.9999999999 -0.1999999999 0.5000000000 1.2700000000 0.9999999999 -0.1999999999 1.2699999999 0.0000016946
0.2490000000 0.9999999999 -0.1999999999 0.4999999999 1.2699999999 0.9999999999 -0.1999999999 1.2699999998 0.0000034884
0.2500000000 0.9999999997 -0.1999999998 0.4999999998 1.2699999998 0.9999999997 -0.1999999997 1.2699999995 0.0000071063
0.2510000000 0.9999999994 -0.1999999995 0.4999999996 1.2699999996 0.9999999994 -0.1999999994 1.2699999989 0.0000143209
0.2520000000 0.9999999989 -0.1999999990 0.4999999992 1.2699999992 0.9999999989 -0.1999999988 1.2699999978 0.0000285381
0.2530000000 0.9999999977 -0.1999999981 0.4999999984 1.2699999984 0.9999999977 -0.1999999976 1.2699999955 0.0000561949
0.2540000000 0.9999999953 -0.1999999961 0.4999999967 1.2699999969 0.9999999953 -0.1999999952 1.2699999909 0.0001092098
0.2550000000 0.9999999907 -0.1999999922 0.4999999935 1.2699999938 0.9999999907 -0.1999999904 1.2699999820 0.0002090268
0.2560000000 0.9999999817 -0.1999999847 0.4999999872 1.2699999878 0.9999999817 -0.1999999810 1.2699999645 0.0003925806
0.2570000000 0.9999999644 -0.1999999702 0.4999999751 1.2699999763 0.9999999644 -0.1999999631 1.2699999311 0.0007190811
0.2580000000 0.9999999317 -0.1999999429 0.4999999522 1.2699999544 0.9999999317 -0.1999999292 1.2699998677 0.0012721863
0.2590000000 0.9999998709 -0.1999998920 0.4999999096 1.2699999138 0.9999998709 -0.1999998661 1.2699997498 0.0021443345
0.2600000000 0.9999997600 -0.1999997992 0.4999998320 1.2699998399 0.9999997600 -0.1999997512 1.2699995351 0.0033874055
0.2610000000 0.9999995629 -0.1999996343 0.4999996940 1.2699997083 0.9999995629 -0.1999995469 1.2699991532 0.0049410731
0.2620000000 0.9999992218 -0.1999993489 0.4999994552 1.2699994807 0.9999992218 -0.1999991932 1.2699984923 0.0066074985
0.2630000000 0.9999986482 -0.1999988690 0.4999990537 1.2699990979 0.9999986482 -0.1999985986 1.2699973811 0.0081346907
0.2640000000 0.9999977101 -0.1999980841 0.4999983970 1.2699984718 0.9999977101 -0.1999976261 1.2699955636 0.0093456941
0.2650000000 0.9999962135 -0.1999968320 0.4999973494 1.2699974731 0.9999962135 -0.1999960747 1.2699926643 0.0101912422
0.2660000000 0.9999938767 -0.1999948769 0.4999957137 1.2699959137 0.9999938767 -0.1999936522 1.2699881372 0.0107121462
0.2670000000 0.9999902938 -0.1999918792 0.4999932057 1.2699935227 0.9999902938 -0.1999899380 1.2699811959 0.0109812896
0.2680000000 0.9999848853 -0.1999873541 0.4999894198 1.2699899136 0.9999848853 -0.1999843314 1.2699707181 0.0110683722
0.2690000000 0.9999768329 -0.1999806169 0.4999837831 1.2699845400 0.9999768329 -0.1999759839 1.2699551181 0.0110278474
0.2700000000 0.9999649936 -0.1999707112 0.4999754957 1.2699766394 0.9999649936 -0.1999637109 1.2699321820 0.0108984972
0.2710000000 0.9999477913 -0.1999563183 0.4999634544 1.2699651601 0.9999477913 -0.1999458788 1.2698988568 0.0107066819
0.2720000000 0.9999230813 -0.1999356435 0.4999461579 1.2699486710 0.9999230813 -0.1999202647 1.2698509882 0.0104698778
0.2730000000 0.9998879864 -0.1999062792 0.4999215927 1.2699252526 0.9998879864 -0.1998838870 1.2697830037 0.0101995095
0.2740000000 0.9998387047 -0.1998650432 0.4998870977 1.2698923682 0.9998387047 -0.1998328059 1.2696875405 0.0099029857
0.2750000000 0.9997702914 -0.1998077967 0.4998392129 1.2698467194 0.9997702914 -0.1997618991 1.2695550247 0.0095850977
0.2760000000 0.9996764250 -0.1997292470 0.4997735149 1.2697840899 0.9996764250 -0.1996646196 1.2693732194 0.0092489657
0.2770000000 0.9995491691 -0.1996227478 0.4996844519 1.2696991876 0.9995491691 -0.1995327517 1.2691267679 0.0088966794
0.2780000000 0.9993787538 -0.1994801131 0.4995651907 1.2695854994 0.9993787538 -0.1993561868 1.2687967742 0.0085297378
0.2790000000 0.9991534017 -0.1992914697 0.4994074973 1.2694351775 0.9991534017 -0.1991227498 1.2683604759 0.0081493584
0.2800000000 0.9988592364 -0.1990451743 0.4992016742 1.2692389798 0.9988592364 -0.1988181109 1.2677910782 0.0077567002
0.2810000000 0.9984803080 -0.1987278288 0.4989365824 1.2689862909 0.9984803080 -0.1984258237 1.2670578226 0.0073530268
0.2820000000 0.9979987747 -0.1983244216 0.4985997725 1.2686652477 0.9979987747 -0.1979275297 1.2661263627 0.0069398260
0.2830000000 0.9973952693 -0.1978186209 0.4981777466 1.2682629888 0.9973952693 -0.1973033566 1.2649595053 0.0065188930
0.2840000000 0.9966494639 -0.1971932313 0.4976563600 1.2677660381 0.9966494639 -0.1965325283 1.2635183422 0.0060923804
0.2850000000 0.9957408250 -0.1964308073 0.4970213580 1.2671608154 0.9957408250 -0.1955941741 1.2617637557 0.0056628145
0.2860000000 0.9946495243 -0.1955143954 0.4962590196 1.2664342508 0.9946495243 -0.1944683004 1.2596582252 0.0052330791
0.2870000000 0.9933574409 -0.1944283549 0.4953568662 1.2655744589 0.9933574409 -0.1931368531 1.2571678058 0.0048063660
0.2880000000 0.9918491662 -0.1931591850 0.4943043690 1.2645714135 0.9918491662 -0.1915847766 1.2542641021 0.0043860945
0.2890000000 0.9901129124 -0.1916962790 0.4930935861 1.2634175543 0.9901129124 -0.1898009611 1.2509260342 0.0039758042
0.2900000000 0.9881412239 -0.1900325236 0.4917196576 1.2621082592 0.9881412239 -0.1877789705 1.2471411999 0.0035790271
0.2910000000 0.9859314108 -0.1881646772 0.4901811016 1.2606421272 0.9859314108 -0.1855174657 1.2429066711 0.0031991473
0.2920000000 0.9834856550 -0.1860934858 0.4884798768 1.2590210402 0.9834856550 -0.1830202737 1.2382291323 0.0028392584
0.2930000000 0.9808107820 -0.1838235278 0.4866212085 1.2572499979 0.9808107820 -0.1802960980 1.2331243536 0.0025020295
0.2940000000 0.9779177329 -0.1813628133 0.4846132025 1.2553367525 0.9779177329 -0.1773579112 1.2276160710 0.0021895895
0.2950000000 0.9748208055 -0.1787221904 0.4824662979 1.2532912884 0.9748208055 -0.1742221096 1.2217344232 0.0019034404
0.2960000000 0.9715367555 -0.1759146310 0.4801926243 1.2511252111 0.9715367555 -0.1709075298 1.2155141283 0.0016444074
0.2970000000 0.9680838568 -0.1729544728 0.4778053325 1.2488511092 0.9680838568 -0.1674344331 1.2089925983 0.0014126285
0.2980000000 0.9644810062 -0.1698566906 0.4753179613 1.2464819511 0.9644810062 -0.1638235519 1.2022081664 0.0012075872
0.2990000000 0.9607469433 -0.1666362518 0.4727438881 1.2440305601 0.9607469433 -0.1600952695 1.1951985580 0.0010281824
0.3000000000 0.9568996266 -0.1633075939 0.4700958930 1.2415091976 0.9568996266 -0.1562689756 1.1879996877 0.0008728298
0.3010000000 0.9529557830 -0.1598842401 0.4673858467 1.2389292640 0.9529557830 -0.1523626112 1.1806448069 0.0007395834
0.3020000000 0.9489306256 -0.1563785502 0.4646245183 1.2363011139 0.9489306256 -0.1483923955 1.1731639895 0.0006262651
0.3030000000 0.9448377193 -0.1528015927 0.4618214870 1.2336339707 0.9448377193 -0.1443727084 1.1655839073 0.0005305912
0.3040000000 0.9406889642 -0.1491631158 0.4589851371 1.2309359202 0.9406889642 -0.1403160969 1.1579278358 0.0004502842
0.3050000000 0.9364946649 -0.1454715903 0.4561227121 1.2282139618 0.9364946649 -0.1362333682 1.1502158226 0.0003831634
0.3060000000 0.9322636558 -0.1417343014 0.4532404078 1.2254740963 0.9322636558 -0.1321337380 1.1424649611 0.0003272119
0.3070000000 0.9280034564 -0.1379574687 0.4503434852 1.2227214331 0.9280034564 -0.1280250077 1.1346897161 0.0002806175
0.3080000000 0.9237204370 -0.1341463757 0.4474363900 1.2199603039 0.9237204370 -0.1239137488 1.1269022651 0.0002417921
0.3090000000 0.9194199820 -0.1303055004 0.4445228692 1.2171943742 0.9194199820 -0.1198054808 1.1191128295 0.0002093730
0.3100000000 0.9151066401 -0.1264386360 0.4416060790 1.2144267451 0.9151066401 -0.1157048354 1.1113299784 0.0001822112
0.3110000000 0.9107842598 -0.1225490008 0.4386886805 1.2116600454 0.9107842598 -0.1116157010 1.1035608975 0.0001593518
0.3120000000 0.9064561052 -0.1186393329 0.4357729220 1.2088965097 0.9064561052 -0.1075413476 1.0958116218 0.0001400097
0.3130000000 0.9021249558 -0.1147119714 0.4328607096 1.2061380459 0.9021249558 -0.1034845322 1.0880872313 0.0001235446
0.3140000000 0.8977931888 -0.1107689249 0.4299536656 1.2033862906 0.8977931888 -0.0994475863 1.0803920151 0.0001094369
0.3150000000 0.8934628478 -0.1068119273 0.4270531768 1.2006426552 0.8934628478 -0.0954324887 1.0727296060 0.0000972664
0.3160000000 0.8891356995 -0.1028424851 0.4241604342 1.1979083643 0.8891356995 -0.0914409250 1.0651030915 0.0000866929
0.3170000000 0.8848132795 -0.0988619155 0.4212764659 1.1951844863 0.8848132795 -0.0874743357 1.0575151049 0.0000774404
0.3180000000 0.8804969305 -0.0948713778 0.4184021635 1.1924719589 0.8804969305 -0.0835339570 1.0499678995 0.0000692843
0.3190000000 0.8761878337 -0.0908718994 0.4155383044 1.1897716105 0.8761878337 -0.0796208527 1.0424634101 0.0000620407
0.3200000000 0.8718870347 -0.0868643974 0.4126855698 1.1870841771 0.8718870347 -0.0757359418 1.0350033031 0.0000555577
0.3210000000 0.8675954643 -0.0828496964 0.4098445598 1.1844103165 0.8675954643 -0.0718800208 1.0275890185 0.0000497091
0.3220000000 0.8633139574 -0.0788285438 0.4070158059 1.1817506207 0.8633139574 -0.0680537821 1.0202218050 0.0000443883
0.3230000000 0.8590432673 -0.0748016223 0.4041997818 1.1791056259 0.8590432673 -0.0642578300 1.0129027494 0.0000395050
0.3240000000 0.8547840796 -0.0707695610 0.4013969124 1.1764758207 0.8547840796 -0.0604926940 1.0056328016 0.0000349809
0.3250000000 0.8505370225 -0.0667329448 0.3986075815 1.1738616539 0.8505370225 -0.0567588402 0.9984127960 0.0000307473
0.3260000000 0.8463026772 -0.0626923233 0.3958321388 1.1712635407 0.8463026772 -0.0530566810 0.9912434703 0.0000267428
0.3270000000 0.8420815865 -0.0586482180 0.3930709058 1.1686818685 0.8420815865 -0.0493865844 0.9841254820 0.0000229115
0.3280000000 0.8378742625 -0.0546011294 0.3903241810 1.1661170017 0.8378742625 -0.0457488810 0.9770594228 0.0000192010
0.3290000000 0.8336811943 -0.0505515438 0.3875922455 1.1635692866 0.8336811943 -0.0421438714 0.9700458325 0.0000155610
0.3300000000 0.8295028546 -0.0464999395 0.3848753668 1.1610390555 0.8295028546 -0.0385718326 0.9630852108 0.0000119423
0.3310000000 0.8253397065 -0.0424467934 0.3821738039 1.1585266309 0.8253397065 -0.0350330240 0.9561780295 0.0000082947
0.3320000000 0.8211922102 -0.0383925869 0.3794878115 1.1560323293 0.8211922102 -0.0315276933 0.9493247435 0.0000045664
0.3330000000 0.8170608297 -0.0343378132 0.3768176442 1.1535564655 0.8170608297 -0.0280560821 0.9425258028 0.0000007051
0.3340000000 0.8129460393 -0.0302829836 0.3741635610 1.1510993562 0.8129460393 -0.0246184316 0.9357816624 0.0000033257
0.3350000000 0.8088483273 -0.0262286321 0.3715258277 1.1486613223 0.8088483273 -0.0212149852 0.9290927892 0.0000075521
0.3360000000 0.8047682004 -0.0221753187 0.3689047187 1.1462426902 0.8047682004 -0.0178459913 0.9224596670 0.0000120395
0.3370000000 0.8007061907 -0.0181236379 0.3663005225 1.1438437960 0.8007061907 -0.0145117091 0.9158828086 0.0000168611
0.3380000000 0.7966628649 -0.0140742286 0.3637135467 1.1414649907 0.7966628649 -0.0112124153 0.9093627697 0.0000221009
0.3390000000 0.7926388343 -0.0100277844 0.3611441244 1.1391066454 0.7926388343 -0.0079484113 0.9029001635 0.0000278570
0.3400000000 0.7886347657 -0.0059850662 0.3585926211 1.1367691569 0.7886347657 -0.0047200312 0.8964956777 0.0000342450
0.3410000000 0.7846513951 -0.0019469170 0.3560594427 1.1344529551 0.7846513951 -0.0015276512 0.8901500940 0.0000414032
0.3420000000 0.7806895433 0.0020857202 0.3535450451 1.1321585109 0.7806895433 0.0016283000 0.8838643108 0.0000494985
0.3430000000 0.7767501342 0.0061117823 0.3510499452 1.1298863453 0.7767501342 0.0047473278 0.8776393704 0.0000587343
0.3440000000 0.7728342178 0.0101300600 0.3485747351 1.1276370416 0.7728342178 0.0078288570 0.8714764911 0.0000693608
0.3450000000 0.7689429972 0.0141391668 0.3461200977 1.1254112586 0.7689429972 0.0108722133 0.8653771062 0.0000816883
0.3460000000 0.7650778619 0.0181375019 0.3436868275 1.1232097477 0.7650778619 0.0138766011 0.8593429123 0.0000961043
0.3470000000 0.7612404295 0.0221232021 0.3412758551 1.1210333738 0.7612404295 0.0168410759 0.8533759270 0.0001130973
0.3480000000 0.7574325964 0.0260940846 0.3388882776 1.1188831406 0.7574325964 0.0197645102 0.8474785623 0.0001332866
0.3490000000 0.7536566015 0.0300475736 0.3365253970 1.1167602231 0.7536566015 0.0226455522 0.8416537144 0.0001574641
0.3500000000 0.7499151060 0.0339806094 0.3341887680 1.1146660067 0.7499151060 0.0254825723 0.8359048766 0.0001866492
0.3510000000 0.7462112937 0.0378895337 0.3318802576 1.1126021380 0.7462112937 0.0282735980 0.8302362808 0.0002221635
0.3520000000 0.7425489973 0.0417699446 0.3296021212 1.1105705873 0.7425489973 0.0310162305 0.8246530761 0.0002657318
0.3530000000 0.7389328574 0.0456165138 0.3273570968 1.1085737277 0.7389328574 0.0337075409 0.8191615522 0.0003196203
0.3540000000 0.7353685228 0.0494227563 0.3251485255 1.1066144351 0.7353685228 0.0363439393 0.8137694225 0.0003868237
0.3550000000 0.7318629025 0.0531807408 0.3229805008 1.1046962121 0.7318629025 0.0389210114 0.8084861761 0.0004713217
0.3560000000 0.7284244769 0.0568807296 0.3208580550 1.1028233423 0.7284244769 0.0414333157 0.8033235162 0.0005784262
0.3570000000 0.7250636807 0.0605107359 0.3187873866 1.1010010788 0.7250636807 0.0438741369 0.7982958947 0.0007152522
0.3580000000 0.7217933584 0.0640559962 0.3167761312 1.0992358677 0.7217933584 0.0462351926 0.7934211486 0.0008913474
0.3590000000 0.7186292850 0.0674983628 0.3148336708 1.0975356019 0.7186292850 0.0485063002 0.7887212248 0.0011195253
0.3600000000 0.7155907183 0.0708156575 0.3129714609 1.0959098892 0.7155907183 0.0506750273 0.7842229448 0.0014169419
0.3610000000 0.7127009022 0.0739810753 0.3112033268 1.0943702917 0.7127009022 0.0527263791 0.7799586942 0.0018064533
0.3620000000 0.7099873639 0.0769628164 0.3095456363 1.0929304597 0.7099873639 0.0546426272 0.7759668160 0.0023182655
0.3630000000 0.7074817378 0.0797242555 0.3080171860 1.0916060238 0.7074817378 0.0564034549 0.7722913267 0.0029918718
0.3640000000 0.7052187088 0.0822251123 0.3066385614 1.0904140444 0.7052187088 0.0579866875 0.7689803845 0.0038782840
0.3650000000 0.7032335628 0.0844242149 0.3054306617 1.0893717609 0.7032335628 0.0593699414 0.7660827847 0.0050427482
0.3660000000 0.7015578768 0.0862843978 0.3044121105 1.0884944062 0.7015578768 0.0605334989 0.7636418245 0.0065687819
0.3670000000 0.7002132738 0.0877796209 0.3035955080 1.0877920510 0.7002132738 0.0614644557 0.7616864333 0.0085662065
0.3680000000 0.6992040935 0.0889033412 0.3029830338 1.0872659037 0.6992040935 0.0621615801 0.7602207706 0.0111907506
0.3690000000 0.6985111640 0.0896756383 0.3025627118 1.0869051697 0.6985111640 0.0626394345 0.7592153952 0.0146967726
0.3700000000 0.6980898984 0.0901454199 0.3023072759 1.0866861121 0.6980898984 0.0629296070 0.7586045976 0.0195928658
0.3710000000 0.6978754403 0.0903846300 0.3021772790 1.0865747083 0.6978754403 0.0630772134 0.7582938029 0.0271786429
0.3720000000 0.6977947223 0.0904746460 0.3021283727 1.0865328486 0.6977947223 0.0631327305 0.7581768874 0.0423790287
0.3730000000 0.6977813334 0.0904895379 0.3021202827 1.0865259811 0.6977813334 0.0631419105 0.7581575479 0.0593476778
0.3740000000 0.6977933434 0.0904760894 0.3021275893 1.0865323116 0.6977933434 0.0631336129 0.7581750145 0.0275837374
0.3750000000 0.6978247613 0.0904409859 0.3021466612 1.0865487282 0.6978247613 0.0631119594 0.7582206068 0.0161223565
0.3760000000 0.6978781587 0.0903813602 0.3021790580 1.0865765689 0.6978781587 0.0630751773 0.7582980553 0.0099688296
0.3770000000 0.6979517860 0.0902991694 0.3022237202 1.0866149270 0.6979517860 0.0630244665 0.7584048290 0.0052886989
0.3780000000 0.6980386965 0.0902021682 0.3022764375 1.0866601945 0.6980386965 0.0629646039 0.7585308657 0.0005243210
0.3790000000 0.6981262835 0.0901044223 0.3023295677 1.0867058202 0.6981262835 0.0629042655 0.7586578955 0.0053637691
0.3800000000 0.6981987999 0.0900234929 0.3023735635 1.0867436186 0.6981987999 0.0628542947 0.7587630903 0.0123539712
0.3810000000 0.6982461532 0.0899706296 0.3024023047 1.0867683407 0.6982461532 0.0628216460 0.7588318133 0.0202786842
0.3820000000 0.6982693326 0.0899447245 0.3024163902 1.0867804987 0.6982693326 0.0628056427 0.7588654936 0.0298894384
0.3830000000 0.6982768100 0.0899363283 0.3024209559 1.0867844957 0.6982768100 0.0628004524 0.7588764108 0.0448989005
0.3840000000 0.6982774737 0.0899355289 0.3024213910 1.0867849526 0.6982774737 0.0627999539 0.7588774511 0.0441653361
0.3850000000 0.6982759314 0.0899371882 0.3024204893 1.0867842647 0.6982759314 0.0628009738 0.7588752947 0.0145240666
0.3860000000 0.6982732431 0.0899401244 0.3024188933 1.0867829833 0.6982732431 0.0628027823 0.7588714782 0.0046089275
0.3870000000 0.6982701002 0.0899435661 0.3024170224 1.0867814680 0.6982701002 0.0628049029 0.7588670045 0.0033401580
0.3880000000 0.6982673689 0.0899465473 0.3024154019 1.0867801695 0.6982673689 0.0628067389 0.7588631295 0.0118088308
0.3890000000 0.6982656773 0.0899483675 0.3024144127 1.0867794145 0.6982656773 0.0628078578 0.7588607640 0.0200196503
0.3900000000 0.6982650232 0.0899490294 0.3024140534 1.0867792018 0.6982650232 0.0628082611 0.7588599045 0.0263444120
0.3910000000 0.6982650173 0.0899489666 0.3024140880 1.0867793291 0.6982650173 0.0628082167 0.7588599871 0.0158595389
0.3920000000 0.6982653336 0.0899485432 0.3024143187 1.0867796267 0.6982653336 0.0628079495 0.7588605386 0.0037272418
0.3930000000 0.6982657430 0.0899480143 0.3024146068 1.0867799757 0.6982657430 0.0628076170 0.7588612272 0.0039639959
0.3940000000 0.6982660281 0.0899476221 0.3024148205 1.0867802635 0.6982660281 0.0628073689 0.7588617380 0.0105713301
0.3950000000 0.6982660712 0.0899474982 0.3024148884 1.0867804288 0.6982660712 0.0628072862 0.7588619002 0.0120460648
0.3960000000 0.6982658976 0.0899476139 0.3024148260 1.0867804848 0.6982658976 0.0628073514 0.7588617508 0.0066247475
0.3970000000 0.6982655963 0.0899478703 0.3024146871 1.0867804778 0.6982655963 0.0628075033 0.7588614184 0.0009993801
0.3980000000 0.6982652769 0.0899481450 0.3024145383 1.0867804650 0.6982652769 0.0628076664 0.7588610623 0.0038005036
0.3990000000 0.6982650412 0.0899483242 0.3024144414 1.0867804996 0.6982650412 0.0628077703 0.7588608304 0.0069114966
0.4000000000 0.6982649282 0.0899483645 0.3024144200 1.0867806019 0.6982649282 0.0628077883 0.7588607790 0.0059894755
0.4010000000 0.6982649075 0.0899482997 0.3024144557 1.0867807562 0.6982649075 0.0628077412 0.7588608641 0.0019434224
0.4020000000 0.6982649139 0.0899482025 0.3024145092 1.0867809287 0.6982649139 0.0628076739 0.7588609916 0.0021365401
0.4030000000 0.6982648792 0.0899481489 0.3024145388 1.0867810840 0.6982648792 0.0628076333 0.7588610623 0.0046348308
0.4040000000 0.6982647684 0.0899481776 0.3024145238 1.0867812044 0.6982647684 0.0628076434 0.7588610260 0.0037997858
0.4050000000 0.6982645951 0.0899482737 0.3024144721 1.0867812967 0.6982645951 0.0628076949 0.7588609021 0.0011026234
0.4060000000 0.6982644026 0.0899483886 0.3024144102 1.0867813838 0.6982644026 0.0628077578 0.7588607537 0.0016305312
0.4070000000 0.6982642384 0.0899484693 0.3024143668 1.0867814905 0.6982642384 0.0628077994 0.7588606498 0.0032312398
0.4080000000 0.6982641243 0.0899484915 0.3024143554 1.0867816284 0.6982641243 0.0628078046 0.7588606220 0.0026359259
0.4090000000 0.6982640465 0.0899484703 0.3024143675 1.0867817904 0.6982640465 0.0628077828 0.7588606506 0.0004161856
0.4100000000 0.6982639705 0.0899484441 0.3024143823 1.0867819588 0.6982639705 0.0628077577 0.7588606857 0.0017397117
0.4110000000 0.6982638645 0.0899484484 0.3024143805 1.0867821173 0.6982638645 0.0628077512 0.7588606811 0.0023388565
0.4120000000 0.6982637202 0.0899484922 0.3024143572 1.0867822617 0.6982637202 0.0628077688 0.7588606251 0.0012031492
0.4130000000 0.6982635548 0.0899485563 0.3024143230 1.0867824012 0.6982635548 0.0628077987 0.7588605428 0.0004882810
0.4140000000 0.6982633958 0.0899486100 0.3024142943 1.0867825503 0.6982633958 0.0628078219 0.7588604740 0.0016680048
0.4150000000 0.6982632602 0.0899486339 0.3024142819 1.0867827181 0.6982632602 0.0628078264 0.7588604439 0.0015532811
0.4160000000 0.6982631441 0.0899486326 0.3024142833 1.0867829029 0.6982631441 0.0628078150 0.7588604467 0.0003009494
0.4170000000 0.6982630278 0.0899486276 0.3024142866 1.0867830946 0.6982630278 0.0628078010 0.7588604542 0.0009776875
0.4180000000 0.6982628929 0.0899486395 0.3024142807 1.0867832839 0.6982628929 0.0628077972 0.7588604398 0.0012534241
0.4190000000 0.6982627354 0.0899486724 0.3024142634 1.0867834692 0.6982627354 0.0628078061 0.7588603979 0.0005040890
0.4200000000 0.6982625670 0.0899487133 0.3024142418 1.0867836566 0.6982625670 0.0628078194 0.7588603458 0.0005225356
0.4210000000 0.6982624034 0.0899487443 0.3024142256 1.0867838549 0.6982624034 0.0628078264 0.7588603065 0.0010264762
0.4220000000 0.6982622515 0.0899487577 0.3024142189 1.0867840677 0.6982622515 0.0628078221 0.7588602900 0.0006511420
0.4230000000 0.6982621044 0.0899487610 0.3024142177 1.0867842920 0.6982621044 0.0628078112 0.7588602868 0.0001963091
0.4240000000 0.6982619494 0.0899487682 0.3024142145 1.0867845213 0.6982619494 0.0628078022 0.7588602784 0.0007144093
0.4250000000 0.6982617789 0.0899487874 0.3024142047 1.0867847523 0.6982617789 0.0628078003 0.7588602544 0.0005072423
0.4260000000 0.6982615961 0.0899488149 0.3024141904 1.0867849870 0.6982615961 0.0628078031 0.7588602196 0.0001148110
0.4270000000 0.6982614106 0.0899488399 0.3024141774 1.0867852307 0.6982614106 0.0628078038 0.7588601881 0.0005632656
0.4280000000 0.6982612284 0.0899488551 0.3024141698 1.0867854871 0.6982612284 0.0628077981 0.7588601693 0.0004654781
0.4290000000 0.6982610475 0.0899488629 0.3024141662 1.0867857556 0.6982610475 0.0628077872 0.7588601601 0.0000186591
0.4300000000 0.6982608601 0.0899488714 0.3024141623 1.0867860327 0.6982608601 0.0628077763 0.7588601499 0.0003808507
0.4310000000 0.6982606610 0.0899488864 0.3024141548 1.0867863161 0.6982606610 0.0628077689 0.7588601314 0.0002992685
0.4320000000 0.6982604512 0.0899489062 0.3024141447 1.0867866069 0.6982604512 0.0628077638 0.7588601065 0.0000705103
0.4330000000 0.6982602363 0.0899489245 0.3024141354 1.0867869087 0.6982602363 0.0628077573 0.7588600836 0.0003343548
0.4340000000 0.6982600195 0.0899489371 0.3024141292 1.0867872238 0.6982600195 0.0628077466 0.7588600681 0.0002530853
0.4350000000 0.6982597993 0.0899489457 0.3024141253 1.0867875519 0.6982597993 0.0628077328 0.7588600578 0.0000424686
0.4360000000 0.6982595707 0.0899489552 0.3024141208 1.0867878912 0.6982595707 0.0628077188 0.7588600463 0.0002232385
0.4370000000 0.6982593308 0.0899489685 0.3024141143 1.0867882410 0.6982593308 0.0628077065 0.7588600299 0.0001284915
0.4380000000 0.6982590809 0.0899489837 0.3024141067 1.0867886026 0.6982590809 0.0628076947 0.7588600109 0.0000947475
0.4390000000 0.6982588239 0.0899489972 0.3024141000 1.0867889786 0.6982588239 0.0628076810 0.7588599941 0.0001953874
0.4400000000 0.6982585608 0.0899490075 0.3024140952 1.0867893702 0.6982585608 0.0628076645 0.7588599815 0.0000885726
0.4410000000 0.6982582893 0.0899490164 0.3024140910 1.0867897771 0.6982582893 0.0628076463 0.7588599706 0.0000775899
0.4420000000 0.6982580065 0.0899490268 0.3024140862 1.0867901990 0.6982580065 0.0628076281 0.7588599579 0.0001148741
0.4430000000 0.6982577116 0.0899490389 0.3024140803 1.0867906364 0.6982577116 0.0628076101 0.7588599427 0.0000071259
0.4440000000 0.6982574055 0.0899490511 0.3024140744 1.0867910909 0.6982574055 0.0628075911 0.7588599275 0.0001024276
0.4450000000 0.6982570894 0.0899490616 0.3024140694 1.0867915644 0.6982570894 0.0628075699 0.7588599146 0.0000943278
0.4460000000 0.6982567624 0.0899490705 0.3024140653 1.0867920576 0.6982567624 0.0628075468 0.7588599035 0.0000003991
0.4470000000 0.6982564223 0.0899490795 0.3024140612 1.0867925709 0.6982564223 0.0628075225 0.7588598924 0.0000571617
0.4480000000 0.6982560678 0.0899490895 0.3024140565 1.0867931049 0.6982560678 0.0628074975 0.7588598799 0.0000209127
0.4490000000 0.6982556985 0.0899490997 0.3024140517 1.0867936612 0.6982556985 0.0628074715 0.7588598671 0.0000477366
0.4500000000 0.6982553148 0.0899491091 0.3024140474 1.0867942415 0.6982553148 0.0628074435 0.7588598552 0.0000619771
0.4510000000 0.6982549159 0.0899491176 0.3024140436 1.0867948473 0.6982549159 0.0628074135 0.7588598447 0.0000155697
0.4520000000 0.6982545002 0.0899491257 0.3024140399 1.0867954795 0.6982545002 0.0628073818 0.7588598343 0.0000245687
0.4530000000 0.6982540661 0.0899491344 0.3024140360 1.0867961395 0.6982540661 0.0628073488 0.7588598234 0.0000123163
0.4540000000 0.6982536127 0.0899491431 0.3024140320 1.0867968291 0.6982536127 0.0628073142 0.7588598121 0.0000258145
0.4550000000 0.6982531394 0.0899491515 0.3024140283 1.0867975503 0.6982531394 0.0628072774 0.7588598014 0.0000371147
0.4560000000 0.6982526452 0.0899491592 0.3024140249 1.0867983053 0.6982526452 0.0628072384 0.7588597914 0.0000123686
0.4570000000 0.6982521283 0.0899491668 0.3024140216 1.0867990957 0.6982521283 0.0628071971 0.7588597816 0.0000113034
0.4580000000 0.6982515869 0.0899491745 0.3024140182 1.0867999238 0.6982515869 0.0628071538 0.7588597714 0.0000059347
0.4590000000 0.6982510195 0.0899491823 0.3024140148 1.0868007920 0.6982510195 0.0628071083 0.7588597610 0.0000143568
0.4600000000 0.6982504249 0.0899491899 0.3024140115 1.0868017030 0.6982504249 0.0628070601 0.7588597509 0.0000204619
0.4610000000 0.6982498010 0.0899491972 0.3024140084 1.0868026599 0.6982498010 0.0628070090 0.7588597411 0.0000086337
0.4620000000 0.6982491459 0.0899492043 0.3024140054 1.0868036657 0.6982491459 0.0628069551 0.7588597313 0.0000005824
0.4630000000 0.6982484571 0.0899492114 0.3024140024 1.0868047236 0.6982484571 0.0628068981 0.7588597214 0.0000050569
0.4640000000 0.6982477325 0.0899492184 0.3024139994 1.0868058373 0.6982477325 0.0628068378 0.7588597115 0.0000149514
0.4650000000 0.6982469695 0.0899492252 0.3024139966 1.0868070109 0.6982469695 0.0628067739 0.7588597018 0.0000148032
0.4660000000 0.6982461655 0.0899492318 0.3024139939 1.0868082487 0.6982461655 0.0628067062 0.7588596923 0.0000066775
0.4670000000 0.6982453171 0.0899492382 0.3024139913 1.0868095555 0.6982453171 0.0628066343 0.7588596827 0.0000026488
0.4680000000 0.6982444209 0.0899492446 0.3024139887 1.0868109366 0.6982444209 0.0628065582 0.7588596730 0.0000062898
0.4690000000 0.6982434733 0.0899492509 0.3024139862 1.0868123975 0.6982434733 0.0628064773 0.7588596632 0.0000099417
0.4700000000 0.6982424702 0.0899492570 0.3024139837 1.0868139448 0.6982424702 0.0628063914 0.7588596535 0.0000079535
0.4710000000 0.6982414076 0.0899492630 0.3024139814 1.0868155847 0.6982414076 0.0628063000 0.7588596437 0.0000039081
0.4720000000 0.6982402786 0.0899492689 0.3024139791 1.0868173278 0.6982402786 0.0628062026 0.7588596337 0.0000032438
0.4730000000 0.6982390845 0.0899492748 0.3024139768 1.0868191718 0.6982390845 0.0628060993 0.7588596236 0.0000051958
0.4740000000 0.6982377948 0.0899492806 0.3024139746 1.0868211644 0.6982377948 0.0628059873 0.7588596132 0.0000056822
0.4750000000 0.6982364874 0.0899492863 0.3024139724 1.0868231846 0.6982364874 0.0628058737 0.7588596028 0.0000042212
0.4760000000 0.6982348795 0.0899492919 0.3024139703 1.0868256710 0.6982348795 0.0628057330 0.7588595914 0.0000038178
0.4770000000 0.6982338088 0.0899492975 0.3024139682 1.0868273244 0.6982338088 0.0628056406 0.7588595822 0.0000055455
0.4780000000 0.6982308139 0.0899493029 0.3024139662 1.0868319620 0.6982308139 0.0628053750 0.7588595654 0.0000072162
0.4790000000 0.6982325621 0.0899493083 0.3024139643 1.0868292444 0.6982325621 0.0628055360 0.7588595679 0.0000069653
0.4800000000 0.6982220206 0.0899493135 0.3024139624 1.0868455856 0.6982220206 0.0628045914 0.7588595209 0.0000057737
0.4810000000 0.6982395729 0.0899493187 0.3024139606 1.0868183602 0.6982395729 0.0628061739 0.7588595877 0.0000050008
0.4820000000 0.6981965286 0.0899493237 0.3024139588 1.0868851080 0.6981965286 0.0628023056 0.7588594095 0.0000048930
0.4830000000 0.6982713298 0.0899493287 0.3024139571 1.0867691049 0.6982713298 0.0628090374 0.7588597081 0.0000043733
0.4840000000 0.6981385946 0.0899493336 0.3024139554 1.0869749547 0.6981385946 0.0627971014 0.7588591673 0.0000039238
0.4850000000 0.6983264491 0.0899493385 0.3024139538 1.0866836340 0.6983264491 0.0628140021 0.7588599234 0.0000034139
0.4860000000 0.6980924402 0.0899493433 0.3024139522 1.0870465420 0.6980924402 0.0627929565 0.7588589731 0.0000033407
0.4870000000 0.6982946192 0.0899493480 0.3024139506 1.0867329727 0.6982946192 0.0628111457 0.7588597874 0.0000028144
0.4880000000 0.6982165478 0.0899493527 0.3024139491 1.0868540289 0.6982165478 0.0628041265 0.7588594681 0.0000024582
0.4890000000 0.6980668944 0.0899493573 0.3024139476 1.0870861593 0.6980668944 0.0627906685 0.7588588592 0.0000026481
0.4900000000 0.6984000231 0.0899493619 0.3024139462 1.0865695566 0.6984000231 0.0628206365 0.7588602035 0.0000033352
0.4910000000 0.6980772471 0.0899493665 0.3024139447 1.0870700880 0.6980772471 0.0627916061 0.7588588944 0.0000041327
0.4920000000 0.6980731392 0.0899493710 0.3024139434 1.0870764567 0.6980731392 0.0627912397 0.7588588747 0.0000045760
0.4930000000 0.6984828129 0.0899493754 0.3024139420 1.0864412336 0.6984828129 0.0628280927 0.7588605289 0.0000044603
0.4940000000 0.6979600519 0.0899493797 0.3024139407 1.0872519267 0.6979600519 0.0627810737 0.7588584112 0.0000042120
0.4950000000 0.6980593729 0.0899493840 0.3024139395 1.0870978022 0.6980593729 0.0627900106 0.7588588101 0.0000036824
0.4960000000 0.6984445550 0.0899493882 0.3024139383 1.0865005105 0.6984445550 0.0628246604 0.7588603656 0.0000032059
0.4970000000 0.6980959777 0.0899493923 0.3024139371 1.0870410045 0.6980959777 0.0627933090 0.7588589528 0.0000028669
0.4980000000 0.6979003355 0.0899493964 0.3024139360 1.0873445967 0.6979003355 0.0627757139 0.7588581588 0.0000026080
0.4990000000 0.6982165656 0.0899494005 0.3024139349 1.0868539547 0.6982165656 0.0628041615 0.7588594356 0.0000022494
0.5000000000 0.6983180740 0.0899494045 0.3024139338 1.0866965528 0.6983180740 0.0628132949 0.7588598438 0.0000019145
0.5010000000 0.6980626943 0.0899494085 0.3024139328 1.0870926273 0.6980626943 0.0627903264 0.7588588083 0.0000018513
0.5020000000 0.6978812179 0.0899494124 0.3024139317 1.0873742585 0.6978812179 0.0627740055 0.7588580718 0.0000022129
0.5030000000 0.6979239286 0.0899494164 0.3024139307 1.0873079591 0.6979239286 0.0627778500 0.7588582424 0.0000028306
0.5040000000 0.6981191199 0.0899494203 0.3024139298 1.0870050800 0.6981191199 0.0627954101 0.7588590298 0.0000033480
0.5050000000 0.6983519756 0.0899494241 0.3024139288 1.0866439794 0.6983519756 0.0628163580 0.7588599697 0.0000034645
0.5060000000 0.6982364067 0.0899494278 0.3024139280 1.0868231632 0.6982364067 0.0628059653 0.7588595002 0.0000031596
0.5070000000 0.6974219941 0.0899494316 0.3024139271 1.0880875711 0.6974219941 0.0627327119 0.7588562036 0.0000026828
0.5080000000 0.6964914205 0.0899494352 0.3024139263 1.0895359438 0.6964914205 0.0626490099 0.7588524372 0.0000023359
0.5090000000 0.6968985513 0.0899494389 0.3024139255 1.0889017935 0.6968985513 0.0626856336 0.7588540824 0.0000021839
0.5100000000 0.6991872376 0.0899494425 0.3024139247 1.0853506740 0.6991872376 0.0628915022 0.7588633395 0.0000020199
0.5110000000 0.7010445487 0.0899494460 0.3024139239 1.0824859175 0.7010445487 0.0630585688 0.7588708515 0.0000016438
0.5120000000 0.6973764501 0.0899494496 0.3024139232 1.0881583550 0.6973764501 0.0627286278 0.7588560108 0.0000011678
0.5130000000 0.6827440966 0.0899494531 0.3024139225 1.1113927143 0.6827440966 0.0614124581 0.7587968147 0.0000009705
0.5140000000 0.6543782953 0.0899494566 0.3024139218 1.1593936812 0.6543782953 0.0588609721 0.7586820608 0.0000012439
0.5150000000 0.6136848022 0.0899494601 0.3024139212 1.2360049216 0.6136848022 0.0552006166 0.7585174358 0.0000016940
0.5160000000 0.5655315046 0.0899494635 0.3024139206 1.3409025431 0.5655315046 0.0508692554 0.7583226327 0.0000019424
0.5170000000 0.5161374103 0.0899494669 0.3024139201 1.4688391018 0.5161374103 0.0464262849 0.7581228102 0.0000019378
0.5180000000 0.4709291483 0.0899494703 0.3024139197 1.6094563779 0.4709291483 0.0423598275 0.7579399213 0.0000017823
0.5190000000 0.4332946426 0.0899494737 0.3024139193 1.7488969339 0.4332946426 0.0389746251 0.7577876719 0.0000015754
0.5200000000 0.4044019681 0.0899494770 0.3024139190 1.8735586048 0.4044019681 0.0363757455 0.7576707872 0.0000013943
0.5210000000 0.3837295979 0.0899494803 0.3024139187 1.9742734505 0.3837295979 0.0345162779 0.7575871574 0.0000012430
0.5220000000 0.3698304381 0.0899494836 0.3024139184 2.0483195823 0.3698304381 0.0332660569 0.7575309284 0.0000011006
0.5230000000 0.3609900787 0.0899494869 0.3024139182 2.0983822252 0.3609900787 0.0324708724 0.7574951646 0.0000009522
0.5240000000 0.3556423568 0.0899494902 0.3024139180 2.1298743404 0.3556423568 0.0319898487 0.7574735302 0.0000007925
0.5250000000 0.3525524490 0.0899494934 0.3024139177 2.1485059367 0.3525524490 0.0317119142 0.7574610296 0.0000006375
0.5260000000 0.3508416684 0.0899494966 0.3024139175 2.1589627931 0.3508416684 0.0315580315 0.7574541083 0.0000005179
0.5270000000 0.3499322647 0.0899494999 0.3024139173 2.1645629891 0.3499322647 0.0314762322 0.7574504289 0.0000004650
0.5280000000 0.3494681046 0.0899495031 0.3024139171 2.1674325662 0.3494681046 0.0314344824 0.7574485508 0.0000004952
0.5290000000 0.3492413530 0.0899495063 0.3024139169 2.1688371854 0.3492413530 0.0314140873 0.7574476331 0.0000005994
0.5300000000 0.3491363671 0.0899495095 0.3024139167 2.1694881410 0.3491363671 0.0314046450 0.7574472080 0.0000007430
0.5310000000 0.3490914808 0.0899495127 0.3024139166 2.1697665737 0.3490914808 0.0314006086 0.7574470261 0.0000008793
0.5320000000 0.3490750660 0.0899495159 0.3024139164 2.1698684130 0.3490750660 0.0313991332 0.7574469594 0.0000009672
0.5330000000 0.3490714871 0.0899495190 0.3024139162 2.1698906171 0.3490714871 0.0313988124 0.7574469446 0.0000009876
0.5340000000 0.3490732928 0.0899495222 0.3024139161 2.1698794131 0.3490732928 0.0313989759 0.7574469517 0.0000009489
0.5350000000 0.3490770699 0.0899495253 0.3024139160 2.1698559774 0.3490770699 0.0313993167 0.7574469667 0.0000008784
0.5360000000 0.3490813304 0.0899495284 0.3024139158 2.1698295438 0.3490813304 0.0313997010 0.7574469838 0.0000008058
0.5370000000 0.3490854714 0.0899495315 0.3024139157 2.1698038514 0.3490854714 0.0314000746 0.7574470003 0.0000007471
0.5380000000 0.3490892819 0.0899495346 0.3024139156 2.1697802109 0.3490892819 0.0314004184 0.7574470156 0.0000006988
0.5390000000 0.3490927146 0.0899495377 0.3024139155 2.1697589141 0.3490927146 0.0314007283 0.7574470293 0.0000006453
0.5400000000 0.3490957859 0.0899495407 0.3024139154 2.1697398601 0.3490957859 0.0314010056 0.7574470416 0.0000005744
0.5410000000 0.3490985325 0.0899495438 0.3024139154 2.1697228208 0.3490985325 0.0314012537 0.7574470526 0.0000004904
0.5420000000 0.3491009941 0.0899495468 0.3024139153 2.1697075496 0.3491009941 0.0314014762 0.7574470625 0.0000004161
0.5430000000 0.3491032074 0.0899495499 0.3024139152 2.1696938190 0.3491032074 0.0314016764 0.7574470714 0.0000003831
0.5440000000 0.3491052045 0.0899495529 0.3024139152 2.1696814300 0.3491052045 0.0314018571 0.7574470794 0.0000004154
0.5450000000 0.3491070130 0.0899495559 0.3024139151 2.1696702114 0.3491070130 0.0314020208 0.7574470867 0.0000005160
0.5460000000 0.3491086562 0.0899495590 0.3024139151 2.1696600180 0.3491086562 0.0314021697 0.7574470933 0.0000006636
0.5470000000 0.3491101539 0.0899495620 0.3024139150 2.1696507270 0.3491101539 0.0314023054 0.7574470993 0.0000008196
0.5480000000 0.3491115232 0.0899495650 0.3024139150 2.1696422335 0.3491115232 0.0314024296 0.7574471049 0.0000009425
0.5490000000 0.3491127784 0.0899495679 0.3024139149 2.1696344471 0.3491127784 0.0314025436 0.7574471100 0.0000010042
0.5500000000 0.3491139321 0.0899495709 0.3024139149 2.1696272906 0.3491139321 0.0314026484 0.7574471147 0.0000009990
0.5510000000 0.3491149950 0.0899495738 0.3024139149 2.1696206976 0.3491149950 0.0314027450 0.7574471190 0.0000009443
0.5520000000 0.3491159763 0.0899495768 0.3024139149 2.1696146107 0.3491159763 0.0314028343 0.7574471231 0.0000008709
0.5530000000 0.3491168843 0.0899495797 0.3024139149 2.1696089789 0.3491168843 0.0314029170 0.7574471269 0.0000008071
0.5540000000 0.3491177261 0.0899495826 0.3024139149 2.1696037575 0.3491177261 0.0314029937 0.7574471304 0.0000007664
0.5550000000 0.3491185081 0.0899495855 0.3024139149 2.1695989072 0.3491185081 0.0314030651 0.7574471337 0.0000007429
0.5560000000 0.3491192358 0.0899495884 0.3024139150 2.1695943936 0.3491192358 0.0314031316 0.7574471368 0.0000007192
0.5570000000 0.3491199143 0.0899495912 0.3024139150 2.1695901857 0.3491199143 0.0314031936 0.7574471397 0.0000006809
0.5580000000 0.3491205480 0.0899495941 0.3024139150 2.1695862555 0.3491205480 0.0314032516 0.7574471424 0.0000006294
0.5590000000 0.3491211409 0.0899495969 0.3024139150 2.1695825779 0.3491211409 0.0314033059 0.7574471450 0.0000005842
0.5600000000 0.3491216968 0.0899495998 0.3024139151 2.1695791309 0.3491216968 0.0314033569 0.7574471474 0.0000005739
0.5610000000 0.3491222185 0.0899496026 0.3024139151 2.1695758949 0.3491222185 0.0314034048 0.7574471497 0.0000006188
0.5620000000 0.3491227091 0.0899496054 0.3024139152 2.1695728528 0.3491227091 0.0314034499 0.7574471519 0.0000007180
0.5630000000 0.3491231708 0.0899496082 0.3024139152 2.1695699896 0.3491231708 0.0314034924 0.7574471540 0.0000008473
0.5640000000 0.3491236058 0.0899496110 0.3024139153 2.1695672919 0.3491236058 0.0314035325 0.7574471560 0.0000009696
0.5650000000 0.3491240161 0.0899496138 0.3024139153 2.1695647476 0.3491240161 0.0314035704 0.7574471579 0.0000010531
0.5660000000 0.3491244034 0.0899496166 0.3024139154 2.1695623459 0.3491244034 0.0314036062 0.7574471597 0.0000010864
0.5670000000 0.3491247693 0.0899496193 0.3024139155 2.1695600771 0.3491247693 0.0314036401 0.7574471614 0.0000010819
0.5680000000 0.3491251152 0.0899496220 0.3024139155 2.1695579321 0.3491251152 0.0314036722 0.7574471630 0.0000010653
0.5690000000 0.3491254426 0.0899496247 0.3024139156 2.1695559019 0.3491254426 0.0314037025 0.7574471646 0.0000010589
0.5700000000 0.3491257529 0.0899496274 0.3024139157 2.1695539783 0.3491257529 0.0314037314 0.7574471661 0.0000010678
0.5710000000 0.3491260472 0.0899496301 0.3024139157 2.1695521533 0.3491260472 0.0314037588 0.7574471676 0.0000010795
0.5720000000 0.3491263269 0.0899496327 0.3024139158 2.1695504195 0.3491263269 0.0314037849 0.7574471690 0.0000010766
0.5730000000 0.3491265929 0.0899496354 0.3024139159 2.1695487705 0.3491265929 0.0314038097 0.7574471703 0.0000010528
0.5740000000 0.3491268461 0.0899496380 0.3024139160 2.1695472005 0.3491268461 0.0314038334 0.7574471717 0.0000010223
0.5750000000 0.3491270875 0.0899496406 0.3024139161 2.1695457044 0.3491270875 0.0314038560 0.7574471729 0.0000010155
0.5760000000 0.3491273176 0.0899496432 0.3024139161 2.1695442779 0.3491273176 0.0314038776 0.7574471741 0.0000010628
0.5770000000 0.3491275371 0.0899496458 0.3024139162 2.1695429172 0.3491275371 0.0314038983 0.7574471753 0.0000011761
0.5780000000 0.3491277466 0.0899496483 0.3024139163 2.1695416185 0.3491277466 0.0314039180 0.7574471764 0.0000013405
0.5790000000 0.3491279466 0.0899496508 0.3024139164 2.1695403787 0.3491279466 0.0314039369 0.7574471775 0.0000015190
0.5800000000 0.3491281377 0.0899496533 0.3024139165 2.1695391945 0.3491281377 0.0314039550 0.7574471786 0.0000016706
0.5810000000 0.3491283203 0.0899496558 0.3024139165 2.1695380625 0.3491283203 0.0314039722 0.7574471796 0.0000017692
0.5820000000 0.3491284950 0.0899496583 0.3024139166 2.1695369795 0.3491284950 0.0314039888 0.7574471805 0.0000018146
0.5830000000 0.3491286624 0.0899496607 0.3024139167 2.1695359423 0.3491286624 0.0314040047 0.7574471815 0.0000018275
0.5840000000 0.3491288228 0.0899496631 0.3024139167 2.1695349480 0.3491288228 0.0314040200 0.7574471824 0.0000018328
0.5850000000 0.3491289767 0.0899496654 0.3024139168 2.1695339940 0.3491289767 0.0314040346 0.7574471832 0.0000018436
0.5860000000 0.3491291245 0.0899496677 0.3024139169 2.1695330781 0.3491291245 0.0314040487 0.7574471841 0.0000018545
0.5870000000 0.3491292664 0.0899496700 0.3024139169 2.1695321984 0.3491292664 0.0314040623 0.7574471849 0.0000018493
0.5880000000 0.3491294027 0.0899496723 0.3024139170 2.1695313533 0.3491294027 0.0314040754 0.7574471856 0.0000018164
0.5890000000 0.3491295337 0.0899496745 0.3024139170 2.1695305414 0.3491295337 0.0314040879 0.7574471863 0.0000017665
0.5900000000 0.3491296596 0.0899496768 0.3024139171 2.1695297613 0.3491296596 0.0314041000 0.7574471870 0.0000017408
0.5910000000 0.3491297806 0.0899496789 0.3024139171 2.1695290114 0.3491297806 0.0314041117 0.7574471877 0.0000018047
0.5920000000 0.3491298969 0.0899496811 0.3024139171 2.1695282900 0.3491298969 0.0314041229 0.7574471883 0.0000020184
0.5930000000 0.3491300090 0.0899496832 0.3024139172 2.1695275952 0.3491300090 0.0314041337 0.7574471888 0.0000023922
0.5940000000 0.3491301170 0.0899496853 0.3024139172 2.1695269256 0.3491301170 0.0314041441 0.7574471894 0.0000028537
0.5950000000 0.3491302212 0.0899496873 0.3024139172 2.1695262797 0.3491302212 0.0314041542 0.7574471898 0.0000032624
0.5960000000 0.3491303217 0.0899496893 0.3024139171 2.1695256563 0.3491303217 0.0314041640 0.7574471903 0.0000034804
0.5970000000 0.3491304187 0.0899496912 0.3024139171 2.1695250546 0.3491304187 0.0314041734 0.7574471907 0.0000034579
0.5980000000 0.3491305123 0.0899496931 0.3024139171 2.1695244740 0.3491305123 0.0314041824 0.7574471910 0.0000032666
0.5990000000 0.3491306026 0.0899496949 0.3024139170 2.1695239136 0.3491306026 0.0314041912 0.7574471913 0.0000030532
0.6000000000 0.3491306897 0.0899496967 0.3024139170 2.1695233729 0.3491306897 0.0314041996 0.7574471915 0.0000029583
0.6010000000 0.3491307738 0.0899496984 0.3024139169 2.1695228507 0.3491307738 0.0314042078 0.7574471917 0.0000030695
0.6020000000 0.3491308551 0.0899497000 0.3024139168 2.1695223462 0.3491308551 0.0314042157 0.7574471919 0.0000034236
0.6030000000 0.3491309337 0.0899497016 0.3024139167 2.1695218581 0.3491309337 0.0314042233 0.7574471920 0.0000039969
0.6040000000 0.3491310097 0.0899497032 0.3024139166 2.1695213857 0.3491310097 0.0314042307 0.7574471920 0.0000046445
0.6050000000 0.3491310834 0.0899497047 0.3024139164 2.1695209281 0.3491310834 0.0314042378 0.7574471920 0.0000050675
0.6060000000 0.3491311547 0.0899497060 0.3024139163 2.1695204847 0.3491311547 0.0314042447 0.7574471919 0.0000049526
0.6070000000 0.3491312237 0.0899497074 0.3024139161 2.1695200552 0.3491312237 0.0314042514 0.7574471917 0.0000042799
0.6080000000 0.3491312906 0.0899497086 0.3024139158 2.1695196391 0.3491312906 0.0314042578 0.7574471915 0.0000035351
0.6090000000 0.3491313553 0.0899497098 0.3024139156 2.1695192361 0.3491313553 0.0314042641 0.7574471912 0.0000034987
0.6100000000 0.3491314179 0.0899497109 0.3024139153 2.1695188457 0.3491314179 0.0314042701 0.7574471908 0.0000046201
0.6110000000 0.3491314787 0.0899497119 0.3024139150 2.1695184670 0.3491314787 0.0314042759 0.7574471904 0.0000064848
0.6120000000 0.3491315376 0.0899497129 0.3024139147 2.1695180995 0.3491315376 0.0314042816 0.7574471899 0.0000079762
0.6130000000 0.3491315947 0.0899497137 0.3024139144 2.1695177425 0.3491315947 0.0314042870 0.7574471892 0.0000081564
0.6140000000 0.3491316502 0.0899497144 0.3024139140 2.1695173957 0.3491316502 0.0314042922 0.7574471885 0.0000071056
0.6150000000 0.3491317040 0.0899497149 0.3024139135 2.1695170588 0.3491317040 0.0314042972 0.7574471876 0.0000058352
0.6160000000 0.3491317562 0.0899497154 0.3024139130 2.1695167315 0.3491317562 0.0314043021 0.7574471866 0.0000052675
0.6170000000 0.3491318069 0.0899497158 0.3024139125 2.1695164136 0.3491318069 0.0314043068 0.7574471856 0.0000053591
0.6180000000 0.3491318560 0.0899497161 0.3024139120 2.1695161050 0.3491318560 0.0314043113 0.7574471845 0.0000054683
0.6190000000 0.3491319038 0.0899497163 0.3024139114 2.1695158051 0.3491319038 0.0314043157 0.7574471833 0.0000056970
0.6200000000 0.3491319501 0.0899497164 0.3024139109 2.1695155134 0.3491319501 0.0314043199 0.7574471820 0.0000075060
0.6210000000 0.3491319951 0.0899497164 0.3024139102 2.1695152295 0.3491319951 0.0314043239 0.7574471806 0.0000122329
0.6220000000 0.3491320389 0.0899497162 0.3024139095 2.1695149529 0.3491320389 0.0314043278 0.7574471790 0.0000184519
0.6230000000 0.3491320815 0.0899497157 0.3024139087 2.1695146833 0.3491320815 0.0314043315 0.7574471771 0.0000212287
0.6240000000 0.3491321227 0.0899497149 0.3024139078 2.1695144204 0.3491321227 0.0314043349 0.7574471749 0.0000154600
0.6250000000 0.3491321628 0.0899497138 0.3024139067 2.1695141643 0.3491321628 0.0314043381 0.7574471725 0.0000015680
0.6260000000 0.3491322018 0.0899497126 0.3024139057 2.1695139149 0.3491322018 0.0314043412 0.7574471699 0.0000117690
0.6270000000 0.3491322398 0.0899497116 0.3024139047 2.1695136723 0.3491322398 0.0314043443 0.7574471676 0.0000121495
0.6280000000 0.3491322768 0.0899497109 0.3024139038 2.1695134361 0.3491322768 0.0314043474 0.7574471655 0.0000064278
0.6290000000 0.3491323129 0.0899497100 0.3024139029 2.1695132059 0.3491323129 0.0314043503 0.7574471634 0.0000357708
0.6300000000 0.3491323478 0.0899497087 0.3024139018 2.1695129810 0.3491323478 0.0314043530 0.7574471607 0.0000563412
0.6310000000 0.3491323816 0.0899497064 0.3024139003 2.1695127608 0.3491323816 0.0314043552 0.7574471571 0.0000509402
0.6320000000 0.3491324143 0.0899497033 0.3024138986 2.1695125452 0.3491324143 0.0314043571 0.7574471527 0.0000192055
0.6330000000 0.3491324460 0.0899496998 0.3024138966 2.1695123346 0.3491324460 0.0314043587 0.7574471479 0.0000195866
0.6340000000 0.3491324769 0.0899496965 0.3024138948 2.1695121294 0.3491324769 0.0314043603 0.7574471434 0.0000392645
0.6350000000 0.3491325072 0.0899496939 0.3024138932 2.1695119298 0.3491325072 0.0314043622 0.7574471395 0.0000258673
0.6360000000 0.3491325369 0.0899496918 0.3024138919 2.1695117354 0.3491325369 0.0314043641 0.7574471361 0.0000120260
0.6370000000 0.3491325659 0.0899496895 0.3024138904 2.1695115455 0.3491325659 0.0314043659 0.7574471325 0.0000508022
0.6380000000 0.3491325938 0.0899496864 0.3024138887 2.1695113592 0.3491325938 0.0314043673 0.7574471282 0.0000709056
0.6390000000 0.3491326208 0.0899496822 0.3024138865 2.1695111761 0.3491326208 0.0314043683 0.7574471228 0.0000698933
0.6400000000 0.3491326467 0.0899496769 0.3024138839 2.1695109960 0.3491326467 0.0314043688 0.7574471162 0.0000578339
0.6410000000 0.3491326717 0.0899496705 0.3024138809 2.1695108191 0.3491326717 0.0314043688 0.7574471086 0.0000411337
0.6420000000 0.3491326958 0.0899496635 0.3024138777 2.1695106457 0.3491326958 0.0314043685 0.7574471004 0.0000133732
0.6430000000 0.3491327192 0.0899496561 0.3024138743 2.1695104759 0.3491327192 0.0314043680 0.7574470918 0.0000338907
0.6440000000 0.3491327422 0.0899496493 0.3024138711 2.1695103104 0.3491327422 0.0314043677 0.7574470838 0.0000883224
0.6450000000 0.3491327650 0.0899496438 0.3024138685 2.1695101497 0.3491327650 0.0314043678 0.7574470771 0.0001067561
0.6460000000 0.3491327878 0.0899496401 0.3024138666 2.1695099939 0.3491327878 0.0314043686 0.7574470723 0.0000384675
0.6470000000 0.3491328103 0.0899496372 0.3024138650 2.1695098421 0.3491328103 0.0314043696 0.7574470682 0.0001235526
0.6480000000 0.3491328318 0.0899496326 0.3024138627 2.1695096920 0.3491328318 0.0314043700 0.7574470625 0.0003055757
0.6490000000 0.3491328513 0.0899496232 0.3024138585 2.1695095408 0.3491328513 0.0314043684 0.7574470519 0.0003777856
0.6500000000 0.3491328682 0.0899496074 0.3024138520 2.1695093872 0.3491328682 0.0314043644 0.7574470350 0.0002402543
0.6510000000 0.3491328833 0.0899495872 0.3024138437 2.1695092328 0.3491328833 0.0314043587 0.7574470138 0.0000881483
0.6520000000 0.3491328982 0.0899495679 0.3024138358 2.1695090820 0.3491328982 0.0314043533 0.7574469934 0.0004483478
0.6530000000 0.3491329148 0.0899495556 0.3024138306 2.1695089404 0.3491329148 0.0314043505 0.7574469801 0.0006038978
0.6540000000 0.3491329342 0.0899495534 0.3024138292 2.1695088102 0.3491329342 0.0314043515 0.7574469767 0.0003646267
0.6550000000 0.3491329553 0.0899495578 0.3024138304 2.1695086884 0.3491329553 0.0314043549 0.7574469799 0.0002153556
0.6560000000 0.3491329752 0.0899495597 0.3024138306 2.1695085670 0.3491329752 0.0314043574 0.7574469806 0.0008234464
0.6570000000 0.3491329905 0.0899495487 0.3024138259 2.1695084369 0.3491329905 0.0314043549 0.7574469686 0.0010508947
0.6580000000 0.3491329999 0.0899495198 0.3024138143 2.1695082936 0.3491329999 0.0314043457 0.7574469388 0.0007010453
0.6590000000 0.3491330046 0.0899494778 0.3024137977 2.1695081413 0.3491330046 0.0314043314 0.7574468958 0.0000838416
0.6600000000 0.3491330090 0.0899494358 0.3024137811 2.1695079913 0.3491330090 0.0314043172 0.7574468530 0.0009099340
0.6610000000 0.3491330177 0.0899494085 0.3024137701 2.1695078565 0.3491330177 0.0314043084 0.7574468248 0.0013035638
0.6620000000 0.3491330330 0.0899494031 0.3024137676 2.1695077430 0.3491330330 0.0314043079 0.7574468183 0.0008765371
0.6630000000 0.3491330529 0.0899494134 0.3024137711 2.1695076453 0.3491330529 0.0314043133 0.7574468275 0.0002092493
0.6640000000 0.3491330720 0.0899494221 0.3024137740 2.1695075482 0.3491330720 0.0314043181 0.7574468351 0.0013140430
0.6650000000 0.3491330843 0.0899494103 0.3024137690 2.1695074352 0.3491330843 0.0314043150 0.7574468222 0.0017124167
0.6660000000 0.3491330869 0.0899493689 0.3024137526 2.1695072984 0.3491330869 0.0314043008 0.7574467801 0.0011290338
0.6670000000 0.3491330822 0.0899493057 0.3024137279 2.1695071445 0.3491330822 0.0314042783 0.7574467162 0.0000746619
0.6680000000 0.3491330769 0.0899492417 0.3024137028 2.1695069917 0.3491330769 0.0314042555 0.7574466514 0.0012532371
0.6690000000 0.3491330781 0.0899491987 0.3024136858 2.1695068592 0.3491330781 0.0314042406 0.7574466077 0.0017246631
0.6700000000 0.3491330884 0.0899491854 0.3024136803 2.1695067545 0.3491330884 0.0314042369 0.7574465934 0.0009828362
0.6710000000 0.3491331042 0.0899491904 0.3024136817 2.1695066675 0.3491331042 0.0314042401 0.7574465973 0.0006431755
0.6720000000 0.3491331172 0.0899491874 0.3024136801 2.1695065751 0.3491331172 0.0314042402 0.7574465933 0.0020406337
0.6730000000 0.3491331194 0.0899491512 0.3024136658 2.1695064553 0.3491331194 0.0314042277 0.7574465563 0.0022091753
0.6740000000 0.3491331084 0.0899490741 0.3024136358 2.1695063014 0.3491331084 0.0314041998 0.7574464787 0.0010664048
0.6750000000 0.3491330898 0.0899489738 0.3024135968 2.1695061287 0.3491330898 0.0314041631 0.7574463780 0.0007799757
0.6760000000 0.3491330746 0.0899488852 0.3024135623 2.1695059678 0.3491330746 0.0314041308 0.7574462889 0.0024821890
0.6770000000 0.3491330730 0.0899488402 0.3024135445 2.1695058466 0.3491330730 0.0314041150 0.7574462432 0.0029901195
0.6780000000 0.3491330878 0.0899488473 0.3024135469 2.1695057726 0.3491330878 0.0314041188 0.7574462493 0.0013385166
0.6790000000 0.3491331107 0.0899488812 0.3024135595 2.1695057234 0.3491331107 0.0314041327 0.7574462820 0.0016891815
0.6800000000 0.3491331260 0.0899488914 0.3024135630 2.1695056549 0.3491331260 0.0314041376 0.7574462912 0.0044335649
0.6810000000 0.3491331175 0.0899488276 0.3024135380 2.1695055228 0.3491331175 0.0314041146 0.7574462267 0.0048702139
0.6820000000 0.3491330776 0.0899486650 0.3024134751 2.1695053056 0.3491330776 0.0314040542 0.7574460642 0.0030806875
0.6830000000 0.3491330134 0.0899484266 0.3024133831 2.1695050232 0.3491330134 0.0314039652 0.7574458263 0.0000354627
0.6840000000 0.3491329468 0.0899481814 0.3024132884 2.1695047360 0.3491329468 0.0314038736 0.7574455816 0.0036383096
0.6850000000 0.3491329042 0.0899480122 0.3024132229 2.1695045167 0.3491329042 0.0314038107 0.7574454125 0.0073341626
0.6860000000 0.3491329048 0.0899479800 0.3024132102 2.1695044186 0.3491329048 0.0314037995 0.7574453796 0.0077288796
0.6870000000 0.3491329517 0.0899480946 0.3024132538 2.1695044505 0.3491329517 0.0314038438 0.7574454925 0.0032548397
0.6880000000 0.3491330239 0.0899482896 0.3024133284 2.1695045540 0.3491330239 0.0314039184 0.7574456854 0.0026611730
0.6890000000 0.3491330816 0.0899484393 0.3024133856 2.1695046190 0.3491330816 0.0314039758 0.7574458332 0.0098270184
0.6900000000 0.3491330824 0.0899484101 0.3024133739 2.1695045283 0.3491330824 0.0314039657 0.7574458032 0.0128353597
0.6910000000 0.3491329927 0.0899480959 0.3024132528 2.1695041889 0.3491329927 0.0314038479 0.7574454901 0.0091644013
0.6920000000 0.3491328070 0.0899474795 0.3024130154 2.1695035856 0.3491328070 0.0314036160 0.7574448766 0.0038934955
0.6930000000 0.3491325659 0.0899466890 0.3024127111 2.1695028307 0.3491325659 0.0314033183 0.7574440900 0.0020260470
0.6940000000 0.3491323437 0.0899459584 0.3024124298 2.1695021292 0.3491323437 0.0314030433 0.7574433630 0.0091558248
0.6950000000 0.3491322150 0.0899455234 0.3024122622 2.1695016878 0.3491322150 0.0314028798 0.7574429297 0.0209102770
0.6960000000 0.3491322438 0.0899455856 0.3024122857 2.1695016832 0.3491322438 0.0314029041 0.7574429907 0.0215080272
0.6970000000 0.3491324816 0.0899463072 0.3024125628 2.1695022577 0.3491324816 0.0314031775 0.7574437070 0.0108467088
0.6980000000 0.3491329035 0.0899476104 0.3024130635 2.1695033429 0.3491329035 0.0314036704 0.7574450013 0.0015658182
0.6990000000 0.3491333725 0.0899490626 0.3024136214 2.1695045596 0.3491333725 0.0314042196 0.7574464437 0.0083253509
0.7000000000 0.3491337093 0.0899500978 0.3024140191 2.1695054117 0.3491337093 0.0314046113 0.7574474717 0.0315749803
0.7010000000 0.3491337312 0.0899501407 0.3024140352 2.1695053946 0.3491337312 0.0314046282 0.7574475134 0.0391947541
0.7020000000 0.3491331359 0.0899482367 0.3024133028 2.1695036721 0.3491331359 0.0314039100 0.7574456203 0.0217678532
0.7030000000 0.3491316262 0.0899434496 0.3024114620 2.1694994233 0.3491316262 0.0314021028 0.7574408618 0.0115606989
0.7040000000 0.3491292634 0.0899359719 0.3024085868 2.1694928170 0.3491292634 0.0313992796 0.7574334293 0.0033052263
0.7050000000 0.3491265416 0.0899273620 0.3024052762 2.1694852192 0.3491265416 0.0313960289 0.7574248715 0.0044040293
0.7060000000 0.3491241457 0.0899197806 0.3024023611 2.1694785238 0.3491241457 0.0313931666 0.7574173362 0.0144855492
0.7070000000 0.3491226703 0.0899151029 0.3024005624 2.1694743742 0.3491226703 0.0313914008 0.7574126866 0.0516514571
0.7080000000 0.3491227665 0.0899153826 0.3024006696 2.1694745703 0.3491227665 0.0313915071 0.7574129637 0.0492123849
0.7090000000 0.3491263291 0.0899265964 0.3024049805 2.1694843510 0.3491263291 0.0313957425 0.7574241074 0.0248867142
0.7100000000 0.3491355004 0.0899555012 0.3024160931 2.1695096393 0.3491355004 0.0314066589 0.7574528335 0.0136537903
0.7110000000 0.3491504783 0.0900027199 0.3024342474 2.1695509829 0.3491504783 0.0314244927 0.7574997634 0.0056461771
0.7120000000 0.3491689612 0.0900609916 0.3024566527 2.1696020192 0.3491689612 0.0314465029 0.7575576833 0.0011460397
0.7130000000 0.3491871326 0.0901182784 0.3024786807 2.1696521962 0.3491871326 0.0314681432 0.7576146291 0.0084089590
0.7140000000 0.3492012418 0.0901627524 0.3024957828 2.1696911433 0.3492012418 0.0314849451 0.7576588416 0.0210843167
0.7150000000 0.3492084962 0.0901856082 0.3025045720 2.1697111383 0.3492084962 0.0314935806 0.7576815638 0.0599863262
0.7160000000 0.3492030214 0.0901683219 0.3024979240 2.1696959388 0.3492030214 0.0314870505 0.7576643772 0.0416994052
0.7170000000 0.3491673436 0.0900557855 0.3024546493 2.1695972393 0.3491673436 0.0314445394 0.7575525047 0.0234302544
0.7180000000 0.3490835541 0.0897914877 0.3023530375 2.1693655567 0.3490835541 0.0313447316 0.7572898387 0.0142548713
0.7190000000 0.3489454974 0.0893559169 0.3021856418 2.1689839368 0.3489454974 0.0311803449 0.7568571788 0.0080681881
0.7200000000 0.3487624045 0.0887780437 0.3019636804 2.1684779775 0.3487624045 0.0309624440 0.7562835935 0.0033255250
0.7210000000 0.3485555325 0.0881248195 0.3017129453 2.1679064913 0.3485555325 0.0307163934 0.7556358015 0.0004941392
0.7220000000 0.3483498059 0.0874748896 0.3014636528 2.1673383491 0.3483498059 0.0304718608 0.7549918932 0.0036850344
0.7230000000 0.3481657224 0.0868930608 0.3012406323 2.1668301271 0.3481657224 0.0302531853 0.7544159766 0.0067093577
0.7240000000 0.3480165307 0.0864213245 0.3010599154 2.1664183394 0.3480165307 0.0300760495 0.7539493944 0.0101496530
0.7250000000 0.3479084083 0.0860793401 0.3009289631 2.1661199621 0.3479084083 0.0299477262 0.7536113481 0.0152057962
0.7260000000 0.3478419198 0.0858689925 0.3008484412 2.1659364891 0.3478419198 0.0298688352 0.7534035064 0.0254648133
0.7270000000 0.3478129239 0.0857772392 0.3008133233 2.1658564540 0.3478129239 0.0298344324 0.7533128660 0.0609192025
0.7280000000 0.3478266206 0.0858205532 0.3008299010 2.1658941801 0.3478266206 0.0298506730 0.7533556532 0.0415246302
0.7290000000 0.3479185791 0.0861114405 0.3009412532 2.1661478226 0.3479185791 0.0299597700 0.7536430725 0.0221096518
0.7300000000 0.3481234674 0.0867593678 0.3011894067 2.1667132006 0.3481234674 0.0302029720 0.7542837122 0.0141472370
0.7310000000 0.3484582642 0.0878174736 0.3015950331 2.1676375610 0.3484582642 0.0306007244 0.7553312218 0.0097316859
0.7320000000 0.3489252879 0.0892921222 0.3021611222 2.1689279538 0.3489252879 0.0311562795 0.7567938106 0.0069634807
0.7330000000 0.3495171538 0.0911586914 0.3028789679 2.1705648468 0.3495171538 0.0318615264 0.7586496473 0.0051069028
0.7340000000 0.3502212221 0.0933758067 0.3037335263 2.1725142974 0.3502212221 0.0327021892 0.7608606124 0.0038116395
0.7350000000 0.3510229040 0.0958959480 0.3047073919 2.1747369766 0.3510229040 0.0336616742 0.7633824889 0.0028849281
0.7360000000 0.3519077551 0.0986721736 0.3057833151 2.1771938772 0.3519077551 0.0347235031 0.7661714096 0.0022101155
0.7370000000 0.3528625991 0.1016617217 0.3069455521 2.1798493762 0.3528625991 0.0358726194 0.7691873164 0.0017120243
0.7380000000 0.3538759919 0.1048274902 0.3081804245 2.1826725060 0.3538759919 0.0370959321 0.7723953981 0.0013401669
0.7390000000 0.3549382942 0.1081382531 0.3094764089 2.1856371604 0.3549382942 0.0383824071 0.7757663254 0.0010596999
0.7400000000 0.3560415406 0.1115682257 0.3108239821 2.1887217488 0.3560415406 0.0397229230 0.7792758633 0.0008461231
0.7410000000 0.3571792246 0.1150963578 0.3122153656 2.1919086193 0.3571792246 0.0411100278 0.7829042211 0.0006819731
0.7420000000 0.3583460647 0.1187055696 0.3136442456 2.1951834296 0.3583460647 0.0425376737 0.7866353433 0.0005546685
0.7430000000 0.3595377844 0.1223820370 0.3151055116 2.1985345556 0.3595377844 0.0440009664 0.7904562430 0.0004550622
0.7440000000 0.3607509210 0.1261145688 0.3165950275 2.2019525753 0.3607509210 0.0454959469 0.7943564196 0.0003764492
0.7450000000 0.3619826657 0.1298940872 0.3181094399 2.2054298365 0.3619826657 0.0470194079 0.7983273712 0.0003138762
0.7460000000 0.3632307322 0.1337132034 0.3196460218 2.2089601036 0.3632307322 0.0485687448 0.8023621958 0.0002636564
0.7470000000 0.3644932524 0.1375658780 0.3212025475 2.2125382739 0.3644932524 0.0501418343 0.8064552716 0.0002230247
0.7480000000 0.3657686926 0.1414471500 0.3227771919 2.2161601513 0.3657686926 0.0517369391 0.8106020011 0.0001898927
0.7490000000 0.3670557869 0.1453529229 0.3243684514 2.2198222672 0.3670557869 0.0533526315 0.8147986090 0.0001626709
0.7500000000 0.3683534851 0.1492797950 0.3259750810 2.2235217380 0.3683534851 0.0549877327 0.8190419813 0.0001401409
0.7510000000 0.3696609111 0.1532249255 0.3275960448 2.2272561530 0.3696609111 0.0566412656 0.8233295388 0.0001213622
0.7520000000 0.3709773302 0.1571859285 0.3292304762 2.2310234850 0.3709773302 0.0583124161 0.8276591361 0.0001056034
0.7530000000 0.3723021226 0.1611607887 0.3308776468 2.2348220193 0.3723021226 0.0600005037 0.8320289814 0.0000922922
0.7540000000 0.3736347627 0.1651477942 0.3325369416 2.2386502976 0.3736347627 0.0617049569 0.8364375728 0.0000809771
0.7550000000 0.3749748027 0.1691454825 0.3342078383 2.2425070719 0.3749748027 0.0634252939 0.8408836468 0.0000713001
0.7560000000 0.3763218587 0.1731525979 0.3358898920 2.2463912686 0.3763218587 0.0651611075 0.8453661375 0.0000629754
0.7570000000 0.3776756000 0.1771680556 0.3375827213 2.2503019587 0.3776756000 0.0669120517 0.8498841424 0.0000557729
0.7580000000 0.3790357405 0.1811909145 0.3392859987 2.2542383340 0.3790357405 0.0686778325 0.8544368963 0.0000495070
0.7590000000 0.3804020315 0.1852203532 0.3409994409 2.2581996874 0.3804020315 0.0704581986 0.8590237486 0.0000440264
0.7600000000 0.3817742552 0.1892556515 0.3427228028 2.2621853969 0.3817742552 0.0722529354 0.8636441451 0.0000392074
0.7610000000 0.3831522208 0.1932961748 0.3444558706 2.2661949124 0.3831522208 0.0740618586 0.8682976134 0.0000349482
0.7620000000 0.3845357596 0.1973413610 0.3461984578 2.2702277447 0.3845357596 0.0758848101 0.8729837503 0.0000311647
0.7630000000 0.3859247223 0.2013907099 0.3479504008 2.2742834565 0.3859247223 0.0777216538 0.8777022114 0.0000277868
0.7640000000 0.3873189759 0.2054437743 0.3497115555 2.2783616545 0.3873189759 0.0795722723 0.8824527027 0.0000247557
0.7650000000 0.3887184011 0.2095001523 0.3514817946 2.2824619833 0.3887184011 0.0814365642 0.8872349728 0.0000220223
0.7660000000 0.3901228910 0.2135594811 0.3532610051 2.2865841197 0.3901228910 0.0833144422 0.8920488074 0.0000195449
0.7670000000 0.3915323488 0.2176214314 0.3550490864 2.2907277683 0.3915323488 0.0852058302 0.8968940235 0.0000172881
0.7680000000 0.3929466864 0.2216857032 0.3568459484 2.2948926572 0.3929466864 0.0871106625 0.9017704653 0.0000152216
0.7690000000 0.3943658236 0.2257520214 0.3586515100 2.2990785352 0.3943658236 0.0890288818 0.9066780000 0.0000133195
0.7700000000 0.3957896866 0.2298201325 0.3604656980 2.3032851681 0.3957896866 0.0909604382 0.9116165149 0.0000115592
0.7710000000 0.3972182073 0.2338898022 0.3622884456 2.3075123369 0.3972182073 0.0929052879 0.9165859138 0.0000099213
0.7720000000 0.3986513223 0.2379608120 0.3641196921 2.3117598351 0.3986513223 0.0948633924 0.9215861151 0.0000083887
0.7730000000 0.4000889724 0.2420329577 0.3659593811 2.3160274666 0.4000889724 0.0968347173 0.9266170492 0.0000069463
0.7740000000 0.4015311018 0.2461060468 0.3678074604 2.3203150446 0.4015311018 0.0988192321 0.9316786564 0.0000055807
0.7750000000 0.4029776576 0.2501798974 0.3696638813 2.3246223892 0.4029776576 0.1008169090 0.9367708851 0.0000042802
0.7760000000 0.4044285892 0.2542543361 0.3715285974 2.3289493266 0.4044285892 0.1028277225 0.9418936905 0.0000030339
0.7770000000 0.4058838482 0.2583291968 0.3734015646 2.3332956875 0.4058838482 0.1048516485 0.9470470326 0.0000018321
0.7780000000 0.4073433873 0.2624043193 0.3752827404 2.3376613059 0.4073433873 0.1068886643 0.9522308746 0.0000006655
0.7790000000 0.4088071605 0.2664795485 0.3771720833 2.3420460180 0.4088071605 0.1089387475 0.9574451825 0.0000004735
0.7800000000 0.4102751227 0.2705547326 0.3790695524 2.3464496610 0.4102751227 0.1110018761 0.9626899225 0.0000015881
0.7810000000 0.4117472290 0.2746297236 0.3809751072 2.3508720730 0.4117472290 0.1130780277 0.9679650617 0.0000026836
0.7820000000 0.4132234350 0.2787043756 0.3828887072 2.3553130923 0.4132234350 0.1151671794 0.9732705665 0.0000037669
0.7830000000 0.4147036965 0.2827785449 0.3848103120 2.3597725564 0.4147036965 0.1172693079 0.9786064021 0.0000048453
0.7840000000 0.4161879689 0.2868520885 0.3867398800 2.3642503009 0.4161879689 0.1193843881 0.9839725306 0.0000059258
0.7850000000 0.4176762068 0.2909248632 0.3886773689 2.3687461588 0.4176762068 0.1215123933 0.9893689105 0.0000070153
0.7860000000 0.4191683642 0.2949967248 0.3906227346 2.3732599591 0.4191683642 0.1236532946 0.9947954949 0.0000081208
0.7870000000 0.4206643935 0.2990675274 0.3925759308 2.3777915263 0.4206643935 0.1258070600 1.0002522302 0.0000092494
0.7880000000 0.4221642455 0.3031371219 0.3945369090 2.3823406788 0.4221642455 0.1279736544 1.0057390552 0.0000104083
0.7890000000 0.4236678691 0.3072053559 0.3965056175 2.3869072280 0.4236678691 0.1301530385 1.0112558990 0.0000116050
0.7900000000 0.4251752107 0.3112720720 0.3984820011 2.3914909772 0.4251752107 0.1323451688 1.0168026801 0.0000128476
0.7910000000 0.4266862139 0.3153371069 0.4004660004 2.3960917203 0.4266862139 0.1345499963 1.0223793043 0.0000141447
0.7920000000 0.4282008191 0.3194002908 0.4024575515 2.4007092401 0.4282008191 0.1367674662 1.0279856630 0.0000155053
0.7930000000 0.4297189629 0.3234614457 0.4044565850 2.4053433073 0.4297189629 0.1389975170 1.0336216315 0.0000169394
0.7940000000 0.4312405777 0.3275203842 0.4064630255 2.4099936788 0.4312405777 0.1412400797 1.0392870664 0.0000184581
0.7950000000 0.4327655911 0.3315769084 0.4084767906 2.4146600955 0.4327655911 0.1434950768 1.0449818035 0.0000200734
0.7960000000 0.4342939252 0.3356308083 0.4104977903 2.4193422805 0.4342939252 0.1457624211 1.0507056553 0.0000217989
0.7970000000 0.4358254958 0.3396818597 0.4125259256 2.4240399371 0.4358254958 0.1480420150 1.0564584075 0.0000236495
0.7980000000 0.4373602122 0.3437298231 0.4145610880 2.4287527460 0.4373602122 0.1503337483 1.0622398163 0.0000256425
0.7990000000 0.4388979752 0.3477744406 0.4166031575 2.4334803625 0.4388979752 0.1526374978 1.0680496039 0.0000277972
0.8000000000 0.4404386774 0.3518154344 0.4186520018 2.4382224134 0.4404386774 0.1549531246 1.0738874549 0.0000301358
0.8010000000 0.4419822008 0.3558525035 0.4207074744 2.4429784931 0.4419822008 0.1572804726 1.0797530109 0.0000326836
0.8020000000 0.4435284164 0.3598853208 0.4227694126 2.4477481597 0.4435284164 0.1596193664 1.0856458650 0.0000354701
0.8030000000 0.4450771823 0.3639135295 0.4248376359 2.4525309299 0.4450771823 0.1619696083 1.0915655557 0.0000385293
0.8040000000 0.4466283418 0.3679367390 0.4269119428 2.4573262732 0.4466283418 0.1643309756 1.0975115586 0.0000419011
0.8050000000 0.4481817216 0.3719545199 0.4289921083 2.4621336060 0.4481817216 0.1667032171 1.1034832783 0.0000456322
0.8060000000 0.4497371294 0.3759663985 0.4310778807 2.4669522833 0.4497371294 0.1690860488 1.1094800382 0.0000497778
0.8070000000 0.4512943509 0.3799718501 0.4331689773 2.4717815900 0.4512943509 0.1714791495 1.1155010682 0.0000544034
0.8080000000 0.4528531466 0.3839702915 0.4352650800 2.4766207303 0.4528531466 0.1738821547 1.1215454907 0.0000595871
0.8090000000 0.4544132479 0.3879610713 0.4373658293 2.4814688154 0.4544132479 0.1762946505 1.1276123040 0.0000654228
0.8100000000 0.4559743523 0.3919434592 0.4394708185 2.4863248479 0.4559743523 0.1787161649 1.1337003622 0.0000720238
0.8110000000 0.4575361179 0.3959166327 0.4415795850 2.4911877044 0.4575361179 0.1811461591 1.1398083512 0.0000795271
0.8120000000 0.4590981564 0.3998796612 0.4436916013 2.4960561139 0.4590981564 0.1835840152 1.1459347601 0.0000880997
0.8130000000 0.4606600253 0.4038314869 0.4458062633 2.5009286315 0.4606600253 0.1860290230 1.1520778467 0.0000979453
0.8140000000 0.4622212179 0.4077709017 0.4479228766 2.5058036072 0.4622212179 0.1884803628 1.1582355952 0.0001093133
0.8150000000 0.4637811513 0.4116965192 0.4500406396 2.5106791478 0.4637811513 0.1909370856 1.1644056657 0.0001225089
0.8160000000 0.4653391519 0.4156067406 0.4521586232 2.5155530709 0.4653391519 0.1933980882 1.1705853326 0.0001379055
0.8170000000 0.4668944383 0.4194997147 0.4542757466 2.5204228493 0.4668944383 0.1958620837 1.1767714106 0.0001559592
0.8180000000 0.4684461003 0.4233732884 0.4563907474 2.5252855445 0.4684461003 0.1983275659 1.1829601655 0.0001772243
0.8190000000 0.4699930740 0.4272249491 0.4585021472 2.5301377269 0.4699930740 0.2007927671 1.1891472078 0.0002023703
0.8200000000 0.4715341124 0.4310517567 0.4606082096 2.5349753829 0.4715341124 0.2032556075 1.1953273673 0.0002321990
0.8210000000 0.4730677521 0.4348502647 0.4627068927 2.5397938060 0.4730677521 0.2057136372 1.2014945467 0.0002676607
0.8220000000 0.4745922741 0.4386164321 0.4647957948 2.5445874735 0.4745922741 0.2081639700 1.2076415558 0.0003098664
0.8230000000 0.4761056619 0.4423455249 0.4668720932 2.5493499106 0.4761056619 0.2106032089 1.2137599265 0.0003600953
0.8240000000 0.4776055556 0.4460320138 0.4689324805 2.5540735447 0.4776055556 0.2130273678 1.2198397142 0.0004197929
0.8250000000 0.4790892067 0.4496694702 0.4709730986 2.5587495579 0.4790892067 0.2154317897 1.2258692958 0.0004905585
0.8260000000 0.4805534348 0.4532504709 0.4729894764 2.5633677483 0.4805534348 0.2178110706 1.2318351761 0.0005741188
0.8270000000 0.4819945922 0.4567665218 0.4749764786 2.5679164152 0.4819945922 0.2201589934 1.2377218253 0.0006722855
0.8280000000 0.4834085420 0.4602080150 0.4769282723 2.5723822870 0.4834085420 0.2224684856 1.2435115709 0.0007868971
0.8290000000 0.4847906575 0.4635642351 0.4788383233 2.5767505158 0.4847906575 0.2247316104 1.2491845768 0.0009197462
0.8300000000 0.4861358496 0.4668234346 0.4806994320 2.5810047635 0.4861358496 0.2269396070 1.2547189435 0.0010724956
0.8310000000 0.4874386309 0.4699729928 0.4825038211 2.5851274037 0.4874386309 0.2290829922 1.2600909625 0.0012465874
0.8320000000 0.4886932227 0.4729996746 0.4842432826 2.5890998595 0.4886932227 0.2311517353 1.2652755543 0.0014431531
0.8330000000 0.4898937067 0.4758899926 0.4859093906 2.5929030885 0.4898937067 0.2331355124 1.2702469050 0.0016629310
0.8340000000 0.4910342220 0.4786306707 0.4874937770 2.5965182101 0.4910342220 0.2350240390 1.2749792992 0.0019061986
0.8350000000 0.4921092000 0.4812091914 0.4889884623 2.5999272548 0.4921092000 0.2368074702 1.2794481214 0.0021727257
0.8360000000 0.4931136230 0.4836143955 0.4903862217 2.6031139935 0.4931136230 0.2384768467 1.2836309723 0.0024617539
0.8370000000 0.4940432891 0.4858370893 0.4916809613 2.6060647857 0.4940432891 0.2400245536 1.2875088185 0.0027720043
0.8380000000 0.4948950598 0.4878706075 0.4928680703 2.6087693734 0.4948950598 0.2414447535 1.2910670750 0.0031017135
0.8390000000 0.4956670641 0.4897112729 0.4939447151 2.6112215398 0.4956670641 0.2427337489 1.2942965144 0.0034486955
0.8400000000 0.4963588389 0.4913587037 0.4949100417 2.6134195619 0.4963588389 0.2438902357 1.2971938994 0.0038104261
0.8410000000 0.4969713863 0.4928159283 0.4957652625 2.6153663992 0.4969713863 0.2449154150 1.2997622650 0.0041841416
0.8420000000 0.4975071401 0.4940892910 0.4965136142 2.6170695931 0.4975071401 0.2458129501 1.3020108086 0.0045669463
0.8430000000 0.4979698440 0.4951881536 0.4971601903 2.6185408810 0.4979698440 0.2465887676 1.3039543941 0.0049559203
0.8440000000 0.4983643527 0.4961244210 0.4977116635 2.6197955640 0.4983643527 0.2472507259 1.3056127204 0.0053482196
0.8450000000 0.4986963756 0.4969119396 0.4981759272 2.6208516935 0.4986963756 0.2478081833 1.3070092405 0.0057411623
0.8460000000 0.4989721911 0.4975658260 0.4985616928 2.6217291562 0.4989721911 0.2482715104 1.3081699416 0.0061322964
0.8470000000 0.4991983550 0.4981017890 0.4988780791 2.6224487451 0.4991983550 0.2486515937 1.3091220997 0.0065194433
0.8480000000 0.4993814289 0.4985354978 0.4991342291 2.6230312911 0.4993814289 0.2489593693 1.3098931142 0.0069007181
0.8490000000 0.4995277470 0.4988820412 0.4993389796 2.6234969166 0.4995277470 0.2492054220 1.3105095039 0.0072745237
0.8500000000 0.4996432324 0.4991555040 0.4995006022 2.6238644482 0.4996432324 0.2493996695 1.3109961143 0.0076395201
0.8510000000 0.4997332691 0.4993686714 0.4996266198 2.6241510042 0.4997332691 0.2495511386 1.3113755599 0.0079945682
0.8520000000 0.4998026258 0.4995328575 0.4997236998 2.6243717523 0.4998026258 0.2496678338 1.3116678928 0.0083386473
0.8530000000 0.4998554283 0.4996578436 0.4997976124 2.6245398173 0.4998554283 0.2497566854 1.3118904745 0.0086707419
0.8540000000 0.4998951693 0.4997519057 0.4998532437 2.6246663120 0.4998951693 0.2498235635 1.3120580103 0.0089896888
0.8550000000 0.4999247465 0.4998219077 0.4998946486 2.6247604576 0.4999247465 0.2498733405 1.3121827064 0.0092939691
0.8560000000 0.4999465196 0.4998734372 0.4999251292 2.6248297633 0.4999465196 0.2499099852 1.3122745047 0.0095814188
0.8570000000 0.4999623767 0.4999109645 0.4999473282 2.6248802383 0.4999623767 0.2499366739 1.3123413624 0.0098488171
0.8580000000 0.4999738039 0.4999380075 0.4999633259 2.6249166129 0.4999738039 0.2499559073 1.3123895439 0.0100912905
0.8590000000 0.4999819532 0.4999572930 0.4999747348 2.6249425536 0.4999819532 0.2499696239 1.3124239051 0.0103014456
0.8600000000 0.4999877046 0.4999709036 0.4999827866 2.6249608614 0.4999877046 0.2499793045 1.3124481559 0.0104681135
0.8610000000 0.4999917211 0.4999804085 0.4999884096 2.6249736466 0.4999917211 0.2499860650 1.3124650915 0.0105745837
0.8620000000 0.4999944957 0.4999869745 0.4999922940 2.6249824788 0.4999944957 0.2499907352 1.3124767908 0.0105962732
0.8630000000 0.4999963907 0.4999914588 0.4999949470 2.6249885109 0.4999963907 0.2499939248 1.3124847811 0.0104980802
0.8640000000 0.4999976691 0.4999944840 0.4999967367 2.6249925802 0.4999976691 0.2499960766 1.3124901714 0.0102325258
0.8650000000 0.4999985198 0.4999964971 0.4999979277 2.6249952881 0.4999985198 0.2499975084 1.3124937584 0.0097416638
0.8660000000 0.4999990771 0.4999978161 0.4999987080 2.6249970623 0.4999990771 0.2499984466 1.3124961087 0.0089685532
0.8670000000 0.4999994359 0.4999986651 0.4999992103 2.6249982044 0.4999994359 0.2499990505 1.3124976215 0.0078848470
0.8680000000 0.4999996622 0.4999992007 0.4999995271 2.6249989248 0.4999996622 0.2499994315 1.3124985758 0.0065311906
0.8690000000 0.4999998019 0.4999995311 0.4999997226 2.6249993692 0.4999998019 0.2499996665 1.3124991645 0.0050417685
0.8700000000 0.4999998860 0.4999997302 0.4999998404 2.6249996371 0.4999998860 0.2499998081 1.3124995193 0.0036114431
0.8710000000 0.4999999356 0.4999998475 0.4999999098 2.6249997949 0.4999999356 0.2499998916 1.3124997284 0.0024101108
0.8720000000 0.4999999642 0.4999999152 0.4999999498 2.6249998859 0.4999999642 0.2499999397 1.3124998489 0.0015143412
0.8730000000 0.4999999803 0.4999999535 0.4999999725 2.6249999374 0.4999999803 0.2499999669 1.3124999171 0.0009075651
0.8740000000 0.4999999894 0.4999999748 0.4999999851 2.6249999661 0.4999999894 0.2499999821 1.3124999551 0.0005250118
0.8750000000 0.4999999943 0.4999999865 0.4999999920 2.6249999819 0.4999999943 0.2499999904 1.3124999760 0.0002958514
0.8760000000 0.4999999970 0.4999999929 0.4999999958 2.6249999904 0.4999999970 0.2499999949 1.3124999873 0.0001634257
0.8770000000 0.4999999984 0.4999999963 0.4999999978 2.6249999950 0.4999999984 0.2499999973 1.3124999933 0.0000888488
0.8780000000 0.4999999992 0.4999999981 0.4999999988 2.6249999974 0.4999999992 0.2499999986 1.3124999965 0.0000476574
0.8790000000 0.4999999996 0.4999999990 0.4999999994 2.6249999987 0.4999999996 0.2499999993 1.3124999982 0.0000252577
0.8800000000 0.4999999998 0.4999999995 0.4999999997 2.6249999993 0.4999999998 0.2499999996 1.3124999991 0.0000132378
0.8810000000 0.4999999999 0.4999999997 0.4999999998 2.6249999997 0.4999999999 0.2499999998 1.3124999995 0.0000068649
0.8820000000 0.4999999999 0.4999999999 0.4999999999 2.6249999998 0.4999999999 0.2499999999 1.3124999998 0.0000035236
0.8830000000 0.5000000000 0.4999999999 0.5000000000 2.6249999999 0.5000000000 0.2500000000 1.3124999999 0.0000017905
0.8840000000 0.5000000000 0.5000000000 0.5000000000 2.6250000000 0.5000000000 0.2500000000 1.3124999999 0.0000009008
0.8850000000 0.5000000000 0.5000000000 0.5000000000 2.6250000000 0.5000000000 0.2500000000 1.3125000000 0.0000004488
0.8860000000 0.5000000000 0.5000000000 0.5000000000 2.6250000000 0.5000000000 0.2500000000 1.3125000000 0.0000002214
0.8870000000 0.5000000000 0.5000000000 0.5000000000 2.6250000000 0.5000000000 0.2500000000 1.3125000000 0.0000001083
0.8880000000 0.5000000000 0.5000000000 0.5000000000 2.6250000000 0.5000000000 0.2500000000 1.3125000000 0.0000000524
0.8890000000 0.5000000000 0.5000000000 0.5000000000 2.6250000000 0.5000000000 0.2500000000 1.3125000000 0.0000000252
0.8900000000 0.5000000000 0.5000000000 0.5000000000 2.6250000000 0.5000000000 0.2500000000 1.3125000000 0.0000000119
0.8910000000 0.5000000000 0.5000000000 0.5000000000 2.6250000000 0.5000000000 0.2500000000 1.3125000000 0.0000000056
0.8920000000 0.5000000000 0.5000000000 0.5000000000 2.6250000000 0.5000000000 0.2500000000 1.3125000000 0.0000000026
0.8930000000 0.5000000000 0.5000000000 0.5000000000 2.6250000000 0.5000000000 0.2500000000 1.3125000000 0.0000000012
0.8940000000 0.5000000000 0.5000000000 0.5000000000 2.6250000000 0.5000000000 0.2500000000 1.3125000000 0.0000000005
0.8950000000 0.5000000000 0.5000000000 0.5000000000 2.6250000000 0.5000000000 0.2500000000 1.3125000000 0.0000000003
0.8960000000 0.5000000000 0.5000000000 0.5000000000 2.6250000000 0.5000000000 0.2500000000 1.3125000000 0.0000000001
0.8970000000 0.5000000000 0.5000000000 0.5000000000 2.6250000000 0.5000000000 0.2500000000 1.3125000000 0.0000000000
0.8980000000 0.5000000000 0.5000000000 0.5000000000 2.6250000000 0.5000000000 0.2500000000 1.3125000000 0.0000000000
0.8990000000 0.5000000000 0.5000000000 0.5000000000 2.6250000000 0.5000000000 0.2500000000 1.3125000000 0.0000000000
0.9000000000 0.5000000000 0.5000000000 0.5000000000 2.6250000000 0.5000000000 0.2500000000 1.3125000000 0.0000000000
0.9010000000 0.5000000000 0.5000000000 0.5000000000 2.6250000000 0.5000000000 0.2500000000 1.3125000000 0.0000000000
0.9020000000 0.5000000000 0.5000000000 0.5000000000 2.6250000000 0.5000000000 0.2500000000 1.3125000000 0.0000000000
0.9030000000 0.5000000000 0.5000000000 0.5000000000 2.6250000000 0.5000000000 0.2500000000 1.3125000000 0.0000000000
0.9040000000 0.5000000000 0.5000000000 0.5000000000 2.6250000000 0.5000000000 0.2500000000 1.3125000000 0.0000000000
0.9050000000 0.5000000000 0.5000000000 0.5000000000 2.6250000000 0.5000000000 0.2500000000 1.3125000000 0.0000000000
0.9060000000 0.5000000000 0.5000000000 0.5000000000 2.6250000000 0.5000000000 0.2500000000 1.3125000000 0.0000000000
0.9070000000 0.5000000000 0.5000000000 0.5000000000 2.6250000000 0.5000000000 0.2500000000 1.3125000000 0.0000000000
0.9080000000 0.5000000000 0.5000000000 0.5000000000 2.6250000000 0.5000000000 0.2500000000 1.3125000000 0.0000000000
0.9090000000 0.5000000000 0.5000000000 0.5000000000 2.6250000000 0.5000000000 0.2500000000 1.3125000000 0.0000000000
0.9100000000 0.5000000000 0.5000000000 0.5000000000 2.6250000000 0.5000000000 0.2500000000 1.3125000000 0.0000000000
0.9110000000 0.5000000000 0.5000000000 0.5000000000 2.6250000000 0.5000000000 0.2500000000 1.3125000000 0.0000000000
0.9120000000 0.5000000000 0.5000000000 0.5000000000 2.6250000000 0.5000000000 0.2500000000 1.3125000000 0.0000000000
0.9130000000 0.5000000000 0.5000000000 0.5000000000 2.6250000000 0.5000000000 0.2500000000 1.3125000000 0.0000000000
0.9140000000 0.5000000000 0.5000000000 0.5000000000 2.6250000000 0.5000000000 0.2500000000 1.3125000000 0.0000000000
0.9150000000 0.5000000000 0.5000000000 0.5000000000 2.6250000000 0.5000000000 0.2500000000 1.3125000000 0.0000000000
0.9160000000 0.5000000000 0.5000000000 0.5000000000 2.6250000000 0.5000000000 0.2500000000 1.3125000000 0.0000000000
0.9170000000 0.5000000000 0.5000000000 0.5000000000 2.6250000000 0.5000000000 0.2500000000 1.3125000000 0.0000000000
0.9180000000 0.5000000000 0.5000000000 0.5000000000 2.6250000000 0.5000000000 0.2500000000 1.3125000000 0.0000000000
0.9190000000 0.5000000000 0.5000000000 0.5000000000 2.6250000000 0.5000000000 0.2500000000 1.3125000000 0.0000000000
0.9200000000 0.5000000000 0.5000000000 0.5000000000 2.6250000000 0.5000000000 0.2500000000 1.3125000000 0.0000000000
0.9210000000 0.5000000000 0.5000000000 0.5000000000 2.6250000000 0.5000000000 0.2500000000 1.3125000000 0.0000000000
0.9220000000 0.5000000000 0.5000000000 0.5000000000 2.6250000000 0.5000000000 0.2500000000 1.3125000000 0.0000000000
0.9230000000 0.5000000000 0.5000000000 0.5000000000 2.6250000000 0.5000000000 0.2500000000 1.3125000000 0.0000000000
0.9240000000 0.5000000000 0.5000000000 0.5000000000 2.6250000000 0.5000000000 0.2500000000 1.3125000000 0.0000000000
0.9250000000 0.5000000000 0.5000000000 0.5000000000 2.6250000000 0.5000000000 0.2500000000 1.3125000000 0.0000000000
0.9260000000 0.5000000000 0.5000000000 0.5000000000 2.6250000000 0.5000000000 0.2500000000 1.3125000000 0.0000000000
0.9270000000 0.5000000000 0.5000000000 0.5000000000 2.6250000000 0.5000000000 0.2500000000 1.3125000000 0.0000000000
0.9280000000 0.5000000000 0.5000000000 0.5000000000 2.6250000000 0.5000000000 0.2500000000 1.3125000000 0.0000000000
0.9290000000 0.5000000000 0.5000000000 0.5000000000 2.6250000000 0.5000000000 0.2500000000 1.3125000000 0.0000000000
0.9300000000 0.5000000000 0.5000000000 0.5000000000 2.6250000000 0.5000000000 0.2500000000 1.3125000000 0.0000000000
0.9310000000 0.5000000000 0.5000000000 0.5000000000 2.6250000000 0.5000000000 0.2500000000 1.3125000000 0.0000000000
0.9320000000 0.5000000000 0.5000000000 0.5000000000 2.6250000000 0.5000000000 0.2500000000 1.3125000000 0.0000000000
0.9330000000 0.5000000000 0.5000000000 0.5000000000 2.6250000000 0.5000000000 0.2500000000 1.3125000000 0.0000000000
0.9340000000 0.5000000000 0.5000000000 0.5000000000 2.6250000000 0.5000000000 0.2500000000 1.3125000000 0.0000000000
0.9350000000 0.5000000000 0.5000000000 0.5000000000 2.6250000000 0.5000000000 0.2500000000 1.3125000000 0.0000000000
0.9360000000 0.5000000000 0.5000000000 0.5000000000 2.6250000000 0.5000000000 0.2500000000 1.3125000000 0.0000000000
0.9370000000 0.5000000000 0.5000000000 0.5000000000 2.6250000000 0.5000000000 0.2500000000 1.3125000000 0.0000000000
0.9380000000 0.5000000000 0.5000000000 0.5000000000 2.6250000000 0.5000000000 0.2500000000 1.3125000000 0.0000000000
0.9390000000 0.5000000000 0.5000000000 0.5000000000 2.6250000000 0.5000000000 0.2500000000 1.3125000000 0.0000000000
0.9400000000 0.5000000000 0.5000000000 0.5000000000 2.6250000000 0.5000000000 0.2500000000 1.3125000000 0.0000000000
0.9410000000 0.5000000000 0.5000000000 0.5000000000 2.6250000000 0.5000000000 0.2500000000 1.3125000000 0.0000000000
0.9420000000 0.5000000000 0.5000000000 0.5000000000 2.6250000000 0.5000000000 0.2500000000 1.3125000000 0.0000000000
0.9430000000 0.5000000000 0.5000000000 0.5000000000 2.6250000000 0.5000000000 0.2500000000 1.3125000000 0.0000000000
0.9440000000 0.5000000000 0.5000000000 0.5000000000 2.6250000000 0.5000000000 0.2500000000 1.3125000000 0.0000000000
0.9450000000 0.5000000000 0.5000000000 0.5000000000 2.6250000000 0.5000000000 0.2500000000 1.3125000000 0.0000000000
0.9460000000 0.5000000000 0.5000000000 0.5000000000 2.6250000000 0.5000000000 0.2500000000 1.3125000000 0.0000000000
0.9470000000 0.5000000000 0.5000000000 0.5000000000 2.6250000000 0.5000000000 0.2500000000 1.3125000000 0.0000000000
0.9480000000 0.5000000000 0.5000000000 0.5000000000 2.6250000000 0.5000000000 0.2500000000 1.3125000000 0.0000000000
0.9490000000 0.5000000000 0.5000000000 0.5000000000 2.6250000000 0.5000000000 0.2500000000 1.3125000000 0.0000000000
0.9500000000 0.5000000000 0.5000000000 0.5000000000 2.6250000000 0.5000000000 0.2500000000 1.3125000000 0.0000000000
0.9510000000 0.5000000000 0.5000000000 0.5000000000 2.6250000000 0.5000000000 0.2500000000 1.3125000000 0.0000000000
0.9520000000 0.5000000000 0.5000000000 0.5000000000 2.6250000000 0.5000000000 0.2500000000 1.3125000000 0.0000000000
0.9530000000 0.5000000000 0.5000000000 0.5000000000 2.6250000000 0.5000000000 0.2500000000 1.3125000000 0.0000000000
0.9540000000 0.5000000000 0.5000000000 0.5000000000 2.6250000000 0.5000000000 0.2500000000 1.3125000000 0.0000000000
0.9550000000 0.5000000000 0.5000000000 0.5000000000 2.6250000000 0.5000000000 0.2500000000 1.3125000000 0.0000000000
0.9560000000 0.5000000000 0.5000000000 0.5000000000 2.6250000000 0.5000000000 0.2500000000 1.3125000000 0.0000000000
0.9570000000 0.5000000000 0.5000000000 0.5000000000 2.6250000000 0.5000000000 0.2500000000 1.3125000000 0.0000000000
0.9580000000 0.5000000000 0.5000000000 0.5000000000 2.6250000000 0.5000000000 0.2500000000 1.3125000000 0.0000000000
0.9590000000 0.5000000000 0.5000000000 0.5000000000 2.6250000000 0.5000000000 0.2500000000 1.3125000000 0.0000000000
0.9600000000 0.5000000000 0.5000000000 0.5000000000 2.6250000000 0.5000000000 0.2500000000 1.3125000000 0.0000000000
0.9610000000 0.5000000000 0.5000000000 0.5000000000 2.6250000000 0.5000000000 0.2500000000 1.3125000000 0.0000000000
0.9620000000 0.5000000000 0.5000000000 0.5000000000 2.6250000000 0.5000000000 0.2500000000 1.3125000000 0.0000000000
0.9630000000 0.5000000000 0.5000000000 0.5000000000 2.6250000000 0.5000000000 0.2500000000 1.3125000000 0.0000000000
0.9640000000 0.5000000000 0.5000000000 0.5000000000 2.6250000000 0.5000000000 0.2500000000 1.3125000000 0.0000000000
0.9650000000 0.5000000000 0.5000000000 0.5000000000 2.6250000000 0.5000000000 0.2500000000 1.3125000000 0.0000000000
0.9660000000 0.5000000000 0.5000000000 0.5000000000 2.6250000000 0.5000000000 0.2500000000 1.3125000000 0.0000000000
0.9670000000 0.5000000000 0.5000000000 0.5000000000 2.6250000000 0.5000000000 0.2500000000 1.3125000000 0.0000000000
0.9680000000 0.5000000000 0.5000000000 0.5000000000 2.6250000000 0.5000000000 0.2500000000 1.3125000000 0.0000000000
0.9690000000 0.5000000000 0.5000000000 0.5000000000 2.6250000000 0.5000000000 0.2500000000 1.3125000000 0.0000000000
0.9700000000 0.5000000000 0.5000000000 0.5000000000 2.6250000000 0.5000000000 0.2500000000 1.3125000000 0.0000000000
0.9710000000 0.5000000000 0.5000000000 0.5000000000 2.6250000000 0.5000000000 0.2500000000 1.3125000000 0.0000000000
0.9720000000 0.5000000000 0.5000000000 0.5000000000 2.6250000000 0.5000000000 0.2500000000 1.3125000000 0.0000000000
0.9730000000 0.5000000000 0.5000000000 0.5000000000 2.6250000000 0.5000000000 0.2500000000 1.3125000000 0.0000000000
0.9740000000 0.5000000000 0.5000000000 0.5000000000 2.6250000000 0.5000000000 0.2500000000 1.3125000000 0.0000000000
0.9750000000 0.5000000000 0.5000000000 0.5000000000 2.6250000000 0.5000000000 0.2500000000 1.3125000000 0.0000000000
0.9760000000 0.5000000000 0.5000000000 0.5000000000 2.6250000000 0.5000000000 0.2500000000 1.3125000000 0.0000000000
0.9770000000 0.5000000000 0.5000000000 0.5000000000 2.6250000000 0.5000000000 0.2500000000 1.3125000000 0.0000000000
0.9780000000 0.5000000000 0.5000000000 0.5000000000 2.6250000000 0.5000000000 0.2500000000 1.3125000000 0.0000000000
0.9790000000 0.5000000000 0.5000000000 0.5000000000 2.6250000000 0.5000000000 0.2500000000 1.3125000000 0.0000000000
0.9800000000 0.5000000000 0.5000000000 0.5000000000 2.6250000000 0.5000000000 0.2500000000 1.3125000000 0.0000000000
0.9810000000 0.5000000000 0.5000000000 0.5000000000 2.6250000000 0.5000000000 0.2500000000 1.3125000000 0.0000000000
0.9820000000 0.5000000000 0.5000000000 0.5000000000 2.6250000000 0.5000000000 0.2500000000 1.3125000000 0.0000000000
0.9830000000 0.5000000000 0.5000000000 0.5000000000 2.6250000000 0.5000000000 0.2500000000 1.3125000000 0.0000000000
0.9840000000 0.5000000000 0.5000000000 0.5000000000 2.6250000000 0.5000000000 0.2500000000 1.3125000000 0.0000000000
0.9850000000 0.5000000000 0.5000000000 0.5000000000 2.6250000000 0.5000000000 0.2500000000 1.3125000000 0.0000000000
0.9860000000 0.5000000000 0.5000000000 0.5000000000 2.6250000000 0.5000000000 0.2500000000 1.3125000000 0.0000000000
0.9870000000 0.5000000000 0.5000000000 0.5000000000 2.6250000000 0.5000000000 0.2500000000 1.3125000000 0.0000000000
0.9880000000 0.5000000000 0.5000000000 0.5000000000 2.6250000000 0.5000000000 0.2500000000 1.3125000000 0.0000000000
0.9890000000 0.5000000000 0.5000000000 0.5000000000 2.6250000000 0.5000000000 0.2500000000 1.3125000000 0.0000000000
0.9900000000 0.5000000000 0.5000000000 0.5000000000 2.6250000000 0.5000000000 0.2500000000 1.3125000000 0.0000000000
0.9910000000 0.5000000000 0.5000000000 0.5000000000 2.6250000000 0.5000000000 0.2500000000 1.3125000000 0.0000000000
0.9920000000 0.5000000000 0.5000000000 0.5000000000 2.6250000000 0.5000000000 0.2500000000 1.3125000000 0.0000000000
0.9930000000 0.5000000000 0.5000000000 0.5000000000 2.6250000000 0.5000000000 0.2500000000 1.3125000000 0.0000000000
0.9940000000 0.5000000000 0.5000000000 0.5000000000 2.6250000000 0.5000000000 0.2500000000 1.3125000000 0.0000000000
0.9950000000 0.5000000000 0.5000000000 0.5000000000 2.6250000000 0.5000000000 0.2500000000 1.3125000000 0.0000000000
0.9960000000 0.5000000000 0.5000000000 0.5000000000 2.6250000000 0.5000000000 0.2500000000 1.3125000000 0.0000000000
0.9970000000 0.5000000000 0.5000000000 0.5000000000 2.6250000000 0.5000000000 0.2500000000 1.3125000000 0.0000000000
0.9980000000 0.5000000000 0.5000000000 0.5000000000 2.6250000000 0.5000000000 0.2500000000 1.3125000000 0.0000000000
0.9990000000 0.5000000000 0.5000000000 0.5000000000 2.6250000000 0.5000000000 0.2500000000 1.3125000000 0.0000000000
1.0000000000 0.5000000000 0.5000000000 0.5000000000 2.6250000000 0.5000000000 0.2500000000 1.3125000000 0.0000000000
