run_id,case_name,case,viscosity,sensor,beta,cfl,nx,mode,t_max,status,reason,solution_time,variable,L1,L2,Linf,TV,undershoot,overshoot
run_0001,visc_on_sensor_rho_beta_0p25_cfl_0p2_nx_101_mode_1,7,on,rho,0.25,0.2,101,1,0.2,completed,completed,0.2,rho,0.1867281324320219,0.7378358481741463,5.029304149739799,9.390969367800004,0.0,0.17872619569999948
run_0001,visc_on_sensor_rho_beta_0p25_cfl_0p2_nx_101_mode_1,7,on,rho,0.25,0.2,101,1,0.2,completed,completed,0.2,u,6.165205546082575e-10,9.687685886764224e-10,1.5222729743413765e-09,0.0,0.0,0.0
run_0001,visc_on_sensor_rho_beta_0p25_cfl_0p2_nx_101_mode_1,7,on,rho,0.25,0.2,101,1,0.2,completed,completed,0.2,p,3.0174853216102807e-09,4.7415207400922215e-09,7.450581041013038e-09,0.0,0.0,0.0
run_0002,visc_on_sensor_rho_beta_0p25_cfl_0p2_nx_201_mode_1,7,on,rho,0.25,0.2,201,1,0.2,completed,completed,0.2,rho,0.11905436385052147,0.5930265424881361,5.197996598539799,9.249726752800008,0.0,0.11749551469999986
run_0002,visc_on_sensor_rho_beta_0p25_cfl_0p2_nx_201_mode_1,7,on,rho,0.25,0.2,201,1,0.2,completed,completed,0.2,u,6.20326237044111e-10,9.717540151330132e-10,1.5222729743413765e-09,0.0,0.0,0.0
run_0002,visc_on_sensor_rho_beta_0p25_cfl_0p2_nx_201_mode_1,7,on,rho,0.25,0.2,201,1,0.2,completed,completed,0.2,p,3.0361117742128135e-09,4.756132548967327e-09,7.450581041013038e-09,0.0,0.0,0.0
run_0003,visc_on_sensor_rho_beta_0p25_cfl_0p2_nx_501_mode_1,7,on,rho,0.25,0.2,501,1,0.2,completed,completed,0.2,rho,0.06529839168429898,0.4426170838848736,5.371694785939799,9.12391446740001,0.0,0.059750004499999676
run_0003,visc_on_sensor_rho_beta_0p25_cfl_0p2_nx_501_mode_1,7,on,rho,0.25,0.2,501,1,0.2,completed,completed,0.2,u,6.165205546082575e-10,9.687685886764224e-10,1.5222729743413765e-09,0.0,0.0,0.0
run_0003,visc_on_sensor_rho_beta_0p25_cfl_0p2_nx_501_mode_1,7,on,rho,0.25,0.2,501,1,0.2,completed,completed,0.2,p,3.0174853216102807e-09,4.7415207400922215e-09,7.450581041013038e-09,0.0,0.0,0.0
run_0004,visc_on_sensor_rho_beta_0p25_cfl_0p2_nx_1001_mode_1,7,on,rho,0.25,0.2,1001,1,0.2,completed,completed,0.2,rho,0.04141094844874581,0.3539398986747964,5.473859262939799,9.069103743600014,0.0,0.03379352440000005
run_0004,visc_on_sensor_rho_beta_0p25_cfl_0p2_nx_1001_mode_1,7,on,rho,0.25,0.2,1001,1,0.2,completed,completed,0.2,u,6.172816910954282e-10,9.693664095223808e-10,1.5222729743413765e-09,0.0,0.0,0.0
run_0004,visc_on_sensor_rho_beta_0p25_cfl_0p2_nx_1001_mode_1,7,on,rho,0.25,0.2,1001,1,0.2,completed,completed,0.2,p,3.0212106121307873e-09,4.744446701950506e-09,7.450581041013038e-09,0.0,0.0,0.0
run_0005,visc_on_sensor_rho_beta_0p25_cfl_0p5_nx_101_mode_1,7,on,rho,0.25,0.5,101,1,0.2,completed,completed,0.2,rho,0.18235969719302192,0.7115488487681431,5.000194343539799,10.291856931600005,0.0,0.5298265825000001
run_0005,visc_on_sensor_rho_beta_0p25_cfl_0p5_nx_101_mode_1,7,on,rho,0.25,0.5,101,1,0.2,completed,completed,0.2,u,6.165205546082575e-10,9.687685886764224e-10,1.5222729743413765e-09,0.0,0.0,0.0
run_0005,visc_on_sensor_rho_beta_0p25_cfl_0p5_nx_101_mode_1,7,on,rho,0.25,0.5,101,1,0.2,completed,completed,0.2,p,3.0174853216102807e-09,4.7415207400922215e-09,7.450581041013038e-09,0.0,0.0,0.0
run_0006,visc_on_sensor_rho_beta_0p25_cfl_0p5_nx_201_mode_1,7,on,rho,0.25,0.5,201,1,0.2,completed,completed,0.2,rho,0.11477141870731744,0.5717594097658766,5.189080598239799,10.028092871600006,0.0,0.43573892909999934
run_0006,visc_on_sensor_rho_beta_0p25_cfl_0p5_nx_201_mode_1,7,on,rho,0.25,0.5,201,1,0.2,completed,completed,0.2,u,6.20326237044111e-10,9.717540151330132e-10,1.5222729743413765e-09,0.0,0.0,0.0
run_0006,visc_on_sensor_rho_beta_0p25_cfl_0p5_nx_201_mode_1,7,on,rho,0.25,0.5,201,1,0.2,completed,completed,0.2,p,3.0361117742128135e-09,4.756132548967327e-09,7.450581041013038e-09,0.0,0.0,0.0
run_0007,visc_on_sensor_rho_beta_0p25_cfl_0p5_nx_501_mode_1,7,on,rho,0.25,0.5,501,1,0.2,completed,completed,0.2,rho,0.062286831839899,0.42736534705810664,5.386957696039799,9.745911249799999,0.0,0.32860508559999957
run_0007,visc_on_sensor_rho_beta_0p25_cfl_0p5_nx_501_mode_1,7,on,rho,0.25,0.5,501,1,0.2,completed,completed,0.2,u,6.165205546082575e-10,9.687685886764224e-10,1.5222729743413765e-09,0.0,0.0,0.0
run_0007,visc_on_sensor_rho_beta_0p25_cfl_0p5_nx_501_mode_1,7,on,rho,0.25,0.5,501,1,0.2,completed,completed,0.2,p,3.0174853216102807e-09,4.7415207400922215e-09,7.450581041013038e-09,0.0,0.0,0.0
run_0008,visc_on_sensor_rho_beta_0p25_cfl_0p5_nx_1001_mode_1,7,on,rho,0.25,0.5,1001,1,0.2,completed,completed,0.2,rho,0.039269400441304954,0.3425104762493382,5.506444190439799,9.576037689200003,0.0,0.2602612201000003
run_0008,visc_on_sensor_rho_beta_0p25_cfl_0p5_nx_1001_mode_1,7,on,rho,0.25,0.5,1001,1,0.2,completed,completed,0.2,u,6.172816910954282e-10,9.693664095223808e-10,1.5222729743413765e-09,0.0,0.0,0.0
run_0008,visc_on_sensor_rho_beta_0p25_cfl_0p5_nx_1001_mode_1,7,on,rho,0.25,0.5,1001,1,0.2,completed,completed,0.2,p,3.0212106121307873e-09,4.744446701950506e-09,7.450581041013038e-09,0.0,0.0,0.0
run_0009,visc_on_sensor_rho_beta_0p25_cfl_0p8_nx_101_mode_1,7,on,rho,0.25,0.8,101,1,0.2,completed,completed,0.2,rho,0.18779814731202193,0.6923672127404172,4.976192973339799,12.403306291000003,0.0,1.1437445187000002
run_0009,visc_on_sensor_rho_beta_0p25_cfl_0p8_nx_101_mode_1,7,on,rho,0.25,0.8,101,1,0.2,completed,completed,0.2,u,6.165205546082575e-10,9.687685886764224e-10,1.5222729743413765e-09,0.0,0.0,0.0
run_0009,visc_on_sensor_rho_beta_0p25_cfl_0p8_nx_101_mode_1,7,on,rho,0.25,0.8,101,1,0.2,completed,completed,0.2,p,3.0174853216102807e-09,4.7415207400922215e-09,7.450581041013038e-09,0.0,0.0,0.0
run_0010,visc_on_sensor_rho_beta_0p25_cfl_0p8_nx_201_mode_1,7,on,rho,0.25,0.8,201,1,0.2,completed,completed,0.2,rho,0.11864257255002149,0.5549842453943802,5.1845341927397985,12.209868208800003,0.0,1.1037682684999996
run_0010,visc_on_sensor_rho_beta_0p25_cfl_0p8_nx_201_mode_1,7,on,rho,0.25,0.8,201,1,0.2,completed,completed,0.2,u,6.20326237044111e-10,9.717540151330132e-10,1.5222729743413765e-09,0.0,0.0,0.0
run_0010,visc_on_sensor_rho_beta_0p25_cfl_0p8_nx_201_mode_1,7,on,rho,0.25,0.8,201,1,0.2,completed,completed,0.2,p,3.0361117742128135e-09,4.756132548967327e-09,7.450581041013038e-09,0.0,0.0,0.0
run_0011,visc_on_sensor_rho_beta_0p25_cfl_0p8_nx_501_mode_1,7,on,rho,0.25,0.8,501,1,0.2,completed,completed,0.2,rho,0.06388791197142143,0.41323741159124927,5.399890785139799,12.003233862599998,0.0,1.0488500645999999
run_0011,visc_on_sensor_rho_beta_0p25_cfl_0p8_nx_501_mode_1,7,on,rho,0.25,0.8,501,1,0.2,completed,completed,0.2,u,6.165205546082575e-10,9.687685886764224e-10,1.5222729743413765e-09,0.0,0.0,0.0
run_0011,visc_on_sensor_rho_beta_0p25_cfl_0p8_nx_501_mode_1,7,on,rho,0.25,0.8,501,1,0.2,completed,completed,0.2,p,3.0174853216102807e-09,4.7415207400922215e-09,7.450581041013038e-09,0.0,0.0,0.0
run_0012,visc_on_sensor_rho_beta_0p25_cfl_0p8_nx_1001_mode_1,7,on,rho,0.25,0.8,1001,1,0.2,completed,completed,0.2,rho,0.040111739944582475,0.3302183780726119,5.528695168439799,11.783034870400005,0.0,0.9848965980000006
run_0012,visc_on_sensor_rho_beta_0p25_cfl_0p8_nx_1001_mode_1,7,on,rho,0.25,0.8,1001,1,0.2,completed,completed,0.2,u,6.172816910954282e-10,9.693664095223808e-10,1.5222729743413765e-09,0.0,0.0,0.0
run_0012,visc_on_sensor_rho_beta_0p25_cfl_0p8_nx_1001_mode_1,7,on,rho,0.25,0.8,1001,1,0.2,completed,completed,0.2,p,3.0212106121307873e-09,4.744446701950506e-09,7.450581041013038e-09,0.0,0.0,0.0
run_0013,visc_on_sensor_u_beta_0p25_cfl_0p2_nx_101_mode_1,7,on,u,0.25,0.2,101,1,0.2,completed,completed,0.2,rho,0.32535747350302185,0.8192629077116402,5.194200452039799,28.6561875062,0.0,2.3084594885000005
run_0013,visc_on_sensor_u_beta_0p25_cfl_0p2_nx_101_mode_1,7,on,u,0.25,0.2,101,1,0.2,completed,completed,0.2,u,6.165205546082575e-10,9.687685886764224e-10,1.5222729743413765e-09,0.0,0.0,0.0
run_0013,visc_on_sensor_u_beta_0p25_cfl_0p2_nx_101_mode_1,7,on,u,0.25,0.2,101,1,0.2,completed,completed,0.2,p,3.0174853216102807e-09,4.7415207400922215e-09,7.450581041013038e-09,0.0,0.0,0.0
run_0014,visc_on_sensor_u_beta_0p25_cfl_0p2_nx_201_mode_1,7,on,u,0.25,0.2,201,1,0.2,completed,completed,0.2,rho,0.20903593490652148,0.6540961581651169,5.3661932486397985,29.133982386799996,0.0,2.4117525784
run_0014,visc_on_sensor_u_beta_0p25_cfl_0p2_nx_201_mode_1,7,on,u,0.25,0.2,201,1,0.2,completed,completed,0.2,u,6.20326237044111e-10,9.717540151330132e-10,1.5222729743413765e-09,0.0,0.0,0.0
run_0014,visc_on_sensor_u_beta_0p25_cfl_0p2_nx_201_mode_1,7,on,u,0.25,0.2,201,1,0.2,completed,completed,0.2,p,3.0361117742128135e-09,4.756132548967327e-09,7.450581041013038e-09,0.0,0.0,0.0
run_0015,visc_on_sensor_u_beta_0p25_cfl_0p2_nx_501_mode_1,7,on,u,0.25,0.2,501,1,0.2,completed,completed,0.2,rho,0.11883877917273981,0.48652178544077446,5.537301590539799,32.007913087,0.0,2.4301594307
run_0015,visc_on_sensor_u_beta_0p25_cfl_0p2_nx_501_mode_1,7,on,u,0.25,0.2,501,1,0.2,completed,completed,0.2,u,6.165205546082575e-10,9.687685886764224e-10,1.5222729743413765e-09,0.0,0.0,0.0
run_0015,visc_on_sensor_u_beta_0p25_cfl_0p2_nx_501_mode_1,7,on,u,0.25,0.2,501,1,0.2,completed,completed,0.2,p,3.0174853216102807e-09,4.7415207400922215e-09,7.450581041013038e-09,0.0,0.0,0.0
run_0016,visc_on_sensor_u_beta_0p25_cfl_0p2_nx_1001_mode_1,7,on,u,0.25,0.2,1001,1,0.2,completed,completed,0.2,rho,0.07720606962925995,0.388989307332602,5.634721366939798,34.37338206240001,0.0,2.4212165161999994
run_0016,visc_on_sensor_u_beta_0p25_cfl_0p2_nx_1001_mode_1,7,on,u,0.25,0.2,1001,1,0.2,completed,completed,0.2,u,6.172816910954282e-10,9.693664095223808e-10,1.5222729743413765e-09,0.0,0.0,0.0
run_0016,visc_on_sensor_u_beta_0p25_cfl_0p2_nx_1001_mode_1,7,on,u,0.25,0.2,1001,1,0.2,completed,completed,0.2,p,3.0212106121307873e-09,4.744446701950506e-09,7.450581041013038e-09,0.0,0.0,0.0
run_0017,visc_on_sensor_u_beta_0p25_cfl_0p5_nx_101_mode_1,7,on,u,0.25,0.5,101,1,0.2,completed,completed,0.2,rho,0.26148190284902195,0.7681601085768076,5.1282444467397985,20.36385958020001,0.0,2.1834929525
run_0017,visc_on_sensor_u_beta_0p25_cfl_0p5_nx_101_mode_1,7,on,u,0.25,0.5,101,1,0.2,completed,completed,0.2,u,6.165205546082575e-10,9.687685886764224e-10,1.5222729743413765e-09,0.0,0.0,0.0
run_0017,visc_on_sensor_u_beta_0p25_cfl_0p5_nx_101_mode_1,7,on,u,0.25,0.5,101,1,0.2,completed,completed,0.2,p,3.0174853216102807e-09,4.7415207400922215e-09,7.450581041013038e-09,0.0,0.0,0.0
run_0018,visc_on_sensor_u_beta_0p25_cfl_0p5_nx_201_mode_1,7,on,u,0.25,0.5,201,1,0.2,completed,completed,0.2,rho,0.16917455066291948,0.6179214285582947,5.316331586239799,21.329143814999995,0.0,2.2410012538000004
run_0018,visc_on_sensor_u_beta_0p25_cfl_0p5_nx_201_mode_1,7,on,u,0.25,0.5,201,1,0.2,completed,completed,0.2,u,6.20326237044111e-10,9.717540151330132e-10,1.5222729743413765e-09,0.0,0.0,0.0
run_0018,visc_on_sensor_u_beta_0p25_cfl_0p5_nx_201_mode_1,7,on,u,0.25,0.5,201,1,0.2,completed,completed,0.2,p,3.0361117742128135e-09,4.756132548967327e-09,7.450581041013038e-09,0.0,0.0,0.0
run_0019,visc_on_sensor_u_beta_0p25_cfl_0p5_nx_501_mode_1,7,on,u,0.25,0.5,501,1,0.2,completed,completed,0.2,rho,0.0972514278185806,0.46280686856425896,5.502495377739799,23.332154106400004,0.0,2.3194428743
run_0019,visc_on_sensor_u_beta_0p25_cfl_0p5_nx_501_mode_1,7,on,u,0.25,0.5,501,1,0.2,completed,completed,0.2,u,6.165205546082575e-10,9.687685886764224e-10,1.5222729743413765e-09,0.0,0.0,0.0
run_0019,visc_on_sensor_u_beta_0p25_cfl_0p5_nx_501_mode_1,7,on,u,0.25,0.5,501,1,0.2,completed,completed,0.2,p,3.0174853216102807e-09,4.7415207400922215e-09,7.450581041013038e-09,0.0,0.0,0.0
run_0020,visc_on_sensor_u_beta_0p25_cfl_0p5_nx_1001_mode_1,7,on,u,0.25,0.5,1001,1,0.2,completed,completed,0.2,rho,0.06389320849851915,0.37153215509977966,5.607997393939799,24.934656254000007,0.0,2.3431513212000006
run_0020,visc_on_sensor_u_beta_0p25_cfl_0p5_nx_1001_mode_1,7,on,u,0.25,0.5,1001,1,0.2,completed,completed,0.2,u,6.172816910954282e-10,9.693664095223808e-10,1.5222729743413765e-09,0.0,0.0,0.0
run_0020,visc_on_sensor_u_beta_0p25_cfl_0p5_nx_1001_mode_1,7,on,u,0.25,0.5,1001,1,0.2,completed,completed,0.2,p,3.0212106121307873e-09,4.744446701950506e-09,7.450581041013038e-09,0.0,0.0,0.0
run_0021,visc_on_sensor_u_beta_0p25_cfl_0p8_nx_101_mode_1,7,on,u,0.25,0.8,101,1,0.2,completed,completed,0.2,rho,0.22909863649102188,0.7318658400383037,5.050371812639799,17.309353882199996,0.0,2.061950726199999
run_0021,visc_on_sensor_u_beta_0p25_cfl_0p8_nx_101_mode_1,7,on,u,0.25,0.8,101,1,0.2,completed,completed,0.2,u,6.165205546082575e-10,9.687685886764224e-10,1.5222729743413765e-09,0.0,0.0,0.0
run_0021,visc_on_sensor_u_beta_0p25_cfl_0p8_nx_101_mode_1,7,on,u,0.25,0.8,101,1,0.2,completed,completed,0.2,p,3.0174853216102807e-09,4.7415207400922215e-09,7.450581041013038e-09,0.0,0.0,0.0
run_0022,visc_on_sensor_u_beta_0p25_cfl_0p8_nx_201_mode_1,7,on,u,0.25,0.8,201,1,0.2,completed,completed,0.2,rho,0.14881039988852154,0.5913429235564308,5.257342160739799,18.233379506800006,0.0,2.0478520694999993
run_0022,visc_on_sensor_u_beta_0p25_cfl_0p8_nx_201_mode_1,7,on,u,0.25,0.8,201,1,0.2,completed,completed,0.2,u,6.20326237044111e-10,9.717540151330132e-10,1.5222729743413765e-09,0.0,0.0,0.0
run_0022,visc_on_sensor_u_beta_0p25_cfl_0p8_nx_201_mode_1,7,on,u,0.25,0.8,201,1,0.2,completed,completed,0.2,p,3.0361117742128135e-09,4.756132548967327e-09,7.450581041013038e-09,0.0,0.0,0.0
run_0023,visc_on_sensor_u_beta_0p25_cfl_0p8_nx_501_mode_1,7,on,u,0.25,0.8,501,1,0.2,completed,completed,0.2,rho,0.08636640797493976,0.4448327611311467,5.461177657439799,19.8624157594,0.0,2.1926995371999993
run_0023,visc_on_sensor_u_beta_0p25_cfl_0p8_nx_501_mode_1,7,on,u,0.25,0.8,501,1,0.2,completed,completed,0.2,u,6.165205546082575e-10,9.687685886764224e-10,1.5222729743413765e-09,0.0,0.0,0.0
run_0023,visc_on_sensor_u_beta_0p25_cfl_0p8_nx_501_mode_1,7,on,u,0.25,0.8,501,1,0.2,completed,completed,0.2,p,3.0174853216102807e-09,4.7415207400922215e-09,7.450581041013038e-09,0.0,0.0,0.0
run_0024,visc_on_sensor_u_beta_0p25_cfl_0p8_nx_1001_mode_1,7,on,u,0.25,0.8,1001,1,0.2,completed,completed,0.2,rho,0.05687094033919874,0.3580766494037305,5.576297060039799,21.33788767199999,0.0,2.2550583422
run_0024,visc_on_sensor_u_beta_0p25_cfl_0p8_nx_1001_mode_1,7,on,u,0.25,0.8,1001,1,0.2,completed,completed,0.2,u,6.172816910954282e-10,9.693664095223808e-10,1.5222729743413765e-09,0.0,0.0,0.0
run_0024,visc_on_sensor_u_beta_0p25_cfl_0p8_nx_1001_mode_1,7,on,u,0.25,0.8,1001,1,0.2,completed,completed,0.2,p,3.0212106121307873e-09,4.744446701950506e-09,7.450581041013038e-09,0.0,0.0,0.0
run_0025,visc_on_sensor_p_beta_0p25_cfl_0p2_nx_101_mode_1,7,on,p,0.25,0.2,101,1,0.2,completed,completed,0.2,rho,0.3253574664730219,0.8192629013954033,5.194200447039798,28.656186423599998,0.0,2.3084594627
run_0025,visc_on_sensor_p_beta_0p25_cfl_0p2_nx_101_mode_1,7,on,p,0.25,0.2,101,1,0.2,completed,completed,0.2,u,6.165205546082575e-10,9.687685886764224e-10,1.5222729743413765e-09,0.0,0.0,0.0
run_0025,visc_on_sensor_p_beta_0p25_cfl_0p2_nx_101_mode_1,7,on,p,0.25,0.2,101,1,0.2,completed,completed,0.2,p,3.0174853216102807e-09,4.7415207400922215e-09,7.450581041013038e-09,0.0,0.0,0.0
run_0026,visc_on_sensor_p_beta_0p25_cfl_0p2_nx_201_mode_1,7,on,p,0.25,0.2,201,1,0.2,completed,completed,0.2,rho,0.2090359266895215,0.6540961496828698,5.366193239739799,29.133980556,0.0,2.4117525403
run_0026,visc_on_sensor_p_beta_0p25_cfl_0p2_nx_201_mode_1,7,on,p,0.25,0.2,201,1,0.2,completed,completed,0.2,u,6.20326237044111e-10,9.717540151330132e-10,1.5222729743413765e-09,0.0,0.0,0.0
run_0026,visc_on_sensor_p_beta_0p25_cfl_0p2_nx_201_mode_1,7,on,p,0.25,0.2,201,1,0.2,completed,completed,0.2,p,3.0361117742128135e-09,4.756132548967327e-09,7.450581041013038e-09,0.0,0.0,0.0
run_0027,visc_on_sensor_p_beta_0p25_cfl_0p2_nx_501_mode_1,7,on,p,0.25,0.2,501,1,0.2,completed,completed,0.2,rho,0.11883877100833981,0.4865217762534773,5.537301581639799,32.00790936480001,0.0,2.4301593775000008
run_0027,visc_on_sensor_p_beta_0p25_cfl_0p2_nx_501_mode_1,7,on,p,0.25,0.2,501,1,0.2,completed,completed,0.2,u,6.165205546082575e-10,9.687685886764224e-10,1.5222729743413765e-09,0.0,0.0,0.0
run_0027,visc_on_sensor_p_beta_0p25_cfl_0p2_nx_501_mode_1,7,on,p,0.25,0.2,501,1,0.2,completed,completed,0.2,p,3.0174853216102807e-09,4.7415207400922215e-09,7.450581041013038e-09,0.0,0.0,0.0
run_0028,visc_on_sensor_p_beta_0p25_cfl_0p2_nx_1001_mode_1,7,on,p,0.25,0.2,1001,1,0.2,completed,completed,0.2,rho,0.07720606153895994,0.3889892966335097,5.634721355339799,34.373375959600004,0.0,2.4212164365
run_0028,visc_on_sensor_p_beta_0p25_cfl_0p2_nx_1001_mode_1,7,on,p,0.25,0.2,1001,1,0.2,completed,completed,0.2,u,6.172816910954282e-10,9.693664095223808e-10,1.5222729743413765e-09,0.0,0.0,0.0
run_0028,visc_on_sensor_p_beta_0p25_cfl_0p2_nx_1001_mode_1,7,on,p,0.25,0.2,1001,1,0.2,completed,completed,0.2,p,3.0212106121307873e-09,4.744446701950506e-09,7.450581041013038e-09,0.0,0.0,0.0
run_0029,visc_on_sensor_p_beta_0p25_cfl_0p5_nx_101_mode_1,7,on,p,0.25,0.5,101,1,0.2,completed,completed,0.2,rho,0.26148190129002197,0.7681601070556202,5.128244445439798,20.363859398200017,0.0,2.183492940800001
run_0029,visc_on_sensor_p_beta_0p25_cfl_0p5_nx_101_mode_1,7,on,p,0.25,0.5,101,1,0.2,completed,completed,0.2,u,6.165205546082575e-10,9.687685886764224e-10,1.5222729743413765e-09,0.0,0.0,0.0
run_0029,visc_on_sensor_p_beta_0p25_cfl_0p5_nx_101_mode_1,7,on,p,0.25,0.5,101,1,0.2,completed,completed,0.2,p,3.0174853216102807e-09,4.7415207400922215e-09,7.450581041013038e-09,0.0,0.0,0.0
run_0030,visc_on_sensor_p_beta_0p25_cfl_0p5_nx_201_mode_1,7,on,p,0.25,0.5,201,1,0.2,completed,completed,0.2,rho,0.16917454941291948,0.6179214271021841,5.316331585039799,21.329143547799983,0.0,2.2410012407999993
run_0030,visc_on_sensor_p_beta_0p25_cfl_0p5_nx_201_mode_1,7,on,p,0.25,0.5,201,1,0.2,completed,completed,0.2,u,6.20326237044111e-10,9.717540151330132e-10,1.5222729743413765e-09,0.0,0.0,0.0
run_0030,visc_on_sensor_p_beta_0p25_cfl_0p5_nx_201_mode_1,7,on,p,0.25,0.5,201,1,0.2,completed,completed,0.2,p,3.0361117742128135e-09,4.756132548967327e-09,7.450581041013038e-09,0.0,0.0,0.0
run_0031,visc_on_sensor_p_beta_0p25_cfl_0p5_nx_501_mode_1,7,on,p,0.25,0.5,501,1,0.2,completed,completed,0.2,rho,0.09725142655058058,0.46280686649325653,5.502495374639799,23.3321536342,0.0,2.3194428518
run_0031,visc_on_sensor_p_beta_0p25_cfl_0p5_nx_501_mode_1,7,on,p,0.25,0.5,501,1,0.2,completed,completed,0.2,u,6.165205546082575e-10,9.687685886764224e-10,1.5222729743413765e-09,0.0,0.0,0.0
run_0031,visc_on_sensor_p_beta_0p25_cfl_0p5_nx_501_mode_1,7,on,p,0.25,0.5,501,1,0.2,completed,completed,0.2,p,3.0174853216102807e-09,4.7415207400922215e-09,7.450581041013038e-09,0.0,0.0,0.0
run_0032,visc_on_sensor_p_beta_0p25_cfl_0p5_nx_1001_mode_1,7,on,p,0.25,0.5,1001,1,0.2,completed,completed,0.2,rho,0.06389320726011914,0.3715321528414377,5.607997389739799,24.9346555136,0.0,2.3431512929
run_0032,visc_on_sensor_p_beta_0p25_cfl_0p5_nx_1001_mode_1,7,on,p,0.25,0.5,1001,1,0.2,completed,completed,0.2,u,6.172816910954282e-10,9.693664095223808e-10,1.5222729743413765e-09,0.0,0.0,0.0
run_0032,visc_on_sensor_p_beta_0p25_cfl_0p5_nx_1001_mode_1,7,on,p,0.25,0.5,1001,1,0.2,completed,completed,0.2,p,3.0212106121307873e-09,4.744446701950506e-09,7.450581041013038e-09,0.0,0.0,0.0
run_0033,visc_on_sensor_p_beta_0p25_cfl_0p8_nx_101_mode_1,7,on,p,0.25,0.8,101,1,0.2,completed,completed,0.2,rho,0.2290986363220219,0.7318658398108496,5.050371812339799,17.3093538628,0.0,2.0619507234000007
run_0033,visc_on_sensor_p_beta_0p25_cfl_0p8_nx_101_mode_1,7,on,p,0.25,0.8,101,1,0.2,completed,completed,0.2,u,6.165205546082575e-10,9.687685886764224e-10,1.5222729743413765e-09,0.0,0.0,0.0
run_0033,visc_on_sensor_p_beta_0p25_cfl_0p8_nx_101_mode_1,7,on,p,0.25,0.8,101,1,0.2,completed,completed,0.2,p,3.0174853216102807e-09,4.7415207400922215e-09,7.450581041013038e-09,0.0,0.0,0.0
run_0034,visc_on_sensor_p_beta_0p25_cfl_0p8_nx_201_mode_1,7,on,p,0.25,0.8,201,1,0.2,completed,completed,0.2,rho,0.14881039966302154,0.5913429231861611,5.257342159739799,18.233379464000006,0.0,2.0478520653000007
run_0034,visc_on_sensor_p_beta_0p25_cfl_0p8_nx_201_mode_1,7,on,p,0.25,0.8,201,1,0.2,completed,completed,0.2,u,6.20326237044111e-10,9.717540151330132e-10,1.5222729743413765e-09,0.0,0.0,0.0
run_0034,visc_on_sensor_p_beta_0p25_cfl_0p8_nx_201_mode_1,7,on,p,0.25,0.8,201,1,0.2,completed,completed,0.2,p,3.0361117742128135e-09,4.756132548967327e-09,7.450581041013038e-09,0.0,0.0,0.0
run_0035,visc_on_sensor_p_beta_0p25_cfl_0p8_nx_501_mode_1,7,on,p,0.25,0.8,501,1,0.2,completed,completed,0.2,rho,0.08636640776073977,0.4448327607343506,5.461177656439799,19.86241568840001,0.0,2.1926995313000006
run_0035,visc_on_sensor_p_beta_0p25_cfl_0p8_nx_501_mode_1,7,on,p,0.25,0.8,501,1,0.2,completed,completed,0.2,u,6.165205546082575e-10,9.687685886764224e-10,1.5222729743413765e-09,0.0,0.0,0.0
run_0035,visc_on_sensor_p_beta_0p25_cfl_0p8_nx_501_mode_1,7,on,p,0.25,0.8,501,1,0.2,completed,completed,0.2,p,3.0174853216102807e-09,4.7415207400922215e-09,7.450581041013038e-09,0.0,0.0,0.0
run_0036,visc_on_sensor_p_beta_0p25_cfl_0p8_nx_1001_mode_1,7,on,p,0.25,0.8,1001,1,0.2,completed,completed,0.2,rho,0.05687094011189875,0.3580766488573865,5.576297058539799,21.337887545999997,0.0,2.255058332400001
run_0036,visc_on_sensor_p_beta_0p25_cfl_0p8_nx_1001_mode_1,7,on,p,0.25,0.8,1001,1,0.2,completed,completed,0.2,u,6.172816910954282e-10,9.693664095223808e-10,1.5222729743413765e-09,0.0,0.0,0.0
run_0036,visc_on_sensor_p_beta_0p25_cfl_0p8_nx_1001_mode_1,7,on,p,0.25,0.8,1001,1,0.2,completed,completed,0.2,p,3.0212106121307873e-09,4.744446701950506e-09,7.450581041013038e-09,0.0,0.0,0.0
run_0037,visc_on_sensor_rho_beta_0p5_cfl_0p2_nx_101_mode_1,7,on,rho,0.5,0.2,101,1,0.2,completed,completed,0.2,rho,0.21237549268220585,0.7733431801063343,4.900131423639799,9.000462645200006,0.0,0.00022971880000000056
run_0037,visc_on_sensor_rho_beta_0p5_cfl_0p2_nx_101_mode_1,7,on,rho,0.5,0.2,101,1,0.2,completed,completed,0.2,u,6.165205546082575e-10,9.687685886764224e-10,1.5222729743413765e-09,0.0,0.0,0.0
run_0037,visc_on_sensor_rho_beta_0p5_cfl_0p2_nx_101_mode_1,7,on,rho,0.5,0.2,101,1,0.2,completed,completed,0.2,p,3.0174853216102807e-09,4.7415207400922215e-09,7.450581041013038e-09,0.0,0.0,0.0
run_0038,visc_on_sensor_rho_beta_0p5_cfl_0p2_nx_201_mode_1,7,on,rho,0.5,0.2,201,1,0.2,completed,completed,0.2,rho,0.1352289557846134,0.618293418348343,5.036124039239799,9.000042740600005,0.0,2.056229999958248e-05
run_0038,visc_on_sensor_rho_beta_0p5_cfl_0p2_nx_201_mode_1,7,on,rho,0.5,0.2,201,1,0.2,completed,completed,0.2,u,6.20326237044111e-10,9.717540151330132e-10,1.5222729743413765e-09,0.0,0.0,0.0
run_0038,visc_on_sensor_rho_beta_0p5_cfl_0p2_nx_201_mode_1,7,on,rho,0.5,0.2,201,1,0.2,completed,completed,0.2,p,3.0361117742128135e-09,4.756132548967327e-09,7.450581041013038e-09,0.0,0.0,0.0
run_0039,visc_on_sensor_rho_beta_0p5_cfl_0p2_nx_501_mode_1,7,on,rho,0.5,0.2,501,1,0.2,completed,completed,0.2,rho,0.07404730112945813,0.45836351112919416,5.172095282939798,9.000004203200003,0.0,1.3269999996623483e-06
run_0039,visc_on_sensor_rho_beta_0p5_cfl_0p2_nx_501_mode_1,7,on,rho,0.5,0.2,501,1,0.2,completed,completed,0.2,u,6.165205546082575e-10,9.687685886764224e-10,1.5222729743413765e-09,0.0,0.0,0.0
run_0039,visc_on_sensor_rho_beta_0p5_cfl_0p2_nx_501_mode_1,7,on,rho,0.5,0.2,501,1,0.2,completed,completed,0.2,p,3.0174853216102807e-09,4.7415207400922215e-09,7.450581041013038e-09,0.0,0.0,0.0
run_0040,visc_on_sensor_rho_beta_0p5_cfl_0p2_nx_1001_mode_1,7,on,rho,0.5,0.2,1001,1,0.2,completed,completed,0.2,rho,0.04683250131584576,0.3648916220439803,5.2500348991397985,9.000003019000008,0.0,7.104000001589839e-07
run_0040,visc_on_sensor_rho_beta_0p5_cfl_0p2_nx_1001_mode_1,7,on,rho,0.5,0.2,1001,1,0.2,completed,completed,0.2,u,6.172816910954282e-10,9.693664095223808e-10,1.5222729743413765e-09,0.0,0.0,0.0
run_0040,visc_on_sensor_rho_beta_0p5_cfl_0p2_nx_1001_mode_1,7,on,rho,0.5,0.2,1001,1,0.2,completed,completed,0.2,p,3.0212106121307873e-09,4.744446701950506e-09,7.450581041013038e-09,0.0,0.0,0.0
run_0041,visc_on_sensor_rho_beta_0p5_cfl_0p5_nx_101_mode_1,7,on,rho,0.5,0.5,101,1,0.2,completed,completed,0.2,rho,0.1911305645812259,0.7410586230199475,4.927904887739799,9.135755547799999,0.0,0.06529895369999927
run_0041,visc_on_sensor_rho_beta_0p5_cfl_0p5_nx_101_mode_1,7,on,rho,0.5,0.5,101,1,0.2,completed,completed,0.2,u,6.165205546082575e-10,9.687685886764224e-10,1.5222729743413765e-09,0.0,0.0,0.0
run_0041,visc_on_sensor_rho_beta_0p5_cfl_0p5_nx_101_mode_1,7,on,rho,0.5,0.5,101,1,0.2,completed,completed,0.2,p,3.0174853216102807e-09,4.7415207400922215e-09,7.450581041013038e-09,0.0,0.0,0.0
run_0042,visc_on_sensor_rho_beta_0p5_cfl_0p5_nx_201_mode_1,7,on,rho,0.5,0.5,201,1,0.2,completed,completed,0.2,rho,0.12187822184602146,0.5948680349585127,5.094315021939798,9.071920043800006,0.0,0.0350324939999993
run_0042,visc_on_sensor_rho_beta_0p5_cfl_0p5_nx_201_mode_1,7,on,rho,0.5,0.5,201,1,0.2,completed,completed,0.2,u,6.20326237044111e-10,9.717540151330132e-10,1.5222729743413765e-09,0.0,0.0,0.0
run_0042,visc_on_sensor_rho_beta_0p5_cfl_0p5_nx_201_mode_1,7,on,rho,0.5,0.5,201,1,0.2,completed,completed,0.2,p,3.0361117742128135e-09,4.756132548967327e-09,7.450581041013038e-09,0.0,0.0,0.0
run_0043,visc_on_sensor_rho_beta_0p5_cfl_0p5_nx_501_mode_1,7,on,rho,0.5,0.5,501,1,0.2,completed,completed,0.2,rho,0.06695605818118058,0.4431332201932593,5.264329719039798,9.026675564400005,0.0,0.013157595599999183
run_0043,visc_on_sensor_rho_beta_0p5_cfl_0p5_nx_501_mode_1,7,on,rho,0.5,0.5,501,1,0.2,completed,completed,0.2,u,6.165205546082575e-10,9.687685886764224e-10,1.5222729743413765e-09,0.0,0.0,0.0
run_0043,visc_on_sensor_rho_beta_0p5_cfl_0p5_nx_501_mode_1,7,on,rho,0.5,0.5,501,1,0.2,completed,completed,0.2,p,3.0174853216102807e-09,4.7415207400922215e-09,7.450581041013038e-09,0.0,0.0,0.0
run_0044,visc_on_sensor_rho_beta_0p5_cfl_0p5_nx_1001_mode_1,7,on,rho,0.5,0.5,1001,1,0.2,completed,completed,0.2,rho,0.04246249629016819,0.3538493843704029,5.3636207632397985,9.011010380800002,0.0,0.005461503499999409
run_0044,visc_on_sensor_rho_beta_0p5_cfl_0p5_nx_1001_mode_1,7,on,rho,0.5,0.5,1001,1,0.2,completed,completed,0.2,u,6.172816910954282e-10,9.693664095223808e-10,1.5222729743413765e-09,0.0,0.0,0.0
run_0044,visc_on_sensor_rho_beta_0p5_cfl_0p5_nx_1001_mode_1,7,on,rho,0.5,0.5,1001,1,0.2,completed,completed,0.2,p,3.0212106121307873e-09,4.744446701950506e-09,7.450581041013038e-09,0.0,0.0,0.0
run_0045,visc_on_sensor_rho_beta_0p5_cfl_0p8_nx_101_mode_1,7,on,rho,0.5,0.8,101,1,0.2,completed,completed,0.2,rho,0.17652154730102187,0.6937818501334575,4.929612942639799,10.517383405,0.0,0.6183667814000007
run_0045,visc_on_sensor_rho_beta_0p5_cfl_0p8_nx_101_mode_1,7,on,rho,0.5,0.8,101,1,0.2,completed,completed,0.2,u,6.165205546082575e-10,9.687685886764224e-10,1.5222729743413765e-09,0.0,0.0,0.0
run_0045,visc_on_sensor_rho_beta_0p5_cfl_0p8_nx_101_mode_1,7,on,rho,0.5,0.8,101,1,0.2,completed,completed,0.2,p,3.0174853216102807e-09,4.7415207400922215e-09,7.450581041013038e-09,0.0,0.0,0.0
run_0046,visc_on_sensor_rho_beta_0p5_cfl_0p8_nx_201_mode_1,7,on,rho,0.5,0.8,201,1,0.2,completed,completed,0.2,rho,0.11167663984541948,0.5577292143830901,5.133779882839799,10.361076608800008,0.0,0.5608116157000005
run_0046,visc_on_sensor_rho_beta_0p5_cfl_0p8_nx_201_mode_1,7,on,rho,0.5,0.8,201,1,0.2,completed,completed,0.2,u,6.20326237044111e-10,9.717540151330132e-10,1.5222729743413765e-09,0.0,0.0,0.0
run_0046,visc_on_sensor_rho_beta_0p5_cfl_0p8_nx_201_mode_1,7,on,rho,0.5,0.8,201,1,0.2,completed,completed,0.2,p,3.0361117742128135e-09,4.756132548967327e-09,7.450581041013038e-09,0.0,0.0,0.0
run_0047,visc_on_sensor_rho_beta_0p5_cfl_0p8_nx_501_mode_1,7,on,rho,0.5,0.8,501,1,0.2,completed,completed,0.2,rho,0.060565112655939835,0.4170312173188236,5.347765477439799,10.070841993600006,0.0,0.4538613326000007
run_0047,visc_on_sensor_rho_beta_0p5_cfl_0p8_nx_501_mode_1,7,on,rho,0.5,0.8,501,1,0.2,completed,completed,0.2,u,6.165205546082575e-10,9.687685886764224e-10,1.5222729743413765e-09,0.0,0.0,0.0
run_0047,visc_on_sensor_rho_beta_0p5_cfl_0p8_nx_501_mode_1,7,on,rho,0.5,0.8,501,1,0.2,completed,completed,0.2,p,3.0174853216102807e-09,4.7415207400922215e-09,7.450581041013038e-09,0.0,0.0,0.0
run_0048,visc_on_sensor_rho_beta_0p5_cfl_0p8_nx_1001_mode_1,7,on,rho,0.5,0.8,1001,1,0.2,completed,completed,0.2,rho,0.03816051750022534,0.33436415425514115,5.477063048239799,9.894182484200002,0.0,0.38967839819999917
run_0048,visc_on_sensor_rho_beta_0p5_cfl_0p8_nx_1001_mode_1,7,on,rho,0.5,0.8,1001,1,0.2,completed,completed,0.2,u,6.172816910954282e-10,9.693664095223808e-10,1.5222729743413765e-09,0.0,0.0,0.0
run_0048,visc_on_sensor_rho_beta_0p5_cfl_0p8_nx_1001_mode_1,7,on,rho,0.5,0.8,1001,1,0.2,completed,completed,0.2,p,3.0212106121307873e-09,4.744446701950506e-09,7.450581041013038e-09,0.0,0.0,0.0
run_0049,visc_on_sensor_u_beta_0p5_cfl_0p2_nx_101_mode_1,7,on,u,0.5,0.2,101,1,0.2,completed,completed,0.2,rho,0.3253574720450219,0.8192629067074824,5.194200449139799,28.656187240200005,0.0,2.3084594842
run_0049,visc_on_sensor_u_beta_0p5_cfl_0p2_nx_101_mode_1,7,on,u,0.5,0.2,101,1,0.2,completed,completed,0.2,u,6.165205546082575e-10,9.687685886764224e-10,1.5222729743413765e-09,0.0,0.0,0.0
run_0049,visc_on_sensor_u_beta_0p5_cfl_0p2_nx_101_mode_1,7,on,u,0.5,0.2,101,1,0.2,completed,completed,0.2,p,3.0174853216102807e-09,4.7415207400922215e-09,7.450581041013038e-09,0.0,0.0,0.0
run_0050,visc_on_sensor_u_beta_0p5_cfl_0p2_nx_201_mode_1,7,on,u,0.5,0.2,201,1,0.2,completed,completed,0.2,rho,0.20903593343452148,0.6540961566517722,5.366193244039799,29.133982007999986,0.0,2.411752571199999
run_0050,visc_on_sensor_u_beta_0p5_cfl_0p2_nx_201_mode_1,7,on,u,0.5,0.2,201,1,0.2,completed,completed,0.2,u,6.20326237044111e-10,9.717540151330132e-10,1.5222729743413765e-09,0.0,0.0,0.0
run_0050,visc_on_sensor_u_beta_0p5_cfl_0p2_nx_201_mode_1,7,on,u,0.5,0.2,201,1,0.2,completed,completed,0.2,p,3.0361117742128135e-09,4.756132548967327e-09,7.450581041013038e-09,0.0,0.0,0.0
run_0051,visc_on_sensor_u_beta_0p5_cfl_0p2_nx_501_mode_1,7,on,u,0.5,0.2,501,1,0.2,completed,completed,0.2,rho,0.1188387772617398,0.4865217831328526,5.537301585239799,32.007912239,0.0,2.430159421899999
run_0051,visc_on_sensor_u_beta_0p5_cfl_0p2_nx_501_mode_1,7,on,u,0.5,0.2,501,1,0.2,completed,completed,0.2,u,6.165205546082575e-10,9.687685886764224e-10,1.5222729743413765e-09,0.0,0.0,0.0
run_0051,visc_on_sensor_u_beta_0p5_cfl_0p2_nx_501_mode_1,7,on,u,0.5,0.2,501,1,0.2,completed,completed,0.2,p,3.0174853216102807e-09,4.7415207400922215e-09,7.450581041013038e-09,0.0,0.0,0.0
run_0052,visc_on_sensor_u_beta_0p5_cfl_0p2_nx_1001_mode_1,7,on,u,0.5,0.2,1001,1,0.2,completed,completed,0.2,rho,0.07720606773365994,0.388989304713461,5.634721359239799,34.373380626599996,0.0,2.4212165039
run_0052,visc_on_sensor_u_beta_0p5_cfl_0p2_nx_1001_mode_1,7,on,u,0.5,0.2,1001,1,0.2,completed,completed,0.2,u,6.172816910954282e-10,9.693664095223808e-10,1.5222729743413765e-09,0.0,0.0,0.0
run_0052,visc_on_sensor_u_beta_0p5_cfl_0p2_nx_1001_mode_1,7,on,u,0.5,0.2,1001,1,0.2,completed,completed,0.2,p,3.0212106121307873e-09,4.744446701950506e-09,7.450581041013038e-09,0.0,0.0,0.0
run_0053,visc_on_sensor_u_beta_0p5_cfl_0p5_nx_101_mode_1,7,on,u,0.5,0.5,101,1,0.2,completed,completed,0.2,rho,0.2614819025620219,0.7681601082628124,5.128244445439798,20.363859541200007,0.0,2.1834929505
run_0053,visc_on_sensor_u_beta_0p5_cfl_0p5_nx_101_mode_1,7,on,u,0.5,0.5,101,1,0.2,completed,completed,0.2,u,6.165205546082575e-10,9.687685886764224e-10,1.5222729743413765e-09,0.0,0.0,0.0
run_0053,visc_on_sensor_u_beta_0p5_cfl_0p5_nx_101_mode_1,7,on,u,0.5,0.5,101,1,0.2,completed,completed,0.2,p,3.0174853216102807e-09,4.7415207400922215e-09,7.450581041013038e-09,0.0,0.0,0.0
run_0054,visc_on_sensor_u_beta_0p5_cfl_0p5_nx_201_mode_1,7,on,u,0.5,0.5,201,1,0.2,completed,completed,0.2,rho,0.1691745504349195,0.6179214282466007,5.316331584439799,21.32914376219999,0.0,2.2410012518
run_0054,visc_on_sensor_u_beta_0p5_cfl_0p5_nx_201_mode_1,7,on,u,0.5,0.5,201,1,0.2,completed,completed,0.2,u,6.20326237044111e-10,9.717540151330132e-10,1.5222729743413765e-09,0.0,0.0,0.0
run_0054,visc_on_sensor_u_beta_0p5_cfl_0p5_nx_201_mode_1,7,on,u,0.5,0.5,201,1,0.2,completed,completed,0.2,p,3.0361117742128135e-09,4.756132548967327e-09,7.450581041013038e-09,0.0,0.0,0.0
run_0055,visc_on_sensor_u_beta_0p5_cfl_0p5_nx_501_mode_1,7,on,u,0.5,0.5,501,1,0.2,completed,completed,0.2,rho,0.09725142754898058,0.4628068680378729,5.502495375139799,23.3321540056,0.0,2.3194428690999995
run_0055,visc_on_sensor_u_beta_0p5_cfl_0p5_nx_501_mode_1,7,on,u,0.5,0.5,501,1,0.2,completed,completed,0.2,u,6.165205546082575e-10,9.687685886764224e-10,1.5222729743413765e-09,0.0,0.0,0.0
run_0055,visc_on_sensor_u_beta_0p5_cfl_0p5_nx_501_mode_1,7,on,u,0.5,0.5,501,1,0.2,completed,completed,0.2,p,3.0174853216102807e-09,4.7415207400922215e-09,7.450581041013038e-09,0.0,0.0,0.0
run_0056,visc_on_sensor_u_beta_0p5_cfl_0p5_nx_1001_mode_1,7,on,u,0.5,0.5,1001,1,0.2,completed,completed,0.2,rho,0.06389320822201915,0.37153215451485,5.607997390139799,24.934656083,0.0,2.3431513145
run_0056,visc_on_sensor_u_beta_0p5_cfl_0p5_nx_1001_mode_1,7,on,u,0.5,0.5,1001,1,0.2,completed,completed,0.2,u,6.172816910954282e-10,9.693664095223808e-10,1.5222729743413765e-09,0.0,0.0,0.0
run_0056,visc_on_sensor_u_beta_0p5_cfl_0p5_nx_1001_mode_1,7,on,u,0.5,0.5,1001,1,0.2,completed,completed,0.2,p,3.0212106121307873e-09,4.744446701950506e-09,7.450581041013038e-09,0.0,0.0,0.0
run_0057,visc_on_sensor_u_beta_0p5_cfl_0p8_nx_101_mode_1,7,on,u,0.5,0.8,101,1,0.2,completed,completed,0.2,rho,0.22909863645502188,0.7318658399773416,5.050371812439799,17.309353877599996,0.0,2.061950725399999
run_0057,visc_on_sensor_u_beta_0p5_cfl_0p8_nx_101_mode_1,7,on,u,0.5,0.8,101,1,0.2,completed,completed,0.2,u,6.165205546082575e-10,9.687685886764224e-10,1.5222729743413765e-09,0.0,0.0,0.0
run_0057,visc_on_sensor_u_beta_0p5_cfl_0p8_nx_101_mode_1,7,on,u,0.5,0.8,101,1,0.2,completed,completed,0.2,p,3.0174853216102807e-09,4.7415207400922215e-09,7.450581041013038e-09,0.0,0.0,0.0
run_0058,visc_on_sensor_u_beta_0p5_cfl_0p8_nx_201_mode_1,7,on,u,0.5,0.8,201,1,0.2,completed,completed,0.2,rho,0.14881039985702155,0.5913429234723703,5.257342160039799,18.233379499800005,0.0,2.0478520684999992
run_0058,visc_on_sensor_u_beta_0p5_cfl_0p8_nx_201_mode_1,7,on,u,0.5,0.8,201,1,0.2,completed,completed,0.2,u,6.20326237044111e-10,9.717540151330132e-10,1.5222729743413765e-09,0.0,0.0,0.0
run_0058,visc_on_sensor_u_beta_0p5_cfl_0p8_nx_201_mode_1,7,on,u,0.5,0.8,201,1,0.2,completed,completed,0.2,p,3.0361117742128135e-09,4.756132548967327e-09,7.450581041013038e-09,0.0,0.0,0.0
run_0059,visc_on_sensor_u_beta_0p5_cfl_0p8_nx_501_mode_1,7,on,u,0.5,0.8,501,1,0.2,completed,completed,0.2,rho,0.08636640793393977,0.44483276102484753,5.461177656539799,19.8624157446,0.0,2.192699535899999
run_0059,visc_on_sensor_u_beta_0p5_cfl_0p8_nx_501_mode_1,7,on,u,0.5,0.8,501,1,0.2,completed,completed,0.2,u,6.165205546082575e-10,9.687685886764224e-10,1.5222729743413765e-09,0.0,0.0,0.0
run_0059,visc_on_sensor_u_beta_0p5_cfl_0p8_nx_501_mode_1,7,on,u,0.5,0.8,501,1,0.2,completed,completed,0.2,p,3.0174853216102807e-09,4.7415207400922215e-09,7.450581041013038e-09,0.0,0.0,0.0
run_0060,visc_on_sensor_u_beta_0p5_cfl_0p8_nx_1001_mode_1,7,on,u,0.5,0.8,1001,1,0.2,completed,completed,0.2,rho,0.05687094028809874,0.3580766492536118,5.576297058739799,21.337887642399995,0.0,2.2550583400999997
run_0060,visc_on_sensor_u_beta_0p5_cfl_0p8_nx_1001_mode_1,7,on,u,0.5,0.8,1001,1,0.2,completed,completed,0.2,u,6.172816910954282e-10,9.693664095223808e-10,1.5222729743413765e-09,0.0,0.0,0.0
run_0060,visc_on_sensor_u_beta_0p5_cfl_0p8_nx_1001_mode_1,7,on,u,0.5,0.8,1001,1,0.2,completed,completed,0.2,p,3.0212106121307873e-09,4.744446701950506e-09,7.450581041013038e-09,0.0,0.0,0.0
run_0061,visc_on_sensor_p_beta_0p5_cfl_0p2_nx_101_mode_1,7,on,p,0.5,0.2,101,1,0.2,completed,completed,0.2,rho,0.32535745989102194,0.8192628961925225,5.1942004376397986,28.65618542120001,0.0,2.3084594221000003
run_0061,visc_on_sensor_p_beta_0p5_cfl_0p2_nx_101_mode_1,7,on,p,0.5,0.2,101,1,0.2,completed,completed,0.2,u,6.165205546082575e-10,9.687685886764224e-10,1.5222729743413765e-09,0.0,0.0,0.0
run_0061,visc_on_sensor_p_beta_0p5_cfl_0p2_nx_101_mode_1,7,on,p,0.5,0.2,101,1,0.2,completed,completed,0.2,p,3.0174853216102807e-09,4.7415207400922215e-09,7.450581041013038e-09,0.0,0.0,0.0
run_0062,visc_on_sensor_p_beta_0p5_cfl_0p2_nx_201_mode_1,7,on,p,0.5,0.2,201,1,0.2,completed,completed,0.2,rho,0.20903592007152152,0.6540961434452988,5.366193233739799,29.133979066199995,0.0,2.4117524796000005
run_0062,visc_on_sensor_p_beta_0p5_cfl_0p2_nx_201_mode_1,7,on,p,0.5,0.2,201,1,0.2,completed,completed,0.2,u,6.20326237044111e-10,9.717540151330132e-10,1.5222729743413765e-09,0.0,0.0,0.0
run_0062,visc_on_sensor_p_beta_0p5_cfl_0p2_nx_201_mode_1,7,on,p,0.5,0.2,201,1,0.2,completed,completed,0.2,p,3.0361117742128135e-09,4.756132548967327e-09,7.450581041013038e-09,0.0,0.0,0.0
run_0063,visc_on_sensor_p_beta_0p5_cfl_0p2_nx_501_mode_1,7,on,p,0.5,0.2,501,1,0.2,completed,completed,0.2,rho,0.1188387615585398,0.4865217629567744,5.5373015679397986,32.0079053948,0.0,2.4301592778999996
run_0063,visc_on_sensor_p_beta_0p5_cfl_0p2_nx_501_mode_1,7,on,p,0.5,0.2,501,1,0.2,completed,completed,0.2,u,6.165205546082575e-10,9.687685886764224e-10,1.5222729743413765e-09,0.0,0.0,0.0
run_0063,visc_on_sensor_p_beta_0p5_cfl_0p2_nx_501_mode_1,7,on,p,0.5,0.2,501,1,0.2,completed,completed,0.2,p,3.0174853216102807e-09,4.7415207400922215e-09,7.450581041013038e-09,0.0,0.0,0.0
run_0064,visc_on_sensor_p_beta_0p5_cfl_0p2_nx_1001_mode_1,7,on,p,0.5,0.2,1001,1,0.2,completed,completed,0.2,rho,0.07720605166805994,0.3889892813184634,5.634721333339799,34.3733689536,0.0,2.4212163127000004
run_0064,visc_on_sensor_p_beta_0p5_cfl_0p2_nx_1001_mode_1,7,on,p,0.5,0.2,1001,1,0.2,completed,completed,0.2,u,6.172816910954282e-10,9.693664095223808e-10,1.5222729743413765e-09,0.0,0.0,0.0
run_0064,visc_on_sensor_p_beta_0p5_cfl_0p2_nx_1001_mode_1,7,on,p,0.5,0.2,1001,1,0.2,completed,completed,0.2,p,3.0212106121307873e-09,4.744446701950506e-09,7.450581041013038e-09,0.0,0.0,0.0
run_0065,visc_on_sensor_p_beta_0p5_cfl_0p5_nx_101_mode_1,7,on,p,0.5,0.5,101,1,0.2,completed,completed,0.2,rho,0.2614819003710219,0.7681601060880108,5.128244444739798,20.363859275000006,0.0,2.1834929296
run_0065,visc_on_sensor_p_beta_0p5_cfl_0p5_nx_101_mode_1,7,on,p,0.5,0.5,101,1,0.2,completed,completed,0.2,u,6.165205546082575e-10,9.687685886764224e-10,1.5222729743413765e-09,0.0,0.0,0.0
run_0065,visc_on_sensor_p_beta_0p5_cfl_0p5_nx_101_mode_1,7,on,p,0.5,0.5,101,1,0.2,completed,completed,0.2,p,3.0174853216102807e-09,4.7415207400922215e-09,7.450581041013038e-09,0.0,0.0,0.0
run_0066,visc_on_sensor_p_beta_0p5_cfl_0p5_nx_201_mode_1,7,on,p,0.5,0.5,201,1,0.2,completed,completed,0.2,rho,0.1691745484239195,0.6179214257721568,5.316331583239799,21.32914334239999,0.0,2.2410012246999997
run_0066,visc_on_sensor_p_beta_0p5_cfl_0p5_nx_201_mode_1,7,on,p,0.5,0.5,201,1,0.2,completed,completed,0.2,u,6.20326237044111e-10,9.717540151330132e-10,1.5222729743413765e-09,0.0,0.0,0.0
run_0066,visc_on_sensor_p_beta_0p5_cfl_0p5_nx_201_mode_1,7,on,p,0.5,0.5,201,1,0.2,completed,completed,0.2,p,3.0361117742128135e-09,4.756132548967327e-09,7.450581041013038e-09,0.0,0.0,0.0
run_0067,visc_on_sensor_p_beta_0p5_cfl_0p5_nx_501_mode_1,7,on,p,0.5,0.5,501,1,0.2,completed,completed,0.2,rho,0.09725142545538058,0.4628068644701014,5.502495370839799,23.3321532296,0.0,2.319442821799999
run_0067,visc_on_sensor_p_beta_0p5_cfl_0p5_nx_501_mode_1,7,on,p,0.5,0.5,501,1,0.2,completed,completed,0.2,u,6.165205546082575e-10,9.687685886764224e-10,1.5222729743413765e-09,0.0,0.0,0.0
run_0067,visc_on_sensor_p_beta_0p5_cfl_0p5_nx_501_mode_1,7,on,p,0.5,0.5,501,1,0.2,completed,completed,0.2,p,3.0174853216102807e-09,4.7415207400922215e-09,7.450581041013038e-09,0.0,0.0,0.0
run_0068,visc_on_sensor_p_beta_0p5_cfl_0p5_nx_1001_mode_1,7,on,p,0.5,0.5,1001,1,0.2,completed,completed,0.2,rho,0.06389320573391914,0.37153214953564795,5.607997381039799,24.934654632,0.0,2.3431512456999997
run_0068,visc_on_sensor_p_beta_0p5_cfl_0p5_nx_1001_mode_1,7,on,p,0.5,0.5,1001,1,0.2,completed,completed,0.2,u,6.172816910954282e-10,9.693664095223808e-10,1.5222729743413765e-09,0.0,0.0,0.0
run_0068,visc_on_sensor_p_beta_0p5_cfl_0p5_nx_1001_mode_1,7,on,p,0.5,0.5,1001,1,0.2,completed,completed,0.2,p,3.0212106121307873e-09,4.744446701950506e-09,7.450581041013038e-09,0.0,0.0,0.0
run_0069,visc_on_sensor_p_beta_0p5_cfl_0p8_nx_101_mode_1,7,on,p,0.5,0.8,101,1,0.2,completed,completed,0.2,rho,0.2290986360800219,0.7318658395793401,5.050371811739799,17.309353832599996,0.0,2.0619507211000005
run_0069,visc_on_sensor_p_beta_0p5_cfl_0p8_nx_101_mode_1,7,on,p,0.5,0.8,101,1,0.2,completed,completed,0.2,u,6.165205546082575e-10,9.687685886764224e-10,1.5222729743413765e-09,0.0,0.0,0.0
run_0069,visc_on_sensor_p_beta_0p5_cfl_0p8_nx_101_mode_1,7,on,p,0.5,0.8,101,1,0.2,completed,completed,0.2,p,3.0174853216102807e-09,4.7415207400922215e-09,7.450581041013038e-09,0.0,0.0,0.0
run_0070,visc_on_sensor_p_beta_0p5_cfl_0p8_nx_201_mode_1,7,on,p,0.5,0.8,201,1,0.2,completed,completed,0.2,rho,0.14881039946252153,0.5913429229106423,5.257342159239799,18.233379423000006,0.0,2.0478520623000005
run_0070,visc_on_sensor_p_beta_0p5_cfl_0p8_nx_201_mode_1,7,on,p,0.5,0.8,201,1,0.2,completed,completed,0.2,u,6.20326237044111e-10,9.717540151330132e-10,1.5222729743413765e-09,0.0,0.0,0.0
run_0070,visc_on_sensor_p_beta_0p5_cfl_0p8_nx_201_mode_1,7,on,p,0.5,0.8,201,1,0.2,completed,completed,0.2,p,3.0361117742128135e-09,4.756132548967327e-09,7.450581041013038e-09,0.0,0.0,0.0
run_0071,visc_on_sensor_p_beta_0p5_cfl_0p8_nx_501_mode_1,7,on,p,0.5,0.8,501,1,0.2,completed,completed,0.2,rho,0.08636640748773976,0.444832760183206,5.461177655339799,19.862415600400006,0.0,2.192699522
run_0071,visc_on_sensor_p_beta_0p5_cfl_0p8_nx_501_mode_1,7,on,p,0.5,0.8,501,1,0.2,completed,completed,0.2,u,6.165205546082575e-10,9.687685886764224e-10,1.5222729743413765e-09,0.0,0.0,0.0
run_0071,visc_on_sensor_p_beta_0p5_cfl_0p8_nx_501_mode_1,7,on,p,0.5,0.8,501,1,0.2,completed,completed,0.2,p,3.0174853216102807e-09,4.7415207400922215e-09,7.450581041013038e-09,0.0,0.0,0.0
run_0072,visc_on_sensor_p_beta_0p5_cfl_0p8_nx_1001_mode_1,7,on,p,0.5,0.8,1001,1,0.2,completed,completed,0.2,rho,0.05687093981359874,0.35807664814913864,5.576297056339799,21.337887380399994,0.0,2.2550583197
run_0072,visc_on_sensor_p_beta_0p5_cfl_0p8_nx_1001_mode_1,7,on,p,0.5,0.8,1001,1,0.2,completed,completed,0.2,u,6.172816910954282e-10,9.693664095223808e-10,1.5222729743413765e-09,0.0,0.0,0.0
run_0072,visc_on_sensor_p_beta_0p5_cfl_0p8_nx_1001_mode_1,7,on,p,0.5,0.8,1001,1,0.2,completed,completed,0.2,p,3.0212106121307873e-09,4.744446701950506e-09,7.450581041013038e-09,0.0,0.0,0.0
run_0073,visc_on_sensor_rho_beta_0p75_cfl_0p2_nx_101_mode_1,7,on,rho,0.75,0.2,101,1,0.2,completed,completed,0.2,rho,0.23471543997770586,0.79730964553592,4.772608832239799,9.000000657300005,0.0,1.6239999922618154e-07
run_0073,visc_on_sensor_rho_beta_0p75_cfl_0p2_nx_101_mode_1,7,on,rho,0.75,0.2,101,1,0.2,completed,completed,0.2,u,6.165205546082575e-10,9.687685886764224e-10,1.5222729743413765e-09,0.0,0.0,0.0
run_0073,visc_on_sensor_rho_beta_0p75_cfl_0p2_nx_101_mode_1,7,on,rho,0.75,0.2,101,1,0.2,completed,completed,0.2,p,3.0174853216102807e-09,4.7415207400922215e-09,7.450581041013038e-09,0.0,0.0,0.0
run_0074,visc_on_sensor_rho_beta_0p75_cfl_0p2_nx_201_mode_1,7,on,rho,0.75,0.2,201,1,0.2,completed,completed,0.2,rho,0.14910400643900135,0.6365792960064077,4.895418627239799,9.000000798200006,0.0,1.8509999932803112e-07
run_0074,visc_on_sensor_rho_beta_0p75_cfl_0p2_nx_201_mode_1,7,on,rho,0.75,0.2,201,1,0.2,completed,completed,0.2,u,6.20326237044111e-10,9.717540151330132e-10,1.5222729743413765e-09,0.0,0.0,0.0
run_0074,visc_on_sensor_rho_beta_0p75_cfl_0p2_nx_201_mode_1,7,on,rho,0.75,0.2,201,1,0.2,completed,completed,0.2,p,3.0361117742128135e-09,4.756132548967327e-09,7.450581041013038e-09,0.0,0.0,0.0
run_0075,visc_on_sensor_rho_beta_0p75_cfl_0p2_nx_501_mode_1,7,on,rho,0.75,0.2,501,1,0.2,completed,completed,0.2,rho,0.08149290486461329,0.47131865638364734,5.018326317239799,9.000001090800005,0.0,2.3980000030121573e-07
run_0075,visc_on_sensor_rho_beta_0p75_cfl_0p2_nx_501_mode_1,7,on,rho,0.75,0.2,501,1,0.2,completed,completed,0.2,u,6.165205546082575e-10,9.687685886764224e-10,1.5222729743413765e-09,0.0,0.0,0.0
run_0075,visc_on_sensor_rho_beta_0p75_cfl_0p2_nx_501_mode_1,7,on,rho,0.75,0.2,501,1,0.2,completed,completed,0.2,p,3.0174853216102807e-09,4.7415207400922215e-09,7.450581041013038e-09,0.0,0.0,0.0
run_0076,visc_on_sensor_rho_beta_0p75_cfl_0p2_nx_1001_mode_1,7,on,rho,0.75,0.2,1001,1,0.2,completed,completed,0.2,rho,0.05149620791942333,0.37494599446820304,5.088847264739798,9.000001384000008,0.0,2.8999999912571184e-07
run_0076,visc_on_sensor_rho_beta_0p75_cfl_0p2_nx_1001_mode_1,7,on,rho,0.75,0.2,1001,1,0.2,completed,completed,0.2,u,6.172816910954282e-10,9.693664095223808e-10,1.5222729743413765e-09,0.0,0.0,0.0
run_0076,visc_on_sensor_rho_beta_0p75_cfl_0p2_nx_1001_mode_1,7,on,rho,0.75,0.2,1001,1,0.2,completed,completed,0.2,p,3.0212106121307873e-09,4.744446701950506e-09,7.450581041013038e-09,0.0,0.0,0.0
run_0077,visc_on_sensor_rho_beta_0p75_cfl_0p5_nx_101_mode_1,7,on,rho,0.75,0.5,101,1,0.2,completed,completed,0.2,rho,0.20757832853761385,0.761387336145729,4.829934750739799,9.006527222800003,0.0,0.0032372860999991815
run_0077,visc_on_sensor_rho_beta_0p75_cfl_0p5_nx_101_mode_1,7,on,rho,0.75,0.5,101,1,0.2,completed,completed,0.2,u,6.165205546082575e-10,9.687685886764224e-10,1.5222729743413765e-09,0.0,0.0,0.0
run_0077,visc_on_sensor_rho_beta_0p75_cfl_0p5_nx_101_mode_1,7,on,rho,0.75,0.5,101,1,0.2,completed,completed,0.2,p,3.0174853216102807e-09,4.7415207400922215e-09,7.450581041013038e-09,0.0,0.0,0.0
run_0078,visc_on_sensor_rho_beta_0p75_cfl_0p5_nx_201_mode_1,7,on,rho,0.75,0.5,201,1,0.2,completed,completed,0.2,rho,0.1322767644207154,0.6094931012196685,4.9798034148397985,9.001285587400002,0.0,0.0006387103000005112
run_0078,visc_on_sensor_rho_beta_0p75_cfl_0p5_nx_201_mode_1,7,on,rho,0.75,0.5,201,1,0.2,completed,completed,0.2,u,6.20326237044111e-10,9.717540151330132e-10,1.5222729743413765e-09,0.0,0.0,0.0
run_0078,visc_on_sensor_rho_beta_0p75_cfl_0p5_nx_201_mode_1,7,on,rho,0.75,0.5,201,1,0.2,completed,completed,0.2,p,3.0361117742128135e-09,4.756132548967327e-09,7.450581041013038e-09,0.0,0.0,0.0
run_0079,visc_on_sensor_rho_beta_0p75_cfl_0p5_nx_501_mode_1,7,on,rho,0.75,0.5,501,1,0.2,completed,completed,0.2,rho,0.07250536503898057,0.4524932885124725,5.131113725439799,9.000092355200007,0.0,4.4933999999940966e-05
run_0079,visc_on_sensor_rho_beta_0p75_cfl_0p5_nx_501_mode_1,7,on,rho,0.75,0.5,501,1,0.2,completed,completed,0.2,u,6.165205546082575e-10,9.687685886764224e-10,1.5222729743413765e-09,0.0,0.0,0.0
run_0079,visc_on_sensor_rho_beta_0p75_cfl_0p5_nx_501_mode_1,7,on,rho,0.75,0.5,501,1,0.2,completed,completed,0.2,p,3.0174853216102807e-09,4.7415207400922215e-09,7.450581041013038e-09,0.0,0.0,0.0
run_0080,visc_on_sensor_rho_beta_0p75_cfl_0p5_nx_1001_mode_1,7,on,rho,0.75,0.5,1001,1,0.2,completed,completed,0.2,rho,0.04588317722112738,0.3605510751953694,5.218590082439799,9.000014618600005,0.0,6.1996999995983515e-06
run_0080,visc_on_sensor_rho_beta_0p75_cfl_0p5_nx_1001_mode_1,7,on,rho,0.75,0.5,1001,1,0.2,completed,completed,0.2,u,6.172816910954282e-10,9.693664095223808e-10,1.5222729743413765e-09,0.0,0.0,0.0
run_0080,visc_on_sensor_rho_beta_0p75_cfl_0p5_nx_1001_mode_1,7,on,rho,0.75,0.5,1001,1,0.2,completed,completed,0.2,p,3.0212106121307873e-09,4.744446701950506e-09,7.450581041013038e-09,0.0,0.0,0.0
run_0081,visc_on_sensor_rho_beta_0p75_cfl_0p8_nx_101_mode_1,7,on,rho,0.75,0.8,101,1,0.2,completed,completed,0.2,rho,0.1779646521950219,0.7053389451115887,4.894457244939799,9.7310644196,0.0,0.32591580359999917
run_0081,visc_on_sensor_rho_beta_0p75_cfl_0p8_nx_101_mode_1,7,on,rho,0.75,0.8,101,1,0.2,completed,completed,0.2,u,6.165205546082575e-10,9.687685886764224e-10,1.5222729743413765e-09,0.0,0.0,0.0
run_0081,visc_on_sensor_rho_beta_0p75_cfl_0p8_nx_101_mode_1,7,on,rho,0.75,0.8,101,1,0.2,completed,completed,0.2,p,3.0174853216102807e-09,4.7415207400922215e-09,7.450581041013038e-09,0.0,0.0,0.0
run_0082,visc_on_sensor_rho_beta_0p75_cfl_0p8_nx_201_mode_1,7,on,rho,0.75,0.8,201,1,0.2,completed,completed,0.2,rho,0.11251409826252143,0.5676700217723769,5.090576180439799,9.5414254724,0.0,0.24467935090000026
run_0082,visc_on_sensor_rho_beta_0p75_cfl_0p8_nx_201_mode_1,7,on,rho,0.75,0.8,201,1,0.2,completed,completed,0.2,u,6.20326237044111e-10,9.717540151330132e-10,1.5222729743413765e-09,0.0,0.0,0.0
run_0082,visc_on_sensor_rho_beta_0p75_cfl_0p8_nx_201_mode_1,7,on,rho,0.75,0.8,201,1,0.2,completed,completed,0.2,p,3.0361117742128135e-09,4.756132548967327e-09,7.450581041013038e-09,0.0,0.0,0.0
run_0083,visc_on_sensor_rho_beta_0p75_cfl_0p8_nx_501_mode_1,7,on,rho,0.75,0.8,501,1,0.2,completed,completed,0.2,rho,0.06149482233118061,0.42473563351314725,5.295725458039799,9.379992592400004,0.0,0.17690923640000022
run_0083,visc_on_sensor_rho_beta_0p75_cfl_0p8_nx_501_mode_1,7,on,rho,0.75,0.8,501,1,0.2,completed,completed,0.2,u,6.165205546082575e-10,9.687685886764224e-10,1.5222729743413765e-09,0.0,0.0,0.0
run_0083,visc_on_sensor_rho_beta_0p75_cfl_0p8_nx_501_mode_1,7,on,rho,0.75,0.8,501,1,0.2,completed,completed,0.2,p,3.0174853216102807e-09,4.7415207400922215e-09,7.450581041013038e-09,0.0,0.0,0.0
run_0084,visc_on_sensor_rho_beta_0p75_cfl_0p8_nx_1001_mode_1,7,on,rho,0.75,0.8,1001,1,0.2,completed,completed,0.2,rho,0.038969694902406975,0.34050961731590795,5.418777840339799,9.274351542399998,0.0,0.12982420340000012
run_0084,visc_on_sensor_rho_beta_0p75_cfl_0p8_nx_1001_mode_1,7,on,rho,0.75,0.8,1001,1,0.2,completed,completed,0.2,u,6.172816910954282e-10,9.693664095223808e-10,1.5222729743413765e-09,0.0,0.0,0.0
run_0084,visc_on_sensor_rho_beta_0p75_cfl_0p8_nx_1001_mode_1,7,on,rho,0.75,0.8,1001,1,0.2,completed,completed,0.2,p,3.0212106121307873e-09,4.744446701950506e-09,7.450581041013038e-09,0.0,0.0,0.0
run_0085,visc_on_sensor_u_beta_0p75_cfl_0p2_nx_101_mode_1,7,on,u,0.75,0.2,101,1,0.2,completed,completed,0.2,rho,0.325357471296022,0.8192629055577677,5.194200445739799,28.65618715980001,0.0,2.3084594807
run_0085,visc_on_sensor_u_beta_0p75_cfl_0p2_nx_101_mode_1,7,on,u,0.75,0.2,101,1,0.2,completed,completed,0.2,u,6.165205546082575e-10,9.687685886764224e-10,1.5222729743413765e-09,0.0,0.0,0.0
run_0085,visc_on_sensor_u_beta_0p75_cfl_0p2_nx_101_mode_1,7,on,u,0.75,0.2,101,1,0.2,completed,completed,0.2,p,3.0174853216102807e-09,4.7415207400922215e-09,7.450581041013038e-09,0.0,0.0,0.0
run_0086,visc_on_sensor_u_beta_0p75_cfl_0p2_nx_201_mode_1,7,on,u,0.75,0.2,201,1,0.2,completed,completed,0.2,rho,0.20903593270402152,0.6540961557805169,5.366193241439799,29.1339818726,0.0,2.4117525677000007
run_0086,visc_on_sensor_u_beta_0p75_cfl_0p2_nx_201_mode_1,7,on,u,0.75,0.2,201,1,0.2,completed,completed,0.2,u,6.20326237044111e-10,9.717540151330132e-10,1.5222729743413765e-09,0.0,0.0,0.0
run_0086,visc_on_sensor_u_beta_0p75_cfl_0p2_nx_201_mode_1,7,on,u,0.75,0.2,201,1,0.2,completed,completed,0.2,p,3.0361117742128135e-09,4.756132548967327e-09,7.450581041013038e-09,0.0,0.0,0.0
run_0087,visc_on_sensor_u_beta_0p75_cfl_0p2_nx_501_mode_1,7,on,u,0.75,0.2,501,1,0.2,completed,completed,0.2,rho,0.11883877555453981,0.48652178082128483,5.537301576839798,32.007911479200004,0.0,2.4301594078999997
run_0087,visc_on_sensor_u_beta_0p75_cfl_0p2_nx_501_mode_1,7,on,u,0.75,0.2,501,1,0.2,completed,completed,0.2,u,6.165205546082575e-10,9.687685886764224e-10,1.5222729743413765e-09,0.0,0.0,0.0
run_0087,visc_on_sensor_u_beta_0p75_cfl_0p2_nx_501_mode_1,7,on,u,0.75,0.2,501,1,0.2,completed,completed,0.2,p,3.0174853216102807e-09,4.7415207400922215e-09,7.450581041013038e-09,0.0,0.0,0.0
run_0088,visc_on_sensor_u_beta_0p75_cfl_0p2_nx_1001_mode_1,7,on,u,0.75,0.2,1001,1,0.2,completed,completed,0.2,rho,0.07720606598465994,0.38898930200687204,5.634721350239799,34.3733793434,0.0,2.4212164837000003
run_0088,visc_on_sensor_u_beta_0p75_cfl_0p2_nx_1001_mode_1,7,on,u,0.75,0.2,1001,1,0.2,completed,completed,0.2,u,6.172816910954282e-10,9.693664095223808e-10,1.5222729743413765e-09,0.0,0.0,0.0
run_0088,visc_on_sensor_u_beta_0p75_cfl_0p2_nx_1001_mode_1,7,on,u,0.75,0.2,1001,1,0.2,completed,completed,0.2,p,3.0212106121307873e-09,4.744446701950506e-09,7.450581041013038e-09,0.0,0.0,0.0
run_0089,visc_on_sensor_u_beta_0p75_cfl_0p5_nx_101_mode_1,7,on,u,0.75,0.5,101,1,0.2,completed,completed,0.2,rho,0.26148190233702195,0.7681601079002697,5.128244445239798,20.36385951760001,0.0,2.1834929471999995
run_0089,visc_on_sensor_u_beta_0p75_cfl_0p5_nx_101_mode_1,7,on,u,0.75,0.5,101,1,0.2,completed,completed,0.2,u,6.165205546082575e-10,9.687685886764224e-10,1.5222729743413765e-09,0.0,0.0,0.0
run_0089,visc_on_sensor_u_beta_0p75_cfl_0p5_nx_101_mode_1,7,on,u,0.75,0.5,101,1,0.2,completed,completed,0.2,p,3.0174853216102807e-09,4.7415207400922215e-09,7.450581041013038e-09,0.0,0.0,0.0
run_0090,visc_on_sensor_u_beta_0p75_cfl_0p5_nx_201_mode_1,7,on,u,0.75,0.5,201,1,0.2,completed,completed,0.2,rho,0.16917455004541948,0.6179214276323707,5.316331583439799,21.329143692399988,0.0,2.2410012469
run_0090,visc_on_sensor_u_beta_0p75_cfl_0p5_nx_201_mode_1,7,on,u,0.75,0.5,201,1,0.2,completed,completed,0.2,u,6.20326237044111e-10,9.717540151330132e-10,1.5222729743413765e-09,0.0,0.0,0.0
run_0090,visc_on_sensor_u_beta_0p75_cfl_0p5_nx_201_mode_1,7,on,u,0.75,0.5,201,1,0.2,completed,completed,0.2,p,3.0361117742128135e-09,4.756132548967327e-09,7.450581041013038e-09,0.0,0.0,0.0
run_0091,visc_on_sensor_u_beta_0p75_cfl_0p5_nx_501_mode_1,7,on,u,0.75,0.5,501,1,0.2,completed,completed,0.2,rho,0.09725142714438058,0.46280686737027704,5.502495373539799,23.332153852800005,0.0,2.3194428621000007
run_0091,visc_on_sensor_u_beta_0p75_cfl_0p5_nx_501_mode_1,7,on,u,0.75,0.5,501,1,0.2,completed,completed,0.2,u,6.165205546082575e-10,9.687685886764224e-10,1.5222729743413765e-09,0.0,0.0,0.0
run_0091,visc_on_sensor_u_beta_0p75_cfl_0p5_nx_501_mode_1,7,on,u,0.75,0.5,501,1,0.2,completed,completed,0.2,p,3.0174853216102807e-09,4.7415207400922215e-09,7.450581041013038e-09,0.0,0.0,0.0
run_0092,visc_on_sensor_u_beta_0p75_cfl_0p5_nx_1001_mode_1,7,on,u,0.75,0.5,1001,1,0.2,completed,completed,0.2,rho,0.06389320787081915,0.37153215385830635,5.607997387939799,24.9346558696,0.0,2.3431513073999994
run_0092,visc_on_sensor_u_beta_0p75_cfl_0p5_nx_1001_mode_1,7,on,u,0.75,0.5,1001,1,0.2,completed,completed,0.2,u,6.172816910954282e-10,9.693664095223808e-10,1.5222729743413765e-09,0.0,0.0,0.0
run_0092,visc_on_sensor_u_beta_0p75_cfl_0p5_nx_1001_mode_1,7,on,u,0.75,0.5,1001,1,0.2,completed,completed,0.2,p,3.0212106121307873e-09,4.744446701950506e-09,7.450581041013038e-09,0.0,0.0,0.0
run_0093,visc_on_sensor_u_beta_0p75_cfl_0p8_nx_101_mode_1,7,on,u,0.75,0.8,101,1,0.2,completed,completed,0.2,rho,0.2290986364290219,0.7318658398999586,5.050371811639799,17.3093538734,0.0,2.061950725000001
run_0093,visc_on_sensor_u_beta_0p75_cfl_0p8_nx_101_mode_1,7,on,u,0.75,0.8,101,1,0.2,completed,completed,0.2,u,6.165205546082575e-10,9.687685886764224e-10,1.5222729743413765e-09,0.0,0.0,0.0
run_0093,visc_on_sensor_u_beta_0p75_cfl_0p8_nx_101_mode_1,7,on,u,0.75,0.8,101,1,0.2,completed,completed,0.2,p,3.0174853216102807e-09,4.7415207400922215e-09,7.450581041013038e-09,0.0,0.0,0.0
run_0094,visc_on_sensor_u_beta_0p75_cfl_0p8_nx_201_mode_1,7,on,u,0.75,0.8,201,1,0.2,completed,completed,0.2,rho,0.14881039978602154,0.591342923341015,5.257342159539799,18.233379487000004,0.0,2.047852067399999
run_0094,visc_on_sensor_u_beta_0p75_cfl_0p8_nx_201_mode_1,7,on,u,0.75,0.8,201,1,0.2,completed,completed,0.2,u,6.20326237044111e-10,9.717540151330132e-10,1.5222729743413765e-09,0.0,0.0,0.0
run_0094,visc_on_sensor_u_beta_0p75_cfl_0p8_nx_201_mode_1,7,on,u,0.75,0.8,201,1,0.2,completed,completed,0.2,p,3.0361117742128135e-09,4.756132548967327e-09,7.450581041013038e-09,0.0,0.0,0.0
run_0095,visc_on_sensor_u_beta_0p75_cfl_0p8_nx_501_mode_1,7,on,u,0.75,0.8,501,1,0.2,completed,completed,0.2,rho,0.08636640787473976,0.4448327609036553,5.461177655739799,19.862415724800005,0.0,2.192699534600001
run_0095,visc_on_sensor_u_beta_0p75_cfl_0p8_nx_501_mode_1,7,on,u,0.75,0.8,501,1,0.2,completed,completed,0.2,u,6.165205546082575e-10,9.687685886764224e-10,1.5222729743413765e-09,0.0,0.0,0.0
run_0095,visc_on_sensor_u_beta_0p75_cfl_0p8_nx_501_mode_1,7,on,u,0.75,0.8,501,1,0.2,completed,completed,0.2,p,3.0174853216102807e-09,4.7415207400922215e-09,7.450581041013038e-09,0.0,0.0,0.0
run_0096,visc_on_sensor_u_beta_0p75_cfl_0p8_nx_1001_mode_1,7,on,u,0.75,0.8,1001,1,0.2,completed,completed,0.2,rho,0.05687094022859874,0.3580766491118669,5.576297057739799,21.337887607399995,0.0,2.2550583381999996
run_0096,visc_on_sensor_u_beta_0p75_cfl_0p8_nx_1001_mode_1,7,on,u,0.75,0.8,1001,1,0.2,completed,completed,0.2,u,6.172816910954282e-10,9.693664095223808e-10,1.5222729743413765e-09,0.0,0.0,0.0
run_0096,visc_on_sensor_u_beta_0p75_cfl_0p8_nx_1001_mode_1,7,on,u,0.75,0.8,1001,1,0.2,completed,completed,0.2,p,3.0212106121307873e-09,4.744446701950506e-09,7.450581041013038e-09,0.0,0.0,0.0
run_0097,visc_on_sensor_p_beta_0p75_cfl_0p2_nx_101_mode_1,7,on,p,0.75,0.2,101,1,0.2,completed,completed,0.2,rho,0.325357450888022,0.8192628875954323,5.194200440639799,28.65618429700001,0.0,2.3084594029000005
run_0097,visc_on_sensor_p_beta_0p75_cfl_0p2_nx_101_mode_1,7,on,p,0.75,0.2,101,1,0.2,completed,completed,0.2,u,6.165205546082575e-10,9.687685886764224e-10,1.5222729743413765e-09,0.0,0.0,0.0
run_0097,visc_on_sensor_p_beta_0p75_cfl_0p2_nx_101_mode_1,7,on,p,0.75,0.2,101,1,0.2,completed,completed,0.2,p,3.0174853216102807e-09,4.7415207400922215e-09,7.450581041013038e-09,0.0,0.0,0.0
run_0098,visc_on_sensor_p_beta_0p75_cfl_0p2_nx_201_mode_1,7,on,p,0.75,0.2,201,1,0.2,completed,completed,0.2,rho,0.2090359141455215,0.6540961370663679,5.366193213639799,29.13397768039999,0.0,2.411752462999999
run_0098,visc_on_sensor_p_beta_0p75_cfl_0p2_nx_201_mode_1,7,on,p,0.75,0.2,201,1,0.2,completed,completed,0.2,u,6.20326237044111e-10,9.717540151330132e-10,1.5222729743413765e-09,0.0,0.0,0.0
run_0098,visc_on_sensor_p_beta_0p75_cfl_0p2_nx_201_mode_1,7,on,p,0.75,0.2,201,1,0.2,completed,completed,0.2,p,3.0361117742128135e-09,4.756132548967327e-09,7.450581041013038e-09,0.0,0.0,0.0
run_0099,visc_on_sensor_p_beta_0p75_cfl_0p2_nx_501_mode_1,7,on,p,0.75,0.2,501,1,0.2,completed,completed,0.2,rho,0.1188387526003398,0.4865217535009618,5.5373015457397985,32.00790134020001,0.0,2.4301592207000002
run_0099,visc_on_sensor_p_beta_0p75_cfl_0p2_nx_501_mode_1,7,on,p,0.75,0.2,501,1,0.2,completed,completed,0.2,u,6.165205546082575e-10,9.687685886764224e-10,1.5222729743413765e-09,0.0,0.0,0.0
run_0099,visc_on_sensor_p_beta_0p75_cfl_0p2_nx_501_mode_1,7,on,p,0.75,0.2,501,1,0.2,completed,completed,0.2,p,3.0174853216102807e-09,4.7415207400922215e-09,7.450581041013038e-09,0.0,0.0,0.0
run_0100,visc_on_sensor_p_beta_0p75_cfl_0p2_nx_1001_mode_1,7,on,p,0.75,0.2,1001,1,0.2,completed,completed,0.2,rho,0.07720604407705994,0.3889892707060473,5.634721307339799,34.37336315660001,0.0,2.4212162285000005
run_0100,visc_on_sensor_p_beta_0p75_cfl_0p2_nx_1001_mode_1,7,on,p,0.75,0.2,1001,1,0.2,completed,completed,0.2,u,6.172816910954282e-10,9.693664095223808e-10,1.5222729743413765e-09,0.0,0.0,0.0
run_0100,visc_on_sensor_p_beta_0p75_cfl_0p2_nx_1001_mode_1,7,on,p,0.75,0.2,1001,1,0.2,completed,completed,0.2,p,3.0212106121307873e-09,4.744446701950506e-09,7.450581041013038e-09,0.0,0.0,0.0
run_0101,visc_on_sensor_p_beta_0p75_cfl_0p5_nx_101_mode_1,7,on,p,0.75,0.5,101,1,0.2,completed,completed,0.2,rho,0.26148189959702195,0.7681601048341339,5.128244445239798,20.36385919720001,0.0,2.1834929179000007
run_0101,visc_on_sensor_p_beta_0p75_cfl_0p5_nx_101_mode_1,7,on,p,0.75,0.5,101,1,0.2,completed,completed,0.2,u,6.165205546082575e-10,9.687685886764224e-10,1.5222729743413765e-09,0.0,0.0,0.0
run_0101,visc_on_sensor_p_beta_0p75_cfl_0p5_nx_101_mode_1,7,on,p,0.75,0.5,101,1,0.2,completed,completed,0.2,p,3.0174853216102807e-09,4.7415207400922215e-09,7.450581041013038e-09,0.0,0.0,0.0
run_0102,visc_on_sensor_p_beta_0p75_cfl_0p5_nx_201_mode_1,7,on,p,0.75,0.5,201,1,0.2,completed,completed,0.2,rho,0.1691745466204195,0.6179214234912832,5.316331583539799,21.329143007799996,0.0,2.2410012100000003
run_0102,visc_on_sensor_p_beta_0p75_cfl_0p5_nx_201_mode_1,7,on,p,0.75,0.5,201,1,0.2,completed,completed,0.2,u,6.20326237044111e-10,9.717540151330132e-10,1.5222729743413765e-09,0.0,0.0,0.0
run_0102,visc_on_sensor_p_beta_0p75_cfl_0p5_nx_201_mode_1,7,on,p,0.75,0.5,201,1,0.2,completed,completed,0.2,p,3.0361117742128135e-09,4.756132548967327e-09,7.450581041013038e-09,0.0,0.0,0.0
run_0103,visc_on_sensor_p_beta_0p75_cfl_0p5_nx_501_mode_1,7,on,p,0.75,0.5,501,1,0.2,completed,completed,0.2,rho,0.09725142372078058,0.4628068620326996,5.5024953694397984,23.332152586599996,0.0,2.3194427969000007
run_0103,visc_on_sensor_p_beta_0p75_cfl_0p5_nx_501_mode_1,7,on,p,0.75,0.5,501,1,0.2,completed,completed,0.2,u,6.165205546082575e-10,9.687685886764224e-10,1.5222729743413765e-09,0.0,0.0,0.0
run_0103,visc_on_sensor_p_beta_0p75_cfl_0p5_nx_501_mode_1,7,on,p,0.75,0.5,501,1,0.2,completed,completed,0.2,p,3.0174853216102807e-09,4.7415207400922215e-09,7.450581041013038e-09,0.0,0.0,0.0
run_0104,visc_on_sensor_p_beta_0p75_cfl_0p5_nx_1001_mode_1,7,on,p,0.75,0.5,1001,1,0.2,completed,completed,0.2,rho,0.06389320447061915,0.3715321473264894,5.607997377339799,24.934653848800004,0.0,2.3431512100000003
run_0104,visc_on_sensor_p_beta_0p75_cfl_0p5_nx_1001_mode_1,7,on,p,0.75,0.5,1001,1,0.2,completed,completed,0.2,u,6.172816910954282e-10,9.693664095223808e-10,1.5222729743413765e-09,0.0,0.0,0.0
run_0104,visc_on_sensor_p_beta_0p75_cfl_0p5_nx_1001_mode_1,7,on,p,0.75,0.5,1001,1,0.2,completed,completed,0.2,p,3.0212106121307873e-09,4.744446701950506e-09,7.450581041013038e-09,0.0,0.0,0.0
run_0105,visc_on_sensor_p_beta_0p75_cfl_0p8_nx_101_mode_1,7,on,p,0.75,0.8,101,1,0.2,completed,completed,0.2,rho,0.2290986358120219,0.7318658392008847,5.050371810639799,17.309353799999997,0.0,2.0619507159
run_0105,visc_on_sensor_p_beta_0p75_cfl_0p8_nx_101_mode_1,7,on,p,0.75,0.8,101,1,0.2,completed,completed,0.2,u,6.165205546082575e-10,9.687685886764224e-10,1.5222729743413765e-09,0.0,0.0,0.0
run_0105,visc_on_sensor_p_beta_0p75_cfl_0p8_nx_101_mode_1,7,on,p,0.75,0.8,101,1,0.2,completed,completed,0.2,p,3.0174853216102807e-09,4.7415207400922215e-09,7.450581041013038e-09,0.0,0.0,0.0
run_0106,visc_on_sensor_p_beta_0p75_cfl_0p8_nx_201_mode_1,7,on,p,0.75,0.8,201,1,0.2,completed,completed,0.2,rho,0.14881039918052152,0.5913429223126518,5.2573421571397985,18.2333793694,0.0,2.0478520551
run_0106,visc_on_sensor_p_beta_0p75_cfl_0p8_nx_201_mode_1,7,on,p,0.75,0.8,201,1,0.2,completed,completed,0.2,u,6.20326237044111e-10,9.717540151330132e-10,1.5222729743413765e-09,0.0,0.0,0.0
run_0106,visc_on_sensor_p_beta_0p75_cfl_0p8_nx_201_mode_1,7,on,p,0.75,0.8,201,1,0.2,completed,completed,0.2,p,3.0361117742128135e-09,4.756132548967327e-09,7.450581041013038e-09,0.0,0.0,0.0
run_0107,visc_on_sensor_p_beta_0p75_cfl_0p8_nx_501_mode_1,7,on,p,0.75,0.8,501,1,0.2,completed,completed,0.2,rho,0.08636640716373976,0.44483275955931845,5.461177653439798,19.8624154936,0.0,2.192699513799999
run_0107,visc_on_sensor_p_beta_0p75_cfl_0p8_nx_501_mode_1,7,on,p,0.75,0.8,501,1,0.2,completed,completed,0.2,u,6.165205546082575e-10,9.687685886764224e-10,1.5222729743413765e-09,0.0,0.0,0.0
run_0107,visc_on_sensor_p_beta_0p75_cfl_0p8_nx_501_mode_1,7,on,p,0.75,0.8,501,1,0.2,completed,completed,0.2,p,3.0174853216102807e-09,4.7415207400922215e-09,7.450581041013038e-09,0.0,0.0,0.0
run_0108,visc_on_sensor_p_beta_0p75_cfl_0p8_nx_1001_mode_1,7,on,p,0.75,0.8,1001,1,0.2,completed,completed,0.2,rho,0.056870939522798744,0.35807664753376717,5.576297054439799,21.337887209599995,0.0,2.255058310300001
run_0108,visc_on_sensor_p_beta_0p75_cfl_0p8_nx_1001_mode_1,7,on,p,0.75,0.8,1001,1,0.2,completed,completed,0.2,u,6.172816910954282e-10,9.693664095223808e-10,1.5222729743413765e-09,0.0,0.0,0.0
run_0108,visc_on_sensor_p_beta_0p75_cfl_0p8_nx_1001_mode_1,7,on,p,0.75,0.8,1001,1,0.2,completed,completed,0.2,p,3.0212106121307873e-09,4.744446701950506e-09,7.450581041013038e-09,0.0,0.0,0.0
run_0109,visc_on_sensor_rho_beta_1_cfl_0p2_nx_101_mode_1,7,on,rho,1.0,0.2,101,1,0.2,completed,completed,0.2,rho,0.25399684292820585,0.8199102693462585,4.6859770618397985,9.000000399800005,0.0,9.240000053978292e-08
run_0109,visc_on_sensor_rho_beta_1_cfl_0p2_nx_101_mode_1,7,on,rho,1.0,0.2,101,1,0.2,completed,completed,0.2,u,6.165205546082575e-10,9.687685886764224e-10,1.5222729743413765e-09,0.0,0.0,0.0
run_0109,visc_on_sensor_rho_beta_1_cfl_0p2_nx_101_mode_1,7,on,rho,1.0,0.2,101,1,0.2,completed,completed,0.2,p,3.0174853216102807e-09,4.7415207400922215e-09,7.450581041013038e-09,0.0,0.0,0.0
run_0110,visc_on_sensor_rho_beta_1_cfl_0p2_nx_201_mode_1,7,on,rho,1.0,0.2,201,1,0.2,completed,completed,0.2,rho,0.1611495577020014,0.6541308029297811,4.800367370239798,9.000000496200009,0.0,1.116000003520412e-07
run_0110,visc_on_sensor_rho_beta_1_cfl_0p2_nx_201_mode_1,7,on,rho,1.0,0.2,201,1,0.2,completed,completed,0.2,u,6.20326237044111e-10,9.717540151330132e-10,1.5222729743413765e-09,0.0,0.0,0.0
run_0110,visc_on_sensor_rho_beta_1_cfl_0p2_nx_201_mode_1,7,on,rho,1.0,0.2,201,1,0.2,completed,completed,0.2,p,3.0361117742128135e-09,4.756132548967327e-09,7.450581041013038e-09,0.0,0.0,0.0
run_0111,visc_on_sensor_rho_beta_1_cfl_0p2_nx_501_mode_1,7,on,rho,1.0,0.2,501,1,0.2,completed,completed,0.2,rho,0.08798577851089086,0.48398953724332133,4.914971034239799,9.000000709400005,0.0,1.4409999948838959e-07
run_0111,visc_on_sensor_rho_beta_1_cfl_0p2_nx_501_mode_1,7,on,rho,1.0,0.2,501,1,0.2,completed,completed,0.2,u,6.165205546082575e-10,9.687685886764224e-10,1.5222729743413765e-09,0.0,0.0,0.0
run_0111,visc_on_sensor_rho_beta_1_cfl_0p2_nx_501_mode_1,7,on,rho,1.0,0.2,501,1,0.2,completed,completed,0.2,p,3.0174853216102807e-09,4.7415207400922215e-09,7.450581041013038e-09,0.0,0.0,0.0
run_0112,visc_on_sensor_rho_beta_1_cfl_0p2_nx_1001_mode_1,7,on,rho,1.0,0.2,1001,1,0.2,completed,completed,0.2,rho,0.05557202273862131,0.38489228827787636,4.980770586939799,9.000000924800002,0.0,1.8589999939422341e-07
run_0112,visc_on_sensor_rho_beta_1_cfl_0p2_nx_1001_mode_1,7,on,rho,1.0,0.2,1001,1,0.2,completed,completed,0.2,u,6.172816910954282e-10,9.693664095223808e-10,1.5222729743413765e-09,0.0,0.0,0.0
run_0112,visc_on_sensor_rho_beta_1_cfl_0p2_nx_1001_mode_1,7,on,rho,1.0,0.2,1001,1,0.2,completed,completed,0.2,p,3.0212106121307873e-09,4.744446701950506e-09,7.450581041013038e-09,0.0,0.0,0.0
run_0113,visc_on_sensor_rho_beta_1_cfl_0p5_nx_101_mode_1,7,on,rho,1.0,0.5,101,1,0.2,completed,completed,0.2,rho,0.22275887155320584,0.7782680634916174,4.7431559489397985,9.000142684400004,0.0,7.065900000036152e-05
run_0113,visc_on_sensor_rho_beta_1_cfl_0p5_nx_101_mode_1,7,on,rho,1.0,0.5,101,1,0.2,completed,completed,0.2,u,6.165205546082575e-10,9.687685886764224e-10,1.5222729743413765e-09,0.0,0.0,0.0
run_0113,visc_on_sensor_rho_beta_1_cfl_0p5_nx_101_mode_1,7,on,rho,1.0,0.5,101,1,0.2,completed,completed,0.2,p,3.0174853216102807e-09,4.7415207400922215e-09,7.450581041013038e-09,0.0,0.0,0.0
run_0114,visc_on_sensor_rho_beta_1_cfl_0p5_nx_201_mode_1,7,on,rho,1.0,0.5,201,1,0.2,completed,completed,0.2,rho,0.14163843872220538,0.6221359345831503,4.883250257039799,9.000008254800004,0.0,3.690499999819963e-06
run_0114,visc_on_sensor_rho_beta_1_cfl_0p5_nx_201_mode_1,7,on,rho,1.0,0.5,201,1,0.2,completed,completed,0.2,u,6.20326237044111e-10,9.717540151330132e-10,1.5222729743413765e-09,0.0,0.0,0.0
run_0114,visc_on_sensor_rho_beta_1_cfl_0p5_nx_201_mode_1,7,on,rho,1.0,0.5,201,1,0.2,completed,completed,0.2,p,3.0361117742128135e-09,4.756132548967327e-09,7.450581041013038e-09,0.0,0.0,0.0
run_0115,visc_on_sensor_rho_beta_1_cfl_0p5_nx_501_mode_1,7,on,rho,1.0,0.5,501,1,0.2,completed,completed,0.2,rho,0.07748344009437652,0.4612560894029403,5.024501587139799,9.000001547800004,0.0,4.115000002968827e-07
run_0115,visc_on_sensor_rho_beta_1_cfl_0p5_nx_501_mode_1,7,on,rho,1.0,0.5,501,1,0.2,completed,completed,0.2,u,6.165205546082575e-10,9.687685886764224e-10,1.5222729743413765e-09,0.0,0.0,0.0
run_0115,visc_on_sensor_rho_beta_1_cfl_0p5_nx_501_mode_1,7,on,rho,1.0,0.5,501,1,0.2,completed,completed,0.2,p,3.0174853216102807e-09,4.7415207400922215e-09,7.450581041013038e-09,0.0,0.0,0.0
run_0116,visc_on_sensor_rho_beta_1_cfl_0p5_nx_1001_mode_1,7,on,rho,1.0,0.5,1001,1,0.2,completed,completed,0.2,rho,0.04898858897808456,0.3672594075386806,5.106133298339799,9.000001691000005,0.0,4.355000005062948e-07
run_0116,visc_on_sensor_rho_beta_1_cfl_0p5_nx_1001_mode_1,7,on,rho,1.0,0.5,1001,1,0.2,completed,completed,0.2,u,6.172816910954282e-10,9.693664095223808e-10,1.5222729743413765e-09,0.0,0.0,0.0
run_0116,visc_on_sensor_rho_beta_1_cfl_0p5_nx_1001_mode_1,7,on,rho,1.0,0.5,1001,1,0.2,completed,completed,0.2,p,3.0212106121307873e-09,4.744446701950506e-09,7.450581041013038e-09,0.0,0.0,0.0
run_0117,visc_on_sensor_rho_beta_1_cfl_0p8_nx_101_mode_1,7,on,rho,1.0,0.8,101,1,0.2,completed,completed,0.2,rho,0.18223910694702192,0.7186835517167941,4.864657324639799,9.296741075400003,0.0,0.13890147260000063
run_0117,visc_on_sensor_rho_beta_1_cfl_0p8_nx_101_mode_1,7,on,rho,1.0,0.8,101,1,0.2,completed,completed,0.2,u,6.165205546082575e-10,9.687685886764224e-10,1.5222729743413765e-09,0.0,0.0,0.0
run_0117,visc_on_sensor_rho_beta_1_cfl_0p8_nx_101_mode_1,7,on,rho,1.0,0.8,101,1,0.2,completed,completed,0.2,p,3.0174853216102807e-09,4.7415207400922215e-09,7.450581041013038e-09,0.0,0.0,0.0
run_0118,visc_on_sensor_rho_beta_1_cfl_0p8_nx_201_mode_1,7,on,rho,1.0,0.8,201,1,0.2,completed,completed,0.2,rho,0.11606296363002146,0.5779215122074539,5.050632155739799,9.202993153600001,0.0,0.09658598430000076
run_0118,visc_on_sensor_rho_beta_1_cfl_0p8_nx_201_mode_1,7,on,rho,1.0,0.8,201,1,0.2,completed,completed,0.2,u,6.20326237044111e-10,9.717540151330132e-10,1.5222729743413765e-09,0.0,0.0,0.0
run_0118,visc_on_sensor_rho_beta_1_cfl_0p8_nx_201_mode_1,7,on,rho,1.0,0.8,201,1,0.2,completed,completed,0.2,p,3.0361117742128135e-09,4.756132548967327e-09,7.450581041013038e-09,0.0,0.0,0.0
run_0119,visc_on_sensor_rho_beta_1_cfl_0p8_nx_501_mode_1,7,on,rho,1.0,0.8,501,1,0.2,completed,completed,0.2,rho,0.06365621425498057,0.43161217418512077,5.243529410539799,9.111153178399999,0.0,0.053874651699999276
run_0119,visc_on_sensor_rho_beta_1_cfl_0p8_nx_501_mode_1,7,on,rho,1.0,0.8,501,1,0.2,completed,completed,0.2,u,6.165205546082575e-10,9.687685886764224e-10,1.5222729743413765e-09,0.0,0.0,0.0
run_0119,visc_on_sensor_rho_beta_1_cfl_0p8_nx_501_mode_1,7,on,rho,1.0,0.8,501,1,0.2,completed,completed,0.2,p,3.0174853216102807e-09,4.7415207400922215e-09,7.450581041013038e-09,0.0,0.0,0.0
run_0120,visc_on_sensor_rho_beta_1_cfl_0p8_nx_1001_mode_1,7,on,rho,1.0,0.8,1001,1,0.2,completed,completed,0.2,rho,0.0403783137147682,0.34542008403607977,5.3578132675397985,9.065646734400005,0.0,0.03215189099999982
run_0120,visc_on_sensor_rho_beta_1_cfl_0p8_nx_1001_mode_1,7,on,rho,1.0,0.8,1001,1,0.2,completed,completed,0.2,u,6.172816910954282e-10,9.693664095223808e-10,1.5222729743413765e-09,0.0,0.0,0.0
run_0120,visc_on_sensor_rho_beta_1_cfl_0p8_nx_1001_mode_1,7,on,rho,1.0,0.8,1001,1,0.2,completed,completed,0.2,p,3.0212106121307873e-09,4.744446701950506e-09,7.450581041013038e-09,0.0,0.0,0.0
run_0121,visc_on_sensor_u_beta_1_cfl_0p2_nx_101_mode_1,7,on,u,1.0,0.2,101,1,0.2,completed,completed,0.2,rho,0.32535746847002195,0.819262903777868,5.194200442539799,28.656186716800008,0.0,2.308459471800001
run_0121,visc_on_sensor_u_beta_1_cfl_0p2_nx_101_mode_1,7,on,u,1.0,0.2,101,1,0.2,completed,completed,0.2,u,6.165205546082575e-10,9.687685886764224e-10,1.5222729743413765e-09,0.0,0.0,0.0
run_0121,visc_on_sensor_u_beta_1_cfl_0p2_nx_101_mode_1,7,on,u,1.0,0.2,101,1,0.2,completed,completed,0.2,p,3.0174853216102807e-09,4.7415207400922215e-09,7.450581041013038e-09,0.0,0.0,0.0
run_0122,visc_on_sensor_u_beta_1_cfl_0p2_nx_201_mode_1,7,on,u,1.0,0.2,201,1,0.2,completed,completed,0.2,rho,0.2090359302775215,0.6540961532997148,5.3661932382397985,29.133981266399992,0.0,2.4117525510999993
run_0122,visc_on_sensor_u_beta_1_cfl_0p2_nx_201_mode_1,7,on,u,1.0,0.2,201,1,0.2,completed,completed,0.2,u,6.20326237044111e-10,9.717540151330132e-10,1.5222729743413765e-09,0.0,0.0,0.0
run_0122,visc_on_sensor_u_beta_1_cfl_0p2_nx_201_mode_1,7,on,u,1.0,0.2,201,1,0.2,completed,completed,0.2,p,3.0361117742128135e-09,4.756132548967327e-09,7.450581041013038e-09,0.0,0.0,0.0
run_0123,visc_on_sensor_u_beta_1_cfl_0p2_nx_501_mode_1,7,on,u,1.0,0.2,501,1,0.2,completed,completed,0.2,rho,0.11883877417773979,0.4865217792425887,5.537301571839799,32.0079108028,0.0,2.4301593952000005
run_0123,visc_on_sensor_u_beta_1_cfl_0p2_nx_501_mode_1,7,on,u,1.0,0.2,501,1,0.2,completed,completed,0.2,u,6.165205546082575e-10,9.687685886764224e-10,1.5222729743413765e-09,0.0,0.0,0.0
run_0123,visc_on_sensor_u_beta_1_cfl_0p2_nx_501_mode_1,7,on,u,1.0,0.2,501,1,0.2,completed,completed,0.2,p,3.0174853216102807e-09,4.7415207400922215e-09,7.450581041013038e-09,0.0,0.0,0.0
run_0124,visc_on_sensor_u_beta_1_cfl_0p2_nx_1001_mode_1,7,on,u,1.0,0.2,1001,1,0.2,completed,completed,0.2,rho,0.07720606442345995,0.38898929970367185,5.634721339039799,34.37337814760001,0.0,2.4212164633000004
run_0124,visc_on_sensor_u_beta_1_cfl_0p2_nx_1001_mode_1,7,on,u,1.0,0.2,1001,1,0.2,completed,completed,0.2,u,6.172816910954282e-10,9.693664095223808e-10,1.5222729743413765e-09,0.0,0.0,0.0
run_0124,visc_on_sensor_u_beta_1_cfl_0p2_nx_1001_mode_1,7,on,u,1.0,0.2,1001,1,0.2,completed,completed,0.2,p,3.0212106121307873e-09,4.744446701950506e-09,7.450581041013038e-09,0.0,0.0,0.0
run_0125,visc_on_sensor_u_beta_1_cfl_0p5_nx_101_mode_1,7,on,u,1.0,0.5,101,1,0.2,completed,completed,0.2,rho,0.261481902158022,0.768160107766978,5.128244443539799,20.363859489800014,0.0,2.1834929480999996
run_0125,visc_on_sensor_u_beta_1_cfl_0p5_nx_101_mode_1,7,on,u,1.0,0.5,101,1,0.2,completed,completed,0.2,u,6.165205546082575e-10,9.687685886764224e-10,1.5222729743413765e-09,0.0,0.0,0.0
run_0125,visc_on_sensor_u_beta_1_cfl_0p5_nx_101_mode_1,7,on,u,1.0,0.5,101,1,0.2,completed,completed,0.2,p,3.0174853216102807e-09,4.7415207400922215e-09,7.450581041013038e-09,0.0,0.0,0.0
run_0126,visc_on_sensor_u_beta_1_cfl_0p5_nx_201_mode_1,7,on,u,1.0,0.5,201,1,0.2,completed,completed,0.2,rho,0.16917454993041947,0.6179214274774976,5.316331581039798,21.329143662999986,0.0,2.2410012472
run_0126,visc_on_sensor_u_beta_1_cfl_0p5_nx_201_mode_1,7,on,u,1.0,0.5,201,1,0.2,completed,completed,0.2,u,6.20326237044111e-10,9.717540151330132e-10,1.5222729743413765e-09,0.0,0.0,0.0
run_0126,visc_on_sensor_u_beta_1_cfl_0p5_nx_201_mode_1,7,on,u,1.0,0.5,201,1,0.2,completed,completed,0.2,p,3.0361117742128135e-09,4.756132548967327e-09,7.450581041013038e-09,0.0,0.0,0.0
run_0127,visc_on_sensor_u_beta_1_cfl_0p5_nx_501_mode_1,7,on,u,1.0,0.5,501,1,0.2,completed,completed,0.2,rho,0.09725142702878059,0.4628068670334053,5.5024953697397985,23.332153804600004,0.0,2.3194428586000004
run_0127,visc_on_sensor_u_beta_1_cfl_0p5_nx_501_mode_1,7,on,u,1.0,0.5,501,1,0.2,completed,completed,0.2,u,6.165205546082575e-10,9.687685886764224e-10,1.5222729743413765e-09,0.0,0.0,0.0
run_0127,visc_on_sensor_u_beta_1_cfl_0p5_nx_501_mode_1,7,on,u,1.0,0.5,501,1,0.2,completed,completed,0.2,p,3.0174853216102807e-09,4.7415207400922215e-09,7.450581041013038e-09,0.0,0.0,0.0
run_0128,visc_on_sensor_u_beta_1_cfl_0p5_nx_1001_mode_1,7,on,u,1.0,0.5,1001,1,0.2,completed,completed,0.2,rho,0.06389320760931914,0.37153215315996835,5.607997382639799,24.934655721000002,0.0,2.3431512990000005
run_0128,visc_on_sensor_u_beta_1_cfl_0p5_nx_1001_mode_1,7,on,u,1.0,0.5,1001,1,0.2,completed,completed,0.2,u,6.172816910954282e-10,9.693664095223808e-10,1.5222729743413765e-09,0.0,0.0,0.0
run_0128,visc_on_sensor_u_beta_1_cfl_0p5_nx_1001_mode_1,7,on,u,1.0,0.5,1001,1,0.2,completed,completed,0.2,p,3.0212106121307873e-09,4.744446701950506e-09,7.450581041013038e-09,0.0,0.0,0.0
run_0129,visc_on_sensor_u_beta_1_cfl_0p8_nx_101_mode_1,7,on,u,1.0,0.8,101,1,0.2,completed,completed,0.2,rho,0.2290986364120219,0.7318658398865947,5.050371811639799,17.3093538718,0.0,2.061950724800001
run_0129,visc_on_sensor_u_beta_1_cfl_0p8_nx_101_mode_1,7,on,u,1.0,0.8,101,1,0.2,completed,completed,0.2,u,6.165205546082575e-10,9.687685886764224e-10,1.5222729743413765e-09,0.0,0.0,0.0
run_0129,visc_on_sensor_u_beta_1_cfl_0p8_nx_101_mode_1,7,on,u,1.0,0.8,101,1,0.2,completed,completed,0.2,p,3.0174853216102807e-09,4.7415207400922215e-09,7.450581041013038e-09,0.0,0.0,0.0
run_0130,visc_on_sensor_u_beta_1_cfl_0p8_nx_201_mode_1,7,on,u,1.0,0.8,201,1,0.2,completed,completed,0.2,rho,0.14881039977602153,0.5913429232816294,5.257342159039799,18.233379483400007,0.0,2.047852066500001
run_0130,visc_on_sensor_u_beta_1_cfl_0p8_nx_201_mode_1,7,on,u,1.0,0.8,201,1,0.2,completed,completed,0.2,u,6.20326237044111e-10,9.717540151330132e-10,1.5222729743413765e-09,0.0,0.0,0.0
run_0130,visc_on_sensor_u_beta_1_cfl_0p8_nx_201_mode_1,7,on,u,1.0,0.8,201,1,0.2,completed,completed,0.2,p,3.0361117742128135e-09,4.756132548967327e-09,7.450581041013038e-09,0.0,0.0,0.0
run_0131,visc_on_sensor_u_beta_1_cfl_0p8_nx_501_mode_1,7,on,u,1.0,0.8,501,1,0.2,completed,completed,0.2,rho,0.08636640781113977,0.4448327607524648,5.461177654939799,19.862415703800007,0.0,2.1926995328000007
run_0131,visc_on_sensor_u_beta_1_cfl_0p8_nx_501_mode_1,7,on,u,1.0,0.8,501,1,0.2,completed,completed,0.2,u,6.165205546082575e-10,9.687685886764224e-10,1.5222729743413765e-09,0.0,0.0,0.0
run_0131,visc_on_sensor_u_beta_1_cfl_0p8_nx_501_mode_1,7,on,u,1.0,0.8,501,1,0.2,completed,completed,0.2,p,3.0174853216102807e-09,4.7415207400922215e-09,7.450581041013038e-09,0.0,0.0,0.0
run_0132,visc_on_sensor_u_beta_1_cfl_0p8_nx_1001_mode_1,7,on,u,1.0,0.8,1001,1,0.2,completed,completed,0.2,rho,0.05687094016779874,0.3580766489481269,5.576297056439799,21.337887572599993,0.0,2.2550583357999994
run_0132,visc_on_sensor_u_beta_1_cfl_0p8_nx_1001_mode_1,7,on,u,1.0,0.8,1001,1,0.2,completed,completed,0.2,u,6.172816910954282e-10,9.693664095223808e-10,1.5222729743413765e-09,0.0,0.0,0.0
run_0132,visc_on_sensor_u_beta_1_cfl_0p8_nx_1001_mode_1,7,on,u,1.0,0.8,1001,1,0.2,completed,completed,0.2,p,3.0212106121307873e-09,4.744446701950506e-09,7.450581041013038e-09,0.0,0.0,0.0
run_0133,visc_on_sensor_p_beta_1_cfl_0p2_nx_101_mode_1,7,on,p,1.0,0.2,101,1,0.2,completed,completed,0.2,rho,0.32535744483202195,0.8192628806643881,5.194200442039799,28.65618339880001,0.0,2.3084593829000006
run_0133,visc_on_sensor_p_beta_1_cfl_0p2_nx_101_mode_1,7,on,p,1.0,0.2,101,1,0.2,completed,completed,0.2,u,6.165205546082575e-10,9.687685886764224e-10,1.5222729743413765e-09,0.0,0.0,0.0
run_0133,visc_on_sensor_p_beta_1_cfl_0p2_nx_101_mode_1,7,on,p,1.0,0.2,101,1,0.2,completed,completed,0.2,p,3.0174853216102807e-09,4.7415207400922215e-09,7.450581041013038e-09,0.0,0.0,0.0
run_0134,visc_on_sensor_p_beta_1_cfl_0p2_nx_201_mode_1,7,on,p,1.0,0.2,201,1,0.2,completed,completed,0.2,rho,0.20903590118102153,0.6540961264488998,5.366193218239799,29.133974830000003,0.0,2.4117524368000005
run_0134,visc_on_sensor_p_beta_1_cfl_0p2_nx_201_mode_1,7,on,p,1.0,0.2,201,1,0.2,completed,completed,0.2,u,6.20326237044111e-10,9.717540151330132e-10,1.5222729743413765e-09,0.0,0.0,0.0
run_0134,visc_on_sensor_p_beta_1_cfl_0p2_nx_201_mode_1,7,on,p,1.0,0.2,201,1,0.2,completed,completed,0.2,p,3.0361117742128135e-09,4.756132548967327e-09,7.450581041013038e-09,0.0,0.0,0.0
run_0135,visc_on_sensor_p_beta_1_cfl_0p2_nx_501_mode_1,7,on,p,1.0,0.2,501,1,0.2,completed,completed,0.2,rho,0.1188387451273398,0.48652174613108673,5.537301541239799,32.00789761640002,0.0,2.4301592013000004
run_0135,visc_on_sensor_p_beta_1_cfl_0p2_nx_501_mode_1,7,on,p,1.0,0.2,501,1,0.2,completed,completed,0.2,u,6.165205546082575e-10,9.687685886764224e-10,1.5222729743413765e-09,0.0,0.0,0.0
run_0135,visc_on_sensor_p_beta_1_cfl_0p2_nx_501_mode_1,7,on,p,1.0,0.2,501,1,0.2,completed,completed,0.2,p,3.0174853216102807e-09,4.7415207400922215e-09,7.450581041013038e-09,0.0,0.0,0.0
run_0136,visc_on_sensor_p_beta_1_cfl_0p2_nx_1001_mode_1,7,on,p,1.0,0.2,1001,1,0.2,completed,completed,0.2,rho,0.07720603397675996,0.38898925869572737,5.634721273939799,34.37335532180002,0.0,2.4212161830000003
run_0136,visc_on_sensor_p_beta_1_cfl_0p2_nx_1001_mode_1,7,on,p,1.0,0.2,1001,1,0.2,completed,completed,0.2,u,6.172816910954282e-10,9.693664095223808e-10,1.5222729743413765e-09,0.0,0.0,0.0
run_0136,visc_on_sensor_p_beta_1_cfl_0p2_nx_1001_mode_1,7,on,p,1.0,0.2,1001,1,0.2,completed,completed,0.2,p,3.0212106121307873e-09,4.744446701950506e-09,7.450581041013038e-09,0.0,0.0,0.0
run_0137,visc_on_sensor_p_beta_1_cfl_0p5_nx_101_mode_1,7,on,p,1.0,0.5,101,1,0.2,completed,completed,0.2,rho,0.2614818980980219,0.7681601034008056,5.128244442839799,20.363859031400004,0.0,2.1834929078
run_0137,visc_on_sensor_p_beta_1_cfl_0p5_nx_101_mode_1,7,on,p,1.0,0.5,101,1,0.2,completed,completed,0.2,u,6.165205546082575e-10,9.687685886764224e-10,1.5222729743413765e-09,0.0,0.0,0.0
run_0137,visc_on_sensor_p_beta_1_cfl_0p5_nx_101_mode_1,7,on,p,1.0,0.5,101,1,0.2,completed,completed,0.2,p,3.0174853216102807e-09,4.7415207400922215e-09,7.450581041013038e-09,0.0,0.0,0.0
run_0138,visc_on_sensor_p_beta_1_cfl_0p5_nx_201_mode_1,7,on,p,1.0,0.5,201,1,0.2,completed,completed,0.2,rho,0.16917454569841947,0.6179214215671138,5.316331578639799,21.329142831399984,0.0,2.2410011792999995
run_0138,visc_on_sensor_p_beta_1_cfl_0p5_nx_201_mode_1,7,on,p,1.0,0.5,201,1,0.2,completed,completed,0.2,u,6.20326237044111e-10,9.717540151330132e-10,1.5222729743413765e-09,0.0,0.0,0.0
run_0138,visc_on_sensor_p_beta_1_cfl_0p5_nx_201_mode_1,7,on,p,1.0,0.5,201,1,0.2,completed,completed,0.2,p,3.0361117742128135e-09,4.756132548967327e-09,7.450581041013038e-09,0.0,0.0,0.0
run_0139,visc_on_sensor_p_beta_1_cfl_0p5_nx_501_mode_1,7,on,p,1.0,0.5,501,1,0.2,completed,completed,0.2,rho,0.09725142226898058,0.4628068593686302,5.502495360539799,23.332152038199993,0.0,2.3194427718000004
run_0139,visc_on_sensor_p_beta_1_cfl_0p5_nx_501_mode_1,7,on,p,1.0,0.5,501,1,0.2,completed,completed,0.2,u,6.165205546082575e-10,9.687685886764224e-10,1.5222729743413765e-09,0.0,0.0,0.0
run_0139,visc_on_sensor_p_beta_1_cfl_0p5_nx_501_mode_1,7,on,p,1.0,0.5,501,1,0.2,completed,completed,0.2,p,3.0174853216102807e-09,4.7415207400922215e-09,7.450581041013038e-09,0.0,0.0,0.0
run_0140,visc_on_sensor_p_beta_1_cfl_0p5_nx_1001_mode_1,7,on,p,1.0,0.5,1001,1,0.2,completed,completed,0.2,rho,0.06389320264651914,0.37153214377824406,5.607997367939799,24.934652779400004,0.0,2.3431511687000004
run_0140,visc_on_sensor_p_beta_1_cfl_0p5_nx_1001_mode_1,7,on,p,1.0,0.5,1001,1,0.2,completed,completed,0.2,u,6.172816910954282e-10,9.693664095223808e-10,1.5222729743413765e-09,0.0,0.0,0.0
run_0140,visc_on_sensor_p_beta_1_cfl_0p5_nx_1001_mode_1,7,on,p,1.0,0.5,1001,1,0.2,completed,completed,0.2,p,3.0212106121307873e-09,4.744446701950506e-09,7.450581041013038e-09,0.0,0.0,0.0
run_0141,visc_on_sensor_p_beta_1_cfl_0p8_nx_101_mode_1,7,on,p,1.0,0.8,101,1,0.2,completed,completed,0.2,rho,0.22909863562402188,0.7318658389669679,5.050371810339799,17.3093537784,0.0,2.0619507126
run_0141,visc_on_sensor_p_beta_1_cfl_0p8_nx_101_mode_1,7,on,p,1.0,0.8,101,1,0.2,completed,completed,0.2,u,6.165205546082575e-10,9.687685886764224e-10,1.5222729743413765e-09,0.0,0.0,0.0
run_0141,visc_on_sensor_p_beta_1_cfl_0p8_nx_101_mode_1,7,on,p,1.0,0.8,101,1,0.2,completed,completed,0.2,p,3.0174853216102807e-09,4.7415207400922215e-09,7.450581041013038e-09,0.0,0.0,0.0
run_0142,visc_on_sensor_p_beta_1_cfl_0p8_nx_201_mode_1,7,on,p,1.0,0.8,201,1,0.2,completed,completed,0.2,rho,0.14881039893952153,0.5913429219197677,5.257342156239798,18.2333793266,0.0,2.0478520503999995
run_0142,visc_on_sensor_p_beta_1_cfl_0p8_nx_201_mode_1,7,on,p,1.0,0.8,201,1,0.2,completed,completed,0.2,u,6.20326237044111e-10,9.717540151330132e-10,1.5222729743413765e-09,0.0,0.0,0.0
run_0142,visc_on_sensor_p_beta_1_cfl_0p8_nx_201_mode_1,7,on,p,1.0,0.8,201,1,0.2,completed,completed,0.2,p,3.0361117742128135e-09,4.756132548967327e-09,7.450581041013038e-09,0.0,0.0,0.0
run_0143,visc_on_sensor_p_beta_1_cfl_0p8_nx_501_mode_1,7,on,p,1.0,0.8,501,1,0.2,completed,completed,0.2,rho,0.08636640696353975,0.4448327592090048,5.461177652639798,19.8624154218,0.0,2.1926995081000005
run_0143,visc_on_sensor_p_beta_1_cfl_0p8_nx_501_mode_1,7,on,p,1.0,0.8,501,1,0.2,completed,completed,0.2,u,6.165205546082575e-10,9.687685886764224e-10,1.5222729743413765e-09,0.0,0.0,0.0
run_0143,visc_on_sensor_p_beta_1_cfl_0p8_nx_501_mode_1,7,on,p,1.0,0.8,501,1,0.2,completed,completed,0.2,p,3.0174853216102807e-09,4.7415207400922215e-09,7.450581041013038e-09,0.0,0.0,0.0
run_0144,visc_on_sensor_p_beta_1_cfl_0p8_nx_1001_mode_1,7,on,p,1.0,0.8,1001,1,0.2,completed,completed,0.2,rho,0.05687093928329874,0.35807664692641983,5.5762970516397985,21.337887078199994,0.0,2.2550583011
run_0144,visc_on_sensor_p_beta_1_cfl_0p8_nx_1001_mode_1,7,on,p,1.0,0.8,1001,1,0.2,completed,completed,0.2,u,6.172816910954282e-10,9.693664095223808e-10,1.5222729743413765e-09,0.0,0.0,0.0
run_0144,visc_on_sensor_p_beta_1_cfl_0p8_nx_1001_mode_1,7,on,p,1.0,0.8,1001,1,0.2,completed,completed,0.2,p,3.0212106121307873e-09,4.744446701950506e-09,7.450581041013038e-09,0.0,0.0,0.0
run_0145,visc_on_sensor_rho_beta_1p5_cfl_0p2_nx_101_mode_1,7,on,rho,1.5,0.2,101,1,0.2,completed,completed,0.2,rho,0.2863423732432059,0.85996090025146,4.577697351439799,8.999999905200003,0.0,4.8200000435372203e-08
run_0145,visc_on_sensor_rho_beta_1p5_cfl_0p2_nx_101_mode_1,7,on,rho,1.5,0.2,101,1,0.2,completed,completed,0.2,u,6.165205546082575e-10,9.687685886764224e-10,1.5222729743413765e-09,0.0,0.0,0.0
run_0145,visc_on_sensor_rho_beta_1p5_cfl_0p2_nx_101_mode_1,7,on,rho,1.5,0.2,101,1,0.2,completed,completed,0.2,p,3.0174853216102807e-09,4.7415207400922215e-09,7.450581041013038e-09,0.0,0.0,0.0
run_0146,visc_on_sensor_rho_beta_1p5_cfl_0p2_nx_201_mode_1,7,on,rho,1.5,0.2,201,1,0.2,completed,completed,0.2,rho,0.1813884475045014,0.6854266758401398,4.681031194339798,9.000000281600006,0.0,6.049999967672193e-08
run_0146,visc_on_sensor_rho_beta_1p5_cfl_0p2_nx_201_mode_1,7,on,rho,1.5,0.2,201,1,0.2,completed,completed,0.2,u,6.20326237044111e-10,9.717540151330132e-10,1.5222729743413765e-09,0.0,0.0,0.0
run_0146,visc_on_sensor_rho_beta_1p5_cfl_0p2_nx_201_mode_1,7,on,rho,1.5,0.2,201,1,0.2,completed,completed,0.2,p,3.0361117742128135e-09,4.756132548967327e-09,7.450581041013038e-09,0.0,0.0,0.0
run_0147,visc_on_sensor_rho_beta_1p5_cfl_0p2_nx_501_mode_1,7,on,rho,1.5,0.2,501,1,0.2,completed,completed,0.2,rho,0.09891227134280521,0.5067373176919381,4.784725420239798,9.000000418000003,0.0,7.969999948898021e-08
run_0147,visc_on_sensor_rho_beta_1p5_cfl_0p2_nx_501_mode_1,7,on,rho,1.5,0.2,501,1,0.2,completed,completed,0.2,u,6.165205546082575e-10,9.687685886764224e-10,1.5222729743413765e-09,0.0,0.0,0.0
run_0147,visc_on_sensor_rho_beta_1p5_cfl_0p2_nx_501_mode_1,7,on,rho,1.5,0.2,501,1,0.2,completed,completed,0.2,p,3.0174853216102807e-09,4.7415207400922215e-09,7.450581041013038e-09,0.0,0.0,0.0
run_0148,visc_on_sensor_rho_beta_1p5_cfl_0p2_nx_1001_mode_1,7,on,rho,1.5,0.2,1001,1,0.2,completed,completed,0.2,rho,0.062437290480478476,0.4028241871711597,4.844317220939799,9.00000054200001,0.0,1.0209999956600768e-07
run_0148,visc_on_sensor_rho_beta_1p5_cfl_0p2_nx_1001_mode_1,7,on,rho,1.5,0.2,1001,1,0.2,completed,completed,0.2,u,6.172816910954282e-10,9.693664095223808e-10,1.5222729743413765e-09,0.0,0.0,0.0
run_0148,visc_on_sensor_rho_beta_1p5_cfl_0p2_nx_1001_mode_1,7,on,rho,1.5,0.2,1001,1,0.2,completed,completed,0.2,p,3.0212106121307873e-09,4.744446701950506e-09,7.450581041013038e-09,0.0,0.0,0.0
run_0149,visc_on_sensor_rho_beta_1p5_cfl_0p5_nx_101_mode_1,7,on,rho,1.5,0.5,101,1,0.2,completed,completed,0.2,rho,0.24869048524070586,0.808934993153077,4.617196810839799,9.000000499100002,0.0,1.5430000033234137e-07
run_0149,visc_on_sensor_rho_beta_1p5_cfl_0p5_nx_101_mode_1,7,on,rho,1.5,0.5,101,1,0.2,completed,completed,0.2,u,6.165205546082575e-10,9.687685886764224e-10,1.5222729743413765e-09,0.0,0.0,0.0
run_0149,visc_on_sensor_rho_beta_1p5_cfl_0p5_nx_101_mode_1,7,on,rho,1.5,0.5,101,1,0.2,completed,completed,0.2,p,3.0174853216102807e-09,4.7415207400922215e-09,7.450581041013038e-09,0.0,0.0,0.0
run_0150,visc_on_sensor_rho_beta_1p5_cfl_0p5_nx_201_mode_1,7,on,rho,1.5,0.5,201,1,0.2,completed,completed,0.2,rho,0.15775793476000136,0.6457447100079385,4.746137473939799,9.000000514800004,0.0,1.5100000005929815e-07
run_0150,visc_on_sensor_rho_beta_1p5_cfl_0p5_nx_201_mode_1,7,on,rho,1.5,0.5,201,1,0.2,completed,completed,0.2,u,6.20326237044111e-10,9.717540151330132e-10,1.5222729743413765e-09,0.0,0.0,0.0
run_0150,visc_on_sensor_rho_beta_1p5_cfl_0p5_nx_201_mode_1,7,on,rho,1.5,0.5,201,1,0.2,completed,completed,0.2,p,3.0361117742128135e-09,4.756132548967327e-09,7.450581041013038e-09,0.0,0.0,0.0
run_0151,visc_on_sensor_rho_beta_1p5_cfl_0p5_nx_501_mode_1,7,on,rho,1.5,0.5,501,1,0.2,completed,completed,0.2,rho,0.08614065907989087,0.4781508184032914,4.876224103739799,9.000000681200003,0.0,1.7750000047556114e-07
run_0151,visc_on_sensor_rho_beta_1p5_cfl_0p5_nx_501_mode_1,7,on,rho,1.5,0.5,501,1,0.2,completed,completed,0.2,u,6.165205546082575e-10,9.687685886764224e-10,1.5222729743413765e-09,0.0,0.0,0.0
run_0151,visc_on_sensor_rho_beta_1p5_cfl_0p5_nx_501_mode_1,7,on,rho,1.5,0.5,501,1,0.2,completed,completed,0.2,p,3.0174853216102807e-09,4.7415207400922215e-09,7.450581041013038e-09,0.0,0.0,0.0
run_0152,visc_on_sensor_rho_beta_1p5_cfl_0p5_nx_1001_mode_1,7,on,rho,1.5,0.5,1001,1,0.2,completed,completed,0.2,rho,0.05441365243044172,0.3804499492922665,4.951408093839799,9.000000851400006,0.0,2.0090000063532898e-07
run_0152,visc_on_sensor_rho_beta_1p5_cfl_0p5_nx_1001_mode_1,7,on,rho,1.5,0.5,1001,1,0.2,completed,completed,0.2,u,6.172816910954282e-10,9.693664095223808e-10,1.5222729743413765e-09,0.0,0.0,0.0
run_0152,visc_on_sensor_rho_beta_1p5_cfl_0p5_nx_1001_mode_1,7,on,rho,1.5,0.5,1001,1,0.2,completed,completed,0.2,p,3.0212106121307873e-09,4.744446701950506e-09,7.450581041013038e-09,0.0,0.0,0.0
run_0153,visc_on_sensor_rho_beta_1p5_cfl_0p8_nx_101_mode_1,7,on,rho,1.5,0.8,101,1,0.2,completed,completed,0.2,rho,0.19571520796402186,0.7394032980666856,4.786270273639799,9.0483514294,0.0,0.02372217980000002
run_0153,visc_on_sensor_rho_beta_1p5_cfl_0p8_nx_101_mode_1,7,on,rho,1.5,0.8,101,1,0.2,completed,completed,0.2,u,6.165205546082575e-10,9.687685886764224e-10,1.5222729743413765e-09,0.0,0.0,0.0
run_0153,visc_on_sensor_rho_beta_1p5_cfl_0p8_nx_101_mode_1,7,on,rho,1.5,0.8,101,1,0.2,completed,completed,0.2,p,3.0174853216102807e-09,4.7415207400922215e-09,7.450581041013038e-09,0.0,0.0,0.0
run_0154,visc_on_sensor_rho_beta_1p5_cfl_0p8_nx_201_mode_1,7,on,rho,1.5,0.8,201,1,0.2,completed,completed,0.2,rho,0.12474564861671539,0.5930227960587346,4.955913828139799,9.020070728399997,0.0,0.009909049999999198
run_0154,visc_on_sensor_rho_beta_1p5_cfl_0p8_nx_201_mode_1,7,on,rho,1.5,0.8,201,1,0.2,completed,completed,0.2,u,6.20326237044111e-10,9.717540151330132e-10,1.5222729743413765e-09,0.0,0.0,0.0
run_0154,visc_on_sensor_rho_beta_1p5_cfl_0p8_nx_201_mode_1,7,on,rho,1.5,0.8,201,1,0.2,completed,completed,0.2,p,3.0361117742128135e-09,4.756132548967327e-09,7.450581041013038e-09,0.0,0.0,0.0
run_0155,visc_on_sensor_rho_beta_1p5_cfl_0p8_nx_501_mode_1,7,on,rho,1.5,0.8,501,1,0.2,completed,completed,0.2,rho,0.06842817186246217,0.44120045790820855,5.129708995839799,9.004544491399997,0.0,0.002257354199999284
run_0155,visc_on_sensor_rho_beta_1p5_cfl_0p8_nx_501_mode_1,7,on,rho,1.5,0.8,501,1,0.2,completed,completed,0.2,u,6.165205546082575e-10,9.687685886764224e-10,1.5222729743413765e-09,0.0,0.0,0.0
run_0155,visc_on_sensor_rho_beta_1p5_cfl_0p8_nx_501_mode_1,7,on,rho,1.5,0.8,501,1,0.2,completed,completed,0.2,p,3.0174853216102807e-09,4.7415207400922215e-09,7.450581041013038e-09,0.0,0.0,0.0
run_0156,visc_on_sensor_rho_beta_1p5_cfl_0p8_nx_1001_mode_1,7,on,rho,1.5,0.8,1001,1,0.2,completed,completed,0.2,rho,0.04336372138910899,0.35210917332487585,5.231030877939799,9.001123767400003,0.0,0.0005578110000001857
run_0156,visc_on_sensor_rho_beta_1p5_cfl_0p8_nx_1001_mode_1,7,on,rho,1.5,0.8,1001,1,0.2,completed,completed,0.2,u,6.172816910954282e-10,9.693664095223808e-10,1.5222729743413765e-09,0.0,0.0,0.0
run_0156,visc_on_sensor_rho_beta_1p5_cfl_0p8_nx_1001_mode_1,7,on,rho,1.5,0.8,1001,1,0.2,completed,completed,0.2,p,3.0212106121307873e-09,4.744446701950506e-09,7.450581041013038e-09,0.0,0.0,0.0
run_0157,visc_on_sensor_u_beta_1p5_cfl_0p2_nx_101_mode_1,7,on,u,1.5,0.2,101,1,0.2,completed,completed,0.2,rho,0.32535746825902195,0.819262902921412,5.1942004372397985,28.656186744600003,0.0,2.308459470700001
run_0157,visc_on_sensor_u_beta_1p5_cfl_0p2_nx_101_mode_1,7,on,u,1.5,0.2,101,1,0.2,completed,completed,0.2,u,6.165205546082575e-10,9.687685886764224e-10,1.5222729743413765e-09,0.0,0.0,0.0
run_0157,visc_on_sensor_u_beta_1p5_cfl_0p2_nx_101_mode_1,7,on,u,1.5,0.2,101,1,0.2,completed,completed,0.2,p,3.0174853216102807e-09,4.7415207400922215e-09,7.450581041013038e-09,0.0,0.0,0.0
run_0158,visc_on_sensor_u_beta_1p5_cfl_0p2_nx_201_mode_1,7,on,u,1.5,0.2,201,1,0.2,completed,completed,0.2,rho,0.20903592778552152,0.6540961507479558,5.366193228339799,29.133980674199996,0.0,2.411752549099999
run_0158,visc_on_sensor_u_beta_1p5_cfl_0p2_nx_201_mode_1,7,on,u,1.5,0.2,201,1,0.2,completed,completed,0.2,u,6.20326237044111e-10,9.717540151330132e-10,1.5222729743413765e-09,0.0,0.0,0.0
run_0158,visc_on_sensor_u_beta_1p5_cfl_0p2_nx_201_mode_1,7,on,u,1.5,0.2,201,1,0.2,completed,completed,0.2,p,3.0361117742128135e-09,4.756132548967327e-09,7.450581041013038e-09,0.0,0.0,0.0
run_0159,visc_on_sensor_u_beta_1p5_cfl_0p2_nx_501_mode_1,7,on,u,1.5,0.2,501,1,0.2,completed,completed,0.2,rho,0.11883877090393981,0.486521775309453,5.537301560939799,32.00790931900001,0.0,2.4301593841999996
run_0159,visc_on_sensor_u_beta_1p5_cfl_0p2_nx_501_mode_1,7,on,u,1.5,0.2,501,1,0.2,completed,completed,0.2,u,6.165205546082575e-10,9.687685886764224e-10,1.5222729743413765e-09,0.0,0.0,0.0
run_0159,visc_on_sensor_u_beta_1p5_cfl_0p2_nx_501_mode_1,7,on,u,1.5,0.2,501,1,0.2,completed,completed,0.2,p,3.0174853216102807e-09,4.7415207400922215e-09,7.450581041013038e-09,0.0,0.0,0.0
run_0160,visc_on_sensor_u_beta_1p5_cfl_0p2_nx_1001_mode_1,7,on,u,1.5,0.2,1001,1,0.2,completed,completed,0.2,rho,0.07720606021555994,0.3889892935569823,5.634721321539799,34.3733750336,0.0,2.4212164394
run_0160,visc_on_sensor_u_beta_1p5_cfl_0p2_nx_1001_mode_1,7,on,u,1.5,0.2,1001,1,0.2,completed,completed,0.2,u,6.172816910954282e-10,9.693664095223808e-10,1.5222729743413765e-09,0.0,0.0,0.0
run_0160,visc_on_sensor_u_beta_1p5_cfl_0p2_nx_1001_mode_1,7,on,u,1.5,0.2,1001,1,0.2,completed,completed,0.2,p,3.0212106121307873e-09,4.744446701950506e-09,7.450581041013038e-09,0.0,0.0,0.0
run_0161,visc_on_sensor_u_beta_1p5_cfl_0p5_nx_101_mode_1,7,on,u,1.5,0.5,101,1,0.2,completed,completed,0.2,rho,0.26148190160402196,0.7681601071033448,5.128244442339799,20.363859421000015,0.0,2.183492943299999
run_0161,visc_on_sensor_u_beta_1p5_cfl_0p5_nx_101_mode_1,7,on,u,1.5,0.5,101,1,0.2,completed,completed,0.2,u,6.165205546082575e-10,9.687685886764224e-10,1.5222729743413765e-09,0.0,0.0,0.0
run_0161,visc_on_sensor_u_beta_1p5_cfl_0p5_nx_101_mode_1,7,on,u,1.5,0.5,101,1,0.2,completed,completed,0.2,p,3.0174853216102807e-09,4.7415207400922215e-09,7.450581041013038e-09,0.0,0.0,0.0
run_0162,visc_on_sensor_u_beta_1p5_cfl_0p5_nx_201_mode_1,7,on,u,1.5,0.5,201,1,0.2,completed,completed,0.2,rho,0.16917454927041947,0.6179214266711816,5.316331579839799,21.329143525799992,0.0,2.2410012399999992
run_0162,visc_on_sensor_u_beta_1p5_cfl_0p5_nx_201_mode_1,7,on,u,1.5,0.5,201,1,0.2,completed,completed,0.2,u,6.20326237044111e-10,9.717540151330132e-10,1.5222729743413765e-09,0.0,0.0,0.0
run_0162,visc_on_sensor_u_beta_1p5_cfl_0p5_nx_201_mode_1,7,on,u,1.5,0.5,201,1,0.2,completed,completed,0.2,p,3.0361117742128135e-09,4.756132548967327e-09,7.450581041013038e-09,0.0,0.0,0.0
run_0163,visc_on_sensor_u_beta_1p5_cfl_0p5_nx_501_mode_1,7,on,u,1.5,0.5,501,1,0.2,completed,completed,0.2,rho,0.09725142646978059,0.4628068661583226,5.502495366839799,23.332153584000004,0.0,2.3194428504999998
run_0163,visc_on_sensor_u_beta_1p5_cfl_0p5_nx_501_mode_1,7,on,u,1.5,0.5,501,1,0.2,completed,completed,0.2,u,6.165205546082575e-10,9.687685886764224e-10,1.5222729743413765e-09,0.0,0.0,0.0
run_0163,visc_on_sensor_u_beta_1p5_cfl_0p5_nx_501_mode_1,7,on,u,1.5,0.5,501,1,0.2,completed,completed,0.2,p,3.0174853216102807e-09,4.7415207400922215e-09,7.450581041013038e-09,0.0,0.0,0.0
run_0164,visc_on_sensor_u_beta_1p5_cfl_0p5_nx_1001_mode_1,7,on,u,1.5,0.5,1001,1,0.2,completed,completed,0.2,rho,0.06389320703281914,0.37153215204038137,5.607997377139799,24.934655370199998,0.0,2.3431512878999996
run_0164,visc_on_sensor_u_beta_1p5_cfl_0p5_nx_1001_mode_1,7,on,u,1.5,0.5,1001,1,0.2,completed,completed,0.2,u,6.172816910954282e-10,9.693664095223808e-10,1.5222729743413765e-09,0.0,0.0,0.0
run_0164,visc_on_sensor_u_beta_1p5_cfl_0p5_nx_1001_mode_1,7,on,u,1.5,0.5,1001,1,0.2,completed,completed,0.2,p,3.0212106121307873e-09,4.744446701950506e-09,7.450581041013038e-09,0.0,0.0,0.0
run_0165,visc_on_sensor_u_beta_1p5_cfl_0p8_nx_101_mode_1,7,on,u,1.5,0.8,101,1,0.2,completed,completed,0.2,rho,0.2290986363200219,0.7318658397582037,5.050371811139799,17.309353859799998,0.0,2.0619507232000007
run_0165,visc_on_sensor_u_beta_1p5_cfl_0p8_nx_101_mode_1,7,on,u,1.5,0.8,101,1,0.2,completed,completed,0.2,u,6.165205546082575e-10,9.687685886764224e-10,1.5222729743413765e-09,0.0,0.0,0.0
run_0165,visc_on_sensor_u_beta_1p5_cfl_0p8_nx_101_mode_1,7,on,u,1.5,0.8,101,1,0.2,completed,completed,0.2,p,3.0174853216102807e-09,4.7415207400922215e-09,7.450581041013038e-09,0.0,0.0,0.0
run_0166,visc_on_sensor_u_beta_1p5_cfl_0p8_nx_201_mode_1,7,on,u,1.5,0.8,201,1,0.2,completed,completed,0.2,rho,0.14881039965602152,0.5913429230750149,5.2573421575397985,18.233379460800005,0.0,2.0478520654000008
run_0166,visc_on_sensor_u_beta_1p5_cfl_0p8_nx_201_mode_1,7,on,u,1.5,0.8,201,1,0.2,completed,completed,0.2,u,6.20326237044111e-10,9.717540151330132e-10,1.5222729743413765e-09,0.0,0.0,0.0
run_0166,visc_on_sensor_u_beta_1p5_cfl_0p8_nx_201_mode_1,7,on,u,1.5,0.8,201,1,0.2,completed,completed,0.2,p,3.0361117742128135e-09,4.756132548967327e-09,7.450581041013038e-09,0.0,0.0,0.0
run_0167,visc_on_sensor_u_beta_1p5_cfl_0p8_nx_501_mode_1,7,on,u,1.5,0.8,501,1,0.2,completed,completed,0.2,rho,0.08636640769953977,0.4448327605370221,5.4611776537397985,19.86241566420001,0.0,2.1926995300000005
run_0167,visc_on_sensor_u_beta_1p5_cfl_0p8_nx_501_mode_1,7,on,u,1.5,0.8,501,1,0.2,completed,completed,0.2,u,6.165205546082575e-10,9.687685886764224e-10,1.5222729743413765e-09,0.0,0.0,0.0
run_0167,visc_on_sensor_u_beta_1p5_cfl_0p8_nx_501_mode_1,7,on,u,1.5,0.8,501,1,0.2,completed,completed,0.2,p,3.0174853216102807e-09,4.7415207400922215e-09,7.450581041013038e-09,0.0,0.0,0.0
run_0168,visc_on_sensor_u_beta_1p5_cfl_0p8_nx_1001_mode_1,7,on,u,1.5,0.8,1001,1,0.2,completed,completed,0.2,rho,0.056870940072498745,0.35807664869052697,5.576297054339799,21.337887517,0.0,2.255058332200001
run_0168,visc_on_sensor_u_beta_1p5_cfl_0p8_nx_1001_mode_1,7,on,u,1.5,0.8,1001,1,0.2,completed,completed,0.2,u,6.172816910954282e-10,9.693664095223808e-10,1.5222729743413765e-09,0.0,0.0,0.0
run_0168,visc_on_sensor_u_beta_1p5_cfl_0p8_nx_1001_mode_1,7,on,u,1.5,0.8,1001,1,0.2,completed,completed,0.2,p,3.0212106121307873e-09,4.744446701950506e-09,7.450581041013038e-09,0.0,0.0,0.0
run_0169,visc_on_sensor_p_beta_1p5_cfl_0p2_nx_101_mode_1,7,on,p,1.5,0.2,101,1,0.2,completed,completed,0.2,rho,0.325357429097022,0.8192628713455131,5.1942004366397985,28.656181409200013,0.0,2.3084593363000003
run_0169,visc_on_sensor_p_beta_1p5_cfl_0p2_nx_101_mode_1,7,on,p,1.5,0.2,101,1,0.2,completed,completed,0.2,u,6.165205546082575e-10,9.687685886764224e-10,1.5222729743413765e-09,0.0,0.0,0.0
run_0169,visc_on_sensor_p_beta_1p5_cfl_0p2_nx_101_mode_1,7,on,p,1.5,0.2,101,1,0.2,completed,completed,0.2,p,3.0174853216102807e-09,4.7415207400922215e-09,7.450581041013038e-09,0.0,0.0,0.0
run_0170,visc_on_sensor_p_beta_1p5_cfl_0p2_nx_201_mode_1,7,on,p,1.5,0.2,201,1,0.2,completed,completed,0.2,rho,0.2090358914375215,0.6540961159529262,5.366193209439799,29.13397216060001,0.0,2.4117523518000006
run_0170,visc_on_sensor_p_beta_1p5_cfl_0p2_nx_201_mode_1,7,on,p,1.5,0.2,201,1,0.2,completed,completed,0.2,u,6.20326237044111e-10,9.717540151330132e-10,1.5222729743413765e-09,0.0,0.0,0.0
run_0170,visc_on_sensor_p_beta_1p5_cfl_0p2_nx_201_mode_1,7,on,p,1.5,0.2,201,1,0.2,completed,completed,0.2,p,3.0361117742128135e-09,4.756132548967327e-09,7.450581041013038e-09,0.0,0.0,0.0
run_0171,visc_on_sensor_p_beta_1p5_cfl_0p2_nx_501_mode_1,7,on,p,1.5,0.2,501,1,0.2,completed,completed,0.2,rho,0.11883872626573981,0.48652172531725235,5.537301516839799,32.00788878800002,0.0,2.4301590308000005
run_0171,visc_on_sensor_p_beta_1p5_cfl_0p2_nx_501_mode_1,7,on,p,1.5,0.2,501,1,0.2,completed,completed,0.2,u,6.165205546082575e-10,9.687685886764224e-10,1.5222729743413765e-09,0.0,0.0,0.0
run_0171,visc_on_sensor_p_beta_1p5_cfl_0p2_nx_501_mode_1,7,on,p,1.5,0.2,501,1,0.2,completed,completed,0.2,p,3.0174853216102807e-09,4.7415207400922215e-09,7.450581041013038e-09,0.0,0.0,0.0
run_0172,visc_on_sensor_p_beta_1p5_cfl_0p2_nx_1001_mode_1,7,on,p,1.5,0.2,1001,1,0.2,completed,completed,0.2,rho,0.07720601583155993,0.3889892317139854,5.634721247239799,34.37334201979999,0.0,2.4212159069000005
run_0172,visc_on_sensor_p_beta_1p5_cfl_0p2_nx_1001_mode_1,7,on,p,1.5,0.2,1001,1,0.2,completed,completed,0.2,u,6.172816910954282e-10,9.693664095223808e-10,1.5222729743413765e-09,0.0,0.0,0.0
run_0172,visc_on_sensor_p_beta_1p5_cfl_0p2_nx_1001_mode_1,7,on,p,1.5,0.2,1001,1,0.2,completed,completed,0.2,p,3.0212106121307873e-09,4.744446701950506e-09,7.450581041013038e-09,0.0,0.0,0.0
run_0173,visc_on_sensor_p_beta_1p5_cfl_0p5_nx_101_mode_1,7,on,p,1.5,0.5,101,1,0.2,completed,completed,0.2,rho,0.26148189560802193,0.7681601008369587,5.128244438539799,20.363858728000004,0.0,2.1834928852999997
run_0173,visc_on_sensor_p_beta_1p5_cfl_0p5_nx_101_mode_1,7,on,p,1.5,0.5,101,1,0.2,completed,completed,0.2,u,6.165205546082575e-10,9.687685886764224e-10,1.5222729743413765e-09,0.0,0.0,0.0
run_0173,visc_on_sensor_p_beta_1p5_cfl_0p5_nx_101_mode_1,7,on,p,1.5,0.5,101,1,0.2,completed,completed,0.2,p,3.0174853216102807e-09,4.7415207400922215e-09,7.450581041013038e-09,0.0,0.0,0.0
run_0174,visc_on_sensor_p_beta_1p5_cfl_0p5_nx_201_mode_1,7,on,p,1.5,0.5,201,1,0.2,completed,completed,0.2,rho,0.1691745420189195,0.6179214155741956,5.316331562539799,21.329142128399994,0.0,2.2410011257000004
run_0174,visc_on_sensor_p_beta_1p5_cfl_0p5_nx_201_mode_1,7,on,p,1.5,0.5,201,1,0.2,completed,completed,0.2,u,6.20326237044111e-10,9.717540151330132e-10,1.5222729743413765e-09,0.0,0.0,0.0
run_0174,visc_on_sensor_p_beta_1p5_cfl_0p5_nx_201_mode_1,7,on,p,1.5,0.5,201,1,0.2,completed,completed,0.2,p,3.0361117742128135e-09,4.756132548967327e-09,7.450581041013038e-09,0.0,0.0,0.0
run_0175,visc_on_sensor_p_beta_1p5_cfl_0p5_nx_501_mode_1,7,on,p,1.5,0.5,501,1,0.2,completed,completed,0.2,rho,0.09725141928878059,0.4628068536702769,5.502495351239799,23.332150935799994,0.0,2.319442692499999
run_0175,visc_on_sensor_p_beta_1p5_cfl_0p5_nx_501_mode_1,7,on,p,1.5,0.5,501,1,0.2,completed,completed,0.2,u,6.165205546082575e-10,9.687685886764224e-10,1.5222729743413765e-09,0.0,0.0,0.0
run_0175,visc_on_sensor_p_beta_1p5_cfl_0p5_nx_501_mode_1,7,on,p,1.5,0.5,501,1,0.2,completed,completed,0.2,p,3.0174853216102807e-09,4.7415207400922215e-09,7.450581041013038e-09,0.0,0.0,0.0
run_0176,visc_on_sensor_p_beta_1p5_cfl_0p5_nx_1001_mode_1,7,on,p,1.5,0.5,1001,1,0.2,completed,completed,0.2,rho,0.06389319944641914,0.3715321378698813,5.607997355139799,24.9346508786,0.0,2.3431511023000002
run_0176,visc_on_sensor_p_beta_1p5_cfl_0p5_nx_1001_mode_1,7,on,p,1.5,0.5,1001,1,0.2,completed,completed,0.2,u,6.172816910954282e-10,9.693664095223808e-10,1.5222729743413765e-09,0.0,0.0,0.0
run_0176,visc_on_sensor_p_beta_1p5_cfl_0p5_nx_1001_mode_1,7,on,p,1.5,0.5,1001,1,0.2,completed,completed,0.2,p,3.0212106121307873e-09,4.744446701950506e-09,7.450581041013038e-09,0.0,0.0,0.0
run_0177,visc_on_sensor_p_beta_1p5_cfl_0p8_nx_101_mode_1,7,on,p,1.5,0.8,101,1,0.2,completed,completed,0.2,rho,0.22909863544502185,0.7318658385924856,5.050371806339799,17.309353757399997,0.0,2.0619507129
run_0177,visc_on_sensor_p_beta_1p5_cfl_0p8_nx_101_mode_1,7,on,p,1.5,0.8,101,1,0.2,completed,completed,0.2,u,6.165205546082575e-10,9.687685886764224e-10,1.5222729743413765e-09,0.0,0.0,0.0
run_0177,visc_on_sensor_p_beta_1p5_cfl_0p8_nx_101_mode_1,7,on,p,1.5,0.8,101,1,0.2,completed,completed,0.2,p,3.0174853216102807e-09,4.7415207400922215e-09,7.450581041013038e-09,0.0,0.0,0.0
run_0178,visc_on_sensor_p_beta_1p5_cfl_0p8_nx_201_mode_1,7,on,p,1.5,0.8,201,1,0.2,completed,completed,0.2,rho,0.14881039846902153,0.5913429211265497,5.257342152139799,18.2333792356,0.0,2.0478520436000007
run_0178,visc_on_sensor_p_beta_1p5_cfl_0p8_nx_201_mode_1,7,on,p,1.5,0.8,201,1,0.2,completed,completed,0.2,u,6.20326237044111e-10,9.717540151330132e-10,1.5222729743413765e-09,0.0,0.0,0.0
run_0178,visc_on_sensor_p_beta_1p5_cfl_0p8_nx_201_mode_1,7,on,p,1.5,0.8,201,1,0.2,completed,completed,0.2,p,3.0361117742128135e-09,4.756132548967327e-09,7.450581041013038e-09,0.0,0.0,0.0
run_0179,visc_on_sensor_p_beta_1p5_cfl_0p8_nx_501_mode_1,7,on,p,1.5,0.8,501,1,0.2,completed,completed,0.2,rho,0.08636640642953976,0.4448327581216184,5.461177647839799,19.8624152498,0.0,2.1926994929999992
run_0179,visc_on_sensor_p_beta_1p5_cfl_0p8_nx_501_mode_1,7,on,p,1.5,0.8,501,1,0.2,completed,completed,0.2,u,6.165205546082575e-10,9.687685886764224e-10,1.5222729743413765e-09,0.0,0.0,0.0
run_0179,visc_on_sensor_p_beta_1p5_cfl_0p8_nx_501_mode_1,7,on,p,1.5,0.8,501,1,0.2,completed,completed,0.2,p,3.0174853216102807e-09,4.7415207400922215e-09,7.450581041013038e-09,0.0,0.0,0.0
run_0180,visc_on_sensor_p_beta_1p5_cfl_0p8_nx_1001_mode_1,7,on,p,1.5,0.8,1001,1,0.2,completed,completed,0.2,rho,0.056870938584998754,0.35807664525021526,5.576297046739799,21.337886690599994,0.0,2.2550582708999993
run_0180,visc_on_sensor_p_beta_1p5_cfl_0p8_nx_1001_mode_1,7,on,p,1.5,0.8,1001,1,0.2,completed,completed,0.2,u,6.172816910954282e-10,9.693664095223808e-10,1.5222729743413765e-09,0.0,0.0,0.0
run_0180,visc_on_sensor_p_beta_1p5_cfl_0p8_nx_1001_mode_1,7,on,p,1.5,0.8,1001,1,0.2,completed,completed,0.2,p,3.0212106121307873e-09,4.744446701950506e-09,7.450581041013038e-09,0.0,0.0,0.0
run_0181,visc_off_sensor_none_beta_0_cfl_0p2_nx_101_mode_1,7,off,none,0.0,0.2,101,1,0.2,completed,completed,0.2,rho,0.32535747479302196,0.8192629088610703,5.194200454039799,28.65618769940001,0.0,2.308459493200001
run_0181,visc_off_sensor_none_beta_0_cfl_0p2_nx_101_mode_1,7,off,none,0.0,0.2,101,1,0.2,completed,completed,0.2,u,6.165205546082575e-10,9.687685886764224e-10,1.5222729743413765e-09,0.0,0.0,0.0
run_0181,visc_off_sensor_none_beta_0_cfl_0p2_nx_101_mode_1,7,off,none,0.0,0.2,101,1,0.2,completed,completed,0.2,p,3.0174853216102807e-09,4.7415207400922215e-09,7.450581041013038e-09,0.0,0.0,0.0
run_0182,visc_off_sensor_none_beta_0_cfl_0p2_nx_201_mode_1,7,off,none,0.0,0.2,201,1,0.2,completed,completed,0.2,rho,0.20903593636652149,0.654096159615137,5.366193251839799,29.133982724599992,0.0,2.4117525850000003
run_0182,visc_off_sensor_none_beta_0_cfl_0p2_nx_201_mode_1,7,off,none,0.0,0.2,201,1,0.2,completed,completed,0.2,u,6.20326237044111e-10,9.717540151330132e-10,1.5222729743413765e-09,0.0,0.0,0.0
run_0182,visc_off_sensor_none_beta_0_cfl_0p2_nx_201_mode_1,7,off,none,0.0,0.2,201,1,0.2,completed,completed,0.2,p,3.0361117742128135e-09,4.756132548967327e-09,7.450581041013038e-09,0.0,0.0,0.0
run_0183,visc_off_sensor_none_beta_0_cfl_0p2_nx_501_mode_1,7,off,none,0.0,0.2,501,1,0.2,completed,completed,0.2,rho,0.1188387808011398,0.48652178752922487,5.537301597239799,32.0079138384,0.0,2.430159443000001
run_0183,visc_off_sensor_none_beta_0_cfl_0p2_nx_501_mode_1,7,off,none,0.0,0.2,501,1,0.2,completed,completed,0.2,u,6.165205546082575e-10,9.687685886764224e-10,1.5222729743413765e-09,0.0,0.0,0.0
run_0183,visc_off_sensor_none_beta_0_cfl_0p2_nx_501_mode_1,7,off,none,0.0,0.2,501,1,0.2,completed,completed,0.2,p,3.0174853216102807e-09,4.7415207400922215e-09,7.450581041013038e-09,0.0,0.0,0.0
run_0184,visc_off_sensor_none_beta_0_cfl_0p2_nx_1001_mode_1,7,off,none,0.0,0.2,1001,1,0.2,completed,completed,0.2,rho,0.07720607137895993,0.3889893099369232,5.634721376939798,34.373383374,0.0,2.421216533400001
run_0184,visc_off_sensor_none_beta_0_cfl_0p2_nx_1001_mode_1,7,off,none,0.0,0.2,1001,1,0.2,completed,completed,0.2,u,6.172816910954282e-10,9.693664095223808e-10,1.5222729743413765e-09,0.0,0.0,0.0
run_0184,visc_off_sensor_none_beta_0_cfl_0p2_nx_1001_mode_1,7,off,none,0.0,0.2,1001,1,0.2,completed,completed,0.2,p,3.0212106121307873e-09,4.744446701950506e-09,7.450581041013038e-09,0.0,0.0,0.0
run_0185,visc_off_sensor_none_beta_0_cfl_0p5_nx_101_mode_1,7,off,none,0.0,0.5,101,1,0.2,completed,completed,0.2,rho,0.261481903041022,0.7681601088285136,5.128244447639799,20.363859604000012,0.0,2.1834929543
run_0185,visc_off_sensor_none_beta_0_cfl_0p5_nx_101_mode_1,7,off,none,0.0,0.5,101,1,0.2,completed,completed,0.2,u,6.165205546082575e-10,9.687685886764224e-10,1.5222729743413765e-09,0.0,0.0,0.0
run_0185,visc_off_sensor_none_beta_0_cfl_0p5_nx_101_mode_1,7,off,none,0.0,0.5,101,1,0.2,completed,completed,0.2,p,3.0174853216102807e-09,4.7415207400922215e-09,7.450581041013038e-09,0.0,0.0,0.0
run_0186,visc_off_sensor_none_beta_0_cfl_0p5_nx_201_mode_1,7,off,none,0.0,0.5,201,1,0.2,completed,completed,0.2,rho,0.16917455085491948,0.6179214288483459,5.316331587639799,21.329143855999995,0.0,2.2410012560000006
run_0186,visc_off_sensor_none_beta_0_cfl_0p5_nx_201_mode_1,7,off,none,0.0,0.5,201,1,0.2,completed,completed,0.2,u,6.20326237044111e-10,9.717540151330132e-10,1.5222729743413765e-09,0.0,0.0,0.0
run_0186,visc_off_sensor_none_beta_0_cfl_0p5_nx_201_mode_1,7,off,none,0.0,0.5,201,1,0.2,completed,completed,0.2,p,3.0361117742128135e-09,4.756132548967327e-09,7.450581041013038e-09,0.0,0.0,0.0
run_0187,visc_off_sensor_none_beta_0_cfl_0p5_nx_501_mode_1,7,off,none,0.0,0.5,501,1,0.2,completed,completed,0.2,rho,0.0972514280367806,0.4628068689592441,5.502495379939798,23.332154191800004,0.0,2.3194428780000003
run_0187,visc_off_sensor_none_beta_0_cfl_0p5_nx_501_mode_1,7,off,none,0.0,0.5,501,1,0.2,completed,completed,0.2,u,6.165205546082575e-10,9.687685886764224e-10,1.5222729743413765e-09,0.0,0.0,0.0
run_0187,visc_off_sensor_none_beta_0_cfl_0p5_nx_501_mode_1,7,off,none,0.0,0.5,501,1,0.2,completed,completed,0.2,p,3.0174853216102807e-09,4.7415207400922215e-09,7.450581041013038e-09,0.0,0.0,0.0
run_0188,visc_off_sensor_none_beta_0_cfl_0p5_nx_1001_mode_1,7,off,none,0.0,0.5,1001,1,0.2,completed,completed,0.2,rho,0.06389320875071913,0.37153215563918135,5.6079973970397985,24.9346564064,0.0,2.3431513271999993
run_0188,visc_off_sensor_none_beta_0_cfl_0p5_nx_1001_mode_1,7,off,none,0.0,0.5,1001,1,0.2,completed,completed,0.2,u,6.172816910954282e-10,9.693664095223808e-10,1.5222729743413765e-09,0.0,0.0,0.0
run_0188,visc_off_sensor_none_beta_0_cfl_0p5_nx_1001_mode_1,7,off,none,0.0,0.5,1001,1,0.2,completed,completed,0.2,p,3.0212106121307873e-09,4.744446701950506e-09,7.450581041013038e-09,0.0,0.0,0.0
run_0189,visc_off_sensor_none_beta_0_cfl_0p8_nx_101_mode_1,7,off,none,0.0,0.8,101,1,0.2,completed,completed,0.2,rho,0.22909863654402185,0.7318658401082083,5.050371812939799,17.309353888599993,0.0,2.0619507267999992
run_0189,visc_off_sensor_none_beta_0_cfl_0p8_nx_101_mode_1,7,off,none,0.0,0.8,101,1,0.2,completed,completed,0.2,u,6.165205546082575e-10,9.687685886764224e-10,1.5222729743413765e-09,0.0,0.0,0.0
run_0189,visc_off_sensor_none_beta_0_cfl_0p8_nx_101_mode_1,7,off,none,0.0,0.8,101,1,0.2,completed,completed,0.2,p,3.0174853216102807e-09,4.7415207400922215e-09,7.450581041013038e-09,0.0,0.0,0.0
run_0190,visc_off_sensor_none_beta_0_cfl_0p8_nx_201_mode_1,7,off,none,0.0,0.8,201,1,0.2,completed,completed,0.2,rho,0.14881039993202153,0.5913429236242032,5.257342161039799,18.233379515600006,0.0,2.0478520700999994
run_0190,visc_off_sensor_none_beta_0_cfl_0p8_nx_201_mode_1,7,off,none,0.0,0.8,201,1,0.2,completed,completed,0.2,u,6.20326237044111e-10,9.717540151330132e-10,1.5222729743413765e-09,0.0,0.0,0.0
run_0190,visc_off_sensor_none_beta_0_cfl_0p8_nx_201_mode_1,7,off,none,0.0,0.8,201,1,0.2,completed,completed,0.2,p,3.0361117742128135e-09,4.756132548967327e-09,7.450581041013038e-09,0.0,0.0,0.0
run_0191,visc_off_sensor_none_beta_0_cfl_0p8_nx_501_mode_1,7,off,none,0.0,0.8,501,1,0.2,completed,completed,0.2,rho,0.08636640802953977,0.44483276125065596,5.461177658239799,19.8624157782,0.0,2.1926995387999995
run_0191,visc_off_sensor_none_beta_0_cfl_0p8_nx_501_mode_1,7,off,none,0.0,0.8,501,1,0.2,completed,completed,0.2,u,6.165205546082575e-10,9.687685886764224e-10,1.5222729743413765e-09,0.0,0.0,0.0
run_0191,visc_off_sensor_none_beta_0_cfl_0p8_nx_501_mode_1,7,off,none,0.0,0.8,501,1,0.2,completed,completed,0.2,p,3.0174853216102807e-09,4.7415207400922215e-09,7.450581041013038e-09,0.0,0.0,0.0
run_0192,visc_off_sensor_none_beta_0_cfl_0p8_nx_1001_mode_1,7,off,none,0.0,0.8,1001,1,0.2,completed,completed,0.2,rho,0.05687094039259874,0.3580766495467614,5.576297061139798,21.33788770339999,0.0,2.2550583444
run_0192,visc_off_sensor_none_beta_0_cfl_0p8_nx_1001_mode_1,7,off,none,0.0,0.8,1001,1,0.2,completed,completed,0.2,u,6.172816910954282e-10,9.693664095223808e-10,1.5222729743413765e-09,0.0,0.0,0.0
run_0192,visc_off_sensor_none_beta_0_cfl_0p8_nx_1001_mode_1,7,off,none,0.0,0.8,1001,1,0.2,completed,completed,0.2,p,3.0212106121307873e-09,4.744446701950506e-09,7.450581041013038e-09,0.0,0.0,0.0
