TITLE = "1D Euler Filtered MacCormack Result"
VARIABLES = "x", "rho", "u", "p", "E", "rho_conserved", "rhou", "rhoE", "nu"
ZONE T="t=0.20000000", I=1001, F=POINT
0.0000000000 1.0000000000 -0.2000000000 0.5000000000 1.2700000000 1.0000000000 -0.2000000000 1.2700000000 0.0000000000
0.0010000000 1.0000000000 -0.2000000000 0.5000000000 1.2700000000 1.0000000000 -0.2000000000 1.2700000000 0.0000000000
0.0020000000 1.0000000000 -0.2000000000 0.5000000000 1.2700000000 1.0000000000 -0.2000000000 1.2700000000 0.0000000000
0.0030000000 1.0000000000 -0.2000000000 0.5000000000 1.2700000000 1.0000000000 -0.2000000000 1.2700000000 0.0000000000
0.0040000000 1.0000000000 -0.2000000000 0.5000000000 1.2700000000 1.0000000000 -0.2000000000 1.2700000000 0.0000000000
0.0050000000 1.0000000000 -0.2000000000 0.5000000000 1.2700000000 1.0000000000 -0.2000000000 1.2700000000 0.0000000000
0.0060000000 1.0000000000 -0.2000000000 0.5000000000 1.2700000000 1.0000000000 -0.2000000000 1.2700000000 0.0000000000
0.0070000000 1.0000000000 -0.2000000000 0.5000000000 1.2700000000 1.0000000000 -0.2000000000 1.2700000000 0.0000000000
0.0080000000 1.0000000000 -0.2000000000 0.5000000000 1.2700000000 1.0000000000 -0.2000000000 1.2700000000 0.0000000000
0.0090000000 1.0000000000 -0.2000000000 0.5000000000 1.2700000000 1.0000000000 -0.2000000000 1.2700000000 0.0000000000
0.0100000000 1.0000000000 -0.2000000000 0.5000000000 1.2700000000 1.0000000000 -0.2000000000 1.2700000000 0.0000000000
0.0110000000 1.0000000000 -0.2000000000 0.5000000000 1.2700000000 1.0000000000 -0.2000000000 1.2700000000 0.0000000000
0.0120000000 1.0000000000 -0.2000000000 0.5000000000 1.2700000000 1.0000000000 -0.2000000000 1.2700000000 0.0000000000
0.0130000000 1.0000000000 -0.2000000000 0.5000000000 1.2700000000 1.0000000000 -0.2000000000 1.2700000000 0.0000000000
0.0140000000 1.0000000000 -0.2000000000 0.5000000000 1.2700000000 1.0000000000 -0.2000000000 1.2700000000 0.0000000000
0.0150000000 1.0000000000 -0.2000000000 0.5000000000 1.2700000000 1.0000000000 -0.2000000000 1.2700000000 0.0000000000
0.0160000000 1.0000000000 -0.2000000000 0.5000000000 1.2700000000 1.0000000000 -0.2000000000 1.2700000000 0.0000000000
0.0170000000 1.0000000000 -0.2000000000 0.5000000000 1.2700000000 1.0000000000 -0.2000000000 1.2700000000 0.0000000000
0.0180000000 1.0000000000 -0.2000000000 0.5000000000 1.2700000000 1.0000000000 -0.2000000000 1.2700000000 0.0000000000
0.0190000000 1.0000000000 -0.2000000000 0.5000000000 1.2700000000 1.0000000000 -0.2000000000 1.2700000000 0.0000000000
0.0200000000 1.0000000000 -0.2000000000 0.5000000000 1.2700000000 1.0000000000 -0.2000000000 1.2700000000 0.0000000000
0.0210000000 1.0000000000 -0.2000000000 0.5000000000 1.2700000000 1.0000000000 -0.2000000000 1.2700000000 0.0000000000
0.0220000000 1.0000000000 -0.2000000000 0.5000000000 1.2700000000 1.0000000000 -0.2000000000 1.2700000000 0.0000000000
0.0230000000 1.0000000000 -0.2000000000 0.5000000000 1.2700000000 1.0000000000 -0.2000000000 1.2700000000 0.0000000000
0.0240000000 1.0000000000 -0.2000000000 0.5000000000 1.2700000000 1.0000000000 -0.2000000000 1.2700000000 0.0000000000
0.0250000000 1.0000000000 -0.2000000000 0.5000000000 1.2700000000 1.0000000000 -0.2000000000 1.2700000000 0.0000000000
0.0260000000 1.0000000000 -0.2000000000 0.5000000000 1.2700000000 1.0000000000 -0.2000000000 1.2700000000 0.0000000000
0.0270000000 1.0000000000 -0.2000000000 0.5000000000 1.2700000000 1.0000000000 -0.2000000000 1.2700000000 0.0000000000
0.0280000000 1.0000000000 -0.2000000000 0.5000000000 1.2700000000 1.0000000000 -0.2000000000 1.2700000000 0.0000000000
0.0290000000 1.0000000000 -0.2000000000 0.5000000000 1.2700000000 1.0000000000 -0.2000000000 1.2700000000 0.0000000000
0.0300000000 1.0000000000 -0.2000000000 0.5000000000 1.2700000000 1.0000000000 -0.2000000000 1.2700000000 0.0000000000
0.0310000000 1.0000000000 -0.2000000000 0.5000000000 1.2700000000 1.0000000000 -0.2000000000 1.2700000000 0.0000000000
0.0320000000 1.0000000000 -0.2000000000 0.5000000000 1.2700000000 1.0000000000 -0.2000000000 1.2700000000 0.0000000000
0.0330000000 1.0000000000 -0.2000000000 0.5000000000 1.2700000000 1.0000000000 -0.2000000000 1.2700000000 0.0000000000
0.0340000000 1.0000000000 -0.2000000000 0.5000000000 1.2700000000 1.0000000000 -0.2000000000 1.2700000000 0.0000000000
0.0350000000 1.0000000000 -0.2000000000 0.5000000000 1.2700000000 1.0000000000 -0.2000000000 1.2700000000 0.0000000000
0.0360000000 1.0000000000 -0.2000000000 0.5000000000 1.2700000000 1.0000000000 -0.2000000000 1.2700000000 0.0000000000
0.0370000000 1.0000000000 -0.2000000000 0.5000000000 1.2700000000 1.0000000000 -0.2000000000 1.2700000000 0.0000000000
0.0380000000 1.0000000000 -0.2000000000 0.5000000000 1.2700000000 1.0000000000 -0.2000000000 1.2700000000 0.0000000000
0.0390000000 1.0000000000 -0.2000000000 0.5000000000 1.2700000000 1.0000000000 -0.2000000000 1.2700000000 0.0000000000
0.0400000000 1.0000000000 -0.2000000000 0.5000000000 1.2700000000 1.0000000000 -0.2000000000 1.2700000000 0.0000000000
0.0410000000 1.0000000000 -0.2000000000 0.5000000000 1.2700000000 1.0000000000 -0.2000000000 1.2700000000 0.0000000000
0.0420000000 1.0000000000 -0.2000000000 0.5000000000 1.2700000000 1.0000000000 -0.2000000000 1.2700000000 0.0000000000
0.0430000000 1.0000000000 -0.2000000000 0.5000000000 1.2700000000 1.0000000000 -0.2000000000 1.2700000000 0.0000000000
0.0440000000 1.0000000000 -0.2000000000 0.5000000000 1.2700000000 1.0000000000 -0.2000000000 1.2700000000 0.0000000000
0.0450000000 1.0000000000 -0.2000000000 0.5000000000 1.2700000000 1.0000000000 -0.2000000000 1.2700000000 0.0000000000
0.0460000000 1.0000000000 -0.2000000000 0.5000000000 1.2700000000 1.0000000000 -0.2000000000 1.2700000000 0.0000000000
0.0470000000 1.0000000000 -0.2000000000 0.5000000000 1.2700000000 1.0000000000 -0.2000000000 1.2700000000 0.0000000000
0.0480000000 1.0000000000 -0.2000000000 0.5000000000 1.2700000000 1.0000000000 -0.2000000000 1.2700000000 0.0000000000
0.0490000000 1.0000000000 -0.2000000000 0.5000000000 1.2700000000 1.0000000000 -0.2000000000 1.2700000000 0.0000000000
0.0500000000 1.0000000000 -0.2000000000 0.5000000000 1.2700000000 1.0000000000 -0.2000000000 1.2700000000 0.0000000000
0.0510000000 1.0000000000 -0.2000000000 0.5000000000 1.2700000000 1.0000000000 -0.2000000000 1.2700000000 0.0000000000
0.0520000000 1.0000000000 -0.2000000000 0.5000000000 1.2700000000 1.0000000000 -0.2000000000 1.2700000000 0.0000000000
0.0530000000 1.0000000000 -0.2000000000 0.5000000000 1.2700000000 1.0000000000 -0.2000000000 1.2700000000 0.0000000000
0.0540000000 1.0000000000 -0.2000000000 0.5000000000 1.2700000000 1.0000000000 -0.2000000000 1.2700000000 0.0000000000
0.0550000000 1.0000000000 -0.2000000000 0.5000000000 1.2700000000 1.0000000000 -0.2000000000 1.2700000000 0.0000000000
0.0560000000 1.0000000000 -0.2000000000 0.5000000000 1.2700000000 1.0000000000 -0.2000000000 1.2700000000 0.0000000000
0.0570000000 1.0000000000 -0.2000000000 0.5000000000 1.2700000000 1.0000000000 -0.2000000000 1.2700000000 0.0000000000
0.0580000000 1.0000000000 -0.2000000000 0.5000000000 1.2700000000 1.0000000000 -0.2000000000 1.2700000000 0.0000000000
0.0590000000 1.0000000000 -0.2000000000 0.5000000000 1.2700000000 1.0000000000 -0.2000000000 1.2700000000 0.0000000000
0.0600000000 1.0000000000 -0.2000000000 0.5000000000 1.2700000000 1.0000000000 -0.2000000000 1.2700000000 0.0000000000
0.0610000000 1.0000000000 -0.2000000000 0.5000000000 1.2700000000 1.0000000000 -0.2000000000 1.2700000000 0.0000000000
0.0620000000 1.0000000000 -0.2000000000 0.5000000000 1.2700000000 1.0000000000 -0.2000000000 1.2700000000 0.0000000000
0.0630000000 1.0000000000 -0.2000000000 0.5000000000 1.2700000000 1.0000000000 -0.2000000000 1.2700000000 0.0000000000
0.0640000000 1.0000000000 -0.2000000000 0.5000000000 1.2700000000 1.0000000000 -0.2000000000 1.2700000000 0.0000000000
0.0650000000 1.0000000000 -0.2000000000 0.5000000000 1.2700000000 1.0000000000 -0.2000000000 1.2700000000 0.0000000000
0.0660000000 1.0000000000 -0.2000000000 0.5000000000 1.2700000000 1.0000000000 -0.2000000000 1.2700000000 0.0000000000
0.0670000000 1.0000000000 -0.2000000000 0.5000000000 1.2700000000 1.0000000000 -0.2000000000 1.2700000000 0.0000000000
0.0680000000 1.0000000000 -0.2000000000 0.5000000000 1.2700000000 1.0000000000 -0.2000000000 1.2700000000 0.0000000000
0.0690000000 1.0000000000 -0.2000000000 0.5000000000 1.2700000000 1.0000000000 -0.2000000000 1.2700000000 0.0000000000
0.0700000000 1.0000000000 -0.2000000000 0.5000000000 1.2700000000 1.0000000000 -0.2000000000 1.2700000000 0.0000000000
0.0710000000 1.0000000000 -0.2000000000 0.5000000000 1.2700000000 1.0000000000 -0.2000000000 1.2700000000 0.0000000000
0.0720000000 1.0000000000 -0.2000000000 0.5000000000 1.2700000000 1.0000000000 -0.2000000000 1.2700000000 0.0000000000
0.0730000000 1.0000000000 -0.2000000000 0.5000000000 1.2700000000 1.0000000000 -0.2000000000 1.2700000000 0.0000000000
0.0740000000 1.0000000000 -0.2000000000 0.5000000000 1.2700000000 1.0000000000 -0.2000000000 1.2700000000 0.0000000000
0.0750000000 1.0000000000 -0.2000000000 0.5000000000 1.2700000000 1.0000000000 -0.2000000000 1.2700000000 0.0000000000
0.0760000000 1.0000000000 -0.2000000000 0.5000000000 1.2700000000 1.0000000000 -0.2000000000 1.2700000000 0.0000000000
0.0770000000 1.0000000000 -0.2000000000 0.5000000000 1.2700000000 1.0000000000 -0.2000000000 1.2700000000 0.0000000000
0.0780000000 1.0000000000 -0.2000000000 0.5000000000 1.2700000000 1.0000000000 -0.2000000000 1.2700000000 0.0000000000
0.0790000000 1.0000000000 -0.2000000000 0.5000000000 1.2700000000 1.0000000000 -0.2000000000 1.2700000000 0.0000000000
0.0800000000 1.0000000000 -0.2000000000 0.5000000000 1.2700000000 1.0000000000 -0.2000000000 1.2700000000 0.0000000000
0.0810000000 1.0000000000 -0.2000000000 0.5000000000 1.2700000000 1.0000000000 -0.2000000000 1.2700000000 0.0000000000
0.0820000000 1.0000000000 -0.2000000000 0.5000000000 1.2700000000 1.0000000000 -0.2000000000 1.2700000000 0.0000000000
0.0830000000 1.0000000000 -0.2000000000 0.5000000000 1.2700000000 1.0000000000 -0.2000000000 1.2700000000 0.0000000000
0.0840000000 1.0000000000 -0.2000000000 0.5000000000 1.2700000000 1.0000000000 -0.2000000000 1.2700000000 0.0000000000
0.0850000000 1.0000000000 -0.2000000000 0.5000000000 1.2700000000 1.0000000000 -0.2000000000 1.2700000000 0.0000000000
0.0860000000 1.0000000000 -0.2000000000 0.5000000000 1.2700000000 1.0000000000 -0.2000000000 1.2700000000 0.0000000000
0.0870000000 1.0000000000 -0.2000000000 0.5000000000 1.2700000000 1.0000000000 -0.2000000000 1.2700000000 0.0000000000
0.0880000000 1.0000000000 -0.2000000000 0.5000000000 1.2700000000 1.0000000000 -0.2000000000 1.2700000000 0.0000000000
0.0890000000 1.0000000000 -0.2000000000 0.5000000000 1.2700000000 1.0000000000 -0.2000000000 1.2700000000 0.0000000000
0.0900000000 1.0000000000 -0.2000000000 0.5000000000 1.2700000000 1.0000000000 -0.2000000000 1.2700000000 0.0000000000
0.0910000000 1.0000000000 -0.2000000000 0.5000000000 1.2700000000 1.0000000000 -0.2000000000 1.2700000000 0.0000000000
0.0920000000 1.0000000000 -0.2000000000 0.5000000000 1.2700000000 1.0000000000 -0.2000000000 1.2700000000 0.0000000000
0.0930000000 1.0000000000 -0.2000000000 0.5000000000 1.2700000000 1.0000000000 -0.2000000000 1.2700000000 0.0000000000
0.0940000000 1.0000000000 -0.2000000000 0.5000000000 1.2700000000 1.0000000000 -0.2000000000 1.2700000000 0.0000000000
0.0950000000 1.0000000000 -0.2000000000 0.5000000000 1.2700000000 1.0000000000 -0.2000000000 1.2700000000 0.0000000000
0.0960000000 1.0000000000 -0.2000000000 0.5000000000 1.2700000000 1.0000000000 -0.2000000000 1.2700000000 0.0000000000
0.0970000000 1.0000000000 -0.2000000000 0.5000000000 1.2700000000 1.0000000000 -0.2000000000 1.2700000000 0.0000000000
0.0980000000 1.0000000000 -0.2000000000 0.5000000000 1.2700000000 1.0000000000 -0.2000000000 1.2700000000 0.0000000000
0.0990000000 1.0000000000 -0.2000000000 0.5000000000 1.2700000000 1.0000000000 -0.2000000000 1.2700000000 0.0000000000
0.1000000000 1.0000000000 -0.2000000000 0.5000000000 1.2700000000 1.0000000000 -0.2000000000 1.2700000000 0.0000000000
0.1010000000 1.0000000000 -0.2000000000 0.5000000000 1.2700000000 1.0000000000 -0.2000000000 1.2700000000 0.0000000000
0.1020000000 1.0000000000 -0.2000000000 0.5000000000 1.2700000000 1.0000000000 -0.2000000000 1.2700000000 0.0000000000
0.1030000000 1.0000000000 -0.2000000000 0.5000000000 1.2700000000 1.0000000000 -0.2000000000 1.2700000000 0.0000000000
0.1040000000 1.0000000000 -0.2000000000 0.5000000000 1.2700000000 1.0000000000 -0.2000000000 1.2700000000 0.0000000000
0.1050000000 1.0000000000 -0.2000000000 0.5000000000 1.2700000000 1.0000000000 -0.2000000000 1.2700000000 0.0000000000
0.1060000000 1.0000000000 -0.2000000000 0.5000000000 1.2700000000 1.0000000000 -0.2000000000 1.2700000000 0.0000000000
0.1070000000 1.0000000000 -0.2000000000 0.5000000000 1.2700000000 1.0000000000 -0.2000000000 1.2700000000 0.0000000000
0.1080000000 1.0000000000 -0.2000000000 0.5000000000 1.2700000000 1.0000000000 -0.2000000000 1.2700000000 0.0000000000
0.1090000000 1.0000000000 -0.2000000000 0.5000000000 1.2700000000 1.0000000000 -0.2000000000 1.2700000000 0.0000000000
0.1100000000 1.0000000000 -0.2000000000 0.5000000000 1.2700000000 1.0000000000 -0.2000000000 1.2700000000 0.0000000000
0.1110000000 1.0000000000 -0.2000000000 0.5000000000 1.2700000000 1.0000000000 -0.2000000000 1.2700000000 0.0000000000
0.1120000000 1.0000000000 -0.2000000000 0.5000000000 1.2700000000 1.0000000000 -0.2000000000 1.2700000000 0.0000000000
0.1130000000 1.0000000000 -0.2000000000 0.5000000000 1.2700000000 1.0000000000 -0.2000000000 1.2700000000 0.0000000000
0.1140000000 1.0000000000 -0.2000000000 0.5000000000 1.2700000000 1.0000000000 -0.2000000000 1.2700000000 0.0000000000
0.1150000000 1.0000000000 -0.2000000000 0.5000000000 1.2700000000 1.0000000000 -0.2000000000 1.2700000000 0.0000000000
0.1160000000 1.0000000000 -0.2000000000 0.5000000000 1.2700000000 1.0000000000 -0.2000000000 1.2700000000 0.0000000000
0.1170000000 1.0000000000 -0.2000000000 0.5000000000 1.2700000000 1.0000000000 -0.2000000000 1.2700000000 0.0000000000
0.1180000000 1.0000000000 -0.2000000000 0.5000000000 1.2700000000 1.0000000000 -0.2000000000 1.2700000000 0.0000000000
0.1190000000 1.0000000000 -0.2000000000 0.5000000000 1.2700000000 1.0000000000 -0.2000000000 1.2700000000 0.0000000000
0.1200000000 1.0000000000 -0.2000000000 0.5000000000 1.2700000000 1.0000000000 -0.2000000000 1.2700000000 0.0000000000
0.1210000000 1.0000000000 -0.2000000000 0.5000000000 1.2700000000 1.0000000000 -0.2000000000 1.2700000000 0.0000000000
0.1220000000 1.0000000000 -0.2000000000 0.5000000000 1.2700000000 1.0000000000 -0.2000000000 1.2700000000 0.0000000000
0.1230000000 1.0000000000 -0.2000000000 0.5000000000 1.2700000000 1.0000000000 -0.2000000000 1.2700000000 0.0000000000
0.1240000000 1.0000000000 -0.2000000000 0.5000000000 1.2700000000 1.0000000000 -0.2000000000 1.2700000000 0.0000000000
0.1250000000 1.0000000000 -0.2000000000 0.5000000000 1.2700000000 1.0000000000 -0.2000000000 1.2700000000 0.0000000000
0.1260000000 1.0000000000 -0.2000000000 0.5000000000 1.2700000000 1.0000000000 -0.2000000000 1.2700000000 0.0000000000
0.1270000000 1.0000000000 -0.2000000000 0.5000000000 1.2700000000 1.0000000000 -0.2000000000 1.2700000000 0.0000000000
0.1280000000 1.0000000000 -0.2000000000 0.5000000000 1.2700000000 1.0000000000 -0.2000000000 1.2700000000 0.0000000000
0.1290000000 1.0000000000 -0.2000000000 0.5000000000 1.2700000000 1.0000000000 -0.2000000000 1.2700000000 0.0000000000
0.1300000000 1.0000000000 -0.2000000000 0.5000000000 1.2700000000 1.0000000000 -0.2000000000 1.2700000000 0.0000000000
0.1310000000 1.0000000000 -0.2000000000 0.5000000000 1.2700000000 1.0000000000 -0.2000000000 1.2700000000 0.0000000000
0.1320000000 1.0000000000 -0.2000000000 0.5000000000 1.2700000000 1.0000000000 -0.2000000000 1.2700000000 0.0000000000
0.1330000000 1.0000000000 -0.2000000000 0.5000000000 1.2700000000 1.0000000000 -0.2000000000 1.2700000000 0.0000000000
0.1340000000 1.0000000000 -0.2000000000 0.5000000000 1.2700000000 1.0000000000 -0.2000000000 1.2700000000 0.0000000000
0.1350000000 1.0000000000 -0.2000000000 0.5000000000 1.2700000000 1.0000000000 -0.2000000000 1.2700000000 0.0000000000
0.1360000000 1.0000000000 -0.2000000000 0.5000000000 1.2700000000 1.0000000000 -0.2000000000 1.2700000000 0.0000000000
0.1370000000 1.0000000000 -0.2000000000 0.5000000000 1.2700000000 1.0000000000 -0.2000000000 1.2700000000 0.0000000000
0.1380000000 1.0000000000 -0.2000000000 0.5000000000 1.2700000000 1.0000000000 -0.2000000000 1.2700000000 0.0000000000
0.1390000000 1.0000000000 -0.2000000000 0.5000000000 1.2700000000 1.0000000000 -0.2000000000 1.2700000000 0.0000000000
0.1400000000 1.0000000000 -0.2000000000 0.5000000000 1.2700000000 1.0000000000 -0.2000000000 1.2700000000 0.0000000000
0.1410000000 1.0000000000 -0.2000000000 0.5000000000 1.2700000000 1.0000000000 -0.2000000000 1.2700000000 0.0000000000
0.1420000000 1.0000000000 -0.2000000000 0.5000000000 1.2700000000 1.0000000000 -0.2000000000 1.2700000000 0.0000000000
0.1430000000 1.0000000000 -0.2000000000 0.5000000000 1.2700000000 1.0000000000 -0.2000000000 1.2700000000 0.0000000000
0.1440000000 1.0000000000 -0.2000000000 0.5000000000 1.2700000000 1.0000000000 -0.2000000000 1.2700000000 0.0000000000
0.1450000000 1.0000000000 -0.2000000000 0.5000000000 1.2700000000 1.0000000000 -0.2000000000 1.2700000000 0.0000000000
0.1460000000 1.0000000000 -0.2000000000 0.5000000000 1.2700000000 1.0000000000 -0.2000000000 1.2700000000 0.0000000000
0.1470000000 1.0000000000 -0.2000000000 0.5000000000 1.2700000000 1.0000000000 -0.2000000000 1.2700000000 0.0000000000
0.1480000000 1.0000000000 -0.2000000000 0.5000000000 1.2700000000 1.0000000000 -0.2000000000 1.2700000000 0.0000000000
0.1490000000 1.0000000000 -0.2000000000 0.5000000000 1.2700000000 1.0000000000 -0.2000000000 1.2700000000 0.0000000000
0.1500000000 1.0000000000 -0.2000000000 0.5000000000 1.2700000000 1.0000000000 -0.2000000000 1.2700000000 0.0000000000
0.1510000000 1.0000000000 -0.2000000000 0.5000000000 1.2700000000 1.0000000000 -0.2000000000 1.2700000000 0.0000000000
0.1520000000 1.0000000000 -0.2000000000 0.5000000000 1.2700000000 1.0000000000 -0.2000000000 1.2700000000 0.0000000000
0.1530000000 1.0000000000 -0.2000000000 0.5000000000 1.2700000000 1.0000000000 -0.2000000000 1.2700000000 0.0000000000
0.1540000000 1.0000000000 -0.2000000000 0.5000000000 1.2700000000 1.0000000000 -0.2000000000 1.2700000000 0.0000000000
0.1550000000 1.0000000000 -0.2000000000 0.5000000000 1.2700000000 1.0000000000 -0.2000000000 1.2700000000 0.0000000000
0.1560000000 1.0000000000 -0.2000000000 0.5000000000 1.2700000000 1.0000000000 -0.2000000000 1.2700000000 0.0000000000
0.1570000000 1.0000000000 -0.2000000000 0.5000000000 1.2700000000 1.0000000000 -0.2000000000 1.2700000000 0.0000000000
0.1580000000 1.0000000000 -0.2000000000 0.5000000000 1.2700000000 1.0000000000 -0.2000000000 1.2700000000 0.0000000000
0.1590000000 1.0000000000 -0.2000000000 0.5000000000 1.2700000000 1.0000000000 -0.2000000000 1.2700000000 0.0000000000
0.1600000000 1.0000000000 -0.2000000000 0.5000000000 1.2700000000 1.0000000000 -0.2000000000 1.2700000000 0.0000000000
0.1610000000 1.0000000000 -0.2000000000 0.5000000000 1.2700000000 1.0000000000 -0.2000000000 1.2700000000 0.0000000000
0.1620000000 1.0000000000 -0.2000000000 0.5000000000 1.2700000000 1.0000000000 -0.2000000000 1.2700000000 0.0000000000
0.1630000000 1.0000000000 -0.2000000000 0.5000000000 1.2700000000 1.0000000000 -0.2000000000 1.2700000000 0.0000000000
0.1640000000 1.0000000000 -0.2000000000 0.5000000000 1.2700000000 1.0000000000 -0.2000000000 1.2700000000 0.0000000000
0.1650000000 1.0000000000 -0.2000000000 0.5000000000 1.2700000000 1.0000000000 -0.2000000000 1.2700000000 0.0000000000
0.1660000000 1.0000000000 -0.2000000000 0.5000000000 1.2700000000 1.0000000000 -0.2000000000 1.2700000000 0.0000000000
0.1670000000 1.0000000000 -0.2000000000 0.5000000000 1.2700000000 1.0000000000 -0.2000000000 1.2700000000 0.0000000000
0.1680000000 1.0000000000 -0.2000000000 0.5000000000 1.2700000000 1.0000000000 -0.2000000000 1.2700000000 0.0000000000
0.1690000000 1.0000000000 -0.2000000000 0.5000000000 1.2700000000 1.0000000000 -0.2000000000 1.2700000000 0.0000000000
0.1700000000 1.0000000000 -0.2000000000 0.5000000000 1.2700000000 1.0000000000 -0.2000000000 1.2700000000 0.0000000000
0.1710000000 1.0000000000 -0.2000000000 0.5000000000 1.2700000000 1.0000000000 -0.2000000000 1.2700000000 0.0000000000
0.1720000000 1.0000000000 -0.2000000000 0.5000000000 1.2700000000 1.0000000000 -0.2000000000 1.2700000000 0.0000000000
0.1730000000 1.0000000000 -0.2000000000 0.5000000000 1.2700000000 1.0000000000 -0.2000000000 1.2700000000 0.0000000000
0.1740000000 1.0000000000 -0.2000000000 0.5000000000 1.2700000000 1.0000000000 -0.2000000000 1.2700000000 0.0000000000
0.1750000000 1.0000000000 -0.2000000000 0.5000000000 1.2700000000 1.0000000000 -0.2000000000 1.2700000000 0.0000000000
0.1760000000 1.0000000000 -0.2000000000 0.5000000000 1.2700000000 1.0000000000 -0.2000000000 1.2700000000 0.0000000000
0.1770000000 1.0000000000 -0.2000000000 0.5000000000 1.2700000000 1.0000000000 -0.2000000000 1.2700000000 0.0000000000
0.1780000000 1.0000000000 -0.2000000000 0.5000000000 1.2700000000 1.0000000000 -0.2000000000 1.2700000000 0.0000000000
0.1790000000 1.0000000000 -0.2000000000 0.5000000000 1.2700000000 1.0000000000 -0.2000000000 1.2700000000 0.0000000000
0.1800000000 1.0000000000 -0.2000000000 0.5000000000 1.2700000000 1.0000000000 -0.2000000000 1.2700000000 0.0000000000
0.1810000000 1.0000000000 -0.2000000000 0.5000000000 1.2700000000 1.0000000000 -0.2000000000 1.2700000000 0.0000000000
0.1820000000 1.0000000000 -0.2000000000 0.5000000000 1.2700000000 1.0000000000 -0.2000000000 1.2700000000 0.0000000000
0.1830000000 1.0000000000 -0.2000000000 0.5000000000 1.2700000000 1.0000000000 -0.2000000000 1.2700000000 0.0000000000
0.1840000000 1.0000000000 -0.2000000000 0.5000000000 1.2700000000 1.0000000000 -0.2000000000 1.2700000000 0.0000000000
0.1850000000 1.0000000000 -0.2000000000 0.5000000000 1.2700000000 1.0000000000 -0.2000000000 1.2700000000 0.0000000000
0.1860000000 1.0000000000 -0.2000000000 0.5000000000 1.2700000000 1.0000000000 -0.2000000000 1.2700000000 0.0000000000
0.1870000000 1.0000000000 -0.2000000000 0.5000000000 1.2700000000 1.0000000000 -0.2000000000 1.2700000000 0.0000000000
0.1880000000 1.0000000000 -0.2000000000 0.5000000000 1.2700000000 1.0000000000 -0.2000000000 1.2700000000 0.0000000000
0.1890000000 1.0000000000 -0.2000000000 0.5000000000 1.2700000000 1.0000000000 -0.2000000000 1.2700000000 0.0000000000
0.1900000000 1.0000000000 -0.2000000000 0.5000000000 1.2700000000 1.0000000000 -0.2000000000 1.2700000000 0.0000000000
0.1910000000 1.0000000000 -0.2000000000 0.5000000000 1.2700000000 1.0000000000 -0.2000000000 1.2700000000 0.0000000000
0.1920000000 1.0000000000 -0.2000000000 0.5000000000 1.2700000000 1.0000000000 -0.2000000000 1.2700000000 0.0000000000
0.1930000000 1.0000000000 -0.2000000000 0.5000000000 1.2700000000 1.0000000000 -0.2000000000 1.2700000000 0.0000000000
0.1940000000 1.0000000000 -0.2000000000 0.5000000000 1.2700000000 1.0000000000 -0.2000000000 1.2700000000 0.0000000000
0.1950000000 1.0000000000 -0.2000000000 0.5000000000 1.2700000000 1.0000000000 -0.2000000000 1.2700000000 0.0000000000
0.1960000000 1.0000000000 -0.2000000000 0.5000000000 1.2700000000 1.0000000000 -0.2000000000 1.2700000000 0.0000000000
0.1970000000 1.0000000000 -0.2000000000 0.5000000000 1.2700000000 1.0000000000 -0.2000000000 1.2700000000 0.0000000000
0.1980000000 1.0000000000 -0.2000000000 0.5000000000 1.2700000000 1.0000000000 -0.2000000000 1.2700000000 0.0000000000
0.1990000000 1.0000000000 -0.2000000000 0.5000000000 1.2700000000 1.0000000000 -0.2000000000 1.2700000000 0.0000000000
0.2000000000 1.0000000000 -0.2000000000 0.5000000000 1.2700000000 1.0000000000 -0.2000000000 1.2700000000 0.0000000000
0.2010000000 1.0000000000 -0.2000000000 0.5000000000 1.2700000000 1.0000000000 -0.2000000000 1.2700000000 0.0000000000
0.2020000000 1.0000000000 -0.2000000000 0.5000000000 1.2700000000 1.0000000000 -0.2000000000 1.2700000000 0.0000000000
0.2030000000 1.0000000000 -0.2000000000 0.5000000000 1.2700000000 1.0000000000 -0.2000000000 1.2700000000 0.0000000000
0.2040000000 1.0000000000 -0.2000000000 0.5000000000 1.2700000000 1.0000000000 -0.2000000000 1.2700000000 0.0000000000
0.2050000000 1.0000000000 -0.2000000000 0.5000000000 1.2700000000 1.0000000000 -0.2000000000 1.2700000000 0.0000000000
0.2060000000 1.0000000000 -0.2000000000 0.5000000000 1.2700000000 1.0000000000 -0.2000000000 1.2700000000 0.0000000000
0.2070000000 1.0000000000 -0.2000000000 0.5000000000 1.2700000000 1.0000000000 -0.2000000000 1.2700000000 0.0000000000
0.2080000000 1.0000000000 -0.2000000000 0.5000000000 1.2700000000 1.0000000000 -0.2000000000 1.2700000000 0.0000000000
0.2090000000 1.0000000000 -0.2000000000 0.5000000000 1.2700000000 1.0000000000 -0.2000000000 1.2700000000 0.0000000000
0.2100000000 1.0000000000 -0.2000000000 0.5000000000 1.2700000000 1.0000000000 -0.2000000000 1.2700000000 0.0000000000
0.2110000000 1.0000000000 -0.2000000000 0.5000000000 1.2700000000 1.0000000000 -0.2000000000 1.2700000000 0.0000000000
0.2120000000 1.0000000000 -0.2000000000 0.5000000000 1.2700000000 1.0000000000 -0.2000000000 1.2700000000 0.0000000000
0.2130000000 1.0000000000 -0.2000000000 0.5000000000 1.2700000000 1.0000000000 -0.2000000000 1.2700000000 0.0000000000
0.2140000000 1.0000000000 -0.2000000000 0.5000000000 1.2700000000 1.0000000000 -0.2000000000 1.2700000000 0.0000000000
0.2150000000 1.0000000000 -0.2000000000 0.5000000000 1.2700000000 1.0000000000 -0.2000000000 1.2700000000 0.0000000000
0.2160000000 1.0000000000 -0.2000000000 0.5000000000 1.2700000000 1.0000000000 -0.2000000000 1.2700000000 0.0000000000
0.2170000000 1.0000000000 -0.2000000000 0.5000000000 1.2700000000 1.0000000000 -0.2000000000 1.2700000000 0.0000000000
0.2180000000 1.0000000000 -0.2000000000 0.5000000000 1.2700000000 1.0000000000 -0.2000000000 1.2700000000 0.0000000000
0.2190000000 1.0000000000 -0.2000000000 0.5000000000 1.2700000000 1.0000000000 -0.2000000000 1.2700000000 0.0000000000
0.2200000000 1.0000000000 -0.2000000000 0.5000000000 1.2700000000 1.0000000000 -0.2000000000 1.2700000000 0.0000000000
0.2210000000 1.0000000000 -0.2000000000 0.5000000000 1.2700000000 1.0000000000 -0.2000000000 1.2700000000 0.0000000000
0.2220000000 1.0000000000 -0.2000000000 0.5000000000 1.2700000000 1.0000000000 -0.2000000000 1.2700000000 0.0000000000
0.2230000000 1.0000000000 -0.2000000000 0.5000000000 1.2700000000 1.0000000000 -0.2000000000 1.2700000000 0.0000000000
0.2240000000 1.0000000000 -0.2000000000 0.5000000000 1.2700000000 1.0000000000 -0.2000000000 1.2700000000 0.0000000000
0.2250000000 1.0000000000 -0.2000000000 0.5000000000 1.2700000000 1.0000000000 -0.2000000000 1.2700000000 0.0000000000
0.2260000000 1.0000000000 -0.2000000000 0.5000000000 1.2700000000 1.0000000000 -0.2000000000 1.2700000000 0.0000000000
0.2270000000 1.0000000000 -0.2000000000 0.5000000000 1.2700000000 1.0000000000 -0.2000000000 1.2700000000 0.0000000000
0.2280000000 1.0000000000 -0.2000000000 0.5000000000 1.2700000000 1.0000000000 -0.2000000000 1.2700000000 0.0000000000
0.2290000000 1.0000000000 -0.2000000000 0.5000000000 1.2700000000 1.0000000000 -0.2000000000 1.2700000000 0.0000000000
0.2300000000 1.0000000000 -0.2000000000 0.5000000000 1.2700000000 1.0000000000 -0.2000000000 1.2700000000 0.0000000000
0.2310000000 1.0000000000 -0.2000000000 0.5000000000 1.2700000000 1.0000000000 -0.2000000000 1.2700000000 0.0000000000
0.2320000000 1.0000000000 -0.2000000000 0.5000000000 1.2700000000 1.0000000000 -0.2000000000 1.2700000000 0.0000000000
0.2330000000 1.0000000000 -0.2000000000 0.5000000000 1.2700000000 1.0000000000 -0.2000000000 1.2700000000 0.0000000000
0.2340000000 1.0000000000 -0.2000000000 0.5000000000 1.2700000000 1.0000000000 -0.2000000000 1.2700000000 0.0000000000
0.2350000000 1.0000000000 -0.2000000000 0.5000000000 1.2700000000 1.0000000000 -0.2000000000 1.2700000000 0.0000000000
0.2360000000 1.0000000000 -0.2000000000 0.5000000000 1.2700000000 1.0000000000 -0.2000000000 1.2700000000 0.0000000000
0.2370000000 1.0000000000 -0.2000000000 0.5000000000 1.2700000000 1.0000000000 -0.2000000000 1.2700000000 0.0000000000
0.2380000000 1.0000000000 -0.2000000000 0.5000000000 1.2700000000 1.0000000000 -0.2000000000 1.2700000000 0.0000000000
0.2390000000 1.0000000000 -0.2000000000 0.5000000000 1.2700000000 1.0000000000 -0.2000000000 1.2700000000 0.0000000000
0.2400000000 1.0000000000 -0.2000000000 0.5000000000 1.2700000000 1.0000000000 -0.2000000000 1.2700000000 0.0000000000
0.2410000000 1.0000000000 -0.2000000000 0.5000000000 1.2700000000 1.0000000000 -0.2000000000 1.2700000000 0.0000000000
0.2420000000 1.0000000000 -0.2000000000 0.5000000000 1.2700000000 1.0000000000 -0.2000000000 1.2700000000 0.0000000000
0.2430000000 1.0000000000 -0.2000000000 0.5000000000 1.2700000000 1.0000000000 -0.2000000000 1.2700000000 0.0000000000
0.2440000000 1.0000000000 -0.2000000000 0.5000000000 1.2700000000 1.0000000000 -0.2000000000 1.2700000000 0.0000000000
0.2450000000 1.0000000000 -0.2000000000 0.5000000000 1.2700000000 1.0000000000 -0.2000000000 1.2700000000 0.0000000000
0.2460000000 1.0000000000 -0.2000000000 0.5000000000 1.2700000000 1.0000000000 -0.2000000000 1.2700000000 0.0000000000
0.2470000000 1.0000000000 -0.2000000000 0.5000000000 1.2700000000 1.0000000000 -0.2000000000 1.2700000000 0.0000000000
0.2480000000 1.0000000000 -0.2000000000 0.5000000000 1.2700000000 1.0000000000 -0.2000000000 1.2700000000 0.0000000000
0.2490000000 1.0000000000 -0.2000000000 0.5000000000 1.2700000000 1.0000000000 -0.2000000000 1.2699999999 0.0000000000
0.2500000000 0.9999999999 -0.2000000000 0.5000000000 1.2700000000 0.9999999999 -0.1999999999 1.2699999999 0.0000000000
0.2510000000 0.9999999999 -0.1999999999 0.4999999999 1.2699999999 0.9999999999 -0.1999999999 1.2699999998 0.0000000000
0.2520000000 0.9999999998 -0.1999999998 0.4999999998 1.2699999999 0.9999999998 -0.1999999998 1.2699999996 0.0000000000
0.2530000000 0.9999999996 -0.1999999996 0.4999999997 1.2699999997 0.9999999996 -0.1999999996 1.2699999992 0.0000000000
0.2540000000 0.9999999992 -0.1999999993 0.4999999994 1.2699999995 0.9999999992 -0.1999999992 1.2699999984 0.0000000000
0.2550000000 0.9999999985 -0.1999999987 0.4999999989 1.2699999990 0.9999999985 -0.1999999984 1.2699999971 0.0000000000
0.2560000000 0.9999999972 -0.1999999977 0.4999999980 1.2699999981 0.9999999972 -0.1999999971 1.2699999946 0.0000000000
0.2570000000 0.9999999948 -0.1999999957 0.4999999964 1.2699999965 0.9999999948 -0.1999999946 1.2699999900 0.0000000000
0.2580000000 0.9999999905 -0.1999999921 0.4999999934 1.2699999937 0.9999999905 -0.1999999902 1.2699999816 0.0000000000
0.2590000000 0.9999999828 -0.1999999856 0.4999999879 1.2699999885 0.9999999828 -0.1999999822 1.2699999666 0.0000000000
0.2600000000 0.9999999690 -0.1999999741 0.4999999783 1.2699999793 0.9999999690 -0.1999999679 1.2699999400 0.0000000000
0.2610000000 0.9999999448 -0.1999999538 0.4999999613 1.2699999631 0.9999999448 -0.1999999428 1.2699998930 0.0000000000
0.2620000000 0.9999999024 -0.1999999184 0.4999999317 1.2699999349 0.9999999024 -0.1999998989 1.2699998110 0.0000000000
0.2630000000 0.9999998292 -0.1999998571 0.4999998805 1.2699998860 0.9999998292 -0.1999998230 1.2699996691 0.0000000000
0.2640000000 0.9999997038 -0.1999997522 0.4999997927 1.2699998024 0.9999997038 -0.1999996930 1.2699994262 0.0000000000
0.2650000000 0.9999994913 -0.1999995744 0.4999996439 1.2699996605 0.9999994913 -0.1999994727 1.2699990145 0.0000000000
0.2660000000 0.9999991347 -0.1999992761 0.4999993943 1.2699994226 0.9999991347 -0.1999991030 1.2699983237 0.0000000000
0.2670000000 0.9999985427 -0.1999987807 0.4999989799 1.2699990275 0.9999985427 -0.1999984893 1.2699971767 0.0000000000
0.2680000000 0.9999975702 -0.1999979671 0.4999982992 1.2699983785 0.9999975702 -0.1999974812 1.2699952928 0.0000000000
0.2690000000 0.9999959904 -0.1999966453 0.4999971933 1.2699973242 0.9999959904 -0.1999958434 1.2699922320 0.0000000000
0.2700000000 0.9999934523 -0.1999945218 0.4999954166 1.2699956305 0.9999934523 -0.1999932123 1.2699873150 0.0000000000
0.2710000000 0.9999894219 -0.1999911497 0.4999925954 1.2699929409 0.9999894219 -0.1999890342 1.2699795068 0.0000000000
0.2720000000 0.9999830970 -0.1999858578 0.4999881679 1.2699887201 0.9999830970 -0.1999824775 1.2699672535 0.0000000000
0.2730000000 0.9999732915 -0.1999776539 0.4999813042 1.2699821767 0.9999732915 -0.1999723128 1.2699482574 0.0000000000
0.2740000000 0.9999582799 -0.1999650940 0.4999707962 1.2699721593 0.9999582799 -0.1999567514 1.2699191759 0.0000000000
0.2750000000 0.9999355935 -0.1999461125 0.4999549161 1.2699570204 0.9999355935 -0.1999332346 1.2698752269 0.0000000000
0.2760000000 0.9999017632 -0.1999178064 0.4999312359 1.2699344456 0.9999017632 -0.1998981671 1.2698096913 0.0000000000
0.2770000000 0.9998520064 -0.1998761733 0.4998964082 1.2699012439 0.9998520064 -0.1998465929 1.2697133066 0.0000000000
0.2780000000 0.9997798618 -0.1998158050 0.4998459114 1.2698531051 0.9997798618 -0.1997718180 1.2695735619 0.0000000000
0.2790000000 0.9996767887 -0.1997295513 0.4997737695 1.2697843325 0.9996767887 -0.1996649965 1.2693739239 0.0000000000
0.2800000000 0.9995317596 -0.1996081768 0.4996722678 1.2696875726 0.9995317596 -0.1995147122 1.2690930536 0.0000000000
0.2810000000 0.9993308927 -0.1994400504 0.4995316978 1.2695535717 0.9993308927 -0.1993066036 1.2687041041 0.0000000000
0.2820000000 0.9990571904 -0.1992109199 0.4993401765 1.2693710041 0.9990571904 -0.1990231019 1.2681742290 0.0000000000
0.2830000000 0.9986904608 -0.1989038371 0.4990835958 1.2691264242 0.9986904608 -0.1986433648 1.2674644534 0.0000000000
0.2840000000 0.9982075058 -0.1984993018 0.4987457606 1.2688043986 0.9982075058 -0.1981434929 1.2665300740 0.0000000000
0.2850000000 0.9975826511 -0.1979756848 0.4983087674 1.2683878672 0.9975826511 -0.1974971085 1.2653217311 0.0000000000
0.2860000000 0.9967886589 -0.1973099677 0.4977536538 1.2678587624 0.9967886589 -0.1966763381 1.2637872355 0.0000000000
0.2870000000 0.9957980180 -0.1964787925 0.4970613129 1.2671988805 0.9957980180 -0.1956531921 1.2618741336 0.0000000000
0.2880000000 0.9945845355 -0.1954597630 0.4962136189 1.2663909543 0.9945845355 -0.1944012576 1.2595328591 0.0000000000
0.2890000000 0.9931250879 -0.1942328825 0.4951946623 1.2654198292 0.9931250879 -0.1928975485 1.2567201791 0.0000000000
0.2900000000 0.9914013286 -0.1927819661 0.4939919502 1.2642736077 0.9914013286 -0.1911242973 1.2534025344 0.0000000000
0.2910000000 0.9894011284 -0.1910958442 0.4925974130 1.2629446083 0.9894011284 -0.1890704438 1.2495588205 0.0000000000
0.2920000000 0.9871195404 -0.1891691891 0.4910080703 1.2614300014 0.9871195404 -0.1867326030 1.2451822033 0.0000000000
0.2930000000 0.9845591474 -0.1870028463 0.4892262568 1.2597320269 0.9845591474 -0.1841153629 1.2402806904 0.0000000000
0.2940000000 0.9817297443 -0.1846036260 0.4872593764 1.2578577619 0.9817297443 -0.1812308705 1.2348763789 0.0000000000
0.2950000000 0.9786474151 -0.1819835982 0.4851192304 1.2558184839 0.9786474151 -0.1780977780 1.2290035132 0.0000000000
0.2960000000 0.9753331572 -0.1791590083 0.4828210278 1.2536287298 0.9753331572 -0.1747397212 1.2227056671 0.0000000000
0.2970000000 0.9718112559 -0.1761489741 0.4803822269 1.2513051930 0.9718112559 -0.1711835558 1.2160324711 0.0000000000
0.2980000000 0.9681076281 -0.1729741399 0.4778213607 1.2488656040 0.9681076281 -0.1674575843 1.2090363177 0.0000000000
0.2990000000 0.9642483199 -0.1696554399 0.4751569784 1.2463277204 0.9642483199 -0.1635899728 1.2017694104 0.0000000000
0.3000000000 0.9602582873 -0.1662130790 0.4724067916 1.2437085111 0.9602582873 -0.1596074866 1.1942814048 0.0000000000
0.3010000000 0.9561605223 -0.1626657885 0.4695870685 1.2410235762 0.9561605223 -0.1555346053 1.1866177509 0.0000000000
0.3020000000 0.9519755259 -0.1590303611 0.4667122748 1.2382868021 0.9519755259 -0.1513930116 1.1788187296 0.0000000000
0.3030000000 0.9477210859 -0.1553214379 0.4637949289 1.2355102216 0.9477210859 -0.1472014017 1.1709190888 0.0000000000
0.3040000000 0.9434122933 -0.1515514938 0.4608456242 1.2327040334 0.9434122933 -0.1429755423 1.1629481391 0.0000000000
0.3050000000 0.9390617211 -0.1477309629 0.4578731649 1.2298767303 0.9390617211 -0.1387284923 1.1549301591 0.0000000000
0.3060000000 0.9346797002 -0.1438684485 0.4548847662 1.2270352897 0.9346797002 -0.1344709183 1.1468849767 0.0000000000
0.3070000000 0.9302746343 -0.1399709716 0.4518862820 1.2241853902 0.9302746343 -0.1302114444 1.1388286162 0.0000000000
0.3080000000 0.9258533179 -0.1360442250 0.4488824313 1.2213316273 0.9258533179 -0.1259569971 1.1307739393 0.0000000000
0.3090000000 0.9214212287 -0.1320928117 0.4458770066 1.2184777122 0.9214212287 -0.1217131209 1.1227312307 0.0000000000
0.3100000000 0.9169827853 -0.1281204547 0.4428730557 1.2156266452 0.9169827853 -0.1174842514 1.1147087070 0.0000000000
0.3110000000 0.9125415627 -0.1241301748 0.4398730340 1.2127808612 0.9125415627 -0.1132739437 1.1067129423 0.0000000000
0.3120000000 0.9081004689 -0.1201244371 0.4368789292 1.2099423480 0.9081004689 -0.1090850576 1.0987492135 0.0000000000
0.3130000000 0.9036618851 -0.1161052675 0.4338923593 1.2071127409 0.9036618851 -0.1049199049 1.0908217750 0.0000000000
0.3140000000 0.8992277773 -0.1120743453 0.4309146510 1.2042933967 0.8992277773 -0.1007803644 1.0829340743 0.0000000000
0.3150000000 0.8947997813 -0.1080330750 0.4279469000 1.2014854513 0.8947997813 -0.0966679719 1.0750889191 0.0000000000
0.3160000000 0.8903792706 -0.1039826424 0.4249900172 1.1986898643 0.8903792706 -0.0925839893 1.0672886070 0.0000000000
0.3170000000 0.8859674072 -0.0999240575 0.4220447658 1.1959074536 0.8859674072 -0.0885294581 1.0595350259 0.0000000000
0.3180000000 0.8815651820 -0.0958581884 0.4191117886 1.1931389223 0.8815651820 -0.0845052413 1.0518297311 0.0000000000
0.3190000000 0.8771734460 -0.0917857874 0.4161916301 1.1903848791 0.8771734460 -0.0805120554 1.0441740064 0.0000000000
0.3200000000 0.8727929350 -0.0877075115 0.4132847540 1.1876458553 0.8727929350 -0.0765504963 1.0365689118 0.0000000000
0.3210000000 0.8684242889 -0.0836239385 0.4103915566 1.1849223174 0.8684242889 -0.0726210593 1.0290153209 0.0000000000
0.3220000000 0.8640680675 -0.0795355807 0.4075123777 1.1822146777 0.8640680675 -0.0687241555 1.0215139520 0.0000000000
0.3230000000 0.8597247631 -0.0754428948 0.4046475097 1.1795233028 0.8597247631 -0.0648601248 1.0140653920 0.0000000000
0.3240000000 0.8553948106 -0.0713462909 0.4017972048 1.1768485204 0.8553948106 -0.0610292469 1.0066701171 0.0000000000
0.3250000000 0.8510785964 -0.0672461395 0.3989616807 1.1741906249 0.8510785964 -0.0572317501 0.9993285089 0.0000000000
0.3260000000 0.8467764654 -0.0631427779 0.3961411261 1.1715498825 0.8467764654 -0.0534678183 0.9920408685 0.0000000000
0.3270000000 0.8424887269 -0.0590365144 0.3933357044 1.1689265349 0.8424887269 -0.0497375979 0.9848074282 0.0000000000
0.3280000000 0.8382156599 -0.0549276335 0.3905455576 1.1663208026 0.8382156599 -0.0460412026 0.9776283611 0.0000000000
0.3290000000 0.8339575172 -0.0508163992 0.3877708092 1.1637328881 0.8339575172 -0.0423787181 0.9705037901 0.0000000000
0.3300000000 0.8297145297 -0.0467030582 0.3850115671 1.1611629783 0.8297145297 -0.0387502060 0.9634337944 0.0000000000
0.3310000000 0.8254869093 -0.0425878431 0.3822679257 1.1586112465 0.8254869093 -0.0351557070 0.9564184170 0.0000000000
0.3320000000 0.8212748522 -0.0384709749 0.3795399678 1.1560778548 0.8212748522 -0.0315952442 0.9494576694 0.0000000000
0.3330000000 0.8170785415 -0.0343526652 0.3768277670 1.1535629552 0.8170785415 -0.0280688255 0.9425515370 0.0000000000
0.3340000000 0.8128981498 -0.0302331188 0.3741313891 1.1510666917 0.8128981498 -0.0245764463 0.9356999840 0.0000000000
0.3350000000 0.8087338413 -0.0261125357 0.3714508935 1.1485892017 0.8087338413 -0.0211180913 0.9289029571 0.0000000000
0.3360000000 0.8045857745 -0.0219911133 0.3687863350 1.1461306169 0.8045857745 -0.0176937369 0.9221603901 0.0000000000
0.3370000000 0.8004541040 -0.0178690485 0.3661377654 1.1436910654 0.8004541040 -0.0143033532 0.9154722071 0.0000000000
0.3380000000 0.7963389831 -0.0137465398 0.3635052342 1.1412706723 0.7963389831 -0.0109469055 0.9088383267 0.0000000000
0.3390000000 0.7922405658 -0.0096237898 0.3608887912 1.1388695614 0.7922405658 -0.0076243567 0.9022586657 0.0000000000
0.3400000000 0.7881590092 -0.0055010078 0.3582884871 1.1364878566 0.7881590092 -0.0043356688 0.8957331430 0.0000000000
0.3410000000 0.7840944769 -0.0013784124 0.3557043756 1.1341256829 0.7840944769 -0.0010808056 0.8892616840 0.0000000000
0.3420000000 0.7800471408 0.0027437650 0.3531365154 1.1317831686 0.7800471408 0.0021402661 0.8828442247 0.0000000000
0.3430000000 0.7760171857 0.0068652769 0.3505849719 1.1294604468 0.7760171857 0.0053275729 0.8764807173 0.0000000000
0.3440000000 0.7720048123 0.0109858548 0.3480498198 1.1271576574 0.7720048123 0.0084811327 0.8701711358 0.0000000000
0.3450000000 0.7680102426 0.0151052043 0.3455311462 1.1248749495 0.7680102426 0.0116009516 0.8639154829 0.0000000000
0.3460000000 0.7640337251 0.0192229986 0.3430290536 1.1226124845 0.7640337251 0.0146870192 0.8577137983 0.0000000000
0.3470000000 0.7600755418 0.0233388709 0.3405436644 1.1203704393 0.7600755418 0.0177393049 0.8515661686 0.0000000000
0.3480000000 0.7561360171 0.0274524041 0.3380751258 1.1181490108 0.7561360171 0.0207577515 0.8454727395 0.0000000000
0.3490000000 0.7522155282 0.0315631191 0.3356236165 1.1159484214 0.7522155282 0.0237422683 0.8394337312 0.0000000000
0.3500000000 0.7483145192 0.0356704584 0.3331893549 1.1137689255 0.7483145192 0.0266927219 0.8334494580 0.0000000000
0.3510000000 0.7444335186 0.0397737663 0.3307726096 1.1116108187 0.7444335186 0.0296089248 0.8275203531 0.0000000000
0.3520000000 0.7405731628 0.0438722620 0.3283737134 1.1094744492 0.7405731628 0.0324906198 0.8216470019 0.0000000000
0.3530000000 0.7367342264 0.0479650043 0.3259930815 1.1073602328 0.7367342264 0.0353374603 0.8158301845 0.0000000000
0.3540000000 0.7329176636 0.0520508445 0.3236312362 1.1052686736 0.7329176636 0.0381489833 0.8100709339 0.0000000000
0.3550000000 0.7291246637 0.0561283624 0.3212888398 1.1032003912 0.7291246637 0.0409245734 0.8043706142 0.0000000000
0.3560000000 0.7253567271 0.0601957785 0.3189667403 1.1011561586 0.7253567271 0.0436634129 0.7987310273 0.0000000000
0.3570000000 0.7216157725 0.0642508310 0.3166660346 1.0991369545 0.7216157725 0.0463644130 0.7931545625 0.0000000000
0.3580000000 0.7179042857 0.0682906035 0.3143881580 1.0971440373 0.7179042857 0.0490261169 0.7876444065 0.0000000000
0.3590000000 0.7142255343 0.0723112776 0.3121350112 1.0951790504 0.7142255343 0.0516465609 0.7822048424 0.0000000000
0.3600000000 0.7105838777 0.0763077746 0.3099091454 1.0932441742 0.7105838777 0.0542230744 0.7768416846 0.0000000000
0.3610000000 0.7069852221 0.0802732287 0.3077140325 1.0913423500 0.7069852221 0.0567519864 0.7715629137 0.0000000000
0.3620000000 0.7034376974 0.0841982036 0.3055544674 1.0894776110 0.7034376974 0.0592281905 0.7663796220 0.0000000000
0.3630000000 0.6999526747 0.0880695126 0.3034371729 1.0876555799 0.6999526747 0.0616444909 0.7613074324 0.0000000000
0.3640000000 0.6965463133 0.0918684229 0.3013717181 1.0858842247 0.6965463133 0.0639906113 0.7563686534 0.0000000000
0.3650000000 0.6932419292 0.0955679041 0.2993719244 1.0841750136 0.6932419292 0.0662516782 0.7515955780 0.0000000000
0.3660000000 0.6900736356 0.0991283952 0.2974580271 1.0825446914 0.6900736356 0.0684058921 0.7470355509 0.0000000000
0.3670000000 0.6870919242 0.1024913140 0.2956599892 1.0810180046 0.6870919242 0.0704209541 0.7427587409 0.0000000000
0.3680000000 0.6843721064 0.1055692463 0.2940225192 1.0796318386 0.6843721064 0.0722486475 0.7388699155 0.0000000000
0.3690000000 0.6820266860 0.1082316000 0.2926124429 1.0784413276 0.6820266860 0.0738168395 0.7355257647 0.0000000000
0.3700000000 0.6802223237 0.1102850498 0.2915288594 1.0775283674 0.6802223237 0.0750183528 0.7329588500 0.0000000000
0.3710000000 0.6791999141 0.1114507497 0.2909152904 1.0770120451 0.6791999141 0.0756973396 0.7315064885 0.0000000000
0.3720000000 0.6792899111 0.1113480157 0.2909693179 1.0770575718 0.6792899111 0.0756375837 0.7316343422 0.0000000000
0.3730000000 0.6809006910 0.1095111811 0.2919366791 1.0778732140 0.6809006910 0.0745662388 0.7339246161 0.0000000000
0.3740000000 0.6844347145 0.1054923962 0.2940626520 1.0796720711 0.6844347145 0.0722026581 0.7389650458 0.0000000000
0.3750000000 0.6900729318 0.0991151241 0.2974635200 1.0825643750 0.6900729318 0.0683966642 0.7470483720 0.0000000000
0.3760000000 0.6974185946 0.0908733451 0.3019091201 1.0863668322 0.6974185946 0.0633767606 0.7576524294 0.0000000000
0.3770000000 0.7051719688 0.0822595863 0.3066174101 1.0904139438 0.7051719688 0.0580071544 0.7689293475 0.0000000000
0.3780000000 0.7112262912 0.0755965325 0.3103038285 1.0935926462 0.7112262912 0.0537662415 0.7777918418 0.0000000000
0.3790000000 0.7134705588 0.0731411325 0.3116722055 1.0947738546 0.7134705588 0.0521840447 0.7810889138 0.0000000000
0.3800000000 0.7109539582 0.0758947009 0.3101379068 1.0934495931 0.7109539582 0.0539576380 0.7773923163 0.0000000000
0.3810000000 0.7045168827 0.0829813309 0.3062200956 1.0900744536 0.7045168827 0.0584617485 0.7679758559 0.0000000000
0.3820000000 0.6963632586 0.0920483050 0.3012714083 1.0858249860 0.6963632586 0.0640990577 0.7561286255 0.0000000000
0.3830000000 0.6890134181 0.1003081547 0.2968246846 1.0820225324 0.6890134181 0.0691136646 0.7455280435 0.0000000000
0.3840000000 0.6844656686 0.1054601710 0.2940803007 1.0796845583 0.6844656686 0.0721838665 0.7390070131 0.0000000000
0.3850000000 0.6838904088 0.1061141657 0.2937334959 1.0793894857 0.6838904088 0.0725704602 0.7381841167 0.0000000000
0.3860000000 0.6875533576 0.1019580169 0.2959432386 1.0812714347 0.6875533576 0.0701015769 0.7434318055 0.0000000000
0.3870000000 0.6945914418 0.0940299388 0.3001990110 1.0849085408 0.6945914418 0.0653123908 0.7535681876 0.0000000000
0.3880000000 0.7027640559 0.0849220082 0.3051550374 1.0891588228 0.7027640559 0.0596801349 0.7654216719 0.0000000000
0.3890000000 0.7088524608 0.0782069652 0.3088556987 1.0923387830 0.7088524608 0.0554371997 0.7743070344 0.0000000000
0.3900000000 0.7101179396 0.0768189935 0.3096255671 1.0930003784 0.7101179396 0.0545505454 0.7761591767 0.0000000000
0.3910000000 0.7060005679 0.0813449386 0.3071212756 1.0908475525 0.7060005679 0.0574295729 0.7701389916 0.0000000000
0.3920000000 0.6985615277 0.0895927155 0.3026045826 1.0869695114 0.6985615277 0.0625860242 0.7593150824 0.0000000000
0.3930000000 0.6912751440 0.0977597377 0.2981908488 1.0831871724 0.6912751440 0.0675788768 0.7487803685 0.0000000000
0.3940000000 0.6872810927 0.1022738075 0.2957759630 1.0811214975 0.6872810927 0.0702908542 0.7430343641 0.0000000000
0.3950000000 0.6881973427 0.1012360040 0.2963295439 1.0815944606 0.6881973427 0.0696703490 0.7443504336 0.0000000000
0.3960000000 0.6935928138 0.0951527685 0.2995934212 1.0843876260 0.6935928138 0.0659972765 0.7521234648 0.0000000000
0.3970000000 0.7009455713 0.0869421845 0.3040499798 1.0882073940 0.7009455713 0.0609417392 0.7627741535 0.0000000000
0.3980000000 0.7064897453 0.0808125309 0.3074160344 1.0910944073 0.7064897453 0.0570932244 0.7708470100 0.0000000000
0.3990000000 0.7072122796 0.0800177265 0.3078548959 1.0914704742 0.7072122796 0.0565895187 0.7719013222 0.0000000000
0.4000000000 0.7028507827 0.0848304742 0.3052058133 1.0891977111 0.7028507827 0.0596231652 0.7655434638 0.0000000000
0.4010000000 0.6961119315 0.0923321464 0.3011181731 1.0856913294 0.6961119315 0.0642735088 0.7557626883 0.0000000000
0.4020000000 0.6908967735 0.0981926056 0.2979594204 1.0829827549 0.6908967735 0.0678409544 0.7482292911 0.0000000000
0.4030000000 0.6900385269 0.0991617252 0.2974399021 1.0825371584 0.6900385269 0.0684254108 0.7469923462 0.0000000000
0.4040000000 0.6938725239 0.0948433670 0.2997609483 1.0845265206 0.6938725239 0.0658092064 0.7525231541 0.0000000000
0.4050000000 0.7000261035 0.0879679340 0.3034905703 1.0877236551 0.7000261035 0.0615798501 0.7614349519 0.0000000000
0.4060000000 0.7046335346 0.0828649773 0.3062861006 1.0901190955 0.7046335346 0.0583894419 0.7681344714 0.0000000000
0.4070000000 0.7047753498 0.0827086264 0.3063720627 1.0901924158 0.7047753498 0.0582910011 0.7683407412 0.0000000000
0.4080000000 0.7005731442 0.0873610314 0.3038219032 1.0880064897 0.7005731442 0.0612027924 0.7622281274 0.0000000000
0.4090000000 0.6950753235 0.0934974362 0.3004883132 1.0851469648 0.6950753235 0.0649877607 0.7542588775 0.0000000000
0.4100000000 0.6920204701 0.0969314935 0.2986374104 1.0835583221 0.6920204701 0.0670785777 0.7498445394 0.0000000000
0.4110000000 0.6933243626 0.0954638006 0.2994271531 1.0842358535 0.6933243626 0.0661873787 0.7517271320 0.0000000000
0.4120000000 0.6978849479 0.0903558810 0.3021909426 1.0866063093 0.6978849479 0.0630580093 0.7583261876 0.0000000000
0.4130000000 0.7023233861 0.0854229198 0.3048824947 1.0889124657 0.7023233861 0.0599945143 0.7647686901 0.0000000000
0.4140000000 0.7033999892 0.0842320169 0.3055355512 1.0894714426 0.7033999892 0.0592487998 0.7663342009 0.0000000000
0.4150000000 0.7005102099 0.0874341395 0.3037824869 1.0879696136 0.7005102099 0.0612485074 0.7621338225 0.0000000000
0.4160000000 0.6961069979 0.0923447177 0.3011124299 1.0856795285 0.6961069979 0.0642818042 0.7557491173 0.0000000000
0.4170000000 0.6936503167 0.0951009632 0.2996233084 1.0844008957 0.6936503167 0.0659668132 0.7521950247 0.0000000000
0.4180000000 0.6949023219 0.0936949490 0.3003820609 1.0850522629 0.6949023219 0.0651088376 0.7540053369 0.0000000000
0.4190000000 0.6986473863 0.0895081672 0.3026522956 1.0869995864 0.6986473863 0.0625346470 0.7594294199 0.0000000000
0.4200000000 0.7017191033 0.0860950939 0.3045148917 1.0885950301 0.7017191033 0.0604145721 0.7638879284 0.0000000000
0.4210000000 0.7016381990 0.0861847476 0.3044657936 1.0885529079 0.7016381990 0.0604705111 0.7637703018 0.0000000000
0.4220000000 0.6987063275 0.0894431198 0.3026878023 1.0870294516 0.6987063275 0.0624944737 0.7595143560 0.0000000000
0.4230000000 0.6956256049 0.0928859251 0.3008198548 1.0854265415 0.6956256049 0.0646138279 0.7550504946 0.0000000000
0.4240000000 0.6950388442 0.0935437983 0.3004641172 1.0851209941 0.6950388442 0.0650165735 0.7542012416 0.0000000000
0.4250000000 0.6972616132 0.0910554911 0.3018116807 1.0862776912 0.6972616132 0.0634894986 0.7574197354 0.0000000000
0.4260000000 0.7001192325 0.0878717891 0.3035442556 1.0877627296 0.7001192325 0.0615207295 0.7615636074 0.0000000000
0.4270000000 0.7009947106 0.0868997355 0.3040750971 1.0882172638 0.7009947106 0.0609162549 0.7628345460 0.0000000000
0.4280000000 0.6992553128 0.0888325912 0.3030204204 1.0873139309 0.6992553128 0.0621166613 0.7603100429 0.0000000000
0.4290000000 0.6967385774 0.0916407877 0.3014943912 1.0860050235 0.6967385774 0.0638496721 0.7566615951 0.0000000000
0.4300000000 0.6958672201 0.0926161257 0.3009660663 1.0855514248 0.6958672201 0.0644485259 0.7553996522 0.0000000000
0.4310000000 0.6973212619 0.0909893991 0.3018477313 1.0863083568 0.6973212619 0.0634488426 0.7575059142 0.0000000000
0.4320000000 0.6994970804 0.0885639225 0.3031669652 1.0874394058 0.6994970804 0.0619502052 0.7606606895 0.0000000000
0.4330000000 0.7002044202 0.0877775329 0.3035958555 1.0878068140 0.7002044202 0.0614622165 0.7616871395 0.0000000000
0.4340000000 0.6988804398 0.0892501723 0.3027931661 1.0871192992 0.6988804398 0.0623751997 0.7597664140 0.0000000000
0.4350000000 0.6970490746 0.0912936872 0.3016827460 1.0861669332 0.6970490746 0.0636361802 0.7571116557 0.0000000000
0.4360000000 0.6966179239 0.0917757450 0.3014213581 1.0859426689 0.6966179239 0.0639326290 0.7564871275 0.0000000000
0.4370000000 0.6978932443 0.0903506230 0.3021947276 1.0866065239 0.6978932443 0.0630550894 0.7583353523 0.0000000000
0.4380000000 0.6993798909 0.0886940625 0.3030961382 1.0873793186 0.6993798909 0.0620308437 0.7604912292 0.0000000000
0.4390000000 0.6994889559 0.0885725716 0.3031623352 1.0874362093 0.6994889559 0.0619555356 0.7606496186 0.0000000000
0.4400000000 0.6982464591 0.0899563206 0.3024090780 1.0867908301 0.6982464591 0.0628116824 0.7588478489 0.0000000000
0.4410000000 0.6971362077 0.0911957974 0.3017359215 1.0862134579 0.6971362077 0.0635758923 0.7572387308 0.0000000000
0.4420000000 0.6973562226 0.0909497430 0.3018694277 1.0863282777 0.6973562226 0.0634243693 0.7575577842 0.0000000000
0.4430000000 0.6985210457 0.0896498131 0.3025758019 1.0869343842 0.6985210457 0.0626222812 0.7592465427 0.0000000000
0.4440000000 0.6992264487 0.0888640631 0.3030035628 1.0873011765 0.6992264487 0.0621361032 0.7602697403 0.0000000000
0.4450000000 0.6987265184 0.0894205114 0.3027005714 1.0870418210 0.6987265184 0.0624804826 0.7595449469 0.0000000000
0.4460000000 0.6977293245 0.0905324684 0.3020960284 1.0865236471 0.6977293245 0.0631671580 0.7580994104 0.0000000000
0.4470000000 0.6974431370 0.0908518688 0.3019225941 1.0863750958 0.6974431370 0.0633640124 0.7576848548 0.0000000000
0.4480000000 0.6981187745 0.0900974611 0.3023323967 1.0867269688 0.6981187745 0.0628987292 0.7586644997 0.0000000000
0.4490000000 0.6988461168 0.0892865734 0.3027735023 1.0871054018 0.6988461168 0.0623975751 0.7597193886 0.0000000000
0.4500000000 0.6987531296 0.0893898991 0.3027172485 1.0870575049 0.6987531296 0.0624614718 0.7595848337 0.0000000000
0.4510000000 0.6980531751 0.0901700149 0.3022929770 1.0866940747 0.6980531751 0.0629434652 0.7585702492 0.0000000000
0.4520000000 0.6976722888 0.0905949010 0.3020621408 1.0864963601 0.6976722888 0.0632055519 0.7580184023 0.0000000000
0.4530000000 0.6980359106 0.0901887545 0.3022827720 1.0866859921 0.6980359106 0.0629549894 0.7585458460 0.0000000000
0.4540000000 0.6985965637 0.0895634331 0.3026228448 1.0869779291 0.6985965637 0.0625687066 0.7593590461 0.0000000000
0.4550000000 0.6986279484 0.0895281831 0.3026420170 1.0869947287 0.6986279484 0.0625468909 0.7594048972 0.0000000000
0.4560000000 0.6981636663 0.0900454553 0.3023606648 1.0867538921 0.6981636663 0.0628664652 0.7587320816 0.0000000000
0.4570000000 0.6978640819 0.0903795113 0.3021791521 1.0865985742 0.6978640819 0.0630726146 0.7582981163 0.0000000000
0.4580000000 0.6980896247 0.0901274942 0.3023160829 1.0867164606 0.6980896247 0.0629170686 0.7586254862 0.0000000000
0.4590000000 0.6984704267 0.0897026001 0.3025471241 1.0869149532 0.6984704267 0.0626546134 0.7591779512 0.0000000000
0.4600000000 0.6984848449 0.0896862017 0.3025560504 1.0869230781 0.6984848449 0.0626444527 0.7591992976 0.0000000000
0.4610000000 0.6981703449 0.0900365116 0.3023655144 1.0867600953 0.6981703449 0.0628608223 0.7587436706 0.0000000000
0.4620000000 0.6979977868 0.0902287835 0.3022610819 1.0866710475 0.6979977868 0.0629794912 0.7584939862 0.0000000000
0.4630000000 0.6981763993 0.0900291266 0.3023695484 1.0867644865 0.6981763993 0.0628562114 0.7587533160 0.0000000000
0.4640000000 0.6984059238 0.0897727066 0.3025089223 1.0868845111 0.6984059238 0.0626977901 0.7590865810 0.0000000000
0.4650000000 0.6983631490 0.0898203445 0.3024831816 1.0868629669 0.6983631490 0.0627272186 0.7590250442 0.0000000000
0.4660000000 0.6981530674 0.0900540243 0.3023559791 1.0867543219 0.6981530674 0.0628714933 0.7587208633 0.0000000000
0.4670000000 0.6980978571 0.0901150798 0.3023227663 1.0867265087 0.6980978571 0.0629091441 0.7586414470 0.0000000000
0.4680000000 0.6982480694 0.0899475590 0.3024140168 1.0868052277 0.6982480694 0.0628057094 0.7588596520 0.0000000000
0.4690000000 0.6983528314 0.0898302969 0.3024775677 1.0868597620 0.6983528314 0.0627332422 0.7590115921 0.0000000000
0.4700000000 0.6982677343 0.0899226558 0.3024274926 1.0868207421 0.6982677343 0.0627900891 0.7588918572 0.0000000000
0.4710000000 0.6981602880 0.0900515624 0.3023573750 1.0867479007 0.6981602880 0.0628704247 0.7587242274 0.0000000000
0.4720000000 0.6981577286 0.0900214024 0.3023735603 1.0868071115 0.6981577286 0.0628491379 0.7587627844 0.0000000000
0.4730000000 0.6983477014 0.0899075808 0.3024359813 1.0867257877 0.6983477014 0.0627867524 0.7589124558 0.0000000000
0.4740000000 0.6981121814 0.0898945566 0.3024424860 1.0871131725 0.6981121814 0.0627564850 0.7589269483 0.0000000000
0.4750000000 0.6986814182 0.0899815799 0.3023951866 1.0860693419 0.6986814182 0.0628684578 0.7588164681 0.0000000000
0.4760000000 0.6970468905 0.0900164042 0.3023770364 1.0885446452 0.6970468905 0.0627456546 0.7587666601 0.0000000000
0.4770000000 0.7008302173 0.0899559683 0.3024087029 1.0827976937 0.7008302173 0.0630438608 0.7588573430 0.0000000000
0.4780000000 0.6927370083 0.0899163211 0.3024313587 1.0954788872 0.6927370083 0.0622883633 0.7588787669 0.0000000000
0.4790000000 0.7092149604 0.0899530126 0.3024113035 1.0700529786 0.7092149604 0.0637960223 0.7588975808 0.0000000000
0.4800000000 0.6781368853 0.0899879056 0.3023894859 1.1188293212 0.6781368853 0.0610241180 0.7587194310 0.0000000000
0.4810000000 0.7316640758 0.0899697652 0.3024041645 1.0373225709 0.7316640758 0.0658276451 0.7589716601 0.0000000000
0.4820000000 0.6482689800 0.0899386025 0.3024214799 1.1703099045 0.6482689800 0.0583044061 0.7586756081 0.0000000000
0.4830000000 0.7635738266 0.0899462383 0.3024100731 0.9941592243 0.7635738266 0.0686805934 0.7591139632 0.0000000000
0.4840000000 0.6269048917 0.0899743715 0.3023977158 1.2099631357 0.6269048917 0.0564053736 0.7585318086 0.0000000000
0.4850000000 0.7565749436 0.0899678454 0.3024050500 1.0033038642 0.7565749436 0.0680674175 0.7590745645 0.0000000000
0.4860000000 0.6757972001 0.0899460713 0.3024172988 1.1227879408 0.6757972001 0.0607853032 0.7587769467 0.0000000000
0.4870000000 0.6721088856 0.0899534665 0.3024137220 1.1289145972 0.6721088856 0.0604585241 0.7587535318 0.0000000000
0.4880000000 0.7588669319 0.0899677867 0.3024000555 1.0002693730 0.7588669319 0.0682735783 0.7590713502 0.0000000000
0.4890000000 0.6458079290 0.0899603995 0.3024011612 1.1746776244 0.6458079290 0.0580971393 0.7586161239 0.0000000000
0.4900000000 0.6979415702 0.0899438420 0.3024123163 1.0872742936 0.6979415702 0.0627755463 0.7588539277 0.0000000000
0.4910000000 0.7529626422 0.0899521872 0.3024145545 1.0081278980 0.7529626422 0.0677306366 0.7590826458 0.0000000000
0.4920000000 0.6456210187 0.0899738173 0.3024081743 1.1750448912 0.6456210187 0.0580889876 0.7586336797 0.0000000000
0.4930000000 0.6862778790 0.0899686836 0.3024059451 1.1056634310 0.6862778790 0.0617435174 0.7587923543 0.0000000000
0.4940000000 0.7615704908 0.0899501136 0.3024101224 0.9967642618 0.7615704908 0.0685033522 0.7591062481 0.0000000000
0.4950000000 0.6711586743 0.0899450948 0.3024089120 1.1304884914 0.6711586743 0.0603674306 0.7587371572 0.0000000000
0.4960000000 0.6463285310 0.0899558860 0.3024037695 1.1737443922 0.6463285310 0.0581410556 0.7586244887 0.0000000000
0.4970000000 0.7467139496 0.0899612933 0.3024065588 1.0165043633 0.7467139496 0.0671753527 0.7590379879 0.0000000000
0.4980000000 0.7384490139 0.0899600225 0.3024149614 1.0278644176 0.7384490139 0.0664308899 0.7590254656 0.0000000000
0.4990000000 0.6412889745 0.0899607220 0.3024146668 1.1829793603 0.6412889745 0.0576908191 0.7586316208 0.0000000000
0.5000000000 0.6594456793 0.0899588441 0.3024060660 1.1504866917 0.6594456793 0.0593229711 0.7586834779 0.0000000000
0.5010000000 0.7549378617 0.0899531492 0.3024033988 1.0054639613 0.7549378617 0.0679090381 0.7590628130 0.0000000000
0.5020000000 0.7485317279 0.0899475324 0.3024063093 1.0140435799 0.7485317279 0.0673285818 0.7590437931 0.0000000000
0.5030000000 0.6537898475 0.0899518449 0.3024090811 1.1604152646 0.6537898475 0.0588096030 0.7586677189 0.0000000000
0.5040000000 0.6278429842 0.0899697773 0.3024135928 1.2082241222 0.6278429842 0.0564868935 0.7585750385 0.0000000000
0.5050000000 0.7082843979 0.0899673134 0.3024134314 1.0714623242 0.7082843979 0.0637224444 0.7589000471 0.0000000000
0.5060000000 0.7784598143 0.0899515090 0.3024078799 0.9752193390 0.7784598143 0.0700236350 0.7591690655 0.0000000000
0.5070000000 0.7476185938 0.0899492251 0.3024060811 1.0152765714 0.7476185938 0.0672477132 0.7590396427 0.0000000000
0.5080000000 0.6560308407 0.0899523625 0.3024058652 1.1564529118 0.6560308407 0.0590115240 0.7586687760 0.0000000000
0.5090000000 0.6046890638 0.0899501096 0.3024062286 1.2543005871 0.6046890638 0.0543918476 0.7584618478 0.0000000000
0.5100000000 0.6416085281 0.0899604424 0.3024128645 1.1823851441 0.6416085281 0.0577193871 0.7586283920 0.0000000000
0.5110000000 0.7313340475 0.0899696208 0.3024171432 1.0378332095 0.7313340475 0.0657978469 0.7590027617 0.0000000000
0.5120000000 0.8044441961 0.0899584893 0.3024105286 0.9438582806 0.8044441961 0.0723665846 0.7592813158 0.0000000000
0.5130000000 0.8153242689 0.0899454565 0.3024035058 0.9312942786 0.8153242689 0.0733347135 0.7593068268 0.0000000000
0.5140000000 0.7618612635 0.0899460611 0.3024042131 0.9963656245 0.7618612635 0.0685264198 0.7590923736 0.0000000000
0.5150000000 0.6706881219 0.0899555996 0.3024093589 1.1312814108 0.6706881219 0.0603321522 0.7587370048 0.0000000000
0.5160000000 0.5732641070 0.0899638424 0.3024136182 1.3228700186 0.5732641070 0.0515730418 0.7583538999 0.0000000000
0.5170000000 0.4907836512 0.0899661817 0.3024146063 1.5445149693 0.4907836512 0.0441539312 0.7580226960 0.0000000000
0.5180000000 0.4311542766 0.0899626281 0.3024128218 1.7575536663 0.4311542766 0.0387877718 0.7577767796 0.0000000000
0.5190000000 0.3929794371 0.0899552650 0.3024098211 1.9278732327 0.3929794371 0.0353505694 0.7576145377 0.0000000000
0.5200000000 0.3708647053 0.0899478000 0.3024068483 2.0425707007 0.3708647053 0.0333584643 0.7575173810 0.0000000000
0.5210000000 0.3591038549 0.0899431920 0.3024050904 2.1093208856 0.3591038549 0.0322989470 0.7574652613 0.0000000000
0.5220000000 0.3533029773 0.0899433055 0.3024052289 2.1438883786 0.3533029773 0.0317772376 0.7574421472 0.0000000000
0.5230000000 0.3506306372 0.0899483610 0.3024071962 2.1602117301 0.3506306372 0.0315386511 0.7574364155 0.0000000000
0.5240000000 0.3494773578 0.0899563313 0.3024103279 2.1673502250 0.3494773578 0.0314377010 0.7574398300 0.0000000000
0.5250000000 0.3490132129 0.0899641566 0.3024133767 2.1702496972 0.3490132129 0.0313986793 0.7574458195 0.0000000000
0.5260000000 0.3488431463 0.0899685895 0.3024151125 2.1713185941 0.3488431463 0.0313849258 0.7574496099 0.0000000000
0.5270000000 0.3487913940 0.0899675952 0.3024147850 2.1716377283 0.3487913940 0.0313799230 0.7574485506 0.0000000000
0.5280000000 0.3487843475 0.0899613348 0.3024124093 2.1716639283 0.3487843475 0.0313771055 0.7574423863 0.0000000000
0.5290000000 0.3487931529 0.0899520160 0.3024088741 2.1715830294 0.3487931529 0.0313746473 0.7574332917 0.0000000000
0.5300000000 0.3488074621 0.0899432866 0.3024055603 2.1714695741 0.3488074621 0.0313728895 0.7574247912 0.0000000000
0.5310000000 0.3488240637 0.0899387077 0.3024038355 2.1713536464 0.3488240637 0.0313727855 0.7574204027 0.0000000000
0.5320000000 0.3488420183 0.0899402721 0.3024044817 2.1712468685 0.3488420183 0.0313749461 0.7574221398 0.0000000000
0.5330000000 0.3488606555 0.0899475917 0.3024073296 2.1711521568 0.3488606555 0.0313791758 0.7574295646 0.0000000000
0.5340000000 0.3488789938 0.0899579269 0.3024113413 2.1710679231 0.3488789938 0.0313844310 0.7574399924 0.0000000000
0.5350000000 0.3488957942 0.0899672876 0.3024149780 2.1709904751 0.3488957942 0.0313892083 0.7574494460 0.0000000000
0.5360000000 0.3489099460 0.0899719003 0.3024167868 2.1709159592 0.3489099460 0.0313920909 0.7574541700 0.0000000000
0.5370000000 0.3489208959 0.0899696746 0.3024159708 2.1708419112 0.3489208959 0.0313922995 0.7574521045 0.0000000000
0.5380000000 0.3489289258 0.0899611930 0.3024127464 2.1707681812 0.3489289258 0.0313900625 0.7574438097 0.0000000000
0.5390000000 0.3489351375 0.0899496135 0.3024083329 2.1706969473 0.3489351375 0.0313865807 0.7574324377 0.0000000000
0.5400000000 0.3489410434 0.0899394403 0.3024044595 2.1706316100 0.3489410434 0.0313835621 0.7574224588 0.0000000000
0.5410000000 0.3489479727 0.0899346266 0.3024026443 2.1705751487 0.3489479727 0.0313825056 0.7574177977 0.0000000000
0.5420000000 0.3489565923 0.0899370531 0.3024036133 2.1705287929 0.3489565923 0.0313841276 0.7574203312 0.0000000000
0.5430000000 0.3489667252 0.0899459776 0.3024070784 2.1704915119 0.3489667252 0.0313881532 0.7574293150 0.0000000000
0.5440000000 0.3489774365 0.0899582784 0.3024118415 2.1704602447 0.3489774365 0.0313934094 0.7574416522 0.0000000000
0.5450000000 0.3489873085 0.0899693357 0.3024161264 2.1704306524 0.3489873085 0.0313981563 0.7574527517 0.0000000000
0.5460000000 0.3489949480 0.0899746251 0.3024181937 2.1703985147 0.3489949480 0.0314006896 0.7574581168 0.0000000000
0.5470000000 0.3489996357 0.0899717613 0.3024171270 2.1703615187 0.3489996357 0.0314001119 0.7574553793 0.0000000000
0.5480000000 0.3490017330 0.0899617878 0.3024133266 2.1703203792 0.3490017330 0.0313968199 0.7574455736 0.0000000000
0.5490000000 0.3490025009 0.0899485926 0.3024082877 2.1702783309 0.3490025009 0.0313922838 0.7574325652 0.0000000000
0.5500000000 0.3490034822 0.0899369652 0.3024038513 2.1702394155 0.3490034822 0.0313883140 0.7574211131 0.0000000000
0.5510000000 0.3490059709 0.0899309193 0.3024015598 2.1702070100 0.3490059709 0.0313864278 0.7574152046 0.0000000000
0.5520000000 0.3490107702 0.0899329239 0.3024023626 2.1701831538 0.3490107702 0.0313875590 0.7574172940 0.0000000000
0.5530000000 0.3490179523 0.0899431490 0.3024063251 2.1701678818 0.3490179523 0.0313917737 0.7574275502 0.0000000000
0.5540000000 0.3490265261 0.0899584150 0.3024122251 2.1701583047 0.3490265261 0.0313978731 0.7574428142 0.0000000000
0.5550000000 0.3490345343 0.0899724980 0.3024176702 2.1701488739 0.3490345343 0.0314035089 0.7574569015 0.0000000000
0.5560000000 0.3490399914 0.0899790909 0.3024202357 2.1701339766 0.3490399914 0.0314063011 0.7574635445 0.0000000000
0.5570000000 0.3490420590 0.0899755097 0.3024188899 2.1701111840 0.3490420590 0.0314052372 0.7574600758 0.0000000000
0.5580000000 0.3490413420 0.0899636287 0.3024143531 2.1700820698 0.3490413420 0.0314010257 0.7574483579 0.0000000000
0.5590000000 0.3490391773 0.0899476339 0.3024082347 2.1700502410 0.3490391773 0.0313952482 0.7574325509 0.0000000000
0.5600000000 0.3490370010 0.0899320270 0.3024022652 2.1700195859 0.3490370010 0.0313896050 0.7574171284 0.0000000000
0.5610000000 0.3490364561 0.0899219656 0.3023984272 2.1699945725 0.3490364561 0.0313860442 0.7574072153 0.0000000000
0.5620000000 0.3490393599 0.0899231589 0.3023989153 2.1699801563 0.3490393599 0.0313867218 0.7574084848 0.0000000000
0.5630000000 0.3490465160 0.0899381191 0.3024046952 2.1699784945 0.3490465160 0.0313925871 0.7574234332 0.0000000000
0.5640000000 0.3490562852 0.0899616527 0.3024137709 2.1699849931 0.3490562852 0.0314016803 0.7574469007 0.0000000000
0.5650000000 0.3490650287 0.0899822581 0.3024217208 2.1699895319 0.3490650287 0.0314096595 0.7574674581 0.0000000000
0.5660000000 0.3490696515 0.0899901539 0.3024247846 2.1699835006 0.3490696515 0.0314128317 0.7574753844 0.0000000000
0.5670000000 0.3490696461 0.0899837223 0.3024223402 2.1699654483 0.3490696461 0.0314105861 0.7574690711 0.0000000000
0.5680000000 0.3490664294 0.0899674185 0.3024161002 2.1699392507 0.3490664294 0.0314046055 0.7574529462 0.0000000000
0.5690000000 0.3490613614 0.0899455194 0.3024077092 2.1699086296 0.3490613614 0.0313965055 0.7574312604 0.0000000000
0.5700000000 0.3490555808 0.0899216037 0.3023985428 2.1698766960 0.3490555808 0.0313876376 0.7574075703 0.0000000000
0.5710000000 0.3490517262 0.0899039845 0.3023917968 2.1698507127 0.3490517262 0.0313811410 0.7573901368 0.0000000000
0.5720000000 0.3490539195 0.0899056551 0.3023924658 2.1698420455 0.3490539195 0.0313819213 0.7573918706 0.0000000000
0.5730000000 0.3490640826 0.0899326684 0.3024028767 2.1698559792 0.3490640826 0.0313922644 0.7574187868 0.0000000000
0.5740000000 0.3490783863 0.0899729306 0.3024183812 2.1698818938 0.3490783863 0.0314076054 0.7574588700 0.0000000000
0.5750000000 0.3490891856 0.0900023129 0.3024297033 2.1698986196 0.3490891856 0.0314188341 0.7574881420 0.0000000000
0.5760000000 0.3490915828 0.0900053570 0.3024308995 2.1698925876 0.3490915828 0.0314201126 0.7574912380 0.0000000000
0.5770000000 0.3490872691 0.0899873906 0.3024240179 2.1698684517 0.3490872691 0.0314134524 0.7574734520 0.0000000000
0.5780000000 0.3490810087 0.0899634359 0.3024148341 2.1698393664 0.3490810087 0.0314045270 0.7574497148 0.0000000000
0.5790000000 0.3490746521 0.0899393232 0.3024055895 2.1698104289 0.3490746521 0.0313955380 0.7574258205 0.0000000000
0.5800000000 0.3490671184 0.0899116360 0.3023949708 2.1697786309 0.3490671184 0.0313851957 0.7573983742 0.0000000000
0.5810000000 0.3490603822 0.0898865971 0.3023853702 2.1697494142 0.3490603822 0.0313758499 0.7573735597 0.0000000000
0.5820000000 0.3490618332 0.0898875150 0.3023857476 2.1697431969 0.3490618332 0.0313763008 0.7573745379 0.0000000000
0.5830000000 0.3490768129 0.0899312355 0.3024025789 2.1697747342 0.3490768129 0.0313929091 0.7574180488 0.0000000000
0.5840000000 0.3490991217 0.0899981899 0.3024283433 2.1698268650 0.3490991217 0.0314182890 0.7574846527 0.0000000000
0.5850000000 0.3491131832 0.0900392337 0.3024441473 2.1698564996 0.3491131832 0.0314338835 0.7575255096 0.0000000000
0.5860000000 0.3491088115 0.0900222352 0.3024376355 2.1698354584 0.3491088115 0.0314275555 0.7575086781 0.0000000000
0.5870000000 0.3490923898 0.0899673237 0.3024165478 2.1697813797 0.3490923898 0.0314069080 0.7574541671 0.0000000000
0.5880000000 0.3490799012 0.0899249148 0.3024002675 2.1697384518 0.3490799012 0.0313909804 0.7574120843 0.0000000000
0.5890000000 0.3490787768 0.0899184502 0.3023978054 2.1697272135 0.3490787768 0.0313886226 0.7574057216 0.0000000000
0.5900000000 0.3490808205 0.0899220694 0.3023992196 2.1697249879 0.3490808205 0.0313900698 0.7574093790 0.0000000000
0.5910000000 0.3490760003 0.0899041202 0.3023923421 2.1697040236 0.3490760003 0.0313833707 0.7573916024 0.0000000000
0.5920000000 0.3490697139 0.0898816267 0.3023837177 2.1696792361 0.3490697139 0.0313749537 0.7573693102 0.0000000000
0.5930000000 0.3490790165 0.0899083931 0.3023940295 2.1696977797 0.3490790165 0.0313851334 0.7573959671 0.0000000000
0.5940000000 0.3491088164 0.0899998953 0.3024292290 2.1697732179 0.3491088164 0.0314197569 0.7574869600 0.0000000000
0.5950000000 0.3491375806 0.0900881930 0.3024632001 2.1698459927 0.3491375806 0.0314531738 0.7575747802 0.0000000000
0.5960000000 0.3491354974 0.0900792572 0.3024597861 2.1698336639 0.3491354974 0.0314498663 0.7575659555 0.0000000000
0.5970000000 0.3490991196 0.0899622096 0.3024148056 2.1697266932 0.3490991196 0.0314057282 0.7574496783 0.0000000000
0.5980000000 0.3490612773 0.0898405911 0.3023680741 2.1696158502 0.3490612773 0.0313598715 0.7573288799 0.0000000000
0.5990000000 0.3490588730 0.0898308340 0.3023643447 2.1696031799 0.3490588730 0.0313562497 0.7573192407 0.0000000000
0.6000000000 0.3490912923 0.0899309991 0.3024028707 2.1696869731 0.3490912923 0.0313941287 0.7574188294 0.0000000000
0.6010000000 0.3491187910 0.0900156877 0.3024354508 2.1697573166 0.3491187910 0.0314261681 0.7575030511 0.0000000000
0.6020000000 0.3491077764 0.0899789452 0.3024213451 2.1697213273 0.3491077764 0.0314123495 0.7574665879 0.0000000000
0.6030000000 0.3490731933 0.0898679033 0.3023786772 2.1696203172 0.3490731933 0.0313704760 0.7573562924 0.0000000000
0.6040000000 0.3490653419 0.0898412401 0.3023684481 2.1695933704 0.3490653419 0.0313604632 0.7573298516 0.0000000000
0.6050000000 0.3491099402 0.0899800949 0.3024218478 2.1697116067 0.3491099402 0.0314129455 0.7574678893 0.0000000000
0.6060000000 0.3491690129 0.0901646250 0.3024928198 2.1698699892 0.3491690129 0.0314826931 0.7576513622 0.0000000000
0.6070000000 0.3491743799 0.0901798029 0.3024986765 2.1698799999 0.3491743799 0.0314884768 0.7576665035 0.0000000000
0.6080000000 0.3491048944 0.0899589367 0.3024137722 2.1696831739 0.3491048944 0.0314051051 0.7574470154 0.0000000000
0.6090000000 0.3490214252 0.0896939351 0.3023119267 2.1694477793 0.3490214252 0.0313051051 0.7571837558 0.0000000000
0.6100000000 0.3490110914 0.0896597081 0.3022987918 2.1694147390 0.3490110914 0.0312922326 0.7571498058 0.0000000000
0.6110000000 0.3490922073 0.0899140562 0.3023965761 2.1696346954 0.3490922073 0.0313882964 0.7574025647 0.0000000000
0.6120000000 0.3491841564 0.0902025297 0.3025075132 2.1698846781 0.3491841564 0.0314972942 0.7576893507 0.0000000000
0.6130000000 0.3491856711 0.0902058041 0.3025087915 2.1698847311 0.3491856711 0.0314985742 0.7576926559 0.0000000000
0.6140000000 0.3490871571 0.0898936183 0.3023887754 2.1696083220 0.3490871571 0.0313807076 0.7573824012 0.0000000000
0.6150000000 0.3489942349 0.0895989986 0.3022755546 2.1693474280 0.3489942349 0.0312695340 0.7570897460 0.0000000000
0.6160000000 0.3490238253 0.0896909838 0.3023109240 2.1694254413 0.3490238253 0.0313042903 0.7571811662 0.0000000000
0.6170000000 0.3491719564 0.0901569337 0.3024900692 2.1698313440 0.3491719564 0.0314802729 0.7576442555 0.0000000000
0.6180000000 0.3492963111 0.0905477109 0.3026403926 2.1701715079 0.3492963111 0.0316279814 0.7580329022 0.0000000000
0.6190000000 0.3492492253 0.0903979771 0.3025828101 2.1700378029 0.3492492253 0.0315714235 0.7578840216 0.0000000000
0.6200000000 0.3490383103 0.0897315041 0.3023265631 2.1694512283 0.3490383103 0.0313197326 0.7572215910 0.0000000000
0.6210000000 0.3488457768 0.0891226007 0.3020926279 2.1689154144 0.3488457768 0.0310900429 0.7566169825 0.0000000000
0.6220000000 0.3488669837 0.0891883498 0.3021179001 2.1689707761 0.3488669837 0.0311148706 0.7566822923 0.0000000000
0.6230000000 0.3491138591 0.0899662494 0.3024168505 2.1696502661 0.3491138591 0.0314084645 0.7574549772 0.0000000000
0.6240000000 0.3493796013 0.0908029641 0.3027387075 2.1703817693 0.3493796013 0.0317247034 0.7582871173 0.0000000000
0.6250000000 0.3494176890 0.0909218571 0.3027844837 2.1704839604 0.3494176890 0.0317697052 0.7584054895 0.0000000000
0.6260000000 0.3491791739 0.0901688566 0.3024948051 2.1698215600 0.3491791739 0.0314850869 0.7576564999 0.0000000000
0.6270000000 0.3488772964 0.0892152276 0.3021283078 2.1689837569 0.3488772964 0.0311251674 0.7567091891 0.0000000000
0.6280000000 0.3487992701 0.0889678001 0.3020332980 2.1687650464 0.3487992701 0.0310319037 0.7564636652 0.0000000000
0.6290000000 0.3490307251 0.0896973820 0.3023135999 2.1694023757 0.3490307251 0.0313071423 0.7571880842 0.0000000000
0.6300000000 0.3493554475 0.0907203682 0.3027070266 2.1702973345 0.3493554475 0.0316936548 0.7582051966 0.0000000000
0.6310000000 0.3494420983 0.0909924306 0.3028117532 2.1705341488 0.3494420983 0.0317965859 0.7584760074 0.0000000000
0.6320000000 0.3491635793 0.0901135802 0.3024736445 2.1697617970 0.3491635793 0.0314643802 0.7576017953 0.0000000000
0.6330000000 0.3487508032 0.0888099811 0.3019727612 2.1686179125 0.3487508032 0.0309725522 0.7563072389 0.0000000000
0.6340000000 0.3486124747 0.0883720969 0.3018047009 2.1682328482 0.3486124747 0.0308076154 0.7558730190 0.0000000000
0.6350000000 0.3489595991 0.0894675467 0.3022253500 2.1691909045 0.3489595991 0.0312205592 0.7569599883 0.0000000000
0.6360000000 0.3495686113 0.0913870332 0.3029637013 2.1708727716 0.3495686113 0.0319460383 0.7588689801 0.0000000000
0.6370000000 0.3499181176 0.0924864285 0.3033873593 2.1718365364 0.3499181176 0.0323626770 0.7599649525 0.0000000000
0.6380000000 0.3496232835 0.0915577411 0.3030294745 2.1710198849 0.3496232835 0.0320107181 0.7590391007 0.0000000000
0.6390000000 0.3488109108 0.0889956818 0.3020440755 2.1687725269 0.3488109108 0.0310426648 0.7564915204 0.0000000000
0.6400000000 0.3480839236 0.0866969408 0.3011624498 2.1667598965 0.3480839236 0.0301778113 0.7542142864 0.0000000000
0.6410000000 0.3480649506 0.0866361830 0.3011392054 2.1667055815 0.3480649506 0.0301550188 0.7541542713 0.0000000000
0.6420000000 0.3488785878 0.0892076031 0.3021254777 2.1689547827 0.3488785878 0.0311226226 0.7567018815 0.0000000000
0.6430000000 0.3499895068 0.0927077997 0.3034726837 2.1720243837 0.3499895068 0.0324467571 0.7601857429 0.0000000000
0.6440000000 0.3505546909 0.0944832718 0.3041581723 2.1735842280 0.3505546909 0.0331215541 0.7619601473 0.0000000000
0.6450000000 0.3500688578 0.0929561276 0.3035685122 2.1722404275 0.3500688578 0.0325410454 0.7604337254 0.0000000000
0.6460000000 0.3488063342 0.0889774145 0.3020370442 2.1687489094 0.3488063342 0.0310358858 0.7564733569 0.0000000000
0.6470000000 0.3476645831 0.0853651338 0.3006527115 2.1655888091 0.3476645831 0.0296784336 0.7528985305 0.0000000000
0.6480000000 0.3475077757 0.0848674390 0.3004624679 2.1651533630 0.3475077757 0.0294920950 0.7524076292 0.0000000000
0.6490000000 0.3485205207 0.0880728523 0.3016898795 2.1679538523 0.3485205207 0.0306951964 0.7555764055 0.0000000000
0.6500000000 0.3500365723 0.0928519784 0.3035283024 2.1721435262 0.3500365723 0.0325015883 0.7603296744 0.0000000000
0.6510000000 0.3509684088 0.0957776059 0.3046587734 2.1747162774 0.3509684088 0.0336149139 0.7632567115 0.0000000000
0.6520000000 0.3505847101 0.0945732307 0.3041929806 2.1736552137 0.3505847101 0.0331559287 0.7620502830 0.0000000000
0.6530000000 0.3490869248 0.0898592724 0.3023758947 2.1695144303 0.3490869248 0.0313686971 0.7573491209 0.0000000000
0.6540000000 0.3475029610 0.0848493542 0.3004555061 2.1651316920 0.3475029610 0.0294854018 0.7523896738 0.0000000000
0.6550000000 0.3469597337 0.0831249786 0.2997971251 2.1636272005 0.3469597337 0.0288410204 0.7506915173 0.0000000000
0.6560000000 0.3478977771 0.0860994937 0.3009337216 2.1662219707 0.3478977771 0.0299538225 0.7536238084 0.0000000000
0.6570000000 0.3497557102 0.0919652599 0.3031864226 2.1713587026 0.3497557102 0.0321653748 0.7594451051 0.0000000000
0.6580000000 0.3512975125 0.0968065906 0.3050572013 2.1756177350 0.3512975125 0.0340079145 0.7642890984 0.0000000000
0.6590000000 0.3514173577 0.0971815618 0.3052025874 2.1759480276 0.3514173577 0.0341512877 0.7646659063 0.0000000000
0.6600000000 0.3499329464 0.0925221792 0.3034011187 2.1718462907 0.3499329464 0.0323765588 0.7600005716 0.0000000000
0.6610000000 0.3477612009 0.0856662088 0.3007677596 2.1658409696 0.3477612009 0.0297913837 0.7531954565 0.0000000000
0.6620000000 0.3463061340 0.0810463740 0.2990049655 2.1618149342 0.3463061340 0.0280668565 0.7486497722 0.0000000000
0.6630000000 0.3465427376 0.0817986947 0.2992914543 2.1624692078 0.3465427376 0.0283467436 0.7493879991 0.0000000000
0.6640000000 0.3484207950 0.0877528937 0.3015670570 2.1676638496 0.3484207950 0.0305749330 0.7552591618 0.0000000000
0.6650000000 0.3508671695 0.0954571966 0.3045345378 2.1744266064 0.3508671695 0.0334927964 0.7629349087 0.0000000000
0.6660000000 0.3523709925 0.1001641245 0.3063604891 2.1785813305 0.3523709925 0.0352949320 0.7676688656 0.0000000000
0.6670000000 0.3519114470 0.0987278453 0.3058023448 2.1773117697 0.3519114470 0.0347434589 0.7662209355 0.0000000000
0.6680000000 0.3496662764 0.0916823551 0.3030772791 2.1711066694 0.3496662764 0.0320582277 0.7591627847 0.0000000000
0.6690000000 0.3469286340 0.0830257750 0.2997588642 2.1635368917 0.3469286340 0.0288040187 0.7505928984 0.0000000000
0.6700000000 0.3452814748 0.0777824574 0.2977647919 2.1589819603 0.3452814748 0.0268568416 0.7454564753 0.0000000000
0.6710000000 0.3456809390 0.0790562148 0.2982482012 2.1600865184 0.3456809390 0.0273282266 0.7467007361 0.0000000000
0.6720000000 0.3479835675 0.0863695470 0.3010368263 2.1664528511 0.3479835675 0.0300551831 0.7538899920 0.0000000000
0.6730000000 0.3510121225 0.0959116054 0.3047102165 2.1748252521 0.3510121225 0.0336661362 0.7633900278 0.0000000000
0.6740000000 0.3531053844 0.1024561196 0.3072528615 2.1806109641 0.3531053844 0.0361778075 0.7699854726 0.0000000000
0.6750000000 0.3530207831 0.1021923114 0.3071500940 2.1803775222 0.3530207831 0.0360760098 0.7697185804 0.0000000000
0.6760000000 0.3507210252 0.0949977927 0.3043567770 2.1740199269 0.3507210252 0.0333177232 0.7624744977 0.0000000000
0.6770000000 0.3474241265 0.0845972193 0.3003587137 2.1649043063 0.3474241265 0.0293911150 0.7521399876 0.0000000000
0.6780000000 0.3448461443 0.0763936089 0.2972382710 2.1577794847 0.3448461443 0.0263440415 0.7441019356 0.0000000000
0.6790000000 0.3442622288 0.0745268182 0.2965323041 2.1561668891 0.3442622288 0.0256567685 0.7422868190 0.0000000000
0.6800000000 0.3459707905 0.0799794575 0.2985988196 2.1608864322 0.3459707905 0.0276705561 0.7476035871 0.0000000000
0.6810000000 0.3492254904 0.0902912070 0.3025417005 2.1698810734 0.3492254904 0.0315319910 0.7577777821 0.0000000000
0.6820000000 0.3525134643 0.1006090626 0.3065331817 2.1789722518 0.3525134643 0.0354660492 0.7681170572 0.0000000000
0.6830000000 0.3541874736 0.1058241936 0.3085685659 2.1836024776 0.3541874736 0.0374816038 0.7734046449 0.0000000000
0.6840000000 0.3533277790 0.1031490751 0.3075231317 2.1812252858 0.3533277790 0.0364454336 0.7706874857 0.0000000000
0.6850000000 0.3503107822 0.0937073361 0.3038581490 2.1728803735 0.3503107822 0.0328266902 0.7611834233 0.0000000000
0.6860000000 0.3465836936 0.0819286435 0.2993404004 2.1625777614 0.3465836936 0.0283951319 0.7495141882 0.0000000000
0.6870000000 0.3438215872 0.0731183026 0.2960001481 2.1549532729 0.3438215872 0.0251396508 0.7409194547 0.0000000000
0.6880000000 0.3431487159 0.0709616682 0.2951876035 2.1530984882 0.3431487159 0.0243504053 0.7388329814 0.0000000000
0.6890000000 0.3448174517 0.0763021849 0.2972036104 2.1577005168 0.3448174517 0.0263103249 0.7440127937 0.0000000000
0.6900000000 0.3482192601 0.0871113075 0.3013209673 2.1670933076 0.3482192601 0.0303338351 0.7546236282 0.0000000000
0.6910000000 0.3520505025 0.0991609502 0.3059701285 2.1776880119 0.3520505025 0.0349096623 0.7666561589 0.0000000000
0.6920000000 0.3547050649 0.1074333553 0.3091986621 2.1850368707 0.3547050649 0.0381071553 0.7750436450 0.0000000000
0.6930000000 0.3549608276 0.1082272342 0.3095101859 2.1857463033 0.3549608276 0.0384164286 0.7758543168 0.0000000000
0.6940000000 0.3526475056 0.1010266237 0.3066958030 2.1793409066 0.3526475056 0.0356267869 0.7685391345 0.0000000000
0.6950000000 0.3487543487 0.0888013405 0.3019692441 2.1685699271 0.3487543487 0.0309698537 0.7562981925 0.0000000000
0.6960000000 0.3448457278 0.0763934720 0.2972378412 2.1577789618 0.3448457278 0.0263439624 0.7441008565 0.0000000000
0.6970000000 0.3422855249 0.0681942800 0.2941471189 2.1507298328 0.3422855249 0.0233419149 0.7361636898 0.0000000000
0.6980000000 0.3418124761 0.0666732219 0.2935769088 2.1494300414 0.3418124761 0.0227897391 0.7347020046 0.0000000000
0.6990000000 0.3435111902 0.0721257380 0.2956257721 2.1541013654 0.3435111902 0.0247759981 0.7399579238 0.0000000000
0.7000000000 0.3469045379 0.0829428073 0.2997273490 2.1634529306 0.3469045379 0.0287732362 0.7505116391 0.0000000000
0.7010000000 0.3510169075 0.0959191334 0.3047133356 2.1748186052 0.3510169075 0.0336692376 0.7633981011 0.0000000000
0.7020000000 0.3545207935 0.1068611155 0.3089742166 2.1845255485 0.3545207935 0.0378844875 0.7744597308 0.0000000000
0.7030000000 0.3561391356 0.1118797057 0.3109460889 2.1890156213 0.3561391356 0.0398447417 0.7795941312 0.0000000000
0.7040000000 0.3552243274 0.1090456102 0.3098313086 2.1864782002 0.3552243274 0.0387356536 0.7766902480 0.0000000000
0.7050000000 0.3521154242 0.0993597800 0.3060477323 2.1778581238 0.3521154242 0.0349861111 0.7668574370 0.0000000000
0.7060000000 0.3479373484 0.0862131229 0.3009772142 2.1662983193 0.3479373484 0.0299967654 0.7537360930 0.0000000000
0.7070000000 0.3439931147 0.0736676211 0.2962072067 2.1554251995 0.3439931147 0.0253411544 0.7414514279 0.0000000000
0.7080000000 0.3412374634 0.0648265988 0.2928853146 2.1478600342 0.3412374634 0.0221212641 0.7329303097 0.0000000000
0.7090000000 0.3401226273 0.0612325597 0.2915441613 2.1448088929 0.3401226273 0.0208265791 0.7294980357 0.0000000000
0.7100000000 0.3407151758 0.0631437021 0.2922567459 2.1464294932 0.3407151758 0.0215140176 0.7313211021 0.0000000000
0.7110000000 0.3428431993 0.0699830820 0.2948191394 2.1522591370 0.3428431993 0.0239932237 0.7378874083 0.0000000000
0.7120000000 0.3461419347 0.0805116409 0.2988017261 2.1613277902 0.3461419347 0.0278684552 0.7481261829 0.0000000000
0.7130000000 0.3500168478 0.0927655538 0.3034957296 2.1720250173 0.3500168478 0.0324695067 0.7602453499 0.0000000000
0.7140000000 0.3536369101 0.1041026924 0.3078956881 2.1820557904 0.3536369101 0.0368145545 0.7716554673 0.0000000000
0.7150000000 0.3560810557 0.1116968015 0.3108741194 2.1888459128 0.3560810557 0.0397731150 0.7794065635 0.0000000000
0.7160000000 0.3566549373 0.1134729859 0.3115744272 2.1904427839 0.3566549373 0.0404707007 0.7812322337 0.0000000000
0.7170000000 0.3552112300 0.1089992508 0.3098134039 2.1864275323 0.3552112300 0.0387177579 0.7766436130 0.0000000000
0.7180000000 0.3522249361 0.0996904142 0.3061769931 2.1781328950 0.3522249361 0.0351134498 0.7671927198 0.0000000000
0.7190000000 0.3485410773 0.0881068966 0.3017040709 2.1679310075 0.3485410773 0.0307088727 0.7556130089 0.0000000000
0.7200000000 0.3449824061 0.0768138338 0.2973980548 2.1581184573 0.3449824061 0.0264994212 0.7445128981 0.0000000000
0.7210000000 0.3420816988 0.0675355084 0.2939000658 2.1501597193 0.3420816988 0.0231026615 0.7355302895 0.0000000000
0.7220000000 0.3400384926 0.0609616888 0.2914431225 2.1445797142 0.3400384926 0.0207293208 0.7292396534 0.0000000000
0.7230000000 0.3388197224 0.0570258807 0.2899805317 2.1412633145 0.3388197224 0.0193214931 0.7255022419 0.0000000000
0.7240000000 0.3382846308 0.0552946548 0.2893391597 2.1398106385 0.3382846308 0.0187053319 0.7238650517 0.0000000000
0.7250000000 0.3382710876 0.0552507740 0.2893229204 2.1397738053 0.3382710876 0.0186897394 0.7238236123 0.0000000000
0.7260000000 0.3386368678 0.0564339765 0.2897611452 2.1407654522 0.3386368678 0.0191106250 0.7249421074 0.0000000000
0.7270000000 0.3392716162 0.0584845771 0.2905219928 2.1424875454 0.3392716162 0.0198421570 0.7268852121 0.0000000000
0.7280000000 0.3400950678 0.0611400094 0.2915098142 2.1447244004 0.3400950678 0.0207934156 0.7294101903 0.0000000000
0.7290000000 0.3410508420 0.0642155281 0.2926575170 2.1473249344 0.3410508420 0.0219007599 0.7323469768 0.0000000000
0.7300000000 0.3421000226 0.0675835476 0.2939188237 2.1501849982 0.3421000226 0.0231203331 0.7355783364 0.0000000000
0.7310000000 0.3432159298 0.0711566130 0.2952620168 2.1532332103 0.3432159298 0.0244220831 0.7390239385 0.0000000000
0.7320000000 0.3443802716 0.0748747972 0.2966653510 2.1564206119 0.3443802716 0.0257854030 0.7426287160 0.0000000000
0.7330000000 0.3455804492 0.0786968565 0.2981138488 2.1597134539 0.3455804492 0.0271960950 0.7463547455 0.0000000000
0.7340000000 0.3468077201 0.0825941946 0.2995971166 2.1630882898 0.3468077201 0.0286443043 0.7501757181 0.0000000000
0.7350000000 0.3480559603 0.0865467959 0.3011078749 2.1665286719 0.3480559603 0.0301231281 0.7540732174 0.0000000000
0.7360000000 0.3493208344 0.0905404991 0.3026409719 2.1700229365 0.3493208344 0.0316276827 0.7580342229 0.0000000000
0.7370000000 0.3505992382 0.0945651690 0.3041927212 2.1735627158 0.3505992382 0.0331544762 0.7620494323 0.0000000000
0.7380000000 0.3518889225 0.0986134638 0.3057604549 2.1771419342 0.3518889225 0.0347009855 0.7661121294 0.0000000000
0.7390000000 0.3531882388 0.1026800002 0.3073422206 2.1807561263 0.3531882388 0.0362653684 0.7702174155 0.0000000000
0.7400000000 0.3544959641 0.1067607824 0.3089365735 2.1844019697 0.3544959641 0.0378462665 0.7743616822 0.0000000000
0.7410000000 0.3558111807 0.1108528084 0.3105424329 2.1880769627 0.3558111807 0.0394426686 0.7785422476 0.0000000000
0.7420000000 0.3571331924 0.1149537961 0.3121589825 2.1917791988 0.3571331924 0.0410538162 0.7827571023 0.0000000000
0.7430000000 0.3584614650 0.1190619901 0.3137855995 2.1955072082 0.3584614650 0.0426791354 0.7870047302 0.0000000000
0.7440000000 0.3597955845 0.1231760253 0.3154218048 2.1992598446 0.3597955845 0.0443181900 0.7912839813 0.0000000000
0.7450000000 0.3611352269 0.1272948284 0.3170672267 2.2030362043 0.3611352269 0.0459706467 0.7955939795 0.0000000000
0.7460000000 0.3624801361 0.1314175461 0.3187215749 2.2068355671 0.3624801361 0.0476362500 0.7999340567 0.0000000000
0.7470000000 0.3638301079 0.1355434939 0.3203846211 2.2106573526 0.3638301079 0.0493148040 0.8043037032 0.0000000000
0.7480000000 0.3651849783 0.1396721165 0.3220561852 2.2145010888 0.3651849783 0.0510061588 0.8087025322 0.0000000000
0.7490000000 0.3665446143 0.1438029596 0.3237361241 2.2183663875 0.3665446143 0.0527102004 0.8131302518 0.0000000000
0.7500000000 0.3679089071 0.1479356479 0.3254243241 2.2222529263 0.3679089071 0.0544268425 0.8175866454 0.0000000000
0.7510000000 0.3692777675 0.1520698683 0.3271206945 2.2261604352 0.3692777675 0.0561560215 0.8220715557 0.0000000000
0.7520000000 0.3706511217 0.1562053578 0.3288251631 2.2300886853 0.3706511217 0.0578976911 0.8265848726 0.0000000000
0.7530000000 0.3720289078 0.1603418932 0.3305376725 2.2340374811 0.3720289078 0.0596518194 0.8311265240 0.0000000000
0.7540000000 0.3734110742 0.1644792834 0.3322581770 2.2380066538 0.3734110742 0.0614183859 0.8356964686 0.0000000000
0.7550000000 0.3747975773 0.1686173637 0.3339866410 2.2419960564 0.3747975773 0.0631973794 0.8402946902 0.0000000000
0.7560000000 0.3761883799 0.1727559907 0.3357230363 2.2460055593 0.3761883799 0.0649887963 0.8449211927 0.0000000000
0.7570000000 0.3775834505 0.1768950385 0.3374673415 2.2500350477 0.3775834505 0.0667926390 0.8495759970 0.0000000000
0.7580000000 0.3789827616 0.1810343957 0.3392195404 2.2540844183 0.3789827616 0.0686089152 0.8542591378 0.0000000000
0.7590000000 0.3803862898 0.1851739629 0.3409796212 2.2581535775 0.3803862898 0.0704376367 0.8589706610 0.0000000000
0.7600000000 0.3817940142 0.1893136506 0.3427475755 2.2622424398 0.3817940142 0.0722788186 0.8637106222 0.0000000000
0.7610000000 0.3832059168 0.1934533775 0.3445233980 2.2663509259 0.3832059168 0.0741324789 0.8684790843 0.0000000000
0.7620000000 0.3846219813 0.1975930692 0.3463070859 2.2704789621 0.3846219813 0.0759986378 0.8732761169 0.0000000000
0.7630000000 0.3860421933 0.2017326569 0.3480986383 2.2746264787 0.3860421933 0.0778773173 0.8781017948 0.0000000000
0.7640000000 0.3874665397 0.2058720764 0.3498980558 2.2787934096 0.3874665397 0.0797685411 0.8829561970 0.0000000000
0.7650000000 0.3888950082 0.2100112675 0.3517053403 2.2829796912 0.3888950082 0.0816723336 0.8878394058 0.0000000000
0.7660000000 0.3903275878 0.2141501728 0.3535204947 2.2871852622 0.3903275878 0.0835887204 0.8927515062 0.0000000000
0.7670000000 0.3917642677 0.2182887378 0.3553435227 2.2914100623 0.3917642677 0.0855177275 0.8976925852 0.0000000000
0.7680000000 0.3932050380 0.2224269095 0.3571744284 2.2956540327 0.3932050380 0.0874593814 0.9026627311 0.0000000000
0.7690000000 0.3946498886 0.2265646369 0.3590132163 2.2999171146 0.3946498886 0.0894137087 0.9076620331 0.0000000000
0.7700000000 0.3960988100 0.2307018694 0.3608598910 2.3041992497 0.3960988100 0.0913807360 0.9126905808 0.0000000000
0.7710000000 0.3975517925 0.2348385576 0.3627144570 2.3085003792 0.3975517925 0.0933604895 0.9177484638 0.0000000000
0.7720000000 0.3990088265 0.2389746521 0.3645769186 2.3128204437 0.3990088265 0.0953529955 0.9228357711 0.0000000000
0.7730000000 0.4004699018 0.2431101035 0.3664472800 2.3171593830 0.4004699018 0.0973582793 0.9279525906 0.0000000000
0.7740000000 0.4019350083 0.2472448621 0.3683255445 2.3215171352 0.4019350083 0.0993763657 0.9330990091 0.0000000000
0.7750000000 0.4034041353 0.2513788775 0.3702117151 2.3258936373 0.4034041353 0.1014072787 0.9382751116 0.0000000000
0.7760000000 0.4048772715 0.2555120983 0.3721057938 2.3302888238 0.4048772715 0.1034510412 0.9434809808 0.0000000000
0.7770000000 0.4063544050 0.2596444719 0.3740077819 2.3347026273 0.4063544050 0.1055076749 0.9487166970 0.0000000000
0.7780000000 0.4078355232 0.2637759444 0.3759176794 2.3391349775 0.4078355232 0.1075772003 0.9539823373 0.0000000000
0.7790000000 0.4093206124 0.2679064596 0.3778354852 2.3435858014 0.4093206124 0.1096596361 0.9592779755 0.0000000000
0.7800000000 0.4108096582 0.2720359598 0.3797611968 2.3480550224 0.4108096582 0.1117549997 0.9646036813 0.0000000000
0.7810000000 0.4123026450 0.2761643843 0.3816948101 2.3525425604 0.4123026450 0.1138633061 0.9699595201 0.0000000000
0.7820000000 0.4137995558 0.2802916700 0.3836363192 2.3570483308 0.4137995558 0.1159845685 0.9753455522 0.0000000000
0.7830000000 0.4153003722 0.2844177506 0.3855857164 2.3615722448 0.4153003722 0.1181187977 0.9807618323 0.0000000000
0.7840000000 0.4168050745 0.2885425563 0.3875429917 2.3661142084 0.4168050745 0.1202660017 0.9862084090 0.0000000000
0.7850000000 0.4183136412 0.2926660135 0.3895081328 2.3706741218 0.4183136412 0.1224261858 0.9916853239 0.0000000000
0.7860000000 0.4198260486 0.2967880443 0.3914811248 2.3752518792 0.4198260486 0.1245993519 0.9971926109 0.0000000000
0.7870000000 0.4213422714 0.3009085660 0.3934619497 2.3798473682 0.4213422714 0.1267854987 1.0027302956 0.0000000000
0.7880000000 0.4228622815 0.3050274905 0.3954505865 2.3844604685 0.4228622815 0.1289846206 1.0082983939 0.0000000000
0.7890000000 0.4243860487 0.3091447241 0.3974470106 2.3890910518 0.4243860487 0.1311967079 1.0138969115 0.0000000000
0.7900000000 0.4259135397 0.3132601663 0.3994511933 2.3937389806 0.4259135397 0.1334217463 1.0195258424 0.0000000000
0.7910000000 0.4274447181 0.3173737096 0.4014631016 2.3984041076 0.4274447181 0.1356597159 1.0251851677 0.0000000000
0.7920000000 0.4289795442 0.3214852386 0.4034826979 2.4030862739 0.4289795442 0.1379105911 1.0308748544 0.0000000000
0.7930000000 0.4305179742 0.3255946287 0.4055099389 2.4077853086 0.4305179742 0.1401743400 1.0365948534 0.0000000000
0.7940000000 0.4320599604 0.3297017458 0.4075447756 2.4125010271 0.4320599604 0.1424509232 1.0423450981 0.0000000000
0.7950000000 0.4336054500 0.3338064445 0.4095871523 2.4172332295 0.4336054500 0.1447402936 1.0481255022 0.0000000000
0.7960000000 0.4351543852 0.3379085673 0.4116370058 2.4219816990 0.4351543852 0.1470423948 1.0539359571 0.0000000000
0.7970000000 0.4367067021 0.3420079429 0.4136942648 2.4267461998 0.4367067021 0.1493571609 1.0597763298 0.0000000000
0.7980000000 0.4382623304 0.3461043847 0.4157588487 2.4315264751 0.4382623304 0.1516845142 1.0656464594 0.0000000000
0.7990000000 0.4398211922 0.3501976886 0.4178306662 2.4363222439 0.4398211922 0.1540243649 1.0715461538 0.0000000000
0.8000000000 0.4413832011 0.3542876310 0.4199096146 2.4411331988 0.4413832011 0.1563766087 1.0774751857 0.0000000000
0.8010000000 0.4429482617 0.3583739662 0.4219955778 2.4459590016 0.4429482617 0.1587411254 1.0834332879 0.0000000000
0.8020000000 0.4445162672 0.3624564234 0.4240884245 2.4507992802 0.4445162672 0.1611177764 1.0894201477 0.0000000000
0.8030000000 0.4460870990 0.3665347030 0.4261880062 2.4556536227 0.4460870990 0.1635064024 1.0954354008 0.0000000000
0.8040000000 0.4476606244 0.3706084726 0.4282941547 2.4605215728 0.4476606244 0.1659068202 1.1014786235 0.0000000000
0.8050000000 0.4492366942 0.3746773619 0.4304066793 2.4654026221 0.4492366942 0.1683188195 1.1075493238 0.0000000000
0.8060000000 0.4508151410 0.3787409568 0.4325253627 2.4702962029 0.4508151410 0.1707421579 1.1136469310 0.0000000000
0.8070000000 0.4523957753 0.3827987924 0.4346499576 2.4752016781 0.4523957753 0.1731765565 1.1197707822 0.0000000000
0.8080000000 0.4539783825 0.3868503438 0.4367801805 2.4801183292 0.4539783825 0.1756216934 1.1259201075 0.0000000000
0.8090000000 0.4555627179 0.3908950162 0.4389157064 2.4850453426 0.4555627179 0.1780771960 1.1320940103 0.0000000000
0.8100000000 0.4571485014 0.3949321310 0.4410561605 2.4899817916 0.4571485014 0.1805426318 1.1382914444 0.0000000000
0.8110000000 0.4587354106 0.3989609104 0.4432011086 2.4949266146 0.4587354106 0.1830174971 1.1445111851 0.0000000000
0.8120000000 0.4603230727 0.4029804569 0.4453500454 2.4998785883 0.4603230727 0.1855012022 1.1507517932 0.0000000000
0.8130000000 0.4619110532 0.4069897285 0.4475023799 2.5048362940 0.4619110532 0.1879930541 1.1570115707 0.0000000000
0.8140000000 0.4634988434 0.4109875073 0.4496574164 2.5097980758 0.4634988434 0.1904922343 1.1632885054 0.0000000000
0.8150000000 0.4650858439 0.4149723616 0.4518143324 2.5147619883 0.4650858439 0.1929977710 1.1695802015 0.0000000000
0.8160000000 0.4666713439 0.4189425969 0.4539721494 2.5197257321 0.4666713439 0.1955085047 1.1758837937 0.0000000000
0.8170000000 0.4682544969 0.4228961981 0.4561296979 2.5246865739 0.4682544969 0.1980230465 1.1821958416 0.0000000000
0.8180000000 0.4698342897 0.4268307571 0.4582855751 2.5296412490 0.4698342897 0.2005397256 1.1885121993 0.0000000000
0.8190000000 0.4714095055 0.4307433871 0.4604380925 2.5345858443 0.4714095055 0.2030565271 1.1948278595 0.0000000000
0.8200000000 0.4729786812 0.4346306212 0.4625852151 2.5395156594 0.4729786812 0.2055710180 1.2011367674 0.0000000000
0.8210000000 0.4745400566 0.4384882962 0.4647244903 2.5444250462 0.4745400566 0.2080802609 1.2074316054 0.0000000000
0.8220000000 0.4760915185 0.4423114229 0.4668529686 2.5493072290 0.4760915185 0.2105807170 1.2137035498 0.0000000000
0.8230000000 0.4776305404 0.4460940475 0.4689671174 2.5541541104 0.4776305404 0.2130681410 1.2199420081 0.0000000000
0.8240000000 0.4791541206 0.4498291124 0.4710627328 2.5589560734 0.4791541206 0.2155374728 1.2261343469 0.0000000000
0.8250000000 0.4806587242 0.4535083269 0.4731348565 2.5637017942 0.4806587242 0.2179827338 1.2322656337 0.0000000000
0.8260000000 0.4821402362 0.4571220645 0.4751777064 2.5683780885 0.4821402362 0.2203969402 1.2383184182 0.0000000000
0.8270000000 0.4835939324 0.4606593080 0.4771846336 2.5729698179 0.4835939324 0.2227720462 1.2442725922 0.0000000000
0.8280000000 0.4850144811 0.4641076634 0.4791481201 2.5774598902 0.4850144811 0.2250989375 1.2501053712 0.0000000000
0.8290000000 0.4863959837 0.4674534701 0.4810598332 2.5818293866 0.4863959837 0.2273674904 1.2557914443 0.0000000000
0.8300000000 0.4877320661 0.4706820268 0.4829107496 2.5860578494 0.4877320661 0.2295667174 1.2613033379 0.0000000000
0.8310000000 0.4890160268 0.4737779507 0.4846913606 2.5901237525 0.4890160268 0.2316850110 1.2666120263 0.0000000000
0.8320000000 0.4902410449 0.4767256715 0.4863919625 2.5940051633 0.4902410449 0.2337104913 1.2716878017 0.0000000000
0.8330000000 0.4914004432 0.4795100504 0.4880030259 2.5976805818 0.4914004432 0.2356314513 1.2765013892 0.0000000000
0.8340000000 0.4924879936 0.4821170911 0.4895156260 2.6011299164 0.4924879936 0.2374368789 1.2810252536 0.0000000000
0.8350000000 0.4934982434 0.4845346932 0.4909219051 2.6043355287 0.4934982434 0.2391170200 1.2852350087 0.0000000000
0.8360000000 0.4944268350 0.4867533827 0.4922155268 2.6072832578 0.4944268350 0.2406639344 1.2891108090 0.0000000000
0.8370000000 0.4952707861 0.4887669459 0.4933920769 2.6099633212 0.4952707861 0.2420719895 1.2926385857 0.0000000000
0.8380000000 0.4960286999 0.4905728964 0.4944493661 2.6123709920 0.4960286999 0.2433382360 1.2958109868 0.0000000000
0.8390000000 0.4967008793 0.4921727162 0.4953875979 2.6145069700 0.4967008793 0.2444626209 1.2986279109 0.0000000000
0.8400000000 0.4972893294 0.4935718402 0.4962093795 2.6163773975 0.4972893294 0.2454480094 1.3010965616 0.0000000000
0.8410000000 0.4977976477 0.4947793798 0.4969195716 2.6179935132 0.4977976477 0.2463000114 1.3032310125 0.0000000000
0.8420000000 0.4982308115 0.4958076143 0.4975249947 2.6193709797 0.4982308115 0.2470266300 1.3050513287 0.0000000000
0.8430000000 0.4985948885 0.4966713059 0.4980340229 2.6205289620 0.4985948885 0.2476377744 1.3065823455 0.0000000000
0.8440000000 0.4988967002 0.4973869105 0.4984561115 2.6214890539 0.4988967002 0.2481446884 1.3078522386 0.0000000000
0.8450000000 0.4991434724 0.4979717626 0.4988013048 2.6222741641 0.4991434724 0.2485593547 1.3088910320 0.0000000000
0.8460000000 0.4993425047 0.4984433061 0.4990797695 2.6229074590 0.4993425047 0.2488939289 1.3097291803 0.0000000000
0.8470000000 0.4995008832 0.4988184290 0.4993013890 2.6234114447 0.4995008832 0.2491602458 1.3103963337 0.0000000000
0.8480000000 0.4996252532 0.4991129374 0.4994754409 2.6238072393 0.4996252532 0.2493694277 1.3109203561 0.0000000000
0.8490000000 0.4997216584 0.4993411864 0.4996103698 2.6241140573 0.4997216584 0.2495316057 1.3113266284 0.0000000000
0.8500000000 0.4997954459 0.4995158629 0.4997136504 2.6243489037 0.4997954459 0.2496557534 1.3116376305 0.0000000000
0.8510000000 0.4998512290 0.4996479048 0.4997917345 2.6245264534 0.4998512290 0.2497496193 1.3118727733 0.0000000000
0.8520000000 0.4998928971 0.4997465283 0.4998500632 2.6246590809 0.4998928971 0.2498197399 1.3120484319 0.0000000000
0.8530000000 0.4999236603 0.4998193372 0.4998931281 2.6247570008 0.4999236603 0.2498715125 1.3121781272 0.0000000000
0.8540000000 0.4999461161 0.4998724824 0.4999245644 2.6248284792 0.4999461161 0.2499093061 1.3122728036 0.0000000000
0.8550000000 0.4999623281 0.4999108495 0.4999472602 2.6248800837 0.4999623281 0.2499365921 1.3123411575 0.0000000000
0.8560000000 0.4999739075 0.4999382527 0.4999634709 2.6249169427 0.4999739075 0.2499560817 1.3123899807 0.0000000000
0.8570000000 0.4999820924 0.4999576222 0.4999749295 2.6249429965 0.4999820924 0.2499698580 1.3124244917 0.0000000000
0.8580000000 0.4999878194 0.4999711753 0.4999829473 2.6249612268 0.4999878194 0.2499794977 1.3124486399 0.0000000000
0.8590000000 0.4999917874 0.4999805653 0.4999885024 2.6249738575 0.4999917874 0.2499861765 1.3124653709 0.0000000000
0.8600000000 0.4999945102 0.4999870087 0.4999923143 2.6249825249 0.4999945102 0.2499907596 1.3124768518 0.0000000000
0.8610000000 0.4999963612 0.4999913890 0.4999949057 2.6249884169 0.4999963612 0.2499938751 1.3124846566 0.0000000000
0.8620000000 0.4999976080 0.4999943395 0.4999966512 2.6249923857 0.4999976080 0.2499959737 1.3124899138 0.0000000000
0.8630000000 0.4999984403 0.4999963092 0.4999978165 2.6249950353 0.4999984403 0.2499973748 1.3124934235 0.0000000000
0.8640000000 0.4999989912 0.4999976127 0.4999985876 2.6249967887 0.4999989912 0.2499983019 1.3124957462 0.0000000000
0.8650000000 0.4999993526 0.4999984679 0.4999990936 2.6249979391 0.4999993526 0.2499989102 1.3124972701 0.0000000000
0.8660000000 0.4999995877 0.4999990243 0.4999994228 2.6249986876 0.4999995877 0.2499993060 1.3124982615 0.0000000000
0.8670000000 0.4999997394 0.4999993834 0.4999996352 2.6249991706 0.4999997394 0.2499995614 1.3124989013 0.0000000000
0.8680000000 0.4999998366 0.4999996132 0.4999997712 2.6249994798 0.4999998366 0.2499997249 1.3124993109 0.0000000000
0.8690000000 0.4999998982 0.4999997592 0.4999998575 2.6249996761 0.4999998982 0.2499998287 1.3124995709 0.0000000000
0.8700000000 0.4999999371 0.4999998512 0.4999999119 2.6249997998 0.4999999371 0.2499998941 1.3124997348 0.0000000000
0.8710000000 0.4999999614 0.4999999087 0.4999999460 2.6249998771 0.4999999614 0.2499999350 1.3124998372 0.0000000000
0.8720000000 0.4999999765 0.4999999443 0.4999999671 2.6249999251 0.4999999765 0.2499999604 1.3124999008 0.0000000000
0.8730000000 0.4999999858 0.4999999663 0.4999999801 2.6249999547 0.4999999858 0.2499999760 1.3124999400 0.0000000000
0.8740000000 0.4999999914 0.4999999798 0.4999999880 2.6249999728 0.4999999914 0.2499999856 1.3124999639 0.0000000000
0.8750000000 0.4999999949 0.4999999879 0.4999999929 2.6249999838 0.4999999949 0.2499999914 1.3124999785 0.0000000000
0.8760000000 0.4999999970 0.4999999928 0.4999999958 2.6249999904 0.4999999970 0.2499999949 1.3124999872 0.0000000000
0.8770000000 0.4999999982 0.4999999958 0.4999999975 2.6249999943 0.4999999982 0.2499999970 1.3124999925 0.0000000000
0.8780000000 0.4999999990 0.4999999975 0.4999999985 2.6249999967 0.4999999990 0.2499999982 1.3124999956 0.0000000000
0.8790000000 0.4999999994 0.4999999986 0.4999999992 2.6249999981 0.4999999994 0.2499999990 1.3124999974 0.0000000000
0.8800000000 0.4999999997 0.4999999992 0.4999999995 2.6249999989 0.4999999997 0.2499999994 1.3124999985 0.0000000000
0.8810000000 0.4999999998 0.4999999995 0.4999999997 2.6249999994 0.4999999998 0.2499999997 1.3124999992 0.0000000000
0.8820000000 0.4999999999 0.4999999997 0.4999999998 2.6249999996 0.4999999999 0.2499999998 1.3124999995 0.0000000000
0.8830000000 0.4999999999 0.4999999998 0.4999999999 2.6249999998 0.4999999999 0.2499999999 1.3124999997 0.0000000000
0.8840000000 0.5000000000 0.4999999999 0.4999999999 2.6249999999 0.5000000000 0.2499999999 1.3124999998 0.0000000000
0.8850000000 0.5000000000 0.5000000000 0.5000000000 2.6249999999 0.5000000000 0.2500000000 1.3124999999 0.0000000000
0.8860000000 0.5000000000 0.5000000000 0.5000000000 2.6250000000 0.5000000000 0.2500000000 1.3125000000 0.0000000000
0.8870000000 0.5000000000 0.5000000000 0.5000000000 2.6250000000 0.5000000000 0.2500000000 1.3125000000 0.0000000000
0.8880000000 0.5000000000 0.5000000000 0.5000000000 2.6250000000 0.5000000000 0.2500000000 1.3125000000 0.0000000000
0.8890000000 0.5000000000 0.5000000000 0.5000000000 2.6250000000 0.5000000000 0.2500000000 1.3125000000 0.0000000000
0.8900000000 0.5000000000 0.5000000000 0.5000000000 2.6250000000 0.5000000000 0.2500000000 1.3125000000 0.0000000000
0.8910000000 0.5000000000 0.5000000000 0.5000000000 2.6250000000 0.5000000000 0.2500000000 1.3125000000 0.0000000000
0.8920000000 0.5000000000 0.5000000000 0.5000000000 2.6250000000 0.5000000000 0.2500000000 1.3125000000 0.0000000000
0.8930000000 0.5000000000 0.5000000000 0.5000000000 2.6250000000 0.5000000000 0.2500000000 1.3125000000 0.0000000000
0.8940000000 0.5000000000 0.5000000000 0.5000000000 2.6250000000 0.5000000000 0.2500000000 1.3125000000 0.0000000000
0.8950000000 0.5000000000 0.5000000000 0.5000000000 2.6250000000 0.5000000000 0.2500000000 1.3125000000 0.0000000000
0.8960000000 0.5000000000 0.5000000000 0.5000000000 2.6250000000 0.5000000000 0.2500000000 1.3125000000 0.0000000000
0.8970000000 0.5000000000 0.5000000000 0.5000000000 2.6250000000 0.5000000000 0.2500000000 1.3125000000 0.0000000000
0.8980000000 0.5000000000 0.5000000000 0.5000000000 2.6250000000 0.5000000000 0.2500000000 1.3125000000 0.0000000000
0.8990000000 0.5000000000 0.5000000000 0.5000000000 2.6250000000 0.5000000000 0.2500000000 1.3125000000 0.0000000000
0.9000000000 0.5000000000 0.5000000000 0.5000000000 2.6250000000 0.5000000000 0.2500000000 1.3125000000 0.0000000000
0.9010000000 0.5000000000 0.5000000000 0.5000000000 2.6250000000 0.5000000000 0.2500000000 1.3125000000 0.0000000000
0.9020000000 0.5000000000 0.5000000000 0.5000000000 2.6250000000 0.5000000000 0.2500000000 1.3125000000 0.0000000000
0.9030000000 0.5000000000 0.5000000000 0.5000000000 2.6250000000 0.5000000000 0.2500000000 1.3125000000 0.0000000000
0.9040000000 0.5000000000 0.5000000000 0.5000000000 2.6250000000 0.5000000000 0.2500000000 1.3125000000 0.0000000000
0.9050000000 0.5000000000 0.5000000000 0.5000000000 2.6250000000 0.5000000000 0.2500000000 1.3125000000 0.0000000000
0.9060000000 0.5000000000 0.5000000000 0.5000000000 2.6250000000 0.5000000000 0.2500000000 1.3125000000 0.0000000000
0.9070000000 0.5000000000 0.5000000000 0.5000000000 2.6250000000 0.5000000000 0.2500000000 1.3125000000 0.0000000000
0.9080000000 0.5000000000 0.5000000000 0.5000000000 2.6250000000 0.5000000000 0.2500000000 1.3125000000 0.0000000000
0.9090000000 0.5000000000 0.5000000000 0.5000000000 2.6250000000 0.5000000000 0.2500000000 1.3125000000 0.0000000000
0.9100000000 0.5000000000 0.5000000000 0.5000000000 2.6250000000 0.5000000000 0.2500000000 1.3125000000 0.0000000000
0.9110000000 0.5000000000 0.5000000000 0.5000000000 2.6250000000 0.5000000000 0.2500000000 1.3125000000 0.0000000000
0.9120000000 0.5000000000 0.5000000000 0.5000000000 2.6250000000 0.5000000000 0.2500000000 1.3125000000 0.0000000000
0.9130000000 0.5000000000 0.5000000000 0.5000000000 2.6250000000 0.5000000000 0.2500000000 1.3125000000 0.0000000000
0.9140000000 0.5000000000 0.5000000000 0.5000000000 2.6250000000 0.5000000000 0.2500000000 1.3125000000 0.0000000000
0.9150000000 0.5000000000 0.5000000000 0.5000000000 2.6250000000 0.5000000000 0.2500000000 1.3125000000 0.0000000000
0.9160000000 0.5000000000 0.5000000000 0.5000000000 2.6250000000 0.5000000000 0.2500000000 1.3125000000 0.0000000000
0.9170000000 0.5000000000 0.5000000000 0.5000000000 2.6250000000 0.5000000000 0.2500000000 1.3125000000 0.0000000000
0.9180000000 0.5000000000 0.5000000000 0.5000000000 2.6250000000 0.5000000000 0.2500000000 1.3125000000 0.0000000000
0.9190000000 0.5000000000 0.5000000000 0.5000000000 2.6250000000 0.5000000000 0.2500000000 1.3125000000 0.0000000000
0.9200000000 0.5000000000 0.5000000000 0.5000000000 2.6250000000 0.5000000000 0.2500000000 1.3125000000 0.0000000000
0.9210000000 0.5000000000 0.5000000000 0.5000000000 2.6250000000 0.5000000000 0.2500000000 1.3125000000 0.0000000000
0.9220000000 0.5000000000 0.5000000000 0.5000000000 2.6250000000 0.5000000000 0.2500000000 1.3125000000 0.0000000000
0.9230000000 0.5000000000 0.5000000000 0.5000000000 2.6250000000 0.5000000000 0.2500000000 1.3125000000 0.0000000000
0.9240000000 0.5000000000 0.5000000000 0.5000000000 2.6250000000 0.5000000000 0.2500000000 1.3125000000 0.0000000000
0.9250000000 0.5000000000 0.5000000000 0.5000000000 2.6250000000 0.5000000000 0.2500000000 1.3125000000 0.0000000000
0.9260000000 0.5000000000 0.5000000000 0.5000000000 2.6250000000 0.5000000000 0.2500000000 1.3125000000 0.0000000000
0.9270000000 0.5000000000 0.5000000000 0.5000000000 2.6250000000 0.5000000000 0.2500000000 1.3125000000 0.0000000000
0.9280000000 0.5000000000 0.5000000000 0.5000000000 2.6250000000 0.5000000000 0.2500000000 1.3125000000 0.0000000000
0.9290000000 0.5000000000 0.5000000000 0.5000000000 2.6250000000 0.5000000000 0.2500000000 1.3125000000 0.0000000000
0.9300000000 0.5000000000 0.5000000000 0.5000000000 2.6250000000 0.5000000000 0.2500000000 1.3125000000 0.0000000000
0.9310000000 0.5000000000 0.5000000000 0.5000000000 2.6250000000 0.5000000000 0.2500000000 1.3125000000 0.0000000000
0.9320000000 0.5000000000 0.5000000000 0.5000000000 2.6250000000 0.5000000000 0.2500000000 1.3125000000 0.0000000000
0.9330000000 0.5000000000 0.5000000000 0.5000000000 2.6250000000 0.5000000000 0.2500000000 1.3125000000 0.0000000000
0.9340000000 0.5000000000 0.5000000000 0.5000000000 2.6250000000 0.5000000000 0.2500000000 1.3125000000 0.0000000000
0.9350000000 0.5000000000 0.5000000000 0.5000000000 2.6250000000 0.5000000000 0.2500000000 1.3125000000 0.0000000000
0.9360000000 0.5000000000 0.5000000000 0.5000000000 2.6250000000 0.5000000000 0.2500000000 1.3125000000 0.0000000000
0.9370000000 0.5000000000 0.5000000000 0.5000000000 2.6250000000 0.5000000000 0.2500000000 1.3125000000 0.0000000000
0.9380000000 0.5000000000 0.5000000000 0.5000000000 2.6250000000 0.5000000000 0.2500000000 1.3125000000 0.0000000000
0.9390000000 0.5000000000 0.5000000000 0.5000000000 2.6250000000 0.5000000000 0.2500000000 1.3125000000 0.0000000000
0.9400000000 0.5000000000 0.5000000000 0.5000000000 2.6250000000 0.5000000000 0.2500000000 1.3125000000 0.0000000000
0.9410000000 0.5000000000 0.5000000000 0.5000000000 2.6250000000 0.5000000000 0.2500000000 1.3125000000 0.0000000000
0.9420000000 0.5000000000 0.5000000000 0.5000000000 2.6250000000 0.5000000000 0.2500000000 1.3125000000 0.0000000000
0.9430000000 0.5000000000 0.5000000000 0.5000000000 2.6250000000 0.5000000000 0.2500000000 1.3125000000 0.0000000000
0.9440000000 0.5000000000 0.5000000000 0.5000000000 2.6250000000 0.5000000000 0.2500000000 1.3125000000 0.0000000000
0.9450000000 0.5000000000 0.5000000000 0.5000000000 2.6250000000 0.5000000000 0.2500000000 1.3125000000 0.0000000000
0.9460000000 0.5000000000 0.5000000000 0.5000000000 2.6250000000 0.5000000000 0.2500000000 1.3125000000 0.0000000000
0.9470000000 0.5000000000 0.5000000000 0.5000000000 2.6250000000 0.5000000000 0.2500000000 1.3125000000 0.0000000000
0.9480000000 0.5000000000 0.5000000000 0.5000000000 2.6250000000 0.5000000000 0.2500000000 1.3125000000 0.0000000000
0.9490000000 0.5000000000 0.5000000000 0.5000000000 2.6250000000 0.5000000000 0.2500000000 1.3125000000 0.0000000000
0.9500000000 0.5000000000 0.5000000000 0.5000000000 2.6250000000 0.5000000000 0.2500000000 1.3125000000 0.0000000000
0.9510000000 0.5000000000 0.5000000000 0.5000000000 2.6250000000 0.5000000000 0.2500000000 1.3125000000 0.0000000000
0.9520000000 0.5000000000 0.5000000000 0.5000000000 2.6250000000 0.5000000000 0.2500000000 1.3125000000 0.0000000000
0.9530000000 0.5000000000 0.5000000000 0.5000000000 2.6250000000 0.5000000000 0.2500000000 1.3125000000 0.0000000000
0.9540000000 0.5000000000 0.5000000000 0.5000000000 2.6250000000 0.5000000000 0.2500000000 1.3125000000 0.0000000000
0.9550000000 0.5000000000 0.5000000000 0.5000000000 2.6250000000 0.5000000000 0.2500000000 1.3125000000 0.0000000000
0.9560000000 0.5000000000 0.5000000000 0.5000000000 2.6250000000 0.5000000000 0.2500000000 1.3125000000 0.0000000000
0.9570000000 0.5000000000 0.5000000000 0.5000000000 2.6250000000 0.5000000000 0.2500000000 1.3125000000 0.0000000000
0.9580000000 0.5000000000 0.5000000000 0.5000000000 2.6250000000 0.5000000000 0.2500000000 1.3125000000 0.0000000000
0.9590000000 0.5000000000 0.5000000000 0.5000000000 2.6250000000 0.5000000000 0.2500000000 1.3125000000 0.0000000000
0.9600000000 0.5000000000 0.5000000000 0.5000000000 2.6250000000 0.5000000000 0.2500000000 1.3125000000 0.0000000000
0.9610000000 0.5000000000 0.5000000000 0.5000000000 2.6250000000 0.5000000000 0.2500000000 1.3125000000 0.0000000000
0.9620000000 0.5000000000 0.5000000000 0.5000000000 2.6250000000 0.5000000000 0.2500000000 1.3125000000 0.0000000000
0.9630000000 0.5000000000 0.5000000000 0.5000000000 2.6250000000 0.5000000000 0.2500000000 1.3125000000 0.0000000000
0.9640000000 0.5000000000 0.5000000000 0.5000000000 2.6250000000 0.5000000000 0.2500000000 1.3125000000 0.0000000000
0.9650000000 0.5000000000 0.5000000000 0.5000000000 2.6250000000 0.5000000000 0.2500000000 1.3125000000 0.0000000000
0.9660000000 0.5000000000 0.5000000000 0.5000000000 2.6250000000 0.5000000000 0.2500000000 1.3125000000 0.0000000000
0.9670000000 0.5000000000 0.5000000000 0.5000000000 2.6250000000 0.5000000000 0.2500000000 1.3125000000 0.0000000000
0.9680000000 0.5000000000 0.5000000000 0.5000000000 2.6250000000 0.5000000000 0.2500000000 1.3125000000 0.0000000000
0.9690000000 0.5000000000 0.5000000000 0.5000000000 2.6250000000 0.5000000000 0.2500000000 1.3125000000 0.0000000000
0.9700000000 0.5000000000 0.5000000000 0.5000000000 2.6250000000 0.5000000000 0.2500000000 1.3125000000 0.0000000000
0.9710000000 0.5000000000 0.5000000000 0.5000000000 2.6250000000 0.5000000000 0.2500000000 1.3125000000 0.0000000000
0.9720000000 0.5000000000 0.5000000000 0.5000000000 2.6250000000 0.5000000000 0.2500000000 1.3125000000 0.0000000000
0.9730000000 0.5000000000 0.5000000000 0.5000000000 2.6250000000 0.5000000000 0.2500000000 1.3125000000 0.0000000000
0.9740000000 0.5000000000 0.5000000000 0.5000000000 2.6250000000 0.5000000000 0.2500000000 1.3125000000 0.0000000000
0.9750000000 0.5000000000 0.5000000000 0.5000000000 2.6250000000 0.5000000000 0.2500000000 1.3125000000 0.0000000000
0.9760000000 0.5000000000 0.5000000000 0.5000000000 2.6250000000 0.5000000000 0.2500000000 1.3125000000 0.0000000000
0.9770000000 0.5000000000 0.5000000000 0.5000000000 2.6250000000 0.5000000000 0.2500000000 1.3125000000 0.0000000000
0.9780000000 0.5000000000 0.5000000000 0.5000000000 2.6250000000 0.5000000000 0.2500000000 1.3125000000 0.0000000000
0.9790000000 0.5000000000 0.5000000000 0.5000000000 2.6250000000 0.5000000000 0.2500000000 1.3125000000 0.0000000000
0.9800000000 0.5000000000 0.5000000000 0.5000000000 2.6250000000 0.5000000000 0.2500000000 1.3125000000 0.0000000000
0.9810000000 0.5000000000 0.5000000000 0.5000000000 2.6250000000 0.5000000000 0.2500000000 1.3125000000 0.0000000000
0.9820000000 0.5000000000 0.5000000000 0.5000000000 2.6250000000 0.5000000000 0.2500000000 1.3125000000 0.0000000000
0.9830000000 0.5000000000 0.5000000000 0.5000000000 2.6250000000 0.5000000000 0.2500000000 1.3125000000 0.0000000000
0.9840000000 0.5000000000 0.5000000000 0.5000000000 2.6250000000 0.5000000000 0.2500000000 1.3125000000 0.0000000000
0.9850000000 0.5000000000 0.5000000000 0.5000000000 2.6250000000 0.5000000000 0.2500000000 1.3125000000 0.0000000000
0.9860000000 0.5000000000 0.5000000000 0.5000000000 2.6250000000 0.5000000000 0.2500000000 1.3125000000 0.0000000000
0.9870000000 0.5000000000 0.5000000000 0.5000000000 2.6250000000 0.5000000000 0.2500000000 1.3125000000 0.0000000000
0.9880000000 0.5000000000 0.5000000000 0.5000000000 2.6250000000 0.5000000000 0.2500000000 1.3125000000 0.0000000000
0.9890000000 0.5000000000 0.5000000000 0.5000000000 2.6250000000 0.5000000000 0.2500000000 1.3125000000 0.0000000000
0.9900000000 0.5000000000 0.5000000000 0.5000000000 2.6250000000 0.5000000000 0.2500000000 1.3125000000 0.0000000000
0.9910000000 0.5000000000 0.5000000000 0.5000000000 2.6250000000 0.5000000000 0.2500000000 1.3125000000 0.0000000000
0.9920000000 0.5000000000 0.5000000000 0.5000000000 2.6250000000 0.5000000000 0.2500000000 1.3125000000 0.0000000000
0.9930000000 0.5000000000 0.5000000000 0.5000000000 2.6250000000 0.5000000000 0.2500000000 1.3125000000 0.0000000000
0.9940000000 0.5000000000 0.5000000000 0.5000000000 2.6250000000 0.5000000000 0.2500000000 1.3125000000 0.0000000000
0.9950000000 0.5000000000 0.5000000000 0.5000000000 2.6250000000 0.5000000000 0.2500000000 1.3125000000 0.0000000000
0.9960000000 0.5000000000 0.5000000000 0.5000000000 2.6250000000 0.5000000000 0.2500000000 1.3125000000 0.0000000000
0.9970000000 0.5000000000 0.5000000000 0.5000000000 2.6250000000 0.5000000000 0.2500000000 1.3125000000 0.0000000000
0.9980000000 0.5000000000 0.5000000000 0.5000000000 2.6250000000 0.5000000000 0.2500000000 1.3125000000 0.0000000000
0.9990000000 0.5000000000 0.5000000000 0.5000000000 2.6250000000 0.5000000000 0.2500000000 1.3125000000 0.0000000000
1.0000000000 0.5000000000 0.5000000000 0.5000000000 2.6250000000 0.5000000000 0.2500000000 1.3125000000 0.0000000000
