TITLE = "1D Euler Filtered MacCormack Result"
VARIABLES = "x", "rho", "u", "p", "E", "rho_conserved", "rhou", "rhoE", "nu"
ZONE T="t=0.15000000", I=1001, F=POINT
0.0000000000 0.6845895246 -1.1366846993 2.3532422254 9.2396509211 0.6845895246 -0.7781624379 6.3253682318 0.0000000000
0.0010000000 0.6845895246 -1.1366846993 2.3532422254 9.2396509211 0.6845895246 -0.7781624379 6.3253682318 0.1405643578
0.0020000000 0.6827792564 -1.1308645256 2.3445208072 9.2239031091 0.6827792564 -0.7721308399 6.2978897060 0.0020723275
0.0030000000 0.6810213366 -1.1252111978 2.3360826135 9.2087087954 0.6810213366 -0.7662928340 6.2713271726 0.0027604551
0.0040000000 0.6793305674 -1.1197562126 2.3279614397 9.1940427324 0.6793305674 -0.7606846232 6.2457942657 0.0015968450
0.0050000000 0.6776005145 -1.1141671623 2.3196687621 9.1790778304 0.6776005145 -0.7549602424 6.2197478607 0.0012885642
0.0060000000 0.6759021676 -1.1086668768 2.3115310663 9.1643701058 0.6759021676 -0.7493503452 6.1942176191 0.0006288496
0.0070000000 0.6741883685 -1.1031067265 2.3033310248 9.1495478669 0.6741883685 -0.7437017243 6.1685187492 0.0006562542
0.0080000000 0.6724906199 -1.0975865093 2.2952139327 9.1348608873 0.6724906199 -0.7381166321 6.1431082607 0.0002073083
0.0090000000 0.6707877701 -1.0920389428 2.2870820286 9.1201405333 0.6707877701 -0.7325263673 6.1176787313 0.0003773420
0.0100000000 0.6690940925 -1.0865094024 2.2790012807 9.1055009378 0.6690940925 -0.7269770226 6.0924368869 0.0000176365
0.0110000000 0.6673999519 -1.0809671430 2.2709270745 9.0908648437 0.6673999519 -0.7214374192 6.0672427591 0.0002490378
0.0120000000 0.6657118289 -1.0754331282 2.2628893038 9.0762844221 0.6657118289 -0.7159285546 6.0421899021 0.0000667180
0.0130000000 0.6640252887 -1.0698932601 2.2548674894 9.0617244057 0.6640252887 -0.7104361808 6.0172141642 0.0001920666
0.0140000000 0.6623433590 -1.0643570481 2.2468755128 9.0472086725 0.6623433590 -0.7049698224 5.9923585817 0.0001098768
0.0150000000 0.6606640459 -1.0588178086 2.2389042193 9.0327212664 0.6606640459 -0.6995228573 5.9675941777 0.0001682289
0.0160000000 0.6589887524 -1.0532799418 2.2309599503 9.0182730213 0.6589887524 -0.6940996348 5.9429404872 0.0001268531
0.0170000000 0.6573164780 -1.0477405735 2.2230381558 9.0038566770 0.6573164780 -0.6886971437 5.9183833596 0.0001516684
0.0180000000 0.6556478121 -1.0422019761 2.2151414034 8.9894769658 0.6556478121 -0.6833174454 5.8939309044 0.0001320979
0.0190000000 0.6539822760 -1.0366628371 2.2072675425 8.9751306499 0.6539822760 -0.6779591216 5.8695763694 0.0001472726
0.0200000000 0.6523202221 -1.0311239767 2.1994180761 8.9608199391 0.6523202221 -0.6726230214 5.8453240525 0.0001421390
0.0210000000 0.6506615190 -1.0255844478 2.1915924598 8.9465436396 0.6506615190 -0.6673083347 5.8211716744 0.0001521491
0.0220000000 0.6490063990 -1.0200444274 2.1837916525 8.9323027940 0.6490063990 -0.6620153607 5.7971216711 0.0001485902
0.0230000000 0.6473547737 -1.0145035352 2.1760152839 8.9180969229 0.6473547737 -0.6567437065 5.7731726158 0.0001496365
0.0240000000 0.6457066649 -1.0089621600 2.1682633417 8.9039262834 0.6457066649 -0.6514935913 5.7493245447 0.0001425253
0.0250000000 0.6440619004 -1.0034205361 2.1605350530 8.8897905370 0.6440619004 -0.6462649374 5.7255753874 0.0001389814
0.0260000000 0.6424203911 -0.9978792043 2.1528298950 8.8756895242 0.6424203911 -0.6410579487 5.7019239354 0.0001331312
0.0270000000 0.6407819921 -0.9923384782 2.1451472110 8.8616230404 0.6407819921 -0.6358726269 5.6783684648 0.0001315076
0.0280000000 0.6391466572 -0.9867986411 2.1374867060 8.8475909551 0.6391466572 -0.6307090528 5.6549081830 0.0001301585
0.0290000000 0.6375143467 -0.9812597391 2.1298482027 8.8335932685 0.6375143467 -0.6255671615 5.6315424416 0.0001318518
0.0300000000 0.6358850925 -0.9757217389 2.1222317802 8.8196299689 0.6358850925 -0.6204469082 5.6082712187 0.0001334108
0.0310000000 0.6342589239 -0.9701844912 2.1146375755 8.8057011966 0.6342589239 -0.6153481714 5.5850945651 0.0001361304
0.0320000000 0.6326358977 -0.9646478396 2.1070658008 8.7918070279 0.6326358977 -0.6102708520 5.5620127315 0.0001382464
0.0330000000 0.6310160568 -0.9591116176 2.0995166320 8.7779475781 0.6310160568 -0.6052148310 5.5390258678 0.0001403063
0.0340000000 0.6293994429 -0.9535756952 2.0919902241 8.7641229398 0.6293994429 -0.6001800114 5.5161340961 0.0001416934
0.0350000000 0.6277860820 -0.9480399689 2.0844866718 8.7503332042 0.6277860820 -0.5951662977 5.4933373986 0.0001429502
0.0360000000 0.6261759968 -0.9425043709 2.0770060346 8.7365784055 0.6261759968 -0.5901736140 5.4706356918 0.0001436411
0.0370000000 0.6245691968 -0.9369688565 2.0695483294 8.7228586078 0.6245691968 -0.5852018861 5.4480287945 0.0001441946
0.0380000000 0.6229656883 -0.9314334007 2.0621135525 8.7091738555 0.6229656883 -0.5802510496 5.4255164853 0.0001447043
0.0390000000 0.6213654762 -0.9258979913 2.0547016780 8.6955241357 0.6213654762 -0.5753210463 5.4030984956 0.0001448359
0.0400000000 0.6197685570 -0.9203626239 2.0473126728 8.6819095276 0.6197685570 -0.5704118153 5.3807745395 0.0001452133
0.0410000000 0.6181749324 -0.9148272996 2.0399464938 8.6683300025 0.6181749324 -0.5655233041 5.3585443131 0.0001453450
0.0420000000 0.6165845986 -0.9092920217 2.0326030970 8.6547856058 0.6165845986 -0.5606554562 5.3364075090 0.0001455428
0.0430000000 0.6149975535 -0.9037567958 2.0252824336 8.6412763455 0.6149975535 -0.5558082183 5.3143638113 0.0001456924
0.0440000000 0.6134137935 -0.8982216277 2.0179844564 8.6278022489 0.6134137935 -0.5509815360 5.2924129070 0.0001459742
0.0450000000 0.6118333181 -0.8926865245 2.0107091152 8.6143632963 0.6118333181 -0.5461753583 5.2705544791 0.0001458800
0.0460000000 0.6102561186 -0.8871514927 2.0034563618 8.6009595838 0.6102561186 -0.5413896266 5.2487882121 0.0001464698
0.0470000000 0.6086822012 -0.8816165400 1.9962261459 8.5875909986 0.6086822012 -0.5366242962 5.2271137923 0.0001460768
0.0480000000 0.6071115505 -0.8760816730 1.9890184192 8.5742577270 0.6071115505 -0.5318793029 5.2055309028 0.0001468813
0.0490000000 0.6055441774 -0.8705468996 1.9818331317 8.5609595902 0.6055441774 -0.5271546062 5.1840392331 0.0001463956
0.0500000000 0.6039800645 -0.8650122268 1.9746702349 8.5476968042 0.6039800645 -0.5224501406 5.1626384671 0.0001471756
0.0510000000 0.6024192222 -0.8594776624 1.9675296792 8.5344691971 0.6024192222 -0.5177658649 5.1413282956 0.0001468109
0.0520000000 0.6008616356 -0.8539432139 1.9604114163 8.5212769493 0.6008616356 -0.5131017162 5.1201084051 0.0001474176
0.0530000000 0.5993073114 -0.8484088889 1.9533153968 8.5081199417 0.5993073114 -0.5084576501 5.0989784870 0.0001472493
0.0540000000 0.5977562389 -0.8428746953 1.9462415725 8.4949982955 0.5977562389 -0.5038336077 5.0779382306 0.0001476718
0.0550000000 0.5962084208 -0.8373406409 1.9391898945 8.4819119489 0.5962084208 -0.4992295411 5.0569873282 0.0001476671
0.0560000000 0.5946638500 -0.8318067336 1.9321603146 8.4688609733 0.5946638500 -0.4946453947 5.0361254714 0.0001479622
0.0570000000 0.5931225263 -0.8262729816 1.9251527842 8.4558453470 0.5931225263 -0.4900811182 5.0153523539 0.0001480577
0.0580000000 0.5915844448 -0.8207393930 1.9181672554 8.4428651114 0.5915844448 -0.4855366581 4.9946676695 0.0001482850
0.0590000000 0.5900496038 -0.8152059760 1.9112036800 8.4299202664 0.5900496038 -0.4810119632 4.9740711134 0.0001484314
0.0600000000 0.5885179996 -0.8096727391 1.9042620102 8.4170108385 0.5885179996 -0.4765069808 4.9535623816 0.0001486295
0.0610000000 0.5869896297 -0.8041396908 1.8973421981 8.4041368380 0.5869896297 -0.4720216594 4.9331411709 0.0001487990
0.0620000000 0.5854644910 -0.7986068397 1.8904441963 8.3912982849 0.5854644910 -0.4675559469 4.9128071792 0.0001489875
0.0630000000 0.5839425807 -0.7930741946 1.8835679571 8.3784951936 0.5839425807 -0.4631097918 4.8925601054 0.0001491676
0.0640000000 0.5824238958 -0.7875417644 1.8767134335 8.3657275819 0.5824238958 -0.4586831425 4.8723996493 0.0001493549
0.0650000000 0.5809084336 -0.7820095581 1.8698805781 8.3529954660 0.5809084336 -0.4542759474 4.8523255118 0.0001495408
0.0660000000 0.5793961912 -0.7764775849 1.8630693442 8.3402988630 0.5793961912 -0.4498881553 4.8323373946 0.0001497301
0.0670000000 0.5778871659 -0.7709458543 1.8562796848 8.3276377895 0.5778871659 -0.4455197147 4.8124350005 0.0001499204
0.0680000000 0.5763813548 -0.7654143755 1.8495115534 8.3150122629 0.5763813548 -0.4411705748 4.7926180335 0.0001501130
0.0690000000 0.5748787554 -0.7598831584 1.8427649036 8.3024223002 0.5748787554 -0.4368406843 4.7728861984 0.0001503073
0.0700000000 0.5733793648 -0.7543522128 1.8360396891 8.2898679187 0.5733793648 -0.4325299926 4.7532392013 0.0001505038
0.0710000000 0.5718831804 -0.7488215486 1.8293358640 8.2773491360 0.5718831804 -0.4282384488 4.7336767491 0.0001507025
0.0720000000 0.5703901996 -0.7432911761 1.8226533823 8.2648659697 0.5703901996 -0.4239660023 4.7141985499 0.0001509033
0.0730000000 0.5689004197 -0.7377611056 1.8159921984 8.2524184376 0.5689004197 -0.4197126026 4.6948043130 0.0001511065
0.0740000000 0.5674138383 -0.7322313477 1.8093522670 8.2400065576 0.5674138383 -0.4154781995 4.6754937486 0.0001513120
0.0750000000 0.5659304528 -0.7267019132 1.8027335429 8.2276303480 0.5659304528 -0.4112627428 4.6562665682 0.0001515200
0.0760000000 0.5644502607 -0.7211728131 1.7961359809 8.2152898271 0.5644502607 -0.4070661824 4.6371224843 0.0001517306
0.0770000000 0.5629732595 -0.7156440586 1.7895595365 8.2029850136 0.5629732595 -0.4028884683 4.6180612107 0.0001519439
0.0780000000 0.5614994469 -0.7101156612 1.7830041651 8.1907159261 0.5614994469 -0.3987295510 4.5990824622 0.0001521600
0.0790000000 0.5600288205 -0.7045876324 1.7764698225 8.1784825839 0.5600288205 -0.3945893807 4.5801859549 0.0001523789
0.0800000000 0.5585613780 -0.6990599843 1.7699564645 8.1662850061 0.5585613780 -0.3904679082 4.5613714062 0.0001526009
0.0810000000 0.5570971171 -0.6935327291 1.7634640475 8.1541232124 0.5570971171 -0.3863650840 4.5426385344 0.0001528261
0.0820000000 0.5556360357 -0.6880058791 1.7569925280 8.1419972225 0.5556360357 -0.3822808592 4.5239870594 0.0001530544
0.0830000000 0.5541781315 -0.6824794471 1.7505418628 8.1299070565 0.5541781315 -0.3782151848 4.5054167020 0.0001532861
0.0840000000 0.5527234025 -0.6769534460 1.7441120088 8.1178527350 0.5527234025 -0.3741680120 4.4869271847 0.0001535214
0.0850000000 0.5512718466 -0.6714278893 1.7377029236 8.1058342786 0.5512718466 -0.3701392924 4.4685182308 0.0001537602
0.0860000000 0.5498234618 -0.6659027905 1.7313145646 8.0938517083 0.5498234618 -0.3661289775 4.4501895654 0.0001540029
0.0870000000 0.5483782462 -0.6603781635 1.7249468899 8.0819050456 0.5483782462 -0.3621370191 4.4319409146 0.0001542495
0.0880000000 0.5469361979 -0.6548540226 1.7185998578 8.0699943123 0.5469361979 -0.3581633693 4.4137720061 0.0001545002
0.0890000000 0.5454973151 -0.6493303824 1.7122734268 8.0581195304 0.5454973151 -0.3542079802 4.3956825687 0.0001547551
0.0900000000 0.5440615961 -0.6438072579 1.7059675559 8.0462807227 0.5440615961 -0.3502708043 4.3776723328 0.0001550145
0.0910000000 0.5426290393 -0.6382846643 1.6996822044 8.0344779119 0.5426290393 -0.3463517942 4.3597410304 0.0001552784
0.0920000000 0.5411996430 -0.6327626175 1.6934173319 8.0227111216 0.5411996430 -0.3424509027 4.3418883945 0.0001555472
0.0930000000 0.5397734057 -0.6272411335 1.6871728984 8.0109803756 0.5397734057 -0.3385680828 4.3241141601 0.0001558209
0.0940000000 0.5383503260 -0.6217202290 1.6809488644 7.9992856982 0.5383503260 -0.3347032879 4.3064180633 0.0001560999
0.0950000000 0.5369304026 -0.6161999207 1.6747451905 7.9876271143 0.5369304026 -0.3308564715 4.2887998420 0.0001563842
0.0960000000 0.5355136341 -0.6106802263 1.6685618381 7.9760046493 0.5355136341 -0.3270275873 4.2712592357 0.0001566742
0.0970000000 0.5341000196 -0.6051611635 1.6623987687 7.9644183290 0.5341000196 -0.3232165893 4.2537959853 0.0001569700
0.0980000000 0.5326895577 -0.5996427509 1.6562559444 7.9528681799 0.5326895577 -0.3194234318 4.2364098336 0.0001572719
0.0990000000 0.5312822477 -0.5941250072 1.6501333277 7.9413542292 0.5312822477 -0.3156480692 4.2191005249 0.0001575802
0.1000000000 0.5298780886 -0.5886079519 1.6440308815 7.9298765045 0.5298780886 -0.3118904565 4.2018678052 0.0001578951
0.1010000000 0.5284770797 -0.5830916050 1.6379485694 7.9184350343 0.5284770797 -0.3081505486 4.1847114225 0.0001582169
0.1020000000 0.5270792202 -0.5775759871 1.6318863552 7.9070298475 0.5270792202 -0.3044283009 4.1676311263 0.0001585460
0.1030000000 0.5256845098 -0.5720611193 1.6258442036 7.8956609740 0.5256845098 -0.3007236690 4.1506266683 0.0001588826
0.1040000000 0.5242929478 -0.5665470234 1.6198220794 7.8843284442 0.5242929478 -0.2970366090 4.1336978017 0.0001592270
0.1050000000 0.5229045342 -0.5610337218 1.6138199482 7.8730322896 0.5229045342 -0.2933670770 4.1168442821 0.0001595797
0.1060000000 0.5215192687 -0.5555212377 1.6078377763 7.8617725422 0.5215192687 -0.2897150296 4.1000658666 0.0001599409
0.1070000000 0.5201371512 -0.5500095949 1.6018755303 7.8505492351 0.5201371512 -0.2860804239 4.0833623147 0.0001603111
0.1080000000 0.5187581820 -0.5444988180 1.5959331776 7.8393624022 0.5187581820 -0.2824632169 4.0667333879 0.0001606907
0.1090000000 0.5173823613 -0.5389889323 1.5900106863 7.8282120784 0.5173823613 -0.2788633665 4.0501788500 0.0001610800
0.1100000000 0.5160096895 -0.5334799640 1.5841080251 7.8170982995 0.5160096895 -0.2752808306 4.0336984667 0.0001614796
0.1110000000 0.5146401673 -0.5279719401 1.5782251634 7.8060211024 0.5146401673 -0.2717155676 4.0172920062 0.0001618899
0.1120000000 0.5132737954 -0.5224648885 1.5723620713 7.7949805252 0.5132737954 -0.2681675363 4.0009592393 0.0001623115
0.1130000000 0.5119105748 -0.5169588379 1.5665187198 7.7839766069 0.5119105748 -0.2646366959 3.9846999388 0.0001627448
0.1140000000 0.5105505065 -0.5114538183 1.5606950804 7.7730093881 0.5105505065 -0.2611230060 3.9685138803 0.0001631904
0.1150000000 0.5091935920 -0.5059498603 1.5548911258 7.7620789102 0.5091935920 -0.2576264268 3.9524008419 0.0001636490
0.1160000000 0.5078398328 -0.5004469960 1.5491068294 7.7511852163 0.5078398328 -0.2541469188 3.9363606044 0.0001641212
0.1170000000 0.5064892307 -0.4949452581 1.5433421653 7.7403283507 0.5064892307 -0.2506844430 3.9203929515 0.0001646075
0.1180000000 0.5051417876 -0.4894446810 1.5375971089 7.7295083592 0.5051417876 -0.2472389611 3.9044976696 0.0001651088
0.1190000000 0.5037975057 -0.4839452999 1.5318716365 7.7187252891 0.5037975057 -0.2438104350 3.8886745482 0.0001656258
0.1200000000 0.5024563877 -0.4784471515 1.5261657251 7.7079791896 0.5024563877 -0.2403988274 3.8729233798 0.0001661593
0.1210000000 0.5011184361 -0.4729502738 1.5204793532 7.6972701112 0.5011184361 -0.2370041016 3.8572439603 0.0001667101
0.1220000000 0.4997836540 -0.4674547062 1.5148125002 7.6865981064 0.4997836540 -0.2336262212 3.8416360888 0.0001672792
0.1230000000 0.4984520448 -0.4619604897 1.5091651467 7.6759632297 0.4984520448 -0.2302651507 3.8260995677 0.0001678674
0.1240000000 0.4971236120 -0.4564676668 1.5035372747 7.6653655373 0.4971236120 -0.2269208553 3.8106342034 0.0001684759
0.1250000000 0.4957983596 -0.4509762814 1.4979288673 7.6548050879 0.4957983596 -0.2235933006 3.7952398058 0.0001691057
0.1260000000 0.4944762919 -0.4454863796 1.4923399090 7.6442819420 0.4944762919 -0.2202824531 3.7799161887 0.0001697580
0.1270000000 0.4931574134 -0.4399980089 1.4867703858 7.6337961627 0.4931574134 -0.2169882800 3.7646631700 0.0001704340
0.1280000000 0.4918417292 -0.4345112190 1.4812202852 7.6233478156 0.4918417292 -0.2137107493 3.7494805721 0.0001711350
0.1290000000 0.4905292448 -0.4290260616 1.4756895963 7.6129369686 0.4905292448 -0.2104498300 3.7343682216 0.0001718625
0.1300000000 0.4892199658 -0.4235425903 1.4701783098 7.6025636928 0.4892199658 -0.2072054915 3.7193259498 0.0001726180
0.1310000000 0.4879138986 -0.4180608612 1.4646864182 7.5922280617 0.4879138986 -0.2039777046 3.7043535929 0.0001734029
0.1320000000 0.4866110500 -0.4125809327 1.4592139158 7.5819301524 0.4866110500 -0.2007664409 3.6894509923 0.0001742191
0.1330000000 0.4853114271 -0.4071028658 1.4537607990 7.5716700449 0.4853114271 -0.1975716728 3.6746179947 0.0001750686
0.1340000000 0.4840150376 -0.4016267241 1.4483270662 7.5614478229 0.4840150376 -0.1943933740 3.6598544524 0.0001759531
0.1350000000 0.4827218900 -0.3961525740 1.4429127178 7.5512635734 0.4827218900 -0.1912315192 3.6451602238 0.0001768750
0.1360000000 0.4814319930 -0.3906804849 1.4375177568 7.5411173878 0.4814319930 -0.1880860845 3.6305351732 0.0001778362
0.1370000000 0.4801453561 -0.3852105294 1.4321421884 7.5310093612 0.4801453561 -0.1849570468 3.6159791719 0.0001788395
0.1380000000 0.4788619896 -0.3797427835 1.4267860205 7.5209395933 0.4788619896 -0.1818443849 3.6014920977 0.0001798875
0.1390000000 0.4775819043 -0.3742773266 1.4214492638 7.5109081884 0.4775819043 -0.1787480784 3.5870738359 0.0001809830
0.1400000000 0.4763051118 -0.3688142421 1.4161319318 7.5009152556 0.4763051118 -0.1756681088 3.5727242796 0.0001821290
0.1410000000 0.4750316245 -0.3633536174 1.4108340410 7.4909609095 0.4750316245 -0.1726044591 3.5584433299 0.0001833289
0.1420000000 0.4737614556 -0.3578955440 1.4055556115 7.4810452703 0.4737614556 -0.1695571139 3.5442308965 0.0001845862
0.1430000000 0.4724946192 -0.3524401181 1.4002966665 7.4711684640 0.4724946192 -0.1665260594 3.5300868984 0.0001859050
0.1440000000 0.4712311304 -0.3469874407 1.3950572332 7.4613306231 0.4712311304 -0.1635112839 3.5160112641 0.0001872891
0.1450000000 0.4699710054 -0.3415376182 1.3898373427 7.4515318869 0.4699710054 -0.1605127778 3.5020039326 0.0001887433
0.1460000000 0.4687142612 -0.3360907622 1.3846370301 7.4417724020 0.4687142612 -0.1575305333 3.4880648537 0.0001902724
0.1470000000 0.4674609163 -0.3306469904 1.3794563352 7.4320523227 0.4674609163 -0.1545645451 3.4741939888 0.0001918819
0.1480000000 0.4662109902 -0.3252064268 1.3742953026 7.4223718117 0.4662109902 -0.1516148103 3.4603913119 0.0001935775
0.1490000000 0.4649645038 -0.3197692022 1.3691539821 7.4127310406 0.4649645038 -0.1486813284 3.4466568100 0.0001953654
0.1500000000 0.4637214794 -0.3143354545 1.3640324287 7.4031301905 0.4637214794 -0.1457641020 3.4329904844 0.0001972525
0.1510000000 0.4624819410 -0.3089053296 1.3589307037 7.3935694529 0.4624819410 -0.1428631364 3.4193923514 0.0001992465
0.1520000000 0.4612459139 -0.3034789815 1.3538488744 7.3840490302 0.4612459139 -0.1399784402 3.4058624433 0.0002013554
0.1530000000 0.4600134255 -0.2980565732 1.3487870151 7.3745691368 0.4600134255 -0.1371100252 3.3924008099 0.0002035882
0.1540000000 0.4587845048 -0.2926382775 1.3437452073 7.3651299996 0.4587845048 -0.1342579072 3.3790075196 0.0002059545
0.1550000000 0.4575591831 -0.2872242773 1.3387235403 7.3557318595 0.4575591831 -0.1314221057 3.3656826604 0.0002084653
0.1560000000 0.4563374936 -0.2818147670 1.3337221120 7.3463749720 0.4563374936 -0.1286026444 3.3524263421 0.0002111322
0.1570000000 0.4551194723 -0.2764099527 1.3287410292 7.3370596089 0.4551194723 -0.1257995518 3.3392386972 0.0002139682
0.1580000000 0.4539051572 -0.2710100538 1.3237804089 7.3277860589 0.4539051572 -0.1230128611 3.3261198833 0.0002169874
0.1590000000 0.4526945896 -0.2656153036 1.3188403783 7.3185546297 0.4526945896 -0.1202426109 3.3130700846 0.0002202055
0.1600000000 0.4514878134 -0.2602259506 1.3139210765 7.3093656490 0.4514878134 -0.1174888454 3.3000895145 0.0002236398
0.1610000000 0.4502848760 -0.2548422600 1.3090226548 7.3002194668 0.4502848760 -0.1147516155 3.2871784175 0.0002273095
0.1620000000 0.4490858282 -0.2494645147 1.3041452781 7.2911164566 0.4490858282 -0.1120309782 3.2743370722 0.0002312356
0.1630000000 0.4478907245 -0.2440930172 1.2992891262 7.2820570180 0.4478907245 -0.1093269983 3.2615657939 0.0002354413
0.1640000000 0.4466996239 -0.2387280911 1.2944543944 7.2730415787 0.4466996239 -0.1066397485 3.2488649379 0.0002399528
0.1650000000 0.4455125896 -0.2333700829 1.2896412960 7.2640705972 0.4455125896 -0.1039693100 3.2362349031 0.0002447989
0.1660000000 0.4443296900 -0.2280193645 1.2848500626 7.2551445654 0.4443296900 -0.1013157736 3.2236761357 0.0002500118
0.1670000000 0.4431509987 -0.2226763351 1.2800809471 7.2462640119 0.4431509987 -0.0986792403 3.2111891336 0.0002556272
0.1680000000 0.4419765952 -0.2173414237 1.2753342247 7.2374295052 0.4419765952 -0.0960598225 3.1987744509 0.0002616850
0.1690000000 0.4408065657 -0.2120150925 1.2706101953 7.2286416576 0.4408065657 -0.0934576448 3.1864327038 0.0002682301
0.1700000000 0.4396410032 -0.2066978395 1.2659091861 7.2199011297 0.4396410032 -0.0908728455 3.1741645756 0.0002753127
0.1710000000 0.4384800086 -0.2013902021 1.2612315540 7.2112086346 0.4384800086 -0.0883055775 3.1619708240 0.0002829889
0.1720000000 0.4373236913 -0.1960927612 1.2565776886 7.2025649434 0.4373236913 -0.0857560102 3.1498522880 0.0002913220
0.1730000000 0.4361721702 -0.1908061457 1.2519480157 7.1939708911 0.4361721702 -0.0832243307 3.1378098962 0.0003003833
0.1740000000 0.4350255745 -0.1855310369 1.2473430006 7.1854273832 0.4350255745 -0.0807107459 3.1258446756 0.0003102533
0.1750000000 0.4338840448 -0.1802681746 1.2427631523 7.1769354027 0.4338840448 -0.0782154847 3.1139577621 0.0003210228
0.1760000000 0.4327477345 -0.1750183624 1.2382090285 7.1684960186 0.4327477345 -0.0757387998 3.1021504116 0.0003327948
0.1770000000 0.4316168107 -0.1697824757 1.2336812402 7.1601103947 0.4316168107 -0.0732809707 3.0904240128 0.0003456860
0.1780000000 0.4304914563 -0.1645614682 1.2291804578 7.1517798004 0.4304914563 -0.0708423061 3.0787801015 0.0003598289
0.1790000000 0.4293718713 -0.1593563814 1.2247074177 7.1435056218 0.4293718713 -0.0684231477 3.0672203768 0.0003753748
0.1800000000 0.4282582749 -0.1541683541 1.2202629291 7.1352893747 0.4282582749 -0.0660238734 3.0557467186 0.0003924957
0.1810000000 0.4271509074 -0.1489986332 1.2158478827 7.1271327193 0.4271509074 -0.0636449014 3.0443612083 0.0004113881
0.1820000000 0.4260500329 -0.1438485862 1.2114632597 7.1190374767 0.4260500329 -0.0612866949 3.0330661513 0.0004322768
0.1830000000 0.4249559419 -0.1387197146 1.2071101420 7.1110056466 0.4249559419 -0.0589497670 3.0218641024 0.0004554194
0.1840000000 0.4238689543 -0.1336136702 1.2027897242 7.1030394286 0.4238689543 -0.0566346867 3.0107578946 0.0004811112
0.1850000000 0.4227894227 -0.1285322719 1.1985033262 7.0951412451 0.4227894227 -0.0543420851 2.9997506712 0.0005096912
0.1860000000 0.4217177368 -0.1234775256 1.1942524079 7.0873137671 0.4217177368 -0.0520726626 2.9888459216 0.0005415492
0.1870000000 0.4206543268 -0.1184516460 1.1900385860 7.0795599431 0.4206543268 -0.0498271974 2.9780475218 0.0005771336
0.1880000000 0.4195996690 -0.1134570813 1.1858636515 7.0718830316 0.4195996690 -0.0476065538 2.9673597790 0.0006169605
0.1890000000 0.4185542906 -0.1084965403 1.1817295904 7.0642866370 0.4185542906 -0.0454116925 2.9567874817 0.0006616241
0.1900000000 0.4175187759 -0.1035730228 1.1776386061 7.0567747488 0.4175187759 -0.0432436817 2.9463359546 0.0007118084
0.1910000000 0.4164937725 -0.0986898527 1.1735931438 7.0493517856 0.4164937725 -0.0411037091 2.9360111190 0.0007683004
0.1920000000 0.4154799988 -0.0938507146 1.1695959176 7.0420226422 0.4154799988 -0.0389930948 2.9258195589 0.0008320047
0.1930000000 0.4144782511 -0.0890596932 1.1656499392 7.0347927408 0.4144782511 -0.0369133059 2.9157685919 0.0009039592
0.1940000000 0.4134894120 -0.0843213150 1.1617585489 7.0276680852 0.4134894120 -0.0348659710 2.9058663445 0.0009853521
0.1950000000 0.4125144591 -0.0796405927 1.1579254474 7.0206553167 0.4125144591 -0.0328528960 2.8961218304 0.0010775386
0.1960000000 0.4115544731 -0.0750230701 1.1541547285 7.0137617719 0.4115544731 -0.0308760801 2.8865450303 0.0011820584
0.1970000000 0.4106106467 -0.0704748661 1.1504509110 7.0069955376 0.4106106467 -0.0289377304 2.8771469688 0.0013006511
0.1980000000 0.4096842921 -0.0660027166 1.1468189678 7.0003655019 0.4096842921 -0.0270402762 2.8679397854 0.0014352680
0.1990000000 0.4087768481 -0.0616140095 1.1432643504 6.9938813959 0.4087768481 -0.0251863806 2.8589367930 0.0015880786
0.2000000000 0.4078898838 -0.0573168096 1.1397930049 6.9875538202 0.4078898838 -0.0233789468 2.8501525155 0.0017614685
0.2010000000 0.4070251002 -0.0531198683 1.1364113756 6.9813942500 0.4070251002 -0.0216211197 2.8416026944 0.0019580252
0.2020000000 0.4061843274 -0.0490326095 1.1331263919 6.9754150081 0.4061843274 -0.0199162775 2.8333042533 0.0021805072
0.2030000000 0.4053695144 -0.0450650866 1.1299454312 6.9696291964 0.4053695144 -0.0182680123 2.8252752029 0.0024317915
0.2040000000 0.4045827128 -0.0412278989 1.1268762523 6.9640505744 0.4045827128 -0.0166800952 2.8175344734 0.0027147955
0.2050000000 0.4038260497 -0.0375320609 1.1239268919 6.9586933718 0.4038260497 -0.0151564239 2.8101016555 0.0030323702
0.2060000000 0.4031016902 -0.0339888140 1.1211055188 6.9535720253 0.4031016902 -0.0137009484 2.8029966364 0.0033871624
0.2070000000 0.4024117871 -0.0306093763 1.1184202413 6.9487008322 0.4024117871 -0.0123175738 2.7962391198 0.0037814479
0.2080000000 0.4017584183 -0.0274046271 1.1158788661 6.9440935183 0.4017584183 -0.0110100396 2.7898480282 0.0042169417
0.2090000000 0.4011435124 -0.0243847319 1.1134886132 6.9397627286 0.4011435124 -0.0097817770 2.7838407960 0.0046945977
0.2100000000 0.4005687654 -0.0215587199 1.1112557966 6.9357194561 0.4005687654 -0.0086357498 2.7782325795 0.0052144137
0.2110000000 0.4000355524 -0.0189340358 1.1091854877 6.9319724431 0.4000355524 -0.0075742875 2.7730354252 0.0057752634
0.2120000000 0.3995448411 -0.0165160987 1.1072811849 6.9285275939 0.3995448411 -0.0065989220 2.7682574565 0.0063747763
0.2130000000 0.3990971147 -0.0143079050 1.1055445202 6.9253874546 0.3990971147 -0.0057102436 2.7639021514 0.0070092841
0.2140000000 0.3986923119 -0.0123097190 1.1039750325 6.9225508136 0.3986923119 -0.0049077903 2.7599677879 0.0076738458
0.2150000000 0.3983297919 -0.0105188879 1.1025700370 6.9200124756 0.3983297919 -0.0041899864 2.7564471295 0.0083623516
0.2160000000 0.3980083308 -0.0089298127 1.1013246133 6.9177632456 0.3980083308 -0.0035541398 2.7533274021 0.0090676903
0.2170000000 0.3977261500 -0.0075340851 1.1002317198 6.9157901418 0.3977261500 -0.0029965027 2.7505905875 0.0097819568
0.2180000000 0.3974809781 -0.0063207893 1.0992824317 6.9140768266 0.3974809781 -0.0025123935 2.7482140194 0.0104966644
0.2190000000 0.3972701385 -0.0052769398 1.0984662821 6.9126042219 0.3972701385 -0.0020963706 2.7461712364 0.0112029288
0.2200000000 0.3970906575 -0.0043880191 1.0977716764 6.9113512554 0.3970906575 -0.0017424414 2.7444330140 0.0118915896
0.2210000000 0.3969393810 -0.0036385632 1.0971863428 6.9102956681 0.3969393810 -0.0014442890 2.7429684847 0.0125532455
0.2220000000 0.3968130910 -0.0030127475 1.0966977799 6.9094148180 0.3968130910 -0.0011954977 2.7417462507 0.0131781864
0.2230000000 0.3967086128 -0.0024949250 1.0962936678 6.9086864157 0.3967086128 -0.0009897582 2.7407354041 0.0137562209
0.2240000000 0.3966229057 -0.0020700849 1.0959622166 6.9080891484 0.3966229057 -0.0008210431 2.7399063912 0.0142764034
0.2250000000 0.3965531340 -0.0017242099 1.0956924373 6.9076031632 0.3965531340 -0.0006837408 2.7392316827 0.0147266789
0.2260000000 0.3964967152 -0.0014445242 1.0954743285 6.9072103995 0.3964967152 -0.0005727491 2.7386862348 0.0150934767
0.2270000000 0.3964513488 -0.0012196372 1.0952989823 6.9068947780 0.3964513488 -0.0004835268 2.7382477507 0.0153613064
0.2280000000 0.3964150251 -0.0010395941 1.0951586206 6.9066422617 0.3964150251 -0.0004121107 2.7378967657 0.0155124509
0.2290000000 0.3963860204 -0.0008958521 1.0950465721 6.9064408145 0.3963860204 -0.0003551032 2.7376165893 0.0155269005
0.2300000000 0.3963628798 -0.0007811998 1.0949572084 6.9062802830 0.3963628798 -0.0003096386 2.7373931419 0.0153827462
0.2310000000 0.3963443941 -0.0006896404 1.0948858504 6.9061522275 0.3963443941 -0.0002733351 2.7372147202 0.0150573277
0.2320000000 0.3963295710 -0.0006162530 1.0948286598 6.9060497256 0.3963295710 -0.0002442393 2.7370717248 0.0145295022
0.2330000000 0.3963176059 -0.0005570476 1.0947825249 6.9059671656 0.3963176059 -0.0002207678 2.7369563737 0.0137833881
0.2340000000 0.3963078535 -0.0005088218 1.0947449487 6.9059000449 0.3963078535 -0.0002016501 2.7368624231 0.0128137576
0.2350000000 0.3962998001 -0.0004690284 1.0947139454 6.9058447825 0.3962998001 -0.0001858759 2.7367849071 0.0116327914
0.2360000000 0.3962930406 -0.0004356566 1.0946879473 6.9057985518 0.3962930406 -0.0001726477 2.7367199059 0.0102771436
0.2370000000 0.3962872573 -0.0004071306 1.0946657262 6.9057591383 0.3962872573 -0.0001613407 2.7366643484 0.0088133070
0.2380000000 0.3962822036 -0.0003822268 1.0946463283 6.9057248222 0.3962822036 -0.0001514697 2.7366158497 0.0073384797
0.2390000000 0.3962776907 -0.0003600088 1.0946290238 6.9056942878 0.3962776907 -0.0001426635 2.7365725851 0.0059740260
0.2400000000 0.3962735784 -0.0003397803 1.0946132698 6.9056665564 0.3962735784 -0.0001346460 2.7365331975 0.0048496270
0.2410000000 0.3962697679 -0.0003210516 1.0945986849 6.9056409403 0.3962697679 -0.0001272230 2.7364967328 0.0040784934
0.2420000000 0.3962661973 -0.0003035153 1.0945850294 6.9056170074 0.3962661973 -0.0001202728 2.7364625917 0.0037275435
0.2430000000 0.3962628363 -0.0002870208 1.0945721860 6.9055945463 0.3962628363 -0.0001137357 2.7364304812 0.0037908869
0.2440000000 0.3962596792 -0.0002715406 1.0945601330 6.9055735183 0.3962596792 -0.0001076006 2.7364003471 0.0041783893
0.2450000000 0.3962567355 -0.0002571213 1.0945489069 6.9055539890 0.3962567355 -0.0001018861 2.7363722805 0.0047293267
0.2460000000 0.3962540183 -0.0002438283 1.0945385586 6.9055360502 0.3962540183 -0.0000966179 2.7363464083 0.0052512316
0.2470000000 0.3962515344 -0.0002316953 1.0945291144 6.9055197495 0.3962515344 -0.0000918096 2.7363227966 0.0055706537
0.2480000000 0.3962492784 -0.0002206956 1.0945205534 6.9055050494 0.3962492784 -0.0000874505 2.7363013931 0.0055765303
0.2490000000 0.3962472320 -0.0002107381 1.0945128046 6.9054918219 0.3962472320 -0.0000835044 2.7362820203 0.0052431040
0.2500000000 0.3962453670 -0.0002016832 1.0945057591 6.9054798707 0.3962453670 -0.0000799160 2.7362644059 0.0046304763
0.2510000000 0.3962436506 -0.0001933679 1.0944992902 6.9054689674 0.3962436506 -0.0000766208 2.7362482328 0.0038671446
0.2520000000 0.3962420506 -0.0001856326 1.0944932732 6.9054588874 0.3962420506 -0.0000735554 2.7362331897 0.0031189826
0.2530000000 0.3962405398 -0.0001783428 1.0944876033 6.9054494420 0.3962405398 -0.0000706666 2.7362190147 0.0025483788
0.2540000000 0.3962390995 -0.0001714049 1.0944822079 6.9054405000 0.3962390995 -0.0000679173 2.7362055256 0.0022697005
0.2550000000 0.3962377206 -0.0001647741 1.0944770517 6.9054319982 0.3962377206 -0.0000652897 2.7361926347 0.0023124247
0.2560000000 0.3962364029 -0.0001584497 1.0944721345 6.9054239360 0.3962364029 -0.0000627836 2.7361803411 0.0026068974
0.2570000000 0.3962351523 -0.0001524605 1.0944674784 6.9054163538 0.3962351523 -0.0000604102 2.7361687006 0.0030037435
0.2580000000 0.3962339757 -0.0001468414 1.0944631107 6.9054093006 0.3962339757 -0.0000581835 2.7361577811 0.0033240332
0.2590000000 0.3962328770 -0.0001416112 1.0944590462 6.9054028032 0.3962328770 -0.0000561110 2.7361476196 0.0034209317
0.2600000000 0.3962318541 -0.0001367597 1.0944552769 6.9053968471 0.3962318541 -0.0000541886 2.7361381959 0.0032279388
0.2610000000 0.3962308988 -0.0001322465 1.0944517712 6.9053913757 0.3962308988 -0.0000524002 2.7361294314 0.0027778913
0.2620000000 0.3962299989 -0.0001280105 1.0944484815 6.9053863032 0.3962299989 -0.0000507216 2.7361212070 0.0021906218
0.2630000000 0.3962291408 -0.0001239849 1.0944453558 6.9053815357 0.3962291408 -0.0000491264 2.7361133926 0.0016353141
0.2640000000 0.3962283131 -0.0001201126 1.0944423497 6.9053769934 0.3962283131 -0.0000475920 2.7361058771 0.0012765333
0.2650000000 0.3962275089 -0.0001163598 1.0944394367 6.9053726285 0.3962275089 -0.0000461049 2.7360985944 0.0012164745
0.2660000000 0.3962267273 -0.0001127215 1.0944366131 6.9053684343 0.3962267273 -0.0000446633 2.7360915352 0.0014518848
0.2670000000 0.3962259724 -0.0001092190 1.0944338952 6.9053644406 0.3962259724 -0.0000432754 2.7360847404 0.0018666366
0.2680000000 0.3962252512 -0.0001058858 1.0944313094 6.9053606947 0.3962252512 -0.0000419546 2.7360782756 0.0022708996
0.2690000000 0.3962245692 -0.0001027504 1.0944288777 6.9053572366 0.3962245692 -0.0000407122 2.7360721964 0.0024748223
0.2700000000 0.3962239282 -0.0000998208 1.0944266065 6.9053540776 0.3962239282 -0.0000395514 2.7360665182 0.0023643464
0.2710000000 0.3962233245 -0.0000970790 1.0944244817 6.9053511925 0.3962233245 -0.0000384650 2.7360612061 0.0019467618
0.2720000000 0.3962227501 -0.0000944857 1.0944224726 6.9053485260 0.3962227501 -0.0000374374 2.7360561833 0.0013508831
0.2730000000 0.3962221953 -0.0000919924 1.0944205415 6.9053460101 0.3962221953 -0.0000364494 2.7360513554 0.0007838927
0.2740000000 0.3962216515 -0.0000895567 1.0944186553 6.9053435853 0.3962216515 -0.0000354843 2.7360466399 0.0004564530
0.2750000000 0.3962211144 -0.0000871564 1.0944167968 6.9053412207 0.3962211144 -0.0000345332 2.7360419936 0.0004963613
0.2760000000 0.3962205848 -0.0000847969 1.0944149702 6.9053389237 0.3962205848 -0.0000335983 2.7360374268 0.0008831382
0.2770000000 0.3962200688 -0.0000825075 1.0944131982 6.9053367359 0.3962200688 -0.0000326911 2.7360329969 0.0014410553
0.2780000000 0.3962195742 -0.0000803269 1.0944115111 6.9053347117 0.3962195742 -0.0000318271 2.7360287790 0.0019078047
0.2790000000 0.3962191065 -0.0000782834 1.0944099308 6.9053328910 0.3962191065 -0.0000310174 2.7360248283 0.0020517105
0.2800000000 0.3962186666 -0.0000763805 1.0944084602 6.9053312789 0.3962186666 -0.0000302634 2.7360211517 0.0017778026
0.2810000000 0.3962182495 -0.0000745942 1.0944070805 6.9053298420 0.3962182495 -0.0000295556 2.7360177024 0.0011729451
0.2820000000 0.3962178468 -0.0000728822 1.0944057588 6.9053285210 0.3962178468 -0.0000288772 2.7360143981 0.0004755604
0.2830000000 0.3962174494 -0.0000712001 1.0944044604 6.9053272538 0.3962174494 -0.0000282107 2.7360111520 0.0000178924
0.2840000000 0.3962170515 -0.0000695185 1.0944031625 6.9053259997 0.3962170515 -0.0000275444 2.7360079072 0.0000817955
0.2850000000 0.3962166528 -0.0000678365 1.0944018643 6.9053247576 0.3962166528 -0.0000268779 2.7360046617 0.0003193496
0.2860000000 0.3962162588 -0.0000661817 1.0944005874 6.9053235667 0.3962162588 -0.0000262223 2.7360014695 0.0009917133
0.2870000000 0.3962158782 -0.0000645967 1.0943993650 6.9053224874 0.3962158782 -0.0000255943 2.7359984133 0.0015917194
0.2880000000 0.3962155177 -0.0000631157 1.0943982237 6.9053215679 0.3962155177 -0.0000250074 2.7359955599 0.0017992217
0.2890000000 0.3962151789 -0.0000617461 1.0943971691 6.9053208191 0.3962151789 -0.0000244647 2.7359929236 0.0014840197
0.2900000000 0.3962148570 -0.0000604643 1.0943961832 6.9053202085 0.3962148570 -0.0000239569 2.7359904587 0.0007748210
0.2910000000 0.3962145432 -0.0000592272 1.0943952321 6.9053196756 0.3962145432 -0.0000234667 2.7359880809 0.0000048383
0.2920000000 0.3962142288 -0.0000579913 1.0943942820 6.9053191599 0.3962142288 -0.0000229770 2.7359857057 0.0004373118
0.2930000000 0.3962139092 -0.0000567339 1.0943933152 6.9053186300 0.3962139092 -0.0000224788 2.7359832887 0.0003145904
0.2940000000 0.3962135864 -0.0000554651 1.0943923396 6.9053181005 0.3962135864 -0.0000219760 2.7359808497 0.0003026634
0.2950000000 0.3962132679 -0.0000542225 1.0943913846 6.9053176248 0.3962132679 -0.0000214837 2.7359784620 0.0010760180
0.2960000000 0.3962129626 -0.0000530500 1.0943904841 6.9053172647 0.3962129626 -0.0000210191 2.7359762109 0.0015589467
0.2970000000 0.3962126751 -0.0000519709 1.0943896566 6.9053170536 0.3962126751 -0.0000205915 2.7359741420 0.0014608612
0.2980000000 0.3962124033 -0.0000509750 1.0943888940 6.9053169774 0.3962124033 -0.0000201969 2.7359722354 0.0008163654
0.2990000000 0.3962121397 -0.0000500243 1.0943881667 6.9053169833 0.3962121397 -0.0000198202 2.7359704172 0.0000302677
0.3000000000 0.3962118750 -0.0000490736 1.0943874394 6.9053170079 0.3962118750 -0.0000194435 2.7359685989 0.0005975100
0.3010000000 0.3962116035 -0.0000480946 1.0943866901 6.9053170120 0.3962116035 -0.0000190556 2.7359667258 0.0005485262
0.3020000000 0.3962113263 -0.0000470930 1.0943859234 6.9053170042 0.3962113263 -0.0000186588 2.7359648090 0.0000699897
0.3030000000 0.3962110508 -0.0000461049 1.0943851672 6.9053170354 0.3962110508 -0.0000182673 2.7359629185 0.0008828789
0.3040000000 0.3962107856 -0.0000451740 1.0943844557 6.9053171674 0.3962107856 -0.0000178984 2.7359611397 0.0013786566
0.3050000000 0.3962105354 -0.0000443233 1.0943838068 6.9053174332 0.3962105354 -0.0000175614 2.7359595174 0.0012348897
0.3060000000 0.3962102978 -0.0000435411 1.0943832113 6.9053178163 0.3962102978 -0.0000172514 2.7359580286 0.0005281809
0.3070000000 0.3962100650 -0.0000427882 1.0943826388 6.9053182625 0.3962100650 -0.0000169531 2.7359565973 0.0003119579
0.3080000000 0.3962098282 -0.0000420222 1.0943820561 6.9053187125 0.3962098282 -0.0000166496 2.7359551406 0.0007464947
0.3090000000 0.3962095835 -0.0000412232 1.0943814478 6.9053191387 0.3962095835 -0.0000163330 2.7359536197 0.0005041623
0.3100000000 0.3962093340 -0.0000404067 1.0943808259 6.9053195635 0.3962093340 -0.0000160095 2.7359520651 0.0002323181
0.3110000000 0.3962090877 -0.0000396129 1.0943802219 6.9053200438 0.3962090877 -0.0000156950 2.7359505550 0.0009746237
0.3120000000 0.3962088522 -0.0000388793 1.0943796648 6.9053206328 0.3962088522 -0.0000154043 2.7359491622 0.0012128937
0.3130000000 0.3962086292 -0.0000382143 1.0943791612 6.9053213427 0.3962086292 -0.0000151408 2.7359479033 0.0007785510
0.3140000000 0.3962084135 -0.0000375925 1.0943786914 6.9053221383 0.3962084135 -0.0000148944 2.7359467288 0.0000418809
0.3150000000 0.3962081966 -0.0000369720 1.0943782228 6.9053229614 0.3962081966 -0.0000146486 2.7359455572 0.0006878007
0.3160000000 0.3962079723 -0.0000363223 1.0943777315 6.9053237697 0.3962079723 -0.0000143912 2.7359443289 0.0007098406
0.3170000000 0.3962077410 -0.0000356453 1.0943772189 6.9053245662 0.3962077410 -0.0000141229 2.7359430475 0.0001260753
0.3180000000 0.3962075092 -0.0000349728 1.0943767100 6.9053253963 0.3962075092 -0.0000138565 2.7359417752 0.0006403961
0.3190000000 0.3962072845 -0.0000343439 1.0943762352 6.9053263156 0.3962072845 -0.0000136073 2.7359405882 0.0010353229
0.3200000000 0.3962070705 -0.0000337756 1.0943758077 6.9053273485 0.3962070705 -0.0000133821 2.7359395195 0.0007673886
0.3210000000 0.3962068637 -0.0000332513 1.0943754146 6.9053284722 0.3962068637 -0.0000131744 2.7359385367 0.0000289427
0.3220000000 0.3962066565 -0.0000327332 1.0943750264 6.9053296342 0.3962066565 -0.0000129691 2.7359375662 0.0006403733
0.3230000000 0.3962064424 -0.0000321897 1.0943746185 6.9053307910 0.3962064424 -0.0000127538 2.7359365465 0.0007438403
0.3240000000 0.3962062210 -0.0000316183 1.0943741891 6.9053319395 0.3962062210 -0.0000125274 2.7359354728 0.0002399504
0.3250000000 0.3962059978 -0.0000310466 1.0943737595 6.9053331194 0.3962059978 -0.0000123009 2.7359343989 0.0004745938
0.3260000000 0.3962057800 -0.0000305108 1.0943733580 6.9053343821 0.3962057800 -0.0000120886 2.7359333951 0.0008537273
0.3270000000 0.3962055709 -0.0000300275 1.0943729974 6.9053357515 0.3962055709 -0.0000118971 2.7359324937 0.0006039915
0.3280000000 0.3962053674 -0.0000295812 1.0943726659 6.9053372068 0.3962053674 -0.0000117202 2.7359316649 0.0000798544
0.3290000000 0.3962051624 -0.0000291375 1.0943723365 6.9053387003 0.3962051624 -0.0000115444 2.7359308414 0.0006635503
0.3300000000 0.3962049505 -0.0000286691 1.0943719880 6.9053401947 0.3962049505 -0.0000113588 2.7359299702 0.0006938548
0.3310000000 0.3962047318 -0.0000281771 1.0943716212 6.9053416920 0.3962047318 -0.0000111639 2.7359290533 0.0001863780
0.3320000000 0.3962045118 -0.0000276889 1.0943712575 6.9053432316 0.3962045118 -0.0000109705 2.7359281440 0.0004372889
0.3330000000 0.3962042967 -0.0000272355 1.0943709211 6.9053448581 0.3962042967 -0.0000107908 2.7359273028 0.0006731433
0.3340000000 0.3962040883 -0.0000268263 1.0943706192 6.9053465854 0.3962040883 -0.0000106287 2.7359265482 0.0003325234
0.3350000000 0.3962038827 -0.0000264423 1.0943703371 6.9053483877 0.3962038827 -0.0000104765 2.7359258429 0.0003011314
0.3360000000 0.3962036737 -0.0000260520 1.0943700503 6.9053502220 0.3962036737 -0.0000103219 2.7359251259 0.0007013561
0.3370000000 0.3962034574 -0.0000256376 1.0943697448 6.9053520639 0.3962034574 -0.0000101577 2.7359243621 0.0005562109
0.3380000000 0.3962032358 -0.0000252086 1.0943694281 6.9053539278 0.3962032358 -0.0000099877 2.7359235704 0.0000272870
0.3390000000 0.3962030144 -0.0000247929 1.0943691219 6.9053558539 0.3962030144 -0.0000098230 2.7359228048 0.0004284469
0.3400000000 0.3962027976 -0.0000244124 1.0943688433 6.9053578742 0.3962027976 -0.0000096723 2.7359221083 0.0004237457
0.3410000000 0.3962025849 -0.0000240648 1.0943685904 6.9053599863 0.3962025849 -0.0000095345 2.7359214762 0.0000286259
0.3420000000 0.3962023714 -0.0000237264 1.0943683450 6.9053621582 0.3962023714 -0.0000094004 2.7359208625 0.0005302369
0.3430000000 0.3962021522 -0.0000233731 1.0943680881 6.9053643573 0.3962021522 -0.0000092605 2.7359202202 0.0006489032
0.3440000000 0.3962019265 -0.0000230012 1.0943678167 6.9053665793 0.3962019265 -0.0000091131 2.7359195420 0.0003197226
0.3450000000 0.3962016979 -0.0000226288 1.0943675453 6.9053688511 0.3962016979 -0.0000089656 2.7359188635 0.0001360416
0.3460000000 0.3962014710 -0.0000222795 1.0943672920 6.9053712068 0.3962014710 -0.0000088272 2.7359182301 0.0003081371
0.3470000000 0.3962012473 -0.0000219604 1.0943670624 6.9053736579 0.3962012473 -0.0000087007 2.7359176561 0.0000492424
0.3480000000 0.3962010237 -0.0000216572 1.0943668453 6.9053761856 0.3962010237 -0.0000085806 2.7359171134 0.0003938261
0.3490000000 0.3962007956 -0.0000213477 1.0943666236 6.9053787603 0.3962007956 -0.0000084580 2.7359165591 0.0006135604
0.3500000000 0.3962005613 -0.0000210225 1.0943663898 6.9053813700 0.3962005613 -0.0000083291 2.7359159746 0.0004389843
0.3510000000 0.3962003226 -0.0000206923 1.0943661523 6.9053840311 0.3962003226 -0.0000081983 2.7359153808 0.0000722711
0.3520000000 0.3962000835 -0.0000203766 1.0943659262 6.9053867726 0.3962000835 -0.0000080732 2.7359148156 0.0001300945
0.3530000000 0.3961998457 -0.0000200850 1.0943657191 6.9053896096 0.3961998457 -0.0000079577 2.7359142979 0.0000177723
0.3540000000 0.3961996075 -0.0000198088 1.0943655243 6.9053925317 0.3961996075 -0.0000078483 2.7359138107 0.0003611379
0.3550000000 0.3961993652 -0.0000195307 1.0943653280 6.9053955160 0.3961993652 -0.0000077380 2.7359133201 0.0005644164
0.3560000000 0.3961991170 -0.0000192414 1.0943651233 6.9053985513 0.3961991170 -0.0000076234 2.7359128082 0.0004582977
0.3570000000 0.3961988640 -0.0000189480 1.0943649155 6.9054016493 0.3961988640 -0.0000075072 2.7359122889 0.0001884055
0.3580000000 0.3961986093 -0.0000186654 1.0943647164 6.9054048327 0.3961986093 -0.0000073952 2.7359117910 0.0000402370
0.3590000000 0.3961983541 -0.0000184010 1.0943645316 6.9054081138 0.3961983541 -0.0000072904 2.7359113290 0.0001576849
0.3600000000 0.3961980970 -0.0000181480 1.0943643558 6.9054114854 0.3961980970 -0.0000071902 2.7359108897 0.0004088767
0.3610000000 0.3961978354 -0.0000178936 1.0943641792 6.9054149313 0.3961978354 -0.0000070894 2.7359104481 0.0005377192
0.3620000000 0.3961975679 -0.0000176322 1.0943639973 6.9054184458 0.3961975679 -0.0000069858 2.7359099933 0.0004427283
0.3630000000 0.3961972957 -0.0000173701 1.0943638151 6.9054220399 0.3961972957 -0.0000068820 2.7359095377 0.0002608836
0.3640000000 0.3961970208 -0.0000171178 1.0943636406 6.9054257305 0.3961970208 -0.0000067820 2.7359091015 0.0001990422
0.3650000000 0.3961967436 -0.0000168784 1.0943634763 6.9054295245 0.3961967436 -0.0000066872 2.7359086909 0.0003177614
0.3660000000 0.3961964628 -0.0000166455 1.0943633173 6.9054334154 0.3961964628 -0.0000065949 2.7359082933 0.0004825698
0.3670000000 0.3961961765 -0.0000164108 1.0943631571 6.9054373940 0.3961961765 -0.0000065019 2.7359078927 0.0005279308
0.3680000000 0.3961958844 -0.0000161731 1.0943629946 6.9054414612 0.3961958844 -0.0000064077 2.7359074866 0.0004384710
0.3690000000 0.3961955874 -0.0000159382 1.0943628346 6.9054456279 0.3961955874 -0.0000063146 2.7359070865 0.0003427688
0.3700000000 0.3961952865 -0.0000157119 1.0943626814 6.9054499051 0.3961952865 -0.0000062250 2.7359067037 0.0003569096
0.3710000000 0.3961949815 -0.0000154937 1.0943625347 6.9054542950 0.3961949815 -0.0000061385 2.7359063369 0.0004629078
0.3720000000 0.3961946711 -0.0000152781 1.0943623902 6.9054587930 0.3961946711 -0.0000060531 2.7359059756 0.0005461943
0.3730000000 0.3961943544 -0.0000150614 1.0943622450 6.9054633968 0.3961943544 -0.0000059672 2.7359056124 0.0005359746
0.3740000000 0.3961940315 -0.0000148451 1.0943621003 6.9054681123 0.3961940315 -0.0000058815 2.7359052507 0.0004757289
0.3750000000 0.3961937030 -0.0000146337 1.0943619595 6.9054729486 0.3961937030 -0.0000057978 2.7359048988 0.0004561732
0.3760000000 0.3961933692 -0.0000144287 1.0943618239 6.9054779119 0.3961933692 -0.0000057165 2.7359045599 0.0005076845
0.3770000000 0.3961930293 -0.0000142277 1.0943616917 6.9054830024 0.3961930293 -0.0000056369 2.7359042292 0.0005767491
0.3780000000 0.3961926824 -0.0000140276 1.0943615603 6.9054882195 0.3961926824 -0.0000055576 2.7359039007 0.0006003737
0.3790000000 0.3961923282 -0.0000138281 1.0943614295 6.9054935668 0.3961923282 -0.0000054786 2.7359035738 0.0005790501
0.3800000000 0.3961919671 -0.0000136315 1.0943613011 6.9054990517 0.3961919671 -0.0000054007 2.7359032528 0.0005639973
0.3810000000 0.3961915990 -0.0000134394 1.0943611765 6.9055046808 0.3961915990 -0.0000053246 2.7359029412 0.0005894663
0.3820000000 0.3961912236 -0.0000132512 1.0943610550 6.9055104577 0.3961912236 -0.0000052500 2.7359026375 0.0006370722
0.3830000000 0.3961908401 -0.0000130649 1.0943609351 6.9055163843 0.3961908401 -0.0000051762 2.7359023379 0.0006673072
0.3840000000 0.3961904483 -0.0000128797 1.0943608164 6.9055224646 0.3961904483 -0.0000051028 2.7359020410 0.0006695055
0.3850000000 0.3961900480 -0.0000126967 1.0943606995 6.9055287049 0.3961900480 -0.0000050303 2.7359017487 0.0006681020
0.3860000000 0.3961896390 -0.0000125170 1.0943605853 6.9055351122 0.3961896390 -0.0000049591 2.7359014634 0.0006867280
0.3870000000 0.3961892212 -0.0000123404 1.0943604738 6.9055416919 0.3961892212 -0.0000048891 2.7359011846 0.0007208220
0.3880000000 0.3961887938 -0.0000121660 1.0943603642 6.9055484484 0.3961887938 -0.0000048200 2.7359009104 0.0007492928
0.3890000000 0.3961883565 -0.0000119931 1.0943602559 6.9055553868 0.3961883565 -0.0000047515 2.7359006397 0.0007631053
0.3900000000 0.3961879091 -0.0000118221 1.0943601493 6.9055625140 0.3961879091 -0.0000046838 2.7359003733 0.0007732677
0.3910000000 0.3961874511 -0.0000116538 1.0943600449 6.9055698376 0.3961874511 -0.0000046171 2.7359001123 0.0007929645
0.3920000000 0.3961869823 -0.0000114879 1.0943599427 6.9055773643 0.3961869823 -0.0000045514 2.7358998567 0.0008213265
0.3930000000 0.3961865020 -0.0000113241 1.0943598422 6.9055851008 0.3961865020 -0.0000044865 2.7358996056 0.0008478937
0.3940000000 0.3961860099 -0.0000111620 1.0943597433 6.9055930541 0.3961860099 -0.0000044222 2.7358993583 0.0008676224
0.3950000000 0.3961855055 -0.0000110017 1.0943596460 6.9056012323 0.3961855055 -0.0000043587 2.7358991149 0.0008856109
0.3960000000 0.3961849883 -0.0000108436 1.0943595505 6.9056096441 0.3961849883 -0.0000042961 2.7358988763 0.0009083298
0.3970000000 0.3961844580 -0.0000106876 1.0943594569 6.9056182980 0.3961844580 -0.0000042342 2.7358986422 0.0009354497
0.3980000000 0.3961839138 -0.0000105334 1.0943593649 6.9056272029 0.3961839138 -0.0000041731 2.7358984122 0.0009620330
0.3990000000 0.3961833552 -0.0000103808 1.0943592744 6.9056363679 0.3961833552 -0.0000041127 2.7358981860 0.0009859099
0.4000000000 0.3961827817 -0.0000102300 1.0943591854 6.9056458033 0.3961827817 -0.0000040529 2.7358979636 0.0010095967
0.4010000000 0.3961821926 -0.0000100810 1.0943590981 6.9056555195 0.3961821926 -0.0000039939 2.7358977453 0.0010358885
0.4020000000 0.3961815874 -0.0000099338 1.0943590124 6.9056655277 0.3961815874 -0.0000039356 2.7358975310 0.0010643052
0.4030000000 0.3961809654 -0.0000097883 1.0943589282 6.9056758392 0.3961809654 -0.0000038779 2.7358973205 0.0010926409
0.4040000000 0.3961803257 -0.0000096443 1.0943588454 6.9056864660 0.3961803257 -0.0000038209 2.7358971135 0.0011202227
0.4050000000 0.3961796678 -0.0000095019 1.0943587641 6.9056974210 0.3961796678 -0.0000037645 2.7358969102 0.0011483405
0.4060000000 0.3961789908 -0.0000093612 1.0943586842 6.9057087177 0.3961789908 -0.0000037087 2.7358967105 0.0011780888
0.4070000000 0.3961782939 -0.0000092220 1.0943586058 6.9057203701 0.3961782939 -0.0000036535 2.7358965144 0.0012090658
0.4080000000 0.3961775763 -0.0000090842 1.0943585287 6.9057323931 0.3961775763 -0.0000035990 2.7358963218 0.0012403876
0.4090000000 0.3961768369 -0.0000089480 1.0943584530 6.9057448024 0.3961768369 -0.0000035450 2.7358961325 0.0012720006
0.4100000000 0.3961760750 -0.0000088131 1.0943583786 6.9057576145 0.3961760750 -0.0000034915 2.7358959466 0.0013045129
0.4110000000 0.3961752894 -0.0000086797 1.0943583056 6.9057708471 0.3961752894 -0.0000034387 2.7358957641 0.0013382245
0.4120000000 0.3961744792 -0.0000085477 1.0943582339 6.9057845185 0.3961744792 -0.0000033864 2.7358955848 0.0013728543
0.4130000000 0.3961736431 -0.0000084170 1.0943581635 6.9057986484 0.3961736431 -0.0000033346 2.7358954087 0.0014081141
0.4140000000 0.3961727799 -0.0000082877 1.0943580943 6.9058132573 0.3961727799 -0.0000032833 2.7358952358 0.0014441192
0.4150000000 0.3961718885 -0.0000081596 1.0943580264 6.9058283672 0.3961718885 -0.0000032326 2.7358950660 0.0014811461
0.4160000000 0.3961709675 -0.0000080328 1.0943579597 6.9058440013 0.3961709675 -0.0000031824 2.7358948992 0.0015192450
0.4170000000 0.3961700154 -0.0000079073 1.0943578942 6.9058601841 0.3961700154 -0.0000031326 2.7358947355 0.0015582848
0.4180000000 0.3961690308 -0.0000077829 1.0943578299 6.9058769416 0.3961690308 -0.0000030834 2.7358945747 0.0015982224
0.4190000000 0.3961680120 -0.0000076598 1.0943577667 6.9058943016 0.3961680120 -0.0000030346 2.7358944169 0.0016391661
0.4200000000 0.3961669575 -0.0000075378 1.0943577048 6.9059122934 0.3961669575 -0.0000029862 2.7358942619 0.0016812186
0.4210000000 0.3961658653 -0.0000074169 1.0943576439 6.9059309482 0.3961658653 -0.0000029383 2.7358941098 0.0017243801
0.4220000000 0.3961647336 -0.0000072972 1.0943575842 6.9059502992 0.3961647336 -0.0000028909 2.7358939605 0.0017686177
0.4230000000 0.3961635603 -0.0000071786 1.0943575256 6.9059703818 0.3961635603 -0.0000028439 2.7358938140 0.0018139602
0.4240000000 0.3961623433 -0.0000070610 1.0943574681 6.9059912337 0.3961623433 -0.0000027973 2.7358936701 0.0018604852
0.4250000000 0.3961610803 -0.0000069445 1.0943574116 6.9060128950 0.3961610803 -0.0000027511 2.7358935290 0.0019082611
0.4260000000 0.3961597688 -0.0000068290 1.0943573562 6.9060354087 0.3961597688 -0.0000027054 2.7358933905 0.0019573365
0.4270000000 0.3961584061 -0.0000067145 1.0943573019 6.9060588205 0.3961584061 -0.0000026600 2.7358932547 0.0020077672
0.4280000000 0.3961569895 -0.0000066009 1.0943572485 6.9060831796 0.3961569895 -0.0000026150 2.7358931214 0.0020596199
0.4290000000 0.3961555159 -0.0000064884 1.0943571962 6.9061085384 0.3961555159 -0.0000025704 2.7358929906 0.0021129525
0.4300000000 0.3961539821 -0.0000063767 1.0943571449 6.9061349534 0.3961539821 -0.0000025262 2.7358928624 0.0021678116
0.4310000000 0.3961523846 -0.0000062660 1.0943570946 6.9061624849 0.3961523846 -0.0000024823 2.7358927366 0.0022242512
0.4320000000 0.3961507197 -0.0000061562 1.0943570453 6.9061911980 0.3961507197 -0.0000024388 2.7358926133 0.0022823457
0.4330000000 0.3961489834 -0.0000060472 1.0943569969 6.9062211626 0.3961489834 -0.0000023956 2.7358924924 0.0023421813
0.4340000000 0.3961471713 -0.0000059392 1.0943569495 6.9062524541 0.3961471713 -0.0000023528 2.7358923738 0.0024038413
0.4350000000 0.3961452788 -0.0000058319 1.0943569031 6.9062851537 0.3961452788 -0.0000023103 2.7358922577 0.0024674039
0.4360000000 0.3961433009 -0.0000057255 1.0943568575 6.9063193491 0.3961433009 -0.0000022681 2.7358921438 0.0025329481
0.4370000000 0.3961412321 -0.0000056198 1.0943568129 6.9063551353 0.3961412321 -0.0000022263 2.7358920323 0.0026005652
0.4380000000 0.3961390664 -0.0000055150 1.0943567692 6.9063926150 0.3961390664 -0.0000021847 2.7358919230 0.0026703702
0.4390000000 0.3961367976 -0.0000054109 1.0943567264 6.9064318999 0.3961367976 -0.0000021435 2.7358918160 0.0027425134
0.4400000000 0.3961344187 -0.0000053076 1.0943566845 6.9064731109 0.3961344187 -0.0000021025 2.7358917112 0.0028171840
0.4410000000 0.3961319221 -0.0000052050 1.0943566434 6.9065163799 0.3961319221 -0.0000020619 2.7358916086 0.0028946038
0.4420000000 0.3961292995 -0.0000051031 1.0943566032 6.9065618507 0.3961292995 -0.0000020215 2.7358915081 0.0029750141
0.4430000000 0.3961265420 -0.0000050019 1.0943565639 6.9066096807 0.3961265420 -0.0000019814 2.7358914098 0.0030586651
0.4440000000 0.3961236396 -0.0000049014 1.0943565255 6.9066600421 0.3961236396 -0.0000019416 2.7358913136 0.0031458151
0.4450000000 0.3961205816 -0.0000048015 1.0943564878 6.9067131242 0.3961205816 -0.0000019020 2.7358912196 0.0032367413
0.4460000000 0.3961173559 -0.0000047023 1.0943564510 6.9067691351 0.3961173559 -0.0000018627 2.7358911276 0.0033317592
0.4470000000 0.3961139494 -0.0000046038 1.0943564150 6.9068283049 0.3961139494 -0.0000018236 2.7358910376 0.0034312492
0.4480000000 0.3961103475 -0.0000045058 1.0943563799 6.9068908876 0.3961103475 -0.0000017848 2.7358909497 0.0035356845
0.4490000000 0.3961065341 -0.0000044085 1.0943563455 6.9069571656 0.3961065341 -0.0000017462 2.7358908638 0.0036456665
0.4500000000 0.3961024910 -0.0000043117 1.0943563120 6.9070274532 0.3961024910 -0.0000017079 2.7358907799 0.0037619684
0.4510000000 0.3960981983 -0.0000042155 1.0943562792 6.9071021019 0.3960981983 -0.0000016698 2.7358906980 0.0038856050
0.4520000000 0.3960936332 -0.0000041199 1.0943562472 6.9071815065 0.3960936332 -0.0000016319 2.7358906180 0.0040179400
0.4530000000 0.3960887702 -0.0000040248 1.0943562160 6.9072661133 0.3960887702 -0.0000015942 2.7358905400 0.0041608534
0.4540000000 0.3960835801 -0.0000039303 1.0943561855 6.9073564299 0.3960835801 -0.0000015567 2.7358904638 0.0043169823
0.4550000000 0.3960780297 -0.0000038362 1.0943561558 6.9074530386 0.3960780297 -0.0000015195 2.7358903896 0.0044900363
0.4560000000 0.3960720802 -0.0000037427 1.0943561269 6.9075566149 0.3960720802 -0.0000014824 2.7358903173 0.0046851460
0.4570000000 0.3960656861 -0.0000036497 1.0943560987 6.9076679521 0.3960656861 -0.0000014455 2.7358902468 0.0049091208
0.4580000000 0.3960587933 -0.0000035571 1.0943560713 6.9077879959 0.3960587933 -0.0000014088 2.7358901782 0.0051703770
0.4590000000 0.3960513362 -0.0000034650 1.0943560446 6.9079178920 0.3960513362 -0.0000013723 2.7358901115 0.0054782052
0.4600000000 0.3960432340 -0.0000033733 1.0943560186 6.9080590496 0.3960432340 -0.0000013360 2.7358900465 0.0058411167
0.4610000000 0.3960343862 -0.0000032821 1.0943559933 6.9082132234 0.3960343862 -0.0000012998 2.7358899834 0.0062643781
0.4620000000 0.3960246666 -0.0000031913 1.0943559688 6.9083826147 0.3960246666 -0.0000012638 2.7358899220 0.0067474413
0.4630000000 0.3960139170 -0.0000031008 1.0943559450 6.9085699904 0.3960139170 -0.0000012280 2.7358898625 0.0072823725
0.4640000000 0.3960019384 -0.0000030108 1.0943559219 6.9087788195 0.3960019384 -0.0000011923 2.7358898047 0.0078541068
0.4650000000 0.3959884835 -0.0000029212 1.0943558994 6.9090134252 0.3959884835 -0.0000011568 2.7358897486 0.0084424867
0.4660000000 0.3959732459 -0.0000028320 1.0943558777 6.9092791561 0.3959732459 -0.0000011214 2.7358896943 0.0090252504
0.4670000000 0.3959558497 -0.0000027431 1.0943558567 6.9095825800 0.3959558497 -0.0000010861 2.7358896418 0.0095809454
0.4680000000 0.3959358368 -0.0000026545 1.0943558364 6.9099317032 0.3959358368 -0.0000010510 2.7358895909 0.0100910731
0.4690000000 0.3959126524 -0.0000025663 1.0943558167 6.9103362194 0.3959126524 -0.0000010160 2.7358895418 0.0105412427
0.4700000000 0.3958856299 -0.0000024784 1.0943557977 6.9108077877 0.3958856299 -0.0000009812 2.7358894943 0.0109214455
0.4710000000 0.3958539730 -0.0000023908 1.0943557794 6.9113603378 0.3958539730 -0.0000009464 2.7358894486 0.0112257093
0.4720000000 0.3958167375 -0.0000023035 1.0943557618 6.9120103965 0.3958167375 -0.0000009118 2.7358894045 0.0114513993
0.4730000000 0.3957728124 -0.0000022165 1.0943557448 6.9127774221 0.3957728124 -0.0000008772 2.7358893621 0.0115983806
0.4740000000 0.3957209020 -0.0000021298 1.0943557286 6.9136841328 0.3957209020 -0.0000008428 2.7358893214 0.0116681866
0.4750000000 0.3956595092 -0.0000020434 1.0943557129 6.9147568010 0.3956595092 -0.0000008085 2.7358892823 0.0116632698
0.4760000000 0.3955869238 -0.0000019572 1.0943556980 6.9160254817 0.3955869238 -0.0000007742 2.7358892449 0.0115863652
0.4770000000 0.3955012167 -0.0000018713 1.0943556836 6.9175241278 0.3955012167 -0.0000007401 2.7358892091 0.0114399583
0.4780000000 0.3954002454 -0.0000017855 1.0943556700 6.9192905343 0.3954002454 -0.0000007060 2.7358891749 0.0112258280
0.4790000000 0.3952816726 -0.0000017001 1.0943556570 6.9213660329 0.3952816726 -0.0000006720 2.7358891424 0.0109446111
0.4800000000 0.3951430067 -0.0000016148 1.0943556446 6.9237948414 0.3951430067 -0.0000006381 2.7358891115 0.0105953109
0.4810000000 0.3949816677 -0.0000015297 1.0943556329 6.9266229440 0.3949816677 -0.0000006042 2.7358890822 0.0101746213
0.4820000000 0.3947950907 -0.0000014448 1.0943556218 6.9298963415 0.3947950907 -0.0000005704 2.7358890545 0.0096758319
0.4830000000 0.3945808760 -0.0000013601 1.0943556114 6.9336584584 0.3945808760 -0.0000005367 2.7358890284 0.0090868384
0.4840000000 0.3943370056 -0.0000012756 1.0943556016 6.9379463893 0.3943370056 -0.0000005030 2.7358890039 0.0083861498
0.4850000000 0.3940621519 -0.0000011912 1.0943555924 6.9427854670 0.3940621519 -0.0000004694 2.7358889811 0.0075339479
0.4860000000 0.3937561365 -0.0000011070 1.0943555839 6.9481811364 0.3937561365 -0.0000004359 2.7358889597 0.0064483372
0.4870000000 0.3934206739 -0.0000010230 1.0943555760 6.9541056727 0.3934206739 -0.0000004025 2.7358889400 0.0049188475
0.4880000000 0.3930608735 -0.0000009390 1.0943555687 6.9604712808 0.3930608735 -0.0000003691 2.7358889219 0.0017849400
0.4890000000 0.3926918450 -0.0000008552 1.0943555621 6.9670122768 0.3926918450 -0.0000003358 2.7358889053 0.0056090236
0.4900000000 0.3923511765 -0.0000007715 1.0943555561 6.9730615174 0.3923511765 -0.0000003027 2.7358888903 0.0087834543
0.4910000000 0.3920506259 -0.0000006878 1.0943555507 6.9784071141 0.3920506259 -0.0000002697 2.7358888768 0.0116993219
0.4920000000 0.3917963200 -0.0000006042 1.0943555460 6.9829366062 0.3917963200 -0.0000002367 2.7358888649 0.0147244081
0.4930000000 0.3915903140 -0.0000005207 1.0943555418 6.9866101305 0.3915903140 -0.0000002039 2.7358888545 0.0181274443
0.4940000000 0.3914314649 -0.0000004373 1.0943555383 6.9894453844 0.3914314649 -0.0000001712 2.7358888457 0.0222491645
0.4950000000 0.3913161472 -0.0000003538 1.0943555353 6.9915050995 0.3913161472 -0.0000001385 2.7358888384 0.0276508113
0.4960000000 0.3912388877 -0.0000002704 1.0943555330 6.9928857246 0.3912388877 -0.0000001058 2.7358888326 0.0354319518
0.4970000000 0.3911929237 -0.0000001870 1.0943555313 6.9937073561 0.3911929237 -0.0000000732 2.7358888284 0.0481808069
0.4980000000 0.3911706715 -0.0000001035 1.0943555303 6.9941051953 0.3911706715 -0.0000000405 2.7358888257 0.0739094241
0.4990000000 0.3911640946 -0.0000000199 1.0943555299 6.9942227887 0.3911640946 -0.0000000078 2.7358888247 0.1268203061
0.5000000000 0.3911666901 0.0000000637 1.0943555300 6.9941763818 0.3911666901 0.0000000249 2.7358888250 0.0937740766
0.5010000000 0.3911816714 0.0000001472 1.0943555307 6.9939085255 0.3911816714 0.0000000576 2.7358888268 0.0560680551
0.5020000000 0.3912171790 0.0000002306 1.0943555321 6.9932737550 0.3912171790 0.0000000902 2.7358888303 0.0397122584
0.5030000000 0.3912810217 0.0000003140 1.0943555341 6.9921327225 0.3912810217 0.0000001229 2.7358888353 0.0304019490
0.5040000000 0.3913803532 0.0000003975 1.0943555367 6.9903581510 0.3913803532 0.0000001556 2.7358888418 0.0242309392
0.5050000000 0.3915212449 0.0000004809 1.0943555399 6.9878426402 0.3915212449 0.0000001883 2.7358888499 0.0196867564
0.5060000000 0.3917081639 0.0000005644 1.0943555438 6.9845081399 0.3917081639 0.0000002211 2.7358888595 0.0160461971
0.5070000000 0.3919433590 0.0000006479 1.0943555482 6.9803169457 0.3919433590 0.0000002540 2.7358888706 0.0128944881
0.5080000000 0.3922261384 0.0000007315 1.0943555533 6.9752844480 0.3922261384 0.0000002869 2.7358888833 0.0099234105
0.5090000000 0.3925519329 0.0000008152 1.0943555590 6.9694954181 0.3925519329 0.0000003200 2.7358888975 0.0067489134
0.5100000000 0.3929106298 0.0000008990 1.0943555653 6.9631328496 0.3929106298 0.0000003532 2.7358889133 0.0016204339
0.5110000000 0.3932777544 0.0000009829 1.0943555723 6.9566328122 0.3932777544 0.0000003865 2.7358889307 0.0042483664
0.5120000000 0.3936233324 0.0000010669 1.0943555798 6.9505253489 0.3936233324 0.0000004199 2.7358889496 0.0059474318
0.5130000000 0.3939408368 0.0000011510 1.0943555880 6.9449234874 0.3939408368 0.0000004534 2.7358889701 0.0071335954
0.5140000000 0.3942276466 0.0000012353 1.0943555969 6.9398709498 0.3942276466 0.0000004870 2.7358889922 0.0080578523
0.5150000000 0.3944833250 0.0000013197 1.0943556064 6.9353730366 0.3944833250 0.0000005206 2.7358890159 0.0088120330
0.5160000000 0.3947087998 0.0000014044 1.0943556165 6.9314113158 0.3947087998 0.0000005543 2.7358890412 0.0094418444
0.5170000000 0.3949058469 0.0000014891 1.0943556272 6.9279528010 0.3949058469 0.0000005881 2.7358890680 0.0099729761
0.5180000000 0.3950767368 0.0000015741 1.0943556386 6.9249561966 0.3950767368 0.0000006219 2.7358890965 0.0104205061
0.5190000000 0.3952239845 0.0000016593 1.0943556506 6.9223762569 0.3952239845 0.0000006558 2.7358891266 0.0107932019
0.5200000000 0.3953501742 0.0000017446 1.0943556633 6.9201668222 0.3953501742 0.0000006897 2.7358891583 0.0110957748
0.5210000000 0.3954578376 0.0000018302 1.0943556767 6.9182828893 0.3954578376 0.0000007238 2.7358891916 0.0113301842
0.5220000000 0.3955493747 0.0000019161 1.0943556906 6.9166819658 0.3955493747 0.0000007579 2.7358892266 0.0114964619
0.5230000000 0.3956270033 0.0000020021 1.0943557053 6.9153248896 0.3956270033 0.0000007921 2.7358892632 0.0115933010
0.5240000000 0.3956927333 0.0000020884 1.0943557206 6.9141762559 0.3956927333 0.0000008264 2.7358893014 0.0116185451
0.5250000000 0.3957483564 0.0000021750 1.0943557365 6.9132045587 0.3957483564 0.0000008607 2.7358893413 0.0115696697
0.5260000000 0.3957954480 0.0000022618 1.0943557532 6.9123821334 0.3957954480 0.0000008952 2.7358893829 0.0114443125
0.5270000000 0.3958353774 0.0000023490 1.0943557704 6.9116849646 0.3958353774 0.0000009298 2.7358894261 0.0112408929
0.5280000000 0.3958693224 0.0000024364 1.0943557884 6.9110924132 0.3958693224 0.0000009645 2.7358894710 0.0109593345
0.5290000000 0.3958982874 0.0000025241 1.0943558070 6.9105868973 0.3958982874 0.0000009993 2.7358895176 0.0106018689
0.5300000000 0.3959231214 0.0000026122 1.0943558263 6.9101535581 0.3959231214 0.0000010342 2.7358895658 0.0101738547
0.5310000000 0.3959445371 0.0000027005 1.0943558463 6.9097799293 0.3959445371 0.0000010693 2.7358896158 0.0096844829
0.5320000000 0.3959631289 0.0000027892 1.0943558670 6.9094556227 0.3959631289 0.0000011044 2.7358896675 0.0091471708
0.5330000000 0.3959793887 0.0000028783 1.0943558884 6.9091720401 0.3959793887 0.0000011398 2.7358897209 0.0085793935
0.5340000000 0.3959937211 0.0000029677 1.0943559104 6.9089221131 0.3959937211 0.0000011752 2.7358897761 0.0080017017
0.5350000000 0.3960064563 0.0000030575 1.0943559332 6.9087000718 0.3960064563 0.0000012108 2.7358898330 0.0074357940
0.5360000000 0.3960178621 0.0000031477 1.0943559567 6.9085012410 0.3960178621 0.0000012466 2.7358898916 0.0069018054
0.5370000000 0.3960281538 0.0000032383 1.0943559808 6.9083218592 0.3960281538 0.0000012825 2.7358899521 0.0064154048
0.5380000000 0.3960375039 0.0000033294 1.0943560057 6.9081589179 0.3960375039 0.0000013185 2.7358900143 0.0059856437
0.5390000000 0.3960460496 0.0000034208 1.0943560313 6.9080100179 0.3960460496 0.0000013548 2.7358900783 0.0056144016
0.5400000000 0.3960539008 0.0000035127 1.0943560577 6.9078732433 0.3960539008 0.0000013912 2.7358901442 0.0052976077
0.5410000000 0.3960611456 0.0000036050 1.0943560847 6.9077470542 0.3960611456 0.0000014278 2.7358902118 0.0050275830
0.5420000000 0.3960678558 0.0000036978 1.0943561125 6.9076301988 0.3960678558 0.0000014646 2.7358902813 0.0047954673
0.5430000000 0.3960740904 0.0000037911 1.0943561411 6.9075216449 0.3960740904 0.0000015015 2.7358903527 0.0045929738
0.5440000000 0.3960798991 0.0000038849 1.0943561704 6.9074205281 0.3960798991 0.0000015387 2.7358904260 0.0044132628
0.5450000000 0.3960853239 0.0000039791 1.0943562004 6.9073261137 0.3960853239 0.0000015761 2.7358905011 0.0042511269
0.5460000000 0.3960904010 0.0000040739 1.0943562313 6.9072377697 0.3960904010 0.0000016136 2.7358905782 0.0041027944
0.5470000000 0.3960951620 0.0000041693 1.0943562629 6.9071549464 0.3960951620 0.0000016514 2.7358906571 0.0039655977
0.5480000000 0.3960996343 0.0000042652 1.0943562952 6.9070771616 0.3960996343 0.0000016894 2.7358907381 0.0038376473
0.5490000000 0.3961038426 0.0000043616 1.0943563284 6.9070039898 0.3961038426 0.0000017277 2.7358908210 0.0037175703
0.5500000000 0.3961078083 0.0000044587 1.0943563623 6.9069350530 0.3961078083 0.0000017661 2.7358909058 0.0036043251
0.5510000000 0.3961115508 0.0000045563 1.0943563971 6.9068700141 0.3961115508 0.0000018048 2.7358909927 0.0034970841
0.5520000000 0.3961150875 0.0000046545 1.0943564326 6.9068085711 0.3961150875 0.0000018437 2.7358910816 0.0033951681
0.5530000000 0.3961184339 0.0000047534 1.0943564690 6.9067504526 0.3961184339 0.0000018829 2.7358911726 0.0032980119
0.5540000000 0.3961216040 0.0000048529 1.0943565062 6.9066954136 0.3961216040 0.0000019223 2.7358912656 0.0032051448
0.5550000000 0.3961246106 0.0000049531 1.0943565443 6.9066432323 0.3961246106 0.0000019620 2.7358913607 0.0031161744
0.5560000000 0.3961274651 0.0000050539 1.0943565832 6.9065937078 0.3961274651 0.0000020020 2.7358914579 0.0030307682
0.5570000000 0.3961301781 0.0000051554 1.0943566229 6.9065466569 0.3961301781 0.0000020422 2.7358915572 0.0029486356
0.5580000000 0.3961327591 0.0000052576 1.0943566635 6.9065019128 0.3961327591 0.0000020827 2.7358916587 0.0028695156
0.5590000000 0.3961352170 0.0000053606 1.0943567050 6.9064593230 0.3961352170 0.0000021235 2.7358917624 0.0027931716
0.5600000000 0.3961375596 0.0000054643 1.0943567473 6.9064187477 0.3961375596 0.0000021646 2.7358918683 0.0027193966
0.5610000000 0.3961397944 0.0000055687 1.0943567906 6.9063800587 0.3961397944 0.0000022060 2.7358919764 0.0026480196
0.5620000000 0.3961419281 0.0000056739 1.0943568347 6.9063431381 0.3961419281 0.0000022477 2.7358920868 0.0025789085
0.5630000000 0.3961439670 0.0000057800 1.0943568798 6.9063078772 0.3961439670 0.0000022897 2.7358921995 0.0025119629
0.5640000000 0.3961459167 0.0000058868 1.0943569258 6.9062741759 0.3961459167 0.0000023320 2.7358923144 0.0024470992
0.5650000000 0.3961477827 0.0000059944 1.0943569727 6.9062419416 0.3961477827 0.0000023747 2.7358924317 0.0023842362
0.5660000000 0.3961495697 0.0000061029 1.0943570206 6.9062110888 0.3961495697 0.0000024177 2.7358925514 0.0023232852
0.5670000000 0.3961512825 0.0000062123 1.0943570694 6.9061815382 0.3961512825 0.0000024610 2.7358926735 0.0022641457
0.5680000000 0.3961529251 0.0000063225 1.0943571192 6.9061532164 0.3961529251 0.0000025047 2.7358927980 0.0022067076
0.5690000000 0.3961545016 0.0000064337 1.0943571700 6.9061260550 0.3961545016 0.0000025487 2.7358929250 0.0021508610
0.5700000000 0.3961560154 0.0000065457 1.0943572218 6.9060999907 0.3961560154 0.0000025931 2.7358930544 0.0020965104
0.5710000000 0.3961574701 0.0000066588 1.0943572746 6.9060749642 0.3961574701 0.0000026379 2.7358931864 0.0020435817
0.5720000000 0.3961588689 0.0000067728 1.0943573284 6.9060509205 0.3961588689 0.0000026831 2.7358933209 0.0019920163
0.5730000000 0.3961602145 0.0000068877 1.0943573832 6.9060278080 0.3961602145 0.0000027286 2.7358934581 0.0019417706
0.5740000000 0.3961615100 0.0000070037 1.0943574391 6.9060055787 0.3961615100 0.0000027746 2.7358935978 0.0018928249
0.5750000000 0.3961627577 0.0000071207 1.0943574961 6.9059841876 0.3961627577 0.0000028210 2.7358937403 0.0018451832
0.5760000000 0.3961639601 0.0000072388 1.0943575541 6.9059635925 0.3961639601 0.0000028678 2.7358938854 0.0017988376
0.5770000000 0.3961651196 0.0000073580 1.0943576133 6.9059437540 0.3961651196 0.0000029150 2.7358940332 0.0017537335
0.5780000000 0.3961662382 0.0000074782 1.0943576736 6.9059246352 0.3961662382 0.0000029626 2.7358941839 0.0017097968
0.5790000000 0.3961673179 0.0000075996 1.0943577349 6.9059062014 0.3961673179 0.0000030107 2.7358943374 0.0016669977
0.5800000000 0.3961683606 0.0000077221 1.0943577975 6.9058884202 0.3961683606 0.0000030593 2.7358944937 0.0016253494
0.5810000000 0.3961693680 0.0000078458 1.0943578612 6.9058712608 0.3961693680 0.0000031083 2.7358946529 0.0015848184
0.5820000000 0.3961703418 0.0000079707 1.0943579260 6.9058546946 0.3961703418 0.0000031578 2.7358948151 0.0015452842
0.5830000000 0.3961712837 0.0000080969 1.0943579921 6.9058386944 0.3961712837 0.0000032077 2.7358949803 0.0015066574
0.5840000000 0.3961721949 0.0000082242 1.0943580594 6.9058232347 0.3961721949 0.0000032582 2.7358951485 0.0014689959
0.5850000000 0.3961730770 0.0000083529 1.0943581279 6.9058082916 0.3961730770 0.0000033092 2.7358953198 0.0014323848
0.5860000000 0.3961739312 0.0000084829 1.0943581977 6.9057938422 0.3961739312 0.0000033607 2.7358954942 0.0013966998
0.5870000000 0.3961747587 0.0000086142 1.0943582687 6.9057798651 0.3961747587 0.0000034127 2.7358956718 0.0013616728
0.5880000000 0.3961755608 0.0000087468 1.0943583410 6.9057663400 0.3961755608 0.0000034653 2.7358958526 0.0013272844
0.5890000000 0.3961763386 0.0000088809 1.0943584147 6.9057532477 0.3961763386 0.0000035184 2.7358960367 0.0012938987
0.5900000000 0.3961770930 0.0000090164 1.0943584897 6.9057405701 0.3961770930 0.0000035721 2.7358962242 0.0012617323
0.5910000000 0.3961778252 0.0000091534 1.0943585660 6.9057282899 0.3961778252 0.0000036264 2.7358964151 0.0012303495
0.5920000000 0.3961785359 0.0000092918 1.0943586437 6.9057163908 0.3961785359 0.0000036812 2.7358966093 0.0011991555
0.5930000000 0.3961792262 0.0000094317 1.0943587228 6.9057048574 0.3961792262 0.0000037366 2.7358968071 0.0011683948
0.5940000000 0.3961798969 0.0000095732 1.0943588034 6.9056936752 0.3961798969 0.0000037927 2.7358970085 0.0011390231
0.5950000000 0.3961805488 0.0000097163 1.0943588854 6.9056828303 0.3961805488 0.0000038494 2.7358972135 0.0011112218
0.5960000000 0.3961811826 0.0000098610 1.0943589689 6.9056723093 0.3961811826 0.0000039068 2.7358974222 0.0010836612
0.5970000000 0.3961817991 0.0000100073 1.0943590538 6.9056620996 0.3961817991 0.0000039647 2.7358976345 0.0010551817
0.5980000000 0.3961823989 0.0000101553 1.0943591402 6.9056521895 0.3961823989 0.0000040234 2.7358978506 0.0010269328
0.5990000000 0.3961829828 0.0000103051 1.0943592283 6.9056425677 0.3961829828 0.0000040827 2.7358980708 0.0010012840
0.6000000000 0.3961835514 0.0000104568 1.0943593180 6.9056332234 0.3961835514 0.0000041428 2.7358982951 0.0009781356
0.6010000000 0.3961841052 0.0000106102 1.0943594093 6.9056241460 0.3961841052 0.0000042036 2.7358985232 0.0009541000
0.6020000000 0.3961846448 0.0000107652 1.0943595020 6.9056153257 0.3961846448 0.0000042650 2.7358987551 0.0009270682
0.6030000000 0.3961851708 0.0000109221 1.0943595965 6.9056067535 0.3961851708 0.0000043272 2.7358989912 0.0009002195
0.6040000000 0.3961856837 0.0000110812 1.0943596928 6.9055984206 0.3961856837 0.0000043902 2.7358992319 0.0008785842
0.6050000000 0.3961861841 0.0000112425 1.0943597909 6.9055903187 0.3961861841 0.0000044541 2.7358994773 0.0008612959
0.6060000000 0.3961866723 0.0000114055 1.0943598907 6.9055824389 0.3961866723 0.0000045187 2.7358997267 0.0008408203
0.6070000000 0.3961871487 0.0000115702 1.0943599919 6.9055747735 0.3961871487 0.0000045840 2.7358999798 0.0008129682
0.6080000000 0.3961876139 0.0000117370 1.0943600950 6.9055673155 0.3961876139 0.0000046500 2.7359002375 0.0007848623
0.6090000000 0.3961880684 0.0000119065 1.0943602004 6.9055600586 0.3961880684 0.0000047172 2.7359005009 0.0007672384
0.6100000000 0.3961885125 0.0000120785 1.0943603079 6.9055529958 0.3961885125 0.0000047854 2.7359007697 0.0007584704
0.6110000000 0.3961889466 0.0000122524 1.0943604170 6.9055461195 0.3961889466 0.0000048542 2.7359010425 0.0007432162
0.6120000000 0.3961893708 0.0000124277 1.0943605275 6.9055394232 0.3961893708 0.0000049237 2.7359013188 0.0007121216
0.6130000000 0.3961897856 0.0000126054 1.0943606400 6.9055329018 0.3961897856 0.0000049941 2.7359016000 0.0006780305
0.6140000000 0.3961901917 0.0000127864 1.0943607552 6.9055265513 0.3961901917 0.0000050659 2.7359018881 0.0006630094
0.6150000000 0.3961905893 0.0000129707 1.0943608732 6.9055203660 0.3961905893 0.0000051389 2.7359021830 0.0006674011
0.6160000000 0.3961909784 0.0000131570 1.0943609929 6.9055143388 0.3961909784 0.0000052127 2.7359024822 0.0006631789
0.6170000000 0.3961913592 0.0000133442 1.0943611136 6.9055084634 0.3961913592 0.0000052869 2.7359027839 0.0006277510
0.6180000000 0.3961917321 0.0000135337 1.0943612360 6.9055027364 0.3961917321 0.0000053619 2.7359030901 0.0005786456
0.6190000000 0.3961920978 0.0000137272 1.0943613620 6.9054971563 0.3961920978 0.0000054386 2.7359034049 0.0005584999
0.6200000000 0.3961924567 0.0000139255 1.0943614916 6.9054917190 0.3961924567 0.0000055172 2.7359037292 0.0005798065
0.6210000000 0.3961928086 0.0000141262 1.0943616235 6.9054864173 0.3961928086 0.0000055967 2.7359040587 0.0005999443
0.6220000000 0.3961931533 0.0000143272 1.0943617557 6.9054812440 0.3961931533 0.0000056763 2.7359043892 0.0005679326
0.6230000000 0.3961934912 0.0000145293 1.0943618889 6.9054761964 0.3961934912 0.0000057564 2.7359047223 0.0004933442
0.6240000000 0.3961938231 0.0000147360 1.0943620259 6.9054712756 0.3961938231 0.0000058383 2.7359050648 0.0004473615
0.6250000000 0.3961941497 0.0000149494 1.0943621683 6.9054664808 0.3961941497 0.0000059229 2.7359054208 0.0004783217
0.6260000000 0.3961944708 0.0000151673 1.0943623143 6.9054618053 0.3961944708 0.0000060092 2.7359057858 0.0005421268
0.6270000000 0.3961947857 0.0000153851 1.0943624604 6.9054572394 0.3961947857 0.0000060955 2.7359061511 0.0005423091
0.6280000000 0.3961950943 0.0000156017 1.0943626058 6.9054527783 0.3961950943 0.0000061813 2.7359065144 0.0004461742
0.6290000000 0.3961953976 0.0000158215 1.0943627538 6.9054484253 0.3961953976 0.0000062684 2.7359068845 0.0003406674
0.6300000000 0.3961956970 0.0000160501 1.0943629088 6.9054441849 0.3961956970 0.0000063590 2.7359072722 0.0003415707
0.6310000000 0.3961959926 0.0000162873 1.0943630707 6.9054400540 0.3961959926 0.0000064530 2.7359076768 0.0004504191
0.6320000000 0.3961962833 0.0000165265 1.0943632343 6.9054360205 0.3961962833 0.0000065477 2.7359080859 0.0005351099
0.6330000000 0.3961965680 0.0000167620 1.0943633952 6.9054320738 0.3961965680 0.0000066411 2.7359084882 0.0004705170
0.6340000000 0.3961968473 0.0000169962 1.0943635552 6.9054282146 0.3961968473 0.0000067338 2.7359088881 0.0002933425
0.6350000000 0.3961971233 0.0000172379 1.0943637213 6.9054244530 0.3961971233 0.0000068296 2.7359093034 0.0001845884
0.6360000000 0.3961973972 0.0000174933 1.0943638982 6.9054207949 0.3961973972 0.0000069308 2.7359097455 0.0002690286
0.6370000000 0.3961976683 0.0000177578 1.0943640823 6.9054172317 0.3961976683 0.0000070356 2.7359102059 0.0004616340
0.6380000000 0.3961979345 0.0000180205 1.0943642652 6.9054137458 0.3961979345 0.0000071397 2.7359106631 0.0005429399
0.6390000000 0.3961981948 0.0000182756 1.0943644424 6.9054103270 0.3961981948 0.0000072408 2.7359111062 0.0003889274
0.6400000000 0.3961984508 0.0000185302 1.0943646194 6.9054069830 0.3961984508 0.0000073417 2.7359115485 0.0001284193
0.6410000000 0.3961987051 0.0000187977 1.0943648065 6.9054037307 0.3961987051 0.0000074476 2.7359120163 0.0000283855
0.6420000000 0.3961989592 0.0000190839 1.0943650084 6.9054005763 0.3961989592 0.0000075610 2.7359125210 0.0002028073
0.6430000000 0.3961992113 0.0000193801 1.0943652182 6.9053975054 0.3961992113 0.0000076784 2.7359130455 0.0004813431
0.6440000000 0.3961994586 0.0000196708 1.0943654239 6.9053944947 0.3961994586 0.0000077936 2.7359135599 0.0005693457
0.6450000000 0.3961996997 0.0000199499 1.0943656208 6.9053915337 0.3961996997 0.0000079041 2.7359140520 0.0003383191
0.6460000000 0.3961999370 0.0000202280 1.0943658170 6.9053886358 0.3961999370 0.0000080143 2.7359145426 0.0000142692
0.6470000000 0.3962001742 0.0000205231 1.0943660266 6.9053858245 0.3962001742 0.0000081312 2.7359150667 0.0001436781
0.6480000000 0.3962004130 0.0000208430 1.0943662558 6.9053831091 0.3962004130 0.0000082580 2.7359156395 0.0000864733
0.6490000000 0.3962006511 0.0000211766 1.0943664958 6.9053804725 0.3962006511 0.0000083902 2.7359162395 0.0004643761
0.6500000000 0.3962008847 0.0000215037 1.0943667309 6.9053778848 0.3962008847 0.0000085198 2.7359168274 0.0006233494
0.6510000000 0.3962011118 0.0000218145 1.0943669534 6.9053753306 0.3962011118 0.0000086429 2.7359173837 0.0003750602
0.6520000000 0.3962013347 0.0000221199 1.0943671719 6.9053728241 0.3962013347 0.0000087639 2.7359179298 0.0000822973
0.6530000000 0.3962015581 0.0000224426 1.0943674040 6.9053703958 0.3962015581 0.0000088918 2.7359185102 0.0003284639
0.6540000000 0.3962017848 0.0000227966 1.0943676607 6.9053680639 0.3962017848 0.0000090321 2.7359191519 0.0001291483
0.6550000000 0.3962020132 0.0000231733 1.0943679352 6.9053658149 0.3962020132 0.0000091813 2.7359198381 0.0003438919
0.6560000000 0.3962022385 0.0000235483 1.0943682085 6.9053636136 0.3962022385 0.0000093299 2.7359205215 0.0006661083
0.6570000000 0.3962024571 0.0000239036 1.0943684667 6.9053614332 0.3962024571 0.0000094707 2.7359211668 0.0005222787
0.6580000000 0.3962026700 0.0000242442 1.0943687135 6.9053592799 0.3962026700 0.0000096056 2.7359217840 0.0000003116
0.6590000000 0.3962028824 0.0000245954 1.0943689688 6.9053571879 0.3962028824 0.0000097448 2.7359224221 0.0004510615
0.6600000000 0.3962030992 0.0000249808 1.0943692508 6.9053551892 0.3962030992 0.0000098975 2.7359231271 0.0004344442
0.6610000000 0.3962033207 0.0000254018 1.0943695607 6.9053532847 0.3962033207 0.0000100643 2.7359239019 0.0000433583
0.6620000000 0.3962035422 0.0000258352 1.0943698804 6.9053514409 0.3962035422 0.0000102360 2.7359247011 0.0005771888
0.6630000000 0.3962037582 0.0000262528 1.0943701880 6.9053496172 0.3962037582 0.0000104015 2.7359254701 0.0007067979
0.6640000000 0.3962039669 0.0000266459 1.0943704766 6.9053478001 0.3962039669 0.0000105572 2.7359261915 0.0002836146
0.6650000000 0.3962041723 0.0000270335 1.0943707610 6.9053460157 0.3962041723 0.0000107108 2.7359269026 0.0003604971
0.6660000000 0.3962043808 0.0000274476 1.0943710661 6.9053443078 0.3962043808 0.0000108748 2.7359276655 0.0006917198
0.6670000000 0.3962045962 0.0000279068 1.0943714066 6.9053427017 0.3962045962 0.0000110568 2.7359285167 0.0004356934
0.6680000000 0.3962048165 0.0000284008 1.0943717743 6.9053411822 0.3962048165 0.0000112525 2.7359294360 0.0002019218
0.6690000000 0.3962050353 0.0000288977 1.0943721444 6.9053397034 0.3962050353 0.0000114494 2.7359303612 0.0007070000
0.6700000000 0.3962052472 0.0000293702 1.0943724956 6.9053382263 0.3962052472 0.0000116366 2.7359312393 0.0006607138
0.6710000000 0.3962054522 0.0000298181 1.0943728278 6.9053367496 0.3962054522 0.0000118141 2.7359320696 0.0000610743
0.6720000000 0.3962056559 0.0000302693 1.0943731626 6.9053353121 0.3962056559 0.0000119929 2.7359329067 0.0006255145
0.6730000000 0.3962058654 0.0000307587 1.0943735273 6.9053339617 0.3962058654 0.0000121868 2.7359338185 0.0008644395
0.6740000000 0.3962060838 0.0000313011 1.0943739334 6.9053327185 0.3962060838 0.0000124017 2.7359348337 0.0004711020
0.6750000000 0.3962063075 0.0000318791 1.0943743674 6.9053315577 0.3962063075 0.0000126307 2.7359359187 0.0002492636
0.6760000000 0.3962065293 0.0000324564 1.0943748009 6.9053304271 0.3962065293 0.0000128594 2.7359370024 0.0007472196
0.6770000000 0.3962067437 0.0000330055 1.0943752125 6.9053292877 0.3962067437 0.0000130770 2.7359380316 0.0006320538
0.6780000000 0.3962069514 0.0000335294 1.0943756047 6.9053281432 0.3962069514 0.0000132846 2.7359390120 0.0000438499
0.6790000000 0.3962071588 0.0000340603 1.0943760024 6.9053270378 0.3962071588 0.0000134949 2.7359400062 0.0007785872
0.6800000000 0.3962073735 0.0000346357 1.0943764348 6.9053260237 0.3962073735 0.0000137229 2.7359410873 0.0010375678
0.6810000000 0.3962075989 0.0000352718 1.0943769147 6.9053251233 0.3962075989 0.0000139750 2.7359422871 0.0006375509
0.6820000000 0.3962078316 0.0000359514 1.0943774286 6.9053243116 0.3962078316 0.0000142442 2.7359435717 0.0001251079
0.6830000000 0.3962080636 0.0000366356 1.0943779461 6.9053235333 0.3962080636 0.0000145153 2.7359448655 0.0006998160
0.6840000000 0.3962082886 0.0000372927 1.0943784426 6.9053227436 0.3962082886 0.0000147757 2.7359461068 0.0006725515
0.6850000000 0.3962085065 0.0000379213 1.0943789170 6.9053219398 0.3962085065 0.0000150248 2.7359472928 0.0000324504
0.6860000000 0.3962087233 0.0000385518 1.0943793929 6.9053211641 0.3962087233 0.0000152745 2.7359484826 0.0007749642
0.6870000000 0.3962089474 0.0000392253 1.0943799025 6.9053204737 0.3962089474 0.0000155414 2.7359497567 0.0012012918
0.6880000000 0.3962091839 0.0000399669 1.0943804653 6.9053199033 0.3962091839 0.0000158352 2.7359511634 0.0009696570
0.6890000000 0.3962094311 0.0000407683 1.0943810747 6.9053194409 0.3962094311 0.0000161528 2.7359526870 0.0002468870
0.6900000000 0.3962096816 0.0000415931 1.0943817024 6.9053190348 0.3962096816 0.0000164796 2.7359542563 0.0004708181
0.6910000000 0.3962099277 0.0000424020 1.0943823178 6.9053186294 0.3962099277 0.0000168001 2.7359557949 0.0007105594
0.6920000000 0.3962101662 0.0000431797 1.0943829090 6.9053182026 0.3962101662 0.0000171082 2.7359572730 0.0002977851
0.6930000000 0.3962104010 0.0000439450 1.0943834907 6.9053177806 0.3962104010 0.0000174115 2.7359587271 0.0005082462
0.6940000000 0.3962106404 0.0000447389 1.0943840947 6.9053174201 0.3962106404 0.0000177260 2.7359602370 0.0011941066
0.6950000000 0.3962108919 0.0000455991 1.0943847504 6.9053171741 0.3962108919 0.0000180669 2.7359618765 0.0013492938
0.6960000000 0.3962111581 0.0000465380 1.0943854676 6.9053170594 0.3962111581 0.0000184389 2.7359636694 0.0008958289
0.6970000000 0.3962114348 0.0000475346 1.0943862298 6.9053170462 0.3962114348 0.0000188338 2.7359655749 0.0001308220
0.6980000000 0.3962117137 0.0000485477 1.0943870049 6.9053170762 0.3962117137 0.0000192352 2.7359675127 0.0004663189
0.6990000000 0.3962119879 0.0000495427 1.0943877660 6.9053171002 0.3962119879 0.0000196294 2.7359694155 0.0005392987
0.7000000000 0.3962122560 0.0000505126 1.0943885077 6.9053171083 0.3962122560 0.0000200137 2.7359712696 0.0000361161
0.7010000000 0.3962125229 0.0000514825 1.0943892493 6.9053171350 0.3962125229 0.0000203980 2.7359731238 0.0007452332
0.7020000000 0.3962127973 0.0000524940 1.0943900236 6.9053172387 0.3962127973 0.0000207988 2.7359750595 0.0013664977
0.7030000000 0.3962130864 0.0000535838 1.0943908588 6.9053174702 0.3962130864 0.0000212306 2.7359771476 0.0015044307
0.7040000000 0.3962133927 0.0000547637 1.0943917644 6.9053178459 0.3962133927 0.0000216981 2.7359794116 0.0011092088
0.7050000000 0.3962137125 0.0000560151 1.0943927257 6.9053183393 0.3962137125 0.0000221939 2.7359818149 0.0004231169
0.7060000000 0.3962140379 0.0000572994 1.0943937128 6.9053188958 0.3962140379 0.0000227028 2.7359842827 0.0001605355
0.7070000000 0.3962143619 0.0000585812 1.0943946980 6.9053194652 0.3962143619 0.0000232107 2.7359867457 0.0003263677
0.7080000000 0.3962146820 0.0000598482 1.0943956717 6.9053200299 0.3962146820 0.0000237127 2.7359891801 0.0000086466
0.7090000000 0.3962150017 0.0000611172 1.0943966471 6.9053206130 0.3962150017 0.0000242156 2.7359916186 0.0006634482
0.7100000000 0.3962153284 0.0000624252 1.0943976530 6.9053212659 0.3962153284 0.0000247338 2.7359941332 0.0013126132
0.7110000000 0.3962156701 0.0000638116 1.0943987199 6.9053220437 0.3962156701 0.0000252832 2.7359968007 0.0016592130
0.7120000000 0.3962160317 0.0000653008 1.0943998671 6.9053229803 0.3962160317 0.0000258732 2.7359996685 0.0015666786
0.7130000000 0.3962164130 0.0000668917 1.0944010936 6.9053240739 0.3962164130 0.0000265036 2.7360027349 0.0011126958
0.7140000000 0.3962168090 0.0000685594 1.0944023800 6.9053252889 0.3962168090 0.0000271644 2.7360059509 0.0005434103
0.7150000000 0.3962172126 0.0000702684 1.0944036986 6.9053265752 0.3962172126 0.0000278416 2.7360092475 0.0001467716
0.7160000000 0.3962176183 0.0000719918 1.0944050285 6.9053278947 0.3962176183 0.0000285244 2.7360125723 0.0001109739
0.7170000000 0.3962180254 0.0000737249 1.0944063661 6.9053292404 0.3962180254 0.0000292112 2.7360159163 0.0004455704
0.7180000000 0.3962184377 0.0000754873 1.0944077265 6.9053306394 0.3962184377 0.0000299095 2.7360193174 0.0009974692
0.7190000000 0.3962188622 0.0000773140 1.0944091372 6.9053321408 0.3962188622 0.0000306333 2.7360228441 0.0015355773
0.7200000000 0.3962193066 0.0000792424 1.0944106271 6.9053337966 0.3962193066 0.0000313974 2.7360265690 0.0018538520
0.7210000000 0.3962197760 0.0000812980 1.0944122162 6.9053356426 0.3962197760 0.0000322119 2.7360305417 0.0018515880
0.7220000000 0.3962202715 0.0000834859 1.0944139084 6.9053376858 0.3962202715 0.0000330788 2.7360347725 0.0015668914
0.7230000000 0.3962207898 0.0000857907 1.0944156918 6.9053399043 0.3962207898 0.0000339920 2.7360392310 0.0011537874
0.7240000000 0.3962213256 0.0000881848 1.0944175449 6.9053422593 0.3962213256 0.0000349407 2.7360438639 0.0008115195
0.7250000000 0.3962218738 0.0000906434 1.0944194483 6.9053447157 0.3962218738 0.0000359149 2.7360486224 0.0006973436
0.7260000000 0.3962224324 0.0000931567 1.0944213944 6.9053472596 0.3962224324 0.0000369108 2.7360534876 0.0008645106
0.7270000000 0.3962230037 0.0000957359 1.0944233918 6.9053499066 0.3962230037 0.0000379328 2.7360584814 0.0012514217
0.7280000000 0.3962235935 0.0000984101 1.0944254634 6.9053526977 0.3962235935 0.0000389924 2.7360636605 0.0017183006
0.7290000000 0.3962242097 0.0001012177 1.0944276390 6.9053556864 0.3962242097 0.0000401049 2.7360690994 0.0021078125
0.7300000000 0.3962248593 0.0001041941 1.0944299462 6.9053589227 0.3962248593 0.0000412843 2.7360748676 0.0023039286
0.7310000000 0.3962255471 0.0001073627 1.0944324031 6.9053624391 0.3962255471 0.0000425398 2.7360810101 0.0022707447
0.7320000000 0.3962262740 0.0001107284 1.0944350138 6.9053662427 0.3962262740 0.0000438735 2.7360875369 0.0020611748
0.7330000000 0.3962270379 0.0001142802 1.0944377695 6.9053703177 0.3962270379 0.0000452809 2.7360944263 0.0017934187
0.7340000000 0.3962278348 0.0001179989 1.0944406553 6.9053746373 0.3962278348 0.0000467544 2.7361016409 0.0016034844
0.7350000000 0.3962286618 0.0001218698 1.0944436597 6.9053791806 0.3962286618 0.0000482883 2.7361091523 0.0015927064
0.7360000000 0.3962295191 0.0001258935 1.0944467833 6.9053839484 0.3962295191 0.0000498827 2.7361169614 0.0017920926
0.7370000000 0.3962304110 0.0001300910 1.0944500424 6.9053889703 0.3962304110 0.0000515460 2.7361251095 0.0021562937
0.7380000000 0.3962313453 0.0001345024 1.0944534682 6.9053943022 0.3962313453 0.0000532941 2.7361336742 0.0025854412
0.7390000000 0.3962323325 0.0001391788 1.0944571006 6.9054000160 0.3962323325 0.0000551471 2.7361427553 0.0029629466
0.7400000000 0.3962333831 0.0001441721 1.0944609799 6.9054061845 0.3962333831 0.0000571258 2.7361524539 0.0031952356
0.7410000000 0.3962345054 0.0001495240 1.0944651388 6.9054128663 0.3962345054 0.0000592466 2.7361628514 0.0032421019
0.7420000000 0.3962357043 0.0001552587 1.0944695960 6.9054200951 0.3962357043 0.0000615190 2.7361739947 0.0031299275
0.7430000000 0.3962369809 0.0001613816 1.0944743557 6.9054278786 0.3962369809 0.0000639454 2.7361858944 0.0029436187
0.7440000000 0.3962383339 0.0001678861 1.0944794129 6.9054362074 0.3962383339 0.0000665229 2.7361985378 0.0027985234
0.7450000000 0.3962397624 0.0001747676 1.0944847639 6.9054450749 0.3962397624 0.0000692499 2.7362119157 0.0028011411
0.7460000000 0.3962412690 0.0001820392 1.0944904189 6.9054544994 0.3962412690 0.0000721314 2.7362260537 0.0030131239
0.7470000000 0.3962428625 0.0001897448 1.0944964121 6.9054645424 0.3962428625 0.0000751850 2.7362410375 0.0034318585
0.7480000000 0.3962445593 0.0001979650 1.0945028065 6.9054753172 0.3962445593 0.0000784426 2.7362570240 0.0039929561
0.7490000000 0.3962463826 0.0002068153 1.0945096919 6.9054869859 0.3962463826 0.0000819498 2.7362742383 0.0045908673
0.7500000000 0.3962483607 0.0002164363 1.0945171780 6.9054997458 0.3962483607 0.0000857625 2.7362929542 0.0051088944
0.7510000000 0.3962505240 0.0002269784 1.0945253819 6.9055138084 0.3962505240 0.0000899403 2.7363134650 0.0054498392
0.7520000000 0.3962529010 0.0002385836 1.0945344143 6.9055293728 0.3962529010 0.0000945394 2.7363360469 0.0055609327
0.7530000000 0.3962555148 0.0002513662 1.0945443642 6.9055465997 0.3962555148 0.0000996052 2.7363609231 0.0054488407
0.7540000000 0.3962583805 0.0002654008 1.0945552900 6.9055655940 0.3962583805 0.0001051673 2.7363882390 0.0051814900
0.7550000000 0.3962615052 0.0002807226 1.0945672189 6.9055864049 0.3962615052 0.0001112396 2.7364180629 0.0048745874
0.7560000000 0.3962648915 0.0002973453 1.0945801618 6.9056090517 0.3962648915 0.0001178275 2.7364504219 0.0046642608
0.7570000000 0.3962685452 0.0003152966 1.0945941400 6.9056335731 0.3962685452 0.0001249421 2.7364853698 0.0046730670
0.7580000000 0.3962724835 0.0003346623 1.0946092208 6.9056600899 0.3962724835 0.0001326174 2.7365230742 0.0049806795
0.7590000000 0.3962767447 0.0003556322 1.0946255519 6.9056888686 0.3962767447 0.0001409288 2.7365639048 0.0056088131
0.7600000000 0.3962813960 0.0003785396 1.0946433932 6.9057203776 0.3962813960 0.0001500082 2.7366085113 0.0065231726
0.7610000000 0.3962865403 0.0004038956 1.0946631429 6.9057553349 0.3962865403 0.0001600584 2.7366578897 0.0076483231
0.7620000000 0.3962923234 0.0004324233 1.0946853648 6.9057947568 0.3962923234 0.0001713660 2.7367134491 0.0088882111
0.7630000000 0.3962989418 0.0004650973 1.0947108185 6.9058400128 0.3962989418 0.0001843175 2.7367770890 0.0101456980
0.7640000000 0.3963066528 0.0005031948 1.0947404995 6.9058928982 0.3963066528 0.0001994194 2.7368512990 0.0113369712
0.7650000000 0.3963157883 0.0005483618 1.0947756912 6.9059557265 0.3963157883 0.0002173245 2.7369392875 0.0123993747
0.7660000000 0.3963267710 0.0006026961 1.0948180288 6.9060314466 0.3963267710 0.0002388646 2.7370451439 0.0132932492
0.7670000000 0.3963401352 0.0006688471 1.0948695781 6.9061237836 0.3963401352 0.0002650910 2.7371740340 0.0139995376
0.7680000000 0.3963565496 0.0007501329 1.0949329267 6.9062374036 0.3963565496 0.0002973201 2.7373324282 0.0145152013
0.7690000000 0.3963768444 0.0008506699 1.0950112851 6.9063780967 0.3963768444 0.0003371858 2.7375283561 0.0148481456
0.7700000000 0.3964020386 0.0009755121 1.0951085961 6.9065529740 0.3964020386 0.0003866950 2.7377716788 0.0150127276
0.7710000000 0.3964333691 0.0011307913 1.0952296446 6.9067706665 0.3964333691 0.0004482834 2.7380743649 0.0150263207
0.7720000000 0.3964723168 0.0013238483 1.0953801614 6.9070415125 0.3964723168 0.0005248692 2.7384507509 0.0149069943
0.7730000000 0.3965206294 0.0015633426 1.0955669099 6.9073777153 0.3965206294 0.0006198976 2.7389177594 0.0146721434
0.7740000000 0.3965803356 0.0018593217 1.0957977433 6.9077934477 0.3965803356 0.0007373704 2.7394950436 0.0143378277
0.7750000000 0.3966537484 0.0022232352 1.0960816179 6.9083048783 0.3966537484 0.0008818546 2.7402050249 0.0139185830
0.7760000000 0.3967434534 0.0026678722 1.0964285493 6.9089300946 0.3967434534 0.0010584608 2.7410727853 0.0134275153
0.7770000000 0.3968522788 0.0032072069 1.0968494979 6.9096888996 0.3968522788 0.0012727873 2.7421257857 0.0128765364
0.7780000000 0.3969832443 0.0038561416 1.0973561744 6.9106024663 0.3969832443 0.0015308236 2.7433933875 0.0122766476
0.7790000000 0.3971394899 0.0046301443 1.0979607658 6.9116928473 0.3971394899 0.0018388131 2.7449061715 0.0116382079
0.7800000000 0.3973241842 0.0055447890 1.0986755858 6.9129823492 0.3973241842 0.0022030788 2.7466950722 0.0109711447
0.7810000000 0.3975404190 0.0066152227 1.0995126672 6.9144928036 0.3975404190 0.0026298184 2.7487903663 0.0102850822
0.7820000000 0.3977910946 0.0078555911 1.1004833231 6.9162447793 0.3977910946 0.0031248842 2.7512205816 0.0095893789
0.7830000000 0.3980788065 0.0092784704 1.1015977096 6.9182567972 0.3980788065 0.0036935624 2.7540114092 0.0088930747
0.7840000000 0.3984057419 0.0108943517 1.1028644276 6.9205446146 0.3984057419 0.0043403723 2.7571847118 0.0082047608
0.7850000000 0.3987735963 0.0127112266 1.1042902001 6.9231206419 0.3987735963 0.0050689016 2.7607577163 0.0075323964
0.7860000000 0.3991835171 0.0147343100 1.1058796523 6.9259935437 0.3991835171 0.0058816937 2.7647424621 0.0068831010
0.7870000000 0.3996360782 0.0169659225 1.1076352122 6.9291680542 0.3996360782 0.0067801947 2.7691455465 0.0062629588
0.7880000000 0.4001312877 0.0194055354 1.1095571349 6.9326450140 0.4001312877 0.0077647619 2.7739681769 0.0056768648
0.7890000000 0.4006686241 0.0220499639 1.1116436396 6.9364216079 0.4006686241 0.0088347287 2.7792065017 0.0051284369
0.7900000000 0.4012470963 0.0248936780 1.1138911372 6.9404917672 0.4012470963 0.0099885160 2.7848521685 0.0046200036
0.7910000000 0.4018653206 0.0279291952 1.1162945216 6.9448466846 0.4018653206 0.0112237750 2.7908930395 0.0041526661
0.7920000000 0.4025216051 0.0311475123 1.1188474925 6.9494753886 0.4025216051 0.0125375466 2.7973139879 0.0037264237
0.7930000000 0.4032140354 0.0345385418 1.1215428834 6.9543653279 0.4032140354 0.0139264248 2.8040977076 0.0033403438
0.7940000000 0.4039405559 0.0380915211 1.1243729712 6.9595029237 0.4039405559 0.0153867102 2.8112254796 0.0029927549
0.7950000000 0.4046990411 0.0417953753 1.1273297518 6.9648740627 0.4046990411 0.0169145483 2.8186778545 0.0026814434
0.7960000000 0.4054873565 0.0456390202 1.1304051722 6.9704645133 0.4054873565 0.0185060457 2.8264352293 0.0024038373
0.7970000000 0.4063034067 0.0496116044 1.1335913159 6.9762602595 0.4063034067 0.0201573639 2.8344783092 0.0021571680
0.7980000000 0.4071451713 0.0537026889 1.1368805436 6.9822477537 0.4071451713 0.0218647905 2.8427884579 0.0019386035
0.7990000000 0.4080107313 0.0579023736 1.1402655921 6.9884140969 0.4080107313 0.0236247898 2.8513479460 0.0017453514
0.8000000000 0.4088982845 0.0622013767 1.1437396386 6.9947471554 0.4088982845 0.0254340362 2.8601401124 0.0015747341
0.8010000000 0.4098061554 0.0665910764 1.1472963354 7.0012356265 0.4098061554 0.0272894330 2.8691494549 0.0014242388
0.8020000000 0.4107327973 0.0710635235 1.1509298235 7.0078690641 0.4107327973 0.0291881198 2.8783616641 0.0012915471
0.8030000000 0.4116767920 0.0756114321 1.1546347282 7.0146378737 0.4116767920 0.0311274718 2.8877636170 0.0011745496
0.8040000000 0.4126368446 0.0802281556 1.1584061437 7.0215332865 0.4126368446 0.0331050930 2.8973433395 0.0010713476
0.8050000000 0.4136117776 0.0849076518 1.1622396090 7.0285473186 0.4136117776 0.0351188048 2.9070899502 0.0009802473
0.8060000000 0.4146005232 0.0896444430 1.1661310802 7.0356727221 0.4146005232 0.0371666330 2.9169935916 0.0008997476
0.8070000000 0.4156021151 0.0944335727 1.1700768988 7.0429029308 0.4156021151 0.0392467926 2.9270453543 0.0008285259
0.8080000000 0.4166156800 0.0992705620 1.1740737604 7.0502320046 0.4166156800 0.0413576727 2.9372372006 0.0007654218
0.8090000000 0.4176404294 0.1041513664 1.1781186835 7.0576545751 0.4176404294 0.0434978214 2.9475618874 0.0007094207
0.8100000000 0.4186756518 0.1090723349 1.1822089794 7.0651657926 0.4186756518 0.0456659309 2.9580128934 0.0006596374
0.8110000000 0.4197207050 0.1140301720 1.1863422241 7.0727612758 0.4197207050 0.0478608242 2.9685843492 0.0006153009
0.8120000000 0.4207750095 0.1190219013 1.1905162318 7.0804370666 0.4207750095 0.0500814416 2.9792709737 0.0005757402
0.8130000000 0.4218380417 0.1240448337 1.1947290311 7.0881895865 0.4218380417 0.0523268297 2.9900680142 0.0005403723
0.8140000000 0.4229093287 0.1290965375 1.1989788431 7.0960155984 0.4229093287 0.0545961300 3.0009711933 0.0005086900
0.8150000000 0.4239884428 0.1341748113 1.2032640611 7.1039121714 0.4239884428 0.0568885693 3.0119766593 0.0004802524
0.8160000000 0.4250749966 0.1392776605 1.2075832334 7.1118766488 0.4250749966 0.0592034511 3.0230809426 0.0004546759
0.8170000000 0.4261686393 0.1444032755 1.2119350468 7.1199066202 0.4261686393 0.0615401474 3.0342809163 0.0004316262
0.8180000000 0.4272690524 0.1495500123 1.2163183121 7.1279998955 0.4272690524 0.0638980920 3.0455737606 0.0004108122
0.8190000000 0.4283759465 0.1547163754 1.2207319520 7.1361544828 0.4283759465 0.0662767737 3.0569569311 0.0003919800
0.8200000000 0.4294890587 0.1599010027 1.2251749888 7.1443685673 0.4294890587 0.0686757311 3.0684281311 0.0003749073
0.8210000000 0.4306081493 0.1651026515 1.2296465347 7.1526404938 0.4306081493 0.0710945472 3.0799852860 0.0003593999
0.8220000000 0.4317329999 0.1703201866 1.2341457828 7.1609687506 0.4317329999 0.0735328451 3.0916265210 0.0003452873
0.8230000000 0.4328634109 0.1755525696 1.2386719986 7.1693519546 0.4328634109 0.0759902841 3.1033501413 0.0003324203
0.8240000000 0.4339992001 0.1807988487 1.2432245131 7.1777888391 0.4339992001 0.0784665557 3.1151546143 0.0003206675
0.8250000000 0.4351402003 0.1860581511 1.2478027165 7.1862782420 0.4351402003 0.0809613811 3.1270385536 0.0003099131
0.8260000000 0.4362862587 0.1913296742 1.2524060520 7.1948190960 0.4362862587 0.0834745077 3.1390007051 0.0003000550
0.8270000000 0.4374372347 0.1966126801 1.2570340111 7.2034104190 0.4374372347 0.0860057071 3.1510399341 0.0002910028
0.8280000000 0.4385929994 0.2019064882 1.2616861291 7.2120513066 0.4385929994 0.0885547723 3.1631552143 0.0002826769
0.8290000000 0.4397534340 0.2072104709 1.2663619806 7.2207409243 0.4397534340 0.0911215161 3.1753456177 0.0002750065
0.8300000000 0.4409184293 0.2125240480 1.2710611764 7.2294785014 0.4409184293 0.0937057694 3.1876103056 0.0002679285
0.8310000000 0.4420878844 0.2178466826 1.2757833595 7.2382633250 0.4420878844 0.0963073791 3.1999485203 0.0002613869
0.8320000000 0.4432617063 0.2231778775 1.2805282031 7.2470947349 0.4432617063 0.0989262068 3.2123595781 0.0002553320
0.8330000000 0.4444398090 0.2285171710 1.2852954071 7.2559721189 0.4444398090 0.1015621278 3.2248428629 0.0002497191
0.8340000000 0.4456221130 0.2338641345 1.2900846965 7.2648949084 0.4456221130 0.1042150298 3.2373978200 0.0002445085
0.8350000000 0.4468085447 0.2392183693 1.2948958185 7.2738625750 0.4468085447 0.1068848114 3.2500239513 0.0002396644
0.8360000000 0.4479990357 0.2445795039 1.2997285412 7.2828746266 0.4479990357 0.1095713819 3.2627208101 0.0002351547
0.8370000000 0.4491935229 0.2499471921 1.3045826517 7.2919306050 0.4491935229 0.1122746598 3.2754879971 0.0002309508
0.8380000000 0.4503919474 0.2553211107 1.3094579542 7.3010300823 0.4503919474 0.1149945723 3.2883251566 0.0002270267
0.8390000000 0.4515942546 0.2607009577 1.3143542694 7.3101726590 0.4515942546 0.1177310546 3.3012319727 0.0002233592
0.8400000000 0.4528003937 0.2660864502 1.3192714320 7.3193579615 0.4528003937 0.1204840494 3.3142081666 0.0002199269
0.8410000000 0.4540103175 0.2714773237 1.3242092909 7.3285856401 0.4540103175 0.1232535059 3.3272534931 0.0002167110
0.8420000000 0.4552239819 0.2768733299 1.3291677070 7.3378553671 0.4552239819 0.1260393797 3.3403677388 0.0002136942
0.8430000000 0.4564413459 0.2822742358 1.3341465529 7.3471668348 0.4564413459 0.1288416321 3.3535507189 0.0002108609
0.8440000000 0.4576623713 0.2876798225 1.3391457119 7.3565197547 0.4576623713 0.1316602298 3.3668022756 0.0002081968
0.8450000000 0.4588870224 0.2930898841 1.3441650772 7.3659138552 0.4588870224 0.1344951442 3.3801222760 0.0002056889
0.8460000000 0.4601152658 0.2985042266 1.3492045508 7.3753488809 0.4601152658 0.1373463516 3.3935106103 0.0002033256
0.8470000000 0.4613470703 0.3039226676 1.3542640437 7.3848245913 0.4613470703 0.1402138323 3.4069671901 0.0002010961
0.8480000000 0.4625824070 0.3093450345 1.3593434742 7.3943407596 0.4625824070 0.1430975707 3.4204919469 0.0001989907
0.8490000000 0.4638212486 0.3147711649 1.3644427683 7.4038971716 0.4638212486 0.1459975547 3.4340848309 0.0001970004
0.8500000000 0.4650635697 0.3202009049 1.3695618586 7.4134936254 0.4650635697 0.1489137758 3.4477458094 0.0001951169
0.8510000000 0.4663093465 0.3256341092 1.3747006842 7.4231299298 0.4663093465 0.1518462286 3.4614748663 0.0001933328
0.8520000000 0.4675585566 0.3310706402 1.3798591900 7.4328059039 0.4675585566 0.1547949107 3.4752720002 0.0001916413
0.8530000000 0.4688111794 0.3365103676 1.3850373265 7.4425213767 0.4688111794 0.1577598223 3.4891372240 0.0001900359
0.8540000000 0.4700671951 0.3419531678 1.3902350491 7.4522761858 0.4700671951 0.1607409665 3.5030705640 0.0001885110
0.8550000000 0.4713265857 0.3473989235 1.3954523182 7.4620701773 0.4713265857 0.1637383485 3.5170720586 0.0001870610
0.8560000000 0.4725893338 0.3528475234 1.4006890989 7.4719032050 0.4725893338 0.1667519760 3.5311417582 0.0001856812
0.8570000000 0.4738554236 0.3582988617 1.4059453602 7.4817751303 0.4738554236 0.1697818589 3.5452797240 0.0001843670
0.8580000000 0.4751248401 0.3637528377 1.4112210753 7.4916858210 0.4751248401 0.1728280088 3.5594860275 0.0001831142
0.8590000000 0.4763975690 0.3692093557 1.4165162208 7.5016351515 0.4763975690 0.1758904395 3.5737607500 0.0001819189
0.8600000000 0.4776735974 0.3746683246 1.4218307772 7.5116230024 0.4776735974 0.1789691664 3.5881039819 0.0001807774
0.8610000000 0.4789529128 0.3801296573 1.4271647280 7.5216492596 0.4789529128 0.1820642066 3.6025158222 0.0001796867
0.8620000000 0.4802355038 0.3855932710 1.4325180599 7.5317138144 0.4802355038 0.1851755788 3.6169963782 0.0001786434
0.8630000000 0.4815213596 0.3910590867 1.4378907624 7.5418165631 0.4815213596 0.1883033031 3.6315457650 0.0001776448
0.8640000000 0.4828104700 0.3965270287 1.4432828280 7.5519574066 0.4828104700 0.1914474011 3.6461641046 0.0001766881
0.8650000000 0.4841028256 0.4019970250 1.4486942516 7.5621362503 0.4841028256 0.1946078957 3.6608515264 0.0001757711
0.8660000000 0.4853984177 0.4074690065 1.4541250304 7.5723530037 0.4853984177 0.1977848110 3.6756081662 0.0001748914
0.8670000000 0.4866972380 0.4129429072 1.4595751642 7.5826075801 0.4866972380 0.2009781724 3.6904341660 0.0001740467
0.8680000000 0.4879992788 0.4184186639 1.4650446549 7.5928998966 0.4879992788 0.2041880063 3.7053296737 0.0001732352
0.8690000000 0.4893045331 0.4238962162 1.4705335064 7.6032298736 0.4893045331 0.2074143401 3.7202948430 0.0001724549
0.8700000000 0.4906129940 0.4293755059 1.4760417246 7.6135974349 0.4906129940 0.2106572025 3.7353298329 0.0001717042
0.8710000000 0.4919246556 0.4348564775 1.4815693172 7.6240025074 0.4919246556 0.2139166229 3.7504348075 0.0001709815
0.8720000000 0.4932395119 0.4403390777 1.4871162937 7.6344450209 0.4932395119 0.2171926317 3.7656099358 0.0001702851
0.8730000000 0.4945575577 0.4458232551 1.4926826653 7.6449249080 0.4945575577 0.2204852602 3.7808553915 0.0001696138
0.8740000000 0.4958787881 0.4513089605 1.4982684449 7.6554421036 0.4958787881 0.2237945404 3.7961713528 0.0001689661
0.8750000000 0.4972031985 0.4567961468 1.5038736465 7.6659965456 0.4972031985 0.2271205052 3.8115580021 0.0001683409
0.8760000000 0.4985307847 0.4622847684 1.5094982860 7.6765881739 0.4985307847 0.2304631883 3.8270155259 0.0001677370
0.8770000000 0.4998615428 0.4677747815 1.5151423805 7.6872169305 0.4998615428 0.2338226240 3.8425441147 0.0001671532
0.8780000000 0.5011954693 0.4732661441 1.5208059483 7.6978827599 0.5011954693 0.2371988472 3.8581439626 0.0001665886
0.8790000000 0.5025325610 0.4787588157 1.5264890090 7.7085856083 0.5025325610 0.2405918938 3.8738152674 0.0001660423
0.8800000000 0.5038728149 0.4842527572 1.5321915834 7.7193254240 0.5038728149 0.2440017999 3.8895582306 0.0001655132
0.8810000000 0.5052162284 0.4897479309 1.5379136934 7.7301021567 0.5052162284 0.2474286025 3.9053730566 0.0001650006
0.8820000000 0.5065627990 0.4952443006 1.5436553621 7.7409157584 0.5065627990 0.2508723391 3.9212599534 0.0001645035
0.8830000000 0.5079125246 0.5007418312 1.5494166135 7.7517661822 0.5079125246 0.2543330477 3.9372191318 0.0001640214
0.8840000000 0.5092654033 0.5062404890 1.5551974726 7.7626533830 0.5092654033 0.2578107668 3.9532508058 0.0001635536
0.8850000000 0.5106214334 0.5117402412 1.5609979653 7.7735773171 0.5106214334 0.2613055355 3.9693551922 0.0001630992
0.8860000000 0.5119806134 0.5172410565 1.5668181186 7.7845379422 0.5119806134 0.2648173934 3.9855325107 0.0001626576
0.8870000000 0.5133429420 0.5227429043 1.5726579601 7.7955352174 0.5133429420 0.2683463804 4.0017829833 0.0001622283
0.8880000000 0.5147084183 0.5282457551 1.5785175184 7.8065691030 0.5147084183 0.2718925371 4.0181068352 0.0001618108
0.8890000000 0.5160770412 0.5337495805 1.5843968228 7.8176395604 0.5160770412 0.2754559042 4.0345042936 0.0001614044
0.8900000000 0.5174488101 0.5392543528 1.5902959034 7.8287465524 0.5174488101 0.2790365232 4.0509755884 0.0001610087
0.8910000000 0.5188237245 0.5447600455 1.5962147911 7.8398900426 0.5188237245 0.2826344358 4.0675209518 0.0001606231
0.8920000000 0.5202017840 0.5502666325 1.6021535174 7.8510699959 0.5202017840 0.2862496839 4.0841406183 0.0001602474
0.8930000000 0.5215829884 0.5557740890 1.6081121145 7.8622863781 0.5215829884 0.2898823102 4.1008348247 0.0001598809
0.8940000000 0.5229673376 0.5612823905 1.6140906153 7.8735391558 0.5229673376 0.2935323574 4.1176038098 0.0001595234
0.8950000000 0.5243548317 0.5667915136 1.6200890532 7.8848282967 0.5243548317 0.2971998687 4.1344478146 0.0001591743
0.8960000000 0.5257454710 0.5723014353 1.6261074623 7.8961537693 0.5257454710 0.3008848877 4.1513670822 0.0001588334
0.8970000000 0.5271392557 0.5778121337 1.6321458773 7.9075155429 0.5271392557 0.3045874581 4.1683618577 0.0001585003
0.8980000000 0.5285361864 0.5833235870 1.6382043334 7.9189135876 0.5285361864 0.3083076241 4.1854323880 0.0001581747
0.8990000000 0.5299362637 0.5888357745 1.6442828663 7.9303478742 0.5299362637 0.3120454303 4.2025789220 0.0001578562
0.9000000000 0.5313394882 0.5943486758 1.6503815123 7.9418183744 0.5313394882 0.3158009212 4.2198017105 0.0001575446
0.9010000000 0.5327458609 0.5998622713 1.6565003082 7.9533250603 0.5327458609 0.3195741421 4.2371010059 0.0001572396
0.9020000000 0.5341553825 0.6053765416 1.6626392912 7.9648679049 0.5341553825 0.3233651382 4.2544770626 0.0001569409
0.9030000000 0.5355680543 0.6108914682 1.6687984991 7.9764468817 0.5355680543 0.3271739550 4.2719301365 0.0001566482
0.9040000000 0.5369838772 0.6164070330 1.6749779699 7.9880619649 0.5369838772 0.3310006385 4.2894604855 0.0001563613
0.9050000000 0.5384028526 0.6219232182 1.6811777423 7.9997131290 0.5384028526 0.3348452348 4.3070683688 0.0001560800
0.9060000000 0.5398249817 0.6274400066 1.6873978553 8.0114003493 0.5398249817 0.3387077901 4.3247540473 0.0001558040
0.9070000000 0.5412502660 0.6329573816 1.6936383483 8.0231236017 0.5412502660 0.3425883512 4.3425177836 0.0001555332
0.9080000000 0.5426787069 0.6384753267 1.6998992611 8.0348828623 0.5426787069 0.3464869647 4.3603598418 0.0001552673
0.9090000000 0.5441103060 0.6439938261 1.7061806340 8.0466781079 0.5441103060 0.3504036778 4.3782804875 0.0001550061
0.9100000000 0.5455450649 0.6495128643 1.7124825074 8.0585093155 0.5455450649 0.3543385377 4.3962799877 0.0001547495
0.9110000000 0.5469829854 0.6550324260 1.7188049223 8.0703764630 0.5469829854 0.3582915919 4.4143586110 0.0001544973
0.9120000000 0.5484240692 0.6605524966 1.7251479199 8.0822795281 0.5484240692 0.3622628881 4.4325166273 0.0001542492
0.9130000000 0.5498683182 0.6660730617 1.7315115419 8.0942184894 0.5498683182 0.3662524742 4.4507543081 0.0001540052
0.9140000000 0.5513157343 0.6715941071 1.7378958301 8.1061933257 0.5513157343 0.3702603983 4.4690719260 0.0001537650
0.9150000000 0.5527663195 0.6771156191 1.7443008268 8.1182040161 0.5527663195 0.3742867087 4.4874697552 0.0001535287
0.9160000000 0.5542200759 0.6826375844 1.7507265745 8.1302505400 0.5542200759 0.3783314538 4.5059480711 0.0001532959
0.9170000000 0.5556770054 0.6881599897 1.7571731160 8.1423328773 0.5556770054 0.3823946823 4.5245071504 0.0001530665
0.9180000000 0.5571371104 0.6936828222 1.7636404946 8.1544510081 0.5571371104 0.3864764431 4.5431472713 0.0001528405
0.9190000000 0.5586003929 0.6992060694 1.7701287535 8.1666049129 0.5586003929 0.3905767851 4.5618687130 0.0001526176
0.9200000000 0.5600668553 0.7047297189 1.7766379364 8.1787945722 0.5600668553 0.3946957575 4.5806717561 0.0001523979
0.9210000000 0.5615364998 0.7102537589 1.7831680873 8.1910199672 0.5615364998 0.3988334098 4.5995566824 0.0001521811
0.9220000000 0.5630093289 0.7157781774 1.7897192503 8.2032810789 0.5630093289 0.4029897913 4.6185237750 0.0001519671
0.9230000000 0.5644853449 0.7213029630 1.7962914699 8.2155778889 0.5644853449 0.4071649518 4.6375733179 0.0001517559
0.9240000000 0.5659645502 0.7268281044 1.8028847908 8.2279103788 0.5659645502 0.4113589412 4.6567055967 0.0001515473
0.9250000000 0.5674469474 0.7323535904 1.8094992578 8.2402785306 0.5674469474 0.4155718093 4.6759208979 0.0001513413
0.9260000000 0.5689325390 0.7378794103 1.8161349162 8.2526823264 0.5689325390 0.4198036063 4.6952195092 0.0001511377
0.9270000000 0.5704213275 0.7434055533 1.8227918112 8.2651217485 0.5704213275 0.4240543825 4.7146017194 0.0001509364
0.9280000000 0.5719133155 0.7489320090 1.8294699884 8.2775967793 0.5719133155 0.4283241884 4.7340678185 0.0001507374
0.9290000000 0.5734085057 0.7544587673 1.8361694936 8.2901074016 0.5734085057 0.4326130744 4.7536180975 0.0001505406
0.9300000000 0.5749069008 0.7599858179 1.8428903729 8.3026535981 0.5749069008 0.4369210912 4.7732528486 0.0001503459
0.9310000000 0.5764085034 0.7655131510 1.8496326723 8.3152353519 0.5764085034 0.4412482897 4.7929723650 0.0001501531
0.9320000000 0.5779133164 0.7710407569 1.8563964382 8.3278526461 0.5779133164 0.4455947209 4.8127769411 0.0001499623
0.9330000000 0.5794213424 0.7765686260 1.8631817173 8.3405054640 0.5794213424 0.4499604357 4.8326668720 0.0001497734
0.9340000000 0.5809325842 0.7820967490 1.8699885563 8.3531937889 0.5809325842 0.4543454855 4.8526424542 0.0001495862
0.9350000000 0.5824470447 0.7876251165 1.8768170020 8.3659176043 0.5824470447 0.4587499215 4.8727039851 0.0001494008
0.9360000000 0.5839647268 0.7931537195 1.8836671016 8.3786768939 0.5839647268 0.4631737951 4.8928517631 0.0001492169
0.9370000000 0.5854856332 0.7986825491 1.8905389023 8.3914716414 0.5854856332 0.4676171580 4.9130860875 0.0001490350
0.9380000000 0.5870097669 0.8042115964 1.8974324515 8.4043018305 0.5870097669 0.4720800618 4.9334072588 0.0001488537
0.9390000000 0.5885371309 0.8097408527 1.9043477969 8.4171674453 0.5885371309 0.4765625582 4.9538155783 0.0001486757
0.9400000000 0.5900677280 0.8152703096 1.9112849861 8.4300684693 0.5900677280 0.4810646992 4.9743113483 0.0001484953
0.9410000000 0.5916015611 0.8207999585 1.9182440670 8.4430048875 0.5916015611 0.4855865368 4.9948948722 0.0001483236
0.9420000000 0.5931386335 0.8263297911 1.9252250877 8.4559766823 0.5931386335 0.4901281231 5.0155664540 0.0001481392
0.9430000000 0.5946789477 0.8318597992 1.9322280963 8.4689838409 0.5946789477 0.4946895101 5.0363263990 0.0001479822
0.9440000000 0.5962225074 0.8373899747 1.9392531411 8.4820263419 0.5962225074 0.4992707504 5.0571750132 0.0001477788
0.9450000000 0.5977693147 0.8429203097 1.9463002705 8.4951041795 0.5977693147 0.5038718959 5.0781126036 0.0001476603
0.9460000000 0.5993193739 0.8484507962 1.9533695331 8.5082173208 0.5993193739 0.5084930000 5.0991394781 0.0001473997
0.9470000000 0.6008726862 0.8539814265 1.9604609776 8.5213657788 0.6008726862 0.5131341137 5.1202559453 0.0001473769
0.9480000000 0.6024292577 0.8595121927 1.9675746526 8.5345494912 0.6024292577 0.5177952922 5.1414623151 0.0001469767
0.9490000000 0.6039890865 0.8650430874 1.9747106075 8.5477685153 0.6039890865 0.5224765842 5.1627588974 0.0001471606
0.9500000000 0.6055521836 0.8705741027 1.9818688905 8.5610227252 0.6055521836 0.5271780489 5.1841460048 0.0001464795
0.9510000000 0.6071185404 0.8761052317 1.9890495518 8.5743122658 0.6071185404 0.5318997295 5.2056239474 0.0001470360
0.9520000000 0.6086881763 0.8816364664 1.9962526393 8.5876368963 0.6086881763 0.5366416929 5.2271930412 0.0001458948
0.9530000000 0.6102610726 0.8871678000 2.0034782039 8.6009969041 0.6102610726 0.5414039732 5.2488535958 0.0001469960
0.9540000000 0.6118372608 0.8926992248 2.0107262931 8.6143918811 0.6118372608 0.5461866484 5.2706059317 0.0001452496
0.9550000000 0.6134167084 0.8982307342 2.0179969587 8.6278223010 0.6134167084 0.5509897404 5.2924503563 0.0001469968
0.9560000000 0.6149994617 0.9037623206 2.0252902473 8.6412875570 0.6149994617 0.5558133406 5.3143871955 0.0001445824
0.9570000000 0.6165854729 0.9092939776 2.0326062118 8.6547883285 0.6165854729 0.5606574572 5.3364167541 0.0001470199
0.9580000000 0.6181748040 0.9148256980 2.0399448974 8.6683237941 0.6181748040 0.5655221966 5.3585393625 0.0001438546
0.9590000000 0.6197673901 0.9203574761 2.0473063579 8.6818948652 0.6197673901 0.5704075509 5.3807553218 0.0001471343
0.9600000000 0.6213633125 0.9258893054 2.0546906359 8.6955004534 0.6213633125 0.5753136458 5.4030649656 0.0001429382
0.9610000000 0.6229624824 0.9314211822 2.0620977851 8.7091417857 0.6229624824 0.5802404519 5.4254685865 0.0001473867
0.9620000000 0.6245650081 0.9369531028 2.0695278418 8.7228173960 0.6245650081 0.5851881223 5.4479665180 0.0001417469
0.9630000000 0.6261707675 0.9424850683 2.0769808564 8.7365289410 0.6261707675 0.5901565986 5.4705590321 0.0001476296
0.9640000000 0.6277799019 0.9480170828 2.0844568508 8.7502744703 0.6277799019 0.5951460712 5.4932464482 0.0001401798
0.9650000000 0.6293922469 0.9535491604 2.0919558626 8.7640561545 0.6293922469 0.6001564487 5.5160289954 0.0001476502
0.9660000000 0.6310079811 0.9590813225 2.0994778833 8.7778714586 0.6310079811 0.6051879690 5.5389069472 0.0001378190
0.9670000000 0.6326268841 0.9646136094 2.1070229221 8.7917231969 0.6326268841 0.6102405021 5.5618804519 0.0001473158
0.9680000000 0.6342491818 0.9701460716 2.1145909184 8.8056080437 0.6342491818 0.6153143521 5.5849496967 0.0001342307
0.9690000000 0.6358745776 0.9756787862 2.1221818435 8.8195296997 0.6358745776 0.6204093361 5.6081147228 0.0001465282
0.9700000000 0.6375033632 0.9812118275 2.1297955816 8.8334837987 0.6375033632 0.6255258400 5.6313756303 0.0001298039
0.9710000000 0.6391351566 0.9867452896 2.1374321047 8.8474751760 0.6391351566 0.6306636053 5.6547324326 0.0001461813
0.9720000000 0.6407703460 0.9922792123 2.1450913031 8.8614982149 0.6407703460 0.6358230942 5.6781852772 0.0001260658
0.9730000000 0.6424084696 0.9978136321 2.1527732799 8.8755592413 0.6424084696 0.6410039283 5.7017344287 0.0001488767
0.9740000000 0.6440500678 1.0033484404 2.1604780544 8.8896510232 0.6440500678 0.6462066310 5.7253803438 0.0001253222
0.9750000000 0.6456945970 1.0088835476 2.1682060168 8.9037819184 0.6456945970 0.6514306557 5.7491238776 0.0001560484
0.9760000000 0.6473427846 1.0144186439 2.1759573148 8.9179425677 0.6473427846 0.6566765897 5.7729657748 0.0001272411
0.9770000000 0.6489939604 1.0199536351 2.1837325803 8.9321438576 0.6489939604 0.6619437491 5.7969074172 0.0001642764
0.9780000000 0.6506490011 1.0254881512 2.1915317222 8.9463735161 0.6506490011 0.6672328412 5.8209489918 0.0001258017
0.9790000000 0.6523070045 1.0310224474 2.1993553687 8.9606457248 0.6523070045 0.6725431643 5.8450919714 0.0001672382
0.9800000000 0.6539689544 1.0365561817 2.2072026863 8.9749440382 0.6539689544 0.6778755623 5.8693347681 0.0001182226
0.9810000000 0.6556336979 1.0420901786 2.2150745257 8.9892872748 0.6556336979 0.6832294373 5.8936796575 0.0001658347
0.9820000000 0.6573023707 1.0476236267 2.2229692000 9.0036533499 0.6573023707 0.6886054935 5.9181226922 0.0001131911
0.9830000000 0.6589737335 1.0531579575 2.2308889156 9.0180679511 0.6589737335 0.6940034313 5.9426699071 0.0001669186
0.9840000000 0.6606490690 1.0586909805 2.2388306791 9.0325007631 0.6606490690 0.6994232107 5.9673132202 0.0001182061
0.9850000000 0.6623272288 1.0642256235 2.2467993845 9.0469879860 0.6623272288 0.7048656080 5.9920664818 0.0001618893
0.9860000000 0.6640092507 1.0697572971 2.2547883611 9.0614860768 0.6640092507 0.7103287413 6.0169105800 0.0001324619
0.9870000000 0.6656944530 1.0752927489 2.2628075326 9.0760481873 0.6656944530 0.7158164183 6.0418749337 0.0001334246
0.9880000000 0.6673828394 1.0808221964 2.2708421527 9.0906081756 0.6673828394 0.7213221863 6.0669158966 0.0001742484
0.9890000000 0.6690754404 1.0863602463 2.2789138221 9.1052494843 0.6690754404 0.7268569602 6.0920988085 0.0000626844
0.9900000000 0.6707695141 1.0918852662 2.2869908302 9.1198648113 0.6707695141 0.7324033495 6.1173272886 0.0002868811
0.9910000000 0.6724705722 1.0974290920 2.2951204008 9.1345947739 0.6724705722 0.7379887695 6.1427461747 0.0001096382
0.9920000000 0.6741688923 1.1029445228 2.3032328807 9.1492517536 0.6741688923 0.7435708872 6.1681409204 0.0005503133
0.9930000000 0.6758806888 1.1085015969 2.3114316032 9.1640906812 0.6758806888 0.7492148228 6.1938319218 0.0005160115
0.9940000000 0.6775797706 1.1139963019 2.3195629603 9.1787591239 0.6775797706 0.7548213587 6.2193415020 0.0011681690
0.9950000000 0.6793076203 1.1195837956 2.3278565607 9.1937531022 0.6793076203 0.7605418039 6.2453865415 0.0014714425
0.9960000000 0.6809992331 1.1250311871 2.3359675832 9.2083623212 0.6809992331 0.7661453756 6.2708876786 0.0026430958
0.9970000000 0.6827563800 1.1306913788 2.3444197425 9.2236248875 0.6827563800 0.7719867527 6.2974887391 0.0039496266
0.9980000000 0.6844150704 1.1360102211 2.3523887696 9.2379574902 0.6844150704 0.7775025155 6.3225973263 0.0134123426
0.9990000000 0.6864209012 1.1424472002 2.3620615712 9.2554105743 0.6864209012 0.7841996368 6.3531072678 0.1405720505
1.0000000000 0.6864209012 1.1424472002 2.3620615712 9.2554105743 0.6864209012 0.7841996368 6.3531072678 0.0000000000
