TITLE = "1D Euler Filtered MacCormack Result"
VARIABLES = "x", "rho", "u", "p", "E", "rho_conserved", "rhou", "rhoE", "nu"
ZONE T="t=0.20000000", I=1001, F=POINT
0.0000000000 1.0000000000 0.0000000000 1.0000000000 2.5000000000 1.0000000000 0.0000000000 2.5000000000 0.0000000000
0.0010000000 1.0000000000 0.0000000000 1.0000000000 2.5000000000 1.0000000000 0.0000000000 2.5000000000 0.0000000000
0.0020000000 1.0000000000 0.0000000000 1.0000000000 2.5000000000 1.0000000000 0.0000000000 2.5000000000 0.0000000000
0.0030000000 1.0000000000 0.0000000000 1.0000000000 2.5000000000 1.0000000000 0.0000000000 2.5000000000 0.0000000000
0.0040000000 1.0000000000 0.0000000000 1.0000000000 2.5000000000 1.0000000000 0.0000000000 2.5000000000 0.0000000000
0.0050000000 1.0000000000 0.0000000000 1.0000000000 2.5000000000 1.0000000000 0.0000000000 2.5000000000 0.0000000000
0.0060000000 1.0000000000 0.0000000000 1.0000000000 2.5000000000 1.0000000000 0.0000000000 2.5000000000 0.0000000000
0.0070000000 1.0000000000 0.0000000000 1.0000000000 2.5000000000 1.0000000000 0.0000000000 2.5000000000 0.0000000000
0.0080000000 1.0000000000 0.0000000000 1.0000000000 2.5000000000 1.0000000000 0.0000000000 2.5000000000 0.0000000000
0.0090000000 1.0000000000 0.0000000000 1.0000000000 2.5000000000 1.0000000000 0.0000000000 2.5000000000 0.0000000000
0.0100000000 1.0000000000 0.0000000000 1.0000000000 2.5000000000 1.0000000000 0.0000000000 2.5000000000 0.0000000000
0.0110000000 1.0000000000 0.0000000000 1.0000000000 2.5000000000 1.0000000000 0.0000000000 2.5000000000 0.0000000000
0.0120000000 1.0000000000 0.0000000000 1.0000000000 2.5000000000 1.0000000000 0.0000000000 2.5000000000 0.0000000000
0.0130000000 1.0000000000 0.0000000000 1.0000000000 2.5000000000 1.0000000000 0.0000000000 2.5000000000 0.0000000000
0.0140000000 1.0000000000 0.0000000000 1.0000000000 2.5000000000 1.0000000000 0.0000000000 2.5000000000 0.0000000000
0.0150000000 1.0000000000 0.0000000000 1.0000000000 2.5000000000 1.0000000000 0.0000000000 2.5000000000 0.0000000000
0.0160000000 1.0000000000 0.0000000000 1.0000000000 2.5000000000 1.0000000000 0.0000000000 2.5000000000 0.0000000000
0.0170000000 1.0000000000 0.0000000000 1.0000000000 2.5000000000 1.0000000000 0.0000000000 2.5000000000 0.0000000000
0.0180000000 1.0000000000 0.0000000000 1.0000000000 2.5000000000 1.0000000000 0.0000000000 2.5000000000 0.0000000000
0.0190000000 1.0000000000 0.0000000000 1.0000000000 2.5000000000 1.0000000000 0.0000000000 2.5000000000 0.0000000000
0.0200000000 1.0000000000 0.0000000000 1.0000000000 2.5000000000 1.0000000000 0.0000000000 2.5000000000 0.0000000000
0.0210000000 1.0000000000 0.0000000000 1.0000000000 2.5000000000 1.0000000000 0.0000000000 2.5000000000 0.0000000000
0.0220000000 1.0000000000 0.0000000000 1.0000000000 2.5000000000 1.0000000000 0.0000000000 2.5000000000 0.0000000000
0.0230000000 1.0000000000 0.0000000000 1.0000000000 2.5000000000 1.0000000000 0.0000000000 2.5000000000 0.0000000000
0.0240000000 1.0000000000 0.0000000000 1.0000000000 2.5000000000 1.0000000000 0.0000000000 2.5000000000 0.0000000000
0.0250000000 1.0000000000 0.0000000000 1.0000000000 2.5000000000 1.0000000000 0.0000000000 2.5000000000 0.0000000000
0.0260000000 1.0000000000 0.0000000000 1.0000000000 2.5000000000 1.0000000000 0.0000000000 2.5000000000 0.0000000000
0.0270000000 1.0000000000 0.0000000000 1.0000000000 2.5000000000 1.0000000000 0.0000000000 2.5000000000 0.0000000000
0.0280000000 1.0000000000 0.0000000000 1.0000000000 2.5000000000 1.0000000000 0.0000000000 2.5000000000 0.0000000000
0.0290000000 1.0000000000 0.0000000000 1.0000000000 2.5000000000 1.0000000000 0.0000000000 2.5000000000 0.0000000000
0.0300000000 1.0000000000 0.0000000000 1.0000000000 2.5000000000 1.0000000000 0.0000000000 2.5000000000 0.0000000000
0.0310000000 1.0000000000 0.0000000000 1.0000000000 2.5000000000 1.0000000000 0.0000000000 2.5000000000 0.0000000000
0.0320000000 1.0000000000 0.0000000000 1.0000000000 2.5000000000 1.0000000000 0.0000000000 2.5000000000 0.0000000000
0.0330000000 1.0000000000 0.0000000000 1.0000000000 2.5000000000 1.0000000000 0.0000000000 2.5000000000 0.0000000000
0.0340000000 1.0000000000 0.0000000000 1.0000000000 2.5000000000 1.0000000000 0.0000000000 2.5000000000 0.0000000000
0.0350000000 1.0000000000 0.0000000000 1.0000000000 2.5000000000 1.0000000000 0.0000000000 2.5000000000 0.0000000000
0.0360000000 1.0000000000 0.0000000000 1.0000000000 2.5000000000 1.0000000000 0.0000000000 2.5000000000 0.0000000000
0.0370000000 1.0000000000 0.0000000000 1.0000000000 2.5000000000 1.0000000000 0.0000000000 2.5000000000 0.0000000000
0.0380000000 1.0000000000 0.0000000000 1.0000000000 2.5000000000 1.0000000000 0.0000000000 2.5000000000 0.0000000000
0.0390000000 1.0000000000 0.0000000000 1.0000000000 2.5000000000 1.0000000000 0.0000000000 2.5000000000 0.0000000000
0.0400000000 1.0000000000 0.0000000000 1.0000000000 2.5000000000 1.0000000000 0.0000000000 2.5000000000 0.0000000000
0.0410000000 1.0000000000 0.0000000000 1.0000000000 2.5000000000 1.0000000000 0.0000000000 2.5000000000 0.0000000000
0.0420000000 1.0000000000 0.0000000000 1.0000000000 2.5000000000 1.0000000000 0.0000000000 2.5000000000 0.0000000000
0.0430000000 1.0000000000 0.0000000000 1.0000000000 2.5000000000 1.0000000000 0.0000000000 2.5000000000 0.0000000000
0.0440000000 1.0000000000 0.0000000000 1.0000000000 2.5000000000 1.0000000000 0.0000000000 2.5000000000 0.0000000000
0.0450000000 1.0000000000 0.0000000000 1.0000000000 2.5000000000 1.0000000000 0.0000000000 2.5000000000 0.0000000000
0.0460000000 1.0000000000 0.0000000000 1.0000000000 2.5000000000 1.0000000000 0.0000000000 2.5000000000 0.0000000000
0.0470000000 1.0000000000 0.0000000000 1.0000000000 2.5000000000 1.0000000000 0.0000000000 2.5000000000 0.0000000000
0.0480000000 1.0000000000 0.0000000000 1.0000000000 2.5000000000 1.0000000000 0.0000000000 2.5000000000 0.0000000000
0.0490000000 1.0000000000 0.0000000000 1.0000000000 2.5000000000 1.0000000000 0.0000000000 2.5000000000 0.0000000000
0.0500000000 1.0000000000 0.0000000000 1.0000000000 2.5000000000 1.0000000000 0.0000000000 2.5000000000 0.0000000000
0.0510000000 1.0000000000 0.0000000000 1.0000000000 2.5000000000 1.0000000000 0.0000000000 2.5000000000 0.0000000000
0.0520000000 1.0000000000 0.0000000000 1.0000000000 2.5000000000 1.0000000000 0.0000000000 2.5000000000 0.0000000000
0.0530000000 1.0000000000 0.0000000000 1.0000000000 2.5000000000 1.0000000000 0.0000000000 2.5000000000 0.0000000000
0.0540000000 1.0000000000 0.0000000000 1.0000000000 2.5000000000 1.0000000000 0.0000000000 2.5000000000 0.0000000000
0.0550000000 1.0000000000 0.0000000000 1.0000000000 2.5000000000 1.0000000000 0.0000000000 2.5000000000 0.0000000000
0.0560000000 1.0000000000 0.0000000000 1.0000000000 2.5000000000 1.0000000000 0.0000000000 2.5000000000 0.0000000000
0.0570000000 1.0000000000 0.0000000000 1.0000000000 2.5000000000 1.0000000000 0.0000000000 2.5000000000 0.0000000000
0.0580000000 1.0000000000 0.0000000000 1.0000000000 2.5000000000 1.0000000000 0.0000000000 2.5000000000 0.0000000000
0.0590000000 1.0000000000 0.0000000000 1.0000000000 2.5000000000 1.0000000000 0.0000000000 2.5000000000 0.0000000000
0.0600000000 1.0000000000 0.0000000000 1.0000000000 2.5000000000 1.0000000000 0.0000000000 2.5000000000 0.0000000000
0.0610000000 1.0000000000 0.0000000000 1.0000000000 2.5000000000 1.0000000000 0.0000000000 2.5000000000 0.0000000000
0.0620000000 1.0000000000 0.0000000000 1.0000000000 2.5000000000 1.0000000000 0.0000000000 2.5000000000 0.0000000000
0.0630000000 1.0000000000 0.0000000000 1.0000000000 2.5000000000 1.0000000000 0.0000000000 2.5000000000 0.0000000000
0.0640000000 1.0000000000 0.0000000000 1.0000000000 2.5000000000 1.0000000000 0.0000000000 2.5000000000 0.0000000000
0.0650000000 1.0000000000 0.0000000000 1.0000000000 2.5000000000 1.0000000000 0.0000000000 2.5000000000 0.0000000000
0.0660000000 1.0000000000 0.0000000000 1.0000000000 2.5000000000 1.0000000000 0.0000000000 2.5000000000 0.0000000000
0.0670000000 1.0000000000 0.0000000000 1.0000000000 2.5000000000 1.0000000000 0.0000000000 2.5000000000 0.0000000000
0.0680000000 1.0000000000 0.0000000000 1.0000000000 2.5000000000 1.0000000000 0.0000000000 2.5000000000 0.0000000000
0.0690000000 1.0000000000 0.0000000000 1.0000000000 2.5000000000 1.0000000000 0.0000000000 2.5000000000 0.0000000000
0.0700000000 1.0000000000 0.0000000000 1.0000000000 2.5000000000 1.0000000000 0.0000000000 2.5000000000 0.0000000000
0.0710000000 1.0000000000 0.0000000000 1.0000000000 2.5000000000 1.0000000000 0.0000000000 2.5000000000 0.0000000000
0.0720000000 1.0000000000 0.0000000000 1.0000000000 2.5000000000 1.0000000000 0.0000000000 2.5000000000 0.0000000000
0.0730000000 1.0000000000 0.0000000000 1.0000000000 2.5000000000 1.0000000000 0.0000000000 2.5000000000 0.0000000000
0.0740000000 1.0000000000 0.0000000000 1.0000000000 2.5000000000 1.0000000000 0.0000000000 2.5000000000 0.0000000000
0.0750000000 1.0000000000 0.0000000000 1.0000000000 2.5000000000 1.0000000000 0.0000000000 2.5000000000 0.0000000000
0.0760000000 1.0000000000 0.0000000000 1.0000000000 2.5000000000 1.0000000000 0.0000000000 2.5000000000 0.0000000000
0.0770000000 1.0000000000 0.0000000000 1.0000000000 2.5000000000 1.0000000000 0.0000000000 2.5000000000 0.0000000000
0.0780000000 1.0000000000 0.0000000000 1.0000000000 2.5000000000 1.0000000000 0.0000000000 2.5000000000 0.0000000000
0.0790000000 1.0000000000 0.0000000000 1.0000000000 2.5000000000 1.0000000000 0.0000000000 2.5000000000 0.0000000000
0.0800000000 1.0000000000 0.0000000000 1.0000000000 2.5000000000 1.0000000000 0.0000000000 2.5000000000 0.0000000000
0.0810000000 1.0000000000 0.0000000000 1.0000000000 2.5000000000 1.0000000000 0.0000000000 2.5000000000 0.0000000000
0.0820000000 1.0000000000 0.0000000000 1.0000000000 2.5000000000 1.0000000000 0.0000000000 2.5000000000 0.0000000000
0.0830000000 1.0000000000 0.0000000000 1.0000000000 2.5000000000 1.0000000000 0.0000000000 2.5000000000 0.0000000000
0.0840000000 1.0000000000 0.0000000000 1.0000000000 2.5000000000 1.0000000000 0.0000000000 2.5000000000 0.0000000000
0.0850000000 1.0000000000 0.0000000000 1.0000000000 2.5000000000 1.0000000000 0.0000000000 2.5000000000 0.0000000000
0.0860000000 1.0000000000 0.0000000000 1.0000000000 2.5000000000 1.0000000000 0.0000000000 2.5000000000 0.0000000000
0.0870000000 1.0000000000 0.0000000000 1.0000000000 2.5000000000 1.0000000000 0.0000000000 2.5000000000 0.0000000000
0.0880000000 1.0000000000 0.0000000000 1.0000000000 2.5000000000 1.0000000000 0.0000000000 2.5000000000 0.0000000000
0.0890000000 1.0000000000 0.0000000000 1.0000000000 2.5000000000 1.0000000000 0.0000000000 2.5000000000 0.0000000000
0.0900000000 1.0000000000 0.0000000000 1.0000000000 2.5000000000 1.0000000000 0.0000000000 2.5000000000 0.0000000000
0.0910000000 1.0000000000 0.0000000000 1.0000000000 2.5000000000 1.0000000000 0.0000000000 2.5000000000 0.0000000000
0.0920000000 1.0000000000 0.0000000000 1.0000000000 2.5000000000 1.0000000000 0.0000000000 2.5000000000 0.0000000000
0.0930000000 1.0000000000 0.0000000000 1.0000000000 2.5000000000 1.0000000000 0.0000000000 2.5000000000 0.0000000000
0.0940000000 1.0000000000 0.0000000000 1.0000000000 2.5000000000 1.0000000000 0.0000000000 2.5000000000 0.0000000000
0.0950000000 1.0000000000 0.0000000000 1.0000000000 2.5000000000 1.0000000000 0.0000000000 2.5000000000 0.0000000000
0.0960000000 1.0000000000 0.0000000000 1.0000000000 2.5000000000 1.0000000000 0.0000000000 2.5000000000 0.0000000000
0.0970000000 1.0000000000 0.0000000000 1.0000000000 2.5000000000 1.0000000000 0.0000000000 2.5000000000 0.0000000000
0.0980000000 1.0000000000 0.0000000000 1.0000000000 2.5000000000 1.0000000000 0.0000000000 2.5000000000 0.0000000000
0.0990000000 1.0000000000 0.0000000000 1.0000000000 2.5000000000 1.0000000000 0.0000000000 2.5000000000 0.0000000000
0.1000000000 1.0000000000 0.0000000000 1.0000000000 2.5000000000 1.0000000000 0.0000000000 2.5000000000 0.0000000000
0.1010000000 1.0000000000 0.0000000000 1.0000000000 2.5000000000 1.0000000000 0.0000000000 2.5000000000 0.0000000000
0.1020000000 1.0000000000 0.0000000000 1.0000000000 2.5000000000 1.0000000000 0.0000000000 2.5000000000 0.0000000000
0.1030000000 1.0000000000 0.0000000000 1.0000000000 2.5000000000 1.0000000000 0.0000000000 2.5000000000 0.0000000000
0.1040000000 1.0000000000 0.0000000000 1.0000000000 2.5000000000 1.0000000000 0.0000000000 2.5000000000 0.0000000000
0.1050000000 1.0000000000 0.0000000000 1.0000000000 2.5000000000 1.0000000000 0.0000000000 2.5000000000 0.0000000000
0.1060000000 1.0000000000 0.0000000000 1.0000000000 2.5000000000 1.0000000000 0.0000000000 2.5000000000 0.0000000000
0.1070000000 1.0000000000 0.0000000000 1.0000000000 2.5000000000 1.0000000000 0.0000000000 2.5000000000 0.0000000000
0.1080000000 1.0000000000 0.0000000000 1.0000000000 2.5000000000 1.0000000000 0.0000000000 2.5000000000 0.0000000000
0.1090000000 1.0000000000 0.0000000000 1.0000000000 2.5000000000 1.0000000000 0.0000000000 2.5000000000 0.0000000000
0.1100000000 1.0000000000 0.0000000000 1.0000000000 2.5000000000 1.0000000000 0.0000000000 2.5000000000 0.0000000000
0.1110000000 1.0000000000 0.0000000000 1.0000000000 2.5000000000 1.0000000000 0.0000000000 2.5000000000 0.0000000000
0.1120000000 1.0000000000 0.0000000000 1.0000000000 2.5000000000 1.0000000000 0.0000000000 2.5000000000 0.0000000000
0.1130000000 1.0000000000 0.0000000000 1.0000000000 2.5000000000 1.0000000000 0.0000000000 2.5000000000 0.0000000000
0.1140000000 1.0000000000 0.0000000000 1.0000000000 2.5000000000 1.0000000000 0.0000000000 2.5000000000 0.0000000000
0.1150000000 1.0000000000 0.0000000000 1.0000000000 2.5000000000 1.0000000000 0.0000000000 2.5000000000 0.0000000000
0.1160000000 1.0000000000 0.0000000000 1.0000000000 2.5000000000 1.0000000000 0.0000000000 2.5000000000 0.0000000000
0.1170000000 1.0000000000 0.0000000000 1.0000000000 2.5000000000 1.0000000000 0.0000000000 2.5000000000 0.0000000000
0.1180000000 1.0000000000 0.0000000000 1.0000000000 2.5000000000 1.0000000000 0.0000000000 2.5000000000 0.0000000000
0.1190000000 1.0000000000 0.0000000000 1.0000000000 2.5000000000 1.0000000000 0.0000000000 2.5000000000 0.0000000000
0.1200000000 1.0000000000 0.0000000000 1.0000000000 2.5000000000 1.0000000000 0.0000000000 2.5000000000 0.0000000000
0.1210000000 1.0000000000 0.0000000000 1.0000000000 2.5000000000 1.0000000000 0.0000000000 2.5000000000 0.0000000000
0.1220000000 1.0000000000 0.0000000000 1.0000000000 2.5000000000 1.0000000000 0.0000000000 2.5000000000 0.0000000000
0.1230000000 1.0000000000 0.0000000000 1.0000000000 2.5000000000 1.0000000000 0.0000000000 2.5000000000 0.0000000000
0.1240000000 1.0000000000 0.0000000000 1.0000000000 2.5000000000 1.0000000000 0.0000000000 2.5000000000 0.0000000000
0.1250000000 1.0000000000 0.0000000000 1.0000000000 2.5000000000 1.0000000000 0.0000000000 2.5000000000 0.0000000000
0.1260000000 1.0000000000 0.0000000000 1.0000000000 2.5000000000 1.0000000000 0.0000000000 2.5000000000 0.0000000000
0.1270000000 1.0000000000 0.0000000000 1.0000000000 2.5000000000 1.0000000000 0.0000000000 2.5000000000 0.0000000000
0.1280000000 1.0000000000 0.0000000000 1.0000000000 2.5000000000 1.0000000000 0.0000000000 2.5000000000 0.0000000000
0.1290000000 1.0000000000 0.0000000000 1.0000000000 2.5000000000 1.0000000000 0.0000000000 2.5000000000 0.0000000000
0.1300000000 1.0000000000 0.0000000000 1.0000000000 2.5000000000 1.0000000000 0.0000000000 2.5000000000 0.0000000000
0.1310000000 1.0000000000 0.0000000000 1.0000000000 2.5000000000 1.0000000000 0.0000000000 2.5000000000 0.0000000000
0.1320000000 1.0000000000 0.0000000000 1.0000000000 2.5000000000 1.0000000000 0.0000000000 2.5000000000 0.0000000000
0.1330000000 1.0000000000 0.0000000000 1.0000000000 2.5000000000 1.0000000000 0.0000000000 2.5000000000 0.0000000000
0.1340000000 1.0000000000 0.0000000000 1.0000000000 2.5000000000 1.0000000000 0.0000000000 2.5000000000 0.0000000000
0.1350000000 1.0000000000 0.0000000000 1.0000000000 2.5000000000 1.0000000000 0.0000000000 2.5000000000 0.0000000000
0.1360000000 1.0000000000 0.0000000000 1.0000000000 2.5000000000 1.0000000000 0.0000000000 2.5000000000 0.0000000000
0.1370000000 1.0000000000 0.0000000000 1.0000000000 2.5000000000 1.0000000000 0.0000000000 2.5000000000 0.0000000000
0.1380000000 1.0000000000 0.0000000000 1.0000000000 2.5000000000 1.0000000000 0.0000000000 2.5000000000 0.0000000000
0.1390000000 1.0000000000 0.0000000000 1.0000000000 2.5000000000 1.0000000000 0.0000000000 2.5000000000 0.0000000000
0.1400000000 1.0000000000 0.0000000000 1.0000000000 2.5000000000 1.0000000000 0.0000000000 2.5000000000 0.0000000000
0.1410000000 1.0000000000 0.0000000000 1.0000000000 2.5000000000 1.0000000000 0.0000000000 2.5000000000 0.0000000000
0.1420000000 1.0000000000 0.0000000000 1.0000000000 2.5000000000 1.0000000000 0.0000000000 2.5000000000 0.0000000000
0.1430000000 1.0000000000 0.0000000000 1.0000000000 2.5000000000 1.0000000000 0.0000000000 2.5000000000 0.0000000000
0.1440000000 1.0000000000 0.0000000000 1.0000000000 2.5000000000 1.0000000000 0.0000000000 2.5000000000 0.0000000000
0.1450000000 1.0000000000 0.0000000000 1.0000000000 2.5000000000 1.0000000000 0.0000000000 2.5000000000 0.0000000000
0.1460000000 1.0000000000 0.0000000000 1.0000000000 2.5000000000 1.0000000000 0.0000000000 2.5000000000 0.0000000000
0.1470000000 1.0000000000 0.0000000000 1.0000000000 2.5000000000 1.0000000000 0.0000000000 2.5000000000 0.0000000000
0.1480000000 1.0000000000 0.0000000000 1.0000000000 2.5000000000 1.0000000000 0.0000000000 2.5000000000 0.0000000000
0.1490000000 1.0000000000 0.0000000000 1.0000000000 2.5000000000 1.0000000000 0.0000000000 2.5000000000 0.0000000000
0.1500000000 1.0000000000 0.0000000000 1.0000000000 2.5000000000 1.0000000000 0.0000000000 2.5000000000 0.0000000000
0.1510000000 1.0000000000 0.0000000000 1.0000000000 2.5000000000 1.0000000000 0.0000000000 2.5000000000 0.0000000000
0.1520000000 1.0000000000 0.0000000000 1.0000000000 2.5000000000 1.0000000000 0.0000000000 2.5000000000 0.0000000000
0.1530000000 1.0000000000 0.0000000000 1.0000000000 2.5000000000 1.0000000000 0.0000000000 2.5000000000 0.0000000000
0.1540000000 1.0000000000 0.0000000000 1.0000000000 2.5000000000 1.0000000000 0.0000000000 2.5000000000 0.0000000000
0.1550000000 1.0000000000 0.0000000000 1.0000000000 2.5000000000 1.0000000000 0.0000000000 2.5000000000 0.0000000000
0.1560000000 1.0000000000 0.0000000000 1.0000000000 2.5000000000 1.0000000000 0.0000000000 2.5000000000 0.0000000000
0.1570000000 1.0000000000 0.0000000000 1.0000000000 2.5000000000 1.0000000000 0.0000000000 2.5000000000 0.0000000000
0.1580000000 1.0000000000 0.0000000000 1.0000000000 2.5000000000 1.0000000000 0.0000000000 2.5000000000 0.0000000000
0.1590000000 1.0000000000 0.0000000000 1.0000000000 2.5000000000 1.0000000000 0.0000000000 2.5000000000 0.0000000000
0.1600000000 1.0000000000 0.0000000000 1.0000000000 2.5000000000 1.0000000000 0.0000000000 2.5000000000 0.0000000000
0.1610000000 1.0000000000 0.0000000000 1.0000000000 2.5000000000 1.0000000000 0.0000000000 2.5000000000 0.0000000000
0.1620000000 1.0000000000 0.0000000000 1.0000000000 2.5000000000 1.0000000000 0.0000000000 2.5000000000 0.0000000000
0.1630000000 1.0000000000 0.0000000000 1.0000000000 2.5000000000 1.0000000000 0.0000000000 2.5000000000 0.0000000000
0.1640000000 1.0000000000 0.0000000000 1.0000000000 2.5000000000 1.0000000000 0.0000000000 2.5000000000 0.0000000000
0.1650000000 1.0000000000 0.0000000000 1.0000000000 2.5000000000 1.0000000000 0.0000000000 2.5000000000 0.0000000000
0.1660000000 1.0000000000 0.0000000000 1.0000000000 2.5000000000 1.0000000000 0.0000000000 2.5000000000 0.0000000000
0.1670000000 1.0000000000 0.0000000000 1.0000000000 2.5000000000 1.0000000000 0.0000000000 2.5000000000 0.0000000000
0.1680000000 1.0000000000 0.0000000000 1.0000000000 2.5000000000 1.0000000000 0.0000000000 2.5000000000 0.0000000000
0.1690000000 1.0000000000 0.0000000000 1.0000000000 2.5000000000 1.0000000000 0.0000000000 2.5000000000 0.0000000000
0.1700000000 1.0000000000 0.0000000000 1.0000000000 2.5000000000 1.0000000000 0.0000000000 2.5000000000 0.0000000000
0.1710000000 1.0000000000 0.0000000000 1.0000000000 2.5000000000 1.0000000000 0.0000000000 2.5000000000 0.0000000000
0.1720000000 1.0000000000 0.0000000000 1.0000000000 2.5000000000 1.0000000000 0.0000000000 2.5000000000 0.0000000000
0.1730000000 1.0000000000 0.0000000000 1.0000000000 2.5000000000 1.0000000000 0.0000000000 2.5000000000 0.0000000000
0.1740000000 1.0000000000 0.0000000000 1.0000000000 2.5000000000 1.0000000000 0.0000000000 2.5000000000 0.0000000000
0.1750000000 1.0000000000 0.0000000000 1.0000000000 2.5000000000 1.0000000000 0.0000000000 2.5000000000 0.0000000000
0.1760000000 1.0000000000 0.0000000000 1.0000000000 2.5000000000 1.0000000000 0.0000000000 2.5000000000 0.0000000000
0.1770000000 1.0000000000 0.0000000000 1.0000000000 2.5000000000 1.0000000000 0.0000000000 2.5000000000 0.0000000000
0.1780000000 1.0000000000 0.0000000000 1.0000000000 2.5000000000 1.0000000000 0.0000000000 2.5000000000 0.0000000001
0.1790000000 1.0000000000 0.0000000000 1.0000000000 2.5000000000 1.0000000000 0.0000000000 2.5000000000 0.0000000000
0.1800000000 1.0000000000 0.0000000000 1.0000000000 2.5000000000 1.0000000000 0.0000000000 2.5000000000 0.0000000000
0.1810000000 1.0000000000 0.0000000000 1.0000000000 2.5000000000 1.0000000000 0.0000000000 2.5000000000 0.0000000000
0.1820000000 1.0000000000 0.0000000000 1.0000000000 2.5000000000 1.0000000000 0.0000000000 2.5000000000 0.0000000000
0.1830000000 1.0000000000 0.0000000000 1.0000000000 2.5000000000 1.0000000000 0.0000000000 2.5000000000 0.0000000000
0.1840000000 1.0000000000 0.0000000000 1.0000000000 2.5000000000 1.0000000000 0.0000000000 2.5000000000 0.0000000000
0.1850000000 1.0000000000 0.0000000000 1.0000000000 2.5000000000 1.0000000000 0.0000000000 2.5000000000 0.0000000000
0.1860000000 1.0000000000 0.0000000000 1.0000000000 2.5000000000 1.0000000000 0.0000000000 2.5000000000 0.0000000000
0.1870000000 1.0000000000 0.0000000000 1.0000000000 2.5000000000 1.0000000000 0.0000000000 2.5000000000 0.0000000000
0.1880000000 1.0000000000 0.0000000000 1.0000000000 2.5000000000 1.0000000000 0.0000000000 2.5000000000 0.0000000000
0.1890000000 1.0000000000 0.0000000000 1.0000000000 2.5000000000 1.0000000000 0.0000000000 2.5000000000 0.0000000000
0.1900000000 1.0000000000 0.0000000000 1.0000000000 2.5000000000 1.0000000000 0.0000000000 2.5000000000 0.0000000000
0.1910000000 1.0000000000 0.0000000000 1.0000000000 2.5000000000 1.0000000000 0.0000000000 2.5000000000 0.0000000000
0.1920000000 1.0000000000 0.0000000000 1.0000000000 2.5000000000 1.0000000000 0.0000000000 2.5000000000 0.0000000000
0.1930000000 1.0000000000 0.0000000000 1.0000000000 2.5000000000 1.0000000000 0.0000000000 2.5000000000 0.0000000000
0.1940000000 1.0000000000 0.0000000000 1.0000000000 2.5000000000 1.0000000000 0.0000000000 2.5000000000 0.0000000000
0.1950000000 1.0000000000 0.0000000000 1.0000000000 2.5000000000 1.0000000000 0.0000000000 2.5000000000 0.0000000001
0.1960000000 1.0000000000 0.0000000000 1.0000000000 2.5000000000 1.0000000000 0.0000000000 2.5000000000 0.0000000003
0.1970000000 1.0000000000 0.0000000000 1.0000000000 2.5000000000 1.0000000000 0.0000000000 2.5000000000 0.0000000008
0.1980000000 1.0000000000 0.0000000000 1.0000000000 2.5000000000 1.0000000000 0.0000000000 2.5000000000 0.0000000019
0.1990000000 1.0000000000 0.0000000000 1.0000000000 2.5000000000 1.0000000000 0.0000000000 2.5000000000 0.0000000040
0.2000000000 1.0000000000 0.0000000000 1.0000000000 2.5000000000 1.0000000000 0.0000000000 2.5000000000 0.0000000093
0.2010000000 1.0000000000 0.0000000000 1.0000000000 2.5000000000 1.0000000000 0.0000000000 2.5000000000 0.0000000203
0.2020000000 1.0000000000 0.0000000000 1.0000000000 2.5000000000 1.0000000000 0.0000000000 2.5000000000 0.0000000443
0.2030000000 1.0000000000 0.0000000000 1.0000000000 2.5000000000 1.0000000000 0.0000000000 2.5000000000 0.0000000967
0.2040000000 1.0000000000 0.0000000000 1.0000000000 2.5000000000 1.0000000000 0.0000000000 2.5000000000 0.0000002074
0.2050000000 1.0000000000 0.0000000000 1.0000000000 2.5000000000 1.0000000000 0.0000000000 2.5000000000 0.0000004430
0.2060000000 1.0000000000 0.0000000000 1.0000000000 2.5000000000 1.0000000000 0.0000000000 2.5000000000 0.0000009382
0.2070000000 1.0000000000 0.0000000000 1.0000000000 2.5000000000 1.0000000000 0.0000000000 2.4999999999 0.0000019689
0.2080000000 1.0000000000 0.0000000001 0.9999999999 2.5000000000 1.0000000000 0.0000000001 2.4999999998 0.0000040987
0.2090000000 0.9999999999 0.0000000001 0.9999999999 2.4999999999 0.9999999999 0.0000000001 2.4999999997 0.0000084585
0.2100000000 0.9999999998 0.0000000002 0.9999999997 2.4999999998 0.9999999998 0.0000000002 2.4999999993 0.0000173009
0.2110000000 0.9999999996 0.0000000005 0.9999999994 2.4999999996 0.9999999996 0.0000000005 2.4999999985 0.0000350650
0.2120000000 0.9999999991 0.0000000011 0.9999999988 2.4999999991 0.9999999991 0.0000000011 2.4999999969 0.0000703676
0.2130000000 0.9999999982 0.0000000021 0.9999999975 2.4999999982 0.9999999982 0.0000000021 2.4999999937 0.0001396671
0.2140000000 0.9999999963 0.0000000043 0.9999999949 2.4999999963 0.9999999963 0.0000000043 2.4999999872 0.0002736084
0.2150000000 0.9999999927 0.0000000087 0.9999999897 2.4999999927 0.9999999927 0.0000000087 2.4999999743 0.0005270832
0.2160000000 0.9999999855 0.0000000172 0.9999999796 2.4999999855 0.9999999855 0.0000000172 2.4999999491 0.0009921716
0.2170000000 0.9999999716 0.0000000336 0.9999999602 2.4999999716 0.9999999716 0.0000000336 2.4999999005 0.0018065540
0.2180000000 0.9999999453 0.0000000647 0.9999999235 2.4999999453 0.9999999453 0.0000000647 2.4999998086 0.0031362128
0.2190000000 0.9999998970 0.0000001219 0.9999998558 2.4999998970 0.9999998970 0.0000001219 2.4999996394 0.0051027822
0.2200000000 0.9999998108 0.0000002238 0.9999997352 2.4999998108 0.9999998108 0.0000002238 2.4999993379 0.0076641934
0.2210000000 0.9999996634 0.0000003983 0.9999995288 2.4999996634 0.9999996634 0.0000003983 2.4999988219 0.0105527783
0.2220000000 0.9999994214 0.0000006846 0.9999991900 2.4999994214 0.9999994214 0.0000006846 2.4999979750 0.0133823139
0.2230000000 0.9999990402 0.0000011356 0.9999986563 2.4999990402 0.9999990402 0.0000011356 2.4999966407 0.0158445182
0.2240000000 0.9999984606 0.0000018214 0.9999978449 2.4999984606 0.9999984606 0.0000018214 2.4999946122 0.0178051369
0.2250000000 0.9999976051 0.0000028337 0.9999966471 2.4999976051 0.9999976051 0.0000028337 2.4999916177 0.0192667361
0.2260000000 0.9999963715 0.0000042933 0.9999949201 2.4999963715 0.9999963715 0.0000042933 2.4999873004 0.0202955873
0.2270000000 0.9999946259 0.0000063587 0.9999924763 2.4999946259 0.9999946259 0.0000063587 2.4999811907 0.0209734188
0.2280000000 0.9999921923 0.0000092383 0.9999890692 2.4999921923 0.9999921923 0.0000092382 2.4999726730 0.0213761978
0.2290000000 0.9999888406 0.0000132040 0.9999843769 2.4999888407 0.9999888406 0.0000132038 2.4999609425 0.0215673776
0.2300000000 0.9999842722 0.0000186095 0.9999779812 2.4999842723 0.9999842722 0.0000186092 2.4999449531 0.0215972111
0.2310000000 0.9999781008 0.0000259117 0.9999693412 2.4999781010 0.9999781008 0.0000259112 2.4999233534 0.0215042745
0.2320000000 0.9999698307 0.0000356972 0.9999577632 2.4999698311 0.9999698307 0.0000356961 2.4998944087 0.0213175874
0.2330000000 0.9999588302 0.0000487135 0.9999423629 2.4999588311 0.9999588302 0.0000487114 2.4998559083 0.0210586789
0.2340000000 0.9999443004 0.0000659059 0.9999220216 2.4999443021 0.9999443004 0.0000659022 2.4998050563 0.0207433615
0.2350000000 0.9999252386 0.0000884612 0.9998953359 2.4999252415 0.9999252386 0.0000884546 2.4997383437 0.0203831613
0.2360000000 0.9999003968 0.0001178564 0.9998605587 2.4999004018 0.9999003968 0.0001178446 2.4996514037 0.0199864287
0.2370000000 0.9998682349 0.0001559140 0.9998155345 2.4998682436 0.9998682349 0.0001558934 2.4995388483 0.0195591836
0.2380000000 0.9998268701 0.0002048630 0.9997576277 2.4998268850 0.9998268701 0.0002048275 2.4993940902 0.0191057499
0.2390000000 0.9997740217 0.0002674032 0.9996836466 2.4997740469 0.9997740217 0.0002673427 2.4992091524 0.0186292309
0.2400000000 0.9997069555 0.0003467723 0.9995897648 2.4997069975 0.9997069555 0.0003466706 2.4989744721 0.0181318651
0.2410000000 0.9996224273 0.0004468123 0.9994714430 2.4996224964 0.9996224273 0.0004466436 2.4986787072 0.0176152939
0.2420000000 0.9995166316 0.0005720316 0.9993233572 2.4995167439 0.9995166316 0.0005717551 2.4983085565 0.0170807676
0.2430000000 0.9993851568 0.0007276587 0.9991393369 2.4993853368 0.9993851568 0.0007272113 2.4978486067 0.0165293035
0.2440000000 0.9992229530 0.0009196813 0.9989123207 2.4992232382 0.9992229530 0.0009189667 2.4972812242 0.0159618121
0.2450000000 0.9990243172 0.0011548659 0.9986343367 2.4990247632 0.9990243172 0.0011537391 2.4965865078 0.0153791980
0.2460000000 0.9987829014 0.0014407505 0.9982965148 2.4987835897 0.9987829014 0.0014389970 2.4957423236 0.0147824424
0.2470000000 0.9984917475 0.0017856059 0.9978891386 2.4984927962 0.9984917475 0.0017829127 2.4947244383 0.0141726704
0.2480000000 0.9981433565 0.0021983580 0.9974017427 2.4981449332 0.9981433565 0.0021942765 2.4935067686 0.0135512049
0.2490000000 0.9977297908 0.0026884706 0.9968232601 2.4977321304 0.9977297908 0.0026823672 2.4920617561 0.0129196084
0.2500000000 0.9972428157 0.0032657835 0.9961422220 2.4972462413 0.9972428157 0.0032567792 2.4903608731 0.0122797122
0.2510000000 0.9966740735 0.0039403118 0.9953470058 2.4966790228 0.9966740735 0.0039272066 2.4883752518 0.0116336328
0.2520000000 0.9960152905 0.0047220068 0.9944261274 2.4960223465 0.9960152905 0.0047031909 2.4860764226 0.0109837738
0.2530000000 0.9952585064 0.0056204910 0.9933685651 2.4952684323 0.9952585064 0.0055938415 2.4834371329 0.0103328145
0.2540000000 0.9943963153 0.0066447773 0.9921641016 2.4944100945 0.9943963153 0.0066075421 2.4804322068 0.0096836823
0.2550000000 0.9934221082 0.0078029869 0.9908036632 2.4934409861 0.9934221082 0.0077516597 2.4770394011 0.0090395116
0.2560000000 0.9923302989 0.0091020839 0.9892796387 2.4923558273 0.9923302989 0.0090322736 2.4732402031 0.0084035877
0.2570000000 0.9911165212 0.0105476429 0.9875861545 2.4911506019 0.9911165212 0.0104539432 2.4690205184 0.0077792789
0.2580000000 0.9897777827 0.0121436642 0.9857192882 2.4898227099 0.9897777827 0.0120195290 2.4643712011 0.0071699585
0.2590000000 0.9883125652 0.0138924502 0.9836772065 2.4883710630 0.9883125652 0.0137300831 2.4592883884 0.0065789195
0.2600000000 0.9867208641 0.0157945512 0.9814602149 2.4867961185 0.9867208641 0.0155848132 2.4537736149 0.0060092865
0.2610000000 0.9850041652 0.0178487831 0.9790707202 2.4850998481 0.9850041652 0.0175811257 2.4478337014 0.0054639284
0.2620000000 0.9831653611 0.0200523148 0.9765131061 2.4832856456 0.9831653611 0.0197147413 2.4414804284 0.0049453764
0.2630000000 0.9812086141 0.0224008177 0.9737935350 2.4813581802 0.9812086141 0.0219798753 2.4347300211 0.0044557522
0.2640000000 0.9791391776 0.0248886652 0.9709196901 2.4793232080 0.9791391776 0.0243694672 2.4276024869 0.0039967104
0.2650000000 0.9769631874 0.0275091676 0.9679004773 2.4771873548 0.9769631874 0.0268754441 2.4201208538 0.0035693984
0.2660000000 0.9746874388 0.0302548261 0.9647457078 2.4749578848 0.9746874388 0.0294889990 2.4123103618 0.0031744361
0.2670000000 0.9723191624 0.0331175899 0.9614657793 2.4726424706 0.9723191624 0.0322008672 2.4041976558 0.0028119176
0.2680000000 0.9698658113 0.0360891021 0.9580713755 2.4702489754 0.9698658113 0.0350015863 2.3958100268 0.0024814339
0.2690000000 0.9673348694 0.0391609239 0.9545731956 2.4677852585 0.9673348694 0.0378817272 2.3871747308 0.0021821154
0.2700000000 0.9647336869 0.0423247273 0.9509817240 2.4652590096 0.9647336869 0.0408320902 2.3783184136 0.0019126908
0.2710000000 0.9620693483 0.0455724526 0.9473070456 2.4626776170 0.9620693483 0.0438438597 2.3692666500 0.0016715584
0.2720000000 0.9593485717 0.0488964295 0.9435587066 2.4600480686 0.9593485717 0.0469087198 2.3600436008 0.0014568651
0.2730000000 0.9565776401 0.0522894620 0.9397456201 2.4573768852 0.9565776401 0.0500189302 2.3506717817 0.0012665870
0.2740000000 0.9537623602 0.0557448813 0.9358760107 2.4546700822 0.9537623602 0.0531673696 2.3411719310 0.0010986075
0.2750000000 0.9509080444 0.0592565707 0.9319573921 2.4519331551 0.9509080444 0.0563475498 2.3315629615 0.0009507882
0.2760000000 0.9480195130 0.0628189681 0.9279965722 2.4491710841 0.9480195130 0.0595536075 2.3218619785 0.0008210302
0.2770000000 0.9451011097 0.0664270510 0.9239996774 2.4463883537 0.9451011097 0.0627802796 2.3120843478 0.0007073222
0.2780000000 0.9421567276 0.0700763096 0.9199721913 2.4435889806 0.9421567276 0.0660228665 2.3022437976 0.0006077771
0.2790000000 0.9391898418 0.0737627118 0.9159190019 2.4407765495 0.9391898418 0.0692771896 2.2923525414 0.0005206561
0.2800000000 0.9362035451 0.0774826635 0.9118444535 2.4379542507 0.9362035451 0.0725395442 2.2824214123 0.0004443812
0.2810000000 0.9332005846 0.0812329673 0.9077523993 2.4351249188 0.9332005846 0.0758066526 2.2724599978 0.0003775396
0.2820000000 0.9301833982 0.0850107824 0.9036462532 2.4322910703 0.9301833982 0.0790756185 2.2624767732 0.0003188802
0.2830000000 0.9271541483 0.0888135851 0.8995290391 2.4294549396 0.9271541483 0.0823438838 2.2524792254 0.0002673054
0.2840000000 0.9241147542 0.0926391325 0.8954034355 2.4266185115 0.9241147542 0.0856091892 2.2424739692 0.0002218595
0.2850000000 0.9210669203 0.0964854301 0.8912718173 2.4237835511 0.9210669203 0.0888695380 2.2324668510 0.0001817148
0.2860000000 0.9180121629 0.1003507012 0.8871362923 2.4209516307 0.9180121629 0.0921231643 2.2224630429 0.0001461577
0.2870000000 0.9149518325 0.1042333609 0.8829987341 2.4181241533 0.9149518325 0.0953685045 2.2124671252 0.0001145741
0.2880000000 0.9118871343 0.1081319921 0.8788608108 2.4153023734 0.9118871343 0.0986041724 2.2024831598 0.0000864356
0.2890000000 0.9088191466 0.1120453255 0.8747240103 2.4124874154 0.9088191466 0.1018289371 2.1925147540 0.0000612860
0.2900000000 0.9057488357 0.1159722208 0.8705896628 2.4096802898 0.9057488357 0.1050417039 2.1825651168 0.0000387279
0.2910000000 0.9026770706 0.1199116505 0.8664589603 2.4068819070 0.9026770706 0.1082414974 2.1726371091 0.0000184073
0.2920000000 0.8996046354 0.1238626857 0.8623329747 2.4040930906 0.8996046354 0.1114274462 2.1627332882 0.0000000316
0.2930000000 0.8965322396 0.1278244819 0.8582126732 2.4013145897 0.8965322396 0.1145987690 2.1528559470 0.0000165716
0.2940000000 0.8934605242 0.1317962743 0.8540989258 2.3985470833 0.8934605242 0.1177547684 2.1430071345 0.0000315593
0.2950000000 0.8903900676 0.1357773723 0.8499925136 2.3957911844 0.8903900676 0.1208948237 2.1331886747 0.0000451290
0.2960000000 0.8873213927 0.1397671491 0.8458941392 2.3930474495 0.8873213927 0.1240183814 2.1234021958 0.0000574558
0.2970000000 0.8842549739 0.1437650348 0.8418044367 2.3903163855 0.8842549739 0.1271249471 2.1136491530 0.0000686871
0.2980000000 0.8811912422 0.1477705096 0.8377239793 2.3875984551 0.8811912422 0.1302140789 2.1039308485 0.0000789478
0.2990000000 0.8781305903 0.1517830979 0.8336532856 2.3848940821 0.8781305903 0.1332853814 2.0942484482 0.0000883450
0.3000000000 0.8750733766 0.1558023644 0.8295928263 2.3822036548 0.8750733766 0.1363385011 2.0846029961 0.0000969715
0.3010000000 0.8720199287 0.1598279088 0.8255430281 2.3795275304 0.8720199287 0.1393731217 2.0749954275 0.0001049080
0.3020000000 0.8689705465 0.1638593635 0.8215042790 2.3768660375 0.8689705465 0.1423889606 2.0654265797 0.0001122248
0.3030000000 0.8659255050 0.1678963892 0.8174769317 2.3742194795 0.8659255050 0.1453857656 2.0558972018 0.0001189840
0.3040000000 0.8628850567 0.1719386729 0.8134613073 2.3715881365 0.8628850567 0.1483633115 2.0464079637 0.0001252399
0.3050000000 0.8598494338 0.1759859251 0.8094576981 2.3689722680 0.8598494338 0.1513213980 2.0369594633 0.0001310408
0.3060000000 0.8568188499 0.1800378776 0.8054663703 2.3663721143 0.8568188499 0.1542598472 2.0275522335 0.0001364293
0.3070000000 0.8537935020 0.1840942816 0.8014875666 2.3637878987 0.8537935020 0.1571785014 2.0181867481 0.0001414433
0.3080000000 0.8507735717 0.1881549061 0.7975215081 2.3612198288 0.8507735717 0.1600772215 2.0088634274 0.0001461164
0.3090000000 0.8477592268 0.1922195359 0.7935683962 2.3586680978 0.8477592268 0.1629558851 1.9995826428 0.0001504789
0.3100000000 0.8447506221 0.1962879708 0.7896284147 2.3561328860 0.8447506221 0.1658143855 1.9903447213 0.0001545576
0.3110000000 0.8417479012 0.2003600239 0.7857017306 2.3536143616 0.8417479012 0.1686526296 1.9811499490 0.0001583769
0.3120000000 0.8387511965 0.2044355207 0.7817884963 2.3511126819 0.8387511965 0.1714705376 1.9719985751 0.0001619585
0.3130000000 0.8357606312 0.2085142978 0.7778888503 2.3486279942 0.8357606312 0.1742680411 1.9628908147 0.0001653222
0.3140000000 0.8327763190 0.2125962024 0.7740029183 2.3461604362 0.8327763190 0.1770450828 1.9538268518 0.0001684855
0.3150000000 0.8297983656 0.2166810911 0.7701308146 2.3437101376 0.8297983656 0.1798016152 1.9448068416 0.0001714645
0.3160000000 0.8268268690 0.2207688294 0.7662726428 2.3412772199 0.8268268690 0.1825376000 1.9358309132 0.0001742734
0.3170000000 0.8238619202 0.2248592908 0.7624284966 2.3388617973 0.8238619202 0.1852530071 1.9268991715 0.0001769253
0.3180000000 0.8209036037 0.2289523566 0.7585984606 2.3364639776 0.8209036037 0.1879478146 1.9180116991 0.0001794322
0.3190000000 0.8179519979 0.2330479146 0.7547826110 2.3340838619 0.8179519979 0.1906220074 1.9091685581 0.0001818049
0.3200000000 0.8150071756 0.2371458595 0.7509810161 2.3317215460 0.8150071756 0.1932755771 1.9003697916 0.0001840534
0.3210000000 0.8120692046 0.2412460915 0.7471937370 2.3293771201 0.8120692046 0.1959085216 1.8916154252 0.0001861866
0.3220000000 0.8091381478 0.2453485167 0.7434208284 2.3270506694 0.8091381478 0.1985208444 1.8829054684 0.0001882129
0.3230000000 0.8062140635 0.2494530462 0.7396623385 2.3247422747 0.8062140635 0.2011125540 1.8742399159 0.0001901398
0.3240000000 0.8032970062 0.2535595958 0.7359183098 2.3224520122 0.8032970062 0.2036836642 1.8656187483 0.0001919741
0.3250000000 0.8003870261 0.2576680858 0.7321887795 2.3201799542 0.8003870261 0.2062341929 1.8570419337 0.0001937223
0.3260000000 0.7974841703 0.2617784408 0.7284737798 2.3179261695 0.7974841703 0.2087641626 1.8485094280 0.0001953900
0.3270000000 0.7945884820 0.2658905890 0.7247733382 2.3156907230 0.7945884820 0.2112735995 1.8400211764 0.0001969827
0.3280000000 0.7917000018 0.2700044625 0.7210874779 2.3134736765 0.7917000018 0.2137625335 1.8315771138 0.0001985053
0.3290000000 0.7888187669 0.2741199966 0.7174162181 2.3112750888 0.7888187669 0.2162309977 1.8231771655 0.0001999625
0.3300000000 0.7859448120 0.2782371297 0.7137595742 2.3090950158 0.7859448120 0.2186790286 1.8148212481 0.0002013585
0.3310000000 0.7830781693 0.2823558033 0.7101175580 2.3069335106 0.7830781693 0.2211066655 1.8065092701 0.0002026972
0.3320000000 0.7802188683 0.2864759616 0.7064901781 2.3047906238 0.7802188683 0.2235139505 1.7982411323 0.0002039823
0.3330000000 0.7773669367 0.2905975513 0.7028774401 2.3026664039 0.7773669367 0.2259009283 1.7900167285 0.0002052171
0.3340000000 0.7745223996 0.2947205218 0.6992793465 2.3005608967 0.7745223996 0.2282676458 1.7818359461 0.0002064045
0.3350000000 0.7716852804 0.2988448245 0.6956958973 2.2984741463 0.7716852804 0.2306141522 1.7736986661 0.0002075476
0.3360000000 0.7688556007 0.3029704131 0.6921270898 2.2964061946 0.7688556007 0.2329404989 1.7656047642 0.0002086490
0.3370000000 0.7660333801 0.3070972431 0.6885729192 2.2943570818 0.7660333801 0.2352467392 1.7575541104 0.0002097112
0.3380000000 0.7632186367 0.3112252722 0.6850333781 2.2923268461 0.7632186367 0.2375329280 1.7495465703 0.0002107368
0.3390000000 0.7604113870 0.3153544597 0.6815084573 2.2903155243 0.7604113870 0.2397991221 1.7415820045 0.0002117278
0.3400000000 0.7576116461 0.3194847665 0.6779981456 2.2883231516 0.7576116461 0.2420453799 1.7336602698 0.0002126863
0.3410000000 0.7548194278 0.3236161553 0.6745024299 2.2863497616 0.7548194278 0.2442717611 1.7257812188 0.0002136142
0.3420000000 0.7520347444 0.3277485899 0.6710212954 2.2843953865 0.7520347444 0.2464783271 1.7179447005 0.0002145132
0.3430000000 0.7492576071 0.3318820360 0.6675547257 2.2824600572 0.7492576071 0.2486651401 1.7101505607 0.0002153850
0.3440000000 0.7464880259 0.3360164601 0.6641027029 2.2805438036 0.7464880259 0.2508322640 1.7023986420 0.0002162312
0.3450000000 0.7437260099 0.3401518303 0.6606652076 2.2786466539 0.7437260099 0.2529797635 1.6946887838 0.0002170534
0.3460000000 0.7409715669 0.3442881156 0.6572422192 2.2767686357 0.7409715669 0.2551077045 1.6870208234 0.0002178529
0.3470000000 0.7382247038 0.3484252864 0.6538337156 2.2749097753 0.7382247038 0.2572161539 1.6793945951 0.0002186312
0.3480000000 0.7354854269 0.3525633138 0.6504396738 2.2730700978 0.7354854269 0.2593051794 1.6718099312 0.0002193894
0.3490000000 0.7327537412 0.3567021700 0.6470600695 2.2712496276 0.7327537412 0.2613748496 1.6642666619 0.0002201286
0.3500000000 0.7300296512 0.3608418282 0.6436948775 2.2694483882 0.7300296512 0.2634252340 1.6567646153 0.0002208500
0.3510000000 0.7273131605 0.3649822623 0.6403440715 2.2676664020 0.7273131605 0.2654564027 1.6493036179 0.0002215546
0.3520000000 0.7246042720 0.3691234471 0.6370076242 2.2659036908 0.7246042720 0.2674684267 1.6418834944 0.0002222434
0.3530000000 0.7219029880 0.3732653581 0.6336855078 2.2641602754 0.7219029880 0.2694613773 1.6345040682 0.0002229175
0.3540000000 0.7192093100 0.3774079716 0.6303776932 2.2624361761 0.7192093100 0.2714353268 1.6271651611 0.0002235777
0.3550000000 0.7165232390 0.3815512643 0.6270841510 2.2607314122 0.7165232390 0.2733903478 1.6198665940 0.0002242249
0.3560000000 0.7138447754 0.3856952140 0.6238048509 2.2590460026 0.7138447754 0.2753265134 1.6126081864 0.0002248599
0.3570000000 0.7111739192 0.3898397985 0.6205397618 2.2573799652 0.7111739192 0.2772438974 1.6053897570 0.0002254835
0.3580000000 0.7085106697 0.3939849966 0.6172888522 2.2557333177 0.7085106697 0.2791425738 1.5982111235 0.0002260964
0.3590000000 0.7058550257 0.3981307874 0.6140520900 2.2541060768 0.7058550257 0.2810226172 1.5910721028 0.0002266994
0.3600000000 0.7032069859 0.4022771505 0.6108294424 2.2524982588 0.7032069859 0.2828841025 1.5839725112 0.0002272930
0.3610000000 0.7005665481 0.4064240659 0.6076208762 2.2509098795 0.7005665481 0.2847271049 1.5769121643 0.0002278782
0.3620000000 0.6979337100 0.4105715140 0.6044263578 2.2493409541 0.6979337100 0.2865517000 1.5698908772 0.0002284554
0.3630000000 0.6953084690 0.4147194757 0.6012458532 2.2477914973 0.6953084690 0.2883579637 1.5629084647 0.0002290254
0.3640000000 0.6926908219 0.4188679320 0.5980793277 2.2462615234 0.6926908219 0.2901459721 1.5559647409 0.0002295886
0.3650000000 0.6900807654 0.4230168643 0.5949267466 2.2447510460 0.6900807654 0.2919158015 1.5490595201 0.0002301457
0.3660000000 0.6874782958 0.4271662545 0.5917880747 2.2432600786 0.6874782958 0.2936675287 1.5421926159 0.0002306973
0.3670000000 0.6848834091 0.4313160844 0.5886632764 2.2417886340 0.6848834091 0.2954012303 1.5353638421 0.0002312437
0.3680000000 0.6822961011 0.4354663363 0.5855523161 2.2403367246 0.6822961011 0.2971169834 1.5285730123 0.0002317856
0.3690000000 0.6797163673 0.4396169924 0.5824551575 2.2389043625 0.6797163673 0.2988148651 1.5218199400 0.0002323237
0.3700000000 0.6771442030 0.4437680353 0.5793717646 2.2374915594 0.6771442030 0.3004949526 1.5151044388 0.0002328584
0.3710000000 0.6745796035 0.4479194477 0.5763021007 2.2360983265 0.6745796035 0.3021573235 1.5084263224 0.0002333900
0.3720000000 0.6720225635 0.4520712125 0.5732461292 2.2347246748 0.6720225635 0.3038020551 1.5017854048 0.0002339192
0.3730000000 0.6694730780 0.4562233123 0.5702038134 2.2333706148 0.6694730780 0.3054292251 1.4951814998 0.0002344465
0.3740000000 0.6669311415 0.4603757302 0.5671751162 2.2320361568 0.6669311415 0.3070389113 1.4886144219 0.0002349722
0.3750000000 0.6643967485 0.4645284492 0.5641600005 2.2307213107 0.6643967485 0.3086311912 1.4820839855 0.0002354969
0.3760000000 0.6618698933 0.4686814522 0.5611584292 2.2294260859 0.6618698933 0.3102061428 1.4755900057 0.0002360210
0.3770000000 0.6593505704 0.4728347223 0.5581703650 2.2281504918 0.6593505704 0.3117638438 1.4691322976 0.0002365451
0.3780000000 0.6568387738 0.4769882423 0.5551957705 2.2268945373 0.6568387738 0.3133043722 1.4627106772 0.0002370697
0.3790000000 0.6543344977 0.4811419952 0.5522346085 2.2256582309 0.6543344977 0.3148278057 1.4563249606 0.0002375952
0.3800000000 0.6518377362 0.4852959637 0.5492868415 2.2244415811 0.6518377362 0.3163342223 1.4499749644 0.0002381219
0.3810000000 0.6493484832 0.4894501305 0.5463524322 2.2232445958 0.6493484832 0.3178236999 1.4436605061 0.0002386504
0.3820000000 0.6468667329 0.4936044782 0.5434313431 2.2220672828 0.6468667329 0.3192963162 1.4373814035 0.0002391812
0.3830000000 0.6443924792 0.4977589892 0.5405235369 2.2209096495 0.6443924792 0.3207521491 1.4311374751 0.0002397148
0.3840000000 0.6419257161 0.5019136456 0.5376289764 2.2197717032 0.6419257161 0.3221912763 1.4249285400 0.0002402516
0.3850000000 0.6394664376 0.5060684295 0.5347476242 2.2186534506 0.6394664376 0.3236137757 1.4187544182 0.0002407922
0.3860000000 0.6370146377 0.5102233225 0.5318794433 2.2175548984 0.6370146377 0.3250197250 1.4126149303 0.0002413371
0.3870000000 0.6345703107 0.5143783063 0.5290243966 2.2164760529 0.6345703107 0.3264092016 1.4065098976 0.0002418868
0.3880000000 0.6321334506 0.5185333619 0.5261824471 2.2154169202 0.6321334506 0.3277822833 1.4004391424 0.0002424416
0.3890000000 0.6297040517 0.5226884703 0.5233535580 2.2143775060 0.6297040517 0.3291390475 1.3944024876 0.0002430022
0.3900000000 0.6272821084 0.5268436119 0.5205376927 2.2133578159 0.6272821084 0.3304795716 1.3883997573 0.0002435693
0.3910000000 0.6248676150 0.5309987669 0.5177348147 2.2123578550 0.6248676150 0.3318039330 1.3824307763 0.0002441432
0.3920000000 0.6224605661 0.5351539151 0.5149448876 2.2113776283 0.6224605661 0.3331122089 1.3764953703 0.0002447246
0.3930000000 0.6200609564 0.5393090356 0.5121678753 2.2104171404 0.6200609564 0.3344044764 1.3705933662 0.0002453141
0.3940000000 0.6176687808 0.5434641074 0.5094037420 2.2094763958 0.6176687808 0.3356808126 1.3647245916 0.0002459124
0.3950000000 0.6152840343 0.5476191087 0.5066524519 2.2085553984 0.6152840343 0.3369412945 1.3588888754 0.0002465200
0.3960000000 0.6129067120 0.5517740173 0.5039139696 2.2076541521 0.6129067120 0.3381859987 1.3530860477 0.0002471377
0.3970000000 0.6105368095 0.5559288103 0.5011882600 2.2067726603 0.6105368095 0.3394150021 1.3473159393 0.0002477660
0.3980000000 0.6081743223 0.5600834643 0.4984752882 2.2059109262 0.6081743223 0.3406283813 1.3415783825 0.0002484056
0.3990000000 0.6058192462 0.5642379552 0.4957750196 2.2050689527 0.6058192462 0.3418262127 1.3358732107 0.0002490575
0.4000000000 0.6034715774 0.5683922583 0.4930874200 2.2042467423 0.6034715774 0.3430085727 1.3302002585 0.0002497224
0.4010000000 0.6011313123 0.5725463479 0.4904124554 2.2034442972 0.6011313123 0.3441755374 1.3245593619 0.0002504011
0.4020000000 0.5987984475 0.5767001977 0.4877500923 2.2026616192 0.5987984475 0.3453271831 1.3189503580 0.0002510944
0.4030000000 0.5964729801 0.5808537806 0.4851002975 2.2018987100 0.5964729801 0.3464635855 1.3133730855 0.0002518032
0.4040000000 0.5941549074 0.5850070686 0.4824630383 2.2011555706 0.5941549074 0.3475848206 1.3078273842 0.0002525283
0.4050000000 0.5918442270 0.5891600325 0.4798382823 2.2004322019 0.5918442270 0.3486909641 1.3023130957 0.0002532711
0.4060000000 0.5895409371 0.5933126426 0.4772259977 2.1997286042 0.5895409371 0.3497820913 1.2968300628 0.0002540324
0.4070000000 0.5872450361 0.5974648677 0.4746261530 2.1990447776 0.5872450361 0.3508582778 1.2913781299 0.0002548134
0.4080000000 0.5849565230 0.6016166757 0.4720387174 2.1983807216 0.5849565230 0.3519195988 1.2859571431 0.0002556153
0.4090000000 0.5826753970 0.6057680334 0.4694636604 2.1977364355 0.5826753970 0.3529661294 1.2805669501 0.0002564393
0.4100000000 0.5804016581 0.6099189061 0.4669009523 2.1971119179 0.5804016581 0.3539979444 1.2752074003 0.0002572867
0.4110000000 0.5781353067 0.6140692579 0.4643505638 2.1965071671 0.5781353067 0.3550151188 1.2698783447 0.0002581590
0.4120000000 0.5758763436 0.6182190517 0.4618124662 2.1959221808 0.5758763436 0.3560177271 1.2645796364 0.0002590577
0.4130000000 0.5736247705 0.6223682487 0.4592866317 2.1953569564 0.5736247705 0.3570058438 1.2593111302 0.0002599845
0.4140000000 0.5713805893 0.6265168084 0.4567730330 2.1948114906 0.5713805893 0.3579795432 1.2540726830 0.0002609411
0.4150000000 0.5691438030 0.6306646891 0.4542716435 2.1942857794 0.5691438030 0.3589388996 1.2488641535 0.0002619293
0.4160000000 0.5669144151 0.6348118468 0.4517824374 2.1937798186 0.5669144151 0.3598839869 1.2436854028 0.0002629513
0.4170000000 0.5646924298 0.6389582361 0.4493053899 2.1932936032 0.5646924298 0.3608148789 1.2385362941 0.0002640092
0.4180000000 0.5624778522 0.6431038092 0.4468404768 2.1928271273 0.5624778522 0.3617316493 1.2334166928 0.0002651051
0.4190000000 0.5602706882 0.6472485165 0.4443876749 2.1923803847 0.5602706882 0.3626343718 1.2283264669 0.0002662416
0.4200000000 0.5580709446 0.6513923059 0.4419469621 2.1919533683 0.5580709446 0.3635231195 1.2232654867 0.0002674213
0.4210000000 0.5558786292 0.6555351232 0.4395183171 2.1915460704 0.5558786292 0.3643979656 1.2182336253 0.0002686474
0.4220000000 0.5536937508 0.6596769113 0.4371017198 2.1911584823 0.5536937508 0.3652589833 1.2132307586 0.0002699230
0.4230000000 0.5515163193 0.6638176107 0.4346971514 2.1907905946 0.5515163193 0.3661062453 1.2082567651 0.0002712517
0.4240000000 0.5493463459 0.6679571587 0.4323045942 2.1904423970 0.5493463459 0.3669398243 1.2033115267 0.0002726371
0.4250000000 0.5471838429 0.6720954897 0.4299240317 2.1901138782 0.5471838429 0.3677597928 1.1983949282 0.0002740832
0.4260000000 0.5450288240 0.6762325346 0.4275554490 2.1898050260 0.5450288240 0.3685662231 1.1935068581 0.0002755946
0.4270000000 0.5428813044 0.6803682209 0.4251988326 2.1895158270 0.5428813044 0.3693591872 1.1886472082 0.0002771764
0.4280000000 0.5407413009 0.6845024721 0.4228541708 2.1892462668 0.5407413009 0.3701387572 1.1838158742 0.0002788338
0.4290000000 0.5386088318 0.6886352078 0.4205214534 2.1889963298 0.5386088318 0.3709050048 1.1790127560 0.0002805730
0.4300000000 0.5364839174 0.6927663429 0.4182006721 2.1887659991 0.5364839174 0.3716580015 1.1742377575 0.0002824004
0.4310000000 0.5343665800 0.6968957876 0.4158918207 2.1885552563 0.5343665800 0.3723978186 1.1694907874 0.0002843231
0.4320000000 0.5322568437 0.7010234470 0.4135948952 2.1883640818 0.5322568437 0.3731245273 1.1647717591 0.0002863490
0.4330000000 0.5301547354 0.7051492207 0.4113098937 2.1881924542 0.5301547354 0.3738381985 1.1600805915 0.0002884869
0.4340000000 0.5280602839 0.7092730021 0.4090368171 2.1880403506 0.5280602839 0.3745389028 1.1554172087 0.0002907465
0.4350000000 0.5259735212 0.7133946780 0.4067756688 2.1879077462 0.5259735212 0.3752267108 1.1507815413 0.0002931386
0.4360000000 0.5238944819 0.7175141284 0.4045264553 2.1877946143 0.5238944819 0.3759016926 1.1461735259 0.0002956751
0.4370000000 0.5218232039 0.7216312253 0.4022891863 2.1877009262 0.5218232039 0.3765639181 1.1415931065 0.0002983693
0.4380000000 0.5197597287 0.7257458325 0.4000638749 2.1876266507 0.5197597287 0.3772134570 1.1370402345 0.0003012360
0.4390000000 0.5177041014 0.7298578043 0.3978505382 2.1875717544 0.5177041014 0.3778503788 1.1325148694 0.0003042918
0.4400000000 0.5156563714 0.7339669853 0.3956491973 2.1875362012 0.5156563714 0.3784747524 1.1280169799 0.0003075549
0.4410000000 0.5136165926 0.7380732090 0.3934598780 2.1875199521 0.5136165926 0.3790866467 1.1235465440 0.0003110461
0.4420000000 0.5115848238 0.7421762968 0.3912826111 2.1875229648 0.5115848238 0.3796861300 1.1191035506 0.0003147885
0.4430000000 0.5095611296 0.7462760569 0.3891174326 2.1875451940 0.5095611296 0.3802732706 1.1146880001 0.0003188079
0.4440000000 0.5075455803 0.7503722831 0.3869643851 2.1875865902 0.5075455803 0.3808481359 1.1102999053 0.0003231338
0.4450000000 0.5055382531 0.7544647531 0.3848235173 2.1876471000 0.5055382531 0.3814107932 1.1059392932 0.0003277990
0.4460000000 0.5035392324 0.7585532267 0.3826948856 2.1877266657 0.5035392324 0.3819613095 1.1016062060 0.0003328407
0.4470000000 0.5015486110 0.7626374444 0.3805785545 2.1878252244 0.5015486110 0.3824997509 1.0973007024 0.0003383010
0.4480000000 0.4995664906 0.7667171249 0.3784745972 2.1879427078 0.4995664906 0.3830261833 1.0930228601 0.0003442275
0.4490000000 0.4975929828 0.7707919629 0.3763830973 2.1880790416 0.4975929828 0.3835406720 1.0887727769 0.0003506744
0.4500000000 0.4956282107 0.7748616264 0.3743041492 2.1882341449 0.4956282107 0.3840432814 1.0845505738 0.0003577032
0.4510000000 0.4936723095 0.7789257535 0.3722378597 2.1884079291 0.4936723095 0.3845340757 1.0803563966 0.0003653838
0.4520000000 0.4917254286 0.7829839492 0.3701843494 2.1886002977 0.4917254286 0.3850131180 1.0761904194 0.0003737965
0.4530000000 0.4897877326 0.7870357811 0.3681437544 2.1888111447 0.4897877326 0.3854804707 1.0720528477 0.0003830329
0.4540000000 0.4878594037 0.7910807757 0.3661162277 2.1890403538 0.4878594037 0.3859361955 1.0679439218 0.0003931978
0.4550000000 0.4859406436 0.7951184124 0.3641019419 2.1892877974 0.4859406436 0.3863803530 1.0638639213 0.0004044121
0.4560000000 0.4840316757 0.7991481184 0.3621010912 2.1895533346 0.4840316757 0.3868130029 1.0598131696 0.0004168150
0.4570000000 0.4821327483 0.8031692618 0.3601138939 2.1898368100 0.4821327483 0.3872342035 1.0557920395 0.0004305674
0.4580000000 0.4802441373 0.8071811441 0.3581405962 2.1901380518 0.4802441373 0.3876440122 1.0518009592 0.0004458559
0.4590000000 0.4783661502 0.8111829917 0.3561814751 2.1904568693 0.4783661502 0.3880424848 1.0478404197 0.0004628974
0.4600000000 0.4764991300 0.8151739455 0.3542368428 2.1907930508 0.4764991300 0.3884296758 1.0439109827 0.0004819446
0.4610000000 0.4746434602 0.8191530496 0.3523070514 2.1911463604 0.4746434602 0.3888056379 1.0400132904 0.0005032930
0.4620000000 0.4727995702 0.8231192382 0.3503924981 2.1915165349 0.4727995702 0.3891704221 1.0361480759 0.0005272891
0.4630000000 0.4709679417 0.8270713199 0.3484936319 2.1919032797 0.4709679417 0.3895240772 1.0323161761 0.0005543401
0.4640000000 0.4691491161 0.8310079600 0.3466109605 2.1923062644 0.4691491161 0.3898666499 1.0285185461 0.0005849268
0.4650000000 0.4673437030 0.8349276601 0.3447450590 2.1927251174 0.4673437030 0.3901981844 1.0247562761 0.0006196182
0.4660000000 0.4655523906 0.8388287336 0.3428965794 2.1931594201 0.4655523906 0.3905187222 1.0210306110 0.0006590898
0.4670000000 0.4637759565 0.8427092783 0.3410662619 2.1936086996 0.4637759565 0.3908283016 1.0173429729 0.0007041442
0.4680000000 0.4620152817 0.8465671441 0.3392549486 2.1940724201 0.4620152817 0.3911269576 1.0136949873 0.0007557373
0.4690000000 0.4602713660 0.8503998953 0.3374635980 2.1945499735 0.4602713660 0.3914147214 1.0100885140 0.0008150087
0.4700000000 0.4585453453 0.8542047677 0.3356933025 2.1950406680 0.4585453453 0.3916916201 1.0065256810 0.0008833179
0.4710000000 0.4568385128 0.8579786189 0.3339453092 2.1955437154 0.4568385128 0.3919576763 1.0030089258 0.0009622851
0.4720000000 0.4551523419 0.8617178719 0.3322210415 2.1960582153 0.4551523419 0.3922129075 0.9995410397 0.0010538358
0.4730000000 0.4534885121 0.8654184520 0.3305221254 2.1965831388 0.4534885121 0.3924573261 0.9961252193 0.0011602487
0.4740000000 0.4518489378 0.8690757163 0.3288504170 2.1971173087 0.4518489378 0.3926909393 0.9927651222 0.0012842024
0.4750000000 0.4502357991 0.8726843787 0.3272080324 2.1976593784 0.4502357991 0.3929137486 0.9894649264 0.0014288157
0.4760000000 0.4486515732 0.8762384320 0.3255973783 2.1982078088 0.4486515732 0.3931257510 0.9862293916 0.0015976719
0.4770000000 0.4470990646 0.8797310715 0.3240211809 2.1987608453 0.4470990646 0.3933269391 0.9830639171 0.0017948170
0.4780000000 0.4455814314 0.8831546290 0.3224825111 2.1993164946 0.4455814314 0.3935173038 0.9799745918 0.0020247169
0.4790000000 0.4441022027 0.8865005254 0.3209847998 2.1998725056 0.4441022027 0.3936968360 0.9769682254 0.0022921622
0.4800000000 0.4426652811 0.8897592573 0.3195318400 2.2004263561 0.4426652811 0.3938655317 0.9740523514 0.0026021098
0.4810000000 0.4412749243 0.8929204339 0.3181277664 2.2009752509 0.4412749243 0.3940233969 0.9712351873 0.0029594606
0.4820000000 0.4399356978 0.8959728818 0.3167770071 2.2015161344 0.4399356978 0.3941704550 0.9685255369 0.0033687856
0.4830000000 0.4386523913 0.8989048352 0.3154841993 2.2020457248 0.4386523913 0.3943067555 0.9659326228 0.0038340250
0.4840000000 0.4374298949 0.9017042240 0.3142540664 2.2025605716 0.4374298949 0.3944323839 0.9634658393 0.0043581971
0.4850000000 0.4362730346 0.9043590611 0.3130912536 2.2030571417 0.4362730346 0.3945474719 0.9611344246 0.0049431553
0.4860000000 0.4351863702 0.9068579209 0.3120001291 2.2035319309 0.4351863702 0.3946522069 0.9589470627 0.0055894277
0.4870000000 0.4341739687 0.9091904828 0.3109845609 2.2039815976 0.4341739687 0.3947468403 0.9569114373 0.0062961620
0.4880000000 0.4332391682 0.9113480992 0.3100476854 2.2044031094 0.4332391682 0.3948316925 0.9550337696 0.0070611880
0.4890000000 0.4323843553 0.9133243389 0.3091916906 2.2047938904 0.4323843553 0.3949071554 0.9533183848 0.0078811948
0.4900000000 0.4316107774 0.9151154483 0.3084176346 2.2051519543 0.4316107774 0.3949736900 0.9517673492 0.0087520121
0.4910000000 0.4309184134 0.9167206788 0.3077253214 2.2054760096 0.4309184134 0.3950318205 0.9503802229 0.0096689772
0.4920000000 0.4303059171 0.9181424402 0.3071132493 2.2057655231 0.4303059171 0.3950821248 0.9491539563 0.0106273703
0.4930000000 0.4297706419 0.9193862581 0.3065786391 2.2060207354 0.4297706419 0.3951252223 0.9480829475 0.0116229027
0.4940000000 0.4293087471 0.9204605376 0.3061175418 2.2062426261 0.4293087471 0.3951617602 0.9471592577 0.0126522506
0.4950000000 0.4289153733 0.9213761568 0.3057250142 2.2064328327 0.4289153733 0.3951923983 0.9463729621 0.0137136419
0.4960000000 0.4285848703 0.9221459318 0.3053953451 2.2065935340 0.4285848703 0.3952177945 0.9457126035 0.0148075116
0.4970000000 0.4283110544 0.9227840082 0.3051223101 2.2067273103 0.4283110544 0.3952385916 0.9451657011 0.0159372688
0.4980000000 0.4280874725 0.9233052349 0.3048994317 2.2068369946 0.4280874725 0.3952554043 0.9447192712 0.0171102517
0.4990000000 0.4279076497 0.9237245713 0.3047202241 2.2069255299 0.4279076497 0.3952688103 0.9443603165 0.0183390124
0.5000000000 0.4277653060 0.9240565708 0.3045784059 2.2069958411 0.4277653060 0.3952793417 0.9440762512 0.0196431929
0.5010000000 0.4276545290 0.9243149643 0.3044680695 2.2070507304 0.4276545290 0.3952874807 0.9438552406 0.0210524700
0.5020000000 0.4275698995 0.9245123584 0.3043838045 2.2070927995 0.4275698995 0.3952936562 0.9436864465 0.0226114470
0.5030000000 0.4275065690 0.9246600449 0.3043207731 2.2071243973 0.4275065690 0.3952982433 0.9435601785 0.0243881473
0.5040000000 0.4274602957 0.9247679119 0.3042747445 2.2071475931 0.4274602957 0.3953015650 0.9434679627 0.0264893690
0.5050000000 0.4274274435 0.9248444401 0.3042420934 2.2071641688 0.4274274435 0.3953038947 0.9434025381 0.0290897855
0.5060000000 0.4274049549 0.9248967649 0.3042197717 2.2071756286 0.4274049549 0.3953054600 0.9433577999 0.0324907133
0.5070000000 0.4273903022 0.9249307865 0.3042052603 2.2071832187 0.4273903022 0.3953064483 0.9433287028 0.0372499352
0.5080000000 0.4273814267 0.9249513117 0.3041965073 2.2071879560 0.4273814267 0.3953070112 0.9433111376 0.0445069754
0.5090000000 0.4273766692 0.9249622153 0.3041918594 2.2071906612 0.4273766692 0.3953072707 0.9433017930 0.0569635104
0.5100000000 0.4273746959 0.9249666113 0.3041899878 2.2071919948 0.4273746959 0.3953073243 0.9432980077 0.0828874150
0.5110000000 0.4273744226 0.9249670331 0.3041898118 2.2071924932 0.4273744226 0.3953072517 0.9432976174 0.0915958434
0.5120000000 0.4273755249 0.9249642386 0.3041910079 2.2071923157 0.4273755249 0.3953070770 0.9432999745 0.0580946576
0.5130000000 0.4273784899 0.9249570900 0.3041940616 2.2071912216 0.4273784899 0.3953067644 0.9433060512 0.0382170076
0.5140000000 0.4273836643 0.9249447773 0.3041993185 2.2071890398 0.4273836643 0.3953062882 0.9433165396 0.0256075209
0.5150000000 0.4273910325 0.9249273370 0.3042067631 2.2071857786 0.4273910325 0.3953056495 0.9433314087 0.0156679638
0.5160000000 0.4274001323 0.9249058488 0.3042159350 2.2071816666 0.4274001323 0.3953048821 0.9433497364 0.0051140028
0.5170000000 0.4274098747 0.9248828560 0.3042257491 2.2071772442 0.4274098747 0.3953040656 0.9433693494 0.0084423282
0.5180000000 0.4274185804 0.9248622806 0.3042345320 2.2071733421 0.4274185804 0.3953033230 0.9433868966 0.0093552655
0.5190000000 0.4274262576 0.9248441034 0.3042422920 2.2071699563 0.4274262576 0.3953026539 0.9434023942 0.0100624559
0.5200000000 0.4274329563 0.9248282071 0.3042490789 2.2071670621 0.4274329563 0.3953020546 0.9434159424 0.0105491800
0.5210000000 0.4274387547 0.9248144092 0.3042549705 2.2071646207 0.4274387547 0.3953015194 0.9434276968 0.0108717057
0.5220000000 0.4274437427 0.9248024993 0.3042600567 2.2071625878 0.4274437427 0.3953010416 0.9434378373 0.0110845712
0.5230000000 0.4274480118 0.9247922639 0.3042644284 2.2071609182 0.4274480118 0.3953006146 0.9434465462 0.0112205090
0.5240000000 0.4274516489 0.9247834996 0.3042681726 2.2071595690 0.4274516489 0.3953002318 0.9434539973 0.0112946073
0.5250000000 0.4274547345 0.9247760185 0.3042713692 2.2071585007 0.4274547345 0.3952998875 0.9434603509 0.0113111520
0.5260000000 0.4274573414 0.9247696502 0.3042740910 2.2071576774 0.4274573414 0.3952995761 0.9434657528 0.0112686322
0.5270000000 0.4274595349 0.9247642420 0.3042764031 2.2071570669 0.4274595349 0.3952992928 0.9434703333 0.0111626767
0.5280000000 0.4274613733 0.9247596579 0.3042783637 2.2071566406 0.4274613733 0.3952990334 0.9434742087 0.0109876465
0.5290000000 0.4274629079 0.9247557778 0.3042800239 2.2071563735 0.4274629079 0.3952987939 0.9434774815 0.0107375812
0.5300000000 0.4274641837 0.9247524963 0.3042814287 2.2071562433 0.4274641837 0.3952985710 0.9434802419 0.0104069513
0.5310000000 0.4274652403 0.9247497211 0.3042826175 2.2071562308 0.4274652403 0.3952983617 0.9434825686 0.0099914553
0.5320000000 0.4274661119 0.9247473719 0.3042836245 2.2071563192 0.4274661119 0.3952981636 0.9434845302 0.0094889783
0.5330000000 0.4274668283 0.9247453793 0.3042844794 2.2071564942 0.4274668283 0.3952979743 0.9434861861 0.0089008079
0.5340000000 0.4274674151 0.9247436831 0.3042852078 2.2071567431 0.4274674151 0.3952977918 0.9434875876 0.0082332231
0.5350000000 0.4274678943 0.9247422317 0.3042858319 2.2071570554 0.4274678943 0.3952976146 0.9434887788 0.0074995998
0.5360000000 0.4274682849 0.9247409808 0.3042863704 2.2071574219 0.4274682849 0.3952974410 0.9434897976 0.0067230427
0.5370000000 0.4274686029 0.9247398928 0.3042868394 2.2071578351 0.4274686029 0.3952972700 0.9434906761 0.0059389921
0.5380000000 0.4274688617 0.9247389361 0.3042872524 2.2071582886 0.4274688617 0.3952971003 0.9434914411 0.0051959106
0.5390000000 0.4274690722 0.9247380850 0.3042876204 2.2071587772 0.4274690722 0.3952969312 0.9434921147 0.0045490750
0.5400000000 0.4274692430 0.9247373195 0.3042879520 2.2071592971 0.4274692430 0.3952967620 0.9434927140 0.0040410720
0.5410000000 0.4274693805 0.9247366245 0.3042882534 2.2071598454 0.4274693805 0.3952965920 0.9434932517 0.0036712231
0.5420000000 0.4274694890 0.9247359894 0.3042885294 2.2071604203 0.4274694890 0.3952964208 0.9434937369 0.0033816619
0.5430000000 0.4274695720 0.9247354058 0.3042887834 2.2071610203 0.4274695720 0.3952962482 0.9434941767 0.0030900673
0.5440000000 0.4274696327 0.9247348664 0.3042890186 2.2071616444 0.4274696327 0.3952960737 0.9434945775 0.0027433122
0.5450000000 0.4274696743 0.9247343633 0.3042892384 2.2071622911 0.4274696743 0.3952958971 0.9434949458 0.0023439965
0.5460000000 0.4274697001 0.9247338885 0.3042894461 2.2071629592 0.4274697001 0.3952957180 0.9434952884 0.0019441337
0.5470000000 0.4274697132 0.9247334348 0.3042896448 2.2071636477 0.4274697132 0.3952955362 0.9434956115 0.0016179903
0.5480000000 0.4274697159 0.9247329964 0.3042898371 2.2071643556 0.4274697159 0.3952953512 0.9434959200 0.0013914654
0.5490000000 0.4274697097 0.9247325693 0.3042900246 2.2071650828 0.4274697097 0.3952951629 0.9434962172 0.0012471142
0.5500000000 0.4274696955 0.9247321514 0.3042902081 2.2071658293 0.4274696955 0.3952949712 0.9434965049 0.0011599541
0.5510000000 0.4274696736 0.9247317415 0.3042903884 2.2071665953 0.4274696736 0.3952947757 0.9434967842 0.0011075962
0.5520000000 0.4274696445 0.9247313385 0.3042905657 2.2071673812 0.4274696445 0.3952945765 0.9434970557 0.0010849009
0.5530000000 0.4274696080 0.9247309421 0.3042907403 2.2071681874 0.4274696080 0.3952943733 0.9434973198 0.0011010774
0.5540000000 0.4274695639 0.9247305525 0.3042909120 2.2071690146 0.4274695639 0.3952941660 0.9434975762 0.0011724849
0.5550000000 0.4274695118 0.9247301707 0.3042910804 2.2071698634 0.4274695118 0.3952939546 0.9434978240 0.0013111592
0.5560000000 0.4274694504 0.9247297991 0.3042912445 2.2071707351 0.4274694504 0.3952937390 0.9434980611 0.0015150291
0.5570000000 0.4274693782 0.9247294411 0.3042914028 2.2071716309 0.4274693782 0.3952935192 0.9434982846 0.0017659133
0.5580000000 0.4274692930 0.9247291012 0.3042915535 2.2071725525 0.4274692930 0.3952932951 0.9434984906 0.0020330613
0.5590000000 0.4274691926 0.9247287843 0.3042916944 2.2071735016 0.4274691926 0.3952930668 0.9434986746 0.0022803266
0.5600000000 0.4274690746 0.9247284956 0.3042918234 2.2071744800 0.4274690746 0.3952928342 0.9434988324 0.0024758897
0.5610000000 0.4274689369 0.9247282394 0.3042919385 2.2071754893 0.4274689369 0.3952925974 0.9434989600 0.0025994806
0.5620000000 0.4274687779 0.9247280193 0.3042920382 2.2071765311 0.4274687779 0.3952923563 0.9434990544 0.0026432339
0.5630000000 0.4274685965 0.9247278372 0.3042921218 2.2071776066 0.4274685965 0.3952921108 0.9434991138 0.0026079234
0.5640000000 0.4274683923 0.9247276940 0.3042921889 2.2071787166 0.4274683923 0.3952918607 0.9434991375 0.0024983623
0.5650000000 0.4274681655 0.9247275884 0.3042922399 2.2071798619 0.4274681655 0.3952916057 0.9434991264 0.0023205673
0.5660000000 0.4274679170 0.9247275177 0.3042922761 2.2071810426 0.4274679170 0.3952913458 0.9434990827 0.0020818466
0.5670000000 0.4274676485 0.9247274775 0.3042922993 2.2071822589 0.4274676485 0.3952910803 0.9434990101 0.0017934429
0.5680000000 0.4274673625 0.9247274619 0.3042923121 2.2071835103 0.4274673625 0.3952908091 0.9434989136 0.0014737640
0.5690000000 0.4274670616 0.9247274635 0.3042923176 2.2071847963 0.4274670616 0.3952905316 0.9434987994 0.0011492211
0.5700000000 0.4274667491 0.9247274747 0.3042923191 2.2071861165 0.4274667491 0.3952902474 0.9434986738 0.0008499497
0.5710000000 0.4274664278 0.9247274879 0.3042923197 2.2071874702 0.4274664278 0.3952899559 0.9434985433 0.0006003736
0.5720000000 0.4274661002 0.9247274967 0.3042923224 2.2071888572 0.4274661002 0.3952896568 0.9434984133 0.0004104273
0.5730000000 0.4274657684 0.9247274958 0.3042923292 2.2071902776 0.4274657684 0.3952893496 0.9434982881 0.0002763697
0.5740000000 0.4274654337 0.9247274812 0.3042923419 2.2071917319 0.4274654337 0.3952890338 0.9434981709 0.0001903416
0.5750000000 0.4274650970 0.9247274501 0.3042923617 2.2071932207 0.4274650970 0.3952887091 0.9434980642 0.0001462133
0.5760000000 0.4274647587 0.9247274007 0.3042923893 2.2071947451 0.4274647587 0.3952883752 0.9434979692 0.0001387047
0.5770000000 0.4274644190 0.9247273319 0.3042924253 2.2071963062 0.4274644190 0.3952880317 0.9434978867 0.0001660742
0.5780000000 0.4274640776 0.9247272438 0.3042924696 2.2071979055 0.4274640776 0.3952876783 0.9434978167 0.0002367679
0.5790000000 0.4274637336 0.9247271370 0.3042925220 2.2071995447 0.4274637336 0.3952873146 0.9434977582 0.0003684314
0.5800000000 0.4274633857 0.9247270141 0.3042925812 2.2072012261 0.4274633857 0.3952869403 0.9434977091 0.0005759724
0.5810000000 0.4274630317 0.9247268793 0.3042926456 2.2072029522 0.4274630317 0.3952865553 0.9434976654 0.0008585813
0.5820000000 0.4274626683 0.9247267390 0.3042927125 2.2072047263 0.4274626683 0.3952861593 0.9434976217 0.0011955032
0.5830000000 0.4274622917 0.9247266010 0.3042927784 2.2072065518 0.4274622917 0.3952857521 0.9434975709 0.0015498592
0.5840000000 0.4274618978 0.9247264741 0.3042928396 2.2072084326 0.4274618978 0.3952853336 0.9434975054 0.0018760395
0.5850000000 0.4274614824 0.9247263667 0.3042928926 2.2072103725 0.4274614824 0.3952849035 0.9434974178 0.0021302858
0.5860000000 0.4274610420 0.9247262859 0.3042929343 2.2072123751 0.4274610420 0.3952844617 0.9434973018 0.0022819221
0.5870000000 0.4274605741 0.9247262363 0.3042929627 2.2072144438 0.4274605741 0.3952840078 0.9434971533 0.0023198245
0.5880000000 0.4274600773 0.9247262195 0.3042929772 2.2072165812 0.4274600773 0.3952835413 0.9434969705 0.0022526144
0.5890000000 0.4274595518 0.9247262342 0.3042929784 2.2072187894 0.4274595518 0.3952830616 0.9434967545 0.0021045097
0.5900000000 0.4274589987 0.9247262762 0.3042929680 2.2072210702 0.4274589987 0.3952825681 0.9434965085 0.0019085076
0.5910000000 0.4274584198 0.9247263394 0.3042929485 2.2072234251 0.4274584198 0.3952820598 0.9434962374 0.0016979481
0.5920000000 0.4274578175 0.9247264169 0.3042929231 2.2072258555 0.4274578175 0.3952815360 0.9434959470 0.0014987443
0.5930000000 0.4274571942 0.9247265014 0.3042928948 2.2072283630 0.4274571942 0.3952809957 0.9434956430 0.0013261028
0.5940000000 0.4274565519 0.9247265862 0.3042928663 2.2072309493 0.4274565519 0.3952804380 0.9434953308 0.0011870834
0.5950000000 0.4274558924 0.9247266653 0.3042928404 2.2072336168 0.4274558924 0.3952798619 0.9434950153 0.0010845713
0.5960000000 0.4274552168 0.9247267338 0.3042928191 2.2072363680 0.4274552168 0.3952792665 0.9434947003 0.0010180636
0.5970000000 0.4274545261 0.9247267877 0.3042928041 2.2072392060 0.4274545261 0.3952786508 0.9434943888 0.0009835259
0.5980000000 0.4274538206 0.9247268239 0.3042927968 2.2072421339 0.4274538206 0.3952780138 0.9434940830 0.0009764341
0.5990000000 0.4274531000 0.9247268403 0.3042927979 2.2072451557 0.4274531000 0.3952773546 0.9434937844 0.0009955801
0.6000000000 0.4274523641 0.9247268355 0.3042928082 2.2072482756 0.4274523641 0.3952766720 0.9434934935 0.0010424401
0.6010000000 0.4274516118 0.9247268089 0.3042928279 2.2072514981 0.4274516118 0.3952759649 0.9434932105 0.0011171891
0.6020000000 0.4274508417 0.9247267610 0.3042928567 2.2072548287 0.4274508417 0.3952752323 0.9434929344 0.0012175275
0.6030000000 0.4274500520 0.9247266931 0.3042928942 2.2072582732 0.4274500520 0.3952744730 0.9434926635 0.0013423412
0.6040000000 0.4274492402 0.9247266076 0.3042929392 2.2072618376 0.4274492402 0.3952736858 0.9434923953 0.0014947871
0.6050000000 0.4274484034 0.9247265080 0.3042929904 2.2072655287 0.4274484034 0.3952728694 0.9434921260 0.0016792249
0.6060000000 0.4274475379 0.9247263993 0.3042930455 2.2072693540 0.4274475379 0.3952720226 0.9434918508 0.0018938643
0.6070000000 0.4274466394 0.9247262878 0.3042931019 2.2072733219 0.4274466394 0.3952711441 0.9434915636 0.0021263647
0.6080000000 0.4274457027 0.9247261809 0.3042931564 2.2072774416 0.4274457027 0.3952702323 0.9434912572 0.0023563620
0.6090000000 0.4274447227 0.9247260867 0.3042932056 2.2072817230 0.4274447227 0.3952692857 0.9434909239 0.0025619379
0.6100000000 0.4274436939 0.9247260128 0.3042932462 2.2072861757 0.4274436939 0.3952683028 0.9434905564 0.0027249389
0.6110000000 0.4274426115 0.9247259660 0.3042932754 2.2072908096 0.4274426115 0.3952672819 0.9434901480 0.0028331103
0.6120000000 0.4274414714 0.9247259508 0.3042932912 2.2072956347 0.4274414714 0.3952662211 0.9434896940 0.0028801172
0.6130000000 0.4274402706 0.9247259686 0.3042932929 2.2073006616 0.4274402706 0.3952651182 0.9434891920 0.0028655909
0.6140000000 0.4274390070 0.9247260175 0.3042932816 2.2073059015 0.4274390070 0.3952639706 0.9434886426 0.0027966000
0.6150000000 0.4274376800 0.9247260919 0.3042932594 2.2073113658 0.4274376800 0.3952627753 0.9434880492 0.0026897464
0.6160000000 0.4274362898 0.9247261843 0.3042932296 2.2073170656 0.4274362898 0.3952615293 0.9434874169 0.0025709377
0.6170000000 0.4274348372 0.9247262858 0.3042931960 2.2073230115 0.4274348372 0.3952602294 0.9434867520 0.0024703679
0.6180000000 0.4274333227 0.9247263882 0.3042931622 2.2073292144 0.4274333227 0.3952588727 0.9434860604 0.0024136305
0.6190000000 0.4274317459 0.9247264843 0.3042931312 2.2073356874 0.4274317459 0.3952574557 0.9434853466 0.0024127724
0.6200000000 0.4274301048 0.9247265686 0.3042931053 2.2073424471 0.4274301048 0.3952559741 0.9434846135 0.0024611113
0.6210000000 0.4274283962 0.9247266368 0.3042930863 2.2073495139 0.4274283962 0.3952544233 0.9434838626 0.0025352171
0.6220000000 0.4274266158 0.9247266861 0.3042930756 2.2073569103 0.4274266158 0.3952527980 0.9434830940 0.0026067568
0.6230000000 0.4274247590 0.9247267146 0.3042930738 2.2073646579 0.4274247590 0.3952510932 0.9434823070 0.0026611352
0.6240000000 0.4274228217 0.9247267212 0.3042930815 2.2073727762 0.4274228217 0.3952493044 0.9434815005 0.0027110546
0.6250000000 0.4274207993 0.9247267055 0.3042930989 2.2073812841 0.4274207993 0.3952474276 0.9434806729 0.0027918788
0.6260000000 0.4274186865 0.9247266679 0.3042931256 2.2073902040 0.4274186865 0.3952454578 0.9434798216 0.0029374047
0.6270000000 0.4274164750 0.9247266103 0.3042931611 2.2073995672 0.4274164750 0.3952433881 0.9434789419 0.0031512376
0.6280000000 0.4274141535 0.9247265355 0.3042932039 2.2074094160 0.4274141535 0.3952412094 0.9434780269 0.0033955728
0.6290000000 0.4274117084 0.9247264481 0.3042932523 2.2074198000 0.4274117084 0.3952389110 0.9434770679 0.0036085587
0.6300000000 0.4274091260 0.9247263537 0.3042933038 2.2074307678 0.4274091260 0.3952364826 0.9434760552 0.0037418577
0.6310000000 0.4274063942 0.9247262590 0.3042933555 2.2074423589 0.4274063942 0.3952339160 0.9434749791 0.0037958813
0.6320000000 0.4274035034 0.9247261713 0.3042934044 2.2074546023 0.4274035034 0.3952312053 0.9434738307 0.0038285864
0.6330000000 0.4274004443 0.9247260976 0.3042934474 2.2074675253 0.4274004443 0.3952283450 0.9434726011 0.0039263751
0.6340000000 0.4273972042 0.9247260442 0.3042934819 2.2074811713 0.4273972042 0.3952253259 0.9434712809 0.0041498850
0.6350000000 0.4273937631 0.9247260152 0.3042935061 2.2074956168 0.4273937631 0.3952221315 0.9434698587 0.0044875156
0.6360000000 0.4273900927 0.9247260129 0.3042935191 2.2075109764 0.4273900927 0.3952187364 0.9434683208 0.0048466826
0.6370000000 0.4273861595 0.9247260376 0.3042935206 2.2075273892 0.4273861595 0.3952151098 0.9434666528 0.0050905365
0.6380000000 0.4273819319 0.9247260876 0.3042935116 2.2075449893 0.4273819319 0.3952112218 0.9434648423 0.0051061638
0.6390000000 0.4273773887 0.9247261594 0.3042934933 2.2075638710 0.4273773887 0.3952070512 0.9434628825 0.0048773597
0.6400000000 0.4273725236 0.9247262478 0.3042934681 2.2075840682 0.4273725236 0.3952025902 0.9434607744 0.0045256723
0.6410000000 0.4273673415 0.9247263460 0.3042934388 2.2076055719 0.4273673415 0.3951978401 0.9434585243 0.0042826988
0.6420000000 0.4273618428 0.9247264469 0.3042934086 2.2076283914 0.4273618428 0.3951927984 0.9434561376 0.0043866047
0.6430000000 0.4273560031 0.9247265437 0.3042933802 2.2076526391 0.4273560031 0.3951874397 0.9434536081 0.0049537109
0.6440000000 0.4273497565 0.9247266305 0.3042933562 2.2076785988 0.4273497565 0.3951817004 0.9434509117 0.0059040193
0.6450000000 0.4273429912 0.9247267030 0.3042933386 2.2077067437 0.4273429912 0.3951754753 0.9434480036 0.0069776854
0.6460000000 0.4273355600 0.9247267575 0.3042933287 2.2077376925 0.4273355600 0.3951686268 0.9434448232 0.0078161192
0.6470000000 0.4273273073 0.9247267915 0.3042933277 2.2077720978 0.4273273073 0.3951610098 0.9434413057 0.0080660032
0.6480000000 0.4273181133 0.9247268033 0.3042933364 2.2078104617 0.4273181133 0.3951525130 0.9434374011 0.0074992138
0.6490000000 0.4273079482 0.9247267921 0.3042933551 2.2078529106 0.4273079482 0.3951431082 0.9434330972 0.0061646940
0.6500000000 0.4272969068 0.9247267575 0.3042933839 2.2078990498 0.4272969068 0.3951328832 0.9434284346 0.0045152313
0.6510000000 0.4272851753 0.9247267006 0.3042934224 2.2079481034 0.4272851753 0.3951220104 0.9434234925 0.0033224520
0.6520000000 0.4272729130 0.9247266232 0.3042934698 2.2079994046 0.4272729130 0.3951106380 0.9434183375 0.0033018217
0.6530000000 0.4272601112 0.9247265292 0.3042935244 2.2080529838 0.4272601112 0.3950987597 0.9434129634 0.0047300712
0.6540000000 0.4272465057 0.9247264244 0.3042935838 2.2081099337 0.4272465057 0.3950861336 0.9434072534 0.0073795283
0.6550000000 0.4272315462 0.9247263164 0.3042936448 2.2081725368 0.4272315462 0.3950722539 0.9434009672 0.0107334533
0.6560000000 0.4272143704 0.9247262139 0.3042937037 2.2082443743 0.4272143704 0.3950563272 0.9433937300 0.0142433195
0.6570000000 0.4271937368 0.9247261264 0.3042937562 2.2083306090 0.4271937368 0.3950372094 0.9433850048 0.0174868090
0.6580000000 0.4271678941 0.9247260633 0.3042937986 2.2084385311 0.4271678941 0.3950132851 0.9433740366 0.0202175716
0.6590000000 0.4271343770 0.9247260326 0.3042938274 2.2085784159 0.4271343770 0.3949822778 0.9433597658 0.0223452289
0.6600000000 0.4270897141 0.9247260388 0.3042938405 2.2087647489 0.4270897141 0.3949409796 0.9433407052 0.0238856592
0.6610000000 0.4270290284 0.9247260824 0.3042938380 2.2090179041 0.4270290284 0.3948848805 0.9433147692 0.0249103250
0.6620000000 0.4269455046 0.9247261588 0.3042938216 2.2093663876 0.4269455046 0.3948076765 0.9432790472 0.0255088897
0.6630000000 0.4268296925 0.9247262600 0.3042937949 2.2098497839 0.4268296925 0.3947006252 0.9432295038 0.0257676464
0.6640000000 0.4266686137 0.9247263768 0.3042937617 2.2105225598 0.4266686137 0.3945517213 0.9431605962 0.0257601723
0.6650000000 0.4264446413 0.9247265012 0.3042937256 2.2114588906 0.4264446413 0.3943446611 0.9430647933 0.0255451858
0.6660000000 0.4261341294 0.9247266260 0.3042936894 2.2127586711 0.4261341294 0.3940575757 0.9429319898 0.0251676056
0.6670000000 0.4257057840 0.9247267449 0.3042936561 2.2145548531 0.4257057840 0.3936615239 0.9427488100 0.0246605142
0.6680000000 0.4251187952 0.9247268518 0.3042936281 2.2170222059 0.4251187952 0.3931187652 0.9424978092 0.0240470747
0.6690000000 0.4243207974 0.9247269418 0.3042936075 2.2203875159 0.4243207974 0.3923808733 0.9421566013 0.0233421027
0.6700000000 0.4232457969 0.9247270122 0.3042935955 2.2249411066 0.4232457969 0.3913868212 0.9416969717 0.0225530889
0.6710000000 0.4218123166 0.9247270620 0.3042935925 2.2310493262 0.4218123166 0.3900612643 0.9410840848 0.0216803354
0.6720000000 0.4199221718 0.9247270898 0.3042935991 2.2391672191 0.4199221718 0.3883134078 0.9402759616 0.0207158256
0.6730000000 0.4174605532 0.9247270931 0.3042936163 2.2498497374 0.4174605532 0.3860370838 0.9392235159 0.0196404896
0.6740000000 0.4142985030 0.9247270704 0.3042936445 2.2637581467 0.4142985030 0.3831130409 0.9378716112 0.0184196659
0.6750000000 0.4102994884 0.9247270241 0.3042936827 2.2816549780 0.4102994884 0.3794150249 0.9361618702 0.0169973421
0.6760000000 0.4053325767 0.9247269586 0.3042937288 2.3043751268 0.4053325767 0.3748219609 0.9340383079 0.0152920287
0.6770000000 0.3992952608 0.9247268773 0.3042937812 2.3327526909 0.3992952608 0.3692390597 0.9314570942 0.0132024023
0.6780000000 0.3921477797 0.9247267810 0.3042938392 2.3674779668 0.3921477797 0.3626295540 0.9284012281 0.0106401516
0.6790000000 0.3839545458 0.9247266721 0.3042939017 2.4088743268 0.3839545458 0.3550530094 0.9248982481 0.0076078733
0.6800000000 0.3749143816 0.9247265590 0.3042939650 2.4566493105 0.3749143816 0.3466932860 0.9210331571 0.0043001242
0.6810000000 0.3653481176 0.9247264544 0.3042940238 2.5097792396 0.3653481176 0.3378470694 0.9169431208 0.0011331637
0.6820000000 0.3556253018 0.9247263689 0.3042940741 2.5667075195 0.3556253018 0.3288560940 0.9127861362 0.0014313653
0.6830000000 0.3460634913 0.9247263076 0.3042941143 2.6258128856 0.3460634913 0.3200140145 0.9086979747 0.0033919105
0.6840000000 0.3368930929 0.9247262741 0.3042941432 2.6856506289 0.3368930929 0.3115338945 0.9047771468 0.0049733211
0.6850000000 0.3282739394 0.9247262736 0.3042941593 2.7449391472 0.3282739394 0.3035635367 0.9010919874 0.0063152587
0.6860000000 0.3203103685 0.9247263127 0.3042941606 2.8025539960 0.3203103685 0.2961994260 0.8976871031 0.0074925439
0.6870000000 0.3130620974 0.9247263944 0.3042941466 2.8575417870 0.3130620974 0.2894967846 0.8945880253 0.0085492849
0.6880000000 0.3065531152 0.9247265128 0.3042941196 2.9091370147 0.3065531152 0.2834777932 0.8918050145 0.0095136568
0.6890000000 0.3007794064 0.9247266538 0.3042940851 2.9567727853 0.3007794064 0.2781387340 0.8893363631 0.0104047553
0.6900000000 0.2957157494 0.9247268007 0.3042940492 3.0000813271 0.2957157494 0.2734562789 0.8871712980 0.0112361334
0.6910000000 0.2913216468 0.9247269417 0.3042940161 3.0388833822 0.2913216468 0.2693929755 0.8852925114 0.0120177838
0.6920000000 0.2875463947 0.9247270733 0.3042939868 3.0731678191 0.2875463947 0.2659019360 0.8836783266 0.0127573194
0.6930000000 0.2843333070 0.9247271974 0.3042939607 3.1030642001 0.2843333070 0.2629307421 0.8823045059 0.0134607014
0.6940000000 0.2816231288 0.9247273146 0.3042939374 3.1288116060 0.2816231288 0.2604245996 0.8811457138 0.0141326924
0.6950000000 0.2793566944 0.9247274211 0.3042939181 3.1507269144 0.2793566944 0.2583287956 0.8801766558 0.0147771444
0.6960000000 0.2774769092 0.9247275101 0.3042939053 3.1691751482 0.2774769092 0.2565905313 0.8793729247 0.0153972035
0.6970000000 0.2759301406 0.9247275774 0.3042939001 3.1845437036 0.2759301406 0.2551602104 0.8787115918 0.0159954876
0.6980000000 0.2746671161 0.9247276249 0.3042939019 3.1972214281 0.2746671161 0.2539922699 0.8781715891 0.0165742564
0.6990000000 0.2736434178 0.9247276583 0.3042939088 3.2075828046 0.2736434178 0.2530456370 0.8777339217 0.0171355487
0.7000000000 0.2728196623 0.9247276817 0.3042939193 3.2159769607 0.2728196623 0.2522838938 0.8773817484 0.0176812309
0.7010000000 0.2721614404 0.9247276920 0.3042939344 3.2227208883 0.2721614404 0.2516752206 0.8771003589 0.0182129330
0.7020000000 0.2716390862 0.9247276812 0.3042939568 3.2280960977 0.2716390862 0.2511921823 0.8768770743 0.0187319370
0.7030000000 0.2712273311 0.9247276432 0.3042939887 3.2323479002 0.2712273311 0.2508114106 0.8767010941 0.0192391736
0.7040000000 0.2709048907 0.9247275804 0.3042940291 3.2356865702 0.2709048907 0.2505132241 0.8765633166 0.0197354615
0.7050000000 0.2706540236 0.9247275041 0.3042940743 3.2382897473 0.2706540236 0.2502812197 0.8764561495 0.0202219220
0.7060000000 0.2704600873 0.9247274261 0.3042941202 3.2403055626 0.2704600873 0.2501018604 0.8763733253 0.0207002047
0.7070000000 0.2703111109 0.9247273504 0.3042941654 3.2418560974 0.2703111109 0.2499640774 0.8763097231 0.0211720411
0.7080000000 0.2701973945 0.9247272714 0.3042942120 3.2430408916 0.2701973945 0.2498588993 0.8762611991 0.0216379880
0.7090000000 0.2701111430 0.9247271820 0.3042942623 3.2439403091 0.2701111430 0.2497791161 0.8762244248 0.0220961116
0.7100000000 0.2700461403 0.9247270857 0.3042943151 3.2446186386 0.2700461403 0.2497189803 0.8761967401 0.0225422866
0.7110000000 0.2699974657 0.9247270019 0.3042943638 3.2451268656 0.2699974657 0.2496739470 0.8761760297 0.0229734720
0.7120000000 0.2699612544 0.9247269568 0.3042943996 3.2455050916 0.2699612544 0.2496404492 0.8761606255 0.0233928880
0.7130000000 0.2699344958 0.9247269646 0.3042944178 3.2457846088 0.2699344958 0.2496157070 0.8761492319 0.0238121145
0.7140000000 0.2699148658 0.9247270151 0.3042944217 3.2459896518 0.2699148658 0.2495975682 0.8761408612 0.0242421072
0.7150000000 0.2699005826 0.9247270789 0.3042944212 3.2461388586 0.2699005826 0.2495843774 0.8761347692 0.0246708607
0.7160000000 0.2698902862 0.9247271323 0.3042944247 3.2462464698 0.2698902862 0.2495748704 0.8761303887 0.0250464519
0.7170000000 0.2698829396 0.9247271798 0.3042944304 3.2463232951 0.2698829396 0.2495680896 0.8761272737 0.0252943921
0.7180000000 0.2698777554 0.9247272540 0.3042944273 3.2463774819 0.2698777554 0.2495633157 0.8761250680 0.0253782707
0.7190000000 0.2698741427 0.9247273897 0.3042944037 3.2464151231 0.2698741427 0.2495600115 0.8761234982 0.0253995691
0.7200000000 0.2698716684 0.9247275886 0.3042943589 3.2464407371 0.2698716684 0.2495577772 0.8761223781 0.0256208466
0.7210000000 0.2698700239 0.9247278026 0.3042943094 3.2464576543 0.2698700239 0.2495563141 0.8761216046 0.0261274969
0.7220000000 0.2698689876 0.9247279677 0.3042942769 3.2464683294 0.2698689876 0.2495554004 0.8761211213 0.0263906185
0.7230000000 0.2698683907 0.9247280601 0.3042942693 3.2464745794 0.2698683907 0.2495548734 0.8761208701 0.0253179340
0.7240000000 0.2698680968 0.9247281118 0.3042942759 3.2464777583 0.2698680968 0.2495546156 0.8761207739 0.0221166450
0.7250000000 0.2698679985 0.9247281924 0.3042942730 3.2464788323 0.2698679985 0.2495545465 0.8761207448 0.0158981076
0.7260000000 0.2698680161 0.9247283480 0.3042942450 3.2464785338 0.2698680161 0.2495546047 0.8761207213 0.0079471883
0.7270000000 0.2698680929 0.9247285276 0.3042942093 3.2464775673 0.2698680929 0.2495547242 0.8761207096 0.0033796459
0.7280000000 0.2698681973 0.9247286348 0.3042941985 3.2464764755 0.2698681973 0.2495548497 0.8761207540 0.0010617194
0.7290000000 0.2698683107 0.9247286282 0.3042942267 3.2464755457 0.2698683107 0.2495549527 0.8761208713 0.0012978650
0.7300000000 0.2698684138 0.9247285709 0.3042942724 3.2464748390 0.2698684138 0.2495550326 0.8761210154 0.0024497317
0.7310000000 0.2698684979 0.9247285353 0.3042943111 3.2464742866 0.2698684979 0.2495551008 0.8761211392 0.0029703392
0.7320000000 0.2698685599 0.9247285824 0.3042943222 3.2464737846 0.2698685599 0.2495551709 0.8761212051 0.0000599556
0.7330000000 0.2698686222 0.9247286591 0.3042943235 3.2464732176 0.2698686222 0.2495552492 0.8761212543 0.0033668786
0.7340000000 0.2698687092 0.9247286795 0.3042943444 3.2464725212 0.2698687092 0.2495553351 0.8761213486 0.0044166511
0.7350000000 0.2698688300 0.9247285954 0.3042944010 3.2464717057 0.2698688300 0.2495554241 0.8761215208 0.0032030559
0.7360000000 0.2698689766 0.9247284222 0.3042944882 3.2464708217 0.2698689766 0.2495555130 0.8761217583 0.0007077700
0.7370000000 0.2698691177 0.9247282622 0.3042945712 3.2464699693 0.2698691177 0.2495556003 0.8761219864 0.0036253021
0.7380000000 0.2698692305 0.9247281672 0.3042946326 3.2464692724 0.2698692305 0.2495556789 0.8761221644 0.0050430128
0.7390000000 0.2698693059 0.9247281412 0.3042946710 3.2464688160 0.2698693059 0.2495557416 0.8761222861 0.0036814534
0.7400000000 0.2698693556 0.9247281155 0.3042947097 3.2464686314 0.2698693556 0.2495557806 0.8761223975 0.0010702223
0.7410000000 0.2698693978 0.9247280037 0.3042947779 3.2464687197 0.2698693978 0.2495557894 0.8761225582 0.0005472551
0.7420000000 0.2698694354 0.9247278319 0.3042948669 3.2464689914 0.2698694354 0.2495557779 0.8761227539 0.0015759219
0.7430000000 0.2698694614 0.9247276883 0.3042949467 3.2464693264 0.2698694614 0.2495557632 0.8761229287 0.0039982231
0.7440000000 0.2698694607 0.9247277012 0.3042949739 3.2464695983 0.2698694607 0.2495557660 0.8761229997 0.0029352451
0.7450000000 0.2698694408 0.9247278836 0.3042949441 3.2464696987 0.2698694408 0.2495557968 0.8761229621 0.0013217299
0.7460000000 0.2698694298 0.9247281379 0.3042948903 3.2464695513 0.2698694298 0.2495558553 0.8761228865 0.0040950698
0.7470000000 0.2698694460 0.9247283643 0.3042948466 3.2464691856 0.2698694460 0.2495559314 0.8761228405 0.0052929680
0.7480000000 0.2698694985 0.9247284794 0.3042948410 3.2464686924 0.2698694985 0.2495560110 0.8761228779 0.0024441304
0.7490000000 0.2698695686 0.9247285192 0.3042948616 3.2464681867 0.2698695686 0.2495560866 0.8761229691 0.0034754537
0.7500000000 0.2698696144 0.9247286184 0.3042948625 3.2464678090 0.2698696144 0.2495561557 0.8761230158 0.0064747459
0.7510000000 0.2698696176 0.9247288213 0.3042948289 3.2464676515 0.2698696176 0.2495562134 0.8761229837 0.0063717284
0.7520000000 0.2698695793 0.9247291125 0.3042947659 3.2464677380 0.2698695793 0.2495562565 0.8761228825 0.0022092509
0.7530000000 0.2698695258 0.9247293687 0.3042947154 3.2464680657 0.2698695258 0.2495562762 0.8761227973 0.0022577190
0.7540000000 0.2698694873 0.9247294884 0.3042947117 3.2464685441 0.2698694873 0.2495562730 0.8761228017 0.0028525956
0.7550000000 0.2698694671 0.9247295258 0.3042947367 3.2464690210 0.2698694671 0.2495562644 0.8761228647 0.0024648884
0.7560000000 0.2698694619 0.9247295517 0.3042947661 3.2464693721 0.2698694619 0.2495562665 0.8761229426 0.0002441827
0.7570000000 0.2698694577 0.9247296778 0.3042947623 3.2464694972 0.2698694577 0.2495562967 0.8761229626 0.0017887718
0.7580000000 0.2698694651 0.9247298877 0.3042947307 3.2464693208 0.2698694651 0.2495563602 0.8761229392 0.0049951477
0.7590000000 0.2698695064 0.9247300650 0.3042947108 3.2464688688 0.2698695064 0.2495564462 0.8761229513 0.0055011519
0.7600000000 0.2698695875 0.9247301334 0.3042947285 3.2464682489 0.2698695875 0.2495565397 0.8761230473 0.0043379262
0.7610000000 0.2698697019 0.9247300682 0.3042947921 3.2464675836 0.2698697019 0.2495566278 0.8761232390 0.0010704346
0.7620000000 0.2698698083 0.9247299876 0.3042948616 3.2464670413 0.2698698083 0.2495567045 0.8761234382 0.0051606102
0.7630000000 0.2698698767 0.9247299701 0.3042949104 3.2464667627 0.2698698767 0.2495567630 0.8761235850 0.0071327720
0.7640000000 0.2698698964 0.9247300449 0.3042949286 3.2464667944 0.2698698964 0.2495568014 0.8761236575 0.0052048542
0.7650000000 0.2698698822 0.9247301505 0.3042949370 3.2464671179 0.2698698822 0.2495568168 0.8761236988 0.0005845062
0.7660000000 0.2698698715 0.9247301500 0.3042949820 3.2464676468 0.2698698715 0.2495568067 0.8761238066 0.0036347035
0.7670000000 0.2698698834 0.9247300282 0.3042950688 3.2464682138 0.2698698834 0.2495567849 0.8761239983 0.0043757696
0.7680000000 0.2698699234 0.9247298279 0.3042951829 3.2464686678 0.2698699234 0.2495567678 0.8761242507 0.0016256320
0.7690000000 0.2698699737 0.9247296779 0.3042952806 3.2464689088 0.2698699737 0.2495567739 0.8761244792 0.0006465260
0.7700000000 0.2698700193 0.9247296922 0.3042953234 3.2464688418 0.2698700193 0.2495568199 0.8761246091 0.0018428002
0.7710000000 0.2698700785 0.9247297867 0.3042953397 3.2464684623 0.2698700785 0.2495569001 0.8761246987 0.0034349237
0.7720000000 0.2698701636 0.9247298533 0.3042953662 3.2464678802 0.2698701636 0.2495569968 0.8761248180 0.0047637928
0.7730000000 0.2698702859 0.9247297748 0.3042954426 3.2464672382 0.2698702859 0.2495570887 0.8761250418 0.0014701554
0.7740000000 0.2698704202 0.9247295898 0.3042955560 3.2464667156 0.2698704202 0.2495571629 0.8761253365 0.0062615522
0.7750000000 0.2698705059 0.9247295120 0.3042956339 3.2464664693 0.2698705059 0.2495572213 0.8761255485 0.0104401003
0.7760000000 0.2698705193 0.9247296317 0.3042956457 3.2464665498 0.2698705193 0.2495572659 0.8761256137 0.0101375136
0.7770000000 0.2698704644 0.9247299491 0.3042955914 3.2464669131 0.2698704644 0.2495573008 0.8761255335 0.0045033941
0.7780000000 0.2698703769 0.9247303229 0.3042955188 3.2464675004 0.2698703769 0.2495573208 0.8761254080 0.0030810358
0.7790000000 0.2698703115 0.9247305647 0.3042954920 3.2464681591 0.2698703115 0.2495573255 0.8761253733 0.0059274197
0.7800000000 0.2698702860 0.9247306731 0.3042955115 3.2464687060 0.2698702860 0.2495573312 0.8761254381 0.0053627978
0.7810000000 0.2698702946 0.9247307216 0.3042955523 3.2464690387 0.2698702946 0.2495573523 0.8761255558 0.0011418761
0.7820000000 0.2698703100 0.9247308787 0.3042955573 3.2464690700 0.2698703100 0.2495574089 0.8761256143 0.0007628914
0.7830000000 0.2698703209 0.9247312046 0.3042955063 3.2464687851 0.2698703209 0.2495575069 0.8761255727 0.0021586264
0.7840000000 0.2698703471 0.9247315551 0.3042954481 3.2464682953 0.2698703471 0.2495576258 0.8761255258 0.0038882965
0.7850000000 0.2698704011 0.9247318019 0.3042954262 3.2464677572 0.2698704011 0.2495577423 0.8761255558 0.0044307557
0.7860000000 0.2698704876 0.9247318577 0.3042954703 3.2464673138 0.2698704876 0.2495578373 0.8761257170 0.0019982829
0.7870000000 0.2698705596 0.9247318565 0.3042955350 3.2464671600 0.2698705596 0.2495579036 0.8761259093 0.0068173338
0.7880000000 0.2698705842 0.9247319144 0.3042955809 3.2464673822 0.2698705842 0.2495579420 0.8761260491 0.0087420946
0.7890000000 0.2698705501 0.9247321033 0.3042955838 3.2464679396 0.2698705501 0.2495579614 0.8761260888 0.0057132765
0.7900000000 0.2698704756 0.9247323843 0.3042955567 3.2464687267 0.2698704756 0.2495579683 0.8761260592 0.0027003346
0.7910000000 0.2698704198 0.9247325706 0.3042955630 3.2464695399 0.2698704198 0.2495579671 0.8761260977 0.0076440697
0.7920000000 0.2698704145 0.9247326121 0.3042956198 3.2464701597 0.2698704145 0.2495579734 0.8761262478 0.0093119759
0.7930000000 0.2698704709 0.9247325135 0.3042957255 3.2464704588 0.2698704709 0.2495579989 0.8761265115 0.0055431505
0.7940000000 0.2698705672 0.9247323957 0.3042958391 3.2464703968 0.2698705672 0.2495580561 0.8761268072 0.0002664436
0.7950000000 0.2698706656 0.9247324411 0.3042958987 3.2464699634 0.2698706656 0.2495581594 0.8761270098 0.0006458840
0.7960000000 0.2698707602 0.9247326124 0.3042959171 3.2464693032 0.2698707602 0.2495582931 0.8761271389 0.0000245226
0.7970000000 0.2698708566 0.9247327970 0.3042959323 3.2464686085 0.2698708566 0.2495584320 0.8761272643 0.0034001347
0.7980000000 0.2698709804 0.9247327989 0.3042960110 3.2464680458 0.2698709804 0.2495585471 0.8761275145 0.0030387733
0.7990000000 0.2698711290 0.9247325542 0.3042961751 3.2464677874 0.2698711290 0.2495586184 0.8761279269 0.0049684113
0.8000000000 0.2698712373 0.9247323004 0.3042963437 3.2464679825 0.2698712373 0.2495586501 0.8761283314 0.0109179847
0.8010000000 0.2698712665 0.9247322308 0.3042964512 3.2464686093 0.2698712665 0.2495586583 0.8761285953 0.0128089475
0.8020000000 0.2698712074 0.9247324503 0.3042964620 3.2464695302 0.2698712074 0.2495586629 0.8761286519 0.0060363075
0.8030000000 0.2698711036 0.9247328296 0.3042964207 3.2464705825 0.2698711036 0.2495586692 0.8761285988 0.0070970070
0.8040000000 0.2698710513 0.9247330419 0.3042964384 3.2464714895 0.2698710513 0.2495586781 0.8761286738 0.0120420670
0.8050000000 0.2698710802 0.9247330332 0.3042965328 3.2464720530 0.2698710802 0.2495587026 0.8761289199 0.0098589266
0.8060000000 0.2698711785 0.9247328917 0.3042966724 3.2464721898 0.2698711785 0.2495587553 0.8761292758 0.0010451680
0.8070000000 0.2698712844 0.9247329281 0.3042967528 3.2464718623 0.2698712844 0.2495588630 0.8761295311 0.0052981427
0.8080000000 0.2698713519 0.9247332819 0.3042967297 3.2464712692 0.2698713519 0.2495590209 0.8761295904 0.0041232373
0.8090000000 0.2698713923 0.9247337967 0.3042966576 3.2464706561 0.2698713923 0.2495591972 0.8761295560 0.0004925340
0.8100000000 0.2698714311 0.9247342702 0.3042966006 3.2464701602 0.2698714311 0.2495593609 0.8761295483 0.0040054031
0.8110000000 0.2698714990 0.9247344608 0.3042966330 3.2464699279 0.2698714990 0.2495594751 0.8761297059 0.0008691477
0.8120000000 0.2698715598 0.9247344653 0.3042967264 3.2464701619 0.2698715598 0.2495595326 0.8761299665 0.0079240440
0.8130000000 0.2698715658 0.9247345656 0.3042968035 3.2464709062 0.2698715658 0.2495595652 0.8761301869 0.0097446582
0.8140000000 0.2698715059 0.9247348973 0.3042968248 3.2464720366 0.2698715059 0.2495595993 0.8761302973 0.0072565189
0.8150000000 0.2698713927 0.9247353929 0.3042967815 3.2464732760 0.2698713927 0.2495596284 0.8761302644 0.0011384766
0.8160000000 0.2698712881 0.9247357796 0.3042967284 3.2464742339 0.2698712881 0.2495596360 0.8761301832 0.0103301353
0.8170000000 0.2698712550 0.9247359522 0.3042967342 3.2464747930 0.2698712550 0.2495596519 0.8761302266 0.0166485829
0.8180000000 0.2698713358 0.9247360472 0.3042968511 3.2464751200 0.2698713358 0.2495597523 0.8761305771 0.0123411830
0.8190000000 0.2698715183 0.9247362333 0.3042970563 3.2464752859 0.2698715183 0.2495599713 0.8761312146 0.0030192193
0.8200000000 0.2698716827 0.9247364385 0.3042971794 3.2464748997 0.2698716827 0.2495601787 0.8761316440 0.0184560392
0.8210000000 0.2698717130 0.9247364236 0.3042970711 3.2464735654 0.2698717130 0.2495602027 0.8761313824 0.0105421290
0.8220000000 0.2698716593 0.9247363509 0.3042968611 3.2464721143 0.2698716593 0.2495601334 0.8761308164 0.0234595805
0.8230000000 0.2698717621 0.9247369305 0.3042969586 3.2464724802 0.2698717621 0.2495603849 0.8761312487 0.0351943382
0.8240000000 0.2698722245 0.9247387280 0.3042976968 3.2464761503 0.2698722245 0.2495612976 0.8761337405 0.0018587408
0.8250000000 0.2698727081 0.9247401877 0.3042985264 3.2464801339 0.2698727081 0.2495621387 0.8761363854 0.0731116053
0.8260000000 0.2698724003 0.9247381041 0.3042981594 3.2464780223 0.2698724003 0.2495612918 0.8761348163 0.0961256938
0.8270000000 0.2698695982 0.9247253884 0.3042939396 3.2464564420 0.2698695982 0.2495552690 0.8761198955 0.0551407527
0.8280000000 0.2698626798 0.9246948580 0.3042832245 3.2464012135 0.2698626798 0.2495406324 0.8760825311 0.0221482773
0.8290000000 0.2698574265 0.9246719252 0.3042750406 3.2463590656 0.2698574265 0.2495295861 0.8760541029 0.1486425843
0.8300000000 0.2698660257 0.9247128164 0.3042886157 3.2464328130 0.2698660257 0.2495485727 0.8761019210 0.1224743012
0.8310000000 0.2699407165 0.9250593509 0.3044064372 3.2470645300 0.2699407165 0.2497111840 0.8765149259 0.0898710969
0.8320000000 0.2702235148 0.9263713565 0.3048538229 3.2494677200 0.2702235148 0.2503273240 0.8780825885 0.0252843876
0.8330000000 0.2706549522 0.9283732259 0.3055357282 3.2531270229 0.2706549522 0.2512688111 0.8804749390 0.0842806146
0.8340000000 0.2707805523 0.9289707570 0.3057373744 3.2542345881 0.2707805523 0.2515472147 0.8811834391 0.1580462554
0.8350000000 0.2691419716 0.9214496763 0.3031864824 3.2407666523 0.2691419716 0.2480007826 0.8722263264 0.1094509378
0.8360000000 0.2597578468 0.8771448562 0.2885800594 3.1620865627 0.2597578468 0.2278452592 0.8213767971 0.0780977445
0.8370000000 0.2308333860 0.7319102795 0.2447479694 2.9185457533 0.2308333860 0.1689493281 0.6736977985 0.0257726327
0.8380000000 0.1876304036 0.4809083219 0.1823046042 2.5446751016 0.1876304036 0.0902330225 0.4774584163 0.0233622995
0.8390000000 0.1542222685 0.2423164579 0.1363682860 2.2399389748 0.1542222685 0.0373705938 0.3454484700 0.0516261114
0.8400000000 0.1366324431 0.0989210415 0.1137614943 2.0864168773 0.1366324431 0.0135158236 0.2850722353 0.0659913550
0.8410000000 0.1292197857 0.0359081891 0.1048369543 2.0289129258 0.1292197857 0.0046400485 0.2621756935 0.0732708150
0.8420000000 0.1264621841 0.0124084811 0.1016518268 2.0096070979 0.1264621841 0.0015692036 0.2541393027 0.0765060914
0.8430000000 0.1254966406 0.0042084575 0.1005579158 2.0032082091 0.1254966406 0.0005281473 0.2513959007 0.0777433299
0.8440000000 0.1251670388 0.0014146574 0.1001872757 2.0010724609 0.1251670388 0.0001770685 0.2504683144 0.0781123152
0.8450000000 0.1250556511 0.0004712159 0.1000623509 2.0003565516 0.1250556511 0.0000589282 0.2501558910 0.0780270483
0.8460000000 0.1250182155 0.0001542259 0.1000204038 2.0001166217 0.1250182155 0.0000192811 0.2500510109 0.0773715009
0.8470000000 0.1250057329 0.0000485378 0.1000064211 2.0000366950 0.1250057329 0.0000060675 0.2500160529 0.0753208784
0.8480000000 0.1250016552 0.0000140136 0.1000018538 2.0000105936 0.1250016552 0.0000017517 0.2500046346 0.0694815235
0.8490000000 0.1250004003 0.0000033893 0.1000004484 2.0000025621 0.1250004003 0.0000004237 0.2500011209 0.0542745441
0.8500000000 0.1250000726 0.0000006148 0.1000000813 2.0000004648 0.1250000726 0.0000000769 0.2500002033 0.0267514526
0.8510000000 0.1250000098 0.0000000827 0.1000000109 2.0000000625 0.1250000098 0.0000000103 0.2500000273 0.0066357308
0.8520000000 0.1250000011 0.0000000092 0.1000000012 2.0000000069 0.1250000011 0.0000000011 0.2500000030 0.0009669721
0.8530000000 0.1250000001 0.0000000009 0.1000000001 2.0000000007 0.1250000001 0.0000000001 0.2500000003 0.0001074748
0.8540000000 0.1250000000 0.0000000001 0.1000000000 2.0000000001 0.1250000000 0.0000000000 0.2500000000 0.0000109994
0.8550000000 0.1250000000 0.0000000000 0.1000000000 2.0000000000 0.1250000000 0.0000000000 0.2500000000 0.0000011099
0.8560000000 0.1250000000 0.0000000000 0.1000000000 2.0000000000 0.1250000000 0.0000000000 0.2500000000 0.0000001118
0.8570000000 0.1250000000 0.0000000000 0.1000000000 2.0000000000 0.1250000000 0.0000000000 0.2500000000 0.0000000113
0.8580000000 0.1250000000 0.0000000000 0.1000000000 2.0000000000 0.1250000000 0.0000000000 0.2500000000 0.0000000011
0.8590000000 0.1250000000 0.0000000000 0.1000000000 2.0000000000 0.1250000000 0.0000000000 0.2500000000 0.0000000001
0.8600000000 0.1250000000 0.0000000000 0.1000000000 2.0000000000 0.1250000000 0.0000000000 0.2500000000 0.0000000000
0.8610000000 0.1250000000 0.0000000000 0.1000000000 2.0000000000 0.1250000000 0.0000000000 0.2500000000 0.0000000000
0.8620000000 0.1250000000 0.0000000000 0.1000000000 2.0000000000 0.1250000000 0.0000000000 0.2500000000 0.0000000000
0.8630000000 0.1250000000 0.0000000000 0.1000000000 2.0000000000 0.1250000000 0.0000000000 0.2500000000 0.0000000000
0.8640000000 0.1250000000 0.0000000000 0.1000000000 2.0000000000 0.1250000000 0.0000000000 0.2500000000 0.0000000000
0.8650000000 0.1250000000 0.0000000000 0.1000000000 2.0000000000 0.1250000000 0.0000000000 0.2500000000 0.0000000000
0.8660000000 0.1250000000 0.0000000000 0.1000000000 2.0000000000 0.1250000000 0.0000000000 0.2500000000 0.0000000000
0.8670000000 0.1250000000 0.0000000000 0.1000000000 2.0000000000 0.1250000000 0.0000000000 0.2500000000 0.0000000000
0.8680000000 0.1250000000 0.0000000000 0.1000000000 2.0000000000 0.1250000000 0.0000000000 0.2500000000 0.0000000000
0.8690000000 0.1250000000 0.0000000000 0.1000000000 2.0000000000 0.1250000000 0.0000000000 0.2500000000 0.0000000000
0.8700000000 0.1250000000 0.0000000000 0.1000000000 2.0000000000 0.1250000000 0.0000000000 0.2500000000 0.0000000000
0.8710000000 0.1250000000 0.0000000000 0.1000000000 2.0000000000 0.1250000000 0.0000000000 0.2500000000 0.0000000000
0.8720000000 0.1250000000 0.0000000000 0.1000000000 2.0000000000 0.1250000000 0.0000000000 0.2500000000 0.0000000000
0.8730000000 0.1250000000 0.0000000000 0.1000000000 2.0000000000 0.1250000000 0.0000000000 0.2500000000 0.0000000000
0.8740000000 0.1250000000 0.0000000000 0.1000000000 2.0000000000 0.1250000000 0.0000000000 0.2500000000 0.0000000000
0.8750000000 0.1250000000 0.0000000000 0.1000000000 2.0000000000 0.1250000000 0.0000000000 0.2500000000 0.0000000000
0.8760000000 0.1250000000 0.0000000000 0.1000000000 2.0000000000 0.1250000000 0.0000000000 0.2500000000 0.0000000000
0.8770000000 0.1250000000 0.0000000000 0.1000000000 2.0000000000 0.1250000000 0.0000000000 0.2500000000 0.0000000000
0.8780000000 0.1250000000 0.0000000000 0.1000000000 2.0000000000 0.1250000000 0.0000000000 0.2500000000 0.0000000000
0.8790000000 0.1250000000 0.0000000000 0.1000000000 2.0000000000 0.1250000000 0.0000000000 0.2500000000 0.0000000000
0.8800000000 0.1250000000 0.0000000000 0.1000000000 2.0000000000 0.1250000000 0.0000000000 0.2500000000 0.0000000000
0.8810000000 0.1250000000 0.0000000000 0.1000000000 2.0000000000 0.1250000000 0.0000000000 0.2500000000 0.0000000000
0.8820000000 0.1250000000 0.0000000000 0.1000000000 2.0000000000 0.1250000000 0.0000000000 0.2500000000 0.0000000000
0.8830000000 0.1250000000 0.0000000000 0.1000000000 2.0000000000 0.1250000000 0.0000000000 0.2500000000 0.0000000000
0.8840000000 0.1250000000 0.0000000000 0.1000000000 2.0000000000 0.1250000000 0.0000000000 0.2500000000 0.0000000000
0.8850000000 0.1250000000 0.0000000000 0.1000000000 2.0000000000 0.1250000000 0.0000000000 0.2500000000 0.0000000000
0.8860000000 0.1250000000 0.0000000000 0.1000000000 2.0000000000 0.1250000000 0.0000000000 0.2500000000 0.0000000000
0.8870000000 0.1250000000 0.0000000000 0.1000000000 2.0000000000 0.1250000000 0.0000000000 0.2500000000 0.0000000000
0.8880000000 0.1250000000 0.0000000000 0.1000000000 2.0000000000 0.1250000000 0.0000000000 0.2500000000 0.0000000000
0.8890000000 0.1250000000 0.0000000000 0.1000000000 2.0000000000 0.1250000000 0.0000000000 0.2500000000 0.0000000000
0.8900000000 0.1250000000 0.0000000000 0.1000000000 2.0000000000 0.1250000000 0.0000000000 0.2500000000 0.0000000000
0.8910000000 0.1250000000 0.0000000000 0.1000000000 2.0000000000 0.1250000000 0.0000000000 0.2500000000 0.0000000000
0.8920000000 0.1250000000 0.0000000000 0.1000000000 2.0000000000 0.1250000000 0.0000000000 0.2500000000 0.0000000000
0.8930000000 0.1250000000 0.0000000000 0.1000000000 2.0000000000 0.1250000000 0.0000000000 0.2500000000 0.0000000000
0.8940000000 0.1250000000 0.0000000000 0.1000000000 2.0000000000 0.1250000000 0.0000000000 0.2500000000 0.0000000000
0.8950000000 0.1250000000 0.0000000000 0.1000000000 2.0000000000 0.1250000000 0.0000000000 0.2500000000 0.0000000000
0.8960000000 0.1250000000 0.0000000000 0.1000000000 2.0000000000 0.1250000000 0.0000000000 0.2500000000 0.0000000000
0.8970000000 0.1250000000 0.0000000000 0.1000000000 2.0000000000 0.1250000000 0.0000000000 0.2500000000 0.0000000000
0.8980000000 0.1250000000 0.0000000000 0.1000000000 2.0000000000 0.1250000000 0.0000000000 0.2500000000 0.0000000000
0.8990000000 0.1250000000 0.0000000000 0.1000000000 2.0000000000 0.1250000000 0.0000000000 0.2500000000 0.0000000000
0.9000000000 0.1250000000 0.0000000000 0.1000000000 2.0000000000 0.1250000000 0.0000000000 0.2500000000 0.0000000000
0.9010000000 0.1250000000 0.0000000000 0.1000000000 2.0000000000 0.1250000000 0.0000000000 0.2500000000 0.0000000000
0.9020000000 0.1250000000 0.0000000000 0.1000000000 2.0000000000 0.1250000000 0.0000000000 0.2500000000 0.0000000000
0.9030000000 0.1250000000 0.0000000000 0.1000000000 2.0000000000 0.1250000000 0.0000000000 0.2500000000 0.0000000000
0.9040000000 0.1250000000 0.0000000000 0.1000000000 2.0000000000 0.1250000000 0.0000000000 0.2500000000 0.0000000000
0.9050000000 0.1250000000 0.0000000000 0.1000000000 2.0000000000 0.1250000000 0.0000000000 0.2500000000 0.0000000000
0.9060000000 0.1250000000 0.0000000000 0.1000000000 2.0000000000 0.1250000000 0.0000000000 0.2500000000 0.0000000000
0.9070000000 0.1250000000 0.0000000000 0.1000000000 2.0000000000 0.1250000000 0.0000000000 0.2500000000 0.0000000000
0.9080000000 0.1250000000 0.0000000000 0.1000000000 2.0000000000 0.1250000000 0.0000000000 0.2500000000 0.0000000000
0.9090000000 0.1250000000 0.0000000000 0.1000000000 2.0000000000 0.1250000000 0.0000000000 0.2500000000 0.0000000000
0.9100000000 0.1250000000 0.0000000000 0.1000000000 2.0000000000 0.1250000000 0.0000000000 0.2500000000 0.0000000000
0.9110000000 0.1250000000 0.0000000000 0.1000000000 2.0000000000 0.1250000000 0.0000000000 0.2500000000 0.0000000000
0.9120000000 0.1250000000 0.0000000000 0.1000000000 2.0000000000 0.1250000000 0.0000000000 0.2500000000 0.0000000000
0.9130000000 0.1250000000 0.0000000000 0.1000000000 2.0000000000 0.1250000000 0.0000000000 0.2500000000 0.0000000000
0.9140000000 0.1250000000 0.0000000000 0.1000000000 2.0000000000 0.1250000000 0.0000000000 0.2500000000 0.0000000000
0.9150000000 0.1250000000 0.0000000000 0.1000000000 2.0000000000 0.1250000000 0.0000000000 0.2500000000 0.0000000000
0.9160000000 0.1250000000 0.0000000000 0.1000000000 2.0000000000 0.1250000000 0.0000000000 0.2500000000 0.0000000000
0.9170000000 0.1250000000 0.0000000000 0.1000000000 2.0000000000 0.1250000000 0.0000000000 0.2500000000 0.0000000000
0.9180000000 0.1250000000 0.0000000000 0.1000000000 2.0000000000 0.1250000000 0.0000000000 0.2500000000 0.0000000000
0.9190000000 0.1250000000 0.0000000000 0.1000000000 2.0000000000 0.1250000000 0.0000000000 0.2500000000 0.0000000000
0.9200000000 0.1250000000 0.0000000000 0.1000000000 2.0000000000 0.1250000000 0.0000000000 0.2500000000 0.0000000000
0.9210000000 0.1250000000 0.0000000000 0.1000000000 2.0000000000 0.1250000000 0.0000000000 0.2500000000 0.0000000000
0.9220000000 0.1250000000 0.0000000000 0.1000000000 2.0000000000 0.1250000000 0.0000000000 0.2500000000 0.0000000000
0.9230000000 0.1250000000 0.0000000000 0.1000000000 2.0000000000 0.1250000000 0.0000000000 0.2500000000 0.0000000000
0.9240000000 0.1250000000 0.0000000000 0.1000000000 2.0000000000 0.1250000000 0.0000000000 0.2500000000 0.0000000000
0.9250000000 0.1250000000 0.0000000000 0.1000000000 2.0000000000 0.1250000000 0.0000000000 0.2500000000 0.0000000000
0.9260000000 0.1250000000 0.0000000000 0.1000000000 2.0000000000 0.1250000000 0.0000000000 0.2500000000 0.0000000000
0.9270000000 0.1250000000 0.0000000000 0.1000000000 2.0000000000 0.1250000000 0.0000000000 0.2500000000 0.0000000000
0.9280000000 0.1250000000 0.0000000000 0.1000000000 2.0000000000 0.1250000000 0.0000000000 0.2500000000 0.0000000000
0.9290000000 0.1250000000 0.0000000000 0.1000000000 2.0000000000 0.1250000000 0.0000000000 0.2500000000 0.0000000000
0.9300000000 0.1250000000 0.0000000000 0.1000000000 2.0000000000 0.1250000000 0.0000000000 0.2500000000 0.0000000000
0.9310000000 0.1250000000 0.0000000000 0.1000000000 2.0000000000 0.1250000000 0.0000000000 0.2500000000 0.0000000000
0.9320000000 0.1250000000 0.0000000000 0.1000000000 2.0000000000 0.1250000000 0.0000000000 0.2500000000 0.0000000000
0.9330000000 0.1250000000 0.0000000000 0.1000000000 2.0000000000 0.1250000000 0.0000000000 0.2500000000 0.0000000000
0.9340000000 0.1250000000 0.0000000000 0.1000000000 2.0000000000 0.1250000000 0.0000000000 0.2500000000 0.0000000000
0.9350000000 0.1250000000 0.0000000000 0.1000000000 2.0000000000 0.1250000000 0.0000000000 0.2500000000 0.0000000000
0.9360000000 0.1250000000 0.0000000000 0.1000000000 2.0000000000 0.1250000000 0.0000000000 0.2500000000 0.0000000000
0.9370000000 0.1250000000 0.0000000000 0.1000000000 2.0000000000 0.1250000000 0.0000000000 0.2500000000 0.0000000000
0.9380000000 0.1250000000 0.0000000000 0.1000000000 2.0000000000 0.1250000000 0.0000000000 0.2500000000 0.0000000000
0.9390000000 0.1250000000 0.0000000000 0.1000000000 2.0000000000 0.1250000000 0.0000000000 0.2500000000 0.0000000000
0.9400000000 0.1250000000 0.0000000000 0.1000000000 2.0000000000 0.1250000000 0.0000000000 0.2500000000 0.0000000000
0.9410000000 0.1250000000 0.0000000000 0.1000000000 2.0000000000 0.1250000000 0.0000000000 0.2500000000 0.0000000000
0.9420000000 0.1250000000 0.0000000000 0.1000000000 2.0000000000 0.1250000000 0.0000000000 0.2500000000 0.0000000000
0.9430000000 0.1250000000 0.0000000000 0.1000000000 2.0000000000 0.1250000000 0.0000000000 0.2500000000 0.0000000000
0.9440000000 0.1250000000 0.0000000000 0.1000000000 2.0000000000 0.1250000000 0.0000000000 0.2500000000 0.0000000000
0.9450000000 0.1250000000 0.0000000000 0.1000000000 2.0000000000 0.1250000000 0.0000000000 0.2500000000 0.0000000000
0.9460000000 0.1250000000 0.0000000000 0.1000000000 2.0000000000 0.1250000000 0.0000000000 0.2500000000 0.0000000000
0.9470000000 0.1250000000 0.0000000000 0.1000000000 2.0000000000 0.1250000000 0.0000000000 0.2500000000 0.0000000000
0.9480000000 0.1250000000 0.0000000000 0.1000000000 2.0000000000 0.1250000000 0.0000000000 0.2500000000 0.0000000000
0.9490000000 0.1250000000 0.0000000000 0.1000000000 2.0000000000 0.1250000000 0.0000000000 0.2500000000 0.0000000000
0.9500000000 0.1250000000 0.0000000000 0.1000000000 2.0000000000 0.1250000000 0.0000000000 0.2500000000 0.0000000000
0.9510000000 0.1250000000 0.0000000000 0.1000000000 2.0000000000 0.1250000000 0.0000000000 0.2500000000 0.0000000000
0.9520000000 0.1250000000 0.0000000000 0.1000000000 2.0000000000 0.1250000000 0.0000000000 0.2500000000 0.0000000000
0.9530000000 0.1250000000 0.0000000000 0.1000000000 2.0000000000 0.1250000000 0.0000000000 0.2500000000 0.0000000000
0.9540000000 0.1250000000 0.0000000000 0.1000000000 2.0000000000 0.1250000000 0.0000000000 0.2500000000 0.0000000000
0.9550000000 0.1250000000 0.0000000000 0.1000000000 2.0000000000 0.1250000000 0.0000000000 0.2500000000 0.0000000000
0.9560000000 0.1250000000 0.0000000000 0.1000000000 2.0000000000 0.1250000000 0.0000000000 0.2500000000 0.0000000000
0.9570000000 0.1250000000 0.0000000000 0.1000000000 2.0000000000 0.1250000000 0.0000000000 0.2500000000 0.0000000000
0.9580000000 0.1250000000 0.0000000000 0.1000000000 2.0000000000 0.1250000000 0.0000000000 0.2500000000 0.0000000000
0.9590000000 0.1250000000 0.0000000000 0.1000000000 2.0000000000 0.1250000000 0.0000000000 0.2500000000 0.0000000000
0.9600000000 0.1250000000 0.0000000000 0.1000000000 2.0000000000 0.1250000000 0.0000000000 0.2500000000 0.0000000000
0.9610000000 0.1250000000 0.0000000000 0.1000000000 2.0000000000 0.1250000000 0.0000000000 0.2500000000 0.0000000000
0.9620000000 0.1250000000 0.0000000000 0.1000000000 2.0000000000 0.1250000000 0.0000000000 0.2500000000 0.0000000000
0.9630000000 0.1250000000 0.0000000000 0.1000000000 2.0000000000 0.1250000000 0.0000000000 0.2500000000 0.0000000000
0.9640000000 0.1250000000 0.0000000000 0.1000000000 2.0000000000 0.1250000000 0.0000000000 0.2500000000 0.0000000000
0.9650000000 0.1250000000 0.0000000000 0.1000000000 2.0000000000 0.1250000000 0.0000000000 0.2500000000 0.0000000000
0.9660000000 0.1250000000 0.0000000000 0.1000000000 2.0000000000 0.1250000000 0.0000000000 0.2500000000 0.0000000000
0.9670000000 0.1250000000 0.0000000000 0.1000000000 2.0000000000 0.1250000000 0.0000000000 0.2500000000 0.0000000000
0.9680000000 0.1250000000 0.0000000000 0.1000000000 2.0000000000 0.1250000000 0.0000000000 0.2500000000 0.0000000000
0.9690000000 0.1250000000 0.0000000000 0.1000000000 2.0000000000 0.1250000000 0.0000000000 0.2500000000 0.0000000000
0.9700000000 0.1250000000 0.0000000000 0.1000000000 2.0000000000 0.1250000000 0.0000000000 0.2500000000 0.0000000000
0.9710000000 0.1250000000 0.0000000000 0.1000000000 2.0000000000 0.1250000000 0.0000000000 0.2500000000 0.0000000000
0.9720000000 0.1250000000 0.0000000000 0.1000000000 2.0000000000 0.1250000000 0.0000000000 0.2500000000 0.0000000000
0.9730000000 0.1250000000 0.0000000000 0.1000000000 2.0000000000 0.1250000000 0.0000000000 0.2500000000 0.0000000000
0.9740000000 0.1250000000 0.0000000000 0.1000000000 2.0000000000 0.1250000000 0.0000000000 0.2500000000 0.0000000000
0.9750000000 0.1250000000 0.0000000000 0.1000000000 2.0000000000 0.1250000000 0.0000000000 0.2500000000 0.0000000000
0.9760000000 0.1250000000 0.0000000000 0.1000000000 2.0000000000 0.1250000000 0.0000000000 0.2500000000 0.0000000000
0.9770000000 0.1250000000 0.0000000000 0.1000000000 2.0000000000 0.1250000000 0.0000000000 0.2500000000 0.0000000000
0.9780000000 0.1250000000 0.0000000000 0.1000000000 2.0000000000 0.1250000000 0.0000000000 0.2500000000 0.0000000000
0.9790000000 0.1250000000 0.0000000000 0.1000000000 2.0000000000 0.1250000000 0.0000000000 0.2500000000 0.0000000000
0.9800000000 0.1250000000 0.0000000000 0.1000000000 2.0000000000 0.1250000000 0.0000000000 0.2500000000 0.0000000000
0.9810000000 0.1250000000 0.0000000000 0.1000000000 2.0000000000 0.1250000000 0.0000000000 0.2500000000 0.0000000000
0.9820000000 0.1250000000 0.0000000000 0.1000000000 2.0000000000 0.1250000000 0.0000000000 0.2500000000 0.0000000000
0.9830000000 0.1250000000 0.0000000000 0.1000000000 2.0000000000 0.1250000000 0.0000000000 0.2500000000 0.0000000000
0.9840000000 0.1250000000 0.0000000000 0.1000000000 2.0000000000 0.1250000000 0.0000000000 0.2500000000 0.0000000000
0.9850000000 0.1250000000 0.0000000000 0.1000000000 2.0000000000 0.1250000000 0.0000000000 0.2500000000 0.0000000000
0.9860000000 0.1250000000 0.0000000000 0.1000000000 2.0000000000 0.1250000000 0.0000000000 0.2500000000 0.0000000000
0.9870000000 0.1250000000 0.0000000000 0.1000000000 2.0000000000 0.1250000000 0.0000000000 0.2500000000 0.0000000000
0.9880000000 0.1250000000 0.0000000000 0.1000000000 2.0000000000 0.1250000000 0.0000000000 0.2500000000 0.0000000000
0.9890000000 0.1250000000 0.0000000000 0.1000000000 2.0000000000 0.1250000000 0.0000000000 0.2500000000 0.0000000000
0.9900000000 0.1250000000 0.0000000000 0.1000000000 2.0000000000 0.1250000000 0.0000000000 0.2500000000 0.0000000000
0.9910000000 0.1250000000 0.0000000000 0.1000000000 2.0000000000 0.1250000000 0.0000000000 0.2500000000 0.0000000000
0.9920000000 0.1250000000 0.0000000000 0.1000000000 2.0000000000 0.1250000000 0.0000000000 0.2500000000 0.0000000000
0.9930000000 0.1250000000 0.0000000000 0.1000000000 2.0000000000 0.1250000000 0.0000000000 0.2500000000 0.0000000000
0.9940000000 0.1250000000 0.0000000000 0.1000000000 2.0000000000 0.1250000000 0.0000000000 0.2500000000 0.0000000000
0.9950000000 0.1250000000 0.0000000000 0.1000000000 2.0000000000 0.1250000000 0.0000000000 0.2500000000 0.0000000000
0.9960000000 0.1250000000 0.0000000000 0.1000000000 2.0000000000 0.1250000000 0.0000000000 0.2500000000 0.0000000000
0.9970000000 0.1250000000 0.0000000000 0.1000000000 2.0000000000 0.1250000000 0.0000000000 0.2500000000 0.0000000000
0.9980000000 0.1250000000 0.0000000000 0.1000000000 2.0000000000 0.1250000000 0.0000000000 0.2500000000 0.0000000000
0.9990000000 0.1250000000 0.0000000000 0.1000000000 2.0000000000 0.1250000000 0.0000000000 0.2500000000 0.0000000000
1.0000000000 0.1250000000 0.0000000000 0.1000000000 2.0000000000 0.1250000000 0.0000000000 0.2500000000 0.0000000000
