TITLE = "Artificial-viscosity beta sweep"
VARIABLES = "x", "rho", "u", "p"
ZONE T="Exact", I=501, F=POINT
0.000000000000000e+00 1.000000000000000e+00 0.000000000000000e+00 1.000000000000000e+00
2.000000000000000e-03 1.000000000000000e+00 0.000000000000000e+00 1.000000000000000e+00
4.000000000000000e-03 1.000000000000000e+00 0.000000000000000e+00 1.000000000000000e+00
6.000000000000000e-03 1.000000000000000e+00 0.000000000000000e+00 1.000000000000000e+00
8.000000000000000e-03 1.000000000000000e+00 0.000000000000000e+00 1.000000000000000e+00
1.000000000000000e-02 1.000000000000000e+00 0.000000000000000e+00 1.000000000000000e+00
1.200000000000000e-02 1.000000000000000e+00 0.000000000000000e+00 1.000000000000000e+00
1.400000000000000e-02 1.000000000000000e+00 0.000000000000000e+00 1.000000000000000e+00
1.600000000000000e-02 1.000000000000000e+00 0.000000000000000e+00 1.000000000000000e+00
1.800000000000000e-02 1.000000000000000e+00 0.000000000000000e+00 1.000000000000000e+00
2.000000000000000e-02 1.000000000000000e+00 0.000000000000000e+00 1.000000000000000e+00
2.200000000000000e-02 1.000000000000000e+00 0.000000000000000e+00 1.000000000000000e+00
2.400000000000000e-02 1.000000000000000e+00 0.000000000000000e+00 1.000000000000000e+00
2.600000000000000e-02 1.000000000000000e+00 0.000000000000000e+00 1.000000000000000e+00
2.800000000000000e-02 1.000000000000000e+00 0.000000000000000e+00 1.000000000000000e+00
3.000000000000000e-02 1.000000000000000e+00 0.000000000000000e+00 1.000000000000000e+00
3.200000000000000e-02 1.000000000000000e+00 0.000000000000000e+00 1.000000000000000e+00
3.400000000000000e-02 1.000000000000000e+00 0.000000000000000e+00 1.000000000000000e+00
3.600000000000000e-02 1.000000000000000e+00 0.000000000000000e+00 1.000000000000000e+00
3.800000000000000e-02 1.000000000000000e+00 0.000000000000000e+00 1.000000000000000e+00
4.000000000000000e-02 1.000000000000000e+00 0.000000000000000e+00 1.000000000000000e+00
4.200000000000000e-02 1.000000000000000e+00 0.000000000000000e+00 1.000000000000000e+00
4.400000000000000e-02 1.000000000000000e+00 0.000000000000000e+00 1.000000000000000e+00
4.600000000000000e-02 1.000000000000000e+00 0.000000000000000e+00 1.000000000000000e+00
4.800000000000000e-02 1.000000000000000e+00 0.000000000000000e+00 1.000000000000000e+00
5.000000000000000e-02 1.000000000000000e+00 0.000000000000000e+00 1.000000000000000e+00
5.200000000000000e-02 1.000000000000000e+00 0.000000000000000e+00 1.000000000000000e+00
5.400000000000000e-02 1.000000000000000e+00 0.000000000000000e+00 1.000000000000000e+00
5.600000000000000e-02 1.000000000000000e+00 0.000000000000000e+00 1.000000000000000e+00
5.800000000000000e-02 1.000000000000000e+00 0.000000000000000e+00 1.000000000000000e+00
6.000000000000000e-02 1.000000000000000e+00 0.000000000000000e+00 1.000000000000000e+00
6.200000000000000e-02 1.000000000000000e+00 0.000000000000000e+00 1.000000000000000e+00
6.400000000000000e-02 1.000000000000000e+00 0.000000000000000e+00 1.000000000000000e+00
6.600000000000000e-02 1.000000000000000e+00 0.000000000000000e+00 1.000000000000000e+00
6.800000000000000e-02 1.000000000000000e+00 0.000000000000000e+00 1.000000000000000e+00
7.000000000000001e-02 1.000000000000000e+00 0.000000000000000e+00 1.000000000000000e+00
7.200000000000001e-02 1.000000000000000e+00 0.000000000000000e+00 1.000000000000000e+00
7.400000000000000e-02 1.000000000000000e+00 0.000000000000000e+00 1.000000000000000e+00
7.600000000000000e-02 1.000000000000000e+00 0.000000000000000e+00 1.000000000000000e+00
7.800000000000000e-02 1.000000000000000e+00 0.000000000000000e+00 1.000000000000000e+00
8.000000000000000e-02 1.000000000000000e+00 0.000000000000000e+00 1.000000000000000e+00
8.200000000000000e-02 1.000000000000000e+00 0.000000000000000e+00 1.000000000000000e+00
8.400000000000001e-02 1.000000000000000e+00 0.000000000000000e+00 1.000000000000000e+00
8.600000000000001e-02 1.000000000000000e+00 0.000000000000000e+00 1.000000000000000e+00
8.799999999999999e-02 1.000000000000000e+00 0.000000000000000e+00 1.000000000000000e+00
9.000000000000000e-02 1.000000000000000e+00 0.000000000000000e+00 1.000000000000000e+00
9.200000000000000e-02 1.000000000000000e+00 0.000000000000000e+00 1.000000000000000e+00
9.400000000000000e-02 1.000000000000000e+00 0.000000000000000e+00 1.000000000000000e+00
9.600000000000000e-02 1.000000000000000e+00 0.000000000000000e+00 1.000000000000000e+00
9.800000000000000e-02 1.000000000000000e+00 0.000000000000000e+00 1.000000000000000e+00
1.000000000000000e-01 1.000000000000000e+00 0.000000000000000e+00 1.000000000000000e+00
1.020000000000000e-01 1.000000000000000e+00 0.000000000000000e+00 1.000000000000000e+00
1.040000000000000e-01 1.000000000000000e+00 0.000000000000000e+00 1.000000000000000e+00
1.060000000000000e-01 1.000000000000000e+00 0.000000000000000e+00 1.000000000000000e+00
1.080000000000000e-01 1.000000000000000e+00 0.000000000000000e+00 1.000000000000000e+00
1.100000000000000e-01 1.000000000000000e+00 0.000000000000000e+00 1.000000000000000e+00
1.120000000000000e-01 1.000000000000000e+00 0.000000000000000e+00 1.000000000000000e+00
1.140000000000000e-01 1.000000000000000e+00 0.000000000000000e+00 1.000000000000000e+00
1.160000000000000e-01 1.000000000000000e+00 0.000000000000000e+00 1.000000000000000e+00
1.180000000000000e-01 1.000000000000000e+00 0.000000000000000e+00 1.000000000000000e+00
1.200000000000000e-01 1.000000000000000e+00 0.000000000000000e+00 1.000000000000000e+00
1.220000000000000e-01 1.000000000000000e+00 0.000000000000000e+00 1.000000000000000e+00
1.240000000000000e-01 1.000000000000000e+00 0.000000000000000e+00 1.000000000000000e+00
1.260000000000000e-01 1.000000000000000e+00 0.000000000000000e+00 1.000000000000000e+00
1.280000000000000e-01 1.000000000000000e+00 0.000000000000000e+00 1.000000000000000e+00
1.300000000000000e-01 1.000000000000000e+00 0.000000000000000e+00 1.000000000000000e+00
1.320000000000000e-01 1.000000000000000e+00 0.000000000000000e+00 1.000000000000000e+00
1.340000000000000e-01 1.000000000000000e+00 0.000000000000000e+00 1.000000000000000e+00
1.360000000000000e-01 1.000000000000000e+00 0.000000000000000e+00 1.000000000000000e+00
1.380000000000000e-01 1.000000000000000e+00 0.000000000000000e+00 1.000000000000000e+00
1.400000000000000e-01 1.000000000000000e+00 0.000000000000000e+00 1.000000000000000e+00
1.420000000000000e-01 1.000000000000000e+00 0.000000000000000e+00 1.000000000000000e+00
1.440000000000000e-01 1.000000000000000e+00 0.000000000000000e+00 1.000000000000000e+00
1.460000000000000e-01 1.000000000000000e+00 0.000000000000000e+00 1.000000000000000e+00
1.480000000000000e-01 1.000000000000000e+00 0.000000000000000e+00 1.000000000000000e+00
1.500000000000000e-01 1.000000000000000e+00 0.000000000000000e+00 1.000000000000000e+00
1.520000000000000e-01 1.000000000000000e+00 0.000000000000000e+00 1.000000000000000e+00
1.540000000000000e-01 1.000000000000000e+00 0.000000000000000e+00 1.000000000000000e+00
1.560000000000000e-01 1.000000000000000e+00 0.000000000000000e+00 1.000000000000000e+00
1.580000000000000e-01 1.000000000000000e+00 0.000000000000000e+00 1.000000000000000e+00
1.600000000000000e-01 1.000000000000000e+00 0.000000000000000e+00 1.000000000000000e+00
1.620000000000000e-01 1.000000000000000e+00 0.000000000000000e+00 1.000000000000000e+00
1.640000000000000e-01 1.000000000000000e+00 0.000000000000000e+00 1.000000000000000e+00
1.660000000000000e-01 1.000000000000000e+00 0.000000000000000e+00 1.000000000000000e+00
1.680000000000000e-01 1.000000000000000e+00 0.000000000000000e+00 1.000000000000000e+00
1.700000000000000e-01 1.000000000000000e+00 0.000000000000000e+00 1.000000000000000e+00
1.720000000000000e-01 1.000000000000000e+00 0.000000000000000e+00 1.000000000000000e+00
1.740000000000000e-01 1.000000000000000e+00 0.000000000000000e+00 1.000000000000000e+00
1.760000000000000e-01 1.000000000000000e+00 0.000000000000000e+00 1.000000000000000e+00
1.780000000000000e-01 1.000000000000000e+00 0.000000000000000e+00 1.000000000000000e+00
1.800000000000000e-01 1.000000000000000e+00 0.000000000000000e+00 1.000000000000000e+00
1.820000000000000e-01 1.000000000000000e+00 0.000000000000000e+00 1.000000000000000e+00
1.840000000000000e-01 1.000000000000000e+00 0.000000000000000e+00 1.000000000000000e+00
1.860000000000000e-01 1.000000000000000e+00 0.000000000000000e+00 1.000000000000000e+00
1.880000000000000e-01 1.000000000000000e+00 0.000000000000000e+00 1.000000000000000e+00
1.900000000000000e-01 1.000000000000000e+00 0.000000000000000e+00 1.000000000000000e+00
1.920000000000000e-01 1.000000000000000e+00 0.000000000000000e+00 1.000000000000000e+00
1.940000000000000e-01 1.000000000000000e+00 0.000000000000000e+00 1.000000000000000e+00
1.960000000000000e-01 1.000000000000000e+00 0.000000000000000e+00 1.000000000000000e+00
1.980000000000000e-01 1.000000000000000e+00 0.000000000000000e+00 1.000000000000000e+00
2.000000000000000e-01 1.000000000000000e+00 0.000000000000000e+00 1.000000000000000e+00
2.020000000000000e-01 1.000000000000000e+00 0.000000000000000e+00 1.000000000000000e+00
2.040000000000000e-01 1.000000000000000e+00 0.000000000000000e+00 1.000000000000000e+00
2.060000000000000e-01 1.000000000000000e+00 0.000000000000000e+00 1.000000000000000e+00
2.080000000000000e-01 1.000000000000000e+00 0.000000000000000e+00 1.000000000000000e+00
2.100000000000000e-01 1.000000000000000e+00 0.000000000000000e+00 1.000000000000000e+00
2.120000000000000e-01 1.000000000000000e+00 0.000000000000000e+00 1.000000000000000e+00
2.140000000000000e-01 1.000000000000000e+00 0.000000000000000e+00 1.000000000000000e+00
2.160000000000000e-01 1.000000000000000e+00 0.000000000000000e+00 1.000000000000000e+00
2.180000000000000e-01 1.000000000000000e+00 0.000000000000000e+00 1.000000000000000e+00
2.200000000000000e-01 1.000000000000000e+00 0.000000000000000e+00 1.000000000000000e+00
2.220000000000000e-01 1.000000000000000e+00 0.000000000000000e+00 1.000000000000000e+00
2.240000000000000e-01 1.000000000000000e+00 0.000000000000000e+00 1.000000000000000e+00
2.260000000000000e-01 1.000000000000000e+00 0.000000000000000e+00 1.000000000000000e+00
2.280000000000000e-01 1.000000000000000e+00 0.000000000000000e+00 1.000000000000000e+00
2.300000000000000e-01 1.000000000000000e+00 0.000000000000000e+00 1.000000000000000e+00
2.320000000000000e-01 1.000000000000000e+00 0.000000000000000e+00 1.000000000000000e+00
2.340000000000000e-01 1.000000000000000e+00 0.000000000000000e+00 1.000000000000000e+00
2.360000000000000e-01 1.000000000000000e+00 0.000000000000000e+00 1.000000000000000e+00
2.380000000000000e-01 1.000000000000000e+00 0.000000000000000e+00 1.000000000000000e+00
2.400000000000000e-01 1.000000000000000e+00 0.000000000000000e+00 1.000000000000000e+00
2.420000000000000e-01 1.000000000000000e+00 0.000000000000000e+00 1.000000000000000e+00
2.440000000000000e-01 1.000000000000000e+00 0.000000000000000e+00 1.000000000000000e+00
2.460000000000000e-01 1.000000000000000e+00 0.000000000000000e+00 1.000000000000000e+00
2.480000000000000e-01 1.000000000000000e+00 0.000000000000000e+00 1.000000000000000e+00
2.500000000000000e-01 1.000000000000000e+00 0.000000000000000e+00 1.000000000000000e+00
2.520000000000000e-01 1.000000000000000e+00 0.000000000000000e+00 1.000000000000000e+00
2.540000000000000e-01 1.000000000000000e+00 0.000000000000000e+00 1.000000000000000e+00
2.560000000000000e-01 1.000000000000000e+00 0.000000000000000e+00 1.000000000000000e+00
2.580000000000000e-01 1.000000000000000e+00 0.000000000000000e+00 1.000000000000000e+00
2.600000000000000e-01 1.000000000000000e+00 0.000000000000000e+00 1.000000000000000e+00
2.620000000000000e-01 1.000000000000000e+00 0.000000000000000e+00 1.000000000000000e+00
2.640000000000000e-01 9.977370682792672e-01 2.679963849936037e-03 9.968333300812914e-01
2.660000000000000e-01 9.907266556349694e-01 1.101329718326938e-02 9.870414412895969e-01
2.680000000000000e-01 9.837557043644545e-01 1.934663051660272e-02 9.773321133265773e-01
2.700000000000000e-01 9.768240476377388e-01 2.767996384993606e-02 9.677047652784652e-01
2.720000000000000e-01 9.699315190957077e-01 3.601329718326940e-02 9.581588195060454e-01
2.740000000000000e-01 9.630779528494491e-01 4.434663051660274e-02 9.486937016307890e-01
2.760000000000000e-01 9.562631834795829e-01 5.267996384993608e-02 9.393088405210261e-01
2.780000000000000e-01 9.494870460356023e-01 6.101329718326942e-02 9.300036682781651e-01
2.800000000000000e-01 9.427493760352004e-01 6.934663051660277e-02 9.207776202229403e-01
2.820000000000000e-01 9.360500094636137e-01 7.767996384993611e-02 9.116301348817144e-01
2.840000000000000e-01 9.293887827729512e-01 8.601329718326944e-02 9.025606539728038e-01
2.860000000000000e-01 9.227655328815297e-01 9.434663051660279e-02 8.935686223928521e-01
2.880000000000000e-01 9.161800971732086e-01 1.026799638499361e-01 8.846534882032380e-01
2.900000000000000e-01 9.096323134967278e-01 1.110132971832693e-01 8.758147026165294e-01
2.920000000000000e-01 9.031220201650336e-01 1.193466305166026e-01 8.670517199829603e-01
2.940000000000000e-01 8.966490559546234e-01 1.276799638499360e-01 8.583639977769681e-01
2.960000000000000e-01 8.902132601048737e-01 1.360132971832693e-01 8.497509965837523e-01
2.980000000000000e-01 8.838144723173773e-01 1.443466305166027e-01 8.412121800858788e-01
3.000000000000000e-01 8.774525327552772e-01 1.526799638499360e-01 8.327470150499221e-01
3.020000000000000e-01 8.711272820426016e-01 1.610132971832693e-01 8.243549713131457e-01
3.040000000000000e-01 8.648385612635969e-01 1.693466305166027e-01 8.160355217702190e-01
3.060000000000000e-01 8.585862119620642e-01 1.776799638499360e-01 8.077881423599770e-01
3.080000000000000e-01 8.523700761406933e-01 1.860132971832694e-01 7.996123120522142e-01
3.100000000000000e-01 8.461899962603969e-01 1.943466305166027e-01 7.915075128345181e-01
3.120000000000000e-01 8.400458152396462e-01 2.026799638499360e-01 7.834732296991426e-01
3.140000000000000e-01 8.339373764538011e-01 2.110132971832694e-01 7.755089506299114e-01
3.160000000000000e-01 8.278645237344530e-01 2.193466305166027e-01 7.676141665891775e-01
3.180000000000000e-01 8.218271013687518e-01 2.276799638499361e-01 7.597883715047987e-01
3.200000000000000e-01 8.158249540987443e-01 2.360132971832694e-01 7.520310622571664e-01
3.220000000000000e-01 8.098579271207073e-01 2.443466305166027e-01 7.443417386662664e-01
3.240000000000000e-01 8.039258660844827e-01 2.526799638499361e-01 7.367199034787787e-01
3.260000000000000e-01 7.980286170928134e-01 2.610132971832694e-01 7.291650623552161e-01
3.280000000000000e-01 7.921660267006729e-01 2.693466305166028e-01 7.216767238570945e-01
3.300000000000000e-01 7.863379419146070e-01 2.776799638499361e-01 7.142543994341535e-01
3.320000000000000e-01 7.805442101920627e-01 2.860132971832695e-01 7.068976034116008e-01
3.340000000000000e-01 7.747846794407272e-01 2.943466305166028e-01 6.996058529774047e-01
3.360000000000000e-01 7.690591980178584e-01 3.026799638499361e-01 6.923786681696167e-01
3.380000000000000e-01 7.633676147296201e-01 3.110132971832695e-01 6.852155718637325e-01
3.400000000000000e-01 7.577097788304197e-01 3.193466305166028e-01 6.781160897600992e-01
3.420000000000000e-01 7.520855400222398e-01 3.276799638499361e-01 6.710797503713480e-01
3.440000000000000e-01 7.464947484539745e-01 3.360132971832695e-01 6.641060850098711e-01
3.460000000000000e-01 7.409372547207624e-01 3.443466305166029e-01 6.571946277753341e-01
3.480000000000000e-01 7.354129098633209e-01 3.526799638499362e-01 6.503449155422225e-01
3.500000000000000e-01 7.299215653672859e-01 3.610132971832695e-01 6.435564879474374e-01
3.520000000000000e-01 7.244630731625366e-01 3.693466305166026e-01 6.368288873779058e-01
3.540000000000000e-01 7.190372856225394e-01 3.776799638499359e-01 6.301616589582534e-01
3.560000000000000e-01 7.136440555636790e-01 3.860132971832693e-01 6.235543505384974e-01
3.580000000000000e-01 7.082832362445892e-01 3.943466305166026e-01 6.170065126817779e-01
3.600000000000000e-01 7.029546813654957e-01 4.026799638499359e-01 6.105176986521378e-01
3.620000000000000e-01 6.976582450675430e-01 4.110132971832693e-01 6.040874644023236e-01
3.640000000000000e-01 6.923937819321326e-01 4.193466305166026e-01 5.977153685616341e-01
3.660000000000000e-01 6.871611469802575e-01 4.276799638499360e-01 5.914009724238013e-01
3.680000000000000e-01 6.819601956718355e-01 4.360132971832693e-01 5.851438399349085e-01
3.700000000000000e-01 6.767907839050455e-01 4.443466305166027e-01 5.789435376813472e-01
3.720000000000000e-01 6.716527680156590e-01 4.526799638499360e-01 5.727996348778038e-01
3.740000000000000e-01 6.665460047763776e-01 4.610132971832693e-01 5.667117033552933e-01
3.760000000000000e-01 6.614703513961687e-01 4.693466305166027e-01 5.606793175492220e-01
3.780000000000000e-01 6.564256655195954e-01 4.776799638499360e-01 5.547020544874854e-01
3.800000000000000e-01 6.514118052261555e-01 4.860132971832694e-01 5.487794937786097e-01
3.820000000000000e-01 6.464286290296118e-01 4.943466305166027e-01 5.429112175999189e-01
3.840000000000000e-01 6.414759958773314e-01 5.026799638499361e-01 5.370968106857517e-01
3.860000000000000e-01 6.365537651496176e-01 5.110132971832694e-01 5.313358603157020e-01
3.880000000000000e-01 6.316617966590440e-01 5.193466305166027e-01 5.256279563029024e-01
3.900000000000000e-01 6.267999506497912e-01 5.276799638499361e-01 5.199726909823420e-01
3.920000000000000e-01 6.219680877969777e-01 5.360132971832694e-01 5.143696591992172e-01
3.940000000000000e-01 6.171660692060011e-01 5.443466305166027e-01 5.088184582973289e-01
3.960000000000000e-01 6.123937564118639e-01 5.526799638499361e-01 5.033186881074970e-01
3.980000000000000e-01 6.076510113785147e-01 5.610132971832694e-01 4.978699509360310e-01
4.000000000000000e-01 6.029376964981807e-01 5.693466305166027e-01 4.924718515532225e-01
4.020000000000000e-01 5.982536745907021e-01 5.776799638499361e-01 4.871239971818787e-01
4.040000000000000e-01 5.935988089028666e-01 5.860132971832694e-01 4.818259974858915e-01
4.060000000000000e-01 5.889729631077437e-01 5.943466305166027e-01 4.765774645588389e-01
4.080000000000000e-01 5.843760013040209e-01 6.026799638499362e-01 4.713780129126293e-01
4.100000000000000e-01 5.798077880153361e-01 6.110132971832695e-01 4.662272594661702e-01
4.120000000000000e-01 5.752681881896131e-01 6.193466305166028e-01 4.611248235340836e-01
4.140000000000000e-01 5.707570671983977e-01 6.276799638499362e-01 4.560703268154497e-01
4.160000000000000e-01 5.662742908361872e-01 6.360132971832695e-01 4.510633933825850e-01
4.180000000000000e-01 5.618197253197735e-01 6.443466305166026e-01 4.461036496698664e-01
4.200000000000000e-01 5.573932372875691e-01 6.526799638499359e-01 4.411907244625730e-01
4.220000000000000e-01 5.529946937989464e-01 6.610132971832693e-01 4.363242488857795e-01
4.240000000000000e-01 5.486239623335712e-01 6.693466305166026e-01 4.315038563932748e-01
4.260000000000000e-01 5.442809107907371e-01 6.776799638499359e-01 4.267291827565194e-01
4.280000000000000e-01 5.399654074887008e-01 6.860132971832693e-01 4.219998660536378e-01
4.300000000000000e-01 5.356773211640141e-01 6.943466305166026e-01 4.173155466584416e-01
4.320000000000000e-01 5.314165209708624e-01 7.026799638499359e-01 4.126758672294960e-01
4.340000000000000e-01 5.271828764803969e-01 7.110132971832693e-01 4.080804726992125e-01
4.360000000000000e-01 5.229762576800683e-01 7.193466305166026e-01 4.035290102629802e-01
4.380000000000000e-01 5.187965349729649e-01 7.276799638499359e-01 3.990211293683332e-01
4.400000000000000e-01 5.146435791771433e-01 7.360132971832694e-01 3.945564817041492e-01
4.420000000000000e-01 5.105172615249639e-01 7.443466305166027e-01 3.901347211898828e-01
4.440000000000000e-01 5.064174536624275e-01 7.526799638499360e-01 3.857555039648393e-01
4.460000000000000e-01 5.023440276485077e-01 7.610132971832694e-01 3.814184883774746e-01
4.480000000000000e-01 4.982968559544869e-01 7.693466305166027e-01 3.771233349747356e-01
4.500000000000000e-01 4.942758114632896e-01 7.776799638499360e-01 3.728697064914315e-01
4.520000000000000e-01 4.902807674688178e-01 7.860132971832694e-01 3.686572678396419e-01
4.540000000000000e-01 4.863115976752851e-01 7.943466305166027e-01 3.644856860981562e-01
4.560000000000000e-01 4.823681761965519e-01 8.026799638499360e-01 3.603546305019510e-01
4.580000000000000e-01 4.784503775554591e-01 8.110132971832694e-01 3.562637724316984e-01
4.600000000000000e-01 4.745580766831638e-01 8.193466305166027e-01 3.522127854033099e-01
4.620000000000000e-01 4.706911489184725e-01 8.276799638499360e-01 3.482013450575135e-01
4.640000000000000e-01 4.668494700071770e-01 8.360132971832694e-01 3.442291291494665e-01
4.660000000000000e-01 4.630329161013875e-01 8.443466305166027e-01 3.402958175383988e-01
4.680000000000000e-01 4.592413637588688e-01 8.526799638499361e-01 3.364010921772947e-01
4.700000000000000e-01 4.554746899423737e-01 8.610132971832695e-01 3.325446371026047e-01
4.720000000000000e-01 4.517327720189780e-01 8.693466305166028e-01 3.287261384239922e-01
4.740000000000000e-01 4.480154877594151e-01 8.776799638499361e-01 3.249452843141150e-01
4.760000000000000e-01 4.443227153374108e-01 8.860132971832695e-01 3.212017649984393e-01
4.780000000000000e-01 4.406543333290156e-01 8.943466305166028e-01 3.174952727450852e-01
4.800000000000000e-01 4.370102207119441e-01 9.026799638499360e-01 3.138255018547128e-01
4.820000000000000e-01 4.333902568649051e-01 9.110132971832693e-01 3.101921486504333e-01
4.840000000000000e-01 4.297943215669368e-01 9.193466305166026e-01 3.065949114677564e-01
4.860000000000000e-01 4.263194195576169e-01 9.274526178092030e-01 3.031301721930504e-01
4.880000000000000e-01 4.263194195576169e-01 9.274526178092030e-01 3.031301721930504e-01
4.900000000000000e-01 4.263194195576169e-01 9.274526178092030e-01 3.031301721930504e-01
4.920000000000000e-01 4.263194195576169e-01 9.274526178092030e-01 3.031301721930504e-01
4.940000000000000e-01 4.263194195576169e-01 9.274526178092030e-01 3.031301721930504e-01
4.960000000000000e-01 4.263194195576169e-01 9.274526178092030e-01 3.031301721930504e-01
4.980000000000000e-01 4.263194195576169e-01 9.274526178092030e-01 3.031301721930504e-01
5.000000000000000e-01 4.263194195576169e-01 9.274526178092030e-01 3.031301721930504e-01
5.020000000000000e-01 4.263194195576169e-01 9.274526178092030e-01 3.031301721930504e-01
5.040000000000000e-01 4.263194195576169e-01 9.274526178092030e-01 3.031301721930504e-01
5.060000000000000e-01 4.263194195576169e-01 9.274526178092030e-01 3.031301721930504e-01
5.080000000000000e-01 4.263194195576169e-01 9.274526178092030e-01 3.031301721930504e-01
5.100000000000000e-01 4.263194195576169e-01 9.274526178092030e-01 3.031301721930504e-01
5.120000000000000e-01 4.263194195576169e-01 9.274526178092030e-01 3.031301721930504e-01
5.140000000000000e-01 4.263194195576169e-01 9.274526178092030e-01 3.031301721930504e-01
5.160000000000000e-01 4.263194195576169e-01 9.274526178092030e-01 3.031301721930504e-01
5.180000000000000e-01 4.263194195576169e-01 9.274526178092030e-01 3.031301721930504e-01
5.200000000000000e-01 4.263194195576169e-01 9.274526178092030e-01 3.031301721930504e-01
5.220000000000000e-01 4.263194195576169e-01 9.274526178092030e-01 3.031301721930504e-01
5.240000000000000e-01 4.263194195576169e-01 9.274526178092030e-01 3.031301721930504e-01
5.260000000000000e-01 4.263194195576169e-01 9.274526178092030e-01 3.031301721930504e-01
5.280000000000000e-01 4.263194195576169e-01 9.274526178092030e-01 3.031301721930504e-01
5.300000000000000e-01 4.263194195576169e-01 9.274526178092030e-01 3.031301721930504e-01
5.320000000000000e-01 4.263194195576169e-01 9.274526178092030e-01 3.031301721930504e-01
5.340000000000000e-01 4.263194195576169e-01 9.274526178092030e-01 3.031301721930504e-01
5.360000000000000e-01 4.263194195576169e-01 9.274526178092030e-01 3.031301721930504e-01
5.380000000000000e-01 4.263194195576169e-01 9.274526178092030e-01 3.031301721930504e-01
5.400000000000000e-01 4.263194195576169e-01 9.274526178092030e-01 3.031301721930504e-01
5.420000000000000e-01 4.263194195576169e-01 9.274526178092030e-01 3.031301721930504e-01
5.440000000000000e-01 4.263194195576169e-01 9.274526178092030e-01 3.031301721930504e-01
5.460000000000000e-01 4.263194195576169e-01 9.274526178092030e-01 3.031301721930504e-01
5.480000000000000e-01 4.263194195576169e-01 9.274526178092030e-01 3.031301721930504e-01
5.500000000000000e-01 4.263194195576169e-01 9.274526178092030e-01 3.031301721930504e-01
5.520000000000000e-01 4.263194195576169e-01 9.274526178092030e-01 3.031301721930504e-01
5.540000000000000e-01 4.263194195576169e-01 9.274526178092030e-01 3.031301721930504e-01
5.560000000000000e-01 4.263194195576169e-01 9.274526178092030e-01 3.031301721930504e-01
5.580000000000001e-01 4.263194195576169e-01 9.274526178092030e-01 3.031301721930504e-01
5.600000000000001e-01 4.263194195576169e-01 9.274526178092030e-01 3.031301721930504e-01
5.620000000000001e-01 4.263194195576169e-01 9.274526178092030e-01 3.031301721930504e-01
5.640000000000001e-01 4.263194195576169e-01 9.274526178092030e-01 3.031301721930504e-01
5.660000000000001e-01 4.263194195576169e-01 9.274526178092030e-01 3.031301721930504e-01
5.680000000000001e-01 4.263194195576169e-01 9.274526178092030e-01 3.031301721930504e-01
5.700000000000001e-01 4.263194195576169e-01 9.274526178092030e-01 3.031301721930504e-01
5.720000000000001e-01 4.263194195576169e-01 9.274526178092030e-01 3.031301721930504e-01
5.740000000000001e-01 4.263194195576169e-01 9.274526178092030e-01 3.031301721930504e-01
5.760000000000001e-01 4.263194195576169e-01 9.274526178092030e-01 3.031301721930504e-01
5.780000000000000e-01 4.263194195576169e-01 9.274526178092030e-01 3.031301721930504e-01
5.800000000000000e-01 4.263194195576169e-01 9.274526178092030e-01 3.031301721930504e-01
5.820000000000000e-01 4.263194195576169e-01 9.274526178092030e-01 3.031301721930504e-01
5.840000000000000e-01 4.263194195576169e-01 9.274526178092030e-01 3.031301721930504e-01
5.860000000000000e-01 4.263194195576169e-01 9.274526178092030e-01 3.031301721930504e-01
5.880000000000000e-01 4.263194195576169e-01 9.274526178092030e-01 3.031301721930504e-01
5.900000000000000e-01 4.263194195576169e-01 9.274526178092030e-01 3.031301721930504e-01
5.920000000000000e-01 4.263194195576169e-01 9.274526178092030e-01 3.031301721930504e-01
5.940000000000000e-01 4.263194195576169e-01 9.274526178092030e-01 3.031301721930504e-01
5.960000000000000e-01 4.263194195576169e-01 9.274526178092030e-01 3.031301721930504e-01
5.980000000000000e-01 4.263194195576169e-01 9.274526178092030e-01 3.031301721930504e-01
6.000000000000000e-01 4.263194195576169e-01 9.274526178092030e-01 3.031301721930504e-01
6.020000000000000e-01 4.263194195576169e-01 9.274526178092030e-01 3.031301721930504e-01
6.040000000000000e-01 4.263194195576169e-01 9.274526178092030e-01 3.031301721930504e-01
6.060000000000000e-01 4.263194195576169e-01 9.274526178092030e-01 3.031301721930504e-01
6.080000000000000e-01 4.263194195576169e-01 9.274526178092030e-01 3.031301721930504e-01
6.100000000000000e-01 4.263194195576169e-01 9.274526178092030e-01 3.031301721930504e-01
6.120000000000000e-01 4.263194195576169e-01 9.274526178092030e-01 3.031301721930504e-01
6.140000000000000e-01 4.263194195576169e-01 9.274526178092030e-01 3.031301721930504e-01
6.160000000000000e-01 4.263194195576169e-01 9.274526178092030e-01 3.031301721930504e-01
6.180000000000000e-01 4.263194195576169e-01 9.274526178092030e-01 3.031301721930504e-01
6.200000000000000e-01 4.263194195576169e-01 9.274526178092030e-01 3.031301721930504e-01
6.220000000000000e-01 4.263194195576169e-01 9.274526178092030e-01 3.031301721930504e-01
6.240000000000000e-01 4.263194195576169e-01 9.274526178092030e-01 3.031301721930504e-01
6.260000000000000e-01 4.263194195576169e-01 9.274526178092030e-01 3.031301721930504e-01
6.280000000000000e-01 4.263194195576169e-01 9.274526178092030e-01 3.031301721930504e-01
6.300000000000000e-01 4.263194195576169e-01 9.274526178092030e-01 3.031301721930504e-01
6.320000000000000e-01 4.263194195576169e-01 9.274526178092030e-01 3.031301721930504e-01
6.340000000000000e-01 4.263194195576169e-01 9.274526178092030e-01 3.031301721930504e-01
6.360000000000000e-01 4.263194195576169e-01 9.274526178092030e-01 3.031301721930504e-01
6.380000000000000e-01 4.263194195576169e-01 9.274526178092030e-01 3.031301721930504e-01
6.400000000000000e-01 4.263194195576169e-01 9.274526178092030e-01 3.031301721930504e-01
6.420000000000000e-01 4.263194195576169e-01 9.274526178092030e-01 3.031301721930504e-01
6.440000000000000e-01 4.263194195576169e-01 9.274526178092030e-01 3.031301721930504e-01
6.460000000000000e-01 4.263194195576169e-01 9.274526178092030e-01 3.031301721930504e-01
6.480000000000000e-01 4.263194195576169e-01 9.274526178092030e-01 3.031301721930504e-01
6.500000000000000e-01 4.263194195576169e-01 9.274526178092030e-01 3.031301721930504e-01
6.520000000000000e-01 4.263194195576169e-01 9.274526178092030e-01 3.031301721930504e-01
6.540000000000000e-01 4.263194195576169e-01 9.274526178092030e-01 3.031301721930504e-01
6.560000000000000e-01 4.263194195576169e-01 9.274526178092030e-01 3.031301721930504e-01
6.580000000000000e-01 4.263194195576169e-01 9.274526178092030e-01 3.031301721930504e-01
6.600000000000000e-01 4.263194195576169e-01 9.274526178092030e-01 3.031301721930504e-01
6.620000000000000e-01 4.263194195576169e-01 9.274526178092030e-01 3.031301721930504e-01
6.640000000000000e-01 4.263194195576169e-01 9.274526178092030e-01 3.031301721930504e-01
6.660000000000000e-01 4.263194195576169e-01 9.274526178092030e-01 3.031301721930504e-01
6.680000000000000e-01 4.263194195576169e-01 9.274526178092030e-01 3.031301721930504e-01
6.700000000000000e-01 4.263194195576169e-01 9.274526178092030e-01 3.031301721930504e-01
6.720000000000000e-01 4.263194195576169e-01 9.274526178092030e-01 3.031301721930504e-01
6.740000000000000e-01 4.263194195576169e-01 9.274526178092030e-01 3.031301721930504e-01
6.760000000000000e-01 4.263194195576169e-01 9.274526178092030e-01 3.031301721930504e-01
6.780000000000000e-01 4.263194195576169e-01 9.274526178092030e-01 3.031301721930504e-01
6.800000000000000e-01 4.263194195576169e-01 9.274526178092030e-01 3.031301721930504e-01
6.820000000000001e-01 4.263194195576169e-01 9.274526178092030e-01 3.031301721930504e-01
6.840000000000001e-01 4.263194195576169e-01 9.274526178092030e-01 3.031301721930504e-01
6.860000000000001e-01 2.655737137192900e-01 9.274526178092030e-01 3.031301721930504e-01
6.880000000000001e-01 2.655737137192900e-01 9.274526178092030e-01 3.031301721930504e-01
6.900000000000001e-01 2.655737137192900e-01 9.274526178092030e-01 3.031301721930504e-01
6.920000000000001e-01 2.655737137192900e-01 9.274526178092030e-01 3.031301721930504e-01
6.940000000000001e-01 2.655737137192900e-01 9.274526178092030e-01 3.031301721930504e-01
6.960000000000001e-01 2.655737137192900e-01 9.274526178092030e-01 3.031301721930504e-01
6.980000000000001e-01 2.655737137192900e-01 9.274526178092030e-01 3.031301721930504e-01
7.000000000000001e-01 2.655737137192900e-01 9.274526178092030e-01 3.031301721930504e-01
7.020000000000001e-01 2.655737137192900e-01 9.274526178092030e-01 3.031301721930504e-01
7.040000000000000e-01 2.655737137192900e-01 9.274526178092030e-01 3.031301721930504e-01
7.060000000000000e-01 2.655737137192900e-01 9.274526178092030e-01 3.031301721930504e-01
7.080000000000000e-01 2.655737137192900e-01 9.274526178092030e-01 3.031301721930504e-01
7.100000000000000e-01 2.655737137192900e-01 9.274526178092030e-01 3.031301721930504e-01
7.120000000000000e-01 2.655737137192900e-01 9.274526178092030e-01 3.031301721930504e-01
7.140000000000000e-01 2.655737137192900e-01 9.274526178092030e-01 3.031301721930504e-01
7.160000000000000e-01 2.655737137192900e-01 9.274526178092030e-01 3.031301721930504e-01
7.180000000000000e-01 2.655737137192900e-01 9.274526178092030e-01 3.031301721930504e-01
7.200000000000000e-01 2.655737137192900e-01 9.274526178092030e-01 3.031301721930504e-01
7.220000000000000e-01 2.655737137192900e-01 9.274526178092030e-01 3.031301721930504e-01
7.240000000000000e-01 2.655737137192900e-01 9.274526178092030e-01 3.031301721930504e-01
7.260000000000000e-01 2.655737137192900e-01 9.274526178092030e-01 3.031301721930504e-01
7.280000000000000e-01 2.655737137192900e-01 9.274526178092030e-01 3.031301721930504e-01
7.300000000000000e-01 2.655737137192900e-01 9.274526178092030e-01 3.031301721930504e-01
7.320000000000000e-01 2.655737137192900e-01 9.274526178092030e-01 3.031301721930504e-01
7.340000000000000e-01 2.655737137192900e-01 9.274526178092030e-01 3.031301721930504e-01
7.360000000000000e-01 2.655737137192900e-01 9.274526178092030e-01 3.031301721930504e-01
7.380000000000000e-01 2.655737137192900e-01 9.274526178092030e-01 3.031301721930504e-01
7.400000000000000e-01 2.655737137192900e-01 9.274526178092030e-01 3.031301721930504e-01
7.420000000000000e-01 2.655737137192900e-01 9.274526178092030e-01 3.031301721930504e-01
7.440000000000000e-01 2.655737137192900e-01 9.274526178092030e-01 3.031301721930504e-01
7.460000000000000e-01 2.655737137192900e-01 9.274526178092030e-01 3.031301721930504e-01
7.480000000000000e-01 2.655737137192900e-01 9.274526178092030e-01 3.031301721930504e-01
7.500000000000000e-01 2.655737137192900e-01 9.274526178092030e-01 3.031301721930504e-01
7.520000000000000e-01 2.655737137192900e-01 9.274526178092030e-01 3.031301721930504e-01
7.540000000000000e-01 2.655737137192900e-01 9.274526178092030e-01 3.031301721930504e-01
7.560000000000000e-01 2.655737137192900e-01 9.274526178092030e-01 3.031301721930504e-01
7.580000000000000e-01 2.655737137192900e-01 9.274526178092030e-01 3.031301721930504e-01
7.600000000000000e-01 2.655737137192900e-01 9.274526178092030e-01 3.031301721930504e-01
7.620000000000000e-01 2.655737137192900e-01 9.274526178092030e-01 3.031301721930504e-01
7.640000000000000e-01 2.655737137192900e-01 9.274526178092030e-01 3.031301721930504e-01
7.660000000000000e-01 2.655737137192900e-01 9.274526178092030e-01 3.031301721930504e-01
7.680000000000000e-01 2.655737137192900e-01 9.274526178092030e-01 3.031301721930504e-01
7.700000000000000e-01 2.655737137192900e-01 9.274526178092030e-01 3.031301721930504e-01
7.720000000000000e-01 2.655737137192900e-01 9.274526178092030e-01 3.031301721930504e-01
7.740000000000000e-01 2.655737137192900e-01 9.274526178092030e-01 3.031301721930504e-01
7.760000000000000e-01 2.655737137192900e-01 9.274526178092030e-01 3.031301721930504e-01
7.780000000000000e-01 2.655737137192900e-01 9.274526178092030e-01 3.031301721930504e-01
7.800000000000000e-01 2.655737137192900e-01 9.274526178092030e-01 3.031301721930504e-01
7.820000000000000e-01 2.655737137192900e-01 9.274526178092030e-01 3.031301721930504e-01
7.840000000000000e-01 2.655737137192900e-01 9.274526178092030e-01 3.031301721930504e-01
7.860000000000000e-01 2.655737137192900e-01 9.274526178092030e-01 3.031301721930504e-01
7.880000000000000e-01 2.655737137192900e-01 9.274526178092030e-01 3.031301721930504e-01
7.900000000000000e-01 2.655737137192900e-01 9.274526178092030e-01 3.031301721930504e-01
7.920000000000000e-01 2.655737137192900e-01 9.274526178092030e-01 3.031301721930504e-01
7.940000000000000e-01 2.655737137192900e-01 9.274526178092030e-01 3.031301721930504e-01
7.960000000000000e-01 2.655737137192900e-01 9.274526178092030e-01 3.031301721930504e-01
7.980000000000000e-01 2.655737137192900e-01 9.274526178092030e-01 3.031301721930504e-01
8.000000000000000e-01 2.655737137192900e-01 9.274526178092030e-01 3.031301721930504e-01
8.020000000000000e-01 2.655737137192900e-01 9.274526178092030e-01 3.031301721930504e-01
8.040000000000000e-01 2.655737137192900e-01 9.274526178092030e-01 3.031301721930504e-01
8.060000000000000e-01 2.655737137192900e-01 9.274526178092030e-01 3.031301721930504e-01
8.080000000000001e-01 2.655737137192900e-01 9.274526178092030e-01 3.031301721930504e-01
8.100000000000001e-01 2.655737137192900e-01 9.274526178092030e-01 3.031301721930504e-01
8.120000000000001e-01 2.655737137192900e-01 9.274526178092030e-01 3.031301721930504e-01
8.140000000000001e-01 2.655737137192900e-01 9.274526178092030e-01 3.031301721930504e-01
8.160000000000001e-01 2.655737137192900e-01 9.274526178092030e-01 3.031301721930504e-01
8.180000000000001e-01 2.655737137192900e-01 9.274526178092030e-01 3.031301721930504e-01
8.200000000000001e-01 2.655737137192900e-01 9.274526178092030e-01 3.031301721930504e-01
8.220000000000001e-01 2.655737137192900e-01 9.274526178092030e-01 3.031301721930504e-01
8.240000000000001e-01 2.655737137192900e-01 9.274526178092030e-01 3.031301721930504e-01
8.260000000000001e-01 2.655737137192900e-01 9.274526178092030e-01 3.031301721930504e-01
8.280000000000001e-01 2.655737137192900e-01 9.274526178092030e-01 3.031301721930504e-01
8.300000000000001e-01 2.655737137192900e-01 9.274526178092030e-01 3.031301721930504e-01
8.320000000000001e-01 2.655737137192900e-01 9.274526178092030e-01 3.031301721930504e-01
8.340000000000000e-01 2.655737137192900e-01 9.274526178092030e-01 3.031301721930504e-01
8.360000000000000e-01 2.655737137192900e-01 9.274526178092030e-01 3.031301721930504e-01
8.380000000000000e-01 2.655737137192900e-01 9.274526178092030e-01 3.031301721930504e-01
8.400000000000000e-01 2.655737137192900e-01 9.274526178092030e-01 3.031301721930504e-01
8.420000000000000e-01 2.655737137192900e-01 9.274526178092030e-01 3.031301721930504e-01
8.440000000000000e-01 2.655737137192900e-01 9.274526178092030e-01 3.031301721930504e-01
8.460000000000000e-01 2.655737137192900e-01 9.274526178092030e-01 3.031301721930504e-01
8.480000000000000e-01 2.655737137192900e-01 9.274526178092030e-01 3.031301721930504e-01
8.500000000000000e-01 2.655737137192900e-01 9.274526178092030e-01 3.031301721930504e-01
8.520000000000000e-01 1.250000000000000e-01 0.000000000000000e+00 1.000000000000000e-01
8.540000000000000e-01 1.250000000000000e-01 0.000000000000000e+00 1.000000000000000e-01
8.560000000000000e-01 1.250000000000000e-01 0.000000000000000e+00 1.000000000000000e-01
8.580000000000000e-01 1.250000000000000e-01 0.000000000000000e+00 1.000000000000000e-01
8.600000000000000e-01 1.250000000000000e-01 0.000000000000000e+00 1.000000000000000e-01
8.620000000000000e-01 1.250000000000000e-01 0.000000000000000e+00 1.000000000000000e-01
8.640000000000000e-01 1.250000000000000e-01 0.000000000000000e+00 1.000000000000000e-01
8.660000000000000e-01 1.250000000000000e-01 0.000000000000000e+00 1.000000000000000e-01
8.680000000000000e-01 1.250000000000000e-01 0.000000000000000e+00 1.000000000000000e-01
8.700000000000000e-01 1.250000000000000e-01 0.000000000000000e+00 1.000000000000000e-01
8.720000000000000e-01 1.250000000000000e-01 0.000000000000000e+00 1.000000000000000e-01
8.740000000000000e-01 1.250000000000000e-01 0.000000000000000e+00 1.000000000000000e-01
8.760000000000000e-01 1.250000000000000e-01 0.000000000000000e+00 1.000000000000000e-01
8.780000000000000e-01 1.250000000000000e-01 0.000000000000000e+00 1.000000000000000e-01
8.800000000000000e-01 1.250000000000000e-01 0.000000000000000e+00 1.000000000000000e-01
8.820000000000000e-01 1.250000000000000e-01 0.000000000000000e+00 1.000000000000000e-01
8.840000000000000e-01 1.250000000000000e-01 0.000000000000000e+00 1.000000000000000e-01
8.860000000000000e-01 1.250000000000000e-01 0.000000000000000e+00 1.000000000000000e-01
8.880000000000000e-01 1.250000000000000e-01 0.000000000000000e+00 1.000000000000000e-01
8.900000000000000e-01 1.250000000000000e-01 0.000000000000000e+00 1.000000000000000e-01
8.920000000000000e-01 1.250000000000000e-01 0.000000000000000e+00 1.000000000000000e-01
8.940000000000000e-01 1.250000000000000e-01 0.000000000000000e+00 1.000000000000000e-01
8.960000000000000e-01 1.250000000000000e-01 0.000000000000000e+00 1.000000000000000e-01
8.980000000000000e-01 1.250000000000000e-01 0.000000000000000e+00 1.000000000000000e-01
9.000000000000000e-01 1.250000000000000e-01 0.000000000000000e+00 1.000000000000000e-01
9.020000000000000e-01 1.250000000000000e-01 0.000000000000000e+00 1.000000000000000e-01
9.040000000000000e-01 1.250000000000000e-01 0.000000000000000e+00 1.000000000000000e-01
9.060000000000000e-01 1.250000000000000e-01 0.000000000000000e+00 1.000000000000000e-01
9.080000000000000e-01 1.250000000000000e-01 0.000000000000000e+00 1.000000000000000e-01
9.100000000000000e-01 1.250000000000000e-01 0.000000000000000e+00 1.000000000000000e-01
9.120000000000000e-01 1.250000000000000e-01 0.000000000000000e+00 1.000000000000000e-01
9.140000000000000e-01 1.250000000000000e-01 0.000000000000000e+00 1.000000000000000e-01
9.160000000000000e-01 1.250000000000000e-01 0.000000000000000e+00 1.000000000000000e-01
9.180000000000000e-01 1.250000000000000e-01 0.000000000000000e+00 1.000000000000000e-01
9.200000000000000e-01 1.250000000000000e-01 0.000000000000000e+00 1.000000000000000e-01
9.220000000000000e-01 1.250000000000000e-01 0.000000000000000e+00 1.000000000000000e-01
9.240000000000000e-01 1.250000000000000e-01 0.000000000000000e+00 1.000000000000000e-01
9.260000000000000e-01 1.250000000000000e-01 0.000000000000000e+00 1.000000000000000e-01
9.280000000000000e-01 1.250000000000000e-01 0.000000000000000e+00 1.000000000000000e-01
9.300000000000000e-01 1.250000000000000e-01 0.000000000000000e+00 1.000000000000000e-01
9.320000000000001e-01 1.250000000000000e-01 0.000000000000000e+00 1.000000000000000e-01
9.340000000000001e-01 1.250000000000000e-01 0.000000000000000e+00 1.000000000000000e-01
9.360000000000001e-01 1.250000000000000e-01 0.000000000000000e+00 1.000000000000000e-01
9.380000000000001e-01 1.250000000000000e-01 0.000000000000000e+00 1.000000000000000e-01
9.400000000000001e-01 1.250000000000000e-01 0.000000000000000e+00 1.000000000000000e-01
9.420000000000001e-01 1.250000000000000e-01 0.000000000000000e+00 1.000000000000000e-01
9.440000000000001e-01 1.250000000000000e-01 0.000000000000000e+00 1.000000000000000e-01
9.460000000000001e-01 1.250000000000000e-01 0.000000000000000e+00 1.000000000000000e-01
9.480000000000001e-01 1.250000000000000e-01 0.000000000000000e+00 1.000000000000000e-01
9.500000000000001e-01 1.250000000000000e-01 0.000000000000000e+00 1.000000000000000e-01
9.520000000000001e-01 1.250000000000000e-01 0.000000000000000e+00 1.000000000000000e-01
9.540000000000001e-01 1.250000000000000e-01 0.000000000000000e+00 1.000000000000000e-01
9.560000000000001e-01 1.250000000000000e-01 0.000000000000000e+00 1.000000000000000e-01
9.580000000000001e-01 1.250000000000000e-01 0.000000000000000e+00 1.000000000000000e-01
9.600000000000000e-01 1.250000000000000e-01 0.000000000000000e+00 1.000000000000000e-01
9.620000000000000e-01 1.250000000000000e-01 0.000000000000000e+00 1.000000000000000e-01
9.640000000000000e-01 1.250000000000000e-01 0.000000000000000e+00 1.000000000000000e-01
9.660000000000000e-01 1.250000000000000e-01 0.000000000000000e+00 1.000000000000000e-01
9.680000000000000e-01 1.250000000000000e-01 0.000000000000000e+00 1.000000000000000e-01
9.700000000000000e-01 1.250000000000000e-01 0.000000000000000e+00 1.000000000000000e-01
9.720000000000000e-01 1.250000000000000e-01 0.000000000000000e+00 1.000000000000000e-01
9.740000000000000e-01 1.250000000000000e-01 0.000000000000000e+00 1.000000000000000e-01
9.760000000000000e-01 1.250000000000000e-01 0.000000000000000e+00 1.000000000000000e-01
9.780000000000000e-01 1.250000000000000e-01 0.000000000000000e+00 1.000000000000000e-01
9.800000000000000e-01 1.250000000000000e-01 0.000000000000000e+00 1.000000000000000e-01
9.820000000000000e-01 1.250000000000000e-01 0.000000000000000e+00 1.000000000000000e-01
9.840000000000000e-01 1.250000000000000e-01 0.000000000000000e+00 1.000000000000000e-01
9.860000000000000e-01 1.250000000000000e-01 0.000000000000000e+00 1.000000000000000e-01
9.880000000000000e-01 1.250000000000000e-01 0.000000000000000e+00 1.000000000000000e-01
9.900000000000000e-01 1.250000000000000e-01 0.000000000000000e+00 1.000000000000000e-01
9.920000000000000e-01 1.250000000000000e-01 0.000000000000000e+00 1.000000000000000e-01
9.940000000000000e-01 1.250000000000000e-01 0.000000000000000e+00 1.000000000000000e-01
9.960000000000000e-01 1.250000000000000e-01 0.000000000000000e+00 1.000000000000000e-01
9.980000000000000e-01 1.250000000000000e-01 0.000000000000000e+00 1.000000000000000e-01
1.000000000000000e+00 1.250000000000000e-01 0.000000000000000e+00 1.000000000000000e-01
ZONE T="beta=0.5", AUXDATA beta="0.5", I=501, F=POINT
0.000000000000000e+00 1.000000000000000e+00 0.000000000000000e+00 1.000000000000000e+00
2.000000000000000e-03 1.000000000000000e+00 0.000000000000000e+00 1.000000000000000e+00
4.000000000000000e-03 1.000000000000000e+00 0.000000000000000e+00 1.000000000000000e+00
6.000000000000000e-03 1.000000000000000e+00 0.000000000000000e+00 1.000000000000000e+00
8.000000000000000e-03 1.000000000000000e+00 0.000000000000000e+00 1.000000000000000e+00
1.000000000000000e-02 1.000000000000000e+00 0.000000000000000e+00 1.000000000000000e+00
1.200000000000000e-02 1.000000000000000e+00 0.000000000000000e+00 1.000000000000000e+00
1.400000000000000e-02 1.000000000000000e+00 0.000000000000000e+00 1.000000000000000e+00
1.600000000000000e-02 1.000000000000000e+00 0.000000000000000e+00 1.000000000000000e+00
1.800000000000000e-02 1.000000000000000e+00 0.000000000000000e+00 1.000000000000000e+00
2.000000000000000e-02 1.000000000000000e+00 0.000000000000000e+00 1.000000000000000e+00
2.200000000000000e-02 1.000000000000000e+00 0.000000000000000e+00 1.000000000000000e+00
2.400000000000000e-02 1.000000000000000e+00 0.000000000000000e+00 1.000000000000000e+00
2.600000000000000e-02 1.000000000000000e+00 0.000000000000000e+00 1.000000000000000e+00
2.800000000000000e-02 1.000000000000000e+00 0.000000000000000e+00 1.000000000000000e+00
3.000000000000000e-02 1.000000000000000e+00 0.000000000000000e+00 1.000000000000000e+00
3.200000000000000e-02 1.000000000000000e+00 0.000000000000000e+00 1.000000000000000e+00
3.400000000000000e-02 1.000000000000000e+00 0.000000000000000e+00 1.000000000000000e+00
3.600000000000000e-02 1.000000000000000e+00 0.000000000000000e+00 1.000000000000000e+00
3.800000000000000e-02 1.000000000000000e+00 0.000000000000000e+00 1.000000000000000e+00
4.000000000000000e-02 1.000000000000000e+00 0.000000000000000e+00 1.000000000000000e+00
4.200000000000000e-02 1.000000000000000e+00 0.000000000000000e+00 1.000000000000000e+00
4.400000000000000e-02 1.000000000000000e+00 0.000000000000000e+00 1.000000000000000e+00
4.600000000000000e-02 1.000000000000000e+00 0.000000000000000e+00 1.000000000000000e+00
4.800000000000000e-02 1.000000000000000e+00 0.000000000000000e+00 1.000000000000000e+00
5.000000000000000e-02 1.000000000000000e+00 0.000000000000000e+00 1.000000000000000e+00
5.200000000000000e-02 1.000000000000000e+00 0.000000000000000e+00 1.000000000000000e+00
5.400000000000000e-02 1.000000000000000e+00 0.000000000000000e+00 1.000000000000000e+00
5.600000000000000e-02 1.000000000000000e+00 0.000000000000000e+00 1.000000000000000e+00
5.800000000000000e-02 1.000000000000000e+00 0.000000000000000e+00 1.000000000000000e+00
6.000000000000000e-02 1.000000000000000e+00 0.000000000000000e+00 1.000000000000000e+00
6.200000000000000e-02 1.000000000000000e+00 0.000000000000000e+00 1.000000000000000e+00
6.400000000000000e-02 1.000000000000000e+00 0.000000000000000e+00 1.000000000000000e+00
6.600000000000000e-02 1.000000000000000e+00 0.000000000000000e+00 1.000000000000000e+00
6.800000000000000e-02 1.000000000000000e+00 0.000000000000000e+00 1.000000000000000e+00
7.000000000000001e-02 1.000000000000000e+00 0.000000000000000e+00 1.000000000000000e+00
7.199999999999999e-02 1.000000000000000e+00 0.000000000000000e+00 1.000000000000000e+00
7.400000000000000e-02 1.000000000000000e+00 0.000000000000000e+00 1.000000000000000e+00
7.600000000000000e-02 1.000000000000000e+00 0.000000000000000e+00 1.000000000000000e+00
7.800000000000000e-02 1.000000000000000e+00 0.000000000000000e+00 1.000000000000000e+00
8.000000000000000e-02 1.000000000000000e+00 0.000000000000000e+00 1.000000000000000e+00
8.200000000000000e-02 1.000000000000000e+00 0.000000000000000e+00 1.000000000000000e+00
8.400000000000001e-02 1.000000000000000e+00 0.000000000000000e+00 1.000000000000000e+00
8.599999999999999e-02 1.000000000000000e+00 0.000000000000000e+00 1.000000000000000e+00
8.799999999999999e-02 1.000000000000000e+00 0.000000000000000e+00 1.000000000000000e+00
9.000000000000000e-02 1.000000000000000e+00 0.000000000000000e+00 1.000000000000000e+00
9.200000000000000e-02 1.000000000000000e+00 0.000000000000000e+00 1.000000000000000e+00
9.400000000000000e-02 1.000000000000000e+00 0.000000000000000e+00 1.000000000000000e+00
9.600000000000000e-02 1.000000000000000e+00 0.000000000000000e+00 1.000000000000000e+00
9.800000000000000e-02 1.000000000000000e+00 0.000000000000000e+00 1.000000000000000e+00
1.000000000000000e-01 1.000000000000000e+00 0.000000000000000e+00 1.000000000000000e+00
1.020000000000000e-01 1.000000000000000e+00 0.000000000000000e+00 1.000000000000000e+00
1.040000000000000e-01 1.000000000000000e+00 0.000000000000000e+00 1.000000000000000e+00
1.060000000000000e-01 1.000000000000000e+00 0.000000000000000e+00 1.000000000000000e+00
1.080000000000000e-01 1.000000000000000e+00 0.000000000000000e+00 1.000000000000000e+00
1.100000000000000e-01 1.000000000000000e+00 0.000000000000000e+00 1.000000000000000e+00
1.120000000000000e-01 1.000000000000000e+00 0.000000000000000e+00 1.000000000000000e+00
1.140000000000000e-01 1.000000000000000e+00 0.000000000000000e+00 1.000000000000000e+00
1.160000000000000e-01 1.000000000000000e+00 0.000000000000000e+00 1.000000000000000e+00
1.180000000000000e-01 1.000000000000000e+00 0.000000000000000e+00 1.000000000000000e+00
1.200000000000000e-01 1.000000000000000e+00 0.000000000000000e+00 1.000000000000000e+00
1.220000000000000e-01 1.000000000000000e+00 0.000000000000000e+00 1.000000000000000e+00
1.240000000000000e-01 1.000000000000000e+00 0.000000000000000e+00 1.000000000000000e+00
1.260000000000000e-01 1.000000000000000e+00 0.000000000000000e+00 1.000000000000000e+00
1.280000000000000e-01 1.000000000000000e+00 0.000000000000000e+00 1.000000000000000e+00
1.300000000000000e-01 1.000000000000000e+00 0.000000000000000e+00 1.000000000000000e+00
1.320000000000000e-01 1.000000000000000e+00 0.000000000000000e+00 1.000000000000000e+00
1.340000000000000e-01 1.000000000000000e+00 0.000000000000000e+00 1.000000000000000e+00
1.360000000000000e-01 1.000000000000000e+00 0.000000000000000e+00 1.000000000000000e+00
1.380000000000000e-01 1.000000000000000e+00 0.000000000000000e+00 1.000000000000000e+00
1.400000000000000e-01 1.000000000000000e+00 0.000000000000000e+00 1.000000000000000e+00
1.420000000000000e-01 1.000000000000000e+00 0.000000000000000e+00 1.000000000000000e+00
1.440000000000000e-01 1.000000000000000e+00 0.000000000000000e+00 1.000000000000000e+00
1.460000000000000e-01 1.000000000000000e+00 0.000000000000000e+00 1.000000000000000e+00
1.480000000000000e-01 1.000000000000000e+00 0.000000000000000e+00 1.000000000000000e+00
1.500000000000000e-01 1.000000000000000e+00 0.000000000000000e+00 1.000000000000000e+00
1.520000000000000e-01 1.000000000000000e+00 0.000000000000000e+00 1.000000000000000e+00
1.540000000000000e-01 1.000000000000000e+00 0.000000000000000e+00 1.000000000000000e+00
1.560000000000000e-01 1.000000000000000e+00 0.000000000000000e+00 1.000000000000000e+00
1.580000000000000e-01 1.000000000000000e+00 0.000000000000000e+00 1.000000000000000e+00
1.600000000000000e-01 1.000000000000000e+00 0.000000000000000e+00 1.000000000000000e+00
1.620000000000000e-01 1.000000000000000e+00 0.000000000000000e+00 1.000000000000000e+00
1.640000000000000e-01 1.000000000000000e+00 0.000000000000000e+00 1.000000000000000e+00
1.660000000000000e-01 1.000000000000000e+00 0.000000000000000e+00 1.000000000000000e+00
1.680000000000000e-01 1.000000000000000e+00 0.000000000000000e+00 1.000000000000000e+00
1.700000000000000e-01 1.000000000000000e+00 0.000000000000000e+00 1.000000000000000e+00
1.720000000000000e-01 1.000000000000000e+00 0.000000000000000e+00 1.000000000000000e+00
1.740000000000000e-01 1.000000000000000e+00 0.000000000000000e+00 1.000000000000000e+00
1.760000000000000e-01 1.000000000000000e+00 0.000000000000000e+00 1.000000000000000e+00
1.780000000000000e-01 1.000000000000000e+00 0.000000000000000e+00 1.000000000000000e+00
1.800000000000000e-01 1.000000000000000e+00 0.000000000000000e+00 1.000000000000000e+00
1.820000000000000e-01 1.000000000000000e+00 0.000000000000000e+00 1.000000000000000e+00
1.840000000000000e-01 1.000000000000000e+00 0.000000000000000e+00 1.000000000000000e+00
1.860000000000000e-01 1.000000000000000e+00 0.000000000000000e+00 9.999999999000000e-01
1.880000000000000e-01 9.999999999000000e-01 1.000000000000000e-10 9.999999999000000e-01
1.900000000000000e-01 9.999999998000000e-01 3.000000000000000e-10 9.999999997000000e-01
1.920000000000000e-01 9.999999994000000e-01 7.000000000000000e-10 9.999999992000000e-01
1.940000000000000e-01 9.999999986000000e-01 1.600000000000000e-09 9.999999981000000e-01
1.960000000000000e-01 9.999999968000000e-01 3.800000000000000e-09 9.999999956000000e-01
1.980000000000000e-01 9.999999927000000e-01 8.700000000000000e-09 9.999999898000000e-01
2.000000000000000e-01 9.999999834000000e-01 1.970000000000000e-08 9.999999767000000e-01
2.020000000000000e-01 9.999999630000000e-01 4.380000000000000e-08 9.999999482000000e-01
2.040000000000000e-01 9.999999191000000e-01 9.570000000000000e-08 9.999998868000000e-01
2.060000000000000e-01 9.999998279000000e-01 2.036000000000000e-07 9.999997591000001e-01
2.080000000000000e-01 9.999996448000000e-01 4.203000000000000e-07 9.999995027000000e-01
2.100000000000000e-01 9.999992927000000e-01 8.369000000000000e-07 9.999990098000000e-01
2.120000000000000e-01 9.999986442000000e-01 1.604200000000000e-06 9.999981019000000e-01
2.140000000000000e-01 9.999974956000000e-01 2.963200000000000e-06 9.999964938000000e-01
2.160000000000000e-01 9.999955261000000e-01 5.293600000000000e-06 9.999937366000000e-01
2.180000000000000e-01 9.999922363000000e-01 9.186200000000000e-06 9.999891308000000e-01
2.200000000000000e-01 9.999868573000000e-01 1.555070000000000e-05 9.999816003000001e-01
2.220000000000000e-01 9.999782216999999e-01 2.576860000000000e-05 9.999695105000000e-01
2.240000000000000e-01 9.999645833000000e-01 4.190600000000000e-05 9.999504171000000e-01
2.260000000000000e-01 9.999433749000000e-01 6.700100000000000e-05 9.999207260000000e-01
2.280000000000000e-01 9.999108879000000e-01 1.054419000000000e-04 9.998752459000000e-01
2.300000000000000e-01 9.998618676000000e-01 1.634479000000000e-04 9.998066214000000e-01
2.320000000000000e-01 9.997890192000000e-01 2.496535000000000e-04 9.997046424000000e-01
2.340000000000000e-01 9.996824349000000e-01 3.757886000000000e-04 9.995554436000000e-01
2.360000000000000e-01 9.995289726000000e-01 5.574174000000000e-04 9.993406371000000e-01
2.380000000000000e-01 9.993116388000000e-01 8.146749000000000e-04 9.990364535000000e-01
2.400000000000000e-01 9.990090617000000e-01 1.172903100000000e-03 9.986130118000000e-01
2.420000000000000e-01 9.985951655000000e-01 1.663054200000000e-03 9.980338775000001e-01
2.440000000000000e-01 9.980391813000000e-01 2.321710100000000e-03 9.972560962000000e-01
2.460000000000000e-01 9.973061249000000e-01 3.190561700000000e-03 9.962308909000001e-01
2.480000000000000e-01 9.963578465000000e-01 4.315227900000000e-03 9.949051680000000e-01
2.500000000000000e-01 9.951546907000000e-01 5.743369300000000e-03 9.932238847000000e-01
2.520000000000000e-01 9.936577049000000e-01 7.522162100000000e-03 9.911331877000000e-01
2.540000000000000e-01 9.918312186000000e-01 9.695331400000000e-03 9.885840664000000e-01
2.560000000000000e-01 9.896455074000000e-01 1.230006570000000e-02 9.855361120000000e-01
2.580000000000000e-01 9.870791861000000e-01 1.536421320000000e-02 9.819608741000000e-01
2.600000000000000e-01 9.841209794000000e-01 1.890416090000000e-02 9.778443150000000e-01
2.620000000000000e-01 9.807705942000000e-01 2.292371490000000e-02 9.731879747000000e-01
2.640000000000000e-01 9.770385643000000e-01 2.741414010000000e-02 9.680086691999999e-01
2.660000000000000e-01 9.729451147000000e-01 3.235532420000000e-02 9.623367995000000e-01
2.680000000000000e-01 9.685182497000000e-01 3.771785030000000e-02 9.562135728000000e-01
2.700000000000000e-01 9.637913811000000e-01 4.346563270000000e-02 9.496875925000000e-01
2.720000000000000e-01 9.588008431000000e-01 4.955873120000000e-02 9.428113129000000e-01
2.740000000000000e-01 9.535836000000000e-01 5.595598930000000e-02 9.356377956000000e-01
2.760000000000000e-01 9.481753684000001e-01 6.261723810000000e-02 9.282180722000000e-01
2.780000000000000e-01 9.426092610000000e-01 6.950492690000000e-02 9.205992622000000e-01
2.800000000000000e-01 9.369149611000001e-01 7.658515370000001e-02 9.128234499000000e-01
2.820000000000000e-01 9.311183646000000e-01 8.382816060000001e-02 9.049272212000000e-01
2.840000000000000e-01 9.252415802000000e-01 9.120840240000000e-02 8.969417054000000e-01
2.860000000000000e-01 9.193031757000000e-01 9.870432270000000e-02 8.888929550000000e-01
2.880000000000000e-01 9.133185608000000e-01 1.062979522000000e-01 8.808025140000000e-01
2.900000000000000e-01 9.073004283000000e-01 1.139744306000000e-01 8.726880577000000e-01
2.920000000000000e-01 9.012591921999999e-01 1.217215179000000e-01 8.645640259000000e-01
2.940000000000000e-01 8.952033926000000e-01 1.295291375000000e-01 8.564422012000000e-01
2.960000000000000e-01 8.891400489000000e-01 1.373889727000000e-01 8.483322129999999e-01
2.980000000000000e-01 8.830749582000000e-01 1.452941219000000e-01 8.402419627000000e-01
3.000000000000000e-01 8.770129272000000e-01 1.532388260000000e-01 8.321779560000000e-01
3.020000000000000e-01 8.709579504000000e-01 1.612182791000000e-01 8.241455462000000e-01
3.040000000000000e-01 8.649133635000000e-01 1.692284429000000e-01 8.161491569000000e-01
3.060000000000000e-01 8.588819696000000e-01 1.772658989000000e-01 8.081924606999999e-01
3.080000000000000e-01 8.528661385000000e-01 1.853277324000000e-01 8.002785194000001e-01
3.100000000000000e-01 8.468678842000000e-01 1.934114415000000e-01 7.924098939999999e-01
3.120000000000000e-01 8.408889275000000e-01 2.015148649000000e-01 7.845887319000000e-01
3.140000000000000e-01 8.349307446999999e-01 2.096361248000000e-01 7.768168365000000e-01
3.160000000000000e-01 8.289946072000000e-01 2.177735806000000e-01 7.690957228999999e-01
3.180000000000000e-01 8.230816135000000e-01 2.259257917000000e-01 7.614266634000000e-01
3.200000000000000e-01 8.171927155000001e-01 2.340914871000000e-01 7.538107241999999e-01
3.220000000000000e-01 8.113287399000000e-01 2.422695407000000e-01 7.462487959000000e-01
3.240000000000000e-01 8.054904058000000e-01 2.504589503000000e-01 7.387416187000000e-01
3.260000000000000e-01 7.996783397000000e-01 2.586588208000000e-01 7.312898032000000e-01
3.280000000000000e-01 7.938930881000000e-01 2.668683494000000e-01 7.238938484000000e-01
3.300000000000000e-01 7.881351275000000e-01 2.750868136000000e-01 7.165541560000001e-01
3.320000000000000e-01 7.824048736000000e-01 2.833135611000000e-01 7.092710434000000e-01
3.340000000000000e-01 7.767026889999999e-01 2.915480009000000e-01 7.020447543000000e-01
3.360000000000000e-01 7.710288895000000e-01 2.997895955000000e-01 6.948754676000000e-01
3.380000000000000e-01 7.653837494000000e-01 3.080378552000000e-01 6.877633058000000e-01
3.400000000000000e-01 7.597675067000000e-01 3.162923317000000e-01 6.807083413000000e-01
3.420000000000000e-01 7.541803674000001e-01 3.245526138000000e-01 6.737106026000000e-01
3.440000000000000e-01 7.486225083000000e-01 3.328183231000000e-01 6.667700791000000e-01
3.460000000000000e-01 7.430940810000000e-01 3.410891103000000e-01 6.598867260000000e-01
3.480000000000000e-01 7.375952143000000e-01 3.493646518000000e-01 6.530604679000001e-01
3.500000000000000e-01 7.321260165000000e-01 3.576446474000000e-01 6.462912020000000e-01
3.520000000000000e-01 7.266865780000000e-01 3.659288173000000e-01 6.395788017000000e-01
3.540000000000000e-01 7.212769726000000e-01 3.742169002000000e-01 6.329231187000000e-01
3.560000000000000e-01 7.158972593000000e-01 3.825086514000000e-01 6.263239854000000e-01
3.580000000000000e-01 7.105474839000000e-01 3.908038410000000e-01 6.197812171000000e-01
3.600000000000000e-01 7.052276802000000e-01 3.991022526000000e-01 6.132946138000001e-01
3.620000000000000e-01 6.999378706000000e-01 4.074036820000000e-01 6.068639613000000e-01
3.640000000000000e-01 6.946780680000000e-01 4.157079362000000e-01 6.004890331000000e-01
3.660000000000000e-01 6.894482758000000e-01 4.240148325000000e-01 5.941695912000000e-01
3.680000000000000e-01 6.842484886000000e-01 4.323241977000000e-01 5.879053871000000e-01
3.700000000000000e-01 6.790786932000000e-01 4.406358681000000e-01 5.816961625000000e-01
3.720000000000000e-01 6.739388683999999e-01 4.489496886000000e-01 5.755416500000000e-01
3.740000000000000e-01 6.688289854000000e-01 4.572655132000000e-01 5.694415735000000e-01
3.760000000000000e-01 6.637490080000000e-01 4.655832049000000e-01 5.633956484000000e-01
3.780000000000000e-01 6.586988922000000e-01 4.739026364000000e-01 5.574035813000000e-01
3.800000000000000e-01 6.536785865000000e-01 4.822236907000000e-01 5.514650706000001e-01
3.820000000000000e-01 6.486880306000000e-01 4.905462623000000e-01 5.455798050000000e-01
3.840000000000000e-01 6.437271560000000e-01 4.988702589000000e-01 5.397474638000000e-01
3.860000000000000e-01 6.387958823000000e-01 5.071956028000000e-01 5.339677159000000e-01
3.880000000000000e-01 6.338941234000000e-01 5.155222337000001e-01 5.282402181000000e-01
3.900000000000000e-01 6.290217685000000e-01 5.238501112000000e-01 5.225646146000000e-01
3.920000000000000e-01 6.241787200000000e-01 5.321792181000000e-01 5.169405352000001e-01
3.940000000000000e-01 6.193648128000000e-01 5.405095628000000e-01 5.113675940000000e-01
3.960000000000000e-01 6.145799568000000e-01 5.488411855999999e-01 5.058453868000000e-01
3.980000000000000e-01 6.098239028000000e-01 5.571741571000000e-01 5.003734922999999e-01
4.000000000000000e-01 6.050965650000000e-01 5.655085905000000e-01 4.949514658000000e-01
4.020000000000000e-01 6.003976489000000e-01 5.738446305000000e-01 4.895788470000000e-01
4.040000000000000e-01 5.957269643999999e-01 5.821824737000000e-01 4.842551483000000e-01
4.060000000000000e-01 5.910843107000000e-01 5.905223457000000e-01 4.789798702000000e-01
4.080000000000000e-01 5.864693105000000e-01 5.988645222000000e-01 4.737524896000000e-01
4.100000000000000e-01 5.818817908000000e-01 6.072093022000000e-01 4.685724769000000e-01
4.120000000000000e-01 5.773214600000000e-01 6.155570166000000e-01 4.634392922000000e-01
4.140000000000000e-01 5.727879154000000e-01 6.239079984000000e-01 4.583524030000000e-01
4.160000000000000e-01 5.682810030000000e-01 6.322625855000000e-01 4.533112839000000e-01
4.180000000000000e-01 5.638004760999999e-01 6.406210737000000e-01 4.483154431000000e-01
4.200000000000000e-01 5.593459435000000e-01 6.489837234000000e-01 4.433644179000000e-01
4.220000000000000e-01 5.549173367000000e-01 6.573507058000000e-01 4.384578051000000e-01
4.240000000000000e-01 5.505146210000000e-01 6.657221077000000e-01 4.335952552000000e-01
4.260000000000000e-01 5.461375360000000e-01 6.740978842999999e-01 4.287764970000000e-01
4.280000000000000e-01 5.417860579000000e-01 6.824778873000000e-01 4.240013187000000e-01
4.300000000000000e-01 5.374604737999999e-01 6.908618211999999e-01 4.192695890000000e-01
4.320000000000000e-01 5.331608086000000e-01 6.992493023000000e-01 4.145812202000000e-01
4.340000000000000e-01 5.288869832000000e-01 7.076398342000000e-01 4.099361802000000e-01
4.360000000000000e-01 5.246393046000000e-01 7.160328928000000e-01 4.053344431000000e-01
4.380000000000000e-01 5.204181982000000e-01 7.244278845000000e-01 4.007760108000000e-01
4.400000000000000e-01 5.162236427000000e-01 7.328242390000000e-01 3.962608615000000e-01
4.420000000000000e-01 5.120555795000000e-01 7.412213224000000e-01 3.917889978000000e-01
4.440000000000000e-01 5.079144109000000e-01 7.496184999000000e-01 3.873604122000000e-01
4.460000000000000e-01 5.038007017000000e-01 7.580149543000000e-01 3.829751800000000e-01
4.480000000000000e-01 4.997145692000000e-01 7.664097355000000e-01 3.786334306000000e-01
4.500000000000000e-01 4.956561510000000e-01 7.748015006000000e-01 3.743354776000000e-01
4.520000000000000e-01 4.916262311000000e-01 7.831885935000000e-01 3.700817694000000e-01
4.540000000000000e-01 4.876261816000000e-01 7.915686980000000e-01 3.658730538000000e-01
4.560000000000000e-01 4.836571241000000e-01 7.999389787000000e-01 3.617102925000000e-01
4.580000000000000e-01 4.797201627000000e-01 8.082955595000000e-01 3.575949071000000e-01
4.600000000000000e-01 4.758171104000000e-01 8.166336350000000e-01 3.535287024000000e-01
4.620000000000000e-01 4.719512480000000e-01 8.249464973000000e-01 3.495143116000000e-01
4.640000000000000e-01 4.681266271000000e-01 8.332254918999999e-01 3.455551742000000e-01
4.660000000000000e-01 4.643481653000000e-01 8.414583114999999e-01 3.416562996000000e-01
4.680000000000000e-01 4.606220689000000e-01 8.496287613000000e-01 3.378243009000000e-01
4.700000000000000e-01 4.569580082000000e-01 8.577138092000000e-01 3.340686801000000e-01
4.720000000000000e-01 4.533695054000000e-01 8.656828206000000e-01 3.304020384000000e-01
4.740000000000000e-01 4.498753448000000e-01 8.734923354000000e-01 3.268423028000000e-01
4.760000000000000e-01 4.464993190000000e-01 8.810847070000000e-01 3.234131076000000e-01
4.780000000000000e-01 4.432735366000000e-01 8.883811390000000e-01 3.201466778000000e-01
4.800000000000000e-01 4.402384767000000e-01 8.952833745000000e-01 3.170827834000000e-01
4.820000000000000e-01 4.374439274000000e-01 9.016720747000000e-01 3.142692751000000e-01
4.840000000000000e-01 4.349416890000000e-01 9.074216576000000e-01 3.117555431000000e-01
4.860000000000000e-01 4.327782943000000e-01 9.124153663000000e-01 3.095862799000000e-01
4.880000000000000e-01 4.309837435000000e-01 9.165724872000000e-01 3.077903071000000e-01
4.900000000000000e-01 4.295651682000000e-01 9.198667126000000e-01 3.063734750000000e-01
4.920000000000000e-01 4.285036929000000e-01 9.223360821000000e-01 3.053150840000000e-01
4.940000000000000e-01 4.277573455000000e-01 9.240756378000000e-01 3.045713868000000e-01
4.960000000000000e-01 4.272684635000000e-01 9.252177757000000e-01 3.040839512000000e-01
4.980000000000000e-01 4.269737635000000e-01 9.259075572000000e-01 3.037899021000000e-01
5.000000000000000e-01 4.268139967000000e-01 9.262811421000000e-01 3.036307562000000e-01
5.020000000000000e-01 4.267403073000000e-01 9.264523123000000e-01 3.035578727000000e-01
5.040000000000000e-01 4.267159722000000e-01 9.265079606000000e-01 3.035341942000000e-01
5.060000000000000e-01 4.267145775000000e-01 9.265104711000000e-01 3.035331445000000e-01
5.080000000000000e-01 4.267300499000000e-01 9.264740828000000e-01 3.035486596000000e-01
5.100000000000000e-01 4.267694090000000e-01 9.263823040000000e-01 3.035877653000000e-01
5.120000000000000e-01 4.268246757000000e-01 9.262531507000000e-01 3.036427951000000e-01
5.140000000000000e-01 4.268673324000000e-01 9.261527333000000e-01 3.036855917000000e-01
5.160000000000000e-01 4.268993337000000e-01 9.260767189000000e-01 3.037179965000000e-01
5.180000000000000e-01 4.269238819000000e-01 9.260183809000000e-01 3.037428730000000e-01
5.200000000000000e-01 4.269436878000000e-01 9.259718997000000e-01 3.037626992000000e-01
5.220000000000000e-01 4.269604421000000e-01 9.259330501000000e-01 3.037792751000000e-01
5.240000000000000e-01 4.269748718000000e-01 9.258992366000000e-01 3.037937062000000e-01
5.260000000000000e-01 4.269872712000000e-01 9.258691526000000e-01 3.038065490000000e-01
5.280000000000000e-01 4.269981272000000e-01 9.258421432000000e-01 3.038180825000000e-01
5.300000000000000e-01 4.270081778000000e-01 9.258177241000000e-01 3.038285128000000e-01
5.320000000000000e-01 4.270178155000000e-01 9.257954849000000e-01 3.038380147000000e-01
5.340000000000000e-01 4.270267545000000e-01 9.257751058000000e-01 3.038467244000000e-01
5.360000000000000e-01 4.270344863000000e-01 9.257563622000000e-01 3.038547373000000e-01
5.380000000000000e-01 4.270410031000000e-01 9.257391162000000e-01 3.038621122000000e-01
5.400000000000000e-01 4.270469865000000e-01 9.257232758000000e-01 3.038688882000000e-01
5.420000000000000e-01 4.270530525000000e-01 9.257087508000000e-01 3.038751038000000e-01
5.440000000000000e-01 4.270590257000000e-01 9.256954704000000e-01 3.038807894000000e-01
5.460000000000000e-01 4.270642323000000e-01 9.256833663000000e-01 3.038859742000000e-01
5.480000000000000e-01 4.270682656000000e-01 9.256723846000000e-01 3.038906812000000e-01
5.500000000000000e-01 4.270714574000000e-01 9.256624753000000e-01 3.038949320000000e-01
5.520000000000000e-01 4.270745912000000e-01 9.256535288000000e-01 3.038987733000000e-01
5.540000000000000e-01 4.270780021000000e-01 9.256454417000000e-01 3.039022491000000e-01
5.560000000000000e-01 4.270813117000000e-01 9.256381055000000e-01 3.039054057000000e-01
5.580000000000001e-01 4.270839582000000e-01 9.256314207000000e-01 3.039082851000000e-01
5.600000000000001e-01 4.270857626000000e-01 9.256253085000000e-01 3.039109209000000e-01
5.620000000000001e-01 4.270871272000000e-01 9.256196900000000e-01 3.039133463000000e-01
5.639999999999999e-01 4.270886589000000e-01 9.256144500000000e-01 3.039156104000000e-01
5.659999999999999e-01 4.270905583000000e-01 9.256095168000000e-01 3.039177436000000e-01
5.679999999999999e-01 4.270925196000000e-01 9.256048203000000e-01 3.039197759000000e-01
5.700000000000000e-01 4.270941236000000e-01 9.256003040000000e-01 3.039217315000000e-01
5.720000000000000e-01 4.270952176000000e-01 9.255959353000000e-01 3.039236248000000e-01
5.740000000000000e-01 4.270960287000000e-01 9.255916897000001e-01 3.039254664000000e-01
5.760000000000000e-01 4.270969471000000e-01 9.255875389000000e-01 3.039272689000000e-01
5.780000000000000e-01 4.270981526000000e-01 9.255834632000000e-01 3.039290407000000e-01
5.800000000000000e-01 4.270994999000000e-01 9.255794423000000e-01 3.039307908000000e-01
5.820000000000000e-01 4.271007054000000e-01 9.255754602000000e-01 3.039325256000000e-01
5.840000000000000e-01 4.271016083000000e-01 9.255715144000000e-01 3.039342462000000e-01
5.860000000000000e-01 4.271022612000000e-01 9.255676150000000e-01 3.039359475000000e-01
5.880000000000000e-01 4.271028587000000e-01 9.255637815000000e-01 3.039376208000000e-01
5.900000000000000e-01 4.271035320000000e-01 9.255600351000000e-01 3.039392567000000e-01
5.920000000000000e-01 4.271042366000000e-01 9.255563952000000e-01 3.039408466000000e-01
5.940000000000000e-01 4.271048240000000e-01 9.255528732000000e-01 3.039423856000000e-01
5.960000000000000e-01 4.271051736000000e-01 9.255494798000000e-01 3.039438696000000e-01
5.980000000000000e-01 4.271052532000000e-01 9.255462256000000e-01 3.039452947000000e-01
6.000000000000000e-01 4.271051150000000e-01 9.255431273000000e-01 3.039466543000000e-01
6.020000000000000e-01 4.271048763000000e-01 9.255402039000000e-01 3.039479411000000e-01
6.040000000000000e-01 4.271046251000000e-01 9.255374757000000e-01 3.039491470000000e-01
6.060000000000000e-01 4.271043421000000e-01 9.255349681000000e-01 3.039502618000000e-01
6.080000000000000e-01 4.271039091000000e-01 9.255327127000000e-01 3.039512718000000e-01
6.100000000000000e-01 4.271031517000000e-01 9.255307436000000e-01 3.039521619000000e-01
6.120000000000000e-01 4.271019183000000e-01 9.255290852000000e-01 3.039529207000000e-01
6.140000000000000e-01 4.271002223000000e-01 9.255277380000000e-01 3.039535470000000e-01
6.160000000000000e-01 4.270983151000000e-01 9.255266691000000e-01 3.039540539000000e-01
6.180000000000000e-01 4.270965216000000e-01 9.255258223000000e-01 3.039544644000000e-01
6.200000000000000e-01 4.270950098000000e-01 9.255251559000000e-01 3.039547963000000e-01
6.220000000000000e-01 4.270936532000000e-01 9.255246451000000e-01 3.039550602000000e-01
6.240000000000000e-01 4.270920462000000e-01 9.255242747000000e-01 3.039552638000000e-01
6.260000000000000e-01 4.270896388000000e-01 9.255240451000000e-01 3.039554087000000e-01
6.280000000000000e-01 4.270858996000000e-01 9.255239531000000e-01 3.039554976000000e-01
6.300000000000000e-01 4.270807020000000e-01 9.255239849000000e-01 3.039555377000000e-01
6.320000000000000e-01 4.270747234000000e-01 9.255241145999999e-01 3.039555411000000e-01
6.340000000000000e-01 4.270691720000000e-01 9.255243112000000e-01 3.039555214000000e-01
6.360000000000000e-01 4.270650746000000e-01 9.255245501000000e-01 3.039554881000000e-01
6.380000000000000e-01 4.270628724000000e-01 9.255248143000000e-01 3.039554468000000e-01
6.400000000000000e-01 4.270621371000000e-01 9.255250965000000e-01 3.039553982000000e-01
6.420000000000000e-01 4.270609077000000e-01 9.255253969000000e-01 3.039553393000000e-01
6.440000000000000e-01 4.270550635000000e-01 9.255257276000000e-01 3.039552640000000e-01
6.460000000000000e-01 4.270372514000000e-01 9.255261084000000e-01 3.039551634000000e-01
6.480000000000000e-01 4.270029921000000e-01 9.255265514000000e-01 3.039550328000000e-01
6.500000000000000e-01 4.269596056000000e-01 9.255270461000000e-01 3.039548775000000e-01
6.520000000000000e-01 4.269208076000000e-01 9.255275649000000e-01 3.039547124000000e-01
6.540000000000000e-01 4.268953088000000e-01 9.255280807000000e-01 3.039545531000000e-01
6.560000000000000e-01 4.268842869000000e-01 9.255285673000000e-01 3.039544127000000e-01
6.580000000000000e-01 4.268804193000000e-01 9.255289991000000e-01 3.039543055000000e-01
6.600000000000000e-01 4.268596009000000e-01 9.255293796000000e-01 3.039542292000000e-01
6.620000000000000e-01 4.267366298000000e-01 9.255297062000000e-01 3.039541828000000e-01
6.640000000000000e-01 4.262811821000000e-01 9.255299960000000e-01 3.039541565000000e-01
6.660000000000000e-01 4.250437621000000e-01 9.255302585000000e-01 3.039541429000000e-01
6.680000000000000e-01 4.223557537000000e-01 9.255304830000000e-01 3.039541431000000e-01
6.700000000000000e-01 4.174652680000000e-01 9.255306495000000e-01 3.039541626000000e-01
6.720000000000000e-01 4.097978967000000e-01 9.255307377000001e-01 3.039542077000000e-01
6.740000000000000e-01 3.992275491000000e-01 9.255307352000000e-01 3.039542828000000e-01
6.760000000000000e-01 3.861980090000000e-01 9.255306492000001e-01 3.039543853000000e-01
6.780000000000000e-01 3.716095777000000e-01 9.255305062000000e-01 3.039545061000000e-01
6.800000000000000e-01 3.565285952000000e-01 9.255303525000000e-01 3.039546297000000e-01
6.820000000000001e-01 3.418792881000000e-01 9.255302449000000e-01 3.039547377000000e-01
6.840000000000001e-01 3.283158095000000e-01 9.255302265000001e-01 3.039548179000000e-01
6.860000000000001e-01 3.162393582000000e-01 9.255303078000000e-01 3.039548703000000e-01
6.879999999999999e-01 3.058408060000000e-01 9.255304621000000e-01 3.039549067000000e-01
6.899999999999999e-01 2.971480029000000e-01 9.255306393000000e-01 3.039549453000000e-01
6.919999999999999e-01 2.900729232000000e-01 9.255307926000000e-01 3.039550011000000e-01
6.940000000000000e-01 2.844544214000000e-01 9.255309021000000e-01 3.039550780000000e-01
6.960000000000000e-01 2.800937651000000e-01 9.255309757000000e-01 3.039551694000000e-01
6.980000000000000e-01 2.767817448000000e-01 9.255310296000000e-01 3.039552657000000e-01
7.000000000000000e-01 2.743174939000000e-01 9.255310721000000e-01 3.039553605000000e-01
7.020000000000000e-01 2.725200432000000e-01 9.255311055000000e-01 3.039554497000000e-01
7.040000000000000e-01 2.712340780000000e-01 9.255311333000000e-01 3.039555301000000e-01
7.060000000000000e-01 2.703314694000000e-01 9.255311566000000e-01 3.039556008000000e-01
7.080000000000000e-01 2.697100102000000e-01 9.255311708000000e-01 3.039556646000000e-01
7.100000000000000e-01 2.692905382000000e-01 9.255311715000000e-01 3.039557263000000e-01
7.120000000000000e-01 2.690133402000000e-01 9.255311566000000e-01 3.039557917000000e-01
7.140000000000000e-01 2.688344506000000e-01 9.255311218000000e-01 3.039558688000000e-01
7.160000000000000e-01 2.687222155000000e-01 9.255310639000000e-01 3.039559656000000e-01
7.180000000000000e-01 2.686543127000000e-01 9.255309855000000e-01 3.039560878000000e-01
7.200000000000000e-01 2.686152988000000e-01 9.255308925000000e-01 3.039562385000000e-01
7.220000000000000e-01 2.685946518000000e-01 9.255307933000000e-01 3.039564181000000e-01
7.240000000000000e-01 2.685852973000000e-01 9.255307073000000e-01 3.039566195000000e-01
7.260000000000000e-01 2.685824489000000e-01 9.255306652000000e-01 3.039568249000000e-01
7.280000000000000e-01 2.685841048000000e-01 9.255307089000000e-01 3.039570109000000e-01
7.300000000000000e-01 2.685901270000000e-01 9.255309182000000e-01 3.039571420000000e-01
7.320000000000000e-01 2.685990726000000e-01 9.255313212000000e-01 3.039571992000000e-01
7.340000000000000e-01 2.686092048000000e-01 9.255318571000000e-01 3.039571922000000e-01
7.360000000000000e-01 2.686193448000000e-01 9.255323770000000e-01 3.039571610000000e-01
7.380000000000000e-01 2.686288585000000e-01 9.255327099000000e-01 3.039571565000000e-01
7.400000000000000e-01 2.686374067000000e-01 9.255327918000000e-01 3.039571980000000e-01
7.420000000000000e-01 2.686447960000000e-01 9.255327310000000e-01 3.039572522000000e-01
7.440000000000000e-01 2.686509454000000e-01 9.255326626000000e-01 3.039572828000000e-01
7.460000000000000e-01 2.686558836000000e-01 9.255326063000000e-01 3.039572975000000e-01
7.480000000000000e-01 2.686597028000000e-01 9.255325706000000e-01 3.039573114000000e-01
7.500000000000000e-01 2.686625238000000e-01 9.255326254000000e-01 3.039573190000000e-01
7.520000000000000e-01 2.686645051000000e-01 9.255327669000000e-01 3.039573367000000e-01
7.540000000000000e-01 2.686658095000000e-01 9.255329737000000e-01 3.039573841000000e-01
7.560000000000000e-01 2.686665753000000e-01 9.255332770000000e-01 3.039574589000000e-01
7.580000000000000e-01 2.686669241000000e-01 9.255336733000000e-01 3.039575632000000e-01
7.600000000000000e-01 2.686669467000000e-01 9.255340984000000e-01 3.039577067000000e-01
7.620000000000000e-01 2.686666985000000e-01 9.255345093000000e-01 3.039578801000000e-01
7.640000000000000e-01 2.686662567000000e-01 9.255348750000000e-01 3.039580637000000e-01
7.660000000000000e-01 2.686657384000000e-01 9.255351490000000e-01 3.039582471000000e-01
7.680000000000000e-01 2.686652479000000e-01 9.255353218000000e-01 3.039584175000000e-01
7.700000000000000e-01 2.686648487000000e-01 9.255353834000000e-01 3.039585588000000e-01
7.720000000000000e-01 2.686645531000000e-01 9.255353323000000e-01 3.039586352000000e-01
7.740000000000000e-01 2.686643421000000e-01 9.255351733000000e-01 3.039586081000000e-01
7.760000000000000e-01 2.686642174000000e-01 9.255348655000000e-01 3.039584949000000e-01
7.780000000000000e-01 2.686641737000000e-01 9.255344898000000e-01 3.039583183000000e-01
7.800000000000000e-01 2.686641626000000e-01 9.255342564000000e-01 3.039580439000000e-01
7.820000000000000e-01 2.686641754000000e-01 9.255340431000000e-01 3.039577090000000e-01
7.840000000000000e-01 2.686642572000000e-01 9.255336329000000e-01 3.039574333000000e-01
7.860000000000000e-01 2.686644441000000e-01 9.255333663000000e-01 3.039572958000000e-01
7.880000000000000e-01 2.686647795000000e-01 9.255337452000000e-01 3.039573619000000e-01
7.900000000000000e-01 2.686652725000000e-01 9.255345665000000e-01 3.039576249000000e-01
7.920000000000000e-01 2.686657736000000e-01 9.255351322000001e-01 3.039578372000000e-01
7.940000000000000e-01 2.686661472000000e-01 9.255352082000000e-01 3.039578243000000e-01
7.960000000000000e-01 2.686665734000000e-01 9.255356750000000e-01 3.039579277000000e-01
7.980000000000000e-01 2.686673340000000e-01 9.255379213000000e-01 3.039586552000000e-01
8.000000000000000e-01 2.686682627000000e-01 9.255413677000000e-01 3.039597717000000e-01
8.020000000000000e-01 2.686686418000000e-01 9.255425409000000e-01 3.039601232000000e-01
8.040000000000000e-01 2.686676824000000e-01 9.255377809000001e-01 3.039584865000000e-01
8.060000000000000e-01 2.686661529000000e-01 9.255306097000000e-01 3.039560318000000e-01
8.080000000000001e-01 2.686668942000000e-01 9.255340224000000e-01 3.039572388000000e-01
8.100000000000001e-01 2.686728844000000e-01 9.255618865000000e-01 3.039667969000000e-01
8.120000000000001e-01 2.686793022000000e-01 9.255918510000000e-01 3.039769248000000e-01
8.139999999999999e-01 2.686709143000000e-01 9.255524213000000e-01 3.039636743000000e-01
8.159999999999999e-01 2.686333668000000e-01 9.253745665999999e-01 3.039041239000000e-01
8.179999999999999e-01 2.685990335000000e-01 9.252133157000000e-01 3.038496609000000e-01
8.200000000000000e-01 2.686595109000000e-01 9.255009143000000e-01 3.039459638000000e-01
8.220000000000000e-01 2.688876544000000e-01 9.265679310000000e-01 3.043073991000000e-01
8.240000000000000e-01 2.690663254000000e-01 9.274023793000000e-01 3.045909495000000e-01
8.260000000000000e-01 2.686170000000000e-01 9.253083033000000e-01 3.038804808000000e-01
8.280000000000000e-01 2.672260594000000e-01 9.187786979000000e-01 3.016795977000000e-01
8.300000000000000e-01 2.663013317000000e-01 9.144140929000000e-01 3.002208946000000e-01
8.320000000000000e-01 2.693831094000000e-01 9.289912850000001e-01 3.051256635000000e-01
8.340000000000000e-01 2.776713563000000e-01 9.673064687000000e-01 3.183664773000000e-01
8.360000000000000e-01 2.817003671000000e-01 9.856597045000000e-01 3.249590266000000e-01
8.380000000000000e-01 2.568488250000000e-01 8.739538537000000e-01 2.868742979000000e-01
8.400000000000000e-01 1.986538136000000e-01 5.610775794000000e-01 2.000663466000000e-01
8.420000000000000e-01 1.513204846000000e-01 2.226861297000000e-01 1.330167896000000e-01
8.440000000000000e-01 1.318999373000000e-01 5.909874690000000e-02 1.080528105000000e-01
8.460000000000000e-01 1.265695598000000e-01 1.333500810000000e-02 1.017764268000000e-01
8.480000000000000e-01 1.253405617000000e-01 2.885521100000000e-03 1.003823135000000e-01
8.500000000000000e-01 1.250727593000000e-01 6.161139000000000e-04 1.000815309000000e-01
8.520000000000000e-01 1.250152839000000e-01 1.294048000000000e-04 1.000171198000000e-01
8.540000000000000e-01 1.250030667000000e-01 2.596400000000000e-05 1.000034348000000e-01
8.560000000000000e-01 1.250005467000000e-01 4.628700000000000e-06 1.000006123000000e-01
8.580000000000000e-01 1.250000792000000e-01 6.709000000000000e-07 1.000000888000000e-01
8.600000000000000e-01 1.250000093000000e-01 7.870000000000000e-08 1.000000104000000e-01
8.620000000000000e-01 1.250000010000000e-01 8.200000000000001e-09 1.000000011000000e-01
8.640000000000000e-01 1.250000001000000e-01 8.000000000000000e-10 1.000000001000000e-01
8.660000000000000e-01 1.250000000000000e-01 1.000000000000000e-10 1.000000000000000e-01
8.680000000000000e-01 1.250000000000000e-01 0.000000000000000e+00 1.000000000000000e-01
8.700000000000000e-01 1.250000000000000e-01 0.000000000000000e+00 1.000000000000000e-01
8.720000000000000e-01 1.250000000000000e-01 0.000000000000000e+00 1.000000000000000e-01
8.740000000000000e-01 1.250000000000000e-01 0.000000000000000e+00 1.000000000000000e-01
8.760000000000000e-01 1.250000000000000e-01 0.000000000000000e+00 1.000000000000000e-01
8.780000000000000e-01 1.250000000000000e-01 0.000000000000000e+00 1.000000000000000e-01
8.800000000000000e-01 1.250000000000000e-01 0.000000000000000e+00 1.000000000000000e-01
8.820000000000000e-01 1.250000000000000e-01 0.000000000000000e+00 1.000000000000000e-01
8.840000000000000e-01 1.250000000000000e-01 0.000000000000000e+00 1.000000000000000e-01
8.860000000000000e-01 1.250000000000000e-01 0.000000000000000e+00 1.000000000000000e-01
8.880000000000000e-01 1.250000000000000e-01 0.000000000000000e+00 1.000000000000000e-01
8.900000000000000e-01 1.250000000000000e-01 0.000000000000000e+00 1.000000000000000e-01
8.920000000000000e-01 1.250000000000000e-01 0.000000000000000e+00 1.000000000000000e-01
8.940000000000000e-01 1.250000000000000e-01 0.000000000000000e+00 1.000000000000000e-01
8.960000000000000e-01 1.250000000000000e-01 0.000000000000000e+00 1.000000000000000e-01
8.980000000000000e-01 1.250000000000000e-01 0.000000000000000e+00 1.000000000000000e-01
9.000000000000000e-01 1.250000000000000e-01 0.000000000000000e+00 1.000000000000000e-01
9.020000000000000e-01 1.250000000000000e-01 0.000000000000000e+00 1.000000000000000e-01
9.040000000000000e-01 1.250000000000000e-01 0.000000000000000e+00 1.000000000000000e-01
9.060000000000000e-01 1.250000000000000e-01 0.000000000000000e+00 1.000000000000000e-01
9.080000000000000e-01 1.250000000000000e-01 0.000000000000000e+00 1.000000000000000e-01
9.100000000000000e-01 1.250000000000000e-01 0.000000000000000e+00 1.000000000000000e-01
9.120000000000000e-01 1.250000000000000e-01 0.000000000000000e+00 1.000000000000000e-01
9.140000000000000e-01 1.250000000000000e-01 0.000000000000000e+00 1.000000000000000e-01
9.160000000000000e-01 1.250000000000000e-01 0.000000000000000e+00 1.000000000000000e-01
9.180000000000000e-01 1.250000000000000e-01 0.000000000000000e+00 1.000000000000000e-01
9.200000000000000e-01 1.250000000000000e-01 0.000000000000000e+00 1.000000000000000e-01
9.220000000000000e-01 1.250000000000000e-01 0.000000000000000e+00 1.000000000000000e-01
9.240000000000000e-01 1.250000000000000e-01 0.000000000000000e+00 1.000000000000000e-01
9.260000000000000e-01 1.250000000000000e-01 0.000000000000000e+00 1.000000000000000e-01
9.280000000000000e-01 1.250000000000000e-01 0.000000000000000e+00 1.000000000000000e-01
9.300000000000000e-01 1.250000000000000e-01 0.000000000000000e+00 1.000000000000000e-01
9.320000000000001e-01 1.250000000000000e-01 0.000000000000000e+00 1.000000000000000e-01
9.340000000000001e-01 1.250000000000000e-01 0.000000000000000e+00 1.000000000000000e-01
9.360000000000001e-01 1.250000000000000e-01 0.000000000000000e+00 1.000000000000000e-01
9.379999999999999e-01 1.250000000000000e-01 0.000000000000000e+00 1.000000000000000e-01
9.399999999999999e-01 1.250000000000000e-01 0.000000000000000e+00 1.000000000000000e-01
9.419999999999999e-01 1.250000000000000e-01 0.000000000000000e+00 1.000000000000000e-01
9.440000000000000e-01 1.250000000000000e-01 0.000000000000000e+00 1.000000000000000e-01
9.460000000000000e-01 1.250000000000000e-01 0.000000000000000e+00 1.000000000000000e-01
9.480000000000000e-01 1.250000000000000e-01 0.000000000000000e+00 1.000000000000000e-01
9.500000000000000e-01 1.250000000000000e-01 0.000000000000000e+00 1.000000000000000e-01
9.520000000000000e-01 1.250000000000000e-01 0.000000000000000e+00 1.000000000000000e-01
9.540000000000000e-01 1.250000000000000e-01 0.000000000000000e+00 1.000000000000000e-01
9.560000000000000e-01 1.250000000000000e-01 0.000000000000000e+00 1.000000000000000e-01
9.580000000000000e-01 1.250000000000000e-01 0.000000000000000e+00 1.000000000000000e-01
9.600000000000000e-01 1.250000000000000e-01 0.000000000000000e+00 1.000000000000000e-01
9.620000000000000e-01 1.250000000000000e-01 0.000000000000000e+00 1.000000000000000e-01
9.640000000000000e-01 1.250000000000000e-01 0.000000000000000e+00 1.000000000000000e-01
9.660000000000000e-01 1.250000000000000e-01 0.000000000000000e+00 1.000000000000000e-01
9.680000000000000e-01 1.250000000000000e-01 0.000000000000000e+00 1.000000000000000e-01
9.700000000000000e-01 1.250000000000000e-01 0.000000000000000e+00 1.000000000000000e-01
9.720000000000000e-01 1.250000000000000e-01 0.000000000000000e+00 1.000000000000000e-01
9.740000000000000e-01 1.250000000000000e-01 0.000000000000000e+00 1.000000000000000e-01
9.760000000000000e-01 1.250000000000000e-01 0.000000000000000e+00 1.000000000000000e-01
9.780000000000000e-01 1.250000000000000e-01 0.000000000000000e+00 1.000000000000000e-01
9.800000000000000e-01 1.250000000000000e-01 0.000000000000000e+00 1.000000000000000e-01
9.820000000000000e-01 1.250000000000000e-01 0.000000000000000e+00 1.000000000000000e-01
9.840000000000000e-01 1.250000000000000e-01 0.000000000000000e+00 1.000000000000000e-01
9.860000000000000e-01 1.250000000000000e-01 0.000000000000000e+00 1.000000000000000e-01
9.880000000000000e-01 1.250000000000000e-01 0.000000000000000e+00 1.000000000000000e-01
9.900000000000000e-01 1.250000000000000e-01 0.000000000000000e+00 1.000000000000000e-01
9.920000000000000e-01 1.250000000000000e-01 0.000000000000000e+00 1.000000000000000e-01
9.940000000000000e-01 1.250000000000000e-01 0.000000000000000e+00 1.000000000000000e-01
9.960000000000000e-01 1.250000000000000e-01 0.000000000000000e+00 1.000000000000000e-01
9.980000000000000e-01 1.250000000000000e-01 0.000000000000000e+00 1.000000000000000e-01
1.000000000000000e+00 1.250000000000000e-01 0.000000000000000e+00 1.000000000000000e-01
ZONE T="beta=0.75", AUXDATA beta="0.75", I=501, F=POINT
0.000000000000000e+00 1.000000000000000e+00 0.000000000000000e+00 1.000000000000000e+00
2.000000000000000e-03 1.000000000000000e+00 0.000000000000000e+00 1.000000000000000e+00
4.000000000000000e-03 1.000000000000000e+00 0.000000000000000e+00 1.000000000000000e+00
6.000000000000000e-03 1.000000000000000e+00 0.000000000000000e+00 1.000000000000000e+00
8.000000000000000e-03 1.000000000000000e+00 0.000000000000000e+00 1.000000000000000e+00
1.000000000000000e-02 1.000000000000000e+00 0.000000000000000e+00 1.000000000000000e+00
1.200000000000000e-02 1.000000000000000e+00 0.000000000000000e+00 1.000000000000000e+00
1.400000000000000e-02 1.000000000000000e+00 0.000000000000000e+00 1.000000000000000e+00
1.600000000000000e-02 1.000000000000000e+00 0.000000000000000e+00 1.000000000000000e+00
1.800000000000000e-02 1.000000000000000e+00 0.000000000000000e+00 1.000000000000000e+00
2.000000000000000e-02 1.000000000000000e+00 0.000000000000000e+00 1.000000000000000e+00
2.200000000000000e-02 1.000000000000000e+00 0.000000000000000e+00 1.000000000000000e+00
2.400000000000000e-02 1.000000000000000e+00 0.000000000000000e+00 1.000000000000000e+00
2.600000000000000e-02 1.000000000000000e+00 0.000000000000000e+00 1.000000000000000e+00
2.800000000000000e-02 1.000000000000000e+00 0.000000000000000e+00 1.000000000000000e+00
3.000000000000000e-02 1.000000000000000e+00 0.000000000000000e+00 1.000000000000000e+00
3.200000000000000e-02 1.000000000000000e+00 0.000000000000000e+00 1.000000000000000e+00
3.400000000000000e-02 1.000000000000000e+00 0.000000000000000e+00 1.000000000000000e+00
3.600000000000000e-02 1.000000000000000e+00 0.000000000000000e+00 1.000000000000000e+00
3.800000000000000e-02 1.000000000000000e+00 0.000000000000000e+00 1.000000000000000e+00
4.000000000000000e-02 1.000000000000000e+00 0.000000000000000e+00 1.000000000000000e+00
4.200000000000000e-02 1.000000000000000e+00 0.000000000000000e+00 1.000000000000000e+00
4.400000000000000e-02 1.000000000000000e+00 0.000000000000000e+00 1.000000000000000e+00
4.600000000000000e-02 1.000000000000000e+00 0.000000000000000e+00 1.000000000000000e+00
4.800000000000000e-02 1.000000000000000e+00 0.000000000000000e+00 1.000000000000000e+00
5.000000000000000e-02 1.000000000000000e+00 0.000000000000000e+00 1.000000000000000e+00
5.200000000000000e-02 1.000000000000000e+00 0.000000000000000e+00 1.000000000000000e+00
5.400000000000000e-02 1.000000000000000e+00 0.000000000000000e+00 1.000000000000000e+00
5.600000000000000e-02 1.000000000000000e+00 0.000000000000000e+00 1.000000000000000e+00
5.800000000000000e-02 1.000000000000000e+00 0.000000000000000e+00 1.000000000000000e+00
6.000000000000000e-02 1.000000000000000e+00 0.000000000000000e+00 1.000000000000000e+00
6.200000000000000e-02 1.000000000000000e+00 0.000000000000000e+00 1.000000000000000e+00
6.400000000000000e-02 1.000000000000000e+00 0.000000000000000e+00 1.000000000000000e+00
6.600000000000000e-02 1.000000000000000e+00 0.000000000000000e+00 1.000000000000000e+00
6.800000000000000e-02 1.000000000000000e+00 0.000000000000000e+00 1.000000000000000e+00
7.000000000000001e-02 1.000000000000000e+00 0.000000000000000e+00 1.000000000000000e+00
7.199999999999999e-02 1.000000000000000e+00 0.000000000000000e+00 1.000000000000000e+00
7.400000000000000e-02 1.000000000000000e+00 0.000000000000000e+00 1.000000000000000e+00
7.600000000000000e-02 1.000000000000000e+00 0.000000000000000e+00 1.000000000000000e+00
7.800000000000000e-02 1.000000000000000e+00 0.000000000000000e+00 1.000000000000000e+00
8.000000000000000e-02 1.000000000000000e+00 0.000000000000000e+00 1.000000000000000e+00
8.200000000000000e-02 1.000000000000000e+00 0.000000000000000e+00 1.000000000000000e+00
8.400000000000001e-02 1.000000000000000e+00 0.000000000000000e+00 1.000000000000000e+00
8.599999999999999e-02 1.000000000000000e+00 0.000000000000000e+00 1.000000000000000e+00
8.799999999999999e-02 1.000000000000000e+00 0.000000000000000e+00 1.000000000000000e+00
9.000000000000000e-02 1.000000000000000e+00 0.000000000000000e+00 1.000000000000000e+00
9.200000000000000e-02 1.000000000000000e+00 0.000000000000000e+00 1.000000000000000e+00
9.400000000000000e-02 1.000000000000000e+00 0.000000000000000e+00 1.000000000000000e+00
9.600000000000000e-02 1.000000000000000e+00 0.000000000000000e+00 1.000000000000000e+00
9.800000000000000e-02 1.000000000000000e+00 0.000000000000000e+00 1.000000000000000e+00
1.000000000000000e-01 1.000000000000000e+00 0.000000000000000e+00 1.000000000000000e+00
1.020000000000000e-01 1.000000000000000e+00 0.000000000000000e+00 1.000000000000000e+00
1.040000000000000e-01 1.000000000000000e+00 0.000000000000000e+00 1.000000000000000e+00
1.060000000000000e-01 1.000000000000000e+00 0.000000000000000e+00 1.000000000000000e+00
1.080000000000000e-01 1.000000000000000e+00 0.000000000000000e+00 1.000000000000000e+00
1.100000000000000e-01 1.000000000000000e+00 0.000000000000000e+00 1.000000000000000e+00
1.120000000000000e-01 1.000000000000000e+00 0.000000000000000e+00 1.000000000000000e+00
1.140000000000000e-01 1.000000000000000e+00 0.000000000000000e+00 1.000000000000000e+00
1.160000000000000e-01 1.000000000000000e+00 0.000000000000000e+00 1.000000000000000e+00
1.180000000000000e-01 1.000000000000000e+00 0.000000000000000e+00 1.000000000000000e+00
1.200000000000000e-01 1.000000000000000e+00 0.000000000000000e+00 1.000000000000000e+00
1.220000000000000e-01 1.000000000000000e+00 0.000000000000000e+00 1.000000000000000e+00
1.240000000000000e-01 1.000000000000000e+00 0.000000000000000e+00 1.000000000000000e+00
1.260000000000000e-01 1.000000000000000e+00 0.000000000000000e+00 1.000000000000000e+00
1.280000000000000e-01 1.000000000000000e+00 0.000000000000000e+00 1.000000000000000e+00
1.300000000000000e-01 1.000000000000000e+00 0.000000000000000e+00 1.000000000000000e+00
1.320000000000000e-01 1.000000000000000e+00 0.000000000000000e+00 1.000000000000000e+00
1.340000000000000e-01 1.000000000000000e+00 0.000000000000000e+00 1.000000000000000e+00
1.360000000000000e-01 1.000000000000000e+00 0.000000000000000e+00 1.000000000000000e+00
1.380000000000000e-01 1.000000000000000e+00 0.000000000000000e+00 1.000000000000000e+00
1.400000000000000e-01 1.000000000000000e+00 0.000000000000000e+00 1.000000000000000e+00
1.420000000000000e-01 1.000000000000000e+00 0.000000000000000e+00 1.000000000000000e+00
1.440000000000000e-01 1.000000000000000e+00 0.000000000000000e+00 1.000000000000000e+00
1.460000000000000e-01 1.000000000000000e+00 0.000000000000000e+00 1.000000000000000e+00
1.480000000000000e-01 1.000000000000000e+00 0.000000000000000e+00 1.000000000000000e+00
1.500000000000000e-01 1.000000000000000e+00 0.000000000000000e+00 1.000000000000000e+00
1.520000000000000e-01 1.000000000000000e+00 0.000000000000000e+00 1.000000000000000e+00
1.540000000000000e-01 1.000000000000000e+00 0.000000000000000e+00 1.000000000000000e+00
1.560000000000000e-01 1.000000000000000e+00 0.000000000000000e+00 1.000000000000000e+00
1.580000000000000e-01 1.000000000000000e+00 0.000000000000000e+00 1.000000000000000e+00
1.600000000000000e-01 1.000000000000000e+00 0.000000000000000e+00 1.000000000000000e+00
1.620000000000000e-01 1.000000000000000e+00 0.000000000000000e+00 1.000000000000000e+00
1.640000000000000e-01 1.000000000000000e+00 0.000000000000000e+00 1.000000000000000e+00
1.660000000000000e-01 1.000000000000000e+00 0.000000000000000e+00 1.000000000000000e+00
1.680000000000000e-01 1.000000000000000e+00 0.000000000000000e+00 1.000000000000000e+00
1.700000000000000e-01 1.000000000000000e+00 0.000000000000000e+00 1.000000000000000e+00
1.720000000000000e-01 1.000000000000000e+00 0.000000000000000e+00 1.000000000000000e+00
1.740000000000000e-01 1.000000000000000e+00 0.000000000000000e+00 1.000000000000000e+00
1.760000000000000e-01 1.000000000000000e+00 0.000000000000000e+00 1.000000000000000e+00
1.780000000000000e-01 1.000000000000000e+00 0.000000000000000e+00 1.000000000000000e+00
1.800000000000000e-01 1.000000000000000e+00 0.000000000000000e+00 1.000000000000000e+00
1.820000000000000e-01 1.000000000000000e+00 0.000000000000000e+00 1.000000000000000e+00
1.840000000000000e-01 9.999999999000000e-01 1.000000000000000e-10 9.999999999000000e-01
1.860000000000000e-01 9.999999998000000e-01 2.000000000000000e-10 9.999999997000000e-01
1.880000000000000e-01 9.999999995000000e-01 6.000000000000000e-10 9.999999993000001e-01
1.900000000000000e-01 9.999999988000000e-01 1.400000000000000e-09 9.999999984000000e-01
1.920000000000000e-01 9.999999972000000e-01 3.300000000000000e-09 9.999999961000000e-01
1.940000000000000e-01 9.999999934000000e-01 7.900000000000000e-09 9.999999907000000e-01
1.960000000000000e-01 9.999999845999999e-01 1.820000000000000e-08 9.999999784000000e-01
1.980000000000000e-01 9.999999650000000e-01 4.140000000000000e-08 9.999999510000001e-01
2.000000000000000e-01 9.999999222000000e-01 9.210000000000000e-08 9.999998911000000e-01
2.020000000000000e-01 9.999998323000000e-01 1.985000000000000e-07 9.999997652000000e-01
2.040000000000000e-01 9.999996517000000e-01 4.121000000000000e-07 9.999995124000000e-01
2.060000000000000e-01 9.999993075000000e-01 8.193000000000000e-07 9.999990305000001e-01
2.080000000000000e-01 9.999986838000000e-01 1.557400000000000e-06 9.999981573000000e-01
2.100000000000000e-01 9.999976019000000e-01 2.837500000000000e-06 9.999966426000000e-01
2.120000000000000e-01 9.999957896000000e-01 4.981800000000000e-06 9.999941055000000e-01
2.140000000000000e-01 9.999928349000000e-01 8.477900000000001e-06 9.999899689000000e-01
2.160000000000000e-01 9.999881192000000e-01 1.405770000000000e-05 9.999833669000000e-01
2.180000000000000e-01 9.999807243000000e-01 2.280750000000000e-05 9.999730140999999e-01
2.200000000000000e-01 9.999693053000001e-01 3.631890000000000e-05 9.999570276999999e-01
2.220000000000000e-01 9.999519196000000e-01 5.689040000000000e-05 9.999326882000000e-01
2.240000000000000e-01 9.999258045000000e-01 8.779149999999999e-05 9.998961282000000e-01
2.260000000000000e-01 9.998870942000000e-01 1.335969000000000e-04 9.998419364000000e-01
2.280000000000000e-01 9.998304726000000e-01 2.005989000000000e-04 9.997626717000000e-01
2.300000000000000e-01 9.997487628000000e-01 2.972932000000000e-04 9.996482898000000e-01
2.320000000000000e-01 9.996324656000000e-01 4.349274000000000e-04 9.994854979000000e-01
2.340000000000000e-01 9.994692719000000e-01 6.280816000000000e-04 9.992570756000000e-01
2.360000000000000e-01 9.992435929000000e-01 8.952303000000000e-04 9.989412207000000e-01
2.380000000000000e-01 9.989361703000000e-01 1.259214900000000e-03 9.985110109999999e-01
2.400000000000000e-01 9.985238467000001e-01 1.747531400000000e-03 9.979340944000000e-01
2.420000000000000e-01 9.979795906000000e-01 2.392327600000000e-03 9.971727399000000e-01
2.440000000000000e-01 9.972728662000000e-01 3.230002200000000e-03 9.961843781000000e-01
2.460000000000000e-01 9.963704212000000e-01 4.300322700000000e-03 9.949227340000000e-01
2.480000000000000e-01 9.952375237000000e-01 5.645023800000000e-03 9.933395933000000e-01
2.500000000000000e-01 9.938396156000000e-01 7.305921800000000e-03 9.913871561000001e-01
2.520000000000000e-01 9.921442752000000e-01 9.322664499999999e-03 9.890208209000000e-01
2.540000000000000e-01 9.901233059000000e-01 1.173031970000000e-02 9.862021372999999e-01
2.560000000000000e-01 9.877547142000001e-01 1.455707200000000e-02 9.829015878000000e-01
2.580000000000000e-01 9.850243237000000e-01 1.782231050000000e-02 9.791008379000000e-01
2.600000000000000e-01 9.819268036000000e-01 2.153536390000000e-02 9.747941429000000e-01
2.620000000000000e-01 9.784659700000000e-01 2.569504920000000e-02 9.699887103000000e-01
2.640000000000000e-01 9.746543261000000e-01 3.029008340000000e-02 9.647039803000000e-01
2.660000000000000e-01 9.705119235000000e-01 3.530027670000000e-02 9.589699472000000e-01
2.680000000000000e-01 9.660647253000000e-01 4.069831780000000e-02 9.528247842000001e-01
2.700000000000000e-01 9.613427009000000e-01 4.645189550000000e-02 9.463121084000000e-01
2.720000000000000e-01 9.563778970000000e-01 5.252588580000000e-02 9.394782298000000e-01
2.740000000000000e-01 9.512026870000000e-01 5.888436920000000e-02 9.323696750000000e-01
2.760000000000000e-01 9.458483425000000e-01 6.549230900000000e-02 9.250311828000000e-01
2.780000000000000e-01 9.403439939000000e-01 7.231680190000001e-02 9.175042626000000e-01
2.800000000000000e-01 9.347159832000000e-01 7.932788659999999e-02 9.098263139000000e-01
2.820000000000000e-01 9.289875628000001e-01 8.649895610000000e-02 9.020302355000001e-01
2.840000000000000e-01 9.231788663000000e-01 9.380684910000001e-02 8.941444172000000e-01
2.860000000000000e-01 9.173070692000000e-01 1.012317126000000e-01 8.861929955000000e-01
2.880000000000000e-01 9.113866661000000e-01 1.087567206000000e-01 8.781962667000000e-01
2.900000000000000e-01 9.054298001000000e-01 1.163677198000000e-01 8.701711702000000e-01
2.920000000000000e-01 8.994466038000000e-01 1.240528550000000e-01 8.621317814000000e-01
2.940000000000000e-01 8.934455214000000e-01 1.318022085000000e-01 8.540897758000000e-01
2.960000000000000e-01 8.874335987999999e-01 1.396074717000000e-01 8.460548432000000e-01
2.980000000000000e-01 8.814167367000000e-01 1.474616555000000e-01 8.380350488000000e-01
3.000000000000000e-01 8.753999010000000e-01 1.553588420000000e-01 8.300371364000000e-01
3.020000000000000e-01 8.693872756000000e-01 1.632940159000000e-01 8.220667439000000e-01
3.040000000000000e-01 8.633823872000000e-01 1.712629324000000e-01 8.141285736000000e-01
3.060000000000000e-01 8.573882229999999e-01 1.792619730000000e-01 8.062265661000000e-01
3.080000000000000e-01 8.514073269000000e-01 1.872880326000000e-01 7.983640358000000e-01
3.100000000000000e-01 8.454418755999999e-01 1.953384311000000e-01 7.905437797000000e-01
3.120000000000000e-01 8.394937408000001e-01 2.034108417000000e-01 7.827681637000000e-01
3.140000000000000e-01 8.335645380000000e-01 2.115032336000000e-01 7.750391929000000e-01
3.160000000000000e-01 8.276556668000000e-01 2.196138252000000e-01 7.673585678000000e-01
3.180000000000000e-01 8.217683436000000e-01 2.277410464000000e-01 7.597277311000000e-01
3.200000000000000e-01 8.159036283000000e-01 2.358835078000000e-01 7.521479052000000e-01
3.220000000000000e-01 8.100624466000000e-01 2.440399743000000e-01 7.446201242000000e-01
3.240000000000000e-01 8.042456089000000e-01 2.522093437000000e-01 7.371452599000000e-01
3.260000000000000e-01 7.984538252000000e-01 2.603906294000000e-01 7.297240439000000e-01
3.280000000000000e-01 7.926877188000000e-01 2.685829444000000e-01 7.223570862000001e-01
3.300000000000000e-01 7.869478372000001e-01 2.767854892000000e-01 7.150448909000000e-01
3.320000000000000e-01 7.812346612000000e-01 2.849975401000000e-01 7.077878697000000e-01
3.340000000000000e-01 7.755486134000000e-01 2.932184407000000e-01 7.005863530000001e-01
3.360000000000000e-01 7.698900653000000e-01 3.014475935000000e-01 6.934406002000000e-01
3.380000000000000e-01 7.642593425000000e-01 3.096844526000000e-01 6.863508080000000e-01
3.400000000000000e-01 7.586567306999999e-01 3.179285185000000e-01 6.793171176000000e-01
3.420000000000000e-01 7.530824799000000e-01 3.261793321000000e-01 6.723396212000000e-01
3.440000000000000e-01 7.475368082000000e-01 3.344364708000000e-01 6.654183679000000e-01
3.460000000000000e-01 7.420199052999999e-01 3.426995440000000e-01 6.585533679000000e-01
3.480000000000000e-01 7.365319358000000e-01 3.509681897000000e-01 6.517445973000000e-01
3.500000000000000e-01 7.310730417000000e-01 3.592420716000000e-01 6.449920017000000e-01
3.520000000000000e-01 7.256433445000000e-01 3.675208763000000e-01 6.382954997000000e-01
3.540000000000000e-01 7.202429478000000e-01 3.758043105000000e-01 6.316549854000000e-01
3.560000000000000e-01 7.148719385000000e-01 3.840920991000000e-01 6.250703315000000e-01
3.580000000000000e-01 7.095303893000000e-01 3.923839833000000e-01 6.185413915000000e-01
3.600000000000000e-01 7.042183591000000e-01 4.006797188000000e-01 6.120680015000000e-01
3.620000000000000e-01 6.989358953000000e-01 4.089790741000000e-01 6.056499822000000e-01
3.640000000000000e-01 6.936830347000000e-01 4.172818292000000e-01 5.992871408000000e-01
3.660000000000000e-01 6.884598038999999e-01 4.255877745000000e-01 5.929792719000000e-01
3.680000000000000e-01 6.832662212000000e-01 4.338967092000000e-01 5.867261593999999e-01
3.700000000000000e-01 6.781022967000000e-01 4.422084410000000e-01 5.805275772000000e-01
3.720000000000000e-01 6.729680334000000e-01 4.505227847000000e-01 5.743832904000000e-01
3.740000000000000e-01 6.678634278000000e-01 4.588395616000000e-01 5.682930560000000e-01
3.760000000000000e-01 6.627884699000000e-01 4.671585990000000e-01 5.622566240000000e-01
3.780000000000000e-01 6.577431444000000e-01 4.754797297000000e-01 5.562737377000000e-01
3.800000000000000e-01 6.527274306000000e-01 4.838027913000000e-01 5.503441341999999e-01
3.820000000000000e-01 6.477413028000000e-01 4.921276264000000e-01 5.444675453000000e-01
3.840000000000000e-01 6.427847306000000e-01 5.004540822000000e-01 5.386436972000000e-01
3.860000000000000e-01 6.378576781000000e-01 5.087820104000000e-01 5.328723112000000e-01
3.880000000000000e-01 6.329601077000000e-01 5.171112675000000e-01 5.271531035000000e-01
3.900000000000000e-01 6.280919694000000e-01 5.254417148000000e-01 5.214857855000000e-01
3.920000000000000e-01 6.232532256000000e-01 5.337732194000000e-01 5.158700638000000e-01
3.940000000000000e-01 6.184438008000001e-01 5.421056529000000e-01 5.103056402000000e-01
3.960000000000000e-01 6.136636712000000e-01 5.504388944000000e-01 5.047922111000001e-01
3.980000000000000e-01 6.089127234000000e-01 5.587728265000000e-01 4.993294696000000e-01
4.000000000000000e-01 6.041909459000000e-01 5.671073426000000e-01 4.939171014000000e-01
4.020000000000000e-01 5.994982183000001e-01 5.754423352000000e-01 4.885547922000000e-01
4.040000000000000e-01 5.948344769000000e-01 5.837777113000000e-01 4.832422185000000e-01
4.060000000000000e-01 5.901996759000000e-01 5.921133722000000e-01 4.779790603000000e-01
4.080000000000000e-01 5.855936637000000e-01 6.004492302000000e-01 4.727649909000000e-01
4.100000000000000e-01 5.810164136000000e-01 6.087851890000000e-01 4.675996890000000e-01
4.120000000000000e-01 5.764678534000000e-01 6.171211525000000e-01 4.624828335000000e-01
4.140000000000000e-01 5.719478354999999e-01 6.254570052000000e-01 4.574141149000000e-01
4.160000000000000e-01 5.674563612000000e-01 6.337926199000000e-01 4.523932308000000e-01
4.180000000000000e-01 5.629934066000000e-01 6.421278250000000e-01 4.474199046000000e-01
4.200000000000000e-01 5.585588451000000e-01 6.504624149000000e-01 4.424938780000000e-01
4.220000000000000e-01 5.541527373000000e-01 6.587961102000000e-01 4.376149340000000e-01
4.240000000000000e-01 5.497752021000000e-01 6.671285589000000e-01 4.327828936000000e-01
4.260000000000000e-01 5.454262321000000e-01 6.754592907000000e-01 4.279976401000000e-01
4.280000000000000e-01 5.411059499000000e-01 6.837877231000000e-01 4.232591131000000e-01
4.300000000000000e-01 5.368147265000000e-01 6.921131012000000e-01 4.185673390000000e-01
4.320000000000000e-01 5.325528499000000e-01 7.004345077000000e-01 4.139224211000000e-01
4.340000000000000e-01 5.283205788000001e-01 7.087508044000000e-01 4.093245676000000e-01
4.360000000000000e-01 5.241184672000000e-01 7.170606541000000e-01 4.047740753000000e-01
4.380000000000000e-01 5.199472881000000e-01 7.253624488000000e-01 4.002713623000000e-01
4.400000000000000e-01 5.158076638000000e-01 7.336543508000000e-01 3.958169403000000e-01
4.420000000000000e-01 5.117002599000000e-01 7.419342150000000e-01 3.914114505000000e-01
4.440000000000000e-01 5.076261138000000e-01 7.501996376000000e-01 3.870556318000000e-01
4.460000000000000e-01 5.035865227000000e-01 7.584478344000000e-01 3.827503774000000e-01
4.480000000000000e-01 4.995826266000000e-01 7.666756861000000e-01 3.784967033000000e-01
4.500000000000000e-01 4.956156317000000e-01 7.748795520000000e-01 3.742958374000000e-01
4.520000000000000e-01 4.916872256000000e-01 7.830552874000000e-01 3.701491991000000e-01
4.540000000000000e-01 4.877996652000000e-01 7.911979325000000e-01 3.660585446000000e-01
4.560000000000000e-01 4.839553000000000e-01 7.993017006000001e-01 3.620259549000000e-01
4.580000000000000e-01 4.801566921000000e-01 8.073595294000000e-01 3.580540401000000e-01
4.600000000000000e-01 4.764070708000000e-01 8.153630592000000e-01 3.541459251000000e-01
4.620000000000000e-01 4.727108862000000e-01 8.233019761000000e-01 3.503055398000000e-01
4.640000000000000e-01 4.690734333000000e-01 8.311639594000000e-01 3.465376051000000e-01
4.660000000000000e-01 4.655008322000000e-01 8.389337066000000e-01 3.428480581000000e-01
4.680000000000000e-01 4.620002128000000e-01 8.465927974000000e-01 3.392440622000000e-01
4.700000000000000e-01 4.585809097000000e-01 8.541182071000000e-01 3.357346459000000e-01
4.720000000000000e-01 4.552546558000000e-01 8.614820721000001e-01 3.323307333000000e-01
4.740000000000000e-01 4.520359112000000e-01 8.686497758000000e-01 3.290459462000000e-01
4.760000000000000e-01 4.489412569000000e-01 8.755801400000000e-01 3.258964242000000e-01
4.780000000000000e-01 4.459901993000000e-01 8.822239741000000e-01 3.229014069000000e-01
4.800000000000000e-01 4.432049327000000e-01 8.885258754000001e-01 3.200823612000000e-01
4.820000000000000e-01 4.406102103000000e-01 8.944249931000000e-01 3.174626332000000e-01
4.840000000000000e-01 4.382307555000000e-01 8.998599227000000e-01 3.150653300000000e-01
4.860000000000000e-01 4.360887636000000e-01 9.047733850000000e-01 3.129114108000000e-01
4.880000000000000e-01 4.342008504000000e-01 9.091197337000000e-01 3.110166284000000e-01
4.900000000000000e-01 4.325761159000000e-01 9.128712302000001e-01 3.093890870000000e-01
4.920000000000000e-01 4.312144829000000e-01 9.160231912000000e-01 3.080272985000000e-01
4.940000000000000e-01 4.301058203000000e-01 9.185957265000000e-01 3.069196637000000e-01
4.960000000000000e-01 4.292302624000000e-01 9.206318998000000e-01 3.060453937000000e-01
4.980000000000000e-01 4.285602301000000e-01 9.221926573000000e-01 3.053767046000000e-01
5.000000000000000e-01 4.280637872000000e-01 9.233497522000000e-01 3.048817755000000e-01
5.020000000000000e-01 4.277082319000000e-01 9.241782054000000e-01 3.045278470000000e-01
5.040000000000000e-01 4.274628588000000e-01 9.247497260000000e-01 3.042838969000000e-01
5.060000000000000e-01 4.273005330000000e-01 9.251280449000000e-01 3.041225137000000e-01
5.080000000000000e-01 4.271983756000000e-01 9.253664689000000e-01 3.040208527000000e-01
5.100000000000000e-01 4.271379794000000e-01 9.255073805000000e-01 3.039607926000000e-01
5.120000000000000e-01 4.271052971000000e-01 9.255831023000000e-01 3.039285326000000e-01
5.140000000000000e-01 4.270901241000000e-01 9.256175215000000e-01 3.039138821000000e-01
5.160000000000000e-01 4.270852078000000e-01 9.256279353000000e-01 3.039094654000000e-01
5.180000000000000e-01 4.270853298000000e-01 9.256266932000000e-01 3.039100178000000e-01
5.200000000000000e-01 4.270900457000000e-01 9.256148533000000e-01 3.039150883000000e-01
5.220000000000000e-01 4.271016222000000e-01 9.255870827000000e-01 3.039269503000000e-01
5.240000000000000e-01 4.271199679000000e-01 9.255434669000000e-01 3.039455681000000e-01
5.260000000000000e-01 4.271421071000000e-01 9.254907728000000e-01 3.039680578000000e-01
5.280000000000000e-01 4.271616943000000e-01 9.254438109999999e-01 3.039881052000000e-01
5.300000000000000e-01 4.271789340000000e-01 9.254023182000000e-01 3.040058221000000e-01
5.320000000000000e-01 4.271940806000000e-01 9.253659124000000e-01 3.040213711000000e-01
5.340000000000000e-01 4.272072836000000e-01 9.253342003000000e-01 3.040349196000000e-01
5.360000000000000e-01 4.272185974000000e-01 9.253067859000000e-01 3.040466363000000e-01
5.380000000000000e-01 4.272281083000000e-01 9.252832686000000e-01 3.040566919000000e-01
5.400000000000000e-01 4.272360367000000e-01 9.252632346000000e-01 3.040652626000000e-01
5.420000000000000e-01 4.272426947000000e-01 9.252462524000000e-01 3.040725325000000e-01
5.440000000000000e-01 4.272483337000000e-01 9.252318866000000e-01 3.040786871000000e-01
5.460000000000000e-01 4.272530519000000e-01 9.252197346000000e-01 3.040838982000000e-01
5.480000000000000e-01 4.272568654000000e-01 9.252094565000000e-01 3.040883106000000e-01
5.500000000000000e-01 4.272598496000000e-01 9.252007794000000e-01 3.040920408000000e-01
5.520000000000000e-01 4.272621946000000e-01 9.251934778000001e-01 3.040951849000000e-01
5.540000000000000e-01 4.272641056000000e-01 9.251873468000000e-01 3.040978303000000e-01
5.560000000000000e-01 4.272656607000000e-01 9.251821963000000e-01 3.041000581000000e-01
5.580000000000001e-01 4.272668240000000e-01 9.251778639000000e-01 3.041019374000000e-01
5.600000000000001e-01 4.272675751000000e-01 9.251742153000000e-01 3.041035256000000e-01
5.620000000000001e-01 4.272679865000000e-01 9.251711363000000e-01 3.041048714000000e-01
5.639999999999999e-01 4.272681823000000e-01 9.251685235000000e-01 3.041060188000000e-01
5.659999999999999e-01 4.272682403000000e-01 9.251662867000000e-01 3.041070064000000e-01
5.679999999999999e-01 4.272681648000000e-01 9.251643658000001e-01 3.041078597000000e-01
5.700000000000000e-01 4.272679232000000e-01 9.251627159000000e-01 3.041085982000000e-01
5.720000000000000e-01 4.272674853000000e-01 9.251612947000000e-01 3.041092397000000e-01
5.740000000000000e-01 4.272668690000000e-01 9.251600545000001e-01 3.041098047000000e-01
5.760000000000000e-01 4.272661592000000e-01 9.251589132000000e-01 3.041103283000000e-01
5.780000000000000e-01 4.272654589000000e-01 9.251577633000000e-01 3.041108563000000e-01
5.800000000000000e-01 4.272648027000000e-01 9.251565332000000e-01 3.041114193000000e-01
5.820000000000000e-01 4.272641295000000e-01 9.251552306000000e-01 3.041120139000000e-01
5.840000000000000e-01 4.272633515000000e-01 9.251539103000000e-01 3.041126168000000e-01
5.860000000000000e-01 4.272624331000000e-01 9.251526282000000e-01 3.041132040000000e-01
5.880000000000000e-01 4.272614166000000e-01 9.251514082000000e-01 3.041137654000000e-01
5.900000000000000e-01 4.272603714000000e-01 9.251502326000000e-01 3.041143085000000e-01
5.920000000000000e-01 4.272593190000000e-01 9.251490555000000e-01 3.041148528000000e-01
5.940000000000000e-01 4.272582018000000e-01 9.251478340000000e-01 3.041154168000000e-01
5.960000000000000e-01 4.272569197000000e-01 9.251465587000000e-01 3.041160044000000e-01
5.980000000000000e-01 4.272554134000000e-01 9.251452654000000e-01 3.041166007000000e-01
6.000000000000000e-01 4.272537337000000e-01 9.251440183000000e-01 3.041171781000000e-01
6.020000000000000e-01 4.272519958000000e-01 9.251428717000000e-01 3.041177138000000e-01
6.040000000000000e-01 4.272502474000000e-01 9.251418426000000e-01 3.041182005000000e-01
6.060000000000000e-01 4.272484126000000e-01 9.251409142000000e-01 3.041186454000000e-01
6.080000000000000e-01 4.272463510000000e-01 9.251400498000000e-01 3.041190641000000e-01
6.100000000000000e-01 4.272439653000000e-01 9.251392153000000e-01 3.041194711000000e-01
6.120000000000000e-01 4.272412981000000e-01 9.251384032000000e-01 3.041198695000000e-01
6.140000000000000e-01 4.272384989000000e-01 9.251376391000000e-01 3.041202483000000e-01
6.160000000000000e-01 4.272356454000000e-01 9.251369618000000e-01 3.041205908000000e-01
6.180000000000000e-01 4.272326264000000e-01 9.251363985000000e-01 3.041208854000000e-01
6.200000000000000e-01 4.272292087000000e-01 9.251359511000000e-01 3.041211313000000e-01
6.220000000000000e-01 4.272252198000000e-01 9.251355945000000e-01 3.041213395000000e-01
6.240000000000000e-01 4.272207627000000e-01 9.251352856000000e-01 3.041215283000000e-01
6.260000000000000e-01 4.272162433000000e-01 9.251349881000001e-01 3.041217137000000e-01
6.280000000000000e-01 4.272120455000000e-01 9.251346937000000e-01 3.041218992000000e-01
6.300000000000000e-01 4.272081622000000e-01 9.251344225000000e-01 3.041220766000000e-01
6.320000000000000e-01 4.272040271000000e-01 9.251342054000000e-01 3.041222327000000e-01
6.340000000000000e-01 4.271986119000000e-01 9.251340648000000e-01 3.041223582000000e-01
6.360000000000000e-01 4.271903825000000e-01 9.251340042000000e-01 3.041224512000000e-01
6.380000000000000e-01 4.271773849000000e-01 9.251340004000000e-01 3.041225214000000e-01
6.400000000000000e-01 4.271581664000000e-01 9.251340078000000e-01 3.041225880000000e-01
6.420000000000000e-01 4.271336588000000e-01 9.251339817999999e-01 3.041226697000000e-01
6.440000000000000e-01 4.271077720000000e-01 9.251339116000000e-01 3.041227710000000e-01
6.460000000000000e-01 4.270846425000000e-01 9.251338242000000e-01 3.041228805000000e-01
6.480000000000000e-01 4.270665373000000e-01 9.251337607000000e-01 3.041229808000000e-01
6.500000000000000e-01 4.270529227000000e-01 9.251337613000000e-01 3.041230548000000e-01
6.520000000000000e-01 4.270392293000000e-01 9.251338311000000e-01 3.041231012000000e-01
6.540000000000000e-01 4.270177008000000e-01 9.251339422000000e-01 3.041231325000000e-01
6.560000000000000e-01 4.269731529000000e-01 9.251340515000001e-01 3.041231674000000e-01
6.580000000000000e-01 4.268718984000000e-01 9.251341069000000e-01 3.041232281000000e-01
6.600000000000000e-01 4.266428603000000e-01 9.251340775000000e-01 3.041233278000000e-01
6.620000000000000e-01 4.261487169000000e-01 9.251339830999999e-01 3.041234578000000e-01
6.640000000000000e-01 4.251494501000000e-01 9.251338952000000e-01 3.041235870000000e-01
6.660000000000000e-01 4.232707844000000e-01 9.251338991000000e-01 3.041236786000000e-01
6.680000000000000e-01 4.200047298000000e-01 9.251340367999999e-01 3.041237143000000e-01
6.700000000000000e-01 4.147799471000000e-01 9.251342718000000e-01 3.041237095000000e-01
6.720000000000000e-01 4.071258385000000e-01 9.251344988000000e-01 3.041237086000000e-01
6.740000000000000e-01 3.968962296000000e-01 9.251346011000000e-01 3.041237598000000e-01
6.760000000000000e-01 3.844346484000000e-01 9.251345340000000e-01 3.041238795000000e-01
6.780000000000000e-01 3.705396048000000e-01 9.251343653000000e-01 3.041240381000000e-01
6.800000000000000e-01 3.562030119000000e-01 9.251342249000000e-01 3.041241830000000e-01
6.820000000000001e-01 3.422789089000000e-01 9.251342158000000e-01 3.041242755000000e-01
6.840000000000001e-01 3.293546002000000e-01 9.251343754000000e-01 3.041243041000000e-01
6.860000000000001e-01 3.177851504000000e-01 9.251346677000000e-01 3.041242855000000e-01
6.879999999999999e-01 3.077410685000000e-01 9.251349956000000e-01 3.041242569000000e-01
6.899999999999999e-01 2.992525105000000e-01 9.251352415000000e-01 3.041242607000000e-01
6.919999999999999e-01 2.922499210000000e-01 9.251353245000000e-01 3.041243241000000e-01
6.940000000000000e-01 2.865996500000000e-01 9.251352432000000e-01 3.041244458000000e-01
6.960000000000000e-01 2.821332861000000e-01 9.251350720000000e-01 3.041245983000000e-01
6.980000000000000e-01 2.786702207000000e-01 9.251349218000000e-01 3.041247427000000e-01
7.000000000000000e-01 2.760337050000000e-01 9.251348938000000e-01 3.041248441000000e-01
7.020000000000000e-01 2.740611923000000e-01 9.251350482000000e-01 3.041248825000000e-01
7.040000000000000e-01 2.726100386000000e-01 9.251353794000000e-01 3.041248601000000e-01
7.060000000000000e-01 2.715597041000000e-01 9.251358057000000e-01 3.041248053000000e-01
7.080000000000000e-01 2.708115173000000e-01 9.251361903000000e-01 3.041247650000000e-01
7.100000000000000e-01 2.702869093000000e-01 9.251364045000000e-01 3.041247835000000e-01
7.120000000000000e-01 2.699248363000000e-01 9.251363947000000e-01 3.041248797000000e-01
7.140000000000000e-01 2.696789181000000e-01 9.251362046000000e-01 3.041250398000000e-01
7.160000000000000e-01 2.695146393000000e-01 9.251359478000000e-01 3.041252263000000e-01
7.180000000000000e-01 2.694068121000000e-01 9.251357647000000e-01 3.041253925000000e-01
7.200000000000000e-01 2.693373953000000e-01 9.251357869000000e-01 3.041254944000000e-01
7.220000000000000e-01 2.692936966000000e-01 9.251360927000000e-01 3.041255055000000e-01
7.240000000000000e-01 2.692669457000000e-01 9.251366519999999e-01 3.041254356000000e-01
7.260000000000000e-01 2.692512016000000e-01 9.251373049000000e-01 3.041253378000000e-01
7.280000000000000e-01 2.692425143000000e-01 9.251378340000000e-01 3.041252844000000e-01
7.300000000000000e-01 2.692382713000000e-01 9.251380887000000e-01 3.041253248000000e-01
7.320000000000000e-01 2.692366986000000e-01 9.251380449000000e-01 3.041254654000000e-01
7.340000000000000e-01 2.692367536000000e-01 9.251377713000000e-01 3.041256822000000e-01
7.360000000000000e-01 2.692381808000000e-01 9.251373978000000e-01 3.041259312000000e-01
7.380000000000000e-01 2.692405627000000e-01 9.251371405000000e-01 3.041261390000000e-01
7.400000000000000e-01 2.692432640000000e-01 9.251372234000000e-01 3.041262301000000e-01
7.420000000000000e-01 2.692458556000000e-01 9.251377579000000e-01 3.041261679000000e-01
7.440000000000000e-01 2.692481908000000e-01 9.251385680000000e-01 3.041260137000000e-01
7.460000000000000e-01 2.692502624000000e-01 9.251393398000000e-01 3.041258756000000e-01
7.480000000000000e-01 2.692520959000000e-01 9.251398430000000e-01 3.041258332000000e-01
7.500000000000000e-01 2.692537151000000e-01 9.251399890999999e-01 3.041259174000000e-01
7.520000000000000e-01 2.692551246000000e-01 9.251398776999999e-01 3.041260957000000e-01
7.540000000000000e-01 2.692563417000000e-01 9.251396111000000e-01 3.041263342000000e-01
7.560000000000000e-01 2.692573801000000e-01 9.251392574000000e-01 3.041266107000000e-01
7.580000000000000e-01 2.692581926000000e-01 9.251391317000000e-01 3.041268175000000e-01
7.600000000000000e-01 2.692587579000000e-01 9.251394813000000e-01 3.041268683000000e-01
7.620000000000000e-01 2.692591371000000e-01 9.251402121000000e-01 3.041267931000000e-01
7.640000000000000e-01 2.692594249000000e-01 9.251410538000000e-01 3.041266836000000e-01
7.660000000000000e-01 2.692596949000000e-01 9.251417340000000e-01 3.041266338000000e-01
7.680000000000000e-01 2.692599627000000e-01 9.251421582000000e-01 3.041266756000000e-01
7.700000000000000e-01 2.692602239000000e-01 9.251423893000000e-01 3.041267838000000e-01
7.720000000000000e-01 2.692605234000000e-01 9.251423432000000e-01 3.041269826000000e-01
7.740000000000000e-01 2.692608843000000e-01 9.251420035000000e-01 3.041272747000000e-01
7.760000000000000e-01 2.692612270000000e-01 9.251416581000000e-01 3.041275544000000e-01
7.780000000000000e-01 2.692614456000000e-01 9.251416754000000e-01 3.041276825000000e-01
7.800000000000000e-01 2.692615339000000e-01 9.251420948000000e-01 3.041276403000000e-01
7.820000000000000e-01 2.692615866000000e-01 9.251426903000000e-01 3.041275354000000e-01
7.840000000000000e-01 2.692616847000000e-01 9.251432967000000e-01 3.041274813000000e-01
7.860000000000000e-01 2.692618105000000e-01 9.251439130000000e-01 3.041274880000000e-01
7.880000000000000e-01 2.692619094000000e-01 9.251444290000000e-01 3.041275087000000e-01
7.900000000000000e-01 2.692620129000000e-01 9.251445165000000e-01 3.041275785000000e-01
7.920000000000000e-01 2.692621988000000e-01 9.251442174000000e-01 3.041277759000000e-01
7.940000000000000e-01 2.692625099000000e-01 9.251441057999999e-01 3.041281563000000e-01
7.960000000000000e-01 2.692628333000000e-01 9.251447410000000e-01 3.041285946000000e-01
7.980000000000000e-01 2.692629962000000e-01 9.251456733000000e-01 3.041288522000000e-01
8.000000000000000e-01 2.692629293000000e-01 9.251460226000000e-01 3.041287805000000e-01
8.020000000000000e-01 2.692628190000000e-01 9.251460508000000e-01 3.041286124000000e-01
8.040000000000000e-01 2.692630179000000e-01 9.251475579000000e-01 3.041288891000000e-01
8.060000000000000e-01 2.692636611000000e-01 9.251513899000000e-01 3.041298744000000e-01
8.080000000000001e-01 2.692641246000000e-01 9.251542142000000e-01 3.041306343000000e-01
8.100000000000001e-01 2.692630397000000e-01 9.251489538000000e-01 3.041289751000000e-01
8.120000000000001e-01 2.692595960000000e-01 9.251313440000000e-01 3.041235071000000e-01
8.139999999999999e-01 2.692570127000000e-01 9.251175453000000e-01 3.041192722000000e-01
8.159999999999999e-01 2.692644959000000e-01 9.251522269000000e-01 3.041309891000000e-01
8.179999999999999e-01 2.692953922000000e-01 9.252978097000000e-01 3.041799753000000e-01
8.200000000000000e-01 2.693274838000000e-01 9.254473545000000e-01 3.042308210000000e-01
8.220000000000000e-01 2.692875381000000e-01 9.252610586000000e-01 3.041680364000000e-01
8.240000000000000e-01 2.690142654000000e-01 9.239864913000000e-01 3.037357647000000e-01
8.260000000000000e-01 2.686378026000000e-01 9.222264757999999e-01 3.031404280000000e-01
8.280000000000000e-01 2.687446623000000e-01 9.227305243000000e-01 3.033110790000000e-01
8.300000000000000e-01 2.709637375000000e-01 9.331043639000000e-01 3.068306378000000e-01
8.320000000000000e-01 2.750721938000000e-01 9.521152749000000e-01 3.133827925000000e-01
8.340000000000000e-01 2.759341814000000e-01 9.562046246000000e-01 3.148415774000000e-01
8.360000000000000e-01 2.572847427000000e-01 8.704284657000000e-01 2.861322315000000e-01
8.380000000000000e-01 2.077880485000000e-01 6.113589009000000e-01 2.124304615000000e-01
8.400000000000000e-01 1.603100571000000e-01 2.922777747000000e-01 1.449972851000000e-01
8.420000000000000e-01 1.363946824000000e-01 9.760165470000000e-02 1.135570647000000e-01
8.440000000000000e-01 1.281579781000000e-01 2.692237730000000e-02 1.036093838000000e-01
8.460000000000000e-01 1.258216776000000e-01 6.971435000000000e-03 1.009254826000000e-01
8.480000000000000e-01 1.252091509000000e-01 1.771765300000000e-03 1.002345914000000e-01
8.500000000000000e-01 1.250526120000000e-01 4.455010000000000e-04 1.000589474000000e-01
8.520000000000000e-01 1.250129665000000e-01 1.097836000000000e-04 1.000145238000000e-01
8.540000000000000e-01 1.250030301000000e-01 2.565430000000000e-05 1.000033938000000e-01
8.560000000000000e-01 1.250006227000000e-01 5.271700000000000e-06 1.000006974000000e-01
8.580000000000000e-01 1.250001015000000e-01 8.597000000000000e-07 1.000001137000000e-01
8.600000000000000e-01 1.250000129000000e-01 1.092000000000000e-07 1.000000144000000e-01
8.620000000000000e-01 1.250000014000000e-01 1.180000000000000e-08 1.000000016000000e-01
8.640000000000000e-01 1.250000001000000e-01 1.200000000000000e-09 1.000000002000000e-01
8.660000000000000e-01 1.250000000000000e-01 1.000000000000000e-10 1.000000000000000e-01
8.680000000000000e-01 1.250000000000000e-01 0.000000000000000e+00 1.000000000000000e-01
8.700000000000000e-01 1.250000000000000e-01 0.000000000000000e+00 1.000000000000000e-01
8.720000000000000e-01 1.250000000000000e-01 0.000000000000000e+00 1.000000000000000e-01
8.740000000000000e-01 1.250000000000000e-01 0.000000000000000e+00 1.000000000000000e-01
8.760000000000000e-01 1.250000000000000e-01 0.000000000000000e+00 1.000000000000000e-01
8.780000000000000e-01 1.250000000000000e-01 0.000000000000000e+00 1.000000000000000e-01
8.800000000000000e-01 1.250000000000000e-01 0.000000000000000e+00 1.000000000000000e-01
8.820000000000000e-01 1.250000000000000e-01 0.000000000000000e+00 1.000000000000000e-01
8.840000000000000e-01 1.250000000000000e-01 0.000000000000000e+00 1.000000000000000e-01
8.860000000000000e-01 1.250000000000000e-01 0.000000000000000e+00 1.000000000000000e-01
8.880000000000000e-01 1.250000000000000e-01 0.000000000000000e+00 1.000000000000000e-01
8.900000000000000e-01 1.250000000000000e-01 0.000000000000000e+00 1.000000000000000e-01
8.920000000000000e-01 1.250000000000000e-01 0.000000000000000e+00 1.000000000000000e-01
8.940000000000000e-01 1.250000000000000e-01 0.000000000000000e+00 1.000000000000000e-01
8.960000000000000e-01 1.250000000000000e-01 0.000000000000000e+00 1.000000000000000e-01
8.980000000000000e-01 1.250000000000000e-01 0.000000000000000e+00 1.000000000000000e-01
9.000000000000000e-01 1.250000000000000e-01 0.000000000000000e+00 1.000000000000000e-01
9.020000000000000e-01 1.250000000000000e-01 0.000000000000000e+00 1.000000000000000e-01
9.040000000000000e-01 1.250000000000000e-01 0.000000000000000e+00 1.000000000000000e-01
9.060000000000000e-01 1.250000000000000e-01 0.000000000000000e+00 1.000000000000000e-01
9.080000000000000e-01 1.250000000000000e-01 0.000000000000000e+00 1.000000000000000e-01
9.100000000000000e-01 1.250000000000000e-01 0.000000000000000e+00 1.000000000000000e-01
9.120000000000000e-01 1.250000000000000e-01 0.000000000000000e+00 1.000000000000000e-01
9.140000000000000e-01 1.250000000000000e-01 0.000000000000000e+00 1.000000000000000e-01
9.160000000000000e-01 1.250000000000000e-01 0.000000000000000e+00 1.000000000000000e-01
9.180000000000000e-01 1.250000000000000e-01 0.000000000000000e+00 1.000000000000000e-01
9.200000000000000e-01 1.250000000000000e-01 0.000000000000000e+00 1.000000000000000e-01
9.220000000000000e-01 1.250000000000000e-01 0.000000000000000e+00 1.000000000000000e-01
9.240000000000000e-01 1.250000000000000e-01 0.000000000000000e+00 1.000000000000000e-01
9.260000000000000e-01 1.250000000000000e-01 0.000000000000000e+00 1.000000000000000e-01
9.280000000000000e-01 1.250000000000000e-01 0.000000000000000e+00 1.000000000000000e-01
9.300000000000000e-01 1.250000000000000e-01 0.000000000000000e+00 1.000000000000000e-01
9.320000000000001e-01 1.250000000000000e-01 0.000000000000000e+00 1.000000000000000e-01
9.340000000000001e-01 1.250000000000000e-01 0.000000000000000e+00 1.000000000000000e-01
9.360000000000001e-01 1.250000000000000e-01 0.000000000000000e+00 1.000000000000000e-01
9.379999999999999e-01 1.250000000000000e-01 0.000000000000000e+00 1.000000000000000e-01
9.399999999999999e-01 1.250000000000000e-01 0.000000000000000e+00 1.000000000000000e-01
9.419999999999999e-01 1.250000000000000e-01 0.000000000000000e+00 1.000000000000000e-01
9.440000000000000e-01 1.250000000000000e-01 0.000000000000000e+00 1.000000000000000e-01
9.460000000000000e-01 1.250000000000000e-01 0.000000000000000e+00 1.000000000000000e-01
9.480000000000000e-01 1.250000000000000e-01 0.000000000000000e+00 1.000000000000000e-01
9.500000000000000e-01 1.250000000000000e-01 0.000000000000000e+00 1.000000000000000e-01
9.520000000000000e-01 1.250000000000000e-01 0.000000000000000e+00 1.000000000000000e-01
9.540000000000000e-01 1.250000000000000e-01 0.000000000000000e+00 1.000000000000000e-01
9.560000000000000e-01 1.250000000000000e-01 0.000000000000000e+00 1.000000000000000e-01
9.580000000000000e-01 1.250000000000000e-01 0.000000000000000e+00 1.000000000000000e-01
9.600000000000000e-01 1.250000000000000e-01 0.000000000000000e+00 1.000000000000000e-01
9.620000000000000e-01 1.250000000000000e-01 0.000000000000000e+00 1.000000000000000e-01
9.640000000000000e-01 1.250000000000000e-01 0.000000000000000e+00 1.000000000000000e-01
9.660000000000000e-01 1.250000000000000e-01 0.000000000000000e+00 1.000000000000000e-01
9.680000000000000e-01 1.250000000000000e-01 0.000000000000000e+00 1.000000000000000e-01
9.700000000000000e-01 1.250000000000000e-01 0.000000000000000e+00 1.000000000000000e-01
9.720000000000000e-01 1.250000000000000e-01 0.000000000000000e+00 1.000000000000000e-01
9.740000000000000e-01 1.250000000000000e-01 0.000000000000000e+00 1.000000000000000e-01
9.760000000000000e-01 1.250000000000000e-01 0.000000000000000e+00 1.000000000000000e-01
9.780000000000000e-01 1.250000000000000e-01 0.000000000000000e+00 1.000000000000000e-01
9.800000000000000e-01 1.250000000000000e-01 0.000000000000000e+00 1.000000000000000e-01
9.820000000000000e-01 1.250000000000000e-01 0.000000000000000e+00 1.000000000000000e-01
9.840000000000000e-01 1.250000000000000e-01 0.000000000000000e+00 1.000000000000000e-01
9.860000000000000e-01 1.250000000000000e-01 0.000000000000000e+00 1.000000000000000e-01
9.880000000000000e-01 1.250000000000000e-01 0.000000000000000e+00 1.000000000000000e-01
9.900000000000000e-01 1.250000000000000e-01 0.000000000000000e+00 1.000000000000000e-01
9.920000000000000e-01 1.250000000000000e-01 0.000000000000000e+00 1.000000000000000e-01
9.940000000000000e-01 1.250000000000000e-01 0.000000000000000e+00 1.000000000000000e-01
9.960000000000000e-01 1.250000000000000e-01 0.000000000000000e+00 1.000000000000000e-01
9.980000000000000e-01 1.250000000000000e-01 0.000000000000000e+00 1.000000000000000e-01
1.000000000000000e+00 1.250000000000000e-01 0.000000000000000e+00 1.000000000000000e-01
ZONE T="beta=1", AUXDATA beta="1", I=501, F=POINT
0.000000000000000e+00 1.000000000000000e+00 0.000000000000000e+00 1.000000000000000e+00
2.000000000000000e-03 1.000000000000000e+00 0.000000000000000e+00 1.000000000000000e+00
4.000000000000000e-03 1.000000000000000e+00 0.000000000000000e+00 1.000000000000000e+00
6.000000000000000e-03 1.000000000000000e+00 0.000000000000000e+00 1.000000000000000e+00
8.000000000000000e-03 1.000000000000000e+00 0.000000000000000e+00 1.000000000000000e+00
1.000000000000000e-02 1.000000000000000e+00 0.000000000000000e+00 1.000000000000000e+00
1.200000000000000e-02 1.000000000000000e+00 0.000000000000000e+00 1.000000000000000e+00
1.400000000000000e-02 1.000000000000000e+00 0.000000000000000e+00 1.000000000000000e+00
1.600000000000000e-02 1.000000000000000e+00 0.000000000000000e+00 1.000000000000000e+00
1.800000000000000e-02 1.000000000000000e+00 0.000000000000000e+00 1.000000000000000e+00
2.000000000000000e-02 1.000000000000000e+00 0.000000000000000e+00 1.000000000000000e+00
2.200000000000000e-02 1.000000000000000e+00 0.000000000000000e+00 1.000000000000000e+00
2.400000000000000e-02 1.000000000000000e+00 0.000000000000000e+00 1.000000000000000e+00
2.600000000000000e-02 1.000000000000000e+00 0.000000000000000e+00 1.000000000000000e+00
2.800000000000000e-02 1.000000000000000e+00 0.000000000000000e+00 1.000000000000000e+00
3.000000000000000e-02 1.000000000000000e+00 0.000000000000000e+00 1.000000000000000e+00
3.200000000000000e-02 1.000000000000000e+00 0.000000000000000e+00 1.000000000000000e+00
3.400000000000000e-02 1.000000000000000e+00 0.000000000000000e+00 1.000000000000000e+00
3.600000000000000e-02 1.000000000000000e+00 0.000000000000000e+00 1.000000000000000e+00
3.800000000000000e-02 1.000000000000000e+00 0.000000000000000e+00 1.000000000000000e+00
4.000000000000000e-02 1.000000000000000e+00 0.000000000000000e+00 1.000000000000000e+00
4.200000000000000e-02 1.000000000000000e+00 0.000000000000000e+00 1.000000000000000e+00
4.400000000000000e-02 1.000000000000000e+00 0.000000000000000e+00 1.000000000000000e+00
4.600000000000000e-02 1.000000000000000e+00 0.000000000000000e+00 1.000000000000000e+00
4.800000000000000e-02 1.000000000000000e+00 0.000000000000000e+00 1.000000000000000e+00
5.000000000000000e-02 1.000000000000000e+00 0.000000000000000e+00 1.000000000000000e+00
5.200000000000000e-02 1.000000000000000e+00 0.000000000000000e+00 1.000000000000000e+00
5.400000000000000e-02 1.000000000000000e+00 0.000000000000000e+00 1.000000000000000e+00
5.600000000000000e-02 1.000000000000000e+00 0.000000000000000e+00 1.000000000000000e+00
5.800000000000000e-02 1.000000000000000e+00 0.000000000000000e+00 1.000000000000000e+00
6.000000000000000e-02 1.000000000000000e+00 0.000000000000000e+00 1.000000000000000e+00
6.200000000000000e-02 1.000000000000000e+00 0.000000000000000e+00 1.000000000000000e+00
6.400000000000000e-02 1.000000000000000e+00 0.000000000000000e+00 1.000000000000000e+00
6.600000000000000e-02 1.000000000000000e+00 0.000000000000000e+00 1.000000000000000e+00
6.800000000000000e-02 1.000000000000000e+00 0.000000000000000e+00 1.000000000000000e+00
7.000000000000001e-02 1.000000000000000e+00 0.000000000000000e+00 1.000000000000000e+00
7.199999999999999e-02 1.000000000000000e+00 0.000000000000000e+00 1.000000000000000e+00
7.400000000000000e-02 1.000000000000000e+00 0.000000000000000e+00 1.000000000000000e+00
7.600000000000000e-02 1.000000000000000e+00 0.000000000000000e+00 1.000000000000000e+00
7.800000000000000e-02 1.000000000000000e+00 0.000000000000000e+00 1.000000000000000e+00
8.000000000000000e-02 1.000000000000000e+00 0.000000000000000e+00 1.000000000000000e+00
8.200000000000000e-02 1.000000000000000e+00 0.000000000000000e+00 1.000000000000000e+00
8.400000000000001e-02 1.000000000000000e+00 0.000000000000000e+00 1.000000000000000e+00
8.599999999999999e-02 1.000000000000000e+00 0.000000000000000e+00 1.000000000000000e+00
8.799999999999999e-02 1.000000000000000e+00 0.000000000000000e+00 1.000000000000000e+00
9.000000000000000e-02 1.000000000000000e+00 0.000000000000000e+00 1.000000000000000e+00
9.200000000000000e-02 1.000000000000000e+00 0.000000000000000e+00 1.000000000000000e+00
9.400000000000000e-02 1.000000000000000e+00 0.000000000000000e+00 1.000000000000000e+00
9.600000000000000e-02 1.000000000000000e+00 0.000000000000000e+00 1.000000000000000e+00
9.800000000000000e-02 1.000000000000000e+00 0.000000000000000e+00 1.000000000000000e+00
1.000000000000000e-01 1.000000000000000e+00 0.000000000000000e+00 1.000000000000000e+00
1.020000000000000e-01 1.000000000000000e+00 0.000000000000000e+00 1.000000000000000e+00
1.040000000000000e-01 1.000000000000000e+00 0.000000000000000e+00 1.000000000000000e+00
1.060000000000000e-01 1.000000000000000e+00 0.000000000000000e+00 1.000000000000000e+00
1.080000000000000e-01 1.000000000000000e+00 0.000000000000000e+00 1.000000000000000e+00
1.100000000000000e-01 1.000000000000000e+00 0.000000000000000e+00 1.000000000000000e+00
1.120000000000000e-01 1.000000000000000e+00 0.000000000000000e+00 1.000000000000000e+00
1.140000000000000e-01 1.000000000000000e+00 0.000000000000000e+00 1.000000000000000e+00
1.160000000000000e-01 1.000000000000000e+00 0.000000000000000e+00 1.000000000000000e+00
1.180000000000000e-01 1.000000000000000e+00 0.000000000000000e+00 1.000000000000000e+00
1.200000000000000e-01 1.000000000000000e+00 0.000000000000000e+00 1.000000000000000e+00
1.220000000000000e-01 1.000000000000000e+00 0.000000000000000e+00 1.000000000000000e+00
1.240000000000000e-01 1.000000000000000e+00 0.000000000000000e+00 1.000000000000000e+00
1.260000000000000e-01 1.000000000000000e+00 0.000000000000000e+00 1.000000000000000e+00
1.280000000000000e-01 1.000000000000000e+00 0.000000000000000e+00 1.000000000000000e+00
1.300000000000000e-01 1.000000000000000e+00 0.000000000000000e+00 1.000000000000000e+00
1.320000000000000e-01 1.000000000000000e+00 0.000000000000000e+00 1.000000000000000e+00
1.340000000000000e-01 1.000000000000000e+00 0.000000000000000e+00 1.000000000000000e+00
1.360000000000000e-01 1.000000000000000e+00 0.000000000000000e+00 1.000000000000000e+00
1.380000000000000e-01 1.000000000000000e+00 0.000000000000000e+00 1.000000000000000e+00
1.400000000000000e-01 1.000000000000000e+00 0.000000000000000e+00 1.000000000000000e+00
1.420000000000000e-01 1.000000000000000e+00 0.000000000000000e+00 1.000000000000000e+00
1.440000000000000e-01 1.000000000000000e+00 0.000000000000000e+00 1.000000000000000e+00
1.460000000000000e-01 1.000000000000000e+00 0.000000000000000e+00 1.000000000000000e+00
1.480000000000000e-01 1.000000000000000e+00 0.000000000000000e+00 1.000000000000000e+00
1.500000000000000e-01 1.000000000000000e+00 0.000000000000000e+00 1.000000000000000e+00
1.520000000000000e-01 1.000000000000000e+00 0.000000000000000e+00 1.000000000000000e+00
1.540000000000000e-01 1.000000000000000e+00 0.000000000000000e+00 1.000000000000000e+00
1.560000000000000e-01 1.000000000000000e+00 0.000000000000000e+00 1.000000000000000e+00
1.580000000000000e-01 1.000000000000000e+00 0.000000000000000e+00 1.000000000000000e+00
1.600000000000000e-01 1.000000000000000e+00 0.000000000000000e+00 1.000000000000000e+00
1.620000000000000e-01 1.000000000000000e+00 0.000000000000000e+00 1.000000000000000e+00
1.640000000000000e-01 1.000000000000000e+00 0.000000000000000e+00 1.000000000000000e+00
1.660000000000000e-01 1.000000000000000e+00 0.000000000000000e+00 1.000000000000000e+00
1.680000000000000e-01 1.000000000000000e+00 0.000000000000000e+00 1.000000000000000e+00
1.700000000000000e-01 1.000000000000000e+00 0.000000000000000e+00 1.000000000000000e+00
1.720000000000000e-01 1.000000000000000e+00 0.000000000000000e+00 1.000000000000000e+00
1.740000000000000e-01 1.000000000000000e+00 0.000000000000000e+00 1.000000000000000e+00
1.760000000000000e-01 1.000000000000000e+00 0.000000000000000e+00 1.000000000000000e+00
1.780000000000000e-01 1.000000000000000e+00 0.000000000000000e+00 1.000000000000000e+00
1.800000000000000e-01 9.999999999000000e-01 1.000000000000000e-10 9.999999999000000e-01
1.820000000000000e-01 9.999999999000000e-01 2.000000000000000e-10 9.999999998000000e-01
1.840000000000000e-01 9.999999997000000e-01 4.000000000000000e-10 9.999999995000000e-01
1.860000000000000e-01 9.999999992000000e-01 1.000000000000000e-09 9.999999988000000e-01
1.880000000000000e-01 9.999999979999999e-01 2.400000000000000e-09 9.999999972000000e-01
1.900000000000000e-01 9.999999951000000e-01 5.800000000000000e-09 9.999999932000000e-01
1.920000000000000e-01 9.999999884000000e-01 1.370000000000000e-08 9.999999838000000e-01
1.940000000000000e-01 9.999999730000000e-01 3.190000000000000e-08 9.999999623000000e-01
1.960000000000000e-01 9.999999388000000e-01 7.240000000000000e-08 9.999999143000000e-01
1.980000000000000e-01 9.999998655000000e-01 1.592000000000000e-07 9.999998116000000e-01
2.000000000000000e-01 9.999997163000000e-01 3.357000000000000e-07 9.999996028000000e-01
2.020000000000000e-01 9.999994301000000e-01 6.743000000000000e-07 9.999992022000000e-01
2.040000000000000e-01 9.999989119000000e-01 1.287500000000000e-06 9.999984766000000e-01
2.060000000000000e-01 9.999980187000000e-01 2.344300000000000e-06 9.999972262000000e-01
2.080000000000000e-01 9.999965381000000e-01 4.096200000000000e-06 9.999951533000000e-01
2.100000000000000e-01 9.999941549000000e-01 6.916100000000000e-06 9.999918168000000e-01
2.120000000000000e-01 9.999904044000000e-01 1.135370000000000e-05 9.999865662000000e-01
2.140000000000000e-01 9.999846075000000e-01 1.821280000000000e-05 9.999784505000000e-01
2.160000000000000e-01 9.999757825000000e-01 2.865470000000000e-05 9.999660956999999e-01
2.180000000000000e-01 9.999625277999999e-01 4.433820000000000e-05 9.999475394000000e-01
2.200000000000000e-01 9.999428681000000e-01 6.760060000000000e-05 9.999200165000000e-01
2.220000000000000e-01 9.999140587000001e-01 1.016899000000000e-04 9.998796849000000e-01
2.240000000000000e-01 9.998723423000000e-01 1.510531000000000e-04 9.998212849000000e-01
2.260000000000000e-01 9.998126554000000e-01 2.216832000000000e-04 9.997377297000000e-01
2.280000000000000e-01 9.997282883000000e-01 3.215235000000000e-04 9.996196290000000e-01
2.300000000000000e-01 9.996105077000000e-01 4.609154000000000e-04 9.994547624000000e-01
2.320000000000000e-01 9.994481625000000e-01 6.530685000000000e-04 9.992275297000000e-01
2.340000000000000e-01 9.992273046000000e-01 9.145142000000000e-04 9.989184246000000e-01
2.360000000000000e-01 9.989308729000000e-01 1.265489000000000e-03 9.985035974000001e-01
2.380000000000000e-01 9.985384969000000e-01 1.730180700000000e-03 9.979545893000000e-01
2.400000000000000e-01 9.980264889000000e-01 2.336758900000000e-03 9.972383358000000e-01
2.420000000000000e-01 9.973680928000001e-01 3.117110000000000e-03 9.963175322000000e-01
2.440000000000000e-01 9.965340458000000e-01 4.106213000000000e-03 9.951514444000000e-01
2.460000000000000e-01 9.954934843000000e-01 5.341116900000000e-03 9.936972059000000e-01
2.480000000000000e-01 9.942151852000000e-01 6.859531600000000e-03 9.919115871999999e-01
2.500000000000000e-01 9.926690802000000e-01 8.698096000000001e-03 9.897531489000000e-01
2.520000000000000e-01 9.908279299000000e-01 1.089045490000000e-02 9.871846127000000e-01
2.540000000000000e-01 9.886689968000000e-01 1.346532120000000e-02 9.841752212000000e-01
2.560000000000000e-01 9.861755307000000e-01 1.644473400000000e-02 9.807028202000000e-01
2.580000000000000e-01 9.833378885000000e-01 1.984271600000000e-02 9.767554090000000e-01
2.600000000000000e-01 9.801541455000000e-01 2.366449310000000e-02 9.723319596000000e-01
2.620000000000000e-01 9.766301227999999e-01 2.790636960000000e-02 9.674423991000000e-01
2.640000000000000e-01 9.727788371000000e-01 3.255626060000000e-02 9.621067717000000e-01
2.660000000000000e-01 9.686194564000000e-01 3.759479600000000e-02 9.563537042000000e-01
2.680000000000000e-01 9.641759079000000e-01 4.299684090000000e-02 9.502183893000000e-01
2.700000000000000e-01 9.594753149000000e-01 4.873323820000000e-02 9.437403402000000e-01
2.720000000000000e-01 9.545464387000000e-01 5.477257440000000e-02 9.369611701000000e-01
2.740000000000000e-01 9.494182723000000e-01 6.108280010000000e-02 9.299226018000000e-01
2.760000000000000e-01 9.441188872000000e-01 6.763258360000000e-02 9.226648507000000e-01
2.780000000000000e-01 9.386745834000000e-01 7.439233369999999e-02 9.152254440000001e-01
2.800000000000000e-01 9.331093419000001e-01 8.133488100000000e-02 9.076384758000000e-01
2.820000000000000e-01 9.274445505000000e-01 8.843584800000000e-02 8.999342489000000e-01
2.840000000000000e-01 9.216989473000000e-01 9.567376300000000e-02 8.921392220000000e-01
2.860000000000000e-01 9.158887218000000e-01 1.030299860000000e-01 8.842761781000000e-01
2.880000000000000e-01 9.100277175000000e-01 1.104885090000000e-01 8.763645303000001e-01
2.900000000000000e-01 9.041276871000000e-01 1.180356863000000e-01 8.684206984000000e-01
2.920000000000000e-01 8.981985649999999e-01 1.256599393000000e-01 8.604585056000000e-01
2.940000000000000e-01 8.922487327000000e-01 1.333514612000000e-01 8.524895618000000e-01
2.960000000000000e-01 8.862852641000000e-01 1.411019430000000e-01 8.445236160000000e-01
2.980000000000000e-01 8.803141436000000e-01 1.489043243000000e-01 8.365688683000000e-01
3.000000000000000e-01 8.743404590000000e-01 1.567525728000000e-01 8.286322444000001e-01
3.020000000000000e-01 8.683685485000000e-01 1.646415035000000e-01 8.207196143000000e-01
3.040000000000000e-01 8.624021039000000e-01 1.725666891000000e-01 8.128359240000000e-01
3.060000000000000e-01 8.564442692999999e-01 1.805243388000000e-01 8.049853423000000e-01
3.080000000000000e-01 8.504977363000000e-01 1.885111855000000e-01 7.971713984000000e-01
3.100000000000000e-01 8.445648196000000e-01 1.965243975000000e-01 7.893970890999999e-01
3.120000000000000e-01 8.386475186000000e-01 2.045615068000000e-01 7.816649659000000e-01
3.140000000000000e-01 8.327475674000000e-01 2.126203515000000e-01 7.739772053000000e-01
3.160000000000000e-01 8.268664744999999e-01 2.206990297000000e-01 7.663356659000000e-01
3.180000000000000e-01 8.210055563999999e-01 2.287958603000000e-01 7.587419352000000e-01
3.200000000000000e-01 8.151659653000000e-01 2.369093517000000e-01 7.511973691000000e-01
3.220000000000000e-01 8.093487116000000e-01 2.450381750000000e-01 7.437031242000000e-01
3.240000000000000e-01 8.035546834000000e-01 2.531811421000000e-01 7.362601848000000e-01
3.260000000000000e-01 7.977846620000000e-01 2.613371873000000e-01 7.288693858000000e-01
3.280000000000000e-01 7.920393362000000e-01 2.695053512000000e-01 7.215314321000000e-01
3.300000000000000e-01 7.863193138000000e-01 2.776847676000000e-01 7.142469149000000e-01
3.320000000000000e-01 7.806251309000000e-01 2.858746517000000e-01 7.070163262000000e-01
3.340000000000000e-01 7.749572613000000e-01 2.940742910000000e-01 6.998400704000000e-01
3.360000000000000e-01 7.693161230000000e-01 3.022830363000000e-01 6.927184749000000e-01
3.380000000000000e-01 7.637020851000000e-01 3.105002944000000e-01 6.856517991000000e-01
3.400000000000000e-01 7.581154730000000e-01 3.187255221000000e-01 6.786402422000000e-01
3.420000000000000e-01 7.525565735000000e-01 3.269582203000000e-01 6.716839499000000e-01
3.440000000000000e-01 7.470256386000000e-01 3.351979295000000e-01 6.647830206000001e-01
3.460000000000000e-01 7.415228893000000e-01 3.434442252000000e-01 6.579375102000000e-01
3.480000000000000e-01 7.360485193000000e-01 3.516967145000000e-01 6.511474373000000e-01
3.500000000000000e-01 7.306026972000000e-01 3.599550322000000e-01 6.444127866000000e-01
3.520000000000000e-01 7.251855693000000e-01 3.682188386000000e-01 6.377335130000000e-01
3.540000000000000e-01 7.197972620999999e-01 3.764878162000000e-01 6.311095445000000e-01
3.560000000000000e-01 7.144378841000000e-01 3.847616676000000e-01 6.245407854000000e-01
3.580000000000000e-01 7.091075277000000e-01 3.930401132000000e-01 6.180271185000000e-01
3.600000000000000e-01 7.038062707000000e-01 4.013228893000000e-01 6.115684072999999e-01
3.620000000000000e-01 6.985341777000000e-01 4.096097467000000e-01 6.051644987000000e-01
3.640000000000000e-01 6.932913020000000e-01 4.179004481000000e-01 5.988152242000000e-01
3.660000000000000e-01 6.880776864000000e-01 4.261947677000000e-01 5.925204019000000e-01
3.680000000000000e-01 6.828933643000000e-01 4.344924889000000e-01 5.862798382000000e-01
3.700000000000000e-01 6.777383607000000e-01 4.427934036000000e-01 5.800933288000000e-01
3.720000000000000e-01 6.726126935000000e-01 4.510973103000000e-01 5.739606604000000e-01
3.740000000000000e-01 6.675163742000000e-01 4.594040134000000e-01 5.678816117000000e-01
3.760000000000000e-01 6.624494089000000e-01 4.677133220000000e-01 5.618559547999999e-01
3.780000000000000e-01 6.574117986000000e-01 4.760250483000000e-01 5.558834558000000e-01
3.800000000000000e-01 6.524035407000000e-01 4.843390067000000e-01 5.499638765000000e-01
3.820000000000000e-01 6.474246294000000e-01 4.926550126000000e-01 5.440969747000000e-01
3.840000000000000e-01 6.424750570000000e-01 5.009728810000000e-01 5.382825058000000e-01
3.860000000000000e-01 6.375548131000000e-01 5.092924256000000e-01 5.325202234999999e-01
3.880000000000000e-01 6.326638889000000e-01 5.176134568000000e-01 5.268098805000000e-01
3.900000000000000e-01 6.278022709000000e-01 5.259357807000000e-01 5.211512301000000e-01
3.920000000000000e-01 6.229699570000000e-01 5.342591976000000e-01 5.155440264000000e-01
3.940000000000000e-01 6.181669268000000e-01 5.425834993000000e-01 5.099880267000000e-01
3.960000000000000e-01 6.133931974000000e-01 5.509084690000000e-01 5.044829905000000e-01
3.980000000000000e-01 6.086487387000000e-01 5.592338760000000e-01 4.990286837000000e-01
4.000000000000000e-01 6.039335894000000e-01 5.675594790000000e-01 4.936248756000000e-01
4.020000000000000e-01 5.992477334000000e-01 5.758850143000001e-01 4.882713463000000e-01
4.040000000000000e-01 5.945911961000000e-01 5.842102057000000e-01 4.829678798000000e-01
4.060000000000000e-01 5.899640284000000e-01 5.925347469000000e-01 4.777142752000000e-01
4.080000000000000e-01 5.853662259000000e-01 6.008583124000000e-01 4.725103387000000e-01
4.100000000000000e-01 5.807978727999999e-01 6.091805417000000e-01 4.673558931000000e-01
4.120000000000000e-01 5.762590399999999e-01 6.175010455000000e-01 4.622507732000000e-01
4.140000000000000e-01 5.717497628000000e-01 6.258193916000000e-01 4.571948333000000e-01
4.160000000000000e-01 5.672701767000000e-01 6.341351130000000e-01 4.521879417000000e-01
4.180000000000000e-01 5.628204165000000e-01 6.424476858000000e-01 4.472299932000000e-01
4.200000000000000e-01 5.584005591000000e-01 6.507565418000000e-01 4.423208995000000e-01
4.220000000000000e-01 5.540108003000001e-01 6.590610444000000e-01 4.374606029000000e-01
4.240000000000000e-01 5.496513789000000e-01 6.673604954000000e-01 4.326490707000000e-01
4.260000000000000e-01 5.453224598000000e-01 6.756541075000000e-01 4.278863092000000e-01
4.280000000000000e-01 5.410242818000000e-01 6.839410147000000e-01 4.231723558000000e-01
4.300000000000000e-01 5.367572384000000e-01 6.922202321000001e-01 4.185073001000000e-01
4.320000000000000e-01 5.325216770000000e-01 7.004906630000000e-01 4.138912769000000e-01
4.340000000000000e-01 5.283179294000000e-01 7.087510538000000e-01 4.093244881000000e-01
4.360000000000000e-01 5.241465117000000e-01 7.170000002000000e-01 4.048071967000000e-01
4.380000000000000e-01 5.200080965000000e-01 7.252358817000000e-01 4.003397581000000e-01
4.400000000000000e-01 5.159032963000000e-01 7.334568671000000e-01 3.959226122000000e-01
4.420000000000000e-01 5.118327883000000e-01 7.416608372000000e-01 3.915563204000000e-01
4.440000000000000e-01 5.077975270000000e-01 7.498453844000000e-01 3.872415589000000e-01
4.460000000000000e-01 5.037987010000000e-01 7.580077011000000e-01 3.829791708000000e-01
4.480000000000000e-01 4.998374922000000e-01 7.661445768000000e-01 3.787701586000000e-01
4.500000000000000e-01 4.959152191000000e-01 7.742522506000000e-01 3.746157515000000e-01
4.520000000000000e-01 4.920335960000000e-01 7.823263940000000e-01 3.705174026000000e-01
4.540000000000000e-01 4.881948045000000e-01 7.903618881000000e-01 3.664768887000000e-01
4.560000000000000e-01 4.844012222000000e-01 7.983527792000000e-01 3.624963158000000e-01
4.580000000000000e-01 4.806555122000000e-01 8.062919594000000e-01 3.585782605000000e-01
4.600000000000000e-01 4.769609259000000e-01 8.141710719000000e-01 3.547257935000000e-01
4.620000000000000e-01 4.733216750000000e-01 8.219800206000000e-01 3.509426923000000e-01
4.640000000000000e-01 4.697427732000000e-01 8.297067830000000e-01 3.472334983000000e-01
4.660000000000000e-01 4.662300777000000e-01 8.373366971000000e-01 3.436038197000000e-01
4.680000000000000e-01 4.627904888000000e-01 8.448521744000000e-01 3.400604214000000e-01
4.700000000000000e-01 4.594326858000000e-01 8.522317315000000e-01 3.366116281000000e-01
4.720000000000000e-01 4.561673175000000e-01 8.594496413000000e-01 3.332674240000000e-01
4.740000000000000e-01 4.530071561000000e-01 8.664748573000000e-01 3.300398846000000e-01
4.760000000000000e-01 4.499668194000000e-01 8.732709520000000e-01 3.269431376000000e-01
4.780000000000000e-01 4.470631115000000e-01 8.797955783000000e-01 3.239935518000000e-01
4.800000000000000e-01 4.443148912000000e-01 8.860014942000000e-01 3.212092354000000e-01
4.820000000000000e-01 4.417426630000000e-01 8.918377103000000e-01 3.186095212000000e-01
4.840000000000000e-01 4.393669612000000e-01 8.972525779000000e-01 3.162136410000000e-01
4.860000000000000e-01 4.372065014000000e-01 9.021975024000000e-01 3.140391975000000e-01
4.880000000000000e-01 4.352761883000000e-01 9.066319268000000e-01 3.121001482000000e-01
4.900000000000000e-01 4.335854923000000e-01 9.105281643000001e-01 3.104049119000000e-01
4.920000000000000e-01 4.321370225000000e-01 9.138754394000000e-01 3.089548384000000e-01
4.940000000000000e-01 4.309255393000000e-01 9.166820618000000e-01 3.077434647000000e-01
4.960000000000000e-01 4.299378316000000e-01 9.189752543000000e-01 3.067567239000000e-01
4.980000000000000e-01 4.291537869000000e-01 9.207986153000000e-01 3.059740904000000e-01
5.000000000000000e-01 4.285484716000000e-01 9.222077222000000e-01 3.053704451000000e-01
5.020000000000000e-01 4.280946006000000e-01 9.232647448000000e-01 3.049183062000000e-01
5.040000000000000e-01 4.277647699000000e-01 9.240330674000000e-01 3.045900256000000e-01
5.060000000000000e-01 4.275331499000000e-01 9.245727768999999e-01 3.043596132000000e-01
5.080000000000000e-01 4.273766416000000e-01 9.249375210000000e-01 3.042039896000000e-01
5.100000000000000e-01 4.272755803000000e-01 9.251728292000000e-01 3.041036367000000e-01
5.120000000000000e-01 4.272140120000000e-01 9.253156890000001e-01 3.040427340000000e-01
5.140000000000000e-01 4.271795420000000e-01 9.253950372000000e-01 3.040089223000000e-01
5.160000000000000e-01 4.271628312000000e-01 9.254328352000000e-01 3.039928299000000e-01
5.180000000000000e-01 4.271569131000000e-01 9.254454523000000e-01 3.039874749000000e-01
5.200000000000000e-01 4.271565173000000e-01 9.254451926000000e-01 3.039876106000000e-01
5.220000000000000e-01 4.271605425000000e-01 9.254346059000000e-01 3.039921498000000e-01
5.240000000000000e-01 4.271712721000000e-01 9.254083157000000e-01 3.040033852000000e-01
5.260000000000000e-01 4.271893191000000e-01 9.253648437000001e-01 3.040219476000000e-01
5.280000000000000e-01 4.272128190000000e-01 9.253085178000000e-01 3.040459927000000e-01
5.300000000000000e-01 4.272359031000000e-01 9.252530847000000e-01 3.040696592000000e-01
5.320000000000000e-01 4.272561968000000e-01 9.252041741000000e-01 3.040905458000000e-01
5.340000000000000e-01 4.272738749000000e-01 9.251613963000000e-01 3.041088182000000e-01
5.360000000000000e-01 4.272891103000000e-01 9.251242790000000e-01 3.041246777000000e-01
5.380000000000000e-01 4.273020842000000e-01 9.250923138000000e-01 3.041383406000000e-01
5.400000000000000e-01 4.273130161000000e-01 9.250649774000000e-01 3.041500301000000e-01
5.420000000000000e-01 4.273221586000000e-01 9.250417510000000e-01 3.041599672000000e-01
5.440000000000000e-01 4.273297565000000e-01 9.250221330000000e-01 3.041683657000000e-01
5.460000000000000e-01 4.273360063000000e-01 9.250056518999999e-01 3.041754267000000e-01
5.480000000000000e-01 4.273410567000000e-01 9.249918772000000e-01 3.041813339000000e-01
5.500000000000000e-01 4.273450443000000e-01 9.249804246000000e-01 3.041862511000000e-01
5.520000000000000e-01 4.273481218000000e-01 9.249709525000001e-01 3.041903240000000e-01
5.540000000000000e-01 4.273504486000000e-01 9.249631560000000e-01 3.041936826000000e-01
5.560000000000000e-01 4.273521571000000e-01 9.249567611000000e-01 3.041964439000000e-01
5.580000000000001e-01 4.273533360000000e-01 9.249515261000000e-01 3.041987109000000e-01
5.600000000000001e-01 4.273540492000000e-01 9.249472433000000e-01 3.042005723000000e-01
5.620000000000001e-01 4.273543590000000e-01 9.249437345000000e-01 3.042021040000000e-01
5.639999999999999e-01 4.273543293000000e-01 9.249408634000000e-01 3.042033643000000e-01
5.659999999999999e-01 4.273539751000000e-01 9.249386159000000e-01 3.042043591000000e-01
5.679999999999999e-01 4.273533258000000e-01 9.249369360000000e-01 3.042051123000000e-01
5.700000000000000e-01 4.273524903000000e-01 9.249355658000000e-01 3.042057341000000e-01
5.720000000000000e-01 4.273515453000000e-01 9.249342981000001e-01 3.042063128000000e-01
5.740000000000000e-01 4.273505040000000e-01 9.249330631000000e-01 3.042068783000000e-01
5.760000000000000e-01 4.273493688000000e-01 9.249318300000000e-01 3.042074437000000e-01
5.780000000000000e-01 4.273481455000000e-01 9.249305874000000e-01 3.042080138000000e-01
5.800000000000000e-01 4.273468412000000e-01 9.249293345000000e-01 3.042085892000000e-01
5.820000000000000e-01 4.273454521000000e-01 9.249280789000000e-01 3.042091664000000e-01
5.840000000000000e-01 4.273439571000000e-01 9.249268389999999e-01 3.042097377000000e-01
5.860000000000000e-01 4.273423249000000e-01 9.249256426000000e-01 3.042102912000000e-01
5.880000000000000e-01 4.273405292000000e-01 9.249245188000000e-01 3.042108145000000e-01
5.900000000000000e-01 4.273385565000000e-01 9.249234876000000e-01 3.042112990000000e-01
5.920000000000000e-01 4.273364015000000e-01 9.249225539000000e-01 3.042117427000000e-01
5.940000000000000e-01 4.273340591000000e-01 9.249217098000000e-01 3.042121489000000e-01
5.960000000000000e-01 4.273315211000000e-01 9.249209439000000e-01 3.042125228000000e-01
5.980000000000000e-01 4.273287794000000e-01 9.249202478000000e-01 3.042128677000000e-01
6.000000000000000e-01 4.273258247000000e-01 9.249196152000000e-01 3.042131865000000e-01
6.020000000000000e-01 4.273226383000000e-01 9.249190369000000e-01 3.042134832000000e-01
6.040000000000000e-01 4.273191872000000e-01 9.249184990000000e-01 3.042137638000000e-01
6.060000000000000e-01 4.273154378000000e-01 9.249179868000000e-01 3.042140344000000e-01
6.080000000000000e-01 4.273113837000000e-01 9.249174904000000e-01 3.042142994000000e-01
6.100000000000000e-01 4.273070538000000e-01 9.249170049000000e-01 3.042145608000000e-01
6.120000000000000e-01 4.273024698000000e-01 9.249165289000000e-01 3.042148192000000e-01
6.140000000000000e-01 4.272975769000000e-01 9.249160627000000e-01 3.042150744000000e-01
6.160000000000000e-01 4.272922134000000e-01 9.249156093999999e-01 3.042153251000000e-01
6.180000000000000e-01 4.272861614000000e-01 9.249151778000000e-01 3.042155676000000e-01
6.200000000000000e-01 4.272792766000000e-01 9.249147834000000e-01 3.042157954000000e-01
6.220000000000000e-01 4.272716327000000e-01 9.249144440000000e-01 3.042160008000000e-01
6.240000000000000e-01 4.272635112000000e-01 9.249141716000000e-01 3.042161789000000e-01
6.260000000000000e-01 4.272551330000000e-01 9.249139668000000e-01 3.042163296000000e-01
6.280000000000000e-01 4.272463479000000e-01 9.249138231000000e-01 3.042164558000000e-01
6.300000000000000e-01 4.272365333000000e-01 9.249137344000000e-01 3.042165601000000e-01
6.320000000000000e-01 4.272246620000000e-01 9.249136976000000e-01 3.042166438000000e-01
6.340000000000000e-01 4.272094927000000e-01 9.249137088000000e-01 3.042167087000000e-01
6.360000000000000e-01 4.271900805000000e-01 9.249137569000000e-01 3.042167595000000e-01
6.380000000000000e-01 4.271667297000000e-01 9.249138208000000e-01 3.042168049000000e-01
6.400000000000000e-01 4.271414748000000e-01 9.249138778000000e-01 3.042168547000000e-01
6.420000000000000e-01 4.271166347000000e-01 9.249139138000000e-01 3.042169148000000e-01
6.440000000000000e-01 4.270927852000000e-01 9.249139230000000e-01 3.042169877000000e-01
6.460000000000000e-01 4.270680883000000e-01 9.249139041000000e-01 3.042170741000000e-01
6.480000000000000e-01 4.270386333000000e-01 9.249138563000000e-01 3.042171745000000e-01
6.500000000000000e-01 4.269979042000000e-01 9.249137798000000e-01 3.042172890000000e-01
6.520000000000000e-01 4.269346941000000e-01 9.249136786000000e-01 3.042174161000000e-01
6.540000000000000e-01 4.268292687000000e-01 9.249135642000000e-01 3.042175510000000e-01
6.560000000000000e-01 4.266471872000000e-01 9.249134547000000e-01 3.042176862000000e-01
6.580000000000000e-01 4.263299559000000e-01 9.249133693000000e-01 3.042178135000000e-01
6.600000000000000e-01 4.257818436000000e-01 9.249133183000000e-01 3.042179285000000e-01
6.620000000000000e-01 4.248530363000000e-01 9.249132996000000e-01 3.042180320000000e-01
6.640000000000000e-01 4.233214181000000e-01 9.249133096000000e-01 3.042181253000000e-01
6.660000000000000e-01 4.208793517000000e-01 9.249133612000000e-01 3.042182026000000e-01
6.680000000000000e-01 4.171382992000000e-01 9.249134830000000e-01 3.042182517000000e-01
6.700000000000000e-01 4.116714840000000e-01 9.249136869000000e-01 3.042182677000000e-01
6.720000000000000e-01 4.041160691000000e-01 9.249139379000000e-01 3.042182655000000e-01
6.740000000000000e-01 3.943349364000000e-01 9.249141749000001e-01 3.042182707000000e-01
6.760000000000000e-01 3.825770854000000e-01 9.249143647000000e-01 3.042182967000000e-01
6.780000000000000e-01 3.695059149000000e-01 9.249145183000000e-01 3.042183383000000e-01
6.800000000000000e-01 3.560013478000000e-01 9.249146551000000e-01 3.042183873000000e-01
6.820000000000001e-01 3.428381323000000e-01 9.249147750000000e-01 3.042184434000000e-01
6.840000000000001e-01 3.305467670000000e-01 9.249148645000000e-01 3.042185115000000e-01
6.860000000000001e-01 3.194514624000000e-01 9.249149132000000e-01 3.042185950000000e-01
6.879999999999999e-01 3.097161989000000e-01 9.249149215000000e-01 3.042186933000000e-01
6.899999999999999e-01 3.013832891000000e-01 9.249149023000000e-01 3.042188015000000e-01
6.919999999999999e-01 2.944072927000000e-01 9.249148760000000e-01 3.042189119000000e-01
6.940000000000000e-01 2.886843990000000e-01 9.249148628000000e-01 3.042190178000000e-01
6.960000000000000e-01 2.840767823000000e-01 9.249148692000000e-01 3.042191169000000e-01
6.980000000000000e-01 2.804317070000000e-01 9.249148838000000e-01 3.042192136000000e-01
7.000000000000000e-01 2.775955777000000e-01 9.249148900000000e-01 3.042193137000000e-01
7.020000000000000e-01 2.754234815000000e-01 9.249148922000000e-01 3.042194158000000e-01
7.040000000000000e-01 2.737849701000000e-01 9.249149310000000e-01 3.042195062000000e-01
7.060000000000000e-01 2.725669082000000e-01 9.249150648000000e-01 3.042195654000000e-01
7.080000000000000e-01 2.716741751000000e-01 9.249153252000000e-01 3.042195831000000e-01
7.100000000000000e-01 2.710289105000000e-01 9.249156843000000e-01 3.042195693000000e-01
7.120000000000000e-01 2.705688722000000e-01 9.249160676000000e-01 3.042195496000000e-01
7.140000000000000e-01 2.702453464000000e-01 9.249164073000000e-01 3.042195476000000e-01
7.160000000000000e-01 2.700209369000000e-01 9.249166880000000e-01 3.042195688000000e-01
7.180000000000000e-01 2.698674507000000e-01 9.249169451000000e-01 3.042196015000000e-01
7.200000000000000e-01 2.697639987000000e-01 9.249172191000000e-01 3.042196322000000e-01
7.220000000000000e-01 2.696953611000000e-01 9.249175135000000e-01 3.042196599000000e-01
7.240000000000000e-01 2.696506231000000e-01 9.249177955000000e-01 3.042196956000000e-01
7.260000000000000e-01 2.696220694000000e-01 9.249180322000000e-01 3.042197502000000e-01
7.280000000000000e-01 2.696043206000000e-01 9.249182162000000e-01 3.042198259000000e-01
7.300000000000000e-01 2.695936778000000e-01 9.249183537000000e-01 3.042199202000000e-01
7.320000000000000e-01 2.695876327000000e-01 9.249184451000000e-01 3.042200325000000e-01
7.340000000000000e-01 2.695845002000000e-01 9.249184940000000e-01 3.042201611000000e-01
7.360000000000000e-01 2.695831573000000e-01 9.249185328000000e-01 3.042202948000000e-01
7.380000000000000e-01 2.695828799000000e-01 9.249186136000001e-01 3.042204159000000e-01
7.400000000000000e-01 2.695833887000000e-01 9.249187694000000e-01 3.042205131000000e-01
7.420000000000000e-01 2.695844926000000e-01 9.249188800000000e-01 3.042206273000000e-01
7.440000000000000e-01 2.695858721000000e-01 9.249187585999999e-01 3.042208222000000e-01
7.460000000000000e-01 2.695872601000000e-01 9.249184816000000e-01 3.042210729000000e-01
7.480000000000000e-01 2.695884776000000e-01 9.249184253000000e-01 3.042212524000000e-01
7.500000000000000e-01 2.695894618000000e-01 9.249188172000000e-01 3.042212848000000e-01
7.520000000000000e-01 2.695902599000000e-01 9.249195210000000e-01 3.042212172000000e-01
7.540000000000000e-01 2.695909485000000e-01 9.249202700000000e-01 3.042211408000000e-01
7.560000000000000e-01 2.695916008000000e-01 9.249207896000000e-01 3.042211490000000e-01
7.580000000000000e-01 2.695922320000000e-01 9.249210177000000e-01 3.042212627000000e-01
7.600000000000000e-01 2.695927644000000e-01 9.249212855000000e-01 3.042213692000000e-01
7.620000000000000e-01 2.695931590000000e-01 9.249217540000000e-01 3.042214144000000e-01
7.640000000000000e-01 2.695934343000000e-01 9.249223671000000e-01 3.042214171000000e-01
7.660000000000000e-01 2.695936560000000e-01 9.249229050000000e-01 3.042214509000000e-01
7.680000000000000e-01 2.695938757000000e-01 9.249232820000000e-01 3.042215422000000e-01
7.700000000000000e-01 2.695941049000000e-01 9.249236015000000e-01 3.042216546000000e-01
7.720000000000000e-01 2.695943499000000e-01 9.249239368000000e-01 3.042217635000000e-01
7.740000000000000e-01 2.695946283000000e-01 9.249242262000000e-01 3.042218894000000e-01
7.760000000000000e-01 2.695949417000000e-01 9.249243867000000e-01 3.042220556000000e-01
7.780000000000000e-01 2.695952375000000e-01 9.249244954000000e-01 3.042222332000000e-01
7.800000000000000e-01 2.695954520000000e-01 9.249247377000001e-01 3.042223707000000e-01
7.820000000000000e-01 2.695955798000000e-01 9.249251413000000e-01 3.042224778000000e-01
7.840000000000000e-01 2.695956821000000e-01 9.249254640000000e-01 3.042226371000000e-01
7.860000000000000e-01 2.695958311000000e-01 9.249254450000000e-01 3.042229043000000e-01
7.880000000000000e-01 2.695960269000000e-01 9.249251684000001e-01 3.042232249000000e-01
7.900000000000000e-01 2.695962422000000e-01 9.249250766000000e-01 3.042234909000000e-01
7.920000000000000e-01 2.695964218000000e-01 9.249257177000000e-01 3.042236076000000e-01
7.940000000000000e-01 2.695965849000000e-01 9.249268475000000e-01 3.042236590000000e-01
7.960000000000000e-01 2.695967269000000e-01 9.249278535000000e-01 3.042237002000000e-01
7.980000000000000e-01 2.695968662000000e-01 9.249282156999999e-01 3.042237979000000e-01
8.000000000000000e-01 2.695970141000000e-01 9.249283766000000e-01 3.042240086000000e-01
8.020000000000000e-01 2.695971830000000e-01 9.249293245000000e-01 3.042243724000000e-01
8.040000000000000e-01 2.695973386000000e-01 9.249310266000000e-01 3.042247746000000e-01
8.060000000000000e-01 2.695973011000000e-01 9.249320534000000e-01 3.042248493000000e-01
8.080000000000001e-01 2.695968750000000e-01 9.249306864000000e-01 3.042242184000000e-01
8.100000000000001e-01 2.695963881000000e-01 9.249283186000000e-01 3.042233841000000e-01
8.120000000000001e-01 2.695968395000000e-01 9.249299246000000e-01 3.042239440000000e-01
8.139999999999999e-01 2.696003614000000e-01 9.249459227000000e-01 3.042292876000000e-01
8.159999999999999e-01 2.696063116000000e-01 9.249735952000000e-01 3.042385073000000e-01
8.179999999999999e-01 2.696079597000000e-01 9.249807887000000e-01 3.042410092000000e-01
8.200000000000000e-01 2.695858196000000e-01 9.248763745000000e-01 3.042061163000000e-01
8.220000000000000e-01 2.695017650000000e-01 9.244853094000000e-01 3.040737013000000e-01
8.240000000000000e-01 2.694119989000000e-01 9.240683495999999e-01 3.039321905000000e-01
8.260000000000000e-01 2.694735373000000e-01 9.243572097000000e-01 3.040298936000000e-01
8.280000000000000e-01 2.702859046000000e-01 9.281458210000000e-01 3.053148196000000e-01
8.300000000000000e-01 2.721950435000000e-01 9.370247836000000e-01 3.083448827000000e-01
8.320000000000000e-01 2.733747143000000e-01 9.425500406000000e-01 3.102522179000000e-01
8.340000000000000e-01 2.686077570000000e-01 9.206184227999999e-01 3.028251750000000e-01
8.360000000000000e-01 2.416303951000000e-01 7.909500942000000e-01 2.616713685000000e-01
8.380000000000000e-01 1.929474861000000e-01 5.181797926000000e-01 1.904512129000000e-01
8.400000000000000e-01 1.540231225000000e-01 2.423918061000000e-01 1.363408386000000e-01
8.420000000000000e-01 1.350376018000000e-01 8.582039930000000e-02 1.118509252000000e-01
8.440000000000000e-01 1.280918159000000e-01 2.633438180000000e-02 1.035296487000000e-01
8.460000000000000e-01 1.259051084000000e-01 7.678946900000000e-03 1.010197685000000e-01
8.480000000000000e-01 1.252598472000000e-01 2.201358200000000e-03 1.002915359000000e-01
8.500000000000000e-01 1.250738066000000e-01 6.249928000000001e-04 1.000827048000000e-01
8.520000000000000e-01 1.250206302000000e-01 1.746729000000000e-04 1.000231091000000e-01
8.540000000000000e-01 1.250055499000000e-01 4.698880000000000e-05 1.000062162000000e-01
8.560000000000000e-01 1.250013616000000e-01 1.152810000000000e-05 1.000015250000000e-01
8.580000000000000e-01 1.250002755000000e-01 2.332700000000000e-06 1.000003086000000e-01
8.600000000000000e-01 1.250000422000000e-01 3.571000000000000e-07 1.000000472000000e-01
8.620000000000000e-01 1.250000051000000e-01 4.300000000000000e-08 1.000000057000000e-01
8.640000000000000e-01 1.250000005000000e-01 4.600000000000000e-09 1.000000006000000e-01
8.660000000000000e-01 1.250000001000000e-01 5.000000000000000e-10 1.000000001000000e-01
8.680000000000000e-01 1.250000000000000e-01 0.000000000000000e+00 1.000000000000000e-01
8.700000000000000e-01 1.250000000000000e-01 0.000000000000000e+00 1.000000000000000e-01
8.720000000000000e-01 1.250000000000000e-01 0.000000000000000e+00 1.000000000000000e-01
8.740000000000000e-01 1.250000000000000e-01 0.000000000000000e+00 1.000000000000000e-01
8.760000000000000e-01 1.250000000000000e-01 0.000000000000000e+00 1.000000000000000e-01
8.780000000000000e-01 1.250000000000000e-01 0.000000000000000e+00 1.000000000000000e-01
8.800000000000000e-01 1.250000000000000e-01 0.000000000000000e+00 1.000000000000000e-01
8.820000000000000e-01 1.250000000000000e-01 0.000000000000000e+00 1.000000000000000e-01
8.840000000000000e-01 1.250000000000000e-01 0.000000000000000e+00 1.000000000000000e-01
8.860000000000000e-01 1.250000000000000e-01 0.000000000000000e+00 1.000000000000000e-01
8.880000000000000e-01 1.250000000000000e-01 0.000000000000000e+00 1.000000000000000e-01
8.900000000000000e-01 1.250000000000000e-01 0.000000000000000e+00 1.000000000000000e-01
8.920000000000000e-01 1.250000000000000e-01 0.000000000000000e+00 1.000000000000000e-01
8.940000000000000e-01 1.250000000000000e-01 0.000000000000000e+00 1.000000000000000e-01
8.960000000000000e-01 1.250000000000000e-01 0.000000000000000e+00 1.000000000000000e-01
8.980000000000000e-01 1.250000000000000e-01 0.000000000000000e+00 1.000000000000000e-01
9.000000000000000e-01 1.250000000000000e-01 0.000000000000000e+00 1.000000000000000e-01
9.020000000000000e-01 1.250000000000000e-01 0.000000000000000e+00 1.000000000000000e-01
9.040000000000000e-01 1.250000000000000e-01 0.000000000000000e+00 1.000000000000000e-01
9.060000000000000e-01 1.250000000000000e-01 0.000000000000000e+00 1.000000000000000e-01
9.080000000000000e-01 1.250000000000000e-01 0.000000000000000e+00 1.000000000000000e-01
9.100000000000000e-01 1.250000000000000e-01 0.000000000000000e+00 1.000000000000000e-01
9.120000000000000e-01 1.250000000000000e-01 0.000000000000000e+00 1.000000000000000e-01
9.140000000000000e-01 1.250000000000000e-01 0.000000000000000e+00 1.000000000000000e-01
9.160000000000000e-01 1.250000000000000e-01 0.000000000000000e+00 1.000000000000000e-01
9.180000000000000e-01 1.250000000000000e-01 0.000000000000000e+00 1.000000000000000e-01
9.200000000000000e-01 1.250000000000000e-01 0.000000000000000e+00 1.000000000000000e-01
9.220000000000000e-01 1.250000000000000e-01 0.000000000000000e+00 1.000000000000000e-01
9.240000000000000e-01 1.250000000000000e-01 0.000000000000000e+00 1.000000000000000e-01
9.260000000000000e-01 1.250000000000000e-01 0.000000000000000e+00 1.000000000000000e-01
9.280000000000000e-01 1.250000000000000e-01 0.000000000000000e+00 1.000000000000000e-01
9.300000000000000e-01 1.250000000000000e-01 0.000000000000000e+00 1.000000000000000e-01
9.320000000000001e-01 1.250000000000000e-01 0.000000000000000e+00 1.000000000000000e-01
9.340000000000001e-01 1.250000000000000e-01 0.000000000000000e+00 1.000000000000000e-01
9.360000000000001e-01 1.250000000000000e-01 0.000000000000000e+00 1.000000000000000e-01
9.379999999999999e-01 1.250000000000000e-01 0.000000000000000e+00 1.000000000000000e-01
9.399999999999999e-01 1.250000000000000e-01 0.000000000000000e+00 1.000000000000000e-01
9.419999999999999e-01 1.250000000000000e-01 0.000000000000000e+00 1.000000000000000e-01
9.440000000000000e-01 1.250000000000000e-01 0.000000000000000e+00 1.000000000000000e-01
9.460000000000000e-01 1.250000000000000e-01 0.000000000000000e+00 1.000000000000000e-01
9.480000000000000e-01 1.250000000000000e-01 0.000000000000000e+00 1.000000000000000e-01
9.500000000000000e-01 1.250000000000000e-01 0.000000000000000e+00 1.000000000000000e-01
9.520000000000000e-01 1.250000000000000e-01 0.000000000000000e+00 1.000000000000000e-01
9.540000000000000e-01 1.250000000000000e-01 0.000000000000000e+00 1.000000000000000e-01
9.560000000000000e-01 1.250000000000000e-01 0.000000000000000e+00 1.000000000000000e-01
9.580000000000000e-01 1.250000000000000e-01 0.000000000000000e+00 1.000000000000000e-01
9.600000000000000e-01 1.250000000000000e-01 0.000000000000000e+00 1.000000000000000e-01
9.620000000000000e-01 1.250000000000000e-01 0.000000000000000e+00 1.000000000000000e-01
9.640000000000000e-01 1.250000000000000e-01 0.000000000000000e+00 1.000000000000000e-01
9.660000000000000e-01 1.250000000000000e-01 0.000000000000000e+00 1.000000000000000e-01
9.680000000000000e-01 1.250000000000000e-01 0.000000000000000e+00 1.000000000000000e-01
9.700000000000000e-01 1.250000000000000e-01 0.000000000000000e+00 1.000000000000000e-01
9.720000000000000e-01 1.250000000000000e-01 0.000000000000000e+00 1.000000000000000e-01
9.740000000000000e-01 1.250000000000000e-01 0.000000000000000e+00 1.000000000000000e-01
9.760000000000000e-01 1.250000000000000e-01 0.000000000000000e+00 1.000000000000000e-01
9.780000000000000e-01 1.250000000000000e-01 0.000000000000000e+00 1.000000000000000e-01
9.800000000000000e-01 1.250000000000000e-01 0.000000000000000e+00 1.000000000000000e-01
9.820000000000000e-01 1.250000000000000e-01 0.000000000000000e+00 1.000000000000000e-01
9.840000000000000e-01 1.250000000000000e-01 0.000000000000000e+00 1.000000000000000e-01
9.860000000000000e-01 1.250000000000000e-01 0.000000000000000e+00 1.000000000000000e-01
9.880000000000000e-01 1.250000000000000e-01 0.000000000000000e+00 1.000000000000000e-01
9.900000000000000e-01 1.250000000000000e-01 0.000000000000000e+00 1.000000000000000e-01
9.920000000000000e-01 1.250000000000000e-01 0.000000000000000e+00 1.000000000000000e-01
9.940000000000000e-01 1.250000000000000e-01 0.000000000000000e+00 1.000000000000000e-01
9.960000000000000e-01 1.250000000000000e-01 0.000000000000000e+00 1.000000000000000e-01
9.980000000000000e-01 1.250000000000000e-01 0.000000000000000e+00 1.000000000000000e-01
1.000000000000000e+00 1.250000000000000e-01 0.000000000000000e+00 1.000000000000000e-01
ZONE T="beta=1.5", AUXDATA beta="1.5", I=501, F=POINT
0.000000000000000e+00 1.000000000000000e+00 0.000000000000000e+00 1.000000000000000e+00
2.000000000000000e-03 1.000000000000000e+00 0.000000000000000e+00 1.000000000000000e+00
4.000000000000000e-03 1.000000000000000e+00 0.000000000000000e+00 1.000000000000000e+00
6.000000000000000e-03 1.000000000000000e+00 0.000000000000000e+00 1.000000000000000e+00
8.000000000000000e-03 1.000000000000000e+00 0.000000000000000e+00 1.000000000000000e+00
1.000000000000000e-02 1.000000000000000e+00 0.000000000000000e+00 1.000000000000000e+00
1.200000000000000e-02 1.000000000000000e+00 0.000000000000000e+00 1.000000000000000e+00
1.400000000000000e-02 1.000000000000000e+00 0.000000000000000e+00 1.000000000000000e+00
1.600000000000000e-02 1.000000000000000e+00 0.000000000000000e+00 1.000000000000000e+00
1.800000000000000e-02 1.000000000000000e+00 0.000000000000000e+00 1.000000000000000e+00
2.000000000000000e-02 1.000000000000000e+00 0.000000000000000e+00 1.000000000000000e+00
2.200000000000000e-02 1.000000000000000e+00 0.000000000000000e+00 1.000000000000000e+00
2.400000000000000e-02 1.000000000000000e+00 0.000000000000000e+00 1.000000000000000e+00
2.600000000000000e-02 1.000000000000000e+00 0.000000000000000e+00 1.000000000000000e+00
2.800000000000000e-02 1.000000000000000e+00 0.000000000000000e+00 1.000000000000000e+00
3.000000000000000e-02 1.000000000000000e+00 0.000000000000000e+00 1.000000000000000e+00
3.200000000000000e-02 1.000000000000000e+00 0.000000000000000e+00 1.000000000000000e+00
3.400000000000000e-02 1.000000000000000e+00 0.000000000000000e+00 1.000000000000000e+00
3.600000000000000e-02 1.000000000000000e+00 0.000000000000000e+00 1.000000000000000e+00
3.800000000000000e-02 1.000000000000000e+00 0.000000000000000e+00 1.000000000000000e+00
4.000000000000000e-02 1.000000000000000e+00 0.000000000000000e+00 1.000000000000000e+00
4.200000000000000e-02 1.000000000000000e+00 0.000000000000000e+00 1.000000000000000e+00
4.400000000000000e-02 1.000000000000000e+00 0.000000000000000e+00 1.000000000000000e+00
4.600000000000000e-02 1.000000000000000e+00 0.000000000000000e+00 1.000000000000000e+00
4.800000000000000e-02 1.000000000000000e+00 0.000000000000000e+00 1.000000000000000e+00
5.000000000000000e-02 1.000000000000000e+00 0.000000000000000e+00 1.000000000000000e+00
5.200000000000000e-02 1.000000000000000e+00 0.000000000000000e+00 1.000000000000000e+00
5.400000000000000e-02 1.000000000000000e+00 0.000000000000000e+00 1.000000000000000e+00
5.600000000000000e-02 1.000000000000000e+00 0.000000000000000e+00 1.000000000000000e+00
5.800000000000000e-02 1.000000000000000e+00 0.000000000000000e+00 1.000000000000000e+00
6.000000000000000e-02 1.000000000000000e+00 0.000000000000000e+00 1.000000000000000e+00
6.200000000000000e-02 1.000000000000000e+00 0.000000000000000e+00 1.000000000000000e+00
6.400000000000000e-02 1.000000000000000e+00 0.000000000000000e+00 1.000000000000000e+00
6.600000000000000e-02 1.000000000000000e+00 0.000000000000000e+00 1.000000000000000e+00
6.800000000000000e-02 1.000000000000000e+00 0.000000000000000e+00 1.000000000000000e+00
7.000000000000001e-02 1.000000000000000e+00 0.000000000000000e+00 1.000000000000000e+00
7.199999999999999e-02 1.000000000000000e+00 0.000000000000000e+00 1.000000000000000e+00
7.400000000000000e-02 1.000000000000000e+00 0.000000000000000e+00 1.000000000000000e+00
7.600000000000000e-02 1.000000000000000e+00 0.000000000000000e+00 1.000000000000000e+00
7.800000000000000e-02 1.000000000000000e+00 0.000000000000000e+00 1.000000000000000e+00
8.000000000000000e-02 1.000000000000000e+00 0.000000000000000e+00 1.000000000000000e+00
8.200000000000000e-02 1.000000000000000e+00 0.000000000000000e+00 1.000000000000000e+00
8.400000000000001e-02 1.000000000000000e+00 0.000000000000000e+00 1.000000000000000e+00
8.599999999999999e-02 1.000000000000000e+00 0.000000000000000e+00 1.000000000000000e+00
8.799999999999999e-02 1.000000000000000e+00 0.000000000000000e+00 1.000000000000000e+00
9.000000000000000e-02 1.000000000000000e+00 0.000000000000000e+00 1.000000000000000e+00
9.200000000000000e-02 1.000000000000000e+00 0.000000000000000e+00 1.000000000000000e+00
9.400000000000000e-02 1.000000000000000e+00 0.000000000000000e+00 1.000000000000000e+00
9.600000000000000e-02 1.000000000000000e+00 0.000000000000000e+00 1.000000000000000e+00
9.800000000000000e-02 1.000000000000000e+00 0.000000000000000e+00 1.000000000000000e+00
1.000000000000000e-01 1.000000000000000e+00 0.000000000000000e+00 1.000000000000000e+00
1.020000000000000e-01 1.000000000000000e+00 0.000000000000000e+00 1.000000000000000e+00
1.040000000000000e-01 1.000000000000000e+00 0.000000000000000e+00 1.000000000000000e+00
1.060000000000000e-01 1.000000000000000e+00 0.000000000000000e+00 1.000000000000000e+00
1.080000000000000e-01 1.000000000000000e+00 0.000000000000000e+00 1.000000000000000e+00
1.100000000000000e-01 1.000000000000000e+00 0.000000000000000e+00 1.000000000000000e+00
1.120000000000000e-01 1.000000000000000e+00 0.000000000000000e+00 1.000000000000000e+00
1.140000000000000e-01 1.000000000000000e+00 0.000000000000000e+00 1.000000000000000e+00
1.160000000000000e-01 1.000000000000000e+00 0.000000000000000e+00 1.000000000000000e+00
1.180000000000000e-01 1.000000000000000e+00 0.000000000000000e+00 1.000000000000000e+00
1.200000000000000e-01 1.000000000000000e+00 0.000000000000000e+00 1.000000000000000e+00
1.220000000000000e-01 1.000000000000000e+00 0.000000000000000e+00 1.000000000000000e+00
1.240000000000000e-01 1.000000000000000e+00 0.000000000000000e+00 1.000000000000000e+00
1.260000000000000e-01 1.000000000000000e+00 0.000000000000000e+00 1.000000000000000e+00
1.280000000000000e-01 1.000000000000000e+00 0.000000000000000e+00 1.000000000000000e+00
1.300000000000000e-01 1.000000000000000e+00 0.000000000000000e+00 1.000000000000000e+00
1.320000000000000e-01 1.000000000000000e+00 0.000000000000000e+00 1.000000000000000e+00
1.340000000000000e-01 1.000000000000000e+00 0.000000000000000e+00 1.000000000000000e+00
1.360000000000000e-01 1.000000000000000e+00 0.000000000000000e+00 1.000000000000000e+00
1.380000000000000e-01 1.000000000000000e+00 0.000000000000000e+00 1.000000000000000e+00
1.400000000000000e-01 1.000000000000000e+00 0.000000000000000e+00 1.000000000000000e+00
1.420000000000000e-01 1.000000000000000e+00 0.000000000000000e+00 1.000000000000000e+00
1.440000000000000e-01 1.000000000000000e+00 0.000000000000000e+00 1.000000000000000e+00
1.460000000000000e-01 1.000000000000000e+00 0.000000000000000e+00 1.000000000000000e+00
1.480000000000000e-01 1.000000000000000e+00 0.000000000000000e+00 1.000000000000000e+00
1.500000000000000e-01 1.000000000000000e+00 0.000000000000000e+00 1.000000000000000e+00
1.520000000000000e-01 1.000000000000000e+00 0.000000000000000e+00 1.000000000000000e+00
1.540000000000000e-01 1.000000000000000e+00 0.000000000000000e+00 1.000000000000000e+00
1.560000000000000e-01 1.000000000000000e+00 0.000000000000000e+00 1.000000000000000e+00
1.580000000000000e-01 1.000000000000000e+00 0.000000000000000e+00 1.000000000000000e+00
1.600000000000000e-01 1.000000000000000e+00 0.000000000000000e+00 1.000000000000000e+00
1.620000000000000e-01 1.000000000000000e+00 0.000000000000000e+00 1.000000000000000e+00
1.640000000000000e-01 1.000000000000000e+00 0.000000000000000e+00 1.000000000000000e+00
1.660000000000000e-01 1.000000000000000e+00 0.000000000000000e+00 1.000000000000000e+00
1.680000000000000e-01 1.000000000000000e+00 0.000000000000000e+00 1.000000000000000e+00
1.700000000000000e-01 1.000000000000000e+00 0.000000000000000e+00 1.000000000000000e+00
1.720000000000000e-01 1.000000000000000e+00 0.000000000000000e+00 1.000000000000000e+00
1.740000000000000e-01 1.000000000000000e+00 0.000000000000000e+00 9.999999999000000e-01
1.760000000000000e-01 9.999999999000000e-01 1.000000000000000e-10 9.999999999000000e-01
1.780000000000000e-01 9.999999997000000e-01 3.000000000000000e-10 9.999999996000000e-01
1.800000000000000e-01 9.999999993000001e-01 8.000000000000000e-10 9.999999991000000e-01
1.820000000000000e-01 9.999999983000000e-01 2.000000000000000e-09 9.999999976000000e-01
1.840000000000000e-01 9.999999958000000e-01 5.000000000000000e-09 9.999999941000000e-01
1.860000000000000e-01 9.999999897000000e-01 1.220000000000000e-08 9.999999855000000e-01
1.880000000000000e-01 9.999999753000000e-01 2.930000000000000e-08 9.999999654000000e-01
1.900000000000000e-01 9.999999425000000e-01 6.800000000000000e-08 9.999999195000000e-01
1.920000000000000e-01 9.999998716000000e-01 1.519000000000000e-07 9.999998203000000e-01
1.940000000000000e-01 9.999997278000000e-01 3.220000000000000e-07 9.999996190000000e-01
1.960000000000000e-01 9.999994558999999e-01 6.438000000000000e-07 9.999992382000000e-01
1.980000000000000e-01 9.999989744000000e-01 1.213600000000000e-06 9.999985641000000e-01
2.000000000000000e-01 9.999981664000001e-01 2.169600000000000e-06 9.999974329000000e-01
2.020000000000000e-01 9.999968645000000e-01 3.710000000000000e-06 9.999956102999999e-01
2.040000000000000e-01 9.999948285000000e-01 6.119000000000000e-06 9.999927600000000e-01
2.060000000000000e-01 9.999917152000000e-01 9.802800000000000e-06 9.999884013000000e-01
2.080000000000000e-01 9.999870366000000e-01 1.533860000000000e-05 9.999818512999999e-01
2.100000000000000e-01 9.999801057000000e-01 2.353940000000000e-05 9.999721481000000e-01
2.120000000000000e-01 9.999699643000000e-01 3.553900000000000e-05 9.999579504000000e-01
2.140000000000000e-01 9.999552903000000e-01 5.290200000000000e-05 9.999374072000000e-01
2.160000000000000e-01 9.999342798000000e-01 7.776290000000000e-05 9.999079933000000e-01
2.180000000000000e-01 9.999045007000000e-01 1.129999000000000e-04 9.998663042000000e-01
2.200000000000000e-01 9.998627153000000e-01 1.624449000000000e-04 9.998078080000000e-01
2.220000000000000e-01 9.998046702000000e-01 2.311327000000000e-04 9.997265514000000e-01
2.240000000000000e-01 9.997248556000000e-01 3.255861000000000e-04 9.996148236000000e-01
2.260000000000000e-01 9.996162406000000e-01 4.541307000000000e-04 9.994627866000000e-01
2.280000000000000e-01 9.994699948000000e-01 6.272269000000000e-04 9.992580867000000e-01
2.300000000000000e-01 9.992752153000000e-01 8.577962000000000e-04 9.989854754000000e-01
2.320000000000000e-01 9.990186838000000e-01 1.161514600000000e-03 9.986264732000000e-01
2.340000000000000e-01 9.986846879000000e-01 1.557033000000000e-03 9.981591251000000e-01
2.360000000000000e-01 9.982549442999999e-01 2.066081700000000e-03 9.975579019000000e-01
2.380000000000000e-01 9.977086659000000e-01 2.713409300000000e-03 9.967938058000000e-01
2.400000000000000e-01 9.970228125000000e-01 3.526512000000000e-03 9.958347368000000e-01
2.420000000000000e-01 9.961725540000000e-01 4.535117600000000e-03 9.946461609000000e-01
2.440000000000000e-01 9.951319613000000e-01 5.770408600000000e-03 9.931920988000000e-01
2.460000000000000e-01 9.938749115000000e-01 7.263995600000000e-03 9.914364195000001e-01
2.480000000000000e-01 9.923761700000000e-01 9.046683900000000e-03 9.893443788000000e-01
2.500000000000000e-01 9.906125775000000e-01 1.114711320000000e-02 9.868843032000000e-01
2.520000000000000e-01 9.885642470000000e-01 1.359037480000000e-02 9.840292801000000e-01
2.540000000000000e-01 9.862156590000000e-01 1.639673330000000e-02 9.807586961000000e-01
2.560000000000000e-01 9.835565435000000e-01 1.958057670000000e-02 9.770594629000000e-01
2.580000000000000e-01 9.805824539000000e-01 2.314970510000000e-02 9.729267984000000e-01
2.600000000000000e-01 9.772949717000000e-01 2.710503000000000e-02 9.683644756999999e-01
2.620000000000000e-01 9.737015204000000e-01 3.144071230000000e-02 9.633845156000000e-01
2.640000000000000e-01 9.698148197000001e-01 3.614471310000000e-02 9.580063678000000e-01
2.660000000000000e-01 9.656520454000000e-01 4.119968680000000e-02 9.522556799000000e-01
2.680000000000000e-01 9.612337940000000e-01 4.658411300000000e-02 9.461627975000000e-01
2.700000000000000e-01 9.565829610000000e-01 5.227354440000000e-02 9.397611529000000e-01
2.720000000000000e-01 9.517236395999999e-01 5.824185430000000e-02 9.330856930000000e-01
2.740000000000000e-01 9.466801240000000e-01 6.446238159999999e-02 9.261714693999999e-01
2.760000000000000e-01 9.414760810000000e-01 7.090890150000000e-02 9.190524745000000e-01
2.780000000000000e-01 9.361339189000000e-01 7.755638180000000e-02 9.117607639999999e-01
2.800000000000000e-01 9.306743575000000e-01 8.438151369999999e-02 9.043258697000000e-01
2.820000000000000e-01 9.251161836000000e-01 9.136303320000000e-02 8.967744752000000e-01
2.840000000000000e-01 9.194761606000000e-01 9.848186289999999e-02 8.891303097000000e-01
2.860000000000000e-01 9.137690561000000e-01 1.057211142000000e-01 8.814142063000000e-01
2.880000000000000e-01 9.080077515000000e-01 1.130659892000000e-01 8.736442746000000e-01
2.900000000000000e-01 9.022034020000000e-01 1.205036196000000e-01 8.658361402000000e-01
2.920000000000000e-01 8.963656206000000e-01 1.280228719000000e-01 8.580032156000000e-01
2.940000000000000e-01 8.905026676000000e-01 1.356141418000000e-01 8.501569772000001e-01
2.960000000000000e-01 8.846216338000000e-01 1.432691518000000e-01 8.423072302000000e-01
2.980000000000000e-01 8.787286107000000e-01 1.509807615000000e-01 8.344623530000000e-01
3.000000000000000e-01 8.728288451000000e-01 1.587427915000000e-01 8.266295194000000e-01
3.020000000000000e-01 8.669268813000000e-01 1.665498604000000e-01 8.188149007000000e-01
3.040000000000000e-01 8.610266616000000e-01 1.743972534000000e-01 8.110238226000001e-01
3.060000000000000e-01 8.551315863000000e-01 1.822808935000000e-01 8.032608303000000e-01
3.080000000000000e-01 8.492445863000000e-01 1.901972500000000e-01 7.955298002000000e-01
3.100000000000000e-01 8.433681996000000e-01 1.981432444000000e-01 7.878340530000000e-01
3.120000000000000e-01 8.375046335000000e-01 2.061161787000000e-01 7.801764414000000e-01
3.140000000000000e-01 8.316558147999999e-01 2.141136770000000e-01 7.725594208000000e-01
3.160000000000000e-01 8.258234312000000e-01 2.221336382000000e-01 7.649851087000000e-01
3.180000000000000e-01 8.200089650000000e-01 2.301741960000000e-01 7.574553325000000e-01
3.200000000000000e-01 8.142137221000000e-01 2.382336867000000e-01 7.499716697000000e-01
3.220000000000000e-01 8.084388551000000e-01 2.463106221000000e-01 7.425354818000000e-01
3.240000000000000e-01 8.026853833000001e-01 2.544036661000000e-01 7.351479426000000e-01
3.260000000000000e-01 7.969542102000000e-01 2.625116152000000e-01 7.278100623000000e-01
3.280000000000000e-01 7.912461376000000e-01 2.706333821000000e-01 7.205227081000000e-01
3.300000000000000e-01 7.855618779000000e-01 2.787679810000000e-01 7.132866221000000e-01
3.320000000000000e-01 7.799020650000000e-01 2.869145160000000e-01 7.061024358000000e-01
3.340000000000000e-01 7.742672633000000e-01 2.950721701000000e-01 6.989706836000000e-01
3.360000000000000e-01 7.686579759000000e-01 3.032401958000000e-01 6.918918141000000e-01
3.380000000000000e-01 7.630746514000000e-01 3.114179077000000e-01 6.848661999000000e-01
3.400000000000000e-01 7.575176896000000e-01 3.196046751000000e-01 6.778941458000000e-01
3.420000000000000e-01 7.519874473000000e-01 3.277999162000000e-01 6.709758971000001e-01
3.440000000000000e-01 7.464842427000000e-01 3.360030922000000e-01 6.641116453000000e-01
3.460000000000000e-01 7.410083599000000e-01 3.442137030000000e-01 6.573015349000000e-01
3.480000000000000e-01 7.355600517999999e-01 3.524312824000000e-01 6.505456675000000e-01
3.500000000000000e-01 7.301395440000000e-01 3.606553950000000e-01 6.438441073000000e-01
3.520000000000000e-01 7.247470375000000e-01 3.688856322000000e-01 6.371968846000000e-01
3.540000000000000e-01 7.193827112000000e-01 3.771216090000000e-01 6.306039997000000e-01
3.560000000000000e-01 7.140467244000001e-01 3.853629619000000e-01 6.240654261000000e-01
3.580000000000000e-01 7.087392188000000e-01 3.936093456000000e-01 6.175811135000000e-01
3.600000000000000e-01 7.034603205000000e-01 4.018604311000000e-01 6.111509902000000e-01
3.620000000000000e-01 6.982101415000000e-01 4.101159032000000e-01 6.047749660000000e-01
3.640000000000000e-01 6.929887816000000e-01 4.183754587000000e-01 5.984529339000000e-01
3.660000000000000e-01 6.877963298999999e-01 4.266388043000000e-01 5.921847722000000e-01
3.680000000000000e-01 6.826328656000000e-01 4.349056553000000e-01 5.859703465000000e-01
3.700000000000000e-01 6.774984600000000e-01 4.431757332000000e-01 5.798095114000000e-01
3.720000000000000e-01 6.723931771000000e-01 4.514487643000000e-01 5.737021118000000e-01
3.740000000000000e-01 6.673170748000000e-01 4.597244786000000e-01 5.676479845000000e-01
3.760000000000000e-01 6.622702065000000e-01 4.680026075000000e-01 5.616469597000000e-01
3.780000000000000e-01 6.572526213000000e-01 4.762828829000000e-01 5.556988619000000e-01
3.800000000000000e-01 6.522643653000000e-01 4.845650351000000e-01 5.498035115000000e-01
3.820000000000000e-01 6.473054828000000e-01 4.928487920000000e-01 5.439607258000000e-01
3.840000000000000e-01 6.423760169000000e-01 5.011338769000000e-01 5.381703198000000e-01
3.860000000000000e-01 6.374760103000000e-01 5.094200074000000e-01 5.324321079000000e-01
3.880000000000000e-01 6.326055062000000e-01 5.177068933000000e-01 5.267459044000000e-01
3.900000000000000e-01 6.277645497000000e-01 5.259942355000000e-01 5.211115247000000e-01
3.920000000000000e-01 6.229531877000000e-01 5.342817238000001e-01 5.155287863000000e-01
3.940000000000000e-01 6.181714713000001e-01 5.425690356000000e-01 5.099975099000000e-01
3.960000000000000e-01 6.134194540000000e-01 5.508558332000000e-01 5.045175203000000e-01
3.980000000000000e-01 6.086971975000000e-01 5.591417624000000e-01 4.990886475000000e-01
4.000000000000000e-01 6.040047660000000e-01 5.674264497000000e-01 4.937107279000000e-01
4.020000000000000e-01 5.993422345000000e-01 5.757095008999999e-01 4.883836049000000e-01
4.040000000000000e-01 5.947096844999999e-01 5.839904970000001e-01 4.831071311000000e-01
4.060000000000000e-01 5.901072063000000e-01 5.922689928000000e-01 4.778811683000000e-01
4.080000000000000e-01 5.855349049000000e-01 6.005445127000000e-01 4.727055901000000e-01
4.100000000000000e-01 5.809928934000000e-01 6.088165480000000e-01 4.675802822000000e-01
4.120000000000000e-01 5.764813004000000e-01 6.170845523000000e-01 4.625051449000000e-01
4.140000000000000e-01 5.720002732000000e-01 6.253479381000000e-01 4.574800944000000e-01
4.160000000000000e-01 5.675499726000000e-01 6.336060707000000e-01 4.525050652000000e-01
4.180000000000000e-01 5.631305804000000e-01 6.418582643000000e-01 4.475800113000000e-01
4.200000000000000e-01 5.587423055000000e-01 6.501037741000000e-01 4.427049103000000e-01
4.220000000000000e-01 5.543853773000000e-01 6.583417905000000e-01 4.378797648000000e-01
4.240000000000000e-01 5.500600535000000e-01 6.665714301000000e-01 4.331046064000000e-01
4.260000000000000e-01 5.457666304000000e-01 6.747917265000000e-01 4.283794995000000e-01
4.280000000000000e-01 5.415054397000000e-01 6.830016184000000e-01 4.237045458000000e-01
4.300000000000000e-01 5.372768500000000e-01 6.911999378000000e-01 4.190798893000000e-01
4.320000000000000e-01 5.330812845000000e-01 6.993853930000000e-01 4.145057232000000e-01
4.340000000000000e-01 5.289192273000000e-01 7.075565515000000e-01 4.099822965000000e-01
4.360000000000000e-01 5.247912222000000e-01 7.157118166999999e-01 4.055099238000000e-01
4.380000000000000e-01 5.206978856000000e-01 7.238494036000001e-01 4.010889950000000e-01
4.400000000000000e-01 5.166399326000000e-01 7.319673052000000e-01 3.967199891000000e-01
4.420000000000000e-01 5.126181862000000e-01 7.400632561000000e-01 3.924034891000000e-01
4.440000000000000e-01 5.086335860000000e-01 7.481346850000000e-01 3.881402010000000e-01
4.460000000000000e-01 5.046872152000000e-01 7.561786610000000e-01 3.839309759000000e-01
4.480000000000000e-01 5.007803426000000e-01 7.641918231000000e-01 3.797768390000000e-01
4.500000000000000e-01 4.969144512000000e-01 7.721703002000000e-01 3.756790209000000e-01
4.520000000000000e-01 4.930912674000000e-01 7.801096076000000e-01 3.716390011000000e-01
4.540000000000000e-01 4.893128107000000e-01 7.880045291000000e-01 3.676585536000000e-01
4.560000000000000e-01 4.855814724000000e-01 7.958489643000000e-01 3.637398096000000e-01
4.580000000000000e-01 4.819000874000000e-01 8.036357559000000e-01 3.598853250000000e-01
4.600000000000000e-01 4.782720096000000e-01 8.113564692000000e-01 3.560981686000000e-01
4.620000000000000e-01 4.747012033000000e-01 8.190011461000000e-01 3.523820178000000e-01
4.640000000000000e-01 4.711923786000000e-01 8.265580013000000e-01 3.487412774000000e-01
4.660000000000000e-01 4.677511363000000e-01 8.340130893000000e-01 3.451812066000000e-01
4.680000000000000e-01 4.643841145000000e-01 8.413499190000000e-01 3.417080660000000e-01
4.700000000000000e-01 4.610991241000000e-01 8.485490623000000e-01 3.383292610000000e-01
4.720000000000000e-01 4.579052986000000e-01 8.555877575000000e-01 3.350534843000000e-01
4.740000000000000e-01 4.548132215000000e-01 8.624395979000000e-01 3.318908161000000e-01
4.760000000000000e-01 4.518349887000000e-01 8.690743568000000e-01 3.288527644000000e-01
4.780000000000000e-01 4.489841235000000e-01 8.754581044000000e-01 3.259521786000000e-01
4.800000000000000e-01 4.462753162000000e-01 8.815537309000000e-01 3.232029962000000e-01
4.820000000000000e-01 4.437239431000000e-01 8.873220400000000e-01 3.206197590000000e-01
4.840000000000000e-01 4.413453431000000e-01 8.927234786000000e-01 3.182168790000000e-01
4.860000000000000e-01 4.391538415000000e-01 8.977204994000000e-01 3.160076666000000e-01
4.880000000000000e-01 4.371615823000000e-01 9.022803795000000e-01 3.140031994000000e-01
4.900000000000000e-01 4.353773142000000e-01 9.063781818000000e-01 3.122111634000000e-01
4.920000000000000e-01 4.338053285000000e-01 9.099994198000000e-01 3.106348419000000e-01
4.940000000000000e-01 4.324447388000000e-01 9.131419652000000e-01 3.092724321000000e-01
4.960000000000000e-01 4.312892334000000e-01 9.158168257000000e-01 3.081168247000000e-01
4.980000000000000e-01 4.303273549000000e-01 9.180476141000000e-01 3.071559065000000e-01
5.000000000000000e-01 4.295432715000000e-01 9.198687773999999e-01 3.063733483000000e-01
5.020000000000000e-01 4.289179292000000e-01 9.213228783000000e-01 3.057497529000000e-01
5.040000000000000e-01 4.284304083000000e-01 9.224573658000000e-01 3.052639884000000e-01
5.060000000000000e-01 4.280592872000000e-01 9.233213090000000e-01 3.048945173000000e-01
5.080000000000000e-01 4.277838405000000e-01 9.239625021000000e-01 3.046205627000000e-01
5.100000000000000e-01 4.275849582000000e-01 9.244252149000000e-01 3.044230047000000e-01
5.120000000000000e-01 4.274457422000000e-01 9.247487085000000e-01 3.042849611000000e-01
5.140000000000000e-01 4.273517950000000e-01 9.249664961000000e-01 3.041920649000000e-01
5.160000000000000e-01 4.272912501000000e-01 9.251062319000000e-01 3.041324843000000e-01
5.180000000000000e-01 4.272546110000000e-01 9.251900662000000e-01 3.040967553000000e-01
5.200000000000000e-01 4.272344660000000e-01 9.252352995000001e-01 3.040774923000000e-01
5.220000000000000e-01 4.272251340000000e-01 9.252551914000000e-01 3.040690378000000e-01
5.240000000000000e-01 4.272222881000000e-01 9.252598384000000e-01 3.040670853000000e-01
5.260000000000000e-01 4.272229792000000e-01 9.252561547000000e-01 3.040686859000000e-01
5.280000000000000e-01 4.272275359000000e-01 9.252433772000001e-01 3.040741651000000e-01
5.300000000000000e-01 4.272374987000000e-01 9.252178982000000e-01 3.040850617000000e-01
5.320000000000000e-01 4.272531338000000e-01 9.251790836000000e-01 3.041016466000000e-01
5.340000000000000e-01 4.272730683000000e-01 9.251301530000000e-01 3.041225474000000e-01
5.360000000000000e-01 4.272931957000000e-01 9.250806743000000e-01 3.041436836000000e-01
5.380000000000000e-01 4.273112439000000e-01 9.250359545000000e-01 3.041627917000000e-01
5.400000000000000e-01 4.273272352000000e-01 9.249959374000000e-01 3.041798951000000e-01
5.420000000000000e-01 4.273412649000000e-01 9.249603939000000e-01 3.041950913000000e-01
5.440000000000000e-01 4.273534591000000e-01 9.249290222000000e-01 3.042085089000000e-01
5.460000000000000e-01 4.273639558000000e-01 9.249014915000000e-01 3.042202889000000e-01
5.480000000000000e-01 4.273728975000000e-01 9.248774621000000e-01 3.042305759000000e-01
5.500000000000000e-01 4.273804260000000e-01 9.248565960000000e-01 3.042395142000000e-01
5.520000000000000e-01 4.273866786000000e-01 9.248385640000000e-01 3.042472440000000e-01
5.540000000000000e-01 4.273917863000000e-01 9.248230508000000e-01 3.042538999000000e-01
5.560000000000000e-01 4.273958715000000e-01 9.248097588000000e-01 3.042596088000000e-01
5.580000000000001e-01 4.273990483000000e-01 9.247984109000000e-01 3.042644889000000e-01
5.600000000000001e-01 4.274014211000000e-01 9.247887492000000e-01 3.042686501000000e-01
5.620000000000001e-01 4.274030859000000e-01 9.247805375000000e-01 3.042721935000000e-01
5.639999999999999e-01 4.274041296000000e-01 9.247735564000000e-01 3.042752124000000e-01
5.659999999999999e-01 4.274046206000000e-01 9.247676001000000e-01 3.042777948000000e-01
5.679999999999999e-01 4.274046426000000e-01 9.247624760000001e-01 3.042800229000000e-01
5.700000000000000e-01 4.274041864000000e-01 9.247582228000000e-01 3.042818801000000e-01
5.720000000000000e-01 4.274031768000000e-01 9.247549984000000e-01 3.042832990000000e-01
5.740000000000000e-01 4.274016712000000e-01 9.247526492000000e-01 3.042843452000000e-01
5.760000000000000e-01 4.273998079000000e-01 9.247508240000000e-01 3.042851686000000e-01
5.780000000000000e-01 4.273976735000000e-01 9.247492898000000e-01 3.042858686000000e-01
5.800000000000000e-01 4.273952954000000e-01 9.247479528000000e-01 3.042864852000000e-01
5.820000000000000e-01 4.273926828000000e-01 9.247467606000001e-01 3.042870409000000e-01
5.840000000000000e-01 4.273898362000000e-01 9.247456784000000e-01 3.042875506000000e-01
5.860000000000000e-01 4.273867495000000e-01 9.247446835000001e-01 3.042880239000000e-01
5.880000000000000e-01 4.273834101000000e-01 9.247437633000000e-01 3.042884662000000e-01
5.900000000000000e-01 4.273798000000000e-01 9.247429130000000e-01 3.042888797000000e-01
5.920000000000000e-01 4.273758970000000e-01 9.247421335000000e-01 3.042892639000000e-01
5.940000000000000e-01 4.273716764000000e-01 9.247414269000001e-01 3.042896180000000e-01
5.960000000000000e-01 4.273671112000000e-01 9.247407925000000e-01 3.042899423000000e-01
5.980000000000000e-01 4.273621719000000e-01 9.247402241000000e-01 3.042902394000000e-01
6.000000000000000e-01 4.273568255000000e-01 9.247397117000000e-01 3.042905138000000e-01
6.020000000000000e-01 4.273510368000000e-01 9.247392437000000e-01 3.042907702000000e-01
6.040000000000000e-01 4.273447690000000e-01 9.247388097000000e-01 3.042910133000000e-01
6.060000000000000e-01 4.273379813000000e-01 9.247384013000000e-01 3.042912466000000e-01
6.080000000000000e-01 4.273306206000000e-01 9.247380122000000e-01 3.042914728000000e-01
6.100000000000000e-01 4.273226142000000e-01 9.247376381000000e-01 3.042916938000000e-01
6.120000000000000e-01 4.273138711000000e-01 9.247372765000000e-01 3.042919108000000e-01
6.140000000000000e-01 4.273042965000000e-01 9.247369259000000e-01 3.042921244000000e-01
6.160000000000000e-01 4.272938094000000e-01 9.247365849000000e-01 3.042923352000000e-01
6.180000000000000e-01 4.272823429000000e-01 9.247362521000000e-01 3.042925438000000e-01
6.200000000000000e-01 4.272698114000000e-01 9.247359264000000e-01 3.042927509000000e-01
6.220000000000000e-01 4.272560578000000e-01 9.247356072000000e-01 3.042929566000000e-01
6.240000000000000e-01 4.272408236000000e-01 9.247352951000000e-01 3.042931607000000e-01
6.260000000000000e-01 4.272237814000000e-01 9.247349912000000e-01 3.042933629000000e-01
6.280000000000000e-01 4.272046506000000e-01 9.247346980000000e-01 3.042935620000000e-01
6.300000000000000e-01 4.271833640000000e-01 9.247344204000000e-01 3.042937561000000e-01
6.320000000000000e-01 4.271601462000000e-01 9.247341652000000e-01 3.042939423000000e-01
6.340000000000000e-01 4.271353096000000e-01 9.247339400000000e-01 3.042941173000000e-01
6.360000000000000e-01 4.271087980000000e-01 9.247337510000000e-01 3.042942787000000e-01
6.380000000000000e-01 4.270797758000000e-01 9.247336019000000e-01 3.042944250000000e-01
6.400000000000000e-01 4.270463958000000e-01 9.247334948000000e-01 3.042945552000000e-01
6.420000000000000e-01 4.270055607000000e-01 9.247334317000000e-01 3.042946687000000e-01
6.440000000000000e-01 4.269524549000000e-01 9.247334139000000e-01 3.042947649000000e-01
6.460000000000000e-01 4.268797100000000e-01 9.247334407000000e-01 3.042948441000000e-01
6.480000000000000e-01 4.267761047000000e-01 9.247335081000000e-01 3.042949082000000e-01
6.500000000000000e-01 4.266246734000000e-01 9.247336081000000e-01 3.042949606000000e-01
6.520000000000000e-01 4.264000707000000e-01 9.247337307000000e-01 3.042950056000000e-01
6.540000000000000e-01 4.260650326000000e-01 9.247338666000000e-01 3.042950474000000e-01
6.560000000000000e-01 4.255658139000000e-01 9.247340085000000e-01 3.042950889000000e-01
6.580000000000000e-01 4.248265914000000e-01 9.247341505000000e-01 3.042951328000000e-01
6.600000000000000e-01 4.237430503000000e-01 9.247342856000000e-01 3.042951821000000e-01
6.620000000000000e-01 4.221757791000000e-01 9.247344070000000e-01 3.042952397000000e-01
6.640000000000000e-01 4.199447926000000e-01 9.247345119000000e-01 3.042953068000000e-01
6.660000000000000e-01 4.168276819000000e-01 9.247346024000000e-01 3.042953824000000e-01
6.680000000000000e-01 4.125658784000000e-01 9.247346808000000e-01 3.042954653000000e-01
6.700000000000000e-01 4.068867953000000e-01 9.247347440000000e-01 3.042955565000000e-01
6.720000000000000e-01 3.995540035000000e-01 9.247347839000000e-01 3.042956589000000e-01
6.740000000000000e-01 3.904586664000000e-01 9.247347980000000e-01 3.042957729000000e-01
6.760000000000000e-01 3.797451656000000e-01 9.247347950000000e-01 3.042958942000000e-01
6.780000000000000e-01 3.678941298000000e-01 9.247347858000000e-01 3.042960176000000e-01
6.800000000000000e-01 3.556212686000000e-01 9.247347722000000e-01 3.042961421000000e-01
6.820000000000001e-01 3.435875415000000e-01 9.247347512000000e-01 3.042962684000000e-01
6.840000000000001e-01 3.322459985000000e-01 9.247347292000000e-01 3.042963942000000e-01
6.860000000000001e-01 3.218776386000000e-01 9.247347276000000e-01 3.042965118000000e-01
6.879999999999999e-01 3.126350937000000e-01 9.247347734000000e-01 3.042966116000000e-01
6.899999999999999e-01 3.045741059000000e-01 9.247348831000000e-01 3.042966887000000e-01
6.919999999999999e-01 2.976790901000000e-01 9.247350519999999e-01 3.042967458000000e-01
6.940000000000000e-01 2.918847561000000e-01 9.247352599999999e-01 3.042967908000000e-01
6.960000000000000e-01 2.870941417000000e-01 9.247354869000000e-01 3.042968312000000e-01
6.980000000000000e-01 2.831931354000000e-01 9.247357265000000e-01 3.042968696000000e-01
7.000000000000000e-01 2.800616477000000e-01 9.247359853000000e-01 3.042969038000000e-01
7.020000000000000e-01 2.775817280000000e-01 9.247362709000000e-01 3.042969315000000e-01
7.040000000000000e-01 2.756430363000000e-01 9.247365788000000e-01 3.042969544000000e-01
7.060000000000000e-01 2.741461385000000e-01 9.247368920000000e-01 3.042969784000000e-01
7.080000000000000e-01 2.730041030000000e-01 9.247371916000000e-01 3.042970102000000e-01
7.100000000000000e-01 2.721428482000000e-01 9.247374719000000e-01 3.042970516000000e-01
7.120000000000000e-01 2.715006334000000e-01 9.247377436000001e-01 3.042970992000000e-01
7.140000000000000e-01 2.710270153000000e-01 9.247380227999999e-01 3.042971475000000e-01
7.160000000000000e-01 2.706815177000000e-01 9.247383145000000e-01 3.042971949000000e-01
7.180000000000000e-01 2.704321965000000e-01 9.247386042000000e-01 3.042972465000000e-01
7.200000000000000e-01 2.702542240000000e-01 9.247388675000000e-01 3.042973106000000e-01
7.220000000000000e-01 2.701285760000000e-01 9.247390901000000e-01 3.042973921000000e-01
7.240000000000000e-01 2.700408685000000e-01 9.247392828000000e-01 3.042974876000000e-01
7.260000000000000e-01 2.699803652000000e-01 9.247394764000000e-01 3.042975866000000e-01
7.280000000000000e-01 2.699391558000000e-01 9.247396976000000e-01 3.042976804000000e-01
7.300000000000000e-01 2.699114872000000e-01 9.247399423000000e-01 3.042977704000000e-01
7.320000000000000e-01 2.698932285000000e-01 9.247401708000000e-01 3.042978704000000e-01
7.340000000000000e-01 2.698814442000000e-01 9.247403360000001e-01 3.042979963000000e-01
7.360000000000000e-01 2.698740615000000e-01 9.247404281000000e-01 3.042981519000000e-01
7.380000000000000e-01 2.698696206000000e-01 9.247404972000000e-01 3.042983202000000e-01
7.400000000000000e-01 2.698671032000000e-01 9.247406287000000e-01 3.042984724000000e-01
7.420000000000000e-01 2.698658245000000e-01 9.247408788000000e-01 3.042985901000000e-01
7.440000000000000e-01 2.698653435000000e-01 9.247412051000000e-01 3.042986880000000e-01
7.460000000000000e-01 2.698654269000000e-01 9.247414845000000e-01 3.042988075000000e-01
7.480000000000000e-01 2.698659938000000e-01 9.247415689000000e-01 3.042989986000000e-01
7.500000000000000e-01 2.698668653000000e-01 9.247414907000000e-01 3.042992505000000e-01
7.520000000000000e-01 2.698677514000000e-01 9.247416267000000e-01 3.042994363000000e-01
7.540000000000000e-01 2.698685104000000e-01 9.247420808000000e-01 3.042995212000000e-01
7.560000000000000e-01 2.698691207000000e-01 9.247427641000000e-01 3.042995358000000e-01
7.580000000000000e-01 2.698696233000000e-01 9.247434705000001e-01 3.042995501000000e-01
7.600000000000000e-01 2.698700793000000e-01 9.247439734000000e-01 3.042996416000000e-01
7.620000000000000e-01 2.698705158000000e-01 9.247442754000000e-01 3.042998097000000e-01
7.640000000000000e-01 2.698709153000000e-01 9.247446021000000e-01 3.042999778000000e-01
7.660000000000000e-01 2.698712531000000e-01 9.247451748000000e-01 3.043000708000000e-01
7.680000000000000e-01 2.698715548000000e-01 9.247459248000000e-01 3.043001132000000e-01
7.700000000000000e-01 2.698718513000000e-01 9.247466820000000e-01 3.043001642000000e-01
7.720000000000000e-01 2.698721646000000e-01 9.247472801000000e-01 3.043002805000000e-01
7.740000000000000e-01 2.698724934000000e-01 9.247476603000000e-01 3.043004801000000e-01
7.760000000000000e-01 2.698727801000000e-01 9.247480285000000e-01 3.043006926000000e-01
7.780000000000000e-01 2.698729877000000e-01 9.247485302000000e-01 3.043008714000000e-01
7.800000000000000e-01 2.698731090000000e-01 9.247492237000000e-01 3.043010013000000e-01
7.820000000000000e-01 2.698731679000000e-01 9.247500214000000e-01 3.043011097000000e-01
7.840000000000000e-01 2.698732250000000e-01 9.247506919000000e-01 3.043012674000000e-01
7.860000000000000e-01 2.698733267000000e-01 9.247511597000000e-01 3.043014997000000e-01
7.880000000000000e-01 2.698734930000000e-01 9.247514964000000e-01 3.043017973000000e-01
7.900000000000000e-01 2.698737117000000e-01 9.247518986000000e-01 3.043021099000000e-01
7.920000000000000e-01 2.698739318000000e-01 9.247525795000000e-01 3.043023450000000e-01
7.940000000000000e-01 2.698741320000000e-01 9.247534197000000e-01 3.043024924000000e-01
7.960000000000000e-01 2.698743550000000e-01 9.247541596000000e-01 3.043026481000000e-01
7.980000000000000e-01 2.698746638000000e-01 9.247547044000000e-01 3.043029480000000e-01
8.000000000000000e-01 2.698750560000000e-01 9.247551385000000e-01 3.043034446000000e-01
8.020000000000000e-01 2.698753990000000e-01 9.247555887000000e-01 3.043039485000000e-01
8.040000000000000e-01 2.698755426000000e-01 9.247560025000000e-01 3.043042023000000e-01
8.060000000000000e-01 2.698754722000000e-01 9.247565175000000e-01 3.043041785000000e-01
8.080000000000001e-01 2.698754616000000e-01 9.247576174000000e-01 3.043042994000000e-01
8.100000000000001e-01 2.698758338000000e-01 9.247599678000000e-01 3.043050414000000e-01
8.120000000000001e-01 2.698765300000000e-01 9.247625685000000e-01 3.043062309000000e-01
8.139999999999999e-01 2.698767501000000e-01 9.247624946000000e-01 3.043065986000000e-01
8.159999999999999e-01 2.698752916000000e-01 9.247549647000000e-01 3.043042673000000e-01
8.179999999999999e-01 2.698696589000000e-01 9.247292922000000e-01 3.042952728000000e-01
8.200000000000000e-01 2.698632052000000e-01 9.247002211999999e-01 3.042848419000000e-01
8.220000000000000e-01 2.698641646000000e-01 9.247053819000000e-01 3.042859823000000e-01
8.240000000000000e-01 2.699092303000000e-01 9.249145224999999e-01 3.043566788000000e-01
8.260000000000000e-01 2.701150300000000e-01 9.258700625000000e-01 3.046819634000000e-01
8.280000000000000e-01 2.705504543000000e-01 9.278945328000000e-01 3.053703002000000e-01
8.300000000000000e-01 2.708511372000000e-01 9.293046958000000e-01 3.058491034000000e-01
8.320000000000000e-01 2.701485697000000e-01 9.260749086000000e-01 3.047531363000000e-01
8.340000000000000e-01 2.641362442000000e-01 8.980552829000000e-01 2.953852936000000e-01
8.360000000000000e-01 2.419558356000000e-01 7.893301190000001e-01 2.613696239000000e-01
8.380000000000000e-01 2.003107789000000e-01 5.604372954000000e-01 2.003451045000000e-01
8.400000000000000e-01 1.622168984000000e-01 3.029394415000000e-01 1.470107697000000e-01
8.420000000000000e-01 1.403159674000000e-01 1.294378406000000e-01 1.183099737000000e-01
8.440000000000000e-01 1.306509359000000e-01 4.801111600000000e-02 1.065107694000000e-01
8.460000000000000e-01 1.269723704000000e-01 1.673023430000000e-02 1.022326627000000e-01
8.480000000000000e-01 1.256719503000000e-01 5.693092100000000e-03 1.007553912000000e-01
8.500000000000000e-01 1.252264450000000e-01 1.917666900000000e-03 1.002539404000000e-01
8.520000000000000e-01 1.250756638000000e-01 6.406582000000000e-04 1.000847798000000e-01
8.540000000000000e-01 1.250249230000000e-01 2.110151000000000e-04 1.000279178000000e-01
8.560000000000000e-01 1.250079564000000e-01 6.736310000000001e-05 1.000089116000000e-01
8.580000000000000e-01 1.250023696000000e-01 2.006210000000000e-05 1.000026540000000e-01
8.600000000000000e-01 1.250006096000000e-01 5.160800000000000e-06 1.000006827000000e-01
8.620000000000000e-01 1.250001212000000e-01 1.026100000000000e-06 1.000001357000000e-01
8.640000000000000e-01 1.250000177000000e-01 1.501000000000000e-07 1.000000199000000e-01
8.660000000000000e-01 1.250000020000000e-01 1.730000000000000e-08 1.000000023000000e-01
8.680000000000000e-01 1.250000002000000e-01 1.800000000000000e-09 1.000000002000000e-01
8.700000000000000e-01 1.250000000000000e-01 2.000000000000000e-10 1.000000000000000e-01
8.720000000000000e-01 1.250000000000000e-01 0.000000000000000e+00 1.000000000000000e-01
8.740000000000000e-01 1.250000000000000e-01 0.000000000000000e+00 1.000000000000000e-01
8.760000000000000e-01 1.250000000000000e-01 0.000000000000000e+00 1.000000000000000e-01
8.780000000000000e-01 1.250000000000000e-01 0.000000000000000e+00 1.000000000000000e-01
8.800000000000000e-01 1.250000000000000e-01 0.000000000000000e+00 1.000000000000000e-01
8.820000000000000e-01 1.250000000000000e-01 0.000000000000000e+00 1.000000000000000e-01
8.840000000000000e-01 1.250000000000000e-01 0.000000000000000e+00 1.000000000000000e-01
8.860000000000000e-01 1.250000000000000e-01 0.000000000000000e+00 1.000000000000000e-01
8.880000000000000e-01 1.250000000000000e-01 0.000000000000000e+00 1.000000000000000e-01
8.900000000000000e-01 1.250000000000000e-01 0.000000000000000e+00 1.000000000000000e-01
8.920000000000000e-01 1.250000000000000e-01 0.000000000000000e+00 1.000000000000000e-01
8.940000000000000e-01 1.250000000000000e-01 0.000000000000000e+00 1.000000000000000e-01
8.960000000000000e-01 1.250000000000000e-01 0.000000000000000e+00 1.000000000000000e-01
8.980000000000000e-01 1.250000000000000e-01 0.000000000000000e+00 1.000000000000000e-01
9.000000000000000e-01 1.250000000000000e-01 0.000000000000000e+00 1.000000000000000e-01
9.020000000000000e-01 1.250000000000000e-01 0.000000000000000e+00 1.000000000000000e-01
9.040000000000000e-01 1.250000000000000e-01 0.000000000000000e+00 1.000000000000000e-01
9.060000000000000e-01 1.250000000000000e-01 0.000000000000000e+00 1.000000000000000e-01
9.080000000000000e-01 1.250000000000000e-01 0.000000000000000e+00 1.000000000000000e-01
9.100000000000000e-01 1.250000000000000e-01 0.000000000000000e+00 1.000000000000000e-01
9.120000000000000e-01 1.250000000000000e-01 0.000000000000000e+00 1.000000000000000e-01
9.140000000000000e-01 1.250000000000000e-01 0.000000000000000e+00 1.000000000000000e-01
9.160000000000000e-01 1.250000000000000e-01 0.000000000000000e+00 1.000000000000000e-01
9.180000000000000e-01 1.250000000000000e-01 0.000000000000000e+00 1.000000000000000e-01
9.200000000000000e-01 1.250000000000000e-01 0.000000000000000e+00 1.000000000000000e-01
9.220000000000000e-01 1.250000000000000e-01 0.000000000000000e+00 1.000000000000000e-01
9.240000000000000e-01 1.250000000000000e-01 0.000000000000000e+00 1.000000000000000e-01
9.260000000000000e-01 1.250000000000000e-01 0.000000000000000e+00 1.000000000000000e-01
9.280000000000000e-01 1.250000000000000e-01 0.000000000000000e+00 1.000000000000000e-01
9.300000000000000e-01 1.250000000000000e-01 0.000000000000000e+00 1.000000000000000e-01
9.320000000000001e-01 1.250000000000000e-01 0.000000000000000e+00 1.000000000000000e-01
9.340000000000001e-01 1.250000000000000e-01 0.000000000000000e+00 1.000000000000000e-01
9.360000000000001e-01 1.250000000000000e-01 0.000000000000000e+00 1.000000000000000e-01
9.379999999999999e-01 1.250000000000000e-01 0.000000000000000e+00 1.000000000000000e-01
9.399999999999999e-01 1.250000000000000e-01 0.000000000000000e+00 1.000000000000000e-01
9.419999999999999e-01 1.250000000000000e-01 0.000000000000000e+00 1.000000000000000e-01
9.440000000000000e-01 1.250000000000000e-01 0.000000000000000e+00 1.000000000000000e-01
9.460000000000000e-01 1.250000000000000e-01 0.000000000000000e+00 1.000000000000000e-01
9.480000000000000e-01 1.250000000000000e-01 0.000000000000000e+00 1.000000000000000e-01
9.500000000000000e-01 1.250000000000000e-01 0.000000000000000e+00 1.000000000000000e-01
9.520000000000000e-01 1.250000000000000e-01 0.000000000000000e+00 1.000000000000000e-01
9.540000000000000e-01 1.250000000000000e-01 0.000000000000000e+00 1.000000000000000e-01
9.560000000000000e-01 1.250000000000000e-01 0.000000000000000e+00 1.000000000000000e-01
9.580000000000000e-01 1.250000000000000e-01 0.000000000000000e+00 1.000000000000000e-01
9.600000000000000e-01 1.250000000000000e-01 0.000000000000000e+00 1.000000000000000e-01
9.620000000000000e-01 1.250000000000000e-01 0.000000000000000e+00 1.000000000000000e-01
9.640000000000000e-01 1.250000000000000e-01 0.000000000000000e+00 1.000000000000000e-01
9.660000000000000e-01 1.250000000000000e-01 0.000000000000000e+00 1.000000000000000e-01
9.680000000000000e-01 1.250000000000000e-01 0.000000000000000e+00 1.000000000000000e-01
9.700000000000000e-01 1.250000000000000e-01 0.000000000000000e+00 1.000000000000000e-01
9.720000000000000e-01 1.250000000000000e-01 0.000000000000000e+00 1.000000000000000e-01
9.740000000000000e-01 1.250000000000000e-01 0.000000000000000e+00 1.000000000000000e-01
9.760000000000000e-01 1.250000000000000e-01 0.000000000000000e+00 1.000000000000000e-01
9.780000000000000e-01 1.250000000000000e-01 0.000000000000000e+00 1.000000000000000e-01
9.800000000000000e-01 1.250000000000000e-01 0.000000000000000e+00 1.000000000000000e-01
9.820000000000000e-01 1.250000000000000e-01 0.000000000000000e+00 1.000000000000000e-01
9.840000000000000e-01 1.250000000000000e-01 0.000000000000000e+00 1.000000000000000e-01
9.860000000000000e-01 1.250000000000000e-01 0.000000000000000e+00 1.000000000000000e-01
9.880000000000000e-01 1.250000000000000e-01 0.000000000000000e+00 1.000000000000000e-01
9.900000000000000e-01 1.250000000000000e-01 0.000000000000000e+00 1.000000000000000e-01
9.920000000000000e-01 1.250000000000000e-01 0.000000000000000e+00 1.000000000000000e-01
9.940000000000000e-01 1.250000000000000e-01 0.000000000000000e+00 1.000000000000000e-01
9.960000000000000e-01 1.250000000000000e-01 0.000000000000000e+00 1.000000000000000e-01
9.980000000000000e-01 1.250000000000000e-01 0.000000000000000e+00 1.000000000000000e-01
1.000000000000000e+00 1.250000000000000e-01 0.000000000000000e+00 1.000000000000000e-01
