TITLE = "Correct 1D Riemann Exact Solution"
VARIABLES = "X", "Density", "Velocity", "Pressure"
ZONE T="Exact", I=22475, F=POINT
-22.474124	0.445000	0.698000	3.528000
-22.472124	0.445000	0.698000	3.528000
-22.470124	0.445000	0.698000	3.528000
-22.468124	0.445000	0.698000	3.528000
-22.466124	0.445000	0.698000	3.528000
-22.464124	0.445000	0.698000	3.528000
-22.462124	0.445000	0.698000	3.528000
-22.460124	0.445000	0.698000	3.528000
-22.458124	0.445000	0.698000	3.528000
-22.456124	0.445000	0.698000	3.528000
-22.454124	0.445000	0.698000	3.528000
-22.452124	0.445000	0.698000	3.528000
-22.450124	0.445000	0.698000	3.528000
-22.448124	0.445000	0.698000	3.528000
-22.446124	0.445000	0.698000	3.528000
-22.444124	0.445000	0.698000	3.528000
-22.442124	0.445000	0.698000	3.528000
-22.440124	0.445000	0.698000	3.528000
-22.438124	0.445000	0.698000	3.528000
-22.436124	0.445000	0.698000	3.528000
-22.434124	0.445000	0.698000	3.528000
-22.432124	0.445000	0.698000	3.528000
-22.430124	0.445000	0.698000	3.528000
-22.428124	0.445000	0.698000	3.528000
-22.426124	0.445000	0.698000	3.528000
-22.424124	0.445000	0.698000	3.528000
-22.422124	0.445000	0.698000	3.528000
-22.420124	0.445000	0.698000	3.528000
-22.418124	0.445000	0.698000	3.528000
-22.416124	0.445000	0.698000	3.528000
-22.414124	0.445000	0.698000	3.528000
-22.412124	0.445000	0.698000	3.528000
-22.410124	0.445000	0.698000	3.528000
-22.408124	0.445000	0.698000	3.528000
-22.406124	0.445000	0.698000	3.528000
-22.404124	0.445000	0.698000	3.528000
-22.402124	0.445000	0.698000	3.528000
-22.400124	0.445000	0.698000	3.528000
-22.398124	0.445000	0.698000	3.528000
-22.396124	0.445000	0.698000	3.528000
-22.394124	0.445000	0.698000	3.528000
-22.392124	0.445000	0.698000	3.528000
-22.390124	0.445000	0.698000	3.528000
-22.388124	0.445000	0.698000	3.528000
-22.386124	0.445000	0.698000	3.528000
-22.384124	0.445000	0.698000	3.528000
-22.382124	0.445000	0.698000	3.528000
-22.380124	0.445000	0.698000	3.528000
-22.378124	0.445000	0.698000	3.528000
-22.376124	0.445000	0.698000	3.528000
-22.374124	0.445000	0.698000	3.528000
-22.372124	0.445000	0.698000	3.528000
-22.370124	0.445000	0.698000	3.528000
-22.368124	0.445000	0.698000	3.528000
-22.366124	0.445000	0.698000	3.528000
-22.364124	0.445000	0.698000	3.528000
-22.362124	0.445000	0.698000	3.528000
-22.360124	0.445000	0.698000	3.528000
-22.358124	0.445000	0.698000	3.528000
-22.356124	0.445000	0.698000	3.528000
-22.354124	0.445000	0.698000	3.528000
-22.352124	0.445000	0.698000	3.528000
-22.350124	0.445000	0.698000	3.528000
-22.348124	0.445000	0.698000	3.528000
-22.346124	0.445000	0.698000	3.528000
-22.344124	0.445000	0.698000	3.528000
-22.342124	0.445000	0.698000	3.528000
-22.340124	0.445000	0.698000	3.528000
-22.338124	0.445000	0.698000	3.528000
-22.336124	0.445000	0.698000	3.528000
-22.334124	0.445000	0.698000	3.528000
-22.332124	0.445000	0.698000	3.528000
-22.330124	0.445000	0.698000	3.528000
-22.328124	0.445000	0.698000	3.528000
-22.326124	0.445000	0.698000	3.528000
-22.324124	0.445000	0.698000	3.528000
-22.322124	0.445000	0.698000	3.528000
-22.320124	0.445000	0.698000	3.528000
-22.318124	0.445000	0.698000	3.528000
-22.316124	0.445000	0.698000	3.528000
-22.314124	0.445000	0.698000	3.528000
-22.312124	0.445000	0.698000	3.528000
-22.310124	0.445000	0.698000	3.528000
-22.308124	0.445000	0.698000	3.528000
-22.306124	0.445000	0.698000	3.528000
-22.304124	0.445000	0.698000	3.528000
-22.302124	0.445000	0.698000	3.528000
-22.300124	0.445000	0.698000	3.528000
-22.298124	0.445000	0.698000	3.528000
-22.296124	0.445000	0.698000	3.528000
-22.294124	0.445000	0.698000	3.528000
-22.292124	0.445000	0.698000	3.528000
-22.290124	0.445000	0.698000	3.528000
-22.288124	0.445000	0.698000	3.528000
-22.286124	0.445000	0.698000	3.528000
-22.284124	0.445000	0.698000	3.528000
-22.282124	0.445000	0.698000	3.528000
-22.280124	0.445000	0.698000	3.528000
-22.278124	0.445000	0.698000	3.528000
-22.276124	0.445000	0.698000	3.528000
-22.274124	0.445000	0.698000	3.528000
-22.272124	0.445000	0.698000	3.528000
-22.270124	0.445000	0.698000	3.528000
-22.268124	0.445000	0.698000	3.528000
-22.266124	0.445000	0.698000	3.528000
-22.264124	0.445000	0.698000	3.528000
-22.262124	0.445000	0.698000	3.528000
-22.260124	0.445000	0.698000	3.528000
-22.258124	0.445000	0.698000	3.528000
-22.256124	0.445000	0.698000	3.528000
-22.254124	0.445000	0.698000	3.528000
-22.252124	0.445000	0.698000	3.528000
-22.250124	0.445000	0.698000	3.528000
-22.248124	0.445000	0.698000	3.528000
-22.246124	0.445000	0.698000	3.528000
-22.244124	0.445000	0.698000	3.528000
-22.242124	0.445000	0.698000	3.528000
-22.240124	0.445000	0.698000	3.528000
-22.238124	0.445000	0.698000	3.528000
-22.236124	0.445000	0.698000	3.528000
-22.234124	0.445000	0.698000	3.528000
-22.232124	0.445000	0.698000	3.528000
-22.230124	0.445000	0.698000	3.528000
-22.228124	0.445000	0.698000	3.528000
-22.226124	0.445000	0.698000	3.528000
-22.224124	0.445000	0.698000	3.528000
-22.222124	0.445000	0.698000	3.528000
-22.220124	0.445000	0.698000	3.528000
-22.218124	0.445000	0.698000	3.528000
-22.216124	0.445000	0.698000	3.528000
-22.214124	0.445000	0.698000	3.528000
-22.212124	0.445000	0.698000	3.528000
-22.210124	0.445000	0.698000	3.528000
-22.208124	0.445000	0.698000	3.528000
-22.206124	0.445000	0.698000	3.528000
-22.204124	0.445000	0.698000	3.528000
-22.202124	0.445000	0.698000	3.528000
-22.200124	0.445000	0.698000	3.528000
-22.198124	0.445000	0.698000	3.528000
-22.196124	0.445000	0.698000	3.528000
-22.194124	0.445000	0.698000	3.528000
-22.192124	0.445000	0.698000	3.528000
-22.190124	0.445000	0.698000	3.528000
-22.188124	0.445000	0.698000	3.528000
-22.186124	0.445000	0.698000	3.528000
-22.184124	0.445000	0.698000	3.528000
-22.182124	0.445000	0.698000	3.528000
-22.180124	0.445000	0.698000	3.528000
-22.178124	0.445000	0.698000	3.528000
-22.176124	0.445000	0.698000	3.528000
-22.174124	0.445000	0.698000	3.528000
-22.172124	0.445000	0.698000	3.528000
-22.170124	0.445000	0.698000	3.528000
-22.168124	0.445000	0.698000	3.528000
-22.166124	0.445000	0.698000	3.528000
-22.164124	0.445000	0.698000	3.528000
-22.162124	0.445000	0.698000	3.528000
-22.160124	0.445000	0.698000	3.528000
-22.158124	0.445000	0.698000	3.528000
-22.156124	0.445000	0.698000	3.528000
-22.154124	0.445000	0.698000	3.528000
-22.152124	0.445000	0.698000	3.528000
-22.150124	0.445000	0.698000	3.528000
-22.148124	0.445000	0.698000	3.528000
-22.146124	0.445000	0.698000	3.528000
-22.144124	0.445000	0.698000	3.528000
-22.142124	0.445000	0.698000	3.528000
-22.140124	0.445000	0.698000	3.528000
-22.138124	0.445000	0.698000	3.528000
-22.136124	0.445000	0.698000	3.528000
-22.134124	0.445000	0.698000	3.528000
-22.132124	0.445000	0.698000	3.528000
-22.130124	0.445000	0.698000	3.528000
-22.128124	0.445000	0.698000	3.528000
-22.126124	0.445000	0.698000	3.528000
-22.124124	0.445000	0.698000	3.528000
-22.122124	0.445000	0.698000	3.528000
-22.120124	0.445000	0.698000	3.528000
-22.118124	0.445000	0.698000	3.528000
-22.116124	0.445000	0.698000	3.528000
-22.114124	0.445000	0.698000	3.528000
-22.112124	0.445000	0.698000	3.528000
-22.110124	0.445000	0.698000	3.528000
-22.108124	0.445000	0.698000	3.528000
-22.106124	0.445000	0.698000	3.528000
-22.104124	0.445000	0.698000	3.528000
-22.102124	0.445000	0.698000	3.528000
-22.100124	0.445000	0.698000	3.528000
-22.098124	0.445000	0.698000	3.528000
-22.096124	0.445000	0.698000	3.528000
-22.094124	0.445000	0.698000	3.528000
-22.092124	0.445000	0.698000	3.528000
-22.090124	0.445000	0.698000	3.528000
-22.088124	0.445000	0.698000	3.528000
-22.086124	0.445000	0.698000	3.528000
-22.084124	0.445000	0.698000	3.528000
-22.082124	0.445000	0.698000	3.528000
-22.080124	0.445000	0.698000	3.528000
-22.078124	0.445000	0.698000	3.528000
-22.076124	0.445000	0.698000	3.528000
-22.074124	0.445000	0.698000	3.528000
-22.072124	0.445000	0.698000	3.528000
-22.070124	0.445000	0.698000	3.528000
-22.068124	0.445000	0.698000	3.528000
-22.066124	0.445000	0.698000	3.528000
-22.064124	0.445000	0.698000	3.528000
-22.062124	0.445000	0.698000	3.528000
-22.060124	0.445000	0.698000	3.528000
-22.058124	0.445000	0.698000	3.528000
-22.056124	0.445000	0.698000	3.528000
-22.054124	0.445000	0.698000	3.528000
-22.052124	0.445000	0.698000	3.528000
-22.050124	0.445000	0.698000	3.528000
-22.048124	0.445000	0.698000	3.528000
-22.046124	0.445000	0.698000	3.528000
-22.044124	0.445000	0.698000	3.528000
-22.042124	0.445000	0.698000	3.528000
-22.040124	0.445000	0.698000	3.528000
-22.038124	0.445000	0.698000	3.528000
-22.036124	0.445000	0.698000	3.528000
-22.034124	0.445000	0.698000	3.528000
-22.032124	0.445000	0.698000	3.528000
-22.030124	0.445000	0.698000	3.528000
-22.028124	0.445000	0.698000	3.528000
-22.026124	0.445000	0.698000	3.528000
-22.024124	0.445000	0.698000	3.528000
-22.022124	0.445000	0.698000	3.528000
-22.020124	0.445000	0.698000	3.528000
-22.018124	0.445000	0.698000	3.528000
-22.016124	0.445000	0.698000	3.528000
-22.014124	0.445000	0.698000	3.528000
-22.012124	0.445000	0.698000	3.528000
-22.010124	0.445000	0.698000	3.528000
-22.008124	0.445000	0.698000	3.528000
-22.006124	0.445000	0.698000	3.528000
-22.004124	0.445000	0.698000	3.528000
-22.002124	0.445000	0.698000	3.528000
-22.000124	0.445000	0.698000	3.528000
-21.998124	0.445000	0.698000	3.528000
-21.996124	0.445000	0.698000	3.528000
-21.994124	0.445000	0.698000	3.528000
-21.992124	0.445000	0.698000	3.528000
-21.990124	0.445000	0.698000	3.528000
-21.988124	0.445000	0.698000	3.528000
-21.986124	0.445000	0.698000	3.528000
-21.984124	0.445000	0.698000	3.528000
-21.982124	0.445000	0.698000	3.528000
-21.980124	0.445000	0.698000	3.528000
-21.978124	0.445000	0.698000	3.528000
-21.976124	0.445000	0.698000	3.528000
-21.974124	0.445000	0.698000	3.528000
-21.972124	0.445000	0.698000	3.528000
-21.970124	0.445000	0.698000	3.528000
-21.968124	0.445000	0.698000	3.528000
-21.966124	0.445000	0.698000	3.528000
-21.964124	0.445000	0.698000	3.528000
-21.962124	0.445000	0.698000	3.528000
-21.960124	0.445000	0.698000	3.528000
-21.958124	0.445000	0.698000	3.528000
-21.956124	0.445000	0.698000	3.528000
-21.954124	0.445000	0.698000	3.528000
-21.952124	0.445000	0.698000	3.528000
-21.950124	0.445000	0.698000	3.528000
-21.948124	0.445000	0.698000	3.528000
-21.946124	0.445000	0.698000	3.528000
-21.944124	0.445000	0.698000	3.528000
-21.942124	0.445000	0.698000	3.528000
-21.940124	0.445000	0.698000	3.528000
-21.938124	0.445000	0.698000	3.528000
-21.936124	0.445000	0.698000	3.528000
-21.934124	0.445000	0.698000	3.528000
-21.932124	0.445000	0.698000	3.528000
-21.930124	0.445000	0.698000	3.528000
-21.928124	0.445000	0.698000	3.528000
-21.926124	0.445000	0.698000	3.528000
-21.924124	0.445000	0.698000	3.528000
-21.922124	0.445000	0.698000	3.528000
-21.920124	0.445000	0.698000	3.528000
-21.918124	0.445000	0.698000	3.528000
-21.916124	0.445000	0.698000	3.528000
-21.914124	0.445000	0.698000	3.528000
-21.912124	0.445000	0.698000	3.528000
-21.910124	0.445000	0.698000	3.528000
-21.908124	0.445000	0.698000	3.528000
-21.906124	0.445000	0.698000	3.528000
-21.904124	0.445000	0.698000	3.528000
-21.902124	0.445000	0.698000	3.528000
-21.900124	0.445000	0.698000	3.528000
-21.898124	0.445000	0.698000	3.528000
-21.896124	0.445000	0.698000	3.528000
-21.894124	0.445000	0.698000	3.528000
-21.892124	0.445000	0.698000	3.528000
-21.890124	0.445000	0.698000	3.528000
-21.888124	0.445000	0.698000	3.528000
-21.886124	0.445000	0.698000	3.528000
-21.884124	0.445000	0.698000	3.528000
-21.882124	0.445000	0.698000	3.528000
-21.880124	0.445000	0.698000	3.528000
-21.878124	0.445000	0.698000	3.528000
-21.876124	0.445000	0.698000	3.528000
-21.874124	0.445000	0.698000	3.528000
-21.872124	0.445000	0.698000	3.528000
-21.870124	0.445000	0.698000	3.528000
-21.868124	0.445000	0.698000	3.528000
-21.866124	0.445000	0.698000	3.528000
-21.864124	0.445000	0.698000	3.528000
-21.862124	0.445000	0.698000	3.528000
-21.860124	0.445000	0.698000	3.528000
-21.858124	0.445000	0.698000	3.528000
-21.856124	0.445000	0.698000	3.528000
-21.854124	0.445000	0.698000	3.528000
-21.852124	0.445000	0.698000	3.528000
-21.850124	0.445000	0.698000	3.528000
-21.848124	0.445000	0.698000	3.528000
-21.846124	0.445000	0.698000	3.528000
-21.844124	0.445000	0.698000	3.528000
-21.842124	0.445000	0.698000	3.528000
-21.840124	0.445000	0.698000	3.528000
-21.838124	0.445000	0.698000	3.528000
-21.836124	0.445000	0.698000	3.528000
-21.834124	0.445000	0.698000	3.528000
-21.832124	0.445000	0.698000	3.528000
-21.830124	0.445000	0.698000	3.528000
-21.828124	0.445000	0.698000	3.528000
-21.826124	0.445000	0.698000	3.528000
-21.824124	0.445000	0.698000	3.528000
-21.822124	0.445000	0.698000	3.528000
-21.820124	0.445000	0.698000	3.528000
-21.818124	0.445000	0.698000	3.528000
-21.816124	0.445000	0.698000	3.528000
-21.814124	0.445000	0.698000	3.528000
-21.812124	0.445000	0.698000	3.528000
-21.810124	0.445000	0.698000	3.528000
-21.808124	0.445000	0.698000	3.528000
-21.806124	0.445000	0.698000	3.528000
-21.804124	0.445000	0.698000	3.528000
-21.802124	0.445000	0.698000	3.528000
-21.800124	0.445000	0.698000	3.528000
-21.798124	0.445000	0.698000	3.528000
-21.796124	0.445000	0.698000	3.528000
-21.794124	0.445000	0.698000	3.528000
-21.792124	0.445000	0.698000	3.528000
-21.790124	0.445000	0.698000	3.528000
-21.788124	0.445000	0.698000	3.528000
-21.786124	0.445000	0.698000	3.528000
-21.784124	0.445000	0.698000	3.528000
-21.782124	0.445000	0.698000	3.528000
-21.780124	0.445000	0.698000	3.528000
-21.778124	0.445000	0.698000	3.528000
-21.776124	0.445000	0.698000	3.528000
-21.774124	0.445000	0.698000	3.528000
-21.772124	0.445000	0.698000	3.528000
-21.770124	0.445000	0.698000	3.528000
-21.768124	0.445000	0.698000	3.528000
-21.766124	0.445000	0.698000	3.528000
-21.764124	0.445000	0.698000	3.528000
-21.762124	0.445000	0.698000	3.528000
-21.760124	0.445000	0.698000	3.528000
-21.758124	0.445000	0.698000	3.528000
-21.756124	0.445000	0.698000	3.528000
-21.754124	0.445000	0.698000	3.528000
-21.752124	0.445000	0.698000	3.528000
-21.750124	0.445000	0.698000	3.528000
-21.748124	0.445000	0.698000	3.528000
-21.746124	0.445000	0.698000	3.528000
-21.744124	0.445000	0.698000	3.528000
-21.742124	0.445000	0.698000	3.528000
-21.740124	0.445000	0.698000	3.528000
-21.738124	0.445000	0.698000	3.528000
-21.736124	0.445000	0.698000	3.528000
-21.734124	0.445000	0.698000	3.528000
-21.732124	0.445000	0.698000	3.528000
-21.730124	0.445000	0.698000	3.528000
-21.728124	0.445000	0.698000	3.528000
-21.726124	0.445000	0.698000	3.528000
-21.724124	0.445000	0.698000	3.528000
-21.722124	0.445000	0.698000	3.528000
-21.720124	0.445000	0.698000	3.528000
-21.718124	0.445000	0.698000	3.528000
-21.716124	0.445000	0.698000	3.528000
-21.714124	0.445000	0.698000	3.528000
-21.712124	0.445000	0.698000	3.528000
-21.710124	0.445000	0.698000	3.528000
-21.708124	0.445000	0.698000	3.528000
-21.706124	0.445000	0.698000	3.528000
-21.704124	0.445000	0.698000	3.528000
-21.702124	0.445000	0.698000	3.528000
-21.700124	0.445000	0.698000	3.528000
-21.698124	0.445000	0.698000	3.528000
-21.696124	0.445000	0.698000	3.528000
-21.694124	0.445000	0.698000	3.528000
-21.692124	0.445000	0.698000	3.528000
-21.690124	0.445000	0.698000	3.528000
-21.688124	0.445000	0.698000	3.528000
-21.686124	0.445000	0.698000	3.528000
-21.684124	0.445000	0.698000	3.528000
-21.682124	0.445000	0.698000	3.528000
-21.680124	0.445000	0.698000	3.528000
-21.678124	0.445000	0.698000	3.528000
-21.676124	0.445000	0.698000	3.528000
-21.674124	0.445000	0.698000	3.528000
-21.672124	0.445000	0.698000	3.528000
-21.670124	0.445000	0.698000	3.528000
-21.668124	0.445000	0.698000	3.528000
-21.666124	0.445000	0.698000	3.528000
-21.664124	0.445000	0.698000	3.528000
-21.662124	0.445000	0.698000	3.528000
-21.660124	0.445000	0.698000	3.528000
-21.658124	0.445000	0.698000	3.528000
-21.656124	0.445000	0.698000	3.528000
-21.654124	0.445000	0.698000	3.528000
-21.652124	0.445000	0.698000	3.528000
-21.650124	0.445000	0.698000	3.528000
-21.648124	0.445000	0.698000	3.528000
-21.646124	0.445000	0.698000	3.528000
-21.644124	0.445000	0.698000	3.528000
-21.642124	0.445000	0.698000	3.528000
-21.640124	0.445000	0.698000	3.528000
-21.638124	0.445000	0.698000	3.528000
-21.636124	0.445000	0.698000	3.528000
-21.634124	0.445000	0.698000	3.528000
-21.632124	0.445000	0.698000	3.528000
-21.630124	0.445000	0.698000	3.528000
-21.628124	0.445000	0.698000	3.528000
-21.626124	0.445000	0.698000	3.528000
-21.624124	0.445000	0.698000	3.528000
-21.622124	0.445000	0.698000	3.528000
-21.620124	0.445000	0.698000	3.528000
-21.618124	0.445000	0.698000	3.528000
-21.616124	0.445000	0.698000	3.528000
-21.614124	0.445000	0.698000	3.528000
-21.612124	0.445000	0.698000	3.528000
-21.610124	0.445000	0.698000	3.528000
-21.608124	0.445000	0.698000	3.528000
-21.606124	0.445000	0.698000	3.528000
-21.604124	0.445000	0.698000	3.528000
-21.602124	0.445000	0.698000	3.528000
-21.600124	0.445000	0.698000	3.528000
-21.598124	0.445000	0.698000	3.528000
-21.596124	0.445000	0.698000	3.528000
-21.594124	0.445000	0.698000	3.528000
-21.592124	0.445000	0.698000	3.528000
-21.590124	0.445000	0.698000	3.528000
-21.588124	0.445000	0.698000	3.528000
-21.586124	0.445000	0.698000	3.528000
-21.584124	0.445000	0.698000	3.528000
-21.582124	0.445000	0.698000	3.528000
-21.580124	0.445000	0.698000	3.528000
-21.578124	0.445000	0.698000	3.528000
-21.576124	0.445000	0.698000	3.528000
-21.574124	0.445000	0.698000	3.528000
-21.572124	0.445000	0.698000	3.528000
-21.570124	0.445000	0.698000	3.528000
-21.568124	0.445000	0.698000	3.528000
-21.566124	0.445000	0.698000	3.528000
-21.564124	0.445000	0.698000	3.528000
-21.562124	0.445000	0.698000	3.528000
-21.560124	0.445000	0.698000	3.528000
-21.558124	0.445000	0.698000	3.528000
-21.556124	0.445000	0.698000	3.528000
-21.554124	0.445000	0.698000	3.528000
-21.552124	0.445000	0.698000	3.528000
-21.550124	0.445000	0.698000	3.528000
-21.548124	0.445000	0.698000	3.528000
-21.546124	0.445000	0.698000	3.528000
-21.544124	0.445000	0.698000	3.528000
-21.542124	0.445000	0.698000	3.528000
-21.540124	0.445000	0.698000	3.528000
-21.538124	0.445000	0.698000	3.528000
-21.536124	0.445000	0.698000	3.528000
-21.534124	0.445000	0.698000	3.528000
-21.532124	0.445000	0.698000	3.528000
-21.530124	0.445000	0.698000	3.528000
-21.528124	0.445000	0.698000	3.528000
-21.526124	0.445000	0.698000	3.528000
-21.524124	0.445000	0.698000	3.528000
-21.522124	0.445000	0.698000	3.528000
-21.520124	0.445000	0.698000	3.528000
-21.518124	0.445000	0.698000	3.528000
-21.516124	0.445000	0.698000	3.528000
-21.514124	0.445000	0.698000	3.528000
-21.512124	0.445000	0.698000	3.528000
-21.510124	0.445000	0.698000	3.528000
-21.508124	0.445000	0.698000	3.528000
-21.506124	0.445000	0.698000	3.528000
-21.504124	0.445000	0.698000	3.528000
-21.502124	0.445000	0.698000	3.528000
-21.500124	0.445000	0.698000	3.528000
-21.498124	0.445000	0.698000	3.528000
-21.496124	0.445000	0.698000	3.528000
-21.494124	0.445000	0.698000	3.528000
-21.492124	0.445000	0.698000	3.528000
-21.490124	0.445000	0.698000	3.528000
-21.488124	0.445000	0.698000	3.528000
-21.486124	0.445000	0.698000	3.528000
-21.484124	0.445000	0.698000	3.528000
-21.482124	0.445000	0.698000	3.528000
-21.480124	0.445000	0.698000	3.528000
-21.478124	0.445000	0.698000	3.528000
-21.476124	0.445000	0.698000	3.528000
-21.474124	0.445000	0.698000	3.528000
-21.472124	0.445000	0.698000	3.528000
-21.470124	0.445000	0.698000	3.528000
-21.468124	0.445000	0.698000	3.528000
-21.466124	0.445000	0.698000	3.528000
-21.464124	0.445000	0.698000	3.528000
-21.462124	0.445000	0.698000	3.528000
-21.460124	0.445000	0.698000	3.528000
-21.458124	0.445000	0.698000	3.528000
-21.456124	0.445000	0.698000	3.528000
-21.454124	0.445000	0.698000	3.528000
-21.452124	0.445000	0.698000	3.528000
-21.450124	0.445000	0.698000	3.528000
-21.448124	0.445000	0.698000	3.528000
-21.446124	0.445000	0.698000	3.528000
-21.444124	0.445000	0.698000	3.528000
-21.442124	0.445000	0.698000	3.528000
-21.440124	0.445000	0.698000	3.528000
-21.438124	0.445000	0.698000	3.528000
-21.436124	0.445000	0.698000	3.528000
-21.434124	0.445000	0.698000	3.528000
-21.432124	0.445000	0.698000	3.528000
-21.430124	0.445000	0.698000	3.528000
-21.428124	0.445000	0.698000	3.528000
-21.426124	0.445000	0.698000	3.528000
-21.424124	0.445000	0.698000	3.528000
-21.422124	0.445000	0.698000	3.528000
-21.420124	0.445000	0.698000	3.528000
-21.418124	0.445000	0.698000	3.528000
-21.416124	0.445000	0.698000	3.528000
-21.414124	0.445000	0.698000	3.528000
-21.412124	0.445000	0.698000	3.528000
-21.410124	0.445000	0.698000	3.528000
-21.408124	0.445000	0.698000	3.528000
-21.406124	0.445000	0.698000	3.528000
-21.404124	0.445000	0.698000	3.528000
-21.402124	0.445000	0.698000	3.528000
-21.400124	0.445000	0.698000	3.528000
-21.398124	0.445000	0.698000	3.528000
-21.396124	0.445000	0.698000	3.528000
-21.394124	0.445000	0.698000	3.528000
-21.392124	0.445000	0.698000	3.528000
-21.390124	0.445000	0.698000	3.528000
-21.388124	0.445000	0.698000	3.528000
-21.386124	0.445000	0.698000	3.528000
-21.384124	0.445000	0.698000	3.528000
-21.382124	0.445000	0.698000	3.528000
-21.380124	0.445000	0.698000	3.528000
-21.378124	0.445000	0.698000	3.528000
-21.376124	0.445000	0.698000	3.528000
-21.374124	0.445000	0.698000	3.528000
-21.372124	0.445000	0.698000	3.528000
-21.370124	0.445000	0.698000	3.528000
-21.368124	0.445000	0.698000	3.528000
-21.366124	0.445000	0.698000	3.528000
-21.364124	0.445000	0.698000	3.528000
-21.362124	0.445000	0.698000	3.528000
-21.360124	0.445000	0.698000	3.528000
-21.358124	0.445000	0.698000	3.528000
-21.356124	0.445000	0.698000	3.528000
-21.354124	0.445000	0.698000	3.528000
-21.352124	0.445000	0.698000	3.528000
-21.350124	0.445000	0.698000	3.528000
-21.348124	0.445000	0.698000	3.528000
-21.346124	0.445000	0.698000	3.528000
-21.344124	0.445000	0.698000	3.528000
-21.342124	0.445000	0.698000	3.528000
-21.340124	0.445000	0.698000	3.528000
-21.338124	0.445000	0.698000	3.528000
-21.336124	0.445000	0.698000	3.528000
-21.334124	0.445000	0.698000	3.528000
-21.332124	0.445000	0.698000	3.528000
-21.330124	0.445000	0.698000	3.528000
-21.328124	0.445000	0.698000	3.528000
-21.326124	0.445000	0.698000	3.528000
-21.324124	0.445000	0.698000	3.528000
-21.322124	0.445000	0.698000	3.528000
-21.320124	0.445000	0.698000	3.528000
-21.318124	0.445000	0.698000	3.528000
-21.316124	0.445000	0.698000	3.528000
-21.314124	0.445000	0.698000	3.528000
-21.312124	0.445000	0.698000	3.528000
-21.310124	0.445000	0.698000	3.528000
-21.308124	0.445000	0.698000	3.528000
-21.306124	0.445000	0.698000	3.528000
-21.304124	0.445000	0.698000	3.528000
-21.302124	0.445000	0.698000	3.528000
-21.300124	0.445000	0.698000	3.528000
-21.298124	0.445000	0.698000	3.528000
-21.296124	0.445000	0.698000	3.528000
-21.294124	0.445000	0.698000	3.528000
-21.292124	0.445000	0.698000	3.528000
-21.290124	0.445000	0.698000	3.528000
-21.288124	0.445000	0.698000	3.528000
-21.286124	0.445000	0.698000	3.528000
-21.284124	0.445000	0.698000	3.528000
-21.282124	0.445000	0.698000	3.528000
-21.280124	0.445000	0.698000	3.528000
-21.278124	0.445000	0.698000	3.528000
-21.276124	0.445000	0.698000	3.528000
-21.274124	0.445000	0.698000	3.528000
-21.272124	0.445000	0.698000	3.528000
-21.270124	0.445000	0.698000	3.528000
-21.268124	0.445000	0.698000	3.528000
-21.266124	0.445000	0.698000	3.528000
-21.264124	0.445000	0.698000	3.528000
-21.262124	0.445000	0.698000	3.528000
-21.260124	0.445000	0.698000	3.528000
-21.258124	0.445000	0.698000	3.528000
-21.256124	0.445000	0.698000	3.528000
-21.254124	0.445000	0.698000	3.528000
-21.252124	0.445000	0.698000	3.528000
-21.250124	0.445000	0.698000	3.528000
-21.248124	0.445000	0.698000	3.528000
-21.246124	0.445000	0.698000	3.528000
-21.244124	0.445000	0.698000	3.528000
-21.242124	0.445000	0.698000	3.528000
-21.240124	0.445000	0.698000	3.528000
-21.238124	0.445000	0.698000	3.528000
-21.236124	0.445000	0.698000	3.528000
-21.234124	0.445000	0.698000	3.528000
-21.232124	0.445000	0.698000	3.528000
-21.230124	0.445000	0.698000	3.528000
-21.228124	0.445000	0.698000	3.528000
-21.226124	0.445000	0.698000	3.528000
-21.224124	0.445000	0.698000	3.528000
-21.222124	0.445000	0.698000	3.528000
-21.220124	0.445000	0.698000	3.528000
-21.218124	0.445000	0.698000	3.528000
-21.216124	0.445000	0.698000	3.528000
-21.214124	0.445000	0.698000	3.528000
-21.212124	0.445000	0.698000	3.528000
-21.210124	0.445000	0.698000	3.528000
-21.208124	0.445000	0.698000	3.528000
-21.206124	0.445000	0.698000	3.528000
-21.204124	0.445000	0.698000	3.528000
-21.202124	0.445000	0.698000	3.528000
-21.200124	0.445000	0.698000	3.528000
-21.198124	0.445000	0.698000	3.528000
-21.196124	0.445000	0.698000	3.528000
-21.194124	0.445000	0.698000	3.528000
-21.192124	0.445000	0.698000	3.528000
-21.190124	0.445000	0.698000	3.528000
-21.188124	0.445000	0.698000	3.528000
-21.186124	0.445000	0.698000	3.528000
-21.184124	0.445000	0.698000	3.528000
-21.182124	0.445000	0.698000	3.528000
-21.180124	0.445000	0.698000	3.528000
-21.178124	0.445000	0.698000	3.528000
-21.176124	0.445000	0.698000	3.528000
-21.174124	0.445000	0.698000	3.528000
-21.172124	0.445000	0.698000	3.528000
-21.170124	0.445000	0.698000	3.528000
-21.168124	0.445000	0.698000	3.528000
-21.166124	0.445000	0.698000	3.528000
-21.164124	0.445000	0.698000	3.528000
-21.162124	0.445000	0.698000	3.528000
-21.160124	0.445000	0.698000	3.528000
-21.158124	0.445000	0.698000	3.528000
-21.156124	0.445000	0.698000	3.528000
-21.154124	0.445000	0.698000	3.528000
-21.152124	0.445000	0.698000	3.528000
-21.150124	0.445000	0.698000	3.528000
-21.148124	0.445000	0.698000	3.528000
-21.146124	0.445000	0.698000	3.528000
-21.144124	0.445000	0.698000	3.528000
-21.142124	0.445000	0.698000	3.528000
-21.140124	0.445000	0.698000	3.528000
-21.138124	0.445000	0.698000	3.528000
-21.136124	0.445000	0.698000	3.528000
-21.134124	0.445000	0.698000	3.528000
-21.132124	0.445000	0.698000	3.528000
-21.130124	0.445000	0.698000	3.528000
-21.128124	0.445000	0.698000	3.528000
-21.126124	0.445000	0.698000	3.528000
-21.124124	0.445000	0.698000	3.528000
-21.122124	0.445000	0.698000	3.528000
-21.120124	0.445000	0.698000	3.528000
-21.118124	0.445000	0.698000	3.528000
-21.116124	0.445000	0.698000	3.528000
-21.114124	0.445000	0.698000	3.528000
-21.112124	0.445000	0.698000	3.528000
-21.110124	0.445000	0.698000	3.528000
-21.108124	0.445000	0.698000	3.528000
-21.106124	0.445000	0.698000	3.528000
-21.104124	0.445000	0.698000	3.528000
-21.102124	0.445000	0.698000	3.528000
-21.100124	0.445000	0.698000	3.528000
-21.098124	0.445000	0.698000	3.528000
-21.096124	0.445000	0.698000	3.528000
-21.094124	0.445000	0.698000	3.528000
-21.092124	0.445000	0.698000	3.528000
-21.090124	0.445000	0.698000	3.528000
-21.088124	0.445000	0.698000	3.528000
-21.086124	0.445000	0.698000	3.528000
-21.084124	0.445000	0.698000	3.528000
-21.082124	0.445000	0.698000	3.528000
-21.080124	0.445000	0.698000	3.528000
-21.078124	0.445000	0.698000	3.528000
-21.076124	0.445000	0.698000	3.528000
-21.074124	0.445000	0.698000	3.528000
-21.072124	0.445000	0.698000	3.528000
-21.070124	0.445000	0.698000	3.528000
-21.068124	0.445000	0.698000	3.528000
-21.066124	0.445000	0.698000	3.528000
-21.064124	0.445000	0.698000	3.528000
-21.062124	0.445000	0.698000	3.528000
-21.060124	0.445000	0.698000	3.528000
-21.058124	0.445000	0.698000	3.528000
-21.056124	0.445000	0.698000	3.528000
-21.054124	0.445000	0.698000	3.528000
-21.052124	0.445000	0.698000	3.528000
-21.050124	0.445000	0.698000	3.528000
-21.048124	0.445000	0.698000	3.528000
-21.046124	0.445000	0.698000	3.528000
-21.044124	0.445000	0.698000	3.528000
-21.042124	0.445000	0.698000	3.528000
-21.040124	0.445000	0.698000	3.528000
-21.038124	0.445000	0.698000	3.528000
-21.036124	0.445000	0.698000	3.528000
-21.034124	0.445000	0.698000	3.528000
-21.032124	0.445000	0.698000	3.528000
-21.030124	0.445000	0.698000	3.528000
-21.028124	0.445000	0.698000	3.528000
-21.026124	0.445000	0.698000	3.528000
-21.024124	0.445000	0.698000	3.528000
-21.022124	0.445000	0.698000	3.528000
-21.020124	0.445000	0.698000	3.528000
-21.018124	0.445000	0.698000	3.528000
-21.016124	0.445000	0.698000	3.528000
-21.014124	0.445000	0.698000	3.528000
-21.012124	0.445000	0.698000	3.528000
-21.010124	0.445000	0.698000	3.528000
-21.008124	0.445000	0.698000	3.528000
-21.006124	0.445000	0.698000	3.528000
-21.004124	0.445000	0.698000	3.528000
-21.002124	0.445000	0.698000	3.528000
-21.000124	0.445000	0.698000	3.528000
-20.998124	0.445000	0.698000	3.528000
-20.996124	0.445000	0.698000	3.528000
-20.994124	0.445000	0.698000	3.528000
-20.992124	0.445000	0.698000	3.528000
-20.990124	0.445000	0.698000	3.528000
-20.988124	0.445000	0.698000	3.528000
-20.986124	0.445000	0.698000	3.528000
-20.984124	0.445000	0.698000	3.528000
-20.982124	0.445000	0.698000	3.528000
-20.980124	0.445000	0.698000	3.528000
-20.978124	0.445000	0.698000	3.528000
-20.976124	0.445000	0.698000	3.528000
-20.974124	0.445000	0.698000	3.528000
-20.972124	0.445000	0.698000	3.528000
-20.970124	0.445000	0.698000	3.528000
-20.968124	0.445000	0.698000	3.528000
-20.966124	0.445000	0.698000	3.528000
-20.964124	0.445000	0.698000	3.528000
-20.962124	0.445000	0.698000	3.528000
-20.960124	0.445000	0.698000	3.528000
-20.958124	0.445000	0.698000	3.528000
-20.956124	0.445000	0.698000	3.528000
-20.954124	0.445000	0.698000	3.528000
-20.952124	0.445000	0.698000	3.528000
-20.950124	0.445000	0.698000	3.528000
-20.948124	0.445000	0.698000	3.528000
-20.946124	0.445000	0.698000	3.528000
-20.944124	0.445000	0.698000	3.528000
-20.942124	0.445000	0.698000	3.528000
-20.940124	0.445000	0.698000	3.528000
-20.938124	0.445000	0.698000	3.528000
-20.936124	0.445000	0.698000	3.528000
-20.934124	0.445000	0.698000	3.528000
-20.932124	0.445000	0.698000	3.528000
-20.930124	0.445000	0.698000	3.528000
-20.928124	0.445000	0.698000	3.528000
-20.926124	0.445000	0.698000	3.528000
-20.924124	0.445000	0.698000	3.528000
-20.922124	0.445000	0.698000	3.528000
-20.920124	0.445000	0.698000	3.528000
-20.918124	0.445000	0.698000	3.528000
-20.916124	0.445000	0.698000	3.528000
-20.914124	0.445000	0.698000	3.528000
-20.912124	0.445000	0.698000	3.528000
-20.910124	0.445000	0.698000	3.528000
-20.908124	0.445000	0.698000	3.528000
-20.906124	0.445000	0.698000	3.528000
-20.904124	0.445000	0.698000	3.528000
-20.902124	0.445000	0.698000	3.528000
-20.900124	0.445000	0.698000	3.528000
-20.898124	0.445000	0.698000	3.528000
-20.896124	0.445000	0.698000	3.528000
-20.894124	0.445000	0.698000	3.528000
-20.892124	0.445000	0.698000	3.528000
-20.890124	0.445000	0.698000	3.528000
-20.888124	0.445000	0.698000	3.528000
-20.886124	0.445000	0.698000	3.528000
-20.884124	0.445000	0.698000	3.528000
-20.882124	0.445000	0.698000	3.528000
-20.880124	0.445000	0.698000	3.528000
-20.878124	0.445000	0.698000	3.528000
-20.876124	0.445000	0.698000	3.528000
-20.874124	0.445000	0.698000	3.528000
-20.872124	0.445000	0.698000	3.528000
-20.870124	0.445000	0.698000	3.528000
-20.868124	0.445000	0.698000	3.528000
-20.866124	0.445000	0.698000	3.528000
-20.864124	0.445000	0.698000	3.528000
-20.862124	0.445000	0.698000	3.528000
-20.860124	0.445000	0.698000	3.528000
-20.858124	0.445000	0.698000	3.528000
-20.856124	0.445000	0.698000	3.528000
-20.854124	0.445000	0.698000	3.528000
-20.852124	0.445000	0.698000	3.528000
-20.850124	0.445000	0.698000	3.528000
-20.848124	0.445000	0.698000	3.528000
-20.846124	0.445000	0.698000	3.528000
-20.844124	0.445000	0.698000	3.528000
-20.842124	0.445000	0.698000	3.528000
-20.840124	0.445000	0.698000	3.528000
-20.838124	0.445000	0.698000	3.528000
-20.836124	0.445000	0.698000	3.528000
-20.834124	0.445000	0.698000	3.528000
-20.832124	0.445000	0.698000	3.528000
-20.830124	0.445000	0.698000	3.528000
-20.828124	0.445000	0.698000	3.528000
-20.826124	0.445000	0.698000	3.528000
-20.824124	0.445000	0.698000	3.528000
-20.822124	0.445000	0.698000	3.528000
-20.820124	0.445000	0.698000	3.528000
-20.818124	0.445000	0.698000	3.528000
-20.816124	0.445000	0.698000	3.528000
-20.814124	0.445000	0.698000	3.528000
-20.812124	0.445000	0.698000	3.528000
-20.810124	0.445000	0.698000	3.528000
-20.808124	0.445000	0.698000	3.528000
-20.806124	0.445000	0.698000	3.528000
-20.804124	0.445000	0.698000	3.528000
-20.802124	0.445000	0.698000	3.528000
-20.800124	0.445000	0.698000	3.528000
-20.798124	0.445000	0.698000	3.528000
-20.796124	0.445000	0.698000	3.528000
-20.794124	0.445000	0.698000	3.528000
-20.792124	0.445000	0.698000	3.528000
-20.790124	0.445000	0.698000	3.528000
-20.788124	0.445000	0.698000	3.528000
-20.786124	0.445000	0.698000	3.528000
-20.784124	0.445000	0.698000	3.528000
-20.782124	0.445000	0.698000	3.528000
-20.780124	0.445000	0.698000	3.528000
-20.778124	0.445000	0.698000	3.528000
-20.776124	0.445000	0.698000	3.528000
-20.774124	0.445000	0.698000	3.528000
-20.772124	0.445000	0.698000	3.528000
-20.770124	0.445000	0.698000	3.528000
-20.768124	0.445000	0.698000	3.528000
-20.766124	0.445000	0.698000	3.528000
-20.764124	0.445000	0.698000	3.528000
-20.762124	0.445000	0.698000	3.528000
-20.760124	0.445000	0.698000	3.528000
-20.758124	0.445000	0.698000	3.528000
-20.756124	0.445000	0.698000	3.528000
-20.754124	0.445000	0.698000	3.528000
-20.752124	0.445000	0.698000	3.528000
-20.750124	0.445000	0.698000	3.528000
-20.748124	0.445000	0.698000	3.528000
-20.746124	0.445000	0.698000	3.528000
-20.744124	0.445000	0.698000	3.528000
-20.742124	0.445000	0.698000	3.528000
-20.740124	0.445000	0.698000	3.528000
-20.738124	0.445000	0.698000	3.528000
-20.736124	0.445000	0.698000	3.528000
-20.734124	0.445000	0.698000	3.528000
-20.732124	0.445000	0.698000	3.528000
-20.730124	0.445000	0.698000	3.528000
-20.728124	0.445000	0.698000	3.528000
-20.726124	0.445000	0.698000	3.528000
-20.724124	0.445000	0.698000	3.528000
-20.722124	0.445000	0.698000	3.528000
-20.720124	0.445000	0.698000	3.528000
-20.718124	0.445000	0.698000	3.528000
-20.716124	0.445000	0.698000	3.528000
-20.714124	0.445000	0.698000	3.528000
-20.712124	0.445000	0.698000	3.528000
-20.710124	0.445000	0.698000	3.528000
-20.708124	0.445000	0.698000	3.528000
-20.706124	0.445000	0.698000	3.528000
-20.704124	0.445000	0.698000	3.528000
-20.702124	0.445000	0.698000	3.528000
-20.700124	0.445000	0.698000	3.528000
-20.698124	0.445000	0.698000	3.528000
-20.696124	0.445000	0.698000	3.528000
-20.694124	0.445000	0.698000	3.528000
-20.692124	0.445000	0.698000	3.528000
-20.690124	0.445000	0.698000	3.528000
-20.688124	0.445000	0.698000	3.528000
-20.686124	0.445000	0.698000	3.528000
-20.684124	0.445000	0.698000	3.528000
-20.682124	0.445000	0.698000	3.528000
-20.680124	0.445000	0.698000	3.528000
-20.678124	0.445000	0.698000	3.528000
-20.676124	0.445000	0.698000	3.528000
-20.674124	0.445000	0.698000	3.528000
-20.672124	0.445000	0.698000	3.528000
-20.670124	0.445000	0.698000	3.528000
-20.668124	0.445000	0.698000	3.528000
-20.666124	0.445000	0.698000	3.528000
-20.664124	0.445000	0.698000	3.528000
-20.662124	0.445000	0.698000	3.528000
-20.660124	0.445000	0.698000	3.528000
-20.658124	0.445000	0.698000	3.528000
-20.656124	0.445000	0.698000	3.528000
-20.654124	0.445000	0.698000	3.528000
-20.652124	0.445000	0.698000	3.528000
-20.650124	0.445000	0.698000	3.528000
-20.648124	0.445000	0.698000	3.528000
-20.646124	0.445000	0.698000	3.528000
-20.644124	0.445000	0.698000	3.528000
-20.642124	0.445000	0.698000	3.528000
-20.640124	0.445000	0.698000	3.528000
-20.638124	0.445000	0.698000	3.528000
-20.636124	0.445000	0.698000	3.528000
-20.634124	0.445000	0.698000	3.528000
-20.632124	0.445000	0.698000	3.528000
-20.630124	0.445000	0.698000	3.528000
-20.628124	0.445000	0.698000	3.528000
-20.626124	0.445000	0.698000	3.528000
-20.624124	0.445000	0.698000	3.528000
-20.622124	0.445000	0.698000	3.528000
-20.620124	0.445000	0.698000	3.528000
-20.618124	0.445000	0.698000	3.528000
-20.616124	0.445000	0.698000	3.528000
-20.614124	0.445000	0.698000	3.528000
-20.612124	0.445000	0.698000	3.528000
-20.610124	0.445000	0.698000	3.528000
-20.608124	0.445000	0.698000	3.528000
-20.606124	0.445000	0.698000	3.528000
-20.604124	0.445000	0.698000	3.528000
-20.602124	0.445000	0.698000	3.528000
-20.600124	0.445000	0.698000	3.528000
-20.598124	0.445000	0.698000	3.528000
-20.596124	0.445000	0.698000	3.528000
-20.594124	0.445000	0.698000	3.528000
-20.592124	0.445000	0.698000	3.528000
-20.590124	0.445000	0.698000	3.528000
-20.588124	0.445000	0.698000	3.528000
-20.586124	0.445000	0.698000	3.528000
-20.584124	0.445000	0.698000	3.528000
-20.582124	0.445000	0.698000	3.528000
-20.580124	0.445000	0.698000	3.528000
-20.578124	0.445000	0.698000	3.528000
-20.576124	0.445000	0.698000	3.528000
-20.574124	0.445000	0.698000	3.528000
-20.572124	0.445000	0.698000	3.528000
-20.570124	0.445000	0.698000	3.528000
-20.568124	0.445000	0.698000	3.528000
-20.566124	0.445000	0.698000	3.528000
-20.564124	0.445000	0.698000	3.528000
-20.562124	0.445000	0.698000	3.528000
-20.560124	0.445000	0.698000	3.528000
-20.558124	0.445000	0.698000	3.528000
-20.556124	0.445000	0.698000	3.528000
-20.554124	0.445000	0.698000	3.528000
-20.552124	0.445000	0.698000	3.528000
-20.550124	0.445000	0.698000	3.528000
-20.548124	0.445000	0.698000	3.528000
-20.546124	0.445000	0.698000	3.528000
-20.544124	0.445000	0.698000	3.528000
-20.542124	0.445000	0.698000	3.528000
-20.540124	0.445000	0.698000	3.528000
-20.538124	0.445000	0.698000	3.528000
-20.536124	0.445000	0.698000	3.528000
-20.534124	0.445000	0.698000	3.528000
-20.532124	0.445000	0.698000	3.528000
-20.530124	0.445000	0.698000	3.528000
-20.528124	0.445000	0.698000	3.528000
-20.526124	0.445000	0.698000	3.528000
-20.524124	0.445000	0.698000	3.528000
-20.522124	0.445000	0.698000	3.528000
-20.520124	0.445000	0.698000	3.528000
-20.518124	0.445000	0.698000	3.528000
-20.516124	0.445000	0.698000	3.528000
-20.514124	0.445000	0.698000	3.528000
-20.512124	0.445000	0.698000	3.528000
-20.510124	0.445000	0.698000	3.528000
-20.508124	0.445000	0.698000	3.528000
-20.506124	0.445000	0.698000	3.528000
-20.504124	0.445000	0.698000	3.528000
-20.502124	0.445000	0.698000	3.528000
-20.500124	0.445000	0.698000	3.528000
-20.498124	0.445000	0.698000	3.528000
-20.496124	0.445000	0.698000	3.528000
-20.494124	0.445000	0.698000	3.528000
-20.492124	0.445000	0.698000	3.528000
-20.490124	0.445000	0.698000	3.528000
-20.488124	0.445000	0.698000	3.528000
-20.486124	0.445000	0.698000	3.528000
-20.484124	0.445000	0.698000	3.528000
-20.482124	0.445000	0.698000	3.528000
-20.480124	0.445000	0.698000	3.528000
-20.478124	0.445000	0.698000	3.528000
-20.476124	0.445000	0.698000	3.528000
-20.474124	0.445000	0.698000	3.528000
-20.472124	0.445000	0.698000	3.528000
-20.470124	0.445000	0.698000	3.528000
-20.468124	0.445000	0.698000	3.528000
-20.466124	0.445000	0.698000	3.528000
-20.464124	0.445000	0.698000	3.528000
-20.462124	0.445000	0.698000	3.528000
-20.460124	0.445000	0.698000	3.528000
-20.458124	0.445000	0.698000	3.528000
-20.456124	0.445000	0.698000	3.528000
-20.454124	0.445000	0.698000	3.528000
-20.452124	0.445000	0.698000	3.528000
-20.450124	0.445000	0.698000	3.528000
-20.448124	0.445000	0.698000	3.528000
-20.446124	0.445000	0.698000	3.528000
-20.444124	0.445000	0.698000	3.528000
-20.442124	0.445000	0.698000	3.528000
-20.440124	0.445000	0.698000	3.528000
-20.438124	0.445000	0.698000	3.528000
-20.436124	0.445000	0.698000	3.528000
-20.434124	0.445000	0.698000	3.528000
-20.432124	0.445000	0.698000	3.528000
-20.430124	0.445000	0.698000	3.528000
-20.428124	0.445000	0.698000	3.528000
-20.426124	0.445000	0.698000	3.528000
-20.424124	0.445000	0.698000	3.528000
-20.422124	0.445000	0.698000	3.528000
-20.420124	0.445000	0.698000	3.528000
-20.418124	0.445000	0.698000	3.528000
-20.416124	0.445000	0.698000	3.528000
-20.414124	0.445000	0.698000	3.528000
-20.412124	0.445000	0.698000	3.528000
-20.410124	0.445000	0.698000	3.528000
-20.408124	0.445000	0.698000	3.528000
-20.406124	0.445000	0.698000	3.528000
-20.404124	0.445000	0.698000	3.528000
-20.402124	0.445000	0.698000	3.528000
-20.400124	0.445000	0.698000	3.528000
-20.398124	0.445000	0.698000	3.528000
-20.396124	0.445000	0.698000	3.528000
-20.394124	0.445000	0.698000	3.528000
-20.392124	0.445000	0.698000	3.528000
-20.390124	0.445000	0.698000	3.528000
-20.388124	0.445000	0.698000	3.528000
-20.386124	0.445000	0.698000	3.528000
-20.384124	0.445000	0.698000	3.528000
-20.382124	0.445000	0.698000	3.528000
-20.380124	0.445000	0.698000	3.528000
-20.378124	0.445000	0.698000	3.528000
-20.376124	0.445000	0.698000	3.528000
-20.374124	0.445000	0.698000	3.528000
-20.372124	0.445000	0.698000	3.528000
-20.370124	0.445000	0.698000	3.528000
-20.368124	0.445000	0.698000	3.528000
-20.366124	0.445000	0.698000	3.528000
-20.364124	0.445000	0.698000	3.528000
-20.362124	0.445000	0.698000	3.528000
-20.360124	0.445000	0.698000	3.528000
-20.358124	0.445000	0.698000	3.528000
-20.356124	0.445000	0.698000	3.528000
-20.354124	0.445000	0.698000	3.528000
-20.352124	0.445000	0.698000	3.528000
-20.350124	0.445000	0.698000	3.528000
-20.348124	0.445000	0.698000	3.528000
-20.346124	0.445000	0.698000	3.528000
-20.344124	0.445000	0.698000	3.528000
-20.342124	0.445000	0.698000	3.528000
-20.340124	0.445000	0.698000	3.528000
-20.338124	0.445000	0.698000	3.528000
-20.336124	0.445000	0.698000	3.528000
-20.334124	0.445000	0.698000	3.528000
-20.332124	0.445000	0.698000	3.528000
-20.330124	0.445000	0.698000	3.528000
-20.328124	0.445000	0.698000	3.528000
-20.326124	0.445000	0.698000	3.528000
-20.324124	0.445000	0.698000	3.528000
-20.322124	0.445000	0.698000	3.528000
-20.320124	0.445000	0.698000	3.528000
-20.318124	0.445000	0.698000	3.528000
-20.316124	0.445000	0.698000	3.528000
-20.314124	0.445000	0.698000	3.528000
-20.312124	0.445000	0.698000	3.528000
-20.310124	0.445000	0.698000	3.528000
-20.308124	0.445000	0.698000	3.528000
-20.306124	0.445000	0.698000	3.528000
-20.304124	0.445000	0.698000	3.528000
-20.302124	0.445000	0.698000	3.528000
-20.300124	0.445000	0.698000	3.528000
-20.298124	0.445000	0.698000	3.528000
-20.296124	0.445000	0.698000	3.528000
-20.294124	0.445000	0.698000	3.528000
-20.292124	0.445000	0.698000	3.528000
-20.290124	0.445000	0.698000	3.528000
-20.288124	0.445000	0.698000	3.528000
-20.286124	0.445000	0.698000	3.528000
-20.284124	0.445000	0.698000	3.528000
-20.282124	0.445000	0.698000	3.528000
-20.280124	0.445000	0.698000	3.528000
-20.278124	0.445000	0.698000	3.528000
-20.276124	0.445000	0.698000	3.528000
-20.274124	0.445000	0.698000	3.528000
-20.272124	0.445000	0.698000	3.528000
-20.270124	0.445000	0.698000	3.528000
-20.268124	0.445000	0.698000	3.528000
-20.266124	0.445000	0.698000	3.528000
-20.264124	0.445000	0.698000	3.528000
-20.262124	0.445000	0.698000	3.528000
-20.260124	0.445000	0.698000	3.528000
-20.258124	0.445000	0.698000	3.528000
-20.256124	0.445000	0.698000	3.528000
-20.254124	0.445000	0.698000	3.528000
-20.252124	0.445000	0.698000	3.528000
-20.250124	0.445000	0.698000	3.528000
-20.248124	0.445000	0.698000	3.528000
-20.246124	0.445000	0.698000	3.528000
-20.244124	0.445000	0.698000	3.528000
-20.242124	0.445000	0.698000	3.528000
-20.240124	0.445000	0.698000	3.528000
-20.238124	0.445000	0.698000	3.528000
-20.236124	0.445000	0.698000	3.528000
-20.234124	0.445000	0.698000	3.528000
-20.232124	0.445000	0.698000	3.528000
-20.230124	0.445000	0.698000	3.528000
-20.228124	0.445000	0.698000	3.528000
-20.226124	0.445000	0.698000	3.528000
-20.224124	0.445000	0.698000	3.528000
-20.222124	0.445000	0.698000	3.528000
-20.220124	0.445000	0.698000	3.528000
-20.218124	0.445000	0.698000	3.528000
-20.216124	0.445000	0.698000	3.528000
-20.214124	0.445000	0.698000	3.528000
-20.212124	0.445000	0.698000	3.528000
-20.210124	0.445000	0.698000	3.528000
-20.208124	0.445000	0.698000	3.528000
-20.206124	0.445000	0.698000	3.528000
-20.204124	0.445000	0.698000	3.528000
-20.202124	0.445000	0.698000	3.528000
-20.200124	0.445000	0.698000	3.528000
-20.198124	0.445000	0.698000	3.528000
-20.196124	0.445000	0.698000	3.528000
-20.194124	0.445000	0.698000	3.528000
-20.192124	0.445000	0.698000	3.528000
-20.190124	0.445000	0.698000	3.528000
-20.188124	0.445000	0.698000	3.528000
-20.186124	0.445000	0.698000	3.528000
-20.184124	0.445000	0.698000	3.528000
-20.182124	0.445000	0.698000	3.528000
-20.180124	0.445000	0.698000	3.528000
-20.178124	0.445000	0.698000	3.528000
-20.176124	0.445000	0.698000	3.528000
-20.174124	0.445000	0.698000	3.528000
-20.172124	0.445000	0.698000	3.528000
-20.170124	0.445000	0.698000	3.528000
-20.168124	0.445000	0.698000	3.528000
-20.166124	0.445000	0.698000	3.528000
-20.164124	0.445000	0.698000	3.528000
-20.162124	0.445000	0.698000	3.528000
-20.160124	0.445000	0.698000	3.528000
-20.158124	0.445000	0.698000	3.528000
-20.156124	0.445000	0.698000	3.528000
-20.154124	0.445000	0.698000	3.528000
-20.152124	0.445000	0.698000	3.528000
-20.150124	0.445000	0.698000	3.528000
-20.148124	0.445000	0.698000	3.528000
-20.146124	0.445000	0.698000	3.528000
-20.144124	0.445000	0.698000	3.528000
-20.142124	0.445000	0.698000	3.528000
-20.140124	0.445000	0.698000	3.528000
-20.138124	0.445000	0.698000	3.528000
-20.136124	0.445000	0.698000	3.528000
-20.134124	0.445000	0.698000	3.528000
-20.132124	0.445000	0.698000	3.528000
-20.130124	0.445000	0.698000	3.528000
-20.128124	0.445000	0.698000	3.528000
-20.126124	0.445000	0.698000	3.528000
-20.124124	0.445000	0.698000	3.528000
-20.122124	0.445000	0.698000	3.528000
-20.120124	0.445000	0.698000	3.528000
-20.118124	0.445000	0.698000	3.528000
-20.116124	0.445000	0.698000	3.528000
-20.114124	0.445000	0.698000	3.528000
-20.112124	0.445000	0.698000	3.528000
-20.110124	0.445000	0.698000	3.528000
-20.108124	0.445000	0.698000	3.528000
-20.106124	0.445000	0.698000	3.528000
-20.104124	0.445000	0.698000	3.528000
-20.102124	0.445000	0.698000	3.528000
-20.100124	0.445000	0.698000	3.528000
-20.098124	0.445000	0.698000	3.528000
-20.096124	0.445000	0.698000	3.528000
-20.094124	0.445000	0.698000	3.528000
-20.092124	0.445000	0.698000	3.528000
-20.090124	0.445000	0.698000	3.528000
-20.088124	0.445000	0.698000	3.528000
-20.086124	0.445000	0.698000	3.528000
-20.084124	0.445000	0.698000	3.528000
-20.082124	0.445000	0.698000	3.528000
-20.080124	0.445000	0.698000	3.528000
-20.078124	0.445000	0.698000	3.528000
-20.076124	0.445000	0.698000	3.528000
-20.074124	0.445000	0.698000	3.528000
-20.072124	0.445000	0.698000	3.528000
-20.070124	0.445000	0.698000	3.528000
-20.068124	0.445000	0.698000	3.528000
-20.066124	0.445000	0.698000	3.528000
-20.064124	0.445000	0.698000	3.528000
-20.062124	0.445000	0.698000	3.528000
-20.060124	0.445000	0.698000	3.528000
-20.058124	0.445000	0.698000	3.528000
-20.056124	0.445000	0.698000	3.528000
-20.054124	0.445000	0.698000	3.528000
-20.052124	0.445000	0.698000	3.528000
-20.050124	0.445000	0.698000	3.528000
-20.048124	0.445000	0.698000	3.528000
-20.046124	0.445000	0.698000	3.528000
-20.044124	0.445000	0.698000	3.528000
-20.042124	0.445000	0.698000	3.528000
-20.040124	0.445000	0.698000	3.528000
-20.038124	0.445000	0.698000	3.528000
-20.036124	0.445000	0.698000	3.528000
-20.034124	0.445000	0.698000	3.528000
-20.032124	0.445000	0.698000	3.528000
-20.030124	0.445000	0.698000	3.528000
-20.028124	0.445000	0.698000	3.528000
-20.026124	0.445000	0.698000	3.528000
-20.024124	0.445000	0.698000	3.528000
-20.022124	0.445000	0.698000	3.528000
-20.020124	0.445000	0.698000	3.528000
-20.018124	0.445000	0.698000	3.528000
-20.016124	0.445000	0.698000	3.528000
-20.014124	0.445000	0.698000	3.528000
-20.012124	0.445000	0.698000	3.528000
-20.010124	0.445000	0.698000	3.528000
-20.008124	0.445000	0.698000	3.528000
-20.006124	0.445000	0.698000	3.528000
-20.004124	0.445000	0.698000	3.528000
-20.002124	0.445000	0.698000	3.528000
-20.000124	0.445000	0.698000	3.528000
-19.998124	0.445000	0.698000	3.528000
-19.996124	0.445000	0.698000	3.528000
-19.994124	0.445000	0.698000	3.528000
-19.992124	0.445000	0.698000	3.528000
-19.990124	0.445000	0.698000	3.528000
-19.988124	0.445000	0.698000	3.528000
-19.986124	0.445000	0.698000	3.528000
-19.984124	0.445000	0.698000	3.528000
-19.982124	0.445000	0.698000	3.528000
-19.980124	0.445000	0.698000	3.528000
-19.978124	0.445000	0.698000	3.528000
-19.976124	0.445000	0.698000	3.528000
-19.974124	0.445000	0.698000	3.528000
-19.972124	0.445000	0.698000	3.528000
-19.970124	0.445000	0.698000	3.528000
-19.968124	0.445000	0.698000	3.528000
-19.966124	0.445000	0.698000	3.528000
-19.964124	0.445000	0.698000	3.528000
-19.962124	0.445000	0.698000	3.528000
-19.960124	0.445000	0.698000	3.528000
-19.958124	0.445000	0.698000	3.528000
-19.956124	0.445000	0.698000	3.528000
-19.954124	0.445000	0.698000	3.528000
-19.952124	0.445000	0.698000	3.528000
-19.950124	0.445000	0.698000	3.528000
-19.948124	0.445000	0.698000	3.528000
-19.946124	0.445000	0.698000	3.528000
-19.944124	0.445000	0.698000	3.528000
-19.942124	0.445000	0.698000	3.528000
-19.940124	0.445000	0.698000	3.528000
-19.938124	0.445000	0.698000	3.528000
-19.936124	0.445000	0.698000	3.528000
-19.934124	0.445000	0.698000	3.528000
-19.932124	0.445000	0.698000	3.528000
-19.930124	0.445000	0.698000	3.528000
-19.928124	0.445000	0.698000	3.528000
-19.926124	0.445000	0.698000	3.528000
-19.924124	0.445000	0.698000	3.528000
-19.922124	0.445000	0.698000	3.528000
-19.920124	0.445000	0.698000	3.528000
-19.918124	0.445000	0.698000	3.528000
-19.916124	0.445000	0.698000	3.528000
-19.914124	0.445000	0.698000	3.528000
-19.912124	0.445000	0.698000	3.528000
-19.910124	0.445000	0.698000	3.528000
-19.908124	0.445000	0.698000	3.528000
-19.906124	0.445000	0.698000	3.528000
-19.904124	0.445000	0.698000	3.528000
-19.902124	0.445000	0.698000	3.528000
-19.900124	0.445000	0.698000	3.528000
-19.898124	0.445000	0.698000	3.528000
-19.896124	0.445000	0.698000	3.528000
-19.894124	0.445000	0.698000	3.528000
-19.892124	0.445000	0.698000	3.528000
-19.890124	0.445000	0.698000	3.528000
-19.888124	0.445000	0.698000	3.528000
-19.886124	0.445000	0.698000	3.528000
-19.884124	0.445000	0.698000	3.528000
-19.882124	0.445000	0.698000	3.528000
-19.880124	0.445000	0.698000	3.528000
-19.878124	0.445000	0.698000	3.528000
-19.876124	0.445000	0.698000	3.528000
-19.874124	0.445000	0.698000	3.528000
-19.872124	0.445000	0.698000	3.528000
-19.870124	0.445000	0.698000	3.528000
-19.868124	0.445000	0.698000	3.528000
-19.866124	0.445000	0.698000	3.528000
-19.864124	0.445000	0.698000	3.528000
-19.862124	0.445000	0.698000	3.528000
-19.860124	0.445000	0.698000	3.528000
-19.858124	0.445000	0.698000	3.528000
-19.856124	0.445000	0.698000	3.528000
-19.854124	0.445000	0.698000	3.528000
-19.852124	0.445000	0.698000	3.528000
-19.850124	0.445000	0.698000	3.528000
-19.848124	0.445000	0.698000	3.528000
-19.846124	0.445000	0.698000	3.528000
-19.844124	0.445000	0.698000	3.528000
-19.842124	0.445000	0.698000	3.528000
-19.840124	0.445000	0.698000	3.528000
-19.838124	0.445000	0.698000	3.528000
-19.836124	0.445000	0.698000	3.528000
-19.834124	0.445000	0.698000	3.528000
-19.832124	0.445000	0.698000	3.528000
-19.830124	0.445000	0.698000	3.528000
-19.828124	0.445000	0.698000	3.528000
-19.826124	0.445000	0.698000	3.528000
-19.824124	0.445000	0.698000	3.528000
-19.822124	0.445000	0.698000	3.528000
-19.820124	0.445000	0.698000	3.528000
-19.818124	0.445000	0.698000	3.528000
-19.816124	0.445000	0.698000	3.528000
-19.814124	0.445000	0.698000	3.528000
-19.812124	0.445000	0.698000	3.528000
-19.810124	0.445000	0.698000	3.528000
-19.808124	0.445000	0.698000	3.528000
-19.806124	0.445000	0.698000	3.528000
-19.804124	0.445000	0.698000	3.528000
-19.802124	0.445000	0.698000	3.528000
-19.800124	0.445000	0.698000	3.528000
-19.798124	0.445000	0.698000	3.528000
-19.796124	0.445000	0.698000	3.528000
-19.794124	0.445000	0.698000	3.528000
-19.792124	0.445000	0.698000	3.528000
-19.790124	0.445000	0.698000	3.528000
-19.788124	0.445000	0.698000	3.528000
-19.786124	0.445000	0.698000	3.528000
-19.784124	0.445000	0.698000	3.528000
-19.782124	0.445000	0.698000	3.528000
-19.780124	0.445000	0.698000	3.528000
-19.778124	0.445000	0.698000	3.528000
-19.776124	0.445000	0.698000	3.528000
-19.774124	0.445000	0.698000	3.528000
-19.772124	0.445000	0.698000	3.528000
-19.770124	0.445000	0.698000	3.528000
-19.768124	0.445000	0.698000	3.528000
-19.766124	0.445000	0.698000	3.528000
-19.764124	0.445000	0.698000	3.528000
-19.762124	0.445000	0.698000	3.528000
-19.760124	0.445000	0.698000	3.528000
-19.758124	0.445000	0.698000	3.528000
-19.756124	0.445000	0.698000	3.528000
-19.754124	0.445000	0.698000	3.528000
-19.752124	0.445000	0.698000	3.528000
-19.750124	0.445000	0.698000	3.528000
-19.748124	0.445000	0.698000	3.528000
-19.746124	0.445000	0.698000	3.528000
-19.744124	0.445000	0.698000	3.528000
-19.742124	0.445000	0.698000	3.528000
-19.740124	0.445000	0.698000	3.528000
-19.738124	0.445000	0.698000	3.528000
-19.736124	0.445000	0.698000	3.528000
-19.734124	0.445000	0.698000	3.528000
-19.732124	0.445000	0.698000	3.528000
-19.730124	0.445000	0.698000	3.528000
-19.728124	0.445000	0.698000	3.528000
-19.726124	0.445000	0.698000	3.528000
-19.724124	0.445000	0.698000	3.528000
-19.722124	0.445000	0.698000	3.528000
-19.720124	0.445000	0.698000	3.528000
-19.718124	0.445000	0.698000	3.528000
-19.716124	0.445000	0.698000	3.528000
-19.714124	0.445000	0.698000	3.528000
-19.712124	0.445000	0.698000	3.528000
-19.710124	0.445000	0.698000	3.528000
-19.708124	0.445000	0.698000	3.528000
-19.706124	0.445000	0.698000	3.528000
-19.704124	0.445000	0.698000	3.528000
-19.702124	0.445000	0.698000	3.528000
-19.700124	0.445000	0.698000	3.528000
-19.698124	0.445000	0.698000	3.528000
-19.696124	0.445000	0.698000	3.528000
-19.694124	0.445000	0.698000	3.528000
-19.692124	0.445000	0.698000	3.528000
-19.690124	0.445000	0.698000	3.528000
-19.688124	0.445000	0.698000	3.528000
-19.686124	0.445000	0.698000	3.528000
-19.684124	0.445000	0.698000	3.528000
-19.682124	0.445000	0.698000	3.528000
-19.680124	0.445000	0.698000	3.528000
-19.678124	0.445000	0.698000	3.528000
-19.676124	0.445000	0.698000	3.528000
-19.674124	0.445000	0.698000	3.528000
-19.672124	0.445000	0.698000	3.528000
-19.670124	0.445000	0.698000	3.528000
-19.668124	0.445000	0.698000	3.528000
-19.666124	0.445000	0.698000	3.528000
-19.664124	0.445000	0.698000	3.528000
-19.662124	0.445000	0.698000	3.528000
-19.660124	0.445000	0.698000	3.528000
-19.658124	0.445000	0.698000	3.528000
-19.656124	0.445000	0.698000	3.528000
-19.654124	0.445000	0.698000	3.528000
-19.652124	0.445000	0.698000	3.528000
-19.650124	0.445000	0.698000	3.528000
-19.648124	0.445000	0.698000	3.528000
-19.646124	0.445000	0.698000	3.528000
-19.644124	0.445000	0.698000	3.528000
-19.642124	0.445000	0.698000	3.528000
-19.640124	0.445000	0.698000	3.528000
-19.638124	0.445000	0.698000	3.528000
-19.636124	0.445000	0.698000	3.528000
-19.634124	0.445000	0.698000	3.528000
-19.632124	0.445000	0.698000	3.528000
-19.630124	0.445000	0.698000	3.528000
-19.628124	0.445000	0.698000	3.528000
-19.626124	0.445000	0.698000	3.528000
-19.624124	0.445000	0.698000	3.528000
-19.622124	0.445000	0.698000	3.528000
-19.620124	0.445000	0.698000	3.528000
-19.618124	0.445000	0.698000	3.528000
-19.616124	0.445000	0.698000	3.528000
-19.614124	0.445000	0.698000	3.528000
-19.612124	0.445000	0.698000	3.528000
-19.610124	0.445000	0.698000	3.528000
-19.608124	0.445000	0.698000	3.528000
-19.606124	0.445000	0.698000	3.528000
-19.604124	0.445000	0.698000	3.528000
-19.602124	0.445000	0.698000	3.528000
-19.600124	0.445000	0.698000	3.528000
-19.598124	0.445000	0.698000	3.528000
-19.596124	0.445000	0.698000	3.528000
-19.594124	0.445000	0.698000	3.528000
-19.592124	0.445000	0.698000	3.528000
-19.590124	0.445000	0.698000	3.528000
-19.588124	0.445000	0.698000	3.528000
-19.586124	0.445000	0.698000	3.528000
-19.584124	0.445000	0.698000	3.528000
-19.582124	0.445000	0.698000	3.528000
-19.580124	0.445000	0.698000	3.528000
-19.578124	0.445000	0.698000	3.528000
-19.576124	0.445000	0.698000	3.528000
-19.574124	0.445000	0.698000	3.528000
-19.572124	0.445000	0.698000	3.528000
-19.570124	0.445000	0.698000	3.528000
-19.568124	0.445000	0.698000	3.528000
-19.566124	0.445000	0.698000	3.528000
-19.564124	0.445000	0.698000	3.528000
-19.562124	0.445000	0.698000	3.528000
-19.560124	0.445000	0.698000	3.528000
-19.558124	0.445000	0.698000	3.528000
-19.556124	0.445000	0.698000	3.528000
-19.554124	0.445000	0.698000	3.528000
-19.552124	0.445000	0.698000	3.528000
-19.550124	0.445000	0.698000	3.528000
-19.548124	0.445000	0.698000	3.528000
-19.546124	0.445000	0.698000	3.528000
-19.544124	0.445000	0.698000	3.528000
-19.542124	0.445000	0.698000	3.528000
-19.540124	0.445000	0.698000	3.528000
-19.538124	0.445000	0.698000	3.528000
-19.536124	0.445000	0.698000	3.528000
-19.534124	0.445000	0.698000	3.528000
-19.532124	0.445000	0.698000	3.528000
-19.530124	0.445000	0.698000	3.528000
-19.528124	0.445000	0.698000	3.528000
-19.526124	0.445000	0.698000	3.528000
-19.524124	0.445000	0.698000	3.528000
-19.522124	0.445000	0.698000	3.528000
-19.520124	0.445000	0.698000	3.528000
-19.518124	0.445000	0.698000	3.528000
-19.516124	0.445000	0.698000	3.528000
-19.514124	0.445000	0.698000	3.528000
-19.512124	0.445000	0.698000	3.528000
-19.510124	0.445000	0.698000	3.528000
-19.508124	0.445000	0.698000	3.528000
-19.506124	0.445000	0.698000	3.528000
-19.504124	0.445000	0.698000	3.528000
-19.502124	0.445000	0.698000	3.528000
-19.500124	0.445000	0.698000	3.528000
-19.498124	0.445000	0.698000	3.528000
-19.496124	0.445000	0.698000	3.528000
-19.494124	0.445000	0.698000	3.528000
-19.492124	0.445000	0.698000	3.528000
-19.490124	0.445000	0.698000	3.528000
-19.488124	0.445000	0.698000	3.528000
-19.486124	0.445000	0.698000	3.528000
-19.484124	0.445000	0.698000	3.528000
-19.482124	0.445000	0.698000	3.528000
-19.480124	0.445000	0.698000	3.528000
-19.478124	0.445000	0.698000	3.528000
-19.476124	0.445000	0.698000	3.528000
-19.474124	0.445000	0.698000	3.528000
-19.472124	0.445000	0.698000	3.528000
-19.470124	0.445000	0.698000	3.528000
-19.468124	0.445000	0.698000	3.528000
-19.466124	0.445000	0.698000	3.528000
-19.464124	0.445000	0.698000	3.528000
-19.462124	0.445000	0.698000	3.528000
-19.460124	0.445000	0.698000	3.528000
-19.458124	0.445000	0.698000	3.528000
-19.456124	0.445000	0.698000	3.528000
-19.454124	0.445000	0.698000	3.528000
-19.452124	0.445000	0.698000	3.528000
-19.450124	0.445000	0.698000	3.528000
-19.448124	0.445000	0.698000	3.528000
-19.446124	0.445000	0.698000	3.528000
-19.444124	0.445000	0.698000	3.528000
-19.442124	0.445000	0.698000	3.528000
-19.440124	0.445000	0.698000	3.528000
-19.438124	0.445000	0.698000	3.528000
-19.436124	0.445000	0.698000	3.528000
-19.434124	0.445000	0.698000	3.528000
-19.432124	0.445000	0.698000	3.528000
-19.430124	0.445000	0.698000	3.528000
-19.428124	0.445000	0.698000	3.528000
-19.426124	0.445000	0.698000	3.528000
-19.424124	0.445000	0.698000	3.528000
-19.422124	0.445000	0.698000	3.528000
-19.420124	0.445000	0.698000	3.528000
-19.418124	0.445000	0.698000	3.528000
-19.416124	0.445000	0.698000	3.528000
-19.414124	0.445000	0.698000	3.528000
-19.412124	0.445000	0.698000	3.528000
-19.410124	0.445000	0.698000	3.528000
-19.408124	0.445000	0.698000	3.528000
-19.406124	0.445000	0.698000	3.528000
-19.404124	0.445000	0.698000	3.528000
-19.402124	0.445000	0.698000	3.528000
-19.400124	0.445000	0.698000	3.528000
-19.398124	0.445000	0.698000	3.528000
-19.396124	0.445000	0.698000	3.528000
-19.394124	0.445000	0.698000	3.528000
-19.392124	0.445000	0.698000	3.528000
-19.390124	0.445000	0.698000	3.528000
-19.388124	0.445000	0.698000	3.528000
-19.386124	0.445000	0.698000	3.528000
-19.384124	0.445000	0.698000	3.528000
-19.382124	0.445000	0.698000	3.528000
-19.380124	0.445000	0.698000	3.528000
-19.378124	0.445000	0.698000	3.528000
-19.376124	0.445000	0.698000	3.528000
-19.374124	0.445000	0.698000	3.528000
-19.372124	0.445000	0.698000	3.528000
-19.370124	0.445000	0.698000	3.528000
-19.368124	0.445000	0.698000	3.528000
-19.366124	0.445000	0.698000	3.528000
-19.364124	0.445000	0.698000	3.528000
-19.362124	0.445000	0.698000	3.528000
-19.360124	0.445000	0.698000	3.528000
-19.358124	0.445000	0.698000	3.528000
-19.356124	0.445000	0.698000	3.528000
-19.354124	0.445000	0.698000	3.528000
-19.352124	0.445000	0.698000	3.528000
-19.350124	0.445000	0.698000	3.528000
-19.348124	0.445000	0.698000	3.528000
-19.346124	0.445000	0.698000	3.528000
-19.344124	0.445000	0.698000	3.528000
-19.342124	0.445000	0.698000	3.528000
-19.340124	0.445000	0.698000	3.528000
-19.338124	0.445000	0.698000	3.528000
-19.336124	0.445000	0.698000	3.528000
-19.334124	0.445000	0.698000	3.528000
-19.332124	0.445000	0.698000	3.528000
-19.330124	0.445000	0.698000	3.528000
-19.328124	0.445000	0.698000	3.528000
-19.326124	0.445000	0.698000	3.528000
-19.324124	0.445000	0.698000	3.528000
-19.322124	0.445000	0.698000	3.528000
-19.320124	0.445000	0.698000	3.528000
-19.318124	0.445000	0.698000	3.528000
-19.316124	0.445000	0.698000	3.528000
-19.314124	0.445000	0.698000	3.528000
-19.312124	0.445000	0.698000	3.528000
-19.310124	0.445000	0.698000	3.528000
-19.308124	0.445000	0.698000	3.528000
-19.306124	0.445000	0.698000	3.528000
-19.304124	0.445000	0.698000	3.528000
-19.302124	0.445000	0.698000	3.528000
-19.300124	0.445000	0.698000	3.528000
-19.298124	0.445000	0.698000	3.528000
-19.296124	0.445000	0.698000	3.528000
-19.294124	0.445000	0.698000	3.528000
-19.292124	0.445000	0.698000	3.528000
-19.290124	0.445000	0.698000	3.528000
-19.288124	0.445000	0.698000	3.528000
-19.286124	0.445000	0.698000	3.528000
-19.284124	0.445000	0.698000	3.528000
-19.282124	0.445000	0.698000	3.528000
-19.280124	0.445000	0.698000	3.528000
-19.278124	0.445000	0.698000	3.528000
-19.276124	0.445000	0.698000	3.528000
-19.274124	0.445000	0.698000	3.528000
-19.272124	0.445000	0.698000	3.528000
-19.270124	0.445000	0.698000	3.528000
-19.268124	0.445000	0.698000	3.528000
-19.266124	0.445000	0.698000	3.528000
-19.264124	0.445000	0.698000	3.528000
-19.262124	0.445000	0.698000	3.528000
-19.260124	0.445000	0.698000	3.528000
-19.258124	0.445000	0.698000	3.528000
-19.256124	0.445000	0.698000	3.528000
-19.254124	0.445000	0.698000	3.528000
-19.252124	0.445000	0.698000	3.528000
-19.250124	0.445000	0.698000	3.528000
-19.248124	0.445000	0.698000	3.528000
-19.246124	0.445000	0.698000	3.528000
-19.244124	0.445000	0.698000	3.528000
-19.242124	0.445000	0.698000	3.528000
-19.240124	0.445000	0.698000	3.528000
-19.238124	0.445000	0.698000	3.528000
-19.236124	0.445000	0.698000	3.528000
-19.234124	0.445000	0.698000	3.528000
-19.232124	0.445000	0.698000	3.528000
-19.230124	0.445000	0.698000	3.528000
-19.228124	0.445000	0.698000	3.528000
-19.226124	0.445000	0.698000	3.528000
-19.224124	0.445000	0.698000	3.528000
-19.222124	0.445000	0.698000	3.528000
-19.220124	0.445000	0.698000	3.528000
-19.218124	0.445000	0.698000	3.528000
-19.216124	0.445000	0.698000	3.528000
-19.214124	0.445000	0.698000	3.528000
-19.212124	0.445000	0.698000	3.528000
-19.210124	0.445000	0.698000	3.528000
-19.208124	0.445000	0.698000	3.528000
-19.206124	0.445000	0.698000	3.528000
-19.204124	0.445000	0.698000	3.528000
-19.202124	0.445000	0.698000	3.528000
-19.200124	0.445000	0.698000	3.528000
-19.198124	0.445000	0.698000	3.528000
-19.196124	0.445000	0.698000	3.528000
-19.194124	0.445000	0.698000	3.528000
-19.192124	0.445000	0.698000	3.528000
-19.190124	0.445000	0.698000	3.528000
-19.188124	0.445000	0.698000	3.528000
-19.186124	0.445000	0.698000	3.528000
-19.184124	0.445000	0.698000	3.528000
-19.182124	0.445000	0.698000	3.528000
-19.180124	0.445000	0.698000	3.528000
-19.178124	0.445000	0.698000	3.528000
-19.176124	0.445000	0.698000	3.528000
-19.174124	0.445000	0.698000	3.528000
-19.172124	0.445000	0.698000	3.528000
-19.170124	0.445000	0.698000	3.528000
-19.168124	0.445000	0.698000	3.528000
-19.166124	0.445000	0.698000	3.528000
-19.164124	0.445000	0.698000	3.528000
-19.162124	0.445000	0.698000	3.528000
-19.160124	0.445000	0.698000	3.528000
-19.158124	0.445000	0.698000	3.528000
-19.156124	0.445000	0.698000	3.528000
-19.154124	0.445000	0.698000	3.528000
-19.152124	0.445000	0.698000	3.528000
-19.150124	0.445000	0.698000	3.528000
-19.148124	0.445000	0.698000	3.528000
-19.146124	0.445000	0.698000	3.528000
-19.144124	0.445000	0.698000	3.528000
-19.142124	0.445000	0.698000	3.528000
-19.140124	0.445000	0.698000	3.528000
-19.138124	0.445000	0.698000	3.528000
-19.136124	0.445000	0.698000	3.528000
-19.134124	0.445000	0.698000	3.528000
-19.132124	0.445000	0.698000	3.528000
-19.130124	0.445000	0.698000	3.528000
-19.128124	0.445000	0.698000	3.528000
-19.126124	0.445000	0.698000	3.528000
-19.124124	0.445000	0.698000	3.528000
-19.122124	0.445000	0.698000	3.528000
-19.120124	0.445000	0.698000	3.528000
-19.118124	0.445000	0.698000	3.528000
-19.116124	0.445000	0.698000	3.528000
-19.114124	0.445000	0.698000	3.528000
-19.112124	0.445000	0.698000	3.528000
-19.110124	0.445000	0.698000	3.528000
-19.108124	0.445000	0.698000	3.528000
-19.106124	0.445000	0.698000	3.528000
-19.104124	0.445000	0.698000	3.528000
-19.102124	0.445000	0.698000	3.528000
-19.100124	0.445000	0.698000	3.528000
-19.098124	0.445000	0.698000	3.528000
-19.096124	0.445000	0.698000	3.528000
-19.094124	0.445000	0.698000	3.528000
-19.092124	0.445000	0.698000	3.528000
-19.090124	0.445000	0.698000	3.528000
-19.088124	0.445000	0.698000	3.528000
-19.086124	0.445000	0.698000	3.528000
-19.084124	0.445000	0.698000	3.528000
-19.082124	0.445000	0.698000	3.528000
-19.080124	0.445000	0.698000	3.528000
-19.078124	0.445000	0.698000	3.528000
-19.076124	0.445000	0.698000	3.528000
-19.074124	0.445000	0.698000	3.528000
-19.072124	0.445000	0.698000	3.528000
-19.070124	0.445000	0.698000	3.528000
-19.068124	0.445000	0.698000	3.528000
-19.066124	0.445000	0.698000	3.528000
-19.064124	0.445000	0.698000	3.528000
-19.062124	0.445000	0.698000	3.528000
-19.060124	0.445000	0.698000	3.528000
-19.058124	0.445000	0.698000	3.528000
-19.056124	0.445000	0.698000	3.528000
-19.054124	0.445000	0.698000	3.528000
-19.052124	0.445000	0.698000	3.528000
-19.050124	0.445000	0.698000	3.528000
-19.048124	0.445000	0.698000	3.528000
-19.046124	0.445000	0.698000	3.528000
-19.044124	0.445000	0.698000	3.528000
-19.042124	0.445000	0.698000	3.528000
-19.040124	0.445000	0.698000	3.528000
-19.038124	0.445000	0.698000	3.528000
-19.036124	0.445000	0.698000	3.528000
-19.034124	0.445000	0.698000	3.528000
-19.032124	0.445000	0.698000	3.528000
-19.030124	0.445000	0.698000	3.528000
-19.028124	0.445000	0.698000	3.528000
-19.026124	0.445000	0.698000	3.528000
-19.024124	0.445000	0.698000	3.528000
-19.022124	0.445000	0.698000	3.528000
-19.020124	0.445000	0.698000	3.528000
-19.018124	0.445000	0.698000	3.528000
-19.016124	0.445000	0.698000	3.528000
-19.014124	0.445000	0.698000	3.528000
-19.012124	0.445000	0.698000	3.528000
-19.010124	0.445000	0.698000	3.528000
-19.008124	0.445000	0.698000	3.528000
-19.006124	0.445000	0.698000	3.528000
-19.004124	0.445000	0.698000	3.528000
-19.002124	0.445000	0.698000	3.528000
-19.000124	0.445000	0.698000	3.528000
-18.998124	0.445000	0.698000	3.528000
-18.996124	0.445000	0.698000	3.528000
-18.994124	0.445000	0.698000	3.528000
-18.992124	0.445000	0.698000	3.528000
-18.990124	0.445000	0.698000	3.528000
-18.988124	0.445000	0.698000	3.528000
-18.986124	0.445000	0.698000	3.528000
-18.984124	0.445000	0.698000	3.528000
-18.982124	0.445000	0.698000	3.528000
-18.980124	0.445000	0.698000	3.528000
-18.978124	0.445000	0.698000	3.528000
-18.976124	0.445000	0.698000	3.528000
-18.974124	0.445000	0.698000	3.528000
-18.972124	0.445000	0.698000	3.528000
-18.970124	0.445000	0.698000	3.528000
-18.968124	0.445000	0.698000	3.528000
-18.966124	0.445000	0.698000	3.528000
-18.964124	0.445000	0.698000	3.528000
-18.962124	0.445000	0.698000	3.528000
-18.960124	0.445000	0.698000	3.528000
-18.958124	0.445000	0.698000	3.528000
-18.956124	0.445000	0.698000	3.528000
-18.954124	0.445000	0.698000	3.528000
-18.952124	0.445000	0.698000	3.528000
-18.950124	0.445000	0.698000	3.528000
-18.948124	0.445000	0.698000	3.528000
-18.946124	0.445000	0.698000	3.528000
-18.944124	0.445000	0.698000	3.528000
-18.942124	0.445000	0.698000	3.528000
-18.940124	0.445000	0.698000	3.528000
-18.938124	0.445000	0.698000	3.528000
-18.936124	0.445000	0.698000	3.528000
-18.934124	0.445000	0.698000	3.528000
-18.932124	0.445000	0.698000	3.528000
-18.930124	0.445000	0.698000	3.528000
-18.928124	0.445000	0.698000	3.528000
-18.926124	0.445000	0.698000	3.528000
-18.924124	0.445000	0.698000	3.528000
-18.922124	0.445000	0.698000	3.528000
-18.920124	0.445000	0.698000	3.528000
-18.918124	0.445000	0.698000	3.528000
-18.916124	0.445000	0.698000	3.528000
-18.914124	0.445000	0.698000	3.528000
-18.912124	0.445000	0.698000	3.528000
-18.910124	0.445000	0.698000	3.528000
-18.908124	0.445000	0.698000	3.528000
-18.906124	0.445000	0.698000	3.528000
-18.904124	0.445000	0.698000	3.528000
-18.902124	0.445000	0.698000	3.528000
-18.900124	0.445000	0.698000	3.528000
-18.898124	0.445000	0.698000	3.528000
-18.896124	0.445000	0.698000	3.528000
-18.894124	0.445000	0.698000	3.528000
-18.892124	0.445000	0.698000	3.528000
-18.890124	0.445000	0.698000	3.528000
-18.888124	0.445000	0.698000	3.528000
-18.886124	0.445000	0.698000	3.528000
-18.884124	0.445000	0.698000	3.528000
-18.882124	0.445000	0.698000	3.528000
-18.880124	0.445000	0.698000	3.528000
-18.878124	0.445000	0.698000	3.528000
-18.876124	0.445000	0.698000	3.528000
-18.874124	0.445000	0.698000	3.528000
-18.872124	0.445000	0.698000	3.528000
-18.870124	0.445000	0.698000	3.528000
-18.868124	0.445000	0.698000	3.528000
-18.866124	0.445000	0.698000	3.528000
-18.864124	0.445000	0.698000	3.528000
-18.862124	0.445000	0.698000	3.528000
-18.860124	0.445000	0.698000	3.528000
-18.858124	0.445000	0.698000	3.528000
-18.856124	0.445000	0.698000	3.528000
-18.854124	0.445000	0.698000	3.528000
-18.852124	0.445000	0.698000	3.528000
-18.850124	0.445000	0.698000	3.528000
-18.848124	0.445000	0.698000	3.528000
-18.846124	0.445000	0.698000	3.528000
-18.844124	0.445000	0.698000	3.528000
-18.842124	0.445000	0.698000	3.528000
-18.840124	0.445000	0.698000	3.528000
-18.838124	0.445000	0.698000	3.528000
-18.836124	0.445000	0.698000	3.528000
-18.834124	0.445000	0.698000	3.528000
-18.832124	0.445000	0.698000	3.528000
-18.830124	0.445000	0.698000	3.528000
-18.828124	0.445000	0.698000	3.528000
-18.826124	0.445000	0.698000	3.528000
-18.824124	0.445000	0.698000	3.528000
-18.822124	0.445000	0.698000	3.528000
-18.820124	0.445000	0.698000	3.528000
-18.818124	0.445000	0.698000	3.528000
-18.816124	0.445000	0.698000	3.528000
-18.814124	0.445000	0.698000	3.528000
-18.812124	0.445000	0.698000	3.528000
-18.810124	0.445000	0.698000	3.528000
-18.808124	0.445000	0.698000	3.528000
-18.806124	0.445000	0.698000	3.528000
-18.804124	0.445000	0.698000	3.528000
-18.802124	0.445000	0.698000	3.528000
-18.800124	0.445000	0.698000	3.528000
-18.798124	0.445000	0.698000	3.528000
-18.796124	0.445000	0.698000	3.528000
-18.794124	0.445000	0.698000	3.528000
-18.792124	0.445000	0.698000	3.528000
-18.790124	0.445000	0.698000	3.528000
-18.788124	0.445000	0.698000	3.528000
-18.786124	0.445000	0.698000	3.528000
-18.784124	0.445000	0.698000	3.528000
-18.782124	0.445000	0.698000	3.528000
-18.780124	0.445000	0.698000	3.528000
-18.778124	0.445000	0.698000	3.528000
-18.776124	0.445000	0.698000	3.528000
-18.774124	0.445000	0.698000	3.528000
-18.772124	0.445000	0.698000	3.528000
-18.770124	0.445000	0.698000	3.528000
-18.768124	0.445000	0.698000	3.528000
-18.766124	0.445000	0.698000	3.528000
-18.764124	0.445000	0.698000	3.528000
-18.762124	0.445000	0.698000	3.528000
-18.760124	0.445000	0.698000	3.528000
-18.758124	0.445000	0.698000	3.528000
-18.756124	0.445000	0.698000	3.528000
-18.754124	0.445000	0.698000	3.528000
-18.752124	0.445000	0.698000	3.528000
-18.750124	0.445000	0.698000	3.528000
-18.748124	0.445000	0.698000	3.528000
-18.746124	0.445000	0.698000	3.528000
-18.744124	0.445000	0.698000	3.528000
-18.742124	0.445000	0.698000	3.528000
-18.740124	0.445000	0.698000	3.528000
-18.738124	0.445000	0.698000	3.528000
-18.736124	0.445000	0.698000	3.528000
-18.734124	0.445000	0.698000	3.528000
-18.732124	0.445000	0.698000	3.528000
-18.730124	0.445000	0.698000	3.528000
-18.728124	0.445000	0.698000	3.528000
-18.726124	0.445000	0.698000	3.528000
-18.724124	0.445000	0.698000	3.528000
-18.722124	0.445000	0.698000	3.528000
-18.720124	0.445000	0.698000	3.528000
-18.718124	0.445000	0.698000	3.528000
-18.716124	0.445000	0.698000	3.528000
-18.714124	0.445000	0.698000	3.528000
-18.712124	0.445000	0.698000	3.528000
-18.710124	0.445000	0.698000	3.528000
-18.708124	0.445000	0.698000	3.528000
-18.706124	0.445000	0.698000	3.528000
-18.704124	0.445000	0.698000	3.528000
-18.702124	0.445000	0.698000	3.528000
-18.700124	0.445000	0.698000	3.528000
-18.698124	0.445000	0.698000	3.528000
-18.696124	0.445000	0.698000	3.528000
-18.694124	0.445000	0.698000	3.528000
-18.692124	0.445000	0.698000	3.528000
-18.690124	0.445000	0.698000	3.528000
-18.688124	0.445000	0.698000	3.528000
-18.686124	0.445000	0.698000	3.528000
-18.684124	0.445000	0.698000	3.528000
-18.682124	0.445000	0.698000	3.528000
-18.680124	0.445000	0.698000	3.528000
-18.678124	0.445000	0.698000	3.528000
-18.676124	0.445000	0.698000	3.528000
-18.674124	0.445000	0.698000	3.528000
-18.672124	0.445000	0.698000	3.528000
-18.670124	0.445000	0.698000	3.528000
-18.668124	0.445000	0.698000	3.528000
-18.666124	0.445000	0.698000	3.528000
-18.664124	0.445000	0.698000	3.528000
-18.662124	0.445000	0.698000	3.528000
-18.660124	0.445000	0.698000	3.528000
-18.658124	0.445000	0.698000	3.528000
-18.656124	0.445000	0.698000	3.528000
-18.654124	0.445000	0.698000	3.528000
-18.652124	0.445000	0.698000	3.528000
-18.650124	0.445000	0.698000	3.528000
-18.648124	0.445000	0.698000	3.528000
-18.646124	0.445000	0.698000	3.528000
-18.644124	0.445000	0.698000	3.528000
-18.642124	0.445000	0.698000	3.528000
-18.640124	0.445000	0.698000	3.528000
-18.638124	0.445000	0.698000	3.528000
-18.636124	0.445000	0.698000	3.528000
-18.634124	0.445000	0.698000	3.528000
-18.632124	0.445000	0.698000	3.528000
-18.630124	0.445000	0.698000	3.528000
-18.628124	0.445000	0.698000	3.528000
-18.626124	0.445000	0.698000	3.528000
-18.624124	0.445000	0.698000	3.528000
-18.622124	0.445000	0.698000	3.528000
-18.620124	0.445000	0.698000	3.528000
-18.618124	0.445000	0.698000	3.528000
-18.616124	0.445000	0.698000	3.528000
-18.614124	0.445000	0.698000	3.528000
-18.612124	0.445000	0.698000	3.528000
-18.610124	0.445000	0.698000	3.528000
-18.608124	0.445000	0.698000	3.528000
-18.606124	0.445000	0.698000	3.528000
-18.604124	0.445000	0.698000	3.528000
-18.602124	0.445000	0.698000	3.528000
-18.600124	0.445000	0.698000	3.528000
-18.598124	0.445000	0.698000	3.528000
-18.596124	0.445000	0.698000	3.528000
-18.594124	0.445000	0.698000	3.528000
-18.592124	0.445000	0.698000	3.528000
-18.590124	0.445000	0.698000	3.528000
-18.588124	0.445000	0.698000	3.528000
-18.586124	0.445000	0.698000	3.528000
-18.584124	0.445000	0.698000	3.528000
-18.582124	0.445000	0.698000	3.528000
-18.580124	0.445000	0.698000	3.528000
-18.578124	0.445000	0.698000	3.528000
-18.576124	0.445000	0.698000	3.528000
-18.574124	0.445000	0.698000	3.528000
-18.572124	0.445000	0.698000	3.528000
-18.570124	0.445000	0.698000	3.528000
-18.568124	0.445000	0.698000	3.528000
-18.566124	0.445000	0.698000	3.528000
-18.564124	0.445000	0.698000	3.528000
-18.562124	0.445000	0.698000	3.528000
-18.560124	0.445000	0.698000	3.528000
-18.558124	0.445000	0.698000	3.528000
-18.556124	0.445000	0.698000	3.528000
-18.554124	0.445000	0.698000	3.528000
-18.552124	0.445000	0.698000	3.528000
-18.550124	0.445000	0.698000	3.528000
-18.548124	0.445000	0.698000	3.528000
-18.546124	0.445000	0.698000	3.528000
-18.544124	0.445000	0.698000	3.528000
-18.542124	0.445000	0.698000	3.528000
-18.540124	0.445000	0.698000	3.528000
-18.538124	0.445000	0.698000	3.528000
-18.536124	0.445000	0.698000	3.528000
-18.534124	0.445000	0.698000	3.528000
-18.532124	0.445000	0.698000	3.528000
-18.530124	0.445000	0.698000	3.528000
-18.528124	0.445000	0.698000	3.528000
-18.526124	0.445000	0.698000	3.528000
-18.524124	0.445000	0.698000	3.528000
-18.522124	0.445000	0.698000	3.528000
-18.520124	0.445000	0.698000	3.528000
-18.518124	0.445000	0.698000	3.528000
-18.516124	0.445000	0.698000	3.528000
-18.514124	0.445000	0.698000	3.528000
-18.512124	0.445000	0.698000	3.528000
-18.510124	0.445000	0.698000	3.528000
-18.508124	0.445000	0.698000	3.528000
-18.506124	0.445000	0.698000	3.528000
-18.504124	0.445000	0.698000	3.528000
-18.502124	0.445000	0.698000	3.528000
-18.500124	0.445000	0.698000	3.528000
-18.498124	0.445000	0.698000	3.528000
-18.496124	0.445000	0.698000	3.528000
-18.494124	0.445000	0.698000	3.528000
-18.492124	0.445000	0.698000	3.528000
-18.490124	0.445000	0.698000	3.528000
-18.488124	0.445000	0.698000	3.528000
-18.486124	0.445000	0.698000	3.528000
-18.484124	0.445000	0.698000	3.528000
-18.482124	0.445000	0.698000	3.528000
-18.480124	0.445000	0.698000	3.528000
-18.478124	0.445000	0.698000	3.528000
-18.476124	0.445000	0.698000	3.528000
-18.474124	0.445000	0.698000	3.528000
-18.472124	0.445000	0.698000	3.528000
-18.470124	0.445000	0.698000	3.528000
-18.468124	0.445000	0.698000	3.528000
-18.466124	0.445000	0.698000	3.528000
-18.464124	0.445000	0.698000	3.528000
-18.462124	0.445000	0.698000	3.528000
-18.460124	0.445000	0.698000	3.528000
-18.458124	0.445000	0.698000	3.528000
-18.456124	0.445000	0.698000	3.528000
-18.454124	0.445000	0.698000	3.528000
-18.452124	0.445000	0.698000	3.528000
-18.450124	0.445000	0.698000	3.528000
-18.448124	0.445000	0.698000	3.528000
-18.446124	0.445000	0.698000	3.528000
-18.444124	0.445000	0.698000	3.528000
-18.442124	0.445000	0.698000	3.528000
-18.440124	0.445000	0.698000	3.528000
-18.438124	0.445000	0.698000	3.528000
-18.436124	0.445000	0.698000	3.528000
-18.434124	0.445000	0.698000	3.528000
-18.432124	0.445000	0.698000	3.528000
-18.430124	0.445000	0.698000	3.528000
-18.428124	0.445000	0.698000	3.528000
-18.426124	0.445000	0.698000	3.528000
-18.424124	0.445000	0.698000	3.528000
-18.422124	0.445000	0.698000	3.528000
-18.420124	0.445000	0.698000	3.528000
-18.418124	0.445000	0.698000	3.528000
-18.416124	0.445000	0.698000	3.528000
-18.414124	0.445000	0.698000	3.528000
-18.412124	0.445000	0.698000	3.528000
-18.410124	0.445000	0.698000	3.528000
-18.408124	0.445000	0.698000	3.528000
-18.406124	0.445000	0.698000	3.528000
-18.404124	0.445000	0.698000	3.528000
-18.402124	0.445000	0.698000	3.528000
-18.400124	0.445000	0.698000	3.528000
-18.398124	0.445000	0.698000	3.528000
-18.396124	0.445000	0.698000	3.528000
-18.394124	0.445000	0.698000	3.528000
-18.392124	0.445000	0.698000	3.528000
-18.390124	0.445000	0.698000	3.528000
-18.388124	0.445000	0.698000	3.528000
-18.386124	0.445000	0.698000	3.528000
-18.384124	0.445000	0.698000	3.528000
-18.382124	0.445000	0.698000	3.528000
-18.380124	0.445000	0.698000	3.528000
-18.378124	0.445000	0.698000	3.528000
-18.376124	0.445000	0.698000	3.528000
-18.374124	0.445000	0.698000	3.528000
-18.372124	0.445000	0.698000	3.528000
-18.370124	0.445000	0.698000	3.528000
-18.368124	0.445000	0.698000	3.528000
-18.366124	0.445000	0.698000	3.528000
-18.364124	0.445000	0.698000	3.528000
-18.362124	0.445000	0.698000	3.528000
-18.360124	0.445000	0.698000	3.528000
-18.358124	0.445000	0.698000	3.528000
-18.356124	0.445000	0.698000	3.528000
-18.354124	0.445000	0.698000	3.528000
-18.352124	0.445000	0.698000	3.528000
-18.350124	0.445000	0.698000	3.528000
-18.348124	0.445000	0.698000	3.528000
-18.346124	0.445000	0.698000	3.528000
-18.344124	0.445000	0.698000	3.528000
-18.342124	0.445000	0.698000	3.528000
-18.340124	0.445000	0.698000	3.528000
-18.338124	0.445000	0.698000	3.528000
-18.336124	0.445000	0.698000	3.528000
-18.334124	0.445000	0.698000	3.528000
-18.332124	0.445000	0.698000	3.528000
-18.330124	0.445000	0.698000	3.528000
-18.328124	0.445000	0.698000	3.528000
-18.326124	0.445000	0.698000	3.528000
-18.324124	0.445000	0.698000	3.528000
-18.322124	0.445000	0.698000	3.528000
-18.320124	0.445000	0.698000	3.528000
-18.318124	0.445000	0.698000	3.528000
-18.316124	0.445000	0.698000	3.528000
-18.314124	0.445000	0.698000	3.528000
-18.312124	0.445000	0.698000	3.528000
-18.310124	0.445000	0.698000	3.528000
-18.308124	0.445000	0.698000	3.528000
-18.306124	0.445000	0.698000	3.528000
-18.304124	0.445000	0.698000	3.528000
-18.302124	0.445000	0.698000	3.528000
-18.300124	0.445000	0.698000	3.528000
-18.298124	0.445000	0.698000	3.528000
-18.296124	0.445000	0.698000	3.528000
-18.294124	0.445000	0.698000	3.528000
-18.292124	0.445000	0.698000	3.528000
-18.290124	0.445000	0.698000	3.528000
-18.288124	0.445000	0.698000	3.528000
-18.286124	0.445000	0.698000	3.528000
-18.284124	0.445000	0.698000	3.528000
-18.282124	0.445000	0.698000	3.528000
-18.280124	0.445000	0.698000	3.528000
-18.278124	0.445000	0.698000	3.528000
-18.276124	0.445000	0.698000	3.528000
-18.274124	0.445000	0.698000	3.528000
-18.272124	0.445000	0.698000	3.528000
-18.270124	0.445000	0.698000	3.528000
-18.268124	0.445000	0.698000	3.528000
-18.266124	0.445000	0.698000	3.528000
-18.264124	0.445000	0.698000	3.528000
-18.262124	0.445000	0.698000	3.528000
-18.260124	0.445000	0.698000	3.528000
-18.258124	0.445000	0.698000	3.528000
-18.256124	0.445000	0.698000	3.528000
-18.254124	0.445000	0.698000	3.528000
-18.252124	0.445000	0.698000	3.528000
-18.250124	0.445000	0.698000	3.528000
-18.248124	0.445000	0.698000	3.528000
-18.246124	0.445000	0.698000	3.528000
-18.244124	0.445000	0.698000	3.528000
-18.242124	0.445000	0.698000	3.528000
-18.240124	0.445000	0.698000	3.528000
-18.238124	0.445000	0.698000	3.528000
-18.236124	0.445000	0.698000	3.528000
-18.234124	0.445000	0.698000	3.528000
-18.232124	0.445000	0.698000	3.528000
-18.230124	0.445000	0.698000	3.528000
-18.228124	0.445000	0.698000	3.528000
-18.226124	0.445000	0.698000	3.528000
-18.224124	0.445000	0.698000	3.528000
-18.222124	0.445000	0.698000	3.528000
-18.220124	0.445000	0.698000	3.528000
-18.218124	0.445000	0.698000	3.528000
-18.216124	0.445000	0.698000	3.528000
-18.214124	0.445000	0.698000	3.528000
-18.212124	0.445000	0.698000	3.528000
-18.210124	0.445000	0.698000	3.528000
-18.208124	0.445000	0.698000	3.528000
-18.206124	0.445000	0.698000	3.528000
-18.204124	0.445000	0.698000	3.528000
-18.202124	0.445000	0.698000	3.528000
-18.200124	0.445000	0.698000	3.528000
-18.198124	0.445000	0.698000	3.528000
-18.196124	0.445000	0.698000	3.528000
-18.194124	0.445000	0.698000	3.528000
-18.192124	0.445000	0.698000	3.528000
-18.190124	0.445000	0.698000	3.528000
-18.188124	0.445000	0.698000	3.528000
-18.186124	0.445000	0.698000	3.528000
-18.184124	0.445000	0.698000	3.528000
-18.182124	0.445000	0.698000	3.528000
-18.180124	0.445000	0.698000	3.528000
-18.178124	0.445000	0.698000	3.528000
-18.176124	0.445000	0.698000	3.528000
-18.174124	0.445000	0.698000	3.528000
-18.172124	0.445000	0.698000	3.528000
-18.170124	0.445000	0.698000	3.528000
-18.168124	0.445000	0.698000	3.528000
-18.166124	0.445000	0.698000	3.528000
-18.164124	0.445000	0.698000	3.528000
-18.162124	0.445000	0.698000	3.528000
-18.160124	0.445000	0.698000	3.528000
-18.158124	0.445000	0.698000	3.528000
-18.156124	0.445000	0.698000	3.528000
-18.154124	0.445000	0.698000	3.528000
-18.152124	0.445000	0.698000	3.528000
-18.150124	0.445000	0.698000	3.528000
-18.148124	0.445000	0.698000	3.528000
-18.146124	0.445000	0.698000	3.528000
-18.144124	0.445000	0.698000	3.528000
-18.142124	0.445000	0.698000	3.528000
-18.140124	0.445000	0.698000	3.528000
-18.138124	0.445000	0.698000	3.528000
-18.136124	0.445000	0.698000	3.528000
-18.134124	0.445000	0.698000	3.528000
-18.132124	0.445000	0.698000	3.528000
-18.130124	0.445000	0.698000	3.528000
-18.128124	0.445000	0.698000	3.528000
-18.126124	0.445000	0.698000	3.528000
-18.124124	0.445000	0.698000	3.528000
-18.122124	0.445000	0.698000	3.528000
-18.120124	0.445000	0.698000	3.528000
-18.118124	0.445000	0.698000	3.528000
-18.116124	0.445000	0.698000	3.528000
-18.114124	0.445000	0.698000	3.528000
-18.112124	0.445000	0.698000	3.528000
-18.110124	0.445000	0.698000	3.528000
-18.108124	0.445000	0.698000	3.528000
-18.106124	0.445000	0.698000	3.528000
-18.104124	0.445000	0.698000	3.528000
-18.102124	0.445000	0.698000	3.528000
-18.100124	0.445000	0.698000	3.528000
-18.098124	0.445000	0.698000	3.528000
-18.096124	0.445000	0.698000	3.528000
-18.094124	0.445000	0.698000	3.528000
-18.092124	0.445000	0.698000	3.528000
-18.090124	0.445000	0.698000	3.528000
-18.088124	0.445000	0.698000	3.528000
-18.086124	0.445000	0.698000	3.528000
-18.084124	0.445000	0.698000	3.528000
-18.082124	0.445000	0.698000	3.528000
-18.080124	0.445000	0.698000	3.528000
-18.078124	0.445000	0.698000	3.528000
-18.076124	0.445000	0.698000	3.528000
-18.074124	0.445000	0.698000	3.528000
-18.072124	0.445000	0.698000	3.528000
-18.070124	0.445000	0.698000	3.528000
-18.068124	0.445000	0.698000	3.528000
-18.066124	0.445000	0.698000	3.528000
-18.064124	0.445000	0.698000	3.528000
-18.062124	0.445000	0.698000	3.528000
-18.060124	0.445000	0.698000	3.528000
-18.058124	0.445000	0.698000	3.528000
-18.056124	0.445000	0.698000	3.528000
-18.054124	0.445000	0.698000	3.528000
-18.052124	0.445000	0.698000	3.528000
-18.050124	0.445000	0.698000	3.528000
-18.048124	0.445000	0.698000	3.528000
-18.046124	0.445000	0.698000	3.528000
-18.044124	0.445000	0.698000	3.528000
-18.042124	0.445000	0.698000	3.528000
-18.040124	0.445000	0.698000	3.528000
-18.038124	0.445000	0.698000	3.528000
-18.036124	0.445000	0.698000	3.528000
-18.034124	0.445000	0.698000	3.528000
-18.032124	0.445000	0.698000	3.528000
-18.030124	0.445000	0.698000	3.528000
-18.028124	0.445000	0.698000	3.528000
-18.026124	0.445000	0.698000	3.528000
-18.024124	0.445000	0.698000	3.528000
-18.022124	0.445000	0.698000	3.528000
-18.020124	0.445000	0.698000	3.528000
-18.018124	0.445000	0.698000	3.528000
-18.016124	0.445000	0.698000	3.528000
-18.014124	0.445000	0.698000	3.528000
-18.012124	0.445000	0.698000	3.528000
-18.010124	0.445000	0.698000	3.528000
-18.008124	0.445000	0.698000	3.528000
-18.006124	0.445000	0.698000	3.528000
-18.004124	0.445000	0.698000	3.528000
-18.002124	0.445000	0.698000	3.528000
-18.000124	0.445000	0.698000	3.528000
-17.998124	0.445000	0.698000	3.528000
-17.996124	0.445000	0.698000	3.528000
-17.994124	0.445000	0.698000	3.528000
-17.992124	0.445000	0.698000	3.528000
-17.990124	0.445000	0.698000	3.528000
-17.988124	0.445000	0.698000	3.528000
-17.986124	0.445000	0.698000	3.528000
-17.984124	0.445000	0.698000	3.528000
-17.982124	0.445000	0.698000	3.528000
-17.980124	0.445000	0.698000	3.528000
-17.978124	0.445000	0.698000	3.528000
-17.976124	0.445000	0.698000	3.528000
-17.974124	0.445000	0.698000	3.528000
-17.972124	0.445000	0.698000	3.528000
-17.970124	0.445000	0.698000	3.528000
-17.968124	0.445000	0.698000	3.528000
-17.966124	0.445000	0.698000	3.528000
-17.964124	0.445000	0.698000	3.528000
-17.962124	0.445000	0.698000	3.528000
-17.960124	0.445000	0.698000	3.528000
-17.958124	0.445000	0.698000	3.528000
-17.956124	0.445000	0.698000	3.528000
-17.954124	0.445000	0.698000	3.528000
-17.952124	0.445000	0.698000	3.528000
-17.950124	0.445000	0.698000	3.528000
-17.948124	0.445000	0.698000	3.528000
-17.946124	0.445000	0.698000	3.528000
-17.944124	0.445000	0.698000	3.528000
-17.942124	0.445000	0.698000	3.528000
-17.940124	0.445000	0.698000	3.528000
-17.938124	0.445000	0.698000	3.528000
-17.936124	0.445000	0.698000	3.528000
-17.934124	0.445000	0.698000	3.528000
-17.932124	0.445000	0.698000	3.528000
-17.930124	0.445000	0.698000	3.528000
-17.928124	0.445000	0.698000	3.528000
-17.926124	0.445000	0.698000	3.528000
-17.924124	0.445000	0.698000	3.528000
-17.922124	0.445000	0.698000	3.528000
-17.920124	0.445000	0.698000	3.528000
-17.918124	0.445000	0.698000	3.528000
-17.916124	0.445000	0.698000	3.528000
-17.914124	0.445000	0.698000	3.528000
-17.912124	0.445000	0.698000	3.528000
-17.910124	0.445000	0.698000	3.528000
-17.908124	0.445000	0.698000	3.528000
-17.906124	0.445000	0.698000	3.528000
-17.904124	0.445000	0.698000	3.528000
-17.902124	0.445000	0.698000	3.528000
-17.900124	0.445000	0.698000	3.528000
-17.898124	0.445000	0.698000	3.528000
-17.896124	0.445000	0.698000	3.528000
-17.894124	0.445000	0.698000	3.528000
-17.892124	0.445000	0.698000	3.528000
-17.890124	0.445000	0.698000	3.528000
-17.888124	0.445000	0.698000	3.528000
-17.886124	0.445000	0.698000	3.528000
-17.884124	0.445000	0.698000	3.528000
-17.882124	0.445000	0.698000	3.528000
-17.880124	0.445000	0.698000	3.528000
-17.878124	0.445000	0.698000	3.528000
-17.876124	0.445000	0.698000	3.528000
-17.874124	0.445000	0.698000	3.528000
-17.872124	0.445000	0.698000	3.528000
-17.870124	0.445000	0.698000	3.528000
-17.868124	0.445000	0.698000	3.528000
-17.866124	0.445000	0.698000	3.528000
-17.864124	0.445000	0.698000	3.528000
-17.862124	0.445000	0.698000	3.528000
-17.860124	0.445000	0.698000	3.528000
-17.858124	0.445000	0.698000	3.528000
-17.856124	0.445000	0.698000	3.528000
-17.854124	0.445000	0.698000	3.528000
-17.852124	0.445000	0.698000	3.528000
-17.850124	0.445000	0.698000	3.528000
-17.848124	0.445000	0.698000	3.528000
-17.846124	0.445000	0.698000	3.528000
-17.844124	0.445000	0.698000	3.528000
-17.842124	0.445000	0.698000	3.528000
-17.840124	0.445000	0.698000	3.528000
-17.838124	0.445000	0.698000	3.528000
-17.836124	0.445000	0.698000	3.528000
-17.834124	0.445000	0.698000	3.528000
-17.832124	0.445000	0.698000	3.528000
-17.830124	0.445000	0.698000	3.528000
-17.828124	0.445000	0.698000	3.528000
-17.826124	0.445000	0.698000	3.528000
-17.824124	0.445000	0.698000	3.528000
-17.822124	0.445000	0.698000	3.528000
-17.820124	0.445000	0.698000	3.528000
-17.818124	0.445000	0.698000	3.528000
-17.816124	0.445000	0.698000	3.528000
-17.814124	0.445000	0.698000	3.528000
-17.812124	0.445000	0.698000	3.528000
-17.810124	0.445000	0.698000	3.528000
-17.808124	0.445000	0.698000	3.528000
-17.806124	0.445000	0.698000	3.528000
-17.804124	0.445000	0.698000	3.528000
-17.802124	0.445000	0.698000	3.528000
-17.800124	0.445000	0.698000	3.528000
-17.798124	0.445000	0.698000	3.528000
-17.796124	0.445000	0.698000	3.528000
-17.794124	0.445000	0.698000	3.528000
-17.792124	0.445000	0.698000	3.528000
-17.790124	0.445000	0.698000	3.528000
-17.788124	0.445000	0.698000	3.528000
-17.786124	0.445000	0.698000	3.528000
-17.784124	0.445000	0.698000	3.528000
-17.782124	0.445000	0.698000	3.528000
-17.780124	0.445000	0.698000	3.528000
-17.778124	0.445000	0.698000	3.528000
-17.776124	0.445000	0.698000	3.528000
-17.774124	0.445000	0.698000	3.528000
-17.772124	0.445000	0.698000	3.528000
-17.770124	0.445000	0.698000	3.528000
-17.768124	0.445000	0.698000	3.528000
-17.766124	0.445000	0.698000	3.528000
-17.764124	0.445000	0.698000	3.528000
-17.762124	0.445000	0.698000	3.528000
-17.760124	0.445000	0.698000	3.528000
-17.758124	0.445000	0.698000	3.528000
-17.756124	0.445000	0.698000	3.528000
-17.754124	0.445000	0.698000	3.528000
-17.752124	0.445000	0.698000	3.528000
-17.750124	0.445000	0.698000	3.528000
-17.748124	0.445000	0.698000	3.528000
-17.746124	0.445000	0.698000	3.528000
-17.744124	0.445000	0.698000	3.528000
-17.742124	0.445000	0.698000	3.528000
-17.740124	0.445000	0.698000	3.528000
-17.738124	0.445000	0.698000	3.528000
-17.736124	0.445000	0.698000	3.528000
-17.734124	0.445000	0.698000	3.528000
-17.732124	0.445000	0.698000	3.528000
-17.730124	0.445000	0.698000	3.528000
-17.728124	0.445000	0.698000	3.528000
-17.726124	0.445000	0.698000	3.528000
-17.724124	0.445000	0.698000	3.528000
-17.722124	0.445000	0.698000	3.528000
-17.720124	0.445000	0.698000	3.528000
-17.718124	0.445000	0.698000	3.528000
-17.716124	0.445000	0.698000	3.528000
-17.714124	0.445000	0.698000	3.528000
-17.712124	0.445000	0.698000	3.528000
-17.710124	0.445000	0.698000	3.528000
-17.708124	0.445000	0.698000	3.528000
-17.706124	0.445000	0.698000	3.528000
-17.704124	0.445000	0.698000	3.528000
-17.702124	0.445000	0.698000	3.528000
-17.700124	0.445000	0.698000	3.528000
-17.698124	0.445000	0.698000	3.528000
-17.696124	0.445000	0.698000	3.528000
-17.694124	0.445000	0.698000	3.528000
-17.692124	0.445000	0.698000	3.528000
-17.690124	0.445000	0.698000	3.528000
-17.688124	0.445000	0.698000	3.528000
-17.686124	0.445000	0.698000	3.528000
-17.684124	0.445000	0.698000	3.528000
-17.682124	0.445000	0.698000	3.528000
-17.680124	0.445000	0.698000	3.528000
-17.678124	0.445000	0.698000	3.528000
-17.676124	0.445000	0.698000	3.528000
-17.674124	0.445000	0.698000	3.528000
-17.672124	0.445000	0.698000	3.528000
-17.670124	0.445000	0.698000	3.528000
-17.668124	0.445000	0.698000	3.528000
-17.666124	0.445000	0.698000	3.528000
-17.664124	0.445000	0.698000	3.528000
-17.662124	0.445000	0.698000	3.528000
-17.660124	0.445000	0.698000	3.528000
-17.658124	0.445000	0.698000	3.528000
-17.656124	0.445000	0.698000	3.528000
-17.654124	0.445000	0.698000	3.528000
-17.652124	0.445000	0.698000	3.528000
-17.650124	0.445000	0.698000	3.528000
-17.648124	0.445000	0.698000	3.528000
-17.646124	0.445000	0.698000	3.528000
-17.644124	0.445000	0.698000	3.528000
-17.642124	0.445000	0.698000	3.528000
-17.640124	0.445000	0.698000	3.528000
-17.638124	0.445000	0.698000	3.528000
-17.636124	0.445000	0.698000	3.528000
-17.634124	0.445000	0.698000	3.528000
-17.632124	0.445000	0.698000	3.528000
-17.630124	0.445000	0.698000	3.528000
-17.628124	0.445000	0.698000	3.528000
-17.626124	0.445000	0.698000	3.528000
-17.624124	0.445000	0.698000	3.528000
-17.622124	0.445000	0.698000	3.528000
-17.620124	0.445000	0.698000	3.528000
-17.618124	0.445000	0.698000	3.528000
-17.616124	0.445000	0.698000	3.528000
-17.614124	0.445000	0.698000	3.528000
-17.612124	0.445000	0.698000	3.528000
-17.610124	0.445000	0.698000	3.528000
-17.608124	0.445000	0.698000	3.528000
-17.606124	0.445000	0.698000	3.528000
-17.604124	0.445000	0.698000	3.528000
-17.602124	0.445000	0.698000	3.528000
-17.600124	0.445000	0.698000	3.528000
-17.598124	0.445000	0.698000	3.528000
-17.596124	0.445000	0.698000	3.528000
-17.594124	0.445000	0.698000	3.528000
-17.592124	0.445000	0.698000	3.528000
-17.590124	0.445000	0.698000	3.528000
-17.588124	0.445000	0.698000	3.528000
-17.586124	0.445000	0.698000	3.528000
-17.584124	0.445000	0.698000	3.528000
-17.582124	0.445000	0.698000	3.528000
-17.580124	0.445000	0.698000	3.528000
-17.578124	0.445000	0.698000	3.528000
-17.576124	0.445000	0.698000	3.528000
-17.574124	0.445000	0.698000	3.528000
-17.572124	0.445000	0.698000	3.528000
-17.570124	0.445000	0.698000	3.528000
-17.568124	0.445000	0.698000	3.528000
-17.566124	0.445000	0.698000	3.528000
-17.564124	0.445000	0.698000	3.528000
-17.562124	0.445000	0.698000	3.528000
-17.560124	0.445000	0.698000	3.528000
-17.558124	0.445000	0.698000	3.528000
-17.556124	0.445000	0.698000	3.528000
-17.554124	0.445000	0.698000	3.528000
-17.552124	0.445000	0.698000	3.528000
-17.550124	0.445000	0.698000	3.528000
-17.548124	0.445000	0.698000	3.528000
-17.546124	0.445000	0.698000	3.528000
-17.544124	0.445000	0.698000	3.528000
-17.542124	0.445000	0.698000	3.528000
-17.540124	0.445000	0.698000	3.528000
-17.538124	0.445000	0.698000	3.528000
-17.536124	0.445000	0.698000	3.528000
-17.534124	0.445000	0.698000	3.528000
-17.532124	0.445000	0.698000	3.528000
-17.530124	0.445000	0.698000	3.528000
-17.528124	0.445000	0.698000	3.528000
-17.526124	0.445000	0.698000	3.528000
-17.524124	0.445000	0.698000	3.528000
-17.522124	0.445000	0.698000	3.528000
-17.520124	0.445000	0.698000	3.528000
-17.518124	0.445000	0.698000	3.528000
-17.516124	0.445000	0.698000	3.528000
-17.514124	0.445000	0.698000	3.528000
-17.512124	0.445000	0.698000	3.528000
-17.510124	0.445000	0.698000	3.528000
-17.508124	0.445000	0.698000	3.528000
-17.506124	0.445000	0.698000	3.528000
-17.504124	0.445000	0.698000	3.528000
-17.502124	0.445000	0.698000	3.528000
-17.500124	0.445000	0.698000	3.528000
-17.498124	0.445000	0.698000	3.528000
-17.496124	0.445000	0.698000	3.528000
-17.494124	0.445000	0.698000	3.528000
-17.492124	0.445000	0.698000	3.528000
-17.490124	0.445000	0.698000	3.528000
-17.488124	0.445000	0.698000	3.528000
-17.486124	0.445000	0.698000	3.528000
-17.484124	0.445000	0.698000	3.528000
-17.482124	0.445000	0.698000	3.528000
-17.480124	0.445000	0.698000	3.528000
-17.478124	0.445000	0.698000	3.528000
-17.476124	0.445000	0.698000	3.528000
-17.474124	0.445000	0.698000	3.528000
-17.472124	0.445000	0.698000	3.528000
-17.470124	0.445000	0.698000	3.528000
-17.468124	0.445000	0.698000	3.528000
-17.466124	0.445000	0.698000	3.528000
-17.464124	0.445000	0.698000	3.528000
-17.462124	0.445000	0.698000	3.528000
-17.460124	0.445000	0.698000	3.528000
-17.458124	0.445000	0.698000	3.528000
-17.456124	0.445000	0.698000	3.528000
-17.454124	0.445000	0.698000	3.528000
-17.452124	0.445000	0.698000	3.528000
-17.450124	0.445000	0.698000	3.528000
-17.448124	0.445000	0.698000	3.528000
-17.446124	0.445000	0.698000	3.528000
-17.444124	0.445000	0.698000	3.528000
-17.442124	0.445000	0.698000	3.528000
-17.440124	0.445000	0.698000	3.528000
-17.438124	0.445000	0.698000	3.528000
-17.436124	0.445000	0.698000	3.528000
-17.434124	0.445000	0.698000	3.528000
-17.432124	0.445000	0.698000	3.528000
-17.430124	0.445000	0.698000	3.528000
-17.428124	0.445000	0.698000	3.528000
-17.426124	0.445000	0.698000	3.528000
-17.424124	0.445000	0.698000	3.528000
-17.422124	0.445000	0.698000	3.528000
-17.420124	0.445000	0.698000	3.528000
-17.418124	0.445000	0.698000	3.528000
-17.416124	0.445000	0.698000	3.528000
-17.414124	0.445000	0.698000	3.528000
-17.412124	0.445000	0.698000	3.528000
-17.410124	0.445000	0.698000	3.528000
-17.408124	0.445000	0.698000	3.528000
-17.406124	0.445000	0.698000	3.528000
-17.404124	0.445000	0.698000	3.528000
-17.402124	0.445000	0.698000	3.528000
-17.400124	0.445000	0.698000	3.528000
-17.398124	0.445000	0.698000	3.528000
-17.396124	0.445000	0.698000	3.528000
-17.394124	0.445000	0.698000	3.528000
-17.392124	0.445000	0.698000	3.528000
-17.390124	0.445000	0.698000	3.528000
-17.388124	0.445000	0.698000	3.528000
-17.386124	0.445000	0.698000	3.528000
-17.384124	0.445000	0.698000	3.528000
-17.382124	0.445000	0.698000	3.528000
-17.380124	0.445000	0.698000	3.528000
-17.378124	0.445000	0.698000	3.528000
-17.376124	0.445000	0.698000	3.528000
-17.374124	0.445000	0.698000	3.528000
-17.372124	0.445000	0.698000	3.528000
-17.370124	0.445000	0.698000	3.528000
-17.368124	0.445000	0.698000	3.528000
-17.366124	0.445000	0.698000	3.528000
-17.364124	0.445000	0.698000	3.528000
-17.362124	0.445000	0.698000	3.528000
-17.360124	0.445000	0.698000	3.528000
-17.358124	0.445000	0.698000	3.528000
-17.356124	0.445000	0.698000	3.528000
-17.354124	0.445000	0.698000	3.528000
-17.352124	0.445000	0.698000	3.528000
-17.350124	0.445000	0.698000	3.528000
-17.348124	0.445000	0.698000	3.528000
-17.346124	0.445000	0.698000	3.528000
-17.344124	0.445000	0.698000	3.528000
-17.342124	0.445000	0.698000	3.528000
-17.340124	0.445000	0.698000	3.528000
-17.338124	0.445000	0.698000	3.528000
-17.336124	0.445000	0.698000	3.528000
-17.334124	0.445000	0.698000	3.528000
-17.332124	0.445000	0.698000	3.528000
-17.330124	0.445000	0.698000	3.528000
-17.328124	0.445000	0.698000	3.528000
-17.326124	0.445000	0.698000	3.528000
-17.324124	0.445000	0.698000	3.528000
-17.322124	0.445000	0.698000	3.528000
-17.320124	0.445000	0.698000	3.528000
-17.318124	0.445000	0.698000	3.528000
-17.316124	0.445000	0.698000	3.528000
-17.314124	0.445000	0.698000	3.528000
-17.312124	0.445000	0.698000	3.528000
-17.310124	0.445000	0.698000	3.528000
-17.308124	0.445000	0.698000	3.528000
-17.306124	0.445000	0.698000	3.528000
-17.304124	0.445000	0.698000	3.528000
-17.302124	0.445000	0.698000	3.528000
-17.300124	0.445000	0.698000	3.528000
-17.298124	0.445000	0.698000	3.528000
-17.296124	0.445000	0.698000	3.528000
-17.294124	0.445000	0.698000	3.528000
-17.292124	0.445000	0.698000	3.528000
-17.290124	0.445000	0.698000	3.528000
-17.288124	0.445000	0.698000	3.528000
-17.286124	0.445000	0.698000	3.528000
-17.284124	0.445000	0.698000	3.528000
-17.282124	0.445000	0.698000	3.528000
-17.280124	0.445000	0.698000	3.528000
-17.278124	0.445000	0.698000	3.528000
-17.276124	0.445000	0.698000	3.528000
-17.274124	0.445000	0.698000	3.528000
-17.272124	0.445000	0.698000	3.528000
-17.270124	0.445000	0.698000	3.528000
-17.268124	0.445000	0.698000	3.528000
-17.266124	0.445000	0.698000	3.528000
-17.264124	0.445000	0.698000	3.528000
-17.262124	0.445000	0.698000	3.528000
-17.260124	0.445000	0.698000	3.528000
-17.258124	0.445000	0.698000	3.528000
-17.256124	0.445000	0.698000	3.528000
-17.254124	0.445000	0.698000	3.528000
-17.252124	0.445000	0.698000	3.528000
-17.250124	0.445000	0.698000	3.528000
-17.248124	0.445000	0.698000	3.528000
-17.246124	0.445000	0.698000	3.528000
-17.244124	0.445000	0.698000	3.528000
-17.242124	0.445000	0.698000	3.528000
-17.240124	0.445000	0.698000	3.528000
-17.238124	0.445000	0.698000	3.528000
-17.236124	0.445000	0.698000	3.528000
-17.234124	0.445000	0.698000	3.528000
-17.232124	0.445000	0.698000	3.528000
-17.230124	0.445000	0.698000	3.528000
-17.228124	0.445000	0.698000	3.528000
-17.226124	0.445000	0.698000	3.528000
-17.224124	0.445000	0.698000	3.528000
-17.222124	0.445000	0.698000	3.528000
-17.220124	0.445000	0.698000	3.528000
-17.218124	0.445000	0.698000	3.528000
-17.216124	0.445000	0.698000	3.528000
-17.214124	0.445000	0.698000	3.528000
-17.212124	0.445000	0.698000	3.528000
-17.210124	0.445000	0.698000	3.528000
-17.208124	0.445000	0.698000	3.528000
-17.206124	0.445000	0.698000	3.528000
-17.204124	0.445000	0.698000	3.528000
-17.202124	0.445000	0.698000	3.528000
-17.200124	0.445000	0.698000	3.528000
-17.198124	0.445000	0.698000	3.528000
-17.196124	0.445000	0.698000	3.528000
-17.194124	0.445000	0.698000	3.528000
-17.192124	0.445000	0.698000	3.528000
-17.190124	0.445000	0.698000	3.528000
-17.188124	0.445000	0.698000	3.528000
-17.186124	0.445000	0.698000	3.528000
-17.184124	0.445000	0.698000	3.528000
-17.182124	0.445000	0.698000	3.528000
-17.180124	0.445000	0.698000	3.528000
-17.178124	0.445000	0.698000	3.528000
-17.176124	0.445000	0.698000	3.528000
-17.174124	0.445000	0.698000	3.528000
-17.172124	0.445000	0.698000	3.528000
-17.170124	0.445000	0.698000	3.528000
-17.168124	0.445000	0.698000	3.528000
-17.166124	0.445000	0.698000	3.528000
-17.164124	0.445000	0.698000	3.528000
-17.162124	0.445000	0.698000	3.528000
-17.160124	0.445000	0.698000	3.528000
-17.158124	0.445000	0.698000	3.528000
-17.156124	0.445000	0.698000	3.528000
-17.154124	0.445000	0.698000	3.528000
-17.152124	0.445000	0.698000	3.528000
-17.150124	0.445000	0.698000	3.528000
-17.148124	0.445000	0.698000	3.528000
-17.146124	0.445000	0.698000	3.528000
-17.144124	0.445000	0.698000	3.528000
-17.142124	0.445000	0.698000	3.528000
-17.140124	0.445000	0.698000	3.528000
-17.138124	0.445000	0.698000	3.528000
-17.136124	0.445000	0.698000	3.528000
-17.134124	0.445000	0.698000	3.528000
-17.132124	0.445000	0.698000	3.528000
-17.130124	0.445000	0.698000	3.528000
-17.128124	0.445000	0.698000	3.528000
-17.126124	0.445000	0.698000	3.528000
-17.124124	0.445000	0.698000	3.528000
-17.122124	0.445000	0.698000	3.528000
-17.120124	0.445000	0.698000	3.528000
-17.118124	0.445000	0.698000	3.528000
-17.116124	0.445000	0.698000	3.528000
-17.114124	0.445000	0.698000	3.528000
-17.112124	0.445000	0.698000	3.528000
-17.110124	0.445000	0.698000	3.528000
-17.108124	0.445000	0.698000	3.528000
-17.106124	0.445000	0.698000	3.528000
-17.104124	0.445000	0.698000	3.528000
-17.102124	0.445000	0.698000	3.528000
-17.100124	0.445000	0.698000	3.528000
-17.098124	0.445000	0.698000	3.528000
-17.096124	0.445000	0.698000	3.528000
-17.094124	0.445000	0.698000	3.528000
-17.092124	0.445000	0.698000	3.528000
-17.090124	0.445000	0.698000	3.528000
-17.088124	0.445000	0.698000	3.528000
-17.086124	0.445000	0.698000	3.528000
-17.084124	0.445000	0.698000	3.528000
-17.082124	0.445000	0.698000	3.528000
-17.080124	0.445000	0.698000	3.528000
-17.078124	0.445000	0.698000	3.528000
-17.076124	0.445000	0.698000	3.528000
-17.074124	0.445000	0.698000	3.528000
-17.072124	0.445000	0.698000	3.528000
-17.070124	0.445000	0.698000	3.528000
-17.068124	0.445000	0.698000	3.528000
-17.066124	0.445000	0.698000	3.528000
-17.064124	0.445000	0.698000	3.528000
-17.062124	0.445000	0.698000	3.528000
-17.060124	0.445000	0.698000	3.528000
-17.058124	0.445000	0.698000	3.528000
-17.056124	0.445000	0.698000	3.528000
-17.054124	0.445000	0.698000	3.528000
-17.052124	0.445000	0.698000	3.528000
-17.050124	0.445000	0.698000	3.528000
-17.048124	0.445000	0.698000	3.528000
-17.046124	0.445000	0.698000	3.528000
-17.044124	0.445000	0.698000	3.528000
-17.042124	0.445000	0.698000	3.528000
-17.040124	0.445000	0.698000	3.528000
-17.038124	0.445000	0.698000	3.528000
-17.036124	0.445000	0.698000	3.528000
-17.034124	0.445000	0.698000	3.528000
-17.032124	0.445000	0.698000	3.528000
-17.030124	0.445000	0.698000	3.528000
-17.028124	0.445000	0.698000	3.528000
-17.026124	0.445000	0.698000	3.528000
-17.024124	0.445000	0.698000	3.528000
-17.022124	0.445000	0.698000	3.528000
-17.020124	0.445000	0.698000	3.528000
-17.018124	0.445000	0.698000	3.528000
-17.016124	0.445000	0.698000	3.528000
-17.014124	0.445000	0.698000	3.528000
-17.012124	0.445000	0.698000	3.528000
-17.010124	0.445000	0.698000	3.528000
-17.008124	0.445000	0.698000	3.528000
-17.006124	0.445000	0.698000	3.528000
-17.004124	0.445000	0.698000	3.528000
-17.002124	0.445000	0.698000	3.528000
-17.000124	0.445000	0.698000	3.528000
-16.998124	0.445000	0.698000	3.528000
-16.996124	0.445000	0.698000	3.528000
-16.994124	0.445000	0.698000	3.528000
-16.992124	0.445000	0.698000	3.528000
-16.990124	0.445000	0.698000	3.528000
-16.988124	0.445000	0.698000	3.528000
-16.986124	0.445000	0.698000	3.528000
-16.984124	0.445000	0.698000	3.528000
-16.982124	0.445000	0.698000	3.528000
-16.980124	0.445000	0.698000	3.528000
-16.978124	0.445000	0.698000	3.528000
-16.976124	0.445000	0.698000	3.528000
-16.974124	0.445000	0.698000	3.528000
-16.972124	0.445000	0.698000	3.528000
-16.970124	0.445000	0.698000	3.528000
-16.968124	0.445000	0.698000	3.528000
-16.966124	0.445000	0.698000	3.528000
-16.964124	0.445000	0.698000	3.528000
-16.962124	0.445000	0.698000	3.528000
-16.960124	0.445000	0.698000	3.528000
-16.958124	0.445000	0.698000	3.528000
-16.956124	0.445000	0.698000	3.528000
-16.954124	0.445000	0.698000	3.528000
-16.952124	0.445000	0.698000	3.528000
-16.950124	0.445000	0.698000	3.528000
-16.948124	0.445000	0.698000	3.528000
-16.946124	0.445000	0.698000	3.528000
-16.944124	0.445000	0.698000	3.528000
-16.942124	0.445000	0.698000	3.528000
-16.940124	0.445000	0.698000	3.528000
-16.938124	0.445000	0.698000	3.528000
-16.936124	0.445000	0.698000	3.528000
-16.934124	0.445000	0.698000	3.528000
-16.932124	0.445000	0.698000	3.528000
-16.930124	0.445000	0.698000	3.528000
-16.928124	0.445000	0.698000	3.528000
-16.926124	0.445000	0.698000	3.528000
-16.924124	0.445000	0.698000	3.528000
-16.922124	0.445000	0.698000	3.528000
-16.920124	0.445000	0.698000	3.528000
-16.918124	0.445000	0.698000	3.528000
-16.916124	0.445000	0.698000	3.528000
-16.914124	0.445000	0.698000	3.528000
-16.912124	0.445000	0.698000	3.528000
-16.910124	0.445000	0.698000	3.528000
-16.908124	0.445000	0.698000	3.528000
-16.906124	0.445000	0.698000	3.528000
-16.904124	0.445000	0.698000	3.528000
-16.902124	0.445000	0.698000	3.528000
-16.900124	0.445000	0.698000	3.528000
-16.898124	0.445000	0.698000	3.528000
-16.896124	0.445000	0.698000	3.528000
-16.894124	0.445000	0.698000	3.528000
-16.892124	0.445000	0.698000	3.528000
-16.890124	0.445000	0.698000	3.528000
-16.888124	0.445000	0.698000	3.528000
-16.886124	0.445000	0.698000	3.528000
-16.884124	0.445000	0.698000	3.528000
-16.882124	0.445000	0.698000	3.528000
-16.880124	0.445000	0.698000	3.528000
-16.878124	0.445000	0.698000	3.528000
-16.876124	0.445000	0.698000	3.528000
-16.874124	0.445000	0.698000	3.528000
-16.872124	0.445000	0.698000	3.528000
-16.870124	0.445000	0.698000	3.528000
-16.868124	0.445000	0.698000	3.528000
-16.866124	0.445000	0.698000	3.528000
-16.864124	0.445000	0.698000	3.528000
-16.862124	0.445000	0.698000	3.528000
-16.860124	0.445000	0.698000	3.528000
-16.858124	0.445000	0.698000	3.528000
-16.856124	0.445000	0.698000	3.528000
-16.854124	0.445000	0.698000	3.528000
-16.852124	0.445000	0.698000	3.528000
-16.850124	0.445000	0.698000	3.528000
-16.848124	0.445000	0.698000	3.528000
-16.846124	0.445000	0.698000	3.528000
-16.844124	0.445000	0.698000	3.528000
-16.842124	0.445000	0.698000	3.528000
-16.840124	0.445000	0.698000	3.528000
-16.838124	0.445000	0.698000	3.528000
-16.836124	0.445000	0.698000	3.528000
-16.834124	0.445000	0.698000	3.528000
-16.832124	0.445000	0.698000	3.528000
-16.830124	0.445000	0.698000	3.528000
-16.828124	0.445000	0.698000	3.528000
-16.826124	0.445000	0.698000	3.528000
-16.824124	0.445000	0.698000	3.528000
-16.822124	0.445000	0.698000	3.528000
-16.820124	0.445000	0.698000	3.528000
-16.818124	0.445000	0.698000	3.528000
-16.816124	0.445000	0.698000	3.528000
-16.814124	0.445000	0.698000	3.528000
-16.812124	0.445000	0.698000	3.528000
-16.810124	0.445000	0.698000	3.528000
-16.808124	0.445000	0.698000	3.528000
-16.806124	0.445000	0.698000	3.528000
-16.804124	0.445000	0.698000	3.528000
-16.802124	0.445000	0.698000	3.528000
-16.800124	0.445000	0.698000	3.528000
-16.798124	0.445000	0.698000	3.528000
-16.796124	0.445000	0.698000	3.528000
-16.794124	0.445000	0.698000	3.528000
-16.792124	0.445000	0.698000	3.528000
-16.790124	0.445000	0.698000	3.528000
-16.788124	0.445000	0.698000	3.528000
-16.786124	0.445000	0.698000	3.528000
-16.784124	0.445000	0.698000	3.528000
-16.782124	0.445000	0.698000	3.528000
-16.780124	0.445000	0.698000	3.528000
-16.778124	0.445000	0.698000	3.528000
-16.776124	0.445000	0.698000	3.528000
-16.774124	0.445000	0.698000	3.528000
-16.772124	0.445000	0.698000	3.528000
-16.770124	0.445000	0.698000	3.528000
-16.768124	0.445000	0.698000	3.528000
-16.766124	0.445000	0.698000	3.528000
-16.764124	0.445000	0.698000	3.528000
-16.762124	0.445000	0.698000	3.528000
-16.760124	0.445000	0.698000	3.528000
-16.758124	0.445000	0.698000	3.528000
-16.756124	0.445000	0.698000	3.528000
-16.754124	0.445000	0.698000	3.528000
-16.752124	0.445000	0.698000	3.528000
-16.750124	0.445000	0.698000	3.528000
-16.748124	0.445000	0.698000	3.528000
-16.746124	0.445000	0.698000	3.528000
-16.744124	0.445000	0.698000	3.528000
-16.742124	0.445000	0.698000	3.528000
-16.740124	0.445000	0.698000	3.528000
-16.738124	0.445000	0.698000	3.528000
-16.736124	0.445000	0.698000	3.528000
-16.734124	0.445000	0.698000	3.528000
-16.732124	0.445000	0.698000	3.528000
-16.730124	0.445000	0.698000	3.528000
-16.728124	0.445000	0.698000	3.528000
-16.726124	0.445000	0.698000	3.528000
-16.724124	0.445000	0.698000	3.528000
-16.722124	0.445000	0.698000	3.528000
-16.720124	0.445000	0.698000	3.528000
-16.718124	0.445000	0.698000	3.528000
-16.716124	0.445000	0.698000	3.528000
-16.714124	0.445000	0.698000	3.528000
-16.712124	0.445000	0.698000	3.528000
-16.710124	0.445000	0.698000	3.528000
-16.708124	0.445000	0.698000	3.528000
-16.706124	0.445000	0.698000	3.528000
-16.704124	0.445000	0.698000	3.528000
-16.702124	0.445000	0.698000	3.528000
-16.700124	0.445000	0.698000	3.528000
-16.698124	0.445000	0.698000	3.528000
-16.696124	0.445000	0.698000	3.528000
-16.694124	0.445000	0.698000	3.528000
-16.692124	0.445000	0.698000	3.528000
-16.690124	0.445000	0.698000	3.528000
-16.688124	0.445000	0.698000	3.528000
-16.686124	0.445000	0.698000	3.528000
-16.684124	0.445000	0.698000	3.528000
-16.682124	0.445000	0.698000	3.528000
-16.680124	0.445000	0.698000	3.528000
-16.678124	0.445000	0.698000	3.528000
-16.676124	0.445000	0.698000	3.528000
-16.674124	0.445000	0.698000	3.528000
-16.672124	0.445000	0.698000	3.528000
-16.670124	0.445000	0.698000	3.528000
-16.668124	0.445000	0.698000	3.528000
-16.666124	0.445000	0.698000	3.528000
-16.664124	0.445000	0.698000	3.528000
-16.662124	0.445000	0.698000	3.528000
-16.660124	0.445000	0.698000	3.528000
-16.658124	0.445000	0.698000	3.528000
-16.656124	0.445000	0.698000	3.528000
-16.654124	0.445000	0.698000	3.528000
-16.652124	0.445000	0.698000	3.528000
-16.650124	0.445000	0.698000	3.528000
-16.648124	0.445000	0.698000	3.528000
-16.646124	0.445000	0.698000	3.528000
-16.644124	0.445000	0.698000	3.528000
-16.642124	0.445000	0.698000	3.528000
-16.640124	0.445000	0.698000	3.528000
-16.638124	0.445000	0.698000	3.528000
-16.636124	0.445000	0.698000	3.528000
-16.634124	0.445000	0.698000	3.528000
-16.632124	0.445000	0.698000	3.528000
-16.630124	0.445000	0.698000	3.528000
-16.628124	0.445000	0.698000	3.528000
-16.626124	0.445000	0.698000	3.528000
-16.624124	0.445000	0.698000	3.528000
-16.622124	0.445000	0.698000	3.528000
-16.620124	0.445000	0.698000	3.528000
-16.618124	0.445000	0.698000	3.528000
-16.616124	0.445000	0.698000	3.528000
-16.614124	0.445000	0.698000	3.528000
-16.612124	0.445000	0.698000	3.528000
-16.610124	0.445000	0.698000	3.528000
-16.608124	0.445000	0.698000	3.528000
-16.606124	0.445000	0.698000	3.528000
-16.604124	0.445000	0.698000	3.528000
-16.602124	0.445000	0.698000	3.528000
-16.600124	0.445000	0.698000	3.528000
-16.598124	0.445000	0.698000	3.528000
-16.596124	0.445000	0.698000	3.528000
-16.594124	0.445000	0.698000	3.528000
-16.592124	0.445000	0.698000	3.528000
-16.590124	0.445000	0.698000	3.528000
-16.588124	0.445000	0.698000	3.528000
-16.586124	0.445000	0.698000	3.528000
-16.584124	0.445000	0.698000	3.528000
-16.582124	0.445000	0.698000	3.528000
-16.580124	0.445000	0.698000	3.528000
-16.578124	0.445000	0.698000	3.528000
-16.576124	0.445000	0.698000	3.528000
-16.574124	0.445000	0.698000	3.528000
-16.572124	0.445000	0.698000	3.528000
-16.570124	0.445000	0.698000	3.528000
-16.568124	0.445000	0.698000	3.528000
-16.566124	0.445000	0.698000	3.528000
-16.564124	0.445000	0.698000	3.528000
-16.562124	0.445000	0.698000	3.528000
-16.560124	0.445000	0.698000	3.528000
-16.558124	0.445000	0.698000	3.528000
-16.556124	0.445000	0.698000	3.528000
-16.554124	0.445000	0.698000	3.528000
-16.552124	0.445000	0.698000	3.528000
-16.550124	0.445000	0.698000	3.528000
-16.548124	0.445000	0.698000	3.528000
-16.546124	0.445000	0.698000	3.528000
-16.544124	0.445000	0.698000	3.528000
-16.542124	0.445000	0.698000	3.528000
-16.540124	0.445000	0.698000	3.528000
-16.538124	0.445000	0.698000	3.528000
-16.536124	0.445000	0.698000	3.528000
-16.534124	0.445000	0.698000	3.528000
-16.532124	0.445000	0.698000	3.528000
-16.530124	0.445000	0.698000	3.528000
-16.528124	0.445000	0.698000	3.528000
-16.526124	0.445000	0.698000	3.528000
-16.524124	0.445000	0.698000	3.528000
-16.522124	0.445000	0.698000	3.528000
-16.520124	0.445000	0.698000	3.528000
-16.518124	0.445000	0.698000	3.528000
-16.516124	0.445000	0.698000	3.528000
-16.514124	0.445000	0.698000	3.528000
-16.512124	0.445000	0.698000	3.528000
-16.510124	0.445000	0.698000	3.528000
-16.508124	0.445000	0.698000	3.528000
-16.506124	0.445000	0.698000	3.528000
-16.504124	0.445000	0.698000	3.528000
-16.502124	0.445000	0.698000	3.528000
-16.500124	0.445000	0.698000	3.528000
-16.498124	0.445000	0.698000	3.528000
-16.496124	0.445000	0.698000	3.528000
-16.494124	0.445000	0.698000	3.528000
-16.492124	0.445000	0.698000	3.528000
-16.490124	0.445000	0.698000	3.528000
-16.488124	0.445000	0.698000	3.528000
-16.486124	0.445000	0.698000	3.528000
-16.484124	0.445000	0.698000	3.528000
-16.482124	0.445000	0.698000	3.528000
-16.480124	0.445000	0.698000	3.528000
-16.478124	0.445000	0.698000	3.528000
-16.476124	0.445000	0.698000	3.528000
-16.474124	0.445000	0.698000	3.528000
-16.472124	0.445000	0.698000	3.528000
-16.470124	0.445000	0.698000	3.528000
-16.468124	0.445000	0.698000	3.528000
-16.466124	0.445000	0.698000	3.528000
-16.464124	0.445000	0.698000	3.528000
-16.462124	0.445000	0.698000	3.528000
-16.460124	0.445000	0.698000	3.528000
-16.458124	0.445000	0.698000	3.528000
-16.456124	0.445000	0.698000	3.528000
-16.454124	0.445000	0.698000	3.528000
-16.452124	0.445000	0.698000	3.528000
-16.450124	0.445000	0.698000	3.528000
-16.448124	0.445000	0.698000	3.528000
-16.446124	0.445000	0.698000	3.528000
-16.444124	0.445000	0.698000	3.528000
-16.442124	0.445000	0.698000	3.528000
-16.440124	0.445000	0.698000	3.528000
-16.438124	0.445000	0.698000	3.528000
-16.436124	0.445000	0.698000	3.528000
-16.434124	0.445000	0.698000	3.528000
-16.432124	0.445000	0.698000	3.528000
-16.430124	0.445000	0.698000	3.528000
-16.428124	0.445000	0.698000	3.528000
-16.426124	0.445000	0.698000	3.528000
-16.424124	0.445000	0.698000	3.528000
-16.422124	0.445000	0.698000	3.528000
-16.420124	0.445000	0.698000	3.528000
-16.418124	0.445000	0.698000	3.528000
-16.416124	0.445000	0.698000	3.528000
-16.414124	0.445000	0.698000	3.528000
-16.412124	0.445000	0.698000	3.528000
-16.410124	0.445000	0.698000	3.528000
-16.408124	0.445000	0.698000	3.528000
-16.406124	0.445000	0.698000	3.528000
-16.404124	0.445000	0.698000	3.528000
-16.402124	0.445000	0.698000	3.528000
-16.400124	0.445000	0.698000	3.528000
-16.398124	0.445000	0.698000	3.528000
-16.396124	0.445000	0.698000	3.528000
-16.394124	0.445000	0.698000	3.528000
-16.392124	0.445000	0.698000	3.528000
-16.390124	0.445000	0.698000	3.528000
-16.388124	0.445000	0.698000	3.528000
-16.386124	0.445000	0.698000	3.528000
-16.384124	0.445000	0.698000	3.528000
-16.382124	0.445000	0.698000	3.528000
-16.380124	0.445000	0.698000	3.528000
-16.378124	0.445000	0.698000	3.528000
-16.376124	0.445000	0.698000	3.528000
-16.374124	0.445000	0.698000	3.528000
-16.372124	0.445000	0.698000	3.528000
-16.370124	0.445000	0.698000	3.528000
-16.368124	0.445000	0.698000	3.528000
-16.366124	0.445000	0.698000	3.528000
-16.364124	0.445000	0.698000	3.528000
-16.362124	0.445000	0.698000	3.528000
-16.360124	0.445000	0.698000	3.528000
-16.358124	0.445000	0.698000	3.528000
-16.356124	0.445000	0.698000	3.528000
-16.354124	0.445000	0.698000	3.528000
-16.352124	0.445000	0.698000	3.528000
-16.350124	0.445000	0.698000	3.528000
-16.348124	0.445000	0.698000	3.528000
-16.346124	0.445000	0.698000	3.528000
-16.344124	0.445000	0.698000	3.528000
-16.342124	0.445000	0.698000	3.528000
-16.340124	0.445000	0.698000	3.528000
-16.338124	0.445000	0.698000	3.528000
-16.336124	0.445000	0.698000	3.528000
-16.334124	0.445000	0.698000	3.528000
-16.332124	0.445000	0.698000	3.528000
-16.330124	0.445000	0.698000	3.528000
-16.328124	0.445000	0.698000	3.528000
-16.326124	0.445000	0.698000	3.528000
-16.324124	0.445000	0.698000	3.528000
-16.322124	0.445000	0.698000	3.528000
-16.320124	0.445000	0.698000	3.528000
-16.318124	0.445000	0.698000	3.528000
-16.316124	0.445000	0.698000	3.528000
-16.314124	0.445000	0.698000	3.528000
-16.312124	0.445000	0.698000	3.528000
-16.310124	0.445000	0.698000	3.528000
-16.308124	0.445000	0.698000	3.528000
-16.306124	0.445000	0.698000	3.528000
-16.304124	0.445000	0.698000	3.528000
-16.302124	0.445000	0.698000	3.528000
-16.300124	0.445000	0.698000	3.528000
-16.298124	0.445000	0.698000	3.528000
-16.296124	0.445000	0.698000	3.528000
-16.294124	0.445000	0.698000	3.528000
-16.292124	0.445000	0.698000	3.528000
-16.290124	0.445000	0.698000	3.528000
-16.288124	0.445000	0.698000	3.528000
-16.286124	0.445000	0.698000	3.528000
-16.284124	0.445000	0.698000	3.528000
-16.282124	0.445000	0.698000	3.528000
-16.280124	0.445000	0.698000	3.528000
-16.278124	0.445000	0.698000	3.528000
-16.276124	0.445000	0.698000	3.528000
-16.274124	0.445000	0.698000	3.528000
-16.272124	0.445000	0.698000	3.528000
-16.270124	0.445000	0.698000	3.528000
-16.268124	0.445000	0.698000	3.528000
-16.266124	0.445000	0.698000	3.528000
-16.264124	0.445000	0.698000	3.528000
-16.262124	0.445000	0.698000	3.528000
-16.260124	0.445000	0.698000	3.528000
-16.258124	0.445000	0.698000	3.528000
-16.256124	0.445000	0.698000	3.528000
-16.254124	0.445000	0.698000	3.528000
-16.252124	0.445000	0.698000	3.528000
-16.250124	0.445000	0.698000	3.528000
-16.248124	0.445000	0.698000	3.528000
-16.246124	0.445000	0.698000	3.528000
-16.244124	0.445000	0.698000	3.528000
-16.242124	0.445000	0.698000	3.528000
-16.240124	0.445000	0.698000	3.528000
-16.238124	0.445000	0.698000	3.528000
-16.236124	0.445000	0.698000	3.528000
-16.234124	0.445000	0.698000	3.528000
-16.232124	0.445000	0.698000	3.528000
-16.230124	0.445000	0.698000	3.528000
-16.228124	0.445000	0.698000	3.528000
-16.226124	0.445000	0.698000	3.528000
-16.224124	0.445000	0.698000	3.528000
-16.222124	0.445000	0.698000	3.528000
-16.220124	0.445000	0.698000	3.528000
-16.218124	0.445000	0.698000	3.528000
-16.216124	0.445000	0.698000	3.528000
-16.214124	0.445000	0.698000	3.528000
-16.212124	0.445000	0.698000	3.528000
-16.210124	0.445000	0.698000	3.528000
-16.208124	0.445000	0.698000	3.528000
-16.206124	0.445000	0.698000	3.528000
-16.204124	0.445000	0.698000	3.528000
-16.202124	0.445000	0.698000	3.528000
-16.200124	0.445000	0.698000	3.528000
-16.198124	0.445000	0.698000	3.528000
-16.196124	0.445000	0.698000	3.528000
-16.194124	0.445000	0.698000	3.528000
-16.192124	0.445000	0.698000	3.528000
-16.190124	0.445000	0.698000	3.528000
-16.188124	0.445000	0.698000	3.528000
-16.186124	0.445000	0.698000	3.528000
-16.184124	0.445000	0.698000	3.528000
-16.182124	0.445000	0.698000	3.528000
-16.180124	0.445000	0.698000	3.528000
-16.178124	0.445000	0.698000	3.528000
-16.176124	0.445000	0.698000	3.528000
-16.174124	0.445000	0.698000	3.528000
-16.172124	0.445000	0.698000	3.528000
-16.170124	0.445000	0.698000	3.528000
-16.168124	0.445000	0.698000	3.528000
-16.166124	0.445000	0.698000	3.528000
-16.164124	0.445000	0.698000	3.528000
-16.162124	0.445000	0.698000	3.528000
-16.160124	0.445000	0.698000	3.528000
-16.158124	0.445000	0.698000	3.528000
-16.156124	0.445000	0.698000	3.528000
-16.154124	0.445000	0.698000	3.528000
-16.152124	0.445000	0.698000	3.528000
-16.150124	0.445000	0.698000	3.528000
-16.148124	0.445000	0.698000	3.528000
-16.146124	0.445000	0.698000	3.528000
-16.144124	0.445000	0.698000	3.528000
-16.142124	0.445000	0.698000	3.528000
-16.140124	0.445000	0.698000	3.528000
-16.138124	0.445000	0.698000	3.528000
-16.136124	0.445000	0.698000	3.528000
-16.134124	0.445000	0.698000	3.528000
-16.132124	0.445000	0.698000	3.528000
-16.130124	0.445000	0.698000	3.528000
-16.128124	0.445000	0.698000	3.528000
-16.126124	0.445000	0.698000	3.528000
-16.124124	0.445000	0.698000	3.528000
-16.122124	0.445000	0.698000	3.528000
-16.120124	0.445000	0.698000	3.528000
-16.118124	0.445000	0.698000	3.528000
-16.116124	0.445000	0.698000	3.528000
-16.114124	0.445000	0.698000	3.528000
-16.112124	0.445000	0.698000	3.528000
-16.110124	0.445000	0.698000	3.528000
-16.108124	0.445000	0.698000	3.528000
-16.106124	0.445000	0.698000	3.528000
-16.104124	0.445000	0.698000	3.528000
-16.102124	0.445000	0.698000	3.528000
-16.100124	0.445000	0.698000	3.528000
-16.098124	0.445000	0.698000	3.528000
-16.096124	0.445000	0.698000	3.528000
-16.094124	0.445000	0.698000	3.528000
-16.092124	0.445000	0.698000	3.528000
-16.090124	0.445000	0.698000	3.528000
-16.088124	0.445000	0.698000	3.528000
-16.086124	0.445000	0.698000	3.528000
-16.084124	0.445000	0.698000	3.528000
-16.082124	0.445000	0.698000	3.528000
-16.080124	0.445000	0.698000	3.528000
-16.078124	0.445000	0.698000	3.528000
-16.076124	0.445000	0.698000	3.528000
-16.074124	0.445000	0.698000	3.528000
-16.072124	0.445000	0.698000	3.528000
-16.070124	0.445000	0.698000	3.528000
-16.068124	0.445000	0.698000	3.528000
-16.066124	0.445000	0.698000	3.528000
-16.064124	0.445000	0.698000	3.528000
-16.062124	0.445000	0.698000	3.528000
-16.060124	0.445000	0.698000	3.528000
-16.058124	0.445000	0.698000	3.528000
-16.056124	0.445000	0.698000	3.528000
-16.054124	0.445000	0.698000	3.528000
-16.052124	0.445000	0.698000	3.528000
-16.050124	0.445000	0.698000	3.528000
-16.048124	0.445000	0.698000	3.528000
-16.046124	0.445000	0.698000	3.528000
-16.044124	0.445000	0.698000	3.528000
-16.042124	0.445000	0.698000	3.528000
-16.040124	0.445000	0.698000	3.528000
-16.038124	0.445000	0.698000	3.528000
-16.036124	0.445000	0.698000	3.528000
-16.034124	0.445000	0.698000	3.528000
-16.032124	0.445000	0.698000	3.528000
-16.030124	0.445000	0.698000	3.528000
-16.028124	0.445000	0.698000	3.528000
-16.026124	0.445000	0.698000	3.528000
-16.024124	0.445000	0.698000	3.528000
-16.022124	0.445000	0.698000	3.528000
-16.020124	0.445000	0.698000	3.528000
-16.018124	0.445000	0.698000	3.528000
-16.016124	0.445000	0.698000	3.528000
-16.014124	0.445000	0.698000	3.528000
-16.012124	0.445000	0.698000	3.528000
-16.010124	0.445000	0.698000	3.528000
-16.008124	0.445000	0.698000	3.528000
-16.006124	0.445000	0.698000	3.528000
-16.004124	0.445000	0.698000	3.528000
-16.002124	0.445000	0.698000	3.528000
-16.000124	0.445000	0.698000	3.528000
-15.998124	0.445000	0.698000	3.528000
-15.996124	0.445000	0.698000	3.528000
-15.994124	0.445000	0.698000	3.528000
-15.992124	0.445000	0.698000	3.528000
-15.990124	0.445000	0.698000	3.528000
-15.988124	0.445000	0.698000	3.528000
-15.986124	0.445000	0.698000	3.528000
-15.984124	0.445000	0.698000	3.528000
-15.982124	0.445000	0.698000	3.528000
-15.980124	0.445000	0.698000	3.528000
-15.978124	0.445000	0.698000	3.528000
-15.976124	0.445000	0.698000	3.528000
-15.974124	0.445000	0.698000	3.528000
-15.972124	0.445000	0.698000	3.528000
-15.970124	0.445000	0.698000	3.528000
-15.968124	0.445000	0.698000	3.528000
-15.966124	0.445000	0.698000	3.528000
-15.964124	0.445000	0.698000	3.528000
-15.962124	0.445000	0.698000	3.528000
-15.960124	0.445000	0.698000	3.528000
-15.958124	0.445000	0.698000	3.528000
-15.956124	0.445000	0.698000	3.528000
-15.954124	0.445000	0.698000	3.528000
-15.952124	0.445000	0.698000	3.528000
-15.950124	0.445000	0.698000	3.528000
-15.948124	0.445000	0.698000	3.528000
-15.946124	0.445000	0.698000	3.528000
-15.944124	0.445000	0.698000	3.528000
-15.942124	0.445000	0.698000	3.528000
-15.940124	0.445000	0.698000	3.528000
-15.938124	0.445000	0.698000	3.528000
-15.936124	0.445000	0.698000	3.528000
-15.934124	0.445000	0.698000	3.528000
-15.932124	0.445000	0.698000	3.528000
-15.930124	0.445000	0.698000	3.528000
-15.928124	0.445000	0.698000	3.528000
-15.926124	0.445000	0.698000	3.528000
-15.924124	0.445000	0.698000	3.528000
-15.922124	0.445000	0.698000	3.528000
-15.920124	0.445000	0.698000	3.528000
-15.918124	0.445000	0.698000	3.528000
-15.916124	0.445000	0.698000	3.528000
-15.914124	0.445000	0.698000	3.528000
-15.912124	0.445000	0.698000	3.528000
-15.910124	0.445000	0.698000	3.528000
-15.908124	0.445000	0.698000	3.528000
-15.906124	0.445000	0.698000	3.528000
-15.904124	0.445000	0.698000	3.528000
-15.902124	0.445000	0.698000	3.528000
-15.900124	0.445000	0.698000	3.528000
-15.898124	0.445000	0.698000	3.528000
-15.896124	0.445000	0.698000	3.528000
-15.894124	0.445000	0.698000	3.528000
-15.892124	0.445000	0.698000	3.528000
-15.890124	0.445000	0.698000	3.528000
-15.888124	0.445000	0.698000	3.528000
-15.886124	0.445000	0.698000	3.528000
-15.884124	0.445000	0.698000	3.528000
-15.882124	0.445000	0.698000	3.528000
-15.880124	0.445000	0.698000	3.528000
-15.878124	0.445000	0.698000	3.528000
-15.876124	0.445000	0.698000	3.528000
-15.874124	0.445000	0.698000	3.528000
-15.872124	0.445000	0.698000	3.528000
-15.870124	0.445000	0.698000	3.528000
-15.868124	0.445000	0.698000	3.528000
-15.866124	0.445000	0.698000	3.528000
-15.864124	0.445000	0.698000	3.528000
-15.862124	0.445000	0.698000	3.528000
-15.860124	0.445000	0.698000	3.528000
-15.858124	0.445000	0.698000	3.528000
-15.856124	0.445000	0.698000	3.528000
-15.854124	0.445000	0.698000	3.528000
-15.852124	0.445000	0.698000	3.528000
-15.850124	0.445000	0.698000	3.528000
-15.848124	0.445000	0.698000	3.528000
-15.846124	0.445000	0.698000	3.528000
-15.844124	0.445000	0.698000	3.528000
-15.842124	0.445000	0.698000	3.528000
-15.840124	0.445000	0.698000	3.528000
-15.838124	0.445000	0.698000	3.528000
-15.836124	0.445000	0.698000	3.528000
-15.834124	0.445000	0.698000	3.528000
-15.832124	0.445000	0.698000	3.528000
-15.830124	0.445000	0.698000	3.528000
-15.828124	0.445000	0.698000	3.528000
-15.826124	0.445000	0.698000	3.528000
-15.824124	0.445000	0.698000	3.528000
-15.822124	0.445000	0.698000	3.528000
-15.820124	0.445000	0.698000	3.528000
-15.818124	0.445000	0.698000	3.528000
-15.816124	0.445000	0.698000	3.528000
-15.814124	0.445000	0.698000	3.528000
-15.812124	0.445000	0.698000	3.528000
-15.810124	0.445000	0.698000	3.528000
-15.808124	0.445000	0.698000	3.528000
-15.806124	0.445000	0.698000	3.528000
-15.804124	0.445000	0.698000	3.528000
-15.802124	0.445000	0.698000	3.528000
-15.800124	0.445000	0.698000	3.528000
-15.798124	0.445000	0.698000	3.528000
-15.796124	0.445000	0.698000	3.528000
-15.794124	0.445000	0.698000	3.528000
-15.792124	0.445000	0.698000	3.528000
-15.790124	0.445000	0.698000	3.528000
-15.788124	0.445000	0.698000	3.528000
-15.786124	0.445000	0.698000	3.528000
-15.784124	0.445000	0.698000	3.528000
-15.782124	0.445000	0.698000	3.528000
-15.780124	0.445000	0.698000	3.528000
-15.778124	0.445000	0.698000	3.528000
-15.776124	0.445000	0.698000	3.528000
-15.774124	0.445000	0.698000	3.528000
-15.772124	0.445000	0.698000	3.528000
-15.770124	0.445000	0.698000	3.528000
-15.768124	0.445000	0.698000	3.528000
-15.766124	0.445000	0.698000	3.528000
-15.764124	0.445000	0.698000	3.528000
-15.762124	0.445000	0.698000	3.528000
-15.760124	0.445000	0.698000	3.528000
-15.758124	0.445000	0.698000	3.528000
-15.756124	0.445000	0.698000	3.528000
-15.754124	0.445000	0.698000	3.528000
-15.752124	0.445000	0.698000	3.528000
-15.750124	0.445000	0.698000	3.528000
-15.748124	0.445000	0.698000	3.528000
-15.746124	0.445000	0.698000	3.528000
-15.744124	0.445000	0.698000	3.528000
-15.742124	0.445000	0.698000	3.528000
-15.740124	0.445000	0.698000	3.528000
-15.738124	0.445000	0.698000	3.528000
-15.736124	0.445000	0.698000	3.528000
-15.734124	0.445000	0.698000	3.528000
-15.732124	0.445000	0.698000	3.528000
-15.730124	0.445000	0.698000	3.528000
-15.728124	0.445000	0.698000	3.528000
-15.726124	0.445000	0.698000	3.528000
-15.724124	0.445000	0.698000	3.528000
-15.722124	0.445000	0.698000	3.528000
-15.720124	0.445000	0.698000	3.528000
-15.718124	0.445000	0.698000	3.528000
-15.716124	0.445000	0.698000	3.528000
-15.714124	0.445000	0.698000	3.528000
-15.712124	0.445000	0.698000	3.528000
-15.710124	0.445000	0.698000	3.528000
-15.708124	0.445000	0.698000	3.528000
-15.706124	0.445000	0.698000	3.528000
-15.704124	0.445000	0.698000	3.528000
-15.702124	0.445000	0.698000	3.528000
-15.700124	0.445000	0.698000	3.528000
-15.698124	0.445000	0.698000	3.528000
-15.696124	0.445000	0.698000	3.528000
-15.694124	0.445000	0.698000	3.528000
-15.692124	0.445000	0.698000	3.528000
-15.690124	0.445000	0.698000	3.528000
-15.688124	0.445000	0.698000	3.528000
-15.686124	0.445000	0.698000	3.528000
-15.684124	0.445000	0.698000	3.528000
-15.682124	0.445000	0.698000	3.528000
-15.680124	0.445000	0.698000	3.528000
-15.678124	0.445000	0.698000	3.528000
-15.676124	0.445000	0.698000	3.528000
-15.674124	0.445000	0.698000	3.528000
-15.672124	0.445000	0.698000	3.528000
-15.670124	0.445000	0.698000	3.528000
-15.668124	0.445000	0.698000	3.528000
-15.666124	0.445000	0.698000	3.528000
-15.664124	0.445000	0.698000	3.528000
-15.662124	0.445000	0.698000	3.528000
-15.660124	0.445000	0.698000	3.528000
-15.658124	0.445000	0.698000	3.528000
-15.656124	0.445000	0.698000	3.528000
-15.654124	0.445000	0.698000	3.528000
-15.652124	0.445000	0.698000	3.528000
-15.650124	0.445000	0.698000	3.528000
-15.648124	0.445000	0.698000	3.528000
-15.646124	0.445000	0.698000	3.528000
-15.644124	0.445000	0.698000	3.528000
-15.642124	0.445000	0.698000	3.528000
-15.640124	0.445000	0.698000	3.528000
-15.638124	0.445000	0.698000	3.528000
-15.636124	0.445000	0.698000	3.528000
-15.634124	0.445000	0.698000	3.528000
-15.632124	0.445000	0.698000	3.528000
-15.630124	0.445000	0.698000	3.528000
-15.628124	0.445000	0.698000	3.528000
-15.626124	0.445000	0.698000	3.528000
-15.624124	0.445000	0.698000	3.528000
-15.622124	0.445000	0.698000	3.528000
-15.620124	0.445000	0.698000	3.528000
-15.618124	0.445000	0.698000	3.528000
-15.616124	0.445000	0.698000	3.528000
-15.614124	0.445000	0.698000	3.528000
-15.612124	0.445000	0.698000	3.528000
-15.610124	0.445000	0.698000	3.528000
-15.608124	0.445000	0.698000	3.528000
-15.606124	0.445000	0.698000	3.528000
-15.604124	0.445000	0.698000	3.528000
-15.602124	0.445000	0.698000	3.528000
-15.600124	0.445000	0.698000	3.528000
-15.598124	0.445000	0.698000	3.528000
-15.596124	0.445000	0.698000	3.528000
-15.594124	0.445000	0.698000	3.528000
-15.592124	0.445000	0.698000	3.528000
-15.590124	0.445000	0.698000	3.528000
-15.588124	0.445000	0.698000	3.528000
-15.586124	0.445000	0.698000	3.528000
-15.584124	0.445000	0.698000	3.528000
-15.582124	0.445000	0.698000	3.528000
-15.580124	0.445000	0.698000	3.528000
-15.578124	0.445000	0.698000	3.528000
-15.576124	0.445000	0.698000	3.528000
-15.574124	0.445000	0.698000	3.528000
-15.572124	0.445000	0.698000	3.528000
-15.570124	0.445000	0.698000	3.528000
-15.568124	0.445000	0.698000	3.528000
-15.566124	0.445000	0.698000	3.528000
-15.564124	0.445000	0.698000	3.528000
-15.562124	0.445000	0.698000	3.528000
-15.560124	0.445000	0.698000	3.528000
-15.558124	0.445000	0.698000	3.528000
-15.556124	0.445000	0.698000	3.528000
-15.554124	0.445000	0.698000	3.528000
-15.552124	0.445000	0.698000	3.528000
-15.550124	0.445000	0.698000	3.528000
-15.548124	0.445000	0.698000	3.528000
-15.546124	0.445000	0.698000	3.528000
-15.544124	0.445000	0.698000	3.528000
-15.542124	0.445000	0.698000	3.528000
-15.540124	0.445000	0.698000	3.528000
-15.538124	0.445000	0.698000	3.528000
-15.536124	0.445000	0.698000	3.528000
-15.534124	0.445000	0.698000	3.528000
-15.532124	0.445000	0.698000	3.528000
-15.530124	0.445000	0.698000	3.528000
-15.528124	0.445000	0.698000	3.528000
-15.526124	0.445000	0.698000	3.528000
-15.524124	0.445000	0.698000	3.528000
-15.522124	0.445000	0.698000	3.528000
-15.520124	0.445000	0.698000	3.528000
-15.518124	0.445000	0.698000	3.528000
-15.516124	0.445000	0.698000	3.528000
-15.514124	0.445000	0.698000	3.528000
-15.512124	0.445000	0.698000	3.528000
-15.510124	0.445000	0.698000	3.528000
-15.508124	0.445000	0.698000	3.528000
-15.506124	0.445000	0.698000	3.528000
-15.504124	0.445000	0.698000	3.528000
-15.502124	0.445000	0.698000	3.528000
-15.500124	0.445000	0.698000	3.528000
-15.498124	0.445000	0.698000	3.528000
-15.496124	0.445000	0.698000	3.528000
-15.494124	0.445000	0.698000	3.528000
-15.492124	0.445000	0.698000	3.528000
-15.490124	0.445000	0.698000	3.528000
-15.488124	0.445000	0.698000	3.528000
-15.486124	0.445000	0.698000	3.528000
-15.484124	0.445000	0.698000	3.528000
-15.482124	0.445000	0.698000	3.528000
-15.480124	0.445000	0.698000	3.528000
-15.478124	0.445000	0.698000	3.528000
-15.476124	0.445000	0.698000	3.528000
-15.474124	0.445000	0.698000	3.528000
-15.472124	0.445000	0.698000	3.528000
-15.470124	0.445000	0.698000	3.528000
-15.468124	0.445000	0.698000	3.528000
-15.466124	0.445000	0.698000	3.528000
-15.464124	0.445000	0.698000	3.528000
-15.462124	0.445000	0.698000	3.528000
-15.460124	0.445000	0.698000	3.528000
-15.458124	0.445000	0.698000	3.528000
-15.456124	0.445000	0.698000	3.528000
-15.454124	0.445000	0.698000	3.528000
-15.452124	0.445000	0.698000	3.528000
-15.450124	0.445000	0.698000	3.528000
-15.448124	0.445000	0.698000	3.528000
-15.446124	0.445000	0.698000	3.528000
-15.444124	0.445000	0.698000	3.528000
-15.442124	0.445000	0.698000	3.528000
-15.440124	0.445000	0.698000	3.528000
-15.438124	0.445000	0.698000	3.528000
-15.436124	0.445000	0.698000	3.528000
-15.434124	0.445000	0.698000	3.528000
-15.432124	0.445000	0.698000	3.528000
-15.430124	0.445000	0.698000	3.528000
-15.428124	0.445000	0.698000	3.528000
-15.426124	0.445000	0.698000	3.528000
-15.424124	0.445000	0.698000	3.528000
-15.422124	0.445000	0.698000	3.528000
-15.420124	0.445000	0.698000	3.528000
-15.418124	0.445000	0.698000	3.528000
-15.416124	0.445000	0.698000	3.528000
-15.414124	0.445000	0.698000	3.528000
-15.412124	0.445000	0.698000	3.528000
-15.410124	0.445000	0.698000	3.528000
-15.408124	0.445000	0.698000	3.528000
-15.406124	0.445000	0.698000	3.528000
-15.404124	0.445000	0.698000	3.528000
-15.402124	0.445000	0.698000	3.528000
-15.400124	0.445000	0.698000	3.528000
-15.398124	0.445000	0.698000	3.528000
-15.396124	0.445000	0.698000	3.528000
-15.394124	0.445000	0.698000	3.528000
-15.392124	0.445000	0.698000	3.528000
-15.390124	0.445000	0.698000	3.528000
-15.388124	0.445000	0.698000	3.528000
-15.386124	0.445000	0.698000	3.528000
-15.384124	0.445000	0.698000	3.528000
-15.382124	0.445000	0.698000	3.528000
-15.380124	0.445000	0.698000	3.528000
-15.378124	0.445000	0.698000	3.528000
-15.376124	0.445000	0.698000	3.528000
-15.374124	0.445000	0.698000	3.528000
-15.372124	0.445000	0.698000	3.528000
-15.370124	0.445000	0.698000	3.528000
-15.368124	0.445000	0.698000	3.528000
-15.366124	0.445000	0.698000	3.528000
-15.364124	0.445000	0.698000	3.528000
-15.362124	0.445000	0.698000	3.528000
-15.360124	0.445000	0.698000	3.528000
-15.358124	0.445000	0.698000	3.528000
-15.356124	0.445000	0.698000	3.528000
-15.354124	0.445000	0.698000	3.528000
-15.352124	0.445000	0.698000	3.528000
-15.350124	0.445000	0.698000	3.528000
-15.348124	0.445000	0.698000	3.528000
-15.346124	0.445000	0.698000	3.528000
-15.344124	0.445000	0.698000	3.528000
-15.342124	0.445000	0.698000	3.528000
-15.340124	0.445000	0.698000	3.528000
-15.338124	0.445000	0.698000	3.528000
-15.336124	0.445000	0.698000	3.528000
-15.334124	0.445000	0.698000	3.528000
-15.332124	0.445000	0.698000	3.528000
-15.330124	0.445000	0.698000	3.528000
-15.328124	0.445000	0.698000	3.528000
-15.326124	0.445000	0.698000	3.528000
-15.324124	0.445000	0.698000	3.528000
-15.322124	0.445000	0.698000	3.528000
-15.320124	0.445000	0.698000	3.528000
-15.318124	0.445000	0.698000	3.528000
-15.316124	0.445000	0.698000	3.528000
-15.314124	0.445000	0.698000	3.528000
-15.312124	0.445000	0.698000	3.528000
-15.310124	0.445000	0.698000	3.528000
-15.308124	0.445000	0.698000	3.528000
-15.306124	0.445000	0.698000	3.528000
-15.304124	0.445000	0.698000	3.528000
-15.302124	0.445000	0.698000	3.528000
-15.300124	0.445000	0.698000	3.528000
-15.298124	0.445000	0.698000	3.528000
-15.296124	0.445000	0.698000	3.528000
-15.294124	0.445000	0.698000	3.528000
-15.292124	0.445000	0.698000	3.528000
-15.290124	0.445000	0.698000	3.528000
-15.288124	0.445000	0.698000	3.528000
-15.286124	0.445000	0.698000	3.528000
-15.284124	0.445000	0.698000	3.528000
-15.282124	0.445000	0.698000	3.528000
-15.280124	0.445000	0.698000	3.528000
-15.278124	0.445000	0.698000	3.528000
-15.276124	0.445000	0.698000	3.528000
-15.274124	0.445000	0.698000	3.528000
-15.272124	0.445000	0.698000	3.528000
-15.270124	0.445000	0.698000	3.528000
-15.268124	0.445000	0.698000	3.528000
-15.266124	0.445000	0.698000	3.528000
-15.264124	0.445000	0.698000	3.528000
-15.262124	0.445000	0.698000	3.528000
-15.260124	0.445000	0.698000	3.528000
-15.258124	0.445000	0.698000	3.528000
-15.256124	0.445000	0.698000	3.528000
-15.254124	0.445000	0.698000	3.528000
-15.252124	0.445000	0.698000	3.528000
-15.250124	0.445000	0.698000	3.528000
-15.248124	0.445000	0.698000	3.528000
-15.246124	0.445000	0.698000	3.528000
-15.244124	0.445000	0.698000	3.528000
-15.242124	0.445000	0.698000	3.528000
-15.240124	0.445000	0.698000	3.528000
-15.238124	0.445000	0.698000	3.528000
-15.236124	0.445000	0.698000	3.528000
-15.234124	0.445000	0.698000	3.528000
-15.232124	0.445000	0.698000	3.528000
-15.230124	0.445000	0.698000	3.528000
-15.228124	0.445000	0.698000	3.528000
-15.226124	0.445000	0.698000	3.528000
-15.224124	0.445000	0.698000	3.528000
-15.222124	0.445000	0.698000	3.528000
-15.220124	0.445000	0.698000	3.528000
-15.218124	0.445000	0.698000	3.528000
-15.216124	0.445000	0.698000	3.528000
-15.214124	0.445000	0.698000	3.528000
-15.212124	0.445000	0.698000	3.528000
-15.210124	0.445000	0.698000	3.528000
-15.208124	0.445000	0.698000	3.528000
-15.206124	0.445000	0.698000	3.528000
-15.204124	0.445000	0.698000	3.528000
-15.202124	0.445000	0.698000	3.528000
-15.200124	0.445000	0.698000	3.528000
-15.198124	0.445000	0.698000	3.528000
-15.196124	0.445000	0.698000	3.528000
-15.194124	0.445000	0.698000	3.528000
-15.192124	0.445000	0.698000	3.528000
-15.190124	0.445000	0.698000	3.528000
-15.188124	0.445000	0.698000	3.528000
-15.186124	0.445000	0.698000	3.528000
-15.184124	0.445000	0.698000	3.528000
-15.182124	0.445000	0.698000	3.528000
-15.180124	0.445000	0.698000	3.528000
-15.178124	0.445000	0.698000	3.528000
-15.176124	0.445000	0.698000	3.528000
-15.174124	0.445000	0.698000	3.528000
-15.172124	0.445000	0.698000	3.528000
-15.170124	0.445000	0.698000	3.528000
-15.168124	0.445000	0.698000	3.528000
-15.166124	0.445000	0.698000	3.528000
-15.164124	0.445000	0.698000	3.528000
-15.162124	0.445000	0.698000	3.528000
-15.160124	0.445000	0.698000	3.528000
-15.158124	0.445000	0.698000	3.528000
-15.156124	0.445000	0.698000	3.528000
-15.154124	0.445000	0.698000	3.528000
-15.152124	0.445000	0.698000	3.528000
-15.150124	0.445000	0.698000	3.528000
-15.148124	0.445000	0.698000	3.528000
-15.146124	0.445000	0.698000	3.528000
-15.144124	0.445000	0.698000	3.528000
-15.142124	0.445000	0.698000	3.528000
-15.140124	0.445000	0.698000	3.528000
-15.138124	0.445000	0.698000	3.528000
-15.136124	0.445000	0.698000	3.528000
-15.134124	0.445000	0.698000	3.528000
-15.132124	0.445000	0.698000	3.528000
-15.130124	0.445000	0.698000	3.528000
-15.128124	0.445000	0.698000	3.528000
-15.126124	0.445000	0.698000	3.528000
-15.124124	0.445000	0.698000	3.528000
-15.122124	0.445000	0.698000	3.528000
-15.120124	0.445000	0.698000	3.528000
-15.118124	0.445000	0.698000	3.528000
-15.116124	0.445000	0.698000	3.528000
-15.114124	0.445000	0.698000	3.528000
-15.112124	0.445000	0.698000	3.528000
-15.110124	0.445000	0.698000	3.528000
-15.108124	0.445000	0.698000	3.528000
-15.106124	0.445000	0.698000	3.528000
-15.104124	0.445000	0.698000	3.528000
-15.102124	0.445000	0.698000	3.528000
-15.100124	0.445000	0.698000	3.528000
-15.098124	0.445000	0.698000	3.528000
-15.096124	0.445000	0.698000	3.528000
-15.094124	0.445000	0.698000	3.528000
-15.092124	0.445000	0.698000	3.528000
-15.090124	0.445000	0.698000	3.528000
-15.088124	0.445000	0.698000	3.528000
-15.086124	0.445000	0.698000	3.528000
-15.084124	0.445000	0.698000	3.528000
-15.082124	0.445000	0.698000	3.528000
-15.080124	0.445000	0.698000	3.528000
-15.078124	0.445000	0.698000	3.528000
-15.076124	0.445000	0.698000	3.528000
-15.074124	0.445000	0.698000	3.528000
-15.072124	0.445000	0.698000	3.528000
-15.070124	0.445000	0.698000	3.528000
-15.068124	0.445000	0.698000	3.528000
-15.066124	0.445000	0.698000	3.528000
-15.064124	0.445000	0.698000	3.528000
-15.062124	0.445000	0.698000	3.528000
-15.060124	0.445000	0.698000	3.528000
-15.058124	0.445000	0.698000	3.528000
-15.056124	0.445000	0.698000	3.528000
-15.054124	0.445000	0.698000	3.528000
-15.052124	0.445000	0.698000	3.528000
-15.050124	0.445000	0.698000	3.528000
-15.048124	0.445000	0.698000	3.528000
-15.046124	0.445000	0.698000	3.528000
-15.044124	0.445000	0.698000	3.528000
-15.042124	0.445000	0.698000	3.528000
-15.040124	0.445000	0.698000	3.528000
-15.038124	0.445000	0.698000	3.528000
-15.036124	0.445000	0.698000	3.528000
-15.034124	0.445000	0.698000	3.528000
-15.032124	0.445000	0.698000	3.528000
-15.030124	0.445000	0.698000	3.528000
-15.028124	0.445000	0.698000	3.528000
-15.026124	0.445000	0.698000	3.528000
-15.024124	0.445000	0.698000	3.528000
-15.022124	0.445000	0.698000	3.528000
-15.020124	0.445000	0.698000	3.528000
-15.018124	0.445000	0.698000	3.528000
-15.016124	0.445000	0.698000	3.528000
-15.014124	0.445000	0.698000	3.528000
-15.012124	0.445000	0.698000	3.528000
-15.010124	0.445000	0.698000	3.528000
-15.008124	0.445000	0.698000	3.528000
-15.006124	0.445000	0.698000	3.528000
-15.004124	0.445000	0.698000	3.528000
-15.002124	0.445000	0.698000	3.528000
-15.000124	0.445000	0.698000	3.528000
-14.998124	0.445000	0.698000	3.528000
-14.996124	0.445000	0.698000	3.528000
-14.994124	0.445000	0.698000	3.528000
-14.992124	0.445000	0.698000	3.528000
-14.990124	0.445000	0.698000	3.528000
-14.988124	0.445000	0.698000	3.528000
-14.986124	0.445000	0.698000	3.528000
-14.984124	0.445000	0.698000	3.528000
-14.982124	0.445000	0.698000	3.528000
-14.980124	0.445000	0.698000	3.528000
-14.978124	0.445000	0.698000	3.528000
-14.976124	0.445000	0.698000	3.528000
-14.974124	0.445000	0.698000	3.528000
-14.972124	0.445000	0.698000	3.528000
-14.970124	0.445000	0.698000	3.528000
-14.968124	0.445000	0.698000	3.528000
-14.966124	0.445000	0.698000	3.528000
-14.964124	0.445000	0.698000	3.528000
-14.962124	0.445000	0.698000	3.528000
-14.960124	0.445000	0.698000	3.528000
-14.958124	0.445000	0.698000	3.528000
-14.956124	0.445000	0.698000	3.528000
-14.954124	0.445000	0.698000	3.528000
-14.952124	0.445000	0.698000	3.528000
-14.950124	0.445000	0.698000	3.528000
-14.948124	0.445000	0.698000	3.528000
-14.946124	0.445000	0.698000	3.528000
-14.944124	0.445000	0.698000	3.528000
-14.942124	0.445000	0.698000	3.528000
-14.940124	0.445000	0.698000	3.528000
-14.938124	0.445000	0.698000	3.528000
-14.936124	0.445000	0.698000	3.528000
-14.934124	0.445000	0.698000	3.528000
-14.932124	0.445000	0.698000	3.528000
-14.930124	0.445000	0.698000	3.528000
-14.928124	0.445000	0.698000	3.528000
-14.926124	0.445000	0.698000	3.528000
-14.924124	0.445000	0.698000	3.528000
-14.922124	0.445000	0.698000	3.528000
-14.920124	0.445000	0.698000	3.528000
-14.918124	0.445000	0.698000	3.528000
-14.916124	0.445000	0.698000	3.528000
-14.914124	0.445000	0.698000	3.528000
-14.912124	0.445000	0.698000	3.528000
-14.910124	0.445000	0.698000	3.528000
-14.908124	0.445000	0.698000	3.528000
-14.906124	0.445000	0.698000	3.528000
-14.904124	0.445000	0.698000	3.528000
-14.902124	0.445000	0.698000	3.528000
-14.900124	0.445000	0.698000	3.528000
-14.898124	0.445000	0.698000	3.528000
-14.896124	0.445000	0.698000	3.528000
-14.894124	0.445000	0.698000	3.528000
-14.892124	0.445000	0.698000	3.528000
-14.890124	0.445000	0.698000	3.528000
-14.888124	0.445000	0.698000	3.528000
-14.886124	0.445000	0.698000	3.528000
-14.884124	0.445000	0.698000	3.528000
-14.882124	0.445000	0.698000	3.528000
-14.880124	0.445000	0.698000	3.528000
-14.878124	0.445000	0.698000	3.528000
-14.876124	0.445000	0.698000	3.528000
-14.874124	0.445000	0.698000	3.528000
-14.872124	0.445000	0.698000	3.528000
-14.870124	0.445000	0.698000	3.528000
-14.868124	0.445000	0.698000	3.528000
-14.866124	0.445000	0.698000	3.528000
-14.864124	0.445000	0.698000	3.528000
-14.862124	0.445000	0.698000	3.528000
-14.860124	0.445000	0.698000	3.528000
-14.858124	0.445000	0.698000	3.528000
-14.856124	0.445000	0.698000	3.528000
-14.854124	0.445000	0.698000	3.528000
-14.852124	0.445000	0.698000	3.528000
-14.850124	0.445000	0.698000	3.528000
-14.848124	0.445000	0.698000	3.528000
-14.846124	0.445000	0.698000	3.528000
-14.844124	0.445000	0.698000	3.528000
-14.842124	0.445000	0.698000	3.528000
-14.840124	0.445000	0.698000	3.528000
-14.838124	0.445000	0.698000	3.528000
-14.836124	0.445000	0.698000	3.528000
-14.834124	0.445000	0.698000	3.528000
-14.832124	0.445000	0.698000	3.528000
-14.830124	0.445000	0.698000	3.528000
-14.828124	0.445000	0.698000	3.528000
-14.826124	0.445000	0.698000	3.528000
-14.824124	0.445000	0.698000	3.528000
-14.822124	0.445000	0.698000	3.528000
-14.820124	0.445000	0.698000	3.528000
-14.818124	0.445000	0.698000	3.528000
-14.816124	0.445000	0.698000	3.528000
-14.814124	0.445000	0.698000	3.528000
-14.812124	0.445000	0.698000	3.528000
-14.810124	0.445000	0.698000	3.528000
-14.808124	0.445000	0.698000	3.528000
-14.806124	0.445000	0.698000	3.528000
-14.804124	0.445000	0.698000	3.528000
-14.802124	0.445000	0.698000	3.528000
-14.800124	0.445000	0.698000	3.528000
-14.798124	0.445000	0.698000	3.528000
-14.796124	0.445000	0.698000	3.528000
-14.794124	0.445000	0.698000	3.528000
-14.792124	0.445000	0.698000	3.528000
-14.790124	0.445000	0.698000	3.528000
-14.788124	0.445000	0.698000	3.528000
-14.786124	0.445000	0.698000	3.528000
-14.784124	0.445000	0.698000	3.528000
-14.782124	0.445000	0.698000	3.528000
-14.780124	0.445000	0.698000	3.528000
-14.778124	0.445000	0.698000	3.528000
-14.776124	0.445000	0.698000	3.528000
-14.774124	0.445000	0.698000	3.528000
-14.772124	0.445000	0.698000	3.528000
-14.770124	0.445000	0.698000	3.528000
-14.768124	0.445000	0.698000	3.528000
-14.766124	0.445000	0.698000	3.528000
-14.764124	0.445000	0.698000	3.528000
-14.762124	0.445000	0.698000	3.528000
-14.760124	0.445000	0.698000	3.528000
-14.758124	0.445000	0.698000	3.528000
-14.756124	0.445000	0.698000	3.528000
-14.754124	0.445000	0.698000	3.528000
-14.752124	0.445000	0.698000	3.528000
-14.750124	0.445000	0.698000	3.528000
-14.748124	0.445000	0.698000	3.528000
-14.746124	0.445000	0.698000	3.528000
-14.744124	0.445000	0.698000	3.528000
-14.742124	0.445000	0.698000	3.528000
-14.740124	0.445000	0.698000	3.528000
-14.738124	0.445000	0.698000	3.528000
-14.736124	0.445000	0.698000	3.528000
-14.734124	0.445000	0.698000	3.528000
-14.732124	0.445000	0.698000	3.528000
-14.730124	0.445000	0.698000	3.528000
-14.728124	0.445000	0.698000	3.528000
-14.726124	0.445000	0.698000	3.528000
-14.724124	0.445000	0.698000	3.528000
-14.722124	0.445000	0.698000	3.528000
-14.720124	0.445000	0.698000	3.528000
-14.718124	0.445000	0.698000	3.528000
-14.716124	0.445000	0.698000	3.528000
-14.714124	0.445000	0.698000	3.528000
-14.712124	0.445000	0.698000	3.528000
-14.710124	0.445000	0.698000	3.528000
-14.708124	0.445000	0.698000	3.528000
-14.706124	0.445000	0.698000	3.528000
-14.704124	0.445000	0.698000	3.528000
-14.702124	0.445000	0.698000	3.528000
-14.700124	0.445000	0.698000	3.528000
-14.698124	0.445000	0.698000	3.528000
-14.696124	0.445000	0.698000	3.528000
-14.694124	0.445000	0.698000	3.528000
-14.692124	0.445000	0.698000	3.528000
-14.690124	0.445000	0.698000	3.528000
-14.688124	0.445000	0.698000	3.528000
-14.686124	0.445000	0.698000	3.528000
-14.684124	0.445000	0.698000	3.528000
-14.682124	0.445000	0.698000	3.528000
-14.680124	0.445000	0.698000	3.528000
-14.678124	0.445000	0.698000	3.528000
-14.676124	0.445000	0.698000	3.528000
-14.674124	0.445000	0.698000	3.528000
-14.672124	0.445000	0.698000	3.528000
-14.670124	0.445000	0.698000	3.528000
-14.668124	0.445000	0.698000	3.528000
-14.666124	0.445000	0.698000	3.528000
-14.664124	0.445000	0.698000	3.528000
-14.662124	0.445000	0.698000	3.528000
-14.660124	0.445000	0.698000	3.528000
-14.658124	0.445000	0.698000	3.528000
-14.656124	0.445000	0.698000	3.528000
-14.654124	0.445000	0.698000	3.528000
-14.652124	0.445000	0.698000	3.528000
-14.650124	0.445000	0.698000	3.528000
-14.648124	0.445000	0.698000	3.528000
-14.646124	0.445000	0.698000	3.528000
-14.644124	0.445000	0.698000	3.528000
-14.642124	0.445000	0.698000	3.528000
-14.640124	0.445000	0.698000	3.528000
-14.638124	0.445000	0.698000	3.528000
-14.636124	0.445000	0.698000	3.528000
-14.634124	0.445000	0.698000	3.528000
-14.632124	0.445000	0.698000	3.528000
-14.630124	0.445000	0.698000	3.528000
-14.628124	0.445000	0.698000	3.528000
-14.626124	0.445000	0.698000	3.528000
-14.624124	0.445000	0.698000	3.528000
-14.622124	0.445000	0.698000	3.528000
-14.620124	0.445000	0.698000	3.528000
-14.618124	0.445000	0.698000	3.528000
-14.616124	0.445000	0.698000	3.528000
-14.614124	0.445000	0.698000	3.528000
-14.612124	0.445000	0.698000	3.528000
-14.610124	0.445000	0.698000	3.528000
-14.608124	0.445000	0.698000	3.528000
-14.606124	0.445000	0.698000	3.528000
-14.604124	0.445000	0.698000	3.528000
-14.602124	0.445000	0.698000	3.528000
-14.600124	0.445000	0.698000	3.528000
-14.598124	0.445000	0.698000	3.528000
-14.596124	0.445000	0.698000	3.528000
-14.594124	0.445000	0.698000	3.528000
-14.592124	0.445000	0.698000	3.528000
-14.590124	0.445000	0.698000	3.528000
-14.588124	0.445000	0.698000	3.528000
-14.586124	0.445000	0.698000	3.528000
-14.584124	0.445000	0.698000	3.528000
-14.582124	0.445000	0.698000	3.528000
-14.580124	0.445000	0.698000	3.528000
-14.578124	0.445000	0.698000	3.528000
-14.576124	0.445000	0.698000	3.528000
-14.574124	0.445000	0.698000	3.528000
-14.572124	0.445000	0.698000	3.528000
-14.570124	0.445000	0.698000	3.528000
-14.568124	0.445000	0.698000	3.528000
-14.566124	0.445000	0.698000	3.528000
-14.564124	0.445000	0.698000	3.528000
-14.562124	0.445000	0.698000	3.528000
-14.560124	0.445000	0.698000	3.528000
-14.558124	0.445000	0.698000	3.528000
-14.556124	0.445000	0.698000	3.528000
-14.554124	0.445000	0.698000	3.528000
-14.552124	0.445000	0.698000	3.528000
-14.550124	0.445000	0.698000	3.528000
-14.548124	0.445000	0.698000	3.528000
-14.546124	0.445000	0.698000	3.528000
-14.544124	0.445000	0.698000	3.528000
-14.542124	0.445000	0.698000	3.528000
-14.540124	0.445000	0.698000	3.528000
-14.538124	0.445000	0.698000	3.528000
-14.536124	0.445000	0.698000	3.528000
-14.534124	0.445000	0.698000	3.528000
-14.532124	0.445000	0.698000	3.528000
-14.530124	0.445000	0.698000	3.528000
-14.528124	0.445000	0.698000	3.528000
-14.526124	0.445000	0.698000	3.528000
-14.524124	0.445000	0.698000	3.528000
-14.522124	0.445000	0.698000	3.528000
-14.520124	0.445000	0.698000	3.528000
-14.518124	0.445000	0.698000	3.528000
-14.516124	0.445000	0.698000	3.528000
-14.514124	0.445000	0.698000	3.528000
-14.512124	0.445000	0.698000	3.528000
-14.510124	0.445000	0.698000	3.528000
-14.508124	0.445000	0.698000	3.528000
-14.506124	0.445000	0.698000	3.528000
-14.504124	0.445000	0.698000	3.528000
-14.502124	0.445000	0.698000	3.528000
-14.500124	0.445000	0.698000	3.528000
-14.498124	0.445000	0.698000	3.528000
-14.496124	0.445000	0.698000	3.528000
-14.494124	0.445000	0.698000	3.528000
-14.492124	0.445000	0.698000	3.528000
-14.490124	0.445000	0.698000	3.528000
-14.488124	0.445000	0.698000	3.528000
-14.486124	0.445000	0.698000	3.528000
-14.484124	0.445000	0.698000	3.528000
-14.482124	0.445000	0.698000	3.528000
-14.480124	0.445000	0.698000	3.528000
-14.478124	0.445000	0.698000	3.528000
-14.476124	0.445000	0.698000	3.528000
-14.474124	0.445000	0.698000	3.528000
-14.472124	0.445000	0.698000	3.528000
-14.470124	0.445000	0.698000	3.528000
-14.468124	0.445000	0.698000	3.528000
-14.466124	0.445000	0.698000	3.528000
-14.464124	0.445000	0.698000	3.528000
-14.462124	0.445000	0.698000	3.528000
-14.460124	0.445000	0.698000	3.528000
-14.458124	0.445000	0.698000	3.528000
-14.456124	0.445000	0.698000	3.528000
-14.454124	0.445000	0.698000	3.528000
-14.452124	0.445000	0.698000	3.528000
-14.450124	0.445000	0.698000	3.528000
-14.448124	0.445000	0.698000	3.528000
-14.446124	0.445000	0.698000	3.528000
-14.444124	0.445000	0.698000	3.528000
-14.442124	0.445000	0.698000	3.528000
-14.440124	0.445000	0.698000	3.528000
-14.438124	0.445000	0.698000	3.528000
-14.436124	0.445000	0.698000	3.528000
-14.434124	0.445000	0.698000	3.528000
-14.432124	0.445000	0.698000	3.528000
-14.430124	0.445000	0.698000	3.528000
-14.428124	0.445000	0.698000	3.528000
-14.426124	0.445000	0.698000	3.528000
-14.424124	0.445000	0.698000	3.528000
-14.422124	0.445000	0.698000	3.528000
-14.420124	0.445000	0.698000	3.528000
-14.418124	0.445000	0.698000	3.528000
-14.416124	0.445000	0.698000	3.528000
-14.414124	0.445000	0.698000	3.528000
-14.412124	0.445000	0.698000	3.528000
-14.410124	0.445000	0.698000	3.528000
-14.408124	0.445000	0.698000	3.528000
-14.406124	0.445000	0.698000	3.528000
-14.404124	0.445000	0.698000	3.528000
-14.402124	0.445000	0.698000	3.528000
-14.400124	0.445000	0.698000	3.528000
-14.398124	0.445000	0.698000	3.528000
-14.396124	0.445000	0.698000	3.528000
-14.394124	0.445000	0.698000	3.528000
-14.392124	0.445000	0.698000	3.528000
-14.390124	0.445000	0.698000	3.528000
-14.388124	0.445000	0.698000	3.528000
-14.386124	0.445000	0.698000	3.528000
-14.384124	0.445000	0.698000	3.528000
-14.382124	0.445000	0.698000	3.528000
-14.380124	0.445000	0.698000	3.528000
-14.378124	0.445000	0.698000	3.528000
-14.376124	0.445000	0.698000	3.528000
-14.374124	0.445000	0.698000	3.528000
-14.372124	0.445000	0.698000	3.528000
-14.370124	0.445000	0.698000	3.528000
-14.368124	0.445000	0.698000	3.528000
-14.366124	0.445000	0.698000	3.528000
-14.364124	0.445000	0.698000	3.528000
-14.362124	0.445000	0.698000	3.528000
-14.360124	0.445000	0.698000	3.528000
-14.358124	0.445000	0.698000	3.528000
-14.356124	0.445000	0.698000	3.528000
-14.354124	0.445000	0.698000	3.528000
-14.352124	0.445000	0.698000	3.528000
-14.350124	0.445000	0.698000	3.528000
-14.348124	0.445000	0.698000	3.528000
-14.346124	0.445000	0.698000	3.528000
-14.344124	0.445000	0.698000	3.528000
-14.342124	0.445000	0.698000	3.528000
-14.340124	0.445000	0.698000	3.528000
-14.338124	0.445000	0.698000	3.528000
-14.336124	0.445000	0.698000	3.528000
-14.334124	0.445000	0.698000	3.528000
-14.332124	0.445000	0.698000	3.528000
-14.330124	0.445000	0.698000	3.528000
-14.328124	0.445000	0.698000	3.528000
-14.326124	0.445000	0.698000	3.528000
-14.324124	0.445000	0.698000	3.528000
-14.322124	0.445000	0.698000	3.528000
-14.320124	0.445000	0.698000	3.528000
-14.318124	0.445000	0.698000	3.528000
-14.316124	0.445000	0.698000	3.528000
-14.314124	0.445000	0.698000	3.528000
-14.312124	0.445000	0.698000	3.528000
-14.310124	0.445000	0.698000	3.528000
-14.308124	0.445000	0.698000	3.528000
-14.306124	0.445000	0.698000	3.528000
-14.304124	0.445000	0.698000	3.528000
-14.302124	0.445000	0.698000	3.528000
-14.300124	0.445000	0.698000	3.528000
-14.298124	0.445000	0.698000	3.528000
-14.296124	0.445000	0.698000	3.528000
-14.294124	0.445000	0.698000	3.528000
-14.292124	0.445000	0.698000	3.528000
-14.290124	0.445000	0.698000	3.528000
-14.288124	0.445000	0.698000	3.528000
-14.286124	0.445000	0.698000	3.528000
-14.284124	0.445000	0.698000	3.528000
-14.282124	0.445000	0.698000	3.528000
-14.280124	0.445000	0.698000	3.528000
-14.278124	0.445000	0.698000	3.528000
-14.276124	0.445000	0.698000	3.528000
-14.274124	0.445000	0.698000	3.528000
-14.272124	0.445000	0.698000	3.528000
-14.270124	0.445000	0.698000	3.528000
-14.268124	0.445000	0.698000	3.528000
-14.266124	0.445000	0.698000	3.528000
-14.264124	0.445000	0.698000	3.528000
-14.262124	0.445000	0.698000	3.528000
-14.260124	0.445000	0.698000	3.528000
-14.258124	0.445000	0.698000	3.528000
-14.256124	0.445000	0.698000	3.528000
-14.254124	0.445000	0.698000	3.528000
-14.252124	0.445000	0.698000	3.528000
-14.250124	0.445000	0.698000	3.528000
-14.248124	0.445000	0.698000	3.528000
-14.246124	0.445000	0.698000	3.528000
-14.244124	0.445000	0.698000	3.528000
-14.242124	0.445000	0.698000	3.528000
-14.240124	0.445000	0.698000	3.528000
-14.238124	0.445000	0.698000	3.528000
-14.236124	0.445000	0.698000	3.528000
-14.234124	0.445000	0.698000	3.528000
-14.232124	0.445000	0.698000	3.528000
-14.230124	0.445000	0.698000	3.528000
-14.228124	0.445000	0.698000	3.528000
-14.226124	0.445000	0.698000	3.528000
-14.224124	0.445000	0.698000	3.528000
-14.222124	0.445000	0.698000	3.528000
-14.220124	0.445000	0.698000	3.528000
-14.218124	0.445000	0.698000	3.528000
-14.216124	0.445000	0.698000	3.528000
-14.214124	0.445000	0.698000	3.528000
-14.212124	0.445000	0.698000	3.528000
-14.210124	0.445000	0.698000	3.528000
-14.208124	0.445000	0.698000	3.528000
-14.206124	0.445000	0.698000	3.528000
-14.204124	0.445000	0.698000	3.528000
-14.202124	0.445000	0.698000	3.528000
-14.200124	0.445000	0.698000	3.528000
-14.198124	0.445000	0.698000	3.528000
-14.196124	0.445000	0.698000	3.528000
-14.194124	0.445000	0.698000	3.528000
-14.192124	0.445000	0.698000	3.528000
-14.190124	0.445000	0.698000	3.528000
-14.188124	0.445000	0.698000	3.528000
-14.186124	0.445000	0.698000	3.528000
-14.184124	0.445000	0.698000	3.528000
-14.182124	0.445000	0.698000	3.528000
-14.180124	0.445000	0.698000	3.528000
-14.178124	0.445000	0.698000	3.528000
-14.176124	0.445000	0.698000	3.528000
-14.174124	0.445000	0.698000	3.528000
-14.172124	0.445000	0.698000	3.528000
-14.170124	0.445000	0.698000	3.528000
-14.168124	0.445000	0.698000	3.528000
-14.166124	0.445000	0.698000	3.528000
-14.164124	0.445000	0.698000	3.528000
-14.162124	0.445000	0.698000	3.528000
-14.160124	0.445000	0.698000	3.528000
-14.158124	0.445000	0.698000	3.528000
-14.156124	0.445000	0.698000	3.528000
-14.154124	0.445000	0.698000	3.528000
-14.152124	0.445000	0.698000	3.528000
-14.150124	0.445000	0.698000	3.528000
-14.148124	0.445000	0.698000	3.528000
-14.146124	0.445000	0.698000	3.528000
-14.144124	0.445000	0.698000	3.528000
-14.142124	0.445000	0.698000	3.528000
-14.140124	0.445000	0.698000	3.528000
-14.138124	0.445000	0.698000	3.528000
-14.136124	0.445000	0.698000	3.528000
-14.134124	0.445000	0.698000	3.528000
-14.132124	0.445000	0.698000	3.528000
-14.130124	0.445000	0.698000	3.528000
-14.128124	0.445000	0.698000	3.528000
-14.126124	0.445000	0.698000	3.528000
-14.124124	0.445000	0.698000	3.528000
-14.122124	0.445000	0.698000	3.528000
-14.120124	0.445000	0.698000	3.528000
-14.118124	0.445000	0.698000	3.528000
-14.116124	0.445000	0.698000	3.528000
-14.114124	0.445000	0.698000	3.528000
-14.112124	0.445000	0.698000	3.528000
-14.110124	0.445000	0.698000	3.528000
-14.108124	0.445000	0.698000	3.528000
-14.106124	0.445000	0.698000	3.528000
-14.104124	0.445000	0.698000	3.528000
-14.102124	0.445000	0.698000	3.528000
-14.100124	0.445000	0.698000	3.528000
-14.098124	0.445000	0.698000	3.528000
-14.096124	0.445000	0.698000	3.528000
-14.094124	0.445000	0.698000	3.528000
-14.092124	0.445000	0.698000	3.528000
-14.090124	0.445000	0.698000	3.528000
-14.088124	0.445000	0.698000	3.528000
-14.086124	0.445000	0.698000	3.528000
-14.084124	0.445000	0.698000	3.528000
-14.082124	0.445000	0.698000	3.528000
-14.080124	0.445000	0.698000	3.528000
-14.078124	0.445000	0.698000	3.528000
-14.076124	0.445000	0.698000	3.528000
-14.074124	0.445000	0.698000	3.528000
-14.072124	0.445000	0.698000	3.528000
-14.070124	0.445000	0.698000	3.528000
-14.068124	0.445000	0.698000	3.528000
-14.066124	0.445000	0.698000	3.528000
-14.064124	0.445000	0.698000	3.528000
-14.062124	0.445000	0.698000	3.528000
-14.060124	0.445000	0.698000	3.528000
-14.058124	0.445000	0.698000	3.528000
-14.056124	0.445000	0.698000	3.528000
-14.054124	0.445000	0.698000	3.528000
-14.052124	0.445000	0.698000	3.528000
-14.050124	0.445000	0.698000	3.528000
-14.048124	0.445000	0.698000	3.528000
-14.046124	0.445000	0.698000	3.528000
-14.044124	0.445000	0.698000	3.528000
-14.042124	0.445000	0.698000	3.528000
-14.040124	0.445000	0.698000	3.528000
-14.038124	0.445000	0.698000	3.528000
-14.036124	0.445000	0.698000	3.528000
-14.034124	0.445000	0.698000	3.528000
-14.032124	0.445000	0.698000	3.528000
-14.030124	0.445000	0.698000	3.528000
-14.028124	0.445000	0.698000	3.528000
-14.026124	0.445000	0.698000	3.528000
-14.024124	0.445000	0.698000	3.528000
-14.022124	0.445000	0.698000	3.528000
-14.020124	0.445000	0.698000	3.528000
-14.018124	0.445000	0.698000	3.528000
-14.016124	0.445000	0.698000	3.528000
-14.014124	0.445000	0.698000	3.528000
-14.012124	0.445000	0.698000	3.528000
-14.010124	0.445000	0.698000	3.528000
-14.008124	0.445000	0.698000	3.528000
-14.006124	0.445000	0.698000	3.528000
-14.004124	0.445000	0.698000	3.528000
-14.002124	0.445000	0.698000	3.528000
-14.000124	0.445000	0.698000	3.528000
-13.998124	0.445000	0.698000	3.528000
-13.996124	0.445000	0.698000	3.528000
-13.994124	0.445000	0.698000	3.528000
-13.992124	0.445000	0.698000	3.528000
-13.990124	0.445000	0.698000	3.528000
-13.988124	0.445000	0.698000	3.528000
-13.986124	0.445000	0.698000	3.528000
-13.984124	0.445000	0.698000	3.528000
-13.982124	0.445000	0.698000	3.528000
-13.980124	0.445000	0.698000	3.528000
-13.978124	0.445000	0.698000	3.528000
-13.976124	0.445000	0.698000	3.528000
-13.974124	0.445000	0.698000	3.528000
-13.972124	0.445000	0.698000	3.528000
-13.970124	0.445000	0.698000	3.528000
-13.968124	0.445000	0.698000	3.528000
-13.966124	0.445000	0.698000	3.528000
-13.964124	0.445000	0.698000	3.528000
-13.962124	0.445000	0.698000	3.528000
-13.960124	0.445000	0.698000	3.528000
-13.958124	0.445000	0.698000	3.528000
-13.956124	0.445000	0.698000	3.528000
-13.954124	0.445000	0.698000	3.528000
-13.952124	0.445000	0.698000	3.528000
-13.950124	0.445000	0.698000	3.528000
-13.948124	0.445000	0.698000	3.528000
-13.946124	0.445000	0.698000	3.528000
-13.944124	0.445000	0.698000	3.528000
-13.942124	0.445000	0.698000	3.528000
-13.940124	0.445000	0.698000	3.528000
-13.938124	0.445000	0.698000	3.528000
-13.936124	0.445000	0.698000	3.528000
-13.934124	0.445000	0.698000	3.528000
-13.932124	0.445000	0.698000	3.528000
-13.930124	0.445000	0.698000	3.528000
-13.928124	0.445000	0.698000	3.528000
-13.926124	0.445000	0.698000	3.528000
-13.924124	0.445000	0.698000	3.528000
-13.922124	0.445000	0.698000	3.528000
-13.920124	0.445000	0.698000	3.528000
-13.918124	0.445000	0.698000	3.528000
-13.916124	0.445000	0.698000	3.528000
-13.914124	0.445000	0.698000	3.528000
-13.912124	0.445000	0.698000	3.528000
-13.910124	0.445000	0.698000	3.528000
-13.908124	0.445000	0.698000	3.528000
-13.906124	0.445000	0.698000	3.528000
-13.904124	0.445000	0.698000	3.528000
-13.902124	0.445000	0.698000	3.528000
-13.900124	0.445000	0.698000	3.528000
-13.898124	0.445000	0.698000	3.528000
-13.896124	0.445000	0.698000	3.528000
-13.894124	0.445000	0.698000	3.528000
-13.892124	0.445000	0.698000	3.528000
-13.890124	0.445000	0.698000	3.528000
-13.888124	0.445000	0.698000	3.528000
-13.886124	0.445000	0.698000	3.528000
-13.884124	0.445000	0.698000	3.528000
-13.882124	0.445000	0.698000	3.528000
-13.880124	0.445000	0.698000	3.528000
-13.878124	0.445000	0.698000	3.528000
-13.876124	0.445000	0.698000	3.528000
-13.874124	0.445000	0.698000	3.528000
-13.872124	0.445000	0.698000	3.528000
-13.870124	0.445000	0.698000	3.528000
-13.868124	0.445000	0.698000	3.528000
-13.866124	0.445000	0.698000	3.528000
-13.864124	0.445000	0.698000	3.528000
-13.862124	0.445000	0.698000	3.528000
-13.860124	0.445000	0.698000	3.528000
-13.858124	0.445000	0.698000	3.528000
-13.856124	0.445000	0.698000	3.528000
-13.854124	0.445000	0.698000	3.528000
-13.852124	0.445000	0.698000	3.528000
-13.850124	0.445000	0.698000	3.528000
-13.848124	0.445000	0.698000	3.528000
-13.846124	0.445000	0.698000	3.528000
-13.844124	0.445000	0.698000	3.528000
-13.842124	0.445000	0.698000	3.528000
-13.840124	0.445000	0.698000	3.528000
-13.838124	0.445000	0.698000	3.528000
-13.836124	0.445000	0.698000	3.528000
-13.834124	0.445000	0.698000	3.528000
-13.832124	0.445000	0.698000	3.528000
-13.830124	0.445000	0.698000	3.528000
-13.828124	0.445000	0.698000	3.528000
-13.826124	0.445000	0.698000	3.528000
-13.824124	0.445000	0.698000	3.528000
-13.822124	0.445000	0.698000	3.528000
-13.820124	0.445000	0.698000	3.528000
-13.818124	0.445000	0.698000	3.528000
-13.816124	0.445000	0.698000	3.528000
-13.814124	0.445000	0.698000	3.528000
-13.812124	0.445000	0.698000	3.528000
-13.810124	0.445000	0.698000	3.528000
-13.808124	0.445000	0.698000	3.528000
-13.806124	0.445000	0.698000	3.528000
-13.804124	0.445000	0.698000	3.528000
-13.802124	0.445000	0.698000	3.528000
-13.800124	0.445000	0.698000	3.528000
-13.798124	0.445000	0.698000	3.528000
-13.796124	0.445000	0.698000	3.528000
-13.794124	0.445000	0.698000	3.528000
-13.792124	0.445000	0.698000	3.528000
-13.790124	0.445000	0.698000	3.528000
-13.788124	0.445000	0.698000	3.528000
-13.786124	0.445000	0.698000	3.528000
-13.784124	0.445000	0.698000	3.528000
-13.782124	0.445000	0.698000	3.528000
-13.780124	0.445000	0.698000	3.528000
-13.778124	0.445000	0.698000	3.528000
-13.776124	0.445000	0.698000	3.528000
-13.774124	0.445000	0.698000	3.528000
-13.772124	0.445000	0.698000	3.528000
-13.770124	0.445000	0.698000	3.528000
-13.768124	0.445000	0.698000	3.528000
-13.766124	0.445000	0.698000	3.528000
-13.764124	0.445000	0.698000	3.528000
-13.762124	0.445000	0.698000	3.528000
-13.760124	0.445000	0.698000	3.528000
-13.758124	0.445000	0.698000	3.528000
-13.756124	0.445000	0.698000	3.528000
-13.754124	0.445000	0.698000	3.528000
-13.752124	0.445000	0.698000	3.528000
-13.750124	0.445000	0.698000	3.528000
-13.748124	0.445000	0.698000	3.528000
-13.746124	0.445000	0.698000	3.528000
-13.744124	0.445000	0.698000	3.528000
-13.742124	0.445000	0.698000	3.528000
-13.740124	0.445000	0.698000	3.528000
-13.738124	0.445000	0.698000	3.528000
-13.736124	0.445000	0.698000	3.528000
-13.734124	0.445000	0.698000	3.528000
-13.732124	0.445000	0.698000	3.528000
-13.730124	0.445000	0.698000	3.528000
-13.728124	0.445000	0.698000	3.528000
-13.726124	0.445000	0.698000	3.528000
-13.724124	0.445000	0.698000	3.528000
-13.722124	0.445000	0.698000	3.528000
-13.720124	0.445000	0.698000	3.528000
-13.718124	0.445000	0.698000	3.528000
-13.716124	0.445000	0.698000	3.528000
-13.714124	0.445000	0.698000	3.528000
-13.712124	0.445000	0.698000	3.528000
-13.710124	0.445000	0.698000	3.528000
-13.708124	0.445000	0.698000	3.528000
-13.706124	0.445000	0.698000	3.528000
-13.704124	0.445000	0.698000	3.528000
-13.702124	0.445000	0.698000	3.528000
-13.700124	0.445000	0.698000	3.528000
-13.698124	0.445000	0.698000	3.528000
-13.696124	0.445000	0.698000	3.528000
-13.694124	0.445000	0.698000	3.528000
-13.692124	0.445000	0.698000	3.528000
-13.690124	0.445000	0.698000	3.528000
-13.688124	0.445000	0.698000	3.528000
-13.686124	0.445000	0.698000	3.528000
-13.684124	0.445000	0.698000	3.528000
-13.682124	0.445000	0.698000	3.528000
-13.680124	0.445000	0.698000	3.528000
-13.678124	0.445000	0.698000	3.528000
-13.676124	0.445000	0.698000	3.528000
-13.674124	0.445000	0.698000	3.528000
-13.672124	0.445000	0.698000	3.528000
-13.670124	0.445000	0.698000	3.528000
-13.668124	0.445000	0.698000	3.528000
-13.666124	0.445000	0.698000	3.528000
-13.664124	0.445000	0.698000	3.528000
-13.662124	0.445000	0.698000	3.528000
-13.660124	0.445000	0.698000	3.528000
-13.658124	0.445000	0.698000	3.528000
-13.656124	0.445000	0.698000	3.528000
-13.654124	0.445000	0.698000	3.528000
-13.652124	0.445000	0.698000	3.528000
-13.650124	0.445000	0.698000	3.528000
-13.648124	0.445000	0.698000	3.528000
-13.646124	0.445000	0.698000	3.528000
-13.644124	0.445000	0.698000	3.528000
-13.642124	0.445000	0.698000	3.528000
-13.640124	0.445000	0.698000	3.528000
-13.638124	0.445000	0.698000	3.528000
-13.636124	0.445000	0.698000	3.528000
-13.634124	0.445000	0.698000	3.528000
-13.632124	0.445000	0.698000	3.528000
-13.630124	0.445000	0.698000	3.528000
-13.628124	0.445000	0.698000	3.528000
-13.626124	0.445000	0.698000	3.528000
-13.624124	0.445000	0.698000	3.528000
-13.622124	0.445000	0.698000	3.528000
-13.620124	0.445000	0.698000	3.528000
-13.618124	0.445000	0.698000	3.528000
-13.616124	0.445000	0.698000	3.528000
-13.614124	0.445000	0.698000	3.528000
-13.612124	0.445000	0.698000	3.528000
-13.610124	0.445000	0.698000	3.528000
-13.608124	0.445000	0.698000	3.528000
-13.606124	0.445000	0.698000	3.528000
-13.604124	0.445000	0.698000	3.528000
-13.602124	0.445000	0.698000	3.528000
-13.600124	0.445000	0.698000	3.528000
-13.598124	0.445000	0.698000	3.528000
-13.596124	0.445000	0.698000	3.528000
-13.594124	0.445000	0.698000	3.528000
-13.592124	0.445000	0.698000	3.528000
-13.590124	0.445000	0.698000	3.528000
-13.588124	0.445000	0.698000	3.528000
-13.586124	0.445000	0.698000	3.528000
-13.584124	0.445000	0.698000	3.528000
-13.582124	0.445000	0.698000	3.528000
-13.580124	0.445000	0.698000	3.528000
-13.578124	0.445000	0.698000	3.528000
-13.576124	0.445000	0.698000	3.528000
-13.574124	0.445000	0.698000	3.528000
-13.572124	0.445000	0.698000	3.528000
-13.570124	0.445000	0.698000	3.528000
-13.568124	0.445000	0.698000	3.528000
-13.566124	0.445000	0.698000	3.528000
-13.564124	0.445000	0.698000	3.528000
-13.562124	0.445000	0.698000	3.528000
-13.560124	0.445000	0.698000	3.528000
-13.558124	0.445000	0.698000	3.528000
-13.556124	0.445000	0.698000	3.528000
-13.554124	0.445000	0.698000	3.528000
-13.552124	0.445000	0.698000	3.528000
-13.550124	0.445000	0.698000	3.528000
-13.548124	0.445000	0.698000	3.528000
-13.546124	0.445000	0.698000	3.528000
-13.544124	0.445000	0.698000	3.528000
-13.542124	0.445000	0.698000	3.528000
-13.540124	0.445000	0.698000	3.528000
-13.538124	0.445000	0.698000	3.528000
-13.536124	0.445000	0.698000	3.528000
-13.534124	0.445000	0.698000	3.528000
-13.532124	0.445000	0.698000	3.528000
-13.530124	0.445000	0.698000	3.528000
-13.528124	0.445000	0.698000	3.528000
-13.526124	0.445000	0.698000	3.528000
-13.524124	0.445000	0.698000	3.528000
-13.522124	0.445000	0.698000	3.528000
-13.520124	0.445000	0.698000	3.528000
-13.518124	0.445000	0.698000	3.528000
-13.516124	0.445000	0.698000	3.528000
-13.514124	0.445000	0.698000	3.528000
-13.512124	0.445000	0.698000	3.528000
-13.510124	0.445000	0.698000	3.528000
-13.508124	0.445000	0.698000	3.528000
-13.506124	0.445000	0.698000	3.528000
-13.504124	0.445000	0.698000	3.528000
-13.502124	0.445000	0.698000	3.528000
-13.500124	0.445000	0.698000	3.528000
-13.498124	0.445000	0.698000	3.528000
-13.496124	0.445000	0.698000	3.528000
-13.494124	0.445000	0.698000	3.528000
-13.492124	0.445000	0.698000	3.528000
-13.490124	0.445000	0.698000	3.528000
-13.488124	0.445000	0.698000	3.528000
-13.486124	0.445000	0.698000	3.528000
-13.484124	0.445000	0.698000	3.528000
-13.482124	0.445000	0.698000	3.528000
-13.480124	0.445000	0.698000	3.528000
-13.478124	0.445000	0.698000	3.528000
-13.476124	0.445000	0.698000	3.528000
-13.474124	0.445000	0.698000	3.528000
-13.472124	0.445000	0.698000	3.528000
-13.470124	0.445000	0.698000	3.528000
-13.468124	0.445000	0.698000	3.528000
-13.466124	0.445000	0.698000	3.528000
-13.464124	0.445000	0.698000	3.528000
-13.462124	0.445000	0.698000	3.528000
-13.460124	0.445000	0.698000	3.528000
-13.458124	0.445000	0.698000	3.528000
-13.456124	0.445000	0.698000	3.528000
-13.454124	0.445000	0.698000	3.528000
-13.452124	0.445000	0.698000	3.528000
-13.450124	0.445000	0.698000	3.528000
-13.448124	0.445000	0.698000	3.528000
-13.446124	0.445000	0.698000	3.528000
-13.444124	0.445000	0.698000	3.528000
-13.442124	0.445000	0.698000	3.528000
-13.440124	0.445000	0.698000	3.528000
-13.438124	0.445000	0.698000	3.528000
-13.436124	0.445000	0.698000	3.528000
-13.434124	0.445000	0.698000	3.528000
-13.432124	0.445000	0.698000	3.528000
-13.430124	0.445000	0.698000	3.528000
-13.428124	0.445000	0.698000	3.528000
-13.426124	0.445000	0.698000	3.528000
-13.424124	0.445000	0.698000	3.528000
-13.422124	0.445000	0.698000	3.528000
-13.420124	0.445000	0.698000	3.528000
-13.418124	0.445000	0.698000	3.528000
-13.416124	0.445000	0.698000	3.528000
-13.414124	0.445000	0.698000	3.528000
-13.412124	0.445000	0.698000	3.528000
-13.410124	0.445000	0.698000	3.528000
-13.408124	0.445000	0.698000	3.528000
-13.406124	0.445000	0.698000	3.528000
-13.404124	0.445000	0.698000	3.528000
-13.402124	0.445000	0.698000	3.528000
-13.400124	0.445000	0.698000	3.528000
-13.398124	0.445000	0.698000	3.528000
-13.396124	0.445000	0.698000	3.528000
-13.394124	0.445000	0.698000	3.528000
-13.392124	0.445000	0.698000	3.528000
-13.390124	0.445000	0.698000	3.528000
-13.388124	0.445000	0.698000	3.528000
-13.386124	0.445000	0.698000	3.528000
-13.384124	0.445000	0.698000	3.528000
-13.382124	0.445000	0.698000	3.528000
-13.380124	0.445000	0.698000	3.528000
-13.378124	0.445000	0.698000	3.528000
-13.376124	0.445000	0.698000	3.528000
-13.374124	0.445000	0.698000	3.528000
-13.372124	0.445000	0.698000	3.528000
-13.370124	0.445000	0.698000	3.528000
-13.368124	0.445000	0.698000	3.528000
-13.366124	0.445000	0.698000	3.528000
-13.364124	0.445000	0.698000	3.528000
-13.362124	0.445000	0.698000	3.528000
-13.360124	0.445000	0.698000	3.528000
-13.358124	0.445000	0.698000	3.528000
-13.356124	0.445000	0.698000	3.528000
-13.354124	0.445000	0.698000	3.528000
-13.352124	0.445000	0.698000	3.528000
-13.350124	0.445000	0.698000	3.528000
-13.348124	0.445000	0.698000	3.528000
-13.346124	0.445000	0.698000	3.528000
-13.344124	0.445000	0.698000	3.528000
-13.342124	0.445000	0.698000	3.528000
-13.340124	0.445000	0.698000	3.528000
-13.338124	0.445000	0.698000	3.528000
-13.336124	0.445000	0.698000	3.528000
-13.334124	0.445000	0.698000	3.528000
-13.332124	0.445000	0.698000	3.528000
-13.330124	0.445000	0.698000	3.528000
-13.328124	0.445000	0.698000	3.528000
-13.326124	0.445000	0.698000	3.528000
-13.324124	0.445000	0.698000	3.528000
-13.322124	0.445000	0.698000	3.528000
-13.320124	0.445000	0.698000	3.528000
-13.318124	0.445000	0.698000	3.528000
-13.316124	0.445000	0.698000	3.528000
-13.314124	0.445000	0.698000	3.528000
-13.312124	0.445000	0.698000	3.528000
-13.310124	0.445000	0.698000	3.528000
-13.308124	0.445000	0.698000	3.528000
-13.306124	0.445000	0.698000	3.528000
-13.304124	0.445000	0.698000	3.528000
-13.302124	0.445000	0.698000	3.528000
-13.300124	0.445000	0.698000	3.528000
-13.298124	0.445000	0.698000	3.528000
-13.296124	0.445000	0.698000	3.528000
-13.294124	0.445000	0.698000	3.528000
-13.292124	0.445000	0.698000	3.528000
-13.290124	0.445000	0.698000	3.528000
-13.288124	0.445000	0.698000	3.528000
-13.286124	0.445000	0.698000	3.528000
-13.284124	0.445000	0.698000	3.528000
-13.282124	0.445000	0.698000	3.528000
-13.280124	0.445000	0.698000	3.528000
-13.278124	0.445000	0.698000	3.528000
-13.276124	0.445000	0.698000	3.528000
-13.274124	0.445000	0.698000	3.528000
-13.272124	0.445000	0.698000	3.528000
-13.270124	0.445000	0.698000	3.528000
-13.268124	0.445000	0.698000	3.528000
-13.266124	0.445000	0.698000	3.528000
-13.264124	0.445000	0.698000	3.528000
-13.262124	0.445000	0.698000	3.528000
-13.260124	0.445000	0.698000	3.528000
-13.258124	0.445000	0.698000	3.528000
-13.256124	0.445000	0.698000	3.528000
-13.254124	0.445000	0.698000	3.528000
-13.252124	0.445000	0.698000	3.528000
-13.250124	0.445000	0.698000	3.528000
-13.248124	0.445000	0.698000	3.528000
-13.246124	0.445000	0.698000	3.528000
-13.244124	0.445000	0.698000	3.528000
-13.242124	0.445000	0.698000	3.528000
-13.240124	0.445000	0.698000	3.528000
-13.238124	0.445000	0.698000	3.528000
-13.236124	0.445000	0.698000	3.528000
-13.234124	0.445000	0.698000	3.528000
-13.232124	0.445000	0.698000	3.528000
-13.230124	0.445000	0.698000	3.528000
-13.228124	0.445000	0.698000	3.528000
-13.226124	0.445000	0.698000	3.528000
-13.224124	0.445000	0.698000	3.528000
-13.222124	0.445000	0.698000	3.528000
-13.220124	0.445000	0.698000	3.528000
-13.218124	0.445000	0.698000	3.528000
-13.216124	0.445000	0.698000	3.528000
-13.214124	0.445000	0.698000	3.528000
-13.212124	0.445000	0.698000	3.528000
-13.210124	0.445000	0.698000	3.528000
-13.208124	0.445000	0.698000	3.528000
-13.206124	0.445000	0.698000	3.528000
-13.204124	0.445000	0.698000	3.528000
-13.202124	0.445000	0.698000	3.528000
-13.200124	0.445000	0.698000	3.528000
-13.198124	0.445000	0.698000	3.528000
-13.196124	0.445000	0.698000	3.528000
-13.194124	0.445000	0.698000	3.528000
-13.192124	0.445000	0.698000	3.528000
-13.190124	0.445000	0.698000	3.528000
-13.188124	0.445000	0.698000	3.528000
-13.186124	0.445000	0.698000	3.528000
-13.184124	0.445000	0.698000	3.528000
-13.182124	0.445000	0.698000	3.528000
-13.180124	0.445000	0.698000	3.528000
-13.178124	0.445000	0.698000	3.528000
-13.176124	0.445000	0.698000	3.528000
-13.174124	0.445000	0.698000	3.528000
-13.172124	0.445000	0.698000	3.528000
-13.170124	0.445000	0.698000	3.528000
-13.168124	0.445000	0.698000	3.528000
-13.166124	0.445000	0.698000	3.528000
-13.164124	0.445000	0.698000	3.528000
-13.162124	0.445000	0.698000	3.528000
-13.160124	0.445000	0.698000	3.528000
-13.158124	0.445000	0.698000	3.528000
-13.156124	0.445000	0.698000	3.528000
-13.154124	0.445000	0.698000	3.528000
-13.152124	0.445000	0.698000	3.528000
-13.150124	0.445000	0.698000	3.528000
-13.148124	0.445000	0.698000	3.528000
-13.146124	0.445000	0.698000	3.528000
-13.144124	0.445000	0.698000	3.528000
-13.142124	0.445000	0.698000	3.528000
-13.140124	0.445000	0.698000	3.528000
-13.138124	0.445000	0.698000	3.528000
-13.136124	0.445000	0.698000	3.528000
-13.134124	0.445000	0.698000	3.528000
-13.132124	0.445000	0.698000	3.528000
-13.130124	0.445000	0.698000	3.528000
-13.128124	0.445000	0.698000	3.528000
-13.126124	0.445000	0.698000	3.528000
-13.124124	0.445000	0.698000	3.528000
-13.122124	0.445000	0.698000	3.528000
-13.120124	0.445000	0.698000	3.528000
-13.118124	0.445000	0.698000	3.528000
-13.116124	0.445000	0.698000	3.528000
-13.114124	0.445000	0.698000	3.528000
-13.112124	0.445000	0.698000	3.528000
-13.110124	0.445000	0.698000	3.528000
-13.108124	0.445000	0.698000	3.528000
-13.106124	0.445000	0.698000	3.528000
-13.104124	0.445000	0.698000	3.528000
-13.102124	0.445000	0.698000	3.528000
-13.100124	0.445000	0.698000	3.528000
-13.098124	0.445000	0.698000	3.528000
-13.096124	0.445000	0.698000	3.528000
-13.094124	0.445000	0.698000	3.528000
-13.092124	0.445000	0.698000	3.528000
-13.090124	0.445000	0.698000	3.528000
-13.088124	0.445000	0.698000	3.528000
-13.086124	0.445000	0.698000	3.528000
-13.084124	0.445000	0.698000	3.528000
-13.082124	0.445000	0.698000	3.528000
-13.080124	0.445000	0.698000	3.528000
-13.078124	0.445000	0.698000	3.528000
-13.076124	0.445000	0.698000	3.528000
-13.074124	0.445000	0.698000	3.528000
-13.072124	0.445000	0.698000	3.528000
-13.070124	0.445000	0.698000	3.528000
-13.068124	0.445000	0.698000	3.528000
-13.066124	0.445000	0.698000	3.528000
-13.064124	0.445000	0.698000	3.528000
-13.062124	0.445000	0.698000	3.528000
-13.060124	0.445000	0.698000	3.528000
-13.058124	0.445000	0.698000	3.528000
-13.056124	0.445000	0.698000	3.528000
-13.054124	0.445000	0.698000	3.528000
-13.052124	0.445000	0.698000	3.528000
-13.050124	0.445000	0.698000	3.528000
-13.048124	0.445000	0.698000	3.528000
-13.046124	0.445000	0.698000	3.528000
-13.044124	0.445000	0.698000	3.528000
-13.042124	0.445000	0.698000	3.528000
-13.040124	0.445000	0.698000	3.528000
-13.038124	0.445000	0.698000	3.528000
-13.036124	0.445000	0.698000	3.528000
-13.034124	0.445000	0.698000	3.528000
-13.032124	0.445000	0.698000	3.528000
-13.030124	0.445000	0.698000	3.528000
-13.028124	0.445000	0.698000	3.528000
-13.026124	0.445000	0.698000	3.528000
-13.024124	0.445000	0.698000	3.528000
-13.022124	0.445000	0.698000	3.528000
-13.020124	0.445000	0.698000	3.528000
-13.018124	0.445000	0.698000	3.528000
-13.016124	0.445000	0.698000	3.528000
-13.014124	0.445000	0.698000	3.528000
-13.012124	0.445000	0.698000	3.528000
-13.010124	0.445000	0.698000	3.528000
-13.008124	0.445000	0.698000	3.528000
-13.006124	0.445000	0.698000	3.528000
-13.004124	0.445000	0.698000	3.528000
-13.002124	0.445000	0.698000	3.528000
-13.000124	0.445000	0.698000	3.528000
-12.998124	0.445000	0.698000	3.528000
-12.996124	0.445000	0.698000	3.528000
-12.994124	0.445000	0.698000	3.528000
-12.992124	0.445000	0.698000	3.528000
-12.990124	0.445000	0.698000	3.528000
-12.988124	0.445000	0.698000	3.528000
-12.986124	0.445000	0.698000	3.528000
-12.984124	0.445000	0.698000	3.528000
-12.982124	0.445000	0.698000	3.528000
-12.980124	0.445000	0.698000	3.528000
-12.978124	0.445000	0.698000	3.528000
-12.976124	0.445000	0.698000	3.528000
-12.974124	0.445000	0.698000	3.528000
-12.972124	0.445000	0.698000	3.528000
-12.970124	0.445000	0.698000	3.528000
-12.968124	0.445000	0.698000	3.528000
-12.966124	0.445000	0.698000	3.528000
-12.964124	0.445000	0.698000	3.528000
-12.962124	0.445000	0.698000	3.528000
-12.960124	0.445000	0.698000	3.528000
-12.958124	0.445000	0.698000	3.528000
-12.956124	0.445000	0.698000	3.528000
-12.954124	0.445000	0.698000	3.528000
-12.952124	0.445000	0.698000	3.528000
-12.950124	0.445000	0.698000	3.528000
-12.948124	0.445000	0.698000	3.528000
-12.946124	0.445000	0.698000	3.528000
-12.944124	0.445000	0.698000	3.528000
-12.942124	0.445000	0.698000	3.528000
-12.940124	0.445000	0.698000	3.528000
-12.938124	0.445000	0.698000	3.528000
-12.936124	0.445000	0.698000	3.528000
-12.934124	0.445000	0.698000	3.528000
-12.932124	0.445000	0.698000	3.528000
-12.930124	0.445000	0.698000	3.528000
-12.928124	0.445000	0.698000	3.528000
-12.926124	0.445000	0.698000	3.528000
-12.924124	0.445000	0.698000	3.528000
-12.922124	0.445000	0.698000	3.528000
-12.920124	0.445000	0.698000	3.528000
-12.918124	0.445000	0.698000	3.528000
-12.916124	0.445000	0.698000	3.528000
-12.914124	0.445000	0.698000	3.528000
-12.912124	0.445000	0.698000	3.528000
-12.910124	0.445000	0.698000	3.528000
-12.908124	0.445000	0.698000	3.528000
-12.906124	0.445000	0.698000	3.528000
-12.904124	0.445000	0.698000	3.528000
-12.902124	0.445000	0.698000	3.528000
-12.900124	0.445000	0.698000	3.528000
-12.898124	0.445000	0.698000	3.528000
-12.896124	0.445000	0.698000	3.528000
-12.894124	0.445000	0.698000	3.528000
-12.892124	0.445000	0.698000	3.528000
-12.890124	0.445000	0.698000	3.528000
-12.888124	0.445000	0.698000	3.528000
-12.886124	0.445000	0.698000	3.528000
-12.884124	0.445000	0.698000	3.528000
-12.882124	0.445000	0.698000	3.528000
-12.880124	0.445000	0.698000	3.528000
-12.878124	0.445000	0.698000	3.528000
-12.876124	0.445000	0.698000	3.528000
-12.874124	0.445000	0.698000	3.528000
-12.872124	0.445000	0.698000	3.528000
-12.870124	0.445000	0.698000	3.528000
-12.868124	0.445000	0.698000	3.528000
-12.866124	0.445000	0.698000	3.528000
-12.864124	0.445000	0.698000	3.528000
-12.862124	0.445000	0.698000	3.528000
-12.860124	0.445000	0.698000	3.528000
-12.858124	0.445000	0.698000	3.528000
-12.856124	0.445000	0.698000	3.528000
-12.854124	0.445000	0.698000	3.528000
-12.852124	0.445000	0.698000	3.528000
-12.850124	0.445000	0.698000	3.528000
-12.848124	0.445000	0.698000	3.528000
-12.846124	0.445000	0.698000	3.528000
-12.844124	0.445000	0.698000	3.528000
-12.842124	0.445000	0.698000	3.528000
-12.840124	0.445000	0.698000	3.528000
-12.838124	0.445000	0.698000	3.528000
-12.836124	0.445000	0.698000	3.528000
-12.834124	0.445000	0.698000	3.528000
-12.832124	0.445000	0.698000	3.528000
-12.830124	0.445000	0.698000	3.528000
-12.828124	0.445000	0.698000	3.528000
-12.826124	0.445000	0.698000	3.528000
-12.824124	0.445000	0.698000	3.528000
-12.822124	0.445000	0.698000	3.528000
-12.820124	0.445000	0.698000	3.528000
-12.818124	0.445000	0.698000	3.528000
-12.816124	0.445000	0.698000	3.528000
-12.814124	0.445000	0.698000	3.528000
-12.812124	0.445000	0.698000	3.528000
-12.810124	0.445000	0.698000	3.528000
-12.808124	0.445000	0.698000	3.528000
-12.806124	0.445000	0.698000	3.528000
-12.804124	0.445000	0.698000	3.528000
-12.802124	0.445000	0.698000	3.528000
-12.800124	0.445000	0.698000	3.528000
-12.798124	0.445000	0.698000	3.528000
-12.796124	0.445000	0.698000	3.528000
-12.794124	0.445000	0.698000	3.528000
-12.792124	0.445000	0.698000	3.528000
-12.790124	0.445000	0.698000	3.528000
-12.788124	0.445000	0.698000	3.528000
-12.786124	0.445000	0.698000	3.528000
-12.784124	0.445000	0.698000	3.528000
-12.782124	0.445000	0.698000	3.528000
-12.780124	0.445000	0.698000	3.528000
-12.778124	0.445000	0.698000	3.528000
-12.776124	0.445000	0.698000	3.528000
-12.774124	0.445000	0.698000	3.528000
-12.772124	0.445000	0.698000	3.528000
-12.770124	0.445000	0.698000	3.528000
-12.768124	0.445000	0.698000	3.528000
-12.766124	0.445000	0.698000	3.528000
-12.764124	0.445000	0.698000	3.528000
-12.762124	0.445000	0.698000	3.528000
-12.760124	0.445000	0.698000	3.528000
-12.758124	0.445000	0.698000	3.528000
-12.756124	0.445000	0.698000	3.528000
-12.754124	0.445000	0.698000	3.528000
-12.752124	0.445000	0.698000	3.528000
-12.750124	0.445000	0.698000	3.528000
-12.748124	0.445000	0.698000	3.528000
-12.746124	0.445000	0.698000	3.528000
-12.744124	0.445000	0.698000	3.528000
-12.742124	0.445000	0.698000	3.528000
-12.740124	0.445000	0.698000	3.528000
-12.738124	0.445000	0.698000	3.528000
-12.736124	0.445000	0.698000	3.528000
-12.734124	0.445000	0.698000	3.528000
-12.732124	0.445000	0.698000	3.528000
-12.730124	0.445000	0.698000	3.528000
-12.728124	0.445000	0.698000	3.528000
-12.726124	0.445000	0.698000	3.528000
-12.724124	0.445000	0.698000	3.528000
-12.722124	0.445000	0.698000	3.528000
-12.720124	0.445000	0.698000	3.528000
-12.718124	0.445000	0.698000	3.528000
-12.716124	0.445000	0.698000	3.528000
-12.714124	0.445000	0.698000	3.528000
-12.712124	0.445000	0.698000	3.528000
-12.710124	0.445000	0.698000	3.528000
-12.708124	0.445000	0.698000	3.528000
-12.706124	0.445000	0.698000	3.528000
-12.704124	0.445000	0.698000	3.528000
-12.702124	0.445000	0.698000	3.528000
-12.700124	0.445000	0.698000	3.528000
-12.698124	0.445000	0.698000	3.528000
-12.696124	0.445000	0.698000	3.528000
-12.694124	0.445000	0.698000	3.528000
-12.692124	0.445000	0.698000	3.528000
-12.690124	0.445000	0.698000	3.528000
-12.688124	0.445000	0.698000	3.528000
-12.686124	0.445000	0.698000	3.528000
-12.684124	0.445000	0.698000	3.528000
-12.682124	0.445000	0.698000	3.528000
-12.680124	0.445000	0.698000	3.528000
-12.678124	0.445000	0.698000	3.528000
-12.676124	0.445000	0.698000	3.528000
-12.674124	0.445000	0.698000	3.528000
-12.672124	0.445000	0.698000	3.528000
-12.670124	0.445000	0.698000	3.528000
-12.668124	0.445000	0.698000	3.528000
-12.666124	0.445000	0.698000	3.528000
-12.664124	0.445000	0.698000	3.528000
-12.662124	0.445000	0.698000	3.528000
-12.660124	0.445000	0.698000	3.528000
-12.658124	0.445000	0.698000	3.528000
-12.656124	0.445000	0.698000	3.528000
-12.654124	0.445000	0.698000	3.528000
-12.652124	0.445000	0.698000	3.528000
-12.650124	0.445000	0.698000	3.528000
-12.648124	0.445000	0.698000	3.528000
-12.646124	0.445000	0.698000	3.528000
-12.644124	0.445000	0.698000	3.528000
-12.642124	0.445000	0.698000	3.528000
-12.640124	0.445000	0.698000	3.528000
-12.638124	0.445000	0.698000	3.528000
-12.636124	0.445000	0.698000	3.528000
-12.634124	0.445000	0.698000	3.528000
-12.632124	0.445000	0.698000	3.528000
-12.630124	0.445000	0.698000	3.528000
-12.628124	0.445000	0.698000	3.528000
-12.626124	0.445000	0.698000	3.528000
-12.624124	0.445000	0.698000	3.528000
-12.622124	0.445000	0.698000	3.528000
-12.620124	0.445000	0.698000	3.528000
-12.618124	0.445000	0.698000	3.528000
-12.616124	0.445000	0.698000	3.528000
-12.614124	0.445000	0.698000	3.528000
-12.612124	0.445000	0.698000	3.528000
-12.610124	0.445000	0.698000	3.528000
-12.608124	0.445000	0.698000	3.528000
-12.606124	0.445000	0.698000	3.528000
-12.604124	0.445000	0.698000	3.528000
-12.602124	0.445000	0.698000	3.528000
-12.600124	0.445000	0.698000	3.528000
-12.598124	0.445000	0.698000	3.528000
-12.596124	0.445000	0.698000	3.528000
-12.594124	0.445000	0.698000	3.528000
-12.592124	0.445000	0.698000	3.528000
-12.590124	0.445000	0.698000	3.528000
-12.588124	0.445000	0.698000	3.528000
-12.586124	0.445000	0.698000	3.528000
-12.584124	0.445000	0.698000	3.528000
-12.582124	0.445000	0.698000	3.528000
-12.580124	0.445000	0.698000	3.528000
-12.578124	0.445000	0.698000	3.528000
-12.576124	0.445000	0.698000	3.528000
-12.574124	0.445000	0.698000	3.528000
-12.572124	0.445000	0.698000	3.528000
-12.570124	0.445000	0.698000	3.528000
-12.568124	0.445000	0.698000	3.528000
-12.566124	0.445000	0.698000	3.528000
-12.564124	0.445000	0.698000	3.528000
-12.562124	0.445000	0.698000	3.528000
-12.560124	0.445000	0.698000	3.528000
-12.558124	0.445000	0.698000	3.528000
-12.556124	0.445000	0.698000	3.528000
-12.554124	0.445000	0.698000	3.528000
-12.552124	0.445000	0.698000	3.528000
-12.550124	0.445000	0.698000	3.528000
-12.548124	0.445000	0.698000	3.528000
-12.546124	0.445000	0.698000	3.528000
-12.544124	0.445000	0.698000	3.528000
-12.542124	0.445000	0.698000	3.528000
-12.540124	0.445000	0.698000	3.528000
-12.538124	0.445000	0.698000	3.528000
-12.536124	0.445000	0.698000	3.528000
-12.534124	0.445000	0.698000	3.528000
-12.532124	0.445000	0.698000	3.528000
-12.530124	0.445000	0.698000	3.528000
-12.528124	0.445000	0.698000	3.528000
-12.526124	0.445000	0.698000	3.528000
-12.524124	0.445000	0.698000	3.528000
-12.522124	0.445000	0.698000	3.528000
-12.520124	0.445000	0.698000	3.528000
-12.518124	0.445000	0.698000	3.528000
-12.516124	0.445000	0.698000	3.528000
-12.514124	0.445000	0.698000	3.528000
-12.512124	0.445000	0.698000	3.528000
-12.510124	0.445000	0.698000	3.528000
-12.508124	0.445000	0.698000	3.528000
-12.506124	0.445000	0.698000	3.528000
-12.504124	0.445000	0.698000	3.528000
-12.502124	0.445000	0.698000	3.528000
-12.500124	0.445000	0.698000	3.528000
-12.498124	0.445000	0.698000	3.528000
-12.496124	0.445000	0.698000	3.528000
-12.494124	0.445000	0.698000	3.528000
-12.492124	0.445000	0.698000	3.528000
-12.490124	0.445000	0.698000	3.528000
-12.488124	0.445000	0.698000	3.528000
-12.486124	0.445000	0.698000	3.528000
-12.484124	0.445000	0.698000	3.528000
-12.482124	0.445000	0.698000	3.528000
-12.480124	0.445000	0.698000	3.528000
-12.478124	0.445000	0.698000	3.528000
-12.476124	0.445000	0.698000	3.528000
-12.474124	0.445000	0.698000	3.528000
-12.472124	0.445000	0.698000	3.528000
-12.470124	0.445000	0.698000	3.528000
-12.468124	0.445000	0.698000	3.528000
-12.466124	0.445000	0.698000	3.528000
-12.464124	0.445000	0.698000	3.528000
-12.462124	0.445000	0.698000	3.528000
-12.460124	0.445000	0.698000	3.528000
-12.458124	0.445000	0.698000	3.528000
-12.456124	0.445000	0.698000	3.528000
-12.454124	0.445000	0.698000	3.528000
-12.452124	0.445000	0.698000	3.528000
-12.450124	0.445000	0.698000	3.528000
-12.448124	0.445000	0.698000	3.528000
-12.446124	0.445000	0.698000	3.528000
-12.444124	0.445000	0.698000	3.528000
-12.442124	0.445000	0.698000	3.528000
-12.440124	0.445000	0.698000	3.528000
-12.438124	0.445000	0.698000	3.528000
-12.436124	0.445000	0.698000	3.528000
-12.434124	0.445000	0.698000	3.528000
-12.432124	0.445000	0.698000	3.528000
-12.430124	0.445000	0.698000	3.528000
-12.428124	0.445000	0.698000	3.528000
-12.426124	0.445000	0.698000	3.528000
-12.424124	0.445000	0.698000	3.528000
-12.422124	0.445000	0.698000	3.528000
-12.420124	0.445000	0.698000	3.528000
-12.418124	0.445000	0.698000	3.528000
-12.416124	0.445000	0.698000	3.528000
-12.414124	0.445000	0.698000	3.528000
-12.412124	0.445000	0.698000	3.528000
-12.410124	0.445000	0.698000	3.528000
-12.408124	0.445000	0.698000	3.528000
-12.406124	0.445000	0.698000	3.528000
-12.404124	0.445000	0.698000	3.528000
-12.402124	0.445000	0.698000	3.528000
-12.400124	0.445000	0.698000	3.528000
-12.398124	0.445000	0.698000	3.528000
-12.396124	0.445000	0.698000	3.528000
-12.394124	0.445000	0.698000	3.528000
-12.392124	0.445000	0.698000	3.528000
-12.390124	0.445000	0.698000	3.528000
-12.388124	0.445000	0.698000	3.528000
-12.386124	0.445000	0.698000	3.528000
-12.384124	0.445000	0.698000	3.528000
-12.382124	0.445000	0.698000	3.528000
-12.380124	0.445000	0.698000	3.528000
-12.378124	0.445000	0.698000	3.528000
-12.376124	0.445000	0.698000	3.528000
-12.374124	0.445000	0.698000	3.528000
-12.372124	0.445000	0.698000	3.528000
-12.370124	0.445000	0.698000	3.528000
-12.368124	0.445000	0.698000	3.528000
-12.366124	0.445000	0.698000	3.528000
-12.364124	0.445000	0.698000	3.528000
-12.362124	0.445000	0.698000	3.528000
-12.360124	0.445000	0.698000	3.528000
-12.358124	0.445000	0.698000	3.528000
-12.356124	0.445000	0.698000	3.528000
-12.354124	0.445000	0.698000	3.528000
-12.352124	0.445000	0.698000	3.528000
-12.350124	0.445000	0.698000	3.528000
-12.348124	0.445000	0.698000	3.528000
-12.346124	0.445000	0.698000	3.528000
-12.344124	0.445000	0.698000	3.528000
-12.342124	0.445000	0.698000	3.528000
-12.340124	0.445000	0.698000	3.528000
-12.338124	0.445000	0.698000	3.528000
-12.336124	0.445000	0.698000	3.528000
-12.334124	0.445000	0.698000	3.528000
-12.332124	0.445000	0.698000	3.528000
-12.330124	0.445000	0.698000	3.528000
-12.328124	0.445000	0.698000	3.528000
-12.326124	0.445000	0.698000	3.528000
-12.324124	0.445000	0.698000	3.528000
-12.322124	0.445000	0.698000	3.528000
-12.320124	0.445000	0.698000	3.528000
-12.318124	0.445000	0.698000	3.528000
-12.316124	0.445000	0.698000	3.528000
-12.314124	0.445000	0.698000	3.528000
-12.312124	0.445000	0.698000	3.528000
-12.310124	0.445000	0.698000	3.528000
-12.308124	0.445000	0.698000	3.528000
-12.306124	0.445000	0.698000	3.528000
-12.304124	0.445000	0.698000	3.528000
-12.302124	0.445000	0.698000	3.528000
-12.300124	0.445000	0.698000	3.528000
-12.298124	0.445000	0.698000	3.528000
-12.296124	0.445000	0.698000	3.528000
-12.294124	0.445000	0.698000	3.528000
-12.292124	0.445000	0.698000	3.528000
-12.290124	0.445000	0.698000	3.528000
-12.288124	0.445000	0.698000	3.528000
-12.286124	0.445000	0.698000	3.528000
-12.284124	0.445000	0.698000	3.528000
-12.282124	0.445000	0.698000	3.528000
-12.280124	0.445000	0.698000	3.528000
-12.278124	0.445000	0.698000	3.528000
-12.276124	0.445000	0.698000	3.528000
-12.274124	0.445000	0.698000	3.528000
-12.272124	0.445000	0.698000	3.528000
-12.270124	0.445000	0.698000	3.528000
-12.268124	0.445000	0.698000	3.528000
-12.266124	0.445000	0.698000	3.528000
-12.264124	0.445000	0.698000	3.528000
-12.262124	0.445000	0.698000	3.528000
-12.260124	0.445000	0.698000	3.528000
-12.258124	0.445000	0.698000	3.528000
-12.256124	0.445000	0.698000	3.528000
-12.254124	0.445000	0.698000	3.528000
-12.252124	0.445000	0.698000	3.528000
-12.250124	0.445000	0.698000	3.528000
-12.248124	0.445000	0.698000	3.528000
-12.246124	0.445000	0.698000	3.528000
-12.244124	0.445000	0.698000	3.528000
-12.242124	0.445000	0.698000	3.528000
-12.240124	0.445000	0.698000	3.528000
-12.238124	0.445000	0.698000	3.528000
-12.236124	0.445000	0.698000	3.528000
-12.234124	0.445000	0.698000	3.528000
-12.232124	0.445000	0.698000	3.528000
-12.230124	0.445000	0.698000	3.528000
-12.228124	0.445000	0.698000	3.528000
-12.226124	0.445000	0.698000	3.528000
-12.224124	0.445000	0.698000	3.528000
-12.222124	0.445000	0.698000	3.528000
-12.220124	0.445000	0.698000	3.528000
-12.218124	0.445000	0.698000	3.528000
-12.216124	0.445000	0.698000	3.528000
-12.214124	0.445000	0.698000	3.528000
-12.212124	0.445000	0.698000	3.528000
-12.210124	0.445000	0.698000	3.528000
-12.208124	0.445000	0.698000	3.528000
-12.206124	0.445000	0.698000	3.528000
-12.204124	0.445000	0.698000	3.528000
-12.202124	0.445000	0.698000	3.528000
-12.200124	0.445000	0.698000	3.528000
-12.198124	0.445000	0.698000	3.528000
-12.196124	0.445000	0.698000	3.528000
-12.194124	0.445000	0.698000	3.528000
-12.192124	0.445000	0.698000	3.528000
-12.190124	0.445000	0.698000	3.528000
-12.188124	0.445000	0.698000	3.528000
-12.186124	0.445000	0.698000	3.528000
-12.184124	0.445000	0.698000	3.528000
-12.182124	0.445000	0.698000	3.528000
-12.180124	0.445000	0.698000	3.528000
-12.178124	0.445000	0.698000	3.528000
-12.176124	0.445000	0.698000	3.528000
-12.174124	0.445000	0.698000	3.528000
-12.172124	0.445000	0.698000	3.528000
-12.170124	0.445000	0.698000	3.528000
-12.168124	0.445000	0.698000	3.528000
-12.166124	0.445000	0.698000	3.528000
-12.164124	0.445000	0.698000	3.528000
-12.162124	0.445000	0.698000	3.528000
-12.160124	0.445000	0.698000	3.528000
-12.158124	0.445000	0.698000	3.528000
-12.156124	0.445000	0.698000	3.528000
-12.154124	0.445000	0.698000	3.528000
-12.152124	0.445000	0.698000	3.528000
-12.150124	0.445000	0.698000	3.528000
-12.148124	0.445000	0.698000	3.528000
-12.146124	0.445000	0.698000	3.528000
-12.144124	0.445000	0.698000	3.528000
-12.142124	0.445000	0.698000	3.528000
-12.140124	0.445000	0.698000	3.528000
-12.138124	0.445000	0.698000	3.528000
-12.136124	0.445000	0.698000	3.528000
-12.134124	0.445000	0.698000	3.528000
-12.132124	0.445000	0.698000	3.528000
-12.130124	0.445000	0.698000	3.528000
-12.128124	0.445000	0.698000	3.528000
-12.126124	0.445000	0.698000	3.528000
-12.124124	0.445000	0.698000	3.528000
-12.122124	0.445000	0.698000	3.528000
-12.120124	0.445000	0.698000	3.528000
-12.118124	0.445000	0.698000	3.528000
-12.116124	0.445000	0.698000	3.528000
-12.114124	0.445000	0.698000	3.528000
-12.112124	0.445000	0.698000	3.528000
-12.110124	0.445000	0.698000	3.528000
-12.108124	0.445000	0.698000	3.528000
-12.106124	0.445000	0.698000	3.528000
-12.104124	0.445000	0.698000	3.528000
-12.102124	0.445000	0.698000	3.528000
-12.100124	0.445000	0.698000	3.528000
-12.098124	0.445000	0.698000	3.528000
-12.096124	0.445000	0.698000	3.528000
-12.094124	0.445000	0.698000	3.528000
-12.092124	0.445000	0.698000	3.528000
-12.090124	0.445000	0.698000	3.528000
-12.088124	0.445000	0.698000	3.528000
-12.086124	0.445000	0.698000	3.528000
-12.084124	0.445000	0.698000	3.528000
-12.082124	0.445000	0.698000	3.528000
-12.080124	0.445000	0.698000	3.528000
-12.078124	0.445000	0.698000	3.528000
-12.076124	0.445000	0.698000	3.528000
-12.074124	0.445000	0.698000	3.528000
-12.072124	0.445000	0.698000	3.528000
-12.070124	0.445000	0.698000	3.528000
-12.068124	0.445000	0.698000	3.528000
-12.066124	0.445000	0.698000	3.528000
-12.064124	0.445000	0.698000	3.528000
-12.062124	0.445000	0.698000	3.528000
-12.060124	0.445000	0.698000	3.528000
-12.058124	0.445000	0.698000	3.528000
-12.056124	0.445000	0.698000	3.528000
-12.054124	0.445000	0.698000	3.528000
-12.052124	0.445000	0.698000	3.528000
-12.050124	0.445000	0.698000	3.528000
-12.048124	0.445000	0.698000	3.528000
-12.046124	0.445000	0.698000	3.528000
-12.044124	0.445000	0.698000	3.528000
-12.042124	0.445000	0.698000	3.528000
-12.040124	0.445000	0.698000	3.528000
-12.038124	0.445000	0.698000	3.528000
-12.036124	0.445000	0.698000	3.528000
-12.034124	0.445000	0.698000	3.528000
-12.032124	0.445000	0.698000	3.528000
-12.030124	0.445000	0.698000	3.528000
-12.028124	0.445000	0.698000	3.528000
-12.026124	0.445000	0.698000	3.528000
-12.024124	0.445000	0.698000	3.528000
-12.022124	0.445000	0.698000	3.528000
-12.020124	0.445000	0.698000	3.528000
-12.018124	0.445000	0.698000	3.528000
-12.016124	0.445000	0.698000	3.528000
-12.014124	0.445000	0.698000	3.528000
-12.012124	0.445000	0.698000	3.528000
-12.010124	0.445000	0.698000	3.528000
-12.008124	0.445000	0.698000	3.528000
-12.006124	0.445000	0.698000	3.528000
-12.004124	0.445000	0.698000	3.528000
-12.002124	0.445000	0.698000	3.528000
-12.000124	0.445000	0.698000	3.528000
-11.998124	0.445000	0.698000	3.528000
-11.996124	0.445000	0.698000	3.528000
-11.994124	0.445000	0.698000	3.528000
-11.992124	0.445000	0.698000	3.528000
-11.990124	0.445000	0.698000	3.528000
-11.988124	0.445000	0.698000	3.528000
-11.986124	0.445000	0.698000	3.528000
-11.984124	0.445000	0.698000	3.528000
-11.982124	0.445000	0.698000	3.528000
-11.980124	0.445000	0.698000	3.528000
-11.978124	0.445000	0.698000	3.528000
-11.976124	0.445000	0.698000	3.528000
-11.974124	0.445000	0.698000	3.528000
-11.972124	0.445000	0.698000	3.528000
-11.970124	0.445000	0.698000	3.528000
-11.968124	0.445000	0.698000	3.528000
-11.966124	0.445000	0.698000	3.528000
-11.964124	0.445000	0.698000	3.528000
-11.962124	0.445000	0.698000	3.528000
-11.960124	0.445000	0.698000	3.528000
-11.958124	0.445000	0.698000	3.528000
-11.956124	0.445000	0.698000	3.528000
-11.954124	0.445000	0.698000	3.528000
-11.952124	0.445000	0.698000	3.528000
-11.950124	0.445000	0.698000	3.528000
-11.948124	0.445000	0.698000	3.528000
-11.946124	0.445000	0.698000	3.528000
-11.944124	0.445000	0.698000	3.528000
-11.942124	0.445000	0.698000	3.528000
-11.940124	0.445000	0.698000	3.528000
-11.938124	0.445000	0.698000	3.528000
-11.936124	0.445000	0.698000	3.528000
-11.934124	0.445000	0.698000	3.528000
-11.932124	0.445000	0.698000	3.528000
-11.930124	0.445000	0.698000	3.528000
-11.928124	0.445000	0.698000	3.528000
-11.926124	0.445000	0.698000	3.528000
-11.924124	0.445000	0.698000	3.528000
-11.922124	0.445000	0.698000	3.528000
-11.920124	0.445000	0.698000	3.528000
-11.918124	0.445000	0.698000	3.528000
-11.916124	0.445000	0.698000	3.528000
-11.914124	0.445000	0.698000	3.528000
-11.912124	0.445000	0.698000	3.528000
-11.910124	0.445000	0.698000	3.528000
-11.908124	0.445000	0.698000	3.528000
-11.906124	0.445000	0.698000	3.528000
-11.904124	0.445000	0.698000	3.528000
-11.902124	0.445000	0.698000	3.528000
-11.900124	0.445000	0.698000	3.528000
-11.898124	0.445000	0.698000	3.528000
-11.896124	0.445000	0.698000	3.528000
-11.894124	0.445000	0.698000	3.528000
-11.892124	0.445000	0.698000	3.528000
-11.890124	0.445000	0.698000	3.528000
-11.888124	0.445000	0.698000	3.528000
-11.886124	0.445000	0.698000	3.528000
-11.884124	0.445000	0.698000	3.528000
-11.882124	0.445000	0.698000	3.528000
-11.880124	0.445000	0.698000	3.528000
-11.878124	0.445000	0.698000	3.528000
-11.876124	0.445000	0.698000	3.528000
-11.874124	0.445000	0.698000	3.528000
-11.872124	0.445000	0.698000	3.528000
-11.870124	0.445000	0.698000	3.528000
-11.868124	0.445000	0.698000	3.528000
-11.866124	0.445000	0.698000	3.528000
-11.864124	0.445000	0.698000	3.528000
-11.862124	0.445000	0.698000	3.528000
-11.860124	0.445000	0.698000	3.528000
-11.858124	0.445000	0.698000	3.528000
-11.856124	0.445000	0.698000	3.528000
-11.854124	0.445000	0.698000	3.528000
-11.852124	0.445000	0.698000	3.528000
-11.850124	0.445000	0.698000	3.528000
-11.848124	0.445000	0.698000	3.528000
-11.846124	0.445000	0.698000	3.528000
-11.844124	0.445000	0.698000	3.528000
-11.842124	0.445000	0.698000	3.528000
-11.840124	0.445000	0.698000	3.528000
-11.838124	0.445000	0.698000	3.528000
-11.836124	0.445000	0.698000	3.528000
-11.834124	0.445000	0.698000	3.528000
-11.832124	0.445000	0.698000	3.528000
-11.830124	0.445000	0.698000	3.528000
-11.828124	0.445000	0.698000	3.528000
-11.826124	0.445000	0.698000	3.528000
-11.824124	0.445000	0.698000	3.528000
-11.822124	0.445000	0.698000	3.528000
-11.820124	0.445000	0.698000	3.528000
-11.818124	0.445000	0.698000	3.528000
-11.816124	0.445000	0.698000	3.528000
-11.814124	0.445000	0.698000	3.528000
-11.812124	0.445000	0.698000	3.528000
-11.810124	0.445000	0.698000	3.528000
-11.808124	0.445000	0.698000	3.528000
-11.806124	0.445000	0.698000	3.528000
-11.804124	0.445000	0.698000	3.528000
-11.802124	0.445000	0.698000	3.528000
-11.800124	0.445000	0.698000	3.528000
-11.798124	0.445000	0.698000	3.528000
-11.796124	0.445000	0.698000	3.528000
-11.794124	0.445000	0.698000	3.528000
-11.792124	0.445000	0.698000	3.528000
-11.790124	0.445000	0.698000	3.528000
-11.788124	0.445000	0.698000	3.528000
-11.786124	0.445000	0.698000	3.528000
-11.784124	0.445000	0.698000	3.528000
-11.782124	0.445000	0.698000	3.528000
-11.780124	0.445000	0.698000	3.528000
-11.778124	0.445000	0.698000	3.528000
-11.776124	0.445000	0.698000	3.528000
-11.774124	0.445000	0.698000	3.528000
-11.772124	0.445000	0.698000	3.528000
-11.770124	0.445000	0.698000	3.528000
-11.768124	0.445000	0.698000	3.528000
-11.766124	0.445000	0.698000	3.528000
-11.764124	0.445000	0.698000	3.528000
-11.762124	0.445000	0.698000	3.528000
-11.760124	0.445000	0.698000	3.528000
-11.758124	0.445000	0.698000	3.528000
-11.756124	0.445000	0.698000	3.528000
-11.754124	0.445000	0.698000	3.528000
-11.752124	0.445000	0.698000	3.528000
-11.750124	0.445000	0.698000	3.528000
-11.748124	0.445000	0.698000	3.528000
-11.746124	0.445000	0.698000	3.528000
-11.744124	0.445000	0.698000	3.528000
-11.742124	0.445000	0.698000	3.528000
-11.740124	0.445000	0.698000	3.528000
-11.738124	0.445000	0.698000	3.528000
-11.736124	0.445000	0.698000	3.528000
-11.734124	0.445000	0.698000	3.528000
-11.732124	0.445000	0.698000	3.528000
-11.730124	0.445000	0.698000	3.528000
-11.728124	0.445000	0.698000	3.528000
-11.726124	0.445000	0.698000	3.528000
-11.724124	0.445000	0.698000	3.528000
-11.722124	0.445000	0.698000	3.528000
-11.720124	0.445000	0.698000	3.528000
-11.718124	0.445000	0.698000	3.528000
-11.716124	0.445000	0.698000	3.528000
-11.714124	0.445000	0.698000	3.528000
-11.712124	0.445000	0.698000	3.528000
-11.710124	0.445000	0.698000	3.528000
-11.708124	0.445000	0.698000	3.528000
-11.706124	0.445000	0.698000	3.528000
-11.704124	0.445000	0.698000	3.528000
-11.702124	0.445000	0.698000	3.528000
-11.700124	0.445000	0.698000	3.528000
-11.698124	0.445000	0.698000	3.528000
-11.696124	0.445000	0.698000	3.528000
-11.694124	0.445000	0.698000	3.528000
-11.692124	0.445000	0.698000	3.528000
-11.690124	0.445000	0.698000	3.528000
-11.688124	0.445000	0.698000	3.528000
-11.686124	0.445000	0.698000	3.528000
-11.684124	0.445000	0.698000	3.528000
-11.682124	0.445000	0.698000	3.528000
-11.680124	0.445000	0.698000	3.528000
-11.678124	0.445000	0.698000	3.528000
-11.676124	0.445000	0.698000	3.528000
-11.674124	0.445000	0.698000	3.528000
-11.672124	0.445000	0.698000	3.528000
-11.670124	0.445000	0.698000	3.528000
-11.668124	0.445000	0.698000	3.528000
-11.666124	0.445000	0.698000	3.528000
-11.664124	0.445000	0.698000	3.528000
-11.662124	0.445000	0.698000	3.528000
-11.660124	0.445000	0.698000	3.528000
-11.658124	0.445000	0.698000	3.528000
-11.656124	0.445000	0.698000	3.528000
-11.654124	0.445000	0.698000	3.528000
-11.652124	0.445000	0.698000	3.528000
-11.650124	0.445000	0.698000	3.528000
-11.648124	0.445000	0.698000	3.528000
-11.646124	0.445000	0.698000	3.528000
-11.644124	0.445000	0.698000	3.528000
-11.642124	0.445000	0.698000	3.528000
-11.640124	0.445000	0.698000	3.528000
-11.638124	0.445000	0.698000	3.528000
-11.636124	0.445000	0.698000	3.528000
-11.634124	0.445000	0.698000	3.528000
-11.632124	0.445000	0.698000	3.528000
-11.630124	0.445000	0.698000	3.528000
-11.628124	0.445000	0.698000	3.528000
-11.626124	0.445000	0.698000	3.528000
-11.624124	0.445000	0.698000	3.528000
-11.622124	0.445000	0.698000	3.528000
-11.620124	0.445000	0.698000	3.528000
-11.618124	0.445000	0.698000	3.528000
-11.616124	0.445000	0.698000	3.528000
-11.614124	0.445000	0.698000	3.528000
-11.612124	0.445000	0.698000	3.528000
-11.610124	0.445000	0.698000	3.528000
-11.608124	0.445000	0.698000	3.528000
-11.606124	0.445000	0.698000	3.528000
-11.604124	0.445000	0.698000	3.528000
-11.602124	0.445000	0.698000	3.528000
-11.600124	0.445000	0.698000	3.528000
-11.598124	0.445000	0.698000	3.528000
-11.596124	0.445000	0.698000	3.528000
-11.594124	0.445000	0.698000	3.528000
-11.592124	0.445000	0.698000	3.528000
-11.590124	0.445000	0.698000	3.528000
-11.588124	0.445000	0.698000	3.528000
-11.586124	0.445000	0.698000	3.528000
-11.584124	0.445000	0.698000	3.528000
-11.582124	0.445000	0.698000	3.528000
-11.580124	0.445000	0.698000	3.528000
-11.578124	0.445000	0.698000	3.528000
-11.576124	0.445000	0.698000	3.528000
-11.574124	0.445000	0.698000	3.528000
-11.572124	0.445000	0.698000	3.528000
-11.570124	0.445000	0.698000	3.528000
-11.568124	0.445000	0.698000	3.528000
-11.566124	0.445000	0.698000	3.528000
-11.564124	0.445000	0.698000	3.528000
-11.562124	0.445000	0.698000	3.528000
-11.560124	0.445000	0.698000	3.528000
-11.558124	0.445000	0.698000	3.528000
-11.556124	0.445000	0.698000	3.528000
-11.554124	0.445000	0.698000	3.528000
-11.552124	0.445000	0.698000	3.528000
-11.550124	0.445000	0.698000	3.528000
-11.548124	0.445000	0.698000	3.528000
-11.546124	0.445000	0.698000	3.528000
-11.544124	0.445000	0.698000	3.528000
-11.542124	0.445000	0.698000	3.528000
-11.540124	0.445000	0.698000	3.528000
-11.538124	0.445000	0.698000	3.528000
-11.536124	0.445000	0.698000	3.528000
-11.534124	0.445000	0.698000	3.528000
-11.532124	0.445000	0.698000	3.528000
-11.530124	0.445000	0.698000	3.528000
-11.528124	0.445000	0.698000	3.528000
-11.526124	0.445000	0.698000	3.528000
-11.524124	0.445000	0.698000	3.528000
-11.522124	0.445000	0.698000	3.528000
-11.520124	0.445000	0.698000	3.528000
-11.518124	0.445000	0.698000	3.528000
-11.516124	0.445000	0.698000	3.528000
-11.514124	0.445000	0.698000	3.528000
-11.512124	0.445000	0.698000	3.528000
-11.510124	0.445000	0.698000	3.528000
-11.508124	0.445000	0.698000	3.528000
-11.506124	0.445000	0.698000	3.528000
-11.504124	0.445000	0.698000	3.528000
-11.502124	0.445000	0.698000	3.528000
-11.500124	0.445000	0.698000	3.528000
-11.498124	0.445000	0.698000	3.528000
-11.496124	0.445000	0.698000	3.528000
-11.494124	0.445000	0.698000	3.528000
-11.492124	0.445000	0.698000	3.528000
-11.490124	0.445000	0.698000	3.528000
-11.488124	0.445000	0.698000	3.528000
-11.486124	0.445000	0.698000	3.528000
-11.484124	0.445000	0.698000	3.528000
-11.482124	0.445000	0.698000	3.528000
-11.480124	0.445000	0.698000	3.528000
-11.478124	0.445000	0.698000	3.528000
-11.476124	0.445000	0.698000	3.528000
-11.474124	0.445000	0.698000	3.528000
-11.472124	0.445000	0.698000	3.528000
-11.470124	0.445000	0.698000	3.528000
-11.468124	0.445000	0.698000	3.528000
-11.466124	0.445000	0.698000	3.528000
-11.464124	0.445000	0.698000	3.528000
-11.462124	0.445000	0.698000	3.528000
-11.460124	0.445000	0.698000	3.528000
-11.458124	0.445000	0.698000	3.528000
-11.456124	0.445000	0.698000	3.528000
-11.454124	0.445000	0.698000	3.528000
-11.452124	0.445000	0.698000	3.528000
-11.450124	0.445000	0.698000	3.528000
-11.448124	0.445000	0.698000	3.528000
-11.446124	0.445000	0.698000	3.528000
-11.444124	0.445000	0.698000	3.528000
-11.442124	0.445000	0.698000	3.528000
-11.440124	0.445000	0.698000	3.528000
-11.438124	0.445000	0.698000	3.528000
-11.436124	0.445000	0.698000	3.528000
-11.434124	0.445000	0.698000	3.528000
-11.432124	0.445000	0.698000	3.528000
-11.430124	0.445000	0.698000	3.528000
-11.428124	0.445000	0.698000	3.528000
-11.426124	0.445000	0.698000	3.528000
-11.424124	0.445000	0.698000	3.528000
-11.422124	0.445000	0.698000	3.528000
-11.420124	0.445000	0.698000	3.528000
-11.418124	0.445000	0.698000	3.528000
-11.416124	0.445000	0.698000	3.528000
-11.414124	0.445000	0.698000	3.528000
-11.412124	0.445000	0.698000	3.528000
-11.410124	0.445000	0.698000	3.528000
-11.408124	0.445000	0.698000	3.528000
-11.406124	0.445000	0.698000	3.528000
-11.404124	0.445000	0.698000	3.528000
-11.402124	0.445000	0.698000	3.528000
-11.400124	0.445000	0.698000	3.528000
-11.398124	0.445000	0.698000	3.528000
-11.396124	0.445000	0.698000	3.528000
-11.394124	0.445000	0.698000	3.528000
-11.392124	0.445000	0.698000	3.528000
-11.390124	0.445000	0.698000	3.528000
-11.388124	0.445000	0.698000	3.528000
-11.386124	0.445000	0.698000	3.528000
-11.384124	0.445000	0.698000	3.528000
-11.382124	0.445000	0.698000	3.528000
-11.380124	0.445000	0.698000	3.528000
-11.378124	0.445000	0.698000	3.528000
-11.376124	0.445000	0.698000	3.528000
-11.374124	0.445000	0.698000	3.528000
-11.372124	0.445000	0.698000	3.528000
-11.370124	0.445000	0.698000	3.528000
-11.368124	0.445000	0.698000	3.528000
-11.366124	0.445000	0.698000	3.528000
-11.364124	0.445000	0.698000	3.528000
-11.362124	0.445000	0.698000	3.528000
-11.360124	0.445000	0.698000	3.528000
-11.358124	0.445000	0.698000	3.528000
-11.356124	0.445000	0.698000	3.528000
-11.354124	0.445000	0.698000	3.528000
-11.352124	0.445000	0.698000	3.528000
-11.350124	0.445000	0.698000	3.528000
-11.348124	0.445000	0.698000	3.528000
-11.346124	0.445000	0.698000	3.528000
-11.344124	0.445000	0.698000	3.528000
-11.342124	0.445000	0.698000	3.528000
-11.340124	0.445000	0.698000	3.528000
-11.338124	0.445000	0.698000	3.528000
-11.336124	0.445000	0.698000	3.528000
-11.334124	0.445000	0.698000	3.528000
-11.332124	0.445000	0.698000	3.528000
-11.330124	0.445000	0.698000	3.528000
-11.328124	0.445000	0.698000	3.528000
-11.326124	0.445000	0.698000	3.528000
-11.324124	0.445000	0.698000	3.528000
-11.322124	0.445000	0.698000	3.528000
-11.320124	0.445000	0.698000	3.528000
-11.318124	0.445000	0.698000	3.528000
-11.316124	0.445000	0.698000	3.528000
-11.314124	0.445000	0.698000	3.528000
-11.312124	0.445000	0.698000	3.528000
-11.310124	0.445000	0.698000	3.528000
-11.308124	0.445000	0.698000	3.528000
-11.306124	0.445000	0.698000	3.528000
-11.304124	0.445000	0.698000	3.528000
-11.302124	0.445000	0.698000	3.528000
-11.300124	0.445000	0.698000	3.528000
-11.298124	0.445000	0.698000	3.528000
-11.296124	0.445000	0.698000	3.528000
-11.294124	0.445000	0.698000	3.528000
-11.292124	0.445000	0.698000	3.528000
-11.290124	0.445000	0.698000	3.528000
-11.288124	0.445000	0.698000	3.528000
-11.286124	0.445000	0.698000	3.528000
-11.284124	0.445000	0.698000	3.528000
-11.282124	0.445000	0.698000	3.528000
-11.280124	0.445000	0.698000	3.528000
-11.278124	0.445000	0.698000	3.528000
-11.276124	0.445000	0.698000	3.528000
-11.274124	0.445000	0.698000	3.528000
-11.272124	0.445000	0.698000	3.528000
-11.270124	0.445000	0.698000	3.528000
-11.268124	0.445000	0.698000	3.528000
-11.266124	0.445000	0.698000	3.528000
-11.264124	0.445000	0.698000	3.528000
-11.262124	0.445000	0.698000	3.528000
-11.260124	0.445000	0.698000	3.528000
-11.258124	0.445000	0.698000	3.528000
-11.256124	0.445000	0.698000	3.528000
-11.254124	0.445000	0.698000	3.528000
-11.252124	0.445000	0.698000	3.528000
-11.250124	0.445000	0.698000	3.528000
-11.248124	0.445000	0.698000	3.528000
-11.246124	0.445000	0.698000	3.528000
-11.244124	0.445000	0.698000	3.528000
-11.242124	0.445000	0.698000	3.528000
-11.240124	0.445000	0.698000	3.528000
-11.238124	0.445000	0.698000	3.528000
-11.236124	0.445000	0.698000	3.528000
-11.234124	0.445000	0.698000	3.528000
-11.232124	0.445000	0.698000	3.528000
-11.230124	0.445000	0.698000	3.528000
-11.228124	0.445000	0.698000	3.528000
-11.226124	0.445000	0.698000	3.528000
-11.224124	0.445000	0.698000	3.528000
-11.222124	0.445000	0.698000	3.528000
-11.220124	0.445000	0.698000	3.528000
-11.218124	0.445000	0.698000	3.528000
-11.216124	0.445000	0.698000	3.528000
-11.214124	0.445000	0.698000	3.528000
-11.212124	0.445000	0.698000	3.528000
-11.210124	0.445000	0.698000	3.528000
-11.208124	0.445000	0.698000	3.528000
-11.206124	0.445000	0.698000	3.528000
-11.204124	0.445000	0.698000	3.528000
-11.202124	0.445000	0.698000	3.528000
-11.200124	0.445000	0.698000	3.528000
-11.198124	0.445000	0.698000	3.528000
-11.196124	0.445000	0.698000	3.528000
-11.194124	0.445000	0.698000	3.528000
-11.192124	0.445000	0.698000	3.528000
-11.190124	0.445000	0.698000	3.528000
-11.188124	0.445000	0.698000	3.528000
-11.186124	0.445000	0.698000	3.528000
-11.184124	0.445000	0.698000	3.528000
-11.182124	0.445000	0.698000	3.528000
-11.180124	0.445000	0.698000	3.528000
-11.178124	0.445000	0.698000	3.528000
-11.176124	0.445000	0.698000	3.528000
-11.174124	0.445000	0.698000	3.528000
-11.172124	0.445000	0.698000	3.528000
-11.170124	0.445000	0.698000	3.528000
-11.168124	0.445000	0.698000	3.528000
-11.166124	0.445000	0.698000	3.528000
-11.164124	0.445000	0.698000	3.528000
-11.162124	0.445000	0.698000	3.528000
-11.160124	0.445000	0.698000	3.528000
-11.158124	0.445000	0.698000	3.528000
-11.156124	0.445000	0.698000	3.528000
-11.154124	0.445000	0.698000	3.528000
-11.152124	0.445000	0.698000	3.528000
-11.150124	0.445000	0.698000	3.528000
-11.148124	0.445000	0.698000	3.528000
-11.146124	0.445000	0.698000	3.528000
-11.144124	0.445000	0.698000	3.528000
-11.142124	0.445000	0.698000	3.528000
-11.140124	0.445000	0.698000	3.528000
-11.138124	0.445000	0.698000	3.528000
-11.136124	0.445000	0.698000	3.528000
-11.134124	0.445000	0.698000	3.528000
-11.132124	0.445000	0.698000	3.528000
-11.130124	0.445000	0.698000	3.528000
-11.128124	0.445000	0.698000	3.528000
-11.126124	0.445000	0.698000	3.528000
-11.124124	0.445000	0.698000	3.528000
-11.122124	0.445000	0.698000	3.528000
-11.120124	0.445000	0.698000	3.528000
-11.118124	0.445000	0.698000	3.528000
-11.116124	0.445000	0.698000	3.528000
-11.114124	0.445000	0.698000	3.528000
-11.112124	0.445000	0.698000	3.528000
-11.110124	0.445000	0.698000	3.528000
-11.108124	0.445000	0.698000	3.528000
-11.106124	0.445000	0.698000	3.528000
-11.104124	0.445000	0.698000	3.528000
-11.102124	0.445000	0.698000	3.528000
-11.100124	0.445000	0.698000	3.528000
-11.098124	0.445000	0.698000	3.528000
-11.096124	0.445000	0.698000	3.528000
-11.094124	0.445000	0.698000	3.528000
-11.092124	0.445000	0.698000	3.528000
-11.090124	0.445000	0.698000	3.528000
-11.088124	0.445000	0.698000	3.528000
-11.086124	0.445000	0.698000	3.528000
-11.084124	0.445000	0.698000	3.528000
-11.082124	0.445000	0.698000	3.528000
-11.080124	0.445000	0.698000	3.528000
-11.078124	0.445000	0.698000	3.528000
-11.076124	0.445000	0.698000	3.528000
-11.074124	0.445000	0.698000	3.528000
-11.072124	0.445000	0.698000	3.528000
-11.070124	0.445000	0.698000	3.528000
-11.068124	0.445000	0.698000	3.528000
-11.066124	0.445000	0.698000	3.528000
-11.064124	0.445000	0.698000	3.528000
-11.062124	0.445000	0.698000	3.528000
-11.060124	0.445000	0.698000	3.528000
-11.058124	0.445000	0.698000	3.528000
-11.056124	0.445000	0.698000	3.528000
-11.054124	0.445000	0.698000	3.528000
-11.052124	0.445000	0.698000	3.528000
-11.050124	0.445000	0.698000	3.528000
-11.048124	0.445000	0.698000	3.528000
-11.046124	0.445000	0.698000	3.528000
-11.044124	0.445000	0.698000	3.528000
-11.042124	0.445000	0.698000	3.528000
-11.040124	0.445000	0.698000	3.528000
-11.038124	0.445000	0.698000	3.528000
-11.036124	0.445000	0.698000	3.528000
-11.034124	0.445000	0.698000	3.528000
-11.032124	0.445000	0.698000	3.528000
-11.030124	0.445000	0.698000	3.528000
-11.028124	0.445000	0.698000	3.528000
-11.026124	0.445000	0.698000	3.528000
-11.024124	0.445000	0.698000	3.528000
-11.022124	0.445000	0.698000	3.528000
-11.020124	0.445000	0.698000	3.528000
-11.018124	0.445000	0.698000	3.528000
-11.016124	0.445000	0.698000	3.528000
-11.014124	0.445000	0.698000	3.528000
-11.012124	0.445000	0.698000	3.528000
-11.010124	0.445000	0.698000	3.528000
-11.008124	0.445000	0.698000	3.528000
-11.006124	0.445000	0.698000	3.528000
-11.004124	0.445000	0.698000	3.528000
-11.002124	0.445000	0.698000	3.528000
-11.000124	0.445000	0.698000	3.528000
-10.998124	0.445000	0.698000	3.528000
-10.996124	0.445000	0.698000	3.528000
-10.994124	0.445000	0.698000	3.528000
-10.992124	0.445000	0.698000	3.528000
-10.990124	0.445000	0.698000	3.528000
-10.988124	0.445000	0.698000	3.528000
-10.986124	0.445000	0.698000	3.528000
-10.984124	0.445000	0.698000	3.528000
-10.982124	0.445000	0.698000	3.528000
-10.980124	0.445000	0.698000	3.528000
-10.978124	0.445000	0.698000	3.528000
-10.976124	0.445000	0.698000	3.528000
-10.974124	0.445000	0.698000	3.528000
-10.972124	0.445000	0.698000	3.528000
-10.970124	0.445000	0.698000	3.528000
-10.968124	0.445000	0.698000	3.528000
-10.966124	0.445000	0.698000	3.528000
-10.964124	0.445000	0.698000	3.528000
-10.962124	0.445000	0.698000	3.528000
-10.960124	0.445000	0.698000	3.528000
-10.958124	0.445000	0.698000	3.528000
-10.956124	0.445000	0.698000	3.528000
-10.954124	0.445000	0.698000	3.528000
-10.952124	0.445000	0.698000	3.528000
-10.950124	0.445000	0.698000	3.528000
-10.948124	0.445000	0.698000	3.528000
-10.946124	0.445000	0.698000	3.528000
-10.944124	0.445000	0.698000	3.528000
-10.942124	0.445000	0.698000	3.528000
-10.940124	0.445000	0.698000	3.528000
-10.938124	0.445000	0.698000	3.528000
-10.936124	0.445000	0.698000	3.528000
-10.934124	0.445000	0.698000	3.528000
-10.932124	0.445000	0.698000	3.528000
-10.930124	0.445000	0.698000	3.528000
-10.928124	0.445000	0.698000	3.528000
-10.926124	0.445000	0.698000	3.528000
-10.924124	0.445000	0.698000	3.528000
-10.922124	0.445000	0.698000	3.528000
-10.920124	0.445000	0.698000	3.528000
-10.918124	0.445000	0.698000	3.528000
-10.916124	0.445000	0.698000	3.528000
-10.914124	0.445000	0.698000	3.528000
-10.912124	0.445000	0.698000	3.528000
-10.910124	0.445000	0.698000	3.528000
-10.908124	0.445000	0.698000	3.528000
-10.906124	0.445000	0.698000	3.528000
-10.904124	0.445000	0.698000	3.528000
-10.902124	0.445000	0.698000	3.528000
-10.900124	0.445000	0.698000	3.528000
-10.898124	0.445000	0.698000	3.528000
-10.896124	0.445000	0.698000	3.528000
-10.894124	0.445000	0.698000	3.528000
-10.892124	0.445000	0.698000	3.528000
-10.890124	0.445000	0.698000	3.528000
-10.888124	0.445000	0.698000	3.528000
-10.886124	0.445000	0.698000	3.528000
-10.884124	0.445000	0.698000	3.528000
-10.882124	0.445000	0.698000	3.528000
-10.880124	0.445000	0.698000	3.528000
-10.878124	0.445000	0.698000	3.528000
-10.876124	0.445000	0.698000	3.528000
-10.874124	0.445000	0.698000	3.528000
-10.872124	0.445000	0.698000	3.528000
-10.870124	0.445000	0.698000	3.528000
-10.868124	0.445000	0.698000	3.528000
-10.866124	0.445000	0.698000	3.528000
-10.864124	0.445000	0.698000	3.528000
-10.862124	0.445000	0.698000	3.528000
-10.860124	0.445000	0.698000	3.528000
-10.858124	0.445000	0.698000	3.528000
-10.856124	0.445000	0.698000	3.528000
-10.854124	0.445000	0.698000	3.528000
-10.852124	0.445000	0.698000	3.528000
-10.850124	0.445000	0.698000	3.528000
-10.848124	0.445000	0.698000	3.528000
-10.846124	0.445000	0.698000	3.528000
-10.844124	0.445000	0.698000	3.528000
-10.842124	0.445000	0.698000	3.528000
-10.840124	0.445000	0.698000	3.528000
-10.838124	0.445000	0.698000	3.528000
-10.836124	0.445000	0.698000	3.528000
-10.834124	0.445000	0.698000	3.528000
-10.832124	0.445000	0.698000	3.528000
-10.830124	0.445000	0.698000	3.528000
-10.828124	0.445000	0.698000	3.528000
-10.826124	0.445000	0.698000	3.528000
-10.824124	0.445000	0.698000	3.528000
-10.822124	0.445000	0.698000	3.528000
-10.820124	0.445000	0.698000	3.528000
-10.818124	0.445000	0.698000	3.528000
-10.816124	0.445000	0.698000	3.528000
-10.814124	0.445000	0.698000	3.528000
-10.812124	0.445000	0.698000	3.528000
-10.810124	0.445000	0.698000	3.528000
-10.808124	0.445000	0.698000	3.528000
-10.806124	0.445000	0.698000	3.528000
-10.804124	0.445000	0.698000	3.528000
-10.802124	0.445000	0.698000	3.528000
-10.800124	0.445000	0.698000	3.528000
-10.798124	0.445000	0.698000	3.528000
-10.796124	0.445000	0.698000	3.528000
-10.794124	0.445000	0.698000	3.528000
-10.792124	0.445000	0.698000	3.528000
-10.790124	0.445000	0.698000	3.528000
-10.788124	0.445000	0.698000	3.528000
-10.786124	0.445000	0.698000	3.528000
-10.784124	0.445000	0.698000	3.528000
-10.782124	0.445000	0.698000	3.528000
-10.780124	0.445000	0.698000	3.528000
-10.778124	0.445000	0.698000	3.528000
-10.776124	0.445000	0.698000	3.528000
-10.774124	0.445000	0.698000	3.528000
-10.772124	0.445000	0.698000	3.528000
-10.770124	0.445000	0.698000	3.528000
-10.768124	0.445000	0.698000	3.528000
-10.766124	0.445000	0.698000	3.528000
-10.764124	0.445000	0.698000	3.528000
-10.762124	0.445000	0.698000	3.528000
-10.760124	0.445000	0.698000	3.528000
-10.758124	0.445000	0.698000	3.528000
-10.756124	0.445000	0.698000	3.528000
-10.754124	0.445000	0.698000	3.528000
-10.752124	0.445000	0.698000	3.528000
-10.750124	0.445000	0.698000	3.528000
-10.748124	0.445000	0.698000	3.528000
-10.746124	0.445000	0.698000	3.528000
-10.744124	0.445000	0.698000	3.528000
-10.742124	0.445000	0.698000	3.528000
-10.740124	0.445000	0.698000	3.528000
-10.738124	0.445000	0.698000	3.528000
-10.736124	0.445000	0.698000	3.528000
-10.734124	0.445000	0.698000	3.528000
-10.732124	0.445000	0.698000	3.528000
-10.730124	0.445000	0.698000	3.528000
-10.728124	0.445000	0.698000	3.528000
-10.726124	0.445000	0.698000	3.528000
-10.724124	0.445000	0.698000	3.528000
-10.722124	0.445000	0.698000	3.528000
-10.720124	0.445000	0.698000	3.528000
-10.718124	0.445000	0.698000	3.528000
-10.716124	0.445000	0.698000	3.528000
-10.714124	0.445000	0.698000	3.528000
-10.712124	0.445000	0.698000	3.528000
-10.710124	0.445000	0.698000	3.528000
-10.708124	0.445000	0.698000	3.528000
-10.706124	0.445000	0.698000	3.528000
-10.704124	0.445000	0.698000	3.528000
-10.702124	0.445000	0.698000	3.528000
-10.700124	0.445000	0.698000	3.528000
-10.698124	0.445000	0.698000	3.528000
-10.696124	0.445000	0.698000	3.528000
-10.694124	0.445000	0.698000	3.528000
-10.692124	0.445000	0.698000	3.528000
-10.690124	0.445000	0.698000	3.528000
-10.688124	0.445000	0.698000	3.528000
-10.686124	0.445000	0.698000	3.528000
-10.684124	0.445000	0.698000	3.528000
-10.682124	0.445000	0.698000	3.528000
-10.680124	0.445000	0.698000	3.528000
-10.678124	0.445000	0.698000	3.528000
-10.676124	0.445000	0.698000	3.528000
-10.674124	0.445000	0.698000	3.528000
-10.672124	0.445000	0.698000	3.528000
-10.670124	0.445000	0.698000	3.528000
-10.668124	0.445000	0.698000	3.528000
-10.666124	0.445000	0.698000	3.528000
-10.664124	0.445000	0.698000	3.528000
-10.662124	0.445000	0.698000	3.528000
-10.660124	0.445000	0.698000	3.528000
-10.658124	0.445000	0.698000	3.528000
-10.656124	0.445000	0.698000	3.528000
-10.654124	0.445000	0.698000	3.528000
-10.652124	0.445000	0.698000	3.528000
-10.650124	0.445000	0.698000	3.528000
-10.648124	0.445000	0.698000	3.528000
-10.646124	0.445000	0.698000	3.528000
-10.644124	0.445000	0.698000	3.528000
-10.642124	0.445000	0.698000	3.528000
-10.640124	0.445000	0.698000	3.528000
-10.638124	0.445000	0.698000	3.528000
-10.636124	0.445000	0.698000	3.528000
-10.634124	0.445000	0.698000	3.528000
-10.632124	0.445000	0.698000	3.528000
-10.630124	0.445000	0.698000	3.528000
-10.628124	0.445000	0.698000	3.528000
-10.626124	0.445000	0.698000	3.528000
-10.624124	0.445000	0.698000	3.528000
-10.622124	0.445000	0.698000	3.528000
-10.620124	0.445000	0.698000	3.528000
-10.618124	0.445000	0.698000	3.528000
-10.616124	0.445000	0.698000	3.528000
-10.614124	0.445000	0.698000	3.528000
-10.612124	0.445000	0.698000	3.528000
-10.610124	0.445000	0.698000	3.528000
-10.608124	0.445000	0.698000	3.528000
-10.606124	0.445000	0.698000	3.528000
-10.604124	0.445000	0.698000	3.528000
-10.602124	0.445000	0.698000	3.528000
-10.600124	0.445000	0.698000	3.528000
-10.598124	0.445000	0.698000	3.528000
-10.596124	0.445000	0.698000	3.528000
-10.594124	0.445000	0.698000	3.528000
-10.592124	0.445000	0.698000	3.528000
-10.590124	0.445000	0.698000	3.528000
-10.588124	0.445000	0.698000	3.528000
-10.586124	0.445000	0.698000	3.528000
-10.584124	0.445000	0.698000	3.528000
-10.582124	0.445000	0.698000	3.528000
-10.580124	0.445000	0.698000	3.528000
-10.578124	0.445000	0.698000	3.528000
-10.576124	0.445000	0.698000	3.528000
-10.574124	0.445000	0.698000	3.528000
-10.572124	0.445000	0.698000	3.528000
-10.570124	0.445000	0.698000	3.528000
-10.568124	0.445000	0.698000	3.528000
-10.566124	0.445000	0.698000	3.528000
-10.564124	0.445000	0.698000	3.528000
-10.562124	0.445000	0.698000	3.528000
-10.560124	0.445000	0.698000	3.528000
-10.558124	0.445000	0.698000	3.528000
-10.556124	0.445000	0.698000	3.528000
-10.554124	0.445000	0.698000	3.528000
-10.552124	0.445000	0.698000	3.528000
-10.550124	0.445000	0.698000	3.528000
-10.548124	0.445000	0.698000	3.528000
-10.546124	0.445000	0.698000	3.528000
-10.544124	0.445000	0.698000	3.528000
-10.542124	0.445000	0.698000	3.528000
-10.540124	0.445000	0.698000	3.528000
-10.538124	0.445000	0.698000	3.528000
-10.536124	0.445000	0.698000	3.528000
-10.534124	0.445000	0.698000	3.528000
-10.532124	0.445000	0.698000	3.528000
-10.530124	0.445000	0.698000	3.528000
-10.528124	0.445000	0.698000	3.528000
-10.526124	0.445000	0.698000	3.528000
-10.524124	0.445000	0.698000	3.528000
-10.522124	0.445000	0.698000	3.528000
-10.520124	0.445000	0.698000	3.528000
-10.518124	0.445000	0.698000	3.528000
-10.516124	0.445000	0.698000	3.528000
-10.514124	0.445000	0.698000	3.528000
-10.512124	0.445000	0.698000	3.528000
-10.510124	0.445000	0.698000	3.528000
-10.508124	0.445000	0.698000	3.528000
-10.506124	0.445000	0.698000	3.528000
-10.504124	0.445000	0.698000	3.528000
-10.502124	0.445000	0.698000	3.528000
-10.500124	0.445000	0.698000	3.528000
-10.498124	0.445000	0.698000	3.528000
-10.496124	0.445000	0.698000	3.528000
-10.494124	0.445000	0.698000	3.528000
-10.492124	0.445000	0.698000	3.528000
-10.490124	0.445000	0.698000	3.528000
-10.488124	0.445000	0.698000	3.528000
-10.486124	0.445000	0.698000	3.528000
-10.484124	0.445000	0.698000	3.528000
-10.482124	0.445000	0.698000	3.528000
-10.480124	0.445000	0.698000	3.528000
-10.478124	0.445000	0.698000	3.528000
-10.476124	0.445000	0.698000	3.528000
-10.474124	0.445000	0.698000	3.528000
-10.472124	0.445000	0.698000	3.528000
-10.470124	0.445000	0.698000	3.528000
-10.468124	0.445000	0.698000	3.528000
-10.466124	0.445000	0.698000	3.528000
-10.464124	0.445000	0.698000	3.528000
-10.462124	0.445000	0.698000	3.528000
-10.460124	0.445000	0.698000	3.528000
-10.458124	0.445000	0.698000	3.528000
-10.456124	0.445000	0.698000	3.528000
-10.454124	0.445000	0.698000	3.528000
-10.452124	0.445000	0.698000	3.528000
-10.450124	0.445000	0.698000	3.528000
-10.448124	0.445000	0.698000	3.528000
-10.446124	0.445000	0.698000	3.528000
-10.444124	0.445000	0.698000	3.528000
-10.442124	0.445000	0.698000	3.528000
-10.440124	0.445000	0.698000	3.528000
-10.438124	0.445000	0.698000	3.528000
-10.436124	0.445000	0.698000	3.528000
-10.434124	0.445000	0.698000	3.528000
-10.432124	0.445000	0.698000	3.528000
-10.430124	0.445000	0.698000	3.528000
-10.428124	0.445000	0.698000	3.528000
-10.426124	0.445000	0.698000	3.528000
-10.424124	0.445000	0.698000	3.528000
-10.422124	0.445000	0.698000	3.528000
-10.420124	0.445000	0.698000	3.528000
-10.418124	0.445000	0.698000	3.528000
-10.416124	0.445000	0.698000	3.528000
-10.414124	0.445000	0.698000	3.528000
-10.412124	0.445000	0.698000	3.528000
-10.410124	0.445000	0.698000	3.528000
-10.408124	0.445000	0.698000	3.528000
-10.406124	0.445000	0.698000	3.528000
-10.404124	0.445000	0.698000	3.528000
-10.402124	0.445000	0.698000	3.528000
-10.400124	0.445000	0.698000	3.528000
-10.398124	0.445000	0.698000	3.528000
-10.396124	0.445000	0.698000	3.528000
-10.394124	0.445000	0.698000	3.528000
-10.392124	0.445000	0.698000	3.528000
-10.390124	0.445000	0.698000	3.528000
-10.388124	0.445000	0.698000	3.528000
-10.386124	0.445000	0.698000	3.528000
-10.384124	0.445000	0.698000	3.528000
-10.382124	0.445000	0.698000	3.528000
-10.380124	0.445000	0.698000	3.528000
-10.378124	0.445000	0.698000	3.528000
-10.376124	0.445000	0.698000	3.528000
-10.374124	0.445000	0.698000	3.528000
-10.372124	0.445000	0.698000	3.528000
-10.370124	0.445000	0.698000	3.528000
-10.368124	0.445000	0.698000	3.528000
-10.366124	0.445000	0.698000	3.528000
-10.364124	0.445000	0.698000	3.528000
-10.362124	0.445000	0.698000	3.528000
-10.360124	0.445000	0.698000	3.528000
-10.358124	0.445000	0.698000	3.528000
-10.356124	0.445000	0.698000	3.528000
-10.354124	0.445000	0.698000	3.528000
-10.352124	0.445000	0.698000	3.528000
-10.350124	0.445000	0.698000	3.528000
-10.348124	0.445000	0.698000	3.528000
-10.346124	0.445000	0.698000	3.528000
-10.344124	0.445000	0.698000	3.528000
-10.342124	0.445000	0.698000	3.528000
-10.340124	0.445000	0.698000	3.528000
-10.338124	0.445000	0.698000	3.528000
-10.336124	0.445000	0.698000	3.528000
-10.334124	0.445000	0.698000	3.528000
-10.332124	0.445000	0.698000	3.528000
-10.330124	0.445000	0.698000	3.528000
-10.328124	0.445000	0.698000	3.528000
-10.326124	0.445000	0.698000	3.528000
-10.324124	0.445000	0.698000	3.528000
-10.322124	0.445000	0.698000	3.528000
-10.320124	0.445000	0.698000	3.528000
-10.318124	0.445000	0.698000	3.528000
-10.316124	0.445000	0.698000	3.528000
-10.314124	0.445000	0.698000	3.528000
-10.312124	0.445000	0.698000	3.528000
-10.310124	0.445000	0.698000	3.528000
-10.308124	0.445000	0.698000	3.528000
-10.306124	0.445000	0.698000	3.528000
-10.304124	0.445000	0.698000	3.528000
-10.302124	0.445000	0.698000	3.528000
-10.300124	0.445000	0.698000	3.528000
-10.298124	0.445000	0.698000	3.528000
-10.296124	0.445000	0.698000	3.528000
-10.294124	0.445000	0.698000	3.528000
-10.292124	0.445000	0.698000	3.528000
-10.290124	0.445000	0.698000	3.528000
-10.288124	0.445000	0.698000	3.528000
-10.286124	0.445000	0.698000	3.528000
-10.284124	0.445000	0.698000	3.528000
-10.282124	0.445000	0.698000	3.528000
-10.280124	0.445000	0.698000	3.528000
-10.278124	0.445000	0.698000	3.528000
-10.276124	0.445000	0.698000	3.528000
-10.274124	0.445000	0.698000	3.528000
-10.272124	0.445000	0.698000	3.528000
-10.270124	0.445000	0.698000	3.528000
-10.268124	0.445000	0.698000	3.528000
-10.266124	0.445000	0.698000	3.528000
-10.264124	0.445000	0.698000	3.528000
-10.262124	0.445000	0.698000	3.528000
-10.260124	0.445000	0.698000	3.528000
-10.258124	0.445000	0.698000	3.528000
-10.256124	0.445000	0.698000	3.528000
-10.254124	0.445000	0.698000	3.528000
-10.252124	0.445000	0.698000	3.528000
-10.250124	0.445000	0.698000	3.528000
-10.248124	0.445000	0.698000	3.528000
-10.246124	0.445000	0.698000	3.528000
-10.244124	0.445000	0.698000	3.528000
-10.242124	0.445000	0.698000	3.528000
-10.240124	0.445000	0.698000	3.528000
-10.238124	0.445000	0.698000	3.528000
-10.236124	0.445000	0.698000	3.528000
-10.234124	0.445000	0.698000	3.528000
-10.232124	0.445000	0.698000	3.528000
-10.230124	0.445000	0.698000	3.528000
-10.228124	0.445000	0.698000	3.528000
-10.226124	0.445000	0.698000	3.528000
-10.224124	0.445000	0.698000	3.528000
-10.222124	0.445000	0.698000	3.528000
-10.220124	0.445000	0.698000	3.528000
-10.218124	0.445000	0.698000	3.528000
-10.216124	0.445000	0.698000	3.528000
-10.214124	0.445000	0.698000	3.528000
-10.212124	0.445000	0.698000	3.528000
-10.210124	0.445000	0.698000	3.528000
-10.208124	0.445000	0.698000	3.528000
-10.206124	0.445000	0.698000	3.528000
-10.204124	0.445000	0.698000	3.528000
-10.202124	0.445000	0.698000	3.528000
-10.200124	0.445000	0.698000	3.528000
-10.198124	0.445000	0.698000	3.528000
-10.196124	0.445000	0.698000	3.528000
-10.194124	0.445000	0.698000	3.528000
-10.192124	0.445000	0.698000	3.528000
-10.190124	0.445000	0.698000	3.528000
-10.188124	0.445000	0.698000	3.528000
-10.186124	0.445000	0.698000	3.528000
-10.184124	0.445000	0.698000	3.528000
-10.182124	0.445000	0.698000	3.528000
-10.180124	0.445000	0.698000	3.528000
-10.178124	0.445000	0.698000	3.528000
-10.176124	0.445000	0.698000	3.528000
-10.174124	0.445000	0.698000	3.528000
-10.172124	0.445000	0.698000	3.528000
-10.170124	0.445000	0.698000	3.528000
-10.168124	0.445000	0.698000	3.528000
-10.166124	0.445000	0.698000	3.528000
-10.164124	0.445000	0.698000	3.528000
-10.162124	0.445000	0.698000	3.528000
-10.160124	0.445000	0.698000	3.528000
-10.158124	0.445000	0.698000	3.528000
-10.156124	0.445000	0.698000	3.528000
-10.154124	0.445000	0.698000	3.528000
-10.152124	0.445000	0.698000	3.528000
-10.150124	0.445000	0.698000	3.528000
-10.148124	0.445000	0.698000	3.528000
-10.146124	0.445000	0.698000	3.528000
-10.144124	0.445000	0.698000	3.528000
-10.142124	0.445000	0.698000	3.528000
-10.140124	0.445000	0.698000	3.528000
-10.138124	0.445000	0.698000	3.528000
-10.136124	0.445000	0.698000	3.528000
-10.134124	0.445000	0.698000	3.528000
-10.132124	0.445000	0.698000	3.528000
-10.130124	0.445000	0.698000	3.528000
-10.128124	0.445000	0.698000	3.528000
-10.126124	0.445000	0.698000	3.528000
-10.124124	0.445000	0.698000	3.528000
-10.122124	0.445000	0.698000	3.528000
-10.120124	0.445000	0.698000	3.528000
-10.118124	0.445000	0.698000	3.528000
-10.116124	0.445000	0.698000	3.528000
-10.114124	0.445000	0.698000	3.528000
-10.112124	0.445000	0.698000	3.528000
-10.110124	0.445000	0.698000	3.528000
-10.108124	0.445000	0.698000	3.528000
-10.106124	0.445000	0.698000	3.528000
-10.104124	0.445000	0.698000	3.528000
-10.102124	0.445000	0.698000	3.528000
-10.100124	0.445000	0.698000	3.528000
-10.098124	0.445000	0.698000	3.528000
-10.096124	0.445000	0.698000	3.528000
-10.094124	0.445000	0.698000	3.528000
-10.092124	0.445000	0.698000	3.528000
-10.090124	0.445000	0.698000	3.528000
-10.088124	0.445000	0.698000	3.528000
-10.086124	0.445000	0.698000	3.528000
-10.084124	0.445000	0.698000	3.528000
-10.082124	0.445000	0.698000	3.528000
-10.080124	0.445000	0.698000	3.528000
-10.078124	0.445000	0.698000	3.528000
-10.076124	0.445000	0.698000	3.528000
-10.074124	0.445000	0.698000	3.528000
-10.072124	0.445000	0.698000	3.528000
-10.070124	0.445000	0.698000	3.528000
-10.068124	0.445000	0.698000	3.528000
-10.066124	0.445000	0.698000	3.528000
-10.064124	0.445000	0.698000	3.528000
-10.062124	0.445000	0.698000	3.528000
-10.060124	0.445000	0.698000	3.528000
-10.058124	0.445000	0.698000	3.528000
-10.056124	0.445000	0.698000	3.528000
-10.054124	0.445000	0.698000	3.528000
-10.052124	0.445000	0.698000	3.528000
-10.050124	0.445000	0.698000	3.528000
-10.048124	0.445000	0.698000	3.528000
-10.046124	0.445000	0.698000	3.528000
-10.044124	0.445000	0.698000	3.528000
-10.042124	0.445000	0.698000	3.528000
-10.040124	0.445000	0.698000	3.528000
-10.038124	0.445000	0.698000	3.528000
-10.036124	0.445000	0.698000	3.528000
-10.034124	0.445000	0.698000	3.528000
-10.032124	0.445000	0.698000	3.528000
-10.030124	0.445000	0.698000	3.528000
-10.028124	0.445000	0.698000	3.528000
-10.026124	0.445000	0.698000	3.528000
-10.024124	0.445000	0.698000	3.528000
-10.022124	0.445000	0.698000	3.528000
-10.020124	0.445000	0.698000	3.528000
-10.018124	0.445000	0.698000	3.528000
-10.016124	0.445000	0.698000	3.528000
-10.014124	0.445000	0.698000	3.528000
-10.012124	0.445000	0.698000	3.528000
-10.010124	0.445000	0.698000	3.528000
-10.008124	0.445000	0.698000	3.528000
-10.006124	0.445000	0.698000	3.528000
-10.004124	0.445000	0.698000	3.528000
-10.002124	0.445000	0.698000	3.528000
-10.000124	0.445000	0.698000	3.528000
-9.998124	0.445000	0.698000	3.528000
-9.996124	0.445000	0.698000	3.528000
-9.994124	0.445000	0.698000	3.528000
-9.992124	0.445000	0.698000	3.528000
-9.990124	0.445000	0.698000	3.528000
-9.988124	0.445000	0.698000	3.528000
-9.986124	0.445000	0.698000	3.528000
-9.984124	0.445000	0.698000	3.528000
-9.982124	0.445000	0.698000	3.528000
-9.980124	0.445000	0.698000	3.528000
-9.978124	0.445000	0.698000	3.528000
-9.976124	0.445000	0.698000	3.528000
-9.974124	0.445000	0.698000	3.528000
-9.972124	0.445000	0.698000	3.528000
-9.970124	0.445000	0.698000	3.528000
-9.968124	0.445000	0.698000	3.528000
-9.966124	0.445000	0.698000	3.528000
-9.964124	0.445000	0.698000	3.528000
-9.962124	0.445000	0.698000	3.528000
-9.960124	0.445000	0.698000	3.528000
-9.958124	0.445000	0.698000	3.528000
-9.956124	0.445000	0.698000	3.528000
-9.954124	0.445000	0.698000	3.528000
-9.952124	0.445000	0.698000	3.528000
-9.950124	0.445000	0.698000	3.528000
-9.948124	0.445000	0.698000	3.528000
-9.946124	0.445000	0.698000	3.528000
-9.944124	0.445000	0.698000	3.528000
-9.942124	0.445000	0.698000	3.528000
-9.940124	0.445000	0.698000	3.528000
-9.938124	0.445000	0.698000	3.528000
-9.936124	0.445000	0.698000	3.528000
-9.934124	0.445000	0.698000	3.528000
-9.932124	0.445000	0.698000	3.528000
-9.930124	0.445000	0.698000	3.528000
-9.928124	0.445000	0.698000	3.528000
-9.926124	0.445000	0.698000	3.528000
-9.924124	0.445000	0.698000	3.528000
-9.922124	0.445000	0.698000	3.528000
-9.920124	0.445000	0.698000	3.528000
-9.918124	0.445000	0.698000	3.528000
-9.916124	0.445000	0.698000	3.528000
-9.914124	0.445000	0.698000	3.528000
-9.912124	0.445000	0.698000	3.528000
-9.910124	0.445000	0.698000	3.528000
-9.908124	0.445000	0.698000	3.528000
-9.906124	0.445000	0.698000	3.528000
-9.904124	0.445000	0.698000	3.528000
-9.902124	0.445000	0.698000	3.528000
-9.900124	0.445000	0.698000	3.528000
-9.898124	0.445000	0.698000	3.528000
-9.896124	0.445000	0.698000	3.528000
-9.894124	0.445000	0.698000	3.528000
-9.892124	0.445000	0.698000	3.528000
-9.890124	0.445000	0.698000	3.528000
-9.888124	0.445000	0.698000	3.528000
-9.886124	0.445000	0.698000	3.528000
-9.884124	0.445000	0.698000	3.528000
-9.882124	0.445000	0.698000	3.528000
-9.880124	0.445000	0.698000	3.528000
-9.878124	0.445000	0.698000	3.528000
-9.876124	0.445000	0.698000	3.528000
-9.874124	0.445000	0.698000	3.528000
-9.872124	0.445000	0.698000	3.528000
-9.870124	0.445000	0.698000	3.528000
-9.868124	0.445000	0.698000	3.528000
-9.866124	0.445000	0.698000	3.528000
-9.864124	0.445000	0.698000	3.528000
-9.862124	0.445000	0.698000	3.528000
-9.860124	0.445000	0.698000	3.528000
-9.858124	0.445000	0.698000	3.528000
-9.856124	0.445000	0.698000	3.528000
-9.854124	0.445000	0.698000	3.528000
-9.852124	0.445000	0.698000	3.528000
-9.850124	0.445000	0.698000	3.528000
-9.848124	0.445000	0.698000	3.528000
-9.846124	0.445000	0.698000	3.528000
-9.844124	0.445000	0.698000	3.528000
-9.842124	0.445000	0.698000	3.528000
-9.840124	0.445000	0.698000	3.528000
-9.838124	0.445000	0.698000	3.528000
-9.836124	0.445000	0.698000	3.528000
-9.834124	0.445000	0.698000	3.528000
-9.832124	0.445000	0.698000	3.528000
-9.830124	0.445000	0.698000	3.528000
-9.828124	0.445000	0.698000	3.528000
-9.826124	0.445000	0.698000	3.528000
-9.824124	0.445000	0.698000	3.528000
-9.822124	0.445000	0.698000	3.528000
-9.820124	0.445000	0.698000	3.528000
-9.818124	0.445000	0.698000	3.528000
-9.816124	0.445000	0.698000	3.528000
-9.814124	0.445000	0.698000	3.528000
-9.812124	0.445000	0.698000	3.528000
-9.810124	0.445000	0.698000	3.528000
-9.808124	0.445000	0.698000	3.528000
-9.806124	0.445000	0.698000	3.528000
-9.804124	0.445000	0.698000	3.528000
-9.802124	0.445000	0.698000	3.528000
-9.800124	0.445000	0.698000	3.528000
-9.798124	0.445000	0.698000	3.528000
-9.796124	0.445000	0.698000	3.528000
-9.794124	0.445000	0.698000	3.528000
-9.792124	0.445000	0.698000	3.528000
-9.790124	0.445000	0.698000	3.528000
-9.788124	0.445000	0.698000	3.528000
-9.786124	0.445000	0.698000	3.528000
-9.784124	0.445000	0.698000	3.528000
-9.782124	0.445000	0.698000	3.528000
-9.780124	0.445000	0.698000	3.528000
-9.778124	0.445000	0.698000	3.528000
-9.776124	0.445000	0.698000	3.528000
-9.774124	0.445000	0.698000	3.528000
-9.772124	0.445000	0.698000	3.528000
-9.770124	0.445000	0.698000	3.528000
-9.768124	0.445000	0.698000	3.528000
-9.766124	0.445000	0.698000	3.528000
-9.764124	0.445000	0.698000	3.528000
-9.762124	0.445000	0.698000	3.528000
-9.760124	0.445000	0.698000	3.528000
-9.758124	0.445000	0.698000	3.528000
-9.756124	0.445000	0.698000	3.528000
-9.754124	0.445000	0.698000	3.528000
-9.752124	0.445000	0.698000	3.528000
-9.750124	0.445000	0.698000	3.528000
-9.748124	0.445000	0.698000	3.528000
-9.746124	0.445000	0.698000	3.528000
-9.744124	0.445000	0.698000	3.528000
-9.742124	0.445000	0.698000	3.528000
-9.740124	0.445000	0.698000	3.528000
-9.738124	0.445000	0.698000	3.528000
-9.736124	0.445000	0.698000	3.528000
-9.734124	0.445000	0.698000	3.528000
-9.732124	0.445000	0.698000	3.528000
-9.730124	0.445000	0.698000	3.528000
-9.728124	0.445000	0.698000	3.528000
-9.726124	0.445000	0.698000	3.528000
-9.724124	0.445000	0.698000	3.528000
-9.722124	0.445000	0.698000	3.528000
-9.720124	0.445000	0.698000	3.528000
-9.718124	0.445000	0.698000	3.528000
-9.716124	0.445000	0.698000	3.528000
-9.714124	0.445000	0.698000	3.528000
-9.712124	0.445000	0.698000	3.528000
-9.710124	0.445000	0.698000	3.528000
-9.708124	0.445000	0.698000	3.528000
-9.706124	0.445000	0.698000	3.528000
-9.704124	0.445000	0.698000	3.528000
-9.702124	0.445000	0.698000	3.528000
-9.700124	0.445000	0.698000	3.528000
-9.698124	0.445000	0.698000	3.528000
-9.696124	0.445000	0.698000	3.528000
-9.694124	0.445000	0.698000	3.528000
-9.692124	0.445000	0.698000	3.528000
-9.690124	0.445000	0.698000	3.528000
-9.688124	0.445000	0.698000	3.528000
-9.686124	0.445000	0.698000	3.528000
-9.684124	0.445000	0.698000	3.528000
-9.682124	0.445000	0.698000	3.528000
-9.680124	0.445000	0.698000	3.528000
-9.678124	0.445000	0.698000	3.528000
-9.676124	0.445000	0.698000	3.528000
-9.674124	0.445000	0.698000	3.528000
-9.672124	0.445000	0.698000	3.528000
-9.670124	0.445000	0.698000	3.528000
-9.668124	0.445000	0.698000	3.528000
-9.666124	0.445000	0.698000	3.528000
-9.664124	0.445000	0.698000	3.528000
-9.662124	0.445000	0.698000	3.528000
-9.660124	0.445000	0.698000	3.528000
-9.658124	0.445000	0.698000	3.528000
-9.656124	0.445000	0.698000	3.528000
-9.654124	0.445000	0.698000	3.528000
-9.652124	0.445000	0.698000	3.528000
-9.650124	0.445000	0.698000	3.528000
-9.648124	0.445000	0.698000	3.528000
-9.646124	0.445000	0.698000	3.528000
-9.644124	0.445000	0.698000	3.528000
-9.642124	0.445000	0.698000	3.528000
-9.640124	0.445000	0.698000	3.528000
-9.638124	0.445000	0.698000	3.528000
-9.636124	0.445000	0.698000	3.528000
-9.634124	0.445000	0.698000	3.528000
-9.632124	0.445000	0.698000	3.528000
-9.630124	0.445000	0.698000	3.528000
-9.628124	0.445000	0.698000	3.528000
-9.626124	0.445000	0.698000	3.528000
-9.624124	0.445000	0.698000	3.528000
-9.622124	0.445000	0.698000	3.528000
-9.620124	0.445000	0.698000	3.528000
-9.618124	0.445000	0.698000	3.528000
-9.616124	0.445000	0.698000	3.528000
-9.614124	0.445000	0.698000	3.528000
-9.612124	0.445000	0.698000	3.528000
-9.610124	0.445000	0.698000	3.528000
-9.608124	0.445000	0.698000	3.528000
-9.606124	0.445000	0.698000	3.528000
-9.604124	0.445000	0.698000	3.528000
-9.602124	0.445000	0.698000	3.528000
-9.600124	0.445000	0.698000	3.528000
-9.598124	0.445000	0.698000	3.528000
-9.596124	0.445000	0.698000	3.528000
-9.594124	0.445000	0.698000	3.528000
-9.592124	0.445000	0.698000	3.528000
-9.590124	0.445000	0.698000	3.528000
-9.588124	0.445000	0.698000	3.528000
-9.586124	0.445000	0.698000	3.528000
-9.584124	0.445000	0.698000	3.528000
-9.582124	0.445000	0.698000	3.528000
-9.580124	0.445000	0.698000	3.528000
-9.578124	0.445000	0.698000	3.528000
-9.576124	0.445000	0.698000	3.528000
-9.574124	0.445000	0.698000	3.528000
-9.572124	0.445000	0.698000	3.528000
-9.570124	0.445000	0.698000	3.528000
-9.568124	0.445000	0.698000	3.528000
-9.566124	0.445000	0.698000	3.528000
-9.564124	0.445000	0.698000	3.528000
-9.562124	0.445000	0.698000	3.528000
-9.560124	0.445000	0.698000	3.528000
-9.558124	0.445000	0.698000	3.528000
-9.556124	0.445000	0.698000	3.528000
-9.554124	0.445000	0.698000	3.528000
-9.552124	0.445000	0.698000	3.528000
-9.550124	0.445000	0.698000	3.528000
-9.548124	0.445000	0.698000	3.528000
-9.546124	0.445000	0.698000	3.528000
-9.544124	0.445000	0.698000	3.528000
-9.542124	0.445000	0.698000	3.528000
-9.540124	0.445000	0.698000	3.528000
-9.538124	0.445000	0.698000	3.528000
-9.536124	0.445000	0.698000	3.528000
-9.534124	0.445000	0.698000	3.528000
-9.532124	0.445000	0.698000	3.528000
-9.530124	0.445000	0.698000	3.528000
-9.528124	0.445000	0.698000	3.528000
-9.526124	0.445000	0.698000	3.528000
-9.524124	0.445000	0.698000	3.528000
-9.522124	0.445000	0.698000	3.528000
-9.520124	0.445000	0.698000	3.528000
-9.518124	0.445000	0.698000	3.528000
-9.516124	0.445000	0.698000	3.528000
-9.514124	0.445000	0.698000	3.528000
-9.512124	0.445000	0.698000	3.528000
-9.510124	0.445000	0.698000	3.528000
-9.508124	0.445000	0.698000	3.528000
-9.506124	0.445000	0.698000	3.528000
-9.504124	0.445000	0.698000	3.528000
-9.502124	0.445000	0.698000	3.528000
-9.500124	0.445000	0.698000	3.528000
-9.498124	0.445000	0.698000	3.528000
-9.496124	0.445000	0.698000	3.528000
-9.494124	0.445000	0.698000	3.528000
-9.492124	0.445000	0.698000	3.528000
-9.490124	0.445000	0.698000	3.528000
-9.488124	0.445000	0.698000	3.528000
-9.486124	0.445000	0.698000	3.528000
-9.484124	0.445000	0.698000	3.528000
-9.482124	0.445000	0.698000	3.528000
-9.480124	0.445000	0.698000	3.528000
-9.478124	0.445000	0.698000	3.528000
-9.476124	0.445000	0.698000	3.528000
-9.474124	0.445000	0.698000	3.528000
-9.472124	0.445000	0.698000	3.528000
-9.470124	0.445000	0.698000	3.528000
-9.468124	0.445000	0.698000	3.528000
-9.466124	0.445000	0.698000	3.528000
-9.464124	0.445000	0.698000	3.528000
-9.462124	0.445000	0.698000	3.528000
-9.460124	0.445000	0.698000	3.528000
-9.458124	0.445000	0.698000	3.528000
-9.456124	0.445000	0.698000	3.528000
-9.454124	0.445000	0.698000	3.528000
-9.452124	0.445000	0.698000	3.528000
-9.450124	0.445000	0.698000	3.528000
-9.448124	0.445000	0.698000	3.528000
-9.446124	0.445000	0.698000	3.528000
-9.444124	0.445000	0.698000	3.528000
-9.442124	0.445000	0.698000	3.528000
-9.440124	0.445000	0.698000	3.528000
-9.438124	0.445000	0.698000	3.528000
-9.436124	0.445000	0.698000	3.528000
-9.434124	0.445000	0.698000	3.528000
-9.432124	0.445000	0.698000	3.528000
-9.430124	0.445000	0.698000	3.528000
-9.428124	0.445000	0.698000	3.528000
-9.426124	0.445000	0.698000	3.528000
-9.424124	0.445000	0.698000	3.528000
-9.422124	0.445000	0.698000	3.528000
-9.420124	0.445000	0.698000	3.528000
-9.418124	0.445000	0.698000	3.528000
-9.416124	0.445000	0.698000	3.528000
-9.414124	0.445000	0.698000	3.528000
-9.412124	0.445000	0.698000	3.528000
-9.410124	0.445000	0.698000	3.528000
-9.408124	0.445000	0.698000	3.528000
-9.406124	0.445000	0.698000	3.528000
-9.404124	0.445000	0.698000	3.528000
-9.402124	0.445000	0.698000	3.528000
-9.400124	0.445000	0.698000	3.528000
-9.398124	0.445000	0.698000	3.528000
-9.396124	0.445000	0.698000	3.528000
-9.394124	0.445000	0.698000	3.528000
-9.392124	0.445000	0.698000	3.528000
-9.390124	0.445000	0.698000	3.528000
-9.388124	0.445000	0.698000	3.528000
-9.386124	0.445000	0.698000	3.528000
-9.384124	0.445000	0.698000	3.528000
-9.382124	0.445000	0.698000	3.528000
-9.380124	0.445000	0.698000	3.528000
-9.378124	0.445000	0.698000	3.528000
-9.376124	0.445000	0.698000	3.528000
-9.374124	0.445000	0.698000	3.528000
-9.372124	0.445000	0.698000	3.528000
-9.370124	0.445000	0.698000	3.528000
-9.368124	0.445000	0.698000	3.528000
-9.366124	0.445000	0.698000	3.528000
-9.364124	0.445000	0.698000	3.528000
-9.362124	0.445000	0.698000	3.528000
-9.360124	0.445000	0.698000	3.528000
-9.358124	0.445000	0.698000	3.528000
-9.356124	0.445000	0.698000	3.528000
-9.354124	0.445000	0.698000	3.528000
-9.352124	0.445000	0.698000	3.528000
-9.350124	0.445000	0.698000	3.528000
-9.348124	0.445000	0.698000	3.528000
-9.346124	0.445000	0.698000	3.528000
-9.344124	0.445000	0.698000	3.528000
-9.342124	0.445000	0.698000	3.528000
-9.340124	0.445000	0.698000	3.528000
-9.338124	0.445000	0.698000	3.528000
-9.336124	0.445000	0.698000	3.528000
-9.334124	0.445000	0.698000	3.528000
-9.332124	0.445000	0.698000	3.528000
-9.330124	0.445000	0.698000	3.528000
-9.328124	0.445000	0.698000	3.528000
-9.326124	0.445000	0.698000	3.528000
-9.324124	0.445000	0.698000	3.528000
-9.322124	0.445000	0.698000	3.528000
-9.320124	0.445000	0.698000	3.528000
-9.318124	0.445000	0.698000	3.528000
-9.316124	0.445000	0.698000	3.528000
-9.314124	0.445000	0.698000	3.528000
-9.312124	0.445000	0.698000	3.528000
-9.310124	0.445000	0.698000	3.528000
-9.308124	0.445000	0.698000	3.528000
-9.306124	0.445000	0.698000	3.528000
-9.304124	0.445000	0.698000	3.528000
-9.302124	0.445000	0.698000	3.528000
-9.300124	0.445000	0.698000	3.528000
-9.298124	0.445000	0.698000	3.528000
-9.296124	0.445000	0.698000	3.528000
-9.294124	0.445000	0.698000	3.528000
-9.292124	0.445000	0.698000	3.528000
-9.290124	0.445000	0.698000	3.528000
-9.288124	0.445000	0.698000	3.528000
-9.286124	0.445000	0.698000	3.528000
-9.284124	0.445000	0.698000	3.528000
-9.282124	0.445000	0.698000	3.528000
-9.280124	0.445000	0.698000	3.528000
-9.278124	0.445000	0.698000	3.528000
-9.276124	0.445000	0.698000	3.528000
-9.274124	0.445000	0.698000	3.528000
-9.272124	0.445000	0.698000	3.528000
-9.270124	0.445000	0.698000	3.528000
-9.268124	0.445000	0.698000	3.528000
-9.266124	0.445000	0.698000	3.528000
-9.264124	0.445000	0.698000	3.528000
-9.262124	0.445000	0.698000	3.528000
-9.260124	0.445000	0.698000	3.528000
-9.258124	0.445000	0.698000	3.528000
-9.256124	0.445000	0.698000	3.528000
-9.254124	0.445000	0.698000	3.528000
-9.252124	0.445000	0.698000	3.528000
-9.250124	0.445000	0.698000	3.528000
-9.248124	0.445000	0.698000	3.528000
-9.246124	0.445000	0.698000	3.528000
-9.244124	0.445000	0.698000	3.528000
-9.242124	0.445000	0.698000	3.528000
-9.240124	0.445000	0.698000	3.528000
-9.238124	0.445000	0.698000	3.528000
-9.236124	0.445000	0.698000	3.528000
-9.234124	0.445000	0.698000	3.528000
-9.232124	0.445000	0.698000	3.528000
-9.230124	0.445000	0.698000	3.528000
-9.228124	0.445000	0.698000	3.528000
-9.226124	0.445000	0.698000	3.528000
-9.224124	0.445000	0.698000	3.528000
-9.222124	0.445000	0.698000	3.528000
-9.220124	0.445000	0.698000	3.528000
-9.218124	0.445000	0.698000	3.528000
-9.216124	0.445000	0.698000	3.528000
-9.214124	0.445000	0.698000	3.528000
-9.212124	0.445000	0.698000	3.528000
-9.210124	0.445000	0.698000	3.528000
-9.208124	0.445000	0.698000	3.528000
-9.206124	0.445000	0.698000	3.528000
-9.204124	0.445000	0.698000	3.528000
-9.202124	0.445000	0.698000	3.528000
-9.200124	0.445000	0.698000	3.528000
-9.198124	0.445000	0.698000	3.528000
-9.196124	0.445000	0.698000	3.528000
-9.194124	0.445000	0.698000	3.528000
-9.192124	0.445000	0.698000	3.528000
-9.190124	0.445000	0.698000	3.528000
-9.188124	0.445000	0.698000	3.528000
-9.186124	0.445000	0.698000	3.528000
-9.184124	0.445000	0.698000	3.528000
-9.182124	0.445000	0.698000	3.528000
-9.180124	0.445000	0.698000	3.528000
-9.178124	0.445000	0.698000	3.528000
-9.176124	0.445000	0.698000	3.528000
-9.174124	0.445000	0.698000	3.528000
-9.172124	0.445000	0.698000	3.528000
-9.170124	0.445000	0.698000	3.528000
-9.168124	0.445000	0.698000	3.528000
-9.166124	0.445000	0.698000	3.528000
-9.164124	0.445000	0.698000	3.528000
-9.162124	0.445000	0.698000	3.528000
-9.160124	0.445000	0.698000	3.528000
-9.158124	0.445000	0.698000	3.528000
-9.156124	0.445000	0.698000	3.528000
-9.154124	0.445000	0.698000	3.528000
-9.152124	0.445000	0.698000	3.528000
-9.150124	0.445000	0.698000	3.528000
-9.148124	0.445000	0.698000	3.528000
-9.146124	0.445000	0.698000	3.528000
-9.144124	0.445000	0.698000	3.528000
-9.142124	0.445000	0.698000	3.528000
-9.140124	0.445000	0.698000	3.528000
-9.138124	0.445000	0.698000	3.528000
-9.136124	0.445000	0.698000	3.528000
-9.134124	0.445000	0.698000	3.528000
-9.132124	0.445000	0.698000	3.528000
-9.130124	0.445000	0.698000	3.528000
-9.128124	0.445000	0.698000	3.528000
-9.126124	0.445000	0.698000	3.528000
-9.124124	0.445000	0.698000	3.528000
-9.122124	0.445000	0.698000	3.528000
-9.120124	0.445000	0.698000	3.528000
-9.118124	0.445000	0.698000	3.528000
-9.116124	0.445000	0.698000	3.528000
-9.114124	0.445000	0.698000	3.528000
-9.112124	0.445000	0.698000	3.528000
-9.110124	0.445000	0.698000	3.528000
-9.108124	0.445000	0.698000	3.528000
-9.106124	0.445000	0.698000	3.528000
-9.104124	0.445000	0.698000	3.528000
-9.102124	0.445000	0.698000	3.528000
-9.100124	0.445000	0.698000	3.528000
-9.098124	0.445000	0.698000	3.528000
-9.096124	0.445000	0.698000	3.528000
-9.094124	0.445000	0.698000	3.528000
-9.092124	0.445000	0.698000	3.528000
-9.090124	0.445000	0.698000	3.528000
-9.088124	0.445000	0.698000	3.528000
-9.086124	0.445000	0.698000	3.528000
-9.084124	0.445000	0.698000	3.528000
-9.082124	0.445000	0.698000	3.528000
-9.080124	0.445000	0.698000	3.528000
-9.078124	0.445000	0.698000	3.528000
-9.076124	0.445000	0.698000	3.528000
-9.074124	0.445000	0.698000	3.528000
-9.072124	0.445000	0.698000	3.528000
-9.070124	0.445000	0.698000	3.528000
-9.068124	0.445000	0.698000	3.528000
-9.066124	0.445000	0.698000	3.528000
-9.064124	0.445000	0.698000	3.528000
-9.062124	0.445000	0.698000	3.528000
-9.060124	0.445000	0.698000	3.528000
-9.058124	0.445000	0.698000	3.528000
-9.056124	0.445000	0.698000	3.528000
-9.054124	0.445000	0.698000	3.528000
-9.052124	0.445000	0.698000	3.528000
-9.050124	0.445000	0.698000	3.528000
-9.048124	0.445000	0.698000	3.528000
-9.046124	0.445000	0.698000	3.528000
-9.044124	0.445000	0.698000	3.528000
-9.042124	0.445000	0.698000	3.528000
-9.040124	0.445000	0.698000	3.528000
-9.038124	0.445000	0.698000	3.528000
-9.036124	0.445000	0.698000	3.528000
-9.034124	0.445000	0.698000	3.528000
-9.032124	0.445000	0.698000	3.528000
-9.030124	0.445000	0.698000	3.528000
-9.028124	0.445000	0.698000	3.528000
-9.026124	0.445000	0.698000	3.528000
-9.024124	0.445000	0.698000	3.528000
-9.022124	0.445000	0.698000	3.528000
-9.020124	0.445000	0.698000	3.528000
-9.018124	0.445000	0.698000	3.528000
-9.016124	0.445000	0.698000	3.528000
-9.014124	0.445000	0.698000	3.528000
-9.012124	0.445000	0.698000	3.528000
-9.010124	0.445000	0.698000	3.528000
-9.008124	0.445000	0.698000	3.528000
-9.006124	0.445000	0.698000	3.528000
-9.004124	0.445000	0.698000	3.528000
-9.002124	0.445000	0.698000	3.528000
-9.000124	0.445000	0.698000	3.528000
-8.998124	0.445000	0.698000	3.528000
-8.996124	0.445000	0.698000	3.528000
-8.994124	0.445000	0.698000	3.528000
-8.992124	0.445000	0.698000	3.528000
-8.990124	0.445000	0.698000	3.528000
-8.988124	0.445000	0.698000	3.528000
-8.986124	0.445000	0.698000	3.528000
-8.984124	0.445000	0.698000	3.528000
-8.982124	0.445000	0.698000	3.528000
-8.980124	0.445000	0.698000	3.528000
-8.978124	0.445000	0.698000	3.528000
-8.976124	0.445000	0.698000	3.528000
-8.974124	0.445000	0.698000	3.528000
-8.972124	0.445000	0.698000	3.528000
-8.970124	0.445000	0.698000	3.528000
-8.968124	0.445000	0.698000	3.528000
-8.966124	0.445000	0.698000	3.528000
-8.964124	0.445000	0.698000	3.528000
-8.962124	0.445000	0.698000	3.528000
-8.960124	0.445000	0.698000	3.528000
-8.958124	0.445000	0.698000	3.528000
-8.956124	0.445000	0.698000	3.528000
-8.954124	0.445000	0.698000	3.528000
-8.952124	0.445000	0.698000	3.528000
-8.950124	0.445000	0.698000	3.528000
-8.948124	0.445000	0.698000	3.528000
-8.946124	0.445000	0.698000	3.528000
-8.944124	0.445000	0.698000	3.528000
-8.942124	0.445000	0.698000	3.528000
-8.940124	0.445000	0.698000	3.528000
-8.938124	0.445000	0.698000	3.528000
-8.936124	0.445000	0.698000	3.528000
-8.934124	0.445000	0.698000	3.528000
-8.932124	0.445000	0.698000	3.528000
-8.930124	0.445000	0.698000	3.528000
-8.928124	0.445000	0.698000	3.528000
-8.926124	0.445000	0.698000	3.528000
-8.924124	0.445000	0.698000	3.528000
-8.922124	0.445000	0.698000	3.528000
-8.920124	0.445000	0.698000	3.528000
-8.918124	0.445000	0.698000	3.528000
-8.916124	0.445000	0.698000	3.528000
-8.914124	0.445000	0.698000	3.528000
-8.912124	0.445000	0.698000	3.528000
-8.910124	0.445000	0.698000	3.528000
-8.908124	0.445000	0.698000	3.528000
-8.906124	0.445000	0.698000	3.528000
-8.904124	0.445000	0.698000	3.528000
-8.902124	0.445000	0.698000	3.528000
-8.900124	0.445000	0.698000	3.528000
-8.898124	0.445000	0.698000	3.528000
-8.896124	0.445000	0.698000	3.528000
-8.894124	0.445000	0.698000	3.528000
-8.892124	0.445000	0.698000	3.528000
-8.890124	0.445000	0.698000	3.528000
-8.888124	0.445000	0.698000	3.528000
-8.886124	0.445000	0.698000	3.528000
-8.884124	0.445000	0.698000	3.528000
-8.882124	0.445000	0.698000	3.528000
-8.880124	0.445000	0.698000	3.528000
-8.878124	0.445000	0.698000	3.528000
-8.876124	0.445000	0.698000	3.528000
-8.874124	0.445000	0.698000	3.528000
-8.872124	0.445000	0.698000	3.528000
-8.870124	0.445000	0.698000	3.528000
-8.868124	0.445000	0.698000	3.528000
-8.866124	0.445000	0.698000	3.528000
-8.864124	0.445000	0.698000	3.528000
-8.862124	0.445000	0.698000	3.528000
-8.860124	0.445000	0.698000	3.528000
-8.858124	0.445000	0.698000	3.528000
-8.856124	0.445000	0.698000	3.528000
-8.854124	0.445000	0.698000	3.528000
-8.852124	0.445000	0.698000	3.528000
-8.850124	0.445000	0.698000	3.528000
-8.848124	0.445000	0.698000	3.528000
-8.846124	0.445000	0.698000	3.528000
-8.844124	0.445000	0.698000	3.528000
-8.842124	0.445000	0.698000	3.528000
-8.840124	0.445000	0.698000	3.528000
-8.838124	0.445000	0.698000	3.528000
-8.836124	0.445000	0.698000	3.528000
-8.834124	0.445000	0.698000	3.528000
-8.832124	0.445000	0.698000	3.528000
-8.830124	0.445000	0.698000	3.528000
-8.828124	0.445000	0.698000	3.528000
-8.826124	0.445000	0.698000	3.528000
-8.824124	0.445000	0.698000	3.528000
-8.822124	0.445000	0.698000	3.528000
-8.820124	0.445000	0.698000	3.528000
-8.818124	0.445000	0.698000	3.528000
-8.816124	0.445000	0.698000	3.528000
-8.814124	0.445000	0.698000	3.528000
-8.812124	0.445000	0.698000	3.528000
-8.810124	0.445000	0.698000	3.528000
-8.808124	0.445000	0.698000	3.528000
-8.806124	0.445000	0.698000	3.528000
-8.804124	0.445000	0.698000	3.528000
-8.802124	0.445000	0.698000	3.528000
-8.800124	0.445000	0.698000	3.528000
-8.798124	0.445000	0.698000	3.528000
-8.796124	0.445000	0.698000	3.528000
-8.794124	0.445000	0.698000	3.528000
-8.792124	0.445000	0.698000	3.528000
-8.790124	0.445000	0.698000	3.528000
-8.788124	0.445000	0.698000	3.528000
-8.786124	0.445000	0.698000	3.528000
-8.784124	0.445000	0.698000	3.528000
-8.782124	0.445000	0.698000	3.528000
-8.780124	0.445000	0.698000	3.528000
-8.778124	0.445000	0.698000	3.528000
-8.776124	0.445000	0.698000	3.528000
-8.774124	0.445000	0.698000	3.528000
-8.772124	0.445000	0.698000	3.528000
-8.770124	0.445000	0.698000	3.528000
-8.768124	0.445000	0.698000	3.528000
-8.766124	0.445000	0.698000	3.528000
-8.764124	0.445000	0.698000	3.528000
-8.762124	0.445000	0.698000	3.528000
-8.760124	0.445000	0.698000	3.528000
-8.758124	0.445000	0.698000	3.528000
-8.756124	0.445000	0.698000	3.528000
-8.754124	0.445000	0.698000	3.528000
-8.752124	0.445000	0.698000	3.528000
-8.750124	0.445000	0.698000	3.528000
-8.748124	0.445000	0.698000	3.528000
-8.746124	0.445000	0.698000	3.528000
-8.744124	0.445000	0.698000	3.528000
-8.742124	0.445000	0.698000	3.528000
-8.740124	0.445000	0.698000	3.528000
-8.738124	0.445000	0.698000	3.528000
-8.736124	0.445000	0.698000	3.528000
-8.734124	0.445000	0.698000	3.528000
-8.732124	0.445000	0.698000	3.528000
-8.730124	0.445000	0.698000	3.528000
-8.728124	0.445000	0.698000	3.528000
-8.726124	0.445000	0.698000	3.528000
-8.724124	0.445000	0.698000	3.528000
-8.722124	0.445000	0.698000	3.528000
-8.720124	0.445000	0.698000	3.528000
-8.718124	0.445000	0.698000	3.528000
-8.716124	0.444957	0.698322	3.527522
-8.714124	0.444893	0.698799	3.526816
-8.712124	0.444830	0.699275	3.526110
-8.710124	0.444766	0.699751	3.525405
-8.708124	0.444703	0.700227	3.524699
-8.706124	0.444639	0.700703	3.523994
-8.704124	0.444575	0.701180	3.523289
-8.702124	0.444512	0.701656	3.522584
-8.700124	0.444448	0.702132	3.521879
-8.698124	0.444385	0.702608	3.521174
-8.696124	0.444321	0.703084	3.520469
-8.694124	0.444258	0.703561	3.519765
-8.692124	0.444194	0.704037	3.519060
-8.690124	0.444131	0.704513	3.518356
-8.688124	0.444067	0.704989	3.517651
-8.686124	0.444004	0.705465	3.516947
-8.684124	0.443940	0.705941	3.516243
-8.682124	0.443877	0.706418	3.515539
-8.680124	0.443813	0.706894	3.514836
-8.678124	0.443750	0.707370	3.514132
-8.676124	0.443686	0.707846	3.513428
-8.674124	0.443623	0.708322	3.512725
-8.672124	0.443559	0.708799	3.512022
-8.670124	0.443496	0.709275	3.511318
-8.668124	0.443433	0.709751	3.510615
-8.666124	0.443369	0.710227	3.509912
-8.664124	0.443306	0.710703	3.509210
-8.662124	0.443242	0.711180	3.508507
-8.660124	0.443179	0.711656	3.507804
-8.658124	0.443116	0.712132	3.507102
-8.656124	0.443052	0.712608	3.506400
-8.654124	0.442989	0.713084	3.505697
-8.652124	0.442925	0.713561	3.504995
-8.650124	0.442862	0.714037	3.504293
-8.648124	0.442799	0.714513	3.503592
-8.646124	0.442735	0.714989	3.502890
-8.644124	0.442672	0.715465	3.502188
-8.642124	0.442609	0.715941	3.501487
-8.640124	0.442545	0.716418	3.500785
-8.638124	0.442482	0.716894	3.500084
-8.636124	0.442419	0.717370	3.499383
-8.634124	0.442355	0.717846	3.498682
-8.632124	0.442292	0.718322	3.497981
-8.630124	0.442229	0.718799	3.497280
-8.628124	0.442166	0.719275	3.496580
-8.626124	0.442102	0.719751	3.495879
-8.624124	0.442039	0.720227	3.495179
-8.622124	0.441976	0.720703	3.494478
-8.620124	0.441912	0.721180	3.493778
-8.618124	0.441849	0.721656	3.493078
-8.616124	0.441786	0.722132	3.492378
-8.614124	0.441723	0.722608	3.491679
-8.612124	0.441660	0.723084	3.490979
-8.610124	0.441596	0.723561	3.490279
-8.608124	0.441533	0.724037	3.489580
-8.606124	0.441470	0.724513	3.488881
-8.604124	0.441407	0.724989	3.488181
-8.602124	0.441344	0.725465	3.487482
-8.600124	0.441280	0.725941	3.486783
-8.598124	0.441217	0.726418	3.486084
-8.596124	0.441154	0.726894	3.485386
-8.594124	0.441091	0.727370	3.484687
-8.592124	0.441028	0.727846	3.483989
-8.590124	0.440965	0.728322	3.483290
-8.588124	0.440901	0.728799	3.482592
-8.586124	0.440838	0.729275	3.481894
-8.584124	0.440775	0.729751	3.481196
-8.582124	0.440712	0.730227	3.480498
-8.580124	0.440649	0.730703	3.479800
-8.578124	0.440586	0.731180	3.479103
-8.576124	0.440523	0.731656	3.478405
-8.574124	0.440460	0.732132	3.477708
-8.572124	0.440397	0.732608	3.477010
-8.570124	0.440333	0.733084	3.476313
-8.568124	0.440270	0.733561	3.475616
-8.566124	0.440207	0.734037	3.474919
-8.564124	0.440144	0.734513	3.474223
-8.562124	0.440081	0.734989	3.473526
-8.560124	0.440018	0.735465	3.472829
-8.558124	0.439955	0.735941	3.472133
-8.556124	0.439892	0.736418	3.471437
-8.554124	0.439829	0.736894	3.470740
-8.552124	0.439766	0.737370	3.470044
-8.550124	0.439703	0.737846	3.469348
-8.548124	0.439640	0.738322	3.468652
-8.546124	0.439577	0.738799	3.467957
-8.544124	0.439514	0.739275	3.467261
-8.542124	0.439451	0.739751	3.466566
-8.540124	0.439388	0.740227	3.465870
-8.538124	0.439325	0.740703	3.465175
-8.536124	0.439262	0.741180	3.464480
-8.534124	0.439199	0.741656	3.463785
-8.532124	0.439136	0.742132	3.463090
-8.530124	0.439073	0.742608	3.462395
-8.528124	0.439011	0.743084	3.461701
-8.526124	0.438948	0.743561	3.461006
-8.524124	0.438885	0.744037	3.460312
-8.522124	0.438822	0.744513	3.459617
-8.520124	0.438759	0.744989	3.458923
-8.518124	0.438696	0.745465	3.458229
-8.516124	0.438633	0.745941	3.457535
-8.514124	0.438570	0.746418	3.456841
-8.512124	0.438507	0.746894	3.456148
-8.510124	0.438445	0.747370	3.455454
-8.508124	0.438382	0.747846	3.454761
-8.506124	0.438319	0.748322	3.454067
-8.504124	0.438256	0.748799	3.453374
-8.502124	0.438193	0.749275	3.452681
-8.500124	0.438130	0.749751	3.451988
-8.498124	0.438068	0.750227	3.451295
-8.496124	0.438005	0.750703	3.450603
-8.494124	0.437942	0.751180	3.449910
-8.492124	0.437879	0.751656	3.449217
-8.490124	0.437816	0.752132	3.448525
-8.488124	0.437754	0.752608	3.447833
-8.486124	0.437691	0.753084	3.447141
-8.484124	0.437628	0.753561	3.446449
-8.482124	0.437565	0.754037	3.445757
-8.480124	0.437503	0.754513	3.445065
-8.478124	0.437440	0.754989	3.444373
-8.476124	0.437377	0.755465	3.443682
-8.474124	0.437314	0.755941	3.442990
-8.472124	0.437252	0.756418	3.442299
-8.470124	0.437189	0.756894	3.441608
-8.468124	0.437126	0.757370	3.440917
-8.466124	0.437064	0.757846	3.440226
-8.464124	0.437001	0.758322	3.439535
-8.462124	0.436938	0.758799	3.438844
-8.460124	0.436875	0.759275	3.438154
-8.458124	0.436813	0.759751	3.437463
-8.456124	0.436750	0.760227	3.436773
-8.454124	0.436687	0.760703	3.436083
-8.452124	0.436625	0.761180	3.435392
-8.450124	0.436562	0.761656	3.434702
-8.448124	0.436500	0.762132	3.434013
-8.446124	0.436437	0.762608	3.433323
-8.444124	0.436374	0.763084	3.432633
-8.442124	0.436312	0.763561	3.431944
-8.440124	0.436249	0.764037	3.431254
-8.438124	0.436186	0.764513	3.430565
-8.436124	0.436124	0.764989	3.429876
-8.434124	0.436061	0.765465	3.429187
-8.432124	0.435999	0.765941	3.428498
-8.430124	0.435936	0.766418	3.427809
-8.428124	0.435874	0.766894	3.427120
-8.426124	0.435811	0.767370	3.426432
-8.424124	0.435748	0.767846	3.425743
-8.422124	0.435686	0.768322	3.425055
-8.420124	0.435623	0.768799	3.424367
-8.418124	0.435561	0.769275	3.423679
-8.416124	0.435498	0.769751	3.422991
-8.414124	0.435436	0.770227	3.422303
-8.412124	0.435373	0.770703	3.421615
-8.410124	0.435311	0.771180	3.420927
-8.408124	0.435248	0.771656	3.420240
-8.406124	0.435186	0.772132	3.419552
-8.404124	0.435123	0.772608	3.418865
-8.402124	0.435061	0.773084	3.418178
-8.400124	0.434998	0.773561	3.417491
-8.398124	0.434936	0.774037	3.416804
-8.396124	0.434874	0.774513	3.416117
-8.394124	0.434811	0.774989	3.415431
-8.392124	0.434749	0.775465	3.414744
-8.390124	0.434686	0.775941	3.414058
-8.388124	0.434624	0.776418	3.413371
-8.386124	0.434561	0.776894	3.412685
-8.384124	0.434499	0.777370	3.411999
-8.382124	0.434437	0.777846	3.411313
-8.380124	0.434374	0.778322	3.410627
-8.378124	0.434312	0.778799	3.409941
-8.376124	0.434249	0.779275	3.409256
-8.374124	0.434187	0.779751	3.408570
-8.372124	0.434125	0.780227	3.407885
-8.370124	0.434062	0.780703	3.407200
-8.368124	0.434000	0.781180	3.406514
-8.366124	0.433938	0.781656	3.405829
-8.364124	0.433875	0.782132	3.405145
-8.362124	0.433813	0.782608	3.404460
-8.360124	0.433751	0.783084	3.403775
-8.358124	0.433688	0.783561	3.403090
-8.356124	0.433626	0.784037	3.402406
-8.354124	0.433564	0.784513	3.401722
-8.352124	0.433502	0.784989	3.401038
-8.350124	0.433439	0.785465	3.400353
-8.348124	0.433377	0.785941	3.399669
-8.346124	0.433315	0.786418	3.398986
-8.344124	0.433252	0.786894	3.398302
-8.342124	0.433190	0.787370	3.397618
-8.340124	0.433128	0.787846	3.396935
-8.338124	0.433066	0.788322	3.396251
-8.336124	0.433003	0.788799	3.395568
-8.334124	0.432941	0.789275	3.394885
-8.332124	0.432879	0.789751	3.394202
-8.330124	0.432817	0.790227	3.393519
-8.328124	0.432755	0.790703	3.392836
-8.326124	0.432692	0.791180	3.392154
-8.324124	0.432630	0.791656	3.391471
-8.322124	0.432568	0.792132	3.390789
-8.320124	0.432506	0.792608	3.390106
-8.318124	0.432444	0.793084	3.389424
-8.316124	0.432382	0.793561	3.388742
-8.314124	0.432319	0.794037	3.388060
-8.312124	0.432257	0.794513	3.387378
-8.310124	0.432195	0.794989	3.386697
-8.308124	0.432133	0.795465	3.386015
-8.306124	0.432071	0.795941	3.385333
-8.304124	0.432009	0.796418	3.384652
-8.302124	0.431947	0.796894	3.383971
-8.300124	0.431884	0.797370	3.383290
-8.298124	0.431822	0.797846	3.382609
-8.296124	0.431760	0.798322	3.381928
-8.294124	0.431698	0.798799	3.381247
-8.292124	0.431636	0.799275	3.380566
-8.290124	0.431574	0.799751	3.379886
-8.288124	0.431512	0.800227	3.379205
-8.286124	0.431450	0.800703	3.378525
-8.284124	0.431388	0.801180	3.377845
-8.282124	0.431326	0.801656	3.377165
-8.280124	0.431264	0.802132	3.376485
-8.278124	0.431202	0.802608	3.375805
-8.276124	0.431140	0.803084	3.375125
-8.274124	0.431078	0.803561	3.374446
-8.272124	0.431016	0.804037	3.373766
-8.270124	0.430954	0.804513	3.373087
-8.268124	0.430892	0.804989	3.372407
-8.266124	0.430830	0.805465	3.371728
-8.264124	0.430768	0.805941	3.371049
-8.262124	0.430706	0.806418	3.370370
-8.260124	0.430644	0.806894	3.369692
-8.258124	0.430582	0.807370	3.369013
-8.256124	0.430520	0.807846	3.368334
-8.254124	0.430458	0.808322	3.367656
-8.252124	0.430396	0.808799	3.366978
-8.250124	0.430334	0.809275	3.366299
-8.248124	0.430272	0.809751	3.365621
-8.246124	0.430210	0.810227	3.364943
-8.244124	0.430148	0.810703	3.364265
-8.242124	0.430087	0.811180	3.363588
-8.240124	0.430025	0.811656	3.362910
-8.238124	0.429963	0.812132	3.362233
-8.236124	0.429901	0.812608	3.361555
-8.234124	0.429839	0.813084	3.360878
-8.232124	0.429777	0.813561	3.360201
-8.230124	0.429715	0.814037	3.359524
-8.228124	0.429653	0.814513	3.358847
-8.226124	0.429592	0.814989	3.358170
-8.224124	0.429530	0.815465	3.357493
-8.222124	0.429468	0.815941	3.356817
-8.220124	0.429406	0.816418	3.356140
-8.218124	0.429344	0.816894	3.355464
-8.216124	0.429283	0.817370	3.354788
-8.214124	0.429221	0.817846	3.354112
-8.212124	0.429159	0.818322	3.353436
-8.210124	0.429097	0.818799	3.352760
-8.208124	0.429035	0.819275	3.352084
-8.206124	0.428974	0.819751	3.351408
-8.204124	0.428912	0.820227	3.350733
-8.202124	0.428850	0.820703	3.350058
-8.200124	0.428788	0.821180	3.349382
-8.198124	0.428727	0.821656	3.348707
-8.196124	0.428665	0.822132	3.348032
-8.194124	0.428603	0.822608	3.347357
-8.192124	0.428541	0.823084	3.346682
-8.190124	0.428480	0.823561	3.346008
-8.188124	0.428418	0.824037	3.345333
-8.186124	0.428356	0.824513	3.344659
-8.184124	0.428295	0.824989	3.343984
-8.182124	0.428233	0.825465	3.343310
-8.180124	0.428171	0.825941	3.342636
-8.178124	0.428110	0.826418	3.341962
-8.176124	0.428048	0.826894	3.341288
-8.174124	0.427986	0.827370	3.340614
-8.172124	0.427925	0.827846	3.339941
-8.170124	0.427863	0.828322	3.339267
-8.168124	0.427801	0.828799	3.338594
-8.166124	0.427740	0.829275	3.337920
-8.164124	0.427678	0.829751	3.337247
-8.162124	0.427616	0.830227	3.336574
-8.160124	0.427555	0.830703	3.335901
-8.158124	0.427493	0.831180	3.335228
-8.156124	0.427432	0.831656	3.334555
-8.154124	0.427370	0.832132	3.333883
-8.152124	0.427309	0.832608	3.333210
-8.150124	0.427247	0.833084	3.332538
-8.148124	0.427185	0.833561	3.331866
-8.146124	0.427124	0.834037	3.331194
-8.144124	0.427062	0.834513	3.330522
-8.142124	0.427001	0.834989	3.329850
-8.140124	0.426939	0.835465	3.329178
-8.138124	0.426878	0.835941	3.328506
-8.136124	0.426816	0.836418	3.327835
-8.134124	0.426755	0.836894	3.327163
-8.132124	0.426693	0.837370	3.326492
-8.130124	0.426632	0.837846	3.325821
-8.128124	0.426570	0.838322	3.325150
-8.126124	0.426509	0.838799	3.324479
-8.124124	0.426447	0.839275	3.323808
-8.122124	0.426386	0.839751	3.323137
-8.120124	0.426324	0.840227	3.322466
-8.118124	0.426263	0.840703	3.321796
-8.116124	0.426201	0.841180	3.321125
-8.114124	0.426140	0.841656	3.320455
-8.112124	0.426078	0.842132	3.319785
-8.110124	0.426017	0.842608	3.319115
-8.108124	0.425956	0.843084	3.318445
-8.106124	0.425894	0.843561	3.317775
-8.104124	0.425833	0.844037	3.317106
-8.102124	0.425771	0.844513	3.316436
-8.100124	0.425710	0.844989	3.315766
-8.098124	0.425649	0.845465	3.315097
-8.096124	0.425587	0.845941	3.314428
-8.094124	0.425526	0.846418	3.313759
-8.092124	0.425464	0.846894	3.313090
-8.090124	0.425403	0.847370	3.312421
-8.088124	0.425342	0.847846	3.311752
-8.086124	0.425280	0.848322	3.311083
-8.084124	0.425219	0.848799	3.310415
-8.082124	0.425158	0.849275	3.309746
-8.080124	0.425096	0.849751	3.309078
-8.078124	0.425035	0.850227	3.308410
-8.076124	0.424974	0.850703	3.307742
-8.074124	0.424913	0.851180	3.307074
-8.072124	0.424851	0.851656	3.306406
-8.070124	0.424790	0.852132	3.305738
-8.068124	0.424729	0.852608	3.305071
-8.066124	0.424667	0.853084	3.304403
-8.064124	0.424606	0.853561	3.303736
-8.062124	0.424545	0.854037	3.303069
-8.060124	0.424484	0.854513	3.302401
-8.058124	0.424422	0.854989	3.301734
-8.056124	0.424361	0.855465	3.301067
-8.054124	0.424300	0.855941	3.300401
-8.052124	0.424239	0.856418	3.299734
-8.050124	0.424177	0.856894	3.299067
-8.048124	0.424116	0.857370	3.298401
-8.046124	0.424055	0.857846	3.297735
-8.044124	0.423994	0.858322	3.297068
-8.042124	0.423933	0.858799	3.296402
-8.040124	0.423871	0.859275	3.295736
-8.038124	0.423810	0.859751	3.295070
-8.036124	0.423749	0.860227	3.294405
-8.034124	0.423688	0.860703	3.293739
-8.032124	0.423627	0.861180	3.293073
-8.030124	0.423566	0.861656	3.292408
-8.028124	0.423505	0.862132	3.291743
-8.026124	0.423443	0.862608	3.291077
-8.024124	0.423382	0.863084	3.290412
-8.022124	0.423321	0.863561	3.289747
-8.020124	0.423260	0.864037	3.289082
-8.018124	0.423199	0.864513	3.288418
-8.016124	0.423138	0.864989	3.287753
-8.014124	0.423077	0.865465	3.287089
-8.012124	0.423016	0.865941	3.286424
-8.010124	0.422955	0.866418	3.285760
-8.008124	0.422894	0.866894	3.285096
-8.006124	0.422832	0.867370	3.284432
-8.004124	0.422771	0.867846	3.283768
-8.002124	0.422710	0.868322	3.283104
-8.000124	0.422649	0.868799	3.282440
-7.998124	0.422588	0.869275	3.281777
-7.996124	0.422527	0.869751	3.281113
-7.994124	0.422466	0.870227	3.280450
-7.992124	0.422405	0.870703	3.279787
-7.990124	0.422344	0.871180	3.279124
-7.988124	0.422283	0.871656	3.278461
-7.986124	0.422222	0.872132	3.277798
-7.984124	0.422161	0.872608	3.277135
-7.982124	0.422100	0.873084	3.276472
-7.980124	0.422039	0.873561	3.275810
-7.978124	0.421978	0.874037	3.275147
-7.976124	0.421917	0.874513	3.274485
-7.974124	0.421856	0.874989	3.273823
-7.972124	0.421796	0.875465	3.273161
-7.970124	0.421735	0.875941	3.272499
-7.968124	0.421674	0.876418	3.271837
-7.966124	0.421613	0.876894	3.271175
-7.964124	0.421552	0.877370	3.270513
-7.962124	0.421491	0.877846	3.269852
-7.960124	0.421430	0.878322	3.269190
-7.958124	0.421369	0.878799	3.268529
-7.956124	0.421308	0.879275	3.267868
-7.954124	0.421247	0.879751	3.267207
-7.952124	0.421187	0.880227	3.266546
-7.950124	0.421126	0.880703	3.265885
-7.948124	0.421065	0.881180	3.265224
-7.946124	0.421004	0.881656	3.264564
-7.944124	0.420943	0.882132	3.263903
-7.942124	0.420882	0.882608	3.263243
-7.940124	0.420821	0.883084	3.262583
-7.938124	0.420761	0.883561	3.261923
-7.936124	0.420700	0.884037	3.261263
-7.934124	0.420639	0.884513	3.260603
-7.932124	0.420578	0.884989	3.259943
-7.930124	0.420517	0.885465	3.259283
-7.928124	0.420457	0.885941	3.258624
-7.926124	0.420396	0.886418	3.257964
-7.924124	0.420335	0.886894	3.257305
-7.922124	0.420274	0.887370	3.256646
-7.920124	0.420214	0.887846	3.255987
-7.918124	0.420153	0.888322	3.255328
-7.916124	0.420092	0.888799	3.254669
-7.914124	0.420031	0.889275	3.254010
-7.912124	0.419971	0.889751	3.253351
-7.910124	0.419910	0.890227	3.252693
-7.908124	0.419849	0.890703	3.252034
-7.906124	0.419788	0.891180	3.251376
-7.904124	0.419728	0.891656	3.250718
-7.902124	0.419667	0.892132	3.250060
-7.900124	0.419606	0.892608	3.249402
-7.898124	0.419546	0.893084	3.248744
-7.896124	0.419485	0.893561	3.248086
-7.894124	0.419424	0.894037	3.247428
-7.892124	0.419364	0.894513	3.246771
-7.890124	0.419303	0.894989	3.246114
-7.888124	0.419242	0.895465	3.245456
-7.886124	0.419182	0.895941	3.244799
-7.884124	0.419121	0.896418	3.244142
-7.882124	0.419060	0.896894	3.243485
-7.880124	0.419000	0.897370	3.242828
-7.878124	0.418939	0.897846	3.242172
-7.876124	0.418879	0.898322	3.241515
-7.874124	0.418818	0.898799	3.240858
-7.872124	0.418757	0.899275	3.240202
-7.870124	0.418697	0.899751	3.239546
-7.868124	0.418636	0.900227	3.238890
-7.866124	0.418576	0.900703	3.238234
-7.864124	0.418515	0.901180	3.237578
-7.862124	0.418455	0.901656	3.236922
-7.860124	0.418394	0.902132	3.236266
-7.858124	0.418333	0.902608	3.235611
-7.856124	0.418273	0.903084	3.234955
-7.854124	0.418212	0.903561	3.234300
-7.852124	0.418152	0.904037	3.233645
-7.850124	0.418091	0.904513	3.232990
-7.848124	0.418031	0.904989	3.232335
-7.846124	0.417970	0.905465	3.231680
-7.844124	0.417910	0.905941	3.231025
-7.842124	0.417849	0.906418	3.230370
-7.840124	0.417789	0.906894	3.229716
-7.838124	0.417728	0.907370	3.229061
-7.836124	0.417668	0.907846	3.228407
-7.834124	0.417608	0.908322	3.227753
-7.832124	0.417547	0.908799	3.227099
-7.830124	0.417487	0.909275	3.226445
-7.828124	0.417426	0.909751	3.225791
-7.826124	0.417366	0.910227	3.225137
-7.824124	0.417305	0.910703	3.224483
-7.822124	0.417245	0.911180	3.223830
-7.820124	0.417185	0.911656	3.223176
-7.818124	0.417124	0.912132	3.222523
-7.816124	0.417064	0.912608	3.221870
-7.814124	0.417003	0.913084	3.221217
-7.812124	0.416943	0.913561	3.220564
-7.810124	0.416883	0.914037	3.219911
-7.808124	0.416822	0.914513	3.219258
-7.806124	0.416762	0.914989	3.218606
-7.804124	0.416702	0.915465	3.217953
-7.802124	0.416641	0.915941	3.217301
-7.800124	0.416581	0.916418	3.216648
-7.798124	0.416521	0.916894	3.215996
-7.796124	0.416460	0.917370	3.215344
-7.794124	0.416400	0.917846	3.214692
-7.792124	0.416340	0.918322	3.214041
-7.790124	0.416279	0.918799	3.213389
-7.788124	0.416219	0.919275	3.212737
-7.786124	0.416159	0.919751	3.212086
-7.784124	0.416098	0.920227	3.211434
-7.782124	0.416038	0.920703	3.210783
-7.780124	0.415978	0.921180	3.210132
-7.778124	0.415918	0.921656	3.209481
-7.776124	0.415857	0.922132	3.208830
-7.774124	0.415797	0.922608	3.208179
-7.772124	0.415737	0.923084	3.207528
-7.770124	0.415677	0.923561	3.206878
-7.768124	0.415616	0.924037	3.206227
-7.766124	0.415556	0.924513	3.205577
-7.764124	0.415496	0.924989	3.204927
-7.762124	0.415436	0.925465	3.204277
-7.760124	0.415376	0.925941	3.203627
-7.758124	0.415315	0.926418	3.202977
-7.756124	0.415255	0.926894	3.202327
-7.754124	0.415195	0.927370	3.201677
-7.752124	0.415135	0.927846	3.201028
-7.750124	0.415075	0.928322	3.200378
-7.748124	0.415015	0.928799	3.199729
-7.746124	0.414954	0.929275	3.199080
-7.744124	0.414894	0.929751	3.198431
-7.742124	0.414834	0.930227	3.197782
-7.740124	0.414774	0.930703	3.197133
-7.738124	0.414714	0.931180	3.196484
-7.736124	0.414654	0.931656	3.195835
-7.734124	0.414594	0.932132	3.195187
-7.732124	0.414534	0.932608	3.194538
-7.730124	0.414473	0.933084	3.193890
-7.728124	0.414413	0.933561	3.193242
-7.726124	0.414353	0.934037	3.192594
-7.724124	0.414293	0.934513	3.191946
-7.722124	0.414233	0.934989	3.191298
-7.720124	0.414173	0.935465	3.190650
-7.718124	0.414113	0.935941	3.190002
-7.716124	0.414053	0.936418	3.189355
-7.714124	0.413993	0.936894	3.188707
-7.712124	0.413933	0.937370	3.188060
-7.710124	0.413873	0.937846	3.187413
-7.708124	0.413813	0.938322	3.186766
-7.706124	0.413753	0.938799	3.186119
-7.704124	0.413693	0.939275	3.185472
-7.702124	0.413633	0.939751	3.184825
-7.700124	0.413573	0.940227	3.184179
-7.698124	0.413513	0.940703	3.183532
-7.696124	0.413453	0.941180	3.182886
-7.694124	0.413393	0.941656	3.182239
-7.692124	0.413333	0.942132	3.181593
-7.690124	0.413273	0.942608	3.180947
-7.688124	0.413213	0.943084	3.180301
-7.686124	0.413153	0.943561	3.179655
-7.684124	0.413093	0.944037	3.179010
-7.682124	0.413033	0.944513	3.178364
-7.680124	0.412973	0.944989	3.177719
-7.678124	0.412913	0.945465	3.177073
-7.676124	0.412854	0.945941	3.176428
-7.674124	0.412794	0.946418	3.175783
-7.672124	0.412734	0.946894	3.175138
-7.670124	0.412674	0.947370	3.174493
-7.668124	0.412614	0.947846	3.173848
-7.666124	0.412554	0.948322	3.173203
-7.664124	0.412494	0.948799	3.172559
-7.662124	0.412434	0.949275	3.171914
-7.660124	0.412375	0.949751	3.171270
-7.658124	0.412315	0.950227	3.170625
-7.656124	0.412255	0.950703	3.169981
-7.654124	0.412195	0.951180	3.169337
-7.652124	0.412135	0.951656	3.168693
-7.650124	0.412075	0.952132	3.168049
-7.648124	0.412016	0.952608	3.167406
-7.646124	0.411956	0.953084	3.166762
-7.644124	0.411896	0.953561	3.166119
-7.642124	0.411836	0.954037	3.165475
-7.640124	0.411776	0.954513	3.164832
-7.638124	0.411717	0.954989	3.164189
-7.636124	0.411657	0.955465	3.163546
-7.634124	0.411597	0.955941	3.162903
-7.632124	0.411537	0.956418	3.162260
-7.630124	0.411478	0.956894	3.161617
-7.628124	0.411418	0.957370	3.160975
-7.626124	0.411358	0.957846	3.160332
-7.624124	0.411298	0.958322	3.159690
-7.622124	0.411239	0.958799	3.159048
-7.620124	0.411179	0.959275	3.158406
-7.618124	0.411119	0.959751	3.157763
-7.616124	0.411060	0.960227	3.157122
-7.614124	0.411000	0.960703	3.156480
-7.612124	0.410940	0.961180	3.155838
-7.610124	0.410881	0.961656	3.155196
-7.608124	0.410821	0.962132	3.154555
-7.606124	0.410761	0.962608	3.153914
-7.604124	0.410702	0.963084	3.153272
-7.602124	0.410642	0.963561	3.152631
-7.600124	0.410582	0.964037	3.151990
-7.598124	0.410523	0.964513	3.151349
-7.596124	0.410463	0.964989	3.150709
-7.594124	0.410403	0.965465	3.150068
-7.592124	0.410344	0.965941	3.149427
-7.590124	0.410284	0.966418	3.148787
-7.588124	0.410225	0.966894	3.148146
-7.586124	0.410165	0.967370	3.147506
-7.584124	0.410105	0.967846	3.146866
-7.582124	0.410046	0.968322	3.146226
-7.580124	0.409986	0.968799	3.145586
-7.578124	0.409927	0.969275	3.144946
-7.576124	0.409867	0.969751	3.144307
-7.574124	0.409808	0.970227	3.143667
-7.572124	0.409748	0.970703	3.143028
-7.570124	0.409688	0.971180	3.142388
-7.568124	0.409629	0.971656	3.141749
-7.566124	0.409569	0.972132	3.141110
-7.564124	0.409510	0.972608	3.140471
-7.562124	0.409450	0.973084	3.139832
-7.560124	0.409391	0.973561	3.139193
-7.558124	0.409331	0.974037	3.138554
-7.556124	0.409272	0.974513	3.137916
-7.554124	0.409212	0.974989	3.137277
-7.552124	0.409153	0.975465	3.136639
-7.550124	0.409094	0.975941	3.136001
-7.548124	0.409034	0.976418	3.135363
-7.546124	0.408975	0.976894	3.134725
-7.544124	0.408915	0.977370	3.134087
-7.542124	0.408856	0.977846	3.133449
-7.540124	0.408796	0.978322	3.132811
-7.538124	0.408737	0.978799	3.132174
-7.536124	0.408677	0.979275	3.131536
-7.534124	0.408618	0.979751	3.130899
-7.532124	0.408559	0.980227	3.130262
-7.530124	0.408499	0.980703	3.129625
-7.528124	0.408440	0.981180	3.128988
-7.526124	0.408380	0.981656	3.128351
-7.524124	0.408321	0.982132	3.127714
-7.522124	0.408262	0.982608	3.127077
-7.520124	0.408202	0.983084	3.126441
-7.518124	0.408143	0.983561	3.125804
-7.516124	0.408084	0.984037	3.125168
-7.514124	0.408024	0.984513	3.124532
-7.512124	0.407965	0.984989	3.123895
-7.510124	0.407906	0.985465	3.123259
-7.508124	0.407846	0.985941	3.122624
-7.506124	0.407787	0.986418	3.121988
-7.504124	0.407728	0.986894	3.121352
-7.502124	0.407668	0.987370	3.120717
-7.500124	0.407609	0.987846	3.120081
-7.498124	0.407550	0.988322	3.119446
-7.496124	0.407490	0.988799	3.118810
-7.494124	0.407431	0.989275	3.118175
-7.492124	0.407372	0.989751	3.117540
-7.490124	0.407313	0.990227	3.116905
-7.488124	0.407253	0.990703	3.116271
-7.486124	0.407194	0.991180	3.115636
-7.484124	0.407135	0.991656	3.115001
-7.482124	0.407076	0.992132	3.114367
-7.480124	0.407016	0.992608	3.113733
-7.478124	0.406957	0.993084	3.113098
-7.476124	0.406898	0.993561	3.112464
-7.474124	0.406839	0.994037	3.111830
-7.472124	0.406780	0.994513	3.111196
-7.470124	0.406720	0.994989	3.110562
-7.468124	0.406661	0.995465	3.109929
-7.466124	0.406602	0.995941	3.109295
-7.464124	0.406543	0.996418	3.108662
-7.462124	0.406484	0.996894	3.108028
-7.460124	0.406425	0.997370	3.107395
-7.458124	0.406365	0.997846	3.106762
-7.456124	0.406306	0.998322	3.106129
-7.454124	0.406247	0.998799	3.105496
-7.452124	0.406188	0.999275	3.104863
-7.450124	0.406129	0.999751	3.104231
-7.448124	0.406070	1.000227	3.103598
-7.446124	0.406011	1.000703	3.102966
-7.444124	0.405952	1.001180	3.102333
-7.442124	0.405892	1.001656	3.101701
-7.440124	0.405833	1.002132	3.101069
-7.438124	0.405774	1.002608	3.100437
-7.436124	0.405715	1.003084	3.099805
-7.434124	0.405656	1.003561	3.099173
-7.432124	0.405597	1.004037	3.098541
-7.430124	0.405538	1.004513	3.097910
-7.428124	0.405479	1.004989	3.097278
-7.426124	0.405420	1.005465	3.096647
-7.424124	0.405361	1.005941	3.096016
-7.422124	0.405302	1.006418	3.095385
-7.420124	0.405243	1.006894	3.094753
-7.418124	0.405184	1.007370	3.094123
-7.416124	0.405125	1.007846	3.093492
-7.414124	0.405066	1.008322	3.092861
-7.412124	0.405007	1.008799	3.092230
-7.410124	0.404948	1.009275	3.091600
-7.408124	0.404889	1.009751	3.090970
-7.406124	0.404830	1.010227	3.090339
-7.404124	0.404771	1.010703	3.089709
-7.402124	0.404712	1.011180	3.089079
-7.400124	0.404653	1.011656	3.088449
-7.398124	0.404594	1.012132	3.087819
-7.396124	0.404535	1.012608	3.087190
-7.394124	0.404476	1.013084	3.086560
-7.392124	0.404417	1.013561	3.085931
-7.390124	0.404358	1.014037	3.085301
-7.388124	0.404299	1.014513	3.084672
-7.386124	0.404241	1.014989	3.084043
-7.384124	0.404182	1.015465	3.083414
-7.382124	0.404123	1.015941	3.082785
-7.380124	0.404064	1.016418	3.082156
-7.378124	0.404005	1.016894	3.081527
-7.376124	0.403946	1.017370	3.080899
-7.374124	0.403887	1.017846	3.080270
-7.372124	0.403828	1.018322	3.079642
-7.370124	0.403770	1.018799	3.079013
-7.368124	0.403711	1.019275	3.078385
-7.366124	0.403652	1.019751	3.077757
-7.364124	0.403593	1.020227	3.077129
-7.362124	0.403534	1.020703	3.076501
-7.360124	0.403475	1.021180	3.075874
-7.358124	0.403417	1.021656	3.075246
-7.356124	0.403358	1.022132	3.074619
-7.354124	0.403299	1.022608	3.073991
-7.352124	0.403240	1.023084	3.073364
-7.350124	0.403181	1.023561	3.072737
-7.348124	0.403123	1.024037	3.072110
-7.346124	0.403064	1.024513	3.071483
-7.344124	0.403005	1.024989	3.070856
-7.342124	0.402946	1.025465	3.070229
-7.340124	0.402888	1.025941	3.069602
-7.338124	0.402829	1.026418	3.068976
-7.336124	0.402770	1.026894	3.068349
-7.334124	0.402711	1.027370	3.067723
-7.332124	0.402653	1.027846	3.067097
-7.330124	0.402594	1.028322	3.066471
-7.328124	0.402535	1.028799	3.065845
-7.326124	0.402477	1.029275	3.065219
-7.324124	0.402418	1.029751	3.064593
-7.322124	0.402359	1.030227	3.063968
-7.320124	0.402301	1.030703	3.063342
-7.318124	0.402242	1.031180	3.062717
-7.316124	0.402183	1.031656	3.062091
-7.314124	0.402125	1.032132	3.061466
-7.312124	0.402066	1.032608	3.060841
-7.310124	0.402007	1.033084	3.060216
-7.308124	0.401949	1.033561	3.059591
-7.306124	0.401890	1.034037	3.058966
-7.304124	0.401831	1.034513	3.058342
-7.302124	0.401773	1.034989	3.057717
-7.300124	0.401714	1.035465	3.057093
-7.298124	0.401656	1.035941	3.056468
-7.296124	0.401597	1.036418	3.055844
-7.294124	0.401538	1.036894	3.055220
-7.292124	0.401480	1.037370	3.054596
-7.290124	0.401421	1.037846	3.053972
-7.288124	0.401363	1.038322	3.053348
-7.286124	0.401304	1.038799	3.052725
-7.284124	0.401246	1.039275	3.052101
-7.282124	0.401187	1.039751	3.051478
-7.280124	0.401128	1.040227	3.050854
-7.278124	0.401070	1.040703	3.050231
-7.276124	0.401011	1.041180	3.049608
-7.274124	0.400953	1.041656	3.048985
-7.272124	0.400894	1.042132	3.048362
-7.270124	0.400836	1.042608	3.047739
-7.268124	0.400777	1.043084	3.047116
-7.266124	0.400719	1.043561	3.046494
-7.264124	0.400660	1.044037	3.045871
-7.262124	0.400602	1.044513	3.045249
-7.260124	0.400543	1.044989	3.044627
-7.258124	0.400485	1.045465	3.044004
-7.256124	0.400427	1.045941	3.043382
-7.254124	0.400368	1.046418	3.042760
-7.252124	0.400310	1.046894	3.042139
-7.250124	0.400251	1.047370	3.041517
-7.248124	0.400193	1.047846	3.040895
-7.246124	0.400134	1.048322	3.040274
-7.244124	0.400076	1.048799	3.039652
-7.242124	0.400018	1.049275	3.039031
-7.240124	0.399959	1.049751	3.038410
-7.238124	0.399901	1.050227	3.037789
-7.236124	0.399842	1.050703	3.037168
-7.234124	0.399784	1.051180	3.036547
-7.232124	0.399726	1.051656	3.035926
-7.230124	0.399667	1.052132	3.035306
-7.228124	0.399609	1.052608	3.034685
-7.226124	0.399550	1.053084	3.034065
-7.224124	0.399492	1.053561	3.033444
-7.222124	0.399434	1.054037	3.032824
-7.220124	0.399375	1.054513	3.032204
-7.218124	0.399317	1.054989	3.031584
-7.216124	0.399259	1.055465	3.030964
-7.214124	0.399200	1.055941	3.030345
-7.212124	0.399142	1.056418	3.029725
-7.210124	0.399084	1.056894	3.029105
-7.208124	0.399026	1.057370	3.028486
-7.206124	0.398967	1.057846	3.027867
-7.204124	0.398909	1.058322	3.027247
-7.202124	0.398851	1.058799	3.026628
-7.200124	0.398792	1.059275	3.026009
-7.198124	0.398734	1.059751	3.025390
-7.196124	0.398676	1.060227	3.024772
-7.194124	0.398618	1.060703	3.024153
-7.192124	0.398559	1.061180	3.023534
-7.190124	0.398501	1.061656	3.022916
-7.188124	0.398443	1.062132	3.022298
-7.186124	0.398385	1.062608	3.021679
-7.184124	0.398327	1.063084	3.021061
-7.182124	0.398268	1.063561	3.020443
-7.180124	0.398210	1.064037	3.019825
-7.178124	0.398152	1.064513	3.019207
-7.176124	0.398094	1.064989	3.018590
-7.174124	0.398036	1.065465	3.017972
-7.172124	0.397977	1.065941	3.017355
-7.170124	0.397919	1.066418	3.016737
-7.168124	0.397861	1.066894	3.016120
-7.166124	0.397803	1.067370	3.015503
-7.164124	0.397745	1.067846	3.014886
-7.162124	0.397687	1.068322	3.014269
-7.160124	0.397629	1.068799	3.013652
-7.158124	0.397570	1.069275	3.013035
-7.156124	0.397512	1.069751	3.012419
-7.154124	0.397454	1.070227	3.011802
-7.152124	0.397396	1.070703	3.011186
-7.150124	0.397338	1.071180	3.010570
-7.148124	0.397280	1.071656	3.009953
-7.146124	0.397222	1.072132	3.009337
-7.144124	0.397164	1.072608	3.008721
-7.142124	0.397106	1.073084	3.008105
-7.140124	0.397048	1.073561	3.007490
-7.138124	0.396990	1.074037	3.006874
-7.136124	0.396931	1.074513	3.006258
-7.134124	0.396873	1.074989	3.005643
-7.132124	0.396815	1.075465	3.005028
-7.130124	0.396757	1.075941	3.004413
-7.128124	0.396699	1.076418	3.003797
-7.126124	0.396641	1.076894	3.003182
-7.124124	0.396583	1.077370	3.002568
-7.122124	0.396525	1.077846	3.001953
-7.120124	0.396467	1.078322	3.001338
-7.118124	0.396409	1.078799	3.000724
-7.116124	0.396351	1.079275	3.000109
-7.114124	0.396293	1.079751	2.999495
-7.112124	0.396235	1.080227	2.998880
-7.110124	0.396177	1.080703	2.998266
-7.108124	0.396119	1.081180	2.997652
-7.106124	0.396062	1.081656	2.997038
-7.104124	0.396004	1.082132	2.996425
-7.102124	0.395946	1.082608	2.995811
-7.100124	0.395888	1.083084	2.995197
-7.098124	0.395830	1.083561	2.994584
-7.096124	0.395772	1.084037	2.993970
-7.094124	0.395714	1.084513	2.993357
-7.092124	0.395656	1.084989	2.992744
-7.090124	0.395598	1.085465	2.992131
-7.088124	0.395540	1.085941	2.991518
-7.086124	0.395482	1.086418	2.990905
-7.084124	0.395425	1.086894	2.990292
-7.082124	0.395367	1.087370	2.989680
-7.080124	0.395309	1.087846	2.989067
-7.078124	0.395251	1.088322	2.988455
-7.076124	0.395193	1.088799	2.987843
-7.074124	0.395135	1.089275	2.987230
-7.072124	0.395077	1.089751	2.986618
-7.070124	0.395020	1.090227	2.986006
-7.068124	0.394962	1.090703	2.985394
-7.066124	0.394904	1.091180	2.984783
-7.064124	0.394846	1.091656	2.984171
-7.062124	0.394788	1.092132	2.983559
-7.060124	0.394731	1.092608	2.982948
-7.058124	0.394673	1.093084	2.982337
-7.056124	0.394615	1.093561	2.981725
-7.054124	0.394557	1.094037	2.981114
-7.052124	0.394500	1.094513	2.980503
-7.050124	0.394442	1.094989	2.979892
-7.048124	0.394384	1.095465	2.979282
-7.046124	0.394326	1.095941	2.978671
-7.044124	0.394269	1.096418	2.978060
-7.042124	0.394211	1.096894	2.977450
-7.040124	0.394153	1.097370	2.976839
-7.038124	0.394095	1.097846	2.976229
-7.036124	0.394038	1.098322	2.975619
-7.034124	0.393980	1.098799	2.975009
-7.032124	0.393922	1.099275	2.974399
-7.030124	0.393865	1.099751	2.973789
-7.028124	0.393807	1.100227	2.973179
-7.026124	0.393749	1.100703	2.972570
-7.024124	0.393691	1.101180	2.971960
-7.022124	0.393634	1.101656	2.971351
-7.020124	0.393576	1.102132	2.970742
-7.018124	0.393519	1.102608	2.970132
-7.016124	0.393461	1.103084	2.969523
-7.014124	0.393403	1.103561	2.968914
-7.012124	0.393346	1.104037	2.968306
-7.010124	0.393288	1.104513	2.967697
-7.008124	0.393230	1.104989	2.967088
-7.006124	0.393173	1.105465	2.966480
-7.004124	0.393115	1.105941	2.965871
-7.002124	0.393058	1.106418	2.965263
-7.000124	0.393000	1.106894	2.964655
-6.998124	0.392942	1.107370	2.964046
-6.996124	0.392885	1.107846	2.963438
-6.994124	0.392827	1.108322	2.962831
-6.992124	0.392770	1.108799	2.962223
-6.990124	0.392712	1.109275	2.961615
-6.988124	0.392655	1.109751	2.961007
-6.986124	0.392597	1.110227	2.960400
-6.984124	0.392540	1.110703	2.959793
-6.982124	0.392482	1.111180	2.959185
-6.980124	0.392424	1.111656	2.958578
-6.978124	0.392367	1.112132	2.957971
-6.976124	0.392309	1.112608	2.957364
-6.974124	0.392252	1.113084	2.956757
-6.972124	0.392194	1.113561	2.956151
-6.970124	0.392137	1.114037	2.955544
-6.968124	0.392079	1.114513	2.954937
-6.966124	0.392022	1.114989	2.954331
-6.964124	0.391965	1.115465	2.953725
-6.962124	0.391907	1.115941	2.953119
-6.960124	0.391850	1.116418	2.952512
-6.958124	0.391792	1.116894	2.951906
-6.956124	0.391735	1.117370	2.951301
-6.954124	0.391677	1.117846	2.950695
-6.952124	0.391620	1.118322	2.950089
-6.950124	0.391562	1.118799	2.949484
-6.948124	0.391505	1.119275	2.948878
-6.946124	0.391448	1.119751	2.948273
-6.944124	0.391390	1.120227	2.947668
-6.942124	0.391333	1.120703	2.947062
-6.940124	0.391275	1.121180	2.946457
-6.938124	0.391218	1.121656	2.945852
-6.936124	0.391161	1.122132	2.945248
-6.934124	0.391103	1.122608	2.944643
-6.932124	0.391046	1.123084	2.944038
-6.930124	0.390989	1.123561	2.943434
-6.928124	0.390931	1.124037	2.942829
-6.926124	0.390874	1.124513	2.942225
-6.924124	0.390817	1.124989	2.941621
-6.922124	0.390759	1.125465	2.941017
-6.920124	0.390702	1.125941	2.940413
-6.918124	0.390645	1.126418	2.939809
-6.916124	0.390587	1.126894	2.939205
-6.914124	0.390530	1.127370	2.938602
-6.912124	0.390473	1.127846	2.937998
-6.910124	0.390415	1.128322	2.937395
-6.908124	0.390358	1.128799	2.936791
-6.906124	0.390301	1.129275	2.936188
-6.904124	0.390244	1.129751	2.935585
-6.902124	0.390186	1.130227	2.934982
-6.900124	0.390129	1.130703	2.934379
-6.898124	0.390072	1.131180	2.933776
-6.896124	0.390015	1.131656	2.933174
-6.894124	0.389957	1.132132	2.932571
-6.892124	0.389900	1.132608	2.931969
-6.890124	0.389843	1.133084	2.931366
-6.888124	0.389786	1.133561	2.930764
-6.886124	0.389729	1.134037	2.930162
-6.884124	0.389671	1.134513	2.929560
-6.882124	0.389614	1.134989	2.928958
-6.880124	0.389557	1.135465	2.928356
-6.878124	0.389500	1.135941	2.927754
-6.876124	0.389443	1.136418	2.927153
-6.874124	0.389385	1.136894	2.926551
-6.872124	0.389328	1.137370	2.925950
-6.870124	0.389271	1.137846	2.925348
-6.868124	0.389214	1.138322	2.924747
-6.866124	0.389157	1.138799	2.924146
-6.864124	0.389100	1.139275	2.923545
-6.862124	0.389043	1.139751	2.922944
-6.860124	0.388985	1.140227	2.922343
-6.858124	0.388928	1.140703	2.921743
-6.856124	0.388871	1.141180	2.921142
-6.854124	0.388814	1.141656	2.920542
-6.852124	0.388757	1.142132	2.919941
-6.850124	0.388700	1.142608	2.919341
-6.848124	0.388643	1.143084	2.918741
-6.846124	0.388586	1.143561	2.918141
-6.844124	0.388529	1.144037	2.917541
-6.842124	0.388472	1.144513	2.916941
-6.840124	0.388415	1.144989	2.916341
-6.838124	0.388358	1.145465	2.915742
-6.836124	0.388301	1.145941	2.915142
-6.834124	0.388244	1.146418	2.914543
-6.832124	0.388186	1.146894	2.913944
-6.830124	0.388129	1.147370	2.913344
-6.828124	0.388072	1.147846	2.912745
-6.826124	0.388015	1.148322	2.912146
-6.824124	0.387958	1.148799	2.911548
-6.822124	0.387901	1.149275	2.910949
-6.820124	0.387844	1.149751	2.910350
-6.818124	0.387788	1.150227	2.909752
-6.816124	0.387731	1.150703	2.909153
-6.814124	0.387674	1.151180	2.908555
-6.812124	0.387617	1.151656	2.907956
-6.810124	0.387560	1.152132	2.907358
-6.808124	0.387503	1.152608	2.906760
-6.806124	0.387446	1.153084	2.906162
-6.804124	0.387389	1.153561	2.905565
-6.802124	0.387332	1.154037	2.904967
-6.800124	0.387275	1.154513	2.904369
-6.798124	0.387218	1.154989	2.903772
-6.796124	0.387161	1.155465	2.903174
-6.794124	0.387104	1.155941	2.902577
-6.792124	0.387047	1.156418	2.901980
-6.790124	0.386991	1.156894	2.901383
-6.788124	0.386934	1.157370	2.900786
-6.786124	0.386877	1.157846	2.900189
-6.784124	0.386820	1.158322	2.899592
-6.782124	0.386763	1.158799	2.898995
-6.780124	0.386706	1.159275	2.898399
-6.778124	0.386649	1.159751	2.897802
-6.776124	0.386593	1.160227	2.897206
-6.774124	0.386536	1.160703	2.896610
-6.772124	0.386479	1.161180	2.896014
-6.770124	0.386422	1.161656	2.895418
-6.768124	0.386365	1.162132	2.894822
-6.766124	0.386308	1.162608	2.894226
-6.764124	0.386252	1.163084	2.893630
-6.762124	0.386195	1.163561	2.893035
-6.760124	0.386138	1.164037	2.892439
-6.758124	0.386081	1.164513	2.891844
-6.756124	0.386025	1.164989	2.891248
-6.754124	0.385968	1.165465	2.890653
-6.752124	0.385911	1.165941	2.890058
-6.750124	0.385854	1.166418	2.889463
-6.748124	0.385798	1.166894	2.888868
-6.746124	0.385741	1.167370	2.888274
-6.744124	0.385684	1.167846	2.887679
-6.742124	0.385627	1.168322	2.887084
-6.740124	0.385571	1.168799	2.886490
-6.738124	0.385514	1.169275	2.885895
-6.736124	0.385457	1.169751	2.885301
-6.734124	0.385400	1.170227	2.884707
-6.732124	0.385344	1.170703	2.884113
-6.730124	0.385287	1.171180	2.883519
-6.728124	0.385230	1.171656	2.882925
-6.726124	0.385174	1.172132	2.882332
-6.724124	0.385117	1.172608	2.881738
-6.722124	0.385060	1.173084	2.881144
-6.720124	0.385004	1.173561	2.880551
-6.718124	0.384947	1.174037	2.879958
-6.716124	0.384891	1.174513	2.879365
-6.714124	0.384834	1.174989	2.878771
-6.712124	0.384777	1.175465	2.878178
-6.710124	0.384721	1.175941	2.877586
-6.708124	0.384664	1.176418	2.876993
-6.706124	0.384607	1.176894	2.876400
-6.704124	0.384551	1.177370	2.875808
-6.702124	0.384494	1.177846	2.875215
-6.700124	0.384438	1.178322	2.874623
-6.698124	0.384381	1.178799	2.874030
-6.696124	0.384325	1.179275	2.873438
-6.694124	0.384268	1.179751	2.872846
-6.692124	0.384211	1.180227	2.872254
-6.690124	0.384155	1.180703	2.871662
-6.688124	0.384098	1.181180	2.871071
-6.686124	0.384042	1.181656	2.870479
-6.684124	0.383985	1.182132	2.869888
-6.682124	0.383929	1.182608	2.869296
-6.680124	0.383872	1.183084	2.868705
-6.678124	0.383816	1.183561	2.868114
-6.676124	0.383759	1.184037	2.867523
-6.674124	0.383703	1.184513	2.866932
-6.672124	0.383646	1.184989	2.866341
-6.670124	0.383590	1.185465	2.865750
-6.668124	0.383533	1.185941	2.865159
-6.666124	0.383477	1.186418	2.864569
-6.664124	0.383420	1.186894	2.863978
-6.662124	0.383364	1.187370	2.863388
-6.660124	0.383307	1.187846	2.862797
-6.658124	0.383251	1.188322	2.862207
-6.656124	0.383195	1.188799	2.861617
-6.654124	0.383138	1.189275	2.861027
-6.652124	0.383082	1.189751	2.860437
-6.650124	0.383025	1.190227	2.859848
-6.648124	0.382969	1.190703	2.859258
-6.646124	0.382912	1.191180	2.858668
-6.644124	0.382856	1.191656	2.858079
-6.642124	0.382800	1.192132	2.857490
-6.640124	0.382743	1.192608	2.856900
-6.638124	0.382687	1.193084	2.856311
-6.636124	0.382630	1.193561	2.855722
-6.634124	0.382574	1.194037	2.855133
-6.632124	0.382518	1.194513	2.854545
-6.630124	0.382461	1.194989	2.853956
-6.628124	0.382405	1.195465	2.853367
-6.626124	0.382349	1.195941	2.852779
-6.624124	0.382292	1.196418	2.852190
-6.622124	0.382236	1.196894	2.851602
-6.620124	0.382180	1.197370	2.851014
-6.618124	0.382123	1.197846	2.850426
-6.616124	0.382067	1.198322	2.849838
-6.614124	0.382011	1.198799	2.849250
-6.612124	0.381955	1.199275	2.848662
-6.610124	0.381898	1.199751	2.848075
-6.608124	0.381842	1.200227	2.847487
-6.606124	0.381786	1.200703	2.846899
-6.604124	0.381729	1.201180	2.846312
-6.602124	0.381673	1.201656	2.845725
-6.600124	0.381617	1.202132	2.845138
-6.598124	0.381561	1.202608	2.844551
-6.596124	0.381504	1.203084	2.843964
-6.594124	0.381448	1.203561	2.843377
-6.592124	0.381392	1.204037	2.842790
-6.590124	0.381336	1.204513	2.842204
-6.588124	0.381280	1.204989	2.841617
-6.586124	0.381223	1.205465	2.841031
-6.584124	0.381167	1.205941	2.840444
-6.582124	0.381111	1.206418	2.839858
-6.580124	0.381055	1.206894	2.839272
-6.578124	0.380999	1.207370	2.838686
-6.576124	0.380942	1.207846	2.838100
-6.574124	0.380886	1.208322	2.837514
-6.572124	0.380830	1.208799	2.836929
-6.570124	0.380774	1.209275	2.836343
-6.568124	0.380718	1.209751	2.835757
-6.566124	0.380662	1.210227	2.835172
-6.564124	0.380606	1.210703	2.834587
-6.562124	0.380549	1.211180	2.834002
-6.560124	0.380493	1.211656	2.833417
-6.558124	0.380437	1.212132	2.832832
-6.556124	0.380381	1.212608	2.832247
-6.554124	0.380325	1.213084	2.831662
-6.552124	0.380269	1.213561	2.831077
-6.550124	0.380213	1.214037	2.830493
-6.548124	0.380157	1.214513	2.829908
-6.546124	0.380101	1.214989	2.829324
-6.544124	0.380045	1.215465	2.828740
-6.542124	0.379989	1.215941	2.828155
-6.540124	0.379933	1.216418	2.827571
-6.538124	0.379876	1.216894	2.826988
-6.536124	0.379820	1.217370	2.826404
-6.534124	0.379764	1.217846	2.825820
-6.532124	0.379708	1.218322	2.825236
-6.530124	0.379652	1.218799	2.824653
-6.528124	0.379596	1.219275	2.824069
-6.526124	0.379540	1.219751	2.823486
-6.524124	0.379484	1.220227	2.822903
-6.522124	0.379428	1.220703	2.822320
-6.520124	0.379372	1.221180	2.821737
-6.518124	0.379316	1.221656	2.821154
-6.516124	0.379260	1.222132	2.820571
-6.514124	0.379204	1.222608	2.819988
-6.512124	0.379148	1.223084	2.819406
-6.510124	0.379093	1.223561	2.818823
-6.508124	0.379037	1.224037	2.818241
-6.506124	0.378981	1.224513	2.817659
-6.504124	0.378925	1.224989	2.817076
-6.502124	0.378869	1.225465	2.816494
-6.500124	0.378813	1.225941	2.815912
-6.498124	0.378757	1.226418	2.815330
-6.496124	0.378701	1.226894	2.814749
-6.494124	0.378645	1.227370	2.814167
-6.492124	0.378589	1.227846	2.813585
-6.490124	0.378533	1.228322	2.813004
-6.488124	0.378477	1.228799	2.812423
-6.486124	0.378422	1.229275	2.811841
-6.484124	0.378366	1.229751	2.811260
-6.482124	0.378310	1.230227	2.810679
-6.480124	0.378254	1.230703	2.810098
-6.478124	0.378198	1.231180	2.809517
-6.476124	0.378142	1.231656	2.808937
-6.474124	0.378086	1.232132	2.808356
-6.472124	0.378031	1.232608	2.807775
-6.470124	0.377975	1.233084	2.807195
-6.468124	0.377919	1.233561	2.806615
-6.466124	0.377863	1.234037	2.806034
-6.464124	0.377807	1.234513	2.805454
-6.462124	0.377752	1.234989	2.804874
-6.460124	0.377696	1.235465	2.804294
-6.458124	0.377640	1.235941	2.803715
-6.456124	0.377584	1.236418	2.803135
-6.454124	0.377528	1.236894	2.802555
-6.452124	0.377473	1.237370	2.801976
-6.450124	0.377417	1.237846	2.801396
-6.448124	0.377361	1.238322	2.800817
-6.446124	0.377305	1.238799	2.800238
-6.444124	0.377250	1.239275	2.799659
-6.442124	0.377194	1.239751	2.799080
-6.440124	0.377138	1.240227	2.798501
-6.438124	0.377083	1.240703	2.797922
-6.436124	0.377027	1.241180	2.797343
-6.434124	0.376971	1.241656	2.796765
-6.432124	0.376915	1.242132	2.796186
-6.430124	0.376860	1.242608	2.795608
-6.428124	0.376804	1.243084	2.795030
-6.426124	0.376748	1.243561	2.794452
-6.424124	0.376693	1.244037	2.793873
-6.422124	0.376637	1.244513	2.793296
-6.420124	0.376581	1.244989	2.792718
-6.418124	0.376526	1.245465	2.792140
-6.416124	0.376470	1.245941	2.791562
-6.414124	0.376415	1.246418	2.790985
-6.412124	0.376359	1.246894	2.790407
-6.410124	0.376303	1.247370	2.789830
-6.408124	0.376248	1.247846	2.789253
-6.406124	0.376192	1.248322	2.788675
-6.404124	0.376136	1.248799	2.788098
-6.402124	0.376081	1.249275	2.787521
-6.400124	0.376025	1.249751	2.786945
-6.398124	0.375970	1.250227	2.786368
-6.396124	0.375914	1.250703	2.785791
-6.394124	0.375858	1.251180	2.785215
-6.392124	0.375803	1.251656	2.784638
-6.390124	0.375747	1.252132	2.784062
-6.388124	0.375692	1.252608	2.783486
-6.386124	0.375636	1.253084	2.782910
-6.384124	0.375581	1.253561	2.782334
-6.382124	0.375525	1.254037	2.781758
-6.380124	0.375470	1.254513	2.781182
-6.378124	0.375414	1.254989	2.780606
-6.376124	0.375359	1.255465	2.780031
-6.374124	0.375303	1.255941	2.779455
-6.372124	0.375248	1.256418	2.778880
-6.370124	0.375192	1.256894	2.778304
-6.368124	0.375137	1.257370	2.777729
-6.366124	0.375081	1.257846	2.777154
-6.364124	0.375026	1.258322	2.776579
-6.362124	0.374970	1.258799	2.776004
-6.360124	0.374915	1.259275	2.775429
-6.358124	0.374859	1.259751	2.774855
-6.356124	0.374804	1.260227	2.774280
-6.354124	0.374748	1.260703	2.773706
-6.352124	0.374693	1.261180	2.773131
-6.350124	0.374638	1.261656	2.772557
-6.348124	0.374582	1.262132	2.771983
-6.346124	0.374527	1.262608	2.771409
-6.344124	0.374471	1.263084	2.770835
-6.342124	0.374416	1.263561	2.770261
-6.340124	0.374361	1.264037	2.769687
-6.338124	0.374305	1.264513	2.769113
-6.336124	0.374250	1.264989	2.768540
-6.334124	0.374194	1.265465	2.767966
-6.332124	0.374139	1.265941	2.767393
-6.330124	0.374084	1.266418	2.766820
-6.328124	0.374028	1.266894	2.766246
-6.326124	0.373973	1.267370	2.765673
-6.324124	0.373918	1.267846	2.765100
-6.322124	0.373862	1.268322	2.764528
-6.320124	0.373807	1.268799	2.763955
-6.318124	0.373752	1.269275	2.763382
-6.316124	0.373696	1.269751	2.762810
-6.314124	0.373641	1.270227	2.762237
-6.312124	0.373586	1.270703	2.761665
-6.310124	0.373530	1.271180	2.761092
-6.308124	0.373475	1.271656	2.760520
-6.306124	0.373420	1.272132	2.759948
-6.304124	0.373365	1.272608	2.759376
-6.302124	0.373309	1.273084	2.758804
-6.300124	0.373254	1.273561	2.758233
-6.298124	0.373199	1.274037	2.757661
-6.296124	0.373144	1.274513	2.757090
-6.294124	0.373088	1.274989	2.756518
-6.292124	0.373033	1.275465	2.755947
-6.290124	0.372978	1.275941	2.755376
-6.288124	0.372923	1.276418	2.754804
-6.286124	0.372867	1.276894	2.754233
-6.284124	0.372812	1.277370	2.753662
-6.282124	0.372757	1.277846	2.753092
-6.280124	0.372702	1.278322	2.752521
-6.278124	0.372647	1.278799	2.751950
-6.276124	0.372591	1.279275	2.751380
-6.274124	0.372536	1.279751	2.750809
-6.272124	0.372481	1.280227	2.750239
-6.270124	0.372426	1.280703	2.749669
-6.268124	0.372371	1.281180	2.749099
-6.266124	0.372316	1.281656	2.748529
-6.264124	0.372260	1.282132	2.747959
-6.262124	0.372205	1.282608	2.747389
-6.260124	0.372150	1.283084	2.746819
-6.258124	0.372095	1.283561	2.746250
-6.256124	0.372040	1.284037	2.745680
-6.254124	0.371985	1.284513	2.745111
-6.252124	0.371930	1.284989	2.744541
-6.250124	0.371875	1.285465	2.743972
-6.248124	0.371820	1.285941	2.743403
-6.246124	0.371764	1.286418	2.742834
-6.244124	0.371709	1.286894	2.742265
-6.242124	0.371654	1.287370	2.741696
-6.240124	0.371599	1.287846	2.741128
-6.238124	0.371544	1.288322	2.740559
-6.236124	0.371489	1.288799	2.739991
-6.234124	0.371434	1.289275	2.739422
-6.232124	0.371379	1.289751	2.738854
-6.230124	0.371324	1.290227	2.738286
-6.228124	0.371269	1.290703	2.737718
-6.226124	0.371214	1.291180	2.737150
-6.224124	0.371159	1.291656	2.736582
-6.222124	0.371104	1.292132	2.736014
-6.220124	0.371049	1.292608	2.735446
-6.218124	0.370994	1.293084	2.734879
-6.216124	0.370939	1.293561	2.734311
-6.214124	0.370884	1.294037	2.733744
-6.212124	0.370829	1.294513	2.733176
-6.210124	0.370774	1.294989	2.732609
-6.208124	0.370719	1.295465	2.732042
-6.206124	0.370664	1.295941	2.731475
-6.204124	0.370609	1.296418	2.730908
-6.202124	0.370554	1.296894	2.730341
-6.200124	0.370499	1.297370	2.729775
-6.198124	0.370444	1.297846	2.729208
-6.196124	0.370389	1.298322	2.728642
-6.194124	0.370334	1.298799	2.728075
-6.192124	0.370280	1.299275	2.727509
-6.190124	0.370225	1.299751	2.726943
-6.188124	0.370170	1.300227	2.726377
-6.186124	0.370115	1.300703	2.725811
-6.184124	0.370060	1.301180	2.725245
-6.182124	0.370005	1.301656	2.724679
-6.180124	0.369950	1.302132	2.724113
-6.178124	0.369895	1.302608	2.723548
-6.176124	0.369841	1.303084	2.722982
-6.174124	0.369786	1.303561	2.722417
-6.172124	0.369731	1.304037	2.721852
-6.170124	0.369676	1.304513	2.721287
-6.168124	0.369621	1.304989	2.720722
-6.166124	0.369566	1.305465	2.720157
-6.164124	0.369512	1.305941	2.719592
-6.162124	0.369457	1.306418	2.719027
-6.160124	0.369402	1.306894	2.718462
-6.158124	0.369347	1.307370	2.717898
-6.156124	0.369292	1.307846	2.717333
-6.154124	0.369238	1.308322	2.716769
-6.152124	0.369183	1.308799	2.716205
-6.150124	0.369128	1.309275	2.715640
-6.148124	0.369073	1.309751	2.715076
-6.146124	0.369018	1.310227	2.714512
-6.144124	0.368964	1.310703	2.713949
-6.142124	0.368909	1.311180	2.713385
-6.140124	0.368854	1.311656	2.712821
-6.138124	0.368799	1.312132	2.712258
-6.136124	0.368745	1.312608	2.711694
-6.134124	0.368690	1.313084	2.711131
-6.132124	0.368635	1.313561	2.710567
-6.130124	0.368581	1.314037	2.710004
-6.128124	0.368526	1.314513	2.709441
-6.126124	0.368471	1.314989	2.708878
-6.124124	0.368416	1.315465	2.708315
-6.122124	0.368362	1.315941	2.707753
-6.120124	0.368307	1.316418	2.707190
-6.118124	0.368252	1.316894	2.706627
-6.116124	0.368198	1.317370	2.706065
-6.114124	0.368143	1.317846	2.705503
-6.112124	0.368088	1.318322	2.704940
-6.110124	0.368034	1.318799	2.704378
-6.108124	0.367979	1.319275	2.703816
-6.106124	0.367925	1.319751	2.703254
-6.104124	0.367870	1.320227	2.702692
-6.102124	0.367815	1.320703	2.702130
-6.100124	0.367761	1.321180	2.701569
-6.098124	0.367706	1.321656	2.701007
-6.096124	0.367652	1.322132	2.700446
-6.094124	0.367597	1.322608	2.699884
-6.092124	0.367542	1.323084	2.699323
-6.090124	0.367488	1.323561	2.698762
-6.088124	0.367433	1.324037	2.698201
-6.086124	0.367379	1.324513	2.697640
-6.084124	0.367324	1.324989	2.697079
-6.082124	0.367270	1.325465	2.696518
-6.080124	0.367215	1.325941	2.695958
-6.078124	0.367160	1.326418	2.695397
-6.076124	0.367106	1.326894	2.694837
-6.074124	0.367051	1.327370	2.694276
-6.072124	0.366997	1.327846	2.693716
-6.070124	0.366942	1.328322	2.693156
-6.068124	0.366888	1.328799	2.692596
-6.066124	0.366833	1.329275	2.692036
-6.064124	0.366779	1.329751	2.691476
-6.062124	0.366724	1.330227	2.690916
-6.060124	0.366670	1.330703	2.690357
-6.058124	0.366615	1.331180	2.689797
-6.056124	0.366561	1.331656	2.689238
-6.054124	0.366506	1.332132	2.688678
-6.052124	0.366452	1.332608	2.688119
-6.050124	0.366398	1.333084	2.687560
-6.048124	0.366343	1.333561	2.687001
-6.046124	0.366289	1.334037	2.686442
-6.044124	0.366234	1.334513	2.685883
-6.042124	0.366180	1.334989	2.685324
-6.040124	0.366125	1.335465	2.684765
-6.038124	0.366071	1.335941	2.684207
-6.036124	0.366017	1.336418	2.683648
-6.034124	0.365962	1.336894	2.683090
-6.032124	0.365908	1.337370	2.682532
-6.030124	0.365853	1.337846	2.681974
-6.028124	0.365799	1.338322	2.681416
-6.026124	0.365745	1.338799	2.680858
-6.024124	0.365690	1.339275	2.680300
-6.022124	0.365636	1.339751	2.679742
-6.020124	0.365582	1.340227	2.679184
-6.018124	0.365527	1.340703	2.678627
-6.016124	0.365473	1.341180	2.678069
-6.014124	0.365419	1.341656	2.677512
-6.012124	0.365364	1.342132	2.676955
-6.010124	0.365310	1.342608	2.676397
-6.008124	0.365256	1.343084	2.675840
-6.006124	0.365201	1.343561	2.675283
-6.004124	0.365147	1.344037	2.674727
-6.002124	0.365093	1.344513	2.674170
-6.000124	0.365038	1.344989	2.673613
-5.998124	0.364984	1.345465	2.673056
-5.996124	0.364930	1.345941	2.672500
-5.994124	0.364876	1.346418	2.671944
-5.992124	0.364821	1.346894	2.671387
-5.990124	0.364767	1.347370	2.670831
-5.988124	0.364713	1.347846	2.670275
-5.986124	0.364659	1.348322	2.669719
-5.984124	0.364604	1.348799	2.669163
-5.982124	0.364550	1.349275	2.668607
-5.980124	0.364496	1.349751	2.668052
-5.978124	0.364442	1.350227	2.667496
-5.976124	0.364387	1.350703	2.666941
-5.974124	0.364333	1.351180	2.666385
-5.972124	0.364279	1.351656	2.665830
-5.970124	0.364225	1.352132	2.665275
-5.968124	0.364171	1.352608	2.664720
-5.966124	0.364117	1.353084	2.664165
-5.964124	0.364062	1.353561	2.663610
-5.962124	0.364008	1.354037	2.663055
-5.960124	0.363954	1.354513	2.662500
-5.958124	0.363900	1.354989	2.661946
-5.956124	0.363846	1.355465	2.661391
-5.954124	0.363792	1.355941	2.660837
-5.952124	0.363737	1.356418	2.660283
-5.950124	0.363683	1.356894	2.659728
-5.948124	0.363629	1.357370	2.659174
-5.946124	0.363575	1.357846	2.658620
-5.944124	0.363521	1.358322	2.658066
-5.942124	0.363467	1.358799	2.657513
-5.940124	0.363413	1.359275	2.656959
-5.938124	0.363359	1.359751	2.656405
-5.936124	0.363305	1.360227	2.655852
-5.934124	0.363251	1.360703	2.655298
-5.932124	0.363196	1.361180	2.654745
-5.930124	0.363142	1.361656	2.654192
-5.928124	0.363088	1.362132	2.653639
-5.926124	0.363034	1.362608	2.653086
-5.924124	0.362980	1.363084	2.652533
-5.922124	0.362926	1.363561	2.651980
-5.920124	0.362872	1.364037	2.651427
-5.918124	0.362818	1.364513	2.650875
-5.916124	0.362764	1.364989	2.650322
-5.914124	0.362710	1.365465	2.649770
-5.912124	0.362656	1.365941	2.649217
-5.910124	0.362602	1.366418	2.648665
-5.908124	0.362548	1.366894	2.648113
-5.906124	0.362494	1.367370	2.647561
-5.904124	0.362440	1.367846	2.647009
-5.902124	0.362386	1.368322	2.646457
-5.900124	0.362332	1.368799	2.645906
-5.898124	0.362278	1.369275	2.645354
-5.896124	0.362224	1.369751	2.644802
-5.894124	0.362170	1.370227	2.644251
-5.892124	0.362116	1.370703	2.643700
-5.890124	0.362063	1.371180	2.643148
-5.888124	0.362009	1.371656	2.642597
-5.886124	0.361955	1.372132	2.642046
-5.884124	0.361901	1.372608	2.641495
-5.882124	0.361847	1.373084	2.640945
-5.880124	0.361793	1.373561	2.640394
-5.878124	0.361739	1.374037	2.639843
-5.876124	0.361685	1.374513	2.639293
-5.874124	0.361631	1.374989	2.638742
-5.872124	0.361577	1.375465	2.638192
-5.870124	0.361524	1.375941	2.637642
-5.868124	0.361470	1.376418	2.637091
-5.866124	0.361416	1.376894	2.636541
-5.864124	0.361362	1.377370	2.635991
-5.862124	0.361308	1.377846	2.635442
-5.860124	0.361254	1.378322	2.634892
-5.858124	0.361200	1.378799	2.634342
-5.856124	0.361147	1.379275	2.633793
-5.854124	0.361093	1.379751	2.633243
-5.852124	0.361039	1.380227	2.632694
-5.850124	0.360985	1.380703	2.632144
-5.848124	0.360931	1.381180	2.631595
-5.846124	0.360878	1.381656	2.631046
-5.844124	0.360824	1.382132	2.630497
-5.842124	0.360770	1.382608	2.629948
-5.840124	0.360716	1.383084	2.629400
-5.838124	0.360663	1.383561	2.628851
-5.836124	0.360609	1.384037	2.628302
-5.834124	0.360555	1.384513	2.627754
-5.832124	0.360501	1.384989	2.627205
-5.830124	0.360448	1.385465	2.626657
-5.828124	0.360394	1.385941	2.626109
-5.826124	0.360340	1.386418	2.625561
-5.824124	0.360286	1.386894	2.625013
-5.822124	0.360233	1.387370	2.624465
-5.820124	0.360179	1.387846	2.623917
-5.818124	0.360125	1.388322	2.623370
-5.816124	0.360072	1.388799	2.622822
-5.814124	0.360018	1.389275	2.622274
-5.812124	0.359964	1.389751	2.621727
-5.810124	0.359910	1.390227	2.621180
-5.808124	0.359857	1.390703	2.620633
-5.806124	0.359803	1.391180	2.620085
-5.804124	0.359749	1.391656	2.619538
-5.802124	0.359696	1.392132	2.618992
-5.800124	0.359642	1.392608	2.618445
-5.798124	0.359589	1.393084	2.617898
-5.796124	0.359535	1.393561	2.617351
-5.794124	0.359481	1.394037	2.616805
-5.792124	0.359428	1.394513	2.616258
-5.790124	0.359374	1.394989	2.615712
-5.788124	0.359320	1.395465	2.615166
-5.786124	0.359267	1.395941	2.614620
-5.784124	0.359213	1.396418	2.614074
-5.782124	0.359160	1.396894	2.613528
-5.780124	0.359106	1.397370	2.612982
-5.778124	0.359052	1.397846	2.612436
-5.776124	0.358999	1.398322	2.611891
-5.774124	0.358945	1.398799	2.611345
-5.772124	0.358892	1.399275	2.610800
-5.770124	0.358838	1.399751	2.610254
-5.768124	0.358785	1.400227	2.609709
-5.766124	0.358731	1.400703	2.609164
-5.764124	0.358678	1.401180	2.608619
-5.762124	0.358624	1.401656	2.608074
-5.760124	0.358571	1.402132	2.607529
-5.758124	0.358517	1.402608	2.606984
-5.756124	0.358464	1.403084	2.606439
-5.754124	0.358410	1.403561	2.605895
-5.752124	0.358357	1.404037	2.605350
-5.750124	0.358303	1.404513	2.604806
-5.748124	0.358250	1.404989	2.604262
-5.746124	0.358196	1.405465	2.603718
-5.744124	0.358143	1.405941	2.603174
-5.742124	0.358089	1.406418	2.602630
-5.740124	0.358036	1.406894	2.602086
-5.738124	0.357982	1.407370	2.601542
-5.736124	0.357929	1.407846	2.600998
-5.734124	0.357875	1.408322	2.600455
-5.732124	0.357822	1.408799	2.599911
-5.730124	0.357769	1.409275	2.599368
-5.728124	0.357715	1.409751	2.598824
-5.726124	0.357662	1.410227	2.598281
-5.724124	0.357608	1.410703	2.597738
-5.722124	0.357555	1.411180	2.597195
-5.720124	0.357502	1.411656	2.596652
-5.718124	0.357448	1.412132	2.596109
-5.716124	0.357395	1.412608	2.595567
-5.714124	0.357341	1.413084	2.595024
-5.712124	0.357288	1.413561	2.594482
-5.710124	0.357235	1.414037	2.593939
-5.708124	0.357181	1.414513	2.593397
-5.706124	0.357128	1.414989	2.592855
-5.704124	0.357075	1.415465	2.592312
-5.702124	0.357021	1.415941	2.591770
-5.700124	0.356968	1.416418	2.591228
-5.698124	0.356915	1.416894	2.590687
-5.696124	0.356861	1.417370	2.590145
-5.694124	0.356808	1.417846	2.589603
-5.692124	0.356755	1.418322	2.589062
-5.690124	0.356702	1.418799	2.588520
-5.688124	0.356648	1.419275	2.587979
-5.686124	0.356595	1.419751	2.587438
-5.684124	0.356542	1.420227	2.586896
-5.682124	0.356488	1.420703	2.586355
-5.680124	0.356435	1.421180	2.585814
-5.678124	0.356382	1.421656	2.585273
-5.676124	0.356329	1.422132	2.584733
-5.674124	0.356275	1.422608	2.584192
-5.672124	0.356222	1.423084	2.583651
-5.670124	0.356169	1.423561	2.583111
-5.668124	0.356116	1.424037	2.582571
-5.666124	0.356063	1.424513	2.582030
-5.664124	0.356009	1.424989	2.581490
-5.662124	0.355956	1.425465	2.580950
-5.660124	0.355903	1.425941	2.580410
-5.658124	0.355850	1.426418	2.579870
-5.656124	0.355797	1.426894	2.579330
-5.654124	0.355743	1.427370	2.578791
-5.652124	0.355690	1.427846	2.578251
-5.650124	0.355637	1.428322	2.577711
-5.648124	0.355584	1.428799	2.577172
-5.646124	0.355531	1.429275	2.576633
-5.644124	0.355478	1.429751	2.576093
-5.642124	0.355424	1.430227	2.575554
-5.640124	0.355371	1.430703	2.575015
-5.638124	0.355318	1.431180	2.574476
-5.636124	0.355265	1.431656	2.573938
-5.634124	0.355212	1.432132	2.573399
-5.632124	0.355159	1.432608	2.572860
-5.630124	0.355106	1.433084	2.572322
-5.628124	0.355053	1.433561	2.571783
-5.626124	0.355000	1.434037	2.571245
-5.624124	0.354946	1.434513	2.570707
-5.622124	0.354893	1.434989	2.570168
-5.620124	0.354840	1.435465	2.569630
-5.618124	0.354787	1.435941	2.569092
-5.616124	0.354734	1.436418	2.568554
-5.614124	0.354681	1.436894	2.568017
-5.612124	0.354628	1.437370	2.567479
-5.610124	0.354575	1.437846	2.566941
-5.608124	0.354522	1.438322	2.566404
-5.606124	0.354469	1.438799	2.565867
-5.604124	0.354416	1.439275	2.565329
-5.602124	0.354363	1.439751	2.564792
-5.600124	0.354310	1.440227	2.564255
-5.598124	0.354257	1.440703	2.563718
-5.596124	0.354204	1.441180	2.563181
-5.594124	0.354151	1.441656	2.562644
-5.592124	0.354098	1.442132	2.562108
-5.590124	0.354045	1.442608	2.561571
-5.588124	0.353992	1.443084	2.561034
-5.586124	0.353939	1.443561	2.560498
-5.584124	0.353886	1.444037	2.559962
-5.582124	0.353833	1.444513	2.559425
-5.580124	0.353780	1.444989	2.558889
-5.578124	0.353727	1.445465	2.558353
-5.576124	0.353674	1.445941	2.557817
-5.574124	0.353621	1.446418	2.557281
-5.572124	0.353568	1.446894	2.556746
-5.570124	0.353516	1.447370	2.556210
-5.568124	0.353463	1.447846	2.555674
-5.566124	0.353410	1.448322	2.555139
-5.564124	0.353357	1.448799	2.554604
-5.562124	0.353304	1.449275	2.554068
-5.560124	0.353251	1.449751	2.553533
-5.558124	0.353198	1.450227	2.552998
-5.556124	0.353145	1.450703	2.552463
-5.554124	0.353093	1.451180	2.551928
-5.552124	0.353040	1.451656	2.551393
-5.550124	0.352987	1.452132	2.550859
-5.548124	0.352934	1.452608	2.550324
-5.546124	0.352881	1.453084	2.549790
-5.544124	0.352828	1.453561	2.549255
-5.542124	0.352775	1.454037	2.548721
-5.540124	0.352723	1.454513	2.548187
-5.538124	0.352670	1.454989	2.547653
-5.536124	0.352617	1.455465	2.547119
-5.534124	0.352564	1.455941	2.546585
-5.532124	0.352511	1.456418	2.546051
-5.530124	0.352459	1.456894	2.545517
-5.528124	0.352406	1.457370	2.544983
-5.526124	0.352353	1.457846	2.544450
-5.524124	0.352300	1.458322	2.543916
-5.522124	0.352248	1.458799	2.543383
-5.520124	0.352195	1.459275	2.542850
-5.518124	0.352142	1.459751	2.542317
-5.516124	0.352089	1.460227	2.541784
-5.514124	0.352037	1.460703	2.541251
-5.512124	0.351984	1.461180	2.540718
-5.510124	0.351931	1.461656	2.540185
-5.508124	0.351878	1.462132	2.539652
-5.506124	0.351826	1.462608	2.539120
-5.504124	0.351773	1.463084	2.538587
-5.502124	0.351720	1.463561	2.538055
-5.500124	0.351668	1.464037	2.537523
-5.498124	0.351615	1.464513	2.536990
-5.496124	0.351562	1.464989	2.536458
-5.494124	0.351510	1.465465	2.535926
-5.492124	0.351457	1.465941	2.535394
-5.490124	0.351404	1.466418	2.534862
-5.488124	0.351352	1.466894	2.534331
-5.486124	0.351299	1.467370	2.533799
-5.484124	0.351246	1.467846	2.533268
-5.482124	0.351194	1.468322	2.532736
-5.480124	0.351141	1.468799	2.532205
-5.478124	0.351088	1.469275	2.531674
-5.476124	0.351036	1.469751	2.531142
-5.474124	0.350983	1.470227	2.530611
-5.472124	0.350931	1.470703	2.530080
-5.470124	0.350878	1.471180	2.529550
-5.468124	0.350825	1.471656	2.529019
-5.466124	0.350773	1.472132	2.528488
-5.464124	0.350720	1.472608	2.527958
-5.462124	0.350668	1.473084	2.527427
-5.460124	0.350615	1.473561	2.526897
-5.458124	0.350563	1.474037	2.526366
-5.456124	0.350510	1.474513	2.525836
-5.454124	0.350457	1.474989	2.525306
-5.452124	0.350405	1.475465	2.524776
-5.450124	0.350352	1.475941	2.524246
-5.448124	0.350300	1.476418	2.523716
-5.446124	0.350247	1.476894	2.523187
-5.444124	0.350195	1.477370	2.522657
-5.442124	0.350142	1.477846	2.522127
-5.440124	0.350090	1.478322	2.521598
-5.438124	0.350037	1.478799	2.521069
-5.436124	0.349985	1.479275	2.520539
-5.434124	0.349932	1.479751	2.520010
-5.432124	0.349880	1.480227	2.519481
-5.430124	0.349827	1.480703	2.518952
-5.428124	0.349775	1.481180	2.518423
-5.426124	0.349722	1.481656	2.517895
-5.424124	0.349670	1.482132	2.517366
-5.422124	0.349618	1.482608	2.516837
-5.420124	0.349565	1.483084	2.516309
-5.418124	0.349513	1.483561	2.515781
-5.416124	0.349460	1.484037	2.515252
-5.414124	0.349408	1.484513	2.514724
-5.412124	0.349355	1.484989	2.514196
-5.410124	0.349303	1.485465	2.513668
-5.408124	0.349251	1.485941	2.513140
-5.406124	0.349198	1.486418	2.512612
-5.404124	0.349146	1.486894	2.512084
-5.402124	0.349093	1.487370	2.511557
-5.400124	0.349041	1.487846	2.511029
-5.398124	0.348989	1.488322	2.510502
-5.396124	0.348936	1.488799	2.509975
-5.394124	0.348884	1.489275	2.509447
-5.392124	0.348832	1.489751	2.508920
-5.390124	0.348779	1.490227	2.508393
-5.388124	0.348727	1.490703	2.507866
-5.386124	0.348675	1.491180	2.507339
-5.384124	0.348622	1.491656	2.506812
-5.382124	0.348570	1.492132	2.506286
-5.380124	0.348518	1.492608	2.505759
-5.378124	0.348465	1.493084	2.505233
-5.376124	0.348413	1.493561	2.504706
-5.374124	0.348361	1.494037	2.504180
-5.372124	0.348309	1.494513	2.503654
-5.370124	0.348256	1.494989	2.503128
-5.368124	0.348204	1.495465	2.502602
-5.366124	0.348152	1.495941	2.502076
-5.364124	0.348099	1.496418	2.501550
-5.362124	0.348047	1.496894	2.501024
-5.360124	0.347995	1.497370	2.500499
-5.358124	0.347943	1.497846	2.499973
-5.356124	0.347890	1.498322	2.499448
-5.354124	0.347838	1.498799	2.498922
-5.352124	0.347786	1.499275	2.498397
-5.350124	0.347734	1.499751	2.497872
-5.348124	0.347682	1.500227	2.497347
-5.346124	0.347629	1.500703	2.496822
-5.344124	0.347577	1.501180	2.496297
-5.342124	0.347525	1.501656	2.495772
-5.340124	0.347473	1.502132	2.495247
-5.338124	0.347421	1.502608	2.494723
-5.336124	0.347368	1.503084	2.494198
-5.334124	0.347316	1.503561	2.493674
-5.332124	0.347264	1.504037	2.493150
-5.330124	0.347212	1.504513	2.492625
-5.328124	0.347160	1.504989	2.492101
-5.326124	0.347108	1.505465	2.491577
-5.324124	0.347055	1.505941	2.491053
-5.322124	0.347003	1.506418	2.490530
-5.320124	0.346951	1.506894	2.490006
-5.318124	0.346899	1.507370	2.489482
-5.316124	0.346847	1.507846	2.488959
-5.314124	0.346795	1.508322	2.488435
-5.312124	0.346743	1.508799	2.487912
-5.310124	0.346691	1.509275	2.487389
-5.308124	0.346639	1.509751	2.486865
-5.306124	0.346587	1.510227	2.486342
-5.304124	0.346534	1.510703	2.485819
-5.302124	0.346482	1.511180	2.485296
-5.300124	0.346430	1.511656	2.484774
-5.298124	0.346378	1.512132	2.484251
-5.296124	0.346326	1.512608	2.483728
-5.294124	0.346274	1.513084	2.483206
-5.292124	0.346222	1.513561	2.482683
-5.290124	0.346170	1.514037	2.482161
-5.288124	0.346118	1.514513	2.481639
-5.286124	0.346066	1.514989	2.481117
-5.284124	0.346014	1.515465	2.480595
-5.282124	0.345962	1.515941	2.480073
-5.280124	0.345910	1.516418	2.479551
-5.278124	0.345858	1.516894	2.479029
-5.276124	0.345806	1.517370	2.478507
-5.274124	0.345754	1.517846	2.477986
-5.272124	0.345702	1.518322	2.477464
-5.270124	0.345650	1.518799	2.476943
-5.268124	0.345598	1.519275	2.476422
-5.266124	0.345546	1.519751	2.475900
-5.264124	0.345494	1.520227	2.475379
-5.262124	0.345442	1.520703	2.474858
-5.260124	0.345390	1.521180	2.474337
-5.258124	0.345338	1.521656	2.473817
-5.256124	0.345287	1.522132	2.473296
-5.254124	0.345235	1.522608	2.472775
-5.252124	0.345183	1.523084	2.472255
-5.250124	0.345131	1.523561	2.471734
-5.248124	0.345079	1.524037	2.471214
-5.246124	0.345027	1.524513	2.470694
-5.244124	0.344975	1.524989	2.470173
-5.242124	0.344923	1.525465	2.469653
-5.240124	0.344871	1.525941	2.469133
-5.238124	0.344819	1.526418	2.468613
-5.236124	0.344768	1.526894	2.468094
-5.234124	0.344716	1.527370	2.467574
-5.232124	0.344664	1.527846	2.467054
-5.230124	0.344612	1.528322	2.466535
-5.228124	0.344568	1.528723	2.466098
-5.226124	0.344568	1.528723	2.466098
-5.224124	0.344568	1.528723	2.466098
-5.222124	0.344568	1.528723	2.466098
-5.220124	0.344568	1.528723	2.466098
-5.218124	0.344568	1.528723	2.466098
-5.216124	0.344568	1.528723	2.466098
-5.214124	0.344568	1.528723	2.466098
-5.212124	0.344568	1.528723	2.466098
-5.210124	0.344568	1.528723	2.466098
-5.208124	0.344568	1.528723	2.466098
-5.206124	0.344568	1.528723	2.466098
-5.204124	0.344568	1.528723	2.466098
-5.202124	0.344568	1.528723	2.466098
-5.200124	0.344568	1.528723	2.466098
-5.198124	0.344568	1.528723	2.466098
-5.196124	0.344568	1.528723	2.466098
-5.194124	0.344568	1.528723	2.466098
-5.192124	0.344568	1.528723	2.466098
-5.190124	0.344568	1.528723	2.466098
-5.188124	0.344568	1.528723	2.466098
-5.186124	0.344568	1.528723	2.466098
-5.184124	0.344568	1.528723	2.466098
-5.182124	0.344568	1.528723	2.466098
-5.180124	0.344568	1.528723	2.466098
-5.178124	0.344568	1.528723	2.466098
-5.176124	0.344568	1.528723	2.466098
-5.174124	0.344568	1.528723	2.466098
-5.172124	0.344568	1.528723	2.466098
-5.170124	0.344568	1.528723	2.466098
-5.168124	0.344568	1.528723	2.466098
-5.166124	0.344568	1.528723	2.466098
-5.164124	0.344568	1.528723	2.466098
-5.162124	0.344568	1.528723	2.466098
-5.160124	0.344568	1.528723	2.466098
-5.158124	0.344568	1.528723	2.466098
-5.156124	0.344568	1.528723	2.466098
-5.154124	0.344568	1.528723	2.466098
-5.152124	0.344568	1.528723	2.466098
-5.150124	0.344568	1.528723	2.466098
-5.148124	0.344568	1.528723	2.466098
-5.146124	0.344568	1.528723	2.466098
-5.144124	0.344568	1.528723	2.466098
-5.142124	0.344568	1.528723	2.466098
-5.140124	0.344568	1.528723	2.466098
-5.138124	0.344568	1.528723	2.466098
-5.136124	0.344568	1.528723	2.466098
-5.134124	0.344568	1.528723	2.466098
-5.132124	0.344568	1.528723	2.466098
-5.130124	0.344568	1.528723	2.466098
-5.128124	0.344568	1.528723	2.466098
-5.126124	0.344568	1.528723	2.466098
-5.124124	0.344568	1.528723	2.466098
-5.122124	0.344568	1.528723	2.466098
-5.120124	0.344568	1.528723	2.466098
-5.118124	0.344568	1.528723	2.466098
-5.116124	0.344568	1.528723	2.466098
-5.114124	0.344568	1.528723	2.466098
-5.112124	0.344568	1.528723	2.466098
-5.110124	0.344568	1.528723	2.466098
-5.108124	0.344568	1.528723	2.466098
-5.106124	0.344568	1.528723	2.466098
-5.104124	0.344568	1.528723	2.466098
-5.102124	0.344568	1.528723	2.466098
-5.100124	0.344568	1.528723	2.466098
-5.098124	0.344568	1.528723	2.466098
-5.096124	0.344568	1.528723	2.466098
-5.094124	0.344568	1.528723	2.466098
-5.092124	0.344568	1.528723	2.466098
-5.090124	0.344568	1.528723	2.466098
-5.088124	0.344568	1.528723	2.466098
-5.086124	0.344568	1.528723	2.466098
-5.084124	0.344568	1.528723	2.466098
-5.082124	0.344568	1.528723	2.466098
-5.080124	0.344568	1.528723	2.466098
-5.078124	0.344568	1.528723	2.466098
-5.076124	0.344568	1.528723	2.466098
-5.074124	0.344568	1.528723	2.466098
-5.072124	0.344568	1.528723	2.466098
-5.070124	0.344568	1.528723	2.466098
-5.068124	0.344568	1.528723	2.466098
-5.066124	0.344568	1.528723	2.466098
-5.064124	0.344568	1.528723	2.466098
-5.062124	0.344568	1.528723	2.466098
-5.060124	0.344568	1.528723	2.466098
-5.058124	0.344568	1.528723	2.466098
-5.056124	0.344568	1.528723	2.466098
-5.054124	0.344568	1.528723	2.466098
-5.052124	0.344568	1.528723	2.466098
-5.050124	0.344568	1.528723	2.466098
-5.048124	0.344568	1.528723	2.466098
-5.046124	0.344568	1.528723	2.466098
-5.044124	0.344568	1.528723	2.466098
-5.042124	0.344568	1.528723	2.466098
-5.040124	0.344568	1.528723	2.466098
-5.038124	0.344568	1.528723	2.466098
-5.036124	0.344568	1.528723	2.466098
-5.034124	0.344568	1.528723	2.466098
-5.032124	0.344568	1.528723	2.466098
-5.030124	0.344568	1.528723	2.466098
-5.028124	0.344568	1.528723	2.466098
-5.026124	0.344568	1.528723	2.466098
-5.024124	0.344568	1.528723	2.466098
-5.022124	0.344568	1.528723	2.466098
-5.020124	0.344568	1.528723	2.466098
-5.018124	0.344568	1.528723	2.466098
-5.016124	0.344568	1.528723	2.466098
-5.014124	0.344568	1.528723	2.466098
-5.012124	0.344568	1.528723	2.466098
-5.010124	0.344568	1.528723	2.466098
-5.008124	0.344568	1.528723	2.466098
-5.006124	0.344568	1.528723	2.466098
-5.004124	0.344568	1.528723	2.466098
-5.002124	0.344568	1.528723	2.466098
-5.000124	0.344568	1.528723	2.466098
-4.998124	0.344568	1.528723	2.466098
-4.996124	0.344568	1.528723	2.466098
-4.994124	0.344568	1.528723	2.466098
-4.992124	0.344568	1.528723	2.466098
-4.990124	0.344568	1.528723	2.466098
-4.988124	0.344568	1.528723	2.466098
-4.986124	0.344568	1.528723	2.466098
-4.984124	0.344568	1.528723	2.466098
-4.982124	0.344568	1.528723	2.466098
-4.980124	0.344568	1.528723	2.466098
-4.978124	0.344568	1.528723	2.466098
-4.976124	0.344568	1.528723	2.466098
-4.974124	0.344568	1.528723	2.466098
-4.972124	0.344568	1.528723	2.466098
-4.970124	0.344568	1.528723	2.466098
-4.968124	0.344568	1.528723	2.466098
-4.966124	0.344568	1.528723	2.466098
-4.964124	0.344568	1.528723	2.466098
-4.962124	0.344568	1.528723	2.466098
-4.960124	0.344568	1.528723	2.466098
-4.958124	0.344568	1.528723	2.466098
-4.956124	0.344568	1.528723	2.466098
-4.954124	0.344568	1.528723	2.466098
-4.952124	0.344568	1.528723	2.466098
-4.950124	0.344568	1.528723	2.466098
-4.948124	0.344568	1.528723	2.466098
-4.946124	0.344568	1.528723	2.466098
-4.944124	0.344568	1.528723	2.466098
-4.942124	0.344568	1.528723	2.466098
-4.940124	0.344568	1.528723	2.466098
-4.938124	0.344568	1.528723	2.466098
-4.936124	0.344568	1.528723	2.466098
-4.934124	0.344568	1.528723	2.466098
-4.932124	0.344568	1.528723	2.466098
-4.930124	0.344568	1.528723	2.466098
-4.928124	0.344568	1.528723	2.466098
-4.926124	0.344568	1.528723	2.466098
-4.924124	0.344568	1.528723	2.466098
-4.922124	0.344568	1.528723	2.466098
-4.920124	0.344568	1.528723	2.466098
-4.918124	0.344568	1.528723	2.466098
-4.916124	0.344568	1.528723	2.466098
-4.914124	0.344568	1.528723	2.466098
-4.912124	0.344568	1.528723	2.466098
-4.910124	0.344568	1.528723	2.466098
-4.908124	0.344568	1.528723	2.466098
-4.906124	0.344568	1.528723	2.466098
-4.904124	0.344568	1.528723	2.466098
-4.902124	0.344568	1.528723	2.466098
-4.900124	0.344568	1.528723	2.466098
-4.898124	0.344568	1.528723	2.466098
-4.896124	0.344568	1.528723	2.466098
-4.894124	0.344568	1.528723	2.466098
-4.892124	0.344568	1.528723	2.466098
-4.890124	0.344568	1.528723	2.466098
-4.888124	0.344568	1.528723	2.466098
-4.886124	0.344568	1.528723	2.466098
-4.884124	0.344568	1.528723	2.466098
-4.882124	0.344568	1.528723	2.466098
-4.880124	0.344568	1.528723	2.466098
-4.878124	0.344568	1.528723	2.466098
-4.876124	0.344568	1.528723	2.466098
-4.874124	0.344568	1.528723	2.466098
-4.872124	0.344568	1.528723	2.466098
-4.870124	0.344568	1.528723	2.466098
-4.868124	0.344568	1.528723	2.466098
-4.866124	0.344568	1.528723	2.466098
-4.864124	0.344568	1.528723	2.466098
-4.862124	0.344568	1.528723	2.466098
-4.860124	0.344568	1.528723	2.466098
-4.858124	0.344568	1.528723	2.466098
-4.856124	0.344568	1.528723	2.466098
-4.854124	0.344568	1.528723	2.466098
-4.852124	0.344568	1.528723	2.466098
-4.850124	0.344568	1.528723	2.466098
-4.848124	0.344568	1.528723	2.466098
-4.846124	0.344568	1.528723	2.466098
-4.844124	0.344568	1.528723	2.466098
-4.842124	0.344568	1.528723	2.466098
-4.840124	0.344568	1.528723	2.466098
-4.838124	0.344568	1.528723	2.466098
-4.836124	0.344568	1.528723	2.466098
-4.834124	0.344568	1.528723	2.466098
-4.832124	0.344568	1.528723	2.466098
-4.830124	0.344568	1.528723	2.466098
-4.828124	0.344568	1.528723	2.466098
-4.826124	0.344568	1.528723	2.466098
-4.824124	0.344568	1.528723	2.466098
-4.822124	0.344568	1.528723	2.466098
-4.820124	0.344568	1.528723	2.466098
-4.818124	0.344568	1.528723	2.466098
-4.816124	0.344568	1.528723	2.466098
-4.814124	0.344568	1.528723	2.466098
-4.812124	0.344568	1.528723	2.466098
-4.810124	0.344568	1.528723	2.466098
-4.808124	0.344568	1.528723	2.466098
-4.806124	0.344568	1.528723	2.466098
-4.804124	0.344568	1.528723	2.466098
-4.802124	0.344568	1.528723	2.466098
-4.800124	0.344568	1.528723	2.466098
-4.798124	0.344568	1.528723	2.466098
-4.796124	0.344568	1.528723	2.466098
-4.794124	0.344568	1.528723	2.466098
-4.792124	0.344568	1.528723	2.466098
-4.790124	0.344568	1.528723	2.466098
-4.788124	0.344568	1.528723	2.466098
-4.786124	0.344568	1.528723	2.466098
-4.784124	0.344568	1.528723	2.466098
-4.782124	0.344568	1.528723	2.466098
-4.780124	0.344568	1.528723	2.466098
-4.778124	0.344568	1.528723	2.466098
-4.776124	0.344568	1.528723	2.466098
-4.774124	0.344568	1.528723	2.466098
-4.772124	0.344568	1.528723	2.466098
-4.770124	0.344568	1.528723	2.466098
-4.768124	0.344568	1.528723	2.466098
-4.766124	0.344568	1.528723	2.466098
-4.764124	0.344568	1.528723	2.466098
-4.762124	0.344568	1.528723	2.466098
-4.760124	0.344568	1.528723	2.466098
-4.758124	0.344568	1.528723	2.466098
-4.756124	0.344568	1.528723	2.466098
-4.754124	0.344568	1.528723	2.466098
-4.752124	0.344568	1.528723	2.466098
-4.750124	0.344568	1.528723	2.466098
-4.748124	0.344568	1.528723	2.466098
-4.746124	0.344568	1.528723	2.466098
-4.744124	0.344568	1.528723	2.466098
-4.742124	0.344568	1.528723	2.466098
-4.740124	0.344568	1.528723	2.466098
-4.738124	0.344568	1.528723	2.466098
-4.736124	0.344568	1.528723	2.466098
-4.734124	0.344568	1.528723	2.466098
-4.732124	0.344568	1.528723	2.466098
-4.730124	0.344568	1.528723	2.466098
-4.728124	0.344568	1.528723	2.466098
-4.726124	0.344568	1.528723	2.466098
-4.724124	0.344568	1.528723	2.466098
-4.722124	0.344568	1.528723	2.466098
-4.720124	0.344568	1.528723	2.466098
-4.718124	0.344568	1.528723	2.466098
-4.716124	0.344568	1.528723	2.466098
-4.714124	0.344568	1.528723	2.466098
-4.712124	0.344568	1.528723	2.466098
-4.710124	0.344568	1.528723	2.466098
-4.708124	0.344568	1.528723	2.466098
-4.706124	0.344568	1.528723	2.466098
-4.704124	0.344568	1.528723	2.466098
-4.702124	0.344568	1.528723	2.466098
-4.700124	0.344568	1.528723	2.466098
-4.698124	0.344568	1.528723	2.466098
-4.696124	0.344568	1.528723	2.466098
-4.694124	0.344568	1.528723	2.466098
-4.692124	0.344568	1.528723	2.466098
-4.690124	0.344568	1.528723	2.466098
-4.688124	0.344568	1.528723	2.466098
-4.686124	0.344568	1.528723	2.466098
-4.684124	0.344568	1.528723	2.466098
-4.682124	0.344568	1.528723	2.466098
-4.680124	0.344568	1.528723	2.466098
-4.678124	0.344568	1.528723	2.466098
-4.676124	0.344568	1.528723	2.466098
-4.674124	0.344568	1.528723	2.466098
-4.672124	0.344568	1.528723	2.466098
-4.670124	0.344568	1.528723	2.466098
-4.668124	0.344568	1.528723	2.466098
-4.666124	0.344568	1.528723	2.466098
-4.664124	0.344568	1.528723	2.466098
-4.662124	0.344568	1.528723	2.466098
-4.660124	0.344568	1.528723	2.466098
-4.658124	0.344568	1.528723	2.466098
-4.656124	0.344568	1.528723	2.466098
-4.654124	0.344568	1.528723	2.466098
-4.652124	0.344568	1.528723	2.466098
-4.650124	0.344568	1.528723	2.466098
-4.648124	0.344568	1.528723	2.466098
-4.646124	0.344568	1.528723	2.466098
-4.644124	0.344568	1.528723	2.466098
-4.642124	0.344568	1.528723	2.466098
-4.640124	0.344568	1.528723	2.466098
-4.638124	0.344568	1.528723	2.466098
-4.636124	0.344568	1.528723	2.466098
-4.634124	0.344568	1.528723	2.466098
-4.632124	0.344568	1.528723	2.466098
-4.630124	0.344568	1.528723	2.466098
-4.628124	0.344568	1.528723	2.466098
-4.626124	0.344568	1.528723	2.466098
-4.624124	0.344568	1.528723	2.466098
-4.622124	0.344568	1.528723	2.466098
-4.620124	0.344568	1.528723	2.466098
-4.618124	0.344568	1.528723	2.466098
-4.616124	0.344568	1.528723	2.466098
-4.614124	0.344568	1.528723	2.466098
-4.612124	0.344568	1.528723	2.466098
-4.610124	0.344568	1.528723	2.466098
-4.608124	0.344568	1.528723	2.466098
-4.606124	0.344568	1.528723	2.466098
-4.604124	0.344568	1.528723	2.466098
-4.602124	0.344568	1.528723	2.466098
-4.600124	0.344568	1.528723	2.466098
-4.598124	0.344568	1.528723	2.466098
-4.596124	0.344568	1.528723	2.466098
-4.594124	0.344568	1.528723	2.466098
-4.592124	0.344568	1.528723	2.466098
-4.590124	0.344568	1.528723	2.466098
-4.588124	0.344568	1.528723	2.466098
-4.586124	0.344568	1.528723	2.466098
-4.584124	0.344568	1.528723	2.466098
-4.582124	0.344568	1.528723	2.466098
-4.580124	0.344568	1.528723	2.466098
-4.578124	0.344568	1.528723	2.466098
-4.576124	0.344568	1.528723	2.466098
-4.574124	0.344568	1.528723	2.466098
-4.572124	0.344568	1.528723	2.466098
-4.570124	0.344568	1.528723	2.466098
-4.568124	0.344568	1.528723	2.466098
-4.566124	0.344568	1.528723	2.466098
-4.564124	0.344568	1.528723	2.466098
-4.562124	0.344568	1.528723	2.466098
-4.560124	0.344568	1.528723	2.466098
-4.558124	0.344568	1.528723	2.466098
-4.556124	0.344568	1.528723	2.466098
-4.554124	0.344568	1.528723	2.466098
-4.552124	0.344568	1.528723	2.466098
-4.550124	0.344568	1.528723	2.466098
-4.548124	0.344568	1.528723	2.466098
-4.546124	0.344568	1.528723	2.466098
-4.544124	0.344568	1.528723	2.466098
-4.542124	0.344568	1.528723	2.466098
-4.540124	0.344568	1.528723	2.466098
-4.538124	0.344568	1.528723	2.466098
-4.536124	0.344568	1.528723	2.466098
-4.534124	0.344568	1.528723	2.466098
-4.532124	0.344568	1.528723	2.466098
-4.530124	0.344568	1.528723	2.466098
-4.528124	0.344568	1.528723	2.466098
-4.526124	0.344568	1.528723	2.466098
-4.524124	0.344568	1.528723	2.466098
-4.522124	0.344568	1.528723	2.466098
-4.520124	0.344568	1.528723	2.466098
-4.518124	0.344568	1.528723	2.466098
-4.516124	0.344568	1.528723	2.466098
-4.514124	0.344568	1.528723	2.466098
-4.512124	0.344568	1.528723	2.466098
-4.510124	0.344568	1.528723	2.466098
-4.508124	0.344568	1.528723	2.466098
-4.506124	0.344568	1.528723	2.466098
-4.504124	0.344568	1.528723	2.466098
-4.502124	0.344568	1.528723	2.466098
-4.500124	0.344568	1.528723	2.466098
-4.498124	0.344568	1.528723	2.466098
-4.496124	0.344568	1.528723	2.466098
-4.494124	0.344568	1.528723	2.466098
-4.492124	0.344568	1.528723	2.466098
-4.490124	0.344568	1.528723	2.466098
-4.488124	0.344568	1.528723	2.466098
-4.486124	0.344568	1.528723	2.466098
-4.484124	0.344568	1.528723	2.466098
-4.482124	0.344568	1.528723	2.466098
-4.480124	0.344568	1.528723	2.466098
-4.478124	0.344568	1.528723	2.466098
-4.476124	0.344568	1.528723	2.466098
-4.474124	0.344568	1.528723	2.466098
-4.472124	0.344568	1.528723	2.466098
-4.470124	0.344568	1.528723	2.466098
-4.468124	0.344568	1.528723	2.466098
-4.466124	0.344568	1.528723	2.466098
-4.464124	0.344568	1.528723	2.466098
-4.462124	0.344568	1.528723	2.466098
-4.460124	0.344568	1.528723	2.466098
-4.458124	0.344568	1.528723	2.466098
-4.456124	0.344568	1.528723	2.466098
-4.454124	0.344568	1.528723	2.466098
-4.452124	0.344568	1.528723	2.466098
-4.450124	0.344568	1.528723	2.466098
-4.448124	0.344568	1.528723	2.466098
-4.446124	0.344568	1.528723	2.466098
-4.444124	0.344568	1.528723	2.466098
-4.442124	0.344568	1.528723	2.466098
-4.440124	0.344568	1.528723	2.466098
-4.438124	0.344568	1.528723	2.466098
-4.436124	0.344568	1.528723	2.466098
-4.434124	0.344568	1.528723	2.466098
-4.432124	0.344568	1.528723	2.466098
-4.430124	0.344568	1.528723	2.466098
-4.428124	0.344568	1.528723	2.466098
-4.426124	0.344568	1.528723	2.466098
-4.424124	0.344568	1.528723	2.466098
-4.422124	0.344568	1.528723	2.466098
-4.420124	0.344568	1.528723	2.466098
-4.418124	0.344568	1.528723	2.466098
-4.416124	0.344568	1.528723	2.466098
-4.414124	0.344568	1.528723	2.466098
-4.412124	0.344568	1.528723	2.466098
-4.410124	0.344568	1.528723	2.466098
-4.408124	0.344568	1.528723	2.466098
-4.406124	0.344568	1.528723	2.466098
-4.404124	0.344568	1.528723	2.466098
-4.402124	0.344568	1.528723	2.466098
-4.400124	0.344568	1.528723	2.466098
-4.398124	0.344568	1.528723	2.466098
-4.396124	0.344568	1.528723	2.466098
-4.394124	0.344568	1.528723	2.466098
-4.392124	0.344568	1.528723	2.466098
-4.390124	0.344568	1.528723	2.466098
-4.388124	0.344568	1.528723	2.466098
-4.386124	0.344568	1.528723	2.466098
-4.384124	0.344568	1.528723	2.466098
-4.382124	0.344568	1.528723	2.466098
-4.380124	0.344568	1.528723	2.466098
-4.378124	0.344568	1.528723	2.466098
-4.376124	0.344568	1.528723	2.466098
-4.374124	0.344568	1.528723	2.466098
-4.372124	0.344568	1.528723	2.466098
-4.370124	0.344568	1.528723	2.466098
-4.368124	0.344568	1.528723	2.466098
-4.366124	0.344568	1.528723	2.466098
-4.364124	0.344568	1.528723	2.466098
-4.362124	0.344568	1.528723	2.466098
-4.360124	0.344568	1.528723	2.466098
-4.358124	0.344568	1.528723	2.466098
-4.356124	0.344568	1.528723	2.466098
-4.354124	0.344568	1.528723	2.466098
-4.352124	0.344568	1.528723	2.466098
-4.350124	0.344568	1.528723	2.466098
-4.348124	0.344568	1.528723	2.466098
-4.346124	0.344568	1.528723	2.466098
-4.344124	0.344568	1.528723	2.466098
-4.342124	0.344568	1.528723	2.466098
-4.340124	0.344568	1.528723	2.466098
-4.338124	0.344568	1.528723	2.466098
-4.336124	0.344568	1.528723	2.466098
-4.334124	0.344568	1.528723	2.466098
-4.332124	0.344568	1.528723	2.466098
-4.330124	0.344568	1.528723	2.466098
-4.328124	0.344568	1.528723	2.466098
-4.326124	0.344568	1.528723	2.466098
-4.324124	0.344568	1.528723	2.466098
-4.322124	0.344568	1.528723	2.466098
-4.320124	0.344568	1.528723	2.466098
-4.318124	0.344568	1.528723	2.466098
-4.316124	0.344568	1.528723	2.466098
-4.314124	0.344568	1.528723	2.466098
-4.312124	0.344568	1.528723	2.466098
-4.310124	0.344568	1.528723	2.466098
-4.308124	0.344568	1.528723	2.466098
-4.306124	0.344568	1.528723	2.466098
-4.304124	0.344568	1.528723	2.466098
-4.302124	0.344568	1.528723	2.466098
-4.300124	0.344568	1.528723	2.466098
-4.298124	0.344568	1.528723	2.466098
-4.296124	0.344568	1.528723	2.466098
-4.294124	0.344568	1.528723	2.466098
-4.292124	0.344568	1.528723	2.466098
-4.290124	0.344568	1.528723	2.466098
-4.288124	0.344568	1.528723	2.466098
-4.286124	0.344568	1.528723	2.466098
-4.284124	0.344568	1.528723	2.466098
-4.282124	0.344568	1.528723	2.466098
-4.280124	0.344568	1.528723	2.466098
-4.278124	0.344568	1.528723	2.466098
-4.276124	0.344568	1.528723	2.466098
-4.274124	0.344568	1.528723	2.466098
-4.272124	0.344568	1.528723	2.466098
-4.270124	0.344568	1.528723	2.466098
-4.268124	0.344568	1.528723	2.466098
-4.266124	0.344568	1.528723	2.466098
-4.264124	0.344568	1.528723	2.466098
-4.262124	0.344568	1.528723	2.466098
-4.260124	0.344568	1.528723	2.466098
-4.258124	0.344568	1.528723	2.466098
-4.256124	0.344568	1.528723	2.466098
-4.254124	0.344568	1.528723	2.466098
-4.252124	0.344568	1.528723	2.466098
-4.250124	0.344568	1.528723	2.466098
-4.248124	0.344568	1.528723	2.466098
-4.246124	0.344568	1.528723	2.466098
-4.244124	0.344568	1.528723	2.466098
-4.242124	0.344568	1.528723	2.466098
-4.240124	0.344568	1.528723	2.466098
-4.238124	0.344568	1.528723	2.466098
-4.236124	0.344568	1.528723	2.466098
-4.234124	0.344568	1.528723	2.466098
-4.232124	0.344568	1.528723	2.466098
-4.230124	0.344568	1.528723	2.466098
-4.228124	0.344568	1.528723	2.466098
-4.226124	0.344568	1.528723	2.466098
-4.224124	0.344568	1.528723	2.466098
-4.222124	0.344568	1.528723	2.466098
-4.220124	0.344568	1.528723	2.466098
-4.218124	0.344568	1.528723	2.466098
-4.216124	0.344568	1.528723	2.466098
-4.214124	0.344568	1.528723	2.466098
-4.212124	0.344568	1.528723	2.466098
-4.210124	0.344568	1.528723	2.466098
-4.208124	0.344568	1.528723	2.466098
-4.206124	0.344568	1.528723	2.466098
-4.204124	0.344568	1.528723	2.466098
-4.202124	0.344568	1.528723	2.466098
-4.200124	0.344568	1.528723	2.466098
-4.198124	0.344568	1.528723	2.466098
-4.196124	0.344568	1.528723	2.466098
-4.194124	0.344568	1.528723	2.466098
-4.192124	0.344568	1.528723	2.466098
-4.190124	0.344568	1.528723	2.466098
-4.188124	0.344568	1.528723	2.466098
-4.186124	0.344568	1.528723	2.466098
-4.184124	0.344568	1.528723	2.466098
-4.182124	0.344568	1.528723	2.466098
-4.180124	0.344568	1.528723	2.466098
-4.178124	0.344568	1.528723	2.466098
-4.176124	0.344568	1.528723	2.466098
-4.174124	0.344568	1.528723	2.466098
-4.172124	0.344568	1.528723	2.466098
-4.170124	0.344568	1.528723	2.466098
-4.168124	0.344568	1.528723	2.466098
-4.166124	0.344568	1.528723	2.466098
-4.164124	0.344568	1.528723	2.466098
-4.162124	0.344568	1.528723	2.466098
-4.160124	0.344568	1.528723	2.466098
-4.158124	0.344568	1.528723	2.466098
-4.156124	0.344568	1.528723	2.466098
-4.154124	0.344568	1.528723	2.466098
-4.152124	0.344568	1.528723	2.466098
-4.150124	0.344568	1.528723	2.466098
-4.148124	0.344568	1.528723	2.466098
-4.146124	0.344568	1.528723	2.466098
-4.144124	0.344568	1.528723	2.466098
-4.142124	0.344568	1.528723	2.466098
-4.140124	0.344568	1.528723	2.466098
-4.138124	0.344568	1.528723	2.466098
-4.136124	0.344568	1.528723	2.466098
-4.134124	0.344568	1.528723	2.466098
-4.132124	0.344568	1.528723	2.466098
-4.130124	0.344568	1.528723	2.466098
-4.128124	0.344568	1.528723	2.466098
-4.126124	0.344568	1.528723	2.466098
-4.124124	0.344568	1.528723	2.466098
-4.122124	0.344568	1.528723	2.466098
-4.120124	0.344568	1.528723	2.466098
-4.118124	0.344568	1.528723	2.466098
-4.116124	0.344568	1.528723	2.466098
-4.114124	0.344568	1.528723	2.466098
-4.112124	0.344568	1.528723	2.466098
-4.110124	0.344568	1.528723	2.466098
-4.108124	0.344568	1.528723	2.466098
-4.106124	0.344568	1.528723	2.466098
-4.104124	0.344568	1.528723	2.466098
-4.102124	0.344568	1.528723	2.466098
-4.100124	0.344568	1.528723	2.466098
-4.098124	0.344568	1.528723	2.466098
-4.096124	0.344568	1.528723	2.466098
-4.094124	0.344568	1.528723	2.466098
-4.092124	0.344568	1.528723	2.466098
-4.090124	0.344568	1.528723	2.466098
-4.088124	0.344568	1.528723	2.466098
-4.086124	0.344568	1.528723	2.466098
-4.084124	0.344568	1.528723	2.466098
-4.082124	0.344568	1.528723	2.466098
-4.080124	0.344568	1.528723	2.466098
-4.078124	0.344568	1.528723	2.466098
-4.076124	0.344568	1.528723	2.466098
-4.074124	0.344568	1.528723	2.466098
-4.072124	0.344568	1.528723	2.466098
-4.070124	0.344568	1.528723	2.466098
-4.068124	0.344568	1.528723	2.466098
-4.066124	0.344568	1.528723	2.466098
-4.064124	0.344568	1.528723	2.466098
-4.062124	0.344568	1.528723	2.466098
-4.060124	0.344568	1.528723	2.466098
-4.058124	0.344568	1.528723	2.466098
-4.056124	0.344568	1.528723	2.466098
-4.054124	0.344568	1.528723	2.466098
-4.052124	0.344568	1.528723	2.466098
-4.050124	0.344568	1.528723	2.466098
-4.048124	0.344568	1.528723	2.466098
-4.046124	0.344568	1.528723	2.466098
-4.044124	0.344568	1.528723	2.466098
-4.042124	0.344568	1.528723	2.466098
-4.040124	0.344568	1.528723	2.466098
-4.038124	0.344568	1.528723	2.466098
-4.036124	0.344568	1.528723	2.466098
-4.034124	0.344568	1.528723	2.466098
-4.032124	0.344568	1.528723	2.466098
-4.030124	0.344568	1.528723	2.466098
-4.028124	0.344568	1.528723	2.466098
-4.026124	0.344568	1.528723	2.466098
-4.024124	0.344568	1.528723	2.466098
-4.022124	0.344568	1.528723	2.466098
-4.020124	0.344568	1.528723	2.466098
-4.018124	0.344568	1.528723	2.466098
-4.016124	0.344568	1.528723	2.466098
-4.014124	0.344568	1.528723	2.466098
-4.012124	0.344568	1.528723	2.466098
-4.010124	0.344568	1.528723	2.466098
-4.008124	0.344568	1.528723	2.466098
-4.006124	0.344568	1.528723	2.466098
-4.004124	0.344568	1.528723	2.466098
-4.002124	0.344568	1.528723	2.466098
-4.000124	0.344568	1.528723	2.466098
-3.998124	0.344568	1.528723	2.466098
-3.996124	0.344568	1.528723	2.466098
-3.994124	0.344568	1.528723	2.466098
-3.992124	0.344568	1.528723	2.466098
-3.990124	0.344568	1.528723	2.466098
-3.988124	0.344568	1.528723	2.466098
-3.986124	0.344568	1.528723	2.466098
-3.984124	0.344568	1.528723	2.466098
-3.982124	0.344568	1.528723	2.466098
-3.980124	0.344568	1.528723	2.466098
-3.978124	0.344568	1.528723	2.466098
-3.976124	0.344568	1.528723	2.466098
-3.974124	0.344568	1.528723	2.466098
-3.972124	0.344568	1.528723	2.466098
-3.970124	0.344568	1.528723	2.466098
-3.968124	0.344568	1.528723	2.466098
-3.966124	0.344568	1.528723	2.466098
-3.964124	0.344568	1.528723	2.466098
-3.962124	0.344568	1.528723	2.466098
-3.960124	0.344568	1.528723	2.466098
-3.958124	0.344568	1.528723	2.466098
-3.956124	0.344568	1.528723	2.466098
-3.954124	0.344568	1.528723	2.466098
-3.952124	0.344568	1.528723	2.466098
-3.950124	0.344568	1.528723	2.466098
-3.948124	0.344568	1.528723	2.466098
-3.946124	0.344568	1.528723	2.466098
-3.944124	0.344568	1.528723	2.466098
-3.942124	0.344568	1.528723	2.466098
-3.940124	0.344568	1.528723	2.466098
-3.938124	0.344568	1.528723	2.466098
-3.936124	0.344568	1.528723	2.466098
-3.934124	0.344568	1.528723	2.466098
-3.932124	0.344568	1.528723	2.466098
-3.930124	0.344568	1.528723	2.466098
-3.928124	0.344568	1.528723	2.466098
-3.926124	0.344568	1.528723	2.466098
-3.924124	0.344568	1.528723	2.466098
-3.922124	0.344568	1.528723	2.466098
-3.920124	0.344568	1.528723	2.466098
-3.918124	0.344568	1.528723	2.466098
-3.916124	0.344568	1.528723	2.466098
-3.914124	0.344568	1.528723	2.466098
-3.912124	0.344568	1.528723	2.466098
-3.910124	0.344568	1.528723	2.466098
-3.908124	0.344568	1.528723	2.466098
-3.906124	0.344568	1.528723	2.466098
-3.904124	0.344568	1.528723	2.466098
-3.902124	0.344568	1.528723	2.466098
-3.900124	0.344568	1.528723	2.466098
-3.898124	0.344568	1.528723	2.466098
-3.896124	0.344568	1.528723	2.466098
-3.894124	0.344568	1.528723	2.466098
-3.892124	0.344568	1.528723	2.466098
-3.890124	0.344568	1.528723	2.466098
-3.888124	0.344568	1.528723	2.466098
-3.886124	0.344568	1.528723	2.466098
-3.884124	0.344568	1.528723	2.466098
-3.882124	0.344568	1.528723	2.466098
-3.880124	0.344568	1.528723	2.466098
-3.878124	0.344568	1.528723	2.466098
-3.876124	0.344568	1.528723	2.466098
-3.874124	0.344568	1.528723	2.466098
-3.872124	0.344568	1.528723	2.466098
-3.870124	0.344568	1.528723	2.466098
-3.868124	0.344568	1.528723	2.466098
-3.866124	0.344568	1.528723	2.466098
-3.864124	0.344568	1.528723	2.466098
-3.862124	0.344568	1.528723	2.466098
-3.860124	0.344568	1.528723	2.466098
-3.858124	0.344568	1.528723	2.466098
-3.856124	0.344568	1.528723	2.466098
-3.854124	0.344568	1.528723	2.466098
-3.852124	0.344568	1.528723	2.466098
-3.850124	0.344568	1.528723	2.466098
-3.848124	0.344568	1.528723	2.466098
-3.846124	0.344568	1.528723	2.466098
-3.844124	0.344568	1.528723	2.466098
-3.842124	0.344568	1.528723	2.466098
-3.840124	0.344568	1.528723	2.466098
-3.838124	0.344568	1.528723	2.466098
-3.836124	0.344568	1.528723	2.466098
-3.834124	0.344568	1.528723	2.466098
-3.832124	0.344568	1.528723	2.466098
-3.830124	0.344568	1.528723	2.466098
-3.828124	0.344568	1.528723	2.466098
-3.826124	0.344568	1.528723	2.466098
-3.824124	0.344568	1.528723	2.466098
-3.822124	0.344568	1.528723	2.466098
-3.820124	0.344568	1.528723	2.466098
-3.818124	0.344568	1.528723	2.466098
-3.816124	0.344568	1.528723	2.466098
-3.814124	0.344568	1.528723	2.466098
-3.812124	0.344568	1.528723	2.466098
-3.810124	0.344568	1.528723	2.466098
-3.808124	0.344568	1.528723	2.466098
-3.806124	0.344568	1.528723	2.466098
-3.804124	0.344568	1.528723	2.466098
-3.802124	0.344568	1.528723	2.466098
-3.800124	0.344568	1.528723	2.466098
-3.798124	0.344568	1.528723	2.466098
-3.796124	0.344568	1.528723	2.466098
-3.794124	0.344568	1.528723	2.466098
-3.792124	0.344568	1.528723	2.466098
-3.790124	0.344568	1.528723	2.466098
-3.788124	0.344568	1.528723	2.466098
-3.786124	0.344568	1.528723	2.466098
-3.784124	0.344568	1.528723	2.466098
-3.782124	0.344568	1.528723	2.466098
-3.780124	0.344568	1.528723	2.466098
-3.778124	0.344568	1.528723	2.466098
-3.776124	0.344568	1.528723	2.466098
-3.774124	0.344568	1.528723	2.466098
-3.772124	0.344568	1.528723	2.466098
-3.770124	0.344568	1.528723	2.466098
-3.768124	0.344568	1.528723	2.466098
-3.766124	0.344568	1.528723	2.466098
-3.764124	0.344568	1.528723	2.466098
-3.762124	0.344568	1.528723	2.466098
-3.760124	0.344568	1.528723	2.466098
-3.758124	0.344568	1.528723	2.466098
-3.756124	0.344568	1.528723	2.466098
-3.754124	0.344568	1.528723	2.466098
-3.752124	0.344568	1.528723	2.466098
-3.750124	0.344568	1.528723	2.466098
-3.748124	0.344568	1.528723	2.466098
-3.746124	0.344568	1.528723	2.466098
-3.744124	0.344568	1.528723	2.466098
-3.742124	0.344568	1.528723	2.466098
-3.740124	0.344568	1.528723	2.466098
-3.738124	0.344568	1.528723	2.466098
-3.736124	0.344568	1.528723	2.466098
-3.734124	0.344568	1.528723	2.466098
-3.732124	0.344568	1.528723	2.466098
-3.730124	0.344568	1.528723	2.466098
-3.728124	0.344568	1.528723	2.466098
-3.726124	0.344568	1.528723	2.466098
-3.724124	0.344568	1.528723	2.466098
-3.722124	0.344568	1.528723	2.466098
-3.720124	0.344568	1.528723	2.466098
-3.718124	0.344568	1.528723	2.466098
-3.716124	0.344568	1.528723	2.466098
-3.714124	0.344568	1.528723	2.466098
-3.712124	0.344568	1.528723	2.466098
-3.710124	0.344568	1.528723	2.466098
-3.708124	0.344568	1.528723	2.466098
-3.706124	0.344568	1.528723	2.466098
-3.704124	0.344568	1.528723	2.466098
-3.702124	0.344568	1.528723	2.466098
-3.700124	0.344568	1.528723	2.466098
-3.698124	0.344568	1.528723	2.466098
-3.696124	0.344568	1.528723	2.466098
-3.694124	0.344568	1.528723	2.466098
-3.692124	0.344568	1.528723	2.466098
-3.690124	0.344568	1.528723	2.466098
-3.688124	0.344568	1.528723	2.466098
-3.686124	0.344568	1.528723	2.466098
-3.684124	0.344568	1.528723	2.466098
-3.682124	0.344568	1.528723	2.466098
-3.680124	0.344568	1.528723	2.466098
-3.678124	0.344568	1.528723	2.466098
-3.676124	0.344568	1.528723	2.466098
-3.674124	0.344568	1.528723	2.466098
-3.672124	0.344568	1.528723	2.466098
-3.670124	0.344568	1.528723	2.466098
-3.668124	0.344568	1.528723	2.466098
-3.666124	0.344568	1.528723	2.466098
-3.664124	0.344568	1.528723	2.466098
-3.662124	0.344568	1.528723	2.466098
-3.660124	0.344568	1.528723	2.466098
-3.658124	0.344568	1.528723	2.466098
-3.656124	0.344568	1.528723	2.466098
-3.654124	0.344568	1.528723	2.466098
-3.652124	0.344568	1.528723	2.466098
-3.650124	0.344568	1.528723	2.466098
-3.648124	0.344568	1.528723	2.466098
-3.646124	0.344568	1.528723	2.466098
-3.644124	0.344568	1.528723	2.466098
-3.642124	0.344568	1.528723	2.466098
-3.640124	0.344568	1.528723	2.466098
-3.638124	0.344568	1.528723	2.466098
-3.636124	0.344568	1.528723	2.466098
-3.634124	0.344568	1.528723	2.466098
-3.632124	0.344568	1.528723	2.466098
-3.630124	0.344568	1.528723	2.466098
-3.628124	0.344568	1.528723	2.466098
-3.626124	0.344568	1.528723	2.466098
-3.624124	0.344568	1.528723	2.466098
-3.622124	0.344568	1.528723	2.466098
-3.620124	0.344568	1.528723	2.466098
-3.618124	0.344568	1.528723	2.466098
-3.616124	0.344568	1.528723	2.466098
-3.614124	0.344568	1.528723	2.466098
-3.612124	0.344568	1.528723	2.466098
-3.610124	0.344568	1.528723	2.466098
-3.608124	0.344568	1.528723	2.466098
-3.606124	0.344568	1.528723	2.466098
-3.604124	0.344568	1.528723	2.466098
-3.602124	0.344568	1.528723	2.466098
-3.600124	0.344568	1.528723	2.466098
-3.598124	0.344568	1.528723	2.466098
-3.596124	0.344568	1.528723	2.466098
-3.594124	0.344568	1.528723	2.466098
-3.592124	0.344568	1.528723	2.466098
-3.590124	0.344568	1.528723	2.466098
-3.588124	0.344568	1.528723	2.466098
-3.586124	0.344568	1.528723	2.466098
-3.584124	0.344568	1.528723	2.466098
-3.582124	0.344568	1.528723	2.466098
-3.580124	0.344568	1.528723	2.466098
-3.578124	0.344568	1.528723	2.466098
-3.576124	0.344568	1.528723	2.466098
-3.574124	0.344568	1.528723	2.466098
-3.572124	0.344568	1.528723	2.466098
-3.570124	0.344568	1.528723	2.466098
-3.568124	0.344568	1.528723	2.466098
-3.566124	0.344568	1.528723	2.466098
-3.564124	0.344568	1.528723	2.466098
-3.562124	0.344568	1.528723	2.466098
-3.560124	0.344568	1.528723	2.466098
-3.558124	0.344568	1.528723	2.466098
-3.556124	0.344568	1.528723	2.466098
-3.554124	0.344568	1.528723	2.466098
-3.552124	0.344568	1.528723	2.466098
-3.550124	0.344568	1.528723	2.466098
-3.548124	0.344568	1.528723	2.466098
-3.546124	0.344568	1.528723	2.466098
-3.544124	0.344568	1.528723	2.466098
-3.542124	0.344568	1.528723	2.466098
-3.540124	0.344568	1.528723	2.466098
-3.538124	0.344568	1.528723	2.466098
-3.536124	0.344568	1.528723	2.466098
-3.534124	0.344568	1.528723	2.466098
-3.532124	0.344568	1.528723	2.466098
-3.530124	0.344568	1.528723	2.466098
-3.528124	0.344568	1.528723	2.466098
-3.526124	0.344568	1.528723	2.466098
-3.524124	0.344568	1.528723	2.466098
-3.522124	0.344568	1.528723	2.466098
-3.520124	0.344568	1.528723	2.466098
-3.518124	0.344568	1.528723	2.466098
-3.516124	0.344568	1.528723	2.466098
-3.514124	0.344568	1.528723	2.466098
-3.512124	0.344568	1.528723	2.466098
-3.510124	0.344568	1.528723	2.466098
-3.508124	0.344568	1.528723	2.466098
-3.506124	0.344568	1.528723	2.466098
-3.504124	0.344568	1.528723	2.466098
-3.502124	0.344568	1.528723	2.466098
-3.500124	0.344568	1.528723	2.466098
-3.498124	0.344568	1.528723	2.466098
-3.496124	0.344568	1.528723	2.466098
-3.494124	0.344568	1.528723	2.466098
-3.492124	0.344568	1.528723	2.466098
-3.490124	0.344568	1.528723	2.466098
-3.488124	0.344568	1.528723	2.466098
-3.486124	0.344568	1.528723	2.466098
-3.484124	0.344568	1.528723	2.466098
-3.482124	0.344568	1.528723	2.466098
-3.480124	0.344568	1.528723	2.466098
-3.478124	0.344568	1.528723	2.466098
-3.476124	0.344568	1.528723	2.466098
-3.474124	0.344568	1.528723	2.466098
-3.472124	0.344568	1.528723	2.466098
-3.470124	0.344568	1.528723	2.466098
-3.468124	0.344568	1.528723	2.466098
-3.466124	0.344568	1.528723	2.466098
-3.464124	0.344568	1.528723	2.466098
-3.462124	0.344568	1.528723	2.466098
-3.460124	0.344568	1.528723	2.466098
-3.458124	0.344568	1.528723	2.466098
-3.456124	0.344568	1.528723	2.466098
-3.454124	0.344568	1.528723	2.466098
-3.452124	0.344568	1.528723	2.466098
-3.450124	0.344568	1.528723	2.466098
-3.448124	0.344568	1.528723	2.466098
-3.446124	0.344568	1.528723	2.466098
-3.444124	0.344568	1.528723	2.466098
-3.442124	0.344568	1.528723	2.466098
-3.440124	0.344568	1.528723	2.466098
-3.438124	0.344568	1.528723	2.466098
-3.436124	0.344568	1.528723	2.466098
-3.434124	0.344568	1.528723	2.466098
-3.432124	0.344568	1.528723	2.466098
-3.430124	0.344568	1.528723	2.466098
-3.428124	0.344568	1.528723	2.466098
-3.426124	0.344568	1.528723	2.466098
-3.424124	0.344568	1.528723	2.466098
-3.422124	0.344568	1.528723	2.466098
-3.420124	0.344568	1.528723	2.466098
-3.418124	0.344568	1.528723	2.466098
-3.416124	0.344568	1.528723	2.466098
-3.414124	0.344568	1.528723	2.466098
-3.412124	0.344568	1.528723	2.466098
-3.410124	0.344568	1.528723	2.466098
-3.408124	0.344568	1.528723	2.466098
-3.406124	0.344568	1.528723	2.466098
-3.404124	0.344568	1.528723	2.466098
-3.402124	0.344568	1.528723	2.466098
-3.400124	0.344568	1.528723	2.466098
-3.398124	0.344568	1.528723	2.466098
-3.396124	0.344568	1.528723	2.466098
-3.394124	0.344568	1.528723	2.466098
-3.392124	0.344568	1.528723	2.466098
-3.390124	0.344568	1.528723	2.466098
-3.388124	0.344568	1.528723	2.466098
-3.386124	0.344568	1.528723	2.466098
-3.384124	0.344568	1.528723	2.466098
-3.382124	0.344568	1.528723	2.466098
-3.380124	0.344568	1.528723	2.466098
-3.378124	0.344568	1.528723	2.466098
-3.376124	0.344568	1.528723	2.466098
-3.374124	0.344568	1.528723	2.466098
-3.372124	0.344568	1.528723	2.466098
-3.370124	0.344568	1.528723	2.466098
-3.368124	0.344568	1.528723	2.466098
-3.366124	0.344568	1.528723	2.466098
-3.364124	0.344568	1.528723	2.466098
-3.362124	0.344568	1.528723	2.466098
-3.360124	0.344568	1.528723	2.466098
-3.358124	0.344568	1.528723	2.466098
-3.356124	0.344568	1.528723	2.466098
-3.354124	0.344568	1.528723	2.466098
-3.352124	0.344568	1.528723	2.466098
-3.350124	0.344568	1.528723	2.466098
-3.348124	0.344568	1.528723	2.466098
-3.346124	0.344568	1.528723	2.466098
-3.344124	0.344568	1.528723	2.466098
-3.342124	0.344568	1.528723	2.466098
-3.340124	0.344568	1.528723	2.466098
-3.338124	0.344568	1.528723	2.466098
-3.336124	0.344568	1.528723	2.466098
-3.334124	0.344568	1.528723	2.466098
-3.332124	0.344568	1.528723	2.466098
-3.330124	0.344568	1.528723	2.466098
-3.328124	0.344568	1.528723	2.466098
-3.326124	0.344568	1.528723	2.466098
-3.324124	0.344568	1.528723	2.466098
-3.322124	0.344568	1.528723	2.466098
-3.320124	0.344568	1.528723	2.466098
-3.318124	0.344568	1.528723	2.466098
-3.316124	0.344568	1.528723	2.466098
-3.314124	0.344568	1.528723	2.466098
-3.312124	0.344568	1.528723	2.466098
-3.310124	0.344568	1.528723	2.466098
-3.308124	0.344568	1.528723	2.466098
-3.306124	0.344568	1.528723	2.466098
-3.304124	0.344568	1.528723	2.466098
-3.302124	0.344568	1.528723	2.466098
-3.300124	0.344568	1.528723	2.466098
-3.298124	0.344568	1.528723	2.466098
-3.296124	0.344568	1.528723	2.466098
-3.294124	0.344568	1.528723	2.466098
-3.292124	0.344568	1.528723	2.466098
-3.290124	0.344568	1.528723	2.466098
-3.288124	0.344568	1.528723	2.466098
-3.286124	0.344568	1.528723	2.466098
-3.284124	0.344568	1.528723	2.466098
-3.282124	0.344568	1.528723	2.466098
-3.280124	0.344568	1.528723	2.466098
-3.278124	0.344568	1.528723	2.466098
-3.276124	0.344568	1.528723	2.466098
-3.274124	0.344568	1.528723	2.466098
-3.272124	0.344568	1.528723	2.466098
-3.270124	0.344568	1.528723	2.466098
-3.268124	0.344568	1.528723	2.466098
-3.266124	0.344568	1.528723	2.466098
-3.264124	0.344568	1.528723	2.466098
-3.262124	0.344568	1.528723	2.466098
-3.260124	0.344568	1.528723	2.466098
-3.258124	0.344568	1.528723	2.466098
-3.256124	0.344568	1.528723	2.466098
-3.254124	0.344568	1.528723	2.466098
-3.252124	0.344568	1.528723	2.466098
-3.250124	0.344568	1.528723	2.466098
-3.248124	0.344568	1.528723	2.466098
-3.246124	0.344568	1.528723	2.466098
-3.244124	0.344568	1.528723	2.466098
-3.242124	0.344568	1.528723	2.466098
-3.240124	0.344568	1.528723	2.466098
-3.238124	0.344568	1.528723	2.466098
-3.236124	0.344568	1.528723	2.466098
-3.234124	0.344568	1.528723	2.466098
-3.232124	0.344568	1.528723	2.466098
-3.230124	0.344568	1.528723	2.466098
-3.228124	0.344568	1.528723	2.466098
-3.226124	0.344568	1.528723	2.466098
-3.224124	0.344568	1.528723	2.466098
-3.222124	0.344568	1.528723	2.466098
-3.220124	0.344568	1.528723	2.466098
-3.218124	0.344568	1.528723	2.466098
-3.216124	0.344568	1.528723	2.466098
-3.214124	0.344568	1.528723	2.466098
-3.212124	0.344568	1.528723	2.466098
-3.210124	0.344568	1.528723	2.466098
-3.208124	0.344568	1.528723	2.466098
-3.206124	0.344568	1.528723	2.466098
-3.204124	0.344568	1.528723	2.466098
-3.202124	0.344568	1.528723	2.466098
-3.200124	0.344568	1.528723	2.466098
-3.198124	0.344568	1.528723	2.466098
-3.196124	0.344568	1.528723	2.466098
-3.194124	0.344568	1.528723	2.466098
-3.192124	0.344568	1.528723	2.466098
-3.190124	0.344568	1.528723	2.466098
-3.188124	0.344568	1.528723	2.466098
-3.186124	0.344568	1.528723	2.466098
-3.184124	0.344568	1.528723	2.466098
-3.182124	0.344568	1.528723	2.466098
-3.180124	0.344568	1.528723	2.466098
-3.178124	0.344568	1.528723	2.466098
-3.176124	0.344568	1.528723	2.466098
-3.174124	0.344568	1.528723	2.466098
-3.172124	0.344568	1.528723	2.466098
-3.170124	0.344568	1.528723	2.466098
-3.168124	0.344568	1.528723	2.466098
-3.166124	0.344568	1.528723	2.466098
-3.164124	0.344568	1.528723	2.466098
-3.162124	0.344568	1.528723	2.466098
-3.160124	0.344568	1.528723	2.466098
-3.158124	0.344568	1.528723	2.466098
-3.156124	0.344568	1.528723	2.466098
-3.154124	0.344568	1.528723	2.466098
-3.152124	0.344568	1.528723	2.466098
-3.150124	0.344568	1.528723	2.466098
-3.148124	0.344568	1.528723	2.466098
-3.146124	0.344568	1.528723	2.466098
-3.144124	0.344568	1.528723	2.466098
-3.142124	0.344568	1.528723	2.466098
-3.140124	0.344568	1.528723	2.466098
-3.138124	0.344568	1.528723	2.466098
-3.136124	0.344568	1.528723	2.466098
-3.134124	0.344568	1.528723	2.466098
-3.132124	0.344568	1.528723	2.466098
-3.130124	0.344568	1.528723	2.466098
-3.128124	0.344568	1.528723	2.466098
-3.126124	0.344568	1.528723	2.466098
-3.124124	0.344568	1.528723	2.466098
-3.122124	0.344568	1.528723	2.466098
-3.120124	0.344568	1.528723	2.466098
-3.118124	0.344568	1.528723	2.466098
-3.116124	0.344568	1.528723	2.466098
-3.114124	0.344568	1.528723	2.466098
-3.112124	0.344568	1.528723	2.466098
-3.110124	0.344568	1.528723	2.466098
-3.108124	0.344568	1.528723	2.466098
-3.106124	0.344568	1.528723	2.466098
-3.104124	0.344568	1.528723	2.466098
-3.102124	0.344568	1.528723	2.466098
-3.100124	0.344568	1.528723	2.466098
-3.098124	0.344568	1.528723	2.466098
-3.096124	0.344568	1.528723	2.466098
-3.094124	0.344568	1.528723	2.466098
-3.092124	0.344568	1.528723	2.466098
-3.090124	0.344568	1.528723	2.466098
-3.088124	0.344568	1.528723	2.466098
-3.086124	0.344568	1.528723	2.466098
-3.084124	0.344568	1.528723	2.466098
-3.082124	0.344568	1.528723	2.466098
-3.080124	0.344568	1.528723	2.466098
-3.078124	0.344568	1.528723	2.466098
-3.076124	0.344568	1.528723	2.466098
-3.074124	0.344568	1.528723	2.466098
-3.072124	0.344568	1.528723	2.466098
-3.070124	0.344568	1.528723	2.466098
-3.068124	0.344568	1.528723	2.466098
-3.066124	0.344568	1.528723	2.466098
-3.064124	0.344568	1.528723	2.466098
-3.062124	0.344568	1.528723	2.466098
-3.060124	0.344568	1.528723	2.466098
-3.058124	0.344568	1.528723	2.466098
-3.056124	0.344568	1.528723	2.466098
-3.054124	0.344568	1.528723	2.466098
-3.052124	0.344568	1.528723	2.466098
-3.050124	0.344568	1.528723	2.466098
-3.048124	0.344568	1.528723	2.466098
-3.046124	0.344568	1.528723	2.466098
-3.044124	0.344568	1.528723	2.466098
-3.042124	0.344568	1.528723	2.466098
-3.040124	0.344568	1.528723	2.466098
-3.038124	0.344568	1.528723	2.466098
-3.036124	0.344568	1.528723	2.466098
-3.034124	0.344568	1.528723	2.466098
-3.032124	0.344568	1.528723	2.466098
-3.030124	0.344568	1.528723	2.466098
-3.028124	0.344568	1.528723	2.466098
-3.026124	0.344568	1.528723	2.466098
-3.024124	0.344568	1.528723	2.466098
-3.022124	0.344568	1.528723	2.466098
-3.020124	0.344568	1.528723	2.466098
-3.018124	0.344568	1.528723	2.466098
-3.016124	0.344568	1.528723	2.466098
-3.014124	0.344568	1.528723	2.466098
-3.012124	0.344568	1.528723	2.466098
-3.010124	0.344568	1.528723	2.466098
-3.008124	0.344568	1.528723	2.466098
-3.006124	0.344568	1.528723	2.466098
-3.004124	0.344568	1.528723	2.466098
-3.002124	0.344568	1.528723	2.466098
-3.000124	0.344568	1.528723	2.466098
-2.998124	0.344568	1.528723	2.466098
-2.996124	0.344568	1.528723	2.466098
-2.994124	0.344568	1.528723	2.466098
-2.992124	0.344568	1.528723	2.466098
-2.990124	0.344568	1.528723	2.466098
-2.988124	0.344568	1.528723	2.466098
-2.986124	0.344568	1.528723	2.466098
-2.984124	0.344568	1.528723	2.466098
-2.982124	0.344568	1.528723	2.466098
-2.980124	0.344568	1.528723	2.466098
-2.978124	0.344568	1.528723	2.466098
-2.976124	0.344568	1.528723	2.466098
-2.974124	0.344568	1.528723	2.466098
-2.972124	0.344568	1.528723	2.466098
-2.970124	0.344568	1.528723	2.466098
-2.968124	0.344568	1.528723	2.466098
-2.966124	0.344568	1.528723	2.466098
-2.964124	0.344568	1.528723	2.466098
-2.962124	0.344568	1.528723	2.466098
-2.960124	0.344568	1.528723	2.466098
-2.958124	0.344568	1.528723	2.466098
-2.956124	0.344568	1.528723	2.466098
-2.954124	0.344568	1.528723	2.466098
-2.952124	0.344568	1.528723	2.466098
-2.950124	0.344568	1.528723	2.466098
-2.948124	0.344568	1.528723	2.466098
-2.946124	0.344568	1.528723	2.466098
-2.944124	0.344568	1.528723	2.466098
-2.942124	0.344568	1.528723	2.466098
-2.940124	0.344568	1.528723	2.466098
-2.938124	0.344568	1.528723	2.466098
-2.936124	0.344568	1.528723	2.466098
-2.934124	0.344568	1.528723	2.466098
-2.932124	0.344568	1.528723	2.466098
-2.930124	0.344568	1.528723	2.466098
-2.928124	0.344568	1.528723	2.466098
-2.926124	0.344568	1.528723	2.466098
-2.924124	0.344568	1.528723	2.466098
-2.922124	0.344568	1.528723	2.466098
-2.920124	0.344568	1.528723	2.466098
-2.918124	0.344568	1.528723	2.466098
-2.916124	0.344568	1.528723	2.466098
-2.914124	0.344568	1.528723	2.466098
-2.912124	0.344568	1.528723	2.466098
-2.910124	0.344568	1.528723	2.466098
-2.908124	0.344568	1.528723	2.466098
-2.906124	0.344568	1.528723	2.466098
-2.904124	0.344568	1.528723	2.466098
-2.902124	0.344568	1.528723	2.466098
-2.900124	0.344568	1.528723	2.466098
-2.898124	0.344568	1.528723	2.466098
-2.896124	0.344568	1.528723	2.466098
-2.894124	0.344568	1.528723	2.466098
-2.892124	0.344568	1.528723	2.466098
-2.890124	0.344568	1.528723	2.466098
-2.888124	0.344568	1.528723	2.466098
-2.886124	0.344568	1.528723	2.466098
-2.884124	0.344568	1.528723	2.466098
-2.882124	0.344568	1.528723	2.466098
-2.880124	0.344568	1.528723	2.466098
-2.878124	0.344568	1.528723	2.466098
-2.876124	0.344568	1.528723	2.466098
-2.874124	0.344568	1.528723	2.466098
-2.872124	0.344568	1.528723	2.466098
-2.870124	0.344568	1.528723	2.466098
-2.868124	0.344568	1.528723	2.466098
-2.866124	0.344568	1.528723	2.466098
-2.864124	0.344568	1.528723	2.466098
-2.862124	0.344568	1.528723	2.466098
-2.860124	0.344568	1.528723	2.466098
-2.858124	0.344568	1.528723	2.466098
-2.856124	0.344568	1.528723	2.466098
-2.854124	0.344568	1.528723	2.466098
-2.852124	0.344568	1.528723	2.466098
-2.850124	0.344568	1.528723	2.466098
-2.848124	0.344568	1.528723	2.466098
-2.846124	0.344568	1.528723	2.466098
-2.844124	0.344568	1.528723	2.466098
-2.842124	0.344568	1.528723	2.466098
-2.840124	0.344568	1.528723	2.466098
-2.838124	0.344568	1.528723	2.466098
-2.836124	0.344568	1.528723	2.466098
-2.834124	0.344568	1.528723	2.466098
-2.832124	0.344568	1.528723	2.466098
-2.830124	0.344568	1.528723	2.466098
-2.828124	0.344568	1.528723	2.466098
-2.826124	0.344568	1.528723	2.466098
-2.824124	0.344568	1.528723	2.466098
-2.822124	0.344568	1.528723	2.466098
-2.820124	0.344568	1.528723	2.466098
-2.818124	0.344568	1.528723	2.466098
-2.816124	0.344568	1.528723	2.466098
-2.814124	0.344568	1.528723	2.466098
-2.812124	0.344568	1.528723	2.466098
-2.810124	0.344568	1.528723	2.466098
-2.808124	0.344568	1.528723	2.466098
-2.806124	0.344568	1.528723	2.466098
-2.804124	0.344568	1.528723	2.466098
-2.802124	0.344568	1.528723	2.466098
-2.800124	0.344568	1.528723	2.466098
-2.798124	0.344568	1.528723	2.466098
-2.796124	0.344568	1.528723	2.466098
-2.794124	0.344568	1.528723	2.466098
-2.792124	0.344568	1.528723	2.466098
-2.790124	0.344568	1.528723	2.466098
-2.788124	0.344568	1.528723	2.466098
-2.786124	0.344568	1.528723	2.466098
-2.784124	0.344568	1.528723	2.466098
-2.782124	0.344568	1.528723	2.466098
-2.780124	0.344568	1.528723	2.466098
-2.778124	0.344568	1.528723	2.466098
-2.776124	0.344568	1.528723	2.466098
-2.774124	0.344568	1.528723	2.466098
-2.772124	0.344568	1.528723	2.466098
-2.770124	0.344568	1.528723	2.466098
-2.768124	0.344568	1.528723	2.466098
-2.766124	0.344568	1.528723	2.466098
-2.764124	0.344568	1.528723	2.466098
-2.762124	0.344568	1.528723	2.466098
-2.760124	0.344568	1.528723	2.466098
-2.758124	0.344568	1.528723	2.466098
-2.756124	0.344568	1.528723	2.466098
-2.754124	0.344568	1.528723	2.466098
-2.752124	0.344568	1.528723	2.466098
-2.750124	0.344568	1.528723	2.466098
-2.748124	0.344568	1.528723	2.466098
-2.746124	0.344568	1.528723	2.466098
-2.744124	0.344568	1.528723	2.466098
-2.742124	0.344568	1.528723	2.466098
-2.740124	0.344568	1.528723	2.466098
-2.738124	0.344568	1.528723	2.466098
-2.736124	0.344568	1.528723	2.466098
-2.734124	0.344568	1.528723	2.466098
-2.732124	0.344568	1.528723	2.466098
-2.730124	0.344568	1.528723	2.466098
-2.728124	0.344568	1.528723	2.466098
-2.726124	0.344568	1.528723	2.466098
-2.724124	0.344568	1.528723	2.466098
-2.722124	0.344568	1.528723	2.466098
-2.720124	0.344568	1.528723	2.466098
-2.718124	0.344568	1.528723	2.466098
-2.716124	0.344568	1.528723	2.466098
-2.714124	0.344568	1.528723	2.466098
-2.712124	0.344568	1.528723	2.466098
-2.710124	0.344568	1.528723	2.466098
-2.708124	0.344568	1.528723	2.466098
-2.706124	0.344568	1.528723	2.466098
-2.704124	0.344568	1.528723	2.466098
-2.702124	0.344568	1.528723	2.466098
-2.700124	0.344568	1.528723	2.466098
-2.698124	0.344568	1.528723	2.466098
-2.696124	0.344568	1.528723	2.466098
-2.694124	0.344568	1.528723	2.466098
-2.692124	0.344568	1.528723	2.466098
-2.690124	0.344568	1.528723	2.466098
-2.688124	0.344568	1.528723	2.466098
-2.686124	0.344568	1.528723	2.466098
-2.684124	0.344568	1.528723	2.466098
-2.682124	0.344568	1.528723	2.466098
-2.680124	0.344568	1.528723	2.466098
-2.678124	0.344568	1.528723	2.466098
-2.676124	0.344568	1.528723	2.466098
-2.674124	0.344568	1.528723	2.466098
-2.672124	0.344568	1.528723	2.466098
-2.670124	0.344568	1.528723	2.466098
-2.668124	0.344568	1.528723	2.466098
-2.666124	0.344568	1.528723	2.466098
-2.664124	0.344568	1.528723	2.466098
-2.662124	0.344568	1.528723	2.466098
-2.660124	0.344568	1.528723	2.466098
-2.658124	0.344568	1.528723	2.466098
-2.656124	0.344568	1.528723	2.466098
-2.654124	0.344568	1.528723	2.466098
-2.652124	0.344568	1.528723	2.466098
-2.650124	0.344568	1.528723	2.466098
-2.648124	0.344568	1.528723	2.466098
-2.646124	0.344568	1.528723	2.466098
-2.644124	0.344568	1.528723	2.466098
-2.642124	0.344568	1.528723	2.466098
-2.640124	0.344568	1.528723	2.466098
-2.638124	0.344568	1.528723	2.466098
-2.636124	0.344568	1.528723	2.466098
-2.634124	0.344568	1.528723	2.466098
-2.632124	0.344568	1.528723	2.466098
-2.630124	0.344568	1.528723	2.466098
-2.628124	0.344568	1.528723	2.466098
-2.626124	0.344568	1.528723	2.466098
-2.624124	0.344568	1.528723	2.466098
-2.622124	0.344568	1.528723	2.466098
-2.620124	0.344568	1.528723	2.466098
-2.618124	0.344568	1.528723	2.466098
-2.616124	0.344568	1.528723	2.466098
-2.614124	0.344568	1.528723	2.466098
-2.612124	0.344568	1.528723	2.466098
-2.610124	0.344568	1.528723	2.466098
-2.608124	0.344568	1.528723	2.466098
-2.606124	0.344568	1.528723	2.466098
-2.604124	0.344568	1.528723	2.466098
-2.602124	0.344568	1.528723	2.466098
-2.600124	0.344568	1.528723	2.466098
-2.598124	0.344568	1.528723	2.466098
-2.596124	0.344568	1.528723	2.466098
-2.594124	0.344568	1.528723	2.466098
-2.592124	0.344568	1.528723	2.466098
-2.590124	0.344568	1.528723	2.466098
-2.588124	0.344568	1.528723	2.466098
-2.586124	0.344568	1.528723	2.466098
-2.584124	0.344568	1.528723	2.466098
-2.582124	0.344568	1.528723	2.466098
-2.580124	0.344568	1.528723	2.466098
-2.578124	0.344568	1.528723	2.466098
-2.576124	0.344568	1.528723	2.466098
-2.574124	0.344568	1.528723	2.466098
-2.572124	0.344568	1.528723	2.466098
-2.570124	0.344568	1.528723	2.466098
-2.568124	0.344568	1.528723	2.466098
-2.566124	0.344568	1.528723	2.466098
-2.564124	0.344568	1.528723	2.466098
-2.562124	0.344568	1.528723	2.466098
-2.560124	0.344568	1.528723	2.466098
-2.558124	0.344568	1.528723	2.466098
-2.556124	0.344568	1.528723	2.466098
-2.554124	0.344568	1.528723	2.466098
-2.552124	0.344568	1.528723	2.466098
-2.550124	0.344568	1.528723	2.466098
-2.548124	0.344568	1.528723	2.466098
-2.546124	0.344568	1.528723	2.466098
-2.544124	0.344568	1.528723	2.466098
-2.542124	0.344568	1.528723	2.466098
-2.540124	0.344568	1.528723	2.466098
-2.538124	0.344568	1.528723	2.466098
-2.536124	0.344568	1.528723	2.466098
-2.534124	0.344568	1.528723	2.466098
-2.532124	0.344568	1.528723	2.466098
-2.530124	0.344568	1.528723	2.466098
-2.528124	0.344568	1.528723	2.466098
-2.526124	0.344568	1.528723	2.466098
-2.524124	0.344568	1.528723	2.466098
-2.522124	0.344568	1.528723	2.466098
-2.520124	0.344568	1.528723	2.466098
-2.518124	0.344568	1.528723	2.466098
-2.516124	0.344568	1.528723	2.466098
-2.514124	0.344568	1.528723	2.466098
-2.512124	0.344568	1.528723	2.466098
-2.510124	0.344568	1.528723	2.466098
-2.508124	0.344568	1.528723	2.466098
-2.506124	0.344568	1.528723	2.466098
-2.504124	0.344568	1.528723	2.466098
-2.502124	0.344568	1.528723	2.466098
-2.500124	0.344568	1.528723	2.466098
-2.498124	0.344568	1.528723	2.466098
-2.496124	0.344568	1.528723	2.466098
-2.494124	0.344568	1.528723	2.466098
-2.492124	0.344568	1.528723	2.466098
-2.490124	0.344568	1.528723	2.466098
-2.488124	0.344568	1.528723	2.466098
-2.486124	0.344568	1.528723	2.466098
-2.484124	0.344568	1.528723	2.466098
-2.482124	0.344568	1.528723	2.466098
-2.480124	0.344568	1.528723	2.466098
-2.478124	0.344568	1.528723	2.466098
-2.476124	0.344568	1.528723	2.466098
-2.474124	0.344568	1.528723	2.466098
-2.472124	0.344568	1.528723	2.466098
-2.470124	0.344568	1.528723	2.466098
-2.468124	0.344568	1.528723	2.466098
-2.466124	0.344568	1.528723	2.466098
-2.464124	0.344568	1.528723	2.466098
-2.462124	0.344568	1.528723	2.466098
-2.460124	0.344568	1.528723	2.466098
-2.458124	0.344568	1.528723	2.466098
-2.456124	0.344568	1.528723	2.466098
-2.454124	0.344568	1.528723	2.466098
-2.452124	0.344568	1.528723	2.466098
-2.450124	0.344568	1.528723	2.466098
-2.448124	0.344568	1.528723	2.466098
-2.446124	0.344568	1.528723	2.466098
-2.444124	0.344568	1.528723	2.466098
-2.442124	0.344568	1.528723	2.466098
-2.440124	0.344568	1.528723	2.466098
-2.438124	0.344568	1.528723	2.466098
-2.436124	0.344568	1.528723	2.466098
-2.434124	0.344568	1.528723	2.466098
-2.432124	0.344568	1.528723	2.466098
-2.430124	0.344568	1.528723	2.466098
-2.428124	0.344568	1.528723	2.466098
-2.426124	0.344568	1.528723	2.466098
-2.424124	0.344568	1.528723	2.466098
-2.422124	0.344568	1.528723	2.466098
-2.420124	0.344568	1.528723	2.466098
-2.418124	0.344568	1.528723	2.466098
-2.416124	0.344568	1.528723	2.466098
-2.414124	0.344568	1.528723	2.466098
-2.412124	0.344568	1.528723	2.466098
-2.410124	0.344568	1.528723	2.466098
-2.408124	0.344568	1.528723	2.466098
-2.406124	0.344568	1.528723	2.466098
-2.404124	0.344568	1.528723	2.466098
-2.402124	0.344568	1.528723	2.466098
-2.400124	0.344568	1.528723	2.466098
-2.398124	0.344568	1.528723	2.466098
-2.396124	0.344568	1.528723	2.466098
-2.394124	0.344568	1.528723	2.466098
-2.392124	0.344568	1.528723	2.466098
-2.390124	0.344568	1.528723	2.466098
-2.388124	0.344568	1.528723	2.466098
-2.386124	0.344568	1.528723	2.466098
-2.384124	0.344568	1.528723	2.466098
-2.382124	0.344568	1.528723	2.466098
-2.380124	0.344568	1.528723	2.466098
-2.378124	0.344568	1.528723	2.466098
-2.376124	0.344568	1.528723	2.466098
-2.374124	0.344568	1.528723	2.466098
-2.372124	0.344568	1.528723	2.466098
-2.370124	0.344568	1.528723	2.466098
-2.368124	0.344568	1.528723	2.466098
-2.366124	0.344568	1.528723	2.466098
-2.364124	0.344568	1.528723	2.466098
-2.362124	0.344568	1.528723	2.466098
-2.360124	0.344568	1.528723	2.466098
-2.358124	0.344568	1.528723	2.466098
-2.356124	0.344568	1.528723	2.466098
-2.354124	0.344568	1.528723	2.466098
-2.352124	0.344568	1.528723	2.466098
-2.350124	0.344568	1.528723	2.466098
-2.348124	0.344568	1.528723	2.466098
-2.346124	0.344568	1.528723	2.466098
-2.344124	0.344568	1.528723	2.466098
-2.342124	0.344568	1.528723	2.466098
-2.340124	0.344568	1.528723	2.466098
-2.338124	0.344568	1.528723	2.466098
-2.336124	0.344568	1.528723	2.466098
-2.334124	0.344568	1.528723	2.466098
-2.332124	0.344568	1.528723	2.466098
-2.330124	0.344568	1.528723	2.466098
-2.328124	0.344568	1.528723	2.466098
-2.326124	0.344568	1.528723	2.466098
-2.324124	0.344568	1.528723	2.466098
-2.322124	0.344568	1.528723	2.466098
-2.320124	0.344568	1.528723	2.466098
-2.318124	0.344568	1.528723	2.466098
-2.316124	0.344568	1.528723	2.466098
-2.314124	0.344568	1.528723	2.466098
-2.312124	0.344568	1.528723	2.466098
-2.310124	0.344568	1.528723	2.466098
-2.308124	0.344568	1.528723	2.466098
-2.306124	0.344568	1.528723	2.466098
-2.304124	0.344568	1.528723	2.466098
-2.302124	0.344568	1.528723	2.466098
-2.300124	0.344568	1.528723	2.466098
-2.298124	0.344568	1.528723	2.466098
-2.296124	0.344568	1.528723	2.466098
-2.294124	0.344568	1.528723	2.466098
-2.292124	0.344568	1.528723	2.466098
-2.290124	0.344568	1.528723	2.466098
-2.288124	0.344568	1.528723	2.466098
-2.286124	0.344568	1.528723	2.466098
-2.284124	0.344568	1.528723	2.466098
-2.282124	0.344568	1.528723	2.466098
-2.280124	0.344568	1.528723	2.466098
-2.278124	0.344568	1.528723	2.466098
-2.276124	0.344568	1.528723	2.466098
-2.274124	0.344568	1.528723	2.466098
-2.272124	0.344568	1.528723	2.466098
-2.270124	0.344568	1.528723	2.466098
-2.268124	0.344568	1.528723	2.466098
-2.266124	0.344568	1.528723	2.466098
-2.264124	0.344568	1.528723	2.466098
-2.262124	0.344568	1.528723	2.466098
-2.260124	0.344568	1.528723	2.466098
-2.258124	0.344568	1.528723	2.466098
-2.256124	0.344568	1.528723	2.466098
-2.254124	0.344568	1.528723	2.466098
-2.252124	0.344568	1.528723	2.466098
-2.250124	0.344568	1.528723	2.466098
-2.248124	0.344568	1.528723	2.466098
-2.246124	0.344568	1.528723	2.466098
-2.244124	0.344568	1.528723	2.466098
-2.242124	0.344568	1.528723	2.466098
-2.240124	0.344568	1.528723	2.466098
-2.238124	0.344568	1.528723	2.466098
-2.236124	0.344568	1.528723	2.466098
-2.234124	0.344568	1.528723	2.466098
-2.232124	0.344568	1.528723	2.466098
-2.230124	0.344568	1.528723	2.466098
-2.228124	0.344568	1.528723	2.466098
-2.226124	0.344568	1.528723	2.466098
-2.224124	0.344568	1.528723	2.466098
-2.222124	0.344568	1.528723	2.466098
-2.220124	0.344568	1.528723	2.466098
-2.218124	0.344568	1.528723	2.466098
-2.216124	0.344568	1.528723	2.466098
-2.214124	0.344568	1.528723	2.466098
-2.212124	0.344568	1.528723	2.466098
-2.210124	0.344568	1.528723	2.466098
-2.208124	0.344568	1.528723	2.466098
-2.206124	0.344568	1.528723	2.466098
-2.204124	0.344568	1.528723	2.466098
-2.202124	0.344568	1.528723	2.466098
-2.200124	0.344568	1.528723	2.466098
-2.198124	0.344568	1.528723	2.466098
-2.196124	0.344568	1.528723	2.466098
-2.194124	0.344568	1.528723	2.466098
-2.192124	0.344568	1.528723	2.466098
-2.190124	0.344568	1.528723	2.466098
-2.188124	0.344568	1.528723	2.466098
-2.186124	0.344568	1.528723	2.466098
-2.184124	0.344568	1.528723	2.466098
-2.182124	0.344568	1.528723	2.466098
-2.180124	0.344568	1.528723	2.466098
-2.178124	0.344568	1.528723	2.466098
-2.176124	0.344568	1.528723	2.466098
-2.174124	0.344568	1.528723	2.466098
-2.172124	0.344568	1.528723	2.466098
-2.170124	0.344568	1.528723	2.466098
-2.168124	0.344568	1.528723	2.466098
-2.166124	0.344568	1.528723	2.466098
-2.164124	0.344568	1.528723	2.466098
-2.162124	0.344568	1.528723	2.466098
-2.160124	0.344568	1.528723	2.466098
-2.158124	0.344568	1.528723	2.466098
-2.156124	0.344568	1.528723	2.466098
-2.154124	0.344568	1.528723	2.466098
-2.152124	0.344568	1.528723	2.466098
-2.150124	0.344568	1.528723	2.466098
-2.148124	0.344568	1.528723	2.466098
-2.146124	0.344568	1.528723	2.466098
-2.144124	0.344568	1.528723	2.466098
-2.142124	0.344568	1.528723	2.466098
-2.140124	0.344568	1.528723	2.466098
-2.138124	0.344568	1.528723	2.466098
-2.136124	0.344568	1.528723	2.466098
-2.134124	0.344568	1.528723	2.466098
-2.132124	0.344568	1.528723	2.466098
-2.130124	0.344568	1.528723	2.466098
-2.128124	0.344568	1.528723	2.466098
-2.126124	0.344568	1.528723	2.466098
-2.124124	0.344568	1.528723	2.466098
-2.122124	0.344568	1.528723	2.466098
-2.120124	0.344568	1.528723	2.466098
-2.118124	0.344568	1.528723	2.466098
-2.116124	0.344568	1.528723	2.466098
-2.114124	0.344568	1.528723	2.466098
-2.112124	0.344568	1.528723	2.466098
-2.110124	0.344568	1.528723	2.466098
-2.108124	0.344568	1.528723	2.466098
-2.106124	0.344568	1.528723	2.466098
-2.104124	0.344568	1.528723	2.466098
-2.102124	0.344568	1.528723	2.466098
-2.100124	0.344568	1.528723	2.466098
-2.098124	0.344568	1.528723	2.466098
-2.096124	0.344568	1.528723	2.466098
-2.094124	0.344568	1.528723	2.466098
-2.092124	0.344568	1.528723	2.466098
-2.090124	0.344568	1.528723	2.466098
-2.088124	0.344568	1.528723	2.466098
-2.086124	0.344568	1.528723	2.466098
-2.084124	0.344568	1.528723	2.466098
-2.082124	0.344568	1.528723	2.466098
-2.080124	0.344568	1.528723	2.466098
-2.078124	0.344568	1.528723	2.466098
-2.076124	0.344568	1.528723	2.466098
-2.074124	0.344568	1.528723	2.466098
-2.072124	0.344568	1.528723	2.466098
-2.070124	0.344568	1.528723	2.466098
-2.068124	0.344568	1.528723	2.466098
-2.066124	0.344568	1.528723	2.466098
-2.064124	0.344568	1.528723	2.466098
-2.062124	0.344568	1.528723	2.466098
-2.060124	0.344568	1.528723	2.466098
-2.058124	0.344568	1.528723	2.466098
-2.056124	0.344568	1.528723	2.466098
-2.054124	0.344568	1.528723	2.466098
-2.052124	0.344568	1.528723	2.466098
-2.050124	0.344568	1.528723	2.466098
-2.048124	0.344568	1.528723	2.466098
-2.046124	0.344568	1.528723	2.466098
-2.044124	0.344568	1.528723	2.466098
-2.042124	0.344568	1.528723	2.466098
-2.040124	0.344568	1.528723	2.466098
-2.038124	0.344568	1.528723	2.466098
-2.036124	0.344568	1.528723	2.466098
-2.034124	0.344568	1.528723	2.466098
-2.032124	0.344568	1.528723	2.466098
-2.030124	0.344568	1.528723	2.466098
-2.028124	0.344568	1.528723	2.466098
-2.026124	0.344568	1.528723	2.466098
-2.024124	0.344568	1.528723	2.466098
-2.022124	0.344568	1.528723	2.466098
-2.020124	0.344568	1.528723	2.466098
-2.018124	0.344568	1.528723	2.466098
-2.016124	0.344568	1.528723	2.466098
-2.014124	0.344568	1.528723	2.466098
-2.012124	0.344568	1.528723	2.466098
-2.010124	0.344568	1.528723	2.466098
-2.008124	0.344568	1.528723	2.466098
-2.006124	0.344568	1.528723	2.466098
-2.004124	0.344568	1.528723	2.466098
-2.002124	0.344568	1.528723	2.466098
-2.000124	0.344568	1.528723	2.466098
-1.998124	0.344568	1.528723	2.466098
-1.996124	0.344568	1.528723	2.466098
-1.994124	0.344568	1.528723	2.466098
-1.992124	0.344568	1.528723	2.466098
-1.990124	0.344568	1.528723	2.466098
-1.988124	0.344568	1.528723	2.466098
-1.986124	0.344568	1.528723	2.466098
-1.984124	0.344568	1.528723	2.466098
-1.982124	0.344568	1.528723	2.466098
-1.980124	0.344568	1.528723	2.466098
-1.978124	0.344568	1.528723	2.466098
-1.976124	0.344568	1.528723	2.466098
-1.974124	0.344568	1.528723	2.466098
-1.972124	0.344568	1.528723	2.466098
-1.970124	0.344568	1.528723	2.466098
-1.968124	0.344568	1.528723	2.466098
-1.966124	0.344568	1.528723	2.466098
-1.964124	0.344568	1.528723	2.466098
-1.962124	0.344568	1.528723	2.466098
-1.960124	0.344568	1.528723	2.466098
-1.958124	0.344568	1.528723	2.466098
-1.956124	0.344568	1.528723	2.466098
-1.954124	0.344568	1.528723	2.466098
-1.952124	0.344568	1.528723	2.466098
-1.950124	0.344568	1.528723	2.466098
-1.948124	0.344568	1.528723	2.466098
-1.946124	0.344568	1.528723	2.466098
-1.944124	0.344568	1.528723	2.466098
-1.942124	0.344568	1.528723	2.466098
-1.940124	0.344568	1.528723	2.466098
-1.938124	0.344568	1.528723	2.466098
-1.936124	0.344568	1.528723	2.466098
-1.934124	0.344568	1.528723	2.466098
-1.932124	0.344568	1.528723	2.466098
-1.930124	0.344568	1.528723	2.466098
-1.928124	0.344568	1.528723	2.466098
-1.926124	0.344568	1.528723	2.466098
-1.924124	0.344568	1.528723	2.466098
-1.922124	0.344568	1.528723	2.466098
-1.920124	0.344568	1.528723	2.466098
-1.918124	0.344568	1.528723	2.466098
-1.916124	0.344568	1.528723	2.466098
-1.914124	0.344568	1.528723	2.466098
-1.912124	0.344568	1.528723	2.466098
-1.910124	0.344568	1.528723	2.466098
-1.908124	0.344568	1.528723	2.466098
-1.906124	0.344568	1.528723	2.466098
-1.904124	0.344568	1.528723	2.466098
-1.902124	0.344568	1.528723	2.466098
-1.900124	0.344568	1.528723	2.466098
-1.898124	0.344568	1.528723	2.466098
-1.896124	0.344568	1.528723	2.466098
-1.894124	0.344568	1.528723	2.466098
-1.892124	0.344568	1.528723	2.466098
-1.890124	0.344568	1.528723	2.466098
-1.888124	0.344568	1.528723	2.466098
-1.886124	0.344568	1.528723	2.466098
-1.884124	0.344568	1.528723	2.466098
-1.882124	0.344568	1.528723	2.466098
-1.880124	0.344568	1.528723	2.466098
-1.878124	0.344568	1.528723	2.466098
-1.876124	0.344568	1.528723	2.466098
-1.874124	0.344568	1.528723	2.466098
-1.872124	0.344568	1.528723	2.466098
-1.870124	0.344568	1.528723	2.466098
-1.868124	0.344568	1.528723	2.466098
-1.866124	0.344568	1.528723	2.466098
-1.864124	0.344568	1.528723	2.466098
-1.862124	0.344568	1.528723	2.466098
-1.860124	0.344568	1.528723	2.466098
-1.858124	0.344568	1.528723	2.466098
-1.856124	0.344568	1.528723	2.466098
-1.854124	0.344568	1.528723	2.466098
-1.852124	0.344568	1.528723	2.466098
-1.850124	0.344568	1.528723	2.466098
-1.848124	0.344568	1.528723	2.466098
-1.846124	0.344568	1.528723	2.466098
-1.844124	0.344568	1.528723	2.466098
-1.842124	0.344568	1.528723	2.466098
-1.840124	0.344568	1.528723	2.466098
-1.838124	0.344568	1.528723	2.466098
-1.836124	0.344568	1.528723	2.466098
-1.834124	0.344568	1.528723	2.466098
-1.832124	0.344568	1.528723	2.466098
-1.830124	0.344568	1.528723	2.466098
-1.828124	0.344568	1.528723	2.466098
-1.826124	0.344568	1.528723	2.466098
-1.824124	0.344568	1.528723	2.466098
-1.822124	0.344568	1.528723	2.466098
-1.820124	0.344568	1.528723	2.466098
-1.818124	0.344568	1.528723	2.466098
-1.816124	0.344568	1.528723	2.466098
-1.814124	0.344568	1.528723	2.466098
-1.812124	0.344568	1.528723	2.466098
-1.810124	0.344568	1.528723	2.466098
-1.808124	0.344568	1.528723	2.466098
-1.806124	0.344568	1.528723	2.466098
-1.804124	0.344568	1.528723	2.466098
-1.802124	0.344568	1.528723	2.466098
-1.800124	0.344568	1.528723	2.466098
-1.798124	0.344568	1.528723	2.466098
-1.796124	0.344568	1.528723	2.466098
-1.794124	0.344568	1.528723	2.466098
-1.792124	0.344568	1.528723	2.466098
-1.790124	0.344568	1.528723	2.466098
-1.788124	0.344568	1.528723	2.466098
-1.786124	0.344568	1.528723	2.466098
-1.784124	0.344568	1.528723	2.466098
-1.782124	0.344568	1.528723	2.466098
-1.780124	0.344568	1.528723	2.466098
-1.778124	0.344568	1.528723	2.466098
-1.776124	0.344568	1.528723	2.466098
-1.774124	0.344568	1.528723	2.466098
-1.772124	0.344568	1.528723	2.466098
-1.770124	0.344568	1.528723	2.466098
-1.768124	0.344568	1.528723	2.466098
-1.766124	0.344568	1.528723	2.466098
-1.764124	0.344568	1.528723	2.466098
-1.762124	0.344568	1.528723	2.466098
-1.760124	0.344568	1.528723	2.466098
-1.758124	0.344568	1.528723	2.466098
-1.756124	0.344568	1.528723	2.466098
-1.754124	0.344568	1.528723	2.466098
-1.752124	0.344568	1.528723	2.466098
-1.750124	0.344568	1.528723	2.466098
-1.748124	0.344568	1.528723	2.466098
-1.746124	0.344568	1.528723	2.466098
-1.744124	0.344568	1.528723	2.466098
-1.742124	0.344568	1.528723	2.466098
-1.740124	0.344568	1.528723	2.466098
-1.738124	0.344568	1.528723	2.466098
-1.736124	0.344568	1.528723	2.466098
-1.734124	0.344568	1.528723	2.466098
-1.732124	0.344568	1.528723	2.466098
-1.730124	0.344568	1.528723	2.466098
-1.728124	0.344568	1.528723	2.466098
-1.726124	0.344568	1.528723	2.466098
-1.724124	0.344568	1.528723	2.466098
-1.722124	0.344568	1.528723	2.466098
-1.720124	0.344568	1.528723	2.466098
-1.718124	0.344568	1.528723	2.466098
-1.716124	0.344568	1.528723	2.466098
-1.714124	0.344568	1.528723	2.466098
-1.712124	0.344568	1.528723	2.466098
-1.710124	0.344568	1.528723	2.466098
-1.708124	0.344568	1.528723	2.466098
-1.706124	0.344568	1.528723	2.466098
-1.704124	0.344568	1.528723	2.466098
-1.702124	0.344568	1.528723	2.466098
-1.700124	0.344568	1.528723	2.466098
-1.698124	0.344568	1.528723	2.466098
-1.696124	0.344568	1.528723	2.466098
-1.694124	0.344568	1.528723	2.466098
-1.692124	0.344568	1.528723	2.466098
-1.690124	0.344568	1.528723	2.466098
-1.688124	0.344568	1.528723	2.466098
-1.686124	0.344568	1.528723	2.466098
-1.684124	0.344568	1.528723	2.466098
-1.682124	0.344568	1.528723	2.466098
-1.680124	0.344568	1.528723	2.466098
-1.678124	0.344568	1.528723	2.466098
-1.676124	0.344568	1.528723	2.466098
-1.674124	0.344568	1.528723	2.466098
-1.672124	0.344568	1.528723	2.466098
-1.670124	0.344568	1.528723	2.466098
-1.668124	0.344568	1.528723	2.466098
-1.666124	0.344568	1.528723	2.466098
-1.664124	0.344568	1.528723	2.466098
-1.662124	0.344568	1.528723	2.466098
-1.660124	0.344568	1.528723	2.466098
-1.658124	0.344568	1.528723	2.466098
-1.656124	0.344568	1.528723	2.466098
-1.654124	0.344568	1.528723	2.466098
-1.652124	0.344568	1.528723	2.466098
-1.650124	0.344568	1.528723	2.466098
-1.648124	0.344568	1.528723	2.466098
-1.646124	0.344568	1.528723	2.466098
-1.644124	0.344568	1.528723	2.466098
-1.642124	0.344568	1.528723	2.466098
-1.640124	0.344568	1.528723	2.466098
-1.638124	0.344568	1.528723	2.466098
-1.636124	0.344568	1.528723	2.466098
-1.634124	0.344568	1.528723	2.466098
-1.632124	0.344568	1.528723	2.466098
-1.630124	0.344568	1.528723	2.466098
-1.628124	0.344568	1.528723	2.466098
-1.626124	0.344568	1.528723	2.466098
-1.624124	0.344568	1.528723	2.466098
-1.622124	0.344568	1.528723	2.466098
-1.620124	0.344568	1.528723	2.466098
-1.618124	0.344568	1.528723	2.466098
-1.616124	0.344568	1.528723	2.466098
-1.614124	0.344568	1.528723	2.466098
-1.612124	0.344568	1.528723	2.466098
-1.610124	0.344568	1.528723	2.466098
-1.608124	0.344568	1.528723	2.466098
-1.606124	0.344568	1.528723	2.466098
-1.604124	0.344568	1.528723	2.466098
-1.602124	0.344568	1.528723	2.466098
-1.600124	0.344568	1.528723	2.466098
-1.598124	0.344568	1.528723	2.466098
-1.596124	0.344568	1.528723	2.466098
-1.594124	0.344568	1.528723	2.466098
-1.592124	0.344568	1.528723	2.466098
-1.590124	0.344568	1.528723	2.466098
-1.588124	0.344568	1.528723	2.466098
-1.586124	0.344568	1.528723	2.466098
-1.584124	0.344568	1.528723	2.466098
-1.582124	0.344568	1.528723	2.466098
-1.580124	0.344568	1.528723	2.466098
-1.578124	0.344568	1.528723	2.466098
-1.576124	0.344568	1.528723	2.466098
-1.574124	0.344568	1.528723	2.466098
-1.572124	0.344568	1.528723	2.466098
-1.570124	0.344568	1.528723	2.466098
-1.568124	0.344568	1.528723	2.466098
-1.566124	0.344568	1.528723	2.466098
-1.564124	0.344568	1.528723	2.466098
-1.562124	0.344568	1.528723	2.466098
-1.560124	0.344568	1.528723	2.466098
-1.558124	0.344568	1.528723	2.466098
-1.556124	0.344568	1.528723	2.466098
-1.554124	0.344568	1.528723	2.466098
-1.552124	0.344568	1.528723	2.466098
-1.550124	0.344568	1.528723	2.466098
-1.548124	0.344568	1.528723	2.466098
-1.546124	0.344568	1.528723	2.466098
-1.544124	0.344568	1.528723	2.466098
-1.542124	0.344568	1.528723	2.466098
-1.540124	0.344568	1.528723	2.466098
-1.538124	0.344568	1.528723	2.466098
-1.536124	0.344568	1.528723	2.466098
-1.534124	0.344568	1.528723	2.466098
-1.532124	0.344568	1.528723	2.466098
-1.530124	0.344568	1.528723	2.466098
-1.528124	0.344568	1.528723	2.466098
-1.526124	0.344568	1.528723	2.466098
-1.524124	0.344568	1.528723	2.466098
-1.522124	0.344568	1.528723	2.466098
-1.520124	0.344568	1.528723	2.466098
-1.518124	0.344568	1.528723	2.466098
-1.516124	0.344568	1.528723	2.466098
-1.514124	0.344568	1.528723	2.466098
-1.512124	0.344568	1.528723	2.466098
-1.510124	0.344568	1.528723	2.466098
-1.508124	0.344568	1.528723	2.466098
-1.506124	0.344568	1.528723	2.466098
-1.504124	0.344568	1.528723	2.466098
-1.502124	0.344568	1.528723	2.466098
-1.500124	0.344568	1.528723	2.466098
-1.498124	0.344568	1.528723	2.466098
-1.496124	0.344568	1.528723	2.466098
-1.494124	0.344568	1.528723	2.466098
-1.492124	0.344568	1.528723	2.466098
-1.490124	0.344568	1.528723	2.466098
-1.488124	0.344568	1.528723	2.466098
-1.486124	0.344568	1.528723	2.466098
-1.484124	0.344568	1.528723	2.466098
-1.482124	0.344568	1.528723	2.466098
-1.480124	0.344568	1.528723	2.466098
-1.478124	0.344568	1.528723	2.466098
-1.476124	0.344568	1.528723	2.466098
-1.474124	0.344568	1.528723	2.466098
-1.472124	0.344568	1.528723	2.466098
-1.470124	0.344568	1.528723	2.466098
-1.468124	0.344568	1.528723	2.466098
-1.466124	0.344568	1.528723	2.466098
-1.464124	0.344568	1.528723	2.466098
-1.462124	0.344568	1.528723	2.466098
-1.460124	0.344568	1.528723	2.466098
-1.458124	0.344568	1.528723	2.466098
-1.456124	0.344568	1.528723	2.466098
-1.454124	0.344568	1.528723	2.466098
-1.452124	0.344568	1.528723	2.466098
-1.450124	0.344568	1.528723	2.466098
-1.448124	0.344568	1.528723	2.466098
-1.446124	0.344568	1.528723	2.466098
-1.444124	0.344568	1.528723	2.466098
-1.442124	0.344568	1.528723	2.466098
-1.440124	0.344568	1.528723	2.466098
-1.438124	0.344568	1.528723	2.466098
-1.436124	0.344568	1.528723	2.466098
-1.434124	0.344568	1.528723	2.466098
-1.432124	0.344568	1.528723	2.466098
-1.430124	0.344568	1.528723	2.466098
-1.428124	0.344568	1.528723	2.466098
-1.426124	0.344568	1.528723	2.466098
-1.424124	0.344568	1.528723	2.466098
-1.422124	0.344568	1.528723	2.466098
-1.420124	0.344568	1.528723	2.466098
-1.418124	0.344568	1.528723	2.466098
-1.416124	0.344568	1.528723	2.466098
-1.414124	0.344568	1.528723	2.466098
-1.412124	0.344568	1.528723	2.466098
-1.410124	0.344568	1.528723	2.466098
-1.408124	0.344568	1.528723	2.466098
-1.406124	0.344568	1.528723	2.466098
-1.404124	0.344568	1.528723	2.466098
-1.402124	0.344568	1.528723	2.466098
-1.400124	0.344568	1.528723	2.466098
-1.398124	0.344568	1.528723	2.466098
-1.396124	0.344568	1.528723	2.466098
-1.394124	0.344568	1.528723	2.466098
-1.392124	0.344568	1.528723	2.466098
-1.390124	0.344568	1.528723	2.466098
-1.388124	0.344568	1.528723	2.466098
-1.386124	0.344568	1.528723	2.466098
-1.384124	0.344568	1.528723	2.466098
-1.382124	0.344568	1.528723	2.466098
-1.380124	0.344568	1.528723	2.466098
-1.378124	0.344568	1.528723	2.466098
-1.376124	0.344568	1.528723	2.466098
-1.374124	0.344568	1.528723	2.466098
-1.372124	0.344568	1.528723	2.466098
-1.370124	0.344568	1.528723	2.466098
-1.368124	0.344568	1.528723	2.466098
-1.366124	0.344568	1.528723	2.466098
-1.364124	0.344568	1.528723	2.466098
-1.362124	0.344568	1.528723	2.466098
-1.360124	0.344568	1.528723	2.466098
-1.358124	0.344568	1.528723	2.466098
-1.356124	0.344568	1.528723	2.466098
-1.354124	0.344568	1.528723	2.466098
-1.352124	0.344568	1.528723	2.466098
-1.350124	0.344568	1.528723	2.466098
-1.348124	0.344568	1.528723	2.466098
-1.346124	0.344568	1.528723	2.466098
-1.344124	0.344568	1.528723	2.466098
-1.342124	0.344568	1.528723	2.466098
-1.340124	0.344568	1.528723	2.466098
-1.338124	0.344568	1.528723	2.466098
-1.336124	0.344568	1.528723	2.466098
-1.334124	0.344568	1.528723	2.466098
-1.332124	0.344568	1.528723	2.466098
-1.330124	0.344568	1.528723	2.466098
-1.328124	0.344568	1.528723	2.466098
-1.326124	0.344568	1.528723	2.466098
-1.324124	0.344568	1.528723	2.466098
-1.322124	0.344568	1.528723	2.466098
-1.320124	0.344568	1.528723	2.466098
-1.318124	0.344568	1.528723	2.466098
-1.316124	0.344568	1.528723	2.466098
-1.314124	0.344568	1.528723	2.466098
-1.312124	0.344568	1.528723	2.466098
-1.310124	0.344568	1.528723	2.466098
-1.308124	0.344568	1.528723	2.466098
-1.306124	0.344568	1.528723	2.466098
-1.304124	0.344568	1.528723	2.466098
-1.302124	0.344568	1.528723	2.466098
-1.300124	0.344568	1.528723	2.466098
-1.298124	0.344568	1.528723	2.466098
-1.296124	0.344568	1.528723	2.466098
-1.294124	0.344568	1.528723	2.466098
-1.292124	0.344568	1.528723	2.466098
-1.290124	0.344568	1.528723	2.466098
-1.288124	0.344568	1.528723	2.466098
-1.286124	0.344568	1.528723	2.466098
-1.284124	0.344568	1.528723	2.466098
-1.282124	0.344568	1.528723	2.466098
-1.280124	0.344568	1.528723	2.466098
-1.278124	0.344568	1.528723	2.466098
-1.276124	0.344568	1.528723	2.466098
-1.274124	0.344568	1.528723	2.466098
-1.272124	0.344568	1.528723	2.466098
-1.270124	0.344568	1.528723	2.466098
-1.268124	0.344568	1.528723	2.466098
-1.266124	0.344568	1.528723	2.466098
-1.264124	0.344568	1.528723	2.466098
-1.262124	0.344568	1.528723	2.466098
-1.260124	0.344568	1.528723	2.466098
-1.258124	0.344568	1.528723	2.466098
-1.256124	0.344568	1.528723	2.466098
-1.254124	0.344568	1.528723	2.466098
-1.252124	0.344568	1.528723	2.466098
-1.250124	0.344568	1.528723	2.466098
-1.248124	0.344568	1.528723	2.466098
-1.246124	0.344568	1.528723	2.466098
-1.244124	0.344568	1.528723	2.466098
-1.242124	0.344568	1.528723	2.466098
-1.240124	0.344568	1.528723	2.466098
-1.238124	0.344568	1.528723	2.466098
-1.236124	0.344568	1.528723	2.466098
-1.234124	0.344568	1.528723	2.466098
-1.232124	0.344568	1.528723	2.466098
-1.230124	0.344568	1.528723	2.466098
-1.228124	0.344568	1.528723	2.466098
-1.226124	0.344568	1.528723	2.466098
-1.224124	0.344568	1.528723	2.466098
-1.222124	0.344568	1.528723	2.466098
-1.220124	0.344568	1.528723	2.466098
-1.218124	0.344568	1.528723	2.466098
-1.216124	0.344568	1.528723	2.466098
-1.214124	0.344568	1.528723	2.466098
-1.212124	0.344568	1.528723	2.466098
-1.210124	0.344568	1.528723	2.466098
-1.208124	0.344568	1.528723	2.466098
-1.206124	0.344568	1.528723	2.466098
-1.204124	0.344568	1.528723	2.466098
-1.202124	0.344568	1.528723	2.466098
-1.200124	0.344568	1.528723	2.466098
-1.198124	0.344568	1.528723	2.466098
-1.196124	0.344568	1.528723	2.466098
-1.194124	0.344568	1.528723	2.466098
-1.192124	0.344568	1.528723	2.466098
-1.190124	0.344568	1.528723	2.466098
-1.188124	0.344568	1.528723	2.466098
-1.186124	0.344568	1.528723	2.466098
-1.184124	0.344568	1.528723	2.466098
-1.182124	0.344568	1.528723	2.466098
-1.180124	0.344568	1.528723	2.466098
-1.178124	0.344568	1.528723	2.466098
-1.176124	0.344568	1.528723	2.466098
-1.174124	0.344568	1.528723	2.466098
-1.172124	0.344568	1.528723	2.466098
-1.170124	0.344568	1.528723	2.466098
-1.168124	0.344568	1.528723	2.466098
-1.166124	0.344568	1.528723	2.466098
-1.164124	0.344568	1.528723	2.466098
-1.162124	0.344568	1.528723	2.466098
-1.160124	0.344568	1.528723	2.466098
-1.158124	0.344568	1.528723	2.466098
-1.156124	0.344568	1.528723	2.466098
-1.154124	0.344568	1.528723	2.466098
-1.152124	0.344568	1.528723	2.466098
-1.150124	0.344568	1.528723	2.466098
-1.148124	0.344568	1.528723	2.466098
-1.146124	0.344568	1.528723	2.466098
-1.144124	0.344568	1.528723	2.466098
-1.142124	0.344568	1.528723	2.466098
-1.140124	0.344568	1.528723	2.466098
-1.138124	0.344568	1.528723	2.466098
-1.136124	0.344568	1.528723	2.466098
-1.134124	0.344568	1.528723	2.466098
-1.132124	0.344568	1.528723	2.466098
-1.130124	0.344568	1.528723	2.466098
-1.128124	0.344568	1.528723	2.466098
-1.126124	0.344568	1.528723	2.466098
-1.124124	0.344568	1.528723	2.466098
-1.122124	0.344568	1.528723	2.466098
-1.120124	0.344568	1.528723	2.466098
-1.118124	0.344568	1.528723	2.466098
-1.116124	0.344568	1.528723	2.466098
-1.114124	0.344568	1.528723	2.466098
-1.112124	0.344568	1.528723	2.466098
-1.110124	0.344568	1.528723	2.466098
-1.108124	0.344568	1.528723	2.466098
-1.106124	0.344568	1.528723	2.466098
-1.104124	0.344568	1.528723	2.466098
-1.102124	0.344568	1.528723	2.466098
-1.100124	0.344568	1.528723	2.466098
-1.098124	0.344568	1.528723	2.466098
-1.096124	0.344568	1.528723	2.466098
-1.094124	0.344568	1.528723	2.466098
-1.092124	0.344568	1.528723	2.466098
-1.090124	0.344568	1.528723	2.466098
-1.088124	0.344568	1.528723	2.466098
-1.086124	0.344568	1.528723	2.466098
-1.084124	0.344568	1.528723	2.466098
-1.082124	0.344568	1.528723	2.466098
-1.080124	0.344568	1.528723	2.466098
-1.078124	0.344568	1.528723	2.466098
-1.076124	0.344568	1.528723	2.466098
-1.074124	0.344568	1.528723	2.466098
-1.072124	0.344568	1.528723	2.466098
-1.070124	0.344568	1.528723	2.466098
-1.068124	0.344568	1.528723	2.466098
-1.066124	0.344568	1.528723	2.466098
-1.064124	0.344568	1.528723	2.466098
-1.062124	0.344568	1.528723	2.466098
-1.060124	0.344568	1.528723	2.466098
-1.058124	0.344568	1.528723	2.466098
-1.056124	0.344568	1.528723	2.466098
-1.054124	0.344568	1.528723	2.466098
-1.052124	0.344568	1.528723	2.466098
-1.050124	0.344568	1.528723	2.466098
-1.048124	0.344568	1.528723	2.466098
-1.046124	0.344568	1.528723	2.466098
-1.044124	0.344568	1.528723	2.466098
-1.042124	0.344568	1.528723	2.466098
-1.040124	0.344568	1.528723	2.466098
-1.038124	0.344568	1.528723	2.466098
-1.036124	0.344568	1.528723	2.466098
-1.034124	0.344568	1.528723	2.466098
-1.032124	0.344568	1.528723	2.466098
-1.030124	0.344568	1.528723	2.466098
-1.028124	0.344568	1.528723	2.466098
-1.026124	0.344568	1.528723	2.466098
-1.024124	0.344568	1.528723	2.466098
-1.022124	0.344568	1.528723	2.466098
-1.020124	0.344568	1.528723	2.466098
-1.018124	0.344568	1.528723	2.466098
-1.016124	0.344568	1.528723	2.466098
-1.014124	0.344568	1.528723	2.466098
-1.012124	0.344568	1.528723	2.466098
-1.010124	0.344568	1.528723	2.466098
-1.008124	0.344568	1.528723	2.466098
-1.006124	0.344568	1.528723	2.466098
-1.004124	0.344568	1.528723	2.466098
-1.002124	0.344568	1.528723	2.466098
-1.000124	0.344568	1.528723	2.466098
-0.998124	0.344568	1.528723	2.466098
-0.996124	0.344568	1.528723	2.466098
-0.994124	0.344568	1.528723	2.466098
-0.992124	0.344568	1.528723	2.466098
-0.990124	0.344568	1.528723	2.466098
-0.988124	0.344568	1.528723	2.466098
-0.986124	0.344568	1.528723	2.466098
-0.984124	0.344568	1.528723	2.466098
-0.982124	0.344568	1.528723	2.466098
-0.980124	0.344568	1.528723	2.466098
-0.978124	0.344568	1.528723	2.466098
-0.976124	0.344568	1.528723	2.466098
-0.974124	0.344568	1.528723	2.466098
-0.972124	0.344568	1.528723	2.466098
-0.970124	0.344568	1.528723	2.466098
-0.968124	0.344568	1.528723	2.466098
-0.966124	0.344568	1.528723	2.466098
-0.964124	0.344568	1.528723	2.466098
-0.962124	0.344568	1.528723	2.466098
-0.960124	0.344568	1.528723	2.466098
-0.958124	0.344568	1.528723	2.466098
-0.956124	0.344568	1.528723	2.466098
-0.954124	0.344568	1.528723	2.466098
-0.952124	0.344568	1.528723	2.466098
-0.950124	0.344568	1.528723	2.466098
-0.948124	0.344568	1.528723	2.466098
-0.946124	0.344568	1.528723	2.466098
-0.944124	0.344568	1.528723	2.466098
-0.942124	0.344568	1.528723	2.466098
-0.940124	0.344568	1.528723	2.466098
-0.938124	0.344568	1.528723	2.466098
-0.936124	0.344568	1.528723	2.466098
-0.934124	0.344568	1.528723	2.466098
-0.932124	0.344568	1.528723	2.466098
-0.930124	0.344568	1.528723	2.466098
-0.928124	0.344568	1.528723	2.466098
-0.926124	0.344568	1.528723	2.466098
-0.924124	0.344568	1.528723	2.466098
-0.922124	0.344568	1.528723	2.466098
-0.920124	0.344568	1.528723	2.466098
-0.918124	0.344568	1.528723	2.466098
-0.916124	0.344568	1.528723	2.466098
-0.914124	0.344568	1.528723	2.466098
-0.912124	0.344568	1.528723	2.466098
-0.910124	0.344568	1.528723	2.466098
-0.908124	0.344568	1.528723	2.466098
-0.906124	0.344568	1.528723	2.466098
-0.904124	0.344568	1.528723	2.466098
-0.902124	0.344568	1.528723	2.466098
-0.900124	0.344568	1.528723	2.466098
-0.898124	0.344568	1.528723	2.466098
-0.896124	0.344568	1.528723	2.466098
-0.894124	0.344568	1.528723	2.466098
-0.892124	0.344568	1.528723	2.466098
-0.890124	0.344568	1.528723	2.466098
-0.888124	0.344568	1.528723	2.466098
-0.886124	0.344568	1.528723	2.466098
-0.884124	0.344568	1.528723	2.466098
-0.882124	0.344568	1.528723	2.466098
-0.880124	0.344568	1.528723	2.466098
-0.878124	0.344568	1.528723	2.466098
-0.876124	0.344568	1.528723	2.466098
-0.874124	0.344568	1.528723	2.466098
-0.872124	0.344568	1.528723	2.466098
-0.870124	0.344568	1.528723	2.466098
-0.868124	0.344568	1.528723	2.466098
-0.866124	0.344568	1.528723	2.466098
-0.864124	0.344568	1.528723	2.466098
-0.862124	0.344568	1.528723	2.466098
-0.860124	0.344568	1.528723	2.466098
-0.858124	0.344568	1.528723	2.466098
-0.856124	0.344568	1.528723	2.466098
-0.854124	0.344568	1.528723	2.466098
-0.852124	0.344568	1.528723	2.466098
-0.850124	0.344568	1.528723	2.466098
-0.848124	0.344568	1.528723	2.466098
-0.846124	0.344568	1.528723	2.466098
-0.844124	0.344568	1.528723	2.466098
-0.842124	0.344568	1.528723	2.466098
-0.840124	0.344568	1.528723	2.466098
-0.838124	0.344568	1.528723	2.466098
-0.836124	0.344568	1.528723	2.466098
-0.834124	0.344568	1.528723	2.466098
-0.832124	0.344568	1.528723	2.466098
-0.830124	0.344568	1.528723	2.466098
-0.828124	0.344568	1.528723	2.466098
-0.826124	0.344568	1.528723	2.466098
-0.824124	0.344568	1.528723	2.466098
-0.822124	0.344568	1.528723	2.466098
-0.820124	0.344568	1.528723	2.466098
-0.818124	0.344568	1.528723	2.466098
-0.816124	0.344568	1.528723	2.466098
-0.814124	0.344568	1.528723	2.466098
-0.812124	0.344568	1.528723	2.466098
-0.810124	0.344568	1.528723	2.466098
-0.808124	0.344568	1.528723	2.466098
-0.806124	0.344568	1.528723	2.466098
-0.804124	0.344568	1.528723	2.466098
-0.802124	0.344568	1.528723	2.466098
-0.800124	0.344568	1.528723	2.466098
-0.798124	0.344568	1.528723	2.466098
-0.796124	0.344568	1.528723	2.466098
-0.794124	0.344568	1.528723	2.466098
-0.792124	0.344568	1.528723	2.466098
-0.790124	0.344568	1.528723	2.466098
-0.788124	0.344568	1.528723	2.466098
-0.786124	0.344568	1.528723	2.466098
-0.784124	0.344568	1.528723	2.466098
-0.782124	0.344568	1.528723	2.466098
-0.780124	0.344568	1.528723	2.466098
-0.778124	0.344568	1.528723	2.466098
-0.776124	0.344568	1.528723	2.466098
-0.774124	0.344568	1.528723	2.466098
-0.772124	0.344568	1.528723	2.466098
-0.770124	0.344568	1.528723	2.466098
-0.768124	0.344568	1.528723	2.466098
-0.766124	0.344568	1.528723	2.466098
-0.764124	0.344568	1.528723	2.466098
-0.762124	0.344568	1.528723	2.466098
-0.760124	0.344568	1.528723	2.466098
-0.758124	0.344568	1.528723	2.466098
-0.756124	0.344568	1.528723	2.466098
-0.754124	0.344568	1.528723	2.466098
-0.752124	0.344568	1.528723	2.466098
-0.750124	0.344568	1.528723	2.466098
-0.748124	0.344568	1.528723	2.466098
-0.746124	0.344568	1.528723	2.466098
-0.744124	0.344568	1.528723	2.466098
-0.742124	0.344568	1.528723	2.466098
-0.740124	0.344568	1.528723	2.466098
-0.738124	0.344568	1.528723	2.466098
-0.736124	0.344568	1.528723	2.466098
-0.734124	0.344568	1.528723	2.466098
-0.732124	0.344568	1.528723	2.466098
-0.730124	0.344568	1.528723	2.466098
-0.728124	0.344568	1.528723	2.466098
-0.726124	0.344568	1.528723	2.466098
-0.724124	0.344568	1.528723	2.466098
-0.722124	0.344568	1.528723	2.466098
-0.720124	0.344568	1.528723	2.466098
-0.718124	0.344568	1.528723	2.466098
-0.716124	0.344568	1.528723	2.466098
-0.714124	0.344568	1.528723	2.466098
-0.712124	0.344568	1.528723	2.466098
-0.710124	0.344568	1.528723	2.466098
-0.708124	0.344568	1.528723	2.466098
-0.706124	0.344568	1.528723	2.466098
-0.704124	0.344568	1.528723	2.466098
-0.702124	0.344568	1.528723	2.466098
-0.700124	0.344568	1.528723	2.466098
-0.698124	0.344568	1.528723	2.466098
-0.696124	0.344568	1.528723	2.466098
-0.694124	0.344568	1.528723	2.466098
-0.692124	0.344568	1.528723	2.466098
-0.690124	0.344568	1.528723	2.466098
-0.688124	0.344568	1.528723	2.466098
-0.686124	0.344568	1.528723	2.466098
-0.684124	0.344568	1.528723	2.466098
-0.682124	0.344568	1.528723	2.466098
-0.680124	0.344568	1.528723	2.466098
-0.678124	0.344568	1.528723	2.466098
-0.676124	0.344568	1.528723	2.466098
-0.674124	0.344568	1.528723	2.466098
-0.672124	0.344568	1.528723	2.466098
-0.670124	0.344568	1.528723	2.466098
-0.668124	0.344568	1.528723	2.466098
-0.666124	0.344568	1.528723	2.466098
-0.664124	0.344568	1.528723	2.466098
-0.662124	0.344568	1.528723	2.466098
-0.660124	0.344568	1.528723	2.466098
-0.658124	0.344568	1.528723	2.466098
-0.656124	0.344568	1.528723	2.466098
-0.654124	0.344568	1.528723	2.466098
-0.652124	0.344568	1.528723	2.466098
-0.650124	0.344568	1.528723	2.466098
-0.648124	0.344568	1.528723	2.466098
-0.646124	0.344568	1.528723	2.466098
-0.644124	0.344568	1.528723	2.466098
-0.642124	0.344568	1.528723	2.466098
-0.640124	0.344568	1.528723	2.466098
-0.638124	0.344568	1.528723	2.466098
-0.636124	0.344568	1.528723	2.466098
-0.634124	0.344568	1.528723	2.466098
-0.632124	0.344568	1.528723	2.466098
-0.630124	0.344568	1.528723	2.466098
-0.628124	0.344568	1.528723	2.466098
-0.626124	0.344568	1.528723	2.466098
-0.624124	0.344568	1.528723	2.466098
-0.622124	0.344568	1.528723	2.466098
-0.620124	0.344568	1.528723	2.466098
-0.618124	0.344568	1.528723	2.466098
-0.616124	0.344568	1.528723	2.466098
-0.614124	0.344568	1.528723	2.466098
-0.612124	0.344568	1.528723	2.466098
-0.610124	0.344568	1.528723	2.466098
-0.608124	0.344568	1.528723	2.466098
-0.606124	0.344568	1.528723	2.466098
-0.604124	0.344568	1.528723	2.466098
-0.602124	0.344568	1.528723	2.466098
-0.600124	0.344568	1.528723	2.466098
-0.598124	0.344568	1.528723	2.466098
-0.596124	0.344568	1.528723	2.466098
-0.594124	0.344568	1.528723	2.466098
-0.592124	0.344568	1.528723	2.466098
-0.590124	0.344568	1.528723	2.466098
-0.588124	0.344568	1.528723	2.466098
-0.586124	0.344568	1.528723	2.466098
-0.584124	0.344568	1.528723	2.466098
-0.582124	0.344568	1.528723	2.466098
-0.580124	0.344568	1.528723	2.466098
-0.578124	0.344568	1.528723	2.466098
-0.576124	0.344568	1.528723	2.466098
-0.574124	0.344568	1.528723	2.466098
-0.572124	0.344568	1.528723	2.466098
-0.570124	0.344568	1.528723	2.466098
-0.568124	0.344568	1.528723	2.466098
-0.566124	0.344568	1.528723	2.466098
-0.564124	0.344568	1.528723	2.466098
-0.562124	0.344568	1.528723	2.466098
-0.560124	0.344568	1.528723	2.466098
-0.558124	0.344568	1.528723	2.466098
-0.556124	0.344568	1.528723	2.466098
-0.554124	0.344568	1.528723	2.466098
-0.552124	0.344568	1.528723	2.466098
-0.550124	0.344568	1.528723	2.466098
-0.548124	0.344568	1.528723	2.466098
-0.546124	0.344568	1.528723	2.466098
-0.544124	0.344568	1.528723	2.466098
-0.542124	0.344568	1.528723	2.466098
-0.540124	0.344568	1.528723	2.466098
-0.538124	0.344568	1.528723	2.466098
-0.536124	0.344568	1.528723	2.466098
-0.534124	0.344568	1.528723	2.466098
-0.532124	0.344568	1.528723	2.466098
-0.530124	0.344568	1.528723	2.466098
-0.528124	0.344568	1.528723	2.466098
-0.526124	0.344568	1.528723	2.466098
-0.524124	0.344568	1.528723	2.466098
-0.522124	0.344568	1.528723	2.466098
-0.520124	0.344568	1.528723	2.466098
-0.518124	0.344568	1.528723	2.466098
-0.516124	0.344568	1.528723	2.466098
-0.514124	0.344568	1.528723	2.466098
-0.512124	0.344568	1.528723	2.466098
-0.510124	0.344568	1.528723	2.466098
-0.508124	0.344568	1.528723	2.466098
-0.506124	0.344568	1.528723	2.466098
-0.504124	0.344568	1.528723	2.466098
-0.502124	0.344568	1.528723	2.466098
-0.500124	0.344568	1.528723	2.466098
-0.498124	0.344568	1.528723	2.466098
-0.496124	0.344568	1.528723	2.466098
-0.494124	0.344568	1.528723	2.466098
-0.492124	0.344568	1.528723	2.466098
-0.490124	0.344568	1.528723	2.466098
-0.488124	0.344568	1.528723	2.466098
-0.486124	0.344568	1.528723	2.466098
-0.484124	0.344568	1.528723	2.466098
-0.482124	0.344568	1.528723	2.466098
-0.480124	0.344568	1.528723	2.466098
-0.478124	0.344568	1.528723	2.466098
-0.476124	0.344568	1.528723	2.466098
-0.474124	0.344568	1.528723	2.466098
-0.472124	0.344568	1.528723	2.466098
-0.470124	0.344568	1.528723	2.466098
-0.468124	0.344568	1.528723	2.466098
-0.466124	0.344568	1.528723	2.466098
-0.464124	0.344568	1.528723	2.466098
-0.462124	0.344568	1.528723	2.466098
-0.460124	0.344568	1.528723	2.466098
-0.458124	0.344568	1.528723	2.466098
-0.456124	0.344568	1.528723	2.466098
-0.454124	0.344568	1.528723	2.466098
-0.452124	0.344568	1.528723	2.466098
-0.450124	0.344568	1.528723	2.466098
-0.448124	0.344568	1.528723	2.466098
-0.446124	0.344568	1.528723	2.466098
-0.444124	0.344568	1.528723	2.466098
-0.442124	0.344568	1.528723	2.466098
-0.440124	0.344568	1.528723	2.466098
-0.438124	0.344568	1.528723	2.466098
-0.436124	0.344568	1.528723	2.466098
-0.434124	0.344568	1.528723	2.466098
-0.432124	0.344568	1.528723	2.466098
-0.430124	0.344568	1.528723	2.466098
-0.428124	0.344568	1.528723	2.466098
-0.426124	0.344568	1.528723	2.466098
-0.424124	0.344568	1.528723	2.466098
-0.422124	0.344568	1.528723	2.466098
-0.420124	0.344568	1.528723	2.466098
-0.418124	0.344568	1.528723	2.466098
-0.416124	0.344568	1.528723	2.466098
-0.414124	0.344568	1.528723	2.466098
-0.412124	0.344568	1.528723	2.466098
-0.410124	0.344568	1.528723	2.466098
-0.408124	0.344568	1.528723	2.466098
-0.406124	0.344568	1.528723	2.466098
-0.404124	0.344568	1.528723	2.466098
-0.402124	0.344568	1.528723	2.466098
-0.400124	0.344568	1.528723	2.466098
-0.398124	0.344568	1.528723	2.466098
-0.396124	0.344568	1.528723	2.466098
-0.394124	0.344568	1.528723	2.466098
-0.392124	0.344568	1.528723	2.466098
-0.390124	0.344568	1.528723	2.466098
-0.388124	0.344568	1.528723	2.466098
-0.386124	0.344568	1.528723	2.466098
-0.384124	0.344568	1.528723	2.466098
-0.382124	0.344568	1.528723	2.466098
-0.380124	0.344568	1.528723	2.466098
-0.378124	0.344568	1.528723	2.466098
-0.376124	0.344568	1.528723	2.466098
-0.374124	0.344568	1.528723	2.466098
-0.372124	0.344568	1.528723	2.466098
-0.370124	0.344568	1.528723	2.466098
-0.368124	0.344568	1.528723	2.466098
-0.366124	0.344568	1.528723	2.466098
-0.364124	0.344568	1.528723	2.466098
-0.362124	0.344568	1.528723	2.466098
-0.360124	0.344568	1.528723	2.466098
-0.358124	0.344568	1.528723	2.466098
-0.356124	0.344568	1.528723	2.466098
-0.354124	0.344568	1.528723	2.466098
-0.352124	0.344568	1.528723	2.466098
-0.350124	0.344568	1.528723	2.466098
-0.348124	0.344568	1.528723	2.466098
-0.346124	0.344568	1.528723	2.466098
-0.344124	0.344568	1.528723	2.466098
-0.342124	0.344568	1.528723	2.466098
-0.340124	0.344568	1.528723	2.466098
-0.338124	0.344568	1.528723	2.466098
-0.336124	0.344568	1.528723	2.466098
-0.334124	0.344568	1.528723	2.466098
-0.332124	0.344568	1.528723	2.466098
-0.330124	0.344568	1.528723	2.466098
-0.328124	0.344568	1.528723	2.466098
-0.326124	0.344568	1.528723	2.466098
-0.324124	0.344568	1.528723	2.466098
-0.322124	0.344568	1.528723	2.466098
-0.320124	0.344568	1.528723	2.466098
-0.318124	0.344568	1.528723	2.466098
-0.316124	0.344568	1.528723	2.466098
-0.314124	0.344568	1.528723	2.466098
-0.312124	0.344568	1.528723	2.466098
-0.310124	0.344568	1.528723	2.466098
-0.308124	0.344568	1.528723	2.466098
-0.306124	0.344568	1.528723	2.466098
-0.304124	0.344568	1.528723	2.466098
-0.302124	0.344568	1.528723	2.466098
-0.300124	0.344568	1.528723	2.466098
-0.298124	0.344568	1.528723	2.466098
-0.296124	0.344568	1.528723	2.466098
-0.294124	0.344568	1.528723	2.466098
-0.292124	0.344568	1.528723	2.466098
-0.290124	0.344568	1.528723	2.466098
-0.288124	0.344568	1.528723	2.466098
-0.286124	0.344568	1.528723	2.466098
-0.284124	0.344568	1.528723	2.466098
-0.282124	0.344568	1.528723	2.466098
-0.280124	0.344568	1.528723	2.466098
-0.278124	0.344568	1.528723	2.466098
-0.276124	0.344568	1.528723	2.466098
-0.274124	0.344568	1.528723	2.466098
-0.272124	0.344568	1.528723	2.466098
-0.270124	0.344568	1.528723	2.466098
-0.268124	0.344568	1.528723	2.466098
-0.266124	0.344568	1.528723	2.466098
-0.264124	0.344568	1.528723	2.466098
-0.262124	0.344568	1.528723	2.466098
-0.260124	0.344568	1.528723	2.466098
-0.258124	0.344568	1.528723	2.466098
-0.256124	0.344568	1.528723	2.466098
-0.254124	0.344568	1.528723	2.466098
-0.252124	0.344568	1.528723	2.466098
-0.250124	0.344568	1.528723	2.466098
-0.248124	0.344568	1.528723	2.466098
-0.246124	0.344568	1.528723	2.466098
-0.244124	0.344568	1.528723	2.466098
-0.242124	0.344568	1.528723	2.466098
-0.240124	0.344568	1.528723	2.466098
-0.238124	0.344568	1.528723	2.466098
-0.236124	0.344568	1.528723	2.466098
-0.234124	0.344568	1.528723	2.466098
-0.232124	0.344568	1.528723	2.466098
-0.230124	0.344568	1.528723	2.466098
-0.228124	0.344568	1.528723	2.466098
-0.226124	0.344568	1.528723	2.466098
-0.224124	0.344568	1.528723	2.466098
-0.222124	0.344568	1.528723	2.466098
-0.220124	0.344568	1.528723	2.466098
-0.218124	0.344568	1.528723	2.466098
-0.216124	0.344568	1.528723	2.466098
-0.214124	0.344568	1.528723	2.466098
-0.212124	0.344568	1.528723	2.466098
-0.210124	0.344568	1.528723	2.466098
-0.208124	0.344568	1.528723	2.466098
-0.206124	0.344568	1.528723	2.466098
-0.204124	0.344568	1.528723	2.466098
-0.202124	0.344568	1.528723	2.466098
-0.200124	0.344568	1.528723	2.466098
-0.198124	0.344568	1.528723	2.466098
-0.196124	0.344568	1.528723	2.466098
-0.194124	0.344568	1.528723	2.466098
-0.192124	0.344568	1.528723	2.466098
-0.190124	0.344568	1.528723	2.466098
-0.188124	0.344568	1.528723	2.466098
-0.186124	0.344568	1.528723	2.466098
-0.184124	0.344568	1.528723	2.466098
-0.182124	0.344568	1.528723	2.466098
-0.180124	0.344568	1.528723	2.466098
-0.178124	0.344568	1.528723	2.466098
-0.176124	0.344568	1.528723	2.466098
-0.174124	0.344568	1.528723	2.466098
-0.172124	0.344568	1.528723	2.466098
-0.170124	0.344568	1.528723	2.466098
-0.168124	0.344568	1.528723	2.466098
-0.166124	0.344568	1.528723	2.466098
-0.164124	0.344568	1.528723	2.466098
-0.162124	0.344568	1.528723	2.466098
-0.160124	0.344568	1.528723	2.466098
-0.158124	0.344568	1.528723	2.466098
-0.156124	0.344568	1.528723	2.466098
-0.154124	0.344568	1.528723	2.466098
-0.152124	0.344568	1.528723	2.466098
-0.150124	0.344568	1.528723	2.466098
-0.148124	0.344568	1.528723	2.466098
-0.146124	0.344568	1.528723	2.466098
-0.144124	0.344568	1.528723	2.466098
-0.142124	0.344568	1.528723	2.466098
-0.140124	0.344568	1.528723	2.466098
-0.138124	0.344568	1.528723	2.466098
-0.136124	0.344568	1.528723	2.466098
-0.134124	0.344568	1.528723	2.466098
-0.132124	0.344568	1.528723	2.466098
-0.130124	0.344568	1.528723	2.466098
-0.128124	0.344568	1.528723	2.466098
-0.126124	0.344568	1.528723	2.466098
-0.124124	0.344568	1.528723	2.466098
-0.122124	0.344568	1.528723	2.466098
-0.120124	0.344568	1.528723	2.466098
-0.118124	0.344568	1.528723	2.466098
-0.116124	0.344568	1.528723	2.466098
-0.114124	0.344568	1.528723	2.466098
-0.112124	0.344568	1.528723	2.466098
-0.110124	0.344568	1.528723	2.466098
-0.108124	0.344568	1.528723	2.466098
-0.106124	0.344568	1.528723	2.466098
-0.104124	0.344568	1.528723	2.466098
-0.102124	0.344568	1.528723	2.466098
-0.100124	0.344568	1.528723	2.466098
-0.098124	0.344568	1.528723	2.466098
-0.096124	0.344568	1.528723	2.466098
-0.094124	0.344568	1.528723	2.466098
-0.092124	0.344568	1.528723	2.466098
-0.090124	0.344568	1.528723	2.466098
-0.088124	0.344568	1.528723	2.466098
-0.086124	0.344568	1.528723	2.466098
-0.084124	0.344568	1.528723	2.466098
-0.082124	0.344568	1.528723	2.466098
-0.080124	0.344568	1.528723	2.466098
-0.078124	0.344568	1.528723	2.466098
-0.076124	0.344568	1.528723	2.466098
-0.074124	0.344568	1.528723	2.466098
-0.072124	0.344568	1.528723	2.466098
-0.070124	0.344568	1.528723	2.466098
-0.068124	0.344568	1.528723	2.466098
-0.066124	0.344568	1.528723	2.466098
-0.064124	0.344568	1.528723	2.466098
-0.062124	0.344568	1.528723	2.466098
-0.060124	0.344568	1.528723	2.466098
-0.058124	0.344568	1.528723	2.466098
-0.056124	0.344568	1.528723	2.466098
-0.054124	0.344568	1.528723	2.466098
-0.052124	0.344568	1.528723	2.466098
-0.050124	0.344568	1.528723	2.466098
-0.048124	0.344568	1.528723	2.466098
-0.046124	0.344568	1.528723	2.466098
-0.044124	0.344568	1.528723	2.466098
-0.042124	0.344568	1.528723	2.466098
-0.040124	0.344568	1.528723	2.466098
-0.038124	0.344568	1.528723	2.466098
-0.036124	0.344568	1.528723	2.466098
-0.034124	0.344568	1.528723	2.466098
-0.032124	0.344568	1.528723	2.466098
-0.030124	0.344568	1.528723	2.466098
-0.028124	0.344568	1.528723	2.466098
-0.026124	0.344568	1.528723	2.466098
-0.024124	0.344568	1.528723	2.466098
-0.022124	0.344568	1.528723	2.466098
-0.020124	0.344568	1.528723	2.466098
-0.018124	0.344568	1.528723	2.466098
-0.016124	0.344568	1.528723	2.466098
-0.014124	0.344568	1.528723	2.466098
-0.012124	0.344568	1.528723	2.466098
-0.010124	0.344568	1.528723	2.466098
-0.008124	0.344568	1.528723	2.466098
-0.006124	0.344568	1.528723	2.466098
-0.004124	0.344568	1.528723	2.466098
-0.002124	0.344568	1.528723	2.466098
-0.000124	0.344568	1.528723	2.466098
0.001876	0.344568	1.528723	2.466098
0.003876	0.344568	1.528723	2.466098
0.005876	0.344568	1.528723	2.466098
0.007876	0.344568	1.528723	2.466098
0.009876	0.344568	1.528723	2.466098
0.011876	0.344568	1.528723	2.466098
0.013876	0.344568	1.528723	2.466098
0.015876	0.344568	1.528723	2.466098
0.017876	0.344568	1.528723	2.466098
0.019876	0.344568	1.528723	2.466098
0.021876	0.344568	1.528723	2.466098
0.023876	0.344568	1.528723	2.466098
0.025876	0.344568	1.528723	2.466098
0.027876	0.344568	1.528723	2.466098
0.029876	0.344568	1.528723	2.466098
0.031876	0.344568	1.528723	2.466098
0.033876	0.344568	1.528723	2.466098
0.035876	0.344568	1.528723	2.466098
0.037876	0.344568	1.528723	2.466098
0.039876	0.344568	1.528723	2.466098
0.041876	0.344568	1.528723	2.466098
0.043876	0.344568	1.528723	2.466098
0.045876	0.344568	1.528723	2.466098
0.047876	0.344568	1.528723	2.466098
0.049876	0.344568	1.528723	2.466098
0.051876	0.344568	1.528723	2.466098
0.053876	0.344568	1.528723	2.466098
0.055876	0.344568	1.528723	2.466098
0.057876	0.344568	1.528723	2.466098
0.059876	0.344568	1.528723	2.466098
0.061876	0.344568	1.528723	2.466098
0.063876	0.344568	1.528723	2.466098
0.065876	0.344568	1.528723	2.466098
0.067876	0.344568	1.528723	2.466098
0.069876	0.344568	1.528723	2.466098
0.071876	0.344568	1.528723	2.466098
0.073876	0.344568	1.528723	2.466098
0.075876	0.344568	1.528723	2.466098
0.077876	0.344568	1.528723	2.466098
0.079876	0.344568	1.528723	2.466098
0.081876	0.344568	1.528723	2.466098
0.083876	0.344568	1.528723	2.466098
0.085876	0.344568	1.528723	2.466098
0.087876	0.344568	1.528723	2.466098
0.089876	0.344568	1.528723	2.466098
0.091876	0.344568	1.528723	2.466098
0.093876	0.344568	1.528723	2.466098
0.095876	0.344568	1.528723	2.466098
0.097876	0.344568	1.528723	2.466098
0.099876	0.344568	1.528723	2.466098
0.101876	0.344568	1.528723	2.466098
0.103876	0.344568	1.528723	2.466098
0.105876	0.344568	1.528723	2.466098
0.107876	0.344568	1.528723	2.466098
0.109876	0.344568	1.528723	2.466098
0.111876	0.344568	1.528723	2.466098
0.113876	0.344568	1.528723	2.466098
0.115876	0.344568	1.528723	2.466098
0.117876	0.344568	1.528723	2.466098
0.119876	0.344568	1.528723	2.466098
0.121876	0.344568	1.528723	2.466098
0.123876	0.344568	1.528723	2.466098
0.125876	0.344568	1.528723	2.466098
0.127876	0.344568	1.528723	2.466098
0.129876	0.344568	1.528723	2.466098
0.131876	0.344568	1.528723	2.466098
0.133876	0.344568	1.528723	2.466098
0.135876	0.344568	1.528723	2.466098
0.137876	0.344568	1.528723	2.466098
0.139876	0.344568	1.528723	2.466098
0.141876	0.344568	1.528723	2.466098
0.143876	0.344568	1.528723	2.466098
0.145876	0.344568	1.528723	2.466098
0.147876	0.344568	1.528723	2.466098
0.149876	0.344568	1.528723	2.466098
0.151876	0.344568	1.528723	2.466098
0.153876	0.344568	1.528723	2.466098
0.155876	0.344568	1.528723	2.466098
0.157876	0.344568	1.528723	2.466098
0.159876	0.344568	1.528723	2.466098
0.161876	0.344568	1.528723	2.466098
0.163876	0.344568	1.528723	2.466098
0.165876	0.344568	1.528723	2.466098
0.167876	0.344568	1.528723	2.466098
0.169876	0.344568	1.528723	2.466098
0.171876	0.344568	1.528723	2.466098
0.173876	0.344568	1.528723	2.466098
0.175876	0.344568	1.528723	2.466098
0.177876	0.344568	1.528723	2.466098
0.179876	0.344568	1.528723	2.466098
0.181876	0.344568	1.528723	2.466098
0.183876	0.344568	1.528723	2.466098
0.185876	0.344568	1.528723	2.466098
0.187876	0.344568	1.528723	2.466098
0.189876	0.344568	1.528723	2.466098
0.191876	0.344568	1.528723	2.466098
0.193876	0.344568	1.528723	2.466098
0.195876	0.344568	1.528723	2.466098
0.197876	0.344568	1.528723	2.466098
0.199876	0.344568	1.528723	2.466098
0.201876	0.344568	1.528723	2.466098
0.203876	0.344568	1.528723	2.466098
0.205876	0.344568	1.528723	2.466098
0.207876	0.344568	1.528723	2.466098
0.209876	0.344568	1.528723	2.466098
0.211876	0.344568	1.528723	2.466098
0.213876	0.344568	1.528723	2.466098
0.215876	0.344568	1.528723	2.466098
0.217876	0.344568	1.528723	2.466098
0.219876	0.344568	1.528723	2.466098
0.221876	0.344568	1.528723	2.466098
0.223876	0.344568	1.528723	2.466098
0.225876	0.344568	1.528723	2.466098
0.227876	0.344568	1.528723	2.466098
0.229876	0.344568	1.528723	2.466098
0.231876	0.344568	1.528723	2.466098
0.233876	0.344568	1.528723	2.466098
0.235876	0.344568	1.528723	2.466098
0.237876	0.344568	1.528723	2.466098
0.239876	0.344568	1.528723	2.466098
0.241876	0.344568	1.528723	2.466098
0.243876	0.344568	1.528723	2.466098
0.245876	0.344568	1.528723	2.466098
0.247876	0.344568	1.528723	2.466098
0.249876	0.344568	1.528723	2.466098
0.251876	0.344568	1.528723	2.466098
0.253876	0.344568	1.528723	2.466098
0.255876	0.344568	1.528723	2.466098
0.257876	0.344568	1.528723	2.466098
0.259876	0.344568	1.528723	2.466098
0.261876	0.344568	1.528723	2.466098
0.263876	0.344568	1.528723	2.466098
0.265876	0.344568	1.528723	2.466098
0.267876	0.344568	1.528723	2.466098
0.269876	0.344568	1.528723	2.466098
0.271876	0.344568	1.528723	2.466098
0.273876	0.344568	1.528723	2.466098
0.275876	0.344568	1.528723	2.466098
0.277876	0.344568	1.528723	2.466098
0.279876	0.344568	1.528723	2.466098
0.281876	0.344568	1.528723	2.466098
0.283876	0.344568	1.528723	2.466098
0.285876	0.344568	1.528723	2.466098
0.287876	0.344568	1.528723	2.466098
0.289876	0.344568	1.528723	2.466098
0.291876	0.344568	1.528723	2.466098
0.293876	0.344568	1.528723	2.466098
0.295876	0.344568	1.528723	2.466098
0.297876	0.344568	1.528723	2.466098
0.299876	0.344568	1.528723	2.466098
0.301876	0.344568	1.528723	2.466098
0.303876	0.344568	1.528723	2.466098
0.305876	0.344568	1.528723	2.466098
0.307876	0.344568	1.528723	2.466098
0.309876	0.344568	1.528723	2.466098
0.311876	0.344568	1.528723	2.466098
0.313876	0.344568	1.528723	2.466098
0.315876	0.344568	1.528723	2.466098
0.317876	0.344568	1.528723	2.466098
0.319876	0.344568	1.528723	2.466098
0.321876	0.344568	1.528723	2.466098
0.323876	0.344568	1.528723	2.466098
0.325876	0.344568	1.528723	2.466098
0.327876	0.344568	1.528723	2.466098
0.329876	0.344568	1.528723	2.466098
0.331876	0.344568	1.528723	2.466098
0.333876	0.344568	1.528723	2.466098
0.335876	0.344568	1.528723	2.466098
0.337876	0.344568	1.528723	2.466098
0.339876	0.344568	1.528723	2.466098
0.341876	0.344568	1.528723	2.466098
0.343876	0.344568	1.528723	2.466098
0.345876	0.344568	1.528723	2.466098
0.347876	0.344568	1.528723	2.466098
0.349876	0.344568	1.528723	2.466098
0.351876	0.344568	1.528723	2.466098
0.353876	0.344568	1.528723	2.466098
0.355876	0.344568	1.528723	2.466098
0.357876	0.344568	1.528723	2.466098
0.359876	0.344568	1.528723	2.466098
0.361876	0.344568	1.528723	2.466098
0.363876	0.344568	1.528723	2.466098
0.365876	0.344568	1.528723	2.466098
0.367876	0.344568	1.528723	2.466098
0.369876	0.344568	1.528723	2.466098
0.371876	0.344568	1.528723	2.466098
0.373876	0.344568	1.528723	2.466098
0.375876	0.344568	1.528723	2.466098
0.377876	0.344568	1.528723	2.466098
0.379876	0.344568	1.528723	2.466098
0.381876	0.344568	1.528723	2.466098
0.383876	0.344568	1.528723	2.466098
0.385876	0.344568	1.528723	2.466098
0.387876	0.344568	1.528723	2.466098
0.389876	0.344568	1.528723	2.466098
0.391876	0.344568	1.528723	2.466098
0.393876	0.344568	1.528723	2.466098
0.395876	0.344568	1.528723	2.466098
0.397876	0.344568	1.528723	2.466098
0.399876	0.344568	1.528723	2.466098
0.401876	0.344568	1.528723	2.466098
0.403876	0.344568	1.528723	2.466098
0.405876	0.344568	1.528723	2.466098
0.407876	0.344568	1.528723	2.466098
0.409876	0.344568	1.528723	2.466098
0.411876	0.344568	1.528723	2.466098
0.413876	0.344568	1.528723	2.466098
0.415876	0.344568	1.528723	2.466098
0.417876	0.344568	1.528723	2.466098
0.419876	0.344568	1.528723	2.466098
0.421876	0.344568	1.528723	2.466098
0.423876	0.344568	1.528723	2.466098
0.425876	0.344568	1.528723	2.466098
0.427876	0.344568	1.528723	2.466098
0.429876	0.344568	1.528723	2.466098
0.431876	0.344568	1.528723	2.466098
0.433876	0.344568	1.528723	2.466098
0.435876	0.344568	1.528723	2.466098
0.437876	0.344568	1.528723	2.466098
0.439876	0.344568	1.528723	2.466098
0.441876	0.344568	1.528723	2.466098
0.443876	0.344568	1.528723	2.466098
0.445876	0.344568	1.528723	2.466098
0.447876	0.344568	1.528723	2.466098
0.449876	0.344568	1.528723	2.466098
0.451876	0.344568	1.528723	2.466098
0.453876	0.344568	1.528723	2.466098
0.455876	0.344568	1.528723	2.466098
0.457876	0.344568	1.528723	2.466098
0.459876	0.344568	1.528723	2.466098
0.461876	0.344568	1.528723	2.466098
0.463876	0.344568	1.528723	2.466098
0.465876	0.344568	1.528723	2.466098
0.467876	0.344568	1.528723	2.466098
0.469876	0.344568	1.528723	2.466098
0.471876	0.344568	1.528723	2.466098
0.473876	0.344568	1.528723	2.466098
0.475876	0.344568	1.528723	2.466098
0.477876	0.344568	1.528723	2.466098
0.479876	0.344568	1.528723	2.466098
0.481876	0.344568	1.528723	2.466098
0.483876	0.344568	1.528723	2.466098
0.485876	0.344568	1.528723	2.466098
0.487876	0.344568	1.528723	2.466098
0.489876	0.344568	1.528723	2.466098
0.491876	0.344568	1.528723	2.466098
0.493876	0.344568	1.528723	2.466098
0.495876	0.344568	1.528723	2.466098
0.497876	0.344568	1.528723	2.466098
0.499876	0.344568	1.528723	2.466098
0.501876	0.344568	1.528723	2.466098
0.503876	0.344568	1.528723	2.466098
0.505876	0.344568	1.528723	2.466098
0.507876	0.344568	1.528723	2.466098
0.509876	0.344568	1.528723	2.466098
0.511876	0.344568	1.528723	2.466098
0.513876	0.344568	1.528723	2.466098
0.515876	0.344568	1.528723	2.466098
0.517876	0.344568	1.528723	2.466098
0.519876	0.344568	1.528723	2.466098
0.521876	0.344568	1.528723	2.466098
0.523876	0.344568	1.528723	2.466098
0.525876	0.344568	1.528723	2.466098
0.527876	0.344568	1.528723	2.466098
0.529876	0.344568	1.528723	2.466098
0.531876	0.344568	1.528723	2.466098
0.533876	0.344568	1.528723	2.466098
0.535876	0.344568	1.528723	2.466098
0.537876	0.344568	1.528723	2.466098
0.539876	0.344568	1.528723	2.466098
0.541876	0.344568	1.528723	2.466098
0.543876	0.344568	1.528723	2.466098
0.545876	0.344568	1.528723	2.466098
0.547876	0.344568	1.528723	2.466098
0.549876	0.344568	1.528723	2.466098
0.551876	0.344568	1.528723	2.466098
0.553876	0.344568	1.528723	2.466098
0.555876	0.344568	1.528723	2.466098
0.557876	0.344568	1.528723	2.466098
0.559876	0.344568	1.528723	2.466098
0.561876	0.344568	1.528723	2.466098
0.563876	0.344568	1.528723	2.466098
0.565876	0.344568	1.528723	2.466098
0.567876	0.344568	1.528723	2.466098
0.569876	0.344568	1.528723	2.466098
0.571876	0.344568	1.528723	2.466098
0.573876	0.344568	1.528723	2.466098
0.575876	0.344568	1.528723	2.466098
0.577876	0.344568	1.528723	2.466098
0.579876	0.344568	1.528723	2.466098
0.581876	0.344568	1.528723	2.466098
0.583876	0.344568	1.528723	2.466098
0.585876	0.344568	1.528723	2.466098
0.587876	0.344568	1.528723	2.466098
0.589876	0.344568	1.528723	2.466098
0.591876	0.344568	1.528723	2.466098
0.593876	0.344568	1.528723	2.466098
0.595876	0.344568	1.528723	2.466098
0.597876	0.344568	1.528723	2.466098
0.599876	0.344568	1.528723	2.466098
0.601876	0.344568	1.528723	2.466098
0.603876	0.344568	1.528723	2.466098
0.605876	0.344568	1.528723	2.466098
0.607876	0.344568	1.528723	2.466098
0.609876	0.344568	1.528723	2.466098
0.611876	0.344568	1.528723	2.466098
0.613876	0.344568	1.528723	2.466098
0.615876	0.344568	1.528723	2.466098
0.617876	0.344568	1.528723	2.466098
0.619876	0.344568	1.528723	2.466098
0.621876	0.344568	1.528723	2.466098
0.623876	0.344568	1.528723	2.466098
0.625876	0.344568	1.528723	2.466098
0.627876	0.344568	1.528723	2.466098
0.629876	0.344568	1.528723	2.466098
0.631876	0.344568	1.528723	2.466098
0.633876	0.344568	1.528723	2.466098
0.635876	0.344568	1.528723	2.466098
0.637876	0.344568	1.528723	2.466098
0.639876	0.344568	1.528723	2.466098
0.641876	0.344568	1.528723	2.466098
0.643876	0.344568	1.528723	2.466098
0.645876	0.344568	1.528723	2.466098
0.647876	0.344568	1.528723	2.466098
0.649876	0.344568	1.528723	2.466098
0.651876	0.344568	1.528723	2.466098
0.653876	0.344568	1.528723	2.466098
0.655876	0.344568	1.528723	2.466098
0.657876	0.344568	1.528723	2.466098
0.659876	0.344568	1.528723	2.466098
0.661876	0.344568	1.528723	2.466098
0.663876	0.344568	1.528723	2.466098
0.665876	0.344568	1.528723	2.466098
0.667876	0.344568	1.528723	2.466098
0.669876	0.344568	1.528723	2.466098
0.671876	0.344568	1.528723	2.466098
0.673876	0.344568	1.528723	2.466098
0.675876	0.344568	1.528723	2.466098
0.677876	0.344568	1.528723	2.466098
0.679876	0.344568	1.528723	2.466098
0.681876	0.344568	1.528723	2.466098
0.683876	0.344568	1.528723	2.466098
0.685876	0.344568	1.528723	2.466098
0.687876	0.344568	1.528723	2.466098
0.689876	0.344568	1.528723	2.466098
0.691876	0.344568	1.528723	2.466098
0.693876	0.344568	1.528723	2.466098
0.695876	0.344568	1.528723	2.466098
0.697876	0.344568	1.528723	2.466098
0.699876	0.344568	1.528723	2.466098
0.701876	0.344568	1.528723	2.466098
0.703876	0.344568	1.528723	2.466098
0.705876	0.344568	1.528723	2.466098
0.707876	0.344568	1.528723	2.466098
0.709876	0.344568	1.528723	2.466098
0.711876	0.344568	1.528723	2.466098
0.713876	0.344568	1.528723	2.466098
0.715876	0.344568	1.528723	2.466098
0.717876	0.344568	1.528723	2.466098
0.719876	0.344568	1.528723	2.466098
0.721876	0.344568	1.528723	2.466098
0.723876	0.344568	1.528723	2.466098
0.725876	0.344568	1.528723	2.466098
0.727876	0.344568	1.528723	2.466098
0.729876	0.344568	1.528723	2.466098
0.731876	0.344568	1.528723	2.466098
0.733876	0.344568	1.528723	2.466098
0.735876	0.344568	1.528723	2.466098
0.737876	0.344568	1.528723	2.466098
0.739876	0.344568	1.528723	2.466098
0.741876	0.344568	1.528723	2.466098
0.743876	0.344568	1.528723	2.466098
0.745876	0.344568	1.528723	2.466098
0.747876	0.344568	1.528723	2.466098
0.749876	0.344568	1.528723	2.466098
0.751876	0.344568	1.528723	2.466098
0.753876	0.344568	1.528723	2.466098
0.755876	0.344568	1.528723	2.466098
0.757876	0.344568	1.528723	2.466098
0.759876	0.344568	1.528723	2.466098
0.761876	0.344568	1.528723	2.466098
0.763876	0.344568	1.528723	2.466098
0.765876	0.344568	1.528723	2.466098
0.767876	0.344568	1.528723	2.466098
0.769876	0.344568	1.528723	2.466098
0.771876	0.344568	1.528723	2.466098
0.773876	0.344568	1.528723	2.466098
0.775876	0.344568	1.528723	2.466098
0.777876	0.344568	1.528723	2.466098
0.779876	0.344568	1.528723	2.466098
0.781876	0.344568	1.528723	2.466098
0.783876	0.344568	1.528723	2.466098
0.785876	0.344568	1.528723	2.466098
0.787876	0.344568	1.528723	2.466098
0.789876	0.344568	1.528723	2.466098
0.791876	0.344568	1.528723	2.466098
0.793876	0.344568	1.528723	2.466098
0.795876	0.344568	1.528723	2.466098
0.797876	0.344568	1.528723	2.466098
0.799876	0.344568	1.528723	2.466098
0.801876	0.344568	1.528723	2.466098
0.803876	0.344568	1.528723	2.466098
0.805876	0.344568	1.528723	2.466098
0.807876	0.344568	1.528723	2.466098
0.809876	0.344568	1.528723	2.466098
0.811876	0.344568	1.528723	2.466098
0.813876	0.344568	1.528723	2.466098
0.815876	0.344568	1.528723	2.466098
0.817876	0.344568	1.528723	2.466098
0.819876	0.344568	1.528723	2.466098
0.821876	0.344568	1.528723	2.466098
0.823876	0.344568	1.528723	2.466098
0.825876	0.344568	1.528723	2.466098
0.827876	0.344568	1.528723	2.466098
0.829876	0.344568	1.528723	2.466098
0.831876	0.344568	1.528723	2.466098
0.833876	0.344568	1.528723	2.466098
0.835876	0.344568	1.528723	2.466098
0.837876	0.344568	1.528723	2.466098
0.839876	0.344568	1.528723	2.466098
0.841876	0.344568	1.528723	2.466098
0.843876	0.344568	1.528723	2.466098
0.845876	0.344568	1.528723	2.466098
0.847876	0.344568	1.528723	2.466098
0.849876	0.344568	1.528723	2.466098
0.851876	0.344568	1.528723	2.466098
0.853876	0.344568	1.528723	2.466098
0.855876	0.344568	1.528723	2.466098
0.857876	0.344568	1.528723	2.466098
0.859876	0.344568	1.528723	2.466098
0.861876	0.344568	1.528723	2.466098
0.863876	0.344568	1.528723	2.466098
0.865876	0.344568	1.528723	2.466098
0.867876	0.344568	1.528723	2.466098
0.869876	0.344568	1.528723	2.466098
0.871876	0.344568	1.528723	2.466098
0.873876	0.344568	1.528723	2.466098
0.875876	0.344568	1.528723	2.466098
0.877876	0.344568	1.528723	2.466098
0.879876	0.344568	1.528723	2.466098
0.881876	0.344568	1.528723	2.466098
0.883876	0.344568	1.528723	2.466098
0.885876	0.344568	1.528723	2.466098
0.887876	0.344568	1.528723	2.466098
0.889876	0.344568	1.528723	2.466098
0.891876	0.344568	1.528723	2.466098
0.893876	0.344568	1.528723	2.466098
0.895876	0.344568	1.528723	2.466098
0.897876	0.344568	1.528723	2.466098
0.899876	0.344568	1.528723	2.466098
0.901876	0.344568	1.528723	2.466098
0.903876	0.344568	1.528723	2.466098
0.905876	0.344568	1.528723	2.466098
0.907876	0.344568	1.528723	2.466098
0.909876	0.344568	1.528723	2.466098
0.911876	0.344568	1.528723	2.466098
0.913876	0.344568	1.528723	2.466098
0.915876	0.344568	1.528723	2.466098
0.917876	0.344568	1.528723	2.466098
0.919876	0.344568	1.528723	2.466098
0.921876	0.344568	1.528723	2.466098
0.923876	0.344568	1.528723	2.466098
0.925876	0.344568	1.528723	2.466098
0.927876	0.344568	1.528723	2.466098
0.929876	0.344568	1.528723	2.466098
0.931876	0.344568	1.528723	2.466098
0.933876	0.344568	1.528723	2.466098
0.935876	0.344568	1.528723	2.466098
0.937876	0.344568	1.528723	2.466098
0.939876	0.344568	1.528723	2.466098
0.941876	0.344568	1.528723	2.466098
0.943876	0.344568	1.528723	2.466098
0.945876	0.344568	1.528723	2.466098
0.947876	0.344568	1.528723	2.466098
0.949876	0.344568	1.528723	2.466098
0.951876	0.344568	1.528723	2.466098
0.953876	0.344568	1.528723	2.466098
0.955876	0.344568	1.528723	2.466098
0.957876	0.344568	1.528723	2.466098
0.959876	0.344568	1.528723	2.466098
0.961876	0.344568	1.528723	2.466098
0.963876	0.344568	1.528723	2.466098
0.965876	0.344568	1.528723	2.466098
0.967876	0.344568	1.528723	2.466098
0.969876	0.344568	1.528723	2.466098
0.971876	0.344568	1.528723	2.466098
0.973876	0.344568	1.528723	2.466098
0.975876	0.344568	1.528723	2.466098
0.977876	0.344568	1.528723	2.466098
0.979876	0.344568	1.528723	2.466098
0.981876	0.344568	1.528723	2.466098
0.983876	0.344568	1.528723	2.466098
0.985876	0.344568	1.528723	2.466098
0.987876	0.344568	1.528723	2.466098
0.989876	0.344568	1.528723	2.466098
0.991876	0.344568	1.528723	2.466098
0.993876	0.344568	1.528723	2.466098
0.995876	0.344568	1.528723	2.466098
0.997876	0.344568	1.528723	2.466098
0.999876	0.344568	1.528723	2.466098
1.001876	0.344568	1.528723	2.466098
1.003876	0.344568	1.528723	2.466098
1.005876	0.344568	1.528723	2.466098
1.007876	0.344568	1.528723	2.466098
1.009876	0.344568	1.528723	2.466098
1.011876	0.344568	1.528723	2.466098
1.013876	0.344568	1.528723	2.466098
1.015876	0.344568	1.528723	2.466098
1.017876	0.344568	1.528723	2.466098
1.019876	0.344568	1.528723	2.466098
1.021876	0.344568	1.528723	2.466098
1.023876	0.344568	1.528723	2.466098
1.025876	0.344568	1.528723	2.466098
1.027876	0.344568	1.528723	2.466098
1.029876	0.344568	1.528723	2.466098
1.031876	0.344568	1.528723	2.466098
1.033876	0.344568	1.528723	2.466098
1.035876	0.344568	1.528723	2.466098
1.037876	0.344568	1.528723	2.466098
1.039876	0.344568	1.528723	2.466098
1.041876	0.344568	1.528723	2.466098
1.043876	0.344568	1.528723	2.466098
1.045876	0.344568	1.528723	2.466098
1.047876	0.344568	1.528723	2.466098
1.049876	0.344568	1.528723	2.466098
1.051876	0.344568	1.528723	2.466098
1.053876	0.344568	1.528723	2.466098
1.055876	0.344568	1.528723	2.466098
1.057876	0.344568	1.528723	2.466098
1.059876	0.344568	1.528723	2.466098
1.061876	0.344568	1.528723	2.466098
1.063876	0.344568	1.528723	2.466098
1.065876	0.344568	1.528723	2.466098
1.067876	0.344568	1.528723	2.466098
1.069876	0.344568	1.528723	2.466098
1.071876	0.344568	1.528723	2.466098
1.073876	0.344568	1.528723	2.466098
1.075876	0.344568	1.528723	2.466098
1.077876	0.344568	1.528723	2.466098
1.079876	0.344568	1.528723	2.466098
1.081876	0.344568	1.528723	2.466098
1.083876	0.344568	1.528723	2.466098
1.085876	0.344568	1.528723	2.466098
1.087876	0.344568	1.528723	2.466098
1.089876	0.344568	1.528723	2.466098
1.091876	0.344568	1.528723	2.466098
1.093876	0.344568	1.528723	2.466098
1.095876	0.344568	1.528723	2.466098
1.097876	0.344568	1.528723	2.466098
1.099876	0.344568	1.528723	2.466098
1.101876	0.344568	1.528723	2.466098
1.103876	0.344568	1.528723	2.466098
1.105876	0.344568	1.528723	2.466098
1.107876	0.344568	1.528723	2.466098
1.109876	0.344568	1.528723	2.466098
1.111876	0.344568	1.528723	2.466098
1.113876	0.344568	1.528723	2.466098
1.115876	0.344568	1.528723	2.466098
1.117876	0.344568	1.528723	2.466098
1.119876	0.344568	1.528723	2.466098
1.121876	0.344568	1.528723	2.466098
1.123876	0.344568	1.528723	2.466098
1.125876	0.344568	1.528723	2.466098
1.127876	0.344568	1.528723	2.466098
1.129876	0.344568	1.528723	2.466098
1.131876	0.344568	1.528723	2.466098
1.133876	0.344568	1.528723	2.466098
1.135876	0.344568	1.528723	2.466098
1.137876	0.344568	1.528723	2.466098
1.139876	0.344568	1.528723	2.466098
1.141876	0.344568	1.528723	2.466098
1.143876	0.344568	1.528723	2.466098
1.145876	0.344568	1.528723	2.466098
1.147876	0.344568	1.528723	2.466098
1.149876	0.344568	1.528723	2.466098
1.151876	0.344568	1.528723	2.466098
1.153876	0.344568	1.528723	2.466098
1.155876	0.344568	1.528723	2.466098
1.157876	0.344568	1.528723	2.466098
1.159876	0.344568	1.528723	2.466098
1.161876	0.344568	1.528723	2.466098
1.163876	0.344568	1.528723	2.466098
1.165876	0.344568	1.528723	2.466098
1.167876	0.344568	1.528723	2.466098
1.169876	0.344568	1.528723	2.466098
1.171876	0.344568	1.528723	2.466098
1.173876	0.344568	1.528723	2.466098
1.175876	0.344568	1.528723	2.466098
1.177876	0.344568	1.528723	2.466098
1.179876	0.344568	1.528723	2.466098
1.181876	0.344568	1.528723	2.466098
1.183876	0.344568	1.528723	2.466098
1.185876	0.344568	1.528723	2.466098
1.187876	0.344568	1.528723	2.466098
1.189876	0.344568	1.528723	2.466098
1.191876	0.344568	1.528723	2.466098
1.193876	0.344568	1.528723	2.466098
1.195876	0.344568	1.528723	2.466098
1.197876	0.344568	1.528723	2.466098
1.199876	0.344568	1.528723	2.466098
1.201876	0.344568	1.528723	2.466098
1.203876	0.344568	1.528723	2.466098
1.205876	0.344568	1.528723	2.466098
1.207876	0.344568	1.528723	2.466098
1.209876	0.344568	1.528723	2.466098
1.211876	0.344568	1.528723	2.466098
1.213876	0.344568	1.528723	2.466098
1.215876	0.344568	1.528723	2.466098
1.217876	0.344568	1.528723	2.466098
1.219876	0.344568	1.528723	2.466098
1.221876	0.344568	1.528723	2.466098
1.223876	0.344568	1.528723	2.466098
1.225876	0.344568	1.528723	2.466098
1.227876	0.344568	1.528723	2.466098
1.229876	0.344568	1.528723	2.466098
1.231876	0.344568	1.528723	2.466098
1.233876	0.344568	1.528723	2.466098
1.235876	0.344568	1.528723	2.466098
1.237876	0.344568	1.528723	2.466098
1.239876	0.344568	1.528723	2.466098
1.241876	0.344568	1.528723	2.466098
1.243876	0.344568	1.528723	2.466098
1.245876	0.344568	1.528723	2.466098
1.247876	0.344568	1.528723	2.466098
1.249876	0.344568	1.528723	2.466098
1.251876	0.344568	1.528723	2.466098
1.253876	0.344568	1.528723	2.466098
1.255876	0.344568	1.528723	2.466098
1.257876	0.344568	1.528723	2.466098
1.259876	0.344568	1.528723	2.466098
1.261876	0.344568	1.528723	2.466098
1.263876	0.344568	1.528723	2.466098
1.265876	0.344568	1.528723	2.466098
1.267876	0.344568	1.528723	2.466098
1.269876	0.344568	1.528723	2.466098
1.271876	0.344568	1.528723	2.466098
1.273876	0.344568	1.528723	2.466098
1.275876	0.344568	1.528723	2.466098
1.277876	0.344568	1.528723	2.466098
1.279876	0.344568	1.528723	2.466098
1.281876	0.344568	1.528723	2.466098
1.283876	0.344568	1.528723	2.466098
1.285876	0.344568	1.528723	2.466098
1.287876	0.344568	1.528723	2.466098
1.289876	0.344568	1.528723	2.466098
1.291876	0.344568	1.528723	2.466098
1.293876	0.344568	1.528723	2.466098
1.295876	0.344568	1.528723	2.466098
1.297876	0.344568	1.528723	2.466098
1.299876	0.344568	1.528723	2.466098
1.301876	0.344568	1.528723	2.466098
1.303876	0.344568	1.528723	2.466098
1.305876	0.344568	1.528723	2.466098
1.307876	0.344568	1.528723	2.466098
1.309876	0.344568	1.528723	2.466098
1.311876	0.344568	1.528723	2.466098
1.313876	0.344568	1.528723	2.466098
1.315876	0.344568	1.528723	2.466098
1.317876	0.344568	1.528723	2.466098
1.319876	0.344568	1.528723	2.466098
1.321876	0.344568	1.528723	2.466098
1.323876	0.344568	1.528723	2.466098
1.325876	0.344568	1.528723	2.466098
1.327876	0.344568	1.528723	2.466098
1.329876	0.344568	1.528723	2.466098
1.331876	0.344568	1.528723	2.466098
1.333876	0.344568	1.528723	2.466098
1.335876	0.344568	1.528723	2.466098
1.337876	0.344568	1.528723	2.466098
1.339876	0.344568	1.528723	2.466098
1.341876	0.344568	1.528723	2.466098
1.343876	0.344568	1.528723	2.466098
1.345876	0.344568	1.528723	2.466098
1.347876	0.344568	1.528723	2.466098
1.349876	0.344568	1.528723	2.466098
1.351876	0.344568	1.528723	2.466098
1.353876	0.344568	1.528723	2.466098
1.355876	0.344568	1.528723	2.466098
1.357876	0.344568	1.528723	2.466098
1.359876	0.344568	1.528723	2.466098
1.361876	0.344568	1.528723	2.466098
1.363876	0.344568	1.528723	2.466098
1.365876	0.344568	1.528723	2.466098
1.367876	0.344568	1.528723	2.466098
1.369876	0.344568	1.528723	2.466098
1.371876	0.344568	1.528723	2.466098
1.373876	0.344568	1.528723	2.466098
1.375876	0.344568	1.528723	2.466098
1.377876	0.344568	1.528723	2.466098
1.379876	0.344568	1.528723	2.466098
1.381876	0.344568	1.528723	2.466098
1.383876	0.344568	1.528723	2.466098
1.385876	0.344568	1.528723	2.466098
1.387876	0.344568	1.528723	2.466098
1.389876	0.344568	1.528723	2.466098
1.391876	0.344568	1.528723	2.466098
1.393876	0.344568	1.528723	2.466098
1.395876	0.344568	1.528723	2.466098
1.397876	0.344568	1.528723	2.466098
1.399876	0.344568	1.528723	2.466098
1.401876	0.344568	1.528723	2.466098
1.403876	0.344568	1.528723	2.466098
1.405876	0.344568	1.528723	2.466098
1.407876	0.344568	1.528723	2.466098
1.409876	0.344568	1.528723	2.466098
1.411876	0.344568	1.528723	2.466098
1.413876	0.344568	1.528723	2.466098
1.415876	0.344568	1.528723	2.466098
1.417876	0.344568	1.528723	2.466098
1.419876	0.344568	1.528723	2.466098
1.421876	0.344568	1.528723	2.466098
1.423876	0.344568	1.528723	2.466098
1.425876	0.344568	1.528723	2.466098
1.427876	0.344568	1.528723	2.466098
1.429876	0.344568	1.528723	2.466098
1.431876	0.344568	1.528723	2.466098
1.433876	0.344568	1.528723	2.466098
1.435876	0.344568	1.528723	2.466098
1.437876	0.344568	1.528723	2.466098
1.439876	0.344568	1.528723	2.466098
1.441876	0.344568	1.528723	2.466098
1.443876	0.344568	1.528723	2.466098
1.445876	0.344568	1.528723	2.466098
1.447876	0.344568	1.528723	2.466098
1.449876	0.344568	1.528723	2.466098
1.451876	0.344568	1.528723	2.466098
1.453876	0.344568	1.528723	2.466098
1.455876	0.344568	1.528723	2.466098
1.457876	0.344568	1.528723	2.466098
1.459876	0.344568	1.528723	2.466098
1.461876	0.344568	1.528723	2.466098
1.463876	0.344568	1.528723	2.466098
1.465876	0.344568	1.528723	2.466098
1.467876	0.344568	1.528723	2.466098
1.469876	0.344568	1.528723	2.466098
1.471876	0.344568	1.528723	2.466098
1.473876	0.344568	1.528723	2.466098
1.475876	0.344568	1.528723	2.466098
1.477876	0.344568	1.528723	2.466098
1.479876	0.344568	1.528723	2.466098
1.481876	0.344568	1.528723	2.466098
1.483876	0.344568	1.528723	2.466098
1.485876	0.344568	1.528723	2.466098
1.487876	0.344568	1.528723	2.466098
1.489876	0.344568	1.528723	2.466098
1.491876	0.344568	1.528723	2.466098
1.493876	0.344568	1.528723	2.466098
1.495876	0.344568	1.528723	2.466098
1.497876	0.344568	1.528723	2.466098
1.499876	0.344568	1.528723	2.466098
1.501876	0.344568	1.528723	2.466098
1.503876	0.344568	1.528723	2.466098
1.505876	0.344568	1.528723	2.466098
1.507876	0.344568	1.528723	2.466098
1.509876	0.344568	1.528723	2.466098
1.511876	0.344568	1.528723	2.466098
1.513876	0.344568	1.528723	2.466098
1.515876	0.344568	1.528723	2.466098
1.517876	0.344568	1.528723	2.466098
1.519876	0.344568	1.528723	2.466098
1.521876	0.344568	1.528723	2.466098
1.523876	0.344568	1.528723	2.466098
1.525876	0.344568	1.528723	2.466098
1.527876	0.344568	1.528723	2.466098
1.529876	0.344568	1.528723	2.466098
1.531876	0.344568	1.528723	2.466098
1.533876	0.344568	1.528723	2.466098
1.535876	0.344568	1.528723	2.466098
1.537876	0.344568	1.528723	2.466098
1.539876	0.344568	1.528723	2.466098
1.541876	0.344568	1.528723	2.466098
1.543876	0.344568	1.528723	2.466098
1.545876	0.344568	1.528723	2.466098
1.547876	0.344568	1.528723	2.466098
1.549876	0.344568	1.528723	2.466098
1.551876	0.344568	1.528723	2.466098
1.553876	0.344568	1.528723	2.466098
1.555876	0.344568	1.528723	2.466098
1.557876	0.344568	1.528723	2.466098
1.559876	0.344568	1.528723	2.466098
1.561876	0.344568	1.528723	2.466098
1.563876	0.344568	1.528723	2.466098
1.565876	0.344568	1.528723	2.466098
1.567876	0.344568	1.528723	2.466098
1.569876	0.344568	1.528723	2.466098
1.571876	0.344568	1.528723	2.466098
1.573876	0.344568	1.528723	2.466098
1.575876	0.344568	1.528723	2.466098
1.577876	0.344568	1.528723	2.466098
1.579876	0.344568	1.528723	2.466098
1.581876	0.344568	1.528723	2.466098
1.583876	0.344568	1.528723	2.466098
1.585876	0.344568	1.528723	2.466098
1.587876	0.344568	1.528723	2.466098
1.589876	0.344568	1.528723	2.466098
1.591876	0.344568	1.528723	2.466098
1.593876	0.344568	1.528723	2.466098
1.595876	0.344568	1.528723	2.466098
1.597876	0.344568	1.528723	2.466098
1.599876	0.344568	1.528723	2.466098
1.601876	0.344568	1.528723	2.466098
1.603876	0.344568	1.528723	2.466098
1.605876	0.344568	1.528723	2.466098
1.607876	0.344568	1.528723	2.466098
1.609876	0.344568	1.528723	2.466098
1.611876	0.344568	1.528723	2.466098
1.613876	0.344568	1.528723	2.466098
1.615876	0.344568	1.528723	2.466098
1.617876	0.344568	1.528723	2.466098
1.619876	0.344568	1.528723	2.466098
1.621876	0.344568	1.528723	2.466098
1.623876	0.344568	1.528723	2.466098
1.625876	0.344568	1.528723	2.466098
1.627876	0.344568	1.528723	2.466098
1.629876	0.344568	1.528723	2.466098
1.631876	0.344568	1.528723	2.466098
1.633876	0.344568	1.528723	2.466098
1.635876	0.344568	1.528723	2.466098
1.637876	0.344568	1.528723	2.466098
1.639876	0.344568	1.528723	2.466098
1.641876	0.344568	1.528723	2.466098
1.643876	0.344568	1.528723	2.466098
1.645876	0.344568	1.528723	2.466098
1.647876	0.344568	1.528723	2.466098
1.649876	0.344568	1.528723	2.466098
1.651876	0.344568	1.528723	2.466098
1.653876	0.344568	1.528723	2.466098
1.655876	0.344568	1.528723	2.466098
1.657876	0.344568	1.528723	2.466098
1.659876	0.344568	1.528723	2.466098
1.661876	0.344568	1.528723	2.466098
1.663876	0.344568	1.528723	2.466098
1.665876	0.344568	1.528723	2.466098
1.667876	0.344568	1.528723	2.466098
1.669876	0.344568	1.528723	2.466098
1.671876	0.344568	1.528723	2.466098
1.673876	0.344568	1.528723	2.466098
1.675876	0.344568	1.528723	2.466098
1.677876	0.344568	1.528723	2.466098
1.679876	0.344568	1.528723	2.466098
1.681876	0.344568	1.528723	2.466098
1.683876	0.344568	1.528723	2.466098
1.685876	0.344568	1.528723	2.466098
1.687876	0.344568	1.528723	2.466098
1.689876	0.344568	1.528723	2.466098
1.691876	0.344568	1.528723	2.466098
1.693876	0.344568	1.528723	2.466098
1.695876	0.344568	1.528723	2.466098
1.697876	0.344568	1.528723	2.466098
1.699876	0.344568	1.528723	2.466098
1.701876	0.344568	1.528723	2.466098
1.703876	0.344568	1.528723	2.466098
1.705876	0.344568	1.528723	2.466098
1.707876	0.344568	1.528723	2.466098
1.709876	0.344568	1.528723	2.466098
1.711876	0.344568	1.528723	2.466098
1.713876	0.344568	1.528723	2.466098
1.715876	0.344568	1.528723	2.466098
1.717876	0.344568	1.528723	2.466098
1.719876	0.344568	1.528723	2.466098
1.721876	0.344568	1.528723	2.466098
1.723876	0.344568	1.528723	2.466098
1.725876	0.344568	1.528723	2.466098
1.727876	0.344568	1.528723	2.466098
1.729876	0.344568	1.528723	2.466098
1.731876	0.344568	1.528723	2.466098
1.733876	0.344568	1.528723	2.466098
1.735876	0.344568	1.528723	2.466098
1.737876	0.344568	1.528723	2.466098
1.739876	0.344568	1.528723	2.466098
1.741876	0.344568	1.528723	2.466098
1.743876	0.344568	1.528723	2.466098
1.745876	0.344568	1.528723	2.466098
1.747876	0.344568	1.528723	2.466098
1.749876	0.344568	1.528723	2.466098
1.751876	0.344568	1.528723	2.466098
1.753876	0.344568	1.528723	2.466098
1.755876	0.344568	1.528723	2.466098
1.757876	0.344568	1.528723	2.466098
1.759876	0.344568	1.528723	2.466098
1.761876	0.344568	1.528723	2.466098
1.763876	0.344568	1.528723	2.466098
1.765876	0.344568	1.528723	2.466098
1.767876	0.344568	1.528723	2.466098
1.769876	0.344568	1.528723	2.466098
1.771876	0.344568	1.528723	2.466098
1.773876	0.344568	1.528723	2.466098
1.775876	0.344568	1.528723	2.466098
1.777876	0.344568	1.528723	2.466098
1.779876	0.344568	1.528723	2.466098
1.781876	0.344568	1.528723	2.466098
1.783876	0.344568	1.528723	2.466098
1.785876	0.344568	1.528723	2.466098
1.787876	0.344568	1.528723	2.466098
1.789876	0.344568	1.528723	2.466098
1.791876	0.344568	1.528723	2.466098
1.793876	0.344568	1.528723	2.466098
1.795876	0.344568	1.528723	2.466098
1.797876	0.344568	1.528723	2.466098
1.799876	0.344568	1.528723	2.466098
1.801876	0.344568	1.528723	2.466098
1.803876	0.344568	1.528723	2.466098
1.805876	0.344568	1.528723	2.466098
1.807876	0.344568	1.528723	2.466098
1.809876	0.344568	1.528723	2.466098
1.811876	0.344568	1.528723	2.466098
1.813876	0.344568	1.528723	2.466098
1.815876	0.344568	1.528723	2.466098
1.817876	0.344568	1.528723	2.466098
1.819876	0.344568	1.528723	2.466098
1.821876	0.344568	1.528723	2.466098
1.823876	0.344568	1.528723	2.466098
1.825876	0.344568	1.528723	2.466098
1.827876	0.344568	1.528723	2.466098
1.829876	0.344568	1.528723	2.466098
1.831876	0.344568	1.528723	2.466098
1.833876	0.344568	1.528723	2.466098
1.835876	0.344568	1.528723	2.466098
1.837876	0.344568	1.528723	2.466098
1.839876	0.344568	1.528723	2.466098
1.841876	0.344568	1.528723	2.466098
1.843876	0.344568	1.528723	2.466098
1.845876	0.344568	1.528723	2.466098
1.847876	0.344568	1.528723	2.466098
1.849876	0.344568	1.528723	2.466098
1.851876	0.344568	1.528723	2.466098
1.853876	0.344568	1.528723	2.466098
1.855876	0.344568	1.528723	2.466098
1.857876	0.344568	1.528723	2.466098
1.859876	0.344568	1.528723	2.466098
1.861876	0.344568	1.528723	2.466098
1.863876	0.344568	1.528723	2.466098
1.865876	0.344568	1.528723	2.466098
1.867876	0.344568	1.528723	2.466098
1.869876	0.344568	1.528723	2.466098
1.871876	0.344568	1.528723	2.466098
1.873876	0.344568	1.528723	2.466098
1.875876	0.344568	1.528723	2.466098
1.877876	0.344568	1.528723	2.466098
1.879876	0.344568	1.528723	2.466098
1.881876	0.344568	1.528723	2.466098
1.883876	0.344568	1.528723	2.466098
1.885876	0.344568	1.528723	2.466098
1.887876	0.344568	1.528723	2.466098
1.889876	0.344568	1.528723	2.466098
1.891876	0.344568	1.528723	2.466098
1.893876	0.344568	1.528723	2.466098
1.895876	0.344568	1.528723	2.466098
1.897876	0.344568	1.528723	2.466098
1.899876	0.344568	1.528723	2.466098
1.901876	0.344568	1.528723	2.466098
1.903876	0.344568	1.528723	2.466098
1.905876	0.344568	1.528723	2.466098
1.907876	0.344568	1.528723	2.466098
1.909876	0.344568	1.528723	2.466098
1.911876	0.344568	1.528723	2.466098
1.913876	0.344568	1.528723	2.466098
1.915876	0.344568	1.528723	2.466098
1.917876	0.344568	1.528723	2.466098
1.919876	0.344568	1.528723	2.466098
1.921876	0.344568	1.528723	2.466098
1.923876	0.344568	1.528723	2.466098
1.925876	0.344568	1.528723	2.466098
1.927876	0.344568	1.528723	2.466098
1.929876	0.344568	1.528723	2.466098
1.931876	0.344568	1.528723	2.466098
1.933876	0.344568	1.528723	2.466098
1.935876	0.344568	1.528723	2.466098
1.937876	0.344568	1.528723	2.466098
1.939876	0.344568	1.528723	2.466098
1.941876	0.344568	1.528723	2.466098
1.943876	0.344568	1.528723	2.466098
1.945876	0.344568	1.528723	2.466098
1.947876	0.344568	1.528723	2.466098
1.949876	0.344568	1.528723	2.466098
1.951876	0.344568	1.528723	2.466098
1.953876	0.344568	1.528723	2.466098
1.955876	0.344568	1.528723	2.466098
1.957876	0.344568	1.528723	2.466098
1.959876	0.344568	1.528723	2.466098
1.961876	0.344568	1.528723	2.466098
1.963876	0.344568	1.528723	2.466098
1.965876	0.344568	1.528723	2.466098
1.967876	0.344568	1.528723	2.466098
1.969876	0.344568	1.528723	2.466098
1.971876	0.344568	1.528723	2.466098
1.973876	0.344568	1.528723	2.466098
1.975876	0.344568	1.528723	2.466098
1.977876	0.344568	1.528723	2.466098
1.979876	0.344568	1.528723	2.466098
1.981876	0.344568	1.528723	2.466098
1.983876	0.344568	1.528723	2.466098
1.985876	0.344568	1.528723	2.466098
1.987876	0.344568	1.528723	2.466098
1.989876	0.344568	1.528723	2.466098
1.991876	0.344568	1.528723	2.466098
1.993876	0.344568	1.528723	2.466098
1.995876	0.344568	1.528723	2.466098
1.997876	0.344568	1.528723	2.466098
1.999876	0.344568	1.528723	2.466098
2.001876	0.344568	1.528723	2.466098
2.003876	0.344568	1.528723	2.466098
2.005876	0.344568	1.528723	2.466098
2.007876	0.344568	1.528723	2.466098
2.009876	0.344568	1.528723	2.466098
2.011876	0.344568	1.528723	2.466098
2.013876	0.344568	1.528723	2.466098
2.015876	0.344568	1.528723	2.466098
2.017876	0.344568	1.528723	2.466098
2.019876	0.344568	1.528723	2.466098
2.021876	0.344568	1.528723	2.466098
2.023876	0.344568	1.528723	2.466098
2.025876	0.344568	1.528723	2.466098
2.027876	0.344568	1.528723	2.466098
2.029876	0.344568	1.528723	2.466098
2.031876	0.344568	1.528723	2.466098
2.033876	0.344568	1.528723	2.466098
2.035876	0.344568	1.528723	2.466098
2.037876	0.344568	1.528723	2.466098
2.039876	0.344568	1.528723	2.466098
2.041876	0.344568	1.528723	2.466098
2.043876	0.344568	1.528723	2.466098
2.045876	0.344568	1.528723	2.466098
2.047876	0.344568	1.528723	2.466098
2.049876	0.344568	1.528723	2.466098
2.051876	0.344568	1.528723	2.466098
2.053876	0.344568	1.528723	2.466098
2.055876	0.344568	1.528723	2.466098
2.057876	0.344568	1.528723	2.466098
2.059876	0.344568	1.528723	2.466098
2.061876	0.344568	1.528723	2.466098
2.063876	0.344568	1.528723	2.466098
2.065876	0.344568	1.528723	2.466098
2.067876	0.344568	1.528723	2.466098
2.069876	0.344568	1.528723	2.466098
2.071876	0.344568	1.528723	2.466098
2.073876	0.344568	1.528723	2.466098
2.075876	0.344568	1.528723	2.466098
2.077876	0.344568	1.528723	2.466098
2.079876	0.344568	1.528723	2.466098
2.081876	0.344568	1.528723	2.466098
2.083876	0.344568	1.528723	2.466098
2.085876	0.344568	1.528723	2.466098
2.087876	0.344568	1.528723	2.466098
2.089876	0.344568	1.528723	2.466098
2.091876	0.344568	1.528723	2.466098
2.093876	0.344568	1.528723	2.466098
2.095876	0.344568	1.528723	2.466098
2.097876	0.344568	1.528723	2.466098
2.099876	0.344568	1.528723	2.466098
2.101876	0.344568	1.528723	2.466098
2.103876	0.344568	1.528723	2.466098
2.105876	0.344568	1.528723	2.466098
2.107876	0.344568	1.528723	2.466098
2.109876	0.344568	1.528723	2.466098
2.111876	0.344568	1.528723	2.466098
2.113876	0.344568	1.528723	2.466098
2.115876	0.344568	1.528723	2.466098
2.117876	0.344568	1.528723	2.466098
2.119876	0.344568	1.528723	2.466098
2.121876	0.344568	1.528723	2.466098
2.123876	0.344568	1.528723	2.466098
2.125876	0.344568	1.528723	2.466098
2.127876	0.344568	1.528723	2.466098
2.129876	0.344568	1.528723	2.466098
2.131876	0.344568	1.528723	2.466098
2.133876	0.344568	1.528723	2.466098
2.135876	0.344568	1.528723	2.466098
2.137876	0.344568	1.528723	2.466098
2.139876	0.344568	1.528723	2.466098
2.141876	0.344568	1.528723	2.466098
2.143876	0.344568	1.528723	2.466098
2.145876	0.344568	1.528723	2.466098
2.147876	0.344568	1.528723	2.466098
2.149876	0.344568	1.528723	2.466098
2.151876	0.344568	1.528723	2.466098
2.153876	0.344568	1.528723	2.466098
2.155876	0.344568	1.528723	2.466098
2.157876	0.344568	1.528723	2.466098
2.159876	0.344568	1.528723	2.466098
2.161876	0.344568	1.528723	2.466098
2.163876	0.344568	1.528723	2.466098
2.165876	0.344568	1.528723	2.466098
2.167876	0.344568	1.528723	2.466098
2.169876	0.344568	1.528723	2.466098
2.171876	0.344568	1.528723	2.466098
2.173876	0.344568	1.528723	2.466098
2.175876	0.344568	1.528723	2.466098
2.177876	0.344568	1.528723	2.466098
2.179876	0.344568	1.528723	2.466098
2.181876	0.344568	1.528723	2.466098
2.183876	0.344568	1.528723	2.466098
2.185876	0.344568	1.528723	2.466098
2.187876	0.344568	1.528723	2.466098
2.189876	0.344568	1.528723	2.466098
2.191876	0.344568	1.528723	2.466098
2.193876	0.344568	1.528723	2.466098
2.195876	0.344568	1.528723	2.466098
2.197876	0.344568	1.528723	2.466098
2.199876	0.344568	1.528723	2.466098
2.201876	0.344568	1.528723	2.466098
2.203876	0.344568	1.528723	2.466098
2.205876	0.344568	1.528723	2.466098
2.207876	0.344568	1.528723	2.466098
2.209876	0.344568	1.528723	2.466098
2.211876	0.344568	1.528723	2.466098
2.213876	0.344568	1.528723	2.466098
2.215876	0.344568	1.528723	2.466098
2.217876	0.344568	1.528723	2.466098
2.219876	0.344568	1.528723	2.466098
2.221876	0.344568	1.528723	2.466098
2.223876	0.344568	1.528723	2.466098
2.225876	0.344568	1.528723	2.466098
2.227876	0.344568	1.528723	2.466098
2.229876	0.344568	1.528723	2.466098
2.231876	0.344568	1.528723	2.466098
2.233876	0.344568	1.528723	2.466098
2.235876	0.344568	1.528723	2.466098
2.237876	0.344568	1.528723	2.466098
2.239876	0.344568	1.528723	2.466098
2.241876	0.344568	1.528723	2.466098
2.243876	0.344568	1.528723	2.466098
2.245876	0.344568	1.528723	2.466098
2.247876	0.344568	1.528723	2.466098
2.249876	0.344568	1.528723	2.466098
2.251876	0.344568	1.528723	2.466098
2.253876	0.344568	1.528723	2.466098
2.255876	0.344568	1.528723	2.466098
2.257876	0.344568	1.528723	2.466098
2.259876	0.344568	1.528723	2.466098
2.261876	0.344568	1.528723	2.466098
2.263876	0.344568	1.528723	2.466098
2.265876	0.344568	1.528723	2.466098
2.267876	0.344568	1.528723	2.466098
2.269876	0.344568	1.528723	2.466098
2.271876	0.344568	1.528723	2.466098
2.273876	0.344568	1.528723	2.466098
2.275876	0.344568	1.528723	2.466098
2.277876	0.344568	1.528723	2.466098
2.279876	0.344568	1.528723	2.466098
2.281876	0.344568	1.528723	2.466098
2.283876	0.344568	1.528723	2.466098
2.285876	0.344568	1.528723	2.466098
2.287876	0.344568	1.528723	2.466098
2.289876	0.344568	1.528723	2.466098
2.291876	0.344568	1.528723	2.466098
2.293876	0.344568	1.528723	2.466098
2.295876	0.344568	1.528723	2.466098
2.297876	0.344568	1.528723	2.466098
2.299876	0.344568	1.528723	2.466098
2.301876	0.344568	1.528723	2.466098
2.303876	0.344568	1.528723	2.466098
2.305876	0.344568	1.528723	2.466098
2.307876	0.344568	1.528723	2.466098
2.309876	0.344568	1.528723	2.466098
2.311876	0.344568	1.528723	2.466098
2.313876	0.344568	1.528723	2.466098
2.315876	0.344568	1.528723	2.466098
2.317876	0.344568	1.528723	2.466098
2.319876	0.344568	1.528723	2.466098
2.321876	0.344568	1.528723	2.466098
2.323876	0.344568	1.528723	2.466098
2.325876	0.344568	1.528723	2.466098
2.327876	0.344568	1.528723	2.466098
2.329876	0.344568	1.528723	2.466098
2.331876	0.344568	1.528723	2.466098
2.333876	0.344568	1.528723	2.466098
2.335876	0.344568	1.528723	2.466098
2.337876	0.344568	1.528723	2.466098
2.339876	0.344568	1.528723	2.466098
2.341876	0.344568	1.528723	2.466098
2.343876	0.344568	1.528723	2.466098
2.345876	0.344568	1.528723	2.466098
2.347876	0.344568	1.528723	2.466098
2.349876	0.344568	1.528723	2.466098
2.351876	0.344568	1.528723	2.466098
2.353876	0.344568	1.528723	2.466098
2.355876	0.344568	1.528723	2.466098
2.357876	0.344568	1.528723	2.466098
2.359876	0.344568	1.528723	2.466098
2.361876	0.344568	1.528723	2.466098
2.363876	0.344568	1.528723	2.466098
2.365876	0.344568	1.528723	2.466098
2.367876	0.344568	1.528723	2.466098
2.369876	0.344568	1.528723	2.466098
2.371876	0.344568	1.528723	2.466098
2.373876	0.344568	1.528723	2.466098
2.375876	0.344568	1.528723	2.466098
2.377876	0.344568	1.528723	2.466098
2.379876	0.344568	1.528723	2.466098
2.381876	0.344568	1.528723	2.466098
2.383876	0.344568	1.528723	2.466098
2.385876	0.344568	1.528723	2.466098
2.387876	0.344568	1.528723	2.466098
2.389876	0.344568	1.528723	2.466098
2.391876	0.344568	1.528723	2.466098
2.393876	0.344568	1.528723	2.466098
2.395876	0.344568	1.528723	2.466098
2.397876	0.344568	1.528723	2.466098
2.399876	0.344568	1.528723	2.466098
2.401876	0.344568	1.528723	2.466098
2.403876	0.344568	1.528723	2.466098
2.405876	0.344568	1.528723	2.466098
2.407876	0.344568	1.528723	2.466098
2.409876	0.344568	1.528723	2.466098
2.411876	0.344568	1.528723	2.466098
2.413876	0.344568	1.528723	2.466098
2.415876	0.344568	1.528723	2.466098
2.417876	0.344568	1.528723	2.466098
2.419876	0.344568	1.528723	2.466098
2.421876	0.344568	1.528723	2.466098
2.423876	0.344568	1.528723	2.466098
2.425876	0.344568	1.528723	2.466098
2.427876	0.344568	1.528723	2.466098
2.429876	0.344568	1.528723	2.466098
2.431876	0.344568	1.528723	2.466098
2.433876	0.344568	1.528723	2.466098
2.435876	0.344568	1.528723	2.466098
2.437876	0.344568	1.528723	2.466098
2.439876	0.344568	1.528723	2.466098
2.441876	0.344568	1.528723	2.466098
2.443876	0.344568	1.528723	2.466098
2.445876	0.344568	1.528723	2.466098
2.447876	0.344568	1.528723	2.466098
2.449876	0.344568	1.528723	2.466098
2.451876	0.344568	1.528723	2.466098
2.453876	0.344568	1.528723	2.466098
2.455876	0.344568	1.528723	2.466098
2.457876	0.344568	1.528723	2.466098
2.459876	0.344568	1.528723	2.466098
2.461876	0.344568	1.528723	2.466098
2.463876	0.344568	1.528723	2.466098
2.465876	0.344568	1.528723	2.466098
2.467876	0.344568	1.528723	2.466098
2.469876	0.344568	1.528723	2.466098
2.471876	0.344568	1.528723	2.466098
2.473876	0.344568	1.528723	2.466098
2.475876	0.344568	1.528723	2.466098
2.477876	0.344568	1.528723	2.466098
2.479876	0.344568	1.528723	2.466098
2.481876	0.344568	1.528723	2.466098
2.483876	0.344568	1.528723	2.466098
2.485876	0.344568	1.528723	2.466098
2.487876	0.344568	1.528723	2.466098
2.489876	0.344568	1.528723	2.466098
2.491876	0.344568	1.528723	2.466098
2.493876	0.344568	1.528723	2.466098
2.495876	0.344568	1.528723	2.466098
2.497876	0.344568	1.528723	2.466098
2.499876	0.344568	1.528723	2.466098
2.501876	0.344568	1.528723	2.466098
2.503876	0.344568	1.528723	2.466098
2.505876	0.344568	1.528723	2.466098
2.507876	0.344568	1.528723	2.466098
2.509876	0.344568	1.528723	2.466098
2.511876	0.344568	1.528723	2.466098
2.513876	0.344568	1.528723	2.466098
2.515876	0.344568	1.528723	2.466098
2.517876	0.344568	1.528723	2.466098
2.519876	0.344568	1.528723	2.466098
2.521876	0.344568	1.528723	2.466098
2.523876	0.344568	1.528723	2.466098
2.525876	0.344568	1.528723	2.466098
2.527876	0.344568	1.528723	2.466098
2.529876	0.344568	1.528723	2.466098
2.531876	0.344568	1.528723	2.466098
2.533876	0.344568	1.528723	2.466098
2.535876	0.344568	1.528723	2.466098
2.537876	0.344568	1.528723	2.466098
2.539876	0.344568	1.528723	2.466098
2.541876	0.344568	1.528723	2.466098
2.543876	0.344568	1.528723	2.466098
2.545876	0.344568	1.528723	2.466098
2.547876	0.344568	1.528723	2.466098
2.549876	0.344568	1.528723	2.466098
2.551876	0.344568	1.528723	2.466098
2.553876	0.344568	1.528723	2.466098
2.555876	0.344568	1.528723	2.466098
2.557876	0.344568	1.528723	2.466098
2.559876	0.344568	1.528723	2.466098
2.561876	0.344568	1.528723	2.466098
2.563876	0.344568	1.528723	2.466098
2.565876	0.344568	1.528723	2.466098
2.567876	0.344568	1.528723	2.466098
2.569876	0.344568	1.528723	2.466098
2.571876	0.344568	1.528723	2.466098
2.573876	0.344568	1.528723	2.466098
2.575876	0.344568	1.528723	2.466098
2.577876	0.344568	1.528723	2.466098
2.579876	0.344568	1.528723	2.466098
2.581876	0.344568	1.528723	2.466098
2.583876	0.344568	1.528723	2.466098
2.585876	0.344568	1.528723	2.466098
2.587876	0.344568	1.528723	2.466098
2.589876	0.344568	1.528723	2.466098
2.591876	0.344568	1.528723	2.466098
2.593876	0.344568	1.528723	2.466098
2.595876	0.344568	1.528723	2.466098
2.597876	0.344568	1.528723	2.466098
2.599876	0.344568	1.528723	2.466098
2.601876	0.344568	1.528723	2.466098
2.603876	0.344568	1.528723	2.466098
2.605876	0.344568	1.528723	2.466098
2.607876	0.344568	1.528723	2.466098
2.609876	0.344568	1.528723	2.466098
2.611876	0.344568	1.528723	2.466098
2.613876	0.344568	1.528723	2.466098
2.615876	0.344568	1.528723	2.466098
2.617876	0.344568	1.528723	2.466098
2.619876	0.344568	1.528723	2.466098
2.621876	0.344568	1.528723	2.466098
2.623876	0.344568	1.528723	2.466098
2.625876	0.344568	1.528723	2.466098
2.627876	0.344568	1.528723	2.466098
2.629876	0.344568	1.528723	2.466098
2.631876	0.344568	1.528723	2.466098
2.633876	0.344568	1.528723	2.466098
2.635876	0.344568	1.528723	2.466098
2.637876	0.344568	1.528723	2.466098
2.639876	0.344568	1.528723	2.466098
2.641876	0.344568	1.528723	2.466098
2.643876	0.344568	1.528723	2.466098
2.645876	0.344568	1.528723	2.466098
2.647876	0.344568	1.528723	2.466098
2.649876	0.344568	1.528723	2.466098
2.651876	0.344568	1.528723	2.466098
2.653876	0.344568	1.528723	2.466098
2.655876	0.344568	1.528723	2.466098
2.657876	0.344568	1.528723	2.466098
2.659876	0.344568	1.528723	2.466098
2.661876	0.344568	1.528723	2.466098
2.663876	0.344568	1.528723	2.466098
2.665876	0.344568	1.528723	2.466098
2.667876	0.344568	1.528723	2.466098
2.669876	0.344568	1.528723	2.466098
2.671876	0.344568	1.528723	2.466098
2.673876	0.344568	1.528723	2.466098
2.675876	0.344568	1.528723	2.466098
2.677876	0.344568	1.528723	2.466098
2.679876	0.344568	1.528723	2.466098
2.681876	0.344568	1.528723	2.466098
2.683876	0.344568	1.528723	2.466098
2.685876	0.344568	1.528723	2.466098
2.687876	0.344568	1.528723	2.466098
2.689876	0.344568	1.528723	2.466098
2.691876	0.344568	1.528723	2.466098
2.693876	0.344568	1.528723	2.466098
2.695876	0.344568	1.528723	2.466098
2.697876	0.344568	1.528723	2.466098
2.699876	0.344568	1.528723	2.466098
2.701876	0.344568	1.528723	2.466098
2.703876	0.344568	1.528723	2.466098
2.705876	0.344568	1.528723	2.466098
2.707876	0.344568	1.528723	2.466098
2.709876	0.344568	1.528723	2.466098
2.711876	0.344568	1.528723	2.466098
2.713876	0.344568	1.528723	2.466098
2.715876	0.344568	1.528723	2.466098
2.717876	0.344568	1.528723	2.466098
2.719876	0.344568	1.528723	2.466098
2.721876	0.344568	1.528723	2.466098
2.723876	0.344568	1.528723	2.466098
2.725876	0.344568	1.528723	2.466098
2.727876	0.344568	1.528723	2.466098
2.729876	0.344568	1.528723	2.466098
2.731876	0.344568	1.528723	2.466098
2.733876	0.344568	1.528723	2.466098
2.735876	0.344568	1.528723	2.466098
2.737876	0.344568	1.528723	2.466098
2.739876	0.344568	1.528723	2.466098
2.741876	0.344568	1.528723	2.466098
2.743876	0.344568	1.528723	2.466098
2.745876	0.344568	1.528723	2.466098
2.747876	0.344568	1.528723	2.466098
2.749876	0.344568	1.528723	2.466098
2.751876	0.344568	1.528723	2.466098
2.753876	0.344568	1.528723	2.466098
2.755876	0.344568	1.528723	2.466098
2.757876	0.344568	1.528723	2.466098
2.759876	0.344568	1.528723	2.466098
2.761876	0.344568	1.528723	2.466098
2.763876	0.344568	1.528723	2.466098
2.765876	0.344568	1.528723	2.466098
2.767876	0.344568	1.528723	2.466098
2.769876	0.344568	1.528723	2.466098
2.771876	0.344568	1.528723	2.466098
2.773876	0.344568	1.528723	2.466098
2.775876	0.344568	1.528723	2.466098
2.777876	0.344568	1.528723	2.466098
2.779876	0.344568	1.528723	2.466098
2.781876	0.344568	1.528723	2.466098
2.783876	0.344568	1.528723	2.466098
2.785876	0.344568	1.528723	2.466098
2.787876	0.344568	1.528723	2.466098
2.789876	0.344568	1.528723	2.466098
2.791876	0.344568	1.528723	2.466098
2.793876	0.344568	1.528723	2.466098
2.795876	0.344568	1.528723	2.466098
2.797876	0.344568	1.528723	2.466098
2.799876	0.344568	1.528723	2.466098
2.801876	0.344568	1.528723	2.466098
2.803876	0.344568	1.528723	2.466098
2.805876	0.344568	1.528723	2.466098
2.807876	0.344568	1.528723	2.466098
2.809876	0.344568	1.528723	2.466098
2.811876	0.344568	1.528723	2.466098
2.813876	0.344568	1.528723	2.466098
2.815876	0.344568	1.528723	2.466098
2.817876	0.344568	1.528723	2.466098
2.819876	0.344568	1.528723	2.466098
2.821876	0.344568	1.528723	2.466098
2.823876	0.344568	1.528723	2.466098
2.825876	0.344568	1.528723	2.466098
2.827876	0.344568	1.528723	2.466098
2.829876	0.344568	1.528723	2.466098
2.831876	0.344568	1.528723	2.466098
2.833876	0.344568	1.528723	2.466098
2.835876	0.344568	1.528723	2.466098
2.837876	0.344568	1.528723	2.466098
2.839876	0.344568	1.528723	2.466098
2.841876	0.344568	1.528723	2.466098
2.843876	0.344568	1.528723	2.466098
2.845876	0.344568	1.528723	2.466098
2.847876	0.344568	1.528723	2.466098
2.849876	0.344568	1.528723	2.466098
2.851876	0.344568	1.528723	2.466098
2.853876	0.344568	1.528723	2.466098
2.855876	0.344568	1.528723	2.466098
2.857876	0.344568	1.528723	2.466098
2.859876	0.344568	1.528723	2.466098
2.861876	0.344568	1.528723	2.466098
2.863876	0.344568	1.528723	2.466098
2.865876	0.344568	1.528723	2.466098
2.867876	0.344568	1.528723	2.466098
2.869876	0.344568	1.528723	2.466098
2.871876	0.344568	1.528723	2.466098
2.873876	0.344568	1.528723	2.466098
2.875876	0.344568	1.528723	2.466098
2.877876	0.344568	1.528723	2.466098
2.879876	0.344568	1.528723	2.466098
2.881876	0.344568	1.528723	2.466098
2.883876	0.344568	1.528723	2.466098
2.885876	0.344568	1.528723	2.466098
2.887876	0.344568	1.528723	2.466098
2.889876	0.344568	1.528723	2.466098
2.891876	0.344568	1.528723	2.466098
2.893876	0.344568	1.528723	2.466098
2.895876	0.344568	1.528723	2.466098
2.897876	0.344568	1.528723	2.466098
2.899876	0.344568	1.528723	2.466098
2.901876	0.344568	1.528723	2.466098
2.903876	0.344568	1.528723	2.466098
2.905876	0.344568	1.528723	2.466098
2.907876	0.344568	1.528723	2.466098
2.909876	0.344568	1.528723	2.466098
2.911876	0.344568	1.528723	2.466098
2.913876	0.344568	1.528723	2.466098
2.915876	0.344568	1.528723	2.466098
2.917876	0.344568	1.528723	2.466098
2.919876	0.344568	1.528723	2.466098
2.921876	0.344568	1.528723	2.466098
2.923876	0.344568	1.528723	2.466098
2.925876	0.344568	1.528723	2.466098
2.927876	0.344568	1.528723	2.466098
2.929876	0.344568	1.528723	2.466098
2.931876	0.344568	1.528723	2.466098
2.933876	0.344568	1.528723	2.466098
2.935876	0.344568	1.528723	2.466098
2.937876	0.344568	1.528723	2.466098
2.939876	0.344568	1.528723	2.466098
2.941876	0.344568	1.528723	2.466098
2.943876	0.344568	1.528723	2.466098
2.945876	0.344568	1.528723	2.466098
2.947876	0.344568	1.528723	2.466098
2.949876	0.344568	1.528723	2.466098
2.951876	0.344568	1.528723	2.466098
2.953876	0.344568	1.528723	2.466098
2.955876	0.344568	1.528723	2.466098
2.957876	0.344568	1.528723	2.466098
2.959876	0.344568	1.528723	2.466098
2.961876	0.344568	1.528723	2.466098
2.963876	0.344568	1.528723	2.466098
2.965876	0.344568	1.528723	2.466098
2.967876	0.344568	1.528723	2.466098
2.969876	0.344568	1.528723	2.466098
2.971876	0.344568	1.528723	2.466098
2.973876	0.344568	1.528723	2.466098
2.975876	0.344568	1.528723	2.466098
2.977876	0.344568	1.528723	2.466098
2.979876	0.344568	1.528723	2.466098
2.981876	0.344568	1.528723	2.466098
2.983876	0.344568	1.528723	2.466098
2.985876	0.344568	1.528723	2.466098
2.987876	0.344568	1.528723	2.466098
2.989876	0.344568	1.528723	2.466098
2.991876	0.344568	1.528723	2.466098
2.993876	0.344568	1.528723	2.466098
2.995876	0.344568	1.528723	2.466098
2.997876	0.344568	1.528723	2.466098
2.999876	0.344568	1.528723	2.466098
3.001876	0.344568	1.528723	2.466098
3.003876	0.344568	1.528723	2.466098
3.005876	0.344568	1.528723	2.466098
3.007876	0.344568	1.528723	2.466098
3.009876	0.344568	1.528723	2.466098
3.011876	0.344568	1.528723	2.466098
3.013876	0.344568	1.528723	2.466098
3.015876	0.344568	1.528723	2.466098
3.017876	0.344568	1.528723	2.466098
3.019876	0.344568	1.528723	2.466098
3.021876	0.344568	1.528723	2.466098
3.023876	0.344568	1.528723	2.466098
3.025876	0.344568	1.528723	2.466098
3.027876	0.344568	1.528723	2.466098
3.029876	0.344568	1.528723	2.466098
3.031876	0.344568	1.528723	2.466098
3.033876	0.344568	1.528723	2.466098
3.035876	0.344568	1.528723	2.466098
3.037876	0.344568	1.528723	2.466098
3.039876	0.344568	1.528723	2.466098
3.041876	0.344568	1.528723	2.466098
3.043876	0.344568	1.528723	2.466098
3.045876	0.344568	1.528723	2.466098
3.047876	0.344568	1.528723	2.466098
3.049876	0.344568	1.528723	2.466098
3.051876	0.344568	1.528723	2.466098
3.053876	0.344568	1.528723	2.466098
3.055876	0.344568	1.528723	2.466098
3.057876	0.344568	1.528723	2.466098
3.059876	0.344568	1.528723	2.466098
3.061876	0.344568	1.528723	2.466098
3.063876	0.344568	1.528723	2.466098
3.065876	0.344568	1.528723	2.466098
3.067876	0.344568	1.528723	2.466098
3.069876	0.344568	1.528723	2.466098
3.071876	0.344568	1.528723	2.466098
3.073876	0.344568	1.528723	2.466098
3.075876	0.344568	1.528723	2.466098
3.077876	0.344568	1.528723	2.466098
3.079876	0.344568	1.528723	2.466098
3.081876	0.344568	1.528723	2.466098
3.083876	0.344568	1.528723	2.466098
3.085876	0.344568	1.528723	2.466098
3.087876	0.344568	1.528723	2.466098
3.089876	0.344568	1.528723	2.466098
3.091876	0.344568	1.528723	2.466098
3.093876	0.344568	1.528723	2.466098
3.095876	0.344568	1.528723	2.466098
3.097876	0.344568	1.528723	2.466098
3.099876	0.344568	1.528723	2.466098
3.101876	0.344568	1.528723	2.466098
3.103876	0.344568	1.528723	2.466098
3.105876	0.344568	1.528723	2.466098
3.107876	0.344568	1.528723	2.466098
3.109876	0.344568	1.528723	2.466098
3.111876	0.344568	1.528723	2.466098
3.113876	0.344568	1.528723	2.466098
3.115876	0.344568	1.528723	2.466098
3.117876	0.344568	1.528723	2.466098
3.119876	0.344568	1.528723	2.466098
3.121876	0.344568	1.528723	2.466098
3.123876	0.344568	1.528723	2.466098
3.125876	0.344568	1.528723	2.466098
3.127876	0.344568	1.528723	2.466098
3.129876	0.344568	1.528723	2.466098
3.131876	0.344568	1.528723	2.466098
3.133876	0.344568	1.528723	2.466098
3.135876	0.344568	1.528723	2.466098
3.137876	0.344568	1.528723	2.466098
3.139876	0.344568	1.528723	2.466098
3.141876	0.344568	1.528723	2.466098
3.143876	0.344568	1.528723	2.466098
3.145876	0.344568	1.528723	2.466098
3.147876	0.344568	1.528723	2.466098
3.149876	0.344568	1.528723	2.466098
3.151876	0.344568	1.528723	2.466098
3.153876	0.344568	1.528723	2.466098
3.155876	0.344568	1.528723	2.466098
3.157876	0.344568	1.528723	2.466098
3.159876	0.344568	1.528723	2.466098
3.161876	0.344568	1.528723	2.466098
3.163876	0.344568	1.528723	2.466098
3.165876	0.344568	1.528723	2.466098
3.167876	0.344568	1.528723	2.466098
3.169876	0.344568	1.528723	2.466098
3.171876	0.344568	1.528723	2.466098
3.173876	0.344568	1.528723	2.466098
3.175876	0.344568	1.528723	2.466098
3.177876	0.344568	1.528723	2.466098
3.179876	0.344568	1.528723	2.466098
3.181876	0.344568	1.528723	2.466098
3.183876	0.344568	1.528723	2.466098
3.185876	0.344568	1.528723	2.466098
3.187876	0.344568	1.528723	2.466098
3.189876	0.344568	1.528723	2.466098
3.191876	0.344568	1.528723	2.466098
3.193876	0.344568	1.528723	2.466098
3.195876	0.344568	1.528723	2.466098
3.197876	0.344568	1.528723	2.466098
3.199876	0.344568	1.528723	2.466098
3.201876	0.344568	1.528723	2.466098
3.203876	0.344568	1.528723	2.466098
3.205876	0.344568	1.528723	2.466098
3.207876	0.344568	1.528723	2.466098
3.209876	0.344568	1.528723	2.466098
3.211876	0.344568	1.528723	2.466098
3.213876	0.344568	1.528723	2.466098
3.215876	0.344568	1.528723	2.466098
3.217876	0.344568	1.528723	2.466098
3.219876	0.344568	1.528723	2.466098
3.221876	0.344568	1.528723	2.466098
3.223876	0.344568	1.528723	2.466098
3.225876	0.344568	1.528723	2.466098
3.227876	0.344568	1.528723	2.466098
3.229876	0.344568	1.528723	2.466098
3.231876	0.344568	1.528723	2.466098
3.233876	0.344568	1.528723	2.466098
3.235876	0.344568	1.528723	2.466098
3.237876	0.344568	1.528723	2.466098
3.239876	0.344568	1.528723	2.466098
3.241876	0.344568	1.528723	2.466098
3.243876	0.344568	1.528723	2.466098
3.245876	0.344568	1.528723	2.466098
3.247876	0.344568	1.528723	2.466098
3.249876	0.344568	1.528723	2.466098
3.251876	0.344568	1.528723	2.466098
3.253876	0.344568	1.528723	2.466098
3.255876	0.344568	1.528723	2.466098
3.257876	0.344568	1.528723	2.466098
3.259876	0.344568	1.528723	2.466098
3.261876	0.344568	1.528723	2.466098
3.263876	0.344568	1.528723	2.466098
3.265876	0.344568	1.528723	2.466098
3.267876	0.344568	1.528723	2.466098
3.269876	0.344568	1.528723	2.466098
3.271876	0.344568	1.528723	2.466098
3.273876	0.344568	1.528723	2.466098
3.275876	0.344568	1.528723	2.466098
3.277876	0.344568	1.528723	2.466098
3.279876	0.344568	1.528723	2.466098
3.281876	0.344568	1.528723	2.466098
3.283876	0.344568	1.528723	2.466098
3.285876	0.344568	1.528723	2.466098
3.287876	0.344568	1.528723	2.466098
3.289876	0.344568	1.528723	2.466098
3.291876	0.344568	1.528723	2.466098
3.293876	0.344568	1.528723	2.466098
3.295876	0.344568	1.528723	2.466098
3.297876	0.344568	1.528723	2.466098
3.299876	0.344568	1.528723	2.466098
3.301876	0.344568	1.528723	2.466098
3.303876	0.344568	1.528723	2.466098
3.305876	0.344568	1.528723	2.466098
3.307876	0.344568	1.528723	2.466098
3.309876	0.344568	1.528723	2.466098
3.311876	0.344568	1.528723	2.466098
3.313876	0.344568	1.528723	2.466098
3.315876	0.344568	1.528723	2.466098
3.317876	0.344568	1.528723	2.466098
3.319876	0.344568	1.528723	2.466098
3.321876	0.344568	1.528723	2.466098
3.323876	0.344568	1.528723	2.466098
3.325876	0.344568	1.528723	2.466098
3.327876	0.344568	1.528723	2.466098
3.329876	0.344568	1.528723	2.466098
3.331876	0.344568	1.528723	2.466098
3.333876	0.344568	1.528723	2.466098
3.335876	0.344568	1.528723	2.466098
3.337876	0.344568	1.528723	2.466098
3.339876	0.344568	1.528723	2.466098
3.341876	0.344568	1.528723	2.466098
3.343876	0.344568	1.528723	2.466098
3.345876	0.344568	1.528723	2.466098
3.347876	0.344568	1.528723	2.466098
3.349876	0.344568	1.528723	2.466098
3.351876	0.344568	1.528723	2.466098
3.353876	0.344568	1.528723	2.466098
3.355876	0.344568	1.528723	2.466098
3.357876	0.344568	1.528723	2.466098
3.359876	0.344568	1.528723	2.466098
3.361876	0.344568	1.528723	2.466098
3.363876	0.344568	1.528723	2.466098
3.365876	0.344568	1.528723	2.466098
3.367876	0.344568	1.528723	2.466098
3.369876	0.344568	1.528723	2.466098
3.371876	0.344568	1.528723	2.466098
3.373876	0.344568	1.528723	2.466098
3.375876	0.344568	1.528723	2.466098
3.377876	0.344568	1.528723	2.466098
3.379876	0.344568	1.528723	2.466098
3.381876	0.344568	1.528723	2.466098
3.383876	0.344568	1.528723	2.466098
3.385876	0.344568	1.528723	2.466098
3.387876	0.344568	1.528723	2.466098
3.389876	0.344568	1.528723	2.466098
3.391876	0.344568	1.528723	2.466098
3.393876	0.344568	1.528723	2.466098
3.395876	0.344568	1.528723	2.466098
3.397876	0.344568	1.528723	2.466098
3.399876	0.344568	1.528723	2.466098
3.401876	0.344568	1.528723	2.466098
3.403876	0.344568	1.528723	2.466098
3.405876	0.344568	1.528723	2.466098
3.407876	0.344568	1.528723	2.466098
3.409876	0.344568	1.528723	2.466098
3.411876	0.344568	1.528723	2.466098
3.413876	0.344568	1.528723	2.466098
3.415876	0.344568	1.528723	2.466098
3.417876	0.344568	1.528723	2.466098
3.419876	0.344568	1.528723	2.466098
3.421876	0.344568	1.528723	2.466098
3.423876	0.344568	1.528723	2.466098
3.425876	0.344568	1.528723	2.466098
3.427876	0.344568	1.528723	2.466098
3.429876	0.344568	1.528723	2.466098
3.431876	0.344568	1.528723	2.466098
3.433876	0.344568	1.528723	2.466098
3.435876	0.344568	1.528723	2.466098
3.437876	0.344568	1.528723	2.466098
3.439876	0.344568	1.528723	2.466098
3.441876	0.344568	1.528723	2.466098
3.443876	0.344568	1.528723	2.466098
3.445876	0.344568	1.528723	2.466098
3.447876	0.344568	1.528723	2.466098
3.449876	0.344568	1.528723	2.466098
3.451876	0.344568	1.528723	2.466098
3.453876	0.344568	1.528723	2.466098
3.455876	0.344568	1.528723	2.466098
3.457876	0.344568	1.528723	2.466098
3.459876	0.344568	1.528723	2.466098
3.461876	0.344568	1.528723	2.466098
3.463876	0.344568	1.528723	2.466098
3.465876	0.344568	1.528723	2.466098
3.467876	0.344568	1.528723	2.466098
3.469876	0.344568	1.528723	2.466098
3.471876	0.344568	1.528723	2.466098
3.473876	0.344568	1.528723	2.466098
3.475876	0.344568	1.528723	2.466098
3.477876	0.344568	1.528723	2.466098
3.479876	0.344568	1.528723	2.466098
3.481876	0.344568	1.528723	2.466098
3.483876	0.344568	1.528723	2.466098
3.485876	0.344568	1.528723	2.466098
3.487876	0.344568	1.528723	2.466098
3.489876	0.344568	1.528723	2.466098
3.491876	0.344568	1.528723	2.466098
3.493876	0.344568	1.528723	2.466098
3.495876	0.344568	1.528723	2.466098
3.497876	0.344568	1.528723	2.466098
3.499876	0.344568	1.528723	2.466098
3.501876	0.344568	1.528723	2.466098
3.503876	0.344568	1.528723	2.466098
3.505876	0.344568	1.528723	2.466098
3.507876	0.344568	1.528723	2.466098
3.509876	0.344568	1.528723	2.466098
3.511876	0.344568	1.528723	2.466098
3.513876	0.344568	1.528723	2.466098
3.515876	0.344568	1.528723	2.466098
3.517876	0.344568	1.528723	2.466098
3.519876	0.344568	1.528723	2.466098
3.521876	0.344568	1.528723	2.466098
3.523876	0.344568	1.528723	2.466098
3.525876	0.344568	1.528723	2.466098
3.527876	0.344568	1.528723	2.466098
3.529876	0.344568	1.528723	2.466098
3.531876	0.344568	1.528723	2.466098
3.533876	0.344568	1.528723	2.466098
3.535876	0.344568	1.528723	2.466098
3.537876	0.344568	1.528723	2.466098
3.539876	0.344568	1.528723	2.466098
3.541876	0.344568	1.528723	2.466098
3.543876	0.344568	1.528723	2.466098
3.545876	0.344568	1.528723	2.466098
3.547876	0.344568	1.528723	2.466098
3.549876	0.344568	1.528723	2.466098
3.551876	0.344568	1.528723	2.466098
3.553876	0.344568	1.528723	2.466098
3.555876	0.344568	1.528723	2.466098
3.557876	0.344568	1.528723	2.466098
3.559876	0.344568	1.528723	2.466098
3.561876	0.344568	1.528723	2.466098
3.563876	0.344568	1.528723	2.466098
3.565876	0.344568	1.528723	2.466098
3.567876	0.344568	1.528723	2.466098
3.569876	0.344568	1.528723	2.466098
3.571876	0.344568	1.528723	2.466098
3.573876	0.344568	1.528723	2.466098
3.575876	0.344568	1.528723	2.466098
3.577876	0.344568	1.528723	2.466098
3.579876	0.344568	1.528723	2.466098
3.581876	0.344568	1.528723	2.466098
3.583876	0.344568	1.528723	2.466098
3.585876	0.344568	1.528723	2.466098
3.587876	0.344568	1.528723	2.466098
3.589876	0.344568	1.528723	2.466098
3.591876	0.344568	1.528723	2.466098
3.593876	0.344568	1.528723	2.466098
3.595876	0.344568	1.528723	2.466098
3.597876	0.344568	1.528723	2.466098
3.599876	0.344568	1.528723	2.466098
3.601876	0.344568	1.528723	2.466098
3.603876	0.344568	1.528723	2.466098
3.605876	0.344568	1.528723	2.466098
3.607876	0.344568	1.528723	2.466098
3.609876	0.344568	1.528723	2.466098
3.611876	0.344568	1.528723	2.466098
3.613876	0.344568	1.528723	2.466098
3.615876	0.344568	1.528723	2.466098
3.617876	0.344568	1.528723	2.466098
3.619876	0.344568	1.528723	2.466098
3.621876	0.344568	1.528723	2.466098
3.623876	0.344568	1.528723	2.466098
3.625876	0.344568	1.528723	2.466098
3.627876	0.344568	1.528723	2.466098
3.629876	0.344568	1.528723	2.466098
3.631876	0.344568	1.528723	2.466098
3.633876	0.344568	1.528723	2.466098
3.635876	0.344568	1.528723	2.466098
3.637876	0.344568	1.528723	2.466098
3.639876	0.344568	1.528723	2.466098
3.641876	0.344568	1.528723	2.466098
3.643876	0.344568	1.528723	2.466098
3.645876	0.344568	1.528723	2.466098
3.647876	0.344568	1.528723	2.466098
3.649876	0.344568	1.528723	2.466098
3.651876	0.344568	1.528723	2.466098
3.653876	0.344568	1.528723	2.466098
3.655876	0.344568	1.528723	2.466098
3.657876	0.344568	1.528723	2.466098
3.659876	0.344568	1.528723	2.466098
3.661876	0.344568	1.528723	2.466098
3.663876	0.344568	1.528723	2.466098
3.665876	0.344568	1.528723	2.466098
3.667876	0.344568	1.528723	2.466098
3.669876	0.344568	1.528723	2.466098
3.671876	0.344568	1.528723	2.466098
3.673876	0.344568	1.528723	2.466098
3.675876	0.344568	1.528723	2.466098
3.677876	0.344568	1.528723	2.466098
3.679876	0.344568	1.528723	2.466098
3.681876	0.344568	1.528723	2.466098
3.683876	0.344568	1.528723	2.466098
3.685876	0.344568	1.528723	2.466098
3.687876	0.344568	1.528723	2.466098
3.689876	0.344568	1.528723	2.466098
3.691876	0.344568	1.528723	2.466098
3.693876	0.344568	1.528723	2.466098
3.695876	0.344568	1.528723	2.466098
3.697876	0.344568	1.528723	2.466098
3.699876	0.344568	1.528723	2.466098
3.701876	0.344568	1.528723	2.466098
3.703876	0.344568	1.528723	2.466098
3.705876	0.344568	1.528723	2.466098
3.707876	0.344568	1.528723	2.466098
3.709876	0.344568	1.528723	2.466098
3.711876	0.344568	1.528723	2.466098
3.713876	0.344568	1.528723	2.466098
3.715876	0.344568	1.528723	2.466098
3.717876	0.344568	1.528723	2.466098
3.719876	0.344568	1.528723	2.466098
3.721876	0.344568	1.528723	2.466098
3.723876	0.344568	1.528723	2.466098
3.725876	0.344568	1.528723	2.466098
3.727876	0.344568	1.528723	2.466098
3.729876	0.344568	1.528723	2.466098
3.731876	0.344568	1.528723	2.466098
3.733876	0.344568	1.528723	2.466098
3.735876	0.344568	1.528723	2.466098
3.737876	0.344568	1.528723	2.466098
3.739876	0.344568	1.528723	2.466098
3.741876	0.344568	1.528723	2.466098
3.743876	0.344568	1.528723	2.466098
3.745876	0.344568	1.528723	2.466098
3.747876	0.344568	1.528723	2.466098
3.749876	0.344568	1.528723	2.466098
3.751876	0.344568	1.528723	2.466098
3.753876	0.344568	1.528723	2.466098
3.755876	0.344568	1.528723	2.466098
3.757876	0.344568	1.528723	2.466098
3.759876	0.344568	1.528723	2.466098
3.761876	0.344568	1.528723	2.466098
3.763876	0.344568	1.528723	2.466098
3.765876	0.344568	1.528723	2.466098
3.767876	0.344568	1.528723	2.466098
3.769876	0.344568	1.528723	2.466098
3.771876	0.344568	1.528723	2.466098
3.773876	0.344568	1.528723	2.466098
3.775876	0.344568	1.528723	2.466098
3.777876	0.344568	1.528723	2.466098
3.779876	0.344568	1.528723	2.466098
3.781876	0.344568	1.528723	2.466098
3.783876	0.344568	1.528723	2.466098
3.785876	0.344568	1.528723	2.466098
3.787876	0.344568	1.528723	2.466098
3.789876	0.344568	1.528723	2.466098
3.791876	0.344568	1.528723	2.466098
3.793876	0.344568	1.528723	2.466098
3.795876	0.344568	1.528723	2.466098
3.797876	0.344568	1.528723	2.466098
3.799876	0.344568	1.528723	2.466098
3.801876	0.344568	1.528723	2.466098
3.803876	0.344568	1.528723	2.466098
3.805876	0.344568	1.528723	2.466098
3.807876	0.344568	1.528723	2.466098
3.809876	0.344568	1.528723	2.466098
3.811876	0.344568	1.528723	2.466098
3.813876	0.344568	1.528723	2.466098
3.815876	0.344568	1.528723	2.466098
3.817876	0.344568	1.528723	2.466098
3.819876	0.344568	1.528723	2.466098
3.821876	0.344568	1.528723	2.466098
3.823876	0.344568	1.528723	2.466098
3.825876	0.344568	1.528723	2.466098
3.827876	0.344568	1.528723	2.466098
3.829876	0.344568	1.528723	2.466098
3.831876	0.344568	1.528723	2.466098
3.833876	0.344568	1.528723	2.466098
3.835876	0.344568	1.528723	2.466098
3.837876	0.344568	1.528723	2.466098
3.839876	0.344568	1.528723	2.466098
3.841876	0.344568	1.528723	2.466098
3.843876	0.344568	1.528723	2.466098
3.845876	0.344568	1.528723	2.466098
3.847876	0.344568	1.528723	2.466098
3.849876	0.344568	1.528723	2.466098
3.851876	0.344568	1.528723	2.466098
3.853876	0.344568	1.528723	2.466098
3.855876	0.344568	1.528723	2.466098
3.857876	0.344568	1.528723	2.466098
3.859876	0.344568	1.528723	2.466098
3.861876	0.344568	1.528723	2.466098
3.863876	0.344568	1.528723	2.466098
3.865876	0.344568	1.528723	2.466098
3.867876	0.344568	1.528723	2.466098
3.869876	0.344568	1.528723	2.466098
3.871876	0.344568	1.528723	2.466098
3.873876	0.344568	1.528723	2.466098
3.875876	0.344568	1.528723	2.466098
3.877876	0.344568	1.528723	2.466098
3.879876	0.344568	1.528723	2.466098
3.881876	0.344568	1.528723	2.466098
3.883876	0.344568	1.528723	2.466098
3.885876	0.344568	1.528723	2.466098
3.887876	0.344568	1.528723	2.466098
3.889876	0.344568	1.528723	2.466098
3.891876	0.344568	1.528723	2.466098
3.893876	0.344568	1.528723	2.466098
3.895876	0.344568	1.528723	2.466098
3.897876	0.344568	1.528723	2.466098
3.899876	0.344568	1.528723	2.466098
3.901876	0.344568	1.528723	2.466098
3.903876	0.344568	1.528723	2.466098
3.905876	0.344568	1.528723	2.466098
3.907876	0.344568	1.528723	2.466098
3.909876	0.344568	1.528723	2.466098
3.911876	0.344568	1.528723	2.466098
3.913876	0.344568	1.528723	2.466098
3.915876	0.344568	1.528723	2.466098
3.917876	0.344568	1.528723	2.466098
3.919876	0.344568	1.528723	2.466098
3.921876	0.344568	1.528723	2.466098
3.923876	0.344568	1.528723	2.466098
3.925876	0.344568	1.528723	2.466098
3.927876	0.344568	1.528723	2.466098
3.929876	0.344568	1.528723	2.466098
3.931876	0.344568	1.528723	2.466098
3.933876	0.344568	1.528723	2.466098
3.935876	0.344568	1.528723	2.466098
3.937876	0.344568	1.528723	2.466098
3.939876	0.344568	1.528723	2.466098
3.941876	0.344568	1.528723	2.466098
3.943876	0.344568	1.528723	2.466098
3.945876	0.344568	1.528723	2.466098
3.947876	0.344568	1.528723	2.466098
3.949876	0.344568	1.528723	2.466098
3.951876	0.344568	1.528723	2.466098
3.953876	0.344568	1.528723	2.466098
3.955876	0.344568	1.528723	2.466098
3.957876	0.344568	1.528723	2.466098
3.959876	0.344568	1.528723	2.466098
3.961876	0.344568	1.528723	2.466098
3.963876	0.344568	1.528723	2.466098
3.965876	0.344568	1.528723	2.466098
3.967876	0.344568	1.528723	2.466098
3.969876	0.344568	1.528723	2.466098
3.971876	0.344568	1.528723	2.466098
3.973876	0.344568	1.528723	2.466098
3.975876	0.344568	1.528723	2.466098
3.977876	0.344568	1.528723	2.466098
3.979876	0.344568	1.528723	2.466098
3.981876	0.344568	1.528723	2.466098
3.983876	0.344568	1.528723	2.466098
3.985876	0.344568	1.528723	2.466098
3.987876	0.344568	1.528723	2.466098
3.989876	0.344568	1.528723	2.466098
3.991876	0.344568	1.528723	2.466098
3.993876	0.344568	1.528723	2.466098
3.995876	0.344568	1.528723	2.466098
3.997876	0.344568	1.528723	2.466098
3.999876	0.344568	1.528723	2.466098
4.001876	0.344568	1.528723	2.466098
4.003876	0.344568	1.528723	2.466098
4.005876	0.344568	1.528723	2.466098
4.007876	0.344568	1.528723	2.466098
4.009876	0.344568	1.528723	2.466098
4.011876	0.344568	1.528723	2.466098
4.013876	0.344568	1.528723	2.466098
4.015876	0.344568	1.528723	2.466098
4.017876	0.344568	1.528723	2.466098
4.019876	0.344568	1.528723	2.466098
4.021876	0.344568	1.528723	2.466098
4.023876	0.344568	1.528723	2.466098
4.025876	0.344568	1.528723	2.466098
4.027876	0.344568	1.528723	2.466098
4.029876	0.344568	1.528723	2.466098
4.031876	0.344568	1.528723	2.466098
4.033876	0.344568	1.528723	2.466098
4.035876	0.344568	1.528723	2.466098
4.037876	0.344568	1.528723	2.466098
4.039876	0.344568	1.528723	2.466098
4.041876	0.344568	1.528723	2.466098
4.043876	0.344568	1.528723	2.466098
4.045876	0.344568	1.528723	2.466098
4.047876	0.344568	1.528723	2.466098
4.049876	0.344568	1.528723	2.466098
4.051876	0.344568	1.528723	2.466098
4.053876	0.344568	1.528723	2.466098
4.055876	0.344568	1.528723	2.466098
4.057876	0.344568	1.528723	2.466098
4.059876	0.344568	1.528723	2.466098
4.061876	0.344568	1.528723	2.466098
4.063876	0.344568	1.528723	2.466098
4.065876	0.344568	1.528723	2.466098
4.067876	0.344568	1.528723	2.466098
4.069876	0.344568	1.528723	2.466098
4.071876	0.344568	1.528723	2.466098
4.073876	0.344568	1.528723	2.466098
4.075876	0.344568	1.528723	2.466098
4.077876	0.344568	1.528723	2.466098
4.079876	0.344568	1.528723	2.466098
4.081876	0.344568	1.528723	2.466098
4.083876	0.344568	1.528723	2.466098
4.085876	0.344568	1.528723	2.466098
4.087876	0.344568	1.528723	2.466098
4.089876	0.344568	1.528723	2.466098
4.091876	0.344568	1.528723	2.466098
4.093876	0.344568	1.528723	2.466098
4.095876	0.344568	1.528723	2.466098
4.097876	0.344568	1.528723	2.466098
4.099876	0.344568	1.528723	2.466098
4.101876	0.344568	1.528723	2.466098
4.103876	0.344568	1.528723	2.466098
4.105876	0.344568	1.528723	2.466098
4.107876	0.344568	1.528723	2.466098
4.109876	0.344568	1.528723	2.466098
4.111876	0.344568	1.528723	2.466098
4.113876	0.344568	1.528723	2.466098
4.115876	0.344568	1.528723	2.466098
4.117876	0.344568	1.528723	2.466098
4.119876	0.344568	1.528723	2.466098
4.121876	0.344568	1.528723	2.466098
4.123876	0.344568	1.528723	2.466098
4.125876	0.344568	1.528723	2.466098
4.127876	0.344568	1.528723	2.466098
4.129876	0.344568	1.528723	2.466098
4.131876	0.344568	1.528723	2.466098
4.133876	0.344568	1.528723	2.466098
4.135876	0.344568	1.528723	2.466098
4.137876	0.344568	1.528723	2.466098
4.139876	0.344568	1.528723	2.466098
4.141876	0.344568	1.528723	2.466098
4.143876	0.344568	1.528723	2.466098
4.145876	0.344568	1.528723	2.466098
4.147876	0.344568	1.528723	2.466098
4.149876	0.344568	1.528723	2.466098
4.151876	0.344568	1.528723	2.466098
4.153876	0.344568	1.528723	2.466098
4.155876	0.344568	1.528723	2.466098
4.157876	0.344568	1.528723	2.466098
4.159876	0.344568	1.528723	2.466098
4.161876	0.344568	1.528723	2.466098
4.163876	0.344568	1.528723	2.466098
4.165876	0.344568	1.528723	2.466098
4.167876	0.344568	1.528723	2.466098
4.169876	0.344568	1.528723	2.466098
4.171876	0.344568	1.528723	2.466098
4.173876	0.344568	1.528723	2.466098
4.175876	0.344568	1.528723	2.466098
4.177876	0.344568	1.528723	2.466098
4.179876	0.344568	1.528723	2.466098
4.181876	0.344568	1.528723	2.466098
4.183876	0.344568	1.528723	2.466098
4.185876	0.344568	1.528723	2.466098
4.187876	0.344568	1.528723	2.466098
4.189876	0.344568	1.528723	2.466098
4.191876	0.344568	1.528723	2.466098
4.193876	0.344568	1.528723	2.466098
4.195876	0.344568	1.528723	2.466098
4.197876	0.344568	1.528723	2.466098
4.199876	0.344568	1.528723	2.466098
4.201876	0.344568	1.528723	2.466098
4.203876	0.344568	1.528723	2.466098
4.205876	0.344568	1.528723	2.466098
4.207876	0.344568	1.528723	2.466098
4.209876	0.344568	1.528723	2.466098
4.211876	0.344568	1.528723	2.466098
4.213876	0.344568	1.528723	2.466098
4.215876	0.344568	1.528723	2.466098
4.217876	0.344568	1.528723	2.466098
4.219876	0.344568	1.528723	2.466098
4.221876	0.344568	1.528723	2.466098
4.223876	0.344568	1.528723	2.466098
4.225876	0.344568	1.528723	2.466098
4.227876	0.344568	1.528723	2.466098
4.229876	0.344568	1.528723	2.466098
4.231876	0.344568	1.528723	2.466098
4.233876	0.344568	1.528723	2.466098
4.235876	0.344568	1.528723	2.466098
4.237876	0.344568	1.528723	2.466098
4.239876	0.344568	1.528723	2.466098
4.241876	0.344568	1.528723	2.466098
4.243876	0.344568	1.528723	2.466098
4.245876	0.344568	1.528723	2.466098
4.247876	0.344568	1.528723	2.466098
4.249876	0.344568	1.528723	2.466098
4.251876	0.344568	1.528723	2.466098
4.253876	0.344568	1.528723	2.466098
4.255876	0.344568	1.528723	2.466098
4.257876	0.344568	1.528723	2.466098
4.259876	0.344568	1.528723	2.466098
4.261876	0.344568	1.528723	2.466098
4.263876	0.344568	1.528723	2.466098
4.265876	0.344568	1.528723	2.466098
4.267876	0.344568	1.528723	2.466098
4.269876	0.344568	1.528723	2.466098
4.271876	0.344568	1.528723	2.466098
4.273876	0.344568	1.528723	2.466098
4.275876	0.344568	1.528723	2.466098
4.277876	0.344568	1.528723	2.466098
4.279876	0.344568	1.528723	2.466098
4.281876	0.344568	1.528723	2.466098
4.283876	0.344568	1.528723	2.466098
4.285876	0.344568	1.528723	2.466098
4.287876	0.344568	1.528723	2.466098
4.289876	0.344568	1.528723	2.466098
4.291876	0.344568	1.528723	2.466098
4.293876	0.344568	1.528723	2.466098
4.295876	0.344568	1.528723	2.466098
4.297876	0.344568	1.528723	2.466098
4.299876	0.344568	1.528723	2.466098
4.301876	0.344568	1.528723	2.466098
4.303876	0.344568	1.528723	2.466098
4.305876	0.344568	1.528723	2.466098
4.307876	0.344568	1.528723	2.466098
4.309876	0.344568	1.528723	2.466098
4.311876	0.344568	1.528723	2.466098
4.313876	0.344568	1.528723	2.466098
4.315876	0.344568	1.528723	2.466098
4.317876	0.344568	1.528723	2.466098
4.319876	0.344568	1.528723	2.466098
4.321876	0.344568	1.528723	2.466098
4.323876	0.344568	1.528723	2.466098
4.325876	0.344568	1.528723	2.466098
4.327876	0.344568	1.528723	2.466098
4.329876	0.344568	1.528723	2.466098
4.331876	0.344568	1.528723	2.466098
4.333876	0.344568	1.528723	2.466098
4.335876	0.344568	1.528723	2.466098
4.337876	0.344568	1.528723	2.466098
4.339876	0.344568	1.528723	2.466098
4.341876	0.344568	1.528723	2.466098
4.343876	0.344568	1.528723	2.466098
4.345876	0.344568	1.528723	2.466098
4.347876	0.344568	1.528723	2.466098
4.349876	0.344568	1.528723	2.466098
4.351876	0.344568	1.528723	2.466098
4.353876	0.344568	1.528723	2.466098
4.355876	0.344568	1.528723	2.466098
4.357876	0.344568	1.528723	2.466098
4.359876	0.344568	1.528723	2.466098
4.361876	0.344568	1.528723	2.466098
4.363876	0.344568	1.528723	2.466098
4.365876	0.344568	1.528723	2.466098
4.367876	0.344568	1.528723	2.466098
4.369876	0.344568	1.528723	2.466098
4.371876	0.344568	1.528723	2.466098
4.373876	0.344568	1.528723	2.466098
4.375876	0.344568	1.528723	2.466098
4.377876	0.344568	1.528723	2.466098
4.379876	0.344568	1.528723	2.466098
4.381876	0.344568	1.528723	2.466098
4.383876	0.344568	1.528723	2.466098
4.385876	0.344568	1.528723	2.466098
4.387876	0.344568	1.528723	2.466098
4.389876	0.344568	1.528723	2.466098
4.391876	0.344568	1.528723	2.466098
4.393876	0.344568	1.528723	2.466098
4.395876	0.344568	1.528723	2.466098
4.397876	0.344568	1.528723	2.466098
4.399876	0.344568	1.528723	2.466098
4.401876	0.344568	1.528723	2.466098
4.403876	0.344568	1.528723	2.466098
4.405876	0.344568	1.528723	2.466098
4.407876	0.344568	1.528723	2.466098
4.409876	0.344568	1.528723	2.466098
4.411876	0.344568	1.528723	2.466098
4.413876	0.344568	1.528723	2.466098
4.415876	0.344568	1.528723	2.466098
4.417876	0.344568	1.528723	2.466098
4.419876	0.344568	1.528723	2.466098
4.421876	0.344568	1.528723	2.466098
4.423876	0.344568	1.528723	2.466098
4.425876	0.344568	1.528723	2.466098
4.427876	0.344568	1.528723	2.466098
4.429876	0.344568	1.528723	2.466098
4.431876	0.344568	1.528723	2.466098
4.433876	0.344568	1.528723	2.466098
4.435876	0.344568	1.528723	2.466098
4.437876	0.344568	1.528723	2.466098
4.439876	0.344568	1.528723	2.466098
4.441876	0.344568	1.528723	2.466098
4.443876	0.344568	1.528723	2.466098
4.445876	0.344568	1.528723	2.466098
4.447876	0.344568	1.528723	2.466098
4.449876	0.344568	1.528723	2.466098
4.451876	0.344568	1.528723	2.466098
4.453876	0.344568	1.528723	2.466098
4.455876	0.344568	1.528723	2.466098
4.457876	0.344568	1.528723	2.466098
4.459876	0.344568	1.528723	2.466098
4.461876	0.344568	1.528723	2.466098
4.463876	0.344568	1.528723	2.466098
4.465876	0.344568	1.528723	2.466098
4.467876	0.344568	1.528723	2.466098
4.469876	0.344568	1.528723	2.466098
4.471876	0.344568	1.528723	2.466098
4.473876	0.344568	1.528723	2.466098
4.475876	0.344568	1.528723	2.466098
4.477876	0.344568	1.528723	2.466098
4.479876	0.344568	1.528723	2.466098
4.481876	0.344568	1.528723	2.466098
4.483876	0.344568	1.528723	2.466098
4.485876	0.344568	1.528723	2.466098
4.487876	0.344568	1.528723	2.466098
4.489876	0.344568	1.528723	2.466098
4.491876	0.344568	1.528723	2.466098
4.493876	0.344568	1.528723	2.466098
4.495876	0.344568	1.528723	2.466098
4.497876	0.344568	1.528723	2.466098
4.499876	0.344568	1.528723	2.466098
4.501876	0.344568	1.528723	2.466098
4.503876	0.344568	1.528723	2.466098
4.505876	0.344568	1.528723	2.466098
4.507876	0.344568	1.528723	2.466098
4.509876	0.344568	1.528723	2.466098
4.511876	0.344568	1.528723	2.466098
4.513876	0.344568	1.528723	2.466098
4.515876	0.344568	1.528723	2.466098
4.517876	0.344568	1.528723	2.466098
4.519876	0.344568	1.528723	2.466098
4.521876	0.344568	1.528723	2.466098
4.523876	0.344568	1.528723	2.466098
4.525876	0.344568	1.528723	2.466098
4.527876	0.344568	1.528723	2.466098
4.529876	0.344568	1.528723	2.466098
4.531876	0.344568	1.528723	2.466098
4.533876	0.344568	1.528723	2.466098
4.535876	0.344568	1.528723	2.466098
4.537876	0.344568	1.528723	2.466098
4.539876	0.344568	1.528723	2.466098
4.541876	0.344568	1.528723	2.466098
4.543876	0.344568	1.528723	2.466098
4.545876	0.344568	1.528723	2.466098
4.547876	0.344568	1.528723	2.466098
4.549876	0.344568	1.528723	2.466098
4.551876	0.344568	1.528723	2.466098
4.553876	0.344568	1.528723	2.466098
4.555876	0.344568	1.528723	2.466098
4.557876	0.344568	1.528723	2.466098
4.559876	0.344568	1.528723	2.466098
4.561876	0.344568	1.528723	2.466098
4.563876	0.344568	1.528723	2.466098
4.565876	0.344568	1.528723	2.466098
4.567876	0.344568	1.528723	2.466098
4.569876	0.344568	1.528723	2.466098
4.571876	0.344568	1.528723	2.466098
4.573876	0.344568	1.528723	2.466098
4.575876	0.344568	1.528723	2.466098
4.577876	0.344568	1.528723	2.466098
4.579876	0.344568	1.528723	2.466098
4.581876	0.344568	1.528723	2.466098
4.583876	0.344568	1.528723	2.466098
4.585876	0.344568	1.528723	2.466098
4.587876	0.344568	1.528723	2.466098
4.589876	0.344568	1.528723	2.466098
4.591876	0.344568	1.528723	2.466098
4.593876	0.344568	1.528723	2.466098
4.595876	0.344568	1.528723	2.466098
4.597876	0.344568	1.528723	2.466098
4.599876	0.344568	1.528723	2.466098
4.601876	0.344568	1.528723	2.466098
4.603876	0.344568	1.528723	2.466098
4.605876	0.344568	1.528723	2.466098
4.607876	0.344568	1.528723	2.466098
4.609876	0.344568	1.528723	2.466098
4.611876	0.344568	1.528723	2.466098
4.613876	0.344568	1.528723	2.466098
4.615876	0.344568	1.528723	2.466098
4.617876	0.344568	1.528723	2.466098
4.619876	0.344568	1.528723	2.466098
4.621876	0.344568	1.528723	2.466098
4.623876	0.344568	1.528723	2.466098
4.625876	0.344568	1.528723	2.466098
4.627876	0.344568	1.528723	2.466098
4.629876	0.344568	1.528723	2.466098
4.631876	0.344568	1.528723	2.466098
4.633876	0.344568	1.528723	2.466098
4.635876	0.344568	1.528723	2.466098
4.637876	0.344568	1.528723	2.466098
4.639876	0.344568	1.528723	2.466098
4.641876	0.344568	1.528723	2.466098
4.643876	0.344568	1.528723	2.466098
4.645876	0.344568	1.528723	2.466098
4.647876	0.344568	1.528723	2.466098
4.649876	0.344568	1.528723	2.466098
4.651876	0.344568	1.528723	2.466098
4.653876	0.344568	1.528723	2.466098
4.655876	0.344568	1.528723	2.466098
4.657876	0.344568	1.528723	2.466098
4.659876	0.344568	1.528723	2.466098
4.661876	0.344568	1.528723	2.466098
4.663876	0.344568	1.528723	2.466098
4.665876	0.344568	1.528723	2.466098
4.667876	0.344568	1.528723	2.466098
4.669876	0.344568	1.528723	2.466098
4.671876	0.344568	1.528723	2.466098
4.673876	0.344568	1.528723	2.466098
4.675876	0.344568	1.528723	2.466098
4.677876	0.344568	1.528723	2.466098
4.679876	0.344568	1.528723	2.466098
4.681876	0.344568	1.528723	2.466098
4.683876	0.344568	1.528723	2.466098
4.685876	0.344568	1.528723	2.466098
4.687876	0.344568	1.528723	2.466098
4.689876	0.344568	1.528723	2.466098
4.691876	0.344568	1.528723	2.466098
4.693876	0.344568	1.528723	2.466098
4.695876	0.344568	1.528723	2.466098
4.697876	0.344568	1.528723	2.466098
4.699876	0.344568	1.528723	2.466098
4.701876	0.344568	1.528723	2.466098
4.703876	0.344568	1.528723	2.466098
4.705876	0.344568	1.528723	2.466098
4.707876	0.344568	1.528723	2.466098
4.709876	0.344568	1.528723	2.466098
4.711876	0.344568	1.528723	2.466098
4.713876	0.344568	1.528723	2.466098
4.715876	0.344568	1.528723	2.466098
4.717876	0.344568	1.528723	2.466098
4.719876	0.344568	1.528723	2.466098
4.721876	0.344568	1.528723	2.466098
4.723876	0.344568	1.528723	2.466098
4.725876	0.344568	1.528723	2.466098
4.727876	0.344568	1.528723	2.466098
4.729876	0.344568	1.528723	2.466098
4.731876	0.344568	1.528723	2.466098
4.733876	0.344568	1.528723	2.466098
4.735876	0.344568	1.528723	2.466098
4.737876	0.344568	1.528723	2.466098
4.739876	0.344568	1.528723	2.466098
4.741876	0.344568	1.528723	2.466098
4.743876	0.344568	1.528723	2.466098
4.745876	0.344568	1.528723	2.466098
4.747876	0.344568	1.528723	2.466098
4.749876	0.344568	1.528723	2.466098
4.751876	0.344568	1.528723	2.466098
4.753876	0.344568	1.528723	2.466098
4.755876	0.344568	1.528723	2.466098
4.757876	0.344568	1.528723	2.466098
4.759876	0.344568	1.528723	2.466098
4.761876	0.344568	1.528723	2.466098
4.763876	0.344568	1.528723	2.466098
4.765876	0.344568	1.528723	2.466098
4.767876	0.344568	1.528723	2.466098
4.769876	0.344568	1.528723	2.466098
4.771876	0.344568	1.528723	2.466098
4.773876	0.344568	1.528723	2.466098
4.775876	0.344568	1.528723	2.466098
4.777876	0.344568	1.528723	2.466098
4.779876	0.344568	1.528723	2.466098
4.781876	0.344568	1.528723	2.466098
4.783876	0.344568	1.528723	2.466098
4.785876	0.344568	1.528723	2.466098
4.787876	0.344568	1.528723	2.466098
4.789876	0.344568	1.528723	2.466098
4.791876	0.344568	1.528723	2.466098
4.793876	0.344568	1.528723	2.466098
4.795876	0.344568	1.528723	2.466098
4.797876	0.344568	1.528723	2.466098
4.799876	0.344568	1.528723	2.466098
4.801876	0.344568	1.528723	2.466098
4.803876	0.344568	1.528723	2.466098
4.805876	0.344568	1.528723	2.466098
4.807876	0.344568	1.528723	2.466098
4.809876	0.344568	1.528723	2.466098
4.811876	0.344568	1.528723	2.466098
4.813876	0.344568	1.528723	2.466098
4.815876	0.344568	1.528723	2.466098
4.817876	0.344568	1.528723	2.466098
4.819876	0.344568	1.528723	2.466098
4.821876	0.344568	1.528723	2.466098
4.823876	0.344568	1.528723	2.466098
4.825876	0.344568	1.528723	2.466098
4.827876	0.344568	1.528723	2.466098
4.829876	0.344568	1.528723	2.466098
4.831876	0.344568	1.528723	2.466098
4.833876	0.344568	1.528723	2.466098
4.835876	0.344568	1.528723	2.466098
4.837876	0.344568	1.528723	2.466098
4.839876	0.344568	1.528723	2.466098
4.841876	0.344568	1.528723	2.466098
4.843876	0.344568	1.528723	2.466098
4.845876	0.344568	1.528723	2.466098
4.847876	0.344568	1.528723	2.466098
4.849876	0.344568	1.528723	2.466098
4.851876	0.344568	1.528723	2.466098
4.853876	0.344568	1.528723	2.466098
4.855876	0.344568	1.528723	2.466098
4.857876	0.344568	1.528723	2.466098
4.859876	0.344568	1.528723	2.466098
4.861876	0.344568	1.528723	2.466098
4.863876	0.344568	1.528723	2.466098
4.865876	0.344568	1.528723	2.466098
4.867876	0.344568	1.528723	2.466098
4.869876	0.344568	1.528723	2.466098
4.871876	0.344568	1.528723	2.466098
4.873876	0.344568	1.528723	2.466098
4.875876	0.344568	1.528723	2.466098
4.877876	0.344568	1.528723	2.466098
4.879876	0.344568	1.528723	2.466098
4.881876	0.344568	1.528723	2.466098
4.883876	0.344568	1.528723	2.466098
4.885876	0.344568	1.528723	2.466098
4.887876	0.344568	1.528723	2.466098
4.889876	0.344568	1.528723	2.466098
4.891876	0.344568	1.528723	2.466098
4.893876	0.344568	1.528723	2.466098
4.895876	0.344568	1.528723	2.466098
4.897876	0.344568	1.528723	2.466098
4.899876	0.344568	1.528723	2.466098
4.901876	0.344568	1.528723	2.466098
4.903876	0.344568	1.528723	2.466098
4.905876	0.344568	1.528723	2.466098
4.907876	0.344568	1.528723	2.466098
4.909876	0.344568	1.528723	2.466098
4.911876	0.344568	1.528723	2.466098
4.913876	0.344568	1.528723	2.466098
4.915876	0.344568	1.528723	2.466098
4.917876	0.344568	1.528723	2.466098
4.919876	0.344568	1.528723	2.466098
4.921876	0.344568	1.528723	2.466098
4.923876	0.344568	1.528723	2.466098
4.925876	0.344568	1.528723	2.466098
4.927876	0.344568	1.528723	2.466098
4.929876	0.344568	1.528723	2.466098
4.931876	0.344568	1.528723	2.466098
4.933876	0.344568	1.528723	2.466098
4.935876	0.344568	1.528723	2.466098
4.937876	0.344568	1.528723	2.466098
4.939876	0.344568	1.528723	2.466098
4.941876	0.344568	1.528723	2.466098
4.943876	0.344568	1.528723	2.466098
4.945876	0.344568	1.528723	2.466098
4.947876	0.344568	1.528723	2.466098
4.949876	0.344568	1.528723	2.466098
4.951876	0.344568	1.528723	2.466098
4.953876	0.344568	1.528723	2.466098
4.955876	0.344568	1.528723	2.466098
4.957876	0.344568	1.528723	2.466098
4.959876	0.344568	1.528723	2.466098
4.961876	0.344568	1.528723	2.466098
4.963876	0.344568	1.528723	2.466098
4.965876	0.344568	1.528723	2.466098
4.967876	0.344568	1.528723	2.466098
4.969876	0.344568	1.528723	2.466098
4.971876	0.344568	1.528723	2.466098
4.973876	0.344568	1.528723	2.466098
4.975876	0.344568	1.528723	2.466098
4.977876	0.344568	1.528723	2.466098
4.979876	0.344568	1.528723	2.466098
4.981876	0.344568	1.528723	2.466098
4.983876	0.344568	1.528723	2.466098
4.985876	0.344568	1.528723	2.466098
4.987876	0.344568	1.528723	2.466098
4.989876	0.344568	1.528723	2.466098
4.991876	0.344568	1.528723	2.466098
4.993876	0.344568	1.528723	2.466098
4.995876	0.344568	1.528723	2.466098
4.997876	0.344568	1.528723	2.466098
4.999876	0.344568	1.528723	2.466098
5.001876	0.344568	1.528723	2.466098
5.003876	0.344568	1.528723	2.466098
5.005876	0.344568	1.528723	2.466098
5.007876	0.344568	1.528723	2.466098
5.009876	0.344568	1.528723	2.466098
5.011876	0.344568	1.528723	2.466098
5.013876	0.344568	1.528723	2.466098
5.015876	0.344568	1.528723	2.466098
5.017876	0.344568	1.528723	2.466098
5.019876	0.344568	1.528723	2.466098
5.021876	0.344568	1.528723	2.466098
5.023876	0.344568	1.528723	2.466098
5.025876	0.344568	1.528723	2.466098
5.027876	0.344568	1.528723	2.466098
5.029876	0.344568	1.528723	2.466098
5.031876	0.344568	1.528723	2.466098
5.033876	0.344568	1.528723	2.466098
5.035876	0.344568	1.528723	2.466098
5.037876	0.344568	1.528723	2.466098
5.039876	0.344568	1.528723	2.466098
5.041876	0.344568	1.528723	2.466098
5.043876	0.344568	1.528723	2.466098
5.045876	0.344568	1.528723	2.466098
5.047876	0.344568	1.528723	2.466098
5.049876	0.344568	1.528723	2.466098
5.051876	0.344568	1.528723	2.466098
5.053876	0.344568	1.528723	2.466098
5.055876	0.344568	1.528723	2.466098
5.057876	0.344568	1.528723	2.466098
5.059876	0.344568	1.528723	2.466098
5.061876	0.344568	1.528723	2.466098
5.063876	0.344568	1.528723	2.466098
5.065876	0.344568	1.528723	2.466098
5.067876	0.344568	1.528723	2.466098
5.069876	0.344568	1.528723	2.466098
5.071876	0.344568	1.528723	2.466098
5.073876	0.344568	1.528723	2.466098
5.075876	0.344568	1.528723	2.466098
5.077876	0.344568	1.528723	2.466098
5.079876	0.344568	1.528723	2.466098
5.081876	0.344568	1.528723	2.466098
5.083876	0.344568	1.528723	2.466098
5.085876	0.344568	1.528723	2.466098
5.087876	0.344568	1.528723	2.466098
5.089876	0.344568	1.528723	2.466098
5.091876	0.344568	1.528723	2.466098
5.093876	0.344568	1.528723	2.466098
5.095876	0.344568	1.528723	2.466098
5.097876	0.344568	1.528723	2.466098
5.099876	0.344568	1.528723	2.466098
5.101876	0.344568	1.528723	2.466098
5.103876	0.344568	1.528723	2.466098
5.105876	0.344568	1.528723	2.466098
5.107876	0.344568	1.528723	2.466098
5.109876	0.344568	1.528723	2.466098
5.111876	0.344568	1.528723	2.466098
5.113876	0.344568	1.528723	2.466098
5.115876	0.344568	1.528723	2.466098
5.117876	0.344568	1.528723	2.466098
5.119876	0.344568	1.528723	2.466098
5.121876	0.344568	1.528723	2.466098
5.123876	0.344568	1.528723	2.466098
5.125876	0.344568	1.528723	2.466098
5.127876	0.344568	1.528723	2.466098
5.129876	0.344568	1.528723	2.466098
5.131876	0.344568	1.528723	2.466098
5.133876	0.344568	1.528723	2.466098
5.135876	0.344568	1.528723	2.466098
5.137876	0.344568	1.528723	2.466098
5.139876	0.344568	1.528723	2.466098
5.141876	0.344568	1.528723	2.466098
5.143876	0.344568	1.528723	2.466098
5.145876	0.344568	1.528723	2.466098
5.147876	0.344568	1.528723	2.466098
5.149876	0.344568	1.528723	2.466098
5.151876	0.344568	1.528723	2.466098
5.153876	0.344568	1.528723	2.466098
5.155876	0.344568	1.528723	2.466098
5.157876	0.344568	1.528723	2.466098
5.159876	0.344568	1.528723	2.466098
5.161876	0.344568	1.528723	2.466098
5.163876	0.344568	1.528723	2.466098
5.165876	0.344568	1.528723	2.466098
5.167876	0.344568	1.528723	2.466098
5.169876	0.344568	1.528723	2.466098
5.171876	0.344568	1.528723	2.466098
5.173876	0.344568	1.528723	2.466098
5.175876	0.344568	1.528723	2.466098
5.177876	0.344568	1.528723	2.466098
5.179876	0.344568	1.528723	2.466098
5.181876	0.344568	1.528723	2.466098
5.183876	0.344568	1.528723	2.466098
5.185876	0.344568	1.528723	2.466098
5.187876	0.344568	1.528723	2.466098
5.189876	0.344568	1.528723	2.466098
5.191876	0.344568	1.528723	2.466098
5.193876	0.344568	1.528723	2.466098
5.195876	0.344568	1.528723	2.466098
5.197876	0.344568	1.528723	2.466098
5.199876	0.344568	1.528723	2.466098
5.201876	0.344568	1.528723	2.466098
5.203876	0.344568	1.528723	2.466098
5.205876	0.344568	1.528723	2.466098
5.207876	0.344568	1.528723	2.466098
5.209876	0.344568	1.528723	2.466098
5.211876	0.344568	1.528723	2.466098
5.213876	0.344568	1.528723	2.466098
5.215876	0.344568	1.528723	2.466098
5.217876	0.344568	1.528723	2.466098
5.219876	0.344568	1.528723	2.466098
5.221876	0.344568	1.528723	2.466098
5.223876	0.344568	1.528723	2.466098
5.225876	0.344568	1.528723	2.466098
5.227876	0.344568	1.528723	2.466098
5.229876	0.344568	1.528723	2.466098
5.231876	0.344568	1.528723	2.466098
5.233876	0.344568	1.528723	2.466098
5.235876	0.344568	1.528723	2.466098
5.237876	0.344568	1.528723	2.466098
5.239876	0.344568	1.528723	2.466098
5.241876	0.344568	1.528723	2.466098
5.243876	0.344568	1.528723	2.466098
5.245876	0.344568	1.528723	2.466098
5.247876	0.344568	1.528723	2.466098
5.249876	0.344568	1.528723	2.466098
5.251876	0.344568	1.528723	2.466098
5.253876	0.344568	1.528723	2.466098
5.255876	0.344568	1.528723	2.466098
5.257876	0.344568	1.528723	2.466098
5.259876	0.344568	1.528723	2.466098
5.261876	0.344568	1.528723	2.466098
5.263876	0.344568	1.528723	2.466098
5.265876	0.344568	1.528723	2.466098
5.267876	0.344568	1.528723	2.466098
5.269876	0.344568	1.528723	2.466098
5.271876	0.344568	1.528723	2.466098
5.273876	0.344568	1.528723	2.466098
5.275876	0.344568	1.528723	2.466098
5.277876	0.344568	1.528723	2.466098
5.279876	0.344568	1.528723	2.466098
5.281876	0.344568	1.528723	2.466098
5.283876	0.344568	1.528723	2.466098
5.285876	0.344568	1.528723	2.466098
5.287876	0.344568	1.528723	2.466098
5.289876	0.344568	1.528723	2.466098
5.291876	0.344568	1.528723	2.466098
5.293876	0.344568	1.528723	2.466098
5.295876	0.344568	1.528723	2.466098
5.297876	0.344568	1.528723	2.466098
5.299876	0.344568	1.528723	2.466098
5.301876	0.344568	1.528723	2.466098
5.303876	0.344568	1.528723	2.466098
5.305876	0.344568	1.528723	2.466098
5.307876	0.344568	1.528723	2.466098
5.309876	0.344568	1.528723	2.466098
5.311876	0.344568	1.528723	2.466098
5.313876	0.344568	1.528723	2.466098
5.315876	0.344568	1.528723	2.466098
5.317876	0.344568	1.528723	2.466098
5.319876	0.344568	1.528723	2.466098
5.321876	0.344568	1.528723	2.466098
5.323876	0.344568	1.528723	2.466098
5.325876	0.344568	1.528723	2.466098
5.327876	0.344568	1.528723	2.466098
5.329876	0.344568	1.528723	2.466098
5.331876	0.344568	1.528723	2.466098
5.333876	0.344568	1.528723	2.466098
5.335876	0.344568	1.528723	2.466098
5.337876	0.344568	1.528723	2.466098
5.339876	0.344568	1.528723	2.466098
5.341876	0.344568	1.528723	2.466098
5.343876	0.344568	1.528723	2.466098
5.345876	0.344568	1.528723	2.466098
5.347876	0.344568	1.528723	2.466098
5.349876	0.344568	1.528723	2.466098
5.351876	0.344568	1.528723	2.466098
5.353876	0.344568	1.528723	2.466098
5.355876	0.344568	1.528723	2.466098
5.357876	0.344568	1.528723	2.466098
5.359876	0.344568	1.528723	2.466098
5.361876	0.344568	1.528723	2.466098
5.363876	0.344568	1.528723	2.466098
5.365876	0.344568	1.528723	2.466098
5.367876	0.344568	1.528723	2.466098
5.369876	0.344568	1.528723	2.466098
5.371876	0.344568	1.528723	2.466098
5.373876	0.344568	1.528723	2.466098
5.375876	0.344568	1.528723	2.466098
5.377876	0.344568	1.528723	2.466098
5.379876	0.344568	1.528723	2.466098
5.381876	0.344568	1.528723	2.466098
5.383876	0.344568	1.528723	2.466098
5.385876	0.344568	1.528723	2.466098
5.387876	0.344568	1.528723	2.466098
5.389876	0.344568	1.528723	2.466098
5.391876	0.344568	1.528723	2.466098
5.393876	0.344568	1.528723	2.466098
5.395876	0.344568	1.528723	2.466098
5.397876	0.344568	1.528723	2.466098
5.399876	0.344568	1.528723	2.466098
5.401876	0.344568	1.528723	2.466098
5.403876	0.344568	1.528723	2.466098
5.405876	0.344568	1.528723	2.466098
5.407876	0.344568	1.528723	2.466098
5.409876	0.344568	1.528723	2.466098
5.411876	0.344568	1.528723	2.466098
5.413876	0.344568	1.528723	2.466098
5.415876	0.344568	1.528723	2.466098
5.417876	0.344568	1.528723	2.466098
5.419876	0.344568	1.528723	2.466098
5.421876	0.344568	1.528723	2.466098
5.423876	0.344568	1.528723	2.466098
5.425876	0.344568	1.528723	2.466098
5.427876	0.344568	1.528723	2.466098
5.429876	0.344568	1.528723	2.466098
5.431876	0.344568	1.528723	2.466098
5.433876	0.344568	1.528723	2.466098
5.435876	0.344568	1.528723	2.466098
5.437876	0.344568	1.528723	2.466098
5.439876	0.344568	1.528723	2.466098
5.441876	0.344568	1.528723	2.466098
5.443876	0.344568	1.528723	2.466098
5.445876	0.344568	1.528723	2.466098
5.447876	0.344568	1.528723	2.466098
5.449876	0.344568	1.528723	2.466098
5.451876	0.344568	1.528723	2.466098
5.453876	0.344568	1.528723	2.466098
5.455876	0.344568	1.528723	2.466098
5.457876	0.344568	1.528723	2.466098
5.459876	0.344568	1.528723	2.466098
5.461876	0.344568	1.528723	2.466098
5.463876	0.344568	1.528723	2.466098
5.465876	0.344568	1.528723	2.466098
5.467876	0.344568	1.528723	2.466098
5.469876	0.344568	1.528723	2.466098
5.471876	0.344568	1.528723	2.466098
5.473876	0.344568	1.528723	2.466098
5.475876	0.344568	1.528723	2.466098
5.477876	0.344568	1.528723	2.466098
5.479876	0.344568	1.528723	2.466098
5.481876	0.344568	1.528723	2.466098
5.483876	0.344568	1.528723	2.466098
5.485876	0.344568	1.528723	2.466098
5.487876	0.344568	1.528723	2.466098
5.489876	0.344568	1.528723	2.466098
5.491876	0.344568	1.528723	2.466098
5.493876	0.344568	1.528723	2.466098
5.495876	0.344568	1.528723	2.466098
5.497876	0.344568	1.528723	2.466098
5.499876	0.344568	1.528723	2.466098
5.501876	0.344568	1.528723	2.466098
5.503876	0.344568	1.528723	2.466098
5.505876	0.344568	1.528723	2.466098
5.507876	0.344568	1.528723	2.466098
5.509876	0.344568	1.528723	2.466098
5.511876	0.344568	1.528723	2.466098
5.513876	0.344568	1.528723	2.466098
5.515876	0.344568	1.528723	2.466098
5.517876	0.344568	1.528723	2.466098
5.519876	0.344568	1.528723	2.466098
5.521876	0.344568	1.528723	2.466098
5.523876	0.344568	1.528723	2.466098
5.525876	0.344568	1.528723	2.466098
5.527876	0.344568	1.528723	2.466098
5.529876	0.344568	1.528723	2.466098
5.531876	0.344568	1.528723	2.466098
5.533876	0.344568	1.528723	2.466098
5.535876	0.344568	1.528723	2.466098
5.537876	0.344568	1.528723	2.466098
5.539876	0.344568	1.528723	2.466098
5.541876	0.344568	1.528723	2.466098
5.543876	0.344568	1.528723	2.466098
5.545876	0.344568	1.528723	2.466098
5.547876	0.344568	1.528723	2.466098
5.549876	0.344568	1.528723	2.466098
5.551876	0.344568	1.528723	2.466098
5.553876	0.344568	1.528723	2.466098
5.555876	0.344568	1.528723	2.466098
5.557876	0.344568	1.528723	2.466098
5.559876	0.344568	1.528723	2.466098
5.561876	0.344568	1.528723	2.466098
5.563876	0.344568	1.528723	2.466098
5.565876	0.344568	1.528723	2.466098
5.567876	0.344568	1.528723	2.466098
5.569876	0.344568	1.528723	2.466098
5.571876	0.344568	1.528723	2.466098
5.573876	0.344568	1.528723	2.466098
5.575876	0.344568	1.528723	2.466098
5.577876	0.344568	1.528723	2.466098
5.579876	0.344568	1.528723	2.466098
5.581876	0.344568	1.528723	2.466098
5.583876	0.344568	1.528723	2.466098
5.585876	0.344568	1.528723	2.466098
5.587876	0.344568	1.528723	2.466098
5.589876	0.344568	1.528723	2.466098
5.591876	0.344568	1.528723	2.466098
5.593876	0.344568	1.528723	2.466098
5.595876	0.344568	1.528723	2.466098
5.597876	0.344568	1.528723	2.466098
5.599876	0.344568	1.528723	2.466098
5.601876	0.344568	1.528723	2.466098
5.603876	0.344568	1.528723	2.466098
5.605876	0.344568	1.528723	2.466098
5.607876	0.344568	1.528723	2.466098
5.609876	0.344568	1.528723	2.466098
5.611876	0.344568	1.528723	2.466098
5.613876	0.344568	1.528723	2.466098
5.615876	0.344568	1.528723	2.466098
5.617876	0.344568	1.528723	2.466098
5.619876	0.344568	1.528723	2.466098
5.621876	0.344568	1.528723	2.466098
5.623876	0.344568	1.528723	2.466098
5.625876	0.344568	1.528723	2.466098
5.627876	0.344568	1.528723	2.466098
5.629876	0.344568	1.528723	2.466098
5.631876	0.344568	1.528723	2.466098
5.633876	0.344568	1.528723	2.466098
5.635876	0.344568	1.528723	2.466098
5.637876	0.344568	1.528723	2.466098
5.639876	0.344568	1.528723	2.466098
5.641876	0.344568	1.528723	2.466098
5.643876	0.344568	1.528723	2.466098
5.645876	0.344568	1.528723	2.466098
5.647876	0.344568	1.528723	2.466098
5.649876	0.344568	1.528723	2.466098
5.651876	0.344568	1.528723	2.466098
5.653876	0.344568	1.528723	2.466098
5.655876	0.344568	1.528723	2.466098
5.657876	0.344568	1.528723	2.466098
5.659876	0.344568	1.528723	2.466098
5.661876	0.344568	1.528723	2.466098
5.663876	0.344568	1.528723	2.466098
5.665876	0.344568	1.528723	2.466098
5.667876	0.344568	1.528723	2.466098
5.669876	0.344568	1.528723	2.466098
5.671876	0.344568	1.528723	2.466098
5.673876	0.344568	1.528723	2.466098
5.675876	0.344568	1.528723	2.466098
5.677876	0.344568	1.528723	2.466098
5.679876	0.344568	1.528723	2.466098
5.681876	0.344568	1.528723	2.466098
5.683876	0.344568	1.528723	2.466098
5.685876	0.344568	1.528723	2.466098
5.687876	0.344568	1.528723	2.466098
5.689876	0.344568	1.528723	2.466098
5.691876	0.344568	1.528723	2.466098
5.693876	0.344568	1.528723	2.466098
5.695876	0.344568	1.528723	2.466098
5.697876	0.344568	1.528723	2.466098
5.699876	0.344568	1.528723	2.466098
5.701876	0.344568	1.528723	2.466098
5.703876	0.344568	1.528723	2.466098
5.705876	0.344568	1.528723	2.466098
5.707876	0.344568	1.528723	2.466098
5.709876	0.344568	1.528723	2.466098
5.711876	0.344568	1.528723	2.466098
5.713876	0.344568	1.528723	2.466098
5.715876	0.344568	1.528723	2.466098
5.717876	0.344568	1.528723	2.466098
5.719876	0.344568	1.528723	2.466098
5.721876	0.344568	1.528723	2.466098
5.723876	0.344568	1.528723	2.466098
5.725876	0.344568	1.528723	2.466098
5.727876	0.344568	1.528723	2.466098
5.729876	0.344568	1.528723	2.466098
5.731876	0.344568	1.528723	2.466098
5.733876	0.344568	1.528723	2.466098
5.735876	0.344568	1.528723	2.466098
5.737876	0.344568	1.528723	2.466098
5.739876	0.344568	1.528723	2.466098
5.741876	0.344568	1.528723	2.466098
5.743876	0.344568	1.528723	2.466098
5.745876	0.344568	1.528723	2.466098
5.747876	0.344568	1.528723	2.466098
5.749876	0.344568	1.528723	2.466098
5.751876	0.344568	1.528723	2.466098
5.753876	0.344568	1.528723	2.466098
5.755876	0.344568	1.528723	2.466098
5.757876	0.344568	1.528723	2.466098
5.759876	0.344568	1.528723	2.466098
5.761876	0.344568	1.528723	2.466098
5.763876	0.344568	1.528723	2.466098
5.765876	0.344568	1.528723	2.466098
5.767876	0.344568	1.528723	2.466098
5.769876	0.344568	1.528723	2.466098
5.771876	0.344568	1.528723	2.466098
5.773876	0.344568	1.528723	2.466098
5.775876	0.344568	1.528723	2.466098
5.777876	0.344568	1.528723	2.466098
5.779876	0.344568	1.528723	2.466098
5.781876	0.344568	1.528723	2.466098
5.783876	0.344568	1.528723	2.466098
5.785876	0.344568	1.528723	2.466098
5.787876	0.344568	1.528723	2.466098
5.789876	0.344568	1.528723	2.466098
5.791876	0.344568	1.528723	2.466098
5.793876	0.344568	1.528723	2.466098
5.795876	0.344568	1.528723	2.466098
5.797876	0.344568	1.528723	2.466098
5.799876	0.344568	1.528723	2.466098
5.801876	0.344568	1.528723	2.466098
5.803876	0.344568	1.528723	2.466098
5.805876	0.344568	1.528723	2.466098
5.807876	0.344568	1.528723	2.466098
5.809876	0.344568	1.528723	2.466098
5.811876	0.344568	1.528723	2.466098
5.813876	0.344568	1.528723	2.466098
5.815876	0.344568	1.528723	2.466098
5.817876	0.344568	1.528723	2.466098
5.819876	0.344568	1.528723	2.466098
5.821876	0.344568	1.528723	2.466098
5.823876	0.344568	1.528723	2.466098
5.825876	0.344568	1.528723	2.466098
5.827876	0.344568	1.528723	2.466098
5.829876	0.344568	1.528723	2.466098
5.831876	0.344568	1.528723	2.466098
5.833876	0.344568	1.528723	2.466098
5.835876	0.344568	1.528723	2.466098
5.837876	0.344568	1.528723	2.466098
5.839876	0.344568	1.528723	2.466098
5.841876	0.344568	1.528723	2.466098
5.843876	0.344568	1.528723	2.466098
5.845876	0.344568	1.528723	2.466098
5.847876	0.344568	1.528723	2.466098
5.849876	0.344568	1.528723	2.466098
5.851876	1.304085	1.528723	2.466098
5.853876	1.304085	1.528723	2.466098
5.855876	1.304085	1.528723	2.466098
5.857876	1.304085	1.528723	2.466098
5.859876	1.304085	1.528723	2.466098
5.861876	1.304085	1.528723	2.466098
5.863876	1.304085	1.528723	2.466098
5.865876	1.304085	1.528723	2.466098
5.867876	1.304085	1.528723	2.466098
5.869876	1.304085	1.528723	2.466098
5.871876	1.304085	1.528723	2.466098
5.873876	1.304085	1.528723	2.466098
5.875876	1.304085	1.528723	2.466098
5.877876	1.304085	1.528723	2.466098
5.879876	1.304085	1.528723	2.466098
5.881876	1.304085	1.528723	2.466098
5.883876	1.304085	1.528723	2.466098
5.885876	1.304085	1.528723	2.466098
5.887876	1.304085	1.528723	2.466098
5.889876	1.304085	1.528723	2.466098
5.891876	1.304085	1.528723	2.466098
5.893876	1.304085	1.528723	2.466098
5.895876	1.304085	1.528723	2.466098
5.897876	1.304085	1.528723	2.466098
5.899876	1.304085	1.528723	2.466098
5.901876	1.304085	1.528723	2.466098
5.903876	1.304085	1.528723	2.466098
5.905876	1.304085	1.528723	2.466098
5.907876	1.304085	1.528723	2.466098
5.909876	1.304085	1.528723	2.466098
5.911876	1.304085	1.528723	2.466098
5.913876	1.304085	1.528723	2.466098
5.915876	1.304085	1.528723	2.466098
5.917876	1.304085	1.528723	2.466098
5.919876	1.304085	1.528723	2.466098
5.921876	1.304085	1.528723	2.466098
5.923876	1.304085	1.528723	2.466098
5.925876	1.304085	1.528723	2.466098
5.927876	1.304085	1.528723	2.466098
5.929876	1.304085	1.528723	2.466098
5.931876	1.304085	1.528723	2.466098
5.933876	1.304085	1.528723	2.466098
5.935876	1.304085	1.528723	2.466098
5.937876	1.304085	1.528723	2.466098
5.939876	1.304085	1.528723	2.466098
5.941876	1.304085	1.528723	2.466098
5.943876	1.304085	1.528723	2.466098
5.945876	1.304085	1.528723	2.466098
5.947876	1.304085	1.528723	2.466098
5.949876	1.304085	1.528723	2.466098
5.951876	1.304085	1.528723	2.466098
5.953876	1.304085	1.528723	2.466098
5.955876	1.304085	1.528723	2.466098
5.957876	1.304085	1.528723	2.466098
5.959876	1.304085	1.528723	2.466098
5.961876	1.304085	1.528723	2.466098
5.963876	1.304085	1.528723	2.466098
5.965876	1.304085	1.528723	2.466098
5.967876	1.304085	1.528723	2.466098
5.969876	1.304085	1.528723	2.466098
5.971876	1.304085	1.528723	2.466098
5.973876	1.304085	1.528723	2.466098
5.975876	1.304085	1.528723	2.466098
5.977876	1.304085	1.528723	2.466098
5.979876	1.304085	1.528723	2.466098
5.981876	1.304085	1.528723	2.466098
5.983876	1.304085	1.528723	2.466098
5.985876	1.304085	1.528723	2.466098
5.987876	1.304085	1.528723	2.466098
5.989876	1.304085	1.528723	2.466098
5.991876	1.304085	1.528723	2.466098
5.993876	1.304085	1.528723	2.466098
5.995876	1.304085	1.528723	2.466098
5.997876	1.304085	1.528723	2.466098
5.999876	1.304085	1.528723	2.466098
6.001876	1.304085	1.528723	2.466098
6.003876	1.304085	1.528723	2.466098
6.005876	1.304085	1.528723	2.466098
6.007876	1.304085	1.528723	2.466098
6.009876	1.304085	1.528723	2.466098
6.011876	1.304085	1.528723	2.466098
6.013876	1.304085	1.528723	2.466098
6.015876	1.304085	1.528723	2.466098
6.017876	1.304085	1.528723	2.466098
6.019876	1.304085	1.528723	2.466098
6.021876	1.304085	1.528723	2.466098
6.023876	1.304085	1.528723	2.466098
6.025876	1.304085	1.528723	2.466098
6.027876	1.304085	1.528723	2.466098
6.029876	1.304085	1.528723	2.466098
6.031876	1.304085	1.528723	2.466098
6.033876	1.304085	1.528723	2.466098
6.035876	1.304085	1.528723	2.466098
6.037876	1.304085	1.528723	2.466098
6.039876	1.304085	1.528723	2.466098
6.041876	1.304085	1.528723	2.466098
6.043876	1.304085	1.528723	2.466098
6.045876	1.304085	1.528723	2.466098
6.047876	1.304085	1.528723	2.466098
6.049876	1.304085	1.528723	2.466098
6.051876	1.304085	1.528723	2.466098
6.053876	1.304085	1.528723	2.466098
6.055876	1.304085	1.528723	2.466098
6.057876	1.304085	1.528723	2.466098
6.059876	1.304085	1.528723	2.466098
6.061876	1.304085	1.528723	2.466098
6.063876	1.304085	1.528723	2.466098
6.065876	1.304085	1.528723	2.466098
6.067876	1.304085	1.528723	2.466098
6.069876	1.304085	1.528723	2.466098
6.071876	1.304085	1.528723	2.466098
6.073876	1.304085	1.528723	2.466098
6.075876	1.304085	1.528723	2.466098
6.077876	1.304085	1.528723	2.466098
6.079876	1.304085	1.528723	2.466098
6.081876	1.304085	1.528723	2.466098
6.083876	1.304085	1.528723	2.466098
6.085876	1.304085	1.528723	2.466098
6.087876	1.304085	1.528723	2.466098
6.089876	1.304085	1.528723	2.466098
6.091876	1.304085	1.528723	2.466098
6.093876	1.304085	1.528723	2.466098
6.095876	1.304085	1.528723	2.466098
6.097876	1.304085	1.528723	2.466098
6.099876	1.304085	1.528723	2.466098
6.101876	1.304085	1.528723	2.466098
6.103876	1.304085	1.528723	2.466098
6.105876	1.304085	1.528723	2.466098
6.107876	1.304085	1.528723	2.466098
6.109876	1.304085	1.528723	2.466098
6.111876	1.304085	1.528723	2.466098
6.113876	1.304085	1.528723	2.466098
6.115876	1.304085	1.528723	2.466098
6.117876	1.304085	1.528723	2.466098
6.119876	1.304085	1.528723	2.466098
6.121876	1.304085	1.528723	2.466098
6.123876	1.304085	1.528723	2.466098
6.125876	1.304085	1.528723	2.466098
6.127876	1.304085	1.528723	2.466098
6.129876	1.304085	1.528723	2.466098
6.131876	1.304085	1.528723	2.466098
6.133876	1.304085	1.528723	2.466098
6.135876	1.304085	1.528723	2.466098
6.137876	1.304085	1.528723	2.466098
6.139876	1.304085	1.528723	2.466098
6.141876	1.304085	1.528723	2.466098
6.143876	1.304085	1.528723	2.466098
6.145876	1.304085	1.528723	2.466098
6.147876	1.304085	1.528723	2.466098
6.149876	1.304085	1.528723	2.466098
6.151876	1.304085	1.528723	2.466098
6.153876	1.304085	1.528723	2.466098
6.155876	1.304085	1.528723	2.466098
6.157876	1.304085	1.528723	2.466098
6.159876	1.304085	1.528723	2.466098
6.161876	1.304085	1.528723	2.466098
6.163876	1.304085	1.528723	2.466098
6.165876	1.304085	1.528723	2.466098
6.167876	1.304085	1.528723	2.466098
6.169876	1.304085	1.528723	2.466098
6.171876	1.304085	1.528723	2.466098
6.173876	1.304085	1.528723	2.466098
6.175876	1.304085	1.528723	2.466098
6.177876	1.304085	1.528723	2.466098
6.179876	1.304085	1.528723	2.466098
6.181876	1.304085	1.528723	2.466098
6.183876	1.304085	1.528723	2.466098
6.185876	1.304085	1.528723	2.466098
6.187876	1.304085	1.528723	2.466098
6.189876	1.304085	1.528723	2.466098
6.191876	1.304085	1.528723	2.466098
6.193876	1.304085	1.528723	2.466098
6.195876	1.304085	1.528723	2.466098
6.197876	1.304085	1.528723	2.466098
6.199876	1.304085	1.528723	2.466098
6.201876	1.304085	1.528723	2.466098
6.203876	1.304085	1.528723	2.466098
6.205876	1.304085	1.528723	2.466098
6.207876	1.304085	1.528723	2.466098
6.209876	1.304085	1.528723	2.466098
6.211876	1.304085	1.528723	2.466098
6.213876	1.304085	1.528723	2.466098
6.215876	1.304085	1.528723	2.466098
6.217876	1.304085	1.528723	2.466098
6.219876	1.304085	1.528723	2.466098
6.221876	1.304085	1.528723	2.466098
6.223876	1.304085	1.528723	2.466098
6.225876	1.304085	1.528723	2.466098
6.227876	1.304085	1.528723	2.466098
6.229876	1.304085	1.528723	2.466098
6.231876	1.304085	1.528723	2.466098
6.233876	1.304085	1.528723	2.466098
6.235876	1.304085	1.528723	2.466098
6.237876	1.304085	1.528723	2.466098
6.239876	1.304085	1.528723	2.466098
6.241876	1.304085	1.528723	2.466098
6.243876	1.304085	1.528723	2.466098
6.245876	1.304085	1.528723	2.466098
6.247876	1.304085	1.528723	2.466098
6.249876	1.304085	1.528723	2.466098
6.251876	1.304085	1.528723	2.466098
6.253876	1.304085	1.528723	2.466098
6.255876	1.304085	1.528723	2.466098
6.257876	1.304085	1.528723	2.466098
6.259876	1.304085	1.528723	2.466098
6.261876	1.304085	1.528723	2.466098
6.263876	1.304085	1.528723	2.466098
6.265876	1.304085	1.528723	2.466098
6.267876	1.304085	1.528723	2.466098
6.269876	1.304085	1.528723	2.466098
6.271876	1.304085	1.528723	2.466098
6.273876	1.304085	1.528723	2.466098
6.275876	1.304085	1.528723	2.466098
6.277876	1.304085	1.528723	2.466098
6.279876	1.304085	1.528723	2.466098
6.281876	1.304085	1.528723	2.466098
6.283876	1.304085	1.528723	2.466098
6.285876	1.304085	1.528723	2.466098
6.287876	1.304085	1.528723	2.466098
6.289876	1.304085	1.528723	2.466098
6.291876	1.304085	1.528723	2.466098
6.293876	1.304085	1.528723	2.466098
6.295876	1.304085	1.528723	2.466098
6.297876	1.304085	1.528723	2.466098
6.299876	1.304085	1.528723	2.466098
6.301876	1.304085	1.528723	2.466098
6.303876	1.304085	1.528723	2.466098
6.305876	1.304085	1.528723	2.466098
6.307876	1.304085	1.528723	2.466098
6.309876	1.304085	1.528723	2.466098
6.311876	1.304085	1.528723	2.466098
6.313876	1.304085	1.528723	2.466098
6.315876	1.304085	1.528723	2.466098
6.317876	1.304085	1.528723	2.466098
6.319876	1.304085	1.528723	2.466098
6.321876	1.304085	1.528723	2.466098
6.323876	1.304085	1.528723	2.466098
6.325876	1.304085	1.528723	2.466098
6.327876	1.304085	1.528723	2.466098
6.329876	1.304085	1.528723	2.466098
6.331876	1.304085	1.528723	2.466098
6.333876	1.304085	1.528723	2.466098
6.335876	1.304085	1.528723	2.466098
6.337876	1.304085	1.528723	2.466098
6.339876	1.304085	1.528723	2.466098
6.341876	1.304085	1.528723	2.466098
6.343876	1.304085	1.528723	2.466098
6.345876	1.304085	1.528723	2.466098
6.347876	1.304085	1.528723	2.466098
6.349876	1.304085	1.528723	2.466098
6.351876	1.304085	1.528723	2.466098
6.353876	1.304085	1.528723	2.466098
6.355876	1.304085	1.528723	2.466098
6.357876	1.304085	1.528723	2.466098
6.359876	1.304085	1.528723	2.466098
6.361876	1.304085	1.528723	2.466098
6.363876	1.304085	1.528723	2.466098
6.365876	1.304085	1.528723	2.466098
6.367876	1.304085	1.528723	2.466098
6.369876	1.304085	1.528723	2.466098
6.371876	1.304085	1.528723	2.466098
6.373876	1.304085	1.528723	2.466098
6.375876	1.304085	1.528723	2.466098
6.377876	1.304085	1.528723	2.466098
6.379876	1.304085	1.528723	2.466098
6.381876	1.304085	1.528723	2.466098
6.383876	1.304085	1.528723	2.466098
6.385876	1.304085	1.528723	2.466098
6.387876	1.304085	1.528723	2.466098
6.389876	1.304085	1.528723	2.466098
6.391876	1.304085	1.528723	2.466098
6.393876	1.304085	1.528723	2.466098
6.395876	1.304085	1.528723	2.466098
6.397876	1.304085	1.528723	2.466098
6.399876	1.304085	1.528723	2.466098
6.401876	1.304085	1.528723	2.466098
6.403876	1.304085	1.528723	2.466098
6.405876	1.304085	1.528723	2.466098
6.407876	1.304085	1.528723	2.466098
6.409876	1.304085	1.528723	2.466098
6.411876	1.304085	1.528723	2.466098
6.413876	1.304085	1.528723	2.466098
6.415876	1.304085	1.528723	2.466098
6.417876	1.304085	1.528723	2.466098
6.419876	1.304085	1.528723	2.466098
6.421876	1.304085	1.528723	2.466098
6.423876	1.304085	1.528723	2.466098
6.425876	1.304085	1.528723	2.466098
6.427876	1.304085	1.528723	2.466098
6.429876	1.304085	1.528723	2.466098
6.431876	1.304085	1.528723	2.466098
6.433876	1.304085	1.528723	2.466098
6.435876	1.304085	1.528723	2.466098
6.437876	1.304085	1.528723	2.466098
6.439876	1.304085	1.528723	2.466098
6.441876	1.304085	1.528723	2.466098
6.443876	1.304085	1.528723	2.466098
6.445876	1.304085	1.528723	2.466098
6.447876	1.304085	1.528723	2.466098
6.449876	1.304085	1.528723	2.466098
6.451876	1.304085	1.528723	2.466098
6.453876	1.304085	1.528723	2.466098
6.455876	1.304085	1.528723	2.466098
6.457876	1.304085	1.528723	2.466098
6.459876	1.304085	1.528723	2.466098
6.461876	1.304085	1.528723	2.466098
6.463876	1.304085	1.528723	2.466098
6.465876	1.304085	1.528723	2.466098
6.467876	1.304085	1.528723	2.466098
6.469876	1.304085	1.528723	2.466098
6.471876	1.304085	1.528723	2.466098
6.473876	1.304085	1.528723	2.466098
6.475876	1.304085	1.528723	2.466098
6.477876	1.304085	1.528723	2.466098
6.479876	1.304085	1.528723	2.466098
6.481876	1.304085	1.528723	2.466098
6.483876	1.304085	1.528723	2.466098
6.485876	1.304085	1.528723	2.466098
6.487876	1.304085	1.528723	2.466098
6.489876	1.304085	1.528723	2.466098
6.491876	1.304085	1.528723	2.466098
6.493876	1.304085	1.528723	2.466098
6.495876	1.304085	1.528723	2.466098
6.497876	1.304085	1.528723	2.466098
6.499876	1.304085	1.528723	2.466098
6.501876	1.304085	1.528723	2.466098
6.503876	1.304085	1.528723	2.466098
6.505876	1.304085	1.528723	2.466098
6.507876	1.304085	1.528723	2.466098
6.509876	1.304085	1.528723	2.466098
6.511876	1.304085	1.528723	2.466098
6.513876	1.304085	1.528723	2.466098
6.515876	1.304085	1.528723	2.466098
6.517876	1.304085	1.528723	2.466098
6.519876	1.304085	1.528723	2.466098
6.521876	1.304085	1.528723	2.466098
6.523876	1.304085	1.528723	2.466098
6.525876	1.304085	1.528723	2.466098
6.527876	1.304085	1.528723	2.466098
6.529876	1.304085	1.528723	2.466098
6.531876	1.304085	1.528723	2.466098
6.533876	1.304085	1.528723	2.466098
6.535876	1.304085	1.528723	2.466098
6.537876	1.304085	1.528723	2.466098
6.539876	1.304085	1.528723	2.466098
6.541876	1.304085	1.528723	2.466098
6.543876	1.304085	1.528723	2.466098
6.545876	1.304085	1.528723	2.466098
6.547876	1.304085	1.528723	2.466098
6.549876	1.304085	1.528723	2.466098
6.551876	1.304085	1.528723	2.466098
6.553876	1.304085	1.528723	2.466098
6.555876	1.304085	1.528723	2.466098
6.557876	1.304085	1.528723	2.466098
6.559876	1.304085	1.528723	2.466098
6.561876	1.304085	1.528723	2.466098
6.563876	1.304085	1.528723	2.466098
6.565876	1.304085	1.528723	2.466098
6.567876	1.304085	1.528723	2.466098
6.569876	1.304085	1.528723	2.466098
6.571876	1.304085	1.528723	2.466098
6.573876	1.304085	1.528723	2.466098
6.575876	1.304085	1.528723	2.466098
6.577876	1.304085	1.528723	2.466098
6.579876	1.304085	1.528723	2.466098
6.581876	1.304085	1.528723	2.466098
6.583876	1.304085	1.528723	2.466098
6.585876	1.304085	1.528723	2.466098
6.587876	1.304085	1.528723	2.466098
6.589876	1.304085	1.528723	2.466098
6.591876	1.304085	1.528723	2.466098
6.593876	1.304085	1.528723	2.466098
6.595876	1.304085	1.528723	2.466098
6.597876	1.304085	1.528723	2.466098
6.599876	1.304085	1.528723	2.466098
6.601876	1.304085	1.528723	2.466098
6.603876	1.304085	1.528723	2.466098
6.605876	1.304085	1.528723	2.466098
6.607876	1.304085	1.528723	2.466098
6.609876	1.304085	1.528723	2.466098
6.611876	1.304085	1.528723	2.466098
6.613876	1.304085	1.528723	2.466098
6.615876	1.304085	1.528723	2.466098
6.617876	1.304085	1.528723	2.466098
6.619876	1.304085	1.528723	2.466098
6.621876	1.304085	1.528723	2.466098
6.623876	1.304085	1.528723	2.466098
6.625876	1.304085	1.528723	2.466098
6.627876	1.304085	1.528723	2.466098
6.629876	1.304085	1.528723	2.466098
6.631876	1.304085	1.528723	2.466098
6.633876	1.304085	1.528723	2.466098
6.635876	1.304085	1.528723	2.466098
6.637876	1.304085	1.528723	2.466098
6.639876	1.304085	1.528723	2.466098
6.641876	1.304085	1.528723	2.466098
6.643876	1.304085	1.528723	2.466098
6.645876	1.304085	1.528723	2.466098
6.647876	1.304085	1.528723	2.466098
6.649876	1.304085	1.528723	2.466098
6.651876	1.304085	1.528723	2.466098
6.653876	1.304085	1.528723	2.466098
6.655876	1.304085	1.528723	2.466098
6.657876	1.304085	1.528723	2.466098
6.659876	1.304085	1.528723	2.466098
6.661876	1.304085	1.528723	2.466098
6.663876	1.304085	1.528723	2.466098
6.665876	1.304085	1.528723	2.466098
6.667876	1.304085	1.528723	2.466098
6.669876	1.304085	1.528723	2.466098
6.671876	1.304085	1.528723	2.466098
6.673876	1.304085	1.528723	2.466098
6.675876	1.304085	1.528723	2.466098
6.677876	1.304085	1.528723	2.466098
6.679876	1.304085	1.528723	2.466098
6.681876	1.304085	1.528723	2.466098
6.683876	1.304085	1.528723	2.466098
6.685876	1.304085	1.528723	2.466098
6.687876	1.304085	1.528723	2.466098
6.689876	1.304085	1.528723	2.466098
6.691876	1.304085	1.528723	2.466098
6.693876	1.304085	1.528723	2.466098
6.695876	1.304085	1.528723	2.466098
6.697876	1.304085	1.528723	2.466098
6.699876	1.304085	1.528723	2.466098
6.701876	1.304085	1.528723	2.466098
6.703876	1.304085	1.528723	2.466098
6.705876	1.304085	1.528723	2.466098
6.707876	1.304085	1.528723	2.466098
6.709876	1.304085	1.528723	2.466098
6.711876	1.304085	1.528723	2.466098
6.713876	1.304085	1.528723	2.466098
6.715876	1.304085	1.528723	2.466098
6.717876	1.304085	1.528723	2.466098
6.719876	1.304085	1.528723	2.466098
6.721876	1.304085	1.528723	2.466098
6.723876	1.304085	1.528723	2.466098
6.725876	1.304085	1.528723	2.466098
6.727876	1.304085	1.528723	2.466098
6.729876	1.304085	1.528723	2.466098
6.731876	1.304085	1.528723	2.466098
6.733876	1.304085	1.528723	2.466098
6.735876	1.304085	1.528723	2.466098
6.737876	1.304085	1.528723	2.466098
6.739876	1.304085	1.528723	2.466098
6.741876	1.304085	1.528723	2.466098
6.743876	1.304085	1.528723	2.466098
6.745876	1.304085	1.528723	2.466098
6.747876	1.304085	1.528723	2.466098
6.749876	1.304085	1.528723	2.466098
6.751876	1.304085	1.528723	2.466098
6.753876	1.304085	1.528723	2.466098
6.755876	1.304085	1.528723	2.466098
6.757876	1.304085	1.528723	2.466098
6.759876	1.304085	1.528723	2.466098
6.761876	1.304085	1.528723	2.466098
6.763876	1.304085	1.528723	2.466098
6.765876	1.304085	1.528723	2.466098
6.767876	1.304085	1.528723	2.466098
6.769876	1.304085	1.528723	2.466098
6.771876	1.304085	1.528723	2.466098
6.773876	1.304085	1.528723	2.466098
6.775876	1.304085	1.528723	2.466098
6.777876	1.304085	1.528723	2.466098
6.779876	1.304085	1.528723	2.466098
6.781876	1.304085	1.528723	2.466098
6.783876	1.304085	1.528723	2.466098
6.785876	1.304085	1.528723	2.466098
6.787876	1.304085	1.528723	2.466098
6.789876	1.304085	1.528723	2.466098
6.791876	1.304085	1.528723	2.466098
6.793876	1.304085	1.528723	2.466098
6.795876	1.304085	1.528723	2.466098
6.797876	1.304085	1.528723	2.466098
6.799876	1.304085	1.528723	2.466098
6.801876	1.304085	1.528723	2.466098
6.803876	1.304085	1.528723	2.466098
6.805876	1.304085	1.528723	2.466098
6.807876	1.304085	1.528723	2.466098
6.809876	1.304085	1.528723	2.466098
6.811876	1.304085	1.528723	2.466098
6.813876	1.304085	1.528723	2.466098
6.815876	1.304085	1.528723	2.466098
6.817876	1.304085	1.528723	2.466098
6.819876	1.304085	1.528723	2.466098
6.821876	1.304085	1.528723	2.466098
6.823876	1.304085	1.528723	2.466098
6.825876	1.304085	1.528723	2.466098
6.827876	1.304085	1.528723	2.466098
6.829876	1.304085	1.528723	2.466098
6.831876	1.304085	1.528723	2.466098
6.833876	1.304085	1.528723	2.466098
6.835876	1.304085	1.528723	2.466098
6.837876	1.304085	1.528723	2.466098
6.839876	1.304085	1.528723	2.466098
6.841876	1.304085	1.528723	2.466098
6.843876	1.304085	1.528723	2.466098
6.845876	1.304085	1.528723	2.466098
6.847876	1.304085	1.528723	2.466098
6.849876	1.304085	1.528723	2.466098
6.851876	1.304085	1.528723	2.466098
6.853876	1.304085	1.528723	2.466098
6.855876	1.304085	1.528723	2.466098
6.857876	1.304085	1.528723	2.466098
6.859876	1.304085	1.528723	2.466098
6.861876	1.304085	1.528723	2.466098
6.863876	1.304085	1.528723	2.466098
6.865876	1.304085	1.528723	2.466098
6.867876	1.304085	1.528723	2.466098
6.869876	1.304085	1.528723	2.466098
6.871876	1.304085	1.528723	2.466098
6.873876	1.304085	1.528723	2.466098
6.875876	1.304085	1.528723	2.466098
6.877876	1.304085	1.528723	2.466098
6.879876	1.304085	1.528723	2.466098
6.881876	1.304085	1.528723	2.466098
6.883876	1.304085	1.528723	2.466098
6.885876	1.304085	1.528723	2.466098
6.887876	1.304085	1.528723	2.466098
6.889876	1.304085	1.528723	2.466098
6.891876	1.304085	1.528723	2.466098
6.893876	1.304085	1.528723	2.466098
6.895876	1.304085	1.528723	2.466098
6.897876	1.304085	1.528723	2.466098
6.899876	1.304085	1.528723	2.466098
6.901876	1.304085	1.528723	2.466098
6.903876	1.304085	1.528723	2.466098
6.905876	1.304085	1.528723	2.466098
6.907876	1.304085	1.528723	2.466098
6.909876	1.304085	1.528723	2.466098
6.911876	1.304085	1.528723	2.466098
6.913876	1.304085	1.528723	2.466098
6.915876	1.304085	1.528723	2.466098
6.917876	1.304085	1.528723	2.466098
6.919876	1.304085	1.528723	2.466098
6.921876	1.304085	1.528723	2.466098
6.923876	1.304085	1.528723	2.466098
6.925876	1.304085	1.528723	2.466098
6.927876	1.304085	1.528723	2.466098
6.929876	1.304085	1.528723	2.466098
6.931876	1.304085	1.528723	2.466098
6.933876	1.304085	1.528723	2.466098
6.935876	1.304085	1.528723	2.466098
6.937876	1.304085	1.528723	2.466098
6.939876	1.304085	1.528723	2.466098
6.941876	1.304085	1.528723	2.466098
6.943876	1.304085	1.528723	2.466098
6.945876	1.304085	1.528723	2.466098
6.947876	1.304085	1.528723	2.466098
6.949876	1.304085	1.528723	2.466098
6.951876	1.304085	1.528723	2.466098
6.953876	1.304085	1.528723	2.466098
6.955876	1.304085	1.528723	2.466098
6.957876	1.304085	1.528723	2.466098
6.959876	1.304085	1.528723	2.466098
6.961876	1.304085	1.528723	2.466098
6.963876	1.304085	1.528723	2.466098
6.965876	1.304085	1.528723	2.466098
6.967876	1.304085	1.528723	2.466098
6.969876	1.304085	1.528723	2.466098
6.971876	1.304085	1.528723	2.466098
6.973876	1.304085	1.528723	2.466098
6.975876	1.304085	1.528723	2.466098
6.977876	1.304085	1.528723	2.466098
6.979876	1.304085	1.528723	2.466098
6.981876	1.304085	1.528723	2.466098
6.983876	1.304085	1.528723	2.466098
6.985876	1.304085	1.528723	2.466098
6.987876	1.304085	1.528723	2.466098
6.989876	1.304085	1.528723	2.466098
6.991876	1.304085	1.528723	2.466098
6.993876	1.304085	1.528723	2.466098
6.995876	1.304085	1.528723	2.466098
6.997876	1.304085	1.528723	2.466098
6.999876	1.304085	1.528723	2.466098
7.001876	1.304085	1.528723	2.466098
7.003876	1.304085	1.528723	2.466098
7.005876	1.304085	1.528723	2.466098
7.007876	1.304085	1.528723	2.466098
7.009876	1.304085	1.528723	2.466098
7.011876	1.304085	1.528723	2.466098
7.013876	1.304085	1.528723	2.466098
7.015876	1.304085	1.528723	2.466098
7.017876	1.304085	1.528723	2.466098
7.019876	1.304085	1.528723	2.466098
7.021876	1.304085	1.528723	2.466098
7.023876	1.304085	1.528723	2.466098
7.025876	1.304085	1.528723	2.466098
7.027876	1.304085	1.528723	2.466098
7.029876	1.304085	1.528723	2.466098
7.031876	1.304085	1.528723	2.466098
7.033876	1.304085	1.528723	2.466098
7.035876	1.304085	1.528723	2.466098
7.037876	1.304085	1.528723	2.466098
7.039876	1.304085	1.528723	2.466098
7.041876	1.304085	1.528723	2.466098
7.043876	1.304085	1.528723	2.466098
7.045876	1.304085	1.528723	2.466098
7.047876	1.304085	1.528723	2.466098
7.049876	1.304085	1.528723	2.466098
7.051876	1.304085	1.528723	2.466098
7.053876	1.304085	1.528723	2.466098
7.055876	1.304085	1.528723	2.466098
7.057876	1.304085	1.528723	2.466098
7.059876	1.304085	1.528723	2.466098
7.061876	1.304085	1.528723	2.466098
7.063876	1.304085	1.528723	2.466098
7.065876	1.304085	1.528723	2.466098
7.067876	1.304085	1.528723	2.466098
7.069876	1.304085	1.528723	2.466098
7.071876	1.304085	1.528723	2.466098
7.073876	1.304085	1.528723	2.466098
7.075876	1.304085	1.528723	2.466098
7.077876	1.304085	1.528723	2.466098
7.079876	1.304085	1.528723	2.466098
7.081876	1.304085	1.528723	2.466098
7.083876	1.304085	1.528723	2.466098
7.085876	1.304085	1.528723	2.466098
7.087876	1.304085	1.528723	2.466098
7.089876	1.304085	1.528723	2.466098
7.091876	1.304085	1.528723	2.466098
7.093876	1.304085	1.528723	2.466098
7.095876	1.304085	1.528723	2.466098
7.097876	1.304085	1.528723	2.466098
7.099876	1.304085	1.528723	2.466098
7.101876	1.304085	1.528723	2.466098
7.103876	1.304085	1.528723	2.466098
7.105876	1.304085	1.528723	2.466098
7.107876	1.304085	1.528723	2.466098
7.109876	1.304085	1.528723	2.466098
7.111876	1.304085	1.528723	2.466098
7.113876	1.304085	1.528723	2.466098
7.115876	1.304085	1.528723	2.466098
7.117876	1.304085	1.528723	2.466098
7.119876	1.304085	1.528723	2.466098
7.121876	1.304085	1.528723	2.466098
7.123876	1.304085	1.528723	2.466098
7.125876	1.304085	1.528723	2.466098
7.127876	1.304085	1.528723	2.466098
7.129876	1.304085	1.528723	2.466098
7.131876	1.304085	1.528723	2.466098
7.133876	1.304085	1.528723	2.466098
7.135876	1.304085	1.528723	2.466098
7.137876	1.304085	1.528723	2.466098
7.139876	1.304085	1.528723	2.466098
7.141876	1.304085	1.528723	2.466098
7.143876	1.304085	1.528723	2.466098
7.145876	1.304085	1.528723	2.466098
7.147876	1.304085	1.528723	2.466098
7.149876	1.304085	1.528723	2.466098
7.151876	1.304085	1.528723	2.466098
7.153876	1.304085	1.528723	2.466098
7.155876	1.304085	1.528723	2.466098
7.157876	1.304085	1.528723	2.466098
7.159876	1.304085	1.528723	2.466098
7.161876	1.304085	1.528723	2.466098
7.163876	1.304085	1.528723	2.466098
7.165876	1.304085	1.528723	2.466098
7.167876	1.304085	1.528723	2.466098
7.169876	1.304085	1.528723	2.466098
7.171876	1.304085	1.528723	2.466098
7.173876	1.304085	1.528723	2.466098
7.175876	1.304085	1.528723	2.466098
7.177876	1.304085	1.528723	2.466098
7.179876	1.304085	1.528723	2.466098
7.181876	1.304085	1.528723	2.466098
7.183876	1.304085	1.528723	2.466098
7.185876	1.304085	1.528723	2.466098
7.187876	1.304085	1.528723	2.466098
7.189876	1.304085	1.528723	2.466098
7.191876	1.304085	1.528723	2.466098
7.193876	1.304085	1.528723	2.466098
7.195876	1.304085	1.528723	2.466098
7.197876	1.304085	1.528723	2.466098
7.199876	1.304085	1.528723	2.466098
7.201876	1.304085	1.528723	2.466098
7.203876	1.304085	1.528723	2.466098
7.205876	1.304085	1.528723	2.466098
7.207876	1.304085	1.528723	2.466098
7.209876	1.304085	1.528723	2.466098
7.211876	1.304085	1.528723	2.466098
7.213876	1.304085	1.528723	2.466098
7.215876	1.304085	1.528723	2.466098
7.217876	1.304085	1.528723	2.466098
7.219876	1.304085	1.528723	2.466098
7.221876	1.304085	1.528723	2.466098
7.223876	1.304085	1.528723	2.466098
7.225876	1.304085	1.528723	2.466098
7.227876	1.304085	1.528723	2.466098
7.229876	1.304085	1.528723	2.466098
7.231876	1.304085	1.528723	2.466098
7.233876	1.304085	1.528723	2.466098
7.235876	1.304085	1.528723	2.466098
7.237876	1.304085	1.528723	2.466098
7.239876	1.304085	1.528723	2.466098
7.241876	1.304085	1.528723	2.466098
7.243876	1.304085	1.528723	2.466098
7.245876	1.304085	1.528723	2.466098
7.247876	1.304085	1.528723	2.466098
7.249876	1.304085	1.528723	2.466098
7.251876	1.304085	1.528723	2.466098
7.253876	1.304085	1.528723	2.466098
7.255876	1.304085	1.528723	2.466098
7.257876	1.304085	1.528723	2.466098
7.259876	1.304085	1.528723	2.466098
7.261876	1.304085	1.528723	2.466098
7.263876	1.304085	1.528723	2.466098
7.265876	1.304085	1.528723	2.466098
7.267876	1.304085	1.528723	2.466098
7.269876	1.304085	1.528723	2.466098
7.271876	1.304085	1.528723	2.466098
7.273876	1.304085	1.528723	2.466098
7.275876	1.304085	1.528723	2.466098
7.277876	1.304085	1.528723	2.466098
7.279876	1.304085	1.528723	2.466098
7.281876	1.304085	1.528723	2.466098
7.283876	1.304085	1.528723	2.466098
7.285876	1.304085	1.528723	2.466098
7.287876	1.304085	1.528723	2.466098
7.289876	1.304085	1.528723	2.466098
7.291876	1.304085	1.528723	2.466098
7.293876	1.304085	1.528723	2.466098
7.295876	1.304085	1.528723	2.466098
7.297876	1.304085	1.528723	2.466098
7.299876	1.304085	1.528723	2.466098
7.301876	1.304085	1.528723	2.466098
7.303876	1.304085	1.528723	2.466098
7.305876	1.304085	1.528723	2.466098
7.307876	1.304085	1.528723	2.466098
7.309876	1.304085	1.528723	2.466098
7.311876	1.304085	1.528723	2.466098
7.313876	1.304085	1.528723	2.466098
7.315876	1.304085	1.528723	2.466098
7.317876	1.304085	1.528723	2.466098
7.319876	1.304085	1.528723	2.466098
7.321876	1.304085	1.528723	2.466098
7.323876	1.304085	1.528723	2.466098
7.325876	1.304085	1.528723	2.466098
7.327876	1.304085	1.528723	2.466098
7.329876	1.304085	1.528723	2.466098
7.331876	1.304085	1.528723	2.466098
7.333876	1.304085	1.528723	2.466098
7.335876	1.304085	1.528723	2.466098
7.337876	1.304085	1.528723	2.466098
7.339876	1.304085	1.528723	2.466098
7.341876	1.304085	1.528723	2.466098
7.343876	1.304085	1.528723	2.466098
7.345876	1.304085	1.528723	2.466098
7.347876	1.304085	1.528723	2.466098
7.349876	1.304085	1.528723	2.466098
7.351876	1.304085	1.528723	2.466098
7.353876	1.304085	1.528723	2.466098
7.355876	1.304085	1.528723	2.466098
7.357876	1.304085	1.528723	2.466098
7.359876	1.304085	1.528723	2.466098
7.361876	1.304085	1.528723	2.466098
7.363876	1.304085	1.528723	2.466098
7.365876	1.304085	1.528723	2.466098
7.367876	1.304085	1.528723	2.466098
7.369876	1.304085	1.528723	2.466098
7.371876	1.304085	1.528723	2.466098
7.373876	1.304085	1.528723	2.466098
7.375876	1.304085	1.528723	2.466098
7.377876	1.304085	1.528723	2.466098
7.379876	1.304085	1.528723	2.466098
7.381876	1.304085	1.528723	2.466098
7.383876	1.304085	1.528723	2.466098
7.385876	1.304085	1.528723	2.466098
7.387876	1.304085	1.528723	2.466098
7.389876	1.304085	1.528723	2.466098
7.391876	1.304085	1.528723	2.466098
7.393876	1.304085	1.528723	2.466098
7.395876	1.304085	1.528723	2.466098
7.397876	1.304085	1.528723	2.466098
7.399876	1.304085	1.528723	2.466098
7.401876	1.304085	1.528723	2.466098
7.403876	1.304085	1.528723	2.466098
7.405876	1.304085	1.528723	2.466098
7.407876	1.304085	1.528723	2.466098
7.409876	1.304085	1.528723	2.466098
7.411876	1.304085	1.528723	2.466098
7.413876	1.304085	1.528723	2.466098
7.415876	1.304085	1.528723	2.466098
7.417876	1.304085	1.528723	2.466098
7.419876	1.304085	1.528723	2.466098
7.421876	1.304085	1.528723	2.466098
7.423876	1.304085	1.528723	2.466098
7.425876	1.304085	1.528723	2.466098
7.427876	1.304085	1.528723	2.466098
7.429876	1.304085	1.528723	2.466098
7.431876	1.304085	1.528723	2.466098
7.433876	1.304085	1.528723	2.466098
7.435876	1.304085	1.528723	2.466098
7.437876	1.304085	1.528723	2.466098
7.439876	1.304085	1.528723	2.466098
7.441876	1.304085	1.528723	2.466098
7.443876	1.304085	1.528723	2.466098
7.445876	1.304085	1.528723	2.466098
7.447876	1.304085	1.528723	2.466098
7.449876	1.304085	1.528723	2.466098
7.451876	1.304085	1.528723	2.466098
7.453876	1.304085	1.528723	2.466098
7.455876	1.304085	1.528723	2.466098
7.457876	1.304085	1.528723	2.466098
7.459876	1.304085	1.528723	2.466098
7.461876	1.304085	1.528723	2.466098
7.463876	1.304085	1.528723	2.466098
7.465876	1.304085	1.528723	2.466098
7.467876	1.304085	1.528723	2.466098
7.469876	1.304085	1.528723	2.466098
7.471876	1.304085	1.528723	2.466098
7.473876	1.304085	1.528723	2.466098
7.475876	1.304085	1.528723	2.466098
7.477876	1.304085	1.528723	2.466098
7.479876	1.304085	1.528723	2.466098
7.481876	1.304085	1.528723	2.466098
7.483876	1.304085	1.528723	2.466098
7.485876	1.304085	1.528723	2.466098
7.487876	1.304085	1.528723	2.466098
7.489876	1.304085	1.528723	2.466098
7.491876	1.304085	1.528723	2.466098
7.493876	1.304085	1.528723	2.466098
7.495876	1.304085	1.528723	2.466098
7.497876	1.304085	1.528723	2.466098
7.499876	1.304085	1.528723	2.466098
7.501876	1.304085	1.528723	2.466098
7.503876	1.304085	1.528723	2.466098
7.505876	1.304085	1.528723	2.466098
7.507876	1.304085	1.528723	2.466098
7.509876	1.304085	1.528723	2.466098
7.511876	1.304085	1.528723	2.466098
7.513876	1.304085	1.528723	2.466098
7.515876	1.304085	1.528723	2.466098
7.517876	1.304085	1.528723	2.466098
7.519876	1.304085	1.528723	2.466098
7.521876	1.304085	1.528723	2.466098
7.523876	1.304085	1.528723	2.466098
7.525876	1.304085	1.528723	2.466098
7.527876	1.304085	1.528723	2.466098
7.529876	1.304085	1.528723	2.466098
7.531876	1.304085	1.528723	2.466098
7.533876	1.304085	1.528723	2.466098
7.535876	1.304085	1.528723	2.466098
7.537876	1.304085	1.528723	2.466098
7.539876	1.304085	1.528723	2.466098
7.541876	1.304085	1.528723	2.466098
7.543876	1.304085	1.528723	2.466098
7.545876	1.304085	1.528723	2.466098
7.547876	1.304085	1.528723	2.466098
7.549876	1.304085	1.528723	2.466098
7.551876	1.304085	1.528723	2.466098
7.553876	1.304085	1.528723	2.466098
7.555876	1.304085	1.528723	2.466098
7.557876	1.304085	1.528723	2.466098
7.559876	1.304085	1.528723	2.466098
7.561876	1.304085	1.528723	2.466098
7.563876	1.304085	1.528723	2.466098
7.565876	1.304085	1.528723	2.466098
7.567876	1.304085	1.528723	2.466098
7.569876	1.304085	1.528723	2.466098
7.571876	1.304085	1.528723	2.466098
7.573876	1.304085	1.528723	2.466098
7.575876	1.304085	1.528723	2.466098
7.577876	1.304085	1.528723	2.466098
7.579876	1.304085	1.528723	2.466098
7.581876	1.304085	1.528723	2.466098
7.583876	1.304085	1.528723	2.466098
7.585876	1.304085	1.528723	2.466098
7.587876	1.304085	1.528723	2.466098
7.589876	1.304085	1.528723	2.466098
7.591876	1.304085	1.528723	2.466098
7.593876	1.304085	1.528723	2.466098
7.595876	1.304085	1.528723	2.466098
7.597876	1.304085	1.528723	2.466098
7.599876	1.304085	1.528723	2.466098
7.601876	1.304085	1.528723	2.466098
7.603876	1.304085	1.528723	2.466098
7.605876	1.304085	1.528723	2.466098
7.607876	1.304085	1.528723	2.466098
7.609876	1.304085	1.528723	2.466098
7.611876	1.304085	1.528723	2.466098
7.613876	1.304085	1.528723	2.466098
7.615876	1.304085	1.528723	2.466098
7.617876	1.304085	1.528723	2.466098
7.619876	1.304085	1.528723	2.466098
7.621876	1.304085	1.528723	2.466098
7.623876	1.304085	1.528723	2.466098
7.625876	1.304085	1.528723	2.466098
7.627876	1.304085	1.528723	2.466098
7.629876	1.304085	1.528723	2.466098
7.631876	1.304085	1.528723	2.466098
7.633876	1.304085	1.528723	2.466098
7.635876	1.304085	1.528723	2.466098
7.637876	1.304085	1.528723	2.466098
7.639876	1.304085	1.528723	2.466098
7.641876	1.304085	1.528723	2.466098
7.643876	1.304085	1.528723	2.466098
7.645876	1.304085	1.528723	2.466098
7.647876	1.304085	1.528723	2.466098
7.649876	1.304085	1.528723	2.466098
7.651876	1.304085	1.528723	2.466098
7.653876	1.304085	1.528723	2.466098
7.655876	1.304085	1.528723	2.466098
7.657876	1.304085	1.528723	2.466098
7.659876	1.304085	1.528723	2.466098
7.661876	1.304085	1.528723	2.466098
7.663876	1.304085	1.528723	2.466098
7.665876	1.304085	1.528723	2.466098
7.667876	1.304085	1.528723	2.466098
7.669876	1.304085	1.528723	2.466098
7.671876	1.304085	1.528723	2.466098
7.673876	1.304085	1.528723	2.466098
7.675876	1.304085	1.528723	2.466098
7.677876	1.304085	1.528723	2.466098
7.679876	1.304085	1.528723	2.466098
7.681876	1.304085	1.528723	2.466098
7.683876	1.304085	1.528723	2.466098
7.685876	1.304085	1.528723	2.466098
7.687876	1.304085	1.528723	2.466098
7.689876	1.304085	1.528723	2.466098
7.691876	1.304085	1.528723	2.466098
7.693876	1.304085	1.528723	2.466098
7.695876	1.304085	1.528723	2.466098
7.697876	1.304085	1.528723	2.466098
7.699876	1.304085	1.528723	2.466098
7.701876	1.304085	1.528723	2.466098
7.703876	1.304085	1.528723	2.466098
7.705876	1.304085	1.528723	2.466098
7.707876	1.304085	1.528723	2.466098
7.709876	1.304085	1.528723	2.466098
7.711876	1.304085	1.528723	2.466098
7.713876	1.304085	1.528723	2.466098
7.715876	1.304085	1.528723	2.466098
7.717876	1.304085	1.528723	2.466098
7.719876	1.304085	1.528723	2.466098
7.721876	1.304085	1.528723	2.466098
7.723876	1.304085	1.528723	2.466098
7.725876	1.304085	1.528723	2.466098
7.727876	1.304085	1.528723	2.466098
7.729876	1.304085	1.528723	2.466098
7.731876	1.304085	1.528723	2.466098
7.733876	1.304085	1.528723	2.466098
7.735876	1.304085	1.528723	2.466098
7.737876	1.304085	1.528723	2.466098
7.739876	1.304085	1.528723	2.466098
7.741876	1.304085	1.528723	2.466098
7.743876	1.304085	1.528723	2.466098
7.745876	1.304085	1.528723	2.466098
7.747876	1.304085	1.528723	2.466098
7.749876	1.304085	1.528723	2.466098
7.751876	1.304085	1.528723	2.466098
7.753876	1.304085	1.528723	2.466098
7.755876	1.304085	1.528723	2.466098
7.757876	1.304085	1.528723	2.466098
7.759876	1.304085	1.528723	2.466098
7.761876	1.304085	1.528723	2.466098
7.763876	1.304085	1.528723	2.466098
7.765876	1.304085	1.528723	2.466098
7.767876	1.304085	1.528723	2.466098
7.769876	1.304085	1.528723	2.466098
7.771876	1.304085	1.528723	2.466098
7.773876	1.304085	1.528723	2.466098
7.775876	1.304085	1.528723	2.466098
7.777876	1.304085	1.528723	2.466098
7.779876	1.304085	1.528723	2.466098
7.781876	1.304085	1.528723	2.466098
7.783876	1.304085	1.528723	2.466098
7.785876	1.304085	1.528723	2.466098
7.787876	1.304085	1.528723	2.466098
7.789876	1.304085	1.528723	2.466098
7.791876	1.304085	1.528723	2.466098
7.793876	1.304085	1.528723	2.466098
7.795876	1.304085	1.528723	2.466098
7.797876	1.304085	1.528723	2.466098
7.799876	1.304085	1.528723	2.466098
7.801876	1.304085	1.528723	2.466098
7.803876	1.304085	1.528723	2.466098
7.805876	1.304085	1.528723	2.466098
7.807876	1.304085	1.528723	2.466098
7.809876	1.304085	1.528723	2.466098
7.811876	1.304085	1.528723	2.466098
7.813876	1.304085	1.528723	2.466098
7.815876	1.304085	1.528723	2.466098
7.817876	1.304085	1.528723	2.466098
7.819876	1.304085	1.528723	2.466098
7.821876	1.304085	1.528723	2.466098
7.823876	1.304085	1.528723	2.466098
7.825876	1.304085	1.528723	2.466098
7.827876	1.304085	1.528723	2.466098
7.829876	1.304085	1.528723	2.466098
7.831876	1.304085	1.528723	2.466098
7.833876	1.304085	1.528723	2.466098
7.835876	1.304085	1.528723	2.466098
7.837876	1.304085	1.528723	2.466098
7.839876	1.304085	1.528723	2.466098
7.841876	1.304085	1.528723	2.466098
7.843876	1.304085	1.528723	2.466098
7.845876	1.304085	1.528723	2.466098
7.847876	1.304085	1.528723	2.466098
7.849876	1.304085	1.528723	2.466098
7.851876	1.304085	1.528723	2.466098
7.853876	1.304085	1.528723	2.466098
7.855876	1.304085	1.528723	2.466098
7.857876	1.304085	1.528723	2.466098
7.859876	1.304085	1.528723	2.466098
7.861876	1.304085	1.528723	2.466098
7.863876	1.304085	1.528723	2.466098
7.865876	1.304085	1.528723	2.466098
7.867876	1.304085	1.528723	2.466098
7.869876	1.304085	1.528723	2.466098
7.871876	1.304085	1.528723	2.466098
7.873876	1.304085	1.528723	2.466098
7.875876	1.304085	1.528723	2.466098
7.877876	1.304085	1.528723	2.466098
7.879876	1.304085	1.528723	2.466098
7.881876	1.304085	1.528723	2.466098
7.883876	1.304085	1.528723	2.466098
7.885876	1.304085	1.528723	2.466098
7.887876	1.304085	1.528723	2.466098
7.889876	1.304085	1.528723	2.466098
7.891876	1.304085	1.528723	2.466098
7.893876	1.304085	1.528723	2.466098
7.895876	1.304085	1.528723	2.466098
7.897876	1.304085	1.528723	2.466098
7.899876	1.304085	1.528723	2.466098
7.901876	1.304085	1.528723	2.466098
7.903876	1.304085	1.528723	2.466098
7.905876	1.304085	1.528723	2.466098
7.907876	1.304085	1.528723	2.466098
7.909876	1.304085	1.528723	2.466098
7.911876	1.304085	1.528723	2.466098
7.913876	1.304085	1.528723	2.466098
7.915876	1.304085	1.528723	2.466098
7.917876	1.304085	1.528723	2.466098
7.919876	1.304085	1.528723	2.466098
7.921876	1.304085	1.528723	2.466098
7.923876	1.304085	1.528723	2.466098
7.925876	1.304085	1.528723	2.466098
7.927876	1.304085	1.528723	2.466098
7.929876	1.304085	1.528723	2.466098
7.931876	1.304085	1.528723	2.466098
7.933876	1.304085	1.528723	2.466098
7.935876	1.304085	1.528723	2.466098
7.937876	1.304085	1.528723	2.466098
7.939876	1.304085	1.528723	2.466098
7.941876	1.304085	1.528723	2.466098
7.943876	1.304085	1.528723	2.466098
7.945876	1.304085	1.528723	2.466098
7.947876	1.304085	1.528723	2.466098
7.949876	1.304085	1.528723	2.466098
7.951876	1.304085	1.528723	2.466098
7.953876	1.304085	1.528723	2.466098
7.955876	1.304085	1.528723	2.466098
7.957876	1.304085	1.528723	2.466098
7.959876	1.304085	1.528723	2.466098
7.961876	1.304085	1.528723	2.466098
7.963876	1.304085	1.528723	2.466098
7.965876	1.304085	1.528723	2.466098
7.967876	1.304085	1.528723	2.466098
7.969876	1.304085	1.528723	2.466098
7.971876	1.304085	1.528723	2.466098
7.973876	1.304085	1.528723	2.466098
7.975876	1.304085	1.528723	2.466098
7.977876	1.304085	1.528723	2.466098
7.979876	1.304085	1.528723	2.466098
7.981876	1.304085	1.528723	2.466098
7.983876	1.304085	1.528723	2.466098
7.985876	1.304085	1.528723	2.466098
7.987876	1.304085	1.528723	2.466098
7.989876	1.304085	1.528723	2.466098
7.991876	1.304085	1.528723	2.466098
7.993876	1.304085	1.528723	2.466098
7.995876	1.304085	1.528723	2.466098
7.997876	1.304085	1.528723	2.466098
7.999876	1.304085	1.528723	2.466098
8.001876	1.304085	1.528723	2.466098
8.003876	1.304085	1.528723	2.466098
8.005876	1.304085	1.528723	2.466098
8.007876	1.304085	1.528723	2.466098
8.009876	1.304085	1.528723	2.466098
8.011876	1.304085	1.528723	2.466098
8.013876	1.304085	1.528723	2.466098
8.015876	1.304085	1.528723	2.466098
8.017876	1.304085	1.528723	2.466098
8.019876	1.304085	1.528723	2.466098
8.021876	1.304085	1.528723	2.466098
8.023876	1.304085	1.528723	2.466098
8.025876	1.304085	1.528723	2.466098
8.027876	1.304085	1.528723	2.466098
8.029876	1.304085	1.528723	2.466098
8.031876	1.304085	1.528723	2.466098
8.033876	1.304085	1.528723	2.466098
8.035876	1.304085	1.528723	2.466098
8.037876	1.304085	1.528723	2.466098
8.039876	1.304085	1.528723	2.466098
8.041876	1.304085	1.528723	2.466098
8.043876	1.304085	1.528723	2.466098
8.045876	1.304085	1.528723	2.466098
8.047876	1.304085	1.528723	2.466098
8.049876	1.304085	1.528723	2.466098
8.051876	1.304085	1.528723	2.466098
8.053876	1.304085	1.528723	2.466098
8.055876	1.304085	1.528723	2.466098
8.057876	1.304085	1.528723	2.466098
8.059876	1.304085	1.528723	2.466098
8.061876	1.304085	1.528723	2.466098
8.063876	1.304085	1.528723	2.466098
8.065876	1.304085	1.528723	2.466098
8.067876	1.304085	1.528723	2.466098
8.069876	1.304085	1.528723	2.466098
8.071876	1.304085	1.528723	2.466098
8.073876	1.304085	1.528723	2.466098
8.075876	1.304085	1.528723	2.466098
8.077876	1.304085	1.528723	2.466098
8.079876	1.304085	1.528723	2.466098
8.081876	1.304085	1.528723	2.466098
8.083876	1.304085	1.528723	2.466098
8.085876	1.304085	1.528723	2.466098
8.087876	1.304085	1.528723	2.466098
8.089876	1.304085	1.528723	2.466098
8.091876	1.304085	1.528723	2.466098
8.093876	1.304085	1.528723	2.466098
8.095876	1.304085	1.528723	2.466098
8.097876	1.304085	1.528723	2.466098
8.099876	1.304085	1.528723	2.466098
8.101876	1.304085	1.528723	2.466098
8.103876	1.304085	1.528723	2.466098
8.105876	1.304085	1.528723	2.466098
8.107876	1.304085	1.528723	2.466098
8.109876	1.304085	1.528723	2.466098
8.111876	1.304085	1.528723	2.466098
8.113876	1.304085	1.528723	2.466098
8.115876	1.304085	1.528723	2.466098
8.117876	1.304085	1.528723	2.466098
8.119876	1.304085	1.528723	2.466098
8.121876	1.304085	1.528723	2.466098
8.123876	1.304085	1.528723	2.466098
8.125876	1.304085	1.528723	2.466098
8.127876	1.304085	1.528723	2.466098
8.129876	1.304085	1.528723	2.466098
8.131876	1.304085	1.528723	2.466098
8.133876	1.304085	1.528723	2.466098
8.135876	1.304085	1.528723	2.466098
8.137876	1.304085	1.528723	2.466098
8.139876	1.304085	1.528723	2.466098
8.141876	1.304085	1.528723	2.466098
8.143876	1.304085	1.528723	2.466098
8.145876	1.304085	1.528723	2.466098
8.147876	1.304085	1.528723	2.466098
8.149876	1.304085	1.528723	2.466098
8.151876	1.304085	1.528723	2.466098
8.153876	1.304085	1.528723	2.466098
8.155876	1.304085	1.528723	2.466098
8.157876	1.304085	1.528723	2.466098
8.159876	1.304085	1.528723	2.466098
8.161876	1.304085	1.528723	2.466098
8.163876	1.304085	1.528723	2.466098
8.165876	1.304085	1.528723	2.466098
8.167876	1.304085	1.528723	2.466098
8.169876	1.304085	1.528723	2.466098
8.171876	1.304085	1.528723	2.466098
8.173876	1.304085	1.528723	2.466098
8.175876	1.304085	1.528723	2.466098
8.177876	1.304085	1.528723	2.466098
8.179876	1.304085	1.528723	2.466098
8.181876	1.304085	1.528723	2.466098
8.183876	1.304085	1.528723	2.466098
8.185876	1.304085	1.528723	2.466098
8.187876	1.304085	1.528723	2.466098
8.189876	1.304085	1.528723	2.466098
8.191876	1.304085	1.528723	2.466098
8.193876	1.304085	1.528723	2.466098
8.195876	1.304085	1.528723	2.466098
8.197876	1.304085	1.528723	2.466098
8.199876	1.304085	1.528723	2.466098
8.201876	1.304085	1.528723	2.466098
8.203876	1.304085	1.528723	2.466098
8.205876	1.304085	1.528723	2.466098
8.207876	1.304085	1.528723	2.466098
8.209876	1.304085	1.528723	2.466098
8.211876	1.304085	1.528723	2.466098
8.213876	1.304085	1.528723	2.466098
8.215876	1.304085	1.528723	2.466098
8.217876	1.304085	1.528723	2.466098
8.219876	1.304085	1.528723	2.466098
8.221876	1.304085	1.528723	2.466098
8.223876	1.304085	1.528723	2.466098
8.225876	1.304085	1.528723	2.466098
8.227876	1.304085	1.528723	2.466098
8.229876	1.304085	1.528723	2.466098
8.231876	1.304085	1.528723	2.466098
8.233876	1.304085	1.528723	2.466098
8.235876	1.304085	1.528723	2.466098
8.237876	1.304085	1.528723	2.466098
8.239876	1.304085	1.528723	2.466098
8.241876	1.304085	1.528723	2.466098
8.243876	1.304085	1.528723	2.466098
8.245876	1.304085	1.528723	2.466098
8.247876	1.304085	1.528723	2.466098
8.249876	1.304085	1.528723	2.466098
8.251876	1.304085	1.528723	2.466098
8.253876	1.304085	1.528723	2.466098
8.255876	1.304085	1.528723	2.466098
8.257876	1.304085	1.528723	2.466098
8.259876	1.304085	1.528723	2.466098
8.261876	1.304085	1.528723	2.466098
8.263876	1.304085	1.528723	2.466098
8.265876	1.304085	1.528723	2.466098
8.267876	1.304085	1.528723	2.466098
8.269876	1.304085	1.528723	2.466098
8.271876	1.304085	1.528723	2.466098
8.273876	1.304085	1.528723	2.466098
8.275876	1.304085	1.528723	2.466098
8.277876	1.304085	1.528723	2.466098
8.279876	1.304085	1.528723	2.466098
8.281876	1.304085	1.528723	2.466098
8.283876	1.304085	1.528723	2.466098
8.285876	1.304085	1.528723	2.466098
8.287876	1.304085	1.528723	2.466098
8.289876	1.304085	1.528723	2.466098
8.291876	1.304085	1.528723	2.466098
8.293876	1.304085	1.528723	2.466098
8.295876	1.304085	1.528723	2.466098
8.297876	1.304085	1.528723	2.466098
8.299876	1.304085	1.528723	2.466098
8.301876	1.304085	1.528723	2.466098
8.303876	1.304085	1.528723	2.466098
8.305876	1.304085	1.528723	2.466098
8.307876	1.304085	1.528723	2.466098
8.309876	1.304085	1.528723	2.466098
8.311876	1.304085	1.528723	2.466098
8.313876	1.304085	1.528723	2.466098
8.315876	1.304085	1.528723	2.466098
8.317876	1.304085	1.528723	2.466098
8.319876	1.304085	1.528723	2.466098
8.321876	1.304085	1.528723	2.466098
8.323876	1.304085	1.528723	2.466098
8.325876	1.304085	1.528723	2.466098
8.327876	1.304085	1.528723	2.466098
8.329876	1.304085	1.528723	2.466098
8.331876	1.304085	1.528723	2.466098
8.333876	1.304085	1.528723	2.466098
8.335876	1.304085	1.528723	2.466098
8.337876	1.304085	1.528723	2.466098
8.339876	1.304085	1.528723	2.466098
8.341876	1.304085	1.528723	2.466098
8.343876	1.304085	1.528723	2.466098
8.345876	1.304085	1.528723	2.466098
8.347876	1.304085	1.528723	2.466098
8.349876	1.304085	1.528723	2.466098
8.351876	1.304085	1.528723	2.466098
8.353876	1.304085	1.528723	2.466098
8.355876	1.304085	1.528723	2.466098
8.357876	1.304085	1.528723	2.466098
8.359876	1.304085	1.528723	2.466098
8.361876	1.304085	1.528723	2.466098
8.363876	1.304085	1.528723	2.466098
8.365876	1.304085	1.528723	2.466098
8.367876	1.304085	1.528723	2.466098
8.369876	1.304085	1.528723	2.466098
8.371876	1.304085	1.528723	2.466098
8.373876	1.304085	1.528723	2.466098
8.375876	1.304085	1.528723	2.466098
8.377876	1.304085	1.528723	2.466098
8.379876	1.304085	1.528723	2.466098
8.381876	1.304085	1.528723	2.466098
8.383876	1.304085	1.528723	2.466098
8.385876	1.304085	1.528723	2.466098
8.387876	1.304085	1.528723	2.466098
8.389876	1.304085	1.528723	2.466098
8.391876	1.304085	1.528723	2.466098
8.393876	1.304085	1.528723	2.466098
8.395876	1.304085	1.528723	2.466098
8.397876	1.304085	1.528723	2.466098
8.399876	1.304085	1.528723	2.466098
8.401876	1.304085	1.528723	2.466098
8.403876	1.304085	1.528723	2.466098
8.405876	1.304085	1.528723	2.466098
8.407876	1.304085	1.528723	2.466098
8.409876	1.304085	1.528723	2.466098
8.411876	1.304085	1.528723	2.466098
8.413876	1.304085	1.528723	2.466098
8.415876	1.304085	1.528723	2.466098
8.417876	1.304085	1.528723	2.466098
8.419876	1.304085	1.528723	2.466098
8.421876	1.304085	1.528723	2.466098
8.423876	1.304085	1.528723	2.466098
8.425876	1.304085	1.528723	2.466098
8.427876	1.304085	1.528723	2.466098
8.429876	1.304085	1.528723	2.466098
8.431876	1.304085	1.528723	2.466098
8.433876	1.304085	1.528723	2.466098
8.435876	1.304085	1.528723	2.466098
8.437876	1.304085	1.528723	2.466098
8.439876	1.304085	1.528723	2.466098
8.441876	1.304085	1.528723	2.466098
8.443876	1.304085	1.528723	2.466098
8.445876	1.304085	1.528723	2.466098
8.447876	1.304085	1.528723	2.466098
8.449876	1.304085	1.528723	2.466098
8.451876	1.304085	1.528723	2.466098
8.453876	1.304085	1.528723	2.466098
8.455876	1.304085	1.528723	2.466098
8.457876	1.304085	1.528723	2.466098
8.459876	1.304085	1.528723	2.466098
8.461876	1.304085	1.528723	2.466098
8.463876	1.304085	1.528723	2.466098
8.465876	1.304085	1.528723	2.466098
8.467876	1.304085	1.528723	2.466098
8.469876	1.304085	1.528723	2.466098
8.471876	1.304085	1.528723	2.466098
8.473876	1.304085	1.528723	2.466098
8.475876	1.304085	1.528723	2.466098
8.477876	1.304085	1.528723	2.466098
8.479876	1.304085	1.528723	2.466098
8.481876	1.304085	1.528723	2.466098
8.483876	1.304085	1.528723	2.466098
8.485876	1.304085	1.528723	2.466098
8.487876	1.304085	1.528723	2.466098
8.489876	1.304085	1.528723	2.466098
8.491876	1.304085	1.528723	2.466098
8.493876	1.304085	1.528723	2.466098
8.495876	1.304085	1.528723	2.466098
8.497876	1.304085	1.528723	2.466098
8.499876	1.304085	1.528723	2.466098
8.501876	1.304085	1.528723	2.466098
8.503876	1.304085	1.528723	2.466098
8.505876	1.304085	1.528723	2.466098
8.507876	1.304085	1.528723	2.466098
8.509876	1.304085	1.528723	2.466098
8.511876	1.304085	1.528723	2.466098
8.513876	1.304085	1.528723	2.466098
8.515876	1.304085	1.528723	2.466098
8.517876	1.304085	1.528723	2.466098
8.519876	1.304085	1.528723	2.466098
8.521876	1.304085	1.528723	2.466098
8.523876	1.304085	1.528723	2.466098
8.525876	1.304085	1.528723	2.466098
8.527876	1.304085	1.528723	2.466098
8.529876	1.304085	1.528723	2.466098
8.531876	1.304085	1.528723	2.466098
8.533876	1.304085	1.528723	2.466098
8.535876	1.304085	1.528723	2.466098
8.537876	1.304085	1.528723	2.466098
8.539876	1.304085	1.528723	2.466098
8.541876	1.304085	1.528723	2.466098
8.543876	1.304085	1.528723	2.466098
8.545876	1.304085	1.528723	2.466098
8.547876	1.304085	1.528723	2.466098
8.549876	1.304085	1.528723	2.466098
8.551876	1.304085	1.528723	2.466098
8.553876	1.304085	1.528723	2.466098
8.555876	1.304085	1.528723	2.466098
8.557876	1.304085	1.528723	2.466098
8.559876	1.304085	1.528723	2.466098
8.561876	1.304085	1.528723	2.466098
8.563876	1.304085	1.528723	2.466098
8.565876	1.304085	1.528723	2.466098
8.567876	1.304085	1.528723	2.466098
8.569876	1.304085	1.528723	2.466098
8.571876	1.304085	1.528723	2.466098
8.573876	1.304085	1.528723	2.466098
8.575876	1.304085	1.528723	2.466098
8.577876	1.304085	1.528723	2.466098
8.579876	1.304085	1.528723	2.466098
8.581876	1.304085	1.528723	2.466098
8.583876	1.304085	1.528723	2.466098
8.585876	1.304085	1.528723	2.466098
8.587876	1.304085	1.528723	2.466098
8.589876	1.304085	1.528723	2.466098
8.591876	1.304085	1.528723	2.466098
8.593876	1.304085	1.528723	2.466098
8.595876	1.304085	1.528723	2.466098
8.597876	1.304085	1.528723	2.466098
8.599876	1.304085	1.528723	2.466098
8.601876	1.304085	1.528723	2.466098
8.603876	1.304085	1.528723	2.466098
8.605876	1.304085	1.528723	2.466098
8.607876	1.304085	1.528723	2.466098
8.609876	1.304085	1.528723	2.466098
8.611876	1.304085	1.528723	2.466098
8.613876	1.304085	1.528723	2.466098
8.615876	1.304085	1.528723	2.466098
8.617876	1.304085	1.528723	2.466098
8.619876	1.304085	1.528723	2.466098
8.621876	1.304085	1.528723	2.466098
8.623876	1.304085	1.528723	2.466098
8.625876	1.304085	1.528723	2.466098
8.627876	1.304085	1.528723	2.466098
8.629876	1.304085	1.528723	2.466098
8.631876	1.304085	1.528723	2.466098
8.633876	1.304085	1.528723	2.466098
8.635876	1.304085	1.528723	2.466098
8.637876	1.304085	1.528723	2.466098
8.639876	1.304085	1.528723	2.466098
8.641876	1.304085	1.528723	2.466098
8.643876	1.304085	1.528723	2.466098
8.645876	1.304085	1.528723	2.466098
8.647876	1.304085	1.528723	2.466098
8.649876	1.304085	1.528723	2.466098
8.651876	1.304085	1.528723	2.466098
8.653876	1.304085	1.528723	2.466098
8.655876	1.304085	1.528723	2.466098
8.657876	1.304085	1.528723	2.466098
8.659876	1.304085	1.528723	2.466098
8.661876	1.304085	1.528723	2.466098
8.663876	1.304085	1.528723	2.466098
8.665876	1.304085	1.528723	2.466098
8.667876	1.304085	1.528723	2.466098
8.669876	1.304085	1.528723	2.466098
8.671876	1.304085	1.528723	2.466098
8.673876	1.304085	1.528723	2.466098
8.675876	1.304085	1.528723	2.466098
8.677876	1.304085	1.528723	2.466098
8.679876	1.304085	1.528723	2.466098
8.681876	1.304085	1.528723	2.466098
8.683876	1.304085	1.528723	2.466098
8.685876	1.304085	1.528723	2.466098
8.687876	1.304085	1.528723	2.466098
8.689876	1.304085	1.528723	2.466098
8.691876	1.304085	1.528723	2.466098
8.693876	1.304085	1.528723	2.466098
8.695876	1.304085	1.528723	2.466098
8.697876	1.304085	1.528723	2.466098
8.699876	1.304085	1.528723	2.466098
8.701876	1.304085	1.528723	2.466098
8.703876	1.304085	1.528723	2.466098
8.705876	1.304085	1.528723	2.466098
8.707876	1.304085	1.528723	2.466098
8.709876	1.304085	1.528723	2.466098
8.711876	1.304085	1.528723	2.466098
8.713876	1.304085	1.528723	2.466098
8.715876	1.304085	1.528723	2.466098
8.717876	1.304085	1.528723	2.466098
8.719876	1.304085	1.528723	2.466098
8.721876	1.304085	1.528723	2.466098
8.723876	1.304085	1.528723	2.466098
8.725876	1.304085	1.528723	2.466098
8.727876	1.304085	1.528723	2.466098
8.729876	1.304085	1.528723	2.466098
8.731876	1.304085	1.528723	2.466098
8.733876	1.304085	1.528723	2.466098
8.735876	1.304085	1.528723	2.466098
8.737876	1.304085	1.528723	2.466098
8.739876	1.304085	1.528723	2.466098
8.741876	1.304085	1.528723	2.466098
8.743876	1.304085	1.528723	2.466098
8.745876	1.304085	1.528723	2.466098
8.747876	1.304085	1.528723	2.466098
8.749876	1.304085	1.528723	2.466098
8.751876	1.304085	1.528723	2.466098
8.753876	1.304085	1.528723	2.466098
8.755876	1.304085	1.528723	2.466098
8.757876	1.304085	1.528723	2.466098
8.759876	1.304085	1.528723	2.466098
8.761876	1.304085	1.528723	2.466098
8.763876	1.304085	1.528723	2.466098
8.765876	1.304085	1.528723	2.466098
8.767876	1.304085	1.528723	2.466098
8.769876	1.304085	1.528723	2.466098
8.771876	1.304085	1.528723	2.466098
8.773876	1.304085	1.528723	2.466098
8.775876	1.304085	1.528723	2.466098
8.777876	1.304085	1.528723	2.466098
8.779876	1.304085	1.528723	2.466098
8.781876	1.304085	1.528723	2.466098
8.783876	1.304085	1.528723	2.466098
8.785876	1.304085	1.528723	2.466098
8.787876	1.304085	1.528723	2.466098
8.789876	1.304085	1.528723	2.466098
8.791876	1.304085	1.528723	2.466098
8.793876	1.304085	1.528723	2.466098
8.795876	1.304085	1.528723	2.466098
8.797876	1.304085	1.528723	2.466098
8.799876	1.304085	1.528723	2.466098
8.801876	1.304085	1.528723	2.466098
8.803876	1.304085	1.528723	2.466098
8.805876	1.304085	1.528723	2.466098
8.807876	1.304085	1.528723	2.466098
8.809876	1.304085	1.528723	2.466098
8.811876	1.304085	1.528723	2.466098
8.813876	1.304085	1.528723	2.466098
8.815876	1.304085	1.528723	2.466098
8.817876	1.304085	1.528723	2.466098
8.819876	1.304085	1.528723	2.466098
8.821876	1.304085	1.528723	2.466098
8.823876	1.304085	1.528723	2.466098
8.825876	1.304085	1.528723	2.466098
8.827876	1.304085	1.528723	2.466098
8.829876	1.304085	1.528723	2.466098
8.831876	1.304085	1.528723	2.466098
8.833876	1.304085	1.528723	2.466098
8.835876	1.304085	1.528723	2.466098
8.837876	1.304085	1.528723	2.466098
8.839876	1.304085	1.528723	2.466098
8.841876	1.304085	1.528723	2.466098
8.843876	1.304085	1.528723	2.466098
8.845876	1.304085	1.528723	2.466098
8.847876	1.304085	1.528723	2.466098
8.849876	1.304085	1.528723	2.466098
8.851876	1.304085	1.528723	2.466098
8.853876	1.304085	1.528723	2.466098
8.855876	1.304085	1.528723	2.466098
8.857876	1.304085	1.528723	2.466098
8.859876	1.304085	1.528723	2.466098
8.861876	1.304085	1.528723	2.466098
8.863876	1.304085	1.528723	2.466098
8.865876	1.304085	1.528723	2.466098
8.867876	1.304085	1.528723	2.466098
8.869876	1.304085	1.528723	2.466098
8.871876	1.304085	1.528723	2.466098
8.873876	1.304085	1.528723	2.466098
8.875876	1.304085	1.528723	2.466098
8.877876	1.304085	1.528723	2.466098
8.879876	1.304085	1.528723	2.466098
8.881876	1.304085	1.528723	2.466098
8.883876	1.304085	1.528723	2.466098
8.885876	1.304085	1.528723	2.466098
8.887876	1.304085	1.528723	2.466098
8.889876	1.304085	1.528723	2.466098
8.891876	1.304085	1.528723	2.466098
8.893876	1.304085	1.528723	2.466098
8.895876	1.304085	1.528723	2.466098
8.897876	1.304085	1.528723	2.466098
8.899876	1.304085	1.528723	2.466098
8.901876	1.304085	1.528723	2.466098
8.903876	1.304085	1.528723	2.466098
8.905876	1.304085	1.528723	2.466098
8.907876	1.304085	1.528723	2.466098
8.909876	1.304085	1.528723	2.466098
8.911876	1.304085	1.528723	2.466098
8.913876	1.304085	1.528723	2.466098
8.915876	1.304085	1.528723	2.466098
8.917876	1.304085	1.528723	2.466098
8.919876	1.304085	1.528723	2.466098
8.921876	1.304085	1.528723	2.466098
8.923876	1.304085	1.528723	2.466098
8.925876	1.304085	1.528723	2.466098
8.927876	1.304085	1.528723	2.466098
8.929876	1.304085	1.528723	2.466098
8.931876	1.304085	1.528723	2.466098
8.933876	1.304085	1.528723	2.466098
8.935876	1.304085	1.528723	2.466098
8.937876	1.304085	1.528723	2.466098
8.939876	1.304085	1.528723	2.466098
8.941876	1.304085	1.528723	2.466098
8.943876	1.304085	1.528723	2.466098
8.945876	1.304085	1.528723	2.466098
8.947876	1.304085	1.528723	2.466098
8.949876	1.304085	1.528723	2.466098
8.951876	1.304085	1.528723	2.466098
8.953876	1.304085	1.528723	2.466098
8.955876	1.304085	1.528723	2.466098
8.957876	1.304085	1.528723	2.466098
8.959876	1.304085	1.528723	2.466098
8.961876	1.304085	1.528723	2.466098
8.963876	1.304085	1.528723	2.466098
8.965876	1.304085	1.528723	2.466098
8.967876	1.304085	1.528723	2.466098
8.969876	1.304085	1.528723	2.466098
8.971876	1.304085	1.528723	2.466098
8.973876	1.304085	1.528723	2.466098
8.975876	1.304085	1.528723	2.466098
8.977876	1.304085	1.528723	2.466098
8.979876	1.304085	1.528723	2.466098
8.981876	1.304085	1.528723	2.466098
8.983876	1.304085	1.528723	2.466098
8.985876	1.304085	1.528723	2.466098
8.987876	1.304085	1.528723	2.466098
8.989876	1.304085	1.528723	2.466098
8.991876	1.304085	1.528723	2.466098
8.993876	1.304085	1.528723	2.466098
8.995876	1.304085	1.528723	2.466098
8.997876	1.304085	1.528723	2.466098
8.999876	1.304085	1.528723	2.466098
9.001876	1.304085	1.528723	2.466098
9.003876	1.304085	1.528723	2.466098
9.005876	1.304085	1.528723	2.466098
9.007876	1.304085	1.528723	2.466098
9.009876	1.304085	1.528723	2.466098
9.011876	1.304085	1.528723	2.466098
9.013876	1.304085	1.528723	2.466098
9.015876	1.304085	1.528723	2.466098
9.017876	1.304085	1.528723	2.466098
9.019876	1.304085	1.528723	2.466098
9.021876	1.304085	1.528723	2.466098
9.023876	1.304085	1.528723	2.466098
9.025876	1.304085	1.528723	2.466098
9.027876	1.304085	1.528723	2.466098
9.029876	1.304085	1.528723	2.466098
9.031876	1.304085	1.528723	2.466098
9.033876	1.304085	1.528723	2.466098
9.035876	1.304085	1.528723	2.466098
9.037876	1.304085	1.528723	2.466098
9.039876	1.304085	1.528723	2.466098
9.041876	1.304085	1.528723	2.466098
9.043876	1.304085	1.528723	2.466098
9.045876	1.304085	1.528723	2.466098
9.047876	1.304085	1.528723	2.466098
9.049876	1.304085	1.528723	2.466098
9.051876	1.304085	1.528723	2.466098
9.053876	1.304085	1.528723	2.466098
9.055876	1.304085	1.528723	2.466098
9.057876	1.304085	1.528723	2.466098
9.059876	1.304085	1.528723	2.466098
9.061876	1.304085	1.528723	2.466098
9.063876	1.304085	1.528723	2.466098
9.065876	1.304085	1.528723	2.466098
9.067876	1.304085	1.528723	2.466098
9.069876	1.304085	1.528723	2.466098
9.071876	1.304085	1.528723	2.466098
9.073876	1.304085	1.528723	2.466098
9.075876	1.304085	1.528723	2.466098
9.077876	1.304085	1.528723	2.466098
9.079876	1.304085	1.528723	2.466098
9.081876	1.304085	1.528723	2.466098
9.083876	1.304085	1.528723	2.466098
9.085876	1.304085	1.528723	2.466098
9.087876	1.304085	1.528723	2.466098
9.089876	1.304085	1.528723	2.466098
9.091876	1.304085	1.528723	2.466098
9.093876	1.304085	1.528723	2.466098
9.095876	1.304085	1.528723	2.466098
9.097876	1.304085	1.528723	2.466098
9.099876	1.304085	1.528723	2.466098
9.101876	1.304085	1.528723	2.466098
9.103876	1.304085	1.528723	2.466098
9.105876	1.304085	1.528723	2.466098
9.107876	1.304085	1.528723	2.466098
9.109876	1.304085	1.528723	2.466098
9.111876	1.304085	1.528723	2.466098
9.113876	1.304085	1.528723	2.466098
9.115876	1.304085	1.528723	2.466098
9.117876	1.304085	1.528723	2.466098
9.119876	1.304085	1.528723	2.466098
9.121876	1.304085	1.528723	2.466098
9.123876	1.304085	1.528723	2.466098
9.125876	1.304085	1.528723	2.466098
9.127876	1.304085	1.528723	2.466098
9.129876	1.304085	1.528723	2.466098
9.131876	1.304085	1.528723	2.466098
9.133876	1.304085	1.528723	2.466098
9.135876	1.304085	1.528723	2.466098
9.137876	1.304085	1.528723	2.466098
9.139876	1.304085	1.528723	2.466098
9.141876	1.304085	1.528723	2.466098
9.143876	1.304085	1.528723	2.466098
9.145876	1.304085	1.528723	2.466098
9.147876	1.304085	1.528723	2.466098
9.149876	1.304085	1.528723	2.466098
9.151876	1.304085	1.528723	2.466098
9.153876	1.304085	1.528723	2.466098
9.155876	1.304085	1.528723	2.466098
9.157876	1.304085	1.528723	2.466098
9.159876	1.304085	1.528723	2.466098
9.161876	1.304085	1.528723	2.466098
9.163876	1.304085	1.528723	2.466098
9.165876	1.304085	1.528723	2.466098
9.167876	1.304085	1.528723	2.466098
9.169876	1.304085	1.528723	2.466098
9.171876	1.304085	1.528723	2.466098
9.173876	1.304085	1.528723	2.466098
9.175876	1.304085	1.528723	2.466098
9.177876	0.500000	0.000000	0.571000
9.179876	0.500000	0.000000	0.571000
9.181876	0.500000	0.000000	0.571000
9.183876	0.500000	0.000000	0.571000
9.185876	0.500000	0.000000	0.571000
9.187876	0.500000	0.000000	0.571000
9.189876	0.500000	0.000000	0.571000
9.191876	0.500000	0.000000	0.571000
9.193876	0.500000	0.000000	0.571000
9.195876	0.500000	0.000000	0.571000
9.197876	0.500000	0.000000	0.571000
9.199876	0.500000	0.000000	0.571000
9.201876	0.500000	0.000000	0.571000
9.203876	0.500000	0.000000	0.571000
9.205876	0.500000	0.000000	0.571000
9.207876	0.500000	0.000000	0.571000
9.209876	0.500000	0.000000	0.571000
9.211876	0.500000	0.000000	0.571000
9.213876	0.500000	0.000000	0.571000
9.215876	0.500000	0.000000	0.571000
9.217876	0.500000	0.000000	0.571000
9.219876	0.500000	0.000000	0.571000
9.221876	0.500000	0.000000	0.571000
9.223876	0.500000	0.000000	0.571000
9.225876	0.500000	0.000000	0.571000
9.227876	0.500000	0.000000	0.571000
9.229876	0.500000	0.000000	0.571000
9.231876	0.500000	0.000000	0.571000
9.233876	0.500000	0.000000	0.571000
9.235876	0.500000	0.000000	0.571000
9.237876	0.500000	0.000000	0.571000
9.239876	0.500000	0.000000	0.571000
9.241876	0.500000	0.000000	0.571000
9.243876	0.500000	0.000000	0.571000
9.245876	0.500000	0.000000	0.571000
9.247876	0.500000	0.000000	0.571000
9.249876	0.500000	0.000000	0.571000
9.251876	0.500000	0.000000	0.571000
9.253876	0.500000	0.000000	0.571000
9.255876	0.500000	0.000000	0.571000
9.257876	0.500000	0.000000	0.571000
9.259876	0.500000	0.000000	0.571000
9.261876	0.500000	0.000000	0.571000
9.263876	0.500000	0.000000	0.571000
9.265876	0.500000	0.000000	0.571000
9.267876	0.500000	0.000000	0.571000
9.269876	0.500000	0.000000	0.571000
9.271876	0.500000	0.000000	0.571000
9.273876	0.500000	0.000000	0.571000
9.275876	0.500000	0.000000	0.571000
9.277876	0.500000	0.000000	0.571000
9.279876	0.500000	0.000000	0.571000
9.281876	0.500000	0.000000	0.571000
9.283876	0.500000	0.000000	0.571000
9.285876	0.500000	0.000000	0.571000
9.287876	0.500000	0.000000	0.571000
9.289876	0.500000	0.000000	0.571000
9.291876	0.500000	0.000000	0.571000
9.293876	0.500000	0.000000	0.571000
9.295876	0.500000	0.000000	0.571000
9.297876	0.500000	0.000000	0.571000
9.299876	0.500000	0.000000	0.571000
9.301876	0.500000	0.000000	0.571000
9.303876	0.500000	0.000000	0.571000
9.305876	0.500000	0.000000	0.571000
9.307876	0.500000	0.000000	0.571000
9.309876	0.500000	0.000000	0.571000
9.311876	0.500000	0.000000	0.571000
9.313876	0.500000	0.000000	0.571000
9.315876	0.500000	0.000000	0.571000
9.317876	0.500000	0.000000	0.571000
9.319876	0.500000	0.000000	0.571000
9.321876	0.500000	0.000000	0.571000
9.323876	0.500000	0.000000	0.571000
9.325876	0.500000	0.000000	0.571000
9.327876	0.500000	0.000000	0.571000
9.329876	0.500000	0.000000	0.571000
9.331876	0.500000	0.000000	0.571000
9.333876	0.500000	0.000000	0.571000
9.335876	0.500000	0.000000	0.571000
9.337876	0.500000	0.000000	0.571000
9.339876	0.500000	0.000000	0.571000
9.341876	0.500000	0.000000	0.571000
9.343876	0.500000	0.000000	0.571000
9.345876	0.500000	0.000000	0.571000
9.347876	0.500000	0.000000	0.571000
9.349876	0.500000	0.000000	0.571000
9.351876	0.500000	0.000000	0.571000
9.353876	0.500000	0.000000	0.571000
9.355876	0.500000	0.000000	0.571000
9.357876	0.500000	0.000000	0.571000
9.359876	0.500000	0.000000	0.571000
9.361876	0.500000	0.000000	0.571000
9.363876	0.500000	0.000000	0.571000
9.365876	0.500000	0.000000	0.571000
9.367876	0.500000	0.000000	0.571000
9.369876	0.500000	0.000000	0.571000
9.371876	0.500000	0.000000	0.571000
9.373876	0.500000	0.000000	0.571000
9.375876	0.500000	0.000000	0.571000
9.377876	0.500000	0.000000	0.571000
9.379876	0.500000	0.000000	0.571000
9.381876	0.500000	0.000000	0.571000
9.383876	0.500000	0.000000	0.571000
9.385876	0.500000	0.000000	0.571000
9.387876	0.500000	0.000000	0.571000
9.389876	0.500000	0.000000	0.571000
9.391876	0.500000	0.000000	0.571000
9.393876	0.500000	0.000000	0.571000
9.395876	0.500000	0.000000	0.571000
9.397876	0.500000	0.000000	0.571000
9.399876	0.500000	0.000000	0.571000
9.401876	0.500000	0.000000	0.571000
9.403876	0.500000	0.000000	0.571000
9.405876	0.500000	0.000000	0.571000
9.407876	0.500000	0.000000	0.571000
9.409876	0.500000	0.000000	0.571000
9.411876	0.500000	0.000000	0.571000
9.413876	0.500000	0.000000	0.571000
9.415876	0.500000	0.000000	0.571000
9.417876	0.500000	0.000000	0.571000
9.419876	0.500000	0.000000	0.571000
9.421876	0.500000	0.000000	0.571000
9.423876	0.500000	0.000000	0.571000
9.425876	0.500000	0.000000	0.571000
9.427876	0.500000	0.000000	0.571000
9.429876	0.500000	0.000000	0.571000
9.431876	0.500000	0.000000	0.571000
9.433876	0.500000	0.000000	0.571000
9.435876	0.500000	0.000000	0.571000
9.437876	0.500000	0.000000	0.571000
9.439876	0.500000	0.000000	0.571000
9.441876	0.500000	0.000000	0.571000
9.443876	0.500000	0.000000	0.571000
9.445876	0.500000	0.000000	0.571000
9.447876	0.500000	0.000000	0.571000
9.449876	0.500000	0.000000	0.571000
9.451876	0.500000	0.000000	0.571000
9.453876	0.500000	0.000000	0.571000
9.455876	0.500000	0.000000	0.571000
9.457876	0.500000	0.000000	0.571000
9.459876	0.500000	0.000000	0.571000
9.461876	0.500000	0.000000	0.571000
9.463876	0.500000	0.000000	0.571000
9.465876	0.500000	0.000000	0.571000
9.467876	0.500000	0.000000	0.571000
9.469876	0.500000	0.000000	0.571000
9.471876	0.500000	0.000000	0.571000
9.473876	0.500000	0.000000	0.571000
9.475876	0.500000	0.000000	0.571000
9.477876	0.500000	0.000000	0.571000
9.479876	0.500000	0.000000	0.571000
9.481876	0.500000	0.000000	0.571000
9.483876	0.500000	0.000000	0.571000
9.485876	0.500000	0.000000	0.571000
9.487876	0.500000	0.000000	0.571000
9.489876	0.500000	0.000000	0.571000
9.491876	0.500000	0.000000	0.571000
9.493876	0.500000	0.000000	0.571000
9.495876	0.500000	0.000000	0.571000
9.497876	0.500000	0.000000	0.571000
9.499876	0.500000	0.000000	0.571000
9.501876	0.500000	0.000000	0.571000
9.503876	0.500000	0.000000	0.571000
9.505876	0.500000	0.000000	0.571000
9.507876	0.500000	0.000000	0.571000
9.509876	0.500000	0.000000	0.571000
9.511876	0.500000	0.000000	0.571000
9.513876	0.500000	0.000000	0.571000
9.515876	0.500000	0.000000	0.571000
9.517876	0.500000	0.000000	0.571000
9.519876	0.500000	0.000000	0.571000
9.521876	0.500000	0.000000	0.571000
9.523876	0.500000	0.000000	0.571000
9.525876	0.500000	0.000000	0.571000
9.527876	0.500000	0.000000	0.571000
9.529876	0.500000	0.000000	0.571000
9.531876	0.500000	0.000000	0.571000
9.533876	0.500000	0.000000	0.571000
9.535876	0.500000	0.000000	0.571000
9.537876	0.500000	0.000000	0.571000
9.539876	0.500000	0.000000	0.571000
9.541876	0.500000	0.000000	0.571000
9.543876	0.500000	0.000000	0.571000
9.545876	0.500000	0.000000	0.571000
9.547876	0.500000	0.000000	0.571000
9.549876	0.500000	0.000000	0.571000
9.551876	0.500000	0.000000	0.571000
9.553876	0.500000	0.000000	0.571000
9.555876	0.500000	0.000000	0.571000
9.557876	0.500000	0.000000	0.571000
9.559876	0.500000	0.000000	0.571000
9.561876	0.500000	0.000000	0.571000
9.563876	0.500000	0.000000	0.571000
9.565876	0.500000	0.000000	0.571000
9.567876	0.500000	0.000000	0.571000
9.569876	0.500000	0.000000	0.571000
9.571876	0.500000	0.000000	0.571000
9.573876	0.500000	0.000000	0.571000
9.575876	0.500000	0.000000	0.571000
9.577876	0.500000	0.000000	0.571000
9.579876	0.500000	0.000000	0.571000
9.581876	0.500000	0.000000	0.571000
9.583876	0.500000	0.000000	0.571000
9.585876	0.500000	0.000000	0.571000
9.587876	0.500000	0.000000	0.571000
9.589876	0.500000	0.000000	0.571000
9.591876	0.500000	0.000000	0.571000
9.593876	0.500000	0.000000	0.571000
9.595876	0.500000	0.000000	0.571000
9.597876	0.500000	0.000000	0.571000
9.599876	0.500000	0.000000	0.571000
9.601876	0.500000	0.000000	0.571000
9.603876	0.500000	0.000000	0.571000
9.605876	0.500000	0.000000	0.571000
9.607876	0.500000	0.000000	0.571000
9.609876	0.500000	0.000000	0.571000
9.611876	0.500000	0.000000	0.571000
9.613876	0.500000	0.000000	0.571000
9.615876	0.500000	0.000000	0.571000
9.617876	0.500000	0.000000	0.571000
9.619876	0.500000	0.000000	0.571000
9.621876	0.500000	0.000000	0.571000
9.623876	0.500000	0.000000	0.571000
9.625876	0.500000	0.000000	0.571000
9.627876	0.500000	0.000000	0.571000
9.629876	0.500000	0.000000	0.571000
9.631876	0.500000	0.000000	0.571000
9.633876	0.500000	0.000000	0.571000
9.635876	0.500000	0.000000	0.571000
9.637876	0.500000	0.000000	0.571000
9.639876	0.500000	0.000000	0.571000
9.641876	0.500000	0.000000	0.571000
9.643876	0.500000	0.000000	0.571000
9.645876	0.500000	0.000000	0.571000
9.647876	0.500000	0.000000	0.571000
9.649876	0.500000	0.000000	0.571000
9.651876	0.500000	0.000000	0.571000
9.653876	0.500000	0.000000	0.571000
9.655876	0.500000	0.000000	0.571000
9.657876	0.500000	0.000000	0.571000
9.659876	0.500000	0.000000	0.571000
9.661876	0.500000	0.000000	0.571000
9.663876	0.500000	0.000000	0.571000
9.665876	0.500000	0.000000	0.571000
9.667876	0.500000	0.000000	0.571000
9.669876	0.500000	0.000000	0.571000
9.671876	0.500000	0.000000	0.571000
9.673876	0.500000	0.000000	0.571000
9.675876	0.500000	0.000000	0.571000
9.677876	0.500000	0.000000	0.571000
9.679876	0.500000	0.000000	0.571000
9.681876	0.500000	0.000000	0.571000
9.683876	0.500000	0.000000	0.571000
9.685876	0.500000	0.000000	0.571000
9.687876	0.500000	0.000000	0.571000
9.689876	0.500000	0.000000	0.571000
9.691876	0.500000	0.000000	0.571000
9.693876	0.500000	0.000000	0.571000
9.695876	0.500000	0.000000	0.571000
9.697876	0.500000	0.000000	0.571000
9.699876	0.500000	0.000000	0.571000
9.701876	0.500000	0.000000	0.571000
9.703876	0.500000	0.000000	0.571000
9.705876	0.500000	0.000000	0.571000
9.707876	0.500000	0.000000	0.571000
9.709876	0.500000	0.000000	0.571000
9.711876	0.500000	0.000000	0.571000
9.713876	0.500000	0.000000	0.571000
9.715876	0.500000	0.000000	0.571000
9.717876	0.500000	0.000000	0.571000
9.719876	0.500000	0.000000	0.571000
9.721876	0.500000	0.000000	0.571000
9.723876	0.500000	0.000000	0.571000
9.725876	0.500000	0.000000	0.571000
9.727876	0.500000	0.000000	0.571000
9.729876	0.500000	0.000000	0.571000
9.731876	0.500000	0.000000	0.571000
9.733876	0.500000	0.000000	0.571000
9.735876	0.500000	0.000000	0.571000
9.737876	0.500000	0.000000	0.571000
9.739876	0.500000	0.000000	0.571000
9.741876	0.500000	0.000000	0.571000
9.743876	0.500000	0.000000	0.571000
9.745876	0.500000	0.000000	0.571000
9.747876	0.500000	0.000000	0.571000
9.749876	0.500000	0.000000	0.571000
9.751876	0.500000	0.000000	0.571000
9.753876	0.500000	0.000000	0.571000
9.755876	0.500000	0.000000	0.571000
9.757876	0.500000	0.000000	0.571000
9.759876	0.500000	0.000000	0.571000
9.761876	0.500000	0.000000	0.571000
9.763876	0.500000	0.000000	0.571000
9.765876	0.500000	0.000000	0.571000
9.767876	0.500000	0.000000	0.571000
9.769876	0.500000	0.000000	0.571000
9.771876	0.500000	0.000000	0.571000
9.773876	0.500000	0.000000	0.571000
9.775876	0.500000	0.000000	0.571000
9.777876	0.500000	0.000000	0.571000
9.779876	0.500000	0.000000	0.571000
9.781876	0.500000	0.000000	0.571000
9.783876	0.500000	0.000000	0.571000
9.785876	0.500000	0.000000	0.571000
9.787876	0.500000	0.000000	0.571000
9.789876	0.500000	0.000000	0.571000
9.791876	0.500000	0.000000	0.571000
9.793876	0.500000	0.000000	0.571000
9.795876	0.500000	0.000000	0.571000
9.797876	0.500000	0.000000	0.571000
9.799876	0.500000	0.000000	0.571000
9.801876	0.500000	0.000000	0.571000
9.803876	0.500000	0.000000	0.571000
9.805876	0.500000	0.000000	0.571000
9.807876	0.500000	0.000000	0.571000
9.809876	0.500000	0.000000	0.571000
9.811876	0.500000	0.000000	0.571000
9.813876	0.500000	0.000000	0.571000
9.815876	0.500000	0.000000	0.571000
9.817876	0.500000	0.000000	0.571000
9.819876	0.500000	0.000000	0.571000
9.821876	0.500000	0.000000	0.571000
9.823876	0.500000	0.000000	0.571000
9.825876	0.500000	0.000000	0.571000
9.827876	0.500000	0.000000	0.571000
9.829876	0.500000	0.000000	0.571000
9.831876	0.500000	0.000000	0.571000
9.833876	0.500000	0.000000	0.571000
9.835876	0.500000	0.000000	0.571000
9.837876	0.500000	0.000000	0.571000
9.839876	0.500000	0.000000	0.571000
9.841876	0.500000	0.000000	0.571000
9.843876	0.500000	0.000000	0.571000
9.845876	0.500000	0.000000	0.571000
9.847876	0.500000	0.000000	0.571000
9.849876	0.500000	0.000000	0.571000
9.851876	0.500000	0.000000	0.571000
9.853876	0.500000	0.000000	0.571000
9.855876	0.500000	0.000000	0.571000
9.857876	0.500000	0.000000	0.571000
9.859876	0.500000	0.000000	0.571000
9.861876	0.500000	0.000000	0.571000
9.863876	0.500000	0.000000	0.571000
9.865876	0.500000	0.000000	0.571000
9.867876	0.500000	0.000000	0.571000
9.869876	0.500000	0.000000	0.571000
9.871876	0.500000	0.000000	0.571000
9.873876	0.500000	0.000000	0.571000
9.875876	0.500000	0.000000	0.571000
9.877876	0.500000	0.000000	0.571000
9.879876	0.500000	0.000000	0.571000
9.881876	0.500000	0.000000	0.571000
9.883876	0.500000	0.000000	0.571000
9.885876	0.500000	0.000000	0.571000
9.887876	0.500000	0.000000	0.571000
9.889876	0.500000	0.000000	0.571000
9.891876	0.500000	0.000000	0.571000
9.893876	0.500000	0.000000	0.571000
9.895876	0.500000	0.000000	0.571000
9.897876	0.500000	0.000000	0.571000
9.899876	0.500000	0.000000	0.571000
9.901876	0.500000	0.000000	0.571000
9.903876	0.500000	0.000000	0.571000
9.905876	0.500000	0.000000	0.571000
9.907876	0.500000	0.000000	0.571000
9.909876	0.500000	0.000000	0.571000
9.911876	0.500000	0.000000	0.571000
9.913876	0.500000	0.000000	0.571000
9.915876	0.500000	0.000000	0.571000
9.917876	0.500000	0.000000	0.571000
9.919876	0.500000	0.000000	0.571000
9.921876	0.500000	0.000000	0.571000
9.923876	0.500000	0.000000	0.571000
9.925876	0.500000	0.000000	0.571000
9.927876	0.500000	0.000000	0.571000
9.929876	0.500000	0.000000	0.571000
9.931876	0.500000	0.000000	0.571000
9.933876	0.500000	0.000000	0.571000
9.935876	0.500000	0.000000	0.571000
9.937876	0.500000	0.000000	0.571000
9.939876	0.500000	0.000000	0.571000
9.941876	0.500000	0.000000	0.571000
9.943876	0.500000	0.000000	0.571000
9.945876	0.500000	0.000000	0.571000
9.947876	0.500000	0.000000	0.571000
9.949876	0.500000	0.000000	0.571000
9.951876	0.500000	0.000000	0.571000
9.953876	0.500000	0.000000	0.571000
9.955876	0.500000	0.000000	0.571000
9.957876	0.500000	0.000000	0.571000
9.959876	0.500000	0.000000	0.571000
9.961876	0.500000	0.000000	0.571000
9.963876	0.500000	0.000000	0.571000
9.965876	0.500000	0.000000	0.571000
9.967876	0.500000	0.000000	0.571000
9.969876	0.500000	0.000000	0.571000
9.971876	0.500000	0.000000	0.571000
9.973876	0.500000	0.000000	0.571000
9.975876	0.500000	0.000000	0.571000
9.977876	0.500000	0.000000	0.571000
9.979876	0.500000	0.000000	0.571000
9.981876	0.500000	0.000000	0.571000
9.983876	0.500000	0.000000	0.571000
9.985876	0.500000	0.000000	0.571000
9.987876	0.500000	0.000000	0.571000
9.989876	0.500000	0.000000	0.571000
9.991876	0.500000	0.000000	0.571000
9.993876	0.500000	0.000000	0.571000
9.995876	0.500000	0.000000	0.571000
9.997876	0.500000	0.000000	0.571000
9.999876	0.500000	0.000000	0.571000
10.001876	0.500000	0.000000	0.571000
10.003876	0.500000	0.000000	0.571000
10.005876	0.500000	0.000000	0.571000
10.007876	0.500000	0.000000	0.571000
10.009876	0.500000	0.000000	0.571000
10.011876	0.500000	0.000000	0.571000
10.013876	0.500000	0.000000	0.571000
10.015876	0.500000	0.000000	0.571000
10.017876	0.500000	0.000000	0.571000
10.019876	0.500000	0.000000	0.571000
10.021876	0.500000	0.000000	0.571000
10.023876	0.500000	0.000000	0.571000
10.025876	0.500000	0.000000	0.571000
10.027876	0.500000	0.000000	0.571000
10.029876	0.500000	0.000000	0.571000
10.031876	0.500000	0.000000	0.571000
10.033876	0.500000	0.000000	0.571000
10.035876	0.500000	0.000000	0.571000
10.037876	0.500000	0.000000	0.571000
10.039876	0.500000	0.000000	0.571000
10.041876	0.500000	0.000000	0.571000
10.043876	0.500000	0.000000	0.571000
10.045876	0.500000	0.000000	0.571000
10.047876	0.500000	0.000000	0.571000
10.049876	0.500000	0.000000	0.571000
10.051876	0.500000	0.000000	0.571000
10.053876	0.500000	0.000000	0.571000
10.055876	0.500000	0.000000	0.571000
10.057876	0.500000	0.000000	0.571000
10.059876	0.500000	0.000000	0.571000
10.061876	0.500000	0.000000	0.571000
10.063876	0.500000	0.000000	0.571000
10.065876	0.500000	0.000000	0.571000
10.067876	0.500000	0.000000	0.571000
10.069876	0.500000	0.000000	0.571000
10.071876	0.500000	0.000000	0.571000
10.073876	0.500000	0.000000	0.571000
10.075876	0.500000	0.000000	0.571000
10.077876	0.500000	0.000000	0.571000
10.079876	0.500000	0.000000	0.571000
10.081876	0.500000	0.000000	0.571000
10.083876	0.500000	0.000000	0.571000
10.085876	0.500000	0.000000	0.571000
10.087876	0.500000	0.000000	0.571000
10.089876	0.500000	0.000000	0.571000
10.091876	0.500000	0.000000	0.571000
10.093876	0.500000	0.000000	0.571000
10.095876	0.500000	0.000000	0.571000
10.097876	0.500000	0.000000	0.571000
10.099876	0.500000	0.000000	0.571000
10.101876	0.500000	0.000000	0.571000
10.103876	0.500000	0.000000	0.571000
10.105876	0.500000	0.000000	0.571000
10.107876	0.500000	0.000000	0.571000
10.109876	0.500000	0.000000	0.571000
10.111876	0.500000	0.000000	0.571000
10.113876	0.500000	0.000000	0.571000
10.115876	0.500000	0.000000	0.571000
10.117876	0.500000	0.000000	0.571000
10.119876	0.500000	0.000000	0.571000
10.121876	0.500000	0.000000	0.571000
10.123876	0.500000	0.000000	0.571000
10.125876	0.500000	0.000000	0.571000
10.127876	0.500000	0.000000	0.571000
10.129876	0.500000	0.000000	0.571000
10.131876	0.500000	0.000000	0.571000
10.133876	0.500000	0.000000	0.571000
10.135876	0.500000	0.000000	0.571000
10.137876	0.500000	0.000000	0.571000
10.139876	0.500000	0.000000	0.571000
10.141876	0.500000	0.000000	0.571000
10.143876	0.500000	0.000000	0.571000
10.145876	0.500000	0.000000	0.571000
10.147876	0.500000	0.000000	0.571000
10.149876	0.500000	0.000000	0.571000
10.151876	0.500000	0.000000	0.571000
10.153876	0.500000	0.000000	0.571000
10.155876	0.500000	0.000000	0.571000
10.157876	0.500000	0.000000	0.571000
10.159876	0.500000	0.000000	0.571000
10.161876	0.500000	0.000000	0.571000
10.163876	0.500000	0.000000	0.571000
10.165876	0.500000	0.000000	0.571000
10.167876	0.500000	0.000000	0.571000
10.169876	0.500000	0.000000	0.571000
10.171876	0.500000	0.000000	0.571000
10.173876	0.500000	0.000000	0.571000
10.175876	0.500000	0.000000	0.571000
10.177876	0.500000	0.000000	0.571000
10.179876	0.500000	0.000000	0.571000
10.181876	0.500000	0.000000	0.571000
10.183876	0.500000	0.000000	0.571000
10.185876	0.500000	0.000000	0.571000
10.187876	0.500000	0.000000	0.571000
10.189876	0.500000	0.000000	0.571000
10.191876	0.500000	0.000000	0.571000
10.193876	0.500000	0.000000	0.571000
10.195876	0.500000	0.000000	0.571000
10.197876	0.500000	0.000000	0.571000
10.199876	0.500000	0.000000	0.571000
10.201876	0.500000	0.000000	0.571000
10.203876	0.500000	0.000000	0.571000
10.205876	0.500000	0.000000	0.571000
10.207876	0.500000	0.000000	0.571000
10.209876	0.500000	0.000000	0.571000
10.211876	0.500000	0.000000	0.571000
10.213876	0.500000	0.000000	0.571000
10.215876	0.500000	0.000000	0.571000
10.217876	0.500000	0.000000	0.571000
10.219876	0.500000	0.000000	0.571000
10.221876	0.500000	0.000000	0.571000
10.223876	0.500000	0.000000	0.571000
10.225876	0.500000	0.000000	0.571000
10.227876	0.500000	0.000000	0.571000
10.229876	0.500000	0.000000	0.571000
10.231876	0.500000	0.000000	0.571000
10.233876	0.500000	0.000000	0.571000
10.235876	0.500000	0.000000	0.571000
10.237876	0.500000	0.000000	0.571000
10.239876	0.500000	0.000000	0.571000
10.241876	0.500000	0.000000	0.571000
10.243876	0.500000	0.000000	0.571000
10.245876	0.500000	0.000000	0.571000
10.247876	0.500000	0.000000	0.571000
10.249876	0.500000	0.000000	0.571000
10.251876	0.500000	0.000000	0.571000
10.253876	0.500000	0.000000	0.571000
10.255876	0.500000	0.000000	0.571000
10.257876	0.500000	0.000000	0.571000
10.259876	0.500000	0.000000	0.571000
10.261876	0.500000	0.000000	0.571000
10.263876	0.500000	0.000000	0.571000
10.265876	0.500000	0.000000	0.571000
10.267876	0.500000	0.000000	0.571000
10.269876	0.500000	0.000000	0.571000
10.271876	0.500000	0.000000	0.571000
10.273876	0.500000	0.000000	0.571000
10.275876	0.500000	0.000000	0.571000
10.277876	0.500000	0.000000	0.571000
10.279876	0.500000	0.000000	0.571000
10.281876	0.500000	0.000000	0.571000
10.283876	0.500000	0.000000	0.571000
10.285876	0.500000	0.000000	0.571000
10.287876	0.500000	0.000000	0.571000
10.289876	0.500000	0.000000	0.571000
10.291876	0.500000	0.000000	0.571000
10.293876	0.500000	0.000000	0.571000
10.295876	0.500000	0.000000	0.571000
10.297876	0.500000	0.000000	0.571000
10.299876	0.500000	0.000000	0.571000
10.301876	0.500000	0.000000	0.571000
10.303876	0.500000	0.000000	0.571000
10.305876	0.500000	0.000000	0.571000
10.307876	0.500000	0.000000	0.571000
10.309876	0.500000	0.000000	0.571000
10.311876	0.500000	0.000000	0.571000
10.313876	0.500000	0.000000	0.571000
10.315876	0.500000	0.000000	0.571000
10.317876	0.500000	0.000000	0.571000
10.319876	0.500000	0.000000	0.571000
10.321876	0.500000	0.000000	0.571000
10.323876	0.500000	0.000000	0.571000
10.325876	0.500000	0.000000	0.571000
10.327876	0.500000	0.000000	0.571000
10.329876	0.500000	0.000000	0.571000
10.331876	0.500000	0.000000	0.571000
10.333876	0.500000	0.000000	0.571000
10.335876	0.500000	0.000000	0.571000
10.337876	0.500000	0.000000	0.571000
10.339876	0.500000	0.000000	0.571000
10.341876	0.500000	0.000000	0.571000
10.343876	0.500000	0.000000	0.571000
10.345876	0.500000	0.000000	0.571000
10.347876	0.500000	0.000000	0.571000
10.349876	0.500000	0.000000	0.571000
10.351876	0.500000	0.000000	0.571000
10.353876	0.500000	0.000000	0.571000
10.355876	0.500000	0.000000	0.571000
10.357876	0.500000	0.000000	0.571000
10.359876	0.500000	0.000000	0.571000
10.361876	0.500000	0.000000	0.571000
10.363876	0.500000	0.000000	0.571000
10.365876	0.500000	0.000000	0.571000
10.367876	0.500000	0.000000	0.571000
10.369876	0.500000	0.000000	0.571000
10.371876	0.500000	0.000000	0.571000
10.373876	0.500000	0.000000	0.571000
10.375876	0.500000	0.000000	0.571000
10.377876	0.500000	0.000000	0.571000
10.379876	0.500000	0.000000	0.571000
10.381876	0.500000	0.000000	0.571000
10.383876	0.500000	0.000000	0.571000
10.385876	0.500000	0.000000	0.571000
10.387876	0.500000	0.000000	0.571000
10.389876	0.500000	0.000000	0.571000
10.391876	0.500000	0.000000	0.571000
10.393876	0.500000	0.000000	0.571000
10.395876	0.500000	0.000000	0.571000
10.397876	0.500000	0.000000	0.571000
10.399876	0.500000	0.000000	0.571000
10.401876	0.500000	0.000000	0.571000
10.403876	0.500000	0.000000	0.571000
10.405876	0.500000	0.000000	0.571000
10.407876	0.500000	0.000000	0.571000
10.409876	0.500000	0.000000	0.571000
10.411876	0.500000	0.000000	0.571000
10.413876	0.500000	0.000000	0.571000
10.415876	0.500000	0.000000	0.571000
10.417876	0.500000	0.000000	0.571000
10.419876	0.500000	0.000000	0.571000
10.421876	0.500000	0.000000	0.571000
10.423876	0.500000	0.000000	0.571000
10.425876	0.500000	0.000000	0.571000
10.427876	0.500000	0.000000	0.571000
10.429876	0.500000	0.000000	0.571000
10.431876	0.500000	0.000000	0.571000
10.433876	0.500000	0.000000	0.571000
10.435876	0.500000	0.000000	0.571000
10.437876	0.500000	0.000000	0.571000
10.439876	0.500000	0.000000	0.571000
10.441876	0.500000	0.000000	0.571000
10.443876	0.500000	0.000000	0.571000
10.445876	0.500000	0.000000	0.571000
10.447876	0.500000	0.000000	0.571000
10.449876	0.500000	0.000000	0.571000
10.451876	0.500000	0.000000	0.571000
10.453876	0.500000	0.000000	0.571000
10.455876	0.500000	0.000000	0.571000
10.457876	0.500000	0.000000	0.571000
10.459876	0.500000	0.000000	0.571000
10.461876	0.500000	0.000000	0.571000
10.463876	0.500000	0.000000	0.571000
10.465876	0.500000	0.000000	0.571000
10.467876	0.500000	0.000000	0.571000
10.469876	0.500000	0.000000	0.571000
10.471876	0.500000	0.000000	0.571000
10.473876	0.500000	0.000000	0.571000
10.475876	0.500000	0.000000	0.571000
10.477876	0.500000	0.000000	0.571000
10.479876	0.500000	0.000000	0.571000
10.481876	0.500000	0.000000	0.571000
10.483876	0.500000	0.000000	0.571000
10.485876	0.500000	0.000000	0.571000
10.487876	0.500000	0.000000	0.571000
10.489876	0.500000	0.000000	0.571000
10.491876	0.500000	0.000000	0.571000
10.493876	0.500000	0.000000	0.571000
10.495876	0.500000	0.000000	0.571000
10.497876	0.500000	0.000000	0.571000
10.499876	0.500000	0.000000	0.571000
10.501876	0.500000	0.000000	0.571000
10.503876	0.500000	0.000000	0.571000
10.505876	0.500000	0.000000	0.571000
10.507876	0.500000	0.000000	0.571000
10.509876	0.500000	0.000000	0.571000
10.511876	0.500000	0.000000	0.571000
10.513876	0.500000	0.000000	0.571000
10.515876	0.500000	0.000000	0.571000
10.517876	0.500000	0.000000	0.571000
10.519876	0.500000	0.000000	0.571000
10.521876	0.500000	0.000000	0.571000
10.523876	0.500000	0.000000	0.571000
10.525876	0.500000	0.000000	0.571000
10.527876	0.500000	0.000000	0.571000
10.529876	0.500000	0.000000	0.571000
10.531876	0.500000	0.000000	0.571000
10.533876	0.500000	0.000000	0.571000
10.535876	0.500000	0.000000	0.571000
10.537876	0.500000	0.000000	0.571000
10.539876	0.500000	0.000000	0.571000
10.541876	0.500000	0.000000	0.571000
10.543876	0.500000	0.000000	0.571000
10.545876	0.500000	0.000000	0.571000
10.547876	0.500000	0.000000	0.571000
10.549876	0.500000	0.000000	0.571000
10.551876	0.500000	0.000000	0.571000
10.553876	0.500000	0.000000	0.571000
10.555876	0.500000	0.000000	0.571000
10.557876	0.500000	0.000000	0.571000
10.559876	0.500000	0.000000	0.571000
10.561876	0.500000	0.000000	0.571000
10.563876	0.500000	0.000000	0.571000
10.565876	0.500000	0.000000	0.571000
10.567876	0.500000	0.000000	0.571000
10.569876	0.500000	0.000000	0.571000
10.571876	0.500000	0.000000	0.571000
10.573876	0.500000	0.000000	0.571000
10.575876	0.500000	0.000000	0.571000
10.577876	0.500000	0.000000	0.571000
10.579876	0.500000	0.000000	0.571000
10.581876	0.500000	0.000000	0.571000
10.583876	0.500000	0.000000	0.571000
10.585876	0.500000	0.000000	0.571000
10.587876	0.500000	0.000000	0.571000
10.589876	0.500000	0.000000	0.571000
10.591876	0.500000	0.000000	0.571000
10.593876	0.500000	0.000000	0.571000
10.595876	0.500000	0.000000	0.571000
10.597876	0.500000	0.000000	0.571000
10.599876	0.500000	0.000000	0.571000
10.601876	0.500000	0.000000	0.571000
10.603876	0.500000	0.000000	0.571000
10.605876	0.500000	0.000000	0.571000
10.607876	0.500000	0.000000	0.571000
10.609876	0.500000	0.000000	0.571000
10.611876	0.500000	0.000000	0.571000
10.613876	0.500000	0.000000	0.571000
10.615876	0.500000	0.000000	0.571000
10.617876	0.500000	0.000000	0.571000
10.619876	0.500000	0.000000	0.571000
10.621876	0.500000	0.000000	0.571000
10.623876	0.500000	0.000000	0.571000
10.625876	0.500000	0.000000	0.571000
10.627876	0.500000	0.000000	0.571000
10.629876	0.500000	0.000000	0.571000
10.631876	0.500000	0.000000	0.571000
10.633876	0.500000	0.000000	0.571000
10.635876	0.500000	0.000000	0.571000
10.637876	0.500000	0.000000	0.571000
10.639876	0.500000	0.000000	0.571000
10.641876	0.500000	0.000000	0.571000
10.643876	0.500000	0.000000	0.571000
10.645876	0.500000	0.000000	0.571000
10.647876	0.500000	0.000000	0.571000
10.649876	0.500000	0.000000	0.571000
10.651876	0.500000	0.000000	0.571000
10.653876	0.500000	0.000000	0.571000
10.655876	0.500000	0.000000	0.571000
10.657876	0.500000	0.000000	0.571000
10.659876	0.500000	0.000000	0.571000
10.661876	0.500000	0.000000	0.571000
10.663876	0.500000	0.000000	0.571000
10.665876	0.500000	0.000000	0.571000
10.667876	0.500000	0.000000	0.571000
10.669876	0.500000	0.000000	0.571000
10.671876	0.500000	0.000000	0.571000
10.673876	0.500000	0.000000	0.571000
10.675876	0.500000	0.000000	0.571000
10.677876	0.500000	0.000000	0.571000
10.679876	0.500000	0.000000	0.571000
10.681876	0.500000	0.000000	0.571000
10.683876	0.500000	0.000000	0.571000
10.685876	0.500000	0.000000	0.571000
10.687876	0.500000	0.000000	0.571000
10.689876	0.500000	0.000000	0.571000
10.691876	0.500000	0.000000	0.571000
10.693876	0.500000	0.000000	0.571000
10.695876	0.500000	0.000000	0.571000
10.697876	0.500000	0.000000	0.571000
10.699876	0.500000	0.000000	0.571000
10.701876	0.500000	0.000000	0.571000
10.703876	0.500000	0.000000	0.571000
10.705876	0.500000	0.000000	0.571000
10.707876	0.500000	0.000000	0.571000
10.709876	0.500000	0.000000	0.571000
10.711876	0.500000	0.000000	0.571000
10.713876	0.500000	0.000000	0.571000
10.715876	0.500000	0.000000	0.571000
10.717876	0.500000	0.000000	0.571000
10.719876	0.500000	0.000000	0.571000
10.721876	0.500000	0.000000	0.571000
10.723876	0.500000	0.000000	0.571000
10.725876	0.500000	0.000000	0.571000
10.727876	0.500000	0.000000	0.571000
10.729876	0.500000	0.000000	0.571000
10.731876	0.500000	0.000000	0.571000
10.733876	0.500000	0.000000	0.571000
10.735876	0.500000	0.000000	0.571000
10.737876	0.500000	0.000000	0.571000
10.739876	0.500000	0.000000	0.571000
10.741876	0.500000	0.000000	0.571000
10.743876	0.500000	0.000000	0.571000
10.745876	0.500000	0.000000	0.571000
10.747876	0.500000	0.000000	0.571000
10.749876	0.500000	0.000000	0.571000
10.751876	0.500000	0.000000	0.571000
10.753876	0.500000	0.000000	0.571000
10.755876	0.500000	0.000000	0.571000
10.757876	0.500000	0.000000	0.571000
10.759876	0.500000	0.000000	0.571000
10.761876	0.500000	0.000000	0.571000
10.763876	0.500000	0.000000	0.571000
10.765876	0.500000	0.000000	0.571000
10.767876	0.500000	0.000000	0.571000
10.769876	0.500000	0.000000	0.571000
10.771876	0.500000	0.000000	0.571000
10.773876	0.500000	0.000000	0.571000
10.775876	0.500000	0.000000	0.571000
10.777876	0.500000	0.000000	0.571000
10.779876	0.500000	0.000000	0.571000
10.781876	0.500000	0.000000	0.571000
10.783876	0.500000	0.000000	0.571000
10.785876	0.500000	0.000000	0.571000
10.787876	0.500000	0.000000	0.571000
10.789876	0.500000	0.000000	0.571000
10.791876	0.500000	0.000000	0.571000
10.793876	0.500000	0.000000	0.571000
10.795876	0.500000	0.000000	0.571000
10.797876	0.500000	0.000000	0.571000
10.799876	0.500000	0.000000	0.571000
10.801876	0.500000	0.000000	0.571000
10.803876	0.500000	0.000000	0.571000
10.805876	0.500000	0.000000	0.571000
10.807876	0.500000	0.000000	0.571000
10.809876	0.500000	0.000000	0.571000
10.811876	0.500000	0.000000	0.571000
10.813876	0.500000	0.000000	0.571000
10.815876	0.500000	0.000000	0.571000
10.817876	0.500000	0.000000	0.571000
10.819876	0.500000	0.000000	0.571000
10.821876	0.500000	0.000000	0.571000
10.823876	0.500000	0.000000	0.571000
10.825876	0.500000	0.000000	0.571000
10.827876	0.500000	0.000000	0.571000
10.829876	0.500000	0.000000	0.571000
10.831876	0.500000	0.000000	0.571000
10.833876	0.500000	0.000000	0.571000
10.835876	0.500000	0.000000	0.571000
10.837876	0.500000	0.000000	0.571000
10.839876	0.500000	0.000000	0.571000
10.841876	0.500000	0.000000	0.571000
10.843876	0.500000	0.000000	0.571000
10.845876	0.500000	0.000000	0.571000
10.847876	0.500000	0.000000	0.571000
10.849876	0.500000	0.000000	0.571000
10.851876	0.500000	0.000000	0.571000
10.853876	0.500000	0.000000	0.571000
10.855876	0.500000	0.000000	0.571000
10.857876	0.500000	0.000000	0.571000
10.859876	0.500000	0.000000	0.571000
10.861876	0.500000	0.000000	0.571000
10.863876	0.500000	0.000000	0.571000
10.865876	0.500000	0.000000	0.571000
10.867876	0.500000	0.000000	0.571000
10.869876	0.500000	0.000000	0.571000
10.871876	0.500000	0.000000	0.571000
10.873876	0.500000	0.000000	0.571000
10.875876	0.500000	0.000000	0.571000
10.877876	0.500000	0.000000	0.571000
10.879876	0.500000	0.000000	0.571000
10.881876	0.500000	0.000000	0.571000
10.883876	0.500000	0.000000	0.571000
10.885876	0.500000	0.000000	0.571000
10.887876	0.500000	0.000000	0.571000
10.889876	0.500000	0.000000	0.571000
10.891876	0.500000	0.000000	0.571000
10.893876	0.500000	0.000000	0.571000
10.895876	0.500000	0.000000	0.571000
10.897876	0.500000	0.000000	0.571000
10.899876	0.500000	0.000000	0.571000
10.901876	0.500000	0.000000	0.571000
10.903876	0.500000	0.000000	0.571000
10.905876	0.500000	0.000000	0.571000
10.907876	0.500000	0.000000	0.571000
10.909876	0.500000	0.000000	0.571000
10.911876	0.500000	0.000000	0.571000
10.913876	0.500000	0.000000	0.571000
10.915876	0.500000	0.000000	0.571000
10.917876	0.500000	0.000000	0.571000
10.919876	0.500000	0.000000	0.571000
10.921876	0.500000	0.000000	0.571000
10.923876	0.500000	0.000000	0.571000
10.925876	0.500000	0.000000	0.571000
10.927876	0.500000	0.000000	0.571000
10.929876	0.500000	0.000000	0.571000
10.931876	0.500000	0.000000	0.571000
10.933876	0.500000	0.000000	0.571000
10.935876	0.500000	0.000000	0.571000
10.937876	0.500000	0.000000	0.571000
10.939876	0.500000	0.000000	0.571000
10.941876	0.500000	0.000000	0.571000
10.943876	0.500000	0.000000	0.571000
10.945876	0.500000	0.000000	0.571000
10.947876	0.500000	0.000000	0.571000
10.949876	0.500000	0.000000	0.571000
10.951876	0.500000	0.000000	0.571000
10.953876	0.500000	0.000000	0.571000
10.955876	0.500000	0.000000	0.571000
10.957876	0.500000	0.000000	0.571000
10.959876	0.500000	0.000000	0.571000
10.961876	0.500000	0.000000	0.571000
10.963876	0.500000	0.000000	0.571000
10.965876	0.500000	0.000000	0.571000
10.967876	0.500000	0.000000	0.571000
10.969876	0.500000	0.000000	0.571000
10.971876	0.500000	0.000000	0.571000
10.973876	0.500000	0.000000	0.571000
10.975876	0.500000	0.000000	0.571000
10.977876	0.500000	0.000000	0.571000
10.979876	0.500000	0.000000	0.571000
10.981876	0.500000	0.000000	0.571000
10.983876	0.500000	0.000000	0.571000
10.985876	0.500000	0.000000	0.571000
10.987876	0.500000	0.000000	0.571000
10.989876	0.500000	0.000000	0.571000
10.991876	0.500000	0.000000	0.571000
10.993876	0.500000	0.000000	0.571000
10.995876	0.500000	0.000000	0.571000
10.997876	0.500000	0.000000	0.571000
10.999876	0.500000	0.000000	0.571000
11.001876	0.500000	0.000000	0.571000
11.003876	0.500000	0.000000	0.571000
11.005876	0.500000	0.000000	0.571000
11.007876	0.500000	0.000000	0.571000
11.009876	0.500000	0.000000	0.571000
11.011876	0.500000	0.000000	0.571000
11.013876	0.500000	0.000000	0.571000
11.015876	0.500000	0.000000	0.571000
11.017876	0.500000	0.000000	0.571000
11.019876	0.500000	0.000000	0.571000
11.021876	0.500000	0.000000	0.571000
11.023876	0.500000	0.000000	0.571000
11.025876	0.500000	0.000000	0.571000
11.027876	0.500000	0.000000	0.571000
11.029876	0.500000	0.000000	0.571000
11.031876	0.500000	0.000000	0.571000
11.033876	0.500000	0.000000	0.571000
11.035876	0.500000	0.000000	0.571000
11.037876	0.500000	0.000000	0.571000
11.039876	0.500000	0.000000	0.571000
11.041876	0.500000	0.000000	0.571000
11.043876	0.500000	0.000000	0.571000
11.045876	0.500000	0.000000	0.571000
11.047876	0.500000	0.000000	0.571000
11.049876	0.500000	0.000000	0.571000
11.051876	0.500000	0.000000	0.571000
11.053876	0.500000	0.000000	0.571000
11.055876	0.500000	0.000000	0.571000
11.057876	0.500000	0.000000	0.571000
11.059876	0.500000	0.000000	0.571000
11.061876	0.500000	0.000000	0.571000
11.063876	0.500000	0.000000	0.571000
11.065876	0.500000	0.000000	0.571000
11.067876	0.500000	0.000000	0.571000
11.069876	0.500000	0.000000	0.571000
11.071876	0.500000	0.000000	0.571000
11.073876	0.500000	0.000000	0.571000
11.075876	0.500000	0.000000	0.571000
11.077876	0.500000	0.000000	0.571000
11.079876	0.500000	0.000000	0.571000
11.081876	0.500000	0.000000	0.571000
11.083876	0.500000	0.000000	0.571000
11.085876	0.500000	0.000000	0.571000
11.087876	0.500000	0.000000	0.571000
11.089876	0.500000	0.000000	0.571000
11.091876	0.500000	0.000000	0.571000
11.093876	0.500000	0.000000	0.571000
11.095876	0.500000	0.000000	0.571000
11.097876	0.500000	0.000000	0.571000
11.099876	0.500000	0.000000	0.571000
11.101876	0.500000	0.000000	0.571000
11.103876	0.500000	0.000000	0.571000
11.105876	0.500000	0.000000	0.571000
11.107876	0.500000	0.000000	0.571000
11.109876	0.500000	0.000000	0.571000
11.111876	0.500000	0.000000	0.571000
11.113876	0.500000	0.000000	0.571000
11.115876	0.500000	0.000000	0.571000
11.117876	0.500000	0.000000	0.571000
11.119876	0.500000	0.000000	0.571000
11.121876	0.500000	0.000000	0.571000
11.123876	0.500000	0.000000	0.571000
11.125876	0.500000	0.000000	0.571000
11.127876	0.500000	0.000000	0.571000
11.129876	0.500000	0.000000	0.571000
11.131876	0.500000	0.000000	0.571000
11.133876	0.500000	0.000000	0.571000
11.135876	0.500000	0.000000	0.571000
11.137876	0.500000	0.000000	0.571000
11.139876	0.500000	0.000000	0.571000
11.141876	0.500000	0.000000	0.571000
11.143876	0.500000	0.000000	0.571000
11.145876	0.500000	0.000000	0.571000
11.147876	0.500000	0.000000	0.571000
11.149876	0.500000	0.000000	0.571000
11.151876	0.500000	0.000000	0.571000
11.153876	0.500000	0.000000	0.571000
11.155876	0.500000	0.000000	0.571000
11.157876	0.500000	0.000000	0.571000
11.159876	0.500000	0.000000	0.571000
11.161876	0.500000	0.000000	0.571000
11.163876	0.500000	0.000000	0.571000
11.165876	0.500000	0.000000	0.571000
11.167876	0.500000	0.000000	0.571000
11.169876	0.500000	0.000000	0.571000
11.171876	0.500000	0.000000	0.571000
11.173876	0.500000	0.000000	0.571000
11.175876	0.500000	0.000000	0.571000
11.177876	0.500000	0.000000	0.571000
11.179876	0.500000	0.000000	0.571000
11.181876	0.500000	0.000000	0.571000
11.183876	0.500000	0.000000	0.571000
11.185876	0.500000	0.000000	0.571000
11.187876	0.500000	0.000000	0.571000
11.189876	0.500000	0.000000	0.571000
11.191876	0.500000	0.000000	0.571000
11.193876	0.500000	0.000000	0.571000
11.195876	0.500000	0.000000	0.571000
11.197876	0.500000	0.000000	0.571000
11.199876	0.500000	0.000000	0.571000
11.201876	0.500000	0.000000	0.571000
11.203876	0.500000	0.000000	0.571000
11.205876	0.500000	0.000000	0.571000
11.207876	0.500000	0.000000	0.571000
11.209876	0.500000	0.000000	0.571000
11.211876	0.500000	0.000000	0.571000
11.213876	0.500000	0.000000	0.571000
11.215876	0.500000	0.000000	0.571000
11.217876	0.500000	0.000000	0.571000
11.219876	0.500000	0.000000	0.571000
11.221876	0.500000	0.000000	0.571000
11.223876	0.500000	0.000000	0.571000
11.225876	0.500000	0.000000	0.571000
11.227876	0.500000	0.000000	0.571000
11.229876	0.500000	0.000000	0.571000
11.231876	0.500000	0.000000	0.571000
11.233876	0.500000	0.000000	0.571000
11.235876	0.500000	0.000000	0.571000
11.237876	0.500000	0.000000	0.571000
11.239876	0.500000	0.000000	0.571000
11.241876	0.500000	0.000000	0.571000
11.243876	0.500000	0.000000	0.571000
11.245876	0.500000	0.000000	0.571000
11.247876	0.500000	0.000000	0.571000
11.249876	0.500000	0.000000	0.571000
11.251876	0.500000	0.000000	0.571000
11.253876	0.500000	0.000000	0.571000
11.255876	0.500000	0.000000	0.571000
11.257876	0.500000	0.000000	0.571000
11.259876	0.500000	0.000000	0.571000
11.261876	0.500000	0.000000	0.571000
11.263876	0.500000	0.000000	0.571000
11.265876	0.500000	0.000000	0.571000
11.267876	0.500000	0.000000	0.571000
11.269876	0.500000	0.000000	0.571000
11.271876	0.500000	0.000000	0.571000
11.273876	0.500000	0.000000	0.571000
11.275876	0.500000	0.000000	0.571000
11.277876	0.500000	0.000000	0.571000
11.279876	0.500000	0.000000	0.571000
11.281876	0.500000	0.000000	0.571000
11.283876	0.500000	0.000000	0.571000
11.285876	0.500000	0.000000	0.571000
11.287876	0.500000	0.000000	0.571000
11.289876	0.500000	0.000000	0.571000
11.291876	0.500000	0.000000	0.571000
11.293876	0.500000	0.000000	0.571000
11.295876	0.500000	0.000000	0.571000
11.297876	0.500000	0.000000	0.571000
11.299876	0.500000	0.000000	0.571000
11.301876	0.500000	0.000000	0.571000
11.303876	0.500000	0.000000	0.571000
11.305876	0.500000	0.000000	0.571000
11.307876	0.500000	0.000000	0.571000
11.309876	0.500000	0.000000	0.571000
11.311876	0.500000	0.000000	0.571000
11.313876	0.500000	0.000000	0.571000
11.315876	0.500000	0.000000	0.571000
11.317876	0.500000	0.000000	0.571000
11.319876	0.500000	0.000000	0.571000
11.321876	0.500000	0.000000	0.571000
11.323876	0.500000	0.000000	0.571000
11.325876	0.500000	0.000000	0.571000
11.327876	0.500000	0.000000	0.571000
11.329876	0.500000	0.000000	0.571000
11.331876	0.500000	0.000000	0.571000
11.333876	0.500000	0.000000	0.571000
11.335876	0.500000	0.000000	0.571000
11.337876	0.500000	0.000000	0.571000
11.339876	0.500000	0.000000	0.571000
11.341876	0.500000	0.000000	0.571000
11.343876	0.500000	0.000000	0.571000
11.345876	0.500000	0.000000	0.571000
11.347876	0.500000	0.000000	0.571000
11.349876	0.500000	0.000000	0.571000
11.351876	0.500000	0.000000	0.571000
11.353876	0.500000	0.000000	0.571000
11.355876	0.500000	0.000000	0.571000
11.357876	0.500000	0.000000	0.571000
11.359876	0.500000	0.000000	0.571000
11.361876	0.500000	0.000000	0.571000
11.363876	0.500000	0.000000	0.571000
11.365876	0.500000	0.000000	0.571000
11.367876	0.500000	0.000000	0.571000
11.369876	0.500000	0.000000	0.571000
11.371876	0.500000	0.000000	0.571000
11.373876	0.500000	0.000000	0.571000
11.375876	0.500000	0.000000	0.571000
11.377876	0.500000	0.000000	0.571000
11.379876	0.500000	0.000000	0.571000
11.381876	0.500000	0.000000	0.571000
11.383876	0.500000	0.000000	0.571000
11.385876	0.500000	0.000000	0.571000
11.387876	0.500000	0.000000	0.571000
11.389876	0.500000	0.000000	0.571000
11.391876	0.500000	0.000000	0.571000
11.393876	0.500000	0.000000	0.571000
11.395876	0.500000	0.000000	0.571000
11.397876	0.500000	0.000000	0.571000
11.399876	0.500000	0.000000	0.571000
11.401876	0.500000	0.000000	0.571000
11.403876	0.500000	0.000000	0.571000
11.405876	0.500000	0.000000	0.571000
11.407876	0.500000	0.000000	0.571000
11.409876	0.500000	0.000000	0.571000
11.411876	0.500000	0.000000	0.571000
11.413876	0.500000	0.000000	0.571000
11.415876	0.500000	0.000000	0.571000
11.417876	0.500000	0.000000	0.571000
11.419876	0.500000	0.000000	0.571000
11.421876	0.500000	0.000000	0.571000
11.423876	0.500000	0.000000	0.571000
11.425876	0.500000	0.000000	0.571000
11.427876	0.500000	0.000000	0.571000
11.429876	0.500000	0.000000	0.571000
11.431876	0.500000	0.000000	0.571000
11.433876	0.500000	0.000000	0.571000
11.435876	0.500000	0.000000	0.571000
11.437876	0.500000	0.000000	0.571000
11.439876	0.500000	0.000000	0.571000
11.441876	0.500000	0.000000	0.571000
11.443876	0.500000	0.000000	0.571000
11.445876	0.500000	0.000000	0.571000
11.447876	0.500000	0.000000	0.571000
11.449876	0.500000	0.000000	0.571000
11.451876	0.500000	0.000000	0.571000
11.453876	0.500000	0.000000	0.571000
11.455876	0.500000	0.000000	0.571000
11.457876	0.500000	0.000000	0.571000
11.459876	0.500000	0.000000	0.571000
11.461876	0.500000	0.000000	0.571000
11.463876	0.500000	0.000000	0.571000
11.465876	0.500000	0.000000	0.571000
11.467876	0.500000	0.000000	0.571000
11.469876	0.500000	0.000000	0.571000
11.471876	0.500000	0.000000	0.571000
11.473876	0.500000	0.000000	0.571000
11.475876	0.500000	0.000000	0.571000
11.477876	0.500000	0.000000	0.571000
11.479876	0.500000	0.000000	0.571000
11.481876	0.500000	0.000000	0.571000
11.483876	0.500000	0.000000	0.571000
11.485876	0.500000	0.000000	0.571000
11.487876	0.500000	0.000000	0.571000
11.489876	0.500000	0.000000	0.571000
11.491876	0.500000	0.000000	0.571000
11.493876	0.500000	0.000000	0.571000
11.495876	0.500000	0.000000	0.571000
11.497876	0.500000	0.000000	0.571000
11.499876	0.500000	0.000000	0.571000
11.501876	0.500000	0.000000	0.571000
11.503876	0.500000	0.000000	0.571000
11.505876	0.500000	0.000000	0.571000
11.507876	0.500000	0.000000	0.571000
11.509876	0.500000	0.000000	0.571000
11.511876	0.500000	0.000000	0.571000
11.513876	0.500000	0.000000	0.571000
11.515876	0.500000	0.000000	0.571000
11.517876	0.500000	0.000000	0.571000
11.519876	0.500000	0.000000	0.571000
11.521876	0.500000	0.000000	0.571000
11.523876	0.500000	0.000000	0.571000
11.525876	0.500000	0.000000	0.571000
11.527876	0.500000	0.000000	0.571000
11.529876	0.500000	0.000000	0.571000
11.531876	0.500000	0.000000	0.571000
11.533876	0.500000	0.000000	0.571000
11.535876	0.500000	0.000000	0.571000
11.537876	0.500000	0.000000	0.571000
11.539876	0.500000	0.000000	0.571000
11.541876	0.500000	0.000000	0.571000
11.543876	0.500000	0.000000	0.571000
11.545876	0.500000	0.000000	0.571000
11.547876	0.500000	0.000000	0.571000
11.549876	0.500000	0.000000	0.571000
11.551876	0.500000	0.000000	0.571000
11.553876	0.500000	0.000000	0.571000
11.555876	0.500000	0.000000	0.571000
11.557876	0.500000	0.000000	0.571000
11.559876	0.500000	0.000000	0.571000
11.561876	0.500000	0.000000	0.571000
11.563876	0.500000	0.000000	0.571000
11.565876	0.500000	0.000000	0.571000
11.567876	0.500000	0.000000	0.571000
11.569876	0.500000	0.000000	0.571000
11.571876	0.500000	0.000000	0.571000
11.573876	0.500000	0.000000	0.571000
11.575876	0.500000	0.000000	0.571000
11.577876	0.500000	0.000000	0.571000
11.579876	0.500000	0.000000	0.571000
11.581876	0.500000	0.000000	0.571000
11.583876	0.500000	0.000000	0.571000
11.585876	0.500000	0.000000	0.571000
11.587876	0.500000	0.000000	0.571000
11.589876	0.500000	0.000000	0.571000
11.591876	0.500000	0.000000	0.571000
11.593876	0.500000	0.000000	0.571000
11.595876	0.500000	0.000000	0.571000
11.597876	0.500000	0.000000	0.571000
11.599876	0.500000	0.000000	0.571000
11.601876	0.500000	0.000000	0.571000
11.603876	0.500000	0.000000	0.571000
11.605876	0.500000	0.000000	0.571000
11.607876	0.500000	0.000000	0.571000
11.609876	0.500000	0.000000	0.571000
11.611876	0.500000	0.000000	0.571000
11.613876	0.500000	0.000000	0.571000
11.615876	0.500000	0.000000	0.571000
11.617876	0.500000	0.000000	0.571000
11.619876	0.500000	0.000000	0.571000
11.621876	0.500000	0.000000	0.571000
11.623876	0.500000	0.000000	0.571000
11.625876	0.500000	0.000000	0.571000
11.627876	0.500000	0.000000	0.571000
11.629876	0.500000	0.000000	0.571000
11.631876	0.500000	0.000000	0.571000
11.633876	0.500000	0.000000	0.571000
11.635876	0.500000	0.000000	0.571000
11.637876	0.500000	0.000000	0.571000
11.639876	0.500000	0.000000	0.571000
11.641876	0.500000	0.000000	0.571000
11.643876	0.500000	0.000000	0.571000
11.645876	0.500000	0.000000	0.571000
11.647876	0.500000	0.000000	0.571000
11.649876	0.500000	0.000000	0.571000
11.651876	0.500000	0.000000	0.571000
11.653876	0.500000	0.000000	0.571000
11.655876	0.500000	0.000000	0.571000
11.657876	0.500000	0.000000	0.571000
11.659876	0.500000	0.000000	0.571000
11.661876	0.500000	0.000000	0.571000
11.663876	0.500000	0.000000	0.571000
11.665876	0.500000	0.000000	0.571000
11.667876	0.500000	0.000000	0.571000
11.669876	0.500000	0.000000	0.571000
11.671876	0.500000	0.000000	0.571000
11.673876	0.500000	0.000000	0.571000
11.675876	0.500000	0.000000	0.571000
11.677876	0.500000	0.000000	0.571000
11.679876	0.500000	0.000000	0.571000
11.681876	0.500000	0.000000	0.571000
11.683876	0.500000	0.000000	0.571000
11.685876	0.500000	0.000000	0.571000
11.687876	0.500000	0.000000	0.571000
11.689876	0.500000	0.000000	0.571000
11.691876	0.500000	0.000000	0.571000
11.693876	0.500000	0.000000	0.571000
11.695876	0.500000	0.000000	0.571000
11.697876	0.500000	0.000000	0.571000
11.699876	0.500000	0.000000	0.571000
11.701876	0.500000	0.000000	0.571000
11.703876	0.500000	0.000000	0.571000
11.705876	0.500000	0.000000	0.571000
11.707876	0.500000	0.000000	0.571000
11.709876	0.500000	0.000000	0.571000
11.711876	0.500000	0.000000	0.571000
11.713876	0.500000	0.000000	0.571000
11.715876	0.500000	0.000000	0.571000
11.717876	0.500000	0.000000	0.571000
11.719876	0.500000	0.000000	0.571000
11.721876	0.500000	0.000000	0.571000
11.723876	0.500000	0.000000	0.571000
11.725876	0.500000	0.000000	0.571000
11.727876	0.500000	0.000000	0.571000
11.729876	0.500000	0.000000	0.571000
11.731876	0.500000	0.000000	0.571000
11.733876	0.500000	0.000000	0.571000
11.735876	0.500000	0.000000	0.571000
11.737876	0.500000	0.000000	0.571000
11.739876	0.500000	0.000000	0.571000
11.741876	0.500000	0.000000	0.571000
11.743876	0.500000	0.000000	0.571000
11.745876	0.500000	0.000000	0.571000
11.747876	0.500000	0.000000	0.571000
11.749876	0.500000	0.000000	0.571000
11.751876	0.500000	0.000000	0.571000
11.753876	0.500000	0.000000	0.571000
11.755876	0.500000	0.000000	0.571000
11.757876	0.500000	0.000000	0.571000
11.759876	0.500000	0.000000	0.571000
11.761876	0.500000	0.000000	0.571000
11.763876	0.500000	0.000000	0.571000
11.765876	0.500000	0.000000	0.571000
11.767876	0.500000	0.000000	0.571000
11.769876	0.500000	0.000000	0.571000
11.771876	0.500000	0.000000	0.571000
11.773876	0.500000	0.000000	0.571000
11.775876	0.500000	0.000000	0.571000
11.777876	0.500000	0.000000	0.571000
11.779876	0.500000	0.000000	0.571000
11.781876	0.500000	0.000000	0.571000
11.783876	0.500000	0.000000	0.571000
11.785876	0.500000	0.000000	0.571000
11.787876	0.500000	0.000000	0.571000
11.789876	0.500000	0.000000	0.571000
11.791876	0.500000	0.000000	0.571000
11.793876	0.500000	0.000000	0.571000
11.795876	0.500000	0.000000	0.571000
11.797876	0.500000	0.000000	0.571000
11.799876	0.500000	0.000000	0.571000
11.801876	0.500000	0.000000	0.571000
11.803876	0.500000	0.000000	0.571000
11.805876	0.500000	0.000000	0.571000
11.807876	0.500000	0.000000	0.571000
11.809876	0.500000	0.000000	0.571000
11.811876	0.500000	0.000000	0.571000
11.813876	0.500000	0.000000	0.571000
11.815876	0.500000	0.000000	0.571000
11.817876	0.500000	0.000000	0.571000
11.819876	0.500000	0.000000	0.571000
11.821876	0.500000	0.000000	0.571000
11.823876	0.500000	0.000000	0.571000
11.825876	0.500000	0.000000	0.571000
11.827876	0.500000	0.000000	0.571000
11.829876	0.500000	0.000000	0.571000
11.831876	0.500000	0.000000	0.571000
11.833876	0.500000	0.000000	0.571000
11.835876	0.500000	0.000000	0.571000
11.837876	0.500000	0.000000	0.571000
11.839876	0.500000	0.000000	0.571000
11.841876	0.500000	0.000000	0.571000
11.843876	0.500000	0.000000	0.571000
11.845876	0.500000	0.000000	0.571000
11.847876	0.500000	0.000000	0.571000
11.849876	0.500000	0.000000	0.571000
11.851876	0.500000	0.000000	0.571000
11.853876	0.500000	0.000000	0.571000
11.855876	0.500000	0.000000	0.571000
11.857876	0.500000	0.000000	0.571000
11.859876	0.500000	0.000000	0.571000
11.861876	0.500000	0.000000	0.571000
11.863876	0.500000	0.000000	0.571000
11.865876	0.500000	0.000000	0.571000
11.867876	0.500000	0.000000	0.571000
11.869876	0.500000	0.000000	0.571000
11.871876	0.500000	0.000000	0.571000
11.873876	0.500000	0.000000	0.571000
11.875876	0.500000	0.000000	0.571000
11.877876	0.500000	0.000000	0.571000
11.879876	0.500000	0.000000	0.571000
11.881876	0.500000	0.000000	0.571000
11.883876	0.500000	0.000000	0.571000
11.885876	0.500000	0.000000	0.571000
11.887876	0.500000	0.000000	0.571000
11.889876	0.500000	0.000000	0.571000
11.891876	0.500000	0.000000	0.571000
11.893876	0.500000	0.000000	0.571000
11.895876	0.500000	0.000000	0.571000
11.897876	0.500000	0.000000	0.571000
11.899876	0.500000	0.000000	0.571000
11.901876	0.500000	0.000000	0.571000
11.903876	0.500000	0.000000	0.571000
11.905876	0.500000	0.000000	0.571000
11.907876	0.500000	0.000000	0.571000
11.909876	0.500000	0.000000	0.571000
11.911876	0.500000	0.000000	0.571000
11.913876	0.500000	0.000000	0.571000
11.915876	0.500000	0.000000	0.571000
11.917876	0.500000	0.000000	0.571000
11.919876	0.500000	0.000000	0.571000
11.921876	0.500000	0.000000	0.571000
11.923876	0.500000	0.000000	0.571000
11.925876	0.500000	0.000000	0.571000
11.927876	0.500000	0.000000	0.571000
11.929876	0.500000	0.000000	0.571000
11.931876	0.500000	0.000000	0.571000
11.933876	0.500000	0.000000	0.571000
11.935876	0.500000	0.000000	0.571000
11.937876	0.500000	0.000000	0.571000
11.939876	0.500000	0.000000	0.571000
11.941876	0.500000	0.000000	0.571000
11.943876	0.500000	0.000000	0.571000
11.945876	0.500000	0.000000	0.571000
11.947876	0.500000	0.000000	0.571000
11.949876	0.500000	0.000000	0.571000
11.951876	0.500000	0.000000	0.571000
11.953876	0.500000	0.000000	0.571000
11.955876	0.500000	0.000000	0.571000
11.957876	0.500000	0.000000	0.571000
11.959876	0.500000	0.000000	0.571000
11.961876	0.500000	0.000000	0.571000
11.963876	0.500000	0.000000	0.571000
11.965876	0.500000	0.000000	0.571000
11.967876	0.500000	0.000000	0.571000
11.969876	0.500000	0.000000	0.571000
11.971876	0.500000	0.000000	0.571000
11.973876	0.500000	0.000000	0.571000
11.975876	0.500000	0.000000	0.571000
11.977876	0.500000	0.000000	0.571000
11.979876	0.500000	0.000000	0.571000
11.981876	0.500000	0.000000	0.571000
11.983876	0.500000	0.000000	0.571000
11.985876	0.500000	0.000000	0.571000
11.987876	0.500000	0.000000	0.571000
11.989876	0.500000	0.000000	0.571000
11.991876	0.500000	0.000000	0.571000
11.993876	0.500000	0.000000	0.571000
11.995876	0.500000	0.000000	0.571000
11.997876	0.500000	0.000000	0.571000
11.999876	0.500000	0.000000	0.571000
12.001876	0.500000	0.000000	0.571000
12.003876	0.500000	0.000000	0.571000
12.005876	0.500000	0.000000	0.571000
12.007876	0.500000	0.000000	0.571000
12.009876	0.500000	0.000000	0.571000
12.011876	0.500000	0.000000	0.571000
12.013876	0.500000	0.000000	0.571000
12.015876	0.500000	0.000000	0.571000
12.017876	0.500000	0.000000	0.571000
12.019876	0.500000	0.000000	0.571000
12.021876	0.500000	0.000000	0.571000
12.023876	0.500000	0.000000	0.571000
12.025876	0.500000	0.000000	0.571000
12.027876	0.500000	0.000000	0.571000
12.029876	0.500000	0.000000	0.571000
12.031876	0.500000	0.000000	0.571000
12.033876	0.500000	0.000000	0.571000
12.035876	0.500000	0.000000	0.571000
12.037876	0.500000	0.000000	0.571000
12.039876	0.500000	0.000000	0.571000
12.041876	0.500000	0.000000	0.571000
12.043876	0.500000	0.000000	0.571000
12.045876	0.500000	0.000000	0.571000
12.047876	0.500000	0.000000	0.571000
12.049876	0.500000	0.000000	0.571000
12.051876	0.500000	0.000000	0.571000
12.053876	0.500000	0.000000	0.571000
12.055876	0.500000	0.000000	0.571000
12.057876	0.500000	0.000000	0.571000
12.059876	0.500000	0.000000	0.571000
12.061876	0.500000	0.000000	0.571000
12.063876	0.500000	0.000000	0.571000
12.065876	0.500000	0.000000	0.571000
12.067876	0.500000	0.000000	0.571000
12.069876	0.500000	0.000000	0.571000
12.071876	0.500000	0.000000	0.571000
12.073876	0.500000	0.000000	0.571000
12.075876	0.500000	0.000000	0.571000
12.077876	0.500000	0.000000	0.571000
12.079876	0.500000	0.000000	0.571000
12.081876	0.500000	0.000000	0.571000
12.083876	0.500000	0.000000	0.571000
12.085876	0.500000	0.000000	0.571000
12.087876	0.500000	0.000000	0.571000
12.089876	0.500000	0.000000	0.571000
12.091876	0.500000	0.000000	0.571000
12.093876	0.500000	0.000000	0.571000
12.095876	0.500000	0.000000	0.571000
12.097876	0.500000	0.000000	0.571000
12.099876	0.500000	0.000000	0.571000
12.101876	0.500000	0.000000	0.571000
12.103876	0.500000	0.000000	0.571000
12.105876	0.500000	0.000000	0.571000
12.107876	0.500000	0.000000	0.571000
12.109876	0.500000	0.000000	0.571000
12.111876	0.500000	0.000000	0.571000
12.113876	0.500000	0.000000	0.571000
12.115876	0.500000	0.000000	0.571000
12.117876	0.500000	0.000000	0.571000
12.119876	0.500000	0.000000	0.571000
12.121876	0.500000	0.000000	0.571000
12.123876	0.500000	0.000000	0.571000
12.125876	0.500000	0.000000	0.571000
12.127876	0.500000	0.000000	0.571000
12.129876	0.500000	0.000000	0.571000
12.131876	0.500000	0.000000	0.571000
12.133876	0.500000	0.000000	0.571000
12.135876	0.500000	0.000000	0.571000
12.137876	0.500000	0.000000	0.571000
12.139876	0.500000	0.000000	0.571000
12.141876	0.500000	0.000000	0.571000
12.143876	0.500000	0.000000	0.571000
12.145876	0.500000	0.000000	0.571000
12.147876	0.500000	0.000000	0.571000
12.149876	0.500000	0.000000	0.571000
12.151876	0.500000	0.000000	0.571000
12.153876	0.500000	0.000000	0.571000
12.155876	0.500000	0.000000	0.571000
12.157876	0.500000	0.000000	0.571000
12.159876	0.500000	0.000000	0.571000
12.161876	0.500000	0.000000	0.571000
12.163876	0.500000	0.000000	0.571000
12.165876	0.500000	0.000000	0.571000
12.167876	0.500000	0.000000	0.571000
12.169876	0.500000	0.000000	0.571000
12.171876	0.500000	0.000000	0.571000
12.173876	0.500000	0.000000	0.571000
12.175876	0.500000	0.000000	0.571000
12.177876	0.500000	0.000000	0.571000
12.179876	0.500000	0.000000	0.571000
12.181876	0.500000	0.000000	0.571000
12.183876	0.500000	0.000000	0.571000
12.185876	0.500000	0.000000	0.571000
12.187876	0.500000	0.000000	0.571000
12.189876	0.500000	0.000000	0.571000
12.191876	0.500000	0.000000	0.571000
12.193876	0.500000	0.000000	0.571000
12.195876	0.500000	0.000000	0.571000
12.197876	0.500000	0.000000	0.571000
12.199876	0.500000	0.000000	0.571000
12.201876	0.500000	0.000000	0.571000
12.203876	0.500000	0.000000	0.571000
12.205876	0.500000	0.000000	0.571000
12.207876	0.500000	0.000000	0.571000
12.209876	0.500000	0.000000	0.571000
12.211876	0.500000	0.000000	0.571000
12.213876	0.500000	0.000000	0.571000
12.215876	0.500000	0.000000	0.571000
12.217876	0.500000	0.000000	0.571000
12.219876	0.500000	0.000000	0.571000
12.221876	0.500000	0.000000	0.571000
12.223876	0.500000	0.000000	0.571000
12.225876	0.500000	0.000000	0.571000
12.227876	0.500000	0.000000	0.571000
12.229876	0.500000	0.000000	0.571000
12.231876	0.500000	0.000000	0.571000
12.233876	0.500000	0.000000	0.571000
12.235876	0.500000	0.000000	0.571000
12.237876	0.500000	0.000000	0.571000
12.239876	0.500000	0.000000	0.571000
12.241876	0.500000	0.000000	0.571000
12.243876	0.500000	0.000000	0.571000
12.245876	0.500000	0.000000	0.571000
12.247876	0.500000	0.000000	0.571000
12.249876	0.500000	0.000000	0.571000
12.251876	0.500000	0.000000	0.571000
12.253876	0.500000	0.000000	0.571000
12.255876	0.500000	0.000000	0.571000
12.257876	0.500000	0.000000	0.571000
12.259876	0.500000	0.000000	0.571000
12.261876	0.500000	0.000000	0.571000
12.263876	0.500000	0.000000	0.571000
12.265876	0.500000	0.000000	0.571000
12.267876	0.500000	0.000000	0.571000
12.269876	0.500000	0.000000	0.571000
12.271876	0.500000	0.000000	0.571000
12.273876	0.500000	0.000000	0.571000
12.275876	0.500000	0.000000	0.571000
12.277876	0.500000	0.000000	0.571000
12.279876	0.500000	0.000000	0.571000
12.281876	0.500000	0.000000	0.571000
12.283876	0.500000	0.000000	0.571000
12.285876	0.500000	0.000000	0.571000
12.287876	0.500000	0.000000	0.571000
12.289876	0.500000	0.000000	0.571000
12.291876	0.500000	0.000000	0.571000
12.293876	0.500000	0.000000	0.571000
12.295876	0.500000	0.000000	0.571000
12.297876	0.500000	0.000000	0.571000
12.299876	0.500000	0.000000	0.571000
12.301876	0.500000	0.000000	0.571000
12.303876	0.500000	0.000000	0.571000
12.305876	0.500000	0.000000	0.571000
12.307876	0.500000	0.000000	0.571000
12.309876	0.500000	0.000000	0.571000
12.311876	0.500000	0.000000	0.571000
12.313876	0.500000	0.000000	0.571000
12.315876	0.500000	0.000000	0.571000
12.317876	0.500000	0.000000	0.571000
12.319876	0.500000	0.000000	0.571000
12.321876	0.500000	0.000000	0.571000
12.323876	0.500000	0.000000	0.571000
12.325876	0.500000	0.000000	0.571000
12.327876	0.500000	0.000000	0.571000
12.329876	0.500000	0.000000	0.571000
12.331876	0.500000	0.000000	0.571000
12.333876	0.500000	0.000000	0.571000
12.335876	0.500000	0.000000	0.571000
12.337876	0.500000	0.000000	0.571000
12.339876	0.500000	0.000000	0.571000
12.341876	0.500000	0.000000	0.571000
12.343876	0.500000	0.000000	0.571000
12.345876	0.500000	0.000000	0.571000
12.347876	0.500000	0.000000	0.571000
12.349876	0.500000	0.000000	0.571000
12.351876	0.500000	0.000000	0.571000
12.353876	0.500000	0.000000	0.571000
12.355876	0.500000	0.000000	0.571000
12.357876	0.500000	0.000000	0.571000
12.359876	0.500000	0.000000	0.571000
12.361876	0.500000	0.000000	0.571000
12.363876	0.500000	0.000000	0.571000
12.365876	0.500000	0.000000	0.571000
12.367876	0.500000	0.000000	0.571000
12.369876	0.500000	0.000000	0.571000
12.371876	0.500000	0.000000	0.571000
12.373876	0.500000	0.000000	0.571000
12.375876	0.500000	0.000000	0.571000
12.377876	0.500000	0.000000	0.571000
12.379876	0.500000	0.000000	0.571000
12.381876	0.500000	0.000000	0.571000
12.383876	0.500000	0.000000	0.571000
12.385876	0.500000	0.000000	0.571000
12.387876	0.500000	0.000000	0.571000
12.389876	0.500000	0.000000	0.571000
12.391876	0.500000	0.000000	0.571000
12.393876	0.500000	0.000000	0.571000
12.395876	0.500000	0.000000	0.571000
12.397876	0.500000	0.000000	0.571000
12.399876	0.500000	0.000000	0.571000
12.401876	0.500000	0.000000	0.571000
12.403876	0.500000	0.000000	0.571000
12.405876	0.500000	0.000000	0.571000
12.407876	0.500000	0.000000	0.571000
12.409876	0.500000	0.000000	0.571000
12.411876	0.500000	0.000000	0.571000
12.413876	0.500000	0.000000	0.571000
12.415876	0.500000	0.000000	0.571000
12.417876	0.500000	0.000000	0.571000
12.419876	0.500000	0.000000	0.571000
12.421876	0.500000	0.000000	0.571000
12.423876	0.500000	0.000000	0.571000
12.425876	0.500000	0.000000	0.571000
12.427876	0.500000	0.000000	0.571000
12.429876	0.500000	0.000000	0.571000
12.431876	0.500000	0.000000	0.571000
12.433876	0.500000	0.000000	0.571000
12.435876	0.500000	0.000000	0.571000
12.437876	0.500000	0.000000	0.571000
12.439876	0.500000	0.000000	0.571000
12.441876	0.500000	0.000000	0.571000
12.443876	0.500000	0.000000	0.571000
12.445876	0.500000	0.000000	0.571000
12.447876	0.500000	0.000000	0.571000
12.449876	0.500000	0.000000	0.571000
12.451876	0.500000	0.000000	0.571000
12.453876	0.500000	0.000000	0.571000
12.455876	0.500000	0.000000	0.571000
12.457876	0.500000	0.000000	0.571000
12.459876	0.500000	0.000000	0.571000
12.461876	0.500000	0.000000	0.571000
12.463876	0.500000	0.000000	0.571000
12.465876	0.500000	0.000000	0.571000
12.467876	0.500000	0.000000	0.571000
12.469876	0.500000	0.000000	0.571000
12.471876	0.500000	0.000000	0.571000
12.473876	0.500000	0.000000	0.571000
12.475876	0.500000	0.000000	0.571000
12.477876	0.500000	0.000000	0.571000
12.479876	0.500000	0.000000	0.571000
12.481876	0.500000	0.000000	0.571000
12.483876	0.500000	0.000000	0.571000
12.485876	0.500000	0.000000	0.571000
12.487876	0.500000	0.000000	0.571000
12.489876	0.500000	0.000000	0.571000
12.491876	0.500000	0.000000	0.571000
12.493876	0.500000	0.000000	0.571000
12.495876	0.500000	0.000000	0.571000
12.497876	0.500000	0.000000	0.571000
12.499876	0.500000	0.000000	0.571000
12.501876	0.500000	0.000000	0.571000
12.503876	0.500000	0.000000	0.571000
12.505876	0.500000	0.000000	0.571000
12.507876	0.500000	0.000000	0.571000
12.509876	0.500000	0.000000	0.571000
12.511876	0.500000	0.000000	0.571000
12.513876	0.500000	0.000000	0.571000
12.515876	0.500000	0.000000	0.571000
12.517876	0.500000	0.000000	0.571000
12.519876	0.500000	0.000000	0.571000
12.521876	0.500000	0.000000	0.571000
12.523876	0.500000	0.000000	0.571000
12.525876	0.500000	0.000000	0.571000
12.527876	0.500000	0.000000	0.571000
12.529876	0.500000	0.000000	0.571000
12.531876	0.500000	0.000000	0.571000
12.533876	0.500000	0.000000	0.571000
12.535876	0.500000	0.000000	0.571000
12.537876	0.500000	0.000000	0.571000
12.539876	0.500000	0.000000	0.571000
12.541876	0.500000	0.000000	0.571000
12.543876	0.500000	0.000000	0.571000
12.545876	0.500000	0.000000	0.571000
12.547876	0.500000	0.000000	0.571000
12.549876	0.500000	0.000000	0.571000
12.551876	0.500000	0.000000	0.571000
12.553876	0.500000	0.000000	0.571000
12.555876	0.500000	0.000000	0.571000
12.557876	0.500000	0.000000	0.571000
12.559876	0.500000	0.000000	0.571000
12.561876	0.500000	0.000000	0.571000
12.563876	0.500000	0.000000	0.571000
12.565876	0.500000	0.000000	0.571000
12.567876	0.500000	0.000000	0.571000
12.569876	0.500000	0.000000	0.571000
12.571876	0.500000	0.000000	0.571000
12.573876	0.500000	0.000000	0.571000
12.575876	0.500000	0.000000	0.571000
12.577876	0.500000	0.000000	0.571000
12.579876	0.500000	0.000000	0.571000
12.581876	0.500000	0.000000	0.571000
12.583876	0.500000	0.000000	0.571000
12.585876	0.500000	0.000000	0.571000
12.587876	0.500000	0.000000	0.571000
12.589876	0.500000	0.000000	0.571000
12.591876	0.500000	0.000000	0.571000
12.593876	0.500000	0.000000	0.571000
12.595876	0.500000	0.000000	0.571000
12.597876	0.500000	0.000000	0.571000
12.599876	0.500000	0.000000	0.571000
12.601876	0.500000	0.000000	0.571000
12.603876	0.500000	0.000000	0.571000
12.605876	0.500000	0.000000	0.571000
12.607876	0.500000	0.000000	0.571000
12.609876	0.500000	0.000000	0.571000
12.611876	0.500000	0.000000	0.571000
12.613876	0.500000	0.000000	0.571000
12.615876	0.500000	0.000000	0.571000
12.617876	0.500000	0.000000	0.571000
12.619876	0.500000	0.000000	0.571000
12.621876	0.500000	0.000000	0.571000
12.623876	0.500000	0.000000	0.571000
12.625876	0.500000	0.000000	0.571000
12.627876	0.500000	0.000000	0.571000
12.629876	0.500000	0.000000	0.571000
12.631876	0.500000	0.000000	0.571000
12.633876	0.500000	0.000000	0.571000
12.635876	0.500000	0.000000	0.571000
12.637876	0.500000	0.000000	0.571000
12.639876	0.500000	0.000000	0.571000
12.641876	0.500000	0.000000	0.571000
12.643876	0.500000	0.000000	0.571000
12.645876	0.500000	0.000000	0.571000
12.647876	0.500000	0.000000	0.571000
12.649876	0.500000	0.000000	0.571000
12.651876	0.500000	0.000000	0.571000
12.653876	0.500000	0.000000	0.571000
12.655876	0.500000	0.000000	0.571000
12.657876	0.500000	0.000000	0.571000
12.659876	0.500000	0.000000	0.571000
12.661876	0.500000	0.000000	0.571000
12.663876	0.500000	0.000000	0.571000
12.665876	0.500000	0.000000	0.571000
12.667876	0.500000	0.000000	0.571000
12.669876	0.500000	0.000000	0.571000
12.671876	0.500000	0.000000	0.571000
12.673876	0.500000	0.000000	0.571000
12.675876	0.500000	0.000000	0.571000
12.677876	0.500000	0.000000	0.571000
12.679876	0.500000	0.000000	0.571000
12.681876	0.500000	0.000000	0.571000
12.683876	0.500000	0.000000	0.571000
12.685876	0.500000	0.000000	0.571000
12.687876	0.500000	0.000000	0.571000
12.689876	0.500000	0.000000	0.571000
12.691876	0.500000	0.000000	0.571000
12.693876	0.500000	0.000000	0.571000
12.695876	0.500000	0.000000	0.571000
12.697876	0.500000	0.000000	0.571000
12.699876	0.500000	0.000000	0.571000
12.701876	0.500000	0.000000	0.571000
12.703876	0.500000	0.000000	0.571000
12.705876	0.500000	0.000000	0.571000
12.707876	0.500000	0.000000	0.571000
12.709876	0.500000	0.000000	0.571000
12.711876	0.500000	0.000000	0.571000
12.713876	0.500000	0.000000	0.571000
12.715876	0.500000	0.000000	0.571000
12.717876	0.500000	0.000000	0.571000
12.719876	0.500000	0.000000	0.571000
12.721876	0.500000	0.000000	0.571000
12.723876	0.500000	0.000000	0.571000
12.725876	0.500000	0.000000	0.571000
12.727876	0.500000	0.000000	0.571000
12.729876	0.500000	0.000000	0.571000
12.731876	0.500000	0.000000	0.571000
12.733876	0.500000	0.000000	0.571000
12.735876	0.500000	0.000000	0.571000
12.737876	0.500000	0.000000	0.571000
12.739876	0.500000	0.000000	0.571000
12.741876	0.500000	0.000000	0.571000
12.743876	0.500000	0.000000	0.571000
12.745876	0.500000	0.000000	0.571000
12.747876	0.500000	0.000000	0.571000
12.749876	0.500000	0.000000	0.571000
12.751876	0.500000	0.000000	0.571000
12.753876	0.500000	0.000000	0.571000
12.755876	0.500000	0.000000	0.571000
12.757876	0.500000	0.000000	0.571000
12.759876	0.500000	0.000000	0.571000
12.761876	0.500000	0.000000	0.571000
12.763876	0.500000	0.000000	0.571000
12.765876	0.500000	0.000000	0.571000
12.767876	0.500000	0.000000	0.571000
12.769876	0.500000	0.000000	0.571000
12.771876	0.500000	0.000000	0.571000
12.773876	0.500000	0.000000	0.571000
12.775876	0.500000	0.000000	0.571000
12.777876	0.500000	0.000000	0.571000
12.779876	0.500000	0.000000	0.571000
12.781876	0.500000	0.000000	0.571000
12.783876	0.500000	0.000000	0.571000
12.785876	0.500000	0.000000	0.571000
12.787876	0.500000	0.000000	0.571000
12.789876	0.500000	0.000000	0.571000
12.791876	0.500000	0.000000	0.571000
12.793876	0.500000	0.000000	0.571000
12.795876	0.500000	0.000000	0.571000
12.797876	0.500000	0.000000	0.571000
12.799876	0.500000	0.000000	0.571000
12.801876	0.500000	0.000000	0.571000
12.803876	0.500000	0.000000	0.571000
12.805876	0.500000	0.000000	0.571000
12.807876	0.500000	0.000000	0.571000
12.809876	0.500000	0.000000	0.571000
12.811876	0.500000	0.000000	0.571000
12.813876	0.500000	0.000000	0.571000
12.815876	0.500000	0.000000	0.571000
12.817876	0.500000	0.000000	0.571000
12.819876	0.500000	0.000000	0.571000
12.821876	0.500000	0.000000	0.571000
12.823876	0.500000	0.000000	0.571000
12.825876	0.500000	0.000000	0.571000
12.827876	0.500000	0.000000	0.571000
12.829876	0.500000	0.000000	0.571000
12.831876	0.500000	0.000000	0.571000
12.833876	0.500000	0.000000	0.571000
12.835876	0.500000	0.000000	0.571000
12.837876	0.500000	0.000000	0.571000
12.839876	0.500000	0.000000	0.571000
12.841876	0.500000	0.000000	0.571000
12.843876	0.500000	0.000000	0.571000
12.845876	0.500000	0.000000	0.571000
12.847876	0.500000	0.000000	0.571000
12.849876	0.500000	0.000000	0.571000
12.851876	0.500000	0.000000	0.571000
12.853876	0.500000	0.000000	0.571000
12.855876	0.500000	0.000000	0.571000
12.857876	0.500000	0.000000	0.571000
12.859876	0.500000	0.000000	0.571000
12.861876	0.500000	0.000000	0.571000
12.863876	0.500000	0.000000	0.571000
12.865876	0.500000	0.000000	0.571000
12.867876	0.500000	0.000000	0.571000
12.869876	0.500000	0.000000	0.571000
12.871876	0.500000	0.000000	0.571000
12.873876	0.500000	0.000000	0.571000
12.875876	0.500000	0.000000	0.571000
12.877876	0.500000	0.000000	0.571000
12.879876	0.500000	0.000000	0.571000
12.881876	0.500000	0.000000	0.571000
12.883876	0.500000	0.000000	0.571000
12.885876	0.500000	0.000000	0.571000
12.887876	0.500000	0.000000	0.571000
12.889876	0.500000	0.000000	0.571000
12.891876	0.500000	0.000000	0.571000
12.893876	0.500000	0.000000	0.571000
12.895876	0.500000	0.000000	0.571000
12.897876	0.500000	0.000000	0.571000
12.899876	0.500000	0.000000	0.571000
12.901876	0.500000	0.000000	0.571000
12.903876	0.500000	0.000000	0.571000
12.905876	0.500000	0.000000	0.571000
12.907876	0.500000	0.000000	0.571000
12.909876	0.500000	0.000000	0.571000
12.911876	0.500000	0.000000	0.571000
12.913876	0.500000	0.000000	0.571000
12.915876	0.500000	0.000000	0.571000
12.917876	0.500000	0.000000	0.571000
12.919876	0.500000	0.000000	0.571000
12.921876	0.500000	0.000000	0.571000
12.923876	0.500000	0.000000	0.571000
12.925876	0.500000	0.000000	0.571000
12.927876	0.500000	0.000000	0.571000
12.929876	0.500000	0.000000	0.571000
12.931876	0.500000	0.000000	0.571000
12.933876	0.500000	0.000000	0.571000
12.935876	0.500000	0.000000	0.571000
12.937876	0.500000	0.000000	0.571000
12.939876	0.500000	0.000000	0.571000
12.941876	0.500000	0.000000	0.571000
12.943876	0.500000	0.000000	0.571000
12.945876	0.500000	0.000000	0.571000
12.947876	0.500000	0.000000	0.571000
12.949876	0.500000	0.000000	0.571000
12.951876	0.500000	0.000000	0.571000
12.953876	0.500000	0.000000	0.571000
12.955876	0.500000	0.000000	0.571000
12.957876	0.500000	0.000000	0.571000
12.959876	0.500000	0.000000	0.571000
12.961876	0.500000	0.000000	0.571000
12.963876	0.500000	0.000000	0.571000
12.965876	0.500000	0.000000	0.571000
12.967876	0.500000	0.000000	0.571000
12.969876	0.500000	0.000000	0.571000
12.971876	0.500000	0.000000	0.571000
12.973876	0.500000	0.000000	0.571000
12.975876	0.500000	0.000000	0.571000
12.977876	0.500000	0.000000	0.571000
12.979876	0.500000	0.000000	0.571000
12.981876	0.500000	0.000000	0.571000
12.983876	0.500000	0.000000	0.571000
12.985876	0.500000	0.000000	0.571000
12.987876	0.500000	0.000000	0.571000
12.989876	0.500000	0.000000	0.571000
12.991876	0.500000	0.000000	0.571000
12.993876	0.500000	0.000000	0.571000
12.995876	0.500000	0.000000	0.571000
12.997876	0.500000	0.000000	0.571000
12.999876	0.500000	0.000000	0.571000
13.001876	0.500000	0.000000	0.571000
13.003876	0.500000	0.000000	0.571000
13.005876	0.500000	0.000000	0.571000
13.007876	0.500000	0.000000	0.571000
13.009876	0.500000	0.000000	0.571000
13.011876	0.500000	0.000000	0.571000
13.013876	0.500000	0.000000	0.571000
13.015876	0.500000	0.000000	0.571000
13.017876	0.500000	0.000000	0.571000
13.019876	0.500000	0.000000	0.571000
13.021876	0.500000	0.000000	0.571000
13.023876	0.500000	0.000000	0.571000
13.025876	0.500000	0.000000	0.571000
13.027876	0.500000	0.000000	0.571000
13.029876	0.500000	0.000000	0.571000
13.031876	0.500000	0.000000	0.571000
13.033876	0.500000	0.000000	0.571000
13.035876	0.500000	0.000000	0.571000
13.037876	0.500000	0.000000	0.571000
13.039876	0.500000	0.000000	0.571000
13.041876	0.500000	0.000000	0.571000
13.043876	0.500000	0.000000	0.571000
13.045876	0.500000	0.000000	0.571000
13.047876	0.500000	0.000000	0.571000
13.049876	0.500000	0.000000	0.571000
13.051876	0.500000	0.000000	0.571000
13.053876	0.500000	0.000000	0.571000
13.055876	0.500000	0.000000	0.571000
13.057876	0.500000	0.000000	0.571000
13.059876	0.500000	0.000000	0.571000
13.061876	0.500000	0.000000	0.571000
13.063876	0.500000	0.000000	0.571000
13.065876	0.500000	0.000000	0.571000
13.067876	0.500000	0.000000	0.571000
13.069876	0.500000	0.000000	0.571000
13.071876	0.500000	0.000000	0.571000
13.073876	0.500000	0.000000	0.571000
13.075876	0.500000	0.000000	0.571000
13.077876	0.500000	0.000000	0.571000
13.079876	0.500000	0.000000	0.571000
13.081876	0.500000	0.000000	0.571000
13.083876	0.500000	0.000000	0.571000
13.085876	0.500000	0.000000	0.571000
13.087876	0.500000	0.000000	0.571000
13.089876	0.500000	0.000000	0.571000
13.091876	0.500000	0.000000	0.571000
13.093876	0.500000	0.000000	0.571000
13.095876	0.500000	0.000000	0.571000
13.097876	0.500000	0.000000	0.571000
13.099876	0.500000	0.000000	0.571000
13.101876	0.500000	0.000000	0.571000
13.103876	0.500000	0.000000	0.571000
13.105876	0.500000	0.000000	0.571000
13.107876	0.500000	0.000000	0.571000
13.109876	0.500000	0.000000	0.571000
13.111876	0.500000	0.000000	0.571000
13.113876	0.500000	0.000000	0.571000
13.115876	0.500000	0.000000	0.571000
13.117876	0.500000	0.000000	0.571000
13.119876	0.500000	0.000000	0.571000
13.121876	0.500000	0.000000	0.571000
13.123876	0.500000	0.000000	0.571000
13.125876	0.500000	0.000000	0.571000
13.127876	0.500000	0.000000	0.571000
13.129876	0.500000	0.000000	0.571000
13.131876	0.500000	0.000000	0.571000
13.133876	0.500000	0.000000	0.571000
13.135876	0.500000	0.000000	0.571000
13.137876	0.500000	0.000000	0.571000
13.139876	0.500000	0.000000	0.571000
13.141876	0.500000	0.000000	0.571000
13.143876	0.500000	0.000000	0.571000
13.145876	0.500000	0.000000	0.571000
13.147876	0.500000	0.000000	0.571000
13.149876	0.500000	0.000000	0.571000
13.151876	0.500000	0.000000	0.571000
13.153876	0.500000	0.000000	0.571000
13.155876	0.500000	0.000000	0.571000
13.157876	0.500000	0.000000	0.571000
13.159876	0.500000	0.000000	0.571000
13.161876	0.500000	0.000000	0.571000
13.163876	0.500000	0.000000	0.571000
13.165876	0.500000	0.000000	0.571000
13.167876	0.500000	0.000000	0.571000
13.169876	0.500000	0.000000	0.571000
13.171876	0.500000	0.000000	0.571000
13.173876	0.500000	0.000000	0.571000
13.175876	0.500000	0.000000	0.571000
13.177876	0.500000	0.000000	0.571000
13.179876	0.500000	0.000000	0.571000
13.181876	0.500000	0.000000	0.571000
13.183876	0.500000	0.000000	0.571000
13.185876	0.500000	0.000000	0.571000
13.187876	0.500000	0.000000	0.571000
13.189876	0.500000	0.000000	0.571000
13.191876	0.500000	0.000000	0.571000
13.193876	0.500000	0.000000	0.571000
13.195876	0.500000	0.000000	0.571000
13.197876	0.500000	0.000000	0.571000
13.199876	0.500000	0.000000	0.571000
13.201876	0.500000	0.000000	0.571000
13.203876	0.500000	0.000000	0.571000
13.205876	0.500000	0.000000	0.571000
13.207876	0.500000	0.000000	0.571000
13.209876	0.500000	0.000000	0.571000
13.211876	0.500000	0.000000	0.571000
13.213876	0.500000	0.000000	0.571000
13.215876	0.500000	0.000000	0.571000
13.217876	0.500000	0.000000	0.571000
13.219876	0.500000	0.000000	0.571000
13.221876	0.500000	0.000000	0.571000
13.223876	0.500000	0.000000	0.571000
13.225876	0.500000	0.000000	0.571000
13.227876	0.500000	0.000000	0.571000
13.229876	0.500000	0.000000	0.571000
13.231876	0.500000	0.000000	0.571000
13.233876	0.500000	0.000000	0.571000
13.235876	0.500000	0.000000	0.571000
13.237876	0.500000	0.000000	0.571000
13.239876	0.500000	0.000000	0.571000
13.241876	0.500000	0.000000	0.571000
13.243876	0.500000	0.000000	0.571000
13.245876	0.500000	0.000000	0.571000
13.247876	0.500000	0.000000	0.571000
13.249876	0.500000	0.000000	0.571000
13.251876	0.500000	0.000000	0.571000
13.253876	0.500000	0.000000	0.571000
13.255876	0.500000	0.000000	0.571000
13.257876	0.500000	0.000000	0.571000
13.259876	0.500000	0.000000	0.571000
13.261876	0.500000	0.000000	0.571000
13.263876	0.500000	0.000000	0.571000
13.265876	0.500000	0.000000	0.571000
13.267876	0.500000	0.000000	0.571000
13.269876	0.500000	0.000000	0.571000
13.271876	0.500000	0.000000	0.571000
13.273876	0.500000	0.000000	0.571000
13.275876	0.500000	0.000000	0.571000
13.277876	0.500000	0.000000	0.571000
13.279876	0.500000	0.000000	0.571000
13.281876	0.500000	0.000000	0.571000
13.283876	0.500000	0.000000	0.571000
13.285876	0.500000	0.000000	0.571000
13.287876	0.500000	0.000000	0.571000
13.289876	0.500000	0.000000	0.571000
13.291876	0.500000	0.000000	0.571000
13.293876	0.500000	0.000000	0.571000
13.295876	0.500000	0.000000	0.571000
13.297876	0.500000	0.000000	0.571000
13.299876	0.500000	0.000000	0.571000
13.301876	0.500000	0.000000	0.571000
13.303876	0.500000	0.000000	0.571000
13.305876	0.500000	0.000000	0.571000
13.307876	0.500000	0.000000	0.571000
13.309876	0.500000	0.000000	0.571000
13.311876	0.500000	0.000000	0.571000
13.313876	0.500000	0.000000	0.571000
13.315876	0.500000	0.000000	0.571000
13.317876	0.500000	0.000000	0.571000
13.319876	0.500000	0.000000	0.571000
13.321876	0.500000	0.000000	0.571000
13.323876	0.500000	0.000000	0.571000
13.325876	0.500000	0.000000	0.571000
13.327876	0.500000	0.000000	0.571000
13.329876	0.500000	0.000000	0.571000
13.331876	0.500000	0.000000	0.571000
13.333876	0.500000	0.000000	0.571000
13.335876	0.500000	0.000000	0.571000
13.337876	0.500000	0.000000	0.571000
13.339876	0.500000	0.000000	0.571000
13.341876	0.500000	0.000000	0.571000
13.343876	0.500000	0.000000	0.571000
13.345876	0.500000	0.000000	0.571000
13.347876	0.500000	0.000000	0.571000
13.349876	0.500000	0.000000	0.571000
13.351876	0.500000	0.000000	0.571000
13.353876	0.500000	0.000000	0.571000
13.355876	0.500000	0.000000	0.571000
13.357876	0.500000	0.000000	0.571000
13.359876	0.500000	0.000000	0.571000
13.361876	0.500000	0.000000	0.571000
13.363876	0.500000	0.000000	0.571000
13.365876	0.500000	0.000000	0.571000
13.367876	0.500000	0.000000	0.571000
13.369876	0.500000	0.000000	0.571000
13.371876	0.500000	0.000000	0.571000
13.373876	0.500000	0.000000	0.571000
13.375876	0.500000	0.000000	0.571000
13.377876	0.500000	0.000000	0.571000
13.379876	0.500000	0.000000	0.571000
13.381876	0.500000	0.000000	0.571000
13.383876	0.500000	0.000000	0.571000
13.385876	0.500000	0.000000	0.571000
13.387876	0.500000	0.000000	0.571000
13.389876	0.500000	0.000000	0.571000
13.391876	0.500000	0.000000	0.571000
13.393876	0.500000	0.000000	0.571000
13.395876	0.500000	0.000000	0.571000
13.397876	0.500000	0.000000	0.571000
13.399876	0.500000	0.000000	0.571000
13.401876	0.500000	0.000000	0.571000
13.403876	0.500000	0.000000	0.571000
13.405876	0.500000	0.000000	0.571000
13.407876	0.500000	0.000000	0.571000
13.409876	0.500000	0.000000	0.571000
13.411876	0.500000	0.000000	0.571000
13.413876	0.500000	0.000000	0.571000
13.415876	0.500000	0.000000	0.571000
13.417876	0.500000	0.000000	0.571000
13.419876	0.500000	0.000000	0.571000
13.421876	0.500000	0.000000	0.571000
13.423876	0.500000	0.000000	0.571000
13.425876	0.500000	0.000000	0.571000
13.427876	0.500000	0.000000	0.571000
13.429876	0.500000	0.000000	0.571000
13.431876	0.500000	0.000000	0.571000
13.433876	0.500000	0.000000	0.571000
13.435876	0.500000	0.000000	0.571000
13.437876	0.500000	0.000000	0.571000
13.439876	0.500000	0.000000	0.571000
13.441876	0.500000	0.000000	0.571000
13.443876	0.500000	0.000000	0.571000
13.445876	0.500000	0.000000	0.571000
13.447876	0.500000	0.000000	0.571000
13.449876	0.500000	0.000000	0.571000
13.451876	0.500000	0.000000	0.571000
13.453876	0.500000	0.000000	0.571000
13.455876	0.500000	0.000000	0.571000
13.457876	0.500000	0.000000	0.571000
13.459876	0.500000	0.000000	0.571000
13.461876	0.500000	0.000000	0.571000
13.463876	0.500000	0.000000	0.571000
13.465876	0.500000	0.000000	0.571000
13.467876	0.500000	0.000000	0.571000
13.469876	0.500000	0.000000	0.571000
13.471876	0.500000	0.000000	0.571000
13.473876	0.500000	0.000000	0.571000
13.475876	0.500000	0.000000	0.571000
13.477876	0.500000	0.000000	0.571000
13.479876	0.500000	0.000000	0.571000
13.481876	0.500000	0.000000	0.571000
13.483876	0.500000	0.000000	0.571000
13.485876	0.500000	0.000000	0.571000
13.487876	0.500000	0.000000	0.571000
13.489876	0.500000	0.000000	0.571000
13.491876	0.500000	0.000000	0.571000
13.493876	0.500000	0.000000	0.571000
13.495876	0.500000	0.000000	0.571000
13.497876	0.500000	0.000000	0.571000
13.499876	0.500000	0.000000	0.571000
13.501876	0.500000	0.000000	0.571000
13.503876	0.500000	0.000000	0.571000
13.505876	0.500000	0.000000	0.571000
13.507876	0.500000	0.000000	0.571000
13.509876	0.500000	0.000000	0.571000
13.511876	0.500000	0.000000	0.571000
13.513876	0.500000	0.000000	0.571000
13.515876	0.500000	0.000000	0.571000
13.517876	0.500000	0.000000	0.571000
13.519876	0.500000	0.000000	0.571000
13.521876	0.500000	0.000000	0.571000
13.523876	0.500000	0.000000	0.571000
13.525876	0.500000	0.000000	0.571000
13.527876	0.500000	0.000000	0.571000
13.529876	0.500000	0.000000	0.571000
13.531876	0.500000	0.000000	0.571000
13.533876	0.500000	0.000000	0.571000
13.535876	0.500000	0.000000	0.571000
13.537876	0.500000	0.000000	0.571000
13.539876	0.500000	0.000000	0.571000
13.541876	0.500000	0.000000	0.571000
13.543876	0.500000	0.000000	0.571000
13.545876	0.500000	0.000000	0.571000
13.547876	0.500000	0.000000	0.571000
13.549876	0.500000	0.000000	0.571000
13.551876	0.500000	0.000000	0.571000
13.553876	0.500000	0.000000	0.571000
13.555876	0.500000	0.000000	0.571000
13.557876	0.500000	0.000000	0.571000
13.559876	0.500000	0.000000	0.571000
13.561876	0.500000	0.000000	0.571000
13.563876	0.500000	0.000000	0.571000
13.565876	0.500000	0.000000	0.571000
13.567876	0.500000	0.000000	0.571000
13.569876	0.500000	0.000000	0.571000
13.571876	0.500000	0.000000	0.571000
13.573876	0.500000	0.000000	0.571000
13.575876	0.500000	0.000000	0.571000
13.577876	0.500000	0.000000	0.571000
13.579876	0.500000	0.000000	0.571000
13.581876	0.500000	0.000000	0.571000
13.583876	0.500000	0.000000	0.571000
13.585876	0.500000	0.000000	0.571000
13.587876	0.500000	0.000000	0.571000
13.589876	0.500000	0.000000	0.571000
13.591876	0.500000	0.000000	0.571000
13.593876	0.500000	0.000000	0.571000
13.595876	0.500000	0.000000	0.571000
13.597876	0.500000	0.000000	0.571000
13.599876	0.500000	0.000000	0.571000
13.601876	0.500000	0.000000	0.571000
13.603876	0.500000	0.000000	0.571000
13.605876	0.500000	0.000000	0.571000
13.607876	0.500000	0.000000	0.571000
13.609876	0.500000	0.000000	0.571000
13.611876	0.500000	0.000000	0.571000
13.613876	0.500000	0.000000	0.571000
13.615876	0.500000	0.000000	0.571000
13.617876	0.500000	0.000000	0.571000
13.619876	0.500000	0.000000	0.571000
13.621876	0.500000	0.000000	0.571000
13.623876	0.500000	0.000000	0.571000
13.625876	0.500000	0.000000	0.571000
13.627876	0.500000	0.000000	0.571000
13.629876	0.500000	0.000000	0.571000
13.631876	0.500000	0.000000	0.571000
13.633876	0.500000	0.000000	0.571000
13.635876	0.500000	0.000000	0.571000
13.637876	0.500000	0.000000	0.571000
13.639876	0.500000	0.000000	0.571000
13.641876	0.500000	0.000000	0.571000
13.643876	0.500000	0.000000	0.571000
13.645876	0.500000	0.000000	0.571000
13.647876	0.500000	0.000000	0.571000
13.649876	0.500000	0.000000	0.571000
13.651876	0.500000	0.000000	0.571000
13.653876	0.500000	0.000000	0.571000
13.655876	0.500000	0.000000	0.571000
13.657876	0.500000	0.000000	0.571000
13.659876	0.500000	0.000000	0.571000
13.661876	0.500000	0.000000	0.571000
13.663876	0.500000	0.000000	0.571000
13.665876	0.500000	0.000000	0.571000
13.667876	0.500000	0.000000	0.571000
13.669876	0.500000	0.000000	0.571000
13.671876	0.500000	0.000000	0.571000
13.673876	0.500000	0.000000	0.571000
13.675876	0.500000	0.000000	0.571000
13.677876	0.500000	0.000000	0.571000
13.679876	0.500000	0.000000	0.571000
13.681876	0.500000	0.000000	0.571000
13.683876	0.500000	0.000000	0.571000
13.685876	0.500000	0.000000	0.571000
13.687876	0.500000	0.000000	0.571000
13.689876	0.500000	0.000000	0.571000
13.691876	0.500000	0.000000	0.571000
13.693876	0.500000	0.000000	0.571000
13.695876	0.500000	0.000000	0.571000
13.697876	0.500000	0.000000	0.571000
13.699876	0.500000	0.000000	0.571000
13.701876	0.500000	0.000000	0.571000
13.703876	0.500000	0.000000	0.571000
13.705876	0.500000	0.000000	0.571000
13.707876	0.500000	0.000000	0.571000
13.709876	0.500000	0.000000	0.571000
13.711876	0.500000	0.000000	0.571000
13.713876	0.500000	0.000000	0.571000
13.715876	0.500000	0.000000	0.571000
13.717876	0.500000	0.000000	0.571000
13.719876	0.500000	0.000000	0.571000
13.721876	0.500000	0.000000	0.571000
13.723876	0.500000	0.000000	0.571000
13.725876	0.500000	0.000000	0.571000
13.727876	0.500000	0.000000	0.571000
13.729876	0.500000	0.000000	0.571000
13.731876	0.500000	0.000000	0.571000
13.733876	0.500000	0.000000	0.571000
13.735876	0.500000	0.000000	0.571000
13.737876	0.500000	0.000000	0.571000
13.739876	0.500000	0.000000	0.571000
13.741876	0.500000	0.000000	0.571000
13.743876	0.500000	0.000000	0.571000
13.745876	0.500000	0.000000	0.571000
13.747876	0.500000	0.000000	0.571000
13.749876	0.500000	0.000000	0.571000
13.751876	0.500000	0.000000	0.571000
13.753876	0.500000	0.000000	0.571000
13.755876	0.500000	0.000000	0.571000
13.757876	0.500000	0.000000	0.571000
13.759876	0.500000	0.000000	0.571000
13.761876	0.500000	0.000000	0.571000
13.763876	0.500000	0.000000	0.571000
13.765876	0.500000	0.000000	0.571000
13.767876	0.500000	0.000000	0.571000
13.769876	0.500000	0.000000	0.571000
13.771876	0.500000	0.000000	0.571000
13.773876	0.500000	0.000000	0.571000
13.775876	0.500000	0.000000	0.571000
13.777876	0.500000	0.000000	0.571000
13.779876	0.500000	0.000000	0.571000
13.781876	0.500000	0.000000	0.571000
13.783876	0.500000	0.000000	0.571000
13.785876	0.500000	0.000000	0.571000
13.787876	0.500000	0.000000	0.571000
13.789876	0.500000	0.000000	0.571000
13.791876	0.500000	0.000000	0.571000
13.793876	0.500000	0.000000	0.571000
13.795876	0.500000	0.000000	0.571000
13.797876	0.500000	0.000000	0.571000
13.799876	0.500000	0.000000	0.571000
13.801876	0.500000	0.000000	0.571000
13.803876	0.500000	0.000000	0.571000
13.805876	0.500000	0.000000	0.571000
13.807876	0.500000	0.000000	0.571000
13.809876	0.500000	0.000000	0.571000
13.811876	0.500000	0.000000	0.571000
13.813876	0.500000	0.000000	0.571000
13.815876	0.500000	0.000000	0.571000
13.817876	0.500000	0.000000	0.571000
13.819876	0.500000	0.000000	0.571000
13.821876	0.500000	0.000000	0.571000
13.823876	0.500000	0.000000	0.571000
13.825876	0.500000	0.000000	0.571000
13.827876	0.500000	0.000000	0.571000
13.829876	0.500000	0.000000	0.571000
13.831876	0.500000	0.000000	0.571000
13.833876	0.500000	0.000000	0.571000
13.835876	0.500000	0.000000	0.571000
13.837876	0.500000	0.000000	0.571000
13.839876	0.500000	0.000000	0.571000
13.841876	0.500000	0.000000	0.571000
13.843876	0.500000	0.000000	0.571000
13.845876	0.500000	0.000000	0.571000
13.847876	0.500000	0.000000	0.571000
13.849876	0.500000	0.000000	0.571000
13.851876	0.500000	0.000000	0.571000
13.853876	0.500000	0.000000	0.571000
13.855876	0.500000	0.000000	0.571000
13.857876	0.500000	0.000000	0.571000
13.859876	0.500000	0.000000	0.571000
13.861876	0.500000	0.000000	0.571000
13.863876	0.500000	0.000000	0.571000
13.865876	0.500000	0.000000	0.571000
13.867876	0.500000	0.000000	0.571000
13.869876	0.500000	0.000000	0.571000
13.871876	0.500000	0.000000	0.571000
13.873876	0.500000	0.000000	0.571000
13.875876	0.500000	0.000000	0.571000
13.877876	0.500000	0.000000	0.571000
13.879876	0.500000	0.000000	0.571000
13.881876	0.500000	0.000000	0.571000
13.883876	0.500000	0.000000	0.571000
13.885876	0.500000	0.000000	0.571000
13.887876	0.500000	0.000000	0.571000
13.889876	0.500000	0.000000	0.571000
13.891876	0.500000	0.000000	0.571000
13.893876	0.500000	0.000000	0.571000
13.895876	0.500000	0.000000	0.571000
13.897876	0.500000	0.000000	0.571000
13.899876	0.500000	0.000000	0.571000
13.901876	0.500000	0.000000	0.571000
13.903876	0.500000	0.000000	0.571000
13.905876	0.500000	0.000000	0.571000
13.907876	0.500000	0.000000	0.571000
13.909876	0.500000	0.000000	0.571000
13.911876	0.500000	0.000000	0.571000
13.913876	0.500000	0.000000	0.571000
13.915876	0.500000	0.000000	0.571000
13.917876	0.500000	0.000000	0.571000
13.919876	0.500000	0.000000	0.571000
13.921876	0.500000	0.000000	0.571000
13.923876	0.500000	0.000000	0.571000
13.925876	0.500000	0.000000	0.571000
13.927876	0.500000	0.000000	0.571000
13.929876	0.500000	0.000000	0.571000
13.931876	0.500000	0.000000	0.571000
13.933876	0.500000	0.000000	0.571000
13.935876	0.500000	0.000000	0.571000
13.937876	0.500000	0.000000	0.571000
13.939876	0.500000	0.000000	0.571000
13.941876	0.500000	0.000000	0.571000
13.943876	0.500000	0.000000	0.571000
13.945876	0.500000	0.000000	0.571000
13.947876	0.500000	0.000000	0.571000
13.949876	0.500000	0.000000	0.571000
13.951876	0.500000	0.000000	0.571000
13.953876	0.500000	0.000000	0.571000
13.955876	0.500000	0.000000	0.571000
13.957876	0.500000	0.000000	0.571000
13.959876	0.500000	0.000000	0.571000
13.961876	0.500000	0.000000	0.571000
13.963876	0.500000	0.000000	0.571000
13.965876	0.500000	0.000000	0.571000
13.967876	0.500000	0.000000	0.571000
13.969876	0.500000	0.000000	0.571000
13.971876	0.500000	0.000000	0.571000
13.973876	0.500000	0.000000	0.571000
13.975876	0.500000	0.000000	0.571000
13.977876	0.500000	0.000000	0.571000
13.979876	0.500000	0.000000	0.571000
13.981876	0.500000	0.000000	0.571000
13.983876	0.500000	0.000000	0.571000
13.985876	0.500000	0.000000	0.571000
13.987876	0.500000	0.000000	0.571000
13.989876	0.500000	0.000000	0.571000
13.991876	0.500000	0.000000	0.571000
13.993876	0.500000	0.000000	0.571000
13.995876	0.500000	0.000000	0.571000
13.997876	0.500000	0.000000	0.571000
13.999876	0.500000	0.000000	0.571000
14.001876	0.500000	0.000000	0.571000
14.003876	0.500000	0.000000	0.571000
14.005876	0.500000	0.000000	0.571000
14.007876	0.500000	0.000000	0.571000
14.009876	0.500000	0.000000	0.571000
14.011876	0.500000	0.000000	0.571000
14.013876	0.500000	0.000000	0.571000
14.015876	0.500000	0.000000	0.571000
14.017876	0.500000	0.000000	0.571000
14.019876	0.500000	0.000000	0.571000
14.021876	0.500000	0.000000	0.571000
14.023876	0.500000	0.000000	0.571000
14.025876	0.500000	0.000000	0.571000
14.027876	0.500000	0.000000	0.571000
14.029876	0.500000	0.000000	0.571000
14.031876	0.500000	0.000000	0.571000
14.033876	0.500000	0.000000	0.571000
14.035876	0.500000	0.000000	0.571000
14.037876	0.500000	0.000000	0.571000
14.039876	0.500000	0.000000	0.571000
14.041876	0.500000	0.000000	0.571000
14.043876	0.500000	0.000000	0.571000
14.045876	0.500000	0.000000	0.571000
14.047876	0.500000	0.000000	0.571000
14.049876	0.500000	0.000000	0.571000
14.051876	0.500000	0.000000	0.571000
14.053876	0.500000	0.000000	0.571000
14.055876	0.500000	0.000000	0.571000
14.057876	0.500000	0.000000	0.571000
14.059876	0.500000	0.000000	0.571000
14.061876	0.500000	0.000000	0.571000
14.063876	0.500000	0.000000	0.571000
14.065876	0.500000	0.000000	0.571000
14.067876	0.500000	0.000000	0.571000
14.069876	0.500000	0.000000	0.571000
14.071876	0.500000	0.000000	0.571000
14.073876	0.500000	0.000000	0.571000
14.075876	0.500000	0.000000	0.571000
14.077876	0.500000	0.000000	0.571000
14.079876	0.500000	0.000000	0.571000
14.081876	0.500000	0.000000	0.571000
14.083876	0.500000	0.000000	0.571000
14.085876	0.500000	0.000000	0.571000
14.087876	0.500000	0.000000	0.571000
14.089876	0.500000	0.000000	0.571000
14.091876	0.500000	0.000000	0.571000
14.093876	0.500000	0.000000	0.571000
14.095876	0.500000	0.000000	0.571000
14.097876	0.500000	0.000000	0.571000
14.099876	0.500000	0.000000	0.571000
14.101876	0.500000	0.000000	0.571000
14.103876	0.500000	0.000000	0.571000
14.105876	0.500000	0.000000	0.571000
14.107876	0.500000	0.000000	0.571000
14.109876	0.500000	0.000000	0.571000
14.111876	0.500000	0.000000	0.571000
14.113876	0.500000	0.000000	0.571000
14.115876	0.500000	0.000000	0.571000
14.117876	0.500000	0.000000	0.571000
14.119876	0.500000	0.000000	0.571000
14.121876	0.500000	0.000000	0.571000
14.123876	0.500000	0.000000	0.571000
14.125876	0.500000	0.000000	0.571000
14.127876	0.500000	0.000000	0.571000
14.129876	0.500000	0.000000	0.571000
14.131876	0.500000	0.000000	0.571000
14.133876	0.500000	0.000000	0.571000
14.135876	0.500000	0.000000	0.571000
14.137876	0.500000	0.000000	0.571000
14.139876	0.500000	0.000000	0.571000
14.141876	0.500000	0.000000	0.571000
14.143876	0.500000	0.000000	0.571000
14.145876	0.500000	0.000000	0.571000
14.147876	0.500000	0.000000	0.571000
14.149876	0.500000	0.000000	0.571000
14.151876	0.500000	0.000000	0.571000
14.153876	0.500000	0.000000	0.571000
14.155876	0.500000	0.000000	0.571000
14.157876	0.500000	0.000000	0.571000
14.159876	0.500000	0.000000	0.571000
14.161876	0.500000	0.000000	0.571000
14.163876	0.500000	0.000000	0.571000
14.165876	0.500000	0.000000	0.571000
14.167876	0.500000	0.000000	0.571000
14.169876	0.500000	0.000000	0.571000
14.171876	0.500000	0.000000	0.571000
14.173876	0.500000	0.000000	0.571000
14.175876	0.500000	0.000000	0.571000
14.177876	0.500000	0.000000	0.571000
14.179876	0.500000	0.000000	0.571000
14.181876	0.500000	0.000000	0.571000
14.183876	0.500000	0.000000	0.571000
14.185876	0.500000	0.000000	0.571000
14.187876	0.500000	0.000000	0.571000
14.189876	0.500000	0.000000	0.571000
14.191876	0.500000	0.000000	0.571000
14.193876	0.500000	0.000000	0.571000
14.195876	0.500000	0.000000	0.571000
14.197876	0.500000	0.000000	0.571000
14.199876	0.500000	0.000000	0.571000
14.201876	0.500000	0.000000	0.571000
14.203876	0.500000	0.000000	0.571000
14.205876	0.500000	0.000000	0.571000
14.207876	0.500000	0.000000	0.571000
14.209876	0.500000	0.000000	0.571000
14.211876	0.500000	0.000000	0.571000
14.213876	0.500000	0.000000	0.571000
14.215876	0.500000	0.000000	0.571000
14.217876	0.500000	0.000000	0.571000
14.219876	0.500000	0.000000	0.571000
14.221876	0.500000	0.000000	0.571000
14.223876	0.500000	0.000000	0.571000
14.225876	0.500000	0.000000	0.571000
14.227876	0.500000	0.000000	0.571000
14.229876	0.500000	0.000000	0.571000
14.231876	0.500000	0.000000	0.571000
14.233876	0.500000	0.000000	0.571000
14.235876	0.500000	0.000000	0.571000
14.237876	0.500000	0.000000	0.571000
14.239876	0.500000	0.000000	0.571000
14.241876	0.500000	0.000000	0.571000
14.243876	0.500000	0.000000	0.571000
14.245876	0.500000	0.000000	0.571000
14.247876	0.500000	0.000000	0.571000
14.249876	0.500000	0.000000	0.571000
14.251876	0.500000	0.000000	0.571000
14.253876	0.500000	0.000000	0.571000
14.255876	0.500000	0.000000	0.571000
14.257876	0.500000	0.000000	0.571000
14.259876	0.500000	0.000000	0.571000
14.261876	0.500000	0.000000	0.571000
14.263876	0.500000	0.000000	0.571000
14.265876	0.500000	0.000000	0.571000
14.267876	0.500000	0.000000	0.571000
14.269876	0.500000	0.000000	0.571000
14.271876	0.500000	0.000000	0.571000
14.273876	0.500000	0.000000	0.571000
14.275876	0.500000	0.000000	0.571000
14.277876	0.500000	0.000000	0.571000
14.279876	0.500000	0.000000	0.571000
14.281876	0.500000	0.000000	0.571000
14.283876	0.500000	0.000000	0.571000
14.285876	0.500000	0.000000	0.571000
14.287876	0.500000	0.000000	0.571000
14.289876	0.500000	0.000000	0.571000
14.291876	0.500000	0.000000	0.571000
14.293876	0.500000	0.000000	0.571000
14.295876	0.500000	0.000000	0.571000
14.297876	0.500000	0.000000	0.571000
14.299876	0.500000	0.000000	0.571000
14.301876	0.500000	0.000000	0.571000
14.303876	0.500000	0.000000	0.571000
14.305876	0.500000	0.000000	0.571000
14.307876	0.500000	0.000000	0.571000
14.309876	0.500000	0.000000	0.571000
14.311876	0.500000	0.000000	0.571000
14.313876	0.500000	0.000000	0.571000
14.315876	0.500000	0.000000	0.571000
14.317876	0.500000	0.000000	0.571000
14.319876	0.500000	0.000000	0.571000
14.321876	0.500000	0.000000	0.571000
14.323876	0.500000	0.000000	0.571000
14.325876	0.500000	0.000000	0.571000
14.327876	0.500000	0.000000	0.571000
14.329876	0.500000	0.000000	0.571000
14.331876	0.500000	0.000000	0.571000
14.333876	0.500000	0.000000	0.571000
14.335876	0.500000	0.000000	0.571000
14.337876	0.500000	0.000000	0.571000
14.339876	0.500000	0.000000	0.571000
14.341876	0.500000	0.000000	0.571000
14.343876	0.500000	0.000000	0.571000
14.345876	0.500000	0.000000	0.571000
14.347876	0.500000	0.000000	0.571000
14.349876	0.500000	0.000000	0.571000
14.351876	0.500000	0.000000	0.571000
14.353876	0.500000	0.000000	0.571000
14.355876	0.500000	0.000000	0.571000
14.357876	0.500000	0.000000	0.571000
14.359876	0.500000	0.000000	0.571000
14.361876	0.500000	0.000000	0.571000
14.363876	0.500000	0.000000	0.571000
14.365876	0.500000	0.000000	0.571000
14.367876	0.500000	0.000000	0.571000
14.369876	0.500000	0.000000	0.571000
14.371876	0.500000	0.000000	0.571000
14.373876	0.500000	0.000000	0.571000
14.375876	0.500000	0.000000	0.571000
14.377876	0.500000	0.000000	0.571000
14.379876	0.500000	0.000000	0.571000
14.381876	0.500000	0.000000	0.571000
14.383876	0.500000	0.000000	0.571000
14.385876	0.500000	0.000000	0.571000
14.387876	0.500000	0.000000	0.571000
14.389876	0.500000	0.000000	0.571000
14.391876	0.500000	0.000000	0.571000
14.393876	0.500000	0.000000	0.571000
14.395876	0.500000	0.000000	0.571000
14.397876	0.500000	0.000000	0.571000
14.399876	0.500000	0.000000	0.571000
14.401876	0.500000	0.000000	0.571000
14.403876	0.500000	0.000000	0.571000
14.405876	0.500000	0.000000	0.571000
14.407876	0.500000	0.000000	0.571000
14.409876	0.500000	0.000000	0.571000
14.411876	0.500000	0.000000	0.571000
14.413876	0.500000	0.000000	0.571000
14.415876	0.500000	0.000000	0.571000
14.417876	0.500000	0.000000	0.571000
14.419876	0.500000	0.000000	0.571000
14.421876	0.500000	0.000000	0.571000
14.423876	0.500000	0.000000	0.571000
14.425876	0.500000	0.000000	0.571000
14.427876	0.500000	0.000000	0.571000
14.429876	0.500000	0.000000	0.571000
14.431876	0.500000	0.000000	0.571000
14.433876	0.500000	0.000000	0.571000
14.435876	0.500000	0.000000	0.571000
14.437876	0.500000	0.000000	0.571000
14.439876	0.500000	0.000000	0.571000
14.441876	0.500000	0.000000	0.571000
14.443876	0.500000	0.000000	0.571000
14.445876	0.500000	0.000000	0.571000
14.447876	0.500000	0.000000	0.571000
14.449876	0.500000	0.000000	0.571000
14.451876	0.500000	0.000000	0.571000
14.453876	0.500000	0.000000	0.571000
14.455876	0.500000	0.000000	0.571000
14.457876	0.500000	0.000000	0.571000
14.459876	0.500000	0.000000	0.571000
14.461876	0.500000	0.000000	0.571000
14.463876	0.500000	0.000000	0.571000
14.465876	0.500000	0.000000	0.571000
14.467876	0.500000	0.000000	0.571000
14.469876	0.500000	0.000000	0.571000
14.471876	0.500000	0.000000	0.571000
14.473876	0.500000	0.000000	0.571000
14.475876	0.500000	0.000000	0.571000
14.477876	0.500000	0.000000	0.571000
14.479876	0.500000	0.000000	0.571000
14.481876	0.500000	0.000000	0.571000
14.483876	0.500000	0.000000	0.571000
14.485876	0.500000	0.000000	0.571000
14.487876	0.500000	0.000000	0.571000
14.489876	0.500000	0.000000	0.571000
14.491876	0.500000	0.000000	0.571000
14.493876	0.500000	0.000000	0.571000
14.495876	0.500000	0.000000	0.571000
14.497876	0.500000	0.000000	0.571000
14.499876	0.500000	0.000000	0.571000
14.501876	0.500000	0.000000	0.571000
14.503876	0.500000	0.000000	0.571000
14.505876	0.500000	0.000000	0.571000
14.507876	0.500000	0.000000	0.571000
14.509876	0.500000	0.000000	0.571000
14.511876	0.500000	0.000000	0.571000
14.513876	0.500000	0.000000	0.571000
14.515876	0.500000	0.000000	0.571000
14.517876	0.500000	0.000000	0.571000
14.519876	0.500000	0.000000	0.571000
14.521876	0.500000	0.000000	0.571000
14.523876	0.500000	0.000000	0.571000
14.525876	0.500000	0.000000	0.571000
14.527876	0.500000	0.000000	0.571000
14.529876	0.500000	0.000000	0.571000
14.531876	0.500000	0.000000	0.571000
14.533876	0.500000	0.000000	0.571000
14.535876	0.500000	0.000000	0.571000
14.537876	0.500000	0.000000	0.571000
14.539876	0.500000	0.000000	0.571000
14.541876	0.500000	0.000000	0.571000
14.543876	0.500000	0.000000	0.571000
14.545876	0.500000	0.000000	0.571000
14.547876	0.500000	0.000000	0.571000
14.549876	0.500000	0.000000	0.571000
14.551876	0.500000	0.000000	0.571000
14.553876	0.500000	0.000000	0.571000
14.555876	0.500000	0.000000	0.571000
14.557876	0.500000	0.000000	0.571000
14.559876	0.500000	0.000000	0.571000
14.561876	0.500000	0.000000	0.571000
14.563876	0.500000	0.000000	0.571000
14.565876	0.500000	0.000000	0.571000
14.567876	0.500000	0.000000	0.571000
14.569876	0.500000	0.000000	0.571000
14.571876	0.500000	0.000000	0.571000
14.573876	0.500000	0.000000	0.571000
14.575876	0.500000	0.000000	0.571000
14.577876	0.500000	0.000000	0.571000
14.579876	0.500000	0.000000	0.571000
14.581876	0.500000	0.000000	0.571000
14.583876	0.500000	0.000000	0.571000
14.585876	0.500000	0.000000	0.571000
14.587876	0.500000	0.000000	0.571000
14.589876	0.500000	0.000000	0.571000
14.591876	0.500000	0.000000	0.571000
14.593876	0.500000	0.000000	0.571000
14.595876	0.500000	0.000000	0.571000
14.597876	0.500000	0.000000	0.571000
14.599876	0.500000	0.000000	0.571000
14.601876	0.500000	0.000000	0.571000
14.603876	0.500000	0.000000	0.571000
14.605876	0.500000	0.000000	0.571000
14.607876	0.500000	0.000000	0.571000
14.609876	0.500000	0.000000	0.571000
14.611876	0.500000	0.000000	0.571000
14.613876	0.500000	0.000000	0.571000
14.615876	0.500000	0.000000	0.571000
14.617876	0.500000	0.000000	0.571000
14.619876	0.500000	0.000000	0.571000
14.621876	0.500000	0.000000	0.571000
14.623876	0.500000	0.000000	0.571000
14.625876	0.500000	0.000000	0.571000
14.627876	0.500000	0.000000	0.571000
14.629876	0.500000	0.000000	0.571000
14.631876	0.500000	0.000000	0.571000
14.633876	0.500000	0.000000	0.571000
14.635876	0.500000	0.000000	0.571000
14.637876	0.500000	0.000000	0.571000
14.639876	0.500000	0.000000	0.571000
14.641876	0.500000	0.000000	0.571000
14.643876	0.500000	0.000000	0.571000
14.645876	0.500000	0.000000	0.571000
14.647876	0.500000	0.000000	0.571000
14.649876	0.500000	0.000000	0.571000
14.651876	0.500000	0.000000	0.571000
14.653876	0.500000	0.000000	0.571000
14.655876	0.500000	0.000000	0.571000
14.657876	0.500000	0.000000	0.571000
14.659876	0.500000	0.000000	0.571000
14.661876	0.500000	0.000000	0.571000
14.663876	0.500000	0.000000	0.571000
14.665876	0.500000	0.000000	0.571000
14.667876	0.500000	0.000000	0.571000
14.669876	0.500000	0.000000	0.571000
14.671876	0.500000	0.000000	0.571000
14.673876	0.500000	0.000000	0.571000
14.675876	0.500000	0.000000	0.571000
14.677876	0.500000	0.000000	0.571000
14.679876	0.500000	0.000000	0.571000
14.681876	0.500000	0.000000	0.571000
14.683876	0.500000	0.000000	0.571000
14.685876	0.500000	0.000000	0.571000
14.687876	0.500000	0.000000	0.571000
14.689876	0.500000	0.000000	0.571000
14.691876	0.500000	0.000000	0.571000
14.693876	0.500000	0.000000	0.571000
14.695876	0.500000	0.000000	0.571000
14.697876	0.500000	0.000000	0.571000
14.699876	0.500000	0.000000	0.571000
14.701876	0.500000	0.000000	0.571000
14.703876	0.500000	0.000000	0.571000
14.705876	0.500000	0.000000	0.571000
14.707876	0.500000	0.000000	0.571000
14.709876	0.500000	0.000000	0.571000
14.711876	0.500000	0.000000	0.571000
14.713876	0.500000	0.000000	0.571000
14.715876	0.500000	0.000000	0.571000
14.717876	0.500000	0.000000	0.571000
14.719876	0.500000	0.000000	0.571000
14.721876	0.500000	0.000000	0.571000
14.723876	0.500000	0.000000	0.571000
14.725876	0.500000	0.000000	0.571000
14.727876	0.500000	0.000000	0.571000
14.729876	0.500000	0.000000	0.571000
14.731876	0.500000	0.000000	0.571000
14.733876	0.500000	0.000000	0.571000
14.735876	0.500000	0.000000	0.571000
14.737876	0.500000	0.000000	0.571000
14.739876	0.500000	0.000000	0.571000
14.741876	0.500000	0.000000	0.571000
14.743876	0.500000	0.000000	0.571000
14.745876	0.500000	0.000000	0.571000
14.747876	0.500000	0.000000	0.571000
14.749876	0.500000	0.000000	0.571000
14.751876	0.500000	0.000000	0.571000
14.753876	0.500000	0.000000	0.571000
14.755876	0.500000	0.000000	0.571000
14.757876	0.500000	0.000000	0.571000
14.759876	0.500000	0.000000	0.571000
14.761876	0.500000	0.000000	0.571000
14.763876	0.500000	0.000000	0.571000
14.765876	0.500000	0.000000	0.571000
14.767876	0.500000	0.000000	0.571000
14.769876	0.500000	0.000000	0.571000
14.771876	0.500000	0.000000	0.571000
14.773876	0.500000	0.000000	0.571000
14.775876	0.500000	0.000000	0.571000
14.777876	0.500000	0.000000	0.571000
14.779876	0.500000	0.000000	0.571000
14.781876	0.500000	0.000000	0.571000
14.783876	0.500000	0.000000	0.571000
14.785876	0.500000	0.000000	0.571000
14.787876	0.500000	0.000000	0.571000
14.789876	0.500000	0.000000	0.571000
14.791876	0.500000	0.000000	0.571000
14.793876	0.500000	0.000000	0.571000
14.795876	0.500000	0.000000	0.571000
14.797876	0.500000	0.000000	0.571000
14.799876	0.500000	0.000000	0.571000
14.801876	0.500000	0.000000	0.571000
14.803876	0.500000	0.000000	0.571000
14.805876	0.500000	0.000000	0.571000
14.807876	0.500000	0.000000	0.571000
14.809876	0.500000	0.000000	0.571000
14.811876	0.500000	0.000000	0.571000
14.813876	0.500000	0.000000	0.571000
14.815876	0.500000	0.000000	0.571000
14.817876	0.500000	0.000000	0.571000
14.819876	0.500000	0.000000	0.571000
14.821876	0.500000	0.000000	0.571000
14.823876	0.500000	0.000000	0.571000
14.825876	0.500000	0.000000	0.571000
14.827876	0.500000	0.000000	0.571000
14.829876	0.500000	0.000000	0.571000
14.831876	0.500000	0.000000	0.571000
14.833876	0.500000	0.000000	0.571000
14.835876	0.500000	0.000000	0.571000
14.837876	0.500000	0.000000	0.571000
14.839876	0.500000	0.000000	0.571000
14.841876	0.500000	0.000000	0.571000
14.843876	0.500000	0.000000	0.571000
14.845876	0.500000	0.000000	0.571000
14.847876	0.500000	0.000000	0.571000
14.849876	0.500000	0.000000	0.571000
14.851876	0.500000	0.000000	0.571000
14.853876	0.500000	0.000000	0.571000
14.855876	0.500000	0.000000	0.571000
14.857876	0.500000	0.000000	0.571000
14.859876	0.500000	0.000000	0.571000
14.861876	0.500000	0.000000	0.571000
14.863876	0.500000	0.000000	0.571000
14.865876	0.500000	0.000000	0.571000
14.867876	0.500000	0.000000	0.571000
14.869876	0.500000	0.000000	0.571000
14.871876	0.500000	0.000000	0.571000
14.873876	0.500000	0.000000	0.571000
14.875876	0.500000	0.000000	0.571000
14.877876	0.500000	0.000000	0.571000
14.879876	0.500000	0.000000	0.571000
14.881876	0.500000	0.000000	0.571000
14.883876	0.500000	0.000000	0.571000
14.885876	0.500000	0.000000	0.571000
14.887876	0.500000	0.000000	0.571000
14.889876	0.500000	0.000000	0.571000
14.891876	0.500000	0.000000	0.571000
14.893876	0.500000	0.000000	0.571000
14.895876	0.500000	0.000000	0.571000
14.897876	0.500000	0.000000	0.571000
14.899876	0.500000	0.000000	0.571000
14.901876	0.500000	0.000000	0.571000
14.903876	0.500000	0.000000	0.571000
14.905876	0.500000	0.000000	0.571000
14.907876	0.500000	0.000000	0.571000
14.909876	0.500000	0.000000	0.571000
14.911876	0.500000	0.000000	0.571000
14.913876	0.500000	0.000000	0.571000
14.915876	0.500000	0.000000	0.571000
14.917876	0.500000	0.000000	0.571000
14.919876	0.500000	0.000000	0.571000
14.921876	0.500000	0.000000	0.571000
14.923876	0.500000	0.000000	0.571000
14.925876	0.500000	0.000000	0.571000
14.927876	0.500000	0.000000	0.571000
14.929876	0.500000	0.000000	0.571000
14.931876	0.500000	0.000000	0.571000
14.933876	0.500000	0.000000	0.571000
14.935876	0.500000	0.000000	0.571000
14.937876	0.500000	0.000000	0.571000
14.939876	0.500000	0.000000	0.571000
14.941876	0.500000	0.000000	0.571000
14.943876	0.500000	0.000000	0.571000
14.945876	0.500000	0.000000	0.571000
14.947876	0.500000	0.000000	0.571000
14.949876	0.500000	0.000000	0.571000
14.951876	0.500000	0.000000	0.571000
14.953876	0.500000	0.000000	0.571000
14.955876	0.500000	0.000000	0.571000
14.957876	0.500000	0.000000	0.571000
14.959876	0.500000	0.000000	0.571000
14.961876	0.500000	0.000000	0.571000
14.963876	0.500000	0.000000	0.571000
14.965876	0.500000	0.000000	0.571000
14.967876	0.500000	0.000000	0.571000
14.969876	0.500000	0.000000	0.571000
14.971876	0.500000	0.000000	0.571000
14.973876	0.500000	0.000000	0.571000
14.975876	0.500000	0.000000	0.571000
14.977876	0.500000	0.000000	0.571000
14.979876	0.500000	0.000000	0.571000
14.981876	0.500000	0.000000	0.571000
14.983876	0.500000	0.000000	0.571000
14.985876	0.500000	0.000000	0.571000
14.987876	0.500000	0.000000	0.571000
14.989876	0.500000	0.000000	0.571000
14.991876	0.500000	0.000000	0.571000
14.993876	0.500000	0.000000	0.571000
14.995876	0.500000	0.000000	0.571000
14.997876	0.500000	0.000000	0.571000
14.999876	0.500000	0.000000	0.571000
15.001876	0.500000	0.000000	0.571000
15.003876	0.500000	0.000000	0.571000
15.005876	0.500000	0.000000	0.571000
15.007876	0.500000	0.000000	0.571000
15.009876	0.500000	0.000000	0.571000
15.011876	0.500000	0.000000	0.571000
15.013876	0.500000	0.000000	0.571000
15.015876	0.500000	0.000000	0.571000
15.017876	0.500000	0.000000	0.571000
15.019876	0.500000	0.000000	0.571000
15.021876	0.500000	0.000000	0.571000
15.023876	0.500000	0.000000	0.571000
15.025876	0.500000	0.000000	0.571000
15.027876	0.500000	0.000000	0.571000
15.029876	0.500000	0.000000	0.571000
15.031876	0.500000	0.000000	0.571000
15.033876	0.500000	0.000000	0.571000
15.035876	0.500000	0.000000	0.571000
15.037876	0.500000	0.000000	0.571000
15.039876	0.500000	0.000000	0.571000
15.041876	0.500000	0.000000	0.571000
15.043876	0.500000	0.000000	0.571000
15.045876	0.500000	0.000000	0.571000
15.047876	0.500000	0.000000	0.571000
15.049876	0.500000	0.000000	0.571000
15.051876	0.500000	0.000000	0.571000
15.053876	0.500000	0.000000	0.571000
15.055876	0.500000	0.000000	0.571000
15.057876	0.500000	0.000000	0.571000
15.059876	0.500000	0.000000	0.571000
15.061876	0.500000	0.000000	0.571000
15.063876	0.500000	0.000000	0.571000
15.065876	0.500000	0.000000	0.571000
15.067876	0.500000	0.000000	0.571000
15.069876	0.500000	0.000000	0.571000
15.071876	0.500000	0.000000	0.571000
15.073876	0.500000	0.000000	0.571000
15.075876	0.500000	0.000000	0.571000
15.077876	0.500000	0.000000	0.571000
15.079876	0.500000	0.000000	0.571000
15.081876	0.500000	0.000000	0.571000
15.083876	0.500000	0.000000	0.571000
15.085876	0.500000	0.000000	0.571000
15.087876	0.500000	0.000000	0.571000
15.089876	0.500000	0.000000	0.571000
15.091876	0.500000	0.000000	0.571000
15.093876	0.500000	0.000000	0.571000
15.095876	0.500000	0.000000	0.571000
15.097876	0.500000	0.000000	0.571000
15.099876	0.500000	0.000000	0.571000
15.101876	0.500000	0.000000	0.571000
15.103876	0.500000	0.000000	0.571000
15.105876	0.500000	0.000000	0.571000
15.107876	0.500000	0.000000	0.571000
15.109876	0.500000	0.000000	0.571000
15.111876	0.500000	0.000000	0.571000
15.113876	0.500000	0.000000	0.571000
15.115876	0.500000	0.000000	0.571000
15.117876	0.500000	0.000000	0.571000
15.119876	0.500000	0.000000	0.571000
15.121876	0.500000	0.000000	0.571000
15.123876	0.500000	0.000000	0.571000
15.125876	0.500000	0.000000	0.571000
15.127876	0.500000	0.000000	0.571000
15.129876	0.500000	0.000000	0.571000
15.131876	0.500000	0.000000	0.571000
15.133876	0.500000	0.000000	0.571000
15.135876	0.500000	0.000000	0.571000
15.137876	0.500000	0.000000	0.571000
15.139876	0.500000	0.000000	0.571000
15.141876	0.500000	0.000000	0.571000
15.143876	0.500000	0.000000	0.571000
15.145876	0.500000	0.000000	0.571000
15.147876	0.500000	0.000000	0.571000
15.149876	0.500000	0.000000	0.571000
15.151876	0.500000	0.000000	0.571000
15.153876	0.500000	0.000000	0.571000
15.155876	0.500000	0.000000	0.571000
15.157876	0.500000	0.000000	0.571000
15.159876	0.500000	0.000000	0.571000
15.161876	0.500000	0.000000	0.571000
15.163876	0.500000	0.000000	0.571000
15.165876	0.500000	0.000000	0.571000
15.167876	0.500000	0.000000	0.571000
15.169876	0.500000	0.000000	0.571000
15.171876	0.500000	0.000000	0.571000
15.173876	0.500000	0.000000	0.571000
15.175876	0.500000	0.000000	0.571000
15.177876	0.500000	0.000000	0.571000
15.179876	0.500000	0.000000	0.571000
15.181876	0.500000	0.000000	0.571000
15.183876	0.500000	0.000000	0.571000
15.185876	0.500000	0.000000	0.571000
15.187876	0.500000	0.000000	0.571000
15.189876	0.500000	0.000000	0.571000
15.191876	0.500000	0.000000	0.571000
15.193876	0.500000	0.000000	0.571000
15.195876	0.500000	0.000000	0.571000
15.197876	0.500000	0.000000	0.571000
15.199876	0.500000	0.000000	0.571000
15.201876	0.500000	0.000000	0.571000
15.203876	0.500000	0.000000	0.571000
15.205876	0.500000	0.000000	0.571000
15.207876	0.500000	0.000000	0.571000
15.209876	0.500000	0.000000	0.571000
15.211876	0.500000	0.000000	0.571000
15.213876	0.500000	0.000000	0.571000
15.215876	0.500000	0.000000	0.571000
15.217876	0.500000	0.000000	0.571000
15.219876	0.500000	0.000000	0.571000
15.221876	0.500000	0.000000	0.571000
15.223876	0.500000	0.000000	0.571000
15.225876	0.500000	0.000000	0.571000
15.227876	0.500000	0.000000	0.571000
15.229876	0.500000	0.000000	0.571000
15.231876	0.500000	0.000000	0.571000
15.233876	0.500000	0.000000	0.571000
15.235876	0.500000	0.000000	0.571000
15.237876	0.500000	0.000000	0.571000
15.239876	0.500000	0.000000	0.571000
15.241876	0.500000	0.000000	0.571000
15.243876	0.500000	0.000000	0.571000
15.245876	0.500000	0.000000	0.571000
15.247876	0.500000	0.000000	0.571000
15.249876	0.500000	0.000000	0.571000
15.251876	0.500000	0.000000	0.571000
15.253876	0.500000	0.000000	0.571000
15.255876	0.500000	0.000000	0.571000
15.257876	0.500000	0.000000	0.571000
15.259876	0.500000	0.000000	0.571000
15.261876	0.500000	0.000000	0.571000
15.263876	0.500000	0.000000	0.571000
15.265876	0.500000	0.000000	0.571000
15.267876	0.500000	0.000000	0.571000
15.269876	0.500000	0.000000	0.571000
15.271876	0.500000	0.000000	0.571000
15.273876	0.500000	0.000000	0.571000
15.275876	0.500000	0.000000	0.571000
15.277876	0.500000	0.000000	0.571000
15.279876	0.500000	0.000000	0.571000
15.281876	0.500000	0.000000	0.571000
15.283876	0.500000	0.000000	0.571000
15.285876	0.500000	0.000000	0.571000
15.287876	0.500000	0.000000	0.571000
15.289876	0.500000	0.000000	0.571000
15.291876	0.500000	0.000000	0.571000
15.293876	0.500000	0.000000	0.571000
15.295876	0.500000	0.000000	0.571000
15.297876	0.500000	0.000000	0.571000
15.299876	0.500000	0.000000	0.571000
15.301876	0.500000	0.000000	0.571000
15.303876	0.500000	0.000000	0.571000
15.305876	0.500000	0.000000	0.571000
15.307876	0.500000	0.000000	0.571000
15.309876	0.500000	0.000000	0.571000
15.311876	0.500000	0.000000	0.571000
15.313876	0.500000	0.000000	0.571000
15.315876	0.500000	0.000000	0.571000
15.317876	0.500000	0.000000	0.571000
15.319876	0.500000	0.000000	0.571000
15.321876	0.500000	0.000000	0.571000
15.323876	0.500000	0.000000	0.571000
15.325876	0.500000	0.000000	0.571000
15.327876	0.500000	0.000000	0.571000
15.329876	0.500000	0.000000	0.571000
15.331876	0.500000	0.000000	0.571000
15.333876	0.500000	0.000000	0.571000
15.335876	0.500000	0.000000	0.571000
15.337876	0.500000	0.000000	0.571000
15.339876	0.500000	0.000000	0.571000
15.341876	0.500000	0.000000	0.571000
15.343876	0.500000	0.000000	0.571000
15.345876	0.500000	0.000000	0.571000
15.347876	0.500000	0.000000	0.571000
15.349876	0.500000	0.000000	0.571000
15.351876	0.500000	0.000000	0.571000
15.353876	0.500000	0.000000	0.571000
15.355876	0.500000	0.000000	0.571000
15.357876	0.500000	0.000000	0.571000
15.359876	0.500000	0.000000	0.571000
15.361876	0.500000	0.000000	0.571000
15.363876	0.500000	0.000000	0.571000
15.365876	0.500000	0.000000	0.571000
15.367876	0.500000	0.000000	0.571000
15.369876	0.500000	0.000000	0.571000
15.371876	0.500000	0.000000	0.571000
15.373876	0.500000	0.000000	0.571000
15.375876	0.500000	0.000000	0.571000
15.377876	0.500000	0.000000	0.571000
15.379876	0.500000	0.000000	0.571000
15.381876	0.500000	0.000000	0.571000
15.383876	0.500000	0.000000	0.571000
15.385876	0.500000	0.000000	0.571000
15.387876	0.500000	0.000000	0.571000
15.389876	0.500000	0.000000	0.571000
15.391876	0.500000	0.000000	0.571000
15.393876	0.500000	0.000000	0.571000
15.395876	0.500000	0.000000	0.571000
15.397876	0.500000	0.000000	0.571000
15.399876	0.500000	0.000000	0.571000
15.401876	0.500000	0.000000	0.571000
15.403876	0.500000	0.000000	0.571000
15.405876	0.500000	0.000000	0.571000
15.407876	0.500000	0.000000	0.571000
15.409876	0.500000	0.000000	0.571000
15.411876	0.500000	0.000000	0.571000
15.413876	0.500000	0.000000	0.571000
15.415876	0.500000	0.000000	0.571000
15.417876	0.500000	0.000000	0.571000
15.419876	0.500000	0.000000	0.571000
15.421876	0.500000	0.000000	0.571000
15.423876	0.500000	0.000000	0.571000
15.425876	0.500000	0.000000	0.571000
15.427876	0.500000	0.000000	0.571000
15.429876	0.500000	0.000000	0.571000
15.431876	0.500000	0.000000	0.571000
15.433876	0.500000	0.000000	0.571000
15.435876	0.500000	0.000000	0.571000
15.437876	0.500000	0.000000	0.571000
15.439876	0.500000	0.000000	0.571000
15.441876	0.500000	0.000000	0.571000
15.443876	0.500000	0.000000	0.571000
15.445876	0.500000	0.000000	0.571000
15.447876	0.500000	0.000000	0.571000
15.449876	0.500000	0.000000	0.571000
15.451876	0.500000	0.000000	0.571000
15.453876	0.500000	0.000000	0.571000
15.455876	0.500000	0.000000	0.571000
15.457876	0.500000	0.000000	0.571000
15.459876	0.500000	0.000000	0.571000
15.461876	0.500000	0.000000	0.571000
15.463876	0.500000	0.000000	0.571000
15.465876	0.500000	0.000000	0.571000
15.467876	0.500000	0.000000	0.571000
15.469876	0.500000	0.000000	0.571000
15.471876	0.500000	0.000000	0.571000
15.473876	0.500000	0.000000	0.571000
15.475876	0.500000	0.000000	0.571000
15.477876	0.500000	0.000000	0.571000
15.479876	0.500000	0.000000	0.571000
15.481876	0.500000	0.000000	0.571000
15.483876	0.500000	0.000000	0.571000
15.485876	0.500000	0.000000	0.571000
15.487876	0.500000	0.000000	0.571000
15.489876	0.500000	0.000000	0.571000
15.491876	0.500000	0.000000	0.571000
15.493876	0.500000	0.000000	0.571000
15.495876	0.500000	0.000000	0.571000
15.497876	0.500000	0.000000	0.571000
15.499876	0.500000	0.000000	0.571000
15.501876	0.500000	0.000000	0.571000
15.503876	0.500000	0.000000	0.571000
15.505876	0.500000	0.000000	0.571000
15.507876	0.500000	0.000000	0.571000
15.509876	0.500000	0.000000	0.571000
15.511876	0.500000	0.000000	0.571000
15.513876	0.500000	0.000000	0.571000
15.515876	0.500000	0.000000	0.571000
15.517876	0.500000	0.000000	0.571000
15.519876	0.500000	0.000000	0.571000
15.521876	0.500000	0.000000	0.571000
15.523876	0.500000	0.000000	0.571000
15.525876	0.500000	0.000000	0.571000
15.527876	0.500000	0.000000	0.571000
15.529876	0.500000	0.000000	0.571000
15.531876	0.500000	0.000000	0.571000
15.533876	0.500000	0.000000	0.571000
15.535876	0.500000	0.000000	0.571000
15.537876	0.500000	0.000000	0.571000
15.539876	0.500000	0.000000	0.571000
15.541876	0.500000	0.000000	0.571000
15.543876	0.500000	0.000000	0.571000
15.545876	0.500000	0.000000	0.571000
15.547876	0.500000	0.000000	0.571000
15.549876	0.500000	0.000000	0.571000
15.551876	0.500000	0.000000	0.571000
15.553876	0.500000	0.000000	0.571000
15.555876	0.500000	0.000000	0.571000
15.557876	0.500000	0.000000	0.571000
15.559876	0.500000	0.000000	0.571000
15.561876	0.500000	0.000000	0.571000
15.563876	0.500000	0.000000	0.571000
15.565876	0.500000	0.000000	0.571000
15.567876	0.500000	0.000000	0.571000
15.569876	0.500000	0.000000	0.571000
15.571876	0.500000	0.000000	0.571000
15.573876	0.500000	0.000000	0.571000
15.575876	0.500000	0.000000	0.571000
15.577876	0.500000	0.000000	0.571000
15.579876	0.500000	0.000000	0.571000
15.581876	0.500000	0.000000	0.571000
15.583876	0.500000	0.000000	0.571000
15.585876	0.500000	0.000000	0.571000
15.587876	0.500000	0.000000	0.571000
15.589876	0.500000	0.000000	0.571000
15.591876	0.500000	0.000000	0.571000
15.593876	0.500000	0.000000	0.571000
15.595876	0.500000	0.000000	0.571000
15.597876	0.500000	0.000000	0.571000
15.599876	0.500000	0.000000	0.571000
15.601876	0.500000	0.000000	0.571000
15.603876	0.500000	0.000000	0.571000
15.605876	0.500000	0.000000	0.571000
15.607876	0.500000	0.000000	0.571000
15.609876	0.500000	0.000000	0.571000
15.611876	0.500000	0.000000	0.571000
15.613876	0.500000	0.000000	0.571000
15.615876	0.500000	0.000000	0.571000
15.617876	0.500000	0.000000	0.571000
15.619876	0.500000	0.000000	0.571000
15.621876	0.500000	0.000000	0.571000
15.623876	0.500000	0.000000	0.571000
15.625876	0.500000	0.000000	0.571000
15.627876	0.500000	0.000000	0.571000
15.629876	0.500000	0.000000	0.571000
15.631876	0.500000	0.000000	0.571000
15.633876	0.500000	0.000000	0.571000
15.635876	0.500000	0.000000	0.571000
15.637876	0.500000	0.000000	0.571000
15.639876	0.500000	0.000000	0.571000
15.641876	0.500000	0.000000	0.571000
15.643876	0.500000	0.000000	0.571000
15.645876	0.500000	0.000000	0.571000
15.647876	0.500000	0.000000	0.571000
15.649876	0.500000	0.000000	0.571000
15.651876	0.500000	0.000000	0.571000
15.653876	0.500000	0.000000	0.571000
15.655876	0.500000	0.000000	0.571000
15.657876	0.500000	0.000000	0.571000
15.659876	0.500000	0.000000	0.571000
15.661876	0.500000	0.000000	0.571000
15.663876	0.500000	0.000000	0.571000
15.665876	0.500000	0.000000	0.571000
15.667876	0.500000	0.000000	0.571000
15.669876	0.500000	0.000000	0.571000
15.671876	0.500000	0.000000	0.571000
15.673876	0.500000	0.000000	0.571000
15.675876	0.500000	0.000000	0.571000
15.677876	0.500000	0.000000	0.571000
15.679876	0.500000	0.000000	0.571000
15.681876	0.500000	0.000000	0.571000
15.683876	0.500000	0.000000	0.571000
15.685876	0.500000	0.000000	0.571000
15.687876	0.500000	0.000000	0.571000
15.689876	0.500000	0.000000	0.571000
15.691876	0.500000	0.000000	0.571000
15.693876	0.500000	0.000000	0.571000
15.695876	0.500000	0.000000	0.571000
15.697876	0.500000	0.000000	0.571000
15.699876	0.500000	0.000000	0.571000
15.701876	0.500000	0.000000	0.571000
15.703876	0.500000	0.000000	0.571000
15.705876	0.500000	0.000000	0.571000
15.707876	0.500000	0.000000	0.571000
15.709876	0.500000	0.000000	0.571000
15.711876	0.500000	0.000000	0.571000
15.713876	0.500000	0.000000	0.571000
15.715876	0.500000	0.000000	0.571000
15.717876	0.500000	0.000000	0.571000
15.719876	0.500000	0.000000	0.571000
15.721876	0.500000	0.000000	0.571000
15.723876	0.500000	0.000000	0.571000
15.725876	0.500000	0.000000	0.571000
15.727876	0.500000	0.000000	0.571000
15.729876	0.500000	0.000000	0.571000
15.731876	0.500000	0.000000	0.571000
15.733876	0.500000	0.000000	0.571000
15.735876	0.500000	0.000000	0.571000
15.737876	0.500000	0.000000	0.571000
15.739876	0.500000	0.000000	0.571000
15.741876	0.500000	0.000000	0.571000
15.743876	0.500000	0.000000	0.571000
15.745876	0.500000	0.000000	0.571000
15.747876	0.500000	0.000000	0.571000
15.749876	0.500000	0.000000	0.571000
15.751876	0.500000	0.000000	0.571000
15.753876	0.500000	0.000000	0.571000
15.755876	0.500000	0.000000	0.571000
15.757876	0.500000	0.000000	0.571000
15.759876	0.500000	0.000000	0.571000
15.761876	0.500000	0.000000	0.571000
15.763876	0.500000	0.000000	0.571000
15.765876	0.500000	0.000000	0.571000
15.767876	0.500000	0.000000	0.571000
15.769876	0.500000	0.000000	0.571000
15.771876	0.500000	0.000000	0.571000
15.773876	0.500000	0.000000	0.571000
15.775876	0.500000	0.000000	0.571000
15.777876	0.500000	0.000000	0.571000
15.779876	0.500000	0.000000	0.571000
15.781876	0.500000	0.000000	0.571000
15.783876	0.500000	0.000000	0.571000
15.785876	0.500000	0.000000	0.571000
15.787876	0.500000	0.000000	0.571000
15.789876	0.500000	0.000000	0.571000
15.791876	0.500000	0.000000	0.571000
15.793876	0.500000	0.000000	0.571000
15.795876	0.500000	0.000000	0.571000
15.797876	0.500000	0.000000	0.571000
15.799876	0.500000	0.000000	0.571000
15.801876	0.500000	0.000000	0.571000
15.803876	0.500000	0.000000	0.571000
15.805876	0.500000	0.000000	0.571000
15.807876	0.500000	0.000000	0.571000
15.809876	0.500000	0.000000	0.571000
15.811876	0.500000	0.000000	0.571000
15.813876	0.500000	0.000000	0.571000
15.815876	0.500000	0.000000	0.571000
15.817876	0.500000	0.000000	0.571000
15.819876	0.500000	0.000000	0.571000
15.821876	0.500000	0.000000	0.571000
15.823876	0.500000	0.000000	0.571000
15.825876	0.500000	0.000000	0.571000
15.827876	0.500000	0.000000	0.571000
15.829876	0.500000	0.000000	0.571000
15.831876	0.500000	0.000000	0.571000
15.833876	0.500000	0.000000	0.571000
15.835876	0.500000	0.000000	0.571000
15.837876	0.500000	0.000000	0.571000
15.839876	0.500000	0.000000	0.571000
15.841876	0.500000	0.000000	0.571000
15.843876	0.500000	0.000000	0.571000
15.845876	0.500000	0.000000	0.571000
15.847876	0.500000	0.000000	0.571000
15.849876	0.500000	0.000000	0.571000
15.851876	0.500000	0.000000	0.571000
15.853876	0.500000	0.000000	0.571000
15.855876	0.500000	0.000000	0.571000
15.857876	0.500000	0.000000	0.571000
15.859876	0.500000	0.000000	0.571000
15.861876	0.500000	0.000000	0.571000
15.863876	0.500000	0.000000	0.571000
15.865876	0.500000	0.000000	0.571000
15.867876	0.500000	0.000000	0.571000
15.869876	0.500000	0.000000	0.571000
15.871876	0.500000	0.000000	0.571000
15.873876	0.500000	0.000000	0.571000
15.875876	0.500000	0.000000	0.571000
15.877876	0.500000	0.000000	0.571000
15.879876	0.500000	0.000000	0.571000
15.881876	0.500000	0.000000	0.571000
15.883876	0.500000	0.000000	0.571000
15.885876	0.500000	0.000000	0.571000
15.887876	0.500000	0.000000	0.571000
15.889876	0.500000	0.000000	0.571000
15.891876	0.500000	0.000000	0.571000
15.893876	0.500000	0.000000	0.571000
15.895876	0.500000	0.000000	0.571000
15.897876	0.500000	0.000000	0.571000
15.899876	0.500000	0.000000	0.571000
15.901876	0.500000	0.000000	0.571000
15.903876	0.500000	0.000000	0.571000
15.905876	0.500000	0.000000	0.571000
15.907876	0.500000	0.000000	0.571000
15.909876	0.500000	0.000000	0.571000
15.911876	0.500000	0.000000	0.571000
15.913876	0.500000	0.000000	0.571000
15.915876	0.500000	0.000000	0.571000
15.917876	0.500000	0.000000	0.571000
15.919876	0.500000	0.000000	0.571000
15.921876	0.500000	0.000000	0.571000
15.923876	0.500000	0.000000	0.571000
15.925876	0.500000	0.000000	0.571000
15.927876	0.500000	0.000000	0.571000
15.929876	0.500000	0.000000	0.571000
15.931876	0.500000	0.000000	0.571000
15.933876	0.500000	0.000000	0.571000
15.935876	0.500000	0.000000	0.571000
15.937876	0.500000	0.000000	0.571000
15.939876	0.500000	0.000000	0.571000
15.941876	0.500000	0.000000	0.571000
15.943876	0.500000	0.000000	0.571000
15.945876	0.500000	0.000000	0.571000
15.947876	0.500000	0.000000	0.571000
15.949876	0.500000	0.000000	0.571000
15.951876	0.500000	0.000000	0.571000
15.953876	0.500000	0.000000	0.571000
15.955876	0.500000	0.000000	0.571000
15.957876	0.500000	0.000000	0.571000
15.959876	0.500000	0.000000	0.571000
15.961876	0.500000	0.000000	0.571000
15.963876	0.500000	0.000000	0.571000
15.965876	0.500000	0.000000	0.571000
15.967876	0.500000	0.000000	0.571000
15.969876	0.500000	0.000000	0.571000
15.971876	0.500000	0.000000	0.571000
15.973876	0.500000	0.000000	0.571000
15.975876	0.500000	0.000000	0.571000
15.977876	0.500000	0.000000	0.571000
15.979876	0.500000	0.000000	0.571000
15.981876	0.500000	0.000000	0.571000
15.983876	0.500000	0.000000	0.571000
15.985876	0.500000	0.000000	0.571000
15.987876	0.500000	0.000000	0.571000
15.989876	0.500000	0.000000	0.571000
15.991876	0.500000	0.000000	0.571000
15.993876	0.500000	0.000000	0.571000
15.995876	0.500000	0.000000	0.571000
15.997876	0.500000	0.000000	0.571000
15.999876	0.500000	0.000000	0.571000
16.001876	0.500000	0.000000	0.571000
16.003876	0.500000	0.000000	0.571000
16.005876	0.500000	0.000000	0.571000
16.007876	0.500000	0.000000	0.571000
16.009876	0.500000	0.000000	0.571000
16.011876	0.500000	0.000000	0.571000
16.013876	0.500000	0.000000	0.571000
16.015876	0.500000	0.000000	0.571000
16.017876	0.500000	0.000000	0.571000
16.019876	0.500000	0.000000	0.571000
16.021876	0.500000	0.000000	0.571000
16.023876	0.500000	0.000000	0.571000
16.025876	0.500000	0.000000	0.571000
16.027876	0.500000	0.000000	0.571000
16.029876	0.500000	0.000000	0.571000
16.031876	0.500000	0.000000	0.571000
16.033876	0.500000	0.000000	0.571000
16.035876	0.500000	0.000000	0.571000
16.037876	0.500000	0.000000	0.571000
16.039876	0.500000	0.000000	0.571000
16.041876	0.500000	0.000000	0.571000
16.043876	0.500000	0.000000	0.571000
16.045876	0.500000	0.000000	0.571000
16.047876	0.500000	0.000000	0.571000
16.049876	0.500000	0.000000	0.571000
16.051876	0.500000	0.000000	0.571000
16.053876	0.500000	0.000000	0.571000
16.055876	0.500000	0.000000	0.571000
16.057876	0.500000	0.000000	0.571000
16.059876	0.500000	0.000000	0.571000
16.061876	0.500000	0.000000	0.571000
16.063876	0.500000	0.000000	0.571000
16.065876	0.500000	0.000000	0.571000
16.067876	0.500000	0.000000	0.571000
16.069876	0.500000	0.000000	0.571000
16.071876	0.500000	0.000000	0.571000
16.073876	0.500000	0.000000	0.571000
16.075876	0.500000	0.000000	0.571000
16.077876	0.500000	0.000000	0.571000
16.079876	0.500000	0.000000	0.571000
16.081876	0.500000	0.000000	0.571000
16.083876	0.500000	0.000000	0.571000
16.085876	0.500000	0.000000	0.571000
16.087876	0.500000	0.000000	0.571000
16.089876	0.500000	0.000000	0.571000
16.091876	0.500000	0.000000	0.571000
16.093876	0.500000	0.000000	0.571000
16.095876	0.500000	0.000000	0.571000
16.097876	0.500000	0.000000	0.571000
16.099876	0.500000	0.000000	0.571000
16.101876	0.500000	0.000000	0.571000
16.103876	0.500000	0.000000	0.571000
16.105876	0.500000	0.000000	0.571000
16.107876	0.500000	0.000000	0.571000
16.109876	0.500000	0.000000	0.571000
16.111876	0.500000	0.000000	0.571000
16.113876	0.500000	0.000000	0.571000
16.115876	0.500000	0.000000	0.571000
16.117876	0.500000	0.000000	0.571000
16.119876	0.500000	0.000000	0.571000
16.121876	0.500000	0.000000	0.571000
16.123876	0.500000	0.000000	0.571000
16.125876	0.500000	0.000000	0.571000
16.127876	0.500000	0.000000	0.571000
16.129876	0.500000	0.000000	0.571000
16.131876	0.500000	0.000000	0.571000
16.133876	0.500000	0.000000	0.571000
16.135876	0.500000	0.000000	0.571000
16.137876	0.500000	0.000000	0.571000
16.139876	0.500000	0.000000	0.571000
16.141876	0.500000	0.000000	0.571000
16.143876	0.500000	0.000000	0.571000
16.145876	0.500000	0.000000	0.571000
16.147876	0.500000	0.000000	0.571000
16.149876	0.500000	0.000000	0.571000
16.151876	0.500000	0.000000	0.571000
16.153876	0.500000	0.000000	0.571000
16.155876	0.500000	0.000000	0.571000
16.157876	0.500000	0.000000	0.571000
16.159876	0.500000	0.000000	0.571000
16.161876	0.500000	0.000000	0.571000
16.163876	0.500000	0.000000	0.571000
16.165876	0.500000	0.000000	0.571000
16.167876	0.500000	0.000000	0.571000
16.169876	0.500000	0.000000	0.571000
16.171876	0.500000	0.000000	0.571000
16.173876	0.500000	0.000000	0.571000
16.175876	0.500000	0.000000	0.571000
16.177876	0.500000	0.000000	0.571000
16.179876	0.500000	0.000000	0.571000
16.181876	0.500000	0.000000	0.571000
16.183876	0.500000	0.000000	0.571000
16.185876	0.500000	0.000000	0.571000
16.187876	0.500000	0.000000	0.571000
16.189876	0.500000	0.000000	0.571000
16.191876	0.500000	0.000000	0.571000
16.193876	0.500000	0.000000	0.571000
16.195876	0.500000	0.000000	0.571000
16.197876	0.500000	0.000000	0.571000
16.199876	0.500000	0.000000	0.571000
16.201876	0.500000	0.000000	0.571000
16.203876	0.500000	0.000000	0.571000
16.205876	0.500000	0.000000	0.571000
16.207876	0.500000	0.000000	0.571000
16.209876	0.500000	0.000000	0.571000
16.211876	0.500000	0.000000	0.571000
16.213876	0.500000	0.000000	0.571000
16.215876	0.500000	0.000000	0.571000
16.217876	0.500000	0.000000	0.571000
16.219876	0.500000	0.000000	0.571000
16.221876	0.500000	0.000000	0.571000
16.223876	0.500000	0.000000	0.571000
16.225876	0.500000	0.000000	0.571000
16.227876	0.500000	0.000000	0.571000
16.229876	0.500000	0.000000	0.571000
16.231876	0.500000	0.000000	0.571000
16.233876	0.500000	0.000000	0.571000
16.235876	0.500000	0.000000	0.571000
16.237876	0.500000	0.000000	0.571000
16.239876	0.500000	0.000000	0.571000
16.241876	0.500000	0.000000	0.571000
16.243876	0.500000	0.000000	0.571000
16.245876	0.500000	0.000000	0.571000
16.247876	0.500000	0.000000	0.571000
16.249876	0.500000	0.000000	0.571000
16.251876	0.500000	0.000000	0.571000
16.253876	0.500000	0.000000	0.571000
16.255876	0.500000	0.000000	0.571000
16.257876	0.500000	0.000000	0.571000
16.259876	0.500000	0.000000	0.571000
16.261876	0.500000	0.000000	0.571000
16.263876	0.500000	0.000000	0.571000
16.265876	0.500000	0.000000	0.571000
16.267876	0.500000	0.000000	0.571000
16.269876	0.500000	0.000000	0.571000
16.271876	0.500000	0.000000	0.571000
16.273876	0.500000	0.000000	0.571000
16.275876	0.500000	0.000000	0.571000
16.277876	0.500000	0.000000	0.571000
16.279876	0.500000	0.000000	0.571000
16.281876	0.500000	0.000000	0.571000
16.283876	0.500000	0.000000	0.571000
16.285876	0.500000	0.000000	0.571000
16.287876	0.500000	0.000000	0.571000
16.289876	0.500000	0.000000	0.571000
16.291876	0.500000	0.000000	0.571000
16.293876	0.500000	0.000000	0.571000
16.295876	0.500000	0.000000	0.571000
16.297876	0.500000	0.000000	0.571000
16.299876	0.500000	0.000000	0.571000
16.301876	0.500000	0.000000	0.571000
16.303876	0.500000	0.000000	0.571000
16.305876	0.500000	0.000000	0.571000
16.307876	0.500000	0.000000	0.571000
16.309876	0.500000	0.000000	0.571000
16.311876	0.500000	0.000000	0.571000
16.313876	0.500000	0.000000	0.571000
16.315876	0.500000	0.000000	0.571000
16.317876	0.500000	0.000000	0.571000
16.319876	0.500000	0.000000	0.571000
16.321876	0.500000	0.000000	0.571000
16.323876	0.500000	0.000000	0.571000
16.325876	0.500000	0.000000	0.571000
16.327876	0.500000	0.000000	0.571000
16.329876	0.500000	0.000000	0.571000
16.331876	0.500000	0.000000	0.571000
16.333876	0.500000	0.000000	0.571000
16.335876	0.500000	0.000000	0.571000
16.337876	0.500000	0.000000	0.571000
16.339876	0.500000	0.000000	0.571000
16.341876	0.500000	0.000000	0.571000
16.343876	0.500000	0.000000	0.571000
16.345876	0.500000	0.000000	0.571000
16.347876	0.500000	0.000000	0.571000
16.349876	0.500000	0.000000	0.571000
16.351876	0.500000	0.000000	0.571000
16.353876	0.500000	0.000000	0.571000
16.355876	0.500000	0.000000	0.571000
16.357876	0.500000	0.000000	0.571000
16.359876	0.500000	0.000000	0.571000
16.361876	0.500000	0.000000	0.571000
16.363876	0.500000	0.000000	0.571000
16.365876	0.500000	0.000000	0.571000
16.367876	0.500000	0.000000	0.571000
16.369876	0.500000	0.000000	0.571000
16.371876	0.500000	0.000000	0.571000
16.373876	0.500000	0.000000	0.571000
16.375876	0.500000	0.000000	0.571000
16.377876	0.500000	0.000000	0.571000
16.379876	0.500000	0.000000	0.571000
16.381876	0.500000	0.000000	0.571000
16.383876	0.500000	0.000000	0.571000
16.385876	0.500000	0.000000	0.571000
16.387876	0.500000	0.000000	0.571000
16.389876	0.500000	0.000000	0.571000
16.391876	0.500000	0.000000	0.571000
16.393876	0.500000	0.000000	0.571000
16.395876	0.500000	0.000000	0.571000
16.397876	0.500000	0.000000	0.571000
16.399876	0.500000	0.000000	0.571000
16.401876	0.500000	0.000000	0.571000
16.403876	0.500000	0.000000	0.571000
16.405876	0.500000	0.000000	0.571000
16.407876	0.500000	0.000000	0.571000
16.409876	0.500000	0.000000	0.571000
16.411876	0.500000	0.000000	0.571000
16.413876	0.500000	0.000000	0.571000
16.415876	0.500000	0.000000	0.571000
16.417876	0.500000	0.000000	0.571000
16.419876	0.500000	0.000000	0.571000
16.421876	0.500000	0.000000	0.571000
16.423876	0.500000	0.000000	0.571000
16.425876	0.500000	0.000000	0.571000
16.427876	0.500000	0.000000	0.571000
16.429876	0.500000	0.000000	0.571000
16.431876	0.500000	0.000000	0.571000
16.433876	0.500000	0.000000	0.571000
16.435876	0.500000	0.000000	0.571000
16.437876	0.500000	0.000000	0.571000
16.439876	0.500000	0.000000	0.571000
16.441876	0.500000	0.000000	0.571000
16.443876	0.500000	0.000000	0.571000
16.445876	0.500000	0.000000	0.571000
16.447876	0.500000	0.000000	0.571000
16.449876	0.500000	0.000000	0.571000
16.451876	0.500000	0.000000	0.571000
16.453876	0.500000	0.000000	0.571000
16.455876	0.500000	0.000000	0.571000
16.457876	0.500000	0.000000	0.571000
16.459876	0.500000	0.000000	0.571000
16.461876	0.500000	0.000000	0.571000
16.463876	0.500000	0.000000	0.571000
16.465876	0.500000	0.000000	0.571000
16.467876	0.500000	0.000000	0.571000
16.469876	0.500000	0.000000	0.571000
16.471876	0.500000	0.000000	0.571000
16.473876	0.500000	0.000000	0.571000
16.475876	0.500000	0.000000	0.571000
16.477876	0.500000	0.000000	0.571000
16.479876	0.500000	0.000000	0.571000
16.481876	0.500000	0.000000	0.571000
16.483876	0.500000	0.000000	0.571000
16.485876	0.500000	0.000000	0.571000
16.487876	0.500000	0.000000	0.571000
16.489876	0.500000	0.000000	0.571000
16.491876	0.500000	0.000000	0.571000
16.493876	0.500000	0.000000	0.571000
16.495876	0.500000	0.000000	0.571000
16.497876	0.500000	0.000000	0.571000
16.499876	0.500000	0.000000	0.571000
16.501876	0.500000	0.000000	0.571000
16.503876	0.500000	0.000000	0.571000
16.505876	0.500000	0.000000	0.571000
16.507876	0.500000	0.000000	0.571000
16.509876	0.500000	0.000000	0.571000
16.511876	0.500000	0.000000	0.571000
16.513876	0.500000	0.000000	0.571000
16.515876	0.500000	0.000000	0.571000
16.517876	0.500000	0.000000	0.571000
16.519876	0.500000	0.000000	0.571000
16.521876	0.500000	0.000000	0.571000
16.523876	0.500000	0.000000	0.571000
16.525876	0.500000	0.000000	0.571000
16.527876	0.500000	0.000000	0.571000
16.529876	0.500000	0.000000	0.571000
16.531876	0.500000	0.000000	0.571000
16.533876	0.500000	0.000000	0.571000
16.535876	0.500000	0.000000	0.571000
16.537876	0.500000	0.000000	0.571000
16.539876	0.500000	0.000000	0.571000
16.541876	0.500000	0.000000	0.571000
16.543876	0.500000	0.000000	0.571000
16.545876	0.500000	0.000000	0.571000
16.547876	0.500000	0.000000	0.571000
16.549876	0.500000	0.000000	0.571000
16.551876	0.500000	0.000000	0.571000
16.553876	0.500000	0.000000	0.571000
16.555876	0.500000	0.000000	0.571000
16.557876	0.500000	0.000000	0.571000
16.559876	0.500000	0.000000	0.571000
16.561876	0.500000	0.000000	0.571000
16.563876	0.500000	0.000000	0.571000
16.565876	0.500000	0.000000	0.571000
16.567876	0.500000	0.000000	0.571000
16.569876	0.500000	0.000000	0.571000
16.571876	0.500000	0.000000	0.571000
16.573876	0.500000	0.000000	0.571000
16.575876	0.500000	0.000000	0.571000
16.577876	0.500000	0.000000	0.571000
16.579876	0.500000	0.000000	0.571000
16.581876	0.500000	0.000000	0.571000
16.583876	0.500000	0.000000	0.571000
16.585876	0.500000	0.000000	0.571000
16.587876	0.500000	0.000000	0.571000
16.589876	0.500000	0.000000	0.571000
16.591876	0.500000	0.000000	0.571000
16.593876	0.500000	0.000000	0.571000
16.595876	0.500000	0.000000	0.571000
16.597876	0.500000	0.000000	0.571000
16.599876	0.500000	0.000000	0.571000
16.601876	0.500000	0.000000	0.571000
16.603876	0.500000	0.000000	0.571000
16.605876	0.500000	0.000000	0.571000
16.607876	0.500000	0.000000	0.571000
16.609876	0.500000	0.000000	0.571000
16.611876	0.500000	0.000000	0.571000
16.613876	0.500000	0.000000	0.571000
16.615876	0.500000	0.000000	0.571000
16.617876	0.500000	0.000000	0.571000
16.619876	0.500000	0.000000	0.571000
16.621876	0.500000	0.000000	0.571000
16.623876	0.500000	0.000000	0.571000
16.625876	0.500000	0.000000	0.571000
16.627876	0.500000	0.000000	0.571000
16.629876	0.500000	0.000000	0.571000
16.631876	0.500000	0.000000	0.571000
16.633876	0.500000	0.000000	0.571000
16.635876	0.500000	0.000000	0.571000
16.637876	0.500000	0.000000	0.571000
16.639876	0.500000	0.000000	0.571000
16.641876	0.500000	0.000000	0.571000
16.643876	0.500000	0.000000	0.571000
16.645876	0.500000	0.000000	0.571000
16.647876	0.500000	0.000000	0.571000
16.649876	0.500000	0.000000	0.571000
16.651876	0.500000	0.000000	0.571000
16.653876	0.500000	0.000000	0.571000
16.655876	0.500000	0.000000	0.571000
16.657876	0.500000	0.000000	0.571000
16.659876	0.500000	0.000000	0.571000
16.661876	0.500000	0.000000	0.571000
16.663876	0.500000	0.000000	0.571000
16.665876	0.500000	0.000000	0.571000
16.667876	0.500000	0.000000	0.571000
16.669876	0.500000	0.000000	0.571000
16.671876	0.500000	0.000000	0.571000
16.673876	0.500000	0.000000	0.571000
16.675876	0.500000	0.000000	0.571000
16.677876	0.500000	0.000000	0.571000
16.679876	0.500000	0.000000	0.571000
16.681876	0.500000	0.000000	0.571000
16.683876	0.500000	0.000000	0.571000
16.685876	0.500000	0.000000	0.571000
16.687876	0.500000	0.000000	0.571000
16.689876	0.500000	0.000000	0.571000
16.691876	0.500000	0.000000	0.571000
16.693876	0.500000	0.000000	0.571000
16.695876	0.500000	0.000000	0.571000
16.697876	0.500000	0.000000	0.571000
16.699876	0.500000	0.000000	0.571000
16.701876	0.500000	0.000000	0.571000
16.703876	0.500000	0.000000	0.571000
16.705876	0.500000	0.000000	0.571000
16.707876	0.500000	0.000000	0.571000
16.709876	0.500000	0.000000	0.571000
16.711876	0.500000	0.000000	0.571000
16.713876	0.500000	0.000000	0.571000
16.715876	0.500000	0.000000	0.571000
16.717876	0.500000	0.000000	0.571000
16.719876	0.500000	0.000000	0.571000
16.721876	0.500000	0.000000	0.571000
16.723876	0.500000	0.000000	0.571000
16.725876	0.500000	0.000000	0.571000
16.727876	0.500000	0.000000	0.571000
16.729876	0.500000	0.000000	0.571000
16.731876	0.500000	0.000000	0.571000
16.733876	0.500000	0.000000	0.571000
16.735876	0.500000	0.000000	0.571000
16.737876	0.500000	0.000000	0.571000
16.739876	0.500000	0.000000	0.571000
16.741876	0.500000	0.000000	0.571000
16.743876	0.500000	0.000000	0.571000
16.745876	0.500000	0.000000	0.571000
16.747876	0.500000	0.000000	0.571000
16.749876	0.500000	0.000000	0.571000
16.751876	0.500000	0.000000	0.571000
16.753876	0.500000	0.000000	0.571000
16.755876	0.500000	0.000000	0.571000
16.757876	0.500000	0.000000	0.571000
16.759876	0.500000	0.000000	0.571000
16.761876	0.500000	0.000000	0.571000
16.763876	0.500000	0.000000	0.571000
16.765876	0.500000	0.000000	0.571000
16.767876	0.500000	0.000000	0.571000
16.769876	0.500000	0.000000	0.571000
16.771876	0.500000	0.000000	0.571000
16.773876	0.500000	0.000000	0.571000
16.775876	0.500000	0.000000	0.571000
16.777876	0.500000	0.000000	0.571000
16.779876	0.500000	0.000000	0.571000
16.781876	0.500000	0.000000	0.571000
16.783876	0.500000	0.000000	0.571000
16.785876	0.500000	0.000000	0.571000
16.787876	0.500000	0.000000	0.571000
16.789876	0.500000	0.000000	0.571000
16.791876	0.500000	0.000000	0.571000
16.793876	0.500000	0.000000	0.571000
16.795876	0.500000	0.000000	0.571000
16.797876	0.500000	0.000000	0.571000
16.799876	0.500000	0.000000	0.571000
16.801876	0.500000	0.000000	0.571000
16.803876	0.500000	0.000000	0.571000
16.805876	0.500000	0.000000	0.571000
16.807876	0.500000	0.000000	0.571000
16.809876	0.500000	0.000000	0.571000
16.811876	0.500000	0.000000	0.571000
16.813876	0.500000	0.000000	0.571000
16.815876	0.500000	0.000000	0.571000
16.817876	0.500000	0.000000	0.571000
16.819876	0.500000	0.000000	0.571000
16.821876	0.500000	0.000000	0.571000
16.823876	0.500000	0.000000	0.571000
16.825876	0.500000	0.000000	0.571000
16.827876	0.500000	0.000000	0.571000
16.829876	0.500000	0.000000	0.571000
16.831876	0.500000	0.000000	0.571000
16.833876	0.500000	0.000000	0.571000
16.835876	0.500000	0.000000	0.571000
16.837876	0.500000	0.000000	0.571000
16.839876	0.500000	0.000000	0.571000
16.841876	0.500000	0.000000	0.571000
16.843876	0.500000	0.000000	0.571000
16.845876	0.500000	0.000000	0.571000
16.847876	0.500000	0.000000	0.571000
16.849876	0.500000	0.000000	0.571000
16.851876	0.500000	0.000000	0.571000
16.853876	0.500000	0.000000	0.571000
16.855876	0.500000	0.000000	0.571000
16.857876	0.500000	0.000000	0.571000
16.859876	0.500000	0.000000	0.571000
16.861876	0.500000	0.000000	0.571000
16.863876	0.500000	0.000000	0.571000
16.865876	0.500000	0.000000	0.571000
16.867876	0.500000	0.000000	0.571000
16.869876	0.500000	0.000000	0.571000
16.871876	0.500000	0.000000	0.571000
16.873876	0.500000	0.000000	0.571000
16.875876	0.500000	0.000000	0.571000
16.877876	0.500000	0.000000	0.571000
16.879876	0.500000	0.000000	0.571000
16.881876	0.500000	0.000000	0.571000
16.883876	0.500000	0.000000	0.571000
16.885876	0.500000	0.000000	0.571000
16.887876	0.500000	0.000000	0.571000
16.889876	0.500000	0.000000	0.571000
16.891876	0.500000	0.000000	0.571000
16.893876	0.500000	0.000000	0.571000
16.895876	0.500000	0.000000	0.571000
16.897876	0.500000	0.000000	0.571000
16.899876	0.500000	0.000000	0.571000
16.901876	0.500000	0.000000	0.571000
16.903876	0.500000	0.000000	0.571000
16.905876	0.500000	0.000000	0.571000
16.907876	0.500000	0.000000	0.571000
16.909876	0.500000	0.000000	0.571000
16.911876	0.500000	0.000000	0.571000
16.913876	0.500000	0.000000	0.571000
16.915876	0.500000	0.000000	0.571000
16.917876	0.500000	0.000000	0.571000
16.919876	0.500000	0.000000	0.571000
16.921876	0.500000	0.000000	0.571000
16.923876	0.500000	0.000000	0.571000
16.925876	0.500000	0.000000	0.571000
16.927876	0.500000	0.000000	0.571000
16.929876	0.500000	0.000000	0.571000
16.931876	0.500000	0.000000	0.571000
16.933876	0.500000	0.000000	0.571000
16.935876	0.500000	0.000000	0.571000
16.937876	0.500000	0.000000	0.571000
16.939876	0.500000	0.000000	0.571000
16.941876	0.500000	0.000000	0.571000
16.943876	0.500000	0.000000	0.571000
16.945876	0.500000	0.000000	0.571000
16.947876	0.500000	0.000000	0.571000
16.949876	0.500000	0.000000	0.571000
16.951876	0.500000	0.000000	0.571000
16.953876	0.500000	0.000000	0.571000
16.955876	0.500000	0.000000	0.571000
16.957876	0.500000	0.000000	0.571000
16.959876	0.500000	0.000000	0.571000
16.961876	0.500000	0.000000	0.571000
16.963876	0.500000	0.000000	0.571000
16.965876	0.500000	0.000000	0.571000
16.967876	0.500000	0.000000	0.571000
16.969876	0.500000	0.000000	0.571000
16.971876	0.500000	0.000000	0.571000
16.973876	0.500000	0.000000	0.571000
16.975876	0.500000	0.000000	0.571000
16.977876	0.500000	0.000000	0.571000
16.979876	0.500000	0.000000	0.571000
16.981876	0.500000	0.000000	0.571000
16.983876	0.500000	0.000000	0.571000
16.985876	0.500000	0.000000	0.571000
16.987876	0.500000	0.000000	0.571000
16.989876	0.500000	0.000000	0.571000
16.991876	0.500000	0.000000	0.571000
16.993876	0.500000	0.000000	0.571000
16.995876	0.500000	0.000000	0.571000
16.997876	0.500000	0.000000	0.571000
16.999876	0.500000	0.000000	0.571000
17.001876	0.500000	0.000000	0.571000
17.003876	0.500000	0.000000	0.571000
17.005876	0.500000	0.000000	0.571000
17.007876	0.500000	0.000000	0.571000
17.009876	0.500000	0.000000	0.571000
17.011876	0.500000	0.000000	0.571000
17.013876	0.500000	0.000000	0.571000
17.015876	0.500000	0.000000	0.571000
17.017876	0.500000	0.000000	0.571000
17.019876	0.500000	0.000000	0.571000
17.021876	0.500000	0.000000	0.571000
17.023876	0.500000	0.000000	0.571000
17.025876	0.500000	0.000000	0.571000
17.027876	0.500000	0.000000	0.571000
17.029876	0.500000	0.000000	0.571000
17.031876	0.500000	0.000000	0.571000
17.033876	0.500000	0.000000	0.571000
17.035876	0.500000	0.000000	0.571000
17.037876	0.500000	0.000000	0.571000
17.039876	0.500000	0.000000	0.571000
17.041876	0.500000	0.000000	0.571000
17.043876	0.500000	0.000000	0.571000
17.045876	0.500000	0.000000	0.571000
17.047876	0.500000	0.000000	0.571000
17.049876	0.500000	0.000000	0.571000
17.051876	0.500000	0.000000	0.571000
17.053876	0.500000	0.000000	0.571000
17.055876	0.500000	0.000000	0.571000
17.057876	0.500000	0.000000	0.571000
17.059876	0.500000	0.000000	0.571000
17.061876	0.500000	0.000000	0.571000
17.063876	0.500000	0.000000	0.571000
17.065876	0.500000	0.000000	0.571000
17.067876	0.500000	0.000000	0.571000
17.069876	0.500000	0.000000	0.571000
17.071876	0.500000	0.000000	0.571000
17.073876	0.500000	0.000000	0.571000
17.075876	0.500000	0.000000	0.571000
17.077876	0.500000	0.000000	0.571000
17.079876	0.500000	0.000000	0.571000
17.081876	0.500000	0.000000	0.571000
17.083876	0.500000	0.000000	0.571000
17.085876	0.500000	0.000000	0.571000
17.087876	0.500000	0.000000	0.571000
17.089876	0.500000	0.000000	0.571000
17.091876	0.500000	0.000000	0.571000
17.093876	0.500000	0.000000	0.571000
17.095876	0.500000	0.000000	0.571000
17.097876	0.500000	0.000000	0.571000
17.099876	0.500000	0.000000	0.571000
17.101876	0.500000	0.000000	0.571000
17.103876	0.500000	0.000000	0.571000
17.105876	0.500000	0.000000	0.571000
17.107876	0.500000	0.000000	0.571000
17.109876	0.500000	0.000000	0.571000
17.111876	0.500000	0.000000	0.571000
17.113876	0.500000	0.000000	0.571000
17.115876	0.500000	0.000000	0.571000
17.117876	0.500000	0.000000	0.571000
17.119876	0.500000	0.000000	0.571000
17.121876	0.500000	0.000000	0.571000
17.123876	0.500000	0.000000	0.571000
17.125876	0.500000	0.000000	0.571000
17.127876	0.500000	0.000000	0.571000
17.129876	0.500000	0.000000	0.571000
17.131876	0.500000	0.000000	0.571000
17.133876	0.500000	0.000000	0.571000
17.135876	0.500000	0.000000	0.571000
17.137876	0.500000	0.000000	0.571000
17.139876	0.500000	0.000000	0.571000
17.141876	0.500000	0.000000	0.571000
17.143876	0.500000	0.000000	0.571000
17.145876	0.500000	0.000000	0.571000
17.147876	0.500000	0.000000	0.571000
17.149876	0.500000	0.000000	0.571000
17.151876	0.500000	0.000000	0.571000
17.153876	0.500000	0.000000	0.571000
17.155876	0.500000	0.000000	0.571000
17.157876	0.500000	0.000000	0.571000
17.159876	0.500000	0.000000	0.571000
17.161876	0.500000	0.000000	0.571000
17.163876	0.500000	0.000000	0.571000
17.165876	0.500000	0.000000	0.571000
17.167876	0.500000	0.000000	0.571000
17.169876	0.500000	0.000000	0.571000
17.171876	0.500000	0.000000	0.571000
17.173876	0.500000	0.000000	0.571000
17.175876	0.500000	0.000000	0.571000
17.177876	0.500000	0.000000	0.571000
17.179876	0.500000	0.000000	0.571000
17.181876	0.500000	0.000000	0.571000
17.183876	0.500000	0.000000	0.571000
17.185876	0.500000	0.000000	0.571000
17.187876	0.500000	0.000000	0.571000
17.189876	0.500000	0.000000	0.571000
17.191876	0.500000	0.000000	0.571000
17.193876	0.500000	0.000000	0.571000
17.195876	0.500000	0.000000	0.571000
17.197876	0.500000	0.000000	0.571000
17.199876	0.500000	0.000000	0.571000
17.201876	0.500000	0.000000	0.571000
17.203876	0.500000	0.000000	0.571000
17.205876	0.500000	0.000000	0.571000
17.207876	0.500000	0.000000	0.571000
17.209876	0.500000	0.000000	0.571000
17.211876	0.500000	0.000000	0.571000
17.213876	0.500000	0.000000	0.571000
17.215876	0.500000	0.000000	0.571000
17.217876	0.500000	0.000000	0.571000
17.219876	0.500000	0.000000	0.571000
17.221876	0.500000	0.000000	0.571000
17.223876	0.500000	0.000000	0.571000
17.225876	0.500000	0.000000	0.571000
17.227876	0.500000	0.000000	0.571000
17.229876	0.500000	0.000000	0.571000
17.231876	0.500000	0.000000	0.571000
17.233876	0.500000	0.000000	0.571000
17.235876	0.500000	0.000000	0.571000
17.237876	0.500000	0.000000	0.571000
17.239876	0.500000	0.000000	0.571000
17.241876	0.500000	0.000000	0.571000
17.243876	0.500000	0.000000	0.571000
17.245876	0.500000	0.000000	0.571000
17.247876	0.500000	0.000000	0.571000
17.249876	0.500000	0.000000	0.571000
17.251876	0.500000	0.000000	0.571000
17.253876	0.500000	0.000000	0.571000
17.255876	0.500000	0.000000	0.571000
17.257876	0.500000	0.000000	0.571000
17.259876	0.500000	0.000000	0.571000
17.261876	0.500000	0.000000	0.571000
17.263876	0.500000	0.000000	0.571000
17.265876	0.500000	0.000000	0.571000
17.267876	0.500000	0.000000	0.571000
17.269876	0.500000	0.000000	0.571000
17.271876	0.500000	0.000000	0.571000
17.273876	0.500000	0.000000	0.571000
17.275876	0.500000	0.000000	0.571000
17.277876	0.500000	0.000000	0.571000
17.279876	0.500000	0.000000	0.571000
17.281876	0.500000	0.000000	0.571000
17.283876	0.500000	0.000000	0.571000
17.285876	0.500000	0.000000	0.571000
17.287876	0.500000	0.000000	0.571000
17.289876	0.500000	0.000000	0.571000
17.291876	0.500000	0.000000	0.571000
17.293876	0.500000	0.000000	0.571000
17.295876	0.500000	0.000000	0.571000
17.297876	0.500000	0.000000	0.571000
17.299876	0.500000	0.000000	0.571000
17.301876	0.500000	0.000000	0.571000
17.303876	0.500000	0.000000	0.571000
17.305876	0.500000	0.000000	0.571000
17.307876	0.500000	0.000000	0.571000
17.309876	0.500000	0.000000	0.571000
17.311876	0.500000	0.000000	0.571000
17.313876	0.500000	0.000000	0.571000
17.315876	0.500000	0.000000	0.571000
17.317876	0.500000	0.000000	0.571000
17.319876	0.500000	0.000000	0.571000
17.321876	0.500000	0.000000	0.571000
17.323876	0.500000	0.000000	0.571000
17.325876	0.500000	0.000000	0.571000
17.327876	0.500000	0.000000	0.571000
17.329876	0.500000	0.000000	0.571000
17.331876	0.500000	0.000000	0.571000
17.333876	0.500000	0.000000	0.571000
17.335876	0.500000	0.000000	0.571000
17.337876	0.500000	0.000000	0.571000
17.339876	0.500000	0.000000	0.571000
17.341876	0.500000	0.000000	0.571000
17.343876	0.500000	0.000000	0.571000
17.345876	0.500000	0.000000	0.571000
17.347876	0.500000	0.000000	0.571000
17.349876	0.500000	0.000000	0.571000
17.351876	0.500000	0.000000	0.571000
17.353876	0.500000	0.000000	0.571000
17.355876	0.500000	0.000000	0.571000
17.357876	0.500000	0.000000	0.571000
17.359876	0.500000	0.000000	0.571000
17.361876	0.500000	0.000000	0.571000
17.363876	0.500000	0.000000	0.571000
17.365876	0.500000	0.000000	0.571000
17.367876	0.500000	0.000000	0.571000
17.369876	0.500000	0.000000	0.571000
17.371876	0.500000	0.000000	0.571000
17.373876	0.500000	0.000000	0.571000
17.375876	0.500000	0.000000	0.571000
17.377876	0.500000	0.000000	0.571000
17.379876	0.500000	0.000000	0.571000
17.381876	0.500000	0.000000	0.571000
17.383876	0.500000	0.000000	0.571000
17.385876	0.500000	0.000000	0.571000
17.387876	0.500000	0.000000	0.571000
17.389876	0.500000	0.000000	0.571000
17.391876	0.500000	0.000000	0.571000
17.393876	0.500000	0.000000	0.571000
17.395876	0.500000	0.000000	0.571000
17.397876	0.500000	0.000000	0.571000
17.399876	0.500000	0.000000	0.571000
17.401876	0.500000	0.000000	0.571000
17.403876	0.500000	0.000000	0.571000
17.405876	0.500000	0.000000	0.571000
17.407876	0.500000	0.000000	0.571000
17.409876	0.500000	0.000000	0.571000
17.411876	0.500000	0.000000	0.571000
17.413876	0.500000	0.000000	0.571000
17.415876	0.500000	0.000000	0.571000
17.417876	0.500000	0.000000	0.571000
17.419876	0.500000	0.000000	0.571000
17.421876	0.500000	0.000000	0.571000
17.423876	0.500000	0.000000	0.571000
17.425876	0.500000	0.000000	0.571000
17.427876	0.500000	0.000000	0.571000
17.429876	0.500000	0.000000	0.571000
17.431876	0.500000	0.000000	0.571000
17.433876	0.500000	0.000000	0.571000
17.435876	0.500000	0.000000	0.571000
17.437876	0.500000	0.000000	0.571000
17.439876	0.500000	0.000000	0.571000
17.441876	0.500000	0.000000	0.571000
17.443876	0.500000	0.000000	0.571000
17.445876	0.500000	0.000000	0.571000
17.447876	0.500000	0.000000	0.571000
17.449876	0.500000	0.000000	0.571000
17.451876	0.500000	0.000000	0.571000
17.453876	0.500000	0.000000	0.571000
17.455876	0.500000	0.000000	0.571000
17.457876	0.500000	0.000000	0.571000
17.459876	0.500000	0.000000	0.571000
17.461876	0.500000	0.000000	0.571000
17.463876	0.500000	0.000000	0.571000
17.465876	0.500000	0.000000	0.571000
17.467876	0.500000	0.000000	0.571000
17.469876	0.500000	0.000000	0.571000
17.471876	0.500000	0.000000	0.571000
17.473876	0.500000	0.000000	0.571000
17.475876	0.500000	0.000000	0.571000
17.477876	0.500000	0.000000	0.571000
17.479876	0.500000	0.000000	0.571000
17.481876	0.500000	0.000000	0.571000
17.483876	0.500000	0.000000	0.571000
17.485876	0.500000	0.000000	0.571000
17.487876	0.500000	0.000000	0.571000
17.489876	0.500000	0.000000	0.571000
17.491876	0.500000	0.000000	0.571000
17.493876	0.500000	0.000000	0.571000
17.495876	0.500000	0.000000	0.571000
17.497876	0.500000	0.000000	0.571000
17.499876	0.500000	0.000000	0.571000
17.501876	0.500000	0.000000	0.571000
17.503876	0.500000	0.000000	0.571000
17.505876	0.500000	0.000000	0.571000
17.507876	0.500000	0.000000	0.571000
17.509876	0.500000	0.000000	0.571000
17.511876	0.500000	0.000000	0.571000
17.513876	0.500000	0.000000	0.571000
17.515876	0.500000	0.000000	0.571000
17.517876	0.500000	0.000000	0.571000
17.519876	0.500000	0.000000	0.571000
17.521876	0.500000	0.000000	0.571000
17.523876	0.500000	0.000000	0.571000
17.525876	0.500000	0.000000	0.571000
17.527876	0.500000	0.000000	0.571000
17.529876	0.500000	0.000000	0.571000
17.531876	0.500000	0.000000	0.571000
17.533876	0.500000	0.000000	0.571000
17.535876	0.500000	0.000000	0.571000
17.537876	0.500000	0.000000	0.571000
17.539876	0.500000	0.000000	0.571000
17.541876	0.500000	0.000000	0.571000
17.543876	0.500000	0.000000	0.571000
17.545876	0.500000	0.000000	0.571000
17.547876	0.500000	0.000000	0.571000
17.549876	0.500000	0.000000	0.571000
17.551876	0.500000	0.000000	0.571000
17.553876	0.500000	0.000000	0.571000
17.555876	0.500000	0.000000	0.571000
17.557876	0.500000	0.000000	0.571000
17.559876	0.500000	0.000000	0.571000
17.561876	0.500000	0.000000	0.571000
17.563876	0.500000	0.000000	0.571000
17.565876	0.500000	0.000000	0.571000
17.567876	0.500000	0.000000	0.571000
17.569876	0.500000	0.000000	0.571000
17.571876	0.500000	0.000000	0.571000
17.573876	0.500000	0.000000	0.571000
17.575876	0.500000	0.000000	0.571000
17.577876	0.500000	0.000000	0.571000
17.579876	0.500000	0.000000	0.571000
17.581876	0.500000	0.000000	0.571000
17.583876	0.500000	0.000000	0.571000
17.585876	0.500000	0.000000	0.571000
17.587876	0.500000	0.000000	0.571000
17.589876	0.500000	0.000000	0.571000
17.591876	0.500000	0.000000	0.571000
17.593876	0.500000	0.000000	0.571000
17.595876	0.500000	0.000000	0.571000
17.597876	0.500000	0.000000	0.571000
17.599876	0.500000	0.000000	0.571000
17.601876	0.500000	0.000000	0.571000
17.603876	0.500000	0.000000	0.571000
17.605876	0.500000	0.000000	0.571000
17.607876	0.500000	0.000000	0.571000
17.609876	0.500000	0.000000	0.571000
17.611876	0.500000	0.000000	0.571000
17.613876	0.500000	0.000000	0.571000
17.615876	0.500000	0.000000	0.571000
17.617876	0.500000	0.000000	0.571000
17.619876	0.500000	0.000000	0.571000
17.621876	0.500000	0.000000	0.571000
17.623876	0.500000	0.000000	0.571000
17.625876	0.500000	0.000000	0.571000
17.627876	0.500000	0.000000	0.571000
17.629876	0.500000	0.000000	0.571000
17.631876	0.500000	0.000000	0.571000
17.633876	0.500000	0.000000	0.571000
17.635876	0.500000	0.000000	0.571000
17.637876	0.500000	0.000000	0.571000
17.639876	0.500000	0.000000	0.571000
17.641876	0.500000	0.000000	0.571000
17.643876	0.500000	0.000000	0.571000
17.645876	0.500000	0.000000	0.571000
17.647876	0.500000	0.000000	0.571000
17.649876	0.500000	0.000000	0.571000
17.651876	0.500000	0.000000	0.571000
17.653876	0.500000	0.000000	0.571000
17.655876	0.500000	0.000000	0.571000
17.657876	0.500000	0.000000	0.571000
17.659876	0.500000	0.000000	0.571000
17.661876	0.500000	0.000000	0.571000
17.663876	0.500000	0.000000	0.571000
17.665876	0.500000	0.000000	0.571000
17.667876	0.500000	0.000000	0.571000
17.669876	0.500000	0.000000	0.571000
17.671876	0.500000	0.000000	0.571000
17.673876	0.500000	0.000000	0.571000
17.675876	0.500000	0.000000	0.571000
17.677876	0.500000	0.000000	0.571000
17.679876	0.500000	0.000000	0.571000
17.681876	0.500000	0.000000	0.571000
17.683876	0.500000	0.000000	0.571000
17.685876	0.500000	0.000000	0.571000
17.687876	0.500000	0.000000	0.571000
17.689876	0.500000	0.000000	0.571000
17.691876	0.500000	0.000000	0.571000
17.693876	0.500000	0.000000	0.571000
17.695876	0.500000	0.000000	0.571000
17.697876	0.500000	0.000000	0.571000
17.699876	0.500000	0.000000	0.571000
17.701876	0.500000	0.000000	0.571000
17.703876	0.500000	0.000000	0.571000
17.705876	0.500000	0.000000	0.571000
17.707876	0.500000	0.000000	0.571000
17.709876	0.500000	0.000000	0.571000
17.711876	0.500000	0.000000	0.571000
17.713876	0.500000	0.000000	0.571000
17.715876	0.500000	0.000000	0.571000
17.717876	0.500000	0.000000	0.571000
17.719876	0.500000	0.000000	0.571000
17.721876	0.500000	0.000000	0.571000
17.723876	0.500000	0.000000	0.571000
17.725876	0.500000	0.000000	0.571000
17.727876	0.500000	0.000000	0.571000
17.729876	0.500000	0.000000	0.571000
17.731876	0.500000	0.000000	0.571000
17.733876	0.500000	0.000000	0.571000
17.735876	0.500000	0.000000	0.571000
17.737876	0.500000	0.000000	0.571000
17.739876	0.500000	0.000000	0.571000
17.741876	0.500000	0.000000	0.571000
17.743876	0.500000	0.000000	0.571000
17.745876	0.500000	0.000000	0.571000
17.747876	0.500000	0.000000	0.571000
17.749876	0.500000	0.000000	0.571000
17.751876	0.500000	0.000000	0.571000
17.753876	0.500000	0.000000	0.571000
17.755876	0.500000	0.000000	0.571000
17.757876	0.500000	0.000000	0.571000
17.759876	0.500000	0.000000	0.571000
17.761876	0.500000	0.000000	0.571000
17.763876	0.500000	0.000000	0.571000
17.765876	0.500000	0.000000	0.571000
17.767876	0.500000	0.000000	0.571000
17.769876	0.500000	0.000000	0.571000
17.771876	0.500000	0.000000	0.571000
17.773876	0.500000	0.000000	0.571000
17.775876	0.500000	0.000000	0.571000
17.777876	0.500000	0.000000	0.571000
17.779876	0.500000	0.000000	0.571000
17.781876	0.500000	0.000000	0.571000
17.783876	0.500000	0.000000	0.571000
17.785876	0.500000	0.000000	0.571000
17.787876	0.500000	0.000000	0.571000
17.789876	0.500000	0.000000	0.571000
17.791876	0.500000	0.000000	0.571000
17.793876	0.500000	0.000000	0.571000
17.795876	0.500000	0.000000	0.571000
17.797876	0.500000	0.000000	0.571000
17.799876	0.500000	0.000000	0.571000
17.801876	0.500000	0.000000	0.571000
17.803876	0.500000	0.000000	0.571000
17.805876	0.500000	0.000000	0.571000
17.807876	0.500000	0.000000	0.571000
17.809876	0.500000	0.000000	0.571000
17.811876	0.500000	0.000000	0.571000
17.813876	0.500000	0.000000	0.571000
17.815876	0.500000	0.000000	0.571000
17.817876	0.500000	0.000000	0.571000
17.819876	0.500000	0.000000	0.571000
17.821876	0.500000	0.000000	0.571000
17.823876	0.500000	0.000000	0.571000
17.825876	0.500000	0.000000	0.571000
17.827876	0.500000	0.000000	0.571000
17.829876	0.500000	0.000000	0.571000
17.831876	0.500000	0.000000	0.571000
17.833876	0.500000	0.000000	0.571000
17.835876	0.500000	0.000000	0.571000
17.837876	0.500000	0.000000	0.571000
17.839876	0.500000	0.000000	0.571000
17.841876	0.500000	0.000000	0.571000
17.843876	0.500000	0.000000	0.571000
17.845876	0.500000	0.000000	0.571000
17.847876	0.500000	0.000000	0.571000
17.849876	0.500000	0.000000	0.571000
17.851876	0.500000	0.000000	0.571000
17.853876	0.500000	0.000000	0.571000
17.855876	0.500000	0.000000	0.571000
17.857876	0.500000	0.000000	0.571000
17.859876	0.500000	0.000000	0.571000
17.861876	0.500000	0.000000	0.571000
17.863876	0.500000	0.000000	0.571000
17.865876	0.500000	0.000000	0.571000
17.867876	0.500000	0.000000	0.571000
17.869876	0.500000	0.000000	0.571000
17.871876	0.500000	0.000000	0.571000
17.873876	0.500000	0.000000	0.571000
17.875876	0.500000	0.000000	0.571000
17.877876	0.500000	0.000000	0.571000
17.879876	0.500000	0.000000	0.571000
17.881876	0.500000	0.000000	0.571000
17.883876	0.500000	0.000000	0.571000
17.885876	0.500000	0.000000	0.571000
17.887876	0.500000	0.000000	0.571000
17.889876	0.500000	0.000000	0.571000
17.891876	0.500000	0.000000	0.571000
17.893876	0.500000	0.000000	0.571000
17.895876	0.500000	0.000000	0.571000
17.897876	0.500000	0.000000	0.571000
17.899876	0.500000	0.000000	0.571000
17.901876	0.500000	0.000000	0.571000
17.903876	0.500000	0.000000	0.571000
17.905876	0.500000	0.000000	0.571000
17.907876	0.500000	0.000000	0.571000
17.909876	0.500000	0.000000	0.571000
17.911876	0.500000	0.000000	0.571000
17.913876	0.500000	0.000000	0.571000
17.915876	0.500000	0.000000	0.571000
17.917876	0.500000	0.000000	0.571000
17.919876	0.500000	0.000000	0.571000
17.921876	0.500000	0.000000	0.571000
17.923876	0.500000	0.000000	0.571000
17.925876	0.500000	0.000000	0.571000
17.927876	0.500000	0.000000	0.571000
17.929876	0.500000	0.000000	0.571000
17.931876	0.500000	0.000000	0.571000
17.933876	0.500000	0.000000	0.571000
17.935876	0.500000	0.000000	0.571000
17.937876	0.500000	0.000000	0.571000
17.939876	0.500000	0.000000	0.571000
17.941876	0.500000	0.000000	0.571000
17.943876	0.500000	0.000000	0.571000
17.945876	0.500000	0.000000	0.571000
17.947876	0.500000	0.000000	0.571000
17.949876	0.500000	0.000000	0.571000
17.951876	0.500000	0.000000	0.571000
17.953876	0.500000	0.000000	0.571000
17.955876	0.500000	0.000000	0.571000
17.957876	0.500000	0.000000	0.571000
17.959876	0.500000	0.000000	0.571000
17.961876	0.500000	0.000000	0.571000
17.963876	0.500000	0.000000	0.571000
17.965876	0.500000	0.000000	0.571000
17.967876	0.500000	0.000000	0.571000
17.969876	0.500000	0.000000	0.571000
17.971876	0.500000	0.000000	0.571000
17.973876	0.500000	0.000000	0.571000
17.975876	0.500000	0.000000	0.571000
17.977876	0.500000	0.000000	0.571000
17.979876	0.500000	0.000000	0.571000
17.981876	0.500000	0.000000	0.571000
17.983876	0.500000	0.000000	0.571000
17.985876	0.500000	0.000000	0.571000
17.987876	0.500000	0.000000	0.571000
17.989876	0.500000	0.000000	0.571000
17.991876	0.500000	0.000000	0.571000
17.993876	0.500000	0.000000	0.571000
17.995876	0.500000	0.000000	0.571000
17.997876	0.500000	0.000000	0.571000
17.999876	0.500000	0.000000	0.571000
18.001876	0.500000	0.000000	0.571000
18.003876	0.500000	0.000000	0.571000
18.005876	0.500000	0.000000	0.571000
18.007876	0.500000	0.000000	0.571000
18.009876	0.500000	0.000000	0.571000
18.011876	0.500000	0.000000	0.571000
18.013876	0.500000	0.000000	0.571000
18.015876	0.500000	0.000000	0.571000
18.017876	0.500000	0.000000	0.571000
18.019876	0.500000	0.000000	0.571000
18.021876	0.500000	0.000000	0.571000
18.023876	0.500000	0.000000	0.571000
18.025876	0.500000	0.000000	0.571000
18.027876	0.500000	0.000000	0.571000
18.029876	0.500000	0.000000	0.571000
18.031876	0.500000	0.000000	0.571000
18.033876	0.500000	0.000000	0.571000
18.035876	0.500000	0.000000	0.571000
18.037876	0.500000	0.000000	0.571000
18.039876	0.500000	0.000000	0.571000
18.041876	0.500000	0.000000	0.571000
18.043876	0.500000	0.000000	0.571000
18.045876	0.500000	0.000000	0.571000
18.047876	0.500000	0.000000	0.571000
18.049876	0.500000	0.000000	0.571000
18.051876	0.500000	0.000000	0.571000
18.053876	0.500000	0.000000	0.571000
18.055876	0.500000	0.000000	0.571000
18.057876	0.500000	0.000000	0.571000
18.059876	0.500000	0.000000	0.571000
18.061876	0.500000	0.000000	0.571000
18.063876	0.500000	0.000000	0.571000
18.065876	0.500000	0.000000	0.571000
18.067876	0.500000	0.000000	0.571000
18.069876	0.500000	0.000000	0.571000
18.071876	0.500000	0.000000	0.571000
18.073876	0.500000	0.000000	0.571000
18.075876	0.500000	0.000000	0.571000
18.077876	0.500000	0.000000	0.571000
18.079876	0.500000	0.000000	0.571000
18.081876	0.500000	0.000000	0.571000
18.083876	0.500000	0.000000	0.571000
18.085876	0.500000	0.000000	0.571000
18.087876	0.500000	0.000000	0.571000
18.089876	0.500000	0.000000	0.571000
18.091876	0.500000	0.000000	0.571000
18.093876	0.500000	0.000000	0.571000
18.095876	0.500000	0.000000	0.571000
18.097876	0.500000	0.000000	0.571000
18.099876	0.500000	0.000000	0.571000
18.101876	0.500000	0.000000	0.571000
18.103876	0.500000	0.000000	0.571000
18.105876	0.500000	0.000000	0.571000
18.107876	0.500000	0.000000	0.571000
18.109876	0.500000	0.000000	0.571000
18.111876	0.500000	0.000000	0.571000
18.113876	0.500000	0.000000	0.571000
18.115876	0.500000	0.000000	0.571000
18.117876	0.500000	0.000000	0.571000
18.119876	0.500000	0.000000	0.571000
18.121876	0.500000	0.000000	0.571000
18.123876	0.500000	0.000000	0.571000
18.125876	0.500000	0.000000	0.571000
18.127876	0.500000	0.000000	0.571000
18.129876	0.500000	0.000000	0.571000
18.131876	0.500000	0.000000	0.571000
18.133876	0.500000	0.000000	0.571000
18.135876	0.500000	0.000000	0.571000
18.137876	0.500000	0.000000	0.571000
18.139876	0.500000	0.000000	0.571000
18.141876	0.500000	0.000000	0.571000
18.143876	0.500000	0.000000	0.571000
18.145876	0.500000	0.000000	0.571000
18.147876	0.500000	0.000000	0.571000
18.149876	0.500000	0.000000	0.571000
18.151876	0.500000	0.000000	0.571000
18.153876	0.500000	0.000000	0.571000
18.155876	0.500000	0.000000	0.571000
18.157876	0.500000	0.000000	0.571000
18.159876	0.500000	0.000000	0.571000
18.161876	0.500000	0.000000	0.571000
18.163876	0.500000	0.000000	0.571000
18.165876	0.500000	0.000000	0.571000
18.167876	0.500000	0.000000	0.571000
18.169876	0.500000	0.000000	0.571000
18.171876	0.500000	0.000000	0.571000
18.173876	0.500000	0.000000	0.571000
18.175876	0.500000	0.000000	0.571000
18.177876	0.500000	0.000000	0.571000
18.179876	0.500000	0.000000	0.571000
18.181876	0.500000	0.000000	0.571000
18.183876	0.500000	0.000000	0.571000
18.185876	0.500000	0.000000	0.571000
18.187876	0.500000	0.000000	0.571000
18.189876	0.500000	0.000000	0.571000
18.191876	0.500000	0.000000	0.571000
18.193876	0.500000	0.000000	0.571000
18.195876	0.500000	0.000000	0.571000
18.197876	0.500000	0.000000	0.571000
18.199876	0.500000	0.000000	0.571000
18.201876	0.500000	0.000000	0.571000
18.203876	0.500000	0.000000	0.571000
18.205876	0.500000	0.000000	0.571000
18.207876	0.500000	0.000000	0.571000
18.209876	0.500000	0.000000	0.571000
18.211876	0.500000	0.000000	0.571000
18.213876	0.500000	0.000000	0.571000
18.215876	0.500000	0.000000	0.571000
18.217876	0.500000	0.000000	0.571000
18.219876	0.500000	0.000000	0.571000
18.221876	0.500000	0.000000	0.571000
18.223876	0.500000	0.000000	0.571000
18.225876	0.500000	0.000000	0.571000
18.227876	0.500000	0.000000	0.571000
18.229876	0.500000	0.000000	0.571000
18.231876	0.500000	0.000000	0.571000
18.233876	0.500000	0.000000	0.571000
18.235876	0.500000	0.000000	0.571000
18.237876	0.500000	0.000000	0.571000
18.239876	0.500000	0.000000	0.571000
18.241876	0.500000	0.000000	0.571000
18.243876	0.500000	0.000000	0.571000
18.245876	0.500000	0.000000	0.571000
18.247876	0.500000	0.000000	0.571000
18.249876	0.500000	0.000000	0.571000
18.251876	0.500000	0.000000	0.571000
18.253876	0.500000	0.000000	0.571000
18.255876	0.500000	0.000000	0.571000
18.257876	0.500000	0.000000	0.571000
18.259876	0.500000	0.000000	0.571000
18.261876	0.500000	0.000000	0.571000
18.263876	0.500000	0.000000	0.571000
18.265876	0.500000	0.000000	0.571000
18.267876	0.500000	0.000000	0.571000
18.269876	0.500000	0.000000	0.571000
18.271876	0.500000	0.000000	0.571000
18.273876	0.500000	0.000000	0.571000
18.275876	0.500000	0.000000	0.571000
18.277876	0.500000	0.000000	0.571000
18.279876	0.500000	0.000000	0.571000
18.281876	0.500000	0.000000	0.571000
18.283876	0.500000	0.000000	0.571000
18.285876	0.500000	0.000000	0.571000
18.287876	0.500000	0.000000	0.571000
18.289876	0.500000	0.000000	0.571000
18.291876	0.500000	0.000000	0.571000
18.293876	0.500000	0.000000	0.571000
18.295876	0.500000	0.000000	0.571000
18.297876	0.500000	0.000000	0.571000
18.299876	0.500000	0.000000	0.571000
18.301876	0.500000	0.000000	0.571000
18.303876	0.500000	0.000000	0.571000
18.305876	0.500000	0.000000	0.571000
18.307876	0.500000	0.000000	0.571000
18.309876	0.500000	0.000000	0.571000
18.311876	0.500000	0.000000	0.571000
18.313876	0.500000	0.000000	0.571000
18.315876	0.500000	0.000000	0.571000
18.317876	0.500000	0.000000	0.571000
18.319876	0.500000	0.000000	0.571000
18.321876	0.500000	0.000000	0.571000
18.323876	0.500000	0.000000	0.571000
18.325876	0.500000	0.000000	0.571000
18.327876	0.500000	0.000000	0.571000
18.329876	0.500000	0.000000	0.571000
18.331876	0.500000	0.000000	0.571000
18.333876	0.500000	0.000000	0.571000
18.335876	0.500000	0.000000	0.571000
18.337876	0.500000	0.000000	0.571000
18.339876	0.500000	0.000000	0.571000
18.341876	0.500000	0.000000	0.571000
18.343876	0.500000	0.000000	0.571000
18.345876	0.500000	0.000000	0.571000
18.347876	0.500000	0.000000	0.571000
18.349876	0.500000	0.000000	0.571000
18.351876	0.500000	0.000000	0.571000
18.353876	0.500000	0.000000	0.571000
18.355876	0.500000	0.000000	0.571000
18.357876	0.500000	0.000000	0.571000
18.359876	0.500000	0.000000	0.571000
18.361876	0.500000	0.000000	0.571000
18.363876	0.500000	0.000000	0.571000
18.365876	0.500000	0.000000	0.571000
18.367876	0.500000	0.000000	0.571000
18.369876	0.500000	0.000000	0.571000
18.371876	0.500000	0.000000	0.571000
18.373876	0.500000	0.000000	0.571000
18.375876	0.500000	0.000000	0.571000
18.377876	0.500000	0.000000	0.571000
18.379876	0.500000	0.000000	0.571000
18.381876	0.500000	0.000000	0.571000
18.383876	0.500000	0.000000	0.571000
18.385876	0.500000	0.000000	0.571000
18.387876	0.500000	0.000000	0.571000
18.389876	0.500000	0.000000	0.571000
18.391876	0.500000	0.000000	0.571000
18.393876	0.500000	0.000000	0.571000
18.395876	0.500000	0.000000	0.571000
18.397876	0.500000	0.000000	0.571000
18.399876	0.500000	0.000000	0.571000
18.401876	0.500000	0.000000	0.571000
18.403876	0.500000	0.000000	0.571000
18.405876	0.500000	0.000000	0.571000
18.407876	0.500000	0.000000	0.571000
18.409876	0.500000	0.000000	0.571000
18.411876	0.500000	0.000000	0.571000
18.413876	0.500000	0.000000	0.571000
18.415876	0.500000	0.000000	0.571000
18.417876	0.500000	0.000000	0.571000
18.419876	0.500000	0.000000	0.571000
18.421876	0.500000	0.000000	0.571000
18.423876	0.500000	0.000000	0.571000
18.425876	0.500000	0.000000	0.571000
18.427876	0.500000	0.000000	0.571000
18.429876	0.500000	0.000000	0.571000
18.431876	0.500000	0.000000	0.571000
18.433876	0.500000	0.000000	0.571000
18.435876	0.500000	0.000000	0.571000
18.437876	0.500000	0.000000	0.571000
18.439876	0.500000	0.000000	0.571000
18.441876	0.500000	0.000000	0.571000
18.443876	0.500000	0.000000	0.571000
18.445876	0.500000	0.000000	0.571000
18.447876	0.500000	0.000000	0.571000
18.449876	0.500000	0.000000	0.571000
18.451876	0.500000	0.000000	0.571000
18.453876	0.500000	0.000000	0.571000
18.455876	0.500000	0.000000	0.571000
18.457876	0.500000	0.000000	0.571000
18.459876	0.500000	0.000000	0.571000
18.461876	0.500000	0.000000	0.571000
18.463876	0.500000	0.000000	0.571000
18.465876	0.500000	0.000000	0.571000
18.467876	0.500000	0.000000	0.571000
18.469876	0.500000	0.000000	0.571000
18.471876	0.500000	0.000000	0.571000
18.473876	0.500000	0.000000	0.571000
18.475876	0.500000	0.000000	0.571000
18.477876	0.500000	0.000000	0.571000
18.479876	0.500000	0.000000	0.571000
18.481876	0.500000	0.000000	0.571000
18.483876	0.500000	0.000000	0.571000
18.485876	0.500000	0.000000	0.571000
18.487876	0.500000	0.000000	0.571000
18.489876	0.500000	0.000000	0.571000
18.491876	0.500000	0.000000	0.571000
18.493876	0.500000	0.000000	0.571000
18.495876	0.500000	0.000000	0.571000
18.497876	0.500000	0.000000	0.571000
18.499876	0.500000	0.000000	0.571000
18.501876	0.500000	0.000000	0.571000
18.503876	0.500000	0.000000	0.571000
18.505876	0.500000	0.000000	0.571000
18.507876	0.500000	0.000000	0.571000
18.509876	0.500000	0.000000	0.571000
18.511876	0.500000	0.000000	0.571000
18.513876	0.500000	0.000000	0.571000
18.515876	0.500000	0.000000	0.571000
18.517876	0.500000	0.000000	0.571000
18.519876	0.500000	0.000000	0.571000
18.521876	0.500000	0.000000	0.571000
18.523876	0.500000	0.000000	0.571000
18.525876	0.500000	0.000000	0.571000
18.527876	0.500000	0.000000	0.571000
18.529876	0.500000	0.000000	0.571000
18.531876	0.500000	0.000000	0.571000
18.533876	0.500000	0.000000	0.571000
18.535876	0.500000	0.000000	0.571000
18.537876	0.500000	0.000000	0.571000
18.539876	0.500000	0.000000	0.571000
18.541876	0.500000	0.000000	0.571000
18.543876	0.500000	0.000000	0.571000
18.545876	0.500000	0.000000	0.571000
18.547876	0.500000	0.000000	0.571000
18.549876	0.500000	0.000000	0.571000
18.551876	0.500000	0.000000	0.571000
18.553876	0.500000	0.000000	0.571000
18.555876	0.500000	0.000000	0.571000
18.557876	0.500000	0.000000	0.571000
18.559876	0.500000	0.000000	0.571000
18.561876	0.500000	0.000000	0.571000
18.563876	0.500000	0.000000	0.571000
18.565876	0.500000	0.000000	0.571000
18.567876	0.500000	0.000000	0.571000
18.569876	0.500000	0.000000	0.571000
18.571876	0.500000	0.000000	0.571000
18.573876	0.500000	0.000000	0.571000
18.575876	0.500000	0.000000	0.571000
18.577876	0.500000	0.000000	0.571000
18.579876	0.500000	0.000000	0.571000
18.581876	0.500000	0.000000	0.571000
18.583876	0.500000	0.000000	0.571000
18.585876	0.500000	0.000000	0.571000
18.587876	0.500000	0.000000	0.571000
18.589876	0.500000	0.000000	0.571000
18.591876	0.500000	0.000000	0.571000
18.593876	0.500000	0.000000	0.571000
18.595876	0.500000	0.000000	0.571000
18.597876	0.500000	0.000000	0.571000
18.599876	0.500000	0.000000	0.571000
18.601876	0.500000	0.000000	0.571000
18.603876	0.500000	0.000000	0.571000
18.605876	0.500000	0.000000	0.571000
18.607876	0.500000	0.000000	0.571000
18.609876	0.500000	0.000000	0.571000
18.611876	0.500000	0.000000	0.571000
18.613876	0.500000	0.000000	0.571000
18.615876	0.500000	0.000000	0.571000
18.617876	0.500000	0.000000	0.571000
18.619876	0.500000	0.000000	0.571000
18.621876	0.500000	0.000000	0.571000
18.623876	0.500000	0.000000	0.571000
18.625876	0.500000	0.000000	0.571000
18.627876	0.500000	0.000000	0.571000
18.629876	0.500000	0.000000	0.571000
18.631876	0.500000	0.000000	0.571000
18.633876	0.500000	0.000000	0.571000
18.635876	0.500000	0.000000	0.571000
18.637876	0.500000	0.000000	0.571000
18.639876	0.500000	0.000000	0.571000
18.641876	0.500000	0.000000	0.571000
18.643876	0.500000	0.000000	0.571000
18.645876	0.500000	0.000000	0.571000
18.647876	0.500000	0.000000	0.571000
18.649876	0.500000	0.000000	0.571000
18.651876	0.500000	0.000000	0.571000
18.653876	0.500000	0.000000	0.571000
18.655876	0.500000	0.000000	0.571000
18.657876	0.500000	0.000000	0.571000
18.659876	0.500000	0.000000	0.571000
18.661876	0.500000	0.000000	0.571000
18.663876	0.500000	0.000000	0.571000
18.665876	0.500000	0.000000	0.571000
18.667876	0.500000	0.000000	0.571000
18.669876	0.500000	0.000000	0.571000
18.671876	0.500000	0.000000	0.571000
18.673876	0.500000	0.000000	0.571000
18.675876	0.500000	0.000000	0.571000
18.677876	0.500000	0.000000	0.571000
18.679876	0.500000	0.000000	0.571000
18.681876	0.500000	0.000000	0.571000
18.683876	0.500000	0.000000	0.571000
18.685876	0.500000	0.000000	0.571000
18.687876	0.500000	0.000000	0.571000
18.689876	0.500000	0.000000	0.571000
18.691876	0.500000	0.000000	0.571000
18.693876	0.500000	0.000000	0.571000
18.695876	0.500000	0.000000	0.571000
18.697876	0.500000	0.000000	0.571000
18.699876	0.500000	0.000000	0.571000
18.701876	0.500000	0.000000	0.571000
18.703876	0.500000	0.000000	0.571000
18.705876	0.500000	0.000000	0.571000
18.707876	0.500000	0.000000	0.571000
18.709876	0.500000	0.000000	0.571000
18.711876	0.500000	0.000000	0.571000
18.713876	0.500000	0.000000	0.571000
18.715876	0.500000	0.000000	0.571000
18.717876	0.500000	0.000000	0.571000
18.719876	0.500000	0.000000	0.571000
18.721876	0.500000	0.000000	0.571000
18.723876	0.500000	0.000000	0.571000
18.725876	0.500000	0.000000	0.571000
18.727876	0.500000	0.000000	0.571000
18.729876	0.500000	0.000000	0.571000
18.731876	0.500000	0.000000	0.571000
18.733876	0.500000	0.000000	0.571000
18.735876	0.500000	0.000000	0.571000
18.737876	0.500000	0.000000	0.571000
18.739876	0.500000	0.000000	0.571000
18.741876	0.500000	0.000000	0.571000
18.743876	0.500000	0.000000	0.571000
18.745876	0.500000	0.000000	0.571000
18.747876	0.500000	0.000000	0.571000
18.749876	0.500000	0.000000	0.571000
18.751876	0.500000	0.000000	0.571000
18.753876	0.500000	0.000000	0.571000
18.755876	0.500000	0.000000	0.571000
18.757876	0.500000	0.000000	0.571000
18.759876	0.500000	0.000000	0.571000
18.761876	0.500000	0.000000	0.571000
18.763876	0.500000	0.000000	0.571000
18.765876	0.500000	0.000000	0.571000
18.767876	0.500000	0.000000	0.571000
18.769876	0.500000	0.000000	0.571000
18.771876	0.500000	0.000000	0.571000
18.773876	0.500000	0.000000	0.571000
18.775876	0.500000	0.000000	0.571000
18.777876	0.500000	0.000000	0.571000
18.779876	0.500000	0.000000	0.571000
18.781876	0.500000	0.000000	0.571000
18.783876	0.500000	0.000000	0.571000
18.785876	0.500000	0.000000	0.571000
18.787876	0.500000	0.000000	0.571000
18.789876	0.500000	0.000000	0.571000
18.791876	0.500000	0.000000	0.571000
18.793876	0.500000	0.000000	0.571000
18.795876	0.500000	0.000000	0.571000
18.797876	0.500000	0.000000	0.571000
18.799876	0.500000	0.000000	0.571000
18.801876	0.500000	0.000000	0.571000
18.803876	0.500000	0.000000	0.571000
18.805876	0.500000	0.000000	0.571000
18.807876	0.500000	0.000000	0.571000
18.809876	0.500000	0.000000	0.571000
18.811876	0.500000	0.000000	0.571000
18.813876	0.500000	0.000000	0.571000
18.815876	0.500000	0.000000	0.571000
18.817876	0.500000	0.000000	0.571000
18.819876	0.500000	0.000000	0.571000
18.821876	0.500000	0.000000	0.571000
18.823876	0.500000	0.000000	0.571000
18.825876	0.500000	0.000000	0.571000
18.827876	0.500000	0.000000	0.571000
18.829876	0.500000	0.000000	0.571000
18.831876	0.500000	0.000000	0.571000
18.833876	0.500000	0.000000	0.571000
18.835876	0.500000	0.000000	0.571000
18.837876	0.500000	0.000000	0.571000
18.839876	0.500000	0.000000	0.571000
18.841876	0.500000	0.000000	0.571000
18.843876	0.500000	0.000000	0.571000
18.845876	0.500000	0.000000	0.571000
18.847876	0.500000	0.000000	0.571000
18.849876	0.500000	0.000000	0.571000
18.851876	0.500000	0.000000	0.571000
18.853876	0.500000	0.000000	0.571000
18.855876	0.500000	0.000000	0.571000
18.857876	0.500000	0.000000	0.571000
18.859876	0.500000	0.000000	0.571000
18.861876	0.500000	0.000000	0.571000
18.863876	0.500000	0.000000	0.571000
18.865876	0.500000	0.000000	0.571000
18.867876	0.500000	0.000000	0.571000
18.869876	0.500000	0.000000	0.571000
18.871876	0.500000	0.000000	0.571000
18.873876	0.500000	0.000000	0.571000
18.875876	0.500000	0.000000	0.571000
18.877876	0.500000	0.000000	0.571000
18.879876	0.500000	0.000000	0.571000
18.881876	0.500000	0.000000	0.571000
18.883876	0.500000	0.000000	0.571000
18.885876	0.500000	0.000000	0.571000
18.887876	0.500000	0.000000	0.571000
18.889876	0.500000	0.000000	0.571000
18.891876	0.500000	0.000000	0.571000
18.893876	0.500000	0.000000	0.571000
18.895876	0.500000	0.000000	0.571000
18.897876	0.500000	0.000000	0.571000
18.899876	0.500000	0.000000	0.571000
18.901876	0.500000	0.000000	0.571000
18.903876	0.500000	0.000000	0.571000
18.905876	0.500000	0.000000	0.571000
18.907876	0.500000	0.000000	0.571000
18.909876	0.500000	0.000000	0.571000
18.911876	0.500000	0.000000	0.571000
18.913876	0.500000	0.000000	0.571000
18.915876	0.500000	0.000000	0.571000
18.917876	0.500000	0.000000	0.571000
18.919876	0.500000	0.000000	0.571000
18.921876	0.500000	0.000000	0.571000
18.923876	0.500000	0.000000	0.571000
18.925876	0.500000	0.000000	0.571000
18.927876	0.500000	0.000000	0.571000
18.929876	0.500000	0.000000	0.571000
18.931876	0.500000	0.000000	0.571000
18.933876	0.500000	0.000000	0.571000
18.935876	0.500000	0.000000	0.571000
18.937876	0.500000	0.000000	0.571000
18.939876	0.500000	0.000000	0.571000
18.941876	0.500000	0.000000	0.571000
18.943876	0.500000	0.000000	0.571000
18.945876	0.500000	0.000000	0.571000
18.947876	0.500000	0.000000	0.571000
18.949876	0.500000	0.000000	0.571000
18.951876	0.500000	0.000000	0.571000
18.953876	0.500000	0.000000	0.571000
18.955876	0.500000	0.000000	0.571000
18.957876	0.500000	0.000000	0.571000
18.959876	0.500000	0.000000	0.571000
18.961876	0.500000	0.000000	0.571000
18.963876	0.500000	0.000000	0.571000
18.965876	0.500000	0.000000	0.571000
18.967876	0.500000	0.000000	0.571000
18.969876	0.500000	0.000000	0.571000
18.971876	0.500000	0.000000	0.571000
18.973876	0.500000	0.000000	0.571000
18.975876	0.500000	0.000000	0.571000
18.977876	0.500000	0.000000	0.571000
18.979876	0.500000	0.000000	0.571000
18.981876	0.500000	0.000000	0.571000
18.983876	0.500000	0.000000	0.571000
18.985876	0.500000	0.000000	0.571000
18.987876	0.500000	0.000000	0.571000
18.989876	0.500000	0.000000	0.571000
18.991876	0.500000	0.000000	0.571000
18.993876	0.500000	0.000000	0.571000
18.995876	0.500000	0.000000	0.571000
18.997876	0.500000	0.000000	0.571000
18.999876	0.500000	0.000000	0.571000
19.001876	0.500000	0.000000	0.571000
19.003876	0.500000	0.000000	0.571000
19.005876	0.500000	0.000000	0.571000
19.007876	0.500000	0.000000	0.571000
19.009876	0.500000	0.000000	0.571000
19.011876	0.500000	0.000000	0.571000
19.013876	0.500000	0.000000	0.571000
19.015876	0.500000	0.000000	0.571000
19.017876	0.500000	0.000000	0.571000
19.019876	0.500000	0.000000	0.571000
19.021876	0.500000	0.000000	0.571000
19.023876	0.500000	0.000000	0.571000
19.025876	0.500000	0.000000	0.571000
19.027876	0.500000	0.000000	0.571000
19.029876	0.500000	0.000000	0.571000
19.031876	0.500000	0.000000	0.571000
19.033876	0.500000	0.000000	0.571000
19.035876	0.500000	0.000000	0.571000
19.037876	0.500000	0.000000	0.571000
19.039876	0.500000	0.000000	0.571000
19.041876	0.500000	0.000000	0.571000
19.043876	0.500000	0.000000	0.571000
19.045876	0.500000	0.000000	0.571000
19.047876	0.500000	0.000000	0.571000
19.049876	0.500000	0.000000	0.571000
19.051876	0.500000	0.000000	0.571000
19.053876	0.500000	0.000000	0.571000
19.055876	0.500000	0.000000	0.571000
19.057876	0.500000	0.000000	0.571000
19.059876	0.500000	0.000000	0.571000
19.061876	0.500000	0.000000	0.571000
19.063876	0.500000	0.000000	0.571000
19.065876	0.500000	0.000000	0.571000
19.067876	0.500000	0.000000	0.571000
19.069876	0.500000	0.000000	0.571000
19.071876	0.500000	0.000000	0.571000
19.073876	0.500000	0.000000	0.571000
19.075876	0.500000	0.000000	0.571000
19.077876	0.500000	0.000000	0.571000
19.079876	0.500000	0.000000	0.571000
19.081876	0.500000	0.000000	0.571000
19.083876	0.500000	0.000000	0.571000
19.085876	0.500000	0.000000	0.571000
19.087876	0.500000	0.000000	0.571000
19.089876	0.500000	0.000000	0.571000
19.091876	0.500000	0.000000	0.571000
19.093876	0.500000	0.000000	0.571000
19.095876	0.500000	0.000000	0.571000
19.097876	0.500000	0.000000	0.571000
19.099876	0.500000	0.000000	0.571000
19.101876	0.500000	0.000000	0.571000
19.103876	0.500000	0.000000	0.571000
19.105876	0.500000	0.000000	0.571000
19.107876	0.500000	0.000000	0.571000
19.109876	0.500000	0.000000	0.571000
19.111876	0.500000	0.000000	0.571000
19.113876	0.500000	0.000000	0.571000
19.115876	0.500000	0.000000	0.571000
19.117876	0.500000	0.000000	0.571000
19.119876	0.500000	0.000000	0.571000
19.121876	0.500000	0.000000	0.571000
19.123876	0.500000	0.000000	0.571000
19.125876	0.500000	0.000000	0.571000
19.127876	0.500000	0.000000	0.571000
19.129876	0.500000	0.000000	0.571000
19.131876	0.500000	0.000000	0.571000
19.133876	0.500000	0.000000	0.571000
19.135876	0.500000	0.000000	0.571000
19.137876	0.500000	0.000000	0.571000
19.139876	0.500000	0.000000	0.571000
19.141876	0.500000	0.000000	0.571000
19.143876	0.500000	0.000000	0.571000
19.145876	0.500000	0.000000	0.571000
19.147876	0.500000	0.000000	0.571000
19.149876	0.500000	0.000000	0.571000
19.151876	0.500000	0.000000	0.571000
19.153876	0.500000	0.000000	0.571000
19.155876	0.500000	0.000000	0.571000
19.157876	0.500000	0.000000	0.571000
19.159876	0.500000	0.000000	0.571000
19.161876	0.500000	0.000000	0.571000
19.163876	0.500000	0.000000	0.571000
19.165876	0.500000	0.000000	0.571000
19.167876	0.500000	0.000000	0.571000
19.169876	0.500000	0.000000	0.571000
19.171876	0.500000	0.000000	0.571000
19.173876	0.500000	0.000000	0.571000
19.175876	0.500000	0.000000	0.571000
19.177876	0.500000	0.000000	0.571000
19.179876	0.500000	0.000000	0.571000
19.181876	0.500000	0.000000	0.571000
19.183876	0.500000	0.000000	0.571000
19.185876	0.500000	0.000000	0.571000
19.187876	0.500000	0.000000	0.571000
19.189876	0.500000	0.000000	0.571000
19.191876	0.500000	0.000000	0.571000
19.193876	0.500000	0.000000	0.571000
19.195876	0.500000	0.000000	0.571000
19.197876	0.500000	0.000000	0.571000
19.199876	0.500000	0.000000	0.571000
19.201876	0.500000	0.000000	0.571000
19.203876	0.500000	0.000000	0.571000
19.205876	0.500000	0.000000	0.571000
19.207876	0.500000	0.000000	0.571000
19.209876	0.500000	0.000000	0.571000
19.211876	0.500000	0.000000	0.571000
19.213876	0.500000	0.000000	0.571000
19.215876	0.500000	0.000000	0.571000
19.217876	0.500000	0.000000	0.571000
19.219876	0.500000	0.000000	0.571000
19.221876	0.500000	0.000000	0.571000
19.223876	0.500000	0.000000	0.571000
19.225876	0.500000	0.000000	0.571000
19.227876	0.500000	0.000000	0.571000
19.229876	0.500000	0.000000	0.571000
19.231876	0.500000	0.000000	0.571000
19.233876	0.500000	0.000000	0.571000
19.235876	0.500000	0.000000	0.571000
19.237876	0.500000	0.000000	0.571000
19.239876	0.500000	0.000000	0.571000
19.241876	0.500000	0.000000	0.571000
19.243876	0.500000	0.000000	0.571000
19.245876	0.500000	0.000000	0.571000
19.247876	0.500000	0.000000	0.571000
19.249876	0.500000	0.000000	0.571000
19.251876	0.500000	0.000000	0.571000
19.253876	0.500000	0.000000	0.571000
19.255876	0.500000	0.000000	0.571000
19.257876	0.500000	0.000000	0.571000
19.259876	0.500000	0.000000	0.571000
19.261876	0.500000	0.000000	0.571000
19.263876	0.500000	0.000000	0.571000
19.265876	0.500000	0.000000	0.571000
19.267876	0.500000	0.000000	0.571000
19.269876	0.500000	0.000000	0.571000
19.271876	0.500000	0.000000	0.571000
19.273876	0.500000	0.000000	0.571000
19.275876	0.500000	0.000000	0.571000
19.277876	0.500000	0.000000	0.571000
19.279876	0.500000	0.000000	0.571000
19.281876	0.500000	0.000000	0.571000
19.283876	0.500000	0.000000	0.571000
19.285876	0.500000	0.000000	0.571000
19.287876	0.500000	0.000000	0.571000
19.289876	0.500000	0.000000	0.571000
19.291876	0.500000	0.000000	0.571000
19.293876	0.500000	0.000000	0.571000
19.295876	0.500000	0.000000	0.571000
19.297876	0.500000	0.000000	0.571000
19.299876	0.500000	0.000000	0.571000
19.301876	0.500000	0.000000	0.571000
19.303876	0.500000	0.000000	0.571000
19.305876	0.500000	0.000000	0.571000
19.307876	0.500000	0.000000	0.571000
19.309876	0.500000	0.000000	0.571000
19.311876	0.500000	0.000000	0.571000
19.313876	0.500000	0.000000	0.571000
19.315876	0.500000	0.000000	0.571000
19.317876	0.500000	0.000000	0.571000
19.319876	0.500000	0.000000	0.571000
19.321876	0.500000	0.000000	0.571000
19.323876	0.500000	0.000000	0.571000
19.325876	0.500000	0.000000	0.571000
19.327876	0.500000	0.000000	0.571000
19.329876	0.500000	0.000000	0.571000
19.331876	0.500000	0.000000	0.571000
19.333876	0.500000	0.000000	0.571000
19.335876	0.500000	0.000000	0.571000
19.337876	0.500000	0.000000	0.571000
19.339876	0.500000	0.000000	0.571000
19.341876	0.500000	0.000000	0.571000
19.343876	0.500000	0.000000	0.571000
19.345876	0.500000	0.000000	0.571000
19.347876	0.500000	0.000000	0.571000
19.349876	0.500000	0.000000	0.571000
19.351876	0.500000	0.000000	0.571000
19.353876	0.500000	0.000000	0.571000
19.355876	0.500000	0.000000	0.571000
19.357876	0.500000	0.000000	0.571000
19.359876	0.500000	0.000000	0.571000
19.361876	0.500000	0.000000	0.571000
19.363876	0.500000	0.000000	0.571000
19.365876	0.500000	0.000000	0.571000
19.367876	0.500000	0.000000	0.571000
19.369876	0.500000	0.000000	0.571000
19.371876	0.500000	0.000000	0.571000
19.373876	0.500000	0.000000	0.571000
19.375876	0.500000	0.000000	0.571000
19.377876	0.500000	0.000000	0.571000
19.379876	0.500000	0.000000	0.571000
19.381876	0.500000	0.000000	0.571000
19.383876	0.500000	0.000000	0.571000
19.385876	0.500000	0.000000	0.571000
19.387876	0.500000	0.000000	0.571000
19.389876	0.500000	0.000000	0.571000
19.391876	0.500000	0.000000	0.571000
19.393876	0.500000	0.000000	0.571000
19.395876	0.500000	0.000000	0.571000
19.397876	0.500000	0.000000	0.571000
19.399876	0.500000	0.000000	0.571000
19.401876	0.500000	0.000000	0.571000
19.403876	0.500000	0.000000	0.571000
19.405876	0.500000	0.000000	0.571000
19.407876	0.500000	0.000000	0.571000
19.409876	0.500000	0.000000	0.571000
19.411876	0.500000	0.000000	0.571000
19.413876	0.500000	0.000000	0.571000
19.415876	0.500000	0.000000	0.571000
19.417876	0.500000	0.000000	0.571000
19.419876	0.500000	0.000000	0.571000
19.421876	0.500000	0.000000	0.571000
19.423876	0.500000	0.000000	0.571000
19.425876	0.500000	0.000000	0.571000
19.427876	0.500000	0.000000	0.571000
19.429876	0.500000	0.000000	0.571000
19.431876	0.500000	0.000000	0.571000
19.433876	0.500000	0.000000	0.571000
19.435876	0.500000	0.000000	0.571000
19.437876	0.500000	0.000000	0.571000
19.439876	0.500000	0.000000	0.571000
19.441876	0.500000	0.000000	0.571000
19.443876	0.500000	0.000000	0.571000
19.445876	0.500000	0.000000	0.571000
19.447876	0.500000	0.000000	0.571000
19.449876	0.500000	0.000000	0.571000
19.451876	0.500000	0.000000	0.571000
19.453876	0.500000	0.000000	0.571000
19.455876	0.500000	0.000000	0.571000
19.457876	0.500000	0.000000	0.571000
19.459876	0.500000	0.000000	0.571000
19.461876	0.500000	0.000000	0.571000
19.463876	0.500000	0.000000	0.571000
19.465876	0.500000	0.000000	0.571000
19.467876	0.500000	0.000000	0.571000
19.469876	0.500000	0.000000	0.571000
19.471876	0.500000	0.000000	0.571000
19.473876	0.500000	0.000000	0.571000
19.475876	0.500000	0.000000	0.571000
19.477876	0.500000	0.000000	0.571000
19.479876	0.500000	0.000000	0.571000
19.481876	0.500000	0.000000	0.571000
19.483876	0.500000	0.000000	0.571000
19.485876	0.500000	0.000000	0.571000
19.487876	0.500000	0.000000	0.571000
19.489876	0.500000	0.000000	0.571000
19.491876	0.500000	0.000000	0.571000
19.493876	0.500000	0.000000	0.571000
19.495876	0.500000	0.000000	0.571000
19.497876	0.500000	0.000000	0.571000
19.499876	0.500000	0.000000	0.571000
19.501876	0.500000	0.000000	0.571000
19.503876	0.500000	0.000000	0.571000
19.505876	0.500000	0.000000	0.571000
19.507876	0.500000	0.000000	0.571000
19.509876	0.500000	0.000000	0.571000
19.511876	0.500000	0.000000	0.571000
19.513876	0.500000	0.000000	0.571000
19.515876	0.500000	0.000000	0.571000
19.517876	0.500000	0.000000	0.571000
19.519876	0.500000	0.000000	0.571000
19.521876	0.500000	0.000000	0.571000
19.523876	0.500000	0.000000	0.571000
19.525876	0.500000	0.000000	0.571000
19.527876	0.500000	0.000000	0.571000
19.529876	0.500000	0.000000	0.571000
19.531876	0.500000	0.000000	0.571000
19.533876	0.500000	0.000000	0.571000
19.535876	0.500000	0.000000	0.571000
19.537876	0.500000	0.000000	0.571000
19.539876	0.500000	0.000000	0.571000
19.541876	0.500000	0.000000	0.571000
19.543876	0.500000	0.000000	0.571000
19.545876	0.500000	0.000000	0.571000
19.547876	0.500000	0.000000	0.571000
19.549876	0.500000	0.000000	0.571000
19.551876	0.500000	0.000000	0.571000
19.553876	0.500000	0.000000	0.571000
19.555876	0.500000	0.000000	0.571000
19.557876	0.500000	0.000000	0.571000
19.559876	0.500000	0.000000	0.571000
19.561876	0.500000	0.000000	0.571000
19.563876	0.500000	0.000000	0.571000
19.565876	0.500000	0.000000	0.571000
19.567876	0.500000	0.000000	0.571000
19.569876	0.500000	0.000000	0.571000
19.571876	0.500000	0.000000	0.571000
19.573876	0.500000	0.000000	0.571000
19.575876	0.500000	0.000000	0.571000
19.577876	0.500000	0.000000	0.571000
19.579876	0.500000	0.000000	0.571000
19.581876	0.500000	0.000000	0.571000
19.583876	0.500000	0.000000	0.571000
19.585876	0.500000	0.000000	0.571000
19.587876	0.500000	0.000000	0.571000
19.589876	0.500000	0.000000	0.571000
19.591876	0.500000	0.000000	0.571000
19.593876	0.500000	0.000000	0.571000
19.595876	0.500000	0.000000	0.571000
19.597876	0.500000	0.000000	0.571000
19.599876	0.500000	0.000000	0.571000
19.601876	0.500000	0.000000	0.571000
19.603876	0.500000	0.000000	0.571000
19.605876	0.500000	0.000000	0.571000
19.607876	0.500000	0.000000	0.571000
19.609876	0.500000	0.000000	0.571000
19.611876	0.500000	0.000000	0.571000
19.613876	0.500000	0.000000	0.571000
19.615876	0.500000	0.000000	0.571000
19.617876	0.500000	0.000000	0.571000
19.619876	0.500000	0.000000	0.571000
19.621876	0.500000	0.000000	0.571000
19.623876	0.500000	0.000000	0.571000
19.625876	0.500000	0.000000	0.571000
19.627876	0.500000	0.000000	0.571000
19.629876	0.500000	0.000000	0.571000
19.631876	0.500000	0.000000	0.571000
19.633876	0.500000	0.000000	0.571000
19.635876	0.500000	0.000000	0.571000
19.637876	0.500000	0.000000	0.571000
19.639876	0.500000	0.000000	0.571000
19.641876	0.500000	0.000000	0.571000
19.643876	0.500000	0.000000	0.571000
19.645876	0.500000	0.000000	0.571000
19.647876	0.500000	0.000000	0.571000
19.649876	0.500000	0.000000	0.571000
19.651876	0.500000	0.000000	0.571000
19.653876	0.500000	0.000000	0.571000
19.655876	0.500000	0.000000	0.571000
19.657876	0.500000	0.000000	0.571000
19.659876	0.500000	0.000000	0.571000
19.661876	0.500000	0.000000	0.571000
19.663876	0.500000	0.000000	0.571000
19.665876	0.500000	0.000000	0.571000
19.667876	0.500000	0.000000	0.571000
19.669876	0.500000	0.000000	0.571000
19.671876	0.500000	0.000000	0.571000
19.673876	0.500000	0.000000	0.571000
19.675876	0.500000	0.000000	0.571000
19.677876	0.500000	0.000000	0.571000
19.679876	0.500000	0.000000	0.571000
19.681876	0.500000	0.000000	0.571000
19.683876	0.500000	0.000000	0.571000
19.685876	0.500000	0.000000	0.571000
19.687876	0.500000	0.000000	0.571000
19.689876	0.500000	0.000000	0.571000
19.691876	0.500000	0.000000	0.571000
19.693876	0.500000	0.000000	0.571000
19.695876	0.500000	0.000000	0.571000
19.697876	0.500000	0.000000	0.571000
19.699876	0.500000	0.000000	0.571000
19.701876	0.500000	0.000000	0.571000
19.703876	0.500000	0.000000	0.571000
19.705876	0.500000	0.000000	0.571000
19.707876	0.500000	0.000000	0.571000
19.709876	0.500000	0.000000	0.571000
19.711876	0.500000	0.000000	0.571000
19.713876	0.500000	0.000000	0.571000
19.715876	0.500000	0.000000	0.571000
19.717876	0.500000	0.000000	0.571000
19.719876	0.500000	0.000000	0.571000
19.721876	0.500000	0.000000	0.571000
19.723876	0.500000	0.000000	0.571000
19.725876	0.500000	0.000000	0.571000
19.727876	0.500000	0.000000	0.571000
19.729876	0.500000	0.000000	0.571000
19.731876	0.500000	0.000000	0.571000
19.733876	0.500000	0.000000	0.571000
19.735876	0.500000	0.000000	0.571000
19.737876	0.500000	0.000000	0.571000
19.739876	0.500000	0.000000	0.571000
19.741876	0.500000	0.000000	0.571000
19.743876	0.500000	0.000000	0.571000
19.745876	0.500000	0.000000	0.571000
19.747876	0.500000	0.000000	0.571000
19.749876	0.500000	0.000000	0.571000
19.751876	0.500000	0.000000	0.571000
19.753876	0.500000	0.000000	0.571000
19.755876	0.500000	0.000000	0.571000
19.757876	0.500000	0.000000	0.571000
19.759876	0.500000	0.000000	0.571000
19.761876	0.500000	0.000000	0.571000
19.763876	0.500000	0.000000	0.571000
19.765876	0.500000	0.000000	0.571000
19.767876	0.500000	0.000000	0.571000
19.769876	0.500000	0.000000	0.571000
19.771876	0.500000	0.000000	0.571000
19.773876	0.500000	0.000000	0.571000
19.775876	0.500000	0.000000	0.571000
19.777876	0.500000	0.000000	0.571000
19.779876	0.500000	0.000000	0.571000
19.781876	0.500000	0.000000	0.571000
19.783876	0.500000	0.000000	0.571000
19.785876	0.500000	0.000000	0.571000
19.787876	0.500000	0.000000	0.571000
19.789876	0.500000	0.000000	0.571000
19.791876	0.500000	0.000000	0.571000
19.793876	0.500000	0.000000	0.571000
19.795876	0.500000	0.000000	0.571000
19.797876	0.500000	0.000000	0.571000
19.799876	0.500000	0.000000	0.571000
19.801876	0.500000	0.000000	0.571000
19.803876	0.500000	0.000000	0.571000
19.805876	0.500000	0.000000	0.571000
19.807876	0.500000	0.000000	0.571000
19.809876	0.500000	0.000000	0.571000
19.811876	0.500000	0.000000	0.571000
19.813876	0.500000	0.000000	0.571000
19.815876	0.500000	0.000000	0.571000
19.817876	0.500000	0.000000	0.571000
19.819876	0.500000	0.000000	0.571000
19.821876	0.500000	0.000000	0.571000
19.823876	0.500000	0.000000	0.571000
19.825876	0.500000	0.000000	0.571000
19.827876	0.500000	0.000000	0.571000
19.829876	0.500000	0.000000	0.571000
19.831876	0.500000	0.000000	0.571000
19.833876	0.500000	0.000000	0.571000
19.835876	0.500000	0.000000	0.571000
19.837876	0.500000	0.000000	0.571000
19.839876	0.500000	0.000000	0.571000
19.841876	0.500000	0.000000	0.571000
19.843876	0.500000	0.000000	0.571000
19.845876	0.500000	0.000000	0.571000
19.847876	0.500000	0.000000	0.571000
19.849876	0.500000	0.000000	0.571000
19.851876	0.500000	0.000000	0.571000
19.853876	0.500000	0.000000	0.571000
19.855876	0.500000	0.000000	0.571000
19.857876	0.500000	0.000000	0.571000
19.859876	0.500000	0.000000	0.571000
19.861876	0.500000	0.000000	0.571000
19.863876	0.500000	0.000000	0.571000
19.865876	0.500000	0.000000	0.571000
19.867876	0.500000	0.000000	0.571000
19.869876	0.500000	0.000000	0.571000
19.871876	0.500000	0.000000	0.571000
19.873876	0.500000	0.000000	0.571000
19.875876	0.500000	0.000000	0.571000
19.877876	0.500000	0.000000	0.571000
19.879876	0.500000	0.000000	0.571000
19.881876	0.500000	0.000000	0.571000
19.883876	0.500000	0.000000	0.571000
19.885876	0.500000	0.000000	0.571000
19.887876	0.500000	0.000000	0.571000
19.889876	0.500000	0.000000	0.571000
19.891876	0.500000	0.000000	0.571000
19.893876	0.500000	0.000000	0.571000
19.895876	0.500000	0.000000	0.571000
19.897876	0.500000	0.000000	0.571000
19.899876	0.500000	0.000000	0.571000
19.901876	0.500000	0.000000	0.571000
19.903876	0.500000	0.000000	0.571000
19.905876	0.500000	0.000000	0.571000
19.907876	0.500000	0.000000	0.571000
19.909876	0.500000	0.000000	0.571000
19.911876	0.500000	0.000000	0.571000
19.913876	0.500000	0.000000	0.571000
19.915876	0.500000	0.000000	0.571000
19.917876	0.500000	0.000000	0.571000
19.919876	0.500000	0.000000	0.571000
19.921876	0.500000	0.000000	0.571000
19.923876	0.500000	0.000000	0.571000
19.925876	0.500000	0.000000	0.571000
19.927876	0.500000	0.000000	0.571000
19.929876	0.500000	0.000000	0.571000
19.931876	0.500000	0.000000	0.571000
19.933876	0.500000	0.000000	0.571000
19.935876	0.500000	0.000000	0.571000
19.937876	0.500000	0.000000	0.571000
19.939876	0.500000	0.000000	0.571000
19.941876	0.500000	0.000000	0.571000
19.943876	0.500000	0.000000	0.571000
19.945876	0.500000	0.000000	0.571000
19.947876	0.500000	0.000000	0.571000
19.949876	0.500000	0.000000	0.571000
19.951876	0.500000	0.000000	0.571000
19.953876	0.500000	0.000000	0.571000
19.955876	0.500000	0.000000	0.571000
19.957876	0.500000	0.000000	0.571000
19.959876	0.500000	0.000000	0.571000
19.961876	0.500000	0.000000	0.571000
19.963876	0.500000	0.000000	0.571000
19.965876	0.500000	0.000000	0.571000
19.967876	0.500000	0.000000	0.571000
19.969876	0.500000	0.000000	0.571000
19.971876	0.500000	0.000000	0.571000
19.973876	0.500000	0.000000	0.571000
19.975876	0.500000	0.000000	0.571000
19.977876	0.500000	0.000000	0.571000
19.979876	0.500000	0.000000	0.571000
19.981876	0.500000	0.000000	0.571000
19.983876	0.500000	0.000000	0.571000
19.985876	0.500000	0.000000	0.571000
19.987876	0.500000	0.000000	0.571000
19.989876	0.500000	0.000000	0.571000
19.991876	0.500000	0.000000	0.571000
19.993876	0.500000	0.000000	0.571000
19.995876	0.500000	0.000000	0.571000
19.997876	0.500000	0.000000	0.571000
19.999876	0.500000	0.000000	0.571000
20.001876	0.500000	0.000000	0.571000
20.003876	0.500000	0.000000	0.571000
20.005876	0.500000	0.000000	0.571000
20.007876	0.500000	0.000000	0.571000
20.009876	0.500000	0.000000	0.571000
20.011876	0.500000	0.000000	0.571000
20.013876	0.500000	0.000000	0.571000
20.015876	0.500000	0.000000	0.571000
20.017876	0.500000	0.000000	0.571000
20.019876	0.500000	0.000000	0.571000
20.021876	0.500000	0.000000	0.571000
20.023876	0.500000	0.000000	0.571000
20.025876	0.500000	0.000000	0.571000
20.027876	0.500000	0.000000	0.571000
20.029876	0.500000	0.000000	0.571000
20.031876	0.500000	0.000000	0.571000
20.033876	0.500000	0.000000	0.571000
20.035876	0.500000	0.000000	0.571000
20.037876	0.500000	0.000000	0.571000
20.039876	0.500000	0.000000	0.571000
20.041876	0.500000	0.000000	0.571000
20.043876	0.500000	0.000000	0.571000
20.045876	0.500000	0.000000	0.571000
20.047876	0.500000	0.000000	0.571000
20.049876	0.500000	0.000000	0.571000
20.051876	0.500000	0.000000	0.571000
20.053876	0.500000	0.000000	0.571000
20.055876	0.500000	0.000000	0.571000
20.057876	0.500000	0.000000	0.571000
20.059876	0.500000	0.000000	0.571000
20.061876	0.500000	0.000000	0.571000
20.063876	0.500000	0.000000	0.571000
20.065876	0.500000	0.000000	0.571000
20.067876	0.500000	0.000000	0.571000
20.069876	0.500000	0.000000	0.571000
20.071876	0.500000	0.000000	0.571000
20.073876	0.500000	0.000000	0.571000
20.075876	0.500000	0.000000	0.571000
20.077876	0.500000	0.000000	0.571000
20.079876	0.500000	0.000000	0.571000
20.081876	0.500000	0.000000	0.571000
20.083876	0.500000	0.000000	0.571000
20.085876	0.500000	0.000000	0.571000
20.087876	0.500000	0.000000	0.571000
20.089876	0.500000	0.000000	0.571000
20.091876	0.500000	0.000000	0.571000
20.093876	0.500000	0.000000	0.571000
20.095876	0.500000	0.000000	0.571000
20.097876	0.500000	0.000000	0.571000
20.099876	0.500000	0.000000	0.571000
20.101876	0.500000	0.000000	0.571000
20.103876	0.500000	0.000000	0.571000
20.105876	0.500000	0.000000	0.571000
20.107876	0.500000	0.000000	0.571000
20.109876	0.500000	0.000000	0.571000
20.111876	0.500000	0.000000	0.571000
20.113876	0.500000	0.000000	0.571000
20.115876	0.500000	0.000000	0.571000
20.117876	0.500000	0.000000	0.571000
20.119876	0.500000	0.000000	0.571000
20.121876	0.500000	0.000000	0.571000
20.123876	0.500000	0.000000	0.571000
20.125876	0.500000	0.000000	0.571000
20.127876	0.500000	0.000000	0.571000
20.129876	0.500000	0.000000	0.571000
20.131876	0.500000	0.000000	0.571000
20.133876	0.500000	0.000000	0.571000
20.135876	0.500000	0.000000	0.571000
20.137876	0.500000	0.000000	0.571000
20.139876	0.500000	0.000000	0.571000
20.141876	0.500000	0.000000	0.571000
20.143876	0.500000	0.000000	0.571000
20.145876	0.500000	0.000000	0.571000
20.147876	0.500000	0.000000	0.571000
20.149876	0.500000	0.000000	0.571000
20.151876	0.500000	0.000000	0.571000
20.153876	0.500000	0.000000	0.571000
20.155876	0.500000	0.000000	0.571000
20.157876	0.500000	0.000000	0.571000
20.159876	0.500000	0.000000	0.571000
20.161876	0.500000	0.000000	0.571000
20.163876	0.500000	0.000000	0.571000
20.165876	0.500000	0.000000	0.571000
20.167876	0.500000	0.000000	0.571000
20.169876	0.500000	0.000000	0.571000
20.171876	0.500000	0.000000	0.571000
20.173876	0.500000	0.000000	0.571000
20.175876	0.500000	0.000000	0.571000
20.177876	0.500000	0.000000	0.571000
20.179876	0.500000	0.000000	0.571000
20.181876	0.500000	0.000000	0.571000
20.183876	0.500000	0.000000	0.571000
20.185876	0.500000	0.000000	0.571000
20.187876	0.500000	0.000000	0.571000
20.189876	0.500000	0.000000	0.571000
20.191876	0.500000	0.000000	0.571000
20.193876	0.500000	0.000000	0.571000
20.195876	0.500000	0.000000	0.571000
20.197876	0.500000	0.000000	0.571000
20.199876	0.500000	0.000000	0.571000
20.201876	0.500000	0.000000	0.571000
20.203876	0.500000	0.000000	0.571000
20.205876	0.500000	0.000000	0.571000
20.207876	0.500000	0.000000	0.571000
20.209876	0.500000	0.000000	0.571000
20.211876	0.500000	0.000000	0.571000
20.213876	0.500000	0.000000	0.571000
20.215876	0.500000	0.000000	0.571000
20.217876	0.500000	0.000000	0.571000
20.219876	0.500000	0.000000	0.571000
20.221876	0.500000	0.000000	0.571000
20.223876	0.500000	0.000000	0.571000
20.225876	0.500000	0.000000	0.571000
20.227876	0.500000	0.000000	0.571000
20.229876	0.500000	0.000000	0.571000
20.231876	0.500000	0.000000	0.571000
20.233876	0.500000	0.000000	0.571000
20.235876	0.500000	0.000000	0.571000
20.237876	0.500000	0.000000	0.571000
20.239876	0.500000	0.000000	0.571000
20.241876	0.500000	0.000000	0.571000
20.243876	0.500000	0.000000	0.571000
20.245876	0.500000	0.000000	0.571000
20.247876	0.500000	0.000000	0.571000
20.249876	0.500000	0.000000	0.571000
20.251876	0.500000	0.000000	0.571000
20.253876	0.500000	0.000000	0.571000
20.255876	0.500000	0.000000	0.571000
20.257876	0.500000	0.000000	0.571000
20.259876	0.500000	0.000000	0.571000
20.261876	0.500000	0.000000	0.571000
20.263876	0.500000	0.000000	0.571000
20.265876	0.500000	0.000000	0.571000
20.267876	0.500000	0.000000	0.571000
20.269876	0.500000	0.000000	0.571000
20.271876	0.500000	0.000000	0.571000
20.273876	0.500000	0.000000	0.571000
20.275876	0.500000	0.000000	0.571000
20.277876	0.500000	0.000000	0.571000
20.279876	0.500000	0.000000	0.571000
20.281876	0.500000	0.000000	0.571000
20.283876	0.500000	0.000000	0.571000
20.285876	0.500000	0.000000	0.571000
20.287876	0.500000	0.000000	0.571000
20.289876	0.500000	0.000000	0.571000
20.291876	0.500000	0.000000	0.571000
20.293876	0.500000	0.000000	0.571000
20.295876	0.500000	0.000000	0.571000
20.297876	0.500000	0.000000	0.571000
20.299876	0.500000	0.000000	0.571000
20.301876	0.500000	0.000000	0.571000
20.303876	0.500000	0.000000	0.571000
20.305876	0.500000	0.000000	0.571000
20.307876	0.500000	0.000000	0.571000
20.309876	0.500000	0.000000	0.571000
20.311876	0.500000	0.000000	0.571000
20.313876	0.500000	0.000000	0.571000
20.315876	0.500000	0.000000	0.571000
20.317876	0.500000	0.000000	0.571000
20.319876	0.500000	0.000000	0.571000
20.321876	0.500000	0.000000	0.571000
20.323876	0.500000	0.000000	0.571000
20.325876	0.500000	0.000000	0.571000
20.327876	0.500000	0.000000	0.571000
20.329876	0.500000	0.000000	0.571000
20.331876	0.500000	0.000000	0.571000
20.333876	0.500000	0.000000	0.571000
20.335876	0.500000	0.000000	0.571000
20.337876	0.500000	0.000000	0.571000
20.339876	0.500000	0.000000	0.571000
20.341876	0.500000	0.000000	0.571000
20.343876	0.500000	0.000000	0.571000
20.345876	0.500000	0.000000	0.571000
20.347876	0.500000	0.000000	0.571000
20.349876	0.500000	0.000000	0.571000
20.351876	0.500000	0.000000	0.571000
20.353876	0.500000	0.000000	0.571000
20.355876	0.500000	0.000000	0.571000
20.357876	0.500000	0.000000	0.571000
20.359876	0.500000	0.000000	0.571000
20.361876	0.500000	0.000000	0.571000
20.363876	0.500000	0.000000	0.571000
20.365876	0.500000	0.000000	0.571000
20.367876	0.500000	0.000000	0.571000
20.369876	0.500000	0.000000	0.571000
20.371876	0.500000	0.000000	0.571000
20.373876	0.500000	0.000000	0.571000
20.375876	0.500000	0.000000	0.571000
20.377876	0.500000	0.000000	0.571000
20.379876	0.500000	0.000000	0.571000
20.381876	0.500000	0.000000	0.571000
20.383876	0.500000	0.000000	0.571000
20.385876	0.500000	0.000000	0.571000
20.387876	0.500000	0.000000	0.571000
20.389876	0.500000	0.000000	0.571000
20.391876	0.500000	0.000000	0.571000
20.393876	0.500000	0.000000	0.571000
20.395876	0.500000	0.000000	0.571000
20.397876	0.500000	0.000000	0.571000
20.399876	0.500000	0.000000	0.571000
20.401876	0.500000	0.000000	0.571000
20.403876	0.500000	0.000000	0.571000
20.405876	0.500000	0.000000	0.571000
20.407876	0.500000	0.000000	0.571000
20.409876	0.500000	0.000000	0.571000
20.411876	0.500000	0.000000	0.571000
20.413876	0.500000	0.000000	0.571000
20.415876	0.500000	0.000000	0.571000
20.417876	0.500000	0.000000	0.571000
20.419876	0.500000	0.000000	0.571000
20.421876	0.500000	0.000000	0.571000
20.423876	0.500000	0.000000	0.571000
20.425876	0.500000	0.000000	0.571000
20.427876	0.500000	0.000000	0.571000
20.429876	0.500000	0.000000	0.571000
20.431876	0.500000	0.000000	0.571000
20.433876	0.500000	0.000000	0.571000
20.435876	0.500000	0.000000	0.571000
20.437876	0.500000	0.000000	0.571000
20.439876	0.500000	0.000000	0.571000
20.441876	0.500000	0.000000	0.571000
20.443876	0.500000	0.000000	0.571000
20.445876	0.500000	0.000000	0.571000
20.447876	0.500000	0.000000	0.571000
20.449876	0.500000	0.000000	0.571000
20.451876	0.500000	0.000000	0.571000
20.453876	0.500000	0.000000	0.571000
20.455876	0.500000	0.000000	0.571000
20.457876	0.500000	0.000000	0.571000
20.459876	0.500000	0.000000	0.571000
20.461876	0.500000	0.000000	0.571000
20.463876	0.500000	0.000000	0.571000
20.465876	0.500000	0.000000	0.571000
20.467876	0.500000	0.000000	0.571000
20.469876	0.500000	0.000000	0.571000
20.471876	0.500000	0.000000	0.571000
20.473876	0.500000	0.000000	0.571000
20.475876	0.500000	0.000000	0.571000
20.477876	0.500000	0.000000	0.571000
20.479876	0.500000	0.000000	0.571000
20.481876	0.500000	0.000000	0.571000
20.483876	0.500000	0.000000	0.571000
20.485876	0.500000	0.000000	0.571000
20.487876	0.500000	0.000000	0.571000
20.489876	0.500000	0.000000	0.571000
20.491876	0.500000	0.000000	0.571000
20.493876	0.500000	0.000000	0.571000
20.495876	0.500000	0.000000	0.571000
20.497876	0.500000	0.000000	0.571000
20.499876	0.500000	0.000000	0.571000
20.501876	0.500000	0.000000	0.571000
20.503876	0.500000	0.000000	0.571000
20.505876	0.500000	0.000000	0.571000
20.507876	0.500000	0.000000	0.571000
20.509876	0.500000	0.000000	0.571000
20.511876	0.500000	0.000000	0.571000
20.513876	0.500000	0.000000	0.571000
20.515876	0.500000	0.000000	0.571000
20.517876	0.500000	0.000000	0.571000
20.519876	0.500000	0.000000	0.571000
20.521876	0.500000	0.000000	0.571000
20.523876	0.500000	0.000000	0.571000
20.525876	0.500000	0.000000	0.571000
20.527876	0.500000	0.000000	0.571000
20.529876	0.500000	0.000000	0.571000
20.531876	0.500000	0.000000	0.571000
20.533876	0.500000	0.000000	0.571000
20.535876	0.500000	0.000000	0.571000
20.537876	0.500000	0.000000	0.571000
20.539876	0.500000	0.000000	0.571000
20.541876	0.500000	0.000000	0.571000
20.543876	0.500000	0.000000	0.571000
20.545876	0.500000	0.000000	0.571000
20.547876	0.500000	0.000000	0.571000
20.549876	0.500000	0.000000	0.571000
20.551876	0.500000	0.000000	0.571000
20.553876	0.500000	0.000000	0.571000
20.555876	0.500000	0.000000	0.571000
20.557876	0.500000	0.000000	0.571000
20.559876	0.500000	0.000000	0.571000
20.561876	0.500000	0.000000	0.571000
20.563876	0.500000	0.000000	0.571000
20.565876	0.500000	0.000000	0.571000
20.567876	0.500000	0.000000	0.571000
20.569876	0.500000	0.000000	0.571000
20.571876	0.500000	0.000000	0.571000
20.573876	0.500000	0.000000	0.571000
20.575876	0.500000	0.000000	0.571000
20.577876	0.500000	0.000000	0.571000
20.579876	0.500000	0.000000	0.571000
20.581876	0.500000	0.000000	0.571000
20.583876	0.500000	0.000000	0.571000
20.585876	0.500000	0.000000	0.571000
20.587876	0.500000	0.000000	0.571000
20.589876	0.500000	0.000000	0.571000
20.591876	0.500000	0.000000	0.571000
20.593876	0.500000	0.000000	0.571000
20.595876	0.500000	0.000000	0.571000
20.597876	0.500000	0.000000	0.571000
20.599876	0.500000	0.000000	0.571000
20.601876	0.500000	0.000000	0.571000
20.603876	0.500000	0.000000	0.571000
20.605876	0.500000	0.000000	0.571000
20.607876	0.500000	0.000000	0.571000
20.609876	0.500000	0.000000	0.571000
20.611876	0.500000	0.000000	0.571000
20.613876	0.500000	0.000000	0.571000
20.615876	0.500000	0.000000	0.571000
20.617876	0.500000	0.000000	0.571000
20.619876	0.500000	0.000000	0.571000
20.621876	0.500000	0.000000	0.571000
20.623876	0.500000	0.000000	0.571000
20.625876	0.500000	0.000000	0.571000
20.627876	0.500000	0.000000	0.571000
20.629876	0.500000	0.000000	0.571000
20.631876	0.500000	0.000000	0.571000
20.633876	0.500000	0.000000	0.571000
20.635876	0.500000	0.000000	0.571000
20.637876	0.500000	0.000000	0.571000
20.639876	0.500000	0.000000	0.571000
20.641876	0.500000	0.000000	0.571000
20.643876	0.500000	0.000000	0.571000
20.645876	0.500000	0.000000	0.571000
20.647876	0.500000	0.000000	0.571000
20.649876	0.500000	0.000000	0.571000
20.651876	0.500000	0.000000	0.571000
20.653876	0.500000	0.000000	0.571000
20.655876	0.500000	0.000000	0.571000
20.657876	0.500000	0.000000	0.571000
20.659876	0.500000	0.000000	0.571000
20.661876	0.500000	0.000000	0.571000
20.663876	0.500000	0.000000	0.571000
20.665876	0.500000	0.000000	0.571000
20.667876	0.500000	0.000000	0.571000
20.669876	0.500000	0.000000	0.571000
20.671876	0.500000	0.000000	0.571000
20.673876	0.500000	0.000000	0.571000
20.675876	0.500000	0.000000	0.571000
20.677876	0.500000	0.000000	0.571000
20.679876	0.500000	0.000000	0.571000
20.681876	0.500000	0.000000	0.571000
20.683876	0.500000	0.000000	0.571000
20.685876	0.500000	0.000000	0.571000
20.687876	0.500000	0.000000	0.571000
20.689876	0.500000	0.000000	0.571000
20.691876	0.500000	0.000000	0.571000
20.693876	0.500000	0.000000	0.571000
20.695876	0.500000	0.000000	0.571000
20.697876	0.500000	0.000000	0.571000
20.699876	0.500000	0.000000	0.571000
20.701876	0.500000	0.000000	0.571000
20.703876	0.500000	0.000000	0.571000
20.705876	0.500000	0.000000	0.571000
20.707876	0.500000	0.000000	0.571000
20.709876	0.500000	0.000000	0.571000
20.711876	0.500000	0.000000	0.571000
20.713876	0.500000	0.000000	0.571000
20.715876	0.500000	0.000000	0.571000
20.717876	0.500000	0.000000	0.571000
20.719876	0.500000	0.000000	0.571000
20.721876	0.500000	0.000000	0.571000
20.723876	0.500000	0.000000	0.571000
20.725876	0.500000	0.000000	0.571000
20.727876	0.500000	0.000000	0.571000
20.729876	0.500000	0.000000	0.571000
20.731876	0.500000	0.000000	0.571000
20.733876	0.500000	0.000000	0.571000
20.735876	0.500000	0.000000	0.571000
20.737876	0.500000	0.000000	0.571000
20.739876	0.500000	0.000000	0.571000
20.741876	0.500000	0.000000	0.571000
20.743876	0.500000	0.000000	0.571000
20.745876	0.500000	0.000000	0.571000
20.747876	0.500000	0.000000	0.571000
20.749876	0.500000	0.000000	0.571000
20.751876	0.500000	0.000000	0.571000
20.753876	0.500000	0.000000	0.571000
20.755876	0.500000	0.000000	0.571000
20.757876	0.500000	0.000000	0.571000
20.759876	0.500000	0.000000	0.571000
20.761876	0.500000	0.000000	0.571000
20.763876	0.500000	0.000000	0.571000
20.765876	0.500000	0.000000	0.571000
20.767876	0.500000	0.000000	0.571000
20.769876	0.500000	0.000000	0.571000
20.771876	0.500000	0.000000	0.571000
20.773876	0.500000	0.000000	0.571000
20.775876	0.500000	0.000000	0.571000
20.777876	0.500000	0.000000	0.571000
20.779876	0.500000	0.000000	0.571000
20.781876	0.500000	0.000000	0.571000
20.783876	0.500000	0.000000	0.571000
20.785876	0.500000	0.000000	0.571000
20.787876	0.500000	0.000000	0.571000
20.789876	0.500000	0.000000	0.571000
20.791876	0.500000	0.000000	0.571000
20.793876	0.500000	0.000000	0.571000
20.795876	0.500000	0.000000	0.571000
20.797876	0.500000	0.000000	0.571000
20.799876	0.500000	0.000000	0.571000
20.801876	0.500000	0.000000	0.571000
20.803876	0.500000	0.000000	0.571000
20.805876	0.500000	0.000000	0.571000
20.807876	0.500000	0.000000	0.571000
20.809876	0.500000	0.000000	0.571000
20.811876	0.500000	0.000000	0.571000
20.813876	0.500000	0.000000	0.571000
20.815876	0.500000	0.000000	0.571000
20.817876	0.500000	0.000000	0.571000
20.819876	0.500000	0.000000	0.571000
20.821876	0.500000	0.000000	0.571000
20.823876	0.500000	0.000000	0.571000
20.825876	0.500000	0.000000	0.571000
20.827876	0.500000	0.000000	0.571000
20.829876	0.500000	0.000000	0.571000
20.831876	0.500000	0.000000	0.571000
20.833876	0.500000	0.000000	0.571000
20.835876	0.500000	0.000000	0.571000
20.837876	0.500000	0.000000	0.571000
20.839876	0.500000	0.000000	0.571000
20.841876	0.500000	0.000000	0.571000
20.843876	0.500000	0.000000	0.571000
20.845876	0.500000	0.000000	0.571000
20.847876	0.500000	0.000000	0.571000
20.849876	0.500000	0.000000	0.571000
20.851876	0.500000	0.000000	0.571000
20.853876	0.500000	0.000000	0.571000
20.855876	0.500000	0.000000	0.571000
20.857876	0.500000	0.000000	0.571000
20.859876	0.500000	0.000000	0.571000
20.861876	0.500000	0.000000	0.571000
20.863876	0.500000	0.000000	0.571000
20.865876	0.500000	0.000000	0.571000
20.867876	0.500000	0.000000	0.571000
20.869876	0.500000	0.000000	0.571000
20.871876	0.500000	0.000000	0.571000
20.873876	0.500000	0.000000	0.571000
20.875876	0.500000	0.000000	0.571000
20.877876	0.500000	0.000000	0.571000
20.879876	0.500000	0.000000	0.571000
20.881876	0.500000	0.000000	0.571000
20.883876	0.500000	0.000000	0.571000
20.885876	0.500000	0.000000	0.571000
20.887876	0.500000	0.000000	0.571000
20.889876	0.500000	0.000000	0.571000
20.891876	0.500000	0.000000	0.571000
20.893876	0.500000	0.000000	0.571000
20.895876	0.500000	0.000000	0.571000
20.897876	0.500000	0.000000	0.571000
20.899876	0.500000	0.000000	0.571000
20.901876	0.500000	0.000000	0.571000
20.903876	0.500000	0.000000	0.571000
20.905876	0.500000	0.000000	0.571000
20.907876	0.500000	0.000000	0.571000
20.909876	0.500000	0.000000	0.571000
20.911876	0.500000	0.000000	0.571000
20.913876	0.500000	0.000000	0.571000
20.915876	0.500000	0.000000	0.571000
20.917876	0.500000	0.000000	0.571000
20.919876	0.500000	0.000000	0.571000
20.921876	0.500000	0.000000	0.571000
20.923876	0.500000	0.000000	0.571000
20.925876	0.500000	0.000000	0.571000
20.927876	0.500000	0.000000	0.571000
20.929876	0.500000	0.000000	0.571000
20.931876	0.500000	0.000000	0.571000
20.933876	0.500000	0.000000	0.571000
20.935876	0.500000	0.000000	0.571000
20.937876	0.500000	0.000000	0.571000
20.939876	0.500000	0.000000	0.571000
20.941876	0.500000	0.000000	0.571000
20.943876	0.500000	0.000000	0.571000
20.945876	0.500000	0.000000	0.571000
20.947876	0.500000	0.000000	0.571000
20.949876	0.500000	0.000000	0.571000
20.951876	0.500000	0.000000	0.571000
20.953876	0.500000	0.000000	0.571000
20.955876	0.500000	0.000000	0.571000
20.957876	0.500000	0.000000	0.571000
20.959876	0.500000	0.000000	0.571000
20.961876	0.500000	0.000000	0.571000
20.963876	0.500000	0.000000	0.571000
20.965876	0.500000	0.000000	0.571000
20.967876	0.500000	0.000000	0.571000
20.969876	0.500000	0.000000	0.571000
20.971876	0.500000	0.000000	0.571000
20.973876	0.500000	0.000000	0.571000
20.975876	0.500000	0.000000	0.571000
20.977876	0.500000	0.000000	0.571000
20.979876	0.500000	0.000000	0.571000
20.981876	0.500000	0.000000	0.571000
20.983876	0.500000	0.000000	0.571000
20.985876	0.500000	0.000000	0.571000
20.987876	0.500000	0.000000	0.571000
20.989876	0.500000	0.000000	0.571000
20.991876	0.500000	0.000000	0.571000
20.993876	0.500000	0.000000	0.571000
20.995876	0.500000	0.000000	0.571000
20.997876	0.500000	0.000000	0.571000
20.999876	0.500000	0.000000	0.571000
21.001876	0.500000	0.000000	0.571000
21.003876	0.500000	0.000000	0.571000
21.005876	0.500000	0.000000	0.571000
21.007876	0.500000	0.000000	0.571000
21.009876	0.500000	0.000000	0.571000
21.011876	0.500000	0.000000	0.571000
21.013876	0.500000	0.000000	0.571000
21.015876	0.500000	0.000000	0.571000
21.017876	0.500000	0.000000	0.571000
21.019876	0.500000	0.000000	0.571000
21.021876	0.500000	0.000000	0.571000
21.023876	0.500000	0.000000	0.571000
21.025876	0.500000	0.000000	0.571000
21.027876	0.500000	0.000000	0.571000
21.029876	0.500000	0.000000	0.571000
21.031876	0.500000	0.000000	0.571000
21.033876	0.500000	0.000000	0.571000
21.035876	0.500000	0.000000	0.571000
21.037876	0.500000	0.000000	0.571000
21.039876	0.500000	0.000000	0.571000
21.041876	0.500000	0.000000	0.571000
21.043876	0.500000	0.000000	0.571000
21.045876	0.500000	0.000000	0.571000
21.047876	0.500000	0.000000	0.571000
21.049876	0.500000	0.000000	0.571000
21.051876	0.500000	0.000000	0.571000
21.053876	0.500000	0.000000	0.571000
21.055876	0.500000	0.000000	0.571000
21.057876	0.500000	0.000000	0.571000
21.059876	0.500000	0.000000	0.571000
21.061876	0.500000	0.000000	0.571000
21.063876	0.500000	0.000000	0.571000
21.065876	0.500000	0.000000	0.571000
21.067876	0.500000	0.000000	0.571000
21.069876	0.500000	0.000000	0.571000
21.071876	0.500000	0.000000	0.571000
21.073876	0.500000	0.000000	0.571000
21.075876	0.500000	0.000000	0.571000
21.077876	0.500000	0.000000	0.571000
21.079876	0.500000	0.000000	0.571000
21.081876	0.500000	0.000000	0.571000
21.083876	0.500000	0.000000	0.571000
21.085876	0.500000	0.000000	0.571000
21.087876	0.500000	0.000000	0.571000
21.089876	0.500000	0.000000	0.571000
21.091876	0.500000	0.000000	0.571000
21.093876	0.500000	0.000000	0.571000
21.095876	0.500000	0.000000	0.571000
21.097876	0.500000	0.000000	0.571000
21.099876	0.500000	0.000000	0.571000
21.101876	0.500000	0.000000	0.571000
21.103876	0.500000	0.000000	0.571000
21.105876	0.500000	0.000000	0.571000
21.107876	0.500000	0.000000	0.571000
21.109876	0.500000	0.000000	0.571000
21.111876	0.500000	0.000000	0.571000
21.113876	0.500000	0.000000	0.571000
21.115876	0.500000	0.000000	0.571000
21.117876	0.500000	0.000000	0.571000
21.119876	0.500000	0.000000	0.571000
21.121876	0.500000	0.000000	0.571000
21.123876	0.500000	0.000000	0.571000
21.125876	0.500000	0.000000	0.571000
21.127876	0.500000	0.000000	0.571000
21.129876	0.500000	0.000000	0.571000
21.131876	0.500000	0.000000	0.571000
21.133876	0.500000	0.000000	0.571000
21.135876	0.500000	0.000000	0.571000
21.137876	0.500000	0.000000	0.571000
21.139876	0.500000	0.000000	0.571000
21.141876	0.500000	0.000000	0.571000
21.143876	0.500000	0.000000	0.571000
21.145876	0.500000	0.000000	0.571000
21.147876	0.500000	0.000000	0.571000
21.149876	0.500000	0.000000	0.571000
21.151876	0.500000	0.000000	0.571000
21.153876	0.500000	0.000000	0.571000
21.155876	0.500000	0.000000	0.571000
21.157876	0.500000	0.000000	0.571000
21.159876	0.500000	0.000000	0.571000
21.161876	0.500000	0.000000	0.571000
21.163876	0.500000	0.000000	0.571000
21.165876	0.500000	0.000000	0.571000
21.167876	0.500000	0.000000	0.571000
21.169876	0.500000	0.000000	0.571000
21.171876	0.500000	0.000000	0.571000
21.173876	0.500000	0.000000	0.571000
21.175876	0.500000	0.000000	0.571000
21.177876	0.500000	0.000000	0.571000
21.179876	0.500000	0.000000	0.571000
21.181876	0.500000	0.000000	0.571000
21.183876	0.500000	0.000000	0.571000
21.185876	0.500000	0.000000	0.571000
21.187876	0.500000	0.000000	0.571000
21.189876	0.500000	0.000000	0.571000
21.191876	0.500000	0.000000	0.571000
21.193876	0.500000	0.000000	0.571000
21.195876	0.500000	0.000000	0.571000
21.197876	0.500000	0.000000	0.571000
21.199876	0.500000	0.000000	0.571000
21.201876	0.500000	0.000000	0.571000
21.203876	0.500000	0.000000	0.571000
21.205876	0.500000	0.000000	0.571000
21.207876	0.500000	0.000000	0.571000
21.209876	0.500000	0.000000	0.571000
21.211876	0.500000	0.000000	0.571000
21.213876	0.500000	0.000000	0.571000
21.215876	0.500000	0.000000	0.571000
21.217876	0.500000	0.000000	0.571000
21.219876	0.500000	0.000000	0.571000
21.221876	0.500000	0.000000	0.571000
21.223876	0.500000	0.000000	0.571000
21.225876	0.500000	0.000000	0.571000
21.227876	0.500000	0.000000	0.571000
21.229876	0.500000	0.000000	0.571000
21.231876	0.500000	0.000000	0.571000
21.233876	0.500000	0.000000	0.571000
21.235876	0.500000	0.000000	0.571000
21.237876	0.500000	0.000000	0.571000
21.239876	0.500000	0.000000	0.571000
21.241876	0.500000	0.000000	0.571000
21.243876	0.500000	0.000000	0.571000
21.245876	0.500000	0.000000	0.571000
21.247876	0.500000	0.000000	0.571000
21.249876	0.500000	0.000000	0.571000
21.251876	0.500000	0.000000	0.571000
21.253876	0.500000	0.000000	0.571000
21.255876	0.500000	0.000000	0.571000
21.257876	0.500000	0.000000	0.571000
21.259876	0.500000	0.000000	0.571000
21.261876	0.500000	0.000000	0.571000
21.263876	0.500000	0.000000	0.571000
21.265876	0.500000	0.000000	0.571000
21.267876	0.500000	0.000000	0.571000
21.269876	0.500000	0.000000	0.571000
21.271876	0.500000	0.000000	0.571000
21.273876	0.500000	0.000000	0.571000
21.275876	0.500000	0.000000	0.571000
21.277876	0.500000	0.000000	0.571000
21.279876	0.500000	0.000000	0.571000
21.281876	0.500000	0.000000	0.571000
21.283876	0.500000	0.000000	0.571000
21.285876	0.500000	0.000000	0.571000
21.287876	0.500000	0.000000	0.571000
21.289876	0.500000	0.000000	0.571000
21.291876	0.500000	0.000000	0.571000
21.293876	0.500000	0.000000	0.571000
21.295876	0.500000	0.000000	0.571000
21.297876	0.500000	0.000000	0.571000
21.299876	0.500000	0.000000	0.571000
21.301876	0.500000	0.000000	0.571000
21.303876	0.500000	0.000000	0.571000
21.305876	0.500000	0.000000	0.571000
21.307876	0.500000	0.000000	0.571000
21.309876	0.500000	0.000000	0.571000
21.311876	0.500000	0.000000	0.571000
21.313876	0.500000	0.000000	0.571000
21.315876	0.500000	0.000000	0.571000
21.317876	0.500000	0.000000	0.571000
21.319876	0.500000	0.000000	0.571000
21.321876	0.500000	0.000000	0.571000
21.323876	0.500000	0.000000	0.571000
21.325876	0.500000	0.000000	0.571000
21.327876	0.500000	0.000000	0.571000
21.329876	0.500000	0.000000	0.571000
21.331876	0.500000	0.000000	0.571000
21.333876	0.500000	0.000000	0.571000
21.335876	0.500000	0.000000	0.571000
21.337876	0.500000	0.000000	0.571000
21.339876	0.500000	0.000000	0.571000
21.341876	0.500000	0.000000	0.571000
21.343876	0.500000	0.000000	0.571000
21.345876	0.500000	0.000000	0.571000
21.347876	0.500000	0.000000	0.571000
21.349876	0.500000	0.000000	0.571000
21.351876	0.500000	0.000000	0.571000
21.353876	0.500000	0.000000	0.571000
21.355876	0.500000	0.000000	0.571000
21.357876	0.500000	0.000000	0.571000
21.359876	0.500000	0.000000	0.571000
21.361876	0.500000	0.000000	0.571000
21.363876	0.500000	0.000000	0.571000
21.365876	0.500000	0.000000	0.571000
21.367876	0.500000	0.000000	0.571000
21.369876	0.500000	0.000000	0.571000
21.371876	0.500000	0.000000	0.571000
21.373876	0.500000	0.000000	0.571000
21.375876	0.500000	0.000000	0.571000
21.377876	0.500000	0.000000	0.571000
21.379876	0.500000	0.000000	0.571000
21.381876	0.500000	0.000000	0.571000
21.383876	0.500000	0.000000	0.571000
21.385876	0.500000	0.000000	0.571000
21.387876	0.500000	0.000000	0.571000
21.389876	0.500000	0.000000	0.571000
21.391876	0.500000	0.000000	0.571000
21.393876	0.500000	0.000000	0.571000
21.395876	0.500000	0.000000	0.571000
21.397876	0.500000	0.000000	0.571000
21.399876	0.500000	0.000000	0.571000
21.401876	0.500000	0.000000	0.571000
21.403876	0.500000	0.000000	0.571000
21.405876	0.500000	0.000000	0.571000
21.407876	0.500000	0.000000	0.571000
21.409876	0.500000	0.000000	0.571000
21.411876	0.500000	0.000000	0.571000
21.413876	0.500000	0.000000	0.571000
21.415876	0.500000	0.000000	0.571000
21.417876	0.500000	0.000000	0.571000
21.419876	0.500000	0.000000	0.571000
21.421876	0.500000	0.000000	0.571000
21.423876	0.500000	0.000000	0.571000
21.425876	0.500000	0.000000	0.571000
21.427876	0.500000	0.000000	0.571000
21.429876	0.500000	0.000000	0.571000
21.431876	0.500000	0.000000	0.571000
21.433876	0.500000	0.000000	0.571000
21.435876	0.500000	0.000000	0.571000
21.437876	0.500000	0.000000	0.571000
21.439876	0.500000	0.000000	0.571000
21.441876	0.500000	0.000000	0.571000
21.443876	0.500000	0.000000	0.571000
21.445876	0.500000	0.000000	0.571000
21.447876	0.500000	0.000000	0.571000
21.449876	0.500000	0.000000	0.571000
21.451876	0.500000	0.000000	0.571000
21.453876	0.500000	0.000000	0.571000
21.455876	0.500000	0.000000	0.571000
21.457876	0.500000	0.000000	0.571000
21.459876	0.500000	0.000000	0.571000
21.461876	0.500000	0.000000	0.571000
21.463876	0.500000	0.000000	0.571000
21.465876	0.500000	0.000000	0.571000
21.467876	0.500000	0.000000	0.571000
21.469876	0.500000	0.000000	0.571000
21.471876	0.500000	0.000000	0.571000
21.473876	0.500000	0.000000	0.571000
21.475876	0.500000	0.000000	0.571000
21.477876	0.500000	0.000000	0.571000
21.479876	0.500000	0.000000	0.571000
21.481876	0.500000	0.000000	0.571000
21.483876	0.500000	0.000000	0.571000
21.485876	0.500000	0.000000	0.571000
21.487876	0.500000	0.000000	0.571000
21.489876	0.500000	0.000000	0.571000
21.491876	0.500000	0.000000	0.571000
21.493876	0.500000	0.000000	0.571000
21.495876	0.500000	0.000000	0.571000
21.497876	0.500000	0.000000	0.571000
21.499876	0.500000	0.000000	0.571000
21.501876	0.500000	0.000000	0.571000
21.503876	0.500000	0.000000	0.571000
21.505876	0.500000	0.000000	0.571000
21.507876	0.500000	0.000000	0.571000
21.509876	0.500000	0.000000	0.571000
21.511876	0.500000	0.000000	0.571000
21.513876	0.500000	0.000000	0.571000
21.515876	0.500000	0.000000	0.571000
21.517876	0.500000	0.000000	0.571000
21.519876	0.500000	0.000000	0.571000
21.521876	0.500000	0.000000	0.571000
21.523876	0.500000	0.000000	0.571000
21.525876	0.500000	0.000000	0.571000
21.527876	0.500000	0.000000	0.571000
21.529876	0.500000	0.000000	0.571000
21.531876	0.500000	0.000000	0.571000
21.533876	0.500000	0.000000	0.571000
21.535876	0.500000	0.000000	0.571000
21.537876	0.500000	0.000000	0.571000
21.539876	0.500000	0.000000	0.571000
21.541876	0.500000	0.000000	0.571000
21.543876	0.500000	0.000000	0.571000
21.545876	0.500000	0.000000	0.571000
21.547876	0.500000	0.000000	0.571000
21.549876	0.500000	0.000000	0.571000
21.551876	0.500000	0.000000	0.571000
21.553876	0.500000	0.000000	0.571000
21.555876	0.500000	0.000000	0.571000
21.557876	0.500000	0.000000	0.571000
21.559876	0.500000	0.000000	0.571000
21.561876	0.500000	0.000000	0.571000
21.563876	0.500000	0.000000	0.571000
21.565876	0.500000	0.000000	0.571000
21.567876	0.500000	0.000000	0.571000
21.569876	0.500000	0.000000	0.571000
21.571876	0.500000	0.000000	0.571000
21.573876	0.500000	0.000000	0.571000
21.575876	0.500000	0.000000	0.571000
21.577876	0.500000	0.000000	0.571000
21.579876	0.500000	0.000000	0.571000
21.581876	0.500000	0.000000	0.571000
21.583876	0.500000	0.000000	0.571000
21.585876	0.500000	0.000000	0.571000
21.587876	0.500000	0.000000	0.571000
21.589876	0.500000	0.000000	0.571000
21.591876	0.500000	0.000000	0.571000
21.593876	0.500000	0.000000	0.571000
21.595876	0.500000	0.000000	0.571000
21.597876	0.500000	0.000000	0.571000
21.599876	0.500000	0.000000	0.571000
21.601876	0.500000	0.000000	0.571000
21.603876	0.500000	0.000000	0.571000
21.605876	0.500000	0.000000	0.571000
21.607876	0.500000	0.000000	0.571000
21.609876	0.500000	0.000000	0.571000
21.611876	0.500000	0.000000	0.571000
21.613876	0.500000	0.000000	0.571000
21.615876	0.500000	0.000000	0.571000
21.617876	0.500000	0.000000	0.571000
21.619876	0.500000	0.000000	0.571000
21.621876	0.500000	0.000000	0.571000
21.623876	0.500000	0.000000	0.571000
21.625876	0.500000	0.000000	0.571000
21.627876	0.500000	0.000000	0.571000
21.629876	0.500000	0.000000	0.571000
21.631876	0.500000	0.000000	0.571000
21.633876	0.500000	0.000000	0.571000
21.635876	0.500000	0.000000	0.571000
21.637876	0.500000	0.000000	0.571000
21.639876	0.500000	0.000000	0.571000
21.641876	0.500000	0.000000	0.571000
21.643876	0.500000	0.000000	0.571000
21.645876	0.500000	0.000000	0.571000
21.647876	0.500000	0.000000	0.571000
21.649876	0.500000	0.000000	0.571000
21.651876	0.500000	0.000000	0.571000
21.653876	0.500000	0.000000	0.571000
21.655876	0.500000	0.000000	0.571000
21.657876	0.500000	0.000000	0.571000
21.659876	0.500000	0.000000	0.571000
21.661876	0.500000	0.000000	0.571000
21.663876	0.500000	0.000000	0.571000
21.665876	0.500000	0.000000	0.571000
21.667876	0.500000	0.000000	0.571000
21.669876	0.500000	0.000000	0.571000
21.671876	0.500000	0.000000	0.571000
21.673876	0.500000	0.000000	0.571000
21.675876	0.500000	0.000000	0.571000
21.677876	0.500000	0.000000	0.571000
21.679876	0.500000	0.000000	0.571000
21.681876	0.500000	0.000000	0.571000
21.683876	0.500000	0.000000	0.571000
21.685876	0.500000	0.000000	0.571000
21.687876	0.500000	0.000000	0.571000
21.689876	0.500000	0.000000	0.571000
21.691876	0.500000	0.000000	0.571000
21.693876	0.500000	0.000000	0.571000
21.695876	0.500000	0.000000	0.571000
21.697876	0.500000	0.000000	0.571000
21.699876	0.500000	0.000000	0.571000
21.701876	0.500000	0.000000	0.571000
21.703876	0.500000	0.000000	0.571000
21.705876	0.500000	0.000000	0.571000
21.707876	0.500000	0.000000	0.571000
21.709876	0.500000	0.000000	0.571000
21.711876	0.500000	0.000000	0.571000
21.713876	0.500000	0.000000	0.571000
21.715876	0.500000	0.000000	0.571000
21.717876	0.500000	0.000000	0.571000
21.719876	0.500000	0.000000	0.571000
21.721876	0.500000	0.000000	0.571000
21.723876	0.500000	0.000000	0.571000
21.725876	0.500000	0.000000	0.571000
21.727876	0.500000	0.000000	0.571000
21.729876	0.500000	0.000000	0.571000
21.731876	0.500000	0.000000	0.571000
21.733876	0.500000	0.000000	0.571000
21.735876	0.500000	0.000000	0.571000
21.737876	0.500000	0.000000	0.571000
21.739876	0.500000	0.000000	0.571000
21.741876	0.500000	0.000000	0.571000
21.743876	0.500000	0.000000	0.571000
21.745876	0.500000	0.000000	0.571000
21.747876	0.500000	0.000000	0.571000
21.749876	0.500000	0.000000	0.571000
21.751876	0.500000	0.000000	0.571000
21.753876	0.500000	0.000000	0.571000
21.755876	0.500000	0.000000	0.571000
21.757876	0.500000	0.000000	0.571000
21.759876	0.500000	0.000000	0.571000
21.761876	0.500000	0.000000	0.571000
21.763876	0.500000	0.000000	0.571000
21.765876	0.500000	0.000000	0.571000
21.767876	0.500000	0.000000	0.571000
21.769876	0.500000	0.000000	0.571000
21.771876	0.500000	0.000000	0.571000
21.773876	0.500000	0.000000	0.571000
21.775876	0.500000	0.000000	0.571000
21.777876	0.500000	0.000000	0.571000
21.779876	0.500000	0.000000	0.571000
21.781876	0.500000	0.000000	0.571000
21.783876	0.500000	0.000000	0.571000
21.785876	0.500000	0.000000	0.571000
21.787876	0.500000	0.000000	0.571000
21.789876	0.500000	0.000000	0.571000
21.791876	0.500000	0.000000	0.571000
21.793876	0.500000	0.000000	0.571000
21.795876	0.500000	0.000000	0.571000
21.797876	0.500000	0.000000	0.571000
21.799876	0.500000	0.000000	0.571000
21.801876	0.500000	0.000000	0.571000
21.803876	0.500000	0.000000	0.571000
21.805876	0.500000	0.000000	0.571000
21.807876	0.500000	0.000000	0.571000
21.809876	0.500000	0.000000	0.571000
21.811876	0.500000	0.000000	0.571000
21.813876	0.500000	0.000000	0.571000
21.815876	0.500000	0.000000	0.571000
21.817876	0.500000	0.000000	0.571000
21.819876	0.500000	0.000000	0.571000
21.821876	0.500000	0.000000	0.571000
21.823876	0.500000	0.000000	0.571000
21.825876	0.500000	0.000000	0.571000
21.827876	0.500000	0.000000	0.571000
21.829876	0.500000	0.000000	0.571000
21.831876	0.500000	0.000000	0.571000
21.833876	0.500000	0.000000	0.571000
21.835876	0.500000	0.000000	0.571000
21.837876	0.500000	0.000000	0.571000
21.839876	0.500000	0.000000	0.571000
21.841876	0.500000	0.000000	0.571000
21.843876	0.500000	0.000000	0.571000
21.845876	0.500000	0.000000	0.571000
21.847876	0.500000	0.000000	0.571000
21.849876	0.500000	0.000000	0.571000
21.851876	0.500000	0.000000	0.571000
21.853876	0.500000	0.000000	0.571000
21.855876	0.500000	0.000000	0.571000
21.857876	0.500000	0.000000	0.571000
21.859876	0.500000	0.000000	0.571000
21.861876	0.500000	0.000000	0.571000
21.863876	0.500000	0.000000	0.571000
21.865876	0.500000	0.000000	0.571000
21.867876	0.500000	0.000000	0.571000
21.869876	0.500000	0.000000	0.571000
21.871876	0.500000	0.000000	0.571000
21.873876	0.500000	0.000000	0.571000
21.875876	0.500000	0.000000	0.571000
21.877876	0.500000	0.000000	0.571000
21.879876	0.500000	0.000000	0.571000
21.881876	0.500000	0.000000	0.571000
21.883876	0.500000	0.000000	0.571000
21.885876	0.500000	0.000000	0.571000
21.887876	0.500000	0.000000	0.571000
21.889876	0.500000	0.000000	0.571000
21.891876	0.500000	0.000000	0.571000
21.893876	0.500000	0.000000	0.571000
21.895876	0.500000	0.000000	0.571000
21.897876	0.500000	0.000000	0.571000
21.899876	0.500000	0.000000	0.571000
21.901876	0.500000	0.000000	0.571000
21.903876	0.500000	0.000000	0.571000
21.905876	0.500000	0.000000	0.571000
21.907876	0.500000	0.000000	0.571000
21.909876	0.500000	0.000000	0.571000
21.911876	0.500000	0.000000	0.571000
21.913876	0.500000	0.000000	0.571000
21.915876	0.500000	0.000000	0.571000
21.917876	0.500000	0.000000	0.571000
21.919876	0.500000	0.000000	0.571000
21.921876	0.500000	0.000000	0.571000
21.923876	0.500000	0.000000	0.571000
21.925876	0.500000	0.000000	0.571000
21.927876	0.500000	0.000000	0.571000
21.929876	0.500000	0.000000	0.571000
21.931876	0.500000	0.000000	0.571000
21.933876	0.500000	0.000000	0.571000
21.935876	0.500000	0.000000	0.571000
21.937876	0.500000	0.000000	0.571000
21.939876	0.500000	0.000000	0.571000
21.941876	0.500000	0.000000	0.571000
21.943876	0.500000	0.000000	0.571000
21.945876	0.500000	0.000000	0.571000
21.947876	0.500000	0.000000	0.571000
21.949876	0.500000	0.000000	0.571000
21.951876	0.500000	0.000000	0.571000
21.953876	0.500000	0.000000	0.571000
21.955876	0.500000	0.000000	0.571000
21.957876	0.500000	0.000000	0.571000
21.959876	0.500000	0.000000	0.571000
21.961876	0.500000	0.000000	0.571000
21.963876	0.500000	0.000000	0.571000
21.965876	0.500000	0.000000	0.571000
21.967876	0.500000	0.000000	0.571000
21.969876	0.500000	0.000000	0.571000
21.971876	0.500000	0.000000	0.571000
21.973876	0.500000	0.000000	0.571000
21.975876	0.500000	0.000000	0.571000
21.977876	0.500000	0.000000	0.571000
21.979876	0.500000	0.000000	0.571000
21.981876	0.500000	0.000000	0.571000
21.983876	0.500000	0.000000	0.571000
21.985876	0.500000	0.000000	0.571000
21.987876	0.500000	0.000000	0.571000
21.989876	0.500000	0.000000	0.571000
21.991876	0.500000	0.000000	0.571000
21.993876	0.500000	0.000000	0.571000
21.995876	0.500000	0.000000	0.571000
21.997876	0.500000	0.000000	0.571000
21.999876	0.500000	0.000000	0.571000
22.001876	0.500000	0.000000	0.571000
22.003876	0.500000	0.000000	0.571000
22.005876	0.500000	0.000000	0.571000
22.007876	0.500000	0.000000	0.571000
22.009876	0.500000	0.000000	0.571000
22.011876	0.500000	0.000000	0.571000
22.013876	0.500000	0.000000	0.571000
22.015876	0.500000	0.000000	0.571000
22.017876	0.500000	0.000000	0.571000
22.019876	0.500000	0.000000	0.571000
22.021876	0.500000	0.000000	0.571000
22.023876	0.500000	0.000000	0.571000
22.025876	0.500000	0.000000	0.571000
22.027876	0.500000	0.000000	0.571000
22.029876	0.500000	0.000000	0.571000
22.031876	0.500000	0.000000	0.571000
22.033876	0.500000	0.000000	0.571000
22.035876	0.500000	0.000000	0.571000
22.037876	0.500000	0.000000	0.571000
22.039876	0.500000	0.000000	0.571000
22.041876	0.500000	0.000000	0.571000
22.043876	0.500000	0.000000	0.571000
22.045876	0.500000	0.000000	0.571000
22.047876	0.500000	0.000000	0.571000
22.049876	0.500000	0.000000	0.571000
22.051876	0.500000	0.000000	0.571000
22.053876	0.500000	0.000000	0.571000
22.055876	0.500000	0.000000	0.571000
22.057876	0.500000	0.000000	0.571000
22.059876	0.500000	0.000000	0.571000
22.061876	0.500000	0.000000	0.571000
22.063876	0.500000	0.000000	0.571000
22.065876	0.500000	0.000000	0.571000
22.067876	0.500000	0.000000	0.571000
22.069876	0.500000	0.000000	0.571000
22.071876	0.500000	0.000000	0.571000
22.073876	0.500000	0.000000	0.571000
22.075876	0.500000	0.000000	0.571000
22.077876	0.500000	0.000000	0.571000
22.079876	0.500000	0.000000	0.571000
22.081876	0.500000	0.000000	0.571000
22.083876	0.500000	0.000000	0.571000
22.085876	0.500000	0.000000	0.571000
22.087876	0.500000	0.000000	0.571000
22.089876	0.500000	0.000000	0.571000
22.091876	0.500000	0.000000	0.571000
22.093876	0.500000	0.000000	0.571000
22.095876	0.500000	0.000000	0.571000
22.097876	0.500000	0.000000	0.571000
22.099876	0.500000	0.000000	0.571000
22.101876	0.500000	0.000000	0.571000
22.103876	0.500000	0.000000	0.571000
22.105876	0.500000	0.000000	0.571000
22.107876	0.500000	0.000000	0.571000
22.109876	0.500000	0.000000	0.571000
22.111876	0.500000	0.000000	0.571000
22.113876	0.500000	0.000000	0.571000
22.115876	0.500000	0.000000	0.571000
22.117876	0.500000	0.000000	0.571000
22.119876	0.500000	0.000000	0.571000
22.121876	0.500000	0.000000	0.571000
22.123876	0.500000	0.000000	0.571000
22.125876	0.500000	0.000000	0.571000
22.127876	0.500000	0.000000	0.571000
22.129876	0.500000	0.000000	0.571000
22.131876	0.500000	0.000000	0.571000
22.133876	0.500000	0.000000	0.571000
22.135876	0.500000	0.000000	0.571000
22.137876	0.500000	0.000000	0.571000
22.139876	0.500000	0.000000	0.571000
22.141876	0.500000	0.000000	0.571000
22.143876	0.500000	0.000000	0.571000
22.145876	0.500000	0.000000	0.571000
22.147876	0.500000	0.000000	0.571000
22.149876	0.500000	0.000000	0.571000
22.151876	0.500000	0.000000	0.571000
22.153876	0.500000	0.000000	0.571000
22.155876	0.500000	0.000000	0.571000
22.157876	0.500000	0.000000	0.571000
22.159876	0.500000	0.000000	0.571000
22.161876	0.500000	0.000000	0.571000
22.163876	0.500000	0.000000	0.571000
22.165876	0.500000	0.000000	0.571000
22.167876	0.500000	0.000000	0.571000
22.169876	0.500000	0.000000	0.571000
22.171876	0.500000	0.000000	0.571000
22.173876	0.500000	0.000000	0.571000
22.175876	0.500000	0.000000	0.571000
22.177876	0.500000	0.000000	0.571000
22.179876	0.500000	0.000000	0.571000
22.181876	0.500000	0.000000	0.571000
22.183876	0.500000	0.000000	0.571000
22.185876	0.500000	0.000000	0.571000
22.187876	0.500000	0.000000	0.571000
22.189876	0.500000	0.000000	0.571000
22.191876	0.500000	0.000000	0.571000
22.193876	0.500000	0.000000	0.571000
22.195876	0.500000	0.000000	0.571000
22.197876	0.500000	0.000000	0.571000
22.199876	0.500000	0.000000	0.571000
22.201876	0.500000	0.000000	0.571000
22.203876	0.500000	0.000000	0.571000
22.205876	0.500000	0.000000	0.571000
22.207876	0.500000	0.000000	0.571000
22.209876	0.500000	0.000000	0.571000
22.211876	0.500000	0.000000	0.571000
22.213876	0.500000	0.000000	0.571000
22.215876	0.500000	0.000000	0.571000
22.217876	0.500000	0.000000	0.571000
22.219876	0.500000	0.000000	0.571000
22.221876	0.500000	0.000000	0.571000
22.223876	0.500000	0.000000	0.571000
22.225876	0.500000	0.000000	0.571000
22.227876	0.500000	0.000000	0.571000
22.229876	0.500000	0.000000	0.571000
22.231876	0.500000	0.000000	0.571000
22.233876	0.500000	0.000000	0.571000
22.235876	0.500000	0.000000	0.571000
22.237876	0.500000	0.000000	0.571000
22.239876	0.500000	0.000000	0.571000
22.241876	0.500000	0.000000	0.571000
22.243876	0.500000	0.000000	0.571000
22.245876	0.500000	0.000000	0.571000
22.247876	0.500000	0.000000	0.571000
22.249876	0.500000	0.000000	0.571000
22.251876	0.500000	0.000000	0.571000
22.253876	0.500000	0.000000	0.571000
22.255876	0.500000	0.000000	0.571000
22.257876	0.500000	0.000000	0.571000
22.259876	0.500000	0.000000	0.571000
22.261876	0.500000	0.000000	0.571000
22.263876	0.500000	0.000000	0.571000
22.265876	0.500000	0.000000	0.571000
22.267876	0.500000	0.000000	0.571000
22.269876	0.500000	0.000000	0.571000
22.271876	0.500000	0.000000	0.571000
22.273876	0.500000	0.000000	0.571000
22.275876	0.500000	0.000000	0.571000
22.277876	0.500000	0.000000	0.571000
22.279876	0.500000	0.000000	0.571000
22.281876	0.500000	0.000000	0.571000
22.283876	0.500000	0.000000	0.571000
22.285876	0.500000	0.000000	0.571000
22.287876	0.500000	0.000000	0.571000
22.289876	0.500000	0.000000	0.571000
22.291876	0.500000	0.000000	0.571000
22.293876	0.500000	0.000000	0.571000
22.295876	0.500000	0.000000	0.571000
22.297876	0.500000	0.000000	0.571000
22.299876	0.500000	0.000000	0.571000
22.301876	0.500000	0.000000	0.571000
22.303876	0.500000	0.000000	0.571000
22.305876	0.500000	0.000000	0.571000
22.307876	0.500000	0.000000	0.571000
22.309876	0.500000	0.000000	0.571000
22.311876	0.500000	0.000000	0.571000
22.313876	0.500000	0.000000	0.571000
22.315876	0.500000	0.000000	0.571000
22.317876	0.500000	0.000000	0.571000
22.319876	0.500000	0.000000	0.571000
22.321876	0.500000	0.000000	0.571000
22.323876	0.500000	0.000000	0.571000
22.325876	0.500000	0.000000	0.571000
22.327876	0.500000	0.000000	0.571000
22.329876	0.500000	0.000000	0.571000
22.331876	0.500000	0.000000	0.571000
22.333876	0.500000	0.000000	0.571000
22.335876	0.500000	0.000000	0.571000
22.337876	0.500000	0.000000	0.571000
22.339876	0.500000	0.000000	0.571000
22.341876	0.500000	0.000000	0.571000
22.343876	0.500000	0.000000	0.571000
22.345876	0.500000	0.000000	0.571000
22.347876	0.500000	0.000000	0.571000
22.349876	0.500000	0.000000	0.571000
22.351876	0.500000	0.000000	0.571000
22.353876	0.500000	0.000000	0.571000
22.355876	0.500000	0.000000	0.571000
22.357876	0.500000	0.000000	0.571000
22.359876	0.500000	0.000000	0.571000
22.361876	0.500000	0.000000	0.571000
22.363876	0.500000	0.000000	0.571000
22.365876	0.500000	0.000000	0.571000
22.367876	0.500000	0.000000	0.571000
22.369876	0.500000	0.000000	0.571000
22.371876	0.500000	0.000000	0.571000
22.373876	0.500000	0.000000	0.571000
22.375876	0.500000	0.000000	0.571000
22.377876	0.500000	0.000000	0.571000
22.379876	0.500000	0.000000	0.571000
22.381876	0.500000	0.000000	0.571000
22.383876	0.500000	0.000000	0.571000
22.385876	0.500000	0.000000	0.571000
22.387876	0.500000	0.000000	0.571000
22.389876	0.500000	0.000000	0.571000
22.391876	0.500000	0.000000	0.571000
22.393876	0.500000	0.000000	0.571000
22.395876	0.500000	0.000000	0.571000
22.397876	0.500000	0.000000	0.571000
22.399876	0.500000	0.000000	0.571000
22.401876	0.500000	0.000000	0.571000
22.403876	0.500000	0.000000	0.571000
22.405876	0.500000	0.000000	0.571000
22.407876	0.500000	0.000000	0.571000
22.409876	0.500000	0.000000	0.571000
22.411876	0.500000	0.000000	0.571000
22.413876	0.500000	0.000000	0.571000
22.415876	0.500000	0.000000	0.571000
22.417876	0.500000	0.000000	0.571000
22.419876	0.500000	0.000000	0.571000
22.421876	0.500000	0.000000	0.571000
22.423876	0.500000	0.000000	0.571000
22.425876	0.500000	0.000000	0.571000
22.427876	0.500000	0.000000	0.571000
22.429876	0.500000	0.000000	0.571000
22.431876	0.500000	0.000000	0.571000
22.433876	0.500000	0.000000	0.571000
22.435876	0.500000	0.000000	0.571000
22.437876	0.500000	0.000000	0.571000
22.439876	0.500000	0.000000	0.571000
22.441876	0.500000	0.000000	0.571000
22.443876	0.500000	0.000000	0.571000
22.445876	0.500000	0.000000	0.571000
22.447876	0.500000	0.000000	0.571000
22.449876	0.500000	0.000000	0.571000
22.451876	0.500000	0.000000	0.571000
22.453876	0.500000	0.000000	0.571000
22.455876	0.500000	0.000000	0.571000
22.457876	0.500000	0.000000	0.571000
22.459876	0.500000	0.000000	0.571000
22.461876	0.500000	0.000000	0.571000
22.463876	0.500000	0.000000	0.571000
22.465876	0.500000	0.000000	0.571000
22.467876	0.500000	0.000000	0.571000
22.469876	0.500000	0.000000	0.571000
22.471876	0.500000	0.000000	0.571000
22.473876	0.500000	0.000000	0.571000
