TITLE = "1D Euler Filtered MacCormack Result"
VARIABLES = "x", "rho", "u", "p", "E", "rho_conserved", "rhou", "rhoE", "nu"
ZONE T="t=0.20000000", I=1001, F=POINT
0.0000000000 0.4000000000 0.5000000000 1.0000000000 6.3750000000 0.4000000000 0.2000000000 2.5500000000 0.0000000000
0.0010000000 0.4000000000 0.5000000000 1.0000000000 6.3750000000 0.4000000000 0.2000000000 2.5500000000 0.0000000000
0.0020000000 0.4000000000 0.5000000000 1.0000000000 6.3750000000 0.4000000000 0.2000000000 2.5500000000 0.0000000000
0.0030000000 0.4000000000 0.5000000000 1.0000000000 6.3750000000 0.4000000000 0.2000000000 2.5500000000 0.0000000000
0.0040000000 0.4000000000 0.5000000000 1.0000000000 6.3750000000 0.4000000000 0.2000000000 2.5500000000 0.0000000000
0.0050000000 0.4000000000 0.5000000000 1.0000000000 6.3750000000 0.4000000000 0.2000000000 2.5500000000 0.0000000000
0.0060000000 0.4000000000 0.5000000000 1.0000000000 6.3750000000 0.4000000000 0.2000000000 2.5500000000 0.0000000000
0.0070000000 0.4000000000 0.5000000000 1.0000000000 6.3750000000 0.4000000000 0.2000000000 2.5500000000 0.0000000000
0.0080000000 0.4000000000 0.5000000000 1.0000000000 6.3750000000 0.4000000000 0.2000000000 2.5500000000 0.0000000000
0.0090000000 0.4000000000 0.5000000000 1.0000000000 6.3750000000 0.4000000000 0.2000000000 2.5500000000 0.0000000000
0.0100000000 0.4000000000 0.5000000000 1.0000000000 6.3750000000 0.4000000000 0.2000000000 2.5500000000 0.0000000000
0.0110000000 0.4000000000 0.5000000000 1.0000000000 6.3750000000 0.4000000000 0.2000000000 2.5500000000 0.0000000000
0.0120000000 0.4000000000 0.5000000000 1.0000000000 6.3750000000 0.4000000000 0.2000000000 2.5500000000 0.0000000000
0.0130000000 0.4000000000 0.5000000000 1.0000000000 6.3750000000 0.4000000000 0.2000000000 2.5500000000 0.0000000000
0.0140000000 0.4000000000 0.5000000000 1.0000000000 6.3750000000 0.4000000000 0.2000000000 2.5500000000 0.0000000000
0.0150000000 0.4000000000 0.5000000000 1.0000000000 6.3750000000 0.4000000000 0.2000000000 2.5500000000 0.0000000000
0.0160000000 0.4000000000 0.5000000000 1.0000000000 6.3750000000 0.4000000000 0.2000000000 2.5500000000 0.0000000000
0.0170000000 0.4000000000 0.5000000000 1.0000000000 6.3750000000 0.4000000000 0.2000000000 2.5500000000 0.0000000000
0.0180000000 0.4000000000 0.5000000000 1.0000000000 6.3750000000 0.4000000000 0.2000000000 2.5500000000 0.0000000000
0.0190000000 0.4000000000 0.5000000000 1.0000000000 6.3750000000 0.4000000000 0.2000000000 2.5500000000 0.0000000000
0.0200000000 0.4000000000 0.5000000000 1.0000000000 6.3750000000 0.4000000000 0.2000000000 2.5500000000 0.0000000000
0.0210000000 0.4000000000 0.5000000000 1.0000000000 6.3750000000 0.4000000000 0.2000000000 2.5500000000 0.0000000000
0.0220000000 0.4000000000 0.5000000000 1.0000000000 6.3750000000 0.4000000000 0.2000000000 2.5500000000 0.0000000000
0.0230000000 0.4000000000 0.5000000000 1.0000000000 6.3750000000 0.4000000000 0.2000000000 2.5500000000 0.0000000000
0.0240000000 0.4000000000 0.5000000000 1.0000000000 6.3750000000 0.4000000000 0.2000000000 2.5500000000 0.0000000000
0.0250000000 0.4000000000 0.5000000000 1.0000000000 6.3750000000 0.4000000000 0.2000000000 2.5500000000 0.0000000000
0.0260000000 0.4000000000 0.5000000000 1.0000000000 6.3750000000 0.4000000000 0.2000000000 2.5500000000 0.0000000000
0.0270000000 0.4000000000 0.5000000000 1.0000000000 6.3750000000 0.4000000000 0.2000000000 2.5500000000 0.0000000000
0.0280000000 0.4000000000 0.5000000000 1.0000000000 6.3750000000 0.4000000000 0.2000000000 2.5500000000 0.0000000000
0.0290000000 0.4000000000 0.5000000000 1.0000000000 6.3750000000 0.4000000000 0.2000000000 2.5500000000 0.0000000000
0.0300000000 0.4000000000 0.5000000000 1.0000000000 6.3750000000 0.4000000000 0.2000000000 2.5500000000 0.0000000000
0.0310000000 0.4000000000 0.5000000000 1.0000000000 6.3750000000 0.4000000000 0.2000000000 2.5500000000 0.0000000000
0.0320000000 0.4000000000 0.5000000000 1.0000000000 6.3750000000 0.4000000000 0.2000000000 2.5500000000 0.0000000000
0.0330000000 0.4000000000 0.5000000000 1.0000000000 6.3750000000 0.4000000000 0.2000000000 2.5500000000 0.0000000000
0.0340000000 0.4000000000 0.5000000000 1.0000000000 6.3750000000 0.4000000000 0.2000000000 2.5500000000 0.0000000000
0.0350000000 0.4000000000 0.5000000000 1.0000000000 6.3750000000 0.4000000000 0.2000000000 2.5500000000 0.0000000000
0.0360000000 0.4000000000 0.5000000000 1.0000000000 6.3750000000 0.4000000000 0.2000000000 2.5500000000 0.0000000000
0.0370000000 0.4000000000 0.5000000000 1.0000000000 6.3750000000 0.4000000000 0.2000000000 2.5500000000 0.0000000000
0.0380000000 0.4000000000 0.5000000000 1.0000000000 6.3750000000 0.4000000000 0.2000000000 2.5500000000 0.0000000000
0.0390000000 0.4000000000 0.5000000000 1.0000000000 6.3750000000 0.4000000000 0.2000000000 2.5500000000 0.0000000000
0.0400000000 0.4000000000 0.5000000000 1.0000000000 6.3750000000 0.4000000000 0.2000000000 2.5500000000 0.0000000000
0.0410000000 0.4000000000 0.5000000000 1.0000000000 6.3750000000 0.4000000000 0.2000000000 2.5500000000 0.0000000000
0.0420000000 0.4000000000 0.5000000000 1.0000000000 6.3750000000 0.4000000000 0.2000000000 2.5500000000 0.0000000000
0.0430000000 0.4000000000 0.5000000000 1.0000000000 6.3750000000 0.4000000000 0.2000000000 2.5500000000 0.0000000000
0.0440000000 0.4000000000 0.5000000000 1.0000000000 6.3750000000 0.4000000000 0.2000000000 2.5500000000 0.0000000000
0.0450000000 0.4000000000 0.5000000000 1.0000000000 6.3750000000 0.4000000000 0.2000000000 2.5500000000 0.0000000000
0.0460000000 0.4000000000 0.5000000000 1.0000000000 6.3750000000 0.4000000000 0.2000000000 2.5500000000 0.0000000000
0.0470000000 0.4000000000 0.5000000000 1.0000000000 6.3750000000 0.4000000000 0.2000000000 2.5500000000 0.0000000000
0.0480000000 0.4000000000 0.5000000000 1.0000000000 6.3750000000 0.4000000000 0.2000000000 2.5500000000 0.0000000000
0.0490000000 0.4000000000 0.5000000000 1.0000000000 6.3750000000 0.4000000000 0.2000000000 2.5500000000 0.0000000000
0.0500000000 0.4000000000 0.5000000000 1.0000000000 6.3750000000 0.4000000000 0.2000000000 2.5500000000 0.0000000000
0.0510000000 0.4000000000 0.5000000000 1.0000000000 6.3750000000 0.4000000000 0.2000000000 2.5500000000 0.0000000000
0.0520000000 0.4000000000 0.5000000000 1.0000000000 6.3750000000 0.4000000000 0.2000000000 2.5500000000 0.0000000000
0.0530000000 0.4000000000 0.5000000000 1.0000000000 6.3750000000 0.4000000000 0.2000000000 2.5500000000 0.0000000000
0.0540000000 0.4000000000 0.5000000000 1.0000000000 6.3750000000 0.4000000000 0.2000000000 2.5500000000 0.0000000000
0.0550000000 0.4000000000 0.5000000000 1.0000000000 6.3750000000 0.4000000000 0.2000000000 2.5500000000 0.0000000000
0.0560000000 0.4000000000 0.5000000000 1.0000000000 6.3750000000 0.4000000000 0.2000000000 2.5500000000 0.0000000000
0.0570000000 0.4000000000 0.5000000000 1.0000000000 6.3750000000 0.4000000000 0.2000000000 2.5500000000 0.0000000000
0.0580000000 0.4000000000 0.5000000000 1.0000000000 6.3750000000 0.4000000000 0.2000000000 2.5500000000 0.0000000000
0.0590000000 0.4000000000 0.5000000000 1.0000000000 6.3750000000 0.4000000000 0.2000000000 2.5500000000 0.0000000000
0.0600000000 0.4000000000 0.5000000000 1.0000000000 6.3750000000 0.4000000000 0.2000000000 2.5500000000 0.0000000000
0.0610000000 0.4000000000 0.5000000000 1.0000000000 6.3750000000 0.4000000000 0.2000000000 2.5500000000 0.0000000000
0.0620000000 0.4000000000 0.5000000000 1.0000000000 6.3750000000 0.4000000000 0.2000000000 2.5500000000 0.0000000000
0.0630000000 0.4000000000 0.5000000000 1.0000000000 6.3750000000 0.4000000000 0.2000000000 2.5500000000 0.0000000000
0.0640000000 0.4000000000 0.5000000000 1.0000000000 6.3750000000 0.4000000000 0.2000000000 2.5500000000 0.0000000000
0.0650000000 0.4000000000 0.5000000000 1.0000000000 6.3750000000 0.4000000000 0.2000000000 2.5500000000 0.0000000000
0.0660000000 0.4000000000 0.5000000000 1.0000000000 6.3750000000 0.4000000000 0.2000000000 2.5500000000 0.0000000000
0.0670000000 0.4000000000 0.5000000000 1.0000000000 6.3750000000 0.4000000000 0.2000000000 2.5500000000 0.0000000000
0.0680000000 0.4000000000 0.5000000000 1.0000000000 6.3750000000 0.4000000000 0.2000000000 2.5500000000 0.0000000000
0.0690000000 0.4000000000 0.5000000000 1.0000000000 6.3750000000 0.4000000000 0.2000000000 2.5500000000 0.0000000000
0.0700000000 0.4000000000 0.5000000000 1.0000000000 6.3750000000 0.4000000000 0.2000000000 2.5500000000 0.0000000000
0.0710000000 0.4000000000 0.5000000000 1.0000000000 6.3750000000 0.4000000000 0.2000000000 2.5500000000 0.0000000000
0.0720000000 0.4000000000 0.5000000000 1.0000000000 6.3750000000 0.4000000000 0.2000000000 2.5500000000 0.0000000000
0.0730000000 0.4000000000 0.5000000000 1.0000000000 6.3750000000 0.4000000000 0.2000000000 2.5500000000 0.0000000000
0.0740000000 0.4000000000 0.5000000000 1.0000000000 6.3750000000 0.4000000000 0.2000000000 2.5500000000 0.0000000000
0.0750000000 0.4000000000 0.5000000000 1.0000000000 6.3750000000 0.4000000000 0.2000000000 2.5500000000 0.0000000000
0.0760000000 0.4000000000 0.5000000000 1.0000000000 6.3750000000 0.4000000000 0.2000000000 2.5500000000 0.0000000000
0.0770000000 0.4000000000 0.5000000000 1.0000000000 6.3750000000 0.4000000000 0.2000000000 2.5500000000 0.0000000000
0.0780000000 0.4000000000 0.5000000000 1.0000000000 6.3750000000 0.4000000000 0.2000000000 2.5500000000 0.0000000000
0.0790000000 0.4000000000 0.5000000000 1.0000000000 6.3750000000 0.4000000000 0.2000000000 2.5500000000 0.0000000000
0.0800000000 0.4000000000 0.5000000000 1.0000000000 6.3750000000 0.4000000000 0.2000000000 2.5500000000 0.0000000000
0.0810000000 0.4000000000 0.5000000000 1.0000000000 6.3750000000 0.4000000000 0.2000000000 2.5500000000 0.0000000000
0.0820000000 0.4000000000 0.5000000000 1.0000000000 6.3750000000 0.4000000000 0.2000000000 2.5500000000 0.0000000000
0.0830000000 0.4000000000 0.5000000000 1.0000000000 6.3750000000 0.4000000000 0.2000000000 2.5500000000 0.0000000000
0.0840000000 0.4000000000 0.5000000000 1.0000000000 6.3750000000 0.4000000000 0.2000000000 2.5500000000 0.0000000000
0.0850000000 0.4000000000 0.5000000000 1.0000000000 6.3750000000 0.4000000000 0.2000000000 2.5500000000 0.0000000000
0.0860000000 0.4000000000 0.5000000000 1.0000000000 6.3750000000 0.4000000000 0.2000000000 2.5500000000 0.0000000000
0.0870000000 0.4000000000 0.5000000000 1.0000000000 6.3750000000 0.4000000000 0.2000000000 2.5500000000 0.0000000000
0.0880000000 0.4000000000 0.5000000000 1.0000000000 6.3750000000 0.4000000000 0.2000000000 2.5500000000 0.0000000000
0.0890000000 0.4000000000 0.5000000000 1.0000000000 6.3750000000 0.4000000000 0.2000000000 2.5500000000 0.0000000000
0.0900000000 0.4000000000 0.5000000000 1.0000000000 6.3750000000 0.4000000000 0.2000000000 2.5500000000 0.0000000000
0.0910000000 0.4000000000 0.5000000000 1.0000000000 6.3750000000 0.4000000000 0.2000000000 2.5500000000 0.0000000000
0.0920000000 0.4000000000 0.5000000000 1.0000000000 6.3750000000 0.4000000000 0.2000000000 2.5500000000 0.0000000000
0.0930000000 0.4000000000 0.5000000000 1.0000000000 6.3750000000 0.4000000000 0.2000000000 2.5500000000 0.0000000000
0.0940000000 0.4000000000 0.5000000000 1.0000000000 6.3750000000 0.4000000000 0.2000000000 2.5500000000 0.0000000000
0.0950000000 0.4000000000 0.5000000000 1.0000000000 6.3750000000 0.4000000000 0.2000000000 2.5500000000 0.0000000000
0.0960000000 0.4000000000 0.5000000000 1.0000000000 6.3750000000 0.4000000000 0.2000000000 2.5500000000 0.0000000000
0.0970000000 0.4000000000 0.5000000000 1.0000000000 6.3750000000 0.4000000000 0.2000000000 2.5500000000 0.0000000000
0.0980000000 0.4000000000 0.5000000000 1.0000000000 6.3750000000 0.4000000000 0.2000000000 2.5500000000 0.0000000000
0.0990000000 0.4000000000 0.5000000000 1.0000000000 6.3750000000 0.4000000000 0.2000000000 2.5500000000 0.0000000000
0.1000000000 0.4000000000 0.5000000000 1.0000000000 6.3750000000 0.4000000000 0.2000000000 2.5500000000 0.0000000000
0.1010000000 0.4000000000 0.5000000000 1.0000000000 6.3750000000 0.4000000000 0.2000000000 2.5500000000 0.0000000000
0.1020000000 0.4000000000 0.5000000000 1.0000000000 6.3750000000 0.4000000000 0.2000000000 2.5500000000 0.0000000000
0.1030000000 0.4000000000 0.5000000000 1.0000000000 6.3750000000 0.4000000000 0.2000000000 2.5500000000 0.0000000000
0.1040000000 0.4000000000 0.5000000000 1.0000000000 6.3750000000 0.4000000000 0.2000000000 2.5500000000 0.0000000000
0.1050000000 0.4000000000 0.5000000000 1.0000000000 6.3750000000 0.4000000000 0.2000000000 2.5500000000 0.0000000000
0.1060000000 0.4000000000 0.5000000000 1.0000000000 6.3750000000 0.4000000000 0.2000000000 2.5500000000 0.0000000000
0.1070000000 0.4000000000 0.5000000000 1.0000000000 6.3750000000 0.4000000000 0.2000000000 2.5500000000 0.0000000000
0.1080000000 0.4000000000 0.5000000000 1.0000000000 6.3750000000 0.4000000000 0.2000000000 2.5500000000 0.0000000000
0.1090000000 0.4000000000 0.5000000000 1.0000000000 6.3750000000 0.4000000000 0.2000000000 2.5500000000 0.0000000000
0.1100000000 0.4000000000 0.5000000000 1.0000000000 6.3750000000 0.4000000000 0.2000000000 2.5500000000 0.0000000000
0.1110000000 0.4000000000 0.5000000000 1.0000000000 6.3750000000 0.4000000000 0.2000000000 2.5500000000 0.0000000000
0.1120000000 0.4000000000 0.5000000000 1.0000000000 6.3750000000 0.4000000000 0.2000000000 2.5500000000 0.0000000000
0.1130000000 0.4000000000 0.5000000000 1.0000000000 6.3750000000 0.4000000000 0.2000000000 2.5500000000 0.0000000000
0.1140000000 0.4000000000 0.5000000000 1.0000000000 6.3750000000 0.4000000000 0.2000000000 2.5500000000 0.0000000000
0.1150000000 0.4000000000 0.5000000000 1.0000000000 6.3750000000 0.4000000000 0.2000000000 2.5500000000 0.0000000000
0.1160000000 0.4000000000 0.5000000000 1.0000000000 6.3750000000 0.4000000000 0.2000000000 2.5500000000 0.0000000000
0.1170000000 0.4000000000 0.5000000000 1.0000000000 6.3750000000 0.4000000000 0.2000000000 2.5500000000 0.0000000000
0.1180000000 0.4000000000 0.5000000000 1.0000000000 6.3750000000 0.4000000000 0.2000000000 2.5500000000 0.0000000000
0.1190000000 0.4000000000 0.5000000000 1.0000000000 6.3750000000 0.4000000000 0.2000000000 2.5500000000 0.0000000000
0.1200000000 0.4000000000 0.5000000000 1.0000000000 6.3750000000 0.4000000000 0.2000000000 2.5500000000 0.0000000000
0.1210000000 0.4000000000 0.5000000000 1.0000000000 6.3750000000 0.4000000000 0.2000000000 2.5500000000 0.0000000000
0.1220000000 0.4000000000 0.5000000000 1.0000000000 6.3750000000 0.4000000000 0.2000000000 2.5500000000 0.0000000000
0.1230000000 0.4000000000 0.5000000000 1.0000000000 6.3750000000 0.4000000000 0.2000000000 2.5500000000 0.0000000000
0.1240000000 0.4000000000 0.5000000000 1.0000000000 6.3750000000 0.4000000000 0.2000000000 2.5500000000 0.0000000000
0.1250000000 0.4000000000 0.5000000000 1.0000000000 6.3750000000 0.4000000000 0.2000000000 2.5500000000 0.0000000000
0.1260000000 0.4000000000 0.5000000000 1.0000000000 6.3750000000 0.4000000000 0.2000000000 2.5500000000 0.0000000000
0.1270000000 0.4000000000 0.5000000000 1.0000000000 6.3750000000 0.4000000000 0.2000000000 2.5500000000 0.0000000000
0.1280000000 0.4000000000 0.5000000000 1.0000000000 6.3750000000 0.4000000000 0.2000000000 2.5500000000 0.0000000000
0.1290000000 0.4000000000 0.5000000000 1.0000000000 6.3750000000 0.4000000000 0.2000000000 2.5500000000 0.0000000000
0.1300000000 0.4000000000 0.5000000000 1.0000000000 6.3750000000 0.4000000000 0.2000000000 2.5500000000 0.0000000001
0.1310000000 0.4000000000 0.5000000000 1.0000000000 6.3750000000 0.4000000000 0.2000000000 2.5500000000 0.0000000002
0.1320000000 0.4000000000 0.5000000000 1.0000000000 6.3750000000 0.4000000000 0.2000000000 2.5500000000 0.0000000008
0.1330000000 0.4000000000 0.5000000000 1.0000000000 6.3750000000 0.4000000000 0.2000000000 2.5500000000 0.0000000029
0.1340000000 0.4000000000 0.5000000000 1.0000000000 6.3750000000 0.4000000000 0.2000000000 2.5500000000 0.0000000100
0.1350000000 0.4000000000 0.5000000000 1.0000000000 6.3750000000 0.4000000000 0.2000000000 2.5500000000 0.0000000352
0.1360000000 0.4000000000 0.5000000000 1.0000000000 6.3750000000 0.4000000000 0.2000000000 2.5500000000 0.0000001238
0.1370000000 0.4000000000 0.5000000000 1.0000000000 6.3750000000 0.4000000000 0.2000000000 2.5500000001 0.0000004351
0.1380000000 0.4000000000 0.4999999999 1.0000000001 6.3750000001 0.4000000000 0.2000000000 2.5500000002 0.0000015292
0.1390000000 0.4000000001 0.4999999995 1.0000000004 6.3750000004 0.4000000001 0.1999999999 2.5500000008 0.0000053736
0.1400000000 0.4000000004 0.4999999983 1.0000000012 6.3750000014 0.4000000004 0.1999999995 2.5500000028 0.0000188672
0.1410000000 0.4000000012 0.4999999942 1.0000000043 6.3750000049 0.4000000012 0.1999999983 2.5500000099 0.0000660592
0.1420000000 0.4000000044 0.4999999796 1.0000000152 6.3750000170 0.4000000044 0.1999999940 2.5500000346 0.0002290686
0.1430000000 0.4000000153 0.4999999286 1.0000000534 6.3750000597 0.4000000153 0.1999999791 2.5500001212 0.0007695074
0.1440000000 0.4000000530 0.4999997519 1.0000001856 6.3750002074 0.4000000530 0.1999999273 2.5500004211 0.0023553014
0.1450000000 0.4000001805 0.4999991556 1.0000006319 6.3750007062 0.4000001805 0.1999997525 2.5500014335 0.0058137871
0.1460000000 0.4000005901 0.4999972402 1.0000020652 6.3750023080 0.4000005901 0.1999991911 2.5500046849 0.0103066202
0.1470000000 0.4000018250 0.4999914643 1.0000063876 6.3750071386 0.4000018250 0.1999974982 2.5500144899 0.0135524337
0.1480000000 0.4000053681 0.4999748929 1.0000187886 6.3750209978 0.4000053681 0.1999926411 2.5500426211 0.0151065356
0.1490000000 0.4000152633 0.4999286128 1.0000534224 6.3750597061 0.4000152633 0.1999790757 2.5501211869 0.0157253508
0.1500000000 0.4000425763 0.4998008711 1.0001490232 6.3751665678 0.4000425763 0.1999416281 2.5503380579 0.0159535673
0.1510000000 0.4001175971 0.4994500161 1.0004116372 6.3754602216 0.4001175971 0.1998387403 2.5509338240 0.0160261217
0.1520000000 0.4003230823 0.4984891188 1.0011311455 6.3762655678 0.4003230823 0.1995567005 2.5525662857 0.0160211571
0.1530000000 0.4008838618 0.4958676046 1.0030961856 6.3784709437 0.4008838618 0.1987853203 2.5570260643 0.0159335328
0.1540000000 0.4024013592 0.4887797651 1.0084243852 6.3844937029 0.4024013592 0.1966856418 2.5691289438 0.0156710777
0.1550000000 0.4064182898 0.4700624862 1.0226026878 6.4008132052 0.4064182898 0.1910419917 2.6014075564 0.0149793170
0.1560000000 0.4164752315 0.4235257054 1.0585436970 6.4438685869 0.4164752315 0.1763879662 2.6837116614 0.0133243436
0.1570000000 0.4386751240 0.3229591582 1.1397405392 6.5475078774 0.4386751240 0.1416741488 2.8722288299 0.0099157262
0.1580000000 0.4773192634 0.1572552160 1.2851187180 6.7432825445 0.4773192634 0.0750609439 3.2186986574 0.0038763559
0.1590000000 0.5231086893 -0.0218155288 1.4607840584 6.9815025038 0.5231086893 -0.0114118927 3.6520846242 0.0065041839
0.1600000000 0.5513260434 -0.1236416474 1.5701936814 7.1277212139 0.5513260434 -0.0681668602 3.9296983350 0.0276463432
0.1610000000 0.5521609623 -0.1265833609 1.5733825174 7.1317610179 0.5521609623 -0.0698943904 3.9378800268 0.0345837010
0.1620000000 0.5408807662 -0.0856974581 1.5287770620 7.0698183823 0.5408807662 -0.0463521068 3.8239287837 0.0006887787
0.1630000000 0.5313969672 -0.0503552476 1.4912200975 7.0168333512 0.5313969672 -0.0267586259 3.7287239624 0.0228240235
0.1640000000 0.5302133805 -0.0458996227 1.4865347947 7.0101880563 0.5302133805 -0.0243365941 3.7168955070 0.0345795446
0.1650000000 0.5336371048 -0.0586954496 1.5000190298 7.0290592094 0.5336371048 -0.0313220698 3.7509668060 0.0029712001
0.1660000000 0.5371928698 -0.0718601033 1.5140171581 7.0485483081 0.5371928698 -0.0386027351 3.7864298935 0.0165639609
0.1670000000 0.5381779707 -0.0754899345 1.5178966508 7.0539399593 0.5381779707 -0.0406270198 3.7962750926 0.0345694462
0.1680000000 0.5372898627 -0.0722125709 1.5143940686 7.0490555012 0.5372898627 -0.0387990823 3.7873860623 0.0082630338
0.1690000000 0.5360861951 -0.0677576023 1.5096460847 7.0424231347 0.5360861951 -0.0363239152 3.7753458224 0.0120724141
0.1700000000 0.5356007366 -0.0659576000 1.5077315506 7.0397474445 0.5356007366 -0.0353269391 3.7704939165 0.0345399938
0.1710000000 0.5358095973 -0.0667324542 1.5085555300 7.0409001310 0.5358095973 -0.0357558894 3.7725818641 0.0151090634
0.1720000000 0.5362058611 -0.0682009032 1.5101183602 7.0430840432 0.5362058611 -0.0365697240 3.7765429446 0.0077986285
0.1730000000 0.5364215660 -0.0689998183 1.5109692704 7.0442733118 0.5364215660 -0.0370129906 3.7787001209 0.0344548483
0.1740000000 0.5363870147 -0.0688720836 1.5108332199 7.0440840017 0.5363870147 -0.0369420913 3.7783551891 0.0278444014
0.1750000000 0.5362618078 -0.0684084035 1.5103394180 7.0433942241 0.5362618078 -0.0366848141 3.7771033198 0.0039609530
0.1760000000 0.5361747024 -0.0680854936 1.5099956287 7.0429130837 0.5361747024 -0.0365057193 3.7762318266 0.0280172609
0.1770000000 0.5361735665 -0.0680808838 1.5099907343 7.0429048648 0.5361735665 -0.0365031703 3.7762194197 0.0338513745
0.1780000000 0.5362119573 -0.0682226548 1.5101416802 7.0431142074 0.5362119573 -0.0365818033 3.7766020545 0.0002522072
0.1790000000 0.5362452788 -0.0683456831 1.5102726759 7.0432958119 0.5362452788 -0.0366500499 3.7769341261 0.0208040409
0.1800000000 0.5362506151 -0.0683651676 1.5102934236 7.0433238042 0.5362506151 -0.0366608632 3.7769867220 0.0328398649
0.1810000000 0.5362392821 -0.0683230338 1.5102485611 7.0432605770 0.5362392821 -0.0366374946 3.7768729951 0.0037939377
0.1820000000 0.5362269265 -0.0682772466 1.5101998050 7.0431923733 0.5362269265 -0.0366120981 3.7767493991 0.0151249237
0.1830000000 0.5362233398 -0.0682641090 1.5101857940 7.0431732493 0.5362233398 -0.0366048085 3.7767138822 0.0305343563
0.1840000000 0.5362266355 -0.0682766194 1.5101990686 7.0431927186 0.5362266355 -0.0366117419 3.7767475345 0.0077276988
0.1850000000 0.5362312060 -0.0682939784 1.5102174867 7.0432197606 0.5362312060 -0.0366213624 3.7767942261 0.0109099016
0.1860000000 0.5362329661 -0.0683009886 1.5102248767 7.0432315819 0.5362329661 -0.0366252417 3.7768129618 0.0261656151
0.1870000000 0.5362317985 -0.0682970911 1.5102206560 7.0432269684 0.5362317985 -0.0366230720 3.7768022647 0.0098070968
0.1880000000 0.5362297591 -0.0682898042 1.5102128373 7.0432167973 0.5362297591 -0.0366190252 3.7767824464 0.0067290638
0.1890000000 0.5362287225 -0.0682859962 1.5102087388 7.0432110394 0.5362287225 -0.0366169125 3.7767720581 0.0205979365
0.1900000000 0.5362291162 -0.0682872860 1.5102100834 7.0432122275 0.5362291162 -0.0366176310 3.7767754678 0.0111437307
0.1910000000 0.5362301189 -0.0682907081 1.5102137119 7.0432162115 0.5362301189 -0.0366195345 3.7767846667 0.0030715889
0.1920000000 0.5362307815 -0.0682928135 1.5102159509 7.0432180938 0.5362307815 -0.0366207088 3.7767903428 0.0145453286
0.1930000000 0.5362307104 -0.0682922114 1.5102153178 7.0432160343 0.5362307104 -0.0366203811 3.7767887378 0.0108301915
0.1940000000 0.5362302445 -0.0682902005 1.5102131935 7.0432121108 0.5362302445 -0.0366192709 3.7767833525 0.0013180057
0.1950000000 0.5362299068 -0.0682887563 1.5102116799 7.0432093902 0.5362299068 -0.0366184734 3.7767795147 0.0096061881
0.1960000000 0.5362299608 -0.0682888810 1.5102118425 7.0432094477 0.5362299608 -0.0366185440 3.7767799260 0.0071048781
0.1970000000 0.5362302416 -0.0682899718 1.5102130381 7.0432114095 0.5362302416 -0.0366191481 3.7767829556 0.0016562122
0.1980000000 0.5362304134 -0.0682907873 1.5102139433 7.0432134298 0.5362304134 -0.0366195971 3.7767852488 0.0077820391
0.1990000000 0.5362302870 -0.0682906015 1.5102137823 7.0432143250 0.5362302870 -0.0366194888 3.7767848391 0.0054049391
0.2000000000 0.5362299620 -0.0682897283 1.5102128873 7.0432143603 0.5362299620 -0.0366189984 3.7767825689 0.0003784694
0.2010000000 0.5362296817 -0.0682889901 1.5102121337 7.0432144772 0.5362296817 -0.0366185834 3.7767806573 0.0052599358
0.2020000000 0.5362296193 -0.0682889366 1.5102121090 7.0432151779 0.5362296193 -0.0366185505 3.7767805933 0.0057165029
0.2030000000 0.5362297405 -0.0682893888 1.5102126234 7.0432160158 0.5362297405 -0.0366188013 3.7767818963 0.0013026520
0.2040000000 0.5362298906 -0.0682897750 1.5102130663 7.0432161364 0.5362298906 -0.0366190186 3.7767830180 0.0025133790
0.2050000000 0.5362299442 -0.0682896798 1.5102129912 7.0432150748 0.5362299442 -0.0366189712 3.7767828268 0.0031763622
0.2060000000 0.5362299063 -0.0682891938 1.5102124919 7.0432132120 0.5362299063 -0.0366187080 3.7767815608 0.0002920522
0.2070000000 0.5362298738 -0.0682887379 1.5102120181 7.0432113993 0.5362298738 -0.0366184613 3.7767803595 0.0023967333
0.2080000000 0.5362299213 -0.0682886347 1.5102119180 7.0432103011 0.5362299213 -0.0366184092 3.7767801057 0.0019797862
0.2090000000 0.5362300273 -0.0682888358 1.5102121445 7.0432099799 0.5362300273 -0.0366185243 3.7767806796 0.0006179711
0.2100000000 0.5362301011 -0.0682890331 1.5102123697 7.0432100738 0.5362301011 -0.0366186351 3.7767812499 0.0031592333
0.2110000000 0.5362300699 -0.0682889749 1.5102123200 7.0432102482 0.5362300699 -0.0366186018 3.7767811234 0.0031040199
0.2120000000 0.5362299407 -0.0682886907 1.5102120185 7.0432105194 0.5362299407 -0.0366184406 3.7767803590 0.0010307584
0.2130000000 0.5362297816 -0.0682884151 1.5102117085 7.0432111442 0.5362297816 -0.0366182819 3.7767795734 0.0008809789
0.2140000000 0.5362296593 -0.0682883487 1.5102116010 7.0432122437 0.5362296593 -0.0366182379 3.7767793019 0.0016525562
0.2150000000 0.5362295908 -0.0682884739 1.5102116804 7.0432135218 0.5362295908 -0.0366183004 3.7767795050 0.0010721755
0.2160000000 0.5362295502 -0.0682886044 1.5102117551 7.0432144130 0.5362295502 -0.0366183676 3.7767796965 0.0001634362
0.2170000000 0.5362295113 -0.0682885803 1.5102116622 7.0432144880 0.5362295113 -0.0366183520 3.7767794631 0.0001354729
0.2180000000 0.5362294792 -0.0682884036 1.5102114107 7.0432137249 0.5362294792 -0.0366182551 3.7767788279 0.0010389544
0.2190000000 0.5362294834 -0.0682882159 1.5102111569 7.0432124737 0.5362294834 -0.0366181547 3.7767781865 0.0017097952
0.2200000000 0.5362295425 -0.0682881503 1.5102110455 7.0432111740 0.5362295425 -0.0366181236 3.7767779057 0.0011951636
0.2210000000 0.5362296392 -0.0682882091 1.5102110794 7.0432100663 0.5362296392 -0.0366181617 3.7767779929 0.0000778156
0.2220000000 0.5362297289 -0.0682882800 1.5102111387 7.0432091697 0.5362297289 -0.0366182059 3.7767781438 0.0013630414
0.2230000000 0.5362297713 -0.0682882538 1.5102111058 7.0432084581 0.5362297713 -0.0366181947 3.7767780609 0.0018874578
0.2240000000 0.5362297574 -0.0682881230 1.5102109725 7.0432080109 0.5362297574 -0.0366181236 3.7767777227 0.0013306005
0.2250000000 0.5362297057 -0.0682879705 1.5102108266 7.0432079983 0.5362297057 -0.0366180383 3.7767773523 0.0005163584
0.2260000000 0.5362296394 -0.0682878817 1.5102107574 7.0432085409 0.5362296394 -0.0366179862 3.7767771758 0.0001880874
0.2270000000 0.5362295659 -0.0682878684 1.5102107738 7.0432095810 0.5362295659 -0.0366179740 3.7767772162 0.0002987821
0.2280000000 0.5362294800 -0.0682878684 1.5102108064 7.0432108601 0.5362294800 -0.0366179682 3.7767772974 0.0002622673
0.2290000000 0.5362293839 -0.0682878165 1.5102107834 7.0432120123 0.5362293839 -0.0366179338 3.7767772379 0.0003200890
0.2300000000 0.5362292995 -0.0682877071 1.5102106997 7.0432127223 0.5362292995 -0.0366178693 3.7767770244 0.0012103045
0.2310000000 0.5362292566 -0.0682875898 1.5102106098 7.0432128587 0.5362292566 -0.0366178035 3.7767767952 0.0018716622
0.2320000000 0.5362292720 -0.0682875158 1.5102105684 7.0432124582 0.5362292720 -0.0366177649 3.7767766891 0.0016793736
0.2330000000 0.5362293392 -0.0682874917 1.5102105803 7.0432116299 0.5362293392 -0.0366177565 3.7767767181 0.0007785761
0.2340000000 0.5362294307 -0.0682874780 1.5102105994 7.0432105160 0.5362294307 -0.0366177554 3.7767767655 0.0001966687
0.2350000000 0.5362295145 -0.0682874305 1.5102105753 7.0432093008 0.5362295145 -0.0366177357 3.7767767039 0.0007612095
0.2360000000 0.5362295735 -0.0682873449 1.5102105034 7.0432081846 0.5362295735 -0.0366176939 3.7767765211 0.0008355820
0.2370000000 0.5362296074 -0.0682872550 1.5102104229 7.0432073580 0.5362296074 -0.0366176480 3.7767763165 0.0007422121
0.2380000000 0.5362296196 -0.0682871947 1.5102103741 7.0432069659 0.5362296196 -0.0366176165 3.7767761924 0.0007810273
0.2390000000 0.5362296084 -0.0682871682 1.5102103642 7.0432070659 0.5362296084 -0.0366176015 3.7767761667 0.0009695584
0.2400000000 0.5362295666 -0.0682871500 1.5102103655 7.0432076195 0.5362295666 -0.0366175889 3.7767761691 0.0010569251
0.2410000000 0.5362294900 -0.0682871117 1.5102103432 7.0432085185 0.5362294900 -0.0366175631 3.7767761119 0.0007940809
0.2420000000 0.5362293868 -0.0682870498 1.5102102880 7.0432096117 0.5362293868 -0.0366175229 3.7767759713 0.0001249658
0.2430000000 0.5362292803 -0.0682869882 1.5102102193 7.0432106856 0.5362292803 -0.0366174826 3.7767757970 0.0007527067
0.2440000000 0.5362292004 -0.0682869534 1.5102101617 7.0432114639 0.5362292004 -0.0366174584 3.7767756515 0.0013588687
0.2450000000 0.5362291643 -0.0682869500 1.5102101203 7.0432117454 0.5362291643 -0.0366174541 3.7767755479 0.0014853431
0.2460000000 0.5362291722 -0.0682869608 1.5102100803 7.0432114552 0.5362291722 -0.0366174605 3.7767754482 0.0011518685
0.2470000000 0.5362292145 -0.0682869634 1.5102100234 7.0432106352 0.5362292145 -0.0366174647 3.7767753062 0.0006524791
0.2480000000 0.5362292775 -0.0682869489 1.5102099463 7.0432094467 0.5362292775 -0.0366174613 3.7767751130 0.0001857953
0.2490000000 0.5362293471 -0.0682869277 1.5102098650 7.0432081527 0.5362293471 -0.0366174547 3.7767749092 0.0002228616
0.2500000000 0.5362294097 -0.0682869153 1.5102097995 7.0432070247 0.5362294097 -0.0366174523 3.7767747452 0.0005075465
0.2510000000 0.5362294558 -0.0682869149 1.5102097559 7.0432062154 0.5362294558 -0.0366174552 3.7767746363 0.0008116605
0.2520000000 0.5362294765 -0.0682869159 1.5102097255 7.0432058025 0.5362294765 -0.0366174571 3.7767745603 0.0010738540
0.2530000000 0.5362294647 -0.0682869046 1.5102096954 7.0432058162 0.5362294647 -0.0366174503 3.7767744846 0.0011182666
0.2540000000 0.5362294188 -0.0682868760 1.5102096603 7.0432062533 0.5362294188 -0.0366174318 3.7767743957 0.0009049876
0.2550000000 0.5362293440 -0.0682868372 1.5102096259 7.0432070727 0.5362293440 -0.0366174059 3.7767743083 0.0005215949
0.2560000000 0.5362292520 -0.0682868001 1.5102096018 7.0432081656 0.5362292520 -0.0366173797 3.7767742464 0.0000032964
0.2570000000 0.5362291603 -0.0682867703 1.5102095908 7.0432093167 0.5362291603 -0.0366173575 3.7767742175 0.0006825549
0.2580000000 0.5362290913 -0.0682867435 1.5102095868 7.0432102018 0.5362290913 -0.0366173384 3.7767742064 0.0011828168
0.2590000000 0.5362290598 -0.0682867119 1.5102095820 7.0432105910 0.5362290598 -0.0366173193 3.7767741932 0.0013817191
0.2600000000 0.5362290699 -0.0682866722 1.5102095735 7.0432104160 0.5362290699 -0.0366172987 3.7767741705 0.0012557665
0.2610000000 0.5362291186 -0.0682866278 1.5102095642 7.0432097300 0.5362291186 -0.0366172782 3.7767741456 0.0008905924
0.2620000000 0.5362291964 -0.0682865857 1.5102095588 7.0432086799 0.5362291964 -0.0366172610 3.7767741308 0.0003665672
0.2630000000 0.5362292866 -0.0682865499 1.5102095582 7.0432074903 0.5362292866 -0.0366172479 3.7767741282 0.0002629714
0.2640000000 0.5362293677 -0.0682865188 1.5102095576 7.0432064208 0.5362293677 -0.0366172368 3.7767741258 0.0007093396
0.2650000000 0.5362294253 -0.0682864886 1.5102095518 7.0432056356 0.5362294253 -0.0366172245 3.7767741102 0.0009515905
0.2660000000 0.5362294529 -0.0682864570 1.5102095398 7.0432052145 0.5362294529 -0.0366172095 3.7767740792 0.0010997107
0.2670000000 0.5362294478 -0.0682864249 1.5102095256 7.0432052137 0.5362294478 -0.0366171919 3.7767740425 0.0010669208
0.2680000000 0.5362294106 -0.0682863941 1.5102095145 7.0432056487 0.5362294106 -0.0366171728 3.7767740135 0.0008925487
0.2690000000 0.5362293449 -0.0682863650 1.5102095086 7.0432064818 0.5362293449 -0.0366171528 3.7767739977 0.0006189335
0.2700000000 0.5362292586 -0.0682863364 1.5102095053 7.0432075970 0.5362292586 -0.0366171316 3.7767739882 0.0001798944
0.2710000000 0.5362291663 -0.0682863073 1.5102094992 7.0432087785 0.5362291663 -0.0366171096 3.7767739717 0.0005102797
0.2720000000 0.5362290915 -0.0682862796 1.5102094866 7.0432097007 0.5362290915 -0.0366170897 3.7767739390 0.0011003684
0.2730000000 0.5362290523 -0.0682862574 1.5102094669 7.0432101215 0.5362290523 -0.0366170751 3.7767738887 0.0013538880
0.2740000000 0.5362290539 -0.0682862443 1.5102094410 7.0432099789 0.5362290539 -0.0366170682 3.7767738236 0.0012648266
0.2750000000 0.5362290935 -0.0682862409 1.5102094101 7.0432093146 0.5362290935 -0.0366170691 3.7767737463 0.0008964133
0.2760000000 0.5362291616 -0.0682862449 1.5102093738 7.0432082511 0.5362291616 -0.0366170759 3.7767736557 0.0003858982
0.2770000000 0.5362292424 -0.0682862528 1.5102093313 7.0432069937 0.5362292424 -0.0366170856 3.7767735501 0.0002282738
0.2780000000 0.5362293154 -0.0682862622 1.5102092839 7.0432058148 0.5362293154 -0.0366170956 3.7767734320 0.0006916251
0.2790000000 0.5362293658 -0.0682862727 1.5102092348 7.0432049244 0.5362293658 -0.0366171047 3.7767733098 0.0008637468
0.2800000000 0.5362293894 -0.0682862836 1.5102091883 7.0432043992 0.5362293894 -0.0366171122 3.7767731941 0.0009925168
0.2810000000 0.5362293833 -0.0682862931 1.5102091476 7.0432042898 0.5362293833 -0.0366171168 3.7767730927 0.0010003823
0.2820000000 0.5362293470 -0.0682862983 1.5102091137 7.0432046087 0.5362293470 -0.0366171171 3.7767730081 0.0008741967
0.2830000000 0.5362292829 -0.0682862970 1.5102090860 7.0432053210 0.5362292829 -0.0366171121 3.7767729385 0.0006292658
0.2840000000 0.5362291980 -0.0682862892 1.5102090634 7.0432063300 0.5362291980 -0.0366171021 3.7767728815 0.0002105015
0.2850000000 0.5362291061 -0.0682862768 1.5102090455 7.0432074528 0.5362291061 -0.0366170892 3.7767728361 0.0004555271
0.2860000000 0.5362290297 -0.0682862620 1.5102090326 7.0432083942 0.5362290297 -0.0366170760 3.7767728031 0.0010964621
0.2870000000 0.5362289888 -0.0682862455 1.5102090247 7.0432088929 0.5362289888 -0.0366170644 3.7767727826 0.0013851382
0.2880000000 0.5362289896 -0.0682862265 1.5102090214 7.0432088660 0.5362289896 -0.0366170542 3.7767727738 0.0013167929
0.2890000000 0.5362290300 -0.0682862036 1.5102090223 7.0432083382 0.5362290300 -0.0366170447 3.7767727751 0.0009954631
0.2900000000 0.5362291023 -0.0682861765 1.5102090265 7.0432074057 0.5362291023 -0.0366170351 3.7767727848 0.0005451619
0.2910000000 0.5362291931 -0.0682861468 1.5102090333 7.0432062446 0.5362291931 -0.0366170254 3.7767728011 0.0000386620
0.2920000000 0.5362292824 -0.0682861172 1.5102090416 7.0432051075 0.5362292824 -0.0366170156 3.7767728209 0.0006065967
0.2930000000 0.5362293515 -0.0682860898 1.5102090494 7.0432042353 0.5362293515 -0.0366170056 3.7767728397 0.0008727505
0.2940000000 0.5362293926 -0.0682860657 1.5102090549 7.0432037203 0.5362293926 -0.0366169955 3.7767728525 0.0010118341
0.2950000000 0.5362294028 -0.0682860442 1.5102090572 7.0432035953 0.5362294028 -0.0366169847 3.7767728576 0.0010667557
0.2960000000 0.5362293811 -0.0682860241 1.5102090574 7.0432038789 0.5362293811 -0.0366169724 3.7767728572 0.0009414834
0.2970000000 0.5362293303 -0.0682860035 1.5102090577 7.0432045466 0.5362293303 -0.0366169579 3.7767728570 0.0006906421
0.2980000000 0.5362292570 -0.0682859812 1.5102090602 7.0432055192 0.5362292570 -0.0366169410 3.7767728624 0.0003014357
0.2990000000 0.5362291737 -0.0682859572 1.5102090658 7.0432066369 0.5362291737 -0.0366169224 3.7767728753 0.0003067422
0.3000000000 0.5362291009 -0.0682859321 1.5102090730 7.0432076256 0.5362291009 -0.0366169039 3.7767728923 0.0009559118
0.3010000000 0.5362290590 -0.0682859078 1.5102090792 7.0432082028 0.5362290590 -0.0366168881 3.7767729068 0.0012691057
0.3020000000 0.5362290556 -0.0682858869 1.5102090816 7.0432082574 0.5362290556 -0.0366168766 3.7767729120 0.0012234269
0.3030000000 0.5362290889 -0.0682858714 1.5102090783 7.0432078037 0.5362290889 -0.0366168706 3.7767729032 0.0009567887
0.3040000000 0.5362291525 -0.0682858630 1.5102090683 7.0432069214 0.5362291525 -0.0366168704 3.7767728781 0.0005604710
0.3050000000 0.5362292346 -0.0682858622 1.5102090514 7.0432057646 0.5362292346 -0.0366168756 3.7767728360 0.0000186775
0.3060000000 0.5362293172 -0.0682858689 1.5102090276 7.0432045692 0.5362293172 -0.0366168848 3.7767727769 0.0005916902
0.3070000000 0.5362293801 -0.0682858821 1.5102089975 7.0432036035 0.5362293801 -0.0366168962 3.7767727022 0.0009122327
0.3080000000 0.5362294140 -0.0682859005 1.5102089624 7.0432029963 0.5362294140 -0.0366169084 3.7767726153 0.0010122259
0.3090000000 0.5362294174 -0.0682859219 1.5102089249 7.0432027776 0.5362294174 -0.0366169201 3.7767725223 0.0010282995
0.3100000000 0.5362293901 -0.0682859440 1.5102088879 7.0432029647 0.5362293901 -0.0366169301 3.7767724305 0.0009124145
0.3110000000 0.5362293342 -0.0682859642 1.5102088541 7.0432035426 0.5362293342 -0.0366169371 3.7767723466 0.0006867289
0.3120000000 0.5362292558 -0.0682859805 1.5102088253 7.0432044396 0.5362292558 -0.0366169405 3.7767722752 0.0003295695
0.3130000000 0.5362291663 -0.0682859921 1.5102088023 7.0432055084 0.5362291663 -0.0366169406 3.7767722179 0.0002509463
0.3140000000 0.5362290854 -0.0682859989 1.5102087849 7.0432064897 0.5362290854 -0.0366169387 3.7767721744 0.0009329195
0.3150000000 0.5362290351 -0.0682860016 1.5102087724 7.0432070918 0.5362290351 -0.0366169368 3.7767721432 0.0013063880
0.3160000000 0.5362290249 -0.0682860008 1.5102087643 7.0432071879 0.5362290249 -0.0366169356 3.7767721229 0.0013102671
0.3170000000 0.5362290541 -0.0682859966 1.5102087605 7.0432067873 0.5362290541 -0.0366169353 3.7767721133 0.0010744259
0.3180000000 0.5362291171 -0.0682859883 1.5102087613 7.0432059629 0.5362291171 -0.0366169352 3.7767721151 0.0007077514
0.3190000000 0.5362292036 -0.0682859757 1.5102087669 7.0432048527 0.5362292036 -0.0366169343 3.7767721289 0.0001980847
0.3200000000 0.5362292968 -0.0682859587 1.5102087772 7.0432036760 0.5362292968 -0.0366169316 3.7767721541 0.0004291476
0.3210000000 0.5362293753 -0.0682859385 1.5102087909 7.0432027067 0.5362293753 -0.0366169261 3.7767721878 0.0008354169
0.3220000000 0.5362294267 -0.0682859169 1.5102088061 7.0432021022 0.5362294267 -0.0366169181 3.7767722253 0.0009681189
0.3230000000 0.5362294480 -0.0682858959 1.5102088207 7.0432018880 0.5362294480 -0.0366169083 3.7767722608 0.0010326628
0.3240000000 0.5362294386 -0.0682858769 1.5102088328 7.0432020668 0.5362294386 -0.0366168974 3.7767722906 0.0009878632
0.3250000000 0.5362293993 -0.0682858600 1.5102088423 7.0432026264 0.5362293993 -0.0366168857 3.7767723136 0.0007814466
0.3260000000 0.5362293350 -0.0682858445 1.5102088500 7.0432035050 0.5362293350 -0.0366168730 3.7767723320 0.0004384935
0.3270000000 0.5362292563 -0.0682858290 1.5102088574 7.0432045723 0.5362292563 -0.0366168593 3.7767723497 0.0001107971
0.3280000000 0.5362291813 -0.0682858121 1.5102088658 7.0432055950 0.5362291813 -0.0366168451 3.7767723700 0.0008175100
0.3290000000 0.5362291330 -0.0682857934 1.5102088759 7.0432062755 0.5362291330 -0.0366168318 3.7767723944 0.0012484218
0.3300000000 0.5362291229 -0.0682857731 1.5102088873 7.0432064595 0.5362291229 -0.0366168202 3.7767724221 0.0012731606
0.3310000000 0.5362291511 -0.0682857524 1.5102088988 7.0432061419 0.5362291511 -0.0366168111 3.7767724501 0.0010482054
0.3320000000 0.5362292122 -0.0682857330 1.5102089088 7.0432053837 0.5362292122 -0.0366168048 3.7767724746 0.0007085828
0.3330000000 0.5362292969 -0.0682857165 1.5102089156 7.0432043026 0.5362292969 -0.0366168017 3.7767724913 0.0002371367
0.3340000000 0.5362293896 -0.0682857047 1.5102089175 7.0432030931 0.5362293896 -0.0366168017 3.7767724957 0.0003852790
0.3350000000 0.5362294693 -0.0682856991 1.5102089128 7.0432020255 0.5362294693 -0.0366168042 3.7767724840 0.0008716824
0.3360000000 0.5362295204 -0.0682857008 1.5102089006 7.0432012977 0.5362295204 -0.0366168086 3.7767724537 0.0010274975
0.3370000000 0.5362295397 -0.0682857099 1.5102088807 7.0432009524 0.5362295397 -0.0366168148 3.7767724044 0.0010444534
0.3380000000 0.5362295278 -0.0682857256 1.5102088542 7.0432009859 0.5362295278 -0.0366168224 3.7767723387 0.0009764124
0.3390000000 0.5362294861 -0.0682857461 1.5102088231 7.0432013896 0.5362294861 -0.0366168305 3.7767722614 0.0007885431
0.3400000000 0.5362294190 -0.0682857687 1.5102087899 7.0432021169 0.5362294190 -0.0366168381 3.7767721793 0.0004762635
0.3410000000 0.5362293361 -0.0682857911 1.5102087575 7.0432030557 0.5362293361 -0.0366168444 3.7767720989 0.0000084183
0.3420000000 0.5362292536 -0.0682858113 1.5102087279 7.0432040031 0.5362292536 -0.0366168496 3.7767720254 0.0006850957
0.3430000000 0.5362291937 -0.0682858283 1.5102087022 7.0432046704 0.5362291937 -0.0366168547 3.7767719615 0.0011732525
0.3440000000 0.5362291706 -0.0682858418 1.5102086806 7.0432048742 0.5362291706 -0.0366168603 3.7767719081 0.0012865028
0.3450000000 0.5362291861 -0.0682858518 1.5102086632 7.0432045898 0.5362291861 -0.0366168667 3.7767718649 0.0011286668
0.3460000000 0.5362292364 -0.0682858583 1.5102086499 7.0432038687 0.5362292364 -0.0366168736 3.7767718321 0.0008316696
0.3470000000 0.5362293137 -0.0682858606 1.5102086414 7.0432028143 0.5362293137 -0.0366168802 3.7767718112 0.0004226360
0.3480000000 0.5362294052 -0.0682858582 1.5102086384 7.0432015988 0.5362294052 -0.0366168851 3.7767718037 0.0001464066
0.3490000000 0.5362294916 -0.0682858503 1.5102086413 7.0432004772 0.5362294916 -0.0366168868 3.7767718109 0.0006930324
0.3500000000 0.5362295549 -0.0682858376 1.5102086496 7.0431996836 0.5362295549 -0.0366168843 3.7767718314 0.0009163092
0.3510000000 0.5362295892 -0.0682858212 1.5102086619 7.0431992897 0.5362295892 -0.0366168779 3.7767718616 0.0009660409
0.3520000000 0.5362295945 -0.0682858030 1.5102086762 7.0431992854 0.5362295945 -0.0366168685 3.7767718967 0.0009517223
0.3530000000 0.5362295716 -0.0682857847 1.5102086906 7.0431996521 0.5362295716 -0.0366168570 3.7767719319 0.0008274493
0.3540000000 0.5362295231 -0.0682857673 1.5102087038 7.0432003494 0.5362295231 -0.0366168444 3.7767719642 0.0005667748
0.3550000000 0.5362294563 -0.0682857511 1.5102087155 7.0432012788 0.5362294563 -0.0366168312 3.7767719926 0.0001353218
0.3560000000 0.5362293852 -0.0682857359 1.5102087259 7.0432022601 0.5362293852 -0.0366168182 3.7767720179 0.0005169253
0.3570000000 0.5362293310 -0.0682857208 1.5102087358 7.0432030173 0.5362293310 -0.0366168064 3.7767720419 0.0010752707
0.3580000000 0.5362293102 -0.0682857050 1.5102087460 7.0432033368 0.5362293102 -0.0366167965 3.7767720668 0.0012453064
0.3590000000 0.5362293267 -0.0682856879 1.5102087571 7.0432031704 0.5362293267 -0.0366167884 3.7767720941 0.0011118631
0.3600000000 0.5362293776 -0.0682856691 1.5102087696 7.0432025598 0.5362293776 -0.0366167819 3.7767721246 0.0008357669
0.3610000000 0.5362294556 -0.0682856490 1.5102087830 7.0432015958 0.5362294556 -0.0366167764 3.7767721575 0.0004523891
0.3620000000 0.5362295490 -0.0682856282 1.5102087964 7.0432004311 0.5362295490 -0.0366167716 3.7767721906 0.0000934110
0.3630000000 0.5362296391 -0.0682856085 1.5102088082 7.0431993011 0.5362296391 -0.0366167672 3.7767722196 0.0007019057
0.3640000000 0.5362297058 -0.0682855921 1.5102088161 7.0431984611 0.5362297058 -0.0366167629 3.7767722389 0.0010114718
0.3650000000 0.5362297404 -0.0682855809 1.5102088178 7.0431980148 0.5362297404 -0.0366167593 3.7767722428 0.0010795722
0.3660000000 0.5362297426 -0.0682855768 1.5102088117 7.0431979569 0.5362297426 -0.0366167572 3.7767722274 0.0010337626
0.3670000000 0.5362297140 -0.0682855800 1.5102087973 7.0431982654 0.5362297140 -0.0366167570 3.7767721916 0.0008939040
0.3680000000 0.5362296573 -0.0682855899 1.5102087755 7.0431989085 0.5362296573 -0.0366167585 3.7767721373 0.0006490917
0.3690000000 0.5362295794 -0.0682856048 1.5102087482 7.0431998062 0.5362295794 -0.0366167612 3.7767720695 0.0002502398
0.3700000000 0.5362294930 -0.0682856226 1.5102087178 7.0432008001 0.5362294930 -0.0366167648 3.7767719938 0.0003601885
0.3710000000 0.5362294187 -0.0682856413 1.5102086863 7.0432016299 0.5362294187 -0.0366167697 3.7767719156 0.0009565129
0.3720000000 0.5362293753 -0.0682856596 1.5102086553 7.0432020553 0.5362293753 -0.0366167766 3.7767718386 0.0012161350
0.3730000000 0.5362293689 -0.0682856770 1.5102086254 7.0432020019 0.5362293689 -0.0366167855 3.7767717645 0.0011525084
0.3740000000 0.5362293969 -0.0682856929 1.5102085973 7.0432015045 0.5362293969 -0.0366167959 3.7767716950 0.0008998089
0.3750000000 0.5362294530 -0.0682857068 1.5102085719 7.0432006500 0.5362294530 -0.0366168072 3.7767716320 0.0005441995
0.3760000000 0.5362295268 -0.0682857173 1.5102085504 7.0431995816 0.5362295268 -0.0366168179 3.7767715788 0.0000416473
0.3770000000 0.5362296018 -0.0682857232 1.5102085344 7.0431985222 0.5362296018 -0.0366168262 3.7767715391 0.0005759189
0.3780000000 0.5362296579 -0.0682857233 1.5102085251 7.0431977426 0.5362296579 -0.0366168300 3.7767715161 0.0009314819
0.3790000000 0.5362296848 -0.0682857173 1.5102085229 7.0431973787 0.5362296848 -0.0366168287 3.7767715105 0.0010054253
0.3800000000 0.5362296818 -0.0682857062 1.5102085269 7.0431974360 0.5362296818 -0.0366168225 3.7767715201 0.0009636590
0.3810000000 0.5362296501 -0.0682856915 1.5102085354 7.0431978913 0.5362296501 -0.0366168125 3.7767715407 0.0008674913
0.3820000000 0.5362295911 -0.0682856751 1.5102085463 7.0431987156 0.5362295911 -0.0366167996 3.7767715672 0.0006919020
0.3830000000 0.5362295094 -0.0682856587 1.5102085578 7.0431998413 0.5362295094 -0.0366167853 3.7767715952 0.0003736661
0.3840000000 0.5362294150 -0.0682856432 1.5102085689 7.0432011307 0.5362294150 -0.0366167705 3.7767716220 0.0001433706
0.3850000000 0.5362293256 -0.0682856289 1.5102085791 7.0432023508 0.5362293256 -0.0366167567 3.7767716470 0.0007668398
0.3860000000 0.5362292619 -0.0682856152 1.5102085890 7.0432032328 0.5362292619 -0.0366167451 3.7767716710 0.0011222920
0.3870000000 0.5362292336 -0.0682856014 1.5102085993 7.0432036514 0.5362292336 -0.0366167357 3.7767716961 0.0011488343
0.3880000000 0.5362292396 -0.0682855865 1.5102086108 7.0432036255 0.5362292396 -0.0366167281 3.7767717244 0.0009332721
0.3890000000 0.5362292736 -0.0682855698 1.5102086243 7.0432032411 0.5362292736 -0.0366167215 3.7767717577 0.0005770800
0.3900000000 0.5362293256 -0.0682855509 1.5102086402 7.0432026300 0.5362293256 -0.0366167149 3.7767717967 0.0000849233
0.3910000000 0.5362293804 -0.0682855301 1.5102086580 7.0432019933 0.5362293804 -0.0366167075 3.7767718406 0.0005700343
0.3920000000 0.5362294170 -0.0682855084 1.5102086767 7.0432015975 0.5362294170 -0.0366166984 3.7767718867 0.0010274043
0.3930000000 0.5362294228 -0.0682854875 1.5102086945 7.0432016035 0.5362294228 -0.0366166876 3.7767719305 0.0011253293
0.3940000000 0.5362293950 -0.0682854697 1.5102087090 7.0432020347 0.5362293950 -0.0366166761 3.7767719661 0.0010591326
0.3950000000 0.5362293340 -0.0682854573 1.5102087179 7.0432028767 0.5362293340 -0.0366166653 3.7767719876 0.0009648399
0.3960000000 0.5362292408 -0.0682854520 1.5102087193 7.0432041068 0.5362292408 -0.0366166561 3.7767719907 0.0008054036
0.3970000000 0.5362291193 -0.0682854546 1.5102087127 7.0432056710 0.5362291193 -0.0366166492 3.7767719740 0.0005318369
0.3980000000 0.5362289784 -0.0682854644 1.5102086987 7.0432074558 0.5362289784 -0.0366166448 3.7767719390 0.0001086983
0.3990000000 0.5362288336 -0.0682854801 1.5102086788 7.0432092667 0.5362288336 -0.0366166433 3.7767718896 0.0004682451
0.4000000000 0.5362287059 -0.0682854998 1.5102086552 7.0432108336 0.5362287059 -0.0366166452 3.7767718310 0.0009065055
0.4010000000 0.5362286104 -0.0682855219 1.5102086296 7.0432119708 0.5362286104 -0.0366166505 3.7767717677 0.0010253499
0.4020000000 0.5362285491 -0.0682855451 1.5102086034 7.0432126552 0.5362285491 -0.0366166588 3.7767717028 0.0009088000
0.4030000000 0.5362285164 -0.0682855685 1.5102085774 7.0432129640 0.5362285164 -0.0366166691 3.7767716386 0.0006299305
0.4040000000 0.5362285028 -0.0682855915 1.5102085524 7.0432130282 0.5362285028 -0.0366166805 3.7767715768 0.0001771276
0.4050000000 0.5362284942 -0.0682856129 1.5102085293 7.0432130341 0.5362284942 -0.0366166914 3.7767715198 0.0004647375
0.4060000000 0.5362284717 -0.0682856316 1.5102085094 7.0432132387 0.5362284717 -0.0366166999 3.7767714709 0.0009029888
0.4070000000 0.5362284211 -0.0682856460 1.5102084943 7.0432138339 0.5362284211 -0.0366167041 3.7767714335 0.0009853194
0.4080000000 0.5362283381 -0.0682856548 1.5102084851 7.0432148805 0.5362283381 -0.0366167032 3.7767714106 0.0009287662
0.4090000000 0.5362282231 -0.0682856577 1.5102084823 7.0432163784 0.5362282231 -0.0366166969 3.7767714033 0.0008421713
0.4100000000 0.5362280773 -0.0682856549 1.5102084854 7.0432183063 0.5362280773 -0.0366166854 3.7767714107 0.0007156996
0.4110000000 0.5362279044 -0.0682856473 1.5102084934 7.0432206135 0.5362279044 -0.0366166696 3.7767714299 0.0005050476
0.4120000000 0.5362277117 -0.0682856366 1.5102085046 7.0432231964 0.5362277117 -0.0366166506 3.7767714573 0.0001697348
0.4130000000 0.5362275122 -0.0682856240 1.5102085176 7.0432258752 0.5362275122 -0.0366166303 3.7767714888 0.0003279760
0.4140000000 0.5362273260 -0.0682856110 1.5102085311 7.0432283816 0.5362273260 -0.0366166106 3.7767715215 0.0007893897
0.4150000000 0.5362271705 -0.0682855981 1.5102085441 7.0432304832 0.5362271705 -0.0366165931 3.7767715533 0.0009677259
0.4160000000 0.5362270507 -0.0682855858 1.5102085565 7.0432321130 0.5362270507 -0.0366165783 3.7767715834 0.0008948885
0.4170000000 0.5362269621 -0.0682855738 1.5102085683 7.0432333307 0.5362269621 -0.0366165658 3.7767716124 0.0006519311
0.4180000000 0.5362268952 -0.0682855615 1.5102085803 7.0432342642 0.5362268952 -0.0366165546 3.7767716419 0.0002513744
0.4190000000 0.5362268364 -0.0682855480 1.5102085935 7.0432350969 0.5362268364 -0.0366165434 3.7767716742 0.0003376989
0.4200000000 0.5362267665 -0.0682855324 1.5102086088 7.0432360854 0.5362267665 -0.0366165302 3.7767717115 0.0008278980
0.4210000000 0.5362266685 -0.0682855143 1.5102086265 7.0432374532 0.5362266685 -0.0366165138 3.7767717551 0.0009721108
0.4220000000 0.5362265360 -0.0682854939 1.5102086465 7.0432392846 0.5362265360 -0.0366164939 3.7767718039 0.0009345441
0.4230000000 0.5362263685 -0.0682854726 1.5102086672 7.0432415798 0.5362263685 -0.0366164710 3.7767718546 0.0008468385
0.4240000000 0.5362261675 -0.0682854524 1.5102086865 7.0432443070 0.5362261675 -0.0366164465 3.7767719017 0.0007222884
0.4250000000 0.5362259368 -0.0682854358 1.5102087019 7.0432474075 0.5362259368 -0.0366164218 3.7767719390 0.0005196126
0.4260000000 0.5362256838 -0.0682854246 1.5102087114 7.0432507716 0.5362256838 -0.0366163985 3.7767719615 0.0001908230
0.4270000000 0.5362254227 -0.0682854201 1.5102087136 7.0432542111 0.5362254227 -0.0366163782 3.7767719663 0.0002991267
0.4280000000 0.5362251746 -0.0682854223 1.5102087085 7.0432574443 0.5362251746 -0.0366163625 3.7767719531 0.0007378509
0.4290000000 0.5362249579 -0.0682854308 1.5102086968 7.0432602366 0.5362249579 -0.0366163522 3.7767719238 0.0008974109
0.4300000000 0.5362247774 -0.0682854442 1.5102086799 7.0432625290 0.5362247774 -0.0366163471 3.7767718816 0.0008139760
0.4310000000 0.5362246281 -0.0682854616 1.5102086590 7.0432643929 0.5362246281 -0.0366163462 3.7767718295 0.0005578102
0.4320000000 0.5362244993 -0.0682854818 1.5102086351 7.0432659742 0.5362244993 -0.0366163483 3.7767717704 0.0001350971
0.4330000000 0.5362243753 -0.0682855039 1.5102086095 7.0432674842 0.5362243753 -0.0366163517 3.7767717067 0.0004623947
0.4340000000 0.5362242342 -0.0682855271 1.5102085830 7.0432692147 0.5362242342 -0.0366163545 3.7767716411 0.0008967249
0.4350000000 0.5362240589 -0.0682855500 1.5102085571 7.0432713969 0.5362240589 -0.0366163548 3.7767715767 0.0010022009
0.4360000000 0.5362238433 -0.0682855713 1.5102085332 7.0432741183 0.5362238433 -0.0366163515 3.7767715172 0.0009518182
0.4370000000 0.5362235871 -0.0682855894 1.5102085129 7.0432773884 0.5362235871 -0.0366163437 3.7767714665 0.0008570978
0.4380000000 0.5362232925 -0.0682856032 1.5102084975 7.0432811861 0.5362232925 -0.0366163310 3.7767714280 0.0007348275
0.4390000000 0.5362229635 -0.0682856117 1.5102084881 7.0432854635 0.5362229635 -0.0366163131 3.7767714038 0.0005622790
0.4400000000 0.5362226070 -0.0682856146 1.5102084847 7.0432901282 0.5362226070 -0.0366162903 3.7767713948 0.0003198599
0.4410000000 0.5362222347 -0.0682856122 1.5102084871 7.0432950282 0.5362222347 -0.0366162636 3.7767713999 0.0000048827
0.4420000000 0.5362218623 -0.0682856053 1.5102084944 7.0432999520 0.5362218623 -0.0366162345 3.7767714168 0.0003218346
0.4430000000 0.5362215060 -0.0682855953 1.5102085050 7.0433046790 0.5362215060 -0.0366162047 3.7767714423 0.0004415940
0.4440000000 0.5362211714 -0.0682855834 1.5102085175 7.0433091303 0.5362211714 -0.0366161755 3.7767714722 0.0002381046
0.4450000000 0.5362208481 -0.0682855710 1.5102085303 7.0433134339 0.5362208481 -0.0366161468 3.7767715029 0.0002992447
0.4460000000 0.5362205103 -0.0682855590 1.5102085423 7.0433179245 0.5362205103 -0.0366161173 3.7767715319 0.0009125485
0.4470000000 0.5362201270 -0.0682855476 1.5102085534 7.0433230084 0.5362201270 -0.0366160850 3.7767715582 0.0012469205
0.4480000000 0.5362196776 -0.0682855362 1.5102085640 7.0433289588 0.5362196776 -0.0366160482 3.7767715832 0.0013842657
0.4490000000 0.5362191488 -0.0682855237 1.5102085752 7.0433359526 0.5362191488 -0.0366160054 3.7767716095 0.0014463193
0.4500000000 0.5362185303 -0.0682855089 1.5102085883 7.0433441347 0.5362185303 -0.0366159552 3.7767716404 0.0014679433
0.4510000000 0.5362178126 -0.0682854910 1.5102086041 7.0433536311 0.5362178126 -0.0366158966 3.7767716776 0.0014556650
0.4520000000 0.5362169880 -0.0682854700 1.5102086225 7.0433645436 0.5362169880 -0.0366158291 3.7767717208 0.0014119371
0.4530000000 0.5362160507 -0.0682854472 1.5102086422 7.0433769417 0.5362160507 -0.0366157528 3.7767717670 0.0013327762
0.4540000000 0.5362149983 -0.0682854242 1.5102086614 7.0433908486 0.5362149983 -0.0366156686 3.7767718118 0.0011812025
0.4550000000 0.5362138363 -0.0682854031 1.5102086780 7.0434061819 0.5362138363 -0.0366155780 3.7767718497 0.0007344955
0.4560000000 0.5362126030 -0.0682853856 1.5102086901 7.0434224318 0.5362126030 -0.0366154844 3.7767718765 0.0014834607
0.4570000000 0.5362115156 -0.0682853730 1.5102086966 7.0434367404 0.5362115156 -0.0366154033 3.7767718896 0.0071725265
0.4580000000 0.5362109770 -0.0682853659 1.5102086967 7.0434438130 0.5362109770 -0.0366153628 3.7767718884 0.0139984123
0.4590000000 0.5362111188 -0.0682853645 1.5102086906 7.0434419218 0.5362111188 -0.0366153717 3.7767718734 0.0148541338
0.4600000000 0.5362122215 -0.0682853682 1.5102086787 7.0434273877 0.5362122215 -0.0366154490 3.7767718464 0.0123808619
0.4610000000 0.5362151075 -0.0682853769 1.5102086615 7.0433894120 0.5362151075 -0.0366156507 3.7767718104 0.0110858947
0.4620000000 0.5362211840 -0.0682853901 1.5102086396 7.0433095209 0.5362211840 -0.0366160727 3.7767717704 0.0103216740
0.4630000000 0.5362328505 -0.0682854071 1.5102086140 7.0431562158 0.5362328505 -0.0366168785 3.7767717341 0.0098004780
0.4640000000 0.5362541319 -0.0682854268 1.5102085859 7.0428766686 0.5362541319 -0.0366183423 3.7767717143 0.0094089358
0.4650000000 0.5362916840 -0.0682854477 1.5102085570 7.0423835444 0.5362916840 -0.0366209178 3.7767717303 0.0090895049
0.4660000000 0.5363563535 -0.0682854684 1.5102085290 7.0415345826 0.5363563535 -0.0366253448 3.7767718120 0.0088103619
0.4670000000 0.5364655536 -0.0682854871 1.5102085039 7.0401016038 0.5364655536 -0.0366328117 3.7767720043 0.0085532476
0.4680000000 0.5366468073 -0.0682855026 1.5102084830 7.0377244844 0.5366468073 -0.0366451969 3.7767723753 0.0083072375
0.4690000000 0.5369429233 -0.0682855137 1.5102084675 7.0338444985 0.5369429233 -0.0366654233 3.7767730273 0.0080655111
0.4700000000 0.5374193781 -0.0682855199 1.5102084579 7.0276105930 0.5374193781 -0.0366979616 3.7767741144 0.0078236060
0.4710000000 0.5381745750 -0.0682855212 1.5102084542 7.0177523076 0.5381745750 -0.0367495314 3.7767758658 0.0075784274
0.4720000000 0.5393536907 -0.0682855184 1.5102084556 7.0024154532 0.5393536907 -0.0368300463 3.7767786183 0.0073276625
0.4730000000 0.5411667412 -0.0682855122 1.5102084610 6.9789633603 0.5411667412 -0.0369538481 3.7767828587 0.0070694173
0.4740000000 0.5439112263 -0.0682855039 1.5102084691 6.9437604796 0.5439112263 -0.0371412522 3.7767892773 0.0068019780
0.4750000000 0.5479991193 -0.0682854948 1.5102084785 6.8919797465 0.5479991193 -0.0374203910 3.7767988313 0.0065236377
0.4760000000 0.5539869487 -0.0682854853 1.5102084886 6.8175122630 0.5539869487 -0.0378292677 3.7768128163 0.0062325514
0.4770000000 0.5626061232 -0.0682854758 1.5102084989 6.7131031490 0.5626061232 -0.0384178268 3.7768329371 0.0059265911
0.4780000000 0.5747884141 -0.0682854657 1.5102085103 6.5708724719 0.5747884141 -0.0392496945 3.7768613675 0.0056031734
0.4790000000 0.5916786139 -0.0682854541 1.5102085236 6.3833653777 0.5916786139 -0.0404030428 3.7769007790 0.0052590221
0.4800000000 0.6146230029 -0.0682854399 1.5102085402 6.1451561301 0.6146230029 -0.0419698021 3.7769543137 0.0048898087
0.4810000000 0.6451187471 -0.0682854226 1.5102085610 5.8547755455 0.6451187471 -0.0440522063 3.7770254643 0.0044895547
0.4820000000 0.6847063130 -0.0682854027 1.5102085861 5.5164057212 0.6847063130 -0.0467554463 3.7771178224 0.0040495559
0.4830000000 0.7347850578 -0.0682853811 1.5102086146 5.1405980682 0.7347850578 -0.0501750777 3.7772346487 0.0035562430
0.4840000000 0.7963313524 -0.0682853602 1.5102086442 4.7434754416 0.7963313524 -0.0543777733 3.7773782133 0.0029863396
0.4850000000 0.8694957584 -0.0682853425 1.5102086718 4.3445282209 0.8694957584 -0.0593738157 3.7775488602 0.0022937179
0.4860000000 0.9530339846 -0.0682853303 1.5102086940 3.9639128724 0.9530339846 -0.0650782404 3.7777436795 0.0013616660
0.4870000000 1.0433906328 -0.0682853252 1.5102087075 3.6208436760 1.0433906328 -0.0712482687 3.7779543744 0.0003027213
0.4880000000 1.1321230589 -0.0682853291 1.5102087083 3.3372354901 1.1321230589 -0.0773073957 3.7781612511 0.0025698377
0.4890000000 1.2085495479 -0.0682853425 1.5102086937 3.1263421566 1.2085495479 -0.0825262198 3.7783393999 0.0035922097
0.4900000000 1.2705847324 -0.0682853651 1.5102086630 2.9738150163 1.2705847324 -0.0867623424 3.7784839567 0.0042141565
0.4910000000 1.3191388734 -0.0682853950 1.5102086185 2.8644421944 1.3191388734 -0.0900779190 3.7785970493 0.0047439346
0.4920000000 1.3559766266 -0.0682854271 1.5102085683 2.7866872761 1.3559766266 -0.0925934431 3.7786828121 0.0052128063
0.4930000000 1.3831624763 -0.0682854543 1.5102085247 2.7319611057 1.3831624763 -0.0944498781 3.7787460881 0.0056375462
0.4940000000 1.4027266727 -0.0682854719 1.5102084966 2.6938901970 1.4027266727 -0.0957858528 3.7787916327 0.0060280971
0.4950000000 1.4164825854 -0.0682854798 1.5102084849 2.6677515942 1.4164825854 -0.0967251929 3.7788236754 0.0063909111
0.4960000000 1.4259472166 -0.0682854812 1.5102084844 2.6500600419 1.4259472166 -0.0973714918 3.7788457405 0.0067304232
0.4970000000 1.4323279892 -0.0682854791 1.5102084898 2.6382648798 1.4323279892 -0.0978072030 3.7788606303 0.0070497753
0.4980000000 1.4365477556 -0.0682854743 1.5102085001 2.6305220130 1.4365477556 -0.0980953449 3.7788704937 0.0073512161
0.4990000000 1.4392879602 -0.0682854655 1.5102085173 2.6255183320 1.4392879602 -0.0982824484 3.7788769246 0.0076363382
0.5000000000 1.4410368003 -0.0682854513 1.5102085437 2.6223348812 1.4410368003 -0.0984018483 3.7788810666 0.0079062288
0.5010000000 1.4421346749 -0.0682854316 1.5102085797 2.6203403745 1.4421346749 -0.0984767888 3.7788837142 0.0081615851
0.5020000000 1.4428131446 -0.0682854077 1.5102086230 2.6191093532 1.4428131446 -0.0985230839 3.7788854021 0.0084028543
0.5030000000 1.4432261916 -0.0682853822 1.5102086693 2.6183605179 1.4432261916 -0.0985512521 3.7788864783 0.0086304774
0.5040000000 1.4434740711 -0.0682853587 1.5102087122 2.6179113547 1.4434740711 -0.0985681447 3.7788871610 0.0088453399
0.5050000000 1.4436207838 -0.0682853415 1.5102087440 2.6176455919 1.4436207838 -0.0985781382 3.7788875810 0.0090495626
0.5060000000 1.4437064386 -0.0682853341 1.5102087586 2.6174904506 1.4437064386 -0.0985839766 3.7788878164 0.0092478722
0.5070000000 1.4437557420 -0.0682853384 1.5102087529 2.6174011348 1.4437557420 -0.0985873494 3.7788879175 0.0094501739
0.5080000000 1.4437836706 -0.0682853530 1.5102087288 2.6173505081 1.4437836706 -0.0985892777 3.7788879239 0.0096765706
0.5090000000 1.4437991694 -0.0682853747 1.5102086925 2.6173223753 1.4437991694 -0.0985903673 3.7788878714 0.0099684806
0.5100000000 1.4438075088 -0.0682853991 1.5102086517 2.6173072021 1.4438075088 -0.0985909719 3.7788877912 0.0104127067
0.5110000000 1.4438117567 -0.0682854220 1.5102086133 2.6172994435 1.4438117567 -0.0985912951 3.7788877073 0.0111947363
0.5120000000 1.4438136819 -0.0682854408 1.5102085817 2.6172959031 1.4438136819 -0.0985914538 3.7788876346 0.0126982333
0.5130000000 1.4438143040 -0.0682854544 1.5102085586 2.6172947374 1.4438143040 -0.0985915158 3.7788875797 0.0147060067
0.5140000000 1.4438141870 -0.0682854626 1.5102085440 2.6172949246 1.4438141870 -0.0985915197 3.7788875436 0.0116713004
0.5150000000 1.4438134432 -0.0682854657 1.5102085371 2.6172962600 1.4438134432 -0.0985914734 3.7788875250 0.0071515732
0.5160000000 1.4438120522 -0.0682854638 1.5102085380 2.6172987807 1.4438120522 -0.0985913756 3.7788875238 0.0041638738
0.5170000000 1.4438101446 -0.0682854565 1.5102085471 2.6173022510 1.4438101446 -0.0985912348 3.7788875415 0.0019008958
0.5180000000 1.4438079579 -0.0682854435 1.5102085647 2.6173062412 1.4438079579 -0.0985910667 3.7788875792 0.0001921181
0.5190000000 1.4438058019 -0.0682854244 1.5102085912 2.6173101906 1.4438058019 -0.0985908919 3.7788876385 0.0014397452
0.5200000000 1.4438038584 -0.0682853999 1.5102086251 2.6173137675 1.4438038584 -0.0985907238 3.7788877161 0.0010721854
0.5210000000 1.4438020619 -0.0682853721 1.5102086630 2.6173170850 1.4438020619 -0.0985905610 3.7788878041 0.0007492849
0.5220000000 1.4438003632 -0.0682853442 1.5102087002 2.6173202242 1.4438003632 -0.0985904047 3.7788878902 0.0008701445
0.5230000000 1.4437987728 -0.0682853201 1.5102087304 2.6173231554 1.4437987728 -0.0985902614 3.7788879597 0.0009985117
0.5240000000 1.4437973000 -0.0682853033 1.5102087483 2.6173258526 1.4437973000 -0.0985901366 3.7788879993 0.0009406309
0.5250000000 1.4437959319 -0.0682852959 1.5102087505 2.6173283340 1.4437959319 -0.0985900324 3.7788880010 0.0009220664
0.5260000000 1.4437946607 -0.0682852979 1.5102087371 2.6173306133 1.4437946607 -0.0985899486 3.7788879648 0.0009677919
0.5270000000 1.4437934858 -0.0682853079 1.5102087112 2.6173326971 1.4437934858 -0.0985898828 3.7788878984 0.0009892510
0.5280000000 1.4437924039 -0.0682853231 1.5102086779 2.6173346001 1.4437924039 -0.0985898308 3.7788878140 0.0010105797
0.5290000000 1.4437914114 -0.0682853405 1.5102086425 2.6173363374 1.4437914114 -0.0985897882 3.7788877248 0.0010279197
0.5300000000 1.4437905050 -0.0682853575 1.5102086092 2.6173379228 1.4437905050 -0.0985897508 3.7788876412 0.0010186489
0.5310000000 1.4437896788 -0.0682853723 1.5102085808 2.6173393709 1.4437896788 -0.0985897158 3.7788875697 0.0009921364
0.5320000000 1.4437889265 -0.0682853840 1.5102085585 2.6173406957 1.4437889265 -0.0985896813 3.7788875134 0.0009519655
0.5330000000 1.4437882413 -0.0682853921 1.5102085431 2.6173419108 1.4437882413 -0.0985896462 3.7788874742 0.0009127245
0.5340000000 1.4437876168 -0.0682853963 1.5102085358 2.6173430293 1.4437876168 -0.0985896096 3.7788874547 0.0008855526
0.5350000000 1.4437870485 -0.0682853956 1.5102085382 2.6173440628 1.4437870485 -0.0985895698 3.7788874593 0.0008752468
0.5360000000 1.4437865327 -0.0682853892 1.5102085521 2.6173450207 1.4437865327 -0.0985895253 3.7788874923 0.0008783331
0.5370000000 1.4437860672 -0.0682853763 1.5102085784 2.6173459085 1.4437860672 -0.0985894750 3.7788875558 0.0008833929
0.5380000000 1.4437856499 -0.0682853574 1.5102086161 2.6173467283 1.4437856499 -0.0985894191 3.7788876472 0.0008728315
0.5390000000 1.4437852780 -0.0682853341 1.5102086618 2.6173474795 1.4437852780 -0.0985893601 3.7788877582 0.0008314313
0.5400000000 1.4437849473 -0.0682853096 1.5102087100 2.6173481601 1.4437849473 -0.0985893022 3.7788878754 0.0007581195
0.5410000000 1.4437846526 -0.0682852876 1.5102087540 2.6173487686 1.4437846526 -0.0985892503 3.7788879826 0.0006683520
0.5420000000 1.4437843883 -0.0682852714 1.5102087879 2.6173493049 1.4437843883 -0.0985892088 3.7788880651 0.0005826753
0.5430000000 1.4437841494 -0.0682852631 1.5102088078 2.6173497715 1.4437841494 -0.0985891804 3.7788881137 0.0005123467
0.5440000000 1.4437839321 -0.0682852631 1.5102088129 2.6173501738 1.4437839321 -0.0985891656 3.7788881258 0.0004565314
0.5450000000 1.4437837334 -0.0682852705 1.5102088045 2.6173505197 1.4437837334 -0.0985891628 3.7788881050 0.0004106728
0.5460000000 1.4437835508 -0.0682852834 1.5102087857 2.6173508188 1.4437835508 -0.0985891689 3.7788880590 0.0003711569
0.5470000000 1.4437833826 -0.0682852994 1.5102087606 2.6173510812 1.4437833826 -0.0985891806 3.7788879975 0.0003340487
0.5480000000 1.4437832269 -0.0682853167 1.5102087329 2.6173513162 1.4437832269 -0.0985891949 3.7788879293 0.0002975801
0.5490000000 1.4437830824 -0.0682853339 1.5102087049 2.6173515309 1.4437830824 -0.0985892099 3.7788878609 0.0002731650
0.5500000000 1.4437829478 -0.0682853504 1.5102086785 2.6173517300 1.4437829478 -0.0985892245 3.7788877962 0.0002770461
0.5510000000 1.4437828232 -0.0682853652 1.5102086555 2.6173519169 1.4437828232 -0.0985892373 3.7788877398 0.0003091696
0.5520000000 1.4437827095 -0.0682853764 1.5102086386 2.6173520943 1.4437827095 -0.0985892458 3.7788876984 0.0003512586
0.5530000000 1.4437826079 -0.0682853823 1.5102086308 2.6173522651 1.4437826079 -0.0985892474 3.7788876793 0.0003807059
0.5540000000 1.4437825194 -0.0682853814 1.5102086345 2.6173524319 1.4437825194 -0.0985892399 3.7788876882 0.0003797968
0.5550000000 1.4437824435 -0.0682853729 1.5102086511 2.6173525974 1.4437824435 -0.0985892226 3.7788877287 0.0003402216
0.5560000000 1.4437823790 -0.0682853570 1.5102086810 2.6173527651 1.4437823790 -0.0985891952 3.7788878018 0.0002270838
0.5570000000 1.4437823220 -0.0682853350 1.5102087221 2.6173529379 1.4437823220 -0.0985891595 3.7788879021 0.0000313623
0.5580000000 1.4437822663 -0.0682853100 1.5102087685 2.6173531174 1.4437822663 -0.0985891196 3.7788880156 0.0001806782
0.5590000000 1.4437822052 -0.0682852863 1.5102088125 2.6173533027 1.4437822052 -0.0985890812 3.7788881232 0.0003064169
0.5600000000 1.4437821343 -0.0682852673 1.5102088477 2.6173534907 1.4437821343 -0.0985890490 3.7788882091 0.0002897045
0.5610000000 1.4437820539 -0.0682852549 1.5102088712 2.6173536762 1.4437820539 -0.0985890256 3.7788882664 0.0001730329
0.5620000000 1.4437819677 -0.0682852495 1.5102088827 2.6173538519 1.4437819677 -0.0985890119 3.7788882943 0.0000325217
0.5630000000 1.4437818803 -0.0682852513 1.5102088819 2.6173540088 1.4437818803 -0.0985890085 3.7788882923 0.0001020690
0.5640000000 1.4437817964 -0.0682852598 1.5102088693 2.6173541397 1.4437817964 -0.0985890151 3.7788882615 0.0002395273
0.5650000000 1.4437817202 -0.0682852732 1.5102088477 2.6173542411 1.4437817202 -0.0985890292 3.7788882087 0.0003613870
0.5660000000 1.4437816558 -0.0682852886 1.5102088214 2.6173543133 1.4437816558 -0.0985890471 3.7788881442 0.0004019518
0.5670000000 1.4437816043 -0.0682853046 1.5102087930 2.6173543586 1.4437816043 -0.0985890666 3.7788880748 0.0003331080
0.5680000000 1.4437815633 -0.0682853213 1.5102087624 2.6173543809 1.4437815633 -0.0985890879 3.7788879997 0.0002324596
0.5690000000 1.4437815294 -0.0682853389 1.5102087292 2.6173543860 1.4437815294 -0.0985891110 3.7788879184 0.0002050232
0.5700000000 1.4437815015 -0.0682853550 1.5102086973 2.6173543824 1.4437815015 -0.0985891324 3.7788878401 0.0002589553
0.5710000000 1.4437814810 -0.0682853653 1.5102086734 2.6173543789 1.4437814810 -0.0985891458 3.7788877814 0.0003000196
0.5720000000 1.4437814694 -0.0682853669 1.5102086625 2.6173543811 1.4437814694 -0.0985891473 3.7788877543 0.0002603579
0.5730000000 1.4437814655 -0.0682853602 1.5102086643 2.6173543908 1.4437814655 -0.0985891374 3.7788877580 0.0001936896
0.5740000000 1.4437814673 -0.0682853470 1.5102086763 2.6173544074 1.4437814673 -0.0985891184 3.7788877868 0.0001892537
0.5750000000 1.4437814747 -0.0682853278 1.5102086982 2.6173544306 1.4437814747 -0.0985890913 3.7788878398 0.0001959454
0.5760000000 1.4437814881 -0.0682853027 1.5102087304 2.6173544605 1.4437814881 -0.0985890559 3.7788879179 0.0000846872
0.5770000000 1.4437815044 -0.0682852743 1.5102087688 2.6173544955 1.4437815044 -0.0985890160 3.7788880109 0.0001757512
0.5780000000 1.4437815160 -0.0682852488 1.5102088028 2.6173545317 1.4437815160 -0.0985889800 3.7788880936 0.0004403400
0.5790000000 1.4437815151 -0.0682852322 1.5102088229 2.6173545669 1.4437815151 -0.0985889560 3.7788881421 0.0005112631
0.5800000000 1.4437814989 -0.0682852253 1.5102088278 2.6173546042 1.4437814989 -0.0985889449 3.7788881536 0.0004031206
0.5810000000 1.4437814702 -0.0682852242 1.5102088244 2.6173546503 1.4437814702 -0.0985889413 3.7788881451 0.0003310736
0.5820000000 1.4437814312 -0.0682852257 1.5102088179 2.6173547097 1.4437814312 -0.0985889409 3.7788881288 0.0004012725
0.5830000000 1.4437813798 -0.0682852320 1.5102088046 2.6173547801 1.4437813798 -0.0985889464 3.7788880960 0.0004668779
0.5840000000 1.4437813136 -0.0682852468 1.5102087773 2.6173548539 1.4437813136 -0.0985889633 3.7788880290 0.0003138399
0.5850000000 1.4437812366 -0.0682852697 1.5102087363 2.6173549239 1.4437812366 -0.0985889911 3.7788879286 0.0000461659
0.5860000000 1.4437811607 -0.0682852948 1.5102086917 2.6173549860 1.4437811607 -0.0985890222 3.7788878196 0.0003649582
0.5870000000 1.4437810966 -0.0682853169 1.5102086532 2.6173550368 1.4437810966 -0.0985890497 3.7788877252 0.0004387279
0.5880000000 1.4437810468 -0.0682853365 1.5102086199 2.6173550706 1.4437810468 -0.0985890746 3.7788876438 0.0003461166
0.5890000000 1.4437810082 -0.0682853580 1.5102085851 2.6173550818 1.4437810082 -0.0985891030 3.7788875588 0.0003681911
0.5900000000 1.4437809805 -0.0682853812 1.5102085492 2.6173550713 1.4437809805 -0.0985891347 3.7788874712 0.0006249071
0.5910000000 1.4437809708 -0.0682853987 1.5102085251 2.6173550484 1.4437809708 -0.0985891592 3.7788874127 0.0008411377
0.5920000000 1.4437809856 -0.0682854017 1.5102085268 2.6173550248 1.4437809856 -0.0985891646 3.7788874174 0.0006438132
0.5930000000 1.4437810205 -0.0682853908 1.5102085525 2.6173550052 1.4437810205 -0.0985891513 3.7788874805 0.0001246647
0.5940000000 1.4437810602 -0.0682853761 1.5102085837 2.6173549864 1.4437810602 -0.0985891328 3.7788875572 0.0002759200
0.5950000000 1.4437810918 -0.0682853670 1.5102086043 2.6173549644 1.4437810918 -0.0985891217 3.7788876080 0.0002611067
0.5960000000 1.4437811151 -0.0682853631 1.5102086157 2.6173549415 1.4437811151 -0.0985891177 3.7788876360 0.0000150643
0.5970000000 1.4437811375 -0.0682853582 1.5102086291 2.6173549239 1.4437811375 -0.0985891121 3.7788876692 0.0000146897
0.5980000000 1.4437811607 -0.0682853505 1.5102086471 2.6173549125 1.4437811607 -0.0985891026 3.7788877134 0.0003026308
0.5990000000 1.4437811755 -0.0682853473 1.5102086561 2.6173549010 1.4437811755 -0.0985890990 3.7788877356 0.0006300521
0.6000000000 1.4437811721 -0.0682853569 1.5102086418 2.6173548831 1.4437811721 -0.0985891126 3.7788877009 0.0005723614
0.6010000000 1.4437811513 -0.0682853783 1.5102086062 2.6173548605 1.4437811513 -0.0985891421 3.7788876139 0.0002543373
0.6020000000 1.4437811222 -0.0682854037 1.5102085643 2.6173548424 1.4437811222 -0.0985891768 3.7788875116 0.0001452866
0.6030000000 1.4437810886 -0.0682854286 1.5102085243 2.6173548357 1.4437810886 -0.0985892104 3.7788874139 0.0003980088
0.6040000000 1.4437810431 -0.0682854573 1.5102084779 2.6173548398 1.4437810431 -0.0985892487 3.7788873006 0.0006510861
0.6050000000 1.4437809767 -0.0682854957 1.5102084137 2.6173548515 1.4437809767 -0.0985892997 3.7788871439 0.0005162219
0.6060000000 1.4437808926 -0.0682855414 1.5102083357 2.6173548719 1.4437808926 -0.0985893599 3.7788869532 0.0000722667
0.6070000000 1.4437808053 -0.0682855845 1.5102082620 2.6173549054 1.4437808053 -0.0985894161 3.7788867729 0.0002764853
0.6080000000 1.4437807271 -0.0682856183 1.5102082051 2.6173549507 1.4437807271 -0.0985894596 3.7788866337 0.0003081147
0.6090000000 1.4437806595 -0.0682856455 1.5102081604 2.6173549976 1.4437806595 -0.0985894943 3.7788865246 0.0002485675
0.6100000000 1.4437806001 -0.0682856713 1.5102081183 2.6173550340 1.4437806001 -0.0985895275 3.7788864217 0.0004421429
0.6110000000 1.4437805545 -0.0682856935 1.5102080820 2.6173550553 1.4437805545 -0.0985895564 3.7788863330 0.0008091836
0.6120000000 1.4437805334 -0.0682857045 1.5102080650 2.6173550649 1.4437805334 -0.0985895708 3.7788862916 0.0008285082
0.6130000000 1.4437805374 -0.0682857039 1.5102080683 2.6173550634 1.4437805374 -0.0985895703 3.7788862999 0.0002412148
0.6140000000 1.4437805497 -0.0682857045 1.5102080699 2.6173550439 1.4437805497 -0.0985895720 3.7788863040 0.0003487743
0.6150000000 1.4437805521 -0.0682857190 1.5102080473 2.6173550012 1.4437805521 -0.0985895930 3.7788862488 0.0002716445
0.6160000000 1.4437805458 -0.0682857439 1.5102080063 2.6173549435 1.4437805458 -0.0985896286 3.7788861488 0.0002991794
0.6170000000 1.4437805470 -0.0682857632 1.5102079751 2.6173548886 1.4437805470 -0.0985896566 3.7788860728 0.0004452833
0.6180000000 1.4437805618 -0.0682857703 1.5102079651 2.6173548448 1.4437805618 -0.0985896678 3.7788860484 0.0002763043
0.6190000000 1.4437805703 -0.0682857805 1.5102079486 2.6173548018 1.4437805703 -0.0985896832 3.7788860084 0.0011549727
0.6200000000 1.4437805453 -0.0682858162 1.5102078868 2.6173547425 1.4437805453 -0.0985897329 3.7788858573 0.0010948427
0.6210000000 1.4437804847 -0.0682858789 1.5102077767 2.6173546658 1.4437804847 -0.0985898193 3.7788855879 0.0001480827
0.6220000000 1.4437804170 -0.0682859442 1.5102076598 2.6173545904 1.4437804170 -0.0985899090 3.7788853020 0.0005675074
0.6230000000 1.4437803672 -0.0682859911 1.5102075725 2.6173545328 1.4437803672 -0.0985899733 3.7788850884 0.0001681421
0.6240000000 1.4437803242 -0.0682860280 1.5102074998 2.6173544871 1.4437803242 -0.0985900237 3.7788849100 0.0008284275
0.6250000000 1.4437802562 -0.0682860813 1.5102073960 2.6173544343 1.4437802562 -0.0985900959 3.7788846557 0.0009936772
0.6260000000 1.4437801535 -0.0682861575 1.5102072499 2.6173543725 1.4437801535 -0.0985901989 3.7788842977 0.0000320878
0.6270000000 1.4437800469 -0.0682862295 1.5102071095 2.6173543274 1.4437800469 -0.0985902956 3.7788839535 0.0009465025
0.6280000000 1.4437799715 -0.0682862680 1.5102070279 2.6173543253 1.4437799715 -0.0985903460 3.7788837533 0.0006768119
0.6290000000 1.4437799203 -0.0682862800 1.5102069949 2.6173543617 1.4437799203 -0.0985903599 3.7788836718 0.0006662076
0.6300000000 1.4437798503 -0.0682863043 1.5102069442 2.6173544023 1.4437798503 -0.0985903902 3.7788835472 0.0011498557
0.6310000000 1.4437797406 -0.0682863610 1.5102068396 2.6173544239 1.4437797406 -0.0985904646 3.7788832911 0.0000280826
0.6320000000 1.4437796285 -0.0682864220 1.5102067291 2.6173544397 1.4437796285 -0.0985905450 3.7788830206 0.0015590494
0.6330000000 1.4437795673 -0.0682864452 1.5102066842 2.6173544743 1.4437795673 -0.0985905743 3.7788829105 0.0014644926
0.6340000000 1.4437795544 -0.0682864351 1.5102066957 2.6173545170 1.4437795544 -0.0985905588 3.7788829382 0.0006883685
0.6350000000 1.4437795251 -0.0682864477 1.5102066664 2.6173545201 1.4437795251 -0.0985905750 3.7788828661 0.0018660957
0.6360000000 1.4437794353 -0.0682865218 1.5102065313 2.6173544539 1.4437794353 -0.0985906759 3.7788825354 0.0004256834
0.6370000000 1.4437793257 -0.0682866232 1.5102063527 2.6173543501 1.4437793257 -0.0985908149 3.7788820986 0.0018604959
0.6380000000 1.4437792744 -0.0682866832 1.5102062494 2.6173542683 1.4437792744 -0.0985908979 3.7788818463 0.0020650771
0.6390000000 1.4437792896 -0.0682866903 1.5102062380 2.6173542214 1.4437792896 -0.0985909093 3.7788818184 0.0010404575
0.6400000000 1.4437792805 -0.0682867181 1.5102061896 2.6173541560 1.4437792805 -0.0985909487 3.7788817001 0.0033018060
0.6410000000 1.4437791646 -0.0682868358 1.5102059862 2.6173540218 1.4437791646 -0.0985911108 3.7788812030 0.0015051805
0.6420000000 1.4437789847 -0.0682870079 1.5102056924 2.6173538506 1.4437789847 -0.0985913469 3.7788804849 0.0021275126
0.6430000000 1.4437788758 -0.0682871192 1.5102055062 2.6173537331 1.4437788758 -0.0985915002 3.7788800304 0.0038839024
0.6440000000 1.4437788956 -0.0682871197 1.5102055124 2.6173537080 1.4437788956 -0.0985915023 3.7788800459 0.0000654156
0.6450000000 1.4437789247 -0.0682871098 1.5102055356 2.6173536948 1.4437789247 -0.0985914899 3.7788801030 0.0047711628
0.6460000000 1.4437787998 -0.0682872271 1.5102053365 2.6173535842 1.4437787998 -0.0985916508 3.7788796165 0.0030833391
0.6470000000 1.4437785403 -0.0682874549 1.5102049436 2.6173533895 1.4437785403 -0.0985919620 3.7788786561 0.0027242255
0.6480000000 1.4437783764 -0.0682875985 1.5102046956 2.6173532666 1.4437783764 -0.0985921581 3.7788780498 0.0072460485
0.6490000000 1.4437784764 -0.0682875167 1.5102048417 2.6173533328 1.4437784764 -0.0985920468 3.7788784072 0.0018367297
0.6500000000 1.4437786675 -0.0682873533 1.5102051331 2.6173534803 1.4437786675 -0.0985918240 3.7788791201 0.0084136842
0.6510000000 1.4437785583 -0.0682874331 1.5102049993 2.6173534519 1.4437785583 -0.0985919316 3.7788787933 0.0087078374
0.6520000000 1.4437780076 -0.0682878715 1.5102042355 2.6173531566 1.4437780076 -0.0985925270 3.7788769256 0.0018283051
0.6530000000 1.4437775211 -0.0682882484 1.5102035776 2.6173529243 1.4437775211 -0.0985930379 3.7788753168 0.0150516478
0.6540000000 1.4437777732 -0.0682880046 1.5102040074 2.6173531953 1.4437777732 -0.0985927032 3.7788763680 0.0100295656
0.6550000000 1.4437787403 -0.0682871639 1.5102054830 2.6173539413 1.4437787403 -0.0985915554 3.7788799763 0.0119966526
0.6560000000 1.4437790552 -0.0682868713 1.5102059955 2.6173542385 1.4437790552 -0.0985911545 3.7788812296 0.0250165163
0.6570000000 1.4437768429 -0.0682887035 1.5102027923 2.6173528240 1.4437768429 -0.0985936488 3.7788733970 0.0063876941
0.6580000000 1.4437730917 -0.0682918409 1.5101973133 2.6173503453 1.4437730917 -0.0985979223 3.7788600000 0.0280268789
0.6590000000 1.4437731399 -0.0682918076 1.5101973799 2.6173503711 1.4437731399 -0.0985978775 3.7788601635 0.0296257074
0.6600000000 1.4437855495 -0.0682814245 1.5102155281 2.6173586102 1.4437855495 -0.0985837340 3.7789045392 0.0034888849
0.6610000000 1.4438023254 -0.0682673801 1.5102400580 2.6173697412 1.4438023254 -0.0985646021 3.7789645187 0.0334676839
0.6620000000 1.4437922000 -0.0682758871 1.5102251888 2.6173629145 1.4437922000 -0.0985761932 3.7789281606 0.0248506561
0.6630000000 1.4437101977 -0.0683446486 1.5101050641 2.6173081309 1.4437101977 -0.0986698661 3.7786344390 0.0008579073
0.6640000000 1.4436241709 -0.0684167958 1.5099790490 2.6172506656 1.4436241709 -0.0987681401 3.7783263222 0.0344307830
0.6650000000 1.4437405513 -0.0683192605 1.5101494483 2.6173282743 1.4437405513 -0.0986352869 3.7787429658 0.0203459947
0.6660000000 1.4442675934 -0.0678775365 1.5109213013 2.6176799929 1.4442675934 -0.0980333264 3.7806303835 0.0061634438
0.6670000000 1.4446837862 -0.0675289043 1.5115307695 2.6179576108 1.4446837862 -0.0975579132 3.7821209133 0.0345645824
0.6680000000 1.4436130544 -0.0684258884 1.5099631368 2.6172438676 1.4436130544 -0.0987805058 3.7782874139 0.0159889673
0.6690000000 1.4403245904 -0.0711847125 1.5051502260 2.6150527749 1.4403245904 -0.1025290919 3.7665248170 0.0132041618
0.6700000000 1.4385305587 -0.0726947044 1.5025223431 2.6138525921 1.4385305587 -0.1045735538 3.7601068296 0.0345830106
0.6710000000 1.4471443902 -0.0654523968 1.5151608963 2.6196432516 1.4471443902 -0.0947190689 3.7910020359 0.0116629605
0.6720000000 1.4663974542 -0.0494397759 1.5434414049 2.6325711714 1.4663974542 -0.0724983615 3.8603956637 0.0309066401
0.6730000000 1.4699587163 -0.0465722481 1.5485992559 2.6348306577 1.4699587163 -0.0684592820 3.8730922912 0.0345856950
0.6740000000 1.3991188831 -0.1053865481 1.4463821509 2.5900050061 1.3991188831 -0.1474483094 3.6237249114 0.0109038486
0.6750000000 1.2526196172 -0.2364003642 1.2394630721 2.5016845047 1.2526196172 -0.2961197337 3.1336590866 0.0027379578
0.6760000000 1.1231284704 -0.3658655009 1.0612550145 2.4292030959 1.1231284704 -0.4109139604 2.7283071573 0.0099394496
0.6770000000 1.0499303918 -0.4445491790 0.9640190511 2.3942476138 1.0499303918 -0.4667456937 2.5137933352 0.0138858673
0.6780000000 1.0182861427 -0.4795521616 0.9231920723 2.3815191542 1.0182861427 -0.4883213208 2.4250679532 0.0157838424
0.6790000000 1.0064065991 -0.4928182871 0.9080909251 2.3772103956 1.0064065991 -0.4959755763 2.3924402296 0.0165486897
0.6800000000 1.0022072574 -0.4975235124 0.9027833528 2.3757524881 1.0022072574 -0.4986216748 2.3809963855 0.0168240546
0.6810000000 1.0007555992 -0.4991519769 0.9009523139 2.3752565206 1.0007555992 -0.4995291358 2.3770512625 0.0169160694
0.6820000000 1.0002577534 -0.4997106883 0.9003247994 2.3750873796 1.0002577534 -0.4998394904 2.3756995664 0.0169367797
0.6830000000 1.0000875430 -0.4999017350 0.9001103077 2.3750296629 1.0000875430 -0.4999454979 2.3752375801 0.0169120146
0.6840000000 1.0000294692 -0.4999669211 0.9000371316 2.3750099836 1.0000294692 -0.4999816547 2.3750799732 0.0168106792
0.6850000000 1.0000097271 -0.4999890813 0.9000122562 2.3750032952 1.0000097271 -0.4999939448 2.3750263971 0.0165076916
0.6860000000 1.0000030807 -0.4999965419 0.9000038817 2.3750010436 1.0000030807 -0.4999980823 2.3750083603 0.0156478046
0.6870000000 1.0000009026 -0.4999989868 0.9000011373 2.3750003058 1.0000009026 -0.4999994381 2.3750024494 0.0133854816
0.6880000000 1.0000002354 -0.4999997357 0.9000002966 2.3750000797 1.0000002354 -0.4999998535 2.3750006389 0.0087669514
0.6890000000 1.0000000549 -0.4999999384 0.9000000692 2.3750000186 1.0000000549 -0.4999999658 2.3750001490 0.0036337394
0.6900000000 1.0000000121 -0.4999999865 0.9000000152 2.3750000041 1.0000000121 -0.4999999925 2.3750000327 0.0010065554
0.6910000000 1.0000000026 -0.4999999971 0.9000000033 2.3750000009 1.0000000026 -0.4999999984 2.3750000070 0.0002313046
0.6920000000 1.0000000006 -0.4999999994 0.9000000007 2.3750000002 1.0000000006 -0.4999999997 2.3750000015 0.0000502319
0.6930000000 1.0000000001 -0.4999999999 0.9000000001 2.3750000000 1.0000000001 -0.4999999999 2.3750000003 0.0000107598
0.6940000000 1.0000000000 -0.5000000000 0.9000000000 2.3750000000 1.0000000000 -0.5000000000 2.3750000001 0.0000022980
0.6950000000 1.0000000000 -0.5000000000 0.9000000000 2.3750000000 1.0000000000 -0.5000000000 2.3750000000 0.0000004904
0.6960000000 1.0000000000 -0.5000000000 0.9000000000 2.3750000000 1.0000000000 -0.5000000000 2.3750000000 0.0000001047
0.6970000000 1.0000000000 -0.5000000000 0.9000000000 2.3750000000 1.0000000000 -0.5000000000 2.3750000000 0.0000000222
0.6980000000 1.0000000000 -0.5000000000 0.9000000000 2.3750000000 1.0000000000 -0.5000000000 2.3750000000 0.0000000049
0.6990000000 1.0000000000 -0.5000000000 0.9000000000 2.3750000000 1.0000000000 -0.5000000000 2.3750000000 0.0000000010
0.7000000000 1.0000000000 -0.5000000000 0.9000000000 2.3750000000 1.0000000000 -0.5000000000 2.3750000000 0.0000000003
0.7010000000 1.0000000000 -0.5000000000 0.9000000000 2.3750000000 1.0000000000 -0.5000000000 2.3750000000 0.0000000000
0.7020000000 1.0000000000 -0.5000000000 0.9000000000 2.3750000000 1.0000000000 -0.5000000000 2.3750000000 0.0000000000
0.7030000000 1.0000000000 -0.5000000000 0.9000000000 2.3750000000 1.0000000000 -0.5000000000 2.3750000000 0.0000000000
0.7040000000 1.0000000000 -0.5000000000 0.9000000000 2.3750000000 1.0000000000 -0.5000000000 2.3750000000 0.0000000000
0.7050000000 1.0000000000 -0.5000000000 0.9000000000 2.3750000000 1.0000000000 -0.5000000000 2.3750000000 0.0000000000
0.7060000000 1.0000000000 -0.5000000000 0.9000000000 2.3750000000 1.0000000000 -0.5000000000 2.3750000000 0.0000000000
0.7070000000 1.0000000000 -0.5000000000 0.9000000000 2.3750000000 1.0000000000 -0.5000000000 2.3750000000 0.0000000000
0.7080000000 1.0000000000 -0.5000000000 0.9000000000 2.3750000000 1.0000000000 -0.5000000000 2.3750000000 0.0000000000
0.7090000000 1.0000000000 -0.5000000000 0.9000000000 2.3750000000 1.0000000000 -0.5000000000 2.3750000000 0.0000000000
0.7100000000 1.0000000000 -0.5000000000 0.9000000000 2.3750000000 1.0000000000 -0.5000000000 2.3750000000 0.0000000000
0.7110000000 1.0000000000 -0.5000000000 0.9000000000 2.3750000000 1.0000000000 -0.5000000000 2.3750000000 0.0000000000
0.7120000000 1.0000000000 -0.5000000000 0.9000000000 2.3750000000 1.0000000000 -0.5000000000 2.3750000000 0.0000000000
0.7130000000 1.0000000000 -0.5000000000 0.9000000000 2.3750000000 1.0000000000 -0.5000000000 2.3750000000 0.0000000000
0.7140000000 1.0000000000 -0.5000000000 0.9000000000 2.3750000000 1.0000000000 -0.5000000000 2.3750000000 0.0000000000
0.7150000000 1.0000000000 -0.5000000000 0.9000000000 2.3750000000 1.0000000000 -0.5000000000 2.3750000000 0.0000000000
0.7160000000 1.0000000000 -0.5000000000 0.9000000000 2.3750000000 1.0000000000 -0.5000000000 2.3750000000 0.0000000000
0.7170000000 1.0000000000 -0.5000000000 0.9000000000 2.3750000000 1.0000000000 -0.5000000000 2.3750000000 0.0000000000
0.7180000000 1.0000000000 -0.5000000000 0.9000000000 2.3750000000 1.0000000000 -0.5000000000 2.3750000000 0.0000000000
0.7190000000 1.0000000000 -0.5000000000 0.9000000000 2.3750000000 1.0000000000 -0.5000000000 2.3750000000 0.0000000000
0.7200000000 1.0000000000 -0.5000000000 0.9000000000 2.3750000000 1.0000000000 -0.5000000000 2.3750000000 0.0000000000
0.7210000000 1.0000000000 -0.5000000000 0.9000000000 2.3750000000 1.0000000000 -0.5000000000 2.3750000000 0.0000000000
0.7220000000 1.0000000000 -0.5000000000 0.9000000000 2.3750000000 1.0000000000 -0.5000000000 2.3750000000 0.0000000000
0.7230000000 1.0000000000 -0.5000000000 0.9000000000 2.3750000000 1.0000000000 -0.5000000000 2.3750000000 0.0000000000
0.7240000000 1.0000000000 -0.5000000000 0.9000000000 2.3750000000 1.0000000000 -0.5000000000 2.3750000000 0.0000000000
0.7250000000 1.0000000000 -0.5000000000 0.9000000000 2.3750000000 1.0000000000 -0.5000000000 2.3750000000 0.0000000000
0.7260000000 1.0000000000 -0.5000000000 0.9000000000 2.3750000000 1.0000000000 -0.5000000000 2.3750000000 0.0000000000
0.7270000000 1.0000000000 -0.5000000000 0.9000000000 2.3750000000 1.0000000000 -0.5000000000 2.3750000000 0.0000000000
0.7280000000 1.0000000000 -0.5000000000 0.9000000000 2.3750000000 1.0000000000 -0.5000000000 2.3750000000 0.0000000000
0.7290000000 1.0000000000 -0.5000000000 0.9000000000 2.3750000000 1.0000000000 -0.5000000000 2.3750000000 0.0000000000
0.7300000000 1.0000000000 -0.5000000000 0.9000000000 2.3750000000 1.0000000000 -0.5000000000 2.3750000000 0.0000000000
0.7310000000 1.0000000000 -0.5000000000 0.9000000000 2.3750000000 1.0000000000 -0.5000000000 2.3750000000 0.0000000000
0.7320000000 1.0000000000 -0.5000000000 0.9000000000 2.3750000000 1.0000000000 -0.5000000000 2.3750000000 0.0000000000
0.7330000000 1.0000000000 -0.5000000000 0.9000000000 2.3750000000 1.0000000000 -0.5000000000 2.3750000000 0.0000000000
0.7340000000 1.0000000000 -0.5000000000 0.9000000000 2.3750000000 1.0000000000 -0.5000000000 2.3750000000 0.0000000000
0.7350000000 1.0000000000 -0.5000000000 0.9000000000 2.3750000000 1.0000000000 -0.5000000000 2.3750000000 0.0000000000
0.7360000000 1.0000000000 -0.5000000000 0.9000000000 2.3750000000 1.0000000000 -0.5000000000 2.3750000000 0.0000000000
0.7370000000 1.0000000000 -0.5000000000 0.9000000000 2.3750000000 1.0000000000 -0.5000000000 2.3750000000 0.0000000000
0.7380000000 1.0000000000 -0.5000000000 0.9000000000 2.3750000000 1.0000000000 -0.5000000000 2.3750000000 0.0000000000
0.7390000000 1.0000000000 -0.5000000000 0.9000000000 2.3750000000 1.0000000000 -0.5000000000 2.3750000000 0.0000000000
0.7400000000 1.0000000000 -0.5000000000 0.9000000000 2.3750000000 1.0000000000 -0.5000000000 2.3750000000 0.0000000000
0.7410000000 1.0000000000 -0.5000000000 0.9000000000 2.3750000000 1.0000000000 -0.5000000000 2.3750000000 0.0000000000
0.7420000000 1.0000000000 -0.5000000000 0.9000000000 2.3750000000 1.0000000000 -0.5000000000 2.3750000000 0.0000000000
0.7430000000 1.0000000000 -0.5000000000 0.9000000000 2.3750000000 1.0000000000 -0.5000000000 2.3750000000 0.0000000000
0.7440000000 1.0000000000 -0.5000000000 0.9000000000 2.3750000000 1.0000000000 -0.5000000000 2.3750000000 0.0000000000
0.7450000000 1.0000000000 -0.5000000000 0.9000000000 2.3750000000 1.0000000000 -0.5000000000 2.3750000000 0.0000000000
0.7460000000 1.0000000000 -0.5000000000 0.9000000000 2.3750000000 1.0000000000 -0.5000000000 2.3750000000 0.0000000000
0.7470000000 1.0000000000 -0.5000000000 0.9000000000 2.3750000000 1.0000000000 -0.5000000000 2.3750000000 0.0000000000
0.7480000000 1.0000000000 -0.5000000000 0.9000000000 2.3750000000 1.0000000000 -0.5000000000 2.3750000000 0.0000000000
0.7490000000 1.0000000000 -0.5000000000 0.9000000000 2.3750000000 1.0000000000 -0.5000000000 2.3750000000 0.0000000000
0.7500000000 1.0000000000 -0.5000000000 0.9000000000 2.3750000000 1.0000000000 -0.5000000000 2.3750000000 0.0000000000
0.7510000000 1.0000000000 -0.5000000000 0.9000000000 2.3750000000 1.0000000000 -0.5000000000 2.3750000000 0.0000000000
0.7520000000 1.0000000000 -0.5000000000 0.9000000000 2.3750000000 1.0000000000 -0.5000000000 2.3750000000 0.0000000000
0.7530000000 1.0000000000 -0.5000000000 0.9000000000 2.3750000000 1.0000000000 -0.5000000000 2.3750000000 0.0000000000
0.7540000000 1.0000000000 -0.5000000000 0.9000000000 2.3750000000 1.0000000000 -0.5000000000 2.3750000000 0.0000000000
0.7550000000 1.0000000000 -0.5000000000 0.9000000000 2.3750000000 1.0000000000 -0.5000000000 2.3750000000 0.0000000000
0.7560000000 1.0000000000 -0.5000000000 0.9000000000 2.3750000000 1.0000000000 -0.5000000000 2.3750000000 0.0000000000
0.7570000000 1.0000000000 -0.5000000000 0.9000000000 2.3750000000 1.0000000000 -0.5000000000 2.3750000000 0.0000000000
0.7580000000 1.0000000000 -0.5000000000 0.9000000000 2.3750000000 1.0000000000 -0.5000000000 2.3750000000 0.0000000000
0.7590000000 1.0000000000 -0.5000000000 0.9000000000 2.3750000000 1.0000000000 -0.5000000000 2.3750000000 0.0000000000
0.7600000000 1.0000000000 -0.5000000000 0.9000000000 2.3750000000 1.0000000000 -0.5000000000 2.3750000000 0.0000000000
0.7610000000 1.0000000000 -0.5000000000 0.9000000000 2.3750000000 1.0000000000 -0.5000000000 2.3750000000 0.0000000000
0.7620000000 1.0000000000 -0.5000000000 0.9000000000 2.3750000000 1.0000000000 -0.5000000000 2.3750000000 0.0000000000
0.7630000000 1.0000000000 -0.5000000000 0.9000000000 2.3750000000 1.0000000000 -0.5000000000 2.3750000000 0.0000000000
0.7640000000 1.0000000000 -0.5000000000 0.9000000000 2.3750000000 1.0000000000 -0.5000000000 2.3750000000 0.0000000000
0.7650000000 1.0000000000 -0.5000000000 0.9000000000 2.3750000000 1.0000000000 -0.5000000000 2.3750000000 0.0000000000
0.7660000000 1.0000000000 -0.5000000000 0.9000000000 2.3750000000 1.0000000000 -0.5000000000 2.3750000000 0.0000000000
0.7670000000 1.0000000000 -0.5000000000 0.9000000000 2.3750000000 1.0000000000 -0.5000000000 2.3750000000 0.0000000000
0.7680000000 1.0000000000 -0.5000000000 0.9000000000 2.3750000000 1.0000000000 -0.5000000000 2.3750000000 0.0000000000
0.7690000000 1.0000000000 -0.5000000000 0.9000000000 2.3750000000 1.0000000000 -0.5000000000 2.3750000000 0.0000000000
0.7700000000 1.0000000000 -0.5000000000 0.9000000000 2.3750000000 1.0000000000 -0.5000000000 2.3750000000 0.0000000000
0.7710000000 1.0000000000 -0.5000000000 0.9000000000 2.3750000000 1.0000000000 -0.5000000000 2.3750000000 0.0000000000
0.7720000000 1.0000000000 -0.5000000000 0.9000000000 2.3750000000 1.0000000000 -0.5000000000 2.3750000000 0.0000000000
0.7730000000 1.0000000000 -0.5000000000 0.9000000000 2.3750000000 1.0000000000 -0.5000000000 2.3750000000 0.0000000000
0.7740000000 1.0000000000 -0.5000000000 0.9000000000 2.3750000000 1.0000000000 -0.5000000000 2.3750000000 0.0000000000
0.7750000000 1.0000000000 -0.5000000000 0.9000000000 2.3750000000 1.0000000000 -0.5000000000 2.3750000000 0.0000000000
0.7760000000 1.0000000000 -0.5000000000 0.9000000000 2.3750000000 1.0000000000 -0.5000000000 2.3750000000 0.0000000000
0.7770000000 1.0000000000 -0.5000000000 0.9000000000 2.3750000000 1.0000000000 -0.5000000000 2.3750000000 0.0000000000
0.7780000000 1.0000000000 -0.5000000000 0.9000000000 2.3750000000 1.0000000000 -0.5000000000 2.3750000000 0.0000000000
0.7790000000 1.0000000000 -0.5000000000 0.9000000000 2.3750000000 1.0000000000 -0.5000000000 2.3750000000 0.0000000000
0.7800000000 1.0000000000 -0.5000000000 0.9000000000 2.3750000000 1.0000000000 -0.5000000000 2.3750000000 0.0000000000
0.7810000000 1.0000000000 -0.5000000000 0.9000000000 2.3750000000 1.0000000000 -0.5000000000 2.3750000000 0.0000000000
0.7820000000 1.0000000000 -0.5000000000 0.9000000000 2.3750000000 1.0000000000 -0.5000000000 2.3750000000 0.0000000000
0.7830000000 1.0000000000 -0.5000000000 0.9000000000 2.3750000000 1.0000000000 -0.5000000000 2.3750000000 0.0000000000
0.7840000000 1.0000000000 -0.5000000000 0.9000000000 2.3750000000 1.0000000000 -0.5000000000 2.3750000000 0.0000000000
0.7850000000 1.0000000000 -0.5000000000 0.9000000000 2.3750000000 1.0000000000 -0.5000000000 2.3750000000 0.0000000000
0.7860000000 1.0000000000 -0.5000000000 0.9000000000 2.3750000000 1.0000000000 -0.5000000000 2.3750000000 0.0000000000
0.7870000000 1.0000000000 -0.5000000000 0.9000000000 2.3750000000 1.0000000000 -0.5000000000 2.3750000000 0.0000000000
0.7880000000 1.0000000000 -0.5000000000 0.9000000000 2.3750000000 1.0000000000 -0.5000000000 2.3750000000 0.0000000000
0.7890000000 1.0000000000 -0.5000000000 0.9000000000 2.3750000000 1.0000000000 -0.5000000000 2.3750000000 0.0000000000
0.7900000000 1.0000000000 -0.5000000000 0.9000000000 2.3750000000 1.0000000000 -0.5000000000 2.3750000000 0.0000000000
0.7910000000 1.0000000000 -0.5000000000 0.9000000000 2.3750000000 1.0000000000 -0.5000000000 2.3750000000 0.0000000000
0.7920000000 1.0000000000 -0.5000000000 0.9000000000 2.3750000000 1.0000000000 -0.5000000000 2.3750000000 0.0000000000
0.7930000000 1.0000000000 -0.5000000000 0.9000000000 2.3750000000 1.0000000000 -0.5000000000 2.3750000000 0.0000000000
0.7940000000 1.0000000000 -0.5000000000 0.9000000000 2.3750000000 1.0000000000 -0.5000000000 2.3750000000 0.0000000000
0.7950000000 1.0000000000 -0.5000000000 0.9000000000 2.3750000000 1.0000000000 -0.5000000000 2.3750000000 0.0000000000
0.7960000000 1.0000000000 -0.5000000000 0.9000000000 2.3750000000 1.0000000000 -0.5000000000 2.3750000000 0.0000000000
0.7970000000 1.0000000000 -0.5000000000 0.9000000000 2.3750000000 1.0000000000 -0.5000000000 2.3750000000 0.0000000000
0.7980000000 1.0000000000 -0.5000000000 0.9000000000 2.3750000000 1.0000000000 -0.5000000000 2.3750000000 0.0000000000
0.7990000000 1.0000000000 -0.5000000000 0.9000000000 2.3750000000 1.0000000000 -0.5000000000 2.3750000000 0.0000000000
0.8000000000 1.0000000000 -0.5000000000 0.9000000000 2.3750000000 1.0000000000 -0.5000000000 2.3750000000 0.0000000000
0.8010000000 1.0000000000 -0.5000000000 0.9000000000 2.3750000000 1.0000000000 -0.5000000000 2.3750000000 0.0000000000
0.8020000000 1.0000000000 -0.5000000000 0.9000000000 2.3750000000 1.0000000000 -0.5000000000 2.3750000000 0.0000000000
0.8030000000 1.0000000000 -0.5000000000 0.9000000000 2.3750000000 1.0000000000 -0.5000000000 2.3750000000 0.0000000000
0.8040000000 1.0000000000 -0.5000000000 0.9000000000 2.3750000000 1.0000000000 -0.5000000000 2.3750000000 0.0000000000
0.8050000000 1.0000000000 -0.5000000000 0.9000000000 2.3750000000 1.0000000000 -0.5000000000 2.3750000000 0.0000000000
0.8060000000 1.0000000000 -0.5000000000 0.9000000000 2.3750000000 1.0000000000 -0.5000000000 2.3750000000 0.0000000000
0.8070000000 1.0000000000 -0.5000000000 0.9000000000 2.3750000000 1.0000000000 -0.5000000000 2.3750000000 0.0000000000
0.8080000000 1.0000000000 -0.5000000000 0.9000000000 2.3750000000 1.0000000000 -0.5000000000 2.3750000000 0.0000000000
0.8090000000 1.0000000000 -0.5000000000 0.9000000000 2.3750000000 1.0000000000 -0.5000000000 2.3750000000 0.0000000000
0.8100000000 1.0000000000 -0.5000000000 0.9000000000 2.3750000000 1.0000000000 -0.5000000000 2.3750000000 0.0000000000
0.8110000000 1.0000000000 -0.5000000000 0.9000000000 2.3750000000 1.0000000000 -0.5000000000 2.3750000000 0.0000000000
0.8120000000 1.0000000000 -0.5000000000 0.9000000000 2.3750000000 1.0000000000 -0.5000000000 2.3750000000 0.0000000000
0.8130000000 1.0000000000 -0.5000000000 0.9000000000 2.3750000000 1.0000000000 -0.5000000000 2.3750000000 0.0000000000
0.8140000000 1.0000000000 -0.5000000000 0.9000000000 2.3750000000 1.0000000000 -0.5000000000 2.3750000000 0.0000000000
0.8150000000 1.0000000000 -0.5000000000 0.9000000000 2.3750000000 1.0000000000 -0.5000000000 2.3750000000 0.0000000000
0.8160000000 1.0000000000 -0.5000000000 0.9000000000 2.3750000000 1.0000000000 -0.5000000000 2.3750000000 0.0000000000
0.8170000000 1.0000000000 -0.5000000000 0.9000000000 2.3750000000 1.0000000000 -0.5000000000 2.3750000000 0.0000000000
0.8180000000 1.0000000000 -0.5000000000 0.9000000000 2.3750000000 1.0000000000 -0.5000000000 2.3750000000 0.0000000000
0.8190000000 1.0000000000 -0.5000000000 0.9000000000 2.3750000000 1.0000000000 -0.5000000000 2.3750000000 0.0000000000
0.8200000000 1.0000000000 -0.5000000000 0.9000000000 2.3750000000 1.0000000000 -0.5000000000 2.3750000000 0.0000000000
0.8210000000 1.0000000000 -0.5000000000 0.9000000000 2.3750000000 1.0000000000 -0.5000000000 2.3750000000 0.0000000000
0.8220000000 1.0000000000 -0.5000000000 0.9000000000 2.3750000000 1.0000000000 -0.5000000000 2.3750000000 0.0000000000
0.8230000000 1.0000000000 -0.5000000000 0.9000000000 2.3750000000 1.0000000000 -0.5000000000 2.3750000000 0.0000000000
0.8240000000 1.0000000000 -0.5000000000 0.9000000000 2.3750000000 1.0000000000 -0.5000000000 2.3750000000 0.0000000000
0.8250000000 1.0000000000 -0.5000000000 0.9000000000 2.3750000000 1.0000000000 -0.5000000000 2.3750000000 0.0000000000
0.8260000000 1.0000000000 -0.5000000000 0.9000000000 2.3750000000 1.0000000000 -0.5000000000 2.3750000000 0.0000000000
0.8270000000 1.0000000000 -0.5000000000 0.9000000000 2.3750000000 1.0000000000 -0.5000000000 2.3750000000 0.0000000000
0.8280000000 1.0000000000 -0.5000000000 0.9000000000 2.3750000000 1.0000000000 -0.5000000000 2.3750000000 0.0000000000
0.8290000000 1.0000000000 -0.5000000000 0.9000000000 2.3750000000 1.0000000000 -0.5000000000 2.3750000000 0.0000000000
0.8300000000 1.0000000000 -0.5000000000 0.9000000000 2.3750000000 1.0000000000 -0.5000000000 2.3750000000 0.0000000000
0.8310000000 1.0000000000 -0.5000000000 0.9000000000 2.3750000000 1.0000000000 -0.5000000000 2.3750000000 0.0000000000
0.8320000000 1.0000000000 -0.5000000000 0.9000000000 2.3750000000 1.0000000000 -0.5000000000 2.3750000000 0.0000000000
0.8330000000 1.0000000000 -0.5000000000 0.9000000000 2.3750000000 1.0000000000 -0.5000000000 2.3750000000 0.0000000000
0.8340000000 1.0000000000 -0.5000000000 0.9000000000 2.3750000000 1.0000000000 -0.5000000000 2.3750000000 0.0000000000
0.8350000000 1.0000000000 -0.5000000000 0.9000000000 2.3750000000 1.0000000000 -0.5000000000 2.3750000000 0.0000000000
0.8360000000 1.0000000000 -0.5000000000 0.9000000000 2.3750000000 1.0000000000 -0.5000000000 2.3750000000 0.0000000000
0.8370000000 1.0000000000 -0.5000000000 0.9000000000 2.3750000000 1.0000000000 -0.5000000000 2.3750000000 0.0000000000
0.8380000000 1.0000000000 -0.5000000000 0.9000000000 2.3750000000 1.0000000000 -0.5000000000 2.3750000000 0.0000000000
0.8390000000 1.0000000000 -0.5000000000 0.9000000000 2.3750000000 1.0000000000 -0.5000000000 2.3750000000 0.0000000000
0.8400000000 1.0000000000 -0.5000000000 0.9000000000 2.3750000000 1.0000000000 -0.5000000000 2.3750000000 0.0000000000
0.8410000000 1.0000000000 -0.5000000000 0.9000000000 2.3750000000 1.0000000000 -0.5000000000 2.3750000000 0.0000000000
0.8420000000 1.0000000000 -0.5000000000 0.9000000000 2.3750000000 1.0000000000 -0.5000000000 2.3750000000 0.0000000000
0.8430000000 1.0000000000 -0.5000000000 0.9000000000 2.3750000000 1.0000000000 -0.5000000000 2.3750000000 0.0000000000
0.8440000000 1.0000000000 -0.5000000000 0.9000000000 2.3750000000 1.0000000000 -0.5000000000 2.3750000000 0.0000000000
0.8450000000 1.0000000000 -0.5000000000 0.9000000000 2.3750000000 1.0000000000 -0.5000000000 2.3750000000 0.0000000000
0.8460000000 1.0000000000 -0.5000000000 0.9000000000 2.3750000000 1.0000000000 -0.5000000000 2.3750000000 0.0000000000
0.8470000000 1.0000000000 -0.5000000000 0.9000000000 2.3750000000 1.0000000000 -0.5000000000 2.3750000000 0.0000000000
0.8480000000 1.0000000000 -0.5000000000 0.9000000000 2.3750000000 1.0000000000 -0.5000000000 2.3750000000 0.0000000000
0.8490000000 1.0000000000 -0.5000000000 0.9000000000 2.3750000000 1.0000000000 -0.5000000000 2.3750000000 0.0000000000
0.8500000000 1.0000000000 -0.5000000000 0.9000000000 2.3750000000 1.0000000000 -0.5000000000 2.3750000000 0.0000000000
0.8510000000 1.0000000000 -0.5000000000 0.9000000000 2.3750000000 1.0000000000 -0.5000000000 2.3750000000 0.0000000000
0.8520000000 1.0000000000 -0.5000000000 0.9000000000 2.3750000000 1.0000000000 -0.5000000000 2.3750000000 0.0000000000
0.8530000000 1.0000000000 -0.5000000000 0.9000000000 2.3750000000 1.0000000000 -0.5000000000 2.3750000000 0.0000000000
0.8540000000 1.0000000000 -0.5000000000 0.9000000000 2.3750000000 1.0000000000 -0.5000000000 2.3750000000 0.0000000000
0.8550000000 1.0000000000 -0.5000000000 0.9000000000 2.3750000000 1.0000000000 -0.5000000000 2.3750000000 0.0000000000
0.8560000000 1.0000000000 -0.5000000000 0.9000000000 2.3750000000 1.0000000000 -0.5000000000 2.3750000000 0.0000000000
0.8570000000 1.0000000000 -0.5000000000 0.9000000000 2.3750000000 1.0000000000 -0.5000000000 2.3750000000 0.0000000000
0.8580000000 1.0000000000 -0.5000000000 0.9000000000 2.3750000000 1.0000000000 -0.5000000000 2.3750000000 0.0000000000
0.8590000000 1.0000000000 -0.5000000000 0.9000000000 2.3750000000 1.0000000000 -0.5000000000 2.3750000000 0.0000000000
0.8600000000 1.0000000000 -0.5000000000 0.9000000000 2.3750000000 1.0000000000 -0.5000000000 2.3750000000 0.0000000000
0.8610000000 1.0000000000 -0.5000000000 0.9000000000 2.3750000000 1.0000000000 -0.5000000000 2.3750000000 0.0000000000
0.8620000000 1.0000000000 -0.5000000000 0.9000000000 2.3750000000 1.0000000000 -0.5000000000 2.3750000000 0.0000000000
0.8630000000 1.0000000000 -0.5000000000 0.9000000000 2.3750000000 1.0000000000 -0.5000000000 2.3750000000 0.0000000000
0.8640000000 1.0000000000 -0.5000000000 0.9000000000 2.3750000000 1.0000000000 -0.5000000000 2.3750000000 0.0000000000
0.8650000000 1.0000000000 -0.5000000000 0.9000000000 2.3750000000 1.0000000000 -0.5000000000 2.3750000000 0.0000000000
0.8660000000 1.0000000000 -0.5000000000 0.9000000000 2.3750000000 1.0000000000 -0.5000000000 2.3750000000 0.0000000000
0.8670000000 1.0000000000 -0.5000000000 0.9000000000 2.3750000000 1.0000000000 -0.5000000000 2.3750000000 0.0000000000
0.8680000000 1.0000000000 -0.5000000000 0.9000000000 2.3750000000 1.0000000000 -0.5000000000 2.3750000000 0.0000000000
0.8690000000 1.0000000000 -0.5000000000 0.9000000000 2.3750000000 1.0000000000 -0.5000000000 2.3750000000 0.0000000000
0.8700000000 1.0000000000 -0.5000000000 0.9000000000 2.3750000000 1.0000000000 -0.5000000000 2.3750000000 0.0000000000
0.8710000000 1.0000000000 -0.5000000000 0.9000000000 2.3750000000 1.0000000000 -0.5000000000 2.3750000000 0.0000000000
0.8720000000 1.0000000000 -0.5000000000 0.9000000000 2.3750000000 1.0000000000 -0.5000000000 2.3750000000 0.0000000000
0.8730000000 1.0000000000 -0.5000000000 0.9000000000 2.3750000000 1.0000000000 -0.5000000000 2.3750000000 0.0000000000
0.8740000000 1.0000000000 -0.5000000000 0.9000000000 2.3750000000 1.0000000000 -0.5000000000 2.3750000000 0.0000000000
0.8750000000 1.0000000000 -0.5000000000 0.9000000000 2.3750000000 1.0000000000 -0.5000000000 2.3750000000 0.0000000000
0.8760000000 1.0000000000 -0.5000000000 0.9000000000 2.3750000000 1.0000000000 -0.5000000000 2.3750000000 0.0000000000
0.8770000000 1.0000000000 -0.5000000000 0.9000000000 2.3750000000 1.0000000000 -0.5000000000 2.3750000000 0.0000000000
0.8780000000 1.0000000000 -0.5000000000 0.9000000000 2.3750000000 1.0000000000 -0.5000000000 2.3750000000 0.0000000000
0.8790000000 1.0000000000 -0.5000000000 0.9000000000 2.3750000000 1.0000000000 -0.5000000000 2.3750000000 0.0000000000
0.8800000000 1.0000000000 -0.5000000000 0.9000000000 2.3750000000 1.0000000000 -0.5000000000 2.3750000000 0.0000000000
0.8810000000 1.0000000000 -0.5000000000 0.9000000000 2.3750000000 1.0000000000 -0.5000000000 2.3750000000 0.0000000000
0.8820000000 1.0000000000 -0.5000000000 0.9000000000 2.3750000000 1.0000000000 -0.5000000000 2.3750000000 0.0000000000
0.8830000000 1.0000000000 -0.5000000000 0.9000000000 2.3750000000 1.0000000000 -0.5000000000 2.3750000000 0.0000000000
0.8840000000 1.0000000000 -0.5000000000 0.9000000000 2.3750000000 1.0000000000 -0.5000000000 2.3750000000 0.0000000000
0.8850000000 1.0000000000 -0.5000000000 0.9000000000 2.3750000000 1.0000000000 -0.5000000000 2.3750000000 0.0000000000
0.8860000000 1.0000000000 -0.5000000000 0.9000000000 2.3750000000 1.0000000000 -0.5000000000 2.3750000000 0.0000000000
0.8870000000 1.0000000000 -0.5000000000 0.9000000000 2.3750000000 1.0000000000 -0.5000000000 2.3750000000 0.0000000000
0.8880000000 1.0000000000 -0.5000000000 0.9000000000 2.3750000000 1.0000000000 -0.5000000000 2.3750000000 0.0000000000
0.8890000000 1.0000000000 -0.5000000000 0.9000000000 2.3750000000 1.0000000000 -0.5000000000 2.3750000000 0.0000000000
0.8900000000 1.0000000000 -0.5000000000 0.9000000000 2.3750000000 1.0000000000 -0.5000000000 2.3750000000 0.0000000000
0.8910000000 1.0000000000 -0.5000000000 0.9000000000 2.3750000000 1.0000000000 -0.5000000000 2.3750000000 0.0000000000
0.8920000000 1.0000000000 -0.5000000000 0.9000000000 2.3750000000 1.0000000000 -0.5000000000 2.3750000000 0.0000000000
0.8930000000 1.0000000000 -0.5000000000 0.9000000000 2.3750000000 1.0000000000 -0.5000000000 2.3750000000 0.0000000000
0.8940000000 1.0000000000 -0.5000000000 0.9000000000 2.3750000000 1.0000000000 -0.5000000000 2.3750000000 0.0000000000
0.8950000000 1.0000000000 -0.5000000000 0.9000000000 2.3750000000 1.0000000000 -0.5000000000 2.3750000000 0.0000000000
0.8960000000 1.0000000000 -0.5000000000 0.9000000000 2.3750000000 1.0000000000 -0.5000000000 2.3750000000 0.0000000000
0.8970000000 1.0000000000 -0.5000000000 0.9000000000 2.3750000000 1.0000000000 -0.5000000000 2.3750000000 0.0000000000
0.8980000000 1.0000000000 -0.5000000000 0.9000000000 2.3750000000 1.0000000000 -0.5000000000 2.3750000000 0.0000000000
0.8990000000 1.0000000000 -0.5000000000 0.9000000000 2.3750000000 1.0000000000 -0.5000000000 2.3750000000 0.0000000000
0.9000000000 1.0000000000 -0.5000000000 0.9000000000 2.3750000000 1.0000000000 -0.5000000000 2.3750000000 0.0000000000
0.9010000000 1.0000000000 -0.5000000000 0.9000000000 2.3750000000 1.0000000000 -0.5000000000 2.3750000000 0.0000000000
0.9020000000 1.0000000000 -0.5000000000 0.9000000000 2.3750000000 1.0000000000 -0.5000000000 2.3750000000 0.0000000000
0.9030000000 1.0000000000 -0.5000000000 0.9000000000 2.3750000000 1.0000000000 -0.5000000000 2.3750000000 0.0000000000
0.9040000000 1.0000000000 -0.5000000000 0.9000000000 2.3750000000 1.0000000000 -0.5000000000 2.3750000000 0.0000000000
0.9050000000 1.0000000000 -0.5000000000 0.9000000000 2.3750000000 1.0000000000 -0.5000000000 2.3750000000 0.0000000000
0.9060000000 1.0000000000 -0.5000000000 0.9000000000 2.3750000000 1.0000000000 -0.5000000000 2.3750000000 0.0000000000
0.9070000000 1.0000000000 -0.5000000000 0.9000000000 2.3750000000 1.0000000000 -0.5000000000 2.3750000000 0.0000000000
0.9080000000 1.0000000000 -0.5000000000 0.9000000000 2.3750000000 1.0000000000 -0.5000000000 2.3750000000 0.0000000000
0.9090000000 1.0000000000 -0.5000000000 0.9000000000 2.3750000000 1.0000000000 -0.5000000000 2.3750000000 0.0000000000
0.9100000000 1.0000000000 -0.5000000000 0.9000000000 2.3750000000 1.0000000000 -0.5000000000 2.3750000000 0.0000000000
0.9110000000 1.0000000000 -0.5000000000 0.9000000000 2.3750000000 1.0000000000 -0.5000000000 2.3750000000 0.0000000000
0.9120000000 1.0000000000 -0.5000000000 0.9000000000 2.3750000000 1.0000000000 -0.5000000000 2.3750000000 0.0000000000
0.9130000000 1.0000000000 -0.5000000000 0.9000000000 2.3750000000 1.0000000000 -0.5000000000 2.3750000000 0.0000000000
0.9140000000 1.0000000000 -0.5000000000 0.9000000000 2.3750000000 1.0000000000 -0.5000000000 2.3750000000 0.0000000000
0.9150000000 1.0000000000 -0.5000000000 0.9000000000 2.3750000000 1.0000000000 -0.5000000000 2.3750000000 0.0000000000
0.9160000000 1.0000000000 -0.5000000000 0.9000000000 2.3750000000 1.0000000000 -0.5000000000 2.3750000000 0.0000000000
0.9170000000 1.0000000000 -0.5000000000 0.9000000000 2.3750000000 1.0000000000 -0.5000000000 2.3750000000 0.0000000000
0.9180000000 1.0000000000 -0.5000000000 0.9000000000 2.3750000000 1.0000000000 -0.5000000000 2.3750000000 0.0000000000
0.9190000000 1.0000000000 -0.5000000000 0.9000000000 2.3750000000 1.0000000000 -0.5000000000 2.3750000000 0.0000000000
0.9200000000 1.0000000000 -0.5000000000 0.9000000000 2.3750000000 1.0000000000 -0.5000000000 2.3750000000 0.0000000000
0.9210000000 1.0000000000 -0.5000000000 0.9000000000 2.3750000000 1.0000000000 -0.5000000000 2.3750000000 0.0000000000
0.9220000000 1.0000000000 -0.5000000000 0.9000000000 2.3750000000 1.0000000000 -0.5000000000 2.3750000000 0.0000000000
0.9230000000 1.0000000000 -0.5000000000 0.9000000000 2.3750000000 1.0000000000 -0.5000000000 2.3750000000 0.0000000000
0.9240000000 1.0000000000 -0.5000000000 0.9000000000 2.3750000000 1.0000000000 -0.5000000000 2.3750000000 0.0000000000
0.9250000000 1.0000000000 -0.5000000000 0.9000000000 2.3750000000 1.0000000000 -0.5000000000 2.3750000000 0.0000000000
0.9260000000 1.0000000000 -0.5000000000 0.9000000000 2.3750000000 1.0000000000 -0.5000000000 2.3750000000 0.0000000000
0.9270000000 1.0000000000 -0.5000000000 0.9000000000 2.3750000000 1.0000000000 -0.5000000000 2.3750000000 0.0000000000
0.9280000000 1.0000000000 -0.5000000000 0.9000000000 2.3750000000 1.0000000000 -0.5000000000 2.3750000000 0.0000000000
0.9290000000 1.0000000000 -0.5000000000 0.9000000000 2.3750000000 1.0000000000 -0.5000000000 2.3750000000 0.0000000000
0.9300000000 1.0000000000 -0.5000000000 0.9000000000 2.3750000000 1.0000000000 -0.5000000000 2.3750000000 0.0000000000
0.9310000000 1.0000000000 -0.5000000000 0.9000000000 2.3750000000 1.0000000000 -0.5000000000 2.3750000000 0.0000000000
0.9320000000 1.0000000000 -0.5000000000 0.9000000000 2.3750000000 1.0000000000 -0.5000000000 2.3750000000 0.0000000000
0.9330000000 1.0000000000 -0.5000000000 0.9000000000 2.3750000000 1.0000000000 -0.5000000000 2.3750000000 0.0000000000
0.9340000000 1.0000000000 -0.5000000000 0.9000000000 2.3750000000 1.0000000000 -0.5000000000 2.3750000000 0.0000000000
0.9350000000 1.0000000000 -0.5000000000 0.9000000000 2.3750000000 1.0000000000 -0.5000000000 2.3750000000 0.0000000000
0.9360000000 1.0000000000 -0.5000000000 0.9000000000 2.3750000000 1.0000000000 -0.5000000000 2.3750000000 0.0000000000
0.9370000000 1.0000000000 -0.5000000000 0.9000000000 2.3750000000 1.0000000000 -0.5000000000 2.3750000000 0.0000000000
0.9380000000 1.0000000000 -0.5000000000 0.9000000000 2.3750000000 1.0000000000 -0.5000000000 2.3750000000 0.0000000000
0.9390000000 1.0000000000 -0.5000000000 0.9000000000 2.3750000000 1.0000000000 -0.5000000000 2.3750000000 0.0000000000
0.9400000000 1.0000000000 -0.5000000000 0.9000000000 2.3750000000 1.0000000000 -0.5000000000 2.3750000000 0.0000000000
0.9410000000 1.0000000000 -0.5000000000 0.9000000000 2.3750000000 1.0000000000 -0.5000000000 2.3750000000 0.0000000000
0.9420000000 1.0000000000 -0.5000000000 0.9000000000 2.3750000000 1.0000000000 -0.5000000000 2.3750000000 0.0000000000
0.9430000000 1.0000000000 -0.5000000000 0.9000000000 2.3750000000 1.0000000000 -0.5000000000 2.3750000000 0.0000000000
0.9440000000 1.0000000000 -0.5000000000 0.9000000000 2.3750000000 1.0000000000 -0.5000000000 2.3750000000 0.0000000000
0.9450000000 1.0000000000 -0.5000000000 0.9000000000 2.3750000000 1.0000000000 -0.5000000000 2.3750000000 0.0000000000
0.9460000000 1.0000000000 -0.5000000000 0.9000000000 2.3750000000 1.0000000000 -0.5000000000 2.3750000000 0.0000000000
0.9470000000 1.0000000000 -0.5000000000 0.9000000000 2.3750000000 1.0000000000 -0.5000000000 2.3750000000 0.0000000000
0.9480000000 1.0000000000 -0.5000000000 0.9000000000 2.3750000000 1.0000000000 -0.5000000000 2.3750000000 0.0000000000
0.9490000000 1.0000000000 -0.5000000000 0.9000000000 2.3750000000 1.0000000000 -0.5000000000 2.3750000000 0.0000000000
0.9500000000 1.0000000000 -0.5000000000 0.9000000000 2.3750000000 1.0000000000 -0.5000000000 2.3750000000 0.0000000000
0.9510000000 1.0000000000 -0.5000000000 0.9000000000 2.3750000000 1.0000000000 -0.5000000000 2.3750000000 0.0000000000
0.9520000000 1.0000000000 -0.5000000000 0.9000000000 2.3750000000 1.0000000000 -0.5000000000 2.3750000000 0.0000000000
0.9530000000 1.0000000000 -0.5000000000 0.9000000000 2.3750000000 1.0000000000 -0.5000000000 2.3750000000 0.0000000000
0.9540000000 1.0000000000 -0.5000000000 0.9000000000 2.3750000000 1.0000000000 -0.5000000000 2.3750000000 0.0000000000
0.9550000000 1.0000000000 -0.5000000000 0.9000000000 2.3750000000 1.0000000000 -0.5000000000 2.3750000000 0.0000000000
0.9560000000 1.0000000000 -0.5000000000 0.9000000000 2.3750000000 1.0000000000 -0.5000000000 2.3750000000 0.0000000000
0.9570000000 1.0000000000 -0.5000000000 0.9000000000 2.3750000000 1.0000000000 -0.5000000000 2.3750000000 0.0000000000
0.9580000000 1.0000000000 -0.5000000000 0.9000000000 2.3750000000 1.0000000000 -0.5000000000 2.3750000000 0.0000000000
0.9590000000 1.0000000000 -0.5000000000 0.9000000000 2.3750000000 1.0000000000 -0.5000000000 2.3750000000 0.0000000000
0.9600000000 1.0000000000 -0.5000000000 0.9000000000 2.3750000000 1.0000000000 -0.5000000000 2.3750000000 0.0000000000
0.9610000000 1.0000000000 -0.5000000000 0.9000000000 2.3750000000 1.0000000000 -0.5000000000 2.3750000000 0.0000000000
0.9620000000 1.0000000000 -0.5000000000 0.9000000000 2.3750000000 1.0000000000 -0.5000000000 2.3750000000 0.0000000000
0.9630000000 1.0000000000 -0.5000000000 0.9000000000 2.3750000000 1.0000000000 -0.5000000000 2.3750000000 0.0000000000
0.9640000000 1.0000000000 -0.5000000000 0.9000000000 2.3750000000 1.0000000000 -0.5000000000 2.3750000000 0.0000000000
0.9650000000 1.0000000000 -0.5000000000 0.9000000000 2.3750000000 1.0000000000 -0.5000000000 2.3750000000 0.0000000000
0.9660000000 1.0000000000 -0.5000000000 0.9000000000 2.3750000000 1.0000000000 -0.5000000000 2.3750000000 0.0000000000
0.9670000000 1.0000000000 -0.5000000000 0.9000000000 2.3750000000 1.0000000000 -0.5000000000 2.3750000000 0.0000000000
0.9680000000 1.0000000000 -0.5000000000 0.9000000000 2.3750000000 1.0000000000 -0.5000000000 2.3750000000 0.0000000000
0.9690000000 1.0000000000 -0.5000000000 0.9000000000 2.3750000000 1.0000000000 -0.5000000000 2.3750000000 0.0000000000
0.9700000000 1.0000000000 -0.5000000000 0.9000000000 2.3750000000 1.0000000000 -0.5000000000 2.3750000000 0.0000000000
0.9710000000 1.0000000000 -0.5000000000 0.9000000000 2.3750000000 1.0000000000 -0.5000000000 2.3750000000 0.0000000000
0.9720000000 1.0000000000 -0.5000000000 0.9000000000 2.3750000000 1.0000000000 -0.5000000000 2.3750000000 0.0000000000
0.9730000000 1.0000000000 -0.5000000000 0.9000000000 2.3750000000 1.0000000000 -0.5000000000 2.3750000000 0.0000000000
0.9740000000 1.0000000000 -0.5000000000 0.9000000000 2.3750000000 1.0000000000 -0.5000000000 2.3750000000 0.0000000000
0.9750000000 1.0000000000 -0.5000000000 0.9000000000 2.3750000000 1.0000000000 -0.5000000000 2.3750000000 0.0000000000
0.9760000000 1.0000000000 -0.5000000000 0.9000000000 2.3750000000 1.0000000000 -0.5000000000 2.3750000000 0.0000000000
0.9770000000 1.0000000000 -0.5000000000 0.9000000000 2.3750000000 1.0000000000 -0.5000000000 2.3750000000 0.0000000000
0.9780000000 1.0000000000 -0.5000000000 0.9000000000 2.3750000000 1.0000000000 -0.5000000000 2.3750000000 0.0000000000
0.9790000000 1.0000000000 -0.5000000000 0.9000000000 2.3750000000 1.0000000000 -0.5000000000 2.3750000000 0.0000000000
0.9800000000 1.0000000000 -0.5000000000 0.9000000000 2.3750000000 1.0000000000 -0.5000000000 2.3750000000 0.0000000000
0.9810000000 1.0000000000 -0.5000000000 0.9000000000 2.3750000000 1.0000000000 -0.5000000000 2.3750000000 0.0000000000
0.9820000000 1.0000000000 -0.5000000000 0.9000000000 2.3750000000 1.0000000000 -0.5000000000 2.3750000000 0.0000000000
0.9830000000 1.0000000000 -0.5000000000 0.9000000000 2.3750000000 1.0000000000 -0.5000000000 2.3750000000 0.0000000000
0.9840000000 1.0000000000 -0.5000000000 0.9000000000 2.3750000000 1.0000000000 -0.5000000000 2.3750000000 0.0000000000
0.9850000000 1.0000000000 -0.5000000000 0.9000000000 2.3750000000 1.0000000000 -0.5000000000 2.3750000000 0.0000000000
0.9860000000 1.0000000000 -0.5000000000 0.9000000000 2.3750000000 1.0000000000 -0.5000000000 2.3750000000 0.0000000000
0.9870000000 1.0000000000 -0.5000000000 0.9000000000 2.3750000000 1.0000000000 -0.5000000000 2.3750000000 0.0000000000
0.9880000000 1.0000000000 -0.5000000000 0.9000000000 2.3750000000 1.0000000000 -0.5000000000 2.3750000000 0.0000000000
0.9890000000 1.0000000000 -0.5000000000 0.9000000000 2.3750000000 1.0000000000 -0.5000000000 2.3750000000 0.0000000000
0.9900000000 1.0000000000 -0.5000000000 0.9000000000 2.3750000000 1.0000000000 -0.5000000000 2.3750000000 0.0000000000
0.9910000000 1.0000000000 -0.5000000000 0.9000000000 2.3750000000 1.0000000000 -0.5000000000 2.3750000000 0.0000000000
0.9920000000 1.0000000000 -0.5000000000 0.9000000000 2.3750000000 1.0000000000 -0.5000000000 2.3750000000 0.0000000000
0.9930000000 1.0000000000 -0.5000000000 0.9000000000 2.3750000000 1.0000000000 -0.5000000000 2.3750000000 0.0000000000
0.9940000000 1.0000000000 -0.5000000000 0.9000000000 2.3750000000 1.0000000000 -0.5000000000 2.3750000000 0.0000000000
0.9950000000 1.0000000000 -0.5000000000 0.9000000000 2.3750000000 1.0000000000 -0.5000000000 2.3750000000 0.0000000000
0.9960000000 1.0000000000 -0.5000000000 0.9000000000 2.3750000000 1.0000000000 -0.5000000000 2.3750000000 0.0000000000
0.9970000000 1.0000000000 -0.5000000000 0.9000000000 2.3750000000 1.0000000000 -0.5000000000 2.3750000000 0.0000000000
0.9980000000 1.0000000000 -0.5000000000 0.9000000000 2.3750000000 1.0000000000 -0.5000000000 2.3750000000 0.0000000000
0.9990000000 1.0000000000 -0.5000000000 0.9000000000 2.3750000000 1.0000000000 -0.5000000000 2.3750000000 0.0000000000
1.0000000000 1.0000000000 -0.5000000000 0.9000000000 2.3750000000 1.0000000000 -0.5000000000 2.3750000000 0.0000000000
