TITLE = "1D Euler Filtered MacCormack Result"
VARIABLES = "x", "rho", "u", "p", "E", "rho_conserved", "rhou", "rhoE", "nu"
ZONE T="t=0.16000000", I=1001, F=POINT
0.0000000000 0.4450000000 0.6980000000 3.5280000000 20.0638267191 0.4450000000 0.3106100000 8.9284028900 0.0000000000
0.0010000000 0.4450000000 0.6980000000 3.5280000000 20.0638267191 0.4450000000 0.3106100000 8.9284028900 0.0000000000
0.0020000000 0.4450000000 0.6980000000 3.5280000000 20.0638267191 0.4450000000 0.3106100000 8.9284028900 0.0000000000
0.0030000000 0.4450000000 0.6980000000 3.5280000000 20.0638267191 0.4450000000 0.3106100000 8.9284028900 0.0000000000
0.0040000000 0.4450000000 0.6980000000 3.5280000000 20.0638267191 0.4450000000 0.3106100000 8.9284028900 0.0000000000
0.0050000000 0.4450000000 0.6980000000 3.5280000000 20.0638267191 0.4450000000 0.3106100000 8.9284028900 0.0000000000
0.0060000000 0.4450000000 0.6980000000 3.5280000000 20.0638267191 0.4450000000 0.3106100000 8.9284028900 0.0000000000
0.0070000000 0.4450000000 0.6980000000 3.5280000000 20.0638267191 0.4450000000 0.3106100000 8.9284028900 0.0000000000
0.0080000000 0.4450000000 0.6980000000 3.5280000000 20.0638267191 0.4450000000 0.3106100000 8.9284028900 0.0000000000
0.0090000000 0.4450000000 0.6980000000 3.5280000000 20.0638267191 0.4450000000 0.3106100000 8.9284028900 0.0000000001
0.0100000000 0.4450000000 0.6980000000 3.5280000000 20.0638267191 0.4450000000 0.3106100000 8.9284028900 0.0000000002
0.0110000000 0.4450000000 0.6980000000 3.5280000000 20.0638267191 0.4450000000 0.3106100000 8.9284028900 0.0000000004
0.0120000000 0.4450000000 0.6980000000 3.5280000000 20.0638267191 0.4450000000 0.3106100000 8.9284028900 0.0000000006
0.0130000000 0.4450000000 0.6980000000 3.5280000000 20.0638267191 0.4450000000 0.3106100000 8.9284028900 0.0000000013
0.0140000000 0.4450000000 0.6980000000 3.5280000000 20.0638267191 0.4450000000 0.3106100000 8.9284028900 0.0000000027
0.0150000000 0.4450000000 0.6980000000 3.5280000000 20.0638267191 0.4450000000 0.3106100000 8.9284028900 0.0000000049
0.0160000000 0.4450000000 0.6980000000 3.5280000000 20.0638267191 0.4450000000 0.3106100000 8.9284028900 0.0000000093
0.0170000000 0.4450000000 0.6980000000 3.5280000000 20.0638267191 0.4450000000 0.3106100000 8.9284028900 0.0000000180
0.0180000000 0.4450000000 0.6980000000 3.5280000000 20.0638267191 0.4450000000 0.3106100000 8.9284028900 0.0000000339
0.0190000000 0.4450000000 0.6980000000 3.5280000000 20.0638267191 0.4450000000 0.3106100000 8.9284028900 0.0000000636
0.0200000000 0.4450000000 0.6980000000 3.5280000000 20.0638267191 0.4450000000 0.3106100000 8.9284028900 0.0000001181
0.0210000000 0.4450000000 0.6980000000 3.5280000000 20.0638267191 0.4450000000 0.3106100000 8.9284028900 0.0000002189
0.0220000000 0.4450000000 0.6980000000 3.5280000000 20.0638267191 0.4450000000 0.3106100000 8.9284028900 0.0000004023
0.0230000000 0.4450000000 0.6980000000 3.5280000000 20.0638267191 0.4450000000 0.3106100000 8.9284028899 0.0000007347
0.0240000000 0.4450000000 0.6980000000 3.5279999999 20.0638267190 0.4450000000 0.3106100000 8.9284028899 0.0000013334
0.0250000000 0.4450000000 0.6980000001 3.5279999999 20.0638267190 0.4450000000 0.3106100000 8.9284028898 0.0000024025
0.0260000000 0.4450000000 0.6980000001 3.5279999998 20.0638267189 0.4450000000 0.3106100000 8.9284028896 0.0000042992
0.0270000000 0.4450000000 0.6980000002 3.5279999997 20.0638267187 0.4450000000 0.3106100001 8.9284028893 0.0000076401
0.0280000000 0.4449999999 0.6980000004 3.5279999994 20.0638267184 0.4449999999 0.3106100001 8.9284028887 0.0000134809
0.0290000000 0.4449999999 0.6980000007 3.5279999990 20.0638267179 0.4449999999 0.3106100002 8.9284028876 0.0000236154
0.0300000000 0.4449999998 0.6980000012 3.5279999982 20.0638267170 0.4449999998 0.3106100004 8.9284028857 0.0000410612
0.0310000000 0.4449999997 0.6980000022 3.5279999967 20.0638267154 0.4449999997 0.3106100008 8.9284028825 0.0000708435
0.0320000000 0.4449999995 0.6980000039 3.5279999943 20.0638267126 0.4449999995 0.3106100014 8.9284028768 0.0001212271
0.0330000000 0.4449999991 0.6980000067 3.5279999900 20.0638267078 0.4449999991 0.3106100024 8.9284028669 0.0002055989
0.0340000000 0.4449999984 0.6980000116 3.5279999827 20.0638266995 0.4449999984 0.3106100041 8.9284028501 0.0003452098
0.0350000000 0.4449999973 0.6980000200 3.5279999704 20.0638266855 0.4449999973 0.3106100070 8.9284028215 0.0005728470
0.0360000000 0.4449999954 0.6980000341 3.5279999495 20.0638266618 0.4449999954 0.3106100120 8.9284027731 0.0009370023
0.0370000000 0.4449999923 0.6980000577 3.5279999145 20.0638266221 0.4449999923 0.3106100203 8.9284026923 0.0015048251
0.0380000000 0.4449999871 0.6980000967 3.5279998566 20.0638265564 0.4449999871 0.3106100340 8.9284025583 0.0023597148
0.0390000000 0.4449999785 0.6980001608 3.5279997616 20.0638264486 0.4449999785 0.3106100566 8.9284023386 0.0035865696
0.0400000000 0.4449999646 0.6980002647 3.5279996075 20.0638262739 0.4449999646 0.3106100931 8.9284019824 0.0052382824
0.0410000000 0.4449999424 0.6980004310 3.5279993610 20.0638259943 0.4449999424 0.3106101516 8.9284014124 0.0072885722
0.0420000000 0.4449999074 0.6980006934 3.5279989721 20.0638255531 0.4449999074 0.3106102439 8.9284005130 0.0095993640
0.0430000000 0.4449998529 0.6980011011 3.5279983675 20.0638248674 0.4449998529 0.3106103873 8.9283991150 0.0119416109
0.0440000000 0.4449997695 0.6980017253 3.5279974421 20.0638238176 0.4449997695 0.3106106069 8.9283969750 0.0140738438
0.0450000000 0.4449996438 0.6980026669 3.5279960463 20.0638222343 0.4449996438 0.3106109381 8.9283937472 0.0158267707
0.0460000000 0.4449994567 0.6980040675 3.5279939697 20.0638198788 0.4449994567 0.3106114308 8.9283889453 0.0171375869
0.0470000000 0.4449991819 0.6980061251 3.5279909192 20.0638164186 0.4449991819 0.3106121546 8.9283818913 0.0180293704
0.0480000000 0.4449987827 0.6980091133 3.5279864891 20.0638113934 0.4449987827 0.3106132058 8.9283716469 0.0185693362
0.0490000000 0.4449982091 0.6980134080 3.5279801221 20.0638041711 0.4449982091 0.3106147165 8.9283569236 0.0188347662
0.0500000000 0.4449973926 0.6980195211 3.5279710592 20.0637938909 0.4449973926 0.3106168668 8.9283359662 0.0188948195
0.0510000000 0.4449962408 0.6980281440 3.5279582755 20.0637793902 0.4449962408 0.3106199000 8.9283064048 0.0188044264
0.0520000000 0.4449946303 0.6980402015 3.5279403998 20.0637591136 0.4449946303 0.3106241414 8.9282650686 0.0186044505
0.0530000000 0.4449923973 0.6980569193 3.5279156153 20.0637310005 0.4449923973 0.3106300220 8.9282077564 0.0183241579
0.0540000000 0.4449893272 0.6980799046 3.5278815394 20.0636923483 0.4449893272 0.3106381071 8.9281289585 0.0179840371
0.0550000000 0.4449851414 0.6981112430 3.5278350804 20.0636396505 0.4449851414 0.3106491301 8.9280215261 0.0175982296
0.0560000000 0.4449794825 0.6981536102 3.5277722720 20.0635684089 0.4449794825 0.3106640322 8.9278762878 0.0171764068
0.0570000000 0.4449718975 0.6982103989 3.5276880855 20.0634729204 0.4449718975 0.3106840060 8.9276816157 0.0167251446
0.0580000000 0.4449618190 0.6982858575 3.5275762245 20.0633460450 0.4449618190 0.3107105453 8.9274229509 0.0162489053
0.0590000000 0.4449485458 0.6983852365 3.5274289081 20.0631789605 0.4449485458 0.3107454954 8.9270823034 0.0157507338
0.0600000000 0.4449312237 0.6985149349 3.5272366551 20.0629609181 0.4449312237 0.3107911047 8.9266377518 0.0152327517
0.0610000000 0.4449088266 0.6986826371 3.5269880817 20.0626790150 0.4449088266 0.3108500722 8.9260629784 0.0146965131
0.0620000000 0.4448801420 0.6988974275 3.5266697347 20.0623180066 0.4448801420 0.3109255868 8.9253268832 0.0141432659
0.0630000000 0.4448437607 0.6991698656 3.5262659815 20.0618601850 0.4448437607 0.3110213524 8.9243933323 0.0135741476
0.0640000000 0.4447980746 0.6995120074 3.5257589833 20.0612853527 0.4447980746 0.3111415940 8.9232210988 0.0129903349
0.0650000000 0.4447412835 0.6999373519 3.5251287789 20.0605709226 0.4447412835 0.3112910362 8.9217640590 0.0123931612
0.0660000000 0.4446714148 0.7004607002 3.5243535006 20.0596921702 0.4446714148 0.3114748505 8.9199716975 0.0117842056
0.0670000000 0.4445863564 0.7010979129 3.5234097423 20.0586226590 0.4445863564 0.3116985666 8.9177899629 0.0111653588
0.0680000000 0.4444839037 0.7018655622 3.5222730844 20.0573348465 0.4444839037 0.3119679449 8.9151624895 0.0105388668
0.0690000000 0.4443618199 0.7027804828 3.5209187714 20.0558008624 0.4443618199 0.3122888143 8.9120321704 0.0099073505
0.0700000000 0.4442179088 0.7038592364 3.5193225164 20.0539934337 0.4442179088 0.3126668781 8.9083430259 0.0092738012
0.0710000000 0.4440500945 0.7051175171 3.5174613934 20.0518869063 0.4440500945 0.3131075001 8.9040422750 0.0086415525
0.0720000000 0.4438565044 0.7065695346 3.5153147613 20.0494583020 0.4438565044 0.3136154837 8.8990824764 0.0080142261
0.0730000000 0.4436355491 0.7082274191 3.5128651515 20.0466883313 0.4436355491 0.3141948600 8.8934235862 0.0073956563
0.0740000000 0.4433859930 0.7101006945 3.5100990501 20.0435622805 0.4433859930 0.3148487016 8.8870347660 0.0067897930
0.0750000000 0.4431070090 0.7121958655 3.5070075061 20.0400706988 0.4431070090 0.3155789798 8.8798957876 0.0062005902
0.0760000000 0.4427982134 0.7145161516 3.5035865157 20.0362098231 0.4427982134 0.3163864754 8.8719979127 0.0056318846
0.0770000000 0.4424596778 0.7170613921 3.4998371469 20.0319817047 0.4424596778 0.3172707525 8.8633441711 0.0050872711
0.0780000000 0.4420919171 0.7198281274 3.4957653993 20.0273940303 0.4420919171 0.3182301969 8.8539490216 0.0045699826
0.0790000000 0.4416958550 0.7228098449 3.4913818154 20.0224596591 0.4416958550 0.3192621124 8.8438374375 0.0040827825
0.0800000000 0.4412727710 0.7259973644 3.4867008851 20.0171959228 0.4412727710 0.3203628687 8.8330435118 0.0036278748
0.0810000000 0.4408242341 0.7293793257 3.4817402993 20.0116237571 0.4408242341 0.3215280826 8.8216087163 0.0032068395
0.0820000000 0.4403520285 0.7329427351 3.4765201196 20.0057667396 0.4403520285 0.3227528202 8.8095799663 0.0028205955
0.0830000000 0.4398580774 0.7366735274 3.4710619283 19.9996501103 0.4398580774 0.3240318014 8.7970076458 0.0024693950
0.0840000000 0.4393443703 0.7405571047 3.4653880197 19.9932998429 0.4393443703 0.3253595948 8.7839437291 0.0021528478
0.0850000000 0.4388128983 0.7445788200 3.4595206771 19.9867418190 0.4388128983 0.3267307900 8.7704401059 0.0018699739
0.0860000000 0.4382655997 0.7487243844 3.4534815682 19.9800011414 0.4382655997 0.3281401414 8.7565471831 0.0016192800
0.0870000000 0.4377043172 0.7529801874 3.4472912741 19.9731016026 0.4377043172 0.3295826788 8.7423127988 0.0013988533
0.0880000000 0.4371307674 0.7573335271 3.4409689546 19.9660653106 0.4371307674 0.3310537859 8.7277814521 0.0012064665
0.0890000000 0.4365465225 0.7617727563 3.4345321396 19.9589124603 0.4365465225 0.3325492477 8.7129938276 0.0010396847
0.0900000000 0.4359530003 0.7662873551 3.4279966314 19.9516612312 0.4359530003 0.3340652716 8.6979865751 0.0008959695
0.0910000000 0.4353514638 0.7708679430 3.4213764954 19.9443277864 0.4353514638 0.3355984874 8.6827922964 0.0007727727
0.0920000000 0.4347430259 0.7755062447 3.4146841202 19.9369263482 0.4347430259 0.3371459314 8.6674396881 0.0006676150
0.0930000000 0.4341286590 0.7801950242 3.4079303230 19.9294693262 0.4341286590 0.3387050196 8.6519537931 0.0005781487
0.0940000000 0.4335092067 0.7849279977 3.4011244856 19.9219674776 0.4335092067 0.3402735137 8.6363563179 0.0005022025
0.0950000000 0.4328853975 0.7896997370 3.3942747032 19.9144300820 0.4328853975 0.3418494846 8.6206659820 0.0004378092
0.0960000000 0.4322578579 0.7945055695 3.3873879369 19.9068651182 0.4322578579 0.3434312756 8.6048988729 0.0003832186
0.0970000000 0.4316271258 0.7993414814 3.3804701611 19.8992794352 0.4316271258 0.3450174662 8.5890687889 0.0003368985
0.0980000000 0.4309936630 0.8042040274 3.3735264994 19.8916789093 0.4309936630 0.3466068396 8.5731875568 0.0002975254
0.0990000000 0.4303578657 0.8090902484 3.3665613493 19.8840685866 0.4303578657 0.3481983525 8.5572653191 0.0002639703
0.1000000000 0.4297200748 0.8139975991 3.3595784902 19.8764528080 0.4297200748 0.3497911092 8.5413107870 0.0002352790
0.1010000000 0.4290805839 0.8189238851 3.3525811785 19.8688353176 0.4290805839 0.3513843388 8.5253314602 0.0002106520
0.1020000000 0.4284396472 0.8238672079 3.3455722288 19.8612193554 0.4284396472 0.3529773759 8.5093338145 0.0001894236
0.1030000000 0.4277974852 0.8288259199 3.3385540821 19.8536077355 0.4277974852 0.3545696442 8.4933234610 0.0001710419
0.1040000000 0.4271542898 0.8337985850 3.3315288640 19.8460029126 0.4271542898 0.3561606424 8.4773052799 0.0001550510
0.1050000000 0.4265102292 0.8387839465 3.3244984328 19.8384070362 0.4265102292 0.3577499333 8.4612835325 0.0001410745
0.1060000000 0.4258654510 0.8437809000 3.3174644197 19.8308219973 0.4258654510 0.3593371336 8.4452619543 0.0001288021
0.1070000000 0.4252200855 0.8487884707 3.3104282626 19.8232494661 0.4252200855 0.3609219061 8.4292438329 0.0001179774
0.1080000000 0.4245742480 0.8538057949 3.3033912339 19.8156909241 0.4245742480 0.3625039533 8.4132320727 0.0001083883
0.1090000000 0.4239280411 0.8588321041 3.2963544637 19.8081476906 0.4239280411 0.3640830115 8.3972292487 0.0000998587
0.1100000000 0.4232815564 0.8638667118 3.2893189598 19.8006209448 0.4232815564 0.3656588463 8.3812376522 0.0000922419
0.1110000000 0.4226348760 0.8689090028 3.2822856236 19.7931117448 0.4226348760 0.3672312486 8.3652593280 0.0000854150
0.1120000000 0.4219880735 0.8739584238 3.2752552639 19.7856210428 0.4219880735 0.3688000316 8.3492961070 0.0000792749
0.1130000000 0.4213412154 0.8790144754 3.2682286091 19.7781496989 0.4213412154 0.3703650275 8.3333496330 0.0000737344
0.1140000000 0.4206943619 0.8840767059 3.2612063165 19.7706984921 0.4206943619 0.3719260856 8.3174213855 0.0000687194
0.1150000000 0.4200475673 0.8891447048 3.2541889810 19.7632681300 0.4200475673 0.3734830702 8.3015126996 0.0000641669
0.1160000000 0.4194008813 0.8942180990 3.2471771425 19.7558592572 0.4194008813 0.3750358587 8.2856247825 0.0000600228
0.1170000000 0.4187543489 0.8992965475 3.2401712919 19.7484724622 0.4187543489 0.3765843402 8.2697587283 0.0000562405
0.1180000000 0.4181080116 0.9043797388 3.2331718769 19.7411082838 0.4181080116 0.3781284143 8.2539155304 0.0000527800
0.1190000000 0.4174619069 0.9094673870 3.2261793060 19.7337672164 0.4174619069 0.3796679896 8.2380960923 0.0000496064
0.1200000000 0.4168160696 0.9145592294 3.2191939535 19.7264497145 0.4168160696 0.3812029834 8.2223012371 0.0000466892
0.1210000000 0.4161705315 0.9196550241 3.2122161622 19.7191561970 0.4161705315 0.3827333202 8.2065317159 0.0000440019
0.1220000000 0.4155253220 0.9247545478 3.2052462471 19.7118870507 0.4155253220 0.3842589313 8.1907882149 0.0000415214
0.1230000000 0.4148804682 0.9298575941 3.1982844979 19.7046426332 0.4148804682 0.3857797540 8.1750713618 0.0000392272
0.1240000000 0.4142359951 0.9349639716 3.1913311817 19.6974232763 0.4142359951 0.3872957312 8.1593817316 0.0000371012
0.1250000000 0.4135919259 0.9400735028 3.1843865446 19.6902292877 0.4135919259 0.3888068105 8.1437198516 0.0000351275
0.1260000000 0.4129482820 0.9451860227 3.1774508142 19.6830609537 0.4129482820 0.3903129442 8.1280862053 0.0000332920
0.1270000000 0.4123050835 0.9503013774 3.1705242012 19.6759185409 0.4123050835 0.3918140888 8.1124812371 0.0000315821
0.1280000000 0.4116623490 0.9554194236 3.1636069005 19.6688022981 0.4116623490 0.3933102042 8.0969053555 0.0000299866
0.1290000000 0.4110200957 0.9605400272 3.1566990929 19.6617124578 0.4110200957 0.3948012539 8.0813589358 0.0000284956
0.1300000000 0.4103783398 0.9656630628 3.1498009463 19.6546492373 0.4103783398 0.3962872045 8.0658423236 0.0000271000
0.1310000000 0.4097370964 0.9707884130 3.1429126167 19.6476128405 0.4097370964 0.3977680256 8.0503558370 0.0000257917
0.1320000000 0.4090963796 0.9759159674 3.1360342493 19.6406034585 0.4090963796 0.3992436891 8.0348997687 0.0000245636
0.1330000000 0.4084562027 0.9810456224 3.1291659790 19.6336212707 0.4084562027 0.4007141695 8.0194743885 0.0000234091
0.1340000000 0.4078165779 0.9861772804 3.1223079319 19.6266664463 0.4078165779 0.4021794436 8.0040799448 0.0000223222
0.1350000000 0.4071775169 0.9913108494 3.1154602253 19.6197391441 0.4071775169 0.4036394901 7.9887166662 0.0000212976
0.1360000000 0.4065390306 0.9964462428 3.1086229688 19.6128395142 0.4065390306 0.4050942896 7.9733847635 0.0000203303
0.1370000000 0.4059011293 1.0015833785 3.1017962648 19.6059676980 0.4059011293 0.4065438245 7.9580844306 0.0000194161
0.1380000000 0.4052638228 1.0067221790 3.0949802089 19.5991238295 0.4052638228 0.4079880787 7.9428158461 0.0000185507
0.1390000000 0.4046271200 1.0118625708 3.0881748906 19.5923080352 0.4046271200 0.4094270378 7.9275791741 0.0000177306
0.1400000000 0.4039910296 1.0170044841 3.0813803938 19.5855204349 0.4039910296 0.4108606886 7.9123745657 0.0000169522
0.1410000000 0.4033555597 1.0221478528 3.0745967967 19.5787611423 0.4033555597 0.4122890193 7.8972021598 0.0000162125
0.1420000000 0.4027207181 1.0272926138 3.0678241731 19.5720302654 0.4027207181 0.4137120192 7.8820620836 0.0000155087
0.1430000000 0.4020865120 1.0324387072 3.0610625919 19.5653279067 0.4020865120 0.4151296786 7.8669544542 0.0000148380
0.1440000000 0.4014529483 1.0375860757 3.0543121178 19.5586541636 0.4014529483 0.4165419892 7.8518793786 0.0000141982
0.1450000000 0.4008200335 1.0427346648 3.0475728116 19.5520091290 0.4008200335 0.4179489433 7.8368369547 0.0000135868
0.1460000000 0.4001877740 1.0478844221 3.0408447305 19.5453928916 0.4001877740 0.4193505343 7.8218272723 0.0000130019
0.1470000000 0.3995561755 1.0530352977 3.0341279281 19.5388055356 0.3995561755 0.4207467562 7.8068504130 0.0000124416
0.1480000000 0.3989252437 1.0581872437 3.0274224549 19.5322471418 0.3989252437 0.4221376041 7.7919064512 0.0000119040
0.1490000000 0.3982949840 1.0633402138 3.0207283587 19.5257177874 0.3982949840 0.4235230735 7.7769954545 0.0000113874
0.1500000000 0.3976654016 1.0684941640 3.0140456842 19.5192175460 0.3976654016 0.4249031608 7.7621174843 0.0000108904
0.1510000000 0.3970365013 1.0736490515 3.0073744737 19.5127464886 0.3970365013 0.4262778630 7.7472725959 0.0000104115
0.1520000000 0.3964082877 1.0788048352 3.0007147672 19.5063046828 0.3964082877 0.4276471775 7.7324608394 0.0000099493
0.1530000000 0.3957807655 1.0839614754 2.9940666024 19.4998921938 0.3957807655 0.4290111025 7.7176822597 0.0000095026
0.1540000000 0.3951539389 1.0891189337 2.9874300148 19.4935090842 0.3951539389 0.4303696365 7.7029368969 0.0000090700
0.1550000000 0.3945278120 1.0942771728 2.9808050384 19.4871554142 0.3945278120 0.4317227787 7.6882247869 0.0000086506
0.1560000000 0.3939023888 1.0994361567 2.9741917051 19.4808312417 0.3939023888 0.4330705284 7.6735459613 0.0000082433
0.1570000000 0.3932776731 1.1045958502 2.9675900451 19.4745366228 0.3932776731 0.4344128857 7.6589004483 0.0000078469
0.1580000000 0.3926536687 1.1097562192 2.9610000875 19.4682716113 0.3926536687 0.4357498509 7.6442882723 0.0000074606
0.1590000000 0.3920303792 1.1149172302 2.9544218596 19.4620362594 0.3920303792 0.4370814245 7.6297094547 0.0000070834
0.1600000000 0.3914078080 1.1200788508 2.9478553877 19.4558306176 0.3914078080 0.4384076077 7.6151640139 0.0000067144
0.1610000000 0.3907859584 1.1252410489 2.9413006967 19.4496547346 0.3907859584 0.4397284017 7.6006519656 0.0000063527
0.1620000000 0.3901648337 1.1304037934 2.9347578105 19.4435086580 0.3901648337 0.4410438081 7.5861733231 0.0000059974
0.1630000000 0.3895444373 1.1355670534 2.9282267521 19.4373924337 0.3895444373 0.4423538288 7.5717280973 0.0000056479
0.1640000000 0.3889247720 1.1407307986 2.9217075437 19.4313061064 0.3889247720 0.4436584658 7.5573162973 0.0000053032
0.1650000000 0.3883058411 1.1458949992 2.9152002065 19.4252497198 0.3883058411 0.4449577214 7.5429379302 0.0000049625
0.1660000000 0.3876876474 1.1510596257 2.9087047612 19.4192233163 0.3876876474 0.4462515983 7.5285930018 0.0000046250
0.1670000000 0.3870701940 1.1562246486 2.9022212278 19.4132269373 0.3870701940 0.4475400990 7.5142815163 0.0000042901
0.1680000000 0.3864534837 1.1613900388 2.8957496258 19.4072606235 0.3864534837 0.4488232264 7.5000034767 0.0000039568
0.1690000000 0.3858375194 1.1665557675 2.8892899744 19.4013244146 0.3858375194 0.4501009836 7.4857588852 0.0000036243
0.1700000000 0.3852223040 1.1717218056 2.8828422923 19.3954183495 0.3852223040 0.4513733735 7.4715477429 0.0000032919
0.1710000000 0.3846078402 1.1768881241 2.8764065982 19.3895424667 0.3846078402 0.4526403996 7.4573700508 0.0000029587
0.1720000000 0.3839941310 1.1820546941 2.8699829103 19.3836968038 0.3839941310 0.4539020650 7.4432258091 0.0000026239
0.1730000000 0.3833811791 1.1872214864 2.8635712471 19.3778813980 0.3833811791 0.4551583732 7.4291150179 0.0000022865
0.1740000000 0.3827689873 1.1923884714 2.8571716269 19.3720962863 0.3827689873 0.4564093277 7.4150376776 0.0000019457
0.1750000000 0.3821575586 1.1975556194 2.8507840684 19.3663415052 0.3821575586 0.4576549318 7.4009937886 0.0000016006
0.1760000000 0.3815468958 1.2027229002 2.8444085902 19.3606170907 0.3815468958 0.4588951891 7.3869833518 0.0000012500
0.1770000000 0.3809370018 1.2078902832 2.8380452114 19.3549230790 0.3809370018 0.4601301030 7.3730063687 0.0000008931
0.1780000000 0.3803278797 1.2130577371 2.8316939516 19.3492595061 0.3803278797 0.4613596771 7.3590628420 0.0000005286
0.1790000000 0.3797195324 1.2182252300 2.8253548310 19.3436264079 0.3797195324 0.4625839147 7.3451527754 0.0000001554
0.1800000000 0.3791119632 1.2233927291 2.8190278703 19.3380238204 0.3791119632 0.4638028192 7.3312761741 0.0000002274
0.1810000000 0.3785051750 1.2285602010 2.8127130910 19.3324517799 0.3785051750 0.4650163939 7.3174330446 0.0000006204
0.1820000000 0.3778991713 1.2337276111 2.8064105155 19.3269103228 0.3778991713 0.4662246419 7.3036233956 0.0000010251
0.1830000000 0.3772939555 1.2388949240 2.8001201672 19.3213994858 0.3772939555 0.4674275663 7.2898472376 0.0000014429
0.1840000000 0.3766895310 1.2440621029 2.7938420704 19.3159193058 0.3766895310 0.4686251700 7.2761045834 0.0000018753
0.1850000000 0.3760859014 1.2492291099 2.7875762510 19.3104698204 0.3760859014 0.4698174558 7.2623954486 0.0000023240
0.1860000000 0.3754830705 1.2543959056 2.7813227360 19.3050510680 0.3754830705 0.4710044263 7.2487198519 0.0000027911
0.1870000000 0.3748810424 1.2595624489 2.7750815542 19.2996630873 0.3748810424 0.4721860838 7.2350778154 0.0000032784
0.1880000000 0.3742798210 1.2647286969 2.7688527361 19.2943059183 0.3742798210 0.4733624303 7.2214693651 0.0000037882
0.1890000000 0.3736794107 1.2698946048 2.7626363145 19.2889796018 0.3736794107 0.4745334676 7.2078945313 0.0000043229
0.1900000000 0.3730798162 1.2750601255 2.7564323241 19.2836841799 0.3730798162 0.4756991972 7.1943533493 0.0000048852
0.1910000000 0.3724810422 1.2802252095 2.7502408023 19.2784196960 0.3724810422 0.4768596202 7.1808458594 0.0000054781
0.1920000000 0.3718830937 1.2853898046 2.7440617895 19.2731861953 0.3718830937 0.4780147372 7.1673721085 0.0000061047
0.1930000000 0.3712859764 1.2905538557 2.7378953288 19.2679837243 0.3712859764 0.4791645484 7.1539321497 0.0000067688
0.1940000000 0.3706896958 1.2957173041 2.7317414671 19.2628123321 0.3706896958 0.4803090533 7.1405260437 0.0000074742
0.1950000000 0.3700942582 1.3008800878 2.7256002551 19.2576720695 0.3700942582 0.4814482511 7.1271538593 0.0000082256
0.1960000000 0.3694996702 1.3060421404 2.7194717477 19.2525629901 0.3694996702 0.4825821401 7.1138156748 0.0000090278
0.1970000000 0.3689059388 1.3112033914 2.7133560045 19.2474851505 0.3689059388 0.4837107180 7.1005115781 0.0000098865
0.1980000000 0.3683130716 1.3163637649 2.7072530905 19.2424386101 0.3683130716 0.4848339815 7.0872416690 0.0000108079
0.1990000000 0.3677210768 1.3215231797 2.7011630767 19.2374234322 0.3677210768 0.4859519267 7.0740060594 0.0000117993
0.2000000000 0.3671299633 1.3266815484 2.6950860404 19.2324396841 0.3671299633 0.4870645482 7.0608048754 0.0000128685
0.2010000000 0.3665397407 1.3318387767 2.6890220663 19.2274874374 0.3665397407 0.4881718398 7.0476382588 0.0000140248
0.2020000000 0.3659504193 1.3369947627 2.6829712475 19.2225667691 0.3659504193 0.4892737940 7.0345063689 0.0000152785
0.2030000000 0.3653620105 1.3421493956 2.6769336861 19.2176777617 0.3653620105 0.4903704016 7.0214093844 0.0000166415
0.2040000000 0.3647745267 1.3473025555 2.6709094945 19.2128205042 0.3647745267 0.4914616520 7.0083475062 0.0000181273
0.2050000000 0.3641879814 1.3524541111 2.6648987968 19.2079950929 0.3641879814 0.4925475327 6.9953209598 0.0000197515
0.2060000000 0.3636023895 1.3576039194 2.6589017301 19.2032016323 0.3636023895 0.4936280290 6.9823299986 0.0000215322
0.2070000000 0.3630177672 1.3627518232 2.6529184461 19.1984402363 0.3630177672 0.4947031241 6.9693749074 0.0000234901
0.2080000000 0.3624341325 1.3678976501 2.6469491136 19.1937110293 0.3624341325 0.4957727982 6.9564560069 0.0000256494
0.2090000000 0.3618515055 1.3730412097 2.6409939202 19.1890141479 0.3618515055 0.4968370288 6.9435736580 0.0000280384
0.2100000000 0.3612699081 1.3781822915 2.6350530751 19.1843497424 0.3612699081 0.4978957898 6.9307282681 0.0000306900
0.2110000000 0.3606893649 1.3833206620 2.6291268126 19.1797179790 0.3606893649 0.4989490510 6.9179202972 0.0000336432
0.2120000000 0.3601099034 1.3884560610 2.6232153951 19.1751190420 0.3601099034 0.4999967780 6.9051502661 0.0000369438
0.2130000000 0.3595315543 1.3935881980 2.6173191180 19.1705531365 0.3595315543 0.5010389308 6.8924187653 0.0000406462
0.2140000000 0.3589543520 1.3987167474 2.6114383144 19.1660204920 0.3589543520 0.5020754637 6.8797264658 0.0000448153
0.2150000000 0.3583783355 1.4038413425 2.6055733617 19.1615213663 0.3583783355 0.5031063236 6.8670741325 0.0000495289
0.2160000000 0.3578035488 1.4089615690 2.5997246881 19.1570560496 0.3578035488 0.5041314495 6.8544626392 0.0000548805
0.2170000000 0.3572300420 1.4140769571 2.5938927820 19.1526248710 0.3572300420 0.5051507708 6.8418929873 0.0000609834
0.2180000000 0.3566578722 1.4191869712 2.5880782022 19.1482282045 0.3566578722 0.5061642055 6.8293663284 0.0000679756
0.2190000000 0.3560871049 1.4242909985 2.5822815911 19.1438664778 0.3560871049 0.5071716582 6.8168839915 0.0000760258
0.2200000000 0.3555178156 1.4293883340 2.5765036898 19.1395401822 0.3555178156 0.5081730181 6.8044475162 0.0000853423
0.2210000000 0.3549500913 1.4344781631 2.5707453575 19.1352498848 0.3549500913 0.5091681550 6.7920586936 0.0000961830
0.2220000000 0.3543840336 1.4395595394 2.5650075955 19.1309962437 0.3543840336 0.5101569162 6.7797196165 0.0001088698
0.2230000000 0.3538197612 1.4446313573 2.5592915764 19.1267800274 0.3538197612 0.5111391219 6.7674327427 0.0001238072
0.2240000000 0.3532574136 1.4496923177 2.5535986807 19.1226021376 0.3532574136 0.5121145587 6.7552009724 0.0001415074
0.2250000000 0.3526971557 1.4547408854 2.5479305432 19.1184636396 0.3526971557 0.5130829725 6.7430277470 0.0001626231
0.2260000000 0.3521391839 1.4597752343 2.5422891119 19.1143657994 0.3521391839 0.5140440597 6.7309171735 0.0001879932
0.2270000000 0.3515837334 1.4647931782 2.5366767217 19.1103101314 0.3515837334 0.5149974543 6.7188741831 0.0002187040
0.2280000000 0.3510310879 1.4697920822 2.5310961904 19.1062984594 0.3510310879 0.5159427136 6.7069047337 0.0002561745
0.2290000000 0.3504815916 1.4747687482 2.5255509414 19.1023329952 0.3504815916 0.5168792981 6.6950160713 0.0003022733
0.2300000000 0.3499356656 1.4797192662 2.5200451631 19.0984164398 0.3499356656 0.5178065463 6.6832170693 0.0003594835
0.2310000000 0.3493938286 1.4846388214 2.5145840164 19.0945521161 0.3493938286 0.5187236419 6.6715186691 0.0004311352
0.2320000000 0.3488567239 1.4895214406 2.5091739063 19.0907441412 0.3488567239 0.5196295700 6.6599344586 0.0005217368
0.2330000000 0.3483251557 1.4943596594 2.5038228391 19.0869976532 0.3483251557 0.5205230611 6.6484814300 0.0006374530
0.2340000000 0.3478001359 1.4991440836 2.4985408924 19.0833191087 0.3478001359 0.5214025160 6.6371809795 0.0007868008
0.2350000000 0.3472829463 1.5038628117 2.4933408333 19.0797166740 0.3472829463 0.5222659081 6.6260602218 0.0009816781
0.2360000000 0.3467752205 1.5085006760 2.4882389314 19.0762007384 0.3467752205 0.5231106545 6.6151537164 0.0012389036
0.2370000000 0.3462790495 1.5130382535 2.4832560165 19.0727845806 0.3462790495 0.5239334483 6.6045057161 0.0015825671
0.2380000000 0.3457971191 1.5174505947 2.4784188381 19.0694852238 0.3457971191 0.5247300441 6.5941730539 0.0020476929
0.2390000000 0.3453328802 1.5217056330 2.4737617652 19.0663245037 0.3453328802 0.5254949891 6.5842287556 0.0026861198
0.2400000000 0.3448907529 1.5257622824 2.4693288186 19.0633303425 0.3448907529 0.5262213023 6.5747663542 0.0035762995
0.2410000000 0.3444763503 1.5295683527 2.4651758950 19.0605381420 0.3444763503 0.5269001238 6.5659046148 0.0048404780
0.2420000000 0.3440966800 1.5330586713 2.4613727701 19.0579920339 0.3440966800 0.5275203990 6.5577917861 0.0066769521
0.2430000000 0.3437602258 1.5361543077 2.4580039166 19.0557453810 0.3437602258 0.5280687517 6.5506073354 0.0094264091
0.2440000000 0.3434767167 1.5387647190 2.4551661934 19.0538592914 0.3434767167 0.5285298534 6.5445570291 0.0137258717
0.2450000000 0.3432562221 1.5407961342 2.4529598327 19.0523968561 0.3432562221 0.5288878601 6.5398537670 0.0209298805
0.2460000000 0.3431069833 1.5421716697 2.4514668023 19.0514092432 0.3431069833 0.5291298693 6.5366715528 0.0345497293
0.2470000000 0.3430309803 1.5428723668 2.4507065501 19.0509070024 0.3430309803 0.5292530205 6.5350513053 0.0680955879
0.2480000000 0.3430163880 1.5430069070 2.4505605966 19.0508106554 0.3430163880 0.5292766559 6.5347402593 0.1180463175
0.2490000000 0.3430412496 1.5427776795 2.4508092725 19.0509748581 0.3430412496 0.5292363829 6.5352702205 0.0579828434
0.2500000000 0.3431051472 1.5421885915 2.4514484381 19.0513971158 0.3431051472 0.5291328438 6.5366324127 0.0344950196
0.2510000000 0.3432171333 1.5411563670 2.4525687525 19.0521380053 0.3432171333 0.5289512703 6.5390201903 0.0246258126
0.2520000000 0.3433842751 1.5396162400 2.4542411273 19.0532457475 0.3433842751 0.5286800066 6.5425849801 0.0183208558
0.2530000000 0.3436090609 1.5375459018 2.4564907830 19.0547391101 0.3436090609 0.5283147034 6.5473810111 0.0132749461
0.2540000000 0.3438868483 1.5349889324 2.4592716681 19.0565901400 0.3438868483 0.5278625061 6.5533107225 0.0085617681
0.2550000000 0.3442036538 1.5320749042 2.4624441925 19.0587084913 0.3442036538 0.5273457799 6.5600770988 0.0035021015
0.2560000000 0.3445345940 1.5290332768 2.4657594122 19.0609295111 0.3445345940 0.5268048593 6.5671496106 0.0026403145
0.2570000000 0.3448446256 1.5261860550 2.4688662396 19.0630177379 0.3448446256 0.5262970587 6.5737792149 0.0106024250
0.2580000000 0.3450966006 1.5238735943 2.4713920353 19.0647202567 0.3450966006 0.5258835971 6.5791701518 0.0211577448
0.2590000000 0.3452653426 1.5223257668 2.4730838969 19.0658631421 0.3452653426 0.5256063275 6.5827817700 0.0364587742
0.2600000000 0.3453487942 1.5215604978 2.4739207408 19.0664292531 0.3453487942 0.5254690832 6.5845683519 0.0638153993
0.2610000000 0.3453695937 1.5213697755 2.4741293371 19.0665704813 0.3453695937 0.5254348613 6.5850137013 0.1179711941
0.2620000000 0.3453616691 1.5214424381 2.4740498632 19.0665166805 0.3453616691 0.5254478999 6.5848440249 0.0654064815
0.2630000000 0.3453409323 1.5216325889 2.4738418987 19.0663758944 0.3453409323 0.5254820169 6.5844000277 0.0196283691
0.2640000000 0.3453134463 1.5218846461 2.4735662522 19.0661893260 0.3453134463 0.5255272319 6.5838115432 0.0032977597
0.2650000000 0.3452855190 1.5221407675 2.4732861884 19.0659998153 0.3452855190 0.5255731649 6.5832136413 0.0105970360
0.2660000000 0.3452632245 1.5223452431 2.4730626181 19.0658485703 0.3452632245 0.5256098275 6.5827363555 0.0268657112
0.2670000000 0.3452500263 1.5224662955 2.4729302696 19.0657590581 0.3452500263 0.5256315286 6.5824538172 0.0500602205
0.2680000000 0.3452453042 1.5225096061 2.4728829189 19.0657270446 0.3452453042 0.5256392921 6.5823527331 0.1012755629
0.2690000000 0.3452453446 1.5225092334 2.4728833264 19.0657273322 0.3452453446 0.5256392249 6.5823536027 0.1124478791
0.2700000000 0.3452471424 1.5224927411 2.4729013570 19.0657395386 0.3452471424 0.5256362683 6.5823920941 0.0203330758
0.2710000000 0.3452495329 1.5224708133 2.4729253305 19.0657557647 0.3452495329 0.5256323371 6.5824432722 0.0086328794
0.2720000000 0.3452513980 1.5224537045 2.4729440355 19.0657684280 0.3452513980 0.5256292698 6.5824832032 0.0469865011
0.2730000000 0.3452520008 1.5224481733 2.4729500828 19.0657725304 0.3452520008 0.5256282779 6.5824961127 0.1086123465
0.2740000000 0.3452514726 1.5224530158 2.4729447884 19.0657689619 0.3452514726 0.5256291457 6.5824848100 0.0651022628
0.2750000000 0.3452499011 1.5224674277 2.4729290320 19.0657583175 0.3452499011 0.5256317288 6.5824511731 0.0327329766
0.2760000000 0.3452472200 1.5224920169 2.4729021489 19.0657401481 0.3452472200 0.5256361363 6.5823937829 0.0198926962
0.2770000000 0.3452435414 1.5225257553 2.4728652636 19.0657152149 0.3452435414 0.5256421836 6.5823150403 0.0112652955
0.2780000000 0.3452391738 1.5225658143 2.4728214686 19.0656856100 0.3452391738 0.5256493638 6.5822215474 0.0041481356
0.2790000000 0.3452345759 1.5226079857 2.4727753651 19.0656544453 0.3452345759 0.5256569222 6.5821231265 0.0025769617
0.2800000000 0.3452302613 1.5226475590 2.4727321025 19.0656252032 0.3452302613 0.5256640147 6.5820307707 0.0089251933
0.2810000000 0.3452266214 1.5226809436 2.4726956061 19.0656005376 0.3452266214 0.5256699977 6.5819528594 0.0138560630
0.2820000000 0.3452237837 1.5227069707 2.4726671534 19.0655813117 0.3452237837 0.5256746619 6.5818921194 0.0155969590
0.2830000000 0.3452216111 1.5227268977 2.4726453694 19.0655665954 0.3452216111 0.5256782328 6.5818456157 0.0118931602
0.2840000000 0.3452198061 1.5227434521 2.4726272725 19.0655543727 0.3452198061 0.5256811992 6.5818069831 0.0025971482
0.2850000000 0.3452180268 1.5227597703 2.4726094337 19.0655423249 0.3452180268 0.5256841232 6.5817689017 0.0067249787
0.2860000000 0.3452159909 1.5227784433 2.4725890211 19.0655285373 0.3452159909 0.5256874692 6.5817253257 0.0097614141
0.2870000000 0.3452135848 1.5228005113 2.4725648973 19.0655122410 0.3452135848 0.5256914235 6.5816738275 0.0073995092
0.2880000000 0.3452108831 1.5228252914 2.4725378090 19.0654939409 0.3452108831 0.5256958637 6.5816160008 0.0026291957
0.2890000000 0.3452080999 1.5228508196 2.4725099031 19.0654750888 0.3452080999 0.5257004378 6.5815564291 0.0030061948
0.2900000000 0.3452055007 1.5228746601 2.4724838423 19.0654574846 0.3452055007 0.5257047095 6.5815007962 0.0082995978
0.2910000000 0.3452032778 1.5228950477 2.4724615563 19.0654424327 0.3452032778 0.5257083623 6.5814532214 0.0116028452
0.2920000000 0.3452014685 1.5229116425 2.4724434163 19.0654301839 0.3452014685 0.5257113354 6.5814144974 0.0111735565
0.2930000000 0.3451999668 1.5229254152 2.4724283613 19.0654200208 0.3451999668 0.5257138028 6.5813823590 0.0062838015
0.2940000000 0.3451985957 1.5229379907 2.4724146150 19.0654107426 0.3451985957 0.5257160557 6.5813530143 0.0006051682
0.2950000000 0.3451971858 1.5229509216 2.4724004804 19.0654012023 0.3451971858 0.5257183722 6.5813228407 0.0047098563
0.2960000000 0.3451956495 1.5229650116 2.4723850788 19.0653908058 0.3451956495 0.5257208963 6.5812899624 0.0039356281
0.2970000000 0.3451940184 1.5229799720 2.4723687258 19.0653797665 0.3451940184 0.5257235764 6.5812550534 0.0002091795
0.2980000000 0.3451924179 1.5229946510 2.4723526805 19.0653689353 0.3451924179 0.5257262061 6.5812208011 0.0058295166
0.2990000000 0.3451909967 1.5230076861 2.4723384323 19.0653593191 0.3451909967 0.5257285411 6.5811903851 0.0109734075
0.3000000000 0.3451898393 1.5230183001 2.4723268305 19.0653514920 0.3451898393 0.5257304423 6.5811656185 0.0135272645
0.3010000000 0.3451889308 1.5230266315 2.4723177237 19.0653453514 0.3451889308 0.5257319346 6.5811461779 0.0116387800
0.3020000000 0.3451881846 1.5230334749 2.4723102435 19.0653403104 0.3451881846 0.5257331602 6.5811302097 0.0056699311
0.3030000000 0.3451874983 1.5230397680 2.4723033647 19.0653356761 0.3451874983 0.5257342873 6.5811155253 0.0000452496
0.3040000000 0.3451868050 1.5230461253 2.4722964159 19.0653309944 0.3451868050 0.5257354258 6.5811006914 0.0007873001
0.3050000000 0.3451861078 1.5230525179 2.4722894284 19.0653262867 0.3451861078 0.5257365707 6.5810857749 0.0042635269
0.3060000000 0.3451854785 1.5230582882 2.4722831212 19.0653220390 0.3451854785 0.5257376040 6.5810723107 0.0135847015
0.3070000000 0.3451850075 1.5230626065 2.4722784012 19.0653188641 0.3451850075 0.5257383772 6.5810622345 0.0258796977
0.3080000000 0.3451847387 1.5230650690 2.4722757096 19.0653170604 0.3451847387 0.5257388179 6.5810564886 0.0409171439
0.3090000000 0.3451846443 1.5230659325 2.4722747658 19.0653164381 0.3451846443 0.5257389722 6.5810544735 0.0603948783
0.3100000000 0.3451846544 1.5230658371 2.4722748701 19.0653165242 0.3451846544 0.5257389546 6.5810546958 0.0407316443
0.3110000000 0.3451847156 1.5230652730 2.4722754866 19.0653169565 0.3451847156 0.5257388531 6.5810560116 0.0127584835
0.3120000000 0.3451848008 1.5230644884 2.4722763443 19.0653175520 0.3451848008 0.5257387121 6.5810578419 0.0070306690
0.3130000000 0.3451849038 1.5230635411 2.4722773798 19.0653182678 0.3451849038 0.5257385419 6.5810600521 0.0097183208
0.3140000000 0.3451850373 1.5230623134 2.4722787217 19.0653191909 0.3451850373 0.5257383215 6.5810629163 0.0139740422
0.3150000000 0.3451852227 1.5230606100 2.4722805836 19.0653204655 0.3451852227 0.5257380158 6.5810668907 0.0149998092
0.3160000000 0.3451854765 1.5230582790 2.4722831316 19.0653222038 0.3451854765 0.5257375978 6.5810723293 0.0129729818
0.3170000000 0.3451858027 1.5230552835 2.4722864058 19.0653244331 0.3451858027 0.5257370606 6.5810793185 0.0096329261
0.3180000000 0.3451861919 1.5230517107 2.4722903110 19.0653270889 0.3451861919 0.5257364200 6.5810876546 0.0061367617
0.3190000000 0.3451866250 1.5230477346 2.4722946571 19.0653300429 0.3451866250 0.5257357072 6.5810969318 0.0031098807
0.3200000000 0.3451870807 1.5230435513 2.4722992298 19.0653331502 0.3451870807 0.5257349573 6.5811066926 0.0009493696
0.3210000000 0.3451875424 1.5230393133 2.4723038621 19.0653362979 0.3451875424 0.5257341975 6.5811165809 0.0001007501
0.3220000000 0.3451880025 1.5230350893 2.4723084793 19.0653394354 0.3451880025 0.5257334402 6.5811264367 0.0000704950
0.3230000000 0.3451884627 1.5230308648 2.4723130969 19.0653425733 0.3451884627 0.5257326828 6.5811362935 0.0006155021
0.3240000000 0.3451889294 1.5230265806 2.4723177797 19.0653457555 0.3451889294 0.5257319148 6.5811462896 0.0013222072
0.3250000000 0.3451894086 1.5230221815 2.4723225882 19.0653490228 0.3451894086 0.5257311261 6.5811565539 0.0016200171
0.3260000000 0.3451899027 1.5230176459 2.4723275460 19.0653523912 0.3451899027 0.5257303130 6.5811671369 0.0014865941
0.3270000000 0.3451904103 1.5230129862 2.4723326394 19.0653558513 0.3451904103 0.5257294776 6.5811780093 0.0011450216
0.3280000000 0.3451909283 1.5230082311 2.4723378370 19.0653593820 0.3451909283 0.5257286252 6.5811891043 0.0008001725
0.3290000000 0.3451914536 1.5230034097 2.4723431072 19.0653629618 0.3451914536 0.5257277608 6.5812003541 0.0004958520
0.3300000000 0.3451919831 1.5229985490 2.4723484204 19.0653665709 0.3451919831 0.5257268894 6.5812116958 0.0001416804
0.3310000000 0.3451925133 1.5229936824 2.4723537399 19.0653701845 0.3451925133 0.5257260170 6.5812230510 0.0003491204
0.3320000000 0.3451930391 1.5229888562 2.4723590153 19.0653737683 0.3451930391 0.5257251517 6.5812343120 0.0009261888
0.3330000000 0.3451935549 1.5229841208 2.4723641915 19.0653772852 0.3451935549 0.5257243028 6.5812453613 0.0013770135
0.3340000000 0.3451940573 1.5229795091 2.4723692324 19.0653807107 0.3451940573 0.5257234760 6.5812561218 0.0014303541
0.3350000000 0.3451945468 1.5229750154 2.4723741444 19.0653840491 0.3451945468 0.5257226703 6.5812666070 0.0009282463
0.3360000000 0.3451950291 1.5229705879 2.4723789841 19.0653873387 0.3451950291 0.5257218765 6.5812769379 0.0000294257
0.3370000000 0.3451955134 1.5229661426 2.4723838432 19.0653906417 0.3451955134 0.5257210794 6.5812873103 0.0010766885
0.3380000000 0.3451960089 1.5229615936 2.4723888157 19.0653940215 0.3451960089 0.5257202638 6.5812979246 0.0017618167
0.3390000000 0.3451965216 1.5229568872 2.4723939602 19.0653975178 0.3451965216 0.5257194200 6.5813089062 0.0018162567
0.3400000000 0.3451970514 1.5229520241 2.4723992760 19.0654011300 0.3451970514 0.5257185481 6.5813202536 0.0012264395
0.3410000000 0.3451975918 1.5229470635 2.4724046985 19.0654048143 0.3451975918 0.5257176588 6.5813318285 0.0001210101
0.3420000000 0.3451981311 1.5229421133 2.4724101095 19.0654084911 0.3451981311 0.5257167712 6.5813433791 0.0013315409
0.3430000000 0.3451986544 1.5229373091 2.4724153610 19.0654120602 0.3451986544 0.5257159099 6.5813545890 0.0029209766
0.3440000000 0.3451991474 1.5229327836 2.4724203078 19.0654154237 0.3451991474 0.5257150984 6.5813651487 0.0043860079
0.3450000000 0.3451995993 1.5229286343 2.4724248435 19.0654185092 0.3451995993 0.5257143544 6.5813748305 0.0054005624
0.3460000000 0.3452000063 1.5229248977 2.4724289279 19.0654212900 0.3452000063 0.5257136843 6.5813835493 0.0055866332
0.3470000000 0.3452003722 1.5229215376 2.4724326009 19.0654237927 0.3452003722 0.5257130816 6.5813913897 0.0046329874
0.3480000000 0.3452007084 1.5229184507 2.4724359753 19.0654260936 0.3452007084 0.5257125279 6.5813985925 0.0025333646
0.3490000000 0.3452010309 1.5229154880 2.4724392139 19.0654283030 0.3452010309 0.5257119965 6.5814055055 0.0002030247
0.3500000000 0.3452013579 1.5229124855 2.4724424959 19.0654305419 0.3452013579 0.5257114579 6.5814125112 0.0026408807
0.3510000000 0.3452017044 1.5229093032 2.4724459745 19.0654329139 0.3452017044 0.5257108871 6.5814199367 0.0039619823
0.3520000000 0.3452020794 1.5229058592 2.4724497392 19.0654354794 0.3452020794 0.5257102694 6.5814279727 0.0040595698
0.3530000000 0.3452024844 1.5229021407 2.4724538040 19.0654382479 0.3452024844 0.5257096025 6.5814366496 0.0033256932
0.3540000000 0.3452029146 1.5228981911 2.4724581214 19.0654411874 0.3452029146 0.5257088942 6.5814458655 0.0022305419
0.3550000000 0.3452033617 1.5228940856 2.4724626091 19.0654442422 0.3452033617 0.5257081579 6.5814554451 0.0011353362
0.3560000000 0.3452038171 1.5228899046 2.4724671796 19.0654473531 0.3452038171 0.5257074081 6.5814652012 0.0002570213
0.3570000000 0.3452042736 1.5228857132 2.4724717613 19.0654504719 0.3452042736 0.5257066564 6.5814749814 0.0003363124
0.3580000000 0.3452047265 1.5228815552 2.4724763065 19.0654535663 0.3452047265 0.5257059107 6.5814846838 0.0007310217
0.3590000000 0.3452051725 1.5228774601 2.4724807830 19.0654566144 0.3452051725 0.5257051763 6.5814942393 0.0011541715
0.3600000000 0.3452056079 1.5228734622 2.4724851532 19.0654595907 0.3452056079 0.5257044593 6.5815035681 0.0019033997
0.3610000000 0.3452060262 1.5228696212 2.4724893520 19.0654624513 0.3452060262 0.5257037704 6.5815125307 0.0032454821
0.3620000000 0.3452064168 1.5228660341 2.4724932731 19.0654651245 0.3452064168 0.5257031269 6.5815209009 0.0053431152
0.3630000000 0.3452067658 1.5228628289 2.4724967768 19.0654675157 0.3452067658 0.5257025519 6.5815283797 0.0082405442
0.3640000000 0.3452070587 1.5228601386 2.4724997177 19.0654695267 0.3452070587 0.5257020692 6.5815346573 0.0118989131
0.3650000000 0.3452072845 1.5228580630 2.4725019866 19.0654710836 0.3452072845 0.5257016966 6.5815395002 0.0162518650
0.3660000000 0.3452074395 1.5228566373 2.4725035451 19.0654721604 0.3452074395 0.5257014404 6.5815428266 0.0212579720
0.3670000000 0.3452075281 1.5228558201 2.4725044384 19.0654727877 0.3452075281 0.5257012933 6.5815447332 0.0269370084
0.3680000000 0.3452075618 1.5228555072 2.4725047806 19.0654730425 0.3452075618 0.5257012366 6.5815454631 0.0335113928
0.3690000000 0.3452075551 1.5228555645 2.4725047179 19.0654730239 0.3452075551 0.5257012461 6.5815453288 0.0255346774
0.3700000000 0.3452075200 1.5228558817 2.4725043712 19.0654728136 0.3452075200 0.5257013023 6.5815445881 0.0130824679
0.3710000000 0.3452074652 1.5228563808 2.4725038256 19.0654724690 0.3452074652 0.5257013910 6.5815434229 0.0073678972
0.3720000000 0.3452073973 1.5228569985 2.4725031504 19.0654720370 0.3452073973 0.5257015010 6.5815419810 0.0037607558
0.3730000000 0.3452073227 1.5228576789 2.4725024067 19.0654715588 0.3452073227 0.5257016222 6.5815403928 0.0009883878
0.3740000000 0.3452072469 1.5228583700 2.4725016512 19.0654710729 0.3452072469 0.5257017453 6.5815387796 0.0014720861
0.3750000000 0.3452071751 1.5228590236 2.4725009368 19.0654706149 0.3452071751 0.5257018617 6.5815372538 0.0037345419
0.3760000000 0.3452071118 1.5228596000 2.4725003067 19.0654702143 0.3452071118 0.5257019642 6.5815359083 0.0056195158
0.3770000000 0.3452070596 1.5228600745 2.4724997881 19.0654698893 0.3452070596 0.5257020485 6.5815348007 0.0067796088
0.3780000000 0.3452070191 1.5228604419 2.4724993865 19.0654696436 0.3452070191 0.5257021136 6.5815339427 0.0068195258
0.3790000000 0.3452069886 1.5228607165 2.4724990864 19.0654694667 0.3452069886 0.5257021621 6.5815333015 0.0055656260
0.3800000000 0.3452069654 1.5228609254 2.4724988581 19.0654693385 0.3452069654 0.5257021987 6.5815328138 0.0034310775
0.3810000000 0.3452069460 1.5228610984 2.4724986691 19.0654692369 0.3452069460 0.5257022290 6.5815324096 0.0015063327
0.3820000000 0.3452069283 1.5228612566 2.4724984962 19.0654691465 0.3452069283 0.5257022565 6.5815320399 0.0010819542
0.3830000000 0.3452069120 1.5228614009 2.4724983384 19.0654690665 0.3452069120 0.5257022816 6.5815317025 0.0030243185
0.3840000000 0.3452069000 1.5228615066 2.4724982229 19.0654690153 0.3452069000 0.5257022998 6.5815314553 0.0077200476
0.3850000000 0.3452068971 1.5228615278 2.4724981997 19.0654690268 0.3452068971 0.5257023028 6.5815314053 0.0134111088
0.3860000000 0.3452069092 1.5228614126 2.4724983257 19.0654691394 0.3452069092 0.5257022813 6.5815316737 0.0152656562
0.3870000000 0.3452069409 1.5228611171 2.4724986487 19.0654693855 0.3452069409 0.5257022276 6.5815323626 0.0140763834
0.3880000000 0.3452069953 1.5228606129 2.4724992000 19.0654697860 0.3452069953 0.5257021364 6.5815335388 0.0119802305
0.3890000000 0.3452070734 1.5228598912 2.4724999889 19.0654703474 0.3452070734 0.5257020063 6.5815352223 0.0095736302
0.3900000000 0.3452071739 1.5228589651 2.4725010013 19.0654710602 0.3452071739 0.5257018395 6.5815373829 0.0071081283
0.3910000000 0.3452072928 1.5228578685 2.4725022000 19.0654718992 0.3452072928 0.5257016422 6.5815399412 0.0046454691
0.3920000000 0.3452074247 1.5228566542 2.4725035275 19.0654728256 0.3452074247 0.5257014237 6.5815427743 0.0021480263
0.3930000000 0.3452075619 1.5228553900 2.4725049095 19.0654737890 0.3452075619 0.5257011964 6.5815457240 0.0004773623
0.3940000000 0.3452076961 1.5228541542 2.4725062604 19.0654747315 0.3452076961 0.5257009741 6.5815486070 0.0033006934
0.3950000000 0.3452078184 1.5228530271 2.4725074925 19.0654755938 0.3452078184 0.5257007712 6.5815512367 0.0062815479
0.3960000000 0.3452079214 1.5228520774 2.4725085307 19.0654763251 0.3452079214 0.5257006002 6.5815534523 0.0093618367
0.3970000000 0.3452079999 1.5228513518 2.4725093239 19.0654768911 0.3452079999 0.5257004693 6.5815551450 0.0124675147
0.3980000000 0.3452080520 1.5228508690 2.4725098517 19.0654772780 0.3452080520 0.5257003819 6.5815562710 0.0154751696
0.3990000000 0.3452080785 1.5228506200 2.4725101239 19.0654774924 0.3452080785 0.5257003364 6.5815568515 0.0181736697
0.4000000000 0.3452080829 1.5228505742 2.4725101740 19.0654775571 0.3452080829 0.5257003273 6.5815569576 0.0172063770
0.4010000000 0.3452080696 1.5228506912 2.4725100461 19.0654775018 0.3452080696 0.5257003474 6.5815566840 0.0116981625
0.4020000000 0.3452080428 1.5228509312 2.4725097839 19.0654773558 0.3452080428 0.5257003895 6.5815561236 0.0070321677
0.4030000000 0.3452080069 1.5228512553 2.4725094296 19.0654771479 0.3452080069 0.5257004466 6.5815553665 0.0036366233
0.4040000000 0.3452079661 1.5228516237 2.4725090269 19.0654769075 0.3452079661 0.5257005117 6.5815545063 0.0006267524
0.4050000000 0.3452079252 1.5228519933 2.4725086230 19.0654766665 0.3452079252 0.5257005770 6.5815536432 0.0025484356
0.4060000000 0.3452078893 1.5228523174 2.4725082687 19.0654764594 0.3452078893 0.5257006341 6.5815528863 0.0062993470
0.4070000000 0.3452078634 1.5228525485 2.4725080161 19.0654763213 0.3452078634 0.5257006746 6.5815523464 0.0111268137
0.4080000000 0.3452078525 1.5228526431 2.4725079127 19.0654762842 0.3452078525 0.5257006906 6.5815521249 0.0167775688
0.4090000000 0.3452078601 1.5228525674 2.4725079955 19.0654763733 0.3452078601 0.5257006761 6.5815523008 0.0177853787
0.4100000000 0.3452078891 1.5228522957 2.4725082925 19.0654766074 0.3452078891 0.5257006264 6.5815529341 0.0150804886
0.4110000000 0.3452079419 1.5228518058 2.4725088281 19.0654770031 0.3452079419 0.5257005376 6.5815540767 0.0129129426
0.4120000000 0.3452080202 1.5228510809 2.4725096205 19.0654775727 0.3452080202 0.5257004067 6.5815557675 0.0110221296
0.4130000000 0.3452081251 1.5228501126 2.4725106790 19.0654783227 0.3452081251 0.5257002322 6.5815580265 0.0092881133
0.4140000000 0.3452082563 1.5228489029 2.4725120014 19.0654792515 0.3452082563 0.5257000144 6.5815608486 0.0076396836
0.4150000000 0.3452084122 1.5228474668 2.4725135713 19.0654803481 0.3452084122 0.5256997561 6.5815641991 0.0060306429
0.4160000000 0.3452085896 1.5228458331 2.4725153571 19.0654815911 0.3452085896 0.5256994623 6.5815680107 0.0044291316
0.4170000000 0.3452087839 1.5228440446 2.4725173123 19.0654829488 0.3452087839 0.5256991407 6.5815721836 0.0028115191
0.4180000000 0.3452089891 1.5228421564 2.4725193764 19.0654843803 0.3452089891 0.5256988013 6.5815765890 0.0011566264
0.4190000000 0.3452091980 1.5228402333 2.4725214786 19.0654858378 0.3452091980 0.5256984557 6.5815810760 0.0005527278
0.4200000000 0.3452094032 1.5228383453 2.4725235426 19.0654872697 0.3452094032 0.5256981163 6.5815854812 0.0022946872
0.4210000000 0.3452095971 1.5228365599 2.4725254942 19.0654886260 0.3452095971 0.5256977953 6.5815896467 0.0039853630
0.4220000000 0.3452097736 1.5228349338 2.4725272718 19.0654898649 0.3452097736 0.5256975028 6.5815934406 0.0055146085
0.4230000000 0.3452099287 1.5228335050 2.4725288338 19.0654909583 0.3452099287 0.5256972457 6.5815967742 0.0067308929
0.4240000000 0.3452100606 1.5228322885 2.4725301637 19.0654918950 0.3452100606 0.5256970266 6.5815996122 0.0074208725
0.4250000000 0.3452101703 1.5228312757 2.4725312709 19.0654926815 0.3452101703 0.5256968440 6.5816019749 0.0073098234
0.4260000000 0.3452102611 1.5228304359 2.4725321889 19.0654933404 0.3452102611 0.5256966924 6.5816039338 0.0061192867
0.4270000000 0.3452103383 1.5228297209 2.4725329705 19.0654939075 0.3452103383 0.5256965631 6.5816056015 0.0037205851
0.4280000000 0.3452104085 1.5228290695 2.4725336826 19.0654944280 0.3452104085 0.5256964452 6.5816071207 0.0003605652
0.4290000000 0.3452104794 1.5228284127 2.4725344006 19.0654949531 0.3452104794 0.5256963264 6.5816086526 0.0031738129
0.4300000000 0.3452105584 1.5228276806 2.4725352009 19.0654955343 0.3452105584 0.5256961940 6.5816103602 0.0057805105
0.4310000000 0.3452106520 1.5228268149 2.4725361473 19.0654962147 0.3452106520 0.5256960377 6.5816123796 0.0069335938
0.4320000000 0.3452107643 1.5228257778 2.4725372811 19.0654970220 0.3452107643 0.5256958507 6.5816147989 0.0068251007
0.4330000000 0.3452108967 1.5228245561 2.4725386166 19.0654979660 0.3452108967 0.5256956305 6.5816176490 0.0058749261
0.4340000000 0.3452110479 1.5228231619 2.4725401407 19.0654990377 0.3452110479 0.5256953795 6.5816209018 0.0044306372
0.4350000000 0.3452112141 1.5228216302 2.4725418151 19.0655002113 0.3452112141 0.5256951038 6.5816244753 0.0027140377
0.4360000000 0.3452113894 1.5228200145 2.4725435813 19.0655014473 0.3452113894 0.5256948131 6.5816282447 0.0008625138
0.4370000000 0.3452115668 1.5228183797 2.4725453685 19.0655026981 0.3452115668 0.5256945189 6.5816320589 0.0010045990
0.4380000000 0.3452117391 1.5228167919 2.4725471042 19.0655039148 0.3452117391 0.5256942331 6.5816357633 0.0026882147
0.4390000000 0.3452119003 1.5228153053 2.4725487293 19.0655050573 0.3452119003 0.5256939654 6.5816392313 0.0038953534
0.4400000000 0.3452120473 1.5228139496 2.4725502113 19.0655061039 0.3452120473 0.5256937211 6.5816423942 0.0043057194
0.4410000000 0.3452121801 1.5228127230 2.4725515521 19.0655070554 0.3452121801 0.5256935000 6.5816452555 0.0036490563
0.4420000000 0.3452123024 1.5228115933 2.4725527872 19.0655079358 0.3452123024 0.5256932962 6.5816478909 0.0018733387
0.4430000000 0.3452124203 1.5228105036 2.4725539784 19.0655087869 0.3452124203 0.5256930996 6.5816504330 0.0006557851
0.4440000000 0.3452125415 1.5228093836 2.4725552028 19.0655096607 0.3452125415 0.5256928976 6.5816530456 0.0031029686
0.4450000000 0.3452126733 1.5228081666 2.4725565332 19.0655106067 0.3452126733 0.5256926781 6.5816558847 0.0045772687
0.4460000000 0.3452128206 1.5228068077 2.4725580187 19.0655116579 0.3452128206 0.5256924333 6.5816590549 0.0047594824
0.4470000000 0.3452129844 1.5228052964 2.4725596709 19.0655128222 0.3452129844 0.5256921611 6.5816625808 0.0038312211
0.4480000000 0.3452131619 1.5228036597 2.4725614601 19.0655140797 0.3452131619 0.5256918664 6.5816663993 0.0021101014
0.4490000000 0.3452133464 1.5228019589 2.4725633194 19.0655153849 0.3452133464 0.5256915602 6.5816703674 0.0001539406
0.4500000000 0.3452135285 1.5228002800 2.4725651548 19.0655166743 0.3452135285 0.5256912579 6.5816742843 0.0027642176
0.4510000000 0.3452136980 1.5227987172 2.4725668632 19.0655178784 0.3452136980 0.5256909764 6.5816779303 0.0054518037
0.4520000000 0.3452138460 1.5227973505 2.4725683572 19.0655189380 0.3452138460 0.5256907300 6.5816811185 0.0079119740
0.4530000000 0.3452139674 1.5227962284 2.4725695840 19.0655198176 0.3452139674 0.5256905275 6.5816837362 0.0097945496
0.4540000000 0.3452140611 1.5227953597 2.4725705336 19.0655205104 0.3452140611 0.5256903703 6.5816857624 0.0106677075
0.4550000000 0.3452141301 1.5227947174 2.4725712358 19.0655210364 0.3452141301 0.5256902538 6.5816872601 0.0100504396
0.4560000000 0.3452141802 1.5227942492 2.4725717477 19.0655214343 0.3452141802 0.5256901683 6.5816883519 0.0076017791
0.4570000000 0.3452142185 1.5227938888 2.4725721417 19.0655217528 0.3452142185 0.5256901022 6.5816891917 0.0034902654
0.4580000000 0.3452142526 1.5227935664 2.4725724942 19.0655220435 0.3452142526 0.5256900429 6.5816899431 0.0013149247
0.4590000000 0.3452142900 1.5227932139 2.4725728796 19.0655223568 0.3452142900 0.5256899782 6.5816907646 0.0052473878
0.4600000000 0.3452143369 1.5227927744 2.4725733601 19.0655227348 0.3452143369 0.5256898979 6.5816917893 0.0072552018
0.4610000000 0.3452143975 1.5227922092 2.4725739780 19.0655232060 0.3452143975 0.5256897951 6.5816931072 0.0075866939
0.4620000000 0.3452144739 1.5227914993 2.4725747540 19.0655237846 0.3452144739 0.5256896663 6.5816947626 0.0069520975
0.4630000000 0.3452145663 1.5227906421 2.4725756911 19.0655244728 0.3452145663 0.5256895111 6.5816967617 0.0059142367
0.4640000000 0.3452146737 1.5227896471 2.4725767788 19.0655252636 0.3452146737 0.5256893311 6.5816990825 0.0048048693
0.4650000000 0.3452147943 1.5227885307 2.4725779993 19.0655261447 0.3452147943 0.5256891294 6.5817016867 0.0037930173
0.4660000000 0.3452149261 1.5227873120 2.4725793316 19.0655271020 0.3452149261 0.5256889094 6.5817045296 0.0029433457
0.4670000000 0.3452150670 1.5227860097 2.4725807553 19.0655281214 0.3452150670 0.5256886743 6.5817075675 0.0022477950
0.4680000000 0.3452152151 1.5227846412 2.4725822513 19.0655291900 0.3452152151 0.5256884274 6.5817107599 0.0016478047
0.4690000000 0.3452153686 1.5227832233 2.4725838013 19.0655302953 0.3452153686 0.5256881717 6.5817140675 0.0010615578
0.4700000000 0.3452155254 1.5227817744 2.4725853852 19.0655314238 0.3452155254 0.5256879103 6.5817174475 0.0004172299
0.4710000000 0.3452156833 1.5227803158 2.4725869797 19.0655325601 0.3452156833 0.5256876472 6.5817208500 0.0003159068
0.4720000000 0.3452158395 1.5227788722 2.4725885579 19.0655336861 0.3452158395 0.5256873868 6.5817242177 0.0011035804
0.4730000000 0.3452159914 1.5227774689 2.4725900919 19.0655347831 0.3452159914 0.5256871336 6.5817274912 0.0018482480
0.4740000000 0.3452161364 1.5227761278 2.4725915580 19.0655358350 0.3452161364 0.5256868915 6.5817306196 0.0024263925
0.4750000000 0.3452162731 1.5227748629 2.4725929408 19.0655368313 0.3452162731 0.5256866630 6.5817335701 0.0027349789
0.4760000000 0.3452164011 1.5227736784 2.4725942357 19.0655377688 0.3452164011 0.5256864489 6.5817363330 0.0027399472
0.4770000000 0.3452165208 1.5227725695 2.4725954479 19.0655386509 0.3452165208 0.5256862484 6.5817389195 0.0025064224
0.4780000000 0.3452166333 1.5227715260 2.4725965887 19.0655394852 0.3452166333 0.5256860595 6.5817413533 0.0021883691
0.4790000000 0.3452167399 1.5227705374 2.4725976694 19.0655402794 0.3452167399 0.5256858805 6.5817436590 0.0019736471
0.4800000000 0.3452168411 1.5227695974 2.4725986971 19.0655410384 0.3452168411 0.5256857101 6.5817458514 0.0020117135
0.4810000000 0.3452169370 1.5227687064 2.4725996712 19.0655417617 0.3452169370 0.5256855486 6.5817479293 0.0023644967
0.4820000000 0.3452170267 1.5227678720 2.4726005833 19.0655424441 0.3452170267 0.5256853971 6.5817498751 0.0029986219
0.4830000000 0.3452171089 1.5227671064 2.4726014203 19.0655430766 0.3452171089 0.5256852580 6.5817516603 0.0038031190
0.4840000000 0.3452171822 1.5227664225 2.4726021680 19.0655436496 0.3452171822 0.5256851334 6.5817532550 0.0046039358
0.4850000000 0.3452172455 1.5227658294 2.4726028163 19.0655441565 0.3452172455 0.5256850252 6.5817546375 0.0051607825
0.4860000000 0.3452172988 1.5227653284 2.4726033641 19.0655445961 0.3452172988 0.5256849334 6.5817558053 0.0051608848
0.4870000000 0.3452173431 1.5227649096 2.4726038219 19.0655449758 0.3452173431 0.5256848563 6.5817567811 0.0042572060
0.4880000000 0.3452173809 1.5227645506 2.4726042145 19.0655453119 0.3452173809 0.5256847898 6.5817576177 0.0022146156
0.4890000000 0.3452174159 1.5227642163 2.4726045799 19.0655456302 0.3452174159 0.5256847279 6.5817583961 0.0008212976
0.4900000000 0.3452174532 1.5227638620 2.4726049673 19.0655459642 0.3452174532 0.5256846623 6.5817592216 0.0040676009
0.4910000000 0.3452174979 1.5227634390 2.4726054298 19.0655463497 0.3452174979 0.5256845843 6.5817602072 0.0064426218
0.4920000000 0.3452175547 1.5227629048 2.4726060137 19.0655468183 0.3452175547 0.5256844864 6.5817614521 0.0074919750
0.4930000000 0.3452176269 1.5227622298 2.4726067517 19.0655473919 0.3452176269 0.5256843633 6.5817630258 0.0074520030
0.4940000000 0.3452177160 1.5227613988 2.4726076601 19.0655480818 0.3452177160 0.5256842121 6.5817649634 0.0067797114
0.4950000000 0.3452178224 1.5227604099 2.4726087412 19.0655488890 0.3452178224 0.5256840327 6.5817672695 0.0058428091
0.4960000000 0.3452179450 1.5227592712 2.4726099860 19.0655498075 0.3452179450 0.5256838264 6.5817699252 0.0048447166
0.4970000000 0.3452180823 1.5227579980 2.4726113779 19.0655508259 0.3452180823 0.5256835959 6.5817728948 0.0038504142
0.4980000000 0.3452182320 1.5227566112 2.4726128939 19.0655519287 0.3452182320 0.5256833451 6.5817761294 0.0028400550
0.4990000000 0.3452183911 1.5227551379 2.4726145046 19.0655530960 0.3452183911 0.5256830788 6.5817795660 0.0017670423
0.5000000000 0.3452185560 1.5227536116 2.4726161731 19.0655543035 0.3452185560 0.5256828029 6.5817831261 0.0006067230
0.5010000000 0.3452187223 1.5227520717 2.4726178564 19.0655555220 0.3452187223 0.5256825246 6.5817867178 0.0006125048
0.5020000000 0.3452188855 1.5227505602 2.4726195088 19.0655567210 0.3452188855 0.5256822514 6.5817902435 0.0017895964
0.5030000000 0.3452190415 1.5227491150 2.4726210888 19.0655578723 0.3452190415 0.5256819899 6.5817936144 0.0027859557
0.5040000000 0.3452191872 1.5227477639 2.4726225658 19.0655589554 0.3452191872 0.5256817453 6.5817967656 0.0035062900
0.5050000000 0.3452193209 1.5227465223 2.4726239231 19.0655599589 0.3452193209 0.5256815203 6.5817996611 0.0039484805
0.5060000000 0.3452194421 1.5227453949 2.4726251556 19.0655608791 0.3452194421 0.5256813157 6.5818022903 0.0042101587
0.5070000000 0.3452195510 1.5227443803 2.4726262647 19.0655617170 0.3452195510 0.5256811313 6.5818046559 0.0044341141
0.5080000000 0.3452196479 1.5227434763 2.4726272529 19.0655624741 0.3452196479 0.5256809667 6.5818067637 0.0047160300
0.5090000000 0.3452197328 1.5227426811 2.4726281223 19.0655631516 0.3452197328 0.5256808215 6.5818086175 0.0050363049
0.5100000000 0.3452198061 1.5227419926 2.4726288750 19.0655637512 0.3452198061 0.5256806955 6.5818102223 0.0052697688
0.5110000000 0.3452198684 1.5227414058 2.4726295165 19.0655642766 0.3452198684 0.5256805877 6.5818115898 0.0052787069
0.5120000000 0.3452199205 1.5227409114 2.4726300570 19.0655647351 0.3452199205 0.5256804963 6.5818127416 0.0050409456
0.5130000000 0.3452199638 1.5227404975 2.4726305096 19.0655651357 0.3452199638 0.5256804194 6.5818137055 0.0047258315
0.5140000000 0.3452199994 1.5227401533 2.4726308859 19.0655654866 0.3452199994 0.5256803549 6.5818145068 0.0046386882
0.5150000000 0.3452200281 1.5227398732 2.4726311921 19.0655657920 0.3452200281 0.5256803018 6.5818151582 0.0050472670
0.5160000000 0.3452200496 1.5227396586 2.4726314267 19.0655660510 0.3452200496 0.5256802604 6.5818156570 0.0060157348
0.5170000000 0.3452200632 1.5227395154 2.4726315833 19.0655662588 0.3452200632 0.5256802318 6.5818159889 0.0073647122
0.5180000000 0.3452200683 1.5227394500 2.4726316549 19.0655664106 0.3452200683 0.5256802170 6.5818161394 0.0087677277
0.5190000000 0.3452200648 1.5227394645 2.4726316391 19.0655665045 0.3452200648 0.5256802165 6.5818161033 0.0085426713
0.5200000000 0.3452200527 1.5227395560 2.4726315390 19.0655665425 0.3452200527 0.5256802298 6.5818158875 0.0069408359
0.5210000000 0.3452200330 1.5227397184 2.4726313616 19.0655665293 0.3452200330 0.5256802558 6.5818155062 0.0056263732
0.5220000000 0.3452200063 1.5227399444 2.4726311145 19.0655664705 0.3452200063 0.5256802931 6.5818149765 0.0045842407
0.5230000000 0.3452199734 1.5227402266 2.4726308060 19.0655663715 0.3452199734 0.5256803405 6.5818143155 0.0036416887
0.5240000000 0.3452199354 1.5227405558 2.4726304462 19.0655662395 0.3452199354 0.5256803963 6.5818135448 0.0025014120
0.5250000000 0.3452198938 1.5227409171 2.4726300513 19.0655660857 0.3452198938 0.5256804577 6.5818126994 0.0008407852
0.5260000000 0.3452198515 1.5227412851 2.4726296490 19.0655659286 0.3452198515 0.5256805203 6.5818118381 0.0015980164
0.5270000000 0.3452198124 1.5227416225 2.4726292802 19.0655657959 0.3452198124 0.5256805773 6.5818110482 0.0049038781
0.5280000000 0.3452197816 1.5227418846 2.4726289938 19.0655657206 0.3452197816 0.5256806208 6.5818104341 0.0089962929
0.5290000000 0.3452197634 1.5227420302 2.4726288347 19.0655657329 0.3452197634 0.5256806434 6.5818100918 0.0137926668
0.5300000000 0.3452197608 1.5227420330 2.4726288316 19.0655658520 0.3452197608 0.5256806404 6.5818100826 0.0155140112
0.5310000000 0.3452197746 1.5227418848 2.4726289937 19.0655660841 0.3452197746 0.5256806102 6.5818104259 0.0126551990
0.5320000000 0.3452198045 1.5227415888 2.4726293173 19.0655664267 0.3452198045 0.5256805535 6.5818111139 0.0098291303
0.5330000000 0.3452198493 1.5227411554 2.4726297912 19.0655668723 0.3452198493 0.5256804722 6.5818121227 0.0076692476
0.5340000000 0.3452199076 1.5227405983 2.4726304001 19.0655674108 0.3452199076 0.5256803687 6.5818134199 0.0060198282
0.5350000000 0.3452199777 1.5227399331 2.4726311274 19.0655680313 0.3452199777 0.5256802457 6.5818149697 0.0046984354
0.5360000000 0.3452200577 1.5227391762 2.4726319549 19.0655687216 0.3452200577 0.5256801062 6.5818167332 0.0034976718
0.5370000000 0.3452201454 1.5227383477 2.4726328607 19.0655694669 0.3452201454 0.5256799538 6.5818186638 0.0022284738
0.5380000000 0.3452202381 1.5227374739 2.4726338159 19.0655702478 0.3452202381 0.5256797933 6.5818207000 0.0007640505
0.5390000000 0.3452203319 1.5227365890 2.4726347834 19.0655710390 0.3452203319 0.5256796307 6.5818227622 0.0009308053
0.5400000000 0.3452204226 1.5227357329 2.4726357192 19.0655718106 0.3452204226 0.5256794732 6.5818247570 0.0027578025
0.5410000000 0.3452205057 1.5227349456 2.4726365800 19.0655725333 0.3452205057 0.5256793280 6.5818265914 0.0045022541
0.5420000000 0.3452205779 1.5227342582 2.4726373314 19.0655731841 0.3452205779 0.5256792006 6.5818281924 0.0059215293
0.5430000000 0.3452206373 1.5227336877 2.4726379552 19.0655737510 0.3452206373 0.5256790941 6.5818295209 0.0068121009
0.5440000000 0.3452206838 1.5227332352 2.4726384500 19.0655742331 0.3452206838 0.5256790087 6.5818305737 0.0070776747
0.5450000000 0.3452207185 1.5227328901 2.4726388274 19.0655746388 0.3452207185 0.5256789425 6.5818313760 0.0067633881
0.5460000000 0.3452207434 1.5227326350 2.4726391063 19.0655749809 0.3452207434 0.5256788923 6.5818319681 0.0060046601
0.5470000000 0.3452207605 1.5227324509 2.4726393077 19.0655752737 0.3452207605 0.5256788547 6.5818323946 0.0048916006
0.5480000000 0.3452207718 1.5227323184 2.4726394526 19.0655755313 0.3452207718 0.5256788263 6.5818327004 0.0033573878
0.5490000000 0.3452207797 1.5227322174 2.4726395631 19.0655757686 0.3452207797 0.5256788034 6.5818329326 0.0012429328
0.5500000000 0.3452207867 1.5227321245 2.4726396647 19.0655760025 0.3452207867 0.5256787819 6.5818331460 0.0014095307
0.5510000000 0.3452207957 1.5227320123 2.4726397875 19.0655762534 0.3452207957 0.5256787569 6.5818334045 0.0040224742
0.5520000000 0.3452208098 1.5227318527 2.4726399621 19.0655765418 0.3452208098 0.5256787233 6.5818337733 0.0057676669
0.5530000000 0.3452208315 1.5227316234 2.4726402128 19.0655768842 0.3452208315 0.5256786771 6.5818343047 0.0062764362
0.5540000000 0.3452208620 1.5227313128 2.4726405523 19.0655772887 0.3452208620 0.5256786164 6.5818350256 0.0057501793
0.5550000000 0.3452209012 1.5227309220 2.4726409796 19.0655777548 0.3452209012 0.5256785411 6.5818359339 0.0046452127
0.5560000000 0.3452209479 1.5227304618 2.4726414828 19.0655782748 0.3452209479 0.5256784534 6.5818370039 0.0034098969
0.5570000000 0.3452210004 1.5227299480 2.4726420445 19.0655788379 0.3452210004 0.5256783559 6.5818381990 0.0023796522
0.5580000000 0.3452210571 1.5227293951 2.4726426490 19.0655794332 0.3452210571 0.5256782514 6.5818394853 0.0017333898
0.5590000000 0.3452211169 1.5227288123 2.4726432862 19.0655800537 0.3452211169 0.5256781414 6.5818408413 0.0014585115
0.5600000000 0.3452211797 1.5227282030 2.4726439523 19.0655806971 0.3452211797 0.5256780265 6.5818422590 0.0013560497
0.5610000000 0.3452212450 1.5227275687 2.4726446458 19.0655813632 0.3452212450 0.5256779071 6.5818437352 0.0011329962
0.5620000000 0.3452213125 1.5227269139 2.4726453616 19.0655820488 0.3452213125 0.5256777838 6.5818452588 0.0005496570
0.5630000000 0.3452213808 1.5227262513 2.4726460860 19.0655827429 0.3452213808 0.5256776591 6.5818468006 0.0004713047
0.5640000000 0.3452214476 1.5227256022 2.4726467957 19.0655834281 0.3452214476 0.5256775367 6.5818483110 0.0018031578
0.5650000000 0.3452215102 1.5227249920 2.4726474627 19.0655840869 0.3452215102 0.5256774213 6.5818497304 0.0031341776
0.5660000000 0.3452215659 1.5227244427 2.4726480634 19.0655847064 0.3452215659 0.5256773166 6.5818510078 0.0040645499
0.5670000000 0.3452216138 1.5227239644 2.4726485862 19.0655852793 0.3452216138 0.5256772244 6.5818521191 0.0042413606
0.5680000000 0.3452216544 1.5227235530 2.4726490360 19.0655858046 0.3452216544 0.5256771442 6.5818530745 0.0035377684
0.5690000000 0.3452216896 1.5227231916 2.4726494312 19.0655862922 0.3452216896 0.5256770730 6.5818539131 0.0022017883
0.5700000000 0.3452217216 1.5227228582 2.4726497957 19.0655867630 0.3452217216 0.5256770067 6.5818546863 0.0008022609
0.5710000000 0.3452217525 1.5227225333 2.4726501510 19.0655872390 0.3452217525 0.5256769416 6.5818554395 0.0000933881
0.5720000000 0.3452217835 1.5227222059 2.4726505090 19.0655877262 0.3452217835 0.5256768757 6.5818561984 0.0002731837
0.5730000000 0.3452218149 1.5227218749 2.4726508710 19.0655882130 0.3452218149 0.5256768093 6.5818569657 0.0000236298
0.5740000000 0.3452218464 1.5227215450 2.4726512318 19.0655886899 0.3452218464 0.5256767433 6.5818577308 0.0002876948
0.5750000000 0.3452218774 1.5227212189 2.4726515883 19.0655891689 0.3452218774 0.5256766779 6.5818584866 0.0000259075
0.5760000000 0.3452219081 1.5227208915 2.4726519463 19.0655896732 0.3452219081 0.5256766116 6.5818592451 0.0009517344
0.5770000000 0.3452219402 1.5227205474 2.4726523225 19.0655902072 0.3452219402 0.5256765417 6.5818600420 0.0023492261
0.5780000000 0.3452219767 1.5227201657 2.4726527399 19.0655907533 0.3452219767 0.5256764656 6.5818609271 0.0035403342
0.5790000000 0.3452220200 1.5227197275 2.4726532190 19.0655913115 0.3452220200 0.5256763802 6.5818619447 0.0040291646
0.5800000000 0.3452220703 1.5227192231 2.4726537704 19.0655919263 0.3452220703 0.5256762827 6.5818631165 0.0037376270
0.5810000000 0.3452221265 1.5227186553 2.4726543913 19.0655926442 0.3452221265 0.5256761722 6.5818644352 0.0029225445
0.5820000000 0.3452221874 1.5227180364 2.4726550679 19.0655934395 0.3452221874 0.5256760514 6.5818658721 0.0019699207
0.5830000000 0.3452222530 1.5227173825 2.4726557828 19.0655942186 0.3452222530 0.5256759255 6.5818673918 0.0012538030
0.5840000000 0.3452223228 1.5227167053 2.4726565232 19.0655949315 0.3452223228 0.5256757979 6.5818689676 0.0010378115
0.5850000000 0.3452223948 1.5227160069 2.4726572868 19.0655956623 0.3452223948 0.5256756665 6.5818705929 0.0013644154
0.5860000000 0.3452224675 1.5227152786 2.4726580830 19.0655965467 0.3452224675 0.5256755258 6.5818722849 0.0019850601
0.5870000000 0.3452225428 1.5227145063 2.4726589273 19.0655975787 0.3452225428 0.5256753739 6.5818740770 0.0024600313
0.5880000000 0.3452226257 1.5227136794 2.4726598313 19.0655985693 0.3452226257 0.5256752146 6.5818759985 0.0024137231
0.5890000000 0.3452227186 1.5227127991 2.4726607937 19.0655993794 0.3452227186 0.5256750522 6.5818780494 0.0017303898
0.5900000000 0.3452228167 1.5227118821 2.4726617964 19.0656001575 0.3452228167 0.5256748849 6.5818801876 0.0005649070
0.5910000000 0.3452229103 1.5227109567 2.4726628080 19.0656012148 0.3452229103 0.5256747081 6.5818823388 0.0007363603
0.5920000000 0.3452229952 1.5227100537 2.4726637952 19.0656025898 0.3452229952 0.5256745255 6.5818844305 0.0017007009
0.5930000000 0.3452230771 1.5227091925 2.4726647367 19.0656038477 0.3452230771 0.5256743529 6.5818864265 0.0018785267
0.5940000000 0.3452231649 1.5227083724 2.4726656334 19.0656045390 0.3452231649 0.5256742035 6.5818883389 0.0010934872
0.5950000000 0.3452232573 1.5227075717 2.4726665088 19.0656048634 0.3452232573 0.5256740678 6.5818902136 0.0003572110
0.5960000000 0.3452233427 1.5227067574 2.4726673990 19.0656056414 0.3452233427 0.5256739167 6.5818921101 0.0017384536
0.5970000000 0.3452234153 1.5227059003 2.4726683361 19.0656073579 0.3452234153 0.5256737314 6.5818940864 0.0023096156
0.5980000000 0.3452234895 1.5227049895 2.4726693318 19.0656093332 0.3452234895 0.5256735299 6.5818961830 0.0018164338
0.5990000000 0.3452235881 1.5227040391 2.4726703708 19.0656102950 0.3452235881 0.5256733520 6.5818983953 0.0004732677
0.6000000000 0.3452237119 1.5227030840 2.4726714150 19.0656099785 0.3452237119 0.5256732108 6.5819006471 0.0012844024
0.6010000000 0.3452238268 1.5227021674 2.4726724171 19.0656098823 0.3452238268 0.5256730693 6.5819028036 0.0029132923
0.6020000000 0.3452238947 1.5227013240 2.4726733392 19.0656117559 0.3452238947 0.5256728815 6.5819047443 0.0038718214
0.6030000000 0.3452239221 1.5227005670 2.4726741668 19.0656151710 0.3452239221 0.5256726620 6.5819064473 0.0037809684
0.6040000000 0.3452239644 1.5226998852 2.4726749122 19.0656173393 0.3452239644 0.5256724909 6.5819080014 0.0025941058
0.6050000000 0.3452240662 1.5226992486 2.4726756082 19.0656161288 0.3452240662 0.5256724262 6.5819095247 0.0007344627
0.6060000000 0.3452242002 1.5226986199 2.4726762956 19.0656131984 0.3452242002 0.5256724132 6.5819110681 0.0010005926
0.6070000000 0.3452242809 1.5226979677 2.4726770087 19.0656131829 0.3452242809 0.5256723110 6.5819126015 0.0018405397
0.6080000000 0.3452242640 1.5226972786 2.4726777621 19.0656184672 0.3452242640 0.5256720473 6.5819141032 0.0015184746
0.6090000000 0.3452242219 1.5226965618 2.4726785458 19.0656252329 0.3452242219 0.5256717358 6.5819156369 0.0003090988
0.6100000000 0.3452242890 1.5226958437 2.4726793309 19.0656263481 0.3452242890 0.5256715900 6.5819172998 0.0012119867
0.6110000000 0.3452245049 1.5226951548 2.4726800840 19.0656195520 0.3452245049 0.5256716810 6.5819190708 0.0022903648
0.6120000000 0.3452247263 1.5226945125 2.4726807863 19.0656121769 0.3452247263 0.5256717963 6.5819207454 0.0021944886
0.6130000000 0.3452247499 1.5226939085 2.4726814466 19.0656148127 0.3452247499 0.5256716238 6.5819221062 0.0005990329
0.6140000000 0.3452245507 1.5226933082 2.4726821029 19.0656289873 0.3452245507 0.5256711131 6.5819232003 0.0019797832
0.6150000000 0.3452243794 1.5226926620 2.4726828093 19.0656420041 0.3452243794 0.5256706292 6.5819244281 0.0042022707
0.6160000000 0.3452245420 1.5226919264 2.4726836134 19.0656382713 0.3452245420 0.5256706229 6.5819262403 0.0049684780
0.6170000000 0.3452250361 1.5226910836 2.4726845348 19.0656180338 0.3452250361 0.5256710843 6.5819286736 0.0041829976
0.6180000000 0.3452254604 1.5226901486 2.4726855570 19.0656020045 0.3452254604 0.5256714076 6.5819312294 0.0023644191
0.6190000000 0.3452253753 1.5226891643 2.4726866332 19.0656127093 0.3452253753 0.5256709383 6.5819333037 0.0001401514
0.6200000000 0.3452248132 1.5226881857 2.4726877030 19.0656481268 0.3452248132 0.5256697444 6.5819348122 0.0018660941
0.6210000000 0.3452244017 1.5226872594 2.4726887156 19.0656753891 0.3452244017 0.5256687982 6.5819363799 0.0029936300
0.6220000000 0.3452247933 1.5226864050 2.4726896498 19.0656605430 0.3452247933 0.5256690994 6.5819387201 0.0027740059
0.6230000000 0.3452258952 1.5226856087 2.4726905204 19.0656084827 0.3452258952 0.5256705023 6.5819417553 0.0012329404
0.6240000000 0.3452267500 1.5226848316 2.4726913699 19.0655691140 0.3452267500 0.5256715357 6.5819444617 0.0009431905
0.6250000000 0.3452263599 1.5226840264 2.4726922503 19.0655944946 0.3452263599 0.5256706637 6.5819457872 0.0026536074
0.6260000000 0.3452248531 1.5226831573 2.4726932005 19.0656782083 0.3452248531 0.5256680693 6.5819459589 0.0031223816
0.6270000000 0.3452236815 1.5226822155 2.4726942301 19.0657449998 0.3452236815 0.5256659602 6.5819466798 0.0023171860
0.6280000000 0.3452243766 1.5226812221 2.4726953161 19.0657152968 0.3452243766 0.5256666757 6.5819496783 0.0006046803
0.6290000000 0.3452268748 1.5226802225 2.4726964089 19.0655921098 0.3452268748 0.5256701346 6.5819547811 0.0015934074
0.6300000000 0.3452290691 1.5226792724 2.4726974476 19.0654843744 0.3452290691 0.5256731477 6.5819594221 0.0038224274
0.6310000000 0.3452285214 1.5226784212 2.4726983783 19.0655182221 0.3452285214 0.5256720200 6.5819606664 0.0055994542
0.6320000000 0.3452250646 1.5226776967 2.4726991703 19.0657021581 0.3452250646 0.5256665061 6.5819582582 0.0064727493
0.6330000000 0.3452216211 1.5226770998 2.4726998230 19.0658845838 0.3452216211 0.5256610568 6.5819555842 0.0061063094
0.6340000000 0.3452219288 1.5226766072 2.4727003615 19.0658717724 0.3452219288 0.5256613553 6.5819570283 0.0044987219
0.6350000000 0.3452268477 1.5226761817 2.4727008267 19.0656193576 0.3452268477 0.5256686983 6.5819636700 0.0022133945
0.6360000000 0.3452326897 1.5226757845 2.4727012610 19.0653188849 0.3452326897 0.5256774567 6.5819713195 0.0002814773
0.6370000000 0.3452336990 1.5226753884 2.4727016942 19.0652690695 0.3452336990 0.5256788568 6.5819733641 0.0003465861
0.6380000000 0.3452273688 1.5226749879 2.4727021320 19.0655999606 0.3452273688 0.5256690797 6.5819669098 0.0006575433
0.6390000000 0.3452179568 1.5226746021 2.4727025538 19.0660906247 0.3452179568 0.5256546151 6.5819568506 0.0029119381
0.6400000000 0.3452141349 1.5226742651 2.4727029223 19.0662910314 0.3452141349 0.5256486791 6.5819531639 0.0055202652
0.6410000000 0.3452213823 1.5226740075 2.4727032039 19.0659167477 0.3452213823 0.5256596256 6.5819621342 0.0072408550
0.6420000000 0.3452356639 1.5226738381 2.4727033891 19.0651770757 0.3452356639 0.5256813133 6.5819790643 0.0066935081
0.6430000000 0.3452450675 1.5226737361 2.4727035006 19.0646900130 0.3452450675 0.5256955968 6.5819901908 0.0030449452
0.6440000000 0.3452391968 1.5226736555 2.4727035887 19.0649950054 0.3452391968 0.5256866298 6.5819835628 0.0026820284
0.6450000000 0.3452191897 1.5226735380 2.4727037171 19.0660334805 0.3452191897 0.5256561249 6.5819606286 0.0073503847
0.6460000000 0.3452003236 1.5226733330 2.4727039413 19.0670134449 0.3452003236 0.5256273272 6.5819392104 0.0088905062
0.6470000000 0.3452005470 1.5226730138 2.4727042902 19.0670038923 0.3452005470 0.5256275573 6.5819401740 0.0079863019
0.6480000000 0.3452246934 1.5226725808 2.4727047636 19.0657541239 0.3452246934 0.5256641749 6.5819691218 0.0059546201
0.6490000000 0.3452571086 1.5226720558 2.4727053376 19.0640762902 0.3452571086 0.5257133514 6.5820078588 0.0036564590
0.6500000000 0.3452707696 1.5226714724 2.4727059755 19.0633715984 0.3452707696 0.5257339512 6.5820249835 0.0015545687
0.6510000000 0.3452484909 1.5226708661 2.4727066384 19.0645308193 0.3452484909 0.5256998187 6.5820004951 0.0000779137
0.6520000000 0.3452004371 1.5226702655 2.4727072951 19.0670271719 0.3452004371 0.5256264412 6.5819461141 0.0010513907
0.6530000000 0.3451621303 1.5226696859 2.4727079286 19.0690183191 0.3451621303 0.5255679125 6.5819029857 0.0012705635
0.6540000000 0.3451692290 1.5226691287 2.4727085377 19.0686535534 0.3451692290 0.5255785292 6.5819124449 0.0008014173
0.6550000000 0.3452271640 1.5226685833 2.4727091340 19.0656515387 0.3452271640 0.5256665567 6.5819808106 0.0001587003
0.6560000000 0.3452998845 1.5226680316 2.4727097373 19.0618839645 0.3452998845 0.5257770954 6.5820663307 0.0013343280
0.6570000000 0.3453304139 1.5226674522 2.4727103710 19.0603049640 0.3453304139 0.5258233814 6.5821030017 0.0023983423
0.6580000000 0.3452836280 1.5226668253 2.4727110565 19.0627345605 0.3452836280 0.5257519257 6.5820501491 0.0030291746
0.6590000000 0.3451792092 1.5226661386 2.4727118074 19.0681548662 0.3451792092 0.5255926935 6.5819306171 0.0029854555
0.6600000000 0.3450868527 1.5226653923 2.4727126231 19.0729526450 0.3450868527 0.5254518079 6.5818251994 0.0021873693
0.6610000000 0.3450815734 1.5226646037 2.4727134850 19.0732317430 0.3450815734 0.5254434972 6.5818208197 0.0007574029
0.6620000000 0.3451875074 1.5226638049 2.4727143583 19.0677392621 0.3451875074 0.5256045234 6.5819453873 0.0009764356
0.6630000000 0.3453493376 1.5226630333 2.4727152019 19.0593523036 0.3453493376 0.5258506699 6.5821346928 0.0024608527
0.6640000000 0.3454575719 1.5226623171 2.4727159853 19.0537486551 0.3454575719 0.5260152269 6.5822617454 0.0030258333
0.6650000000 0.3454203297 1.5226616607 2.4727167035 19.0556821858 0.3454203297 0.5259582928 6.5822200225 0.0021909053
0.6660000000 0.3452329533 1.5226610408 2.4727173814 19.0653994997 0.3452329533 0.5256727680 6.5820041756 0.0000359528
0.6670000000 0.3449967375 1.5226604131 2.4727180674 19.0776636789 0.3449967375 0.5253128748 6.5817317280 0.0025573977
0.6680000000 0.3448696706 1.5226597280 2.4727188157 19.0842700828 0.3448696706 0.5251191588 6.5815859371 0.0042905838
0.6690000000 0.3449639241 1.5226589509 2.4727196646 19.0793774505 0.3449639241 0.5252624067 6.5816969141 0.0044686176
0.6700000000 0.3452612722 1.5226580766 2.4727206201 19.0639497484 0.3452612722 0.5257148646 6.5820435425 0.0032122191
0.6710000000 0.3456036714 1.5226571338 2.4727216514 19.0462170799 0.3456036714 0.5262358957 6.5824425488 0.0009620112
0.6720000000 0.3457725523 1.5226561784 2.4727226971 19.0374868986 0.3457725523 0.5264927131 6.5826404340 0.0018213309
0.6730000000 0.3456177515 1.5226552789 2.4727236817 19.0455002430 0.3456177515 0.5262566938 6.5824629707 0.0045807977
0.6740000000 0.3451728109 1.5226544930 2.4727245413 19.0685613288 0.3451728109 0.5255789314 6.5819489138 0.0066622676
0.6750000000 0.3446641249 1.5226538487 2.4727252448 19.0949976251 0.3446641249 0.5248041563 6.5813606462 0.0074361167
0.6760000000 0.3443996520 1.5226533391 2.4727258006 19.1087741908 0.3443996520 0.5244012801 6.5810551815 0.0064097073
0.6770000000 0.3445923178 1.5226529273 2.4727262492 19.0987410131 0.3445923178 0.5246945014 6.5812794324 0.0035289941
0.6780000000 0.3452183130 1.5226525589 2.4727266510 19.0662130906 0.3452183130 0.5256475478 6.5820059194 0.0004527498
0.6790000000 0.3459915358 1.5226521736 2.4727270722 19.0261969899 0.3459915358 0.5268247640 6.5829031166 0.0039738771
0.6800000000 0.3464771455 1.5226517198 2.4727275694 19.0011582019 0.3464771455 0.5275640215 6.5834670559 0.0056350425
0.6810000000 0.3463317518 1.5226511693 2.4727281728 19.0086519481 0.3463317518 0.5273424469 6.5832997287 0.0053381900
0.6820000000 0.3455142085 1.5226505236 2.4727288799 19.0508907336 0.3455142085 0.5260973905 6.5823534334 0.0037300002
0.6830000000 0.3443555554 1.5226498106 2.4727296589 19.1110953625 0.3443555554 0.5243329213 6.5810118588 0.0014371109
0.6840000000 0.3434346567 1.5226490769 2.4727304586 19.1592368793 0.3434346567 0.5229304629 6.5799459397 0.0011284993
0.6850000000 0.3433097704 1.5226483757 2.4727312220 19.1657892595 0.3433097704 0.5227400642 6.5798027099 0.0036145823
0.6860000000 0.3442022915 1.5226477531 2.4727319008 19.1191019931 0.3442022915 0.5240988457 6.5808387169 0.0055971631
0.6870000000 0.3458271556 1.5226472364 2.4727324666 19.0347210747 0.3458271556 0.5265727628 6.5827234474 0.0066256299
0.6880000000 0.3474689990 1.5226468280 2.4727329164 18.9502592866 0.3474689990 0.5290725692 6.5846276256 0.0062894640
0.6890000000 0.3482893804 1.5226465083 2.4727332707 18.9083552952 0.3482893804 0.5303216089 6.5855793498 0.0043866002
0.6900000000 0.3477284240 1.5226462411 2.4727335675 18.9369899610 0.3477284240 0.5294673778 6.5849296751 0.0012060722
0.6910000000 0.3458077554 1.5226459817 2.4727338546 19.0357320358 0.3458077554 0.5265427892 6.5827037676 0.0022799622
0.6920000000 0.3432184343 1.5226456853 2.4727341796 19.1705985471 0.3432184343 0.5226000681 6.5797028185 0.0046945666
0.6930000000 0.3410859778 1.5226453197 2.4727345769 19.2832073233 0.3410859778 0.5193529677 6.5772316252 0.0052581996
0.6940000000 0.3404820823 1.5226448752 2.4727350577 19.3153557483 0.3404820823 0.5184332978 6.5765325463 0.0041662480
0.6950000000 0.3419336668 1.5226443672 2.4727356073 19.2382821724 0.3419336668 0.5206433718 6.5782163670 0.0020309877
0.6960000000 0.3451319535 1.5226438314 2.4727361900 19.0707496153 0.3451319535 0.5255130400 6.5819250694 0.0005217950
0.6970000000 0.3489693616 1.5226433121 2.4727367594 18.8737905079 0.3489693616 0.5313558647 6.5863746254 0.0028976095
0.6980000000 0.3519019135 1.5226428471 2.4727372736 18.7261702366 0.3519019135 0.5358209314 6.5897751383 0.0045330090
0.6990000000 0.3525712532 1.5226424559 2.4727377082 18.6928227058 0.3525712532 0.5368399589 6.5905519272 0.0051228692
0.7000000000 0.3503685811 1.5226421384 2.4727380604 18.8030537343 0.3503685811 0.5334859655 6.5879992566 0.0044767975
0.7010000000 0.3457320344 1.5226418771 2.4727383473 19.0396735201 0.3457320344 0.5264260739 6.5826250608 0.0023886133
0.7020000000 0.3400617946 1.5226416397 2.4727386038 19.3378163402 0.3400617946 0.5177922486 6.5760525287 0.0009012126
0.7030000000 0.3353200026 1.5226413828 2.4727388773 19.5948832617 0.3353200026 0.5105721125 6.5705563069 0.0042152880
0.7040000000 0.3333851762 1.5226410637 2.4727392150 19.7018781021 0.3333851762 0.5076259593 6.5683141029 0.0060794585
0.7050000000 0.3353642678 1.5226406541 2.4727396503 19.5924545668 0.3353642678 0.5106392681 6.5706091803 0.0060661032
0.7060000000 0.3411581522 1.5226401496 2.4727401935 19.2794063528 0.3411581522 0.5194610999 6.5773266472 0.0046534225
0.7070000000 0.3493869926 1.5226395696 2.4727408301 18.8526392733 0.3493869926 0.5319904600 6.5868669378 0.0024956513
0.7080000000 0.3577127274 1.5226389509 2.4727415235 18.4408301735 0.3577127274 0.5446673319 6.5965196561 0.0000852343
0.7090000000 0.3634609925 1.5226383382 2.4727422218 18.1675191350 0.3634609925 0.5534196416 6.6031845361 0.0022794804
0.7100000000 0.3644128726 1.5226377745 2.4727428695 18.1230954539 0.3644128726 0.5548688054 6.6042892753 0.0043865548
0.7110000000 0.3595602836 1.5226372923 2.4727434208 18.3520413879 0.3595602836 0.5474798966 6.5986652057 0.0060644057
0.7120000000 0.3495093913 1.5226369094 2.4727438492 18.8464605512 0.3495093913 0.5321758994 6.5870149563 0.0068404241
0.7130000000 0.3364322045 1.5226366233 2.4727441561 19.5339692871 0.3364322045 0.5122639959 6.5718563508 0.0059563840
0.7140000000 0.3235568552 1.5226364087 2.4727443724 20.2651603012 0.3235568552 0.4926594480 6.5569315373 0.0031389623
0.7150000000 0.3143573456 1.5226362235 2.4727445472 20.8242874092 0.3143573456 0.4786518816 6.5462677146 0.0008016821
0.7160000000 0.3117430110 1.5226360199 2.4727447345 20.9892035802 0.3117430110 0.4746711375 6.5432375219 0.0042450474
0.7170000000 0.3171899946 1.5226357579 2.4727449809 20.6486721592 0.3171899946 0.4829648278 6.5495522106 0.0058997156
0.7180000000 0.3303776463 1.5226354151 2.4727453184 19.8707152572 0.3303776463 0.5030447046 6.5648401372 0.0057367187
0.7190000000 0.3492328850 1.5226349897 2.4727457602 18.8604752493 0.3492328850 0.5317542103 6.5866981838 0.0044184895
0.7200000000 0.3703187629 1.5226344977 2.4727463004 17.8525714918 0.3703187629 0.5638601235 6.6111421888 0.0026113818
0.7210000000 0.3894845242 1.5226339665 2.4727469139 17.0311272926 0.3894845242 0.5930423659 6.6333605096 0.0005395029
0.7220000000 0.4026292075 1.5226334317 2.4727475571 16.5129580175 0.4026292075 0.6130566919 6.6485992000 0.0020846536
0.7230000000 0.4063975782 1.5226329396 2.4727481654 16.3705914908 0.4063975782 0.6187943391 6.6529687354 0.0052070563
0.7240000000 0.3988854801 1.5226325376 2.4727486693 16.6570657899 0.3988854801 0.6073560108 6.6442616853 0.0077296256
0.7250000000 0.3800097452 1.5226322498 2.4727490297 17.4268730165 0.3800097452 0.5786150933 6.6223815749 0.0080763256
0.7260000000 0.3515574102 1.5226320615 2.4727492598 18.7434535114 0.3515574102 0.5352925842 6.5893999750 0.0053977065
0.7270000000 0.3168739336 1.5226319277 2.4727494112 20.6681407451 0.3168739336 0.4824823683 6.5491950572 0.0009719158
0.7280000000 0.2803557734 1.5226317967 2.4727495402 23.2093074012 0.2803557734 0.4268786150 6.5068633267 0.0026055329
0.7290000000 0.2469469126 1.5226316305 2.4727496826 26.1924146934 0.2469469126 0.3760091802 6.4681359419 0.0042668674
0.7300000000 0.2213528176 1.5226314106 2.4727498524 29.0869011556 0.2213528176 0.3370387529 6.4384675269 0.0046344916
0.7310000000 0.2075287177 1.5226311308 2.4727500554 30.9472495068 0.2075287177 0.3159896860 6.4224430049 0.0045008569
0.7320000000 0.2082418229 1.5226307904 2.4727503000 30.8452454637 0.2082418229 0.3170754113 6.4232701420 0.0042899285
0.7330000000 0.2248831958 1.5226303895 2.4727506027 28.6484788453 0.2248831958 0.3424139881 6.4425614788 0.0041118799
0.7340000000 0.2574931601 1.5226299280 2.4727509881 25.1671298098 0.2574931601 0.3920667918 6.4803637858 0.0038422669
0.7350000000 0.3049758834 1.5226294078 2.4727514823 21.4292577019 0.3049758834 0.4643652487 6.5354067977 0.0031370544
0.7360000000 0.3652311017 1.5226288391 2.4727521009 18.0851407672 0.3652311017 0.5561114083 6.6052558862 0.0014460469
0.7370000000 0.4354740430 1.5226282511 2.4727528289 15.3549516728 0.4354740430 0.6630650804 6.6866828843 0.0015999929
0.7380000000 0.5126958710 1.5226276977 2.4727536056 13.2168019999 0.5126958710 0.7806449337 6.7761998130 0.0053748161
0.7390000000 0.5939020813 1.5226272375 2.4727543448 11.5681279821 0.5939020813 0.9042914854 6.8703352852 0.0093359303
0.7400000000 0.6761525731 1.5226269111 2.4727549824 10.3019367686 0.6761525731 1.0295281039 6.9656810544 0.0050541363
0.7410000000 0.7570728691 1.5226266402 2.4727556453 9.3247099450 0.7570728691 1.1527393190 7.0594849114 0.0068186703
0.7420000000 0.8344998730 1.5226262706 2.4727565920 8.5670952249 0.8344998730 1.2706314295 7.1492398773 0.0118790142
0.7430000000 0.9068339218 1.5226257142 2.4727579598 7.9762034153 0.9068339218 1.3807686477 7.2330918238 0.0121022924
0.7440000000 0.9729945823 1.5226249248 2.4727598059 7.5126711681 0.9729945823 1.4815058028 7.3097883455 0.0083267018
0.7450000000 1.0324684982 1.5226239438 2.4727620605 7.1466918548 1.0324684982 1.5720612566 7.3787342065 0.0016291595
0.7460000000 1.0847429034 1.5226229248 2.4727644668 6.8581546645 1.0847429034 1.6516544123 7.4393346030 0.0123043509
0.7470000000 1.1299289248 1.5226221944 2.4727664172 6.6302554568 1.1299289248 1.7204548589 7.4917174193 0.0177976165
0.7480000000 1.1683767593 1.5226217823 2.4727678311 6.4502211934 1.1683767593 1.7789959036 7.5362885346 0.0139216648
0.7490000000 1.2008426840 1.5226215592 2.4727689337 6.3071750463 1.2008426840 1.8284289599 7.5739250112 0.0028585525
0.7500000000 1.2275561735 1.5226213654 2.4727700355 6.1951489715 1.2275561735 1.8691032569 7.6048933654 0.0157120215
0.7510000000 1.2493354686 1.5226209596 2.4727716370 6.1073611409 1.2493354686 1.9022643700 7.6301428927 0.0159401513
0.7520000000 1.2668678789 1.5226202762 2.4727738801 6.0388858673 1.2668678789 1.9289587197 7.6504705295 0.0121785567
0.7530000000 1.2809009848 1.5226193275 2.4727767274 5.9854296874 1.2809009848 1.9503245960 7.6667427809 0.0030936944
0.7540000000 1.2918783480 1.5226183082 2.4727797377 5.9444243384 1.2918783480 1.9670376247 7.6794730943 0.0144320061
0.7550000000 1.3003998976 1.5226176217 2.4727820270 5.9130699025 1.3003998976 1.9800117994 7.6893554960 0.0168104409
0.7560000000 1.3069546549 1.5226172289 2.4727836616 5.8892303035 1.3069546549 1.9899916749 7.6969569588 0.0114928521
0.7570000000 1.3119692124 1.5226169916 2.4727849395 5.8711533696 1.3119692124 1.9976266153 7.7027724624 0.0078382827
0.7580000000 1.3157289709 1.5226166449 2.4727864388 5.8576910047 1.3157289709 2.0033508312 7.7071337575 0.0179592856
0.7590000000 1.3185417682 1.5226159975 2.4727885784 5.8476709145 1.3185417682 2.0076327895 7.7103983473 0.0149698813
0.7600000000 1.3206356837 1.5226150209 2.4727914218 5.8402410383 1.3206356837 2.0108197290 7.7128307163 0.0073965259
0.7610000000 1.3221730849 1.5226138521 2.4727946719 5.8348023409 1.3221730849 2.0131590540 7.7146186108 0.0126065878
0.7620000000 1.3232871831 1.5226130090 2.4727972190 5.8308693797 1.3232871831 2.0148542796 7.7159147162 0.0234891662
0.7630000000 1.3240932096 1.5226126082 2.4727988181 5.8280279484 1.3240932096 2.0160810155 7.7168522320 0.0259708983
0.7640000000 1.3246754396 1.5226125288 2.4727997387 5.8259774799 1.3246754396 2.0169674210 7.7175292796 0.0188310463
0.7650000000 1.3250947594 1.5226126347 2.4728002836 5.8245018821 1.3250947594 2.0176060229 7.7180169202 0.0165500412
0.7660000000 1.3253924609 1.5226125755 2.4728012101 5.8234556426 1.3253924609 2.0180592284 7.7183642049 0.0268010269
0.7670000000 1.3256062003 1.5226121963 2.4728028483 5.8227060908 1.3256062003 2.0183841681 7.7186152963 0.0199439790
0.7680000000 1.3257607021 1.5226114653 2.4728052616 5.8221660486 1.3257607021 2.0186184454 7.7187989485 0.0093269182
0.7690000000 1.3258718713 1.5226105290 2.4728081330 5.8217790634 1.3258718713 2.0187864713 7.7189331011 0.0170740975
0.7700000000 1.3259519108 1.5226099570 2.4728102484 5.8215007283 1.3259519108 2.0189075819 7.7190300141 0.0302967902
0.7710000000 1.3260107774 1.5226098176 2.4728114833 5.8212958656 1.3260107774 2.0189970279 7.7191010564 0.0323585347
0.7720000000 1.3260556351 1.5226100474 2.4728120025 5.8211394845 1.3260556351 2.0190656334 7.7191548161 0.0171130894
0.7730000000 1.3260908053 1.5226105197 2.4728121131 5.8210167687 1.3260908053 2.0191198102 7.7191968144 0.0202436607
0.7740000000 1.3261197744 1.5226106993 2.4728129948 5.8209168662 1.3261197744 2.0191641571 7.7192329615 0.0340500310
0.7750000000 1.3261451002 1.5226104786 2.4728148909 5.8208310780 1.3261451002 2.0192024256 7.7192666129 0.0290787428
0.7760000000 1.3261683937 1.5226098040 2.4728179050 5.8207538530 1.3261683937 2.0192369979 7.7192997872 0.0175198506
0.7770000000 1.3261906232 1.5226087341 2.4728218809 5.8206815819 1.3261906232 2.0192694259 7.7193333345 0.0097224257
0.7780000000 1.3262118384 1.5226079180 2.4728253740 5.8206123546 1.3262118384 2.0193006461 7.7193650113 0.0361501180
0.7790000000 1.3262321673 1.5226077179 2.4728275380 5.8205446771 1.3262321673 2.0193313336 7.7193935818 0.0368501736
0.7800000000 1.3262518417 1.5226079715 2.4728286505 5.8204780107 1.3262518417 2.0193616264 7.7194196811 0.0210607829
0.7810000000 1.3262710500 1.5226085501 2.4728289338 5.8204119162 1.3262710500 2.0193916404 7.7194438233 0.0070232504
0.7820000000 1.3262899755 1.5226089988 2.4728293053 5.8203467860 1.3262899755 2.0194210517 7.7194675962 0.0434687717
0.7830000000 1.3263088628 1.5226088750 2.4728307024 5.8202828533 1.3263088628 2.0194496455 7.7194927323 0.0405793409
0.7840000000 1.3263276536 1.5226080931 2.4728333218 5.8202205637 1.3263276536 2.0194772194 7.7195194835 0.0257315597
0.7850000000 1.3263463070 1.5226065940 2.4728373220 5.8201602692 1.3263463070 2.0195036329 7.7195480790 0.0099848234
0.7860000000 1.3263643824 1.5226047301 2.4728419938 5.8201027179 1.3263643824 2.0195286825 7.7195769469 0.0223574523
0.7870000000 1.3263808631 1.5226036191 2.4728450022 5.8200487829 1.3263808631 2.0195523024 7.7196013277 0.0362253121
0.7880000000 1.3263957094 1.5226032589 2.4728464107 5.8199987198 1.3263957094 2.0195744297 7.7196213308 0.0445531802
0.7890000000 1.3264090377 1.5226034927 2.4728466042 5.8199526066 1.3264090377 2.0195950335 7.7196377364 0.0303898405
0.7900000000 1.3264210742 1.5226042288 2.4728458095 5.8199099358 1.3264210742 2.0196143366 7.7196511885 0.0103077559
0.7910000000 1.3264322464 1.5226047515 2.4728455915 5.8198710643 1.3264322464 2.0196320410 7.7196646497 0.0465474420
0.7920000000 1.3264430283 1.5226046387 2.4728468619 5.8198354029 1.3264430283 2.0196483078 7.7196800958 0.0425680499
0.7930000000 1.3264535547 1.5226038585 2.4728496857 5.8198025511 1.3264535547 2.0196633006 7.7196977815 0.0271160122
0.7940000000 1.3264640249 1.5226023329 2.4728542198 5.8197719855 1.3264640249 2.0196772189 7.7197181722 0.0083307617
0.7950000000 1.3264741533 1.5226005195 2.4728594709 5.8197435346 1.3264741533 2.0196902349 7.7197393776 0.0316017784
0.7960000000 1.3264831094 1.5225996854 2.4728626982 5.8197168801 1.3264831094 2.0197027650 7.7197561427 0.0537782403
0.7970000000 1.3264912451 1.5225996837 2.4728641833 5.8196910919 1.3264912451 2.0197151502 7.7197692828 0.0509836478
0.7980000000 1.3264988694 1.5226004350 2.4728640617 5.8196652196 1.3264988694 2.0197277555 7.7197793339 0.0269216747
0.7990000000 1.3265060995 1.5226019200 2.4728623451 5.8196388433 1.3265060995 2.0197407339 7.7197864223 0.0066311040
0.8000000000 1.3265139905 1.5226031736 2.4728610667 5.8196106190 1.3265139905 2.0197544118 7.7197949055 0.0480387064
0.8010000000 1.3265232538 1.5226034196 2.4728618753 5.8195799731 1.3265232538 2.0197688424 7.7198081614 0.0566369581
0.8020000000 1.3265338059 1.5226027529 2.4728645724 5.8195469691 1.3265338059 2.0197840247 7.7198257892 0.0375782587
0.8030000000 1.3265457848 1.5226010024 2.4728695476 5.8195115958 1.3265457848 2.0197999417 7.7198485769 0.0210112350
0.8040000000 1.3265590312 1.5225982881 2.4728765790 5.8194741781 1.3265590312 2.0198165099 7.7198760277 0.0119122768
0.8050000000 1.3265722134 1.5225961829 2.4728823494 5.8194355376 1.3265722134 2.0198337885 7.7199014819 0.0423460977
0.8060000000 1.3265845956 1.5225954407 2.4728852978 5.8193964650 1.3265845956 2.0198516570 7.7199217064 0.0600731297
0.8070000000 1.3265963490 1.5225957177 2.4728861931 5.8193572855 1.3265963490 2.0198699201 7.7199381282 0.0468351842
0.8080000000 1.3266073861 1.5225970147 2.4728850443 5.8193183230 1.3266073861 2.0198884459 7.7199506697 0.0223689026
0.8090000000 1.3266177815 1.5225991466 2.4728822399 5.8192797670 1.3266177815 2.0199071020 7.7199600145 0.0208086692
0.8100000000 1.3266287943 1.5226004748 2.4728812568 5.8192412514 1.3266287943 2.0199256320 7.7199730051 0.0512574934
0.8110000000 1.3266406195 1.5226006967 2.4728826828 5.8192027384 1.3266406195 2.0199439316 7.7199907259 0.0613552364
0.8120000000 1.3266532115 1.5225998549 2.4728863679 5.8191641700 1.3266532115 2.0199619874 7.7200128343 0.0399768117
0.8130000000 1.3266667969 1.5225976596 2.4728928846 5.8191253877 1.3266667969 2.0199797601 7.7200404391 0.0202956581
0.8140000000 1.3266811540 1.5225943625 2.4729016603 5.8190864754 1.3266811540 2.0199972458 7.7200723601 0.0182574659
0.8150000000 1.3266945055 1.5225921104 2.4729080799 5.8190482468 1.3266945055 2.0200145869 7.7200993362 0.0480173018
0.8160000000 1.3267063915 1.5225914469 2.4729109951 5.8190109818 1.3267063915 2.0200318043 7.7201190617 0.0651981464
0.8170000000 1.3267171286 1.5225919972 2.4729112444 5.8189745772 1.3267171286 2.0200488826 7.7201332424 0.0470042560
0.8180000000 1.3267265517 1.5225939109 2.4729085443 5.8189393063 1.3267265517 2.0200657691 7.7201412806 0.0258808795
0.8190000000 1.3267346615 1.5225971608 2.4729029852 5.8189052960 1.3267346615 2.0200824287 7.7201433482 0.0065436044
0.8200000000 1.3267428052 1.5225999803 2.4728983791 5.8188723077 1.3267428052 2.0200985689 7.7201469685 0.0431484230
0.8210000000 1.3267520460 1.5226010262 2.4728976097 5.8188399956 1.3267520460 2.0201140268 7.7201578695 0.0674773476
0.8220000000 1.3267620086 1.5226007574 2.4728996781 5.8188084944 1.3267620086 2.0201288391 7.7201740455 0.0581228465
0.8230000000 1.3267728075 1.5225990368 2.4729048495 5.8187776928 1.3267728075 2.0201429988 7.7201960158 0.0342195238
0.8240000000 1.3267846801 1.5225955316 2.4729138052 5.8187475346 1.3267846801 2.0201564253 7.7202250861 0.0118059024
0.8250000000 1.3267968099 1.5225911676 2.4729245217 5.8187184836 1.3267968099 2.0201691040 7.7202571217 0.0305560800
0.8260000000 1.3268069333 1.5225888175 2.4729308098 5.8186912016 1.3268069333 2.0201813997 7.7202798289 0.0537458703
0.8270000000 1.3268153727 1.5225882540 2.4729331398 5.8186650960 1.3268153727 2.0201935017 7.7202942978 0.0681505954
0.8280000000 1.3268226060 1.5225890376 2.4729324585 5.8186396035 1.3268226060 2.0202055547 7.7203025620 0.0452175064
0.8290000000 1.3268285250 1.5225913819 2.4729283250 5.8186145983 1.3268285250 2.0202176775 7.7203038253 0.0233610445
0.8300000000 1.3268332447 1.5225951046 2.4729211575 5.8185901876 1.3268332447 2.0202298030 7.7202988980 0.0141471897
0.8310000000 1.3268389292 1.5225978874 2.4729159647 5.8185646782 1.3268389292 2.0202421505 7.7202981270 0.0464035589
0.8320000000 1.3268465452 1.5225988173 2.4729147557 5.8185370714 1.3268465452 2.0202549805 7.7203058112 0.0693830807
0.8330000000 1.3268556928 1.5225983381 2.4729166257 5.8185077424 1.3268556928 2.0202682728 7.7203201217 0.0543992540
0.8340000000 1.3268664263 1.5225962205 2.4729221039 5.8184771487 1.3268664263 2.0202818057 7.7203419806 0.0342909041
0.8350000000 1.3268788006 1.5225920011 2.4729322060 5.8184463054 1.3268788006 2.0202950483 7.7203730552 0.0152951591
0.8360000000 1.3268920924 1.5225864086 2.4729453789 5.8184159362 1.3268920924 2.0203078656 7.7204100960 0.0220824728
0.8370000000 1.3269037932 1.5225827674 2.4729544914 5.8183864748 1.3269037932 2.0203208495 7.7204390836 0.0487544744
0.8380000000 1.3269134706 1.5225815407 2.4729585197 5.8183582159 1.3269134706 2.0203339563 7.7204578932 0.0744170415
0.8390000000 1.3269215596 1.5225819919 2.4729589886 5.8183313833 1.3269215596 2.0203468714 7.7204693536 0.0563166094
0.8400000000 1.3269278612 1.5225841673 2.4729557299 5.8183064293 1.3269278612 2.0203593527 7.7204729061 0.0310655905
0.8410000000 1.3269319880 1.5225882348 2.4729483035 5.8182841406 1.3269319880 2.0203710333 7.7204673414 0.0078855975
0.8420000000 1.3269355943 1.5225929448 2.4729393319 5.8182617467 1.3269355943 2.0203827741 7.7204586086 0.0223432924
0.8430000000 1.3269412025 1.5225959770 2.4729337832 5.8182362180 1.3269412025 2.0203953367 7.7204573637 0.0464183178
0.8440000000 1.3269485723 1.5225970163 2.4729323013 5.8182091324 1.3269485723 2.0204079370 7.7204643015 0.0745586478
0.8450000000 1.3269568384 1.5225963739 2.4729341711 5.8181826538 1.3269568384 2.0204196705 7.7204772596 0.0574680642
0.8460000000 1.3269660326 1.5225935761 2.4729403457 5.8181577457 1.3269660326 2.0204299570 7.7204977009 0.0334180590
0.8470000000 1.3269766391 1.5225881688 2.4729518666 5.8181339786 1.3269766391 2.0204389309 7.7205278725 0.0139357445
0.8480000000 1.3269892980 1.5225811799 2.4729669032 5.8181072209 1.3269892980 2.0204489310 7.7205660166 0.0182975566
0.8490000000 1.3270016958 1.5225762561 2.4729777786 5.8180766850 1.3270016958 2.0204612738 7.7205976273 0.0442623400
0.8500000000 1.3270117226 1.5225743267 2.4729820751 5.8180466388 1.3270117226 2.0204739801 7.7206160926 0.0804279077
0.8510000000 1.3270191033 1.5225744856 2.4729814178 5.8180197304 1.3270191033 2.0204854287 7.7206233257 0.0754646510
0.8520000000 1.3270236686 1.5225767114 2.4729761267 5.8179971235 1.3270236686 2.0204953332 7.7206198866 0.0347990495
0.8530000000 1.3270267633 1.5225811781 2.4729673181 5.8179764650 1.3270267633 2.0205059727 7.7206104775 0.0094480825
0.8540000000 1.3270316144 1.5225866456 2.4729584780 5.8179511050 1.3270316144 2.0205206144 7.7206050474 0.0097360902
0.8550000000 1.3270380402 1.5225914249 2.4729501773 5.8179201852 1.3270380402 2.0205367406 7.7206014007 0.0339697594
0.8560000000 1.3270434748 1.5225939235 2.4729424423 5.8178903388 1.3270434748 2.0205483309 7.7205934111 0.0609453181
0.8570000000 1.3270474691 1.5225940828 2.4729384042 5.8178689515 1.3270474691 2.0205546241 7.7205882677 0.0389556387
0.8580000000 1.3270532132 1.5225933181 2.4729434999 5.8178572218 1.3270532132 2.0205623552 7.7206061203 0.0471502788
0.8590000000 1.3270636105 1.5225921937 2.4729584234 5.8178471237 1.3270636105 2.0205766939 7.7206532091 0.0772598560
0.8600000000 1.3270781076 1.5225875803 2.4729757368 5.8178218230 1.3270781076 2.0205926447 7.7207039749 0.0449398847
0.8610000000 1.3270906937 1.5225753469 2.4729807899 5.8177685324 1.3270906937 2.0205955733 7.7207064776 0.0039572905
0.8620000000 1.3270983588 1.5225616151 2.4729768482 5.8177132919 1.3270983588 2.0205890206 7.7206777618 0.1123416467
0.8630000000 1.3271085393 1.5225615482 2.4729907732 5.8177036849 1.3271085393 2.0206044323 7.7207242395 0.0794318101
0.8640000000 1.3271310507 1.5225888788 2.4730475775 5.8177732821 1.3271310507 2.0206749786 7.7209475688 0.0312410609
0.8650000000 1.3271506690 1.5226149954 2.4730909441 5.8178258735 1.3271506690 2.0207395098 7.7211315000 0.1168886173
0.8660000000 1.3271243309 1.5225785760 2.4729944697 5.8176811412 1.3271243309 2.0206510739 7.7207861917 0.0348236120
0.8670000000 1.3270422823 1.5224673793 2.4727357681 5.8173125067 1.3270422823 2.0203785857 7.7198196655 0.1175521598
0.8680000000 1.3270253554 1.5224388198 2.4726551273 5.8171765257 1.3270253554 2.0203149160 7.7195407465 0.0990377309
0.8690000000 1.3272648534 1.5227358832 2.4732747652 5.8179554040 1.3272648534 2.0210738188 7.7219677262 0.0005672091
0.8700000000 1.3276073875 1.5231689549 2.4741904738 5.8191373535 1.3276073875 2.0221703569 7.7255297391 0.1182176699
0.8710000000 1.3274181958 1.5229503846 2.4737155262 5.8185740082 1.3274181958 2.0215920518 7.7236810119 0.0601832338
0.8720000000 1.3261450955 1.5213880774 2.4703740034 5.8143691294 1.3261450955 2.0175813372 7.7106971043 0.0519428451
0.8730000000 1.3251896837 1.5201858438 2.4678216868 5.8110833491 1.3251896837 2.0145345974 7.7007877053 0.1183177167
0.8740000000 1.3274061429 1.5228368926 2.4735337220 5.8181010695 1.3274061429 2.0214230459 7.7229830999 0.0278554714
0.8750000000 1.3329010293 1.5294811960 2.4878584593 5.8359039040 1.3329010293 2.0386470604 7.7786823203 0.1183295414
0.8760000000 1.3338646758 1.5306700319 2.4904592186 5.8392262775 1.3338646758 2.0417066858 7.7887376655 0.0938265428
0.8770000000 1.3189972831 1.5126700788 2.4518822196 5.7913319150 1.3189972831 1.9952077241 7.6387510616 0.0048183991
0.8780000000 1.2990787519 1.4881216173 2.4001852789 5.7262671702 1.2990787519 1.9331871733 7.4388720086 0.1183401395
0.8790000000 1.3114710324 1.5038421963 2.4331216678 5.7689243359 1.3114710324 1.9722454778 7.5657771549 0.0530172135
0.8800000000 1.3844770485 1.5922436173 2.6260796753 6.0096263866 1.3844770485 2.2044247437 8.3201898023 0.0749621061
0.8810000000 1.4302555825 1.6464743550 2.7517295219 6.1652951872 1.4302555825 2.3548791377 8.8179478593 0.1183418060
0.8820000000 1.2679014459 1.4659524822 2.3498941605 5.7079405522 1.2679014459 1.8586832717 7.2371060791 0.0457739837
0.8830000000 0.8861069669 0.9050288192 1.4156770430 4.4036304238 0.8861069669 0.8019523419 3.9020875981 0.0107214281
0.8840000000 0.6129401716 0.3049410185 0.7894454828 3.2664069905 0.6129401716 0.1869106002 2.0021120614 0.0627510717
0.8850000000 0.5223023772 0.0588477750 0.6090279938 2.9168436397 0.5223023772 0.0307363328 1.5234743670 0.0832142387
0.8860000000 0.5036001450 0.0091839391 0.5768300638 2.8635742305 0.5036001450 0.0046250330 1.4420963976 0.0870958715
0.8870000000 0.5005410777 0.0013700475 0.5718668077 2.8562440776 0.5005410777 0.0006857650 1.4296674889 0.0877124907
0.8880000000 0.5000800829 0.0002025623 0.5711280745 2.8551830904 0.5000800829 0.0001012974 1.4278201964 0.0877356891
0.8890000000 0.5000117416 0.0000296938 0.5710187733 2.8550268217 0.5000117416 0.0000148473 1.4275469334 0.0872144908
0.8900000000 0.5000016660 0.0000042130 0.5710026635 2.8550038051 0.5000016660 0.0000021065 1.4275066589 0.0836408370
0.8910000000 0.5000002102 0.0000005316 0.5710003361 2.8550004802 0.5000002102 0.0000002658 1.4275008403 0.0635895190
0.8920000000 0.5000000208 0.0000000525 0.5710000332 2.8550000475 0.5000000208 0.0000000263 1.4275000831 0.0205405237
0.8930000000 0.5000000016 0.0000000041 0.5710000026 2.8550000037 0.5000000016 0.0000000021 1.4275000065 0.0024982009
0.8940000000 0.5000000001 0.0000000003 0.5710000002 2.8550000003 0.5000000001 0.0000000001 1.4275000005 0.0001990510
0.8950000000 0.5000000000 0.0000000000 0.5710000000 2.8550000000 0.5000000000 0.0000000000 1.4275000000 0.0000142095
0.8960000000 0.5000000000 0.0000000000 0.5710000000 2.8550000000 0.5000000000 0.0000000000 1.4275000000 0.0000009994
0.8970000000 0.5000000000 0.0000000000 0.5710000000 2.8550000000 0.5000000000 0.0000000000 1.4275000000 0.0000000702
0.8980000000 0.5000000000 0.0000000000 0.5710000000 2.8550000000 0.5000000000 0.0000000000 1.4275000000 0.0000000049
0.8990000000 0.5000000000 0.0000000000 0.5710000000 2.8550000000 0.5000000000 0.0000000000 1.4275000000 0.0000000003
0.9000000000 0.5000000000 0.0000000000 0.5710000000 2.8550000000 0.5000000000 0.0000000000 1.4275000000 0.0000000000
0.9010000000 0.5000000000 0.0000000000 0.5710000000 2.8550000000 0.5000000000 0.0000000000 1.4275000000 0.0000000000
0.9020000000 0.5000000000 0.0000000000 0.5710000000 2.8550000000 0.5000000000 0.0000000000 1.4275000000 0.0000000000
0.9030000000 0.5000000000 0.0000000000 0.5710000000 2.8550000000 0.5000000000 0.0000000000 1.4275000000 0.0000000000
0.9040000000 0.5000000000 0.0000000000 0.5710000000 2.8550000000 0.5000000000 0.0000000000 1.4275000000 0.0000000000
0.9050000000 0.5000000000 0.0000000000 0.5710000000 2.8550000000 0.5000000000 0.0000000000 1.4275000000 0.0000000000
0.9060000000 0.5000000000 0.0000000000 0.5710000000 2.8550000000 0.5000000000 0.0000000000 1.4275000000 0.0000000000
0.9070000000 0.5000000000 0.0000000000 0.5710000000 2.8550000000 0.5000000000 0.0000000000 1.4275000000 0.0000000000
0.9080000000 0.5000000000 0.0000000000 0.5710000000 2.8550000000 0.5000000000 0.0000000000 1.4275000000 0.0000000000
0.9090000000 0.5000000000 0.0000000000 0.5710000000 2.8550000000 0.5000000000 0.0000000000 1.4275000000 0.0000000000
0.9100000000 0.5000000000 0.0000000000 0.5710000000 2.8550000000 0.5000000000 0.0000000000 1.4275000000 0.0000000000
0.9110000000 0.5000000000 0.0000000000 0.5710000000 2.8550000000 0.5000000000 0.0000000000 1.4275000000 0.0000000000
0.9120000000 0.5000000000 0.0000000000 0.5710000000 2.8550000000 0.5000000000 0.0000000000 1.4275000000 0.0000000000
0.9130000000 0.5000000000 0.0000000000 0.5710000000 2.8550000000 0.5000000000 0.0000000000 1.4275000000 0.0000000000
0.9140000000 0.5000000000 0.0000000000 0.5710000000 2.8550000000 0.5000000000 0.0000000000 1.4275000000 0.0000000000
0.9150000000 0.5000000000 0.0000000000 0.5710000000 2.8550000000 0.5000000000 0.0000000000 1.4275000000 0.0000000000
0.9160000000 0.5000000000 0.0000000000 0.5710000000 2.8550000000 0.5000000000 0.0000000000 1.4275000000 0.0000000000
0.9170000000 0.5000000000 0.0000000000 0.5710000000 2.8550000000 0.5000000000 0.0000000000 1.4275000000 0.0000000000
0.9180000000 0.5000000000 0.0000000000 0.5710000000 2.8550000000 0.5000000000 0.0000000000 1.4275000000 0.0000000000
0.9190000000 0.5000000000 0.0000000000 0.5710000000 2.8550000000 0.5000000000 0.0000000000 1.4275000000 0.0000000000
0.9200000000 0.5000000000 0.0000000000 0.5710000000 2.8550000000 0.5000000000 0.0000000000 1.4275000000 0.0000000000
0.9210000000 0.5000000000 0.0000000000 0.5710000000 2.8550000000 0.5000000000 0.0000000000 1.4275000000 0.0000000000
0.9220000000 0.5000000000 0.0000000000 0.5710000000 2.8550000000 0.5000000000 0.0000000000 1.4275000000 0.0000000000
0.9230000000 0.5000000000 0.0000000000 0.5710000000 2.8550000000 0.5000000000 0.0000000000 1.4275000000 0.0000000000
0.9240000000 0.5000000000 0.0000000000 0.5710000000 2.8550000000 0.5000000000 0.0000000000 1.4275000000 0.0000000000
0.9250000000 0.5000000000 0.0000000000 0.5710000000 2.8550000000 0.5000000000 0.0000000000 1.4275000000 0.0000000000
0.9260000000 0.5000000000 0.0000000000 0.5710000000 2.8550000000 0.5000000000 0.0000000000 1.4275000000 0.0000000000
0.9270000000 0.5000000000 0.0000000000 0.5710000000 2.8550000000 0.5000000000 0.0000000000 1.4275000000 0.0000000000
0.9280000000 0.5000000000 0.0000000000 0.5710000000 2.8550000000 0.5000000000 0.0000000000 1.4275000000 0.0000000000
0.9290000000 0.5000000000 0.0000000000 0.5710000000 2.8550000000 0.5000000000 0.0000000000 1.4275000000 0.0000000000
0.9300000000 0.5000000000 0.0000000000 0.5710000000 2.8550000000 0.5000000000 0.0000000000 1.4275000000 0.0000000000
0.9310000000 0.5000000000 0.0000000000 0.5710000000 2.8550000000 0.5000000000 0.0000000000 1.4275000000 0.0000000000
0.9320000000 0.5000000000 0.0000000000 0.5710000000 2.8550000000 0.5000000000 0.0000000000 1.4275000000 0.0000000000
0.9330000000 0.5000000000 0.0000000000 0.5710000000 2.8550000000 0.5000000000 0.0000000000 1.4275000000 0.0000000000
0.9340000000 0.5000000000 0.0000000000 0.5710000000 2.8550000000 0.5000000000 0.0000000000 1.4275000000 0.0000000000
0.9350000000 0.5000000000 0.0000000000 0.5710000000 2.8550000000 0.5000000000 0.0000000000 1.4275000000 0.0000000000
0.9360000000 0.5000000000 0.0000000000 0.5710000000 2.8550000000 0.5000000000 0.0000000000 1.4275000000 0.0000000000
0.9370000000 0.5000000000 0.0000000000 0.5710000000 2.8550000000 0.5000000000 0.0000000000 1.4275000000 0.0000000000
0.9380000000 0.5000000000 0.0000000000 0.5710000000 2.8550000000 0.5000000000 0.0000000000 1.4275000000 0.0000000000
0.9390000000 0.5000000000 0.0000000000 0.5710000000 2.8550000000 0.5000000000 0.0000000000 1.4275000000 0.0000000000
0.9400000000 0.5000000000 0.0000000000 0.5710000000 2.8550000000 0.5000000000 0.0000000000 1.4275000000 0.0000000000
0.9410000000 0.5000000000 0.0000000000 0.5710000000 2.8550000000 0.5000000000 0.0000000000 1.4275000000 0.0000000000
0.9420000000 0.5000000000 0.0000000000 0.5710000000 2.8550000000 0.5000000000 0.0000000000 1.4275000000 0.0000000000
0.9430000000 0.5000000000 0.0000000000 0.5710000000 2.8550000000 0.5000000000 0.0000000000 1.4275000000 0.0000000000
0.9440000000 0.5000000000 0.0000000000 0.5710000000 2.8550000000 0.5000000000 0.0000000000 1.4275000000 0.0000000000
0.9450000000 0.5000000000 0.0000000000 0.5710000000 2.8550000000 0.5000000000 0.0000000000 1.4275000000 0.0000000000
0.9460000000 0.5000000000 0.0000000000 0.5710000000 2.8550000000 0.5000000000 0.0000000000 1.4275000000 0.0000000000
0.9470000000 0.5000000000 0.0000000000 0.5710000000 2.8550000000 0.5000000000 0.0000000000 1.4275000000 0.0000000000
0.9480000000 0.5000000000 0.0000000000 0.5710000000 2.8550000000 0.5000000000 0.0000000000 1.4275000000 0.0000000000
0.9490000000 0.5000000000 0.0000000000 0.5710000000 2.8550000000 0.5000000000 0.0000000000 1.4275000000 0.0000000000
0.9500000000 0.5000000000 0.0000000000 0.5710000000 2.8550000000 0.5000000000 0.0000000000 1.4275000000 0.0000000000
0.9510000000 0.5000000000 0.0000000000 0.5710000000 2.8550000000 0.5000000000 0.0000000000 1.4275000000 0.0000000000
0.9520000000 0.5000000000 0.0000000000 0.5710000000 2.8550000000 0.5000000000 0.0000000000 1.4275000000 0.0000000000
0.9530000000 0.5000000000 0.0000000000 0.5710000000 2.8550000000 0.5000000000 0.0000000000 1.4275000000 0.0000000000
0.9540000000 0.5000000000 0.0000000000 0.5710000000 2.8550000000 0.5000000000 0.0000000000 1.4275000000 0.0000000000
0.9550000000 0.5000000000 0.0000000000 0.5710000000 2.8550000000 0.5000000000 0.0000000000 1.4275000000 0.0000000000
0.9560000000 0.5000000000 0.0000000000 0.5710000000 2.8550000000 0.5000000000 0.0000000000 1.4275000000 0.0000000000
0.9570000000 0.5000000000 0.0000000000 0.5710000000 2.8550000000 0.5000000000 0.0000000000 1.4275000000 0.0000000000
0.9580000000 0.5000000000 0.0000000000 0.5710000000 2.8550000000 0.5000000000 0.0000000000 1.4275000000 0.0000000000
0.9590000000 0.5000000000 0.0000000000 0.5710000000 2.8550000000 0.5000000000 0.0000000000 1.4275000000 0.0000000000
0.9600000000 0.5000000000 0.0000000000 0.5710000000 2.8550000000 0.5000000000 0.0000000000 1.4275000000 0.0000000000
0.9610000000 0.5000000000 0.0000000000 0.5710000000 2.8550000000 0.5000000000 0.0000000000 1.4275000000 0.0000000000
0.9620000000 0.5000000000 0.0000000000 0.5710000000 2.8550000000 0.5000000000 0.0000000000 1.4275000000 0.0000000000
0.9630000000 0.5000000000 0.0000000000 0.5710000000 2.8550000000 0.5000000000 0.0000000000 1.4275000000 0.0000000000
0.9640000000 0.5000000000 0.0000000000 0.5710000000 2.8550000000 0.5000000000 0.0000000000 1.4275000000 0.0000000000
0.9650000000 0.5000000000 0.0000000000 0.5710000000 2.8550000000 0.5000000000 0.0000000000 1.4275000000 0.0000000000
0.9660000000 0.5000000000 0.0000000000 0.5710000000 2.8550000000 0.5000000000 0.0000000000 1.4275000000 0.0000000000
0.9670000000 0.5000000000 0.0000000000 0.5710000000 2.8550000000 0.5000000000 0.0000000000 1.4275000000 0.0000000000
0.9680000000 0.5000000000 0.0000000000 0.5710000000 2.8550000000 0.5000000000 0.0000000000 1.4275000000 0.0000000000
0.9690000000 0.5000000000 0.0000000000 0.5710000000 2.8550000000 0.5000000000 0.0000000000 1.4275000000 0.0000000000
0.9700000000 0.5000000000 0.0000000000 0.5710000000 2.8550000000 0.5000000000 0.0000000000 1.4275000000 0.0000000000
0.9710000000 0.5000000000 0.0000000000 0.5710000000 2.8550000000 0.5000000000 0.0000000000 1.4275000000 0.0000000000
0.9720000000 0.5000000000 0.0000000000 0.5710000000 2.8550000000 0.5000000000 0.0000000000 1.4275000000 0.0000000000
0.9730000000 0.5000000000 0.0000000000 0.5710000000 2.8550000000 0.5000000000 0.0000000000 1.4275000000 0.0000000000
0.9740000000 0.5000000000 0.0000000000 0.5710000000 2.8550000000 0.5000000000 0.0000000000 1.4275000000 0.0000000000
0.9750000000 0.5000000000 0.0000000000 0.5710000000 2.8550000000 0.5000000000 0.0000000000 1.4275000000 0.0000000000
0.9760000000 0.5000000000 0.0000000000 0.5710000000 2.8550000000 0.5000000000 0.0000000000 1.4275000000 0.0000000000
0.9770000000 0.5000000000 0.0000000000 0.5710000000 2.8550000000 0.5000000000 0.0000000000 1.4275000000 0.0000000000
0.9780000000 0.5000000000 0.0000000000 0.5710000000 2.8550000000 0.5000000000 0.0000000000 1.4275000000 0.0000000000
0.9790000000 0.5000000000 0.0000000000 0.5710000000 2.8550000000 0.5000000000 0.0000000000 1.4275000000 0.0000000000
0.9800000000 0.5000000000 0.0000000000 0.5710000000 2.8550000000 0.5000000000 0.0000000000 1.4275000000 0.0000000000
0.9810000000 0.5000000000 0.0000000000 0.5710000000 2.8550000000 0.5000000000 0.0000000000 1.4275000000 0.0000000000
0.9820000000 0.5000000000 0.0000000000 0.5710000000 2.8550000000 0.5000000000 0.0000000000 1.4275000000 0.0000000000
0.9830000000 0.5000000000 0.0000000000 0.5710000000 2.8550000000 0.5000000000 0.0000000000 1.4275000000 0.0000000000
0.9840000000 0.5000000000 0.0000000000 0.5710000000 2.8550000000 0.5000000000 0.0000000000 1.4275000000 0.0000000000
0.9850000000 0.5000000000 0.0000000000 0.5710000000 2.8550000000 0.5000000000 0.0000000000 1.4275000000 0.0000000000
0.9860000000 0.5000000000 0.0000000000 0.5710000000 2.8550000000 0.5000000000 0.0000000000 1.4275000000 0.0000000000
0.9870000000 0.5000000000 0.0000000000 0.5710000000 2.8550000000 0.5000000000 0.0000000000 1.4275000000 0.0000000000
0.9880000000 0.5000000000 0.0000000000 0.5710000000 2.8550000000 0.5000000000 0.0000000000 1.4275000000 0.0000000000
0.9890000000 0.5000000000 0.0000000000 0.5710000000 2.8550000000 0.5000000000 0.0000000000 1.4275000000 0.0000000000
0.9900000000 0.5000000000 0.0000000000 0.5710000000 2.8550000000 0.5000000000 0.0000000000 1.4275000000 0.0000000000
0.9910000000 0.5000000000 0.0000000000 0.5710000000 2.8550000000 0.5000000000 0.0000000000 1.4275000000 0.0000000000
0.9920000000 0.5000000000 0.0000000000 0.5710000000 2.8550000000 0.5000000000 0.0000000000 1.4275000000 0.0000000000
0.9930000000 0.5000000000 0.0000000000 0.5710000000 2.8550000000 0.5000000000 0.0000000000 1.4275000000 0.0000000000
0.9940000000 0.5000000000 0.0000000000 0.5710000000 2.8550000000 0.5000000000 0.0000000000 1.4275000000 0.0000000000
0.9950000000 0.5000000000 0.0000000000 0.5710000000 2.8550000000 0.5000000000 0.0000000000 1.4275000000 0.0000000000
0.9960000000 0.5000000000 0.0000000000 0.5710000000 2.8550000000 0.5000000000 0.0000000000 1.4275000000 0.0000000000
0.9970000000 0.5000000000 0.0000000000 0.5710000000 2.8550000000 0.5000000000 0.0000000000 1.4275000000 0.0000000000
0.9980000000 0.5000000000 0.0000000000 0.5710000000 2.8550000000 0.5000000000 0.0000000000 1.4275000000 0.0000000000
0.9990000000 0.5000000000 0.0000000000 0.5710000000 2.8550000000 0.5000000000 0.0000000000 1.4275000000 0.0000000000
1.0000000000 0.5000000000 0.0000000000 0.5710000000 2.8550000000 0.5000000000 0.0000000000 1.4275000000 0.0000000000
