run_id,case_name,case,viscosity,sensor,beta,cfl,nx,mode,t_max,status,reason,solution_time,variable,L1,L2,Linf,TV,undershoot,overshoot
run_0001,visc_on_sensor_rho_beta_0p25_cfl_0p2_nx_101_mode_1,5,on,rho,0.25,0.2,101,1,0.2,completed,completed,0.2,rho,0.011328005612537296,0.025052192237297738,0.1621983888453088,0.8549932505,0.013889222725819717,0.0
run_0001,visc_on_sensor_rho_beta_0p25_cfl_0p2_nx_101_mode_1,5,on,rho,0.25,0.2,101,1,0.2,completed,completed,0.2,u,0.012310733156001522,0.023012843070109146,0.08505680744993613,0.8553506412,0.0,0.0
run_0001,visc_on_sensor_rho_beta_0p25_cfl_0p2_nx_101_mode_1,5,on,rho,0.25,0.2,101,1,0.2,completed,completed,0.2,p,0.006289693034532723,0.011352606903976362,0.03451606657393108,0.45705182859999993,0.01665168386052779,0.0
run_0002,visc_on_sensor_rho_beta_0p25_cfl_0p2_nx_201_mode_1,5,on,rho,0.25,0.2,201,1,0.2,completed,completed,0.2,rho,0.006674535118709401,0.019836651922549766,0.18353645944530883,0.8349064118,0.009414375125819718,0.0
run_0002,visc_on_sensor_rho_beta_0p25_cfl_0p2_nx_201_mode_1,5,on,rho,0.25,0.2,201,1,0.2,completed,completed,0.2,u,0.006266672045069211,0.012814265626758935,0.04738983104993613,0.7911886686000001,0.0,0.0
run_0002,visc_on_sensor_rho_beta_0p25_cfl_0p2_nx_201_mode_1,5,on,rho,0.25,0.2,201,1,0.2,completed,completed,0.2,p,0.00325853811529794,0.006510039965266952,0.024000550399999987,0.43120156740000004,0.011341106760527797,0.0
run_0003,visc_on_sensor_rho_beta_0p25_cfl_0p2_nx_501_mode_1,5,on,rho,0.25,0.2,501,1,0.2,completed,completed,0.2,rho,0.00319051539480035,0.013569702407778269,0.1675048661453088,0.8190703543999996,0.005543893925819721,0.0
run_0003,visc_on_sensor_rho_beta_0p25_cfl_0p2_nx_501_mode_1,5,on,rho,0.25,0.2,501,1,0.2,completed,completed,0.2,u,0.002553982371718603,0.005796600415328104,0.021743640998808086,0.7475638092,0.0,0.0
run_0003,visc_on_sensor_rho_beta_0p25_cfl_0p2_nx_501_mode_1,5,on,rho,0.25,0.2,501,1,0.2,completed,completed,0.2,p,0.0013485527044553084,0.0030576407812268227,0.016683352900000004,0.4139523531999999,0.006699233060527776,0.0
run_0004,visc_on_sensor_rho_beta_0p25_cfl_0p2_nx_1001_mode_1,5,on,rho,0.25,0.2,1001,1,0.2,completed,completed,0.2,rho,0.0018516437791393598,0.010699198474204918,0.17369231154530884,0.8127194073999998,0.0037836141258197342,0.0
run_0004,visc_on_sensor_rho_beta_0p25_cfl_0p2_nx_1001_mode_1,5,on,rho,0.25,0.2,1001,1,0.2,completed,completed,0.2,u,0.0012872682904950998,0.0031491545041084936,0.014267063254936985,0.7305568231999999,0.0,0.0
run_0004,visc_on_sensor_rho_beta_0p25_cfl_0p2_nx_1001_mode_1,5,on,rho,0.25,0.2,1001,1,0.2,completed,completed,0.2,p,0.0006843645461264647,0.001702630766722395,0.01179222456738599,0.4072098019999998,0.0045777076605277855,0.0
run_0005,visc_on_sensor_rho_beta_0p25_cfl_0p5_nx_101_mode_1,5,on,rho,0.25,0.5,101,1,0.2,completed,completed,0.2,rho,0.010386931159037294,0.023894479394017724,0.17077030884530886,0.8778349764,0.015002573425819732,0.0
run_0005,visc_on_sensor_rho_beta_0p25_cfl_0p5_nx_101_mode_1,5,on,rho,0.25,0.5,101,1,0.2,completed,completed,0.2,u,0.011823457177501523,0.02197674129030576,0.08103885544993614,0.8825828733000001,0.0,0.0
run_0005,visc_on_sensor_rho_beta_0p25_cfl_0p5_nx_101_mode_1,5,on,rho,0.25,0.5,101,1,0.2,completed,completed,0.2,p,0.005980427310874946,0.010707525650547013,0.03282076977393111,0.47062865310000007,0.017989292960527814,0.0
run_0006,visc_on_sensor_rho_beta_0p25_cfl_0p5_nx_201_mode_1,5,on,rho,0.25,0.5,201,1,0.2,completed,completed,0.2,rho,0.006111263987742184,0.019193903835587608,0.19332664574530878,0.8574143325999999,0.010848448025819746,0.0
run_0006,visc_on_sensor_rho_beta_0p25_cfl_0p5_nx_201_mode_1,5,on,rho,0.25,0.5,201,1,0.2,completed,completed,0.2,u,0.006017113705805701,0.012239234152490161,0.04512582774993612,0.8277656852,0.0,0.0
run_0006,visc_on_sensor_rho_beta_0p25_cfl_0p5_nx_201_mode_1,5,on,rho,0.25,0.5,201,1,0.2,completed,completed,0.2,p,0.0030878806494208893,0.0061000030248479975,0.022460480399999982,0.4480493595999999,0.013062288760527785,0.0
run_0007,visc_on_sensor_rho_beta_0p25_cfl_0p5_nx_501_mode_1,5,on,rho,0.25,0.5,501,1,0.2,completed,completed,0.2,rho,0.0028641833723861577,0.01279141837255266,0.17399290234530884,0.8344167524000001,0.006826381525819714,0.0
run_0007,visc_on_sensor_rho_beta_0p25_cfl_0p5_nx_501_mode_1,5,on,rho,0.25,0.5,501,1,0.2,completed,completed,0.2,u,0.0024369502064566233,0.005533064500905416,0.021697939801191918,0.7742357036,0.0,0.0
run_0007,visc_on_sensor_rho_beta_0p25_cfl_0p5_nx_501_mode_1,5,on,rho,0.25,0.5,501,1,0.2,completed,completed,0.2,p,0.0012659895897816423,0.0028395732277014724,0.01553769129999999,0.42601672459999973,0.008243775460527791,0.0
run_0008,visc_on_sensor_rho_beta_0p25_cfl_0p5_nx_1001_mode_1,5,on,rho,0.25,0.5,1001,1,0.2,completed,completed,0.2,rho,0.0016498327602977444,0.010108979023830103,0.18030003304530884,0.8237694382000001,0.004882505125819725,0.0
run_0008,visc_on_sensor_rho_beta_0p25_cfl_0p5_nx_1001_mode_1,5,on,rho,0.25,0.5,1001,1,0.2,completed,completed,0.2,u,0.001218865379530188,0.003010666660819331,0.015485979801191915,0.750361117,0.0,0.0
run_0008,visc_on_sensor_rho_beta_0p25_cfl_0p5_nx_1001_mode_1,5,on,rho,0.25,0.5,1001,1,0.2,completed,completed,0.2,p,0.0006368211183191474,0.0015729362697706414,0.010939772967386019,0.41608823060000033,0.005903750160527799,0.0
run_0009,visc_on_sensor_rho_beta_0p25_cfl_0p8_nx_101_mode_1,5,on,rho,0.25,0.8,101,1,0.2,completed,completed,0.2,rho,0.00947647931322494,0.022777791754429684,0.18263429794530883,0.9782161952000002,0.017731432425819704,0.0
run_0009,visc_on_sensor_rho_beta_0p25_cfl_0p8_nx_101_mode_1,5,on,rho,0.25,0.8,101,1,0.2,completed,completed,0.2,u,0.011572647727049194,0.021142561191723235,0.07415885464993613,0.9680164036,0.0,0.0
run_0009,visc_on_sensor_rho_beta_0p25_cfl_0p8_nx_101_mode_1,5,on,rho,0.25,0.8,101,1,0.2,completed,completed,0.2,p,0.005730406232585501,0.010047257711190334,0.029952397700000022,0.5105191116000001,0.02124032066052778,0.0
run_0010,visc_on_sensor_rho_beta_0p25_cfl_0p8_nx_201_mode_1,5,on,rho,0.25,0.8,201,1,0.2,completed,completed,0.2,rho,0.005500627115180407,0.018598062674344565,0.2083373469453088,0.9205041651999997,0.013492586025819708,0.0
run_0010,visc_on_sensor_rho_beta_0p25_cfl_0p8_nx_201_mode_1,5,on,rho,0.25,0.8,201,1,0.2,completed,completed,0.2,u,0.005907702821281863,0.011883021711725663,0.043207269101191915,0.9142326540000001,0.0,0.0
run_0010,visc_on_sensor_rho_beta_0p25_cfl_0p8_nx_201_mode_1,5,on,rho,0.25,0.8,201,1,0.2,completed,completed,0.2,p,0.002959271469473668,0.005727684892586037,0.020041813500000005,0.48821407939999995,0.016224601560527796,0.0
run_0011,visc_on_sensor_rho_beta_0p25_cfl_0p8_nx_501_mode_1,5,on,rho,0.25,0.8,501,1,0.2,completed,completed,0.2,rho,0.0024910092693339256,0.011821775904371147,0.18403155904530888,0.878138753,0.008842851625819714,0.0
run_0011,visc_on_sensor_rho_beta_0p25_cfl_0p8_nx_501_mode_1,5,on,rho,0.25,0.8,501,1,0.2,completed,completed,0.2,u,0.0023685672374706697,0.005467612262735065,0.02817477850119192,0.841274053,0.0,0.0
run_0011,visc_on_sensor_rho_beta_0p25_cfl_0p8_nx_501_mode_1,5,on,rho,0.25,0.8,501,1,0.2,completed,completed,0.2,p,0.001198802007539927,0.0026799941623158216,0.013800976799999976,0.4574058484000004,0.010667163560527826,0.0
run_0012,visc_on_sensor_rho_beta_0p25_cfl_0p8_nx_1001_mode_1,5,on,rho,0.25,0.8,1001,1,0.2,completed,completed,0.2,rho,0.0014180330237677317,0.009390440637522583,0.19176873314530885,0.8567328223999999,0.006540806225819706,0.0
run_0012,visc_on_sensor_rho_beta_0p25_cfl_0p8_nx_1001_mode_1,5,on,rho,0.25,0.8,1001,1,0.2,completed,completed,0.2,u,0.0011726517068605903,0.0030408196516746497,0.02078589550119192,0.8026107946,0.0,0.0
run_0012,visc_on_sensor_rho_beta_0p25_cfl_0p8_nx_1001_mode_1,5,on,rho,0.25,0.8,1001,1,0.2,completed,completed,0.2,p,0.0005962836828133828,0.0014999944057258597,0.00966909326738602,0.4405114249999996,0.007901513060527776,0.0
run_0013,visc_on_sensor_u_beta_0p25_cfl_0p2_nx_101_mode_1,5,on,u,0.25,0.2,101,1,0.2,completed,completed,0.2,rho,0.012127301903053691,0.027638772240443116,0.17636871974530888,0.8520818970999999,0.011315756225819706,0.0
run_0013,visc_on_sensor_u_beta_0p25_cfl_0p2_nx_101_mode_1,5,on,u,0.25,0.2,101,1,0.2,completed,completed,0.2,u,0.011848221737096874,0.022823891437434445,0.08741775274993613,0.8227357162000001,0.0,0.0
run_0013,visc_on_sensor_u_beta_0p25_cfl_0p2_nx_101_mode_1,5,on,u,0.25,0.2,101,1,0.2,completed,completed,0.2,p,0.006123788564874942,0.011325206480237493,0.03552020807393108,0.44537160909999984,0.013575727660527781,0.0
run_0014,visc_on_sensor_u_beta_0p25_cfl_0p2_nx_201_mode_1,5,on,u,0.25,0.2,201,1,0.2,completed,completed,0.2,rho,0.007240659701000383,0.02171445243335162,0.18834984624530882,0.8344283697999999,0.00789861742581971,0.0
run_0014,visc_on_sensor_u_beta_0p25_cfl_0p2_nx_201_mode_1,5,on,u,0.25,0.2,201,1,0.2,completed,completed,0.2,u,0.0061557696584267855,0.012765336277684057,0.04908656014993612,0.7780879456,0.0,0.0
run_0014,visc_on_sensor_u_beta_0p25_cfl_0p2_nx_201_mode_1,5,on,u,0.25,0.2,201,1,0.2,completed,completed,0.2,p,0.0032203949836401634,0.006501866792919669,0.024144159100000007,0.42715116619999993,0.009521342460527826,0.0
run_0015,visc_on_sensor_u_beta_0p25_cfl_0p2_nx_501_mode_1,5,on,u,0.25,0.2,501,1,0.2,completed,completed,0.2,rho,0.0030687739212070897,0.013477343498563258,0.17345120444530882,0.8204623668,0.004822331825819703,0.0
run_0015,visc_on_sensor_u_beta_0p25_cfl_0p2_nx_501_mode_1,5,on,u,0.25,0.2,501,1,0.2,completed,completed,0.2,u,0.0025365851004148766,0.005787412084300415,0.02288166389880808,0.7427591314,0.0,0.0
run_0015,visc_on_sensor_u_beta_0p25_cfl_0p2_nx_501_mode_1,5,on,u,0.25,0.2,501,1,0.2,completed,completed,0.2,p,0.0013419041822202151,0.003053001505643996,0.016758669599999998,0.4126005639999999,0.005829512360527811,0.0
run_0016,visc_on_sensor_u_beta_0p25_cfl_0p2_nx_1001_mode_1,5,on,u,0.25,0.2,1001,1,0.2,completed,completed,0.2,rho,0.0015730448711090638,0.009699392707039952,0.18111627144530884,0.8209359779999996,0.0033622695258196944,0.0
run_0016,visc_on_sensor_u_beta_0p25_cfl_0p2_nx_1001_mode_1,5,on,u,0.25,0.2,1001,1,0.2,completed,completed,0.2,u,0.0012826901204856856,0.00314367019359329,0.014322325454937002,0.7279607196,0.0,0.0
run_0016,visc_on_sensor_u_beta_0p25_cfl_0p2_nx_1001_mode_1,5,on,u,0.25,0.2,1001,1,0.2,completed,completed,0.2,p,0.0006821012269106867,0.0016986092217325997,0.011837432967385986,0.4064950772,0.004068892960527815,0.0
run_0017,visc_on_sensor_u_beta_0p25_cfl_0p5_nx_101_mode_1,5,on,u,0.25,0.5,101,1,0.2,completed,completed,0.2,rho,0.010934115106537296,0.025393141612406793,0.17472732914530886,0.8791487122999999,0.013549473125819722,0.0
run_0017,visc_on_sensor_u_beta_0p25_cfl_0p5_nx_101_mode_1,5,on,u,0.25,0.5,101,1,0.2,completed,completed,0.2,u,0.011690032370525358,0.021865499457331437,0.08232341624993611,0.8718721705,0.0,0.0
run_0017,visc_on_sensor_u_beta_0p25_cfl_0p5_nx_101_mode_1,5,on,u,0.25,0.5,101,1,0.2,completed,completed,0.2,p,0.005949865076374947,0.010698254789161749,0.03336440647393113,0.4674588684,0.01625571686052779,0.0
run_0018,visc_on_sensor_u_beta_0p25_cfl_0p5_nx_201_mode_1,5,on,u,0.25,0.5,201,1,0.2,completed,completed,0.2,rho,0.006507419832305493,0.020221708436544066,0.19059162934530882,0.8595125725999999,0.009924143025819732,0.0
run_0018,visc_on_sensor_u_beta_0p25_cfl_0p5_nx_201_mode_1,5,on,u,0.25,0.5,201,1,0.2,completed,completed,0.2,u,0.005983133694293781,0.012184540628352298,0.04601336134993611,0.8228974816000001,0.0,0.0
run_0018,visc_on_sensor_u_beta_0p25_cfl_0p5_nx_201_mode_1,5,on,u,0.25,0.5,201,1,0.2,completed,completed,0.2,p,0.0030814227638768276,0.006093066714536361,0.022446408899999992,0.4471707010000001,0.011954880960527825,0.0
run_0019,visc_on_sensor_u_beta_0p25_cfl_0p5_nx_501_mode_1,5,on,u,0.25,0.5,501,1,0.2,completed,completed,0.2,rho,0.002685525588249008,0.012327122987790167,0.17605372314530887,0.8430651157999998,0.006315908325819741,0.0
run_0019,visc_on_sensor_u_beta_0p25_cfl_0p5_nx_501_mode_1,5,on,u,0.25,0.5,501,1,0.2,completed,completed,0.2,u,0.002429562472113836,0.005505693664384316,0.020895632549936122,0.7723223779999999,0.0,0.0
run_0019,visc_on_sensor_u_beta_0p25_cfl_0p5_nx_501_mode_1,5,on,u,0.25,0.5,501,1,0.2,completed,completed,0.2,p,0.0012648325383710867,0.0028335465663217835,0.015535609800000016,0.42584683099999987,0.007629485760527799,0.0
run_0020,visc_on_sensor_u_beta_0p25_cfl_0p5_nx_1001_mode_1,5,on,u,0.25,0.5,1001,1,0.2,completed,completed,0.2,rho,0.0014272499458182657,0.009144874238639264,0.1868042222453088,0.8638761141999999,0.004550870725819722,0.0
run_0020,visc_on_sensor_u_beta_0p25_cfl_0p5_nx_1001_mode_1,5,on,u,0.25,0.5,1001,1,0.2,completed,completed,0.2,u,0.0012170114582993195,0.002991618631635431,0.014428605701191921,0.7492884786,0.0,0.0
run_0020,visc_on_sensor_u_beta_0p25_cfl_0p5_nx_1001_mode_1,5,on,u,0.25,0.5,1001,1,0.2,completed,completed,0.2,p,0.0006365242069559803,0.0015679387009647197,0.01094012196738603,0.4160368779999998,0.005503798060527809,0.0
run_0021,visc_on_sensor_u_beta_0p25_cfl_0p8_nx_101_mode_1,5,on,u,0.25,0.8,101,1,0.2,completed,completed,0.2,rho,0.009616160466318765,0.02261480090487704,0.17759282644530883,1.0044015901999999,0.017194461625819724,0.0
run_0021,visc_on_sensor_u_beta_0p25_cfl_0p8_nx_101_mode_1,5,on,u,0.25,0.8,101,1,0.2,completed,completed,0.2,u,0.01155944547700152,0.021107568636714626,0.07445540694993613,0.9683103024,0.0,0.0
run_0021,visc_on_sensor_u_beta_0p25_cfl_0p8_nx_101_mode_1,5,on,u,0.25,0.8,101,1,0.2,completed,completed,0.2,p,0.005733979315164388,0.010058484162910485,0.030049290473931123,0.5111926802,0.02060732666052778,0.0
run_0022,visc_on_sensor_u_beta_0p25_cfl_0p8_nx_201_mode_1,5,on,u,0.25,0.8,201,1,0.2,completed,completed,0.2,rho,0.005516133816485518,0.018174859964582096,0.2002621113453088,0.931310808,0.013073536925819695,0.0
run_0022,visc_on_sensor_u_beta_0p25_cfl_0p8_nx_201_mode_1,5,on,u,0.25,0.8,201,1,0.2,completed,completed,0.2,u,0.005900679513781861,0.011850733738830076,0.04184397710119191,0.9147991354,0.0,0.0
run_0022,visc_on_sensor_u_beta_0p25_cfl_0p8_nx_201_mode_1,5,on,u,0.25,0.8,201,1,0.2,completed,completed,0.2,p,0.002961005817184225,0.005732525084615878,0.020034113500000006,0.4889623033999999,0.015724272160527797,0.0
run_0023,visc_on_sensor_u_beta_0p25_cfl_0p8_nx_501_mode_1,5,on,u,0.25,0.8,501,1,0.2,completed,completed,0.2,rho,0.0024297678385967777,0.011285760828126575,0.18472505364530878,0.9386312422000002,0.008593608525819696,0.0
run_0023,visc_on_sensor_u_beta_0p25_cfl_0p8_nx_501_mode_1,5,on,u,0.25,0.8,501,1,0.2,completed,completed,0.2,u,0.002364983928670669,0.005445197697685223,0.027372702101191915,0.8414764846,0.0,0.0
run_0023,visc_on_sensor_u_beta_0p25_cfl_0p8_nx_501_mode_1,5,on,u,0.25,0.8,501,1,0.2,completed,completed,0.2,p,0.001199093509171483,0.0026812260273800354,0.013799661399999996,0.4578703984000001,0.010367999560527807,0.0
run_0024,visc_on_sensor_u_beta_0p25_cfl_0p8_nx_1001_mode_1,5,on,u,0.25,0.8,1001,1,0.2,completed,completed,0.2,rho,0.001419307575372769,0.008965247763486792,0.19774999484530886,1.0150298943999996,0.006340135625819698,0.0
run_0024,visc_on_sensor_u_beta_0p25_cfl_0p8_nx_1001_mode_1,5,on,u,0.25,0.8,1001,1,0.2,completed,completed,0.2,u,0.0011707282255582064,0.0030268292743191247,0.020143497401191923,0.8021078504000001,0.0,0.0
run_0024,visc_on_sensor_u_beta_0p25_cfl_0p8_nx_1001_mode_1,5,on,u,0.25,0.8,1001,1,0.2,completed,completed,0.2,p,0.0005963454711449379,0.0015008681019105788,0.009669116967386038,0.4405975813999997,0.007659985760527788,0.0
run_0025,visc_on_sensor_p_beta_0p25_cfl_0p2_nx_101_mode_1,5,on,p,0.25,0.2,101,1,0.2,completed,completed,0.2,rho,0.011703521798131122,0.02619398407473597,0.16404599794530883,0.8466861402000001,0.012289799425819703,0.0
run_0025,visc_on_sensor_p_beta_0p25_cfl_0p2_nx_101_mode_1,5,on,p,0.25,0.2,101,1,0.2,completed,completed,0.2,u,0.011926817197430007,0.022918392479411295,0.08624024104993613,0.8213317185,0.0,0.0
run_0025,visc_on_sensor_p_beta_0p25_cfl_0p2_nx_101_mode_1,5,on,p,0.25,0.2,101,1,0.2,completed,completed,0.2,p,0.0061480120381116115,0.011362838321049746,0.03501912247393113,0.4434794274000001,0.014740702160527808,0.0
run_0026,visc_on_sensor_p_beta_0p25_cfl_0p2_nx_201_mode_1,5,on,p,0.25,0.2,201,1,0.2,completed,completed,0.2,rho,0.00694445582307781,0.020679854234391896,0.1816284780453088,0.8303574405999999,0.00848262872581973,0.0
run_0026,visc_on_sensor_p_beta_0p25_cfl_0p2_nx_201_mode_1,5,on,p,0.25,0.2,201,1,0.2,completed,completed,0.2,u,0.006196377909021535,0.012823813347692453,0.048246697149936124,0.7774870054,0.0,0.0
run_0026,visc_on_sensor_p_beta_0p25_cfl_0p2_nx_201_mode_1,5,on,p,0.25,0.2,201,1,0.2,completed,completed,0.2,p,0.0032358679922715487,0.006531946143158252,0.02398258860000002,0.4258500664000001,0.010222648760527808,0.0
run_0027,visc_on_sensor_p_beta_0p25_cfl_0p2_nx_501_mode_1,5,on,p,0.25,0.2,501,1,0.2,completed,completed,0.2,rho,0.002930864728237881,0.012797472571191933,0.16671203614530883,0.8194233279999997,0.005056178825819713,0.0
run_0027,visc_on_sensor_p_beta_0p25_cfl_0p2_nx_501_mode_1,5,on,p,0.25,0.2,501,1,0.2,completed,completed,0.2,u,0.002551235082394886,0.0058141769340878105,0.02236418719880809,0.7421975156,0.0,0.0
run_0027,visc_on_sensor_p_beta_0p25_cfl_0p2_nx_501_mode_1,5,on,p,0.25,0.2,501,1,0.2,completed,completed,0.2,p,0.0013493507715605301,0.0030700102708838086,0.01666921090000001,0.41178428239999976,0.006111314660527778,0.0
run_0028,visc_on_sensor_p_beta_0p25_cfl_0p2_nx_1001_mode_1,5,on,p,0.25,0.2,1001,1,0.2,completed,completed,0.2,rho,0.0015211101068711673,0.009283560753393524,0.17643653104530888,0.8293021306000002,0.00345893982581974,0.0
run_0028,visc_on_sensor_p_beta_0p25_cfl_0p2_nx_1001_mode_1,5,on,p,0.25,0.2,1001,1,0.2,completed,completed,0.2,u,0.001290157572133241,0.003157618097860968,0.014255007254937002,0.727394202,0.0,0.0
run_0028,visc_on_sensor_p_beta_0p25_cfl_0p2_nx_1001_mode_1,5,on,p,0.25,0.2,1001,1,0.2,completed,completed,0.2,p,0.0006865868537369644,0.001708605099324936,0.011782361267386021,0.4059161926000001,0.004185593560527778,0.0
run_0029,visc_on_sensor_p_beta_0p25_cfl_0p5_nx_101_mode_1,5,on,p,0.25,0.5,101,1,0.2,completed,completed,0.2,rho,0.010320673808537299,0.023643862482637813,0.16509817474530886,0.8791438403000003,0.015501303525819743,0.0
run_0029,visc_on_sensor_p_beta_0p25_cfl_0p5_nx_101_mode_1,5,on,p,0.25,0.5,101,1,0.2,completed,completed,0.2,u,0.011917127018977684,0.022288716161709635,0.08136988714993612,0.8818492776,0.0,0.0
run_0029,visc_on_sensor_p_beta_0p25_cfl_0p5_nx_101_mode_1,5,on,p,0.25,0.5,101,1,0.2,completed,completed,0.2,p,0.006021059945164387,0.010819633153723073,0.032960573773931134,0.4700545326000001,0.018581639060527788,0.0
run_0030,visc_on_sensor_p_beta_0p25_cfl_0p5_nx_201_mode_1,5,on,p,0.25,0.5,201,1,0.2,completed,completed,0.2,rho,0.006191241411218172,0.019216001246863276,0.1871100181453088,0.8588068420000002,0.011232874125819747,0.0
run_0030,visc_on_sensor_p_beta_0p25_cfl_0p5_nx_201_mode_1,5,on,p,0.25,0.5,201,1,0.2,completed,completed,0.2,u,0.006084200720758023,0.012402398951004596,0.04503242944993613,0.8300403,0.0,0.0
run_0030,visc_on_sensor_p_beta_0p25_cfl_0p5_nx_201_mode_1,5,on,p,0.25,0.5,201,1,0.2,completed,completed,0.2,p,0.0031156466753944987,0.0061539418244135145,0.022374066699999973,0.4490300827999999,0.013522188460527829,0.0
run_0031,visc_on_sensor_p_beta_0p25_cfl_0p5_nx_501_mode_1,5,on,p,0.25,0.5,501,1,0.2,completed,completed,0.2,rho,0.0025831039721339274,0.011726925217164553,0.17124508174530884,0.8577578866000001,0.007108757625819695,0.0
run_0031,visc_on_sensor_p_beta_0p25_cfl_0p5_nx_501_mode_1,5,on,p,0.25,0.5,501,1,0.2,completed,completed,0.2,u,0.0024678513418659024,0.0056040698884724256,0.022602837901191913,0.7764840249999999,0.0,0.0
run_0031,visc_on_sensor_p_beta_0p25_cfl_0p5_nx_501_mode_1,5,on,p,0.25,0.5,501,1,0.2,completed,completed,0.2,p,0.0012785805746974765,0.002859964536917918,0.015491403000000015,0.42693164919999993,0.008583377460527786,0.0
run_0032,visc_on_sensor_p_beta_0p25_cfl_0p5_nx_1001_mode_1,5,on,p,0.25,0.5,1001,1,0.2,completed,completed,0.2,rho,0.0014287107184736384,0.008849492255910658,0.1836005241453088,0.9076221948000002,0.005100937225819724,0.0
run_0032,visc_on_sensor_p_beta_0p25_cfl_0p5_nx_1001_mode_1,5,on,p,0.25,0.5,1001,1,0.2,completed,completed,0.2,u,0.0012345266825991986,0.00305109462493378,0.01618284770119191,0.7518856309999999,0.0,0.0
run_0032,visc_on_sensor_p_beta_0p25_cfl_0p5_nx_1001_mode_1,5,on,p,0.25,0.5,1001,1,0.2,completed,completed,0.2,p,0.000643289638040203,0.0015835132906387613,0.01091169536738601,0.41668715859999983,0.006167087660527815,0.0
run_0033,visc_on_sensor_p_beta_0p25_cfl_0p8_nx_101_mode_1,5,on,p,0.25,0.8,101,1,0.2,completed,completed,0.2,rho,0.009590327830318768,0.022574898001980554,0.17847938464530888,1.0486997444000004,0.0190659677258197,0.0
run_0033,visc_on_sensor_p_beta_0p25_cfl_0p8_nx_101_mode_1,5,on,p,0.25,0.8,101,1,0.2,completed,completed,0.2,u,0.011812468630025356,0.021621349864051856,0.07379323604993612,0.9810776574,0.0,0.0
run_0033,visc_on_sensor_p_beta_0p25_cfl_0p8_nx_101_mode_1,5,on,p,0.25,0.8,101,1,0.2,completed,completed,0.2,p,0.005817609833374947,0.010191013658793551,0.029793280799999988,0.5150770794,0.02282234786052778,0.0
run_0034,visc_on_sensor_p_beta_0p25_cfl_0p8_nx_201_mode_1,5,on,p,0.25,0.8,201,1,0.2,completed,completed,0.2,rho,0.005479222342485517,0.018023628128854902,0.20246392454530882,0.9611385574,0.014371961125819732,0.0
run_0034,visc_on_sensor_p_beta_0p25_cfl_0p8_nx_201_mode_1,5,on,p,0.25,0.8,201,1,0.2,completed,completed,0.2,u,0.006015699145269941,0.012126464770264743,0.046071965701191916,0.9239131683999999,0.0,0.0
run_0034,visc_on_sensor_p_beta_0p25_cfl_0p8_nx_201_mode_1,5,on,p,0.25,0.8,201,1,0.2,completed,completed,0.2,p,0.002998915491789503,0.005798736558627371,0.0199456328,0.49178447940000003,0.01727347476052782,0.0
run_0035,visc_on_sensor_p_beta_0p25_cfl_0p8_nx_501_mode_1,5,on,p,0.25,0.8,501,1,0.2,completed,completed,0.2,rho,0.002475975521410591,0.011175944500281221,0.1830753414453088,0.9854584152,0.009391134425819736,0.0
run_0035,visc_on_sensor_p_beta_0p25_cfl_0p8_nx_501_mode_1,5,on,p,0.25,0.8,501,1,0.2,completed,completed,0.2,u,0.002406080940117588,0.005579076008146701,0.029940652901191918,0.8468214267999999,0.0,0.0
run_0035,visc_on_sensor_p_beta_0p25_cfl_0p8_nx_501_mode_1,5,on,p,0.25,0.8,501,1,0.2,completed,completed,0.2,p,0.0012132334241214946,0.002711143256732161,0.01375200510000002,0.4595124426,0.011324915160527804,0.0
run_0036,visc_on_sensor_p_beta_0p25_cfl_0p8_nx_1001_mode_1,5,on,p,0.25,0.8,1001,1,0.2,completed,completed,0.2,rho,0.0014834137670233186,0.008980503572478067,0.19619947714530883,1.0792760718000007,0.00694165842581973,0.0
run_0036,visc_on_sensor_p_beta_0p25_cfl_0p8_nx_1001_mode_1,5,on,p,0.25,0.8,1001,1,0.2,completed,completed,0.2,u,0.0011912146062937952,0.0031114231175013753,0.022070070301191916,0.8062286362,0.0,0.0
run_0036,visc_on_sensor_p_beta_0p25_cfl_0p8_nx_1001_mode_1,5,on,p,0.25,0.8,1001,1,0.2,completed,completed,0.2,p,0.0006035111979879262,0.0015194891522960887,0.009640010367385987,0.44189202299999997,0.00838382126052778,0.0
run_0037,visc_on_sensor_rho_beta_0p5_cfl_0p2_nx_101_mode_1,5,on,rho,0.5,0.2,101,1,0.2,completed,completed,0.2,rho,0.012901148948323737,0.02759424350056439,0.14827019534530883,0.8149992793999999,0.004737066825819702,0.0
run_0037,visc_on_sensor_rho_beta_0p5_cfl_0p2_nx_101_mode_1,5,on,rho,0.5,0.2,101,1,0.2,completed,completed,0.2,u,0.011576920303621797,0.022554479571742343,0.08862542764993611,0.7526523168,0.0,0.0
run_0037,visc_on_sensor_rho_beta_0p5_cfl_0p2_nx_101_mode_1,5,on,rho,0.5,0.2,101,1,0.2,completed,completed,0.2,p,0.006200898632472696,0.011639619703523634,0.038009238300000026,0.4160646970999998,0.005635930060527816,0.0
run_0038,visc_on_sensor_rho_beta_0p5_cfl_0p2_nx_201_mode_1,5,on,rho,0.5,0.2,201,1,0.2,completed,completed,0.2,rho,0.0076922490035944225,0.021462248073190835,0.16807784094530887,0.8080739715999998,0.0022270419258197394,0.0
run_0038,visc_on_sensor_rho_beta_0p5_cfl_0p2_nx_201_mode_1,5,on,rho,0.5,0.2,201,1,0.2,completed,completed,0.2,u,0.006105301955046218,0.013057511350551781,0.05278819414993613,0.7189209616000001,0.0,0.0
run_0038,visc_on_sensor_rho_beta_0p5_cfl_0p2_nx_201_mode_1,5,on,rho,0.5,0.2,201,1,0.2,completed,completed,0.2,p,0.0033202672375707075,0.006931466182873244,0.027044854000000007,0.4025944871999999,0.0026712553605278133,0.0
run_0039,visc_on_sensor_rho_beta_0p5_cfl_0p2_nx_501_mode_1,5,on,rho,0.5,0.2,501,1,0.2,completed,completed,0.2,rho,0.0037953431619882905,0.015141333952356274,0.15767495824530886,0.8039086641999998,0.000801062125819707,0.0
run_0039,visc_on_sensor_rho_beta_0p5_cfl_0p2_nx_501_mode_1,5,on,rho,0.5,0.2,501,1,0.2,completed,completed,0.2,u,0.0026085212884496022,0.006189762306244239,0.027583156798808087,0.706266668,0.0,0.0
run_0039,visc_on_sensor_rho_beta_0p5_cfl_0p2_nx_501_mode_1,5,on,rho,0.5,0.2,501,1,0.2,completed,completed,0.2,p,0.0014296817335540096,0.0033966800418708115,0.018848545800000005,0.39761610040000017,0.0009666249605277955,0.0
run_0040,visc_on_sensor_rho_beta_0p5_cfl_0p2_nx_1001_mode_1,5,on,rho,0.5,0.2,1001,1,0.2,completed,completed,0.2,rho,0.002227827060385381,0.011877323647293153,0.1641685658453088,0.8026849378,0.0003550541258197093,0.0
run_0040,visc_on_sensor_rho_beta_0p5_cfl_0p2_nx_1001_mode_1,5,on,rho,0.5,0.2,1001,1,0.2,completed,completed,0.2,u,0.0013519430213137932,0.0034587928436253506,0.016915010898808078,0.7026941729999999,0.0,0.0
run_0040,visc_on_sensor_rho_beta_0p5_cfl_0p2_nx_1001_mode_1,5,on,rho,0.5,0.2,1001,1,0.2,completed,completed,0.2,p,0.0007429977332922188,0.0019386233880116356,0.013376665867386006,0.3962203637999999,0.0004293659605277833,0.0
run_0041,visc_on_sensor_rho_beta_0p5_cfl_0p5_nx_101_mode_1,5,on,rho,0.5,0.5,101,1,0.2,completed,completed,0.2,rho,0.0114259491832627,0.02562096896551615,0.1563389575453088,0.8308328111999999,0.007011330425819695,0.0
run_0041,visc_on_sensor_rho_beta_0p5_cfl_0p5_nx_101_mode_1,5,on,rho,0.5,0.5,101,1,0.2,completed,completed,0.2,u,0.010842185429693311,0.021133223010730617,0.08411045334993611,0.7763702996,0.0,0.0
run_0041,visc_on_sensor_rho_beta_0p5_cfl_0p5_nx_101_mode_1,5,on,rho,0.5,0.5,101,1,0.2,completed,completed,0.2,p,0.005726305042893807,0.010773173363073003,0.0356752635,0.42644942489999993,0.00839929386052779,0.0
run_0042,visc_on_sensor_rho_beta_0p5_cfl_0p5_nx_201_mode_1,5,on,rho,0.5,0.5,201,1,0.2,completed,completed,0.2,rho,0.006756565720324373,0.02017821526143854,0.17727197074530887,0.8180004194,0.004374826525819719,0.0
run_0042,visc_on_sensor_rho_beta_0p5_cfl_0p5_nx_201_mode_1,5,on,rho,0.5,0.5,201,1,0.2,completed,completed,0.2,u,0.005614643609177329,0.012001184731258148,0.04931562494993613,0.740515482,0.0,0.0
run_0042,visc_on_sensor_rho_beta_0p5_cfl_0p5_nx_201_mode_1,5,on,rho,0.5,0.5,201,1,0.2,completed,completed,0.2,p,0.003008512360991819,0.006290026073697071,0.024898969599999987,0.4116579518,0.005273880160527822,0.0
run_0043,visc_on_sensor_rho_beta_0p5_cfl_0p5_nx_501_mode_1,5,on,rho,0.5,0.5,501,1,0.2,completed,completed,0.2,rho,0.0032770877418088857,0.01400380496248663,0.16340966014530878,0.8092486631999998,0.0022755143258197386,0.0
run_0043,visc_on_sensor_rho_beta_0p5_cfl_0p5_nx_501_mode_1,5,on,rho,0.5,0.5,501,1,0.2,completed,completed,0.2,u,0.00234679527790588,0.00554906075386811,0.024652901498808083,0.7188670766,0.0,0.0
run_0043,visc_on_sensor_rho_beta_0p5_cfl_0p5_nx_501_mode_1,5,on,rho,0.5,0.5,501,1,0.2,completed,completed,0.2,p,0.001269156681934547,0.0030134725214285693,0.01724590079999999,0.40281043659999993,0.002752758360527796,0.0
run_0044,visc_on_sensor_rho_beta_0p5_cfl_0p5_nx_1001_mode_1,5,on,rho,0.5,0.5,1001,1,0.2,completed,completed,0.2,rho,0.0019155425513430885,0.01102885268519513,0.16979308964530881,0.8060068786,0.0014084522258197008,0.0
run_0044,visc_on_sensor_rho_beta_0p5_cfl_0p5_nx_1001_mode_1,5,on,rho,0.5,0.5,1001,1,0.2,completed,completed,0.2,u,0.0011984133640322021,0.003047461785252981,0.014742973754936994,0.7110104894,0.0,0.0
run_0044,visc_on_sensor_rho_beta_0p5_cfl_0p5_nx_1001_mode_1,5,on,rho,0.5,0.5,1001,1,0.2,completed,completed,0.2,p,0.0006509299579999254,0.0016954683808952094,0.012181547467386034,0.39959852059999956,0.0017058093605277769,0.0
run_0045,visc_on_sensor_rho_beta_0p5_cfl_0p8_nx_101_mode_1,5,on,rho,0.5,0.8,101,1,0.2,completed,completed,0.2,rho,0.009542205755037302,0.023253935387949353,0.1736370095453088,0.8763447752000003,0.012116463025819701,0.0
run_0045,visc_on_sensor_rho_beta_0p5_cfl_0p8_nx_101_mode_1,5,on,rho,0.5,0.8,101,1,0.2,completed,completed,0.2,u,0.010250755388977684,0.01940688364684314,0.07547233674993611,0.8562970409999999,0.0,0.0
run_0045,visc_on_sensor_rho_beta_0p5_cfl_0p8_nx_101_mode_1,5,on,rho,0.5,0.8,101,1,0.2,completed,completed,0.2,p,0.005237914356374944,0.009588246728870596,0.031780238299999986,0.4621181111999999,0.014546711760527797,0.0
run_0046,visc_on_sensor_rho_beta_0p5_cfl_0p8_nx_201_mode_1,5,on,rho,0.5,0.8,201,1,0.2,completed,completed,0.2,rho,0.005633130048758582,0.018883195741863937,0.19702172434530885,0.8573816058,0.008829739425819716,0.0
run_0046,visc_on_sensor_rho_beta_0p5_cfl_0p8_nx_201_mode_1,5,on,rho,0.5,0.8,201,1,0.2,completed,completed,0.2,u,0.005219504936616889,0.010819300661095006,0.04307048434993613,0.8120297464,0.0,0.0
run_0046,visc_on_sensor_rho_beta_0p5_cfl_0p8_nx_201_mode_1,5,on,rho,0.5,0.8,201,1,0.2,completed,completed,0.2,p,0.002699467368429608,0.0054589222063660256,0.02149972389999999,0.44342735580000014,0.010640451260527817,0.0
run_0047,visc_on_sensor_rho_beta_0p5_cfl_0p8_nx_501_mode_1,5,on,rho,0.5,0.8,501,1,0.2,completed,completed,0.2,rho,0.0026319237299213157,0.012469193853818882,0.17656077854530883,0.8366301301999999,0.005689402325819715,0.0
run_0047,visc_on_sensor_rho_beta_0p5_cfl_0p8_nx_501_mode_1,5,on,rho,0.5,0.8,501,1,0.2,completed,completed,0.2,u,0.0021153567806518553,0.004893417285847781,0.019870422598808085,0.7691468996,0.0,0.0
run_0047,visc_on_sensor_rho_beta_0p5_cfl_0p8_nx_501_mode_1,5,on,rho,0.5,0.8,501,1,0.2,completed,completed,0.2,p,0.0011049286064448655,0.0025400362414193644,0.014799446400000027,0.4251363346,0.006874681660527793,0.0
run_0048,visc_on_sensor_rho_beta_0p5_cfl_0p8_nx_1001_mode_1,5,on,rho,0.5,0.8,1001,1,0.2,completed,completed,0.2,rho,0.0015181326621803066,0.009871583356659996,0.18310252714530884,0.8256815708000002,0.004057615425819727,0.0
run_0048,visc_on_sensor_rho_beta_0p5_cfl_0p8_nx_1001_mode_1,5,on,rho,0.5,0.8,1001,1,0.2,completed,completed,0.2,u,0.0010572986818521172,0.002654236050515819,0.012856831401191912,0.7475866416,0.0,0.0
run_0048,visc_on_sensor_rho_beta_0p5_cfl_0p8_nx_1001_mode_1,5,on,rho,0.5,0.8,1001,1,0.2,completed,completed,0.2,p,0.0005548269610697803,0.0014036017983277231,0.01038776366738603,0.4158021982000001,0.004908501760527817,0.0
run_0049,visc_on_sensor_u_beta_0p5_cfl_0p2_nx_101_mode_1,5,on,u,0.5,0.2,101,1,0.2,completed,completed,0.2,rho,0.014397679197147422,0.03141841156091554,0.17354165834530888,0.8082430937,0.0032320531258197005,0.0
run_0049,visc_on_sensor_u_beta_0p5_cfl_0p2_nx_101_mode_1,5,on,u,0.5,0.2,101,1,0.2,completed,completed,0.2,u,0.011339952588336344,0.02287022046761279,0.09067189374993612,0.7246829229,0.0,0.0
run_0049,visc_on_sensor_u_beta_0p5_cfl_0p2_nx_101_mode_1,5,on,u,0.5,0.2,101,1,0.2,completed,completed,0.2,p,0.006114723487736035,0.011770486493349032,0.03847821610000002,0.40516209189999997,0.003817439360527808,0.0
run_0050,visc_on_sensor_u_beta_0p5_cfl_0p2_nx_201_mode_1,5,on,u,0.5,0.2,201,1,0.2,completed,completed,0.2,rho,0.008381353551739698,0.023815645881160957,0.18493554894530884,0.8061626358000001,0.0017879450258197482,0.0
run_0050,visc_on_sensor_u_beta_0p5_cfl_0p2_nx_201_mode_1,5,on,u,0.5,0.2,201,1,0.2,completed,completed,0.2,u,0.006134984373856116,0.013274677298423238,0.054203786849936125,0.7125687918,0.0,0.0
run_0050,visc_on_sensor_u_beta_0p5_cfl_0p2_nx_201_mode_1,5,on,u,0.5,0.2,201,1,0.2,completed,completed,0.2,p,0.003334371132912933,0.007012773347335468,0.027324193399999974,0.4001387044,0.0021399128605277817,0.0
run_0051,visc_on_sensor_u_beta_0p5_cfl_0p2_nx_501_mode_1,5,on,u,0.5,0.2,501,1,0.2,completed,completed,0.2,rho,0.003502643740357144,0.014507152605518518,0.17171740644530886,0.804211419,0.0008057823258197372,0.0
run_0051,visc_on_sensor_u_beta_0p5_cfl_0p2_nx_501_mode_1,5,on,u,0.5,0.2,501,1,0.2,completed,completed,0.2,u,0.0026417089999974004,0.006286040883205614,0.028388316198808078,0.7052503540000001,0.0,0.0
run_0051,visc_on_sensor_u_beta_0p5_cfl_0p2_nx_501_mode_1,5,on,u,0.5,0.2,501,1,0.2,completed,completed,0.2,p,0.001443572153501342,0.0034314947662470517,0.018994663000000023,0.39721196580000007,0.0009724259605278229,0.0
run_0052,visc_on_sensor_u_beta_0p5_cfl_0p2_nx_1001_mode_1,5,on,u,0.5,0.2,1001,1,0.2,completed,completed,0.2,rho,0.0017976846238933386,0.010280489124262028,0.1775944645453088,0.8044648966000001,0.00044040842581971607,0.0
run_0052,visc_on_sensor_u_beta_0p5_cfl_0p2_nx_1001_mode_1,5,on,u,0.5,0.2,1001,1,0.2,completed,completed,0.2,u,0.0013706355198590857,0.0035064035424449,0.01734421789880808,0.7028138182000001,0.0,0.0
run_0052,visc_on_sensor_u_beta_0p5_cfl_0p2_nx_1001_mode_1,5,on,u,0.5,0.2,1001,1,0.2,completed,completed,0.2,p,0.0007507924383447731,0.0019559380379149697,0.013463855767386013,0.39625918179999997,0.000532865260527815,0.0
run_0053,visc_on_sensor_u_beta_0p5_cfl_0p5_nx_101_mode_1,5,on,u,0.5,0.5,101,1,0.2,completed,completed,0.2,rho,0.01235618746677909,0.02850449911458434,0.1746525260453088,0.8250154285999998,0.005811629425819698,0.0
run_0053,visc_on_sensor_u_beta_0p5_cfl_0p5_nx_101_mode_1,5,on,u,0.5,0.5,101,1,0.2,completed,completed,0.2,u,0.010611945173240989,0.02120541603103411,0.08522499514993612,0.7554984351,0.0,0.0
run_0053,visc_on_sensor_u_beta_0p5_cfl_0p5_nx_101_mode_1,5,on,u,0.5,0.5,101,1,0.2,completed,completed,0.2,p,0.005634423781893809,0.010807423188822895,0.035871170499999994,0.4182592177,0.006954067860527824,0.0
run_0054,visc_on_sensor_u_beta_0p5_cfl_0p5_nx_201_mode_1,5,on,u,0.5,0.5,201,1,0.2,completed,completed,0.2,rho,0.0071647385983407644,0.021761056882125936,0.18746702214530886,0.8157007998000002,0.0037898522258197342,0.0
run_0054,visc_on_sensor_u_beta_0p5_cfl_0p5_nx_201_mode_1,5,on,u,0.5,0.5,201,1,0.2,completed,completed,0.2,u,0.005587730121272681,0.01207975668033961,0.05012927344993612,0.7331182168000001,0.0,0.0
run_0054,visc_on_sensor_u_beta_0p5_cfl_0p5_nx_201_mode_1,5,on,u,0.5,0.5,201,1,0.2,completed,completed,0.2,p,0.0029978075949654293,0.006318894486881519,0.025020231299999973,0.40879993739999987,0.0045677970605277896,0.0
run_0055,visc_on_sensor_u_beta_0p5_cfl_0p5_nx_501_mode_1,5,on,u,0.5,0.5,501,1,0.2,completed,completed,0.2,rho,0.0029514034873769053,0.013171099152638208,0.17353028724530883,0.8116793453999999,0.0020860062258197254,0.0
run_0055,visc_on_sensor_u_beta_0p5_cfl_0p5_nx_501_mode_1,5,on,u,0.5,0.5,501,1,0.2,completed,completed,0.2,u,0.002350954628134487,0.005594336422591578,0.025215921298808078,0.716671963,0.0,0.0
run_0055,visc_on_sensor_u_beta_0p5_cfl_0p5_nx_501_mode_1,5,on,u,0.5,0.5,501,1,0.2,completed,completed,0.2,p,0.0012705679790292134,0.0030288331889521325,0.017312659100000016,0.4019373675999999,0.002523602160527827,0.0
run_0056,visc_on_sensor_u_beta_0p5_cfl_0p5_nx_1001_mode_1,5,on,u,0.5,0.5,1001,1,0.2,completed,completed,0.2,rho,0.0015261434281052435,0.00954313951016476,0.18213110584530878,0.8199731147999995,0.001321334925819706,0.0
run_0056,visc_on_sensor_u_beta_0p5_cfl_0p5_nx_1001_mode_1,5,on,u,0.5,0.5,1001,1,0.2,completed,completed,0.2,u,0.001203828337972478,0.0030732861608751463,0.014984883616602884,0.7100079002,0.0,0.0
run_0056,visc_on_sensor_u_beta_0p5_cfl_0p5_nx_1001_mode_1,5,on,u,0.5,0.5,1001,1,0.2,completed,completed,0.2,p,0.0006530087584951972,0.0017040996375825704,0.012222540867386,0.3991895167999999,0.0016003712605278109,0.0
run_0057,visc_on_sensor_u_beta_0p5_cfl_0p8_nx_101_mode_1,5,on,u,0.5,0.8,101,1,0.2,completed,completed,0.2,rho,0.0098751866280373,0.023957651454961638,0.17197487524530886,0.8808364230000001,0.011677285825819728,0.0
run_0057,visc_on_sensor_u_beta_0p5_cfl_0p8_nx_101_mode_1,5,on,u,0.5,0.8,101,1,0.2,completed,completed,0.2,u,0.010280040908025359,0.019471276651152208,0.07612134564993611,0.8586531011999999,0.0,0.0
run_0057,visc_on_sensor_u_beta_0p5_cfl_0p8_nx_101_mode_1,5,on,u,0.5,0.8,101,1,0.2,completed,completed,0.2,p,0.00526158504316439,0.009626090151309804,0.03178809939999999,0.4639530540000001,0.0140213984605278,0.0
run_0058,visc_on_sensor_u_beta_0p5_cfl_0p8_nx_201_mode_1,5,on,u,0.5,0.8,201,1,0.2,completed,completed,0.2,rho,0.0058286960587585765,0.019193373969816203,0.1914639055453088,0.8611030046000001,0.008449359625819719,0.0
run_0058,visc_on_sensor_u_beta_0p5_cfl_0p8_nx_201_mode_1,5,on,u,0.5,0.8,201,1,0.2,completed,completed,0.2,u,0.005234043428104969,0.010842992425892832,0.04344860764993613,0.8142607144,0.0,0.0
run_0058,visc_on_sensor_u_beta_0p5_cfl_0p8_nx_201_mode_1,5,on,u,0.5,0.8,201,1,0.2,completed,completed,0.2,p,0.002709382041745442,0.005475021960485983,0.021511462699999984,0.4450824656000001,0.010183844660527797,0.0
run_0059,visc_on_sensor_u_beta_0p5_cfl_0p8_nx_501_mode_1,5,on,u,0.5,0.8,501,1,0.2,completed,completed,0.2,rho,0.002393086777919677,0.011678845508732242,0.17769533744530885,0.8502335067999999,0.005450528425819723,0.0
run_0059,visc_on_sensor_u_beta_0p5_cfl_0p8_nx_501_mode_1,5,on,u,0.5,0.8,501,1,0.2,completed,completed,0.2,u,0.002117463699051856,0.004896567097721068,0.020099120098808085,0.7702123462000001,0.0,0.0
run_0059,visc_on_sensor_u_beta_0p5_cfl_0p8_nx_501_mode_1,5,on,u,0.5,0.8,501,1,0.2,completed,completed,0.2,p,0.001106888048423753,0.0025445336926984813,0.014809569500000008,0.4260327655999997,0.0065869220605278,0.0
run_0060,visc_on_sensor_u_beta_0p5_cfl_0p8_nx_1001_mode_1,5,on,u,0.5,0.8,1001,1,0.2,completed,completed,0.2,rho,0.0013353111116637534,0.008911196581403812,0.19014613914530887,0.8987148772000004,0.0038860769258197148,0.0
run_0060,visc_on_sensor_u_beta_0p5_cfl_0p8_nx_1001_mode_1,5,on,u,0.5,0.8,1001,1,0.2,completed,completed,0.2,u,0.0010589619378521176,0.0026531366389229245,0.012560933854937006,0.7481643346,0.0,0.0
run_0060,visc_on_sensor_u_beta_0p5_cfl_0p8_nx_1001_mode_1,5,on,u,0.5,0.8,1001,1,0.2,completed,completed,0.2,p,0.0005559649507276127,0.0014052862160811466,0.010395032967386031,0.41634941299999995,0.004701457360527794,0.0
run_0061,visc_on_sensor_p_beta_0p5_cfl_0p2_nx_101_mode_1,5,on,p,0.5,0.2,101,1,0.2,completed,completed,0.2,rho,0.014423782843901167,0.030888759290444663,0.16107976534530888,0.8070104730000001,0.00257842312581974,0.0
run_0061,visc_on_sensor_p_beta_0p5_cfl_0p2_nx_101_mode_1,5,on,p,0.5,0.2,101,1,0.2,completed,completed,0.2,u,0.011456235534478769,0.023048048001914956,0.09027156044993612,0.719113585,0.0,0.0
run_0061,visc_on_sensor_p_beta_0p5_cfl_0p2_nx_101_mode_1,5,on,p,0.5,0.2,101,1,0.2,completed,completed,0.2,p,0.006193045343630471,0.011883885465267157,0.03781849329999998,0.40258591949999994,0.003027991760527815,0.0
run_0062,visc_on_sensor_p_beta_0p5_cfl_0p2_nx_201_mode_1,5,on,p,0.5,0.2,201,1,0.2,completed,completed,0.2,rho,0.008211647429237431,0.022892898813584025,0.1753247770453088,0.8047327892,0.001260800925819705,0.0
run_0062,visc_on_sensor_p_beta_0p5_cfl_0p2_nx_201_mode_1,5,on,p,0.5,0.2,201,1,0.2,completed,completed,0.2,u,0.006209511791093895,0.01342935896490642,0.05432729654993612,0.709175337,0.0,0.0
run_0062,visc_on_sensor_p_beta_0p5_cfl_0p2_nx_201_mode_1,5,on,p,0.5,0.2,201,1,0.2,completed,completed,0.2,p,0.0033811739893601506,0.007092577630941526,0.026915871699999983,0.398713604,0.0015016301605277893,0.0
run_0063,visc_on_sensor_p_beta_0p5_cfl_0p2_nx_501_mode_1,5,on,p,0.5,0.2,501,1,0.2,completed,completed,0.2,rho,0.003444135123291482,0.014017004107022469,0.16198339824530883,0.8038749296000003,0.00045759442581971843,0.0
run_0063,visc_on_sensor_p_beta_0p5_cfl_0p2_nx_501_mode_1,5,on,p,0.5,0.2,501,1,0.2,completed,completed,0.2,u,0.002679148628277274,0.006380297857401799,0.02880428279880809,0.7032569192,0.0,0.0
run_0063,visc_on_sensor_p_beta_0p5_cfl_0p2_nx_501_mode_1,5,on,p,0.5,0.2,501,1,0.2,completed,completed,0.2,p,0.0014652572355502381,0.0034721861232123855,0.0187771578,0.3964309704000001,0.0005502621605277813,0.0
run_0064,visc_on_sensor_p_beta_0p5_cfl_0p2_nx_1001_mode_1,5,on,p,0.5,0.2,1001,1,0.2,completed,completed,0.2,rho,0.0017708847145153216,0.009936377288592682,0.16918443314530884,0.8062537374000004,0.00020979922581970678,0.0
run_0064,visc_on_sensor_p_beta_0p5_cfl_0p2_nx_1001_mode_1,5,on,p,0.5,0.2,1001,1,0.2,completed,completed,0.2,u,0.0013933722086896564,0.0035641386433986444,0.01774859559880808,0.7014692422000001,0.0,0.0
run_0064,visc_on_sensor_p_beta_0p5_cfl_0p2_nx_1001_mode_1,5,on,p,0.5,0.2,1001,1,0.2,completed,completed,0.2,p,0.0007632598684635441,0.0019784443198648765,0.013333214867386034,0.39574074959999994,0.0002532068605278215,0.0
run_0065,visc_on_sensor_p_beta_0p5_cfl_0p5_nx_101_mode_1,5,on,p,0.5,0.5,101,1,0.2,completed,completed,0.2,rho,0.011944307533856526,0.027034987317196668,0.1585653151453088,0.8235281843,0.007162144825819727,0.0
run_0065,visc_on_sensor_p_beta_0p5_cfl_0p5_nx_101_mode_1,5,on,p,0.5,0.5,101,1,0.2,completed,completed,0.2,u,0.010718792731193312,0.02127354826524346,0.08341902544993612,0.7609067897,0.0,0.0
run_0065,visc_on_sensor_p_beta_0p5_cfl_0p5_nx_101_mode_1,5,on,p,0.5,0.5,101,1,0.2,completed,completed,0.2,p,0.005673310965104365,0.010847071611459052,0.03536239699999999,0.4193376973,0.008576808060527796,0.0
run_0066,visc_on_sensor_p_beta_0p5_cfl_0p5_nx_201_mode_1,5,on,p,0.5,0.5,201,1,0.2,completed,completed,0.2,rho,0.006860925596211667,0.02052257829242454,0.17665960354530885,0.8153542001999998,0.0046289345258196946,0.0
run_0066,visc_on_sensor_p_beta_0p5_cfl_0p5_nx_201_mode_1,5,on,p,0.5,0.5,201,1,0.2,completed,completed,0.2,u,0.005653542314926787,0.01208760362663004,0.04859891834993613,0.7372580374,0.0,0.0
run_0066,visc_on_sensor_p_beta_0p5_cfl_0p5_nx_201_mode_1,5,on,p,0.5,0.5,201,1,0.2,completed,completed,0.2,p,0.003026936034614055,0.006333113941846379,0.024703744699999974,0.4099121618000001,0.005579768160527798,0.0
run_0067,visc_on_sensor_p_beta_0p5_cfl_0p5_nx_501_mode_1,5,on,p,0.5,0.5,501,1,0.2,completed,completed,0.2,rho,0.002841476327884852,0.012507074571246038,0.1630188997453088,0.8142737480000002,0.0024839132258197005,0.0
run_0067,visc_on_sensor_p_beta_0p5_cfl_0p5_nx_501_mode_1,5,on,p,0.5,0.5,501,1,0.2,completed,completed,0.2,u,0.0023766394971201834,0.005583936862386815,0.024166342998808085,0.7187221714,0.0,0.0
run_0067,visc_on_sensor_p_beta_0p5_cfl_0p5_nx_501_mode_1,5,on,p,0.5,0.5,501,1,0.2,completed,completed,0.2,p,0.001284071510218769,0.0030307258870654755,0.01714409509999998,0.402538167,0.003004643160527787,0.0
run_0068,visc_on_sensor_p_beta_0p5_cfl_0p5_nx_1001_mode_1,5,on,p,0.5,0.5,1001,1,0.2,completed,completed,0.2,rho,0.001490238863254905,0.009110677189668315,0.17375692404530885,0.8352298896000001,0.0015643875258197215,0.0
run_0068,visc_on_sensor_p_beta_0p5_cfl_0p5_nx_1001_mode_1,5,on,p,0.5,0.5,1001,1,0.2,completed,completed,0.2,u,0.0012149559820200176,0.003064089426622689,0.014668874254936987,0.7112794178,0.0,0.0
run_0068,visc_on_sensor_p_beta_0p5_cfl_0p5_nx_1001_mode_1,5,on,p,0.5,0.5,1001,1,0.2,completed,completed,0.2,p,0.0006593710852777314,0.001703712598143927,0.012120965167386033,0.3995901289999999,0.0018945368605278179,0.0
run_0069,visc_on_sensor_p_beta_0p5_cfl_0p8_nx_101_mode_1,5,on,p,0.5,0.8,101,1,0.2,completed,completed,0.2,rho,0.009323982104131117,0.022524758722765843,0.16529438214530878,0.8851115155999999,0.01393028322581974,0.0
run_0069,visc_on_sensor_p_beta_0p5_cfl_0p8_nx_101_mode_1,5,on,p,0.5,0.8,101,1,0.2,completed,completed,0.2,u,0.010528132298977682,0.01982945785563226,0.07450976184993613,0.870594673,0.0,0.0
run_0069,visc_on_sensor_p_beta_0p5_cfl_0p8_nx_101_mode_1,5,on,p,0.5,0.8,101,1,0.2,completed,completed,0.2,p,0.005338716951374945,0.009702790420069144,0.031495764400000015,0.46729606199999985,0.016710747060527775,0.0
run_0070,visc_on_sensor_p_beta_0p5_cfl_0p8_nx_201_mode_1,5,on,p,0.5,0.8,201,1,0.2,completed,completed,0.2,rho,0.005526190251274975,0.01845123042958468,0.19237242444530878,0.8613407616000001,0.010039513925819699,0.0
run_0070,visc_on_sensor_p_beta_0p5_cfl_0p8_nx_201_mode_1,5,on,p,0.5,0.8,201,1,0.2,completed,completed,0.2,u,0.005336774575128808,0.011016913708194765,0.04197056634993612,0.8229339458,0.0,0.0
run_0070,visc_on_sensor_p_beta_0p5_cfl_0p8_nx_201_mode_1,5,on,p,0.5,0.8,201,1,0.2,completed,completed,0.2,p,0.002741526082587666,0.005506093243223444,0.021327695599999974,0.4475999316000001,0.012090929560527819,0.0
run_0071,visc_on_sensor_p_beta_0p5_cfl_0p8_nx_501_mode_1,5,on,p,0.5,0.8,501,1,0.2,completed,completed,0.2,rho,0.0023639028422216962,0.011294145439155159,0.1762325420453088,0.8851887646000002,0.00644338052581972,0.0
run_0071,visc_on_sensor_p_beta_0p5_cfl_0p8_nx_501_mode_1,5,on,p,0.5,0.8,501,1,0.2,completed,completed,0.2,u,0.0021573151258518553,0.0049757774562685,0.020469625401191918,0.7756310500000001,0.0,0.0
run_0071,visc_on_sensor_p_beta_0p5_cfl_0p8_nx_501_mode_1,5,on,p,0.5,0.8,501,1,0.2,completed,completed,0.2,p,0.0011205082395923114,0.0025564576433731545,0.014711895199999991,0.4276407508000001,0.007782522660527813,0.0
run_0072,visc_on_sensor_p_beta_0p5_cfl_0p8_nx_1001_mode_1,5,on,p,0.5,0.8,1001,1,0.2,completed,completed,0.2,rho,0.0013576615842839442,0.00878401031579078,0.1893860428453088,0.9534495970000003,0.00460713582581973,0.0
run_0072,visc_on_sensor_p_beta_0p5_cfl_0p8_nx_1001_mode_1,5,on,p,0.5,0.8,1001,1,0.2,completed,completed,0.2,u,0.0010761812922875779,0.002704809773454854,0.01460740410119192,0.7519724274000001,0.0,0.0
run_0072,visc_on_sensor_p_beta_0p5_cfl_0p8_nx_1001_mode_1,5,on,p,0.5,0.8,1001,1,0.2,completed,completed,0.2,p,0.0005618538262951066,0.001413314337259726,0.01033592886738599,0.41749291879999983,0.005571536160527801,0.0
run_0073,visc_on_sensor_rho_beta_0p75_cfl_0p2_nx_101_mode_1,5,on,rho,0.75,0.2,101,1,0.2,completed,completed,0.2,rho,0.014455490131708451,0.029829829807460195,0.14518497004530884,0.8039174682000001,0.0010949993258197455,0.0
run_0073,visc_on_sensor_rho_beta_0p75_cfl_0p2_nx_101_mode_1,5,on,rho,0.75,0.2,101,1,0.2,completed,completed,0.2,u,0.012083027850196701,0.02356310564859581,0.09224891514993613,0.7236834677,0.0,0.0
run_0073,visc_on_sensor_rho_beta_0p75_cfl_0p2_nx_101_mode_1,5,on,rho,0.75,0.2,101,1,0.2,completed,completed,0.2,p,0.006583910140195075,0.012329009295371588,0.0409137121,0.4050078303999999,0.001197240860527804,0.0
run_0074,visc_on_sensor_rho_beta_0p75_cfl_0p2_nx_201_mode_1,5,on,rho,0.75,0.2,201,1,0.2,completed,completed,0.2,rho,0.00868398092863906,0.0229840160709783,0.16291240284530883,0.8022823856000001,8.34799258196961e-05,0.0
run_0074,visc_on_sensor_rho_beta_0p75_cfl_0p2_nx_201_mode_1,5,on,rho,0.75,0.2,201,1,0.2,completed,completed,0.2,u,0.0066029388472962185,0.014077078604029503,0.05761139574993612,0.7017498335000001,0.0,0.0
run_0074,visc_on_sensor_rho_beta_0p75_cfl_0p2_nx_201_mode_1,5,on,rho,0.75,0.2,201,1,0.2,completed,completed,0.2,p,0.003624173728899596,0.007537344511790079,0.02948593290000001,0.39591897349999994,0.00011795576052781032,0.0
run_0075,visc_on_sensor_rho_beta_0p75_cfl_0p2_nx_501_mode_1,5,on,rho,0.75,0.2,501,1,0.2,completed,completed,0.2,rho,0.004340013279968428,0.016303944325078236,0.16009036597418025,0.8018566772000001,4.9936725819710315e-05,0.0
run_0075,visc_on_sensor_rho_beta_0p75_cfl_0p2_nx_501_mode_1,5,on,rho,0.75,0.2,501,1,0.2,completed,completed,0.2,u,0.002917868796802941,0.006895435064164104,0.032072116598808084,0.7000954443999999,0.0,0.0
run_0075,visc_on_sensor_rho_beta_0p75_cfl_0p2_nx_501_mode_1,5,on,rho,0.75,0.2,501,1,0.2,completed,completed,0.2,p,0.0016043474748123313,0.00379251157523378,0.02058545610000001,0.39521898339999995,1.639686052778977e-05,0.0
run_0076,visc_on_sensor_rho_beta_0p75_cfl_0p2_nx_1001_mode_1,5,on,rho,0.75,0.2,1001,1,0.2,completed,completed,0.2,rho,0.0025531885527441175,0.01273896741739465,0.16106009697418033,0.8018161330000001,3.3572725819719373e-05,0.0
run_0076,visc_on_sensor_rho_beta_0p75_cfl_0p2_nx_1001_mode_1,5,on,rho,0.75,0.2,1001,1,0.2,completed,completed,0.2,u,0.0015303076097149429,0.003922581040608798,0.020293887698808077,0.7000574812,0.0,0.0
run_0076,visc_on_sensor_rho_beta_0p75_cfl_0p2_nx_1001_mode_1,5,on,rho,0.75,0.2,1001,1,0.2,completed,completed,0.2,p,0.0008424927277134245,0.002195274769811586,0.014645933567386027,0.3951975215999999,7.769760527798208e-06,0.0
run_0077,visc_on_sensor_rho_beta_0p75_cfl_0p5_nx_101_mode_1,5,on,rho,0.75,0.5,101,1,0.2,completed,completed,0.2,rho,0.012559664803631026,0.027373359363307235,0.1501853786453088,0.8119026891000001,0.003044959625819743,0.0
run_0077,visc_on_sensor_rho_beta_0p75_cfl_0p5_nx_101_mode_1,5,on,rho,0.75,0.5,101,1,0.2,completed,completed,0.2,u,0.010889481295121798,0.021668714193005256,0.08703210614993612,0.7362132957,0.0,0.0
run_0077,visc_on_sensor_rho_beta_0p75_cfl_0p5_nx_101_mode_1,5,on,rho,0.75,0.5,101,1,0.2,completed,completed,0.2,p,0.005874209377683253,0.011238809801321952,0.038070475400000026,0.4102163789,0.003597336760527814,0.0
run_0078,visc_on_sensor_rho_beta_0p75_cfl_0p5_nx_201_mode_1,5,on,rho,0.75,0.5,201,1,0.2,completed,completed,0.2,rho,0.007484320337401797,0.021308596451455174,0.16966296104530887,0.8067562446000001,0.0013665180258197185,0.0
run_0078,visc_on_sensor_rho_beta_0p75_cfl_0p5_nx_201_mode_1,5,on,rho,0.75,0.5,201,1,0.2,completed,completed,0.2,u,0.005796883440177328,0.012646019712100503,0.053103676149936135,0.712750003,0.0,0.0
run_0078,visc_on_sensor_rho_beta_0p75_cfl_0p5_nx_201_mode_1,5,on,rho,0.75,0.5,201,1,0.2,completed,completed,0.2,p,0.003162240961623489,0.006722957894827946,0.0268906404,0.4003800934,0.0016301625605277814,0.0
run_0079,visc_on_sensor_rho_beta_0p75_cfl_0p5_nx_501_mode_1,5,on,rho,0.75,0.5,501,1,0.2,completed,completed,0.2,rho,0.003686959761219705,0.01498865260748372,0.15868013114530888,0.8032377010000001,0.0004422743258197248,0.0
run_0079,visc_on_sensor_rho_beta_0p75_cfl_0p5_nx_501_mode_1,5,on,rho,0.75,0.5,501,1,0.2,completed,completed,0.2,u,0.0024903867855309092,0.006038014115384225,0.02837372969880808,0.7036935237999999,0.0,0.0
run_0079,visc_on_sensor_rho_beta_0p75_cfl_0p5_nx_501_mode_1,5,on,rho,0.75,0.5,501,1,0.2,completed,completed,0.2,p,0.0013655039177492196,0.003306770445815867,0.018648766799999994,0.3966671963999998,0.0005317907605277838,0.0
run_0080,visc_on_sensor_rho_beta_0p75_cfl_0p5_nx_1001_mode_1,5,on,rho,0.75,0.5,1001,1,0.2,completed,completed,0.2,rho,0.002165920064722882,0.011759421147742108,0.16505210844530882,0.8023468523999999,0.00018943402581972357,0.0
run_0080,visc_on_sensor_rho_beta_0p75_cfl_0p5_nx_1001_mode_1,5,on,rho,0.75,0.5,1001,1,0.2,completed,completed,0.2,u,0.0012948908570188167,0.0033830184487433526,0.017484440598808076,0.7014865901999999,0.0,0.0
run_0080,visc_on_sensor_rho_beta_0p75_cfl_0p5_nx_1001_mode_1,5,on,rho,0.75,0.5,1001,1,0.2,completed,completed,0.2,p,0.0007110718224587749,0.00188917357735996,0.013201998267385995,0.3957687054000001,0.0002285559605277876,0.0
run_0081,visc_on_sensor_rho_beta_0p75_cfl_0p8_nx_101_mode_1,5,on,rho,0.75,0.8,101,1,0.2,completed,completed,0.2,rho,0.009956587975389312,0.02402803780412245,0.16661791664530878,0.8458383782000001,0.008170546225819697,0.0
run_0081,visc_on_sensor_rho_beta_0p75_cfl_0p8_nx_101_mode_1,5,on,rho,0.75,0.8,101,1,0.2,completed,completed,0.2,u,0.00965945914169331,0.01900287753744261,0.07723986494993612,0.7961536324,0.0,0.0
run_0081,visc_on_sensor_rho_beta_0p75_cfl_0p8_nx_101_mode_1,5,on,rho,0.75,0.8,101,1,0.2,completed,completed,0.2,p,0.005054843471393809,0.009621096001607212,0.033357442199999976,0.43612017660000013,0.009809739460527822,0.0
run_0082,visc_on_sensor_rho_beta_0p75_cfl_0p8_nx_201_mode_1,5,on,rho,0.75,0.8,201,1,0.2,completed,completed,0.2,rho,0.005911951655465109,0.0192689130930349,0.18856241194530887,0.8319362108000002,0.005674111625819711,0.0
run_0082,visc_on_sensor_rho_beta_0p75_cfl_0p8_nx_201_mode_1,5,on,rho,0.75,0.8,201,1,0.2,completed,completed,0.2,u,0.005005161632081975,0.010670567998658006,0.04522870774993612,0.7629803108000001,0.0,0.0
run_0082,visc_on_sensor_rho_beta_0p75_cfl_0p8_nx_201_mode_1,5,on,rho,0.75,0.8,201,1,0.2,completed,completed,0.2,p,0.0026476596090970967,0.0055372456561337,0.02276879970000001,0.4220720292000002,0.006843195160527782,0.0
run_0083,visc_on_sensor_rho_beta_0p75_cfl_0p8_nx_501_mode_1,5,on,rho,0.75,0.8,501,1,0.2,completed,completed,0.2,rho,0.0028123967314717365,0.013034870974634507,0.1708243737453088,0.8185904166,0.003374584525819735,0.0
run_0083,visc_on_sensor_rho_beta_0p75_cfl_0p8_nx_501_mode_1,5,on,rho,0.75,0.8,501,1,0.2,completed,completed,0.2,u,0.0020504043889575984,0.0048592517350049495,0.02202297519880808,0.7351081844,0.0,0.0
run_0083,visc_on_sensor_rho_beta_0p75_cfl_0p8_nx_501_mode_1,5,on,rho,0.75,0.8,501,1,0.2,completed,completed,0.2,p,0.0010950410301976577,0.002608040317058402,0.0156720662,0.41017146420000006,0.004081745060527775,0.0
run_0084,visc_on_sensor_rho_beta_0p75_cfl_0p8_nx_1001_mode_1,5,on,rho,0.75,0.8,1001,1,0.2,completed,completed,0.2,rho,0.0016363020977195211,0.010300519162436175,0.17713044574530878,0.8125191793999998,0.0022615904258197483,0.0
run_0084,visc_on_sensor_rho_beta_0p75_cfl_0p8_nx_1001_mode_1,5,on,rho,0.75,0.8,1001,1,0.2,completed,completed,0.2,u,0.001034653313190814,0.0026360443596664153,0.013318636054936994,0.7226047252000001,0.0,0.0
run_0084,visc_on_sensor_rho_beta_0p75_cfl_0p8_nx_1001_mode_1,5,on,rho,0.75,0.8,1001,1,0.2,completed,completed,0.2,p,0.000555109135403459,0.0014494016788471793,0.011016078767386028,0.4048181089999997,0.0027383166605278175,0.0
run_0085,visc_on_sensor_u_beta_0p75_cfl_0p2_nx_101_mode_1,5,on,u,0.75,0.2,101,1,0.2,completed,completed,0.2,rho,0.01634986160935146,0.033597162650399304,0.16858618794530877,0.8032321756,0.0007523944258197024,0.0
run_0085,visc_on_sensor_u_beta_0p75_cfl_0p2_nx_101_mode_1,5,on,u,0.75,0.2,101,1,0.2,completed,completed,0.2,u,0.012124015814030439,0.023942574152919126,0.09355284404993613,0.7041598922000001,0.0,0.0
run_0085,visc_on_sensor_u_beta_0p75_cfl_0p2_nx_101_mode_1,5,on,u,0.75,0.2,101,1,0.2,completed,completed,0.2,p,0.006637006930590083,0.012530490859866926,0.0421278819,0.39681670049999995,0.0007670968605277828,0.0
run_0086,visc_on_sensor_u_beta_0p75_cfl_0p2_nx_201_mode_1,5,on,u,0.75,0.2,201,1,0.2,completed,completed,0.2,rho,0.009285698194759485,0.024627107057068807,0.17954007094530877,0.8023572503,0.0002819664258197352,0.0
run_0086,visc_on_sensor_u_beta_0p75_cfl_0p2_nx_201_mode_1,5,on,u,0.75,0.2,201,1,0.2,completed,completed,0.2,u,0.006673916156215083,0.01426467766689097,0.058094255749936125,0.7015582127,0.0,0.0
run_0086,visc_on_sensor_u_beta_0p75_cfl_0p2_nx_201_mode_1,5,on,u,0.75,0.2,201,1,0.2,completed,completed,0.2,p,0.0036677673568005107,0.007643253403446525,0.030192063499999977,0.3957765981,0.00029949876052781654,0.0
run_0087,visc_on_sensor_u_beta_0p75_cfl_0p2_nx_501_mode_1,5,on,u,0.75,0.2,501,1,0.2,completed,completed,0.2,rho,0.0039061729843362716,0.01504862050500319,0.16721618114530878,0.802010593,8.017142581973058e-05,0.0
run_0087,visc_on_sensor_u_beta_0p75_cfl_0p2_nx_501_mode_1,5,on,u,0.75,0.2,501,1,0.2,completed,completed,0.2,u,0.0029282462889173647,0.006948982681873837,0.03202023019880808,0.7004367514000001,0.0,0.0
run_0087,visc_on_sensor_u_beta_0p75_cfl_0p2_nx_501_mode_1,5,on,u,0.75,0.2,501,1,0.2,completed,completed,0.2,p,0.0016137206637176665,0.003831529087661725,0.02093997219999999,0.39534132499999985,8.347566052779865e-05,0.0
run_0088,visc_on_sensor_u_beta_0p75_cfl_0p2_nx_1001_mode_1,5,on,u,0.75,0.2,1001,1,0.2,completed,completed,0.2,rho,0.002011862832565652,0.010611921112022615,0.17295931944530885,0.8028444179999998,7.525022581972296e-05,0.0
run_0088,visc_on_sensor_u_beta_0p75_cfl_0p2_nx_1001_mode_1,5,on,u,0.75,0.2,1001,1,0.2,completed,completed,0.2,u,0.0015343158655437997,0.003941321583048305,0.02009790769880808,0.7001862892,0.0,0.0
run_0088,visc_on_sensor_u_beta_0p75_cfl_0p2_nx_1001_mode_1,5,on,u,0.75,0.2,1001,1,0.2,completed,completed,0.2,p,0.0008466131138291996,0.0022137013306842666,0.014852268267386004,0.3952448984,3.52416605278183e-05,0.0
run_0089,visc_on_sensor_u_beta_0p75_cfl_0p5_nx_101_mode_1,5,on,u,0.75,0.5,101,1,0.2,completed,completed,0.2,rho,0.013961289898163816,0.03089973054233467,0.1736578960453088,0.8070245629999999,0.00264237972581971,0.0
run_0089,visc_on_sensor_u_beta_0p75_cfl_0p5_nx_101_mode_1,5,on,u,0.75,0.5,101,1,0.2,completed,completed,0.2,u,0.010827031376911244,0.021846424500700158,0.08767249304993613,0.7199636244,0.0,0.0
run_0089,visc_on_sensor_u_beta_0p75_cfl_0p5_nx_101_mode_1,5,on,u,0.75,0.5,101,1,0.2,completed,completed,0.2,p,0.005862443108168969,0.011337084630912896,0.03874881400000002,0.4032829098999998,0.0031084882605277864,0.0
run_0090,visc_on_sensor_u_beta_0p75_cfl_0p5_nx_201_mode_1,5,on,u,0.75,0.5,201,1,0.2,completed,completed,0.2,rho,0.00789110450593459,0.022900308994905073,0.18655765074530883,0.8055894658000001,0.0015102700258197155,0.0
run_0090,visc_on_sensor_u_beta_0p75_cfl_0p5_nx_201_mode_1,5,on,u,0.75,0.5,201,1,0.2,completed,completed,0.2,u,0.005837919861344198,0.012746692812157895,0.05334297154993611,0.7106462152,0.0,0.0
run_0090,visc_on_sensor_u_beta_0p75_cfl_0p5_nx_201_mode_1,5,on,u,0.75,0.5,201,1,0.2,completed,completed,0.2,p,0.0031820266264393224,0.006778462493917154,0.027283065800000006,0.39939866440000005,0.001804035760527789,0.0
run_0091,visc_on_sensor_u_beta_0p75_cfl_0p5_nx_501_mode_1,5,on,u,0.75,0.5,501,1,0.2,completed,completed,0.2,rho,0.00327426745327534,0.01385391599357721,0.1727791735453088,0.8058027884000002,0.0006621599258196942,0.0
run_0091,visc_on_sensor_u_beta_0p75_cfl_0p5_nx_501_mode_1,5,on,u,0.75,0.5,501,1,0.2,completed,completed,0.2,u,0.0025108597205268997,0.006071171853220898,0.02835562019880808,0.704404004,0.0,0.0
run_0091,visc_on_sensor_u_beta_0p75_cfl_0p5_nx_501_mode_1,5,on,u,0.75,0.5,501,1,0.2,completed,completed,0.2,p,0.0013754315367281089,0.0033288793898944005,0.018847333600000016,0.39688980939999996,0.0007983551605277861,0.0
run_0092,visc_on_sensor_u_beta_0p75_cfl_0p5_nx_1001_mode_1,5,on,u,0.75,0.5,1001,1,0.2,completed,completed,0.2,rho,0.00168762307794181,0.009917619493249295,0.17997506334530877,0.8081956869999993,0.0003469125258196981,0.0
run_0092,visc_on_sensor_u_beta_0p75_cfl_0p5_nx_1001_mode_1,5,on,u,0.75,0.5,1001,1,0.2,completed,completed,0.2,u,0.001303643072943373,0.003395418843349214,0.01737240419880809,0.7022588494,0.0,0.0
run_0092,visc_on_sensor_u_beta_0p75_cfl_0p5_nx_1001_mode_1,5,on,u,0.75,0.5,1001,1,0.2,completed,completed,0.2,p,0.0007155833329267483,0.0018998727826015562,0.01331853816738604,0.39604796240000006,0.0004195162605277747,0.0
run_0093,visc_on_sensor_u_beta_0p75_cfl_0p8_nx_101_mode_1,5,on,u,0.75,0.8,101,1,0.2,completed,completed,0.2,rho,0.010531462739872918,0.02567886601814848,0.17224723434530886,0.8482651945999999,0.007832546525819717,0.0
run_0093,visc_on_sensor_u_beta_0p75_cfl_0p8_nx_101_mode_1,5,on,u,0.75,0.8,101,1,0.2,completed,completed,0.2,u,0.009661148810669472,0.019065927963351603,0.07786473214993611,0.7943472368000001,0.0,0.0
run_0093,visc_on_sensor_u_beta_0p75_cfl_0p8_nx_101_mode_1,5,on,u,0.75,0.8,101,1,0.2,completed,completed,0.2,p,0.0050615500703938094,0.009642797689493776,0.033469284200000005,0.43601475460000005,0.009403395760527788,0.0
run_0094,visc_on_sensor_u_beta_0p75_cfl_0p8_nx_201_mode_1,5,on,u,0.75,0.8,201,1,0.2,completed,completed,0.2,rho,0.006173036495981501,0.02009039834344611,0.1889855833453088,0.8340621644,0.005481521325819694,0.0
run_0094,visc_on_sensor_u_beta_0p75_cfl_0p8_nx_201_mode_1,5,on,u,0.75,0.8,201,1,0.2,completed,completed,0.2,u,0.005009595153570055,0.010699371624349722,0.045543248449936125,0.7635626950000001,0.0,0.0
run_0094,visc_on_sensor_u_beta_0p75_cfl_0p8_nx_201_mode_1,5,on,u,0.75,0.8,201,1,0.2,completed,completed,0.2,p,0.0026505969808076546,0.005543925346541865,0.02283984280000001,0.4228117076000001,0.006611249560527777,0.0
run_0095,visc_on_sensor_u_beta_0p75_cfl_0p8_nx_501_mode_1,5,on,u,0.75,0.8,501,1,0.2,completed,completed,0.2,rho,0.002500740108466087,0.01214458598725307,0.17509187574530882,0.8222502731999999,0.0033078486258197315,0.0
run_0095,visc_on_sensor_u_beta_0p75_cfl_0p8_nx_501_mode_1,5,on,u,0.75,0.8,501,1,0.2,completed,completed,0.2,u,0.0020521256179862044,0.0048680471629415495,0.022184227598808087,0.7358890108,0.0,0.0
run_0095,visc_on_sensor_u_beta_0p75_cfl_0p8_nx_501_mode_1,5,on,u,0.75,0.8,501,1,0.2,completed,completed,0.2,p,0.0010950465956292112,0.0026083132315081986,0.015712084000000015,0.41074643479999995,0.004001199760527818,0.0
run_0096,visc_on_sensor_u_beta_0p75_cfl_0p8_nx_1001_mode_1,5,on,u,0.75,0.8,1001,1,0.2,completed,completed,0.2,rho,0.0013477687200594093,0.009058346613258128,0.18623278024530887,0.8539667723999996,0.0022366685258197183,0.0
run_0096,visc_on_sensor_u_beta_0p75_cfl_0p8_nx_1001_mode_1,5,on,u,0.75,0.8,1001,1,0.2,completed,completed,0.2,u,0.001035409560672122,0.0026391145491984768,0.013348999354936997,0.7232232126,0.0,0.0
run_0096,visc_on_sensor_u_beta_0p75_cfl_0p8_nx_1001_mode_1,5,on,u,0.75,0.8,1001,1,0.2,completed,completed,0.2,p,0.0005549099940209246,0.0014487113341872828,0.011040953567385992,0.40521738360000004,0.0027082039605277886,0.0
run_0097,visc_on_sensor_p_beta_0p75_cfl_0p2_nx_101_mode_1,5,on,p,0.75,0.2,101,1,0.2,completed,completed,0.2,rho,0.016207998666506844,0.03295372641046455,0.16251398574530884,0.8016420745999999,0.0,0.0
run_0097,visc_on_sensor_p_beta_0p75_cfl_0p2_nx_101_mode_1,5,on,p,0.75,0.2,101,1,0.2,completed,completed,0.2,u,0.012563551600431095,0.024589296893453072,0.09470943134993612,0.7001375998,0.0,0.0
run_0097,visc_on_sensor_p_beta_0p75_cfl_0p2_nx_101_mode_1,5,on,p,0.75,0.2,101,1,0.2,completed,completed,0.2,p,0.006840200450577693,0.012784514594227343,0.040325735500000015,0.3952826219,3.9948860527827534e-05,0.0
run_0098,visc_on_sensor_p_beta_0p75_cfl_0p2_nx_201_mode_1,5,on,p,0.75,0.2,201,1,0.2,completed,completed,0.2,rho,0.00918346544302387,0.024028519077993638,0.17496550294530888,0.8019245966,9.655712581974063e-05,0.0
run_0098,visc_on_sensor_p_beta_0p75_cfl_0p2_nx_201_mode_1,5,on,p,0.75,0.2,201,1,0.2,completed,completed,0.2,u,0.00693619083692733,0.014686059838345592,0.05935985274993613,0.7000729985,0.0,0.0
run_0098,visc_on_sensor_p_beta_0p75_cfl_0p2_nx_201_mode_1,5,on,p,0.75,0.2,201,1,0.2,completed,completed,0.2,p,0.0037912698762154304,0.007796066498079064,0.029125756599999997,0.3952110634999999,1.6574560527782278e-05,0.0
run_0099,visc_on_sensor_p_beta_0p75_cfl_0p2_nx_501_mode_1,5,on,p,0.75,0.2,501,1,0.2,completed,completed,0.2,rho,0.003865014667137942,0.01464992553750826,0.16259665954530877,0.801900482,8.441742581971612e-05,0.0
run_0099,visc_on_sensor_p_beta_0p75_cfl_0p2_nx_501_mode_1,5,on,p,0.75,0.2,501,1,0.2,completed,completed,0.2,u,0.0030374164532832332,0.007155237949664234,0.03303984319880808,0.7000562610000001,0.0,0.0
run_0099,visc_on_sensor_p_beta_0p75_cfl_0p2_nx_501_mode_1,5,on,p,0.75,0.2,501,1,0.2,completed,completed,0.2,p,0.0016648003537596634,0.003898706951864508,0.020400558999999985,0.395196674,8.412460527795762e-06,0.0
run_0100,visc_on_sensor_p_beta_0p75_cfl_0p2_nx_1001_mode_1,5,on,p,0.75,0.2,1001,1,0.2,completed,completed,0.2,rho,0.0019913108375040436,0.010327367489097768,0.16925334324530883,0.8039171647999996,7.800692581971802e-05,0.0
run_0100,visc_on_sensor_p_beta_0p75_cfl_0p2_nx_1001_mode_1,5,on,p,0.75,0.2,1001,1,0.2,completed,completed,0.2,u,0.0015890243018592213,0.004053337079082592,0.02080372289880808,0.7000523302,0.0,0.0
run_0100,visc_on_sensor_p_beta_0p75_cfl_0p2_nx_1001_mode_1,5,on,p,0.75,0.2,1001,1,0.2,completed,completed,0.2,p,0.0008721719781116119,0.0022474225475008916,0.014537667467385995,0.395194057,8.704060527775503e-06,0.0
run_0101,visc_on_sensor_p_beta_0p75_cfl_0p5_nx_101_mode_1,5,on,p,0.75,0.5,101,1,0.2,completed,completed,0.2,rho,0.013729561014917558,0.030031360940508577,0.15768310674530883,0.8076539739,0.002919224825819744,0.0
run_0101,visc_on_sensor_p_beta_0p75_cfl_0p5_nx_101_mode_1,5,on,p,0.75,0.5,101,1,0.2,completed,completed,0.2,u,0.010882198392836342,0.021898250365604253,0.08622360254993613,0.7206591252,0.0,0.0
run_0101,visc_on_sensor_p_beta_0p75_cfl_0p5_nx_101_mode_1,5,on,p,0.75,0.5,101,1,0.2,completed,completed,0.2,p,0.005893863077814922,0.011369309669952138,0.03751842519999998,0.4032172761999999,0.003439211160527811,0.0
run_0102,visc_on_sensor_p_beta_0p75_cfl_0p5_nx_201_mode_1,5,on,p,0.75,0.5,201,1,0.2,completed,completed,0.2,rho,0.007814824489512021,0.02214378577867427,0.17166559534530879,0.8052308405999999,0.0015526288258197463,0.0
run_0102,visc_on_sensor_p_beta_0p75_cfl_0p5_nx_201_mode_1,5,on,p,0.75,0.5,201,1,0.2,completed,completed,0.2,u,0.00589623367379652,0.012779630734949329,0.05232551134993613,0.7106044198,0.0,0.0
run_0102,visc_on_sensor_p_beta_0p75_cfl_0p5_nx_201_mode_1,5,on,p,0.75,0.5,201,1,0.2,completed,completed,0.2,p,0.0032156727404393194,0.006794849907463857,0.026554518699999974,0.3992721492,0.00185446546052781,0.0
run_0103,visc_on_sensor_p_beta_0p75_cfl_0p5_nx_501_mode_1,5,on,p,0.75,0.5,501,1,0.2,completed,completed,0.2,rho,0.0032572614060782804,0.01353831788092455,0.1586038413453088,0.8034115763999999,0.0006431739258196956,0.0
run_0103,visc_on_sensor_p_beta_0p75_cfl_0p5_nx_501_mode_1,5,on,p,0.75,0.5,501,1,0.2,completed,completed,0.2,u,0.002540092970740188,0.006086172051145568,0.027868972998808084,0.7042504888,0.0,0.0
run_0103,visc_on_sensor_p_beta_0p75_cfl_0p5_nx_501_mode_1,5,on,p,0.75,0.5,501,1,0.2,completed,completed,0.2,p,0.001391737240754236,0.003333017456827839,0.018477001800000004,0.39681191819999984,0.0007750662605278125,0.0
run_0104,visc_on_sensor_p_beta_0p75_cfl_0p5_nx_1001_mode_1,5,on,p,0.75,0.5,1001,1,0.2,completed,completed,0.2,rho,0.0016757665140392619,0.009638812269027285,0.1667101855453088,0.8058166186000002,0.0003266088258196964,0.0
run_0104,visc_on_sensor_p_beta_0p75_cfl_0p5_nx_1001_mode_1,5,on,p,0.75,0.5,1001,1,0.2,completed,completed,0.2,u,0.0013190632862925072,0.0034029956503087654,0.017134238998808088,0.7021341116,0.0,0.0
run_0104,visc_on_sensor_p_beta_0p75_cfl_0p5_nx_1001_mode_1,5,on,p,0.75,0.5,1001,1,0.2,completed,completed,0.2,p,0.0007240532847943864,0.001900527947220239,0.01310115406738599,0.39599573480000017,0.0003947878605278232,0.0
run_0105,visc_on_sensor_p_beta_0p75_cfl_0p8_nx_101_mode_1,5,on,p,0.75,0.8,101,1,0.2,completed,completed,0.2,rho,0.009872558796037293,0.02370067731623367,0.1596569421453088,0.8486349509999999,0.010102879425819722,0.0
run_0105,visc_on_sensor_p_beta_0p75_cfl_0p8_nx_101_mode_1,5,on,p,0.75,0.8,101,1,0.2,completed,completed,0.2,u,0.009814044965025361,0.019159594826795426,0.07538335954993614,0.806438258,0.0,0.0
run_0105,visc_on_sensor_p_beta_0p75_cfl_0p8_nx_101_mode_1,5,on,p,0.75,0.8,101,1,0.2,completed,completed,0.2,p,0.005095115587164391,0.009640794114499708,0.03295829859999999,0.43956860759999994,0.012124665960527803,0.0
run_0106,visc_on_sensor_p_beta_0p75_cfl_0p8_nx_201_mode_1,5,on,p,0.75,0.8,201,1,0.2,completed,completed,0.2,rho,0.0057971763220636885,0.01885967701625709,0.18400273624530883,0.8339364117999999,0.006897495325819736,0.0
run_0106,visc_on_sensor_p_beta_0p75_cfl_0p8_nx_201_mode_1,5,on,p,0.75,0.8,201,1,0.2,completed,completed,0.2,u,0.005067208366664565,0.010703071978892578,0.04341777794993612,0.7706539330000001,0.0,0.0
run_0106,visc_on_sensor_p_beta_0p75_cfl_0p8_nx_201_mode_1,5,on,p,0.75,0.8,201,1,0.2,completed,completed,0.2,p,0.002665637049298222,0.005526915115552065,0.02252776340000001,0.42482532260000017,0.008315156260527812,0.0
run_0107,visc_on_sensor_p_beta_0p75_cfl_0p8_nx_501_mode_1,5,on,p,0.75,0.8,501,1,0.2,completed,completed,0.2,rho,0.0023968928916631898,0.01152588105863148,0.16906822914530883,0.8407470577999994,0.004171114025819711,0.0
run_0107,visc_on_sensor_p_beta_0p75_cfl_0p8_nx_501_mode_1,5,on,p,0.75,0.8,501,1,0.2,completed,completed,0.2,u,0.0020740804289671334,0.0048538796437645445,0.020674740698808078,0.7401022938,0.0,0.0
run_0107,visc_on_sensor_p_beta_0p75_cfl_0p8_nx_501_mode_1,5,on,p,0.75,0.8,501,1,0.2,completed,completed,0.2,p,0.0011026597394819923,0.002595404173309117,0.01554963370000001,0.4119777565999997,0.005043349960527799,0.0
run_0108,visc_on_sensor_p_beta_0p75_cfl_0p8_nx_1001_mode_1,5,on,p,0.75,0.8,1001,1,0.2,completed,completed,0.2,rho,0.0013473275913427948,0.008747726455774627,0.1820020648453088,0.8974575876000004,0.002834189825819733,0.0
run_0108,visc_on_sensor_p_beta_0p75_cfl_0p8_nx_1001_mode_1,5,on,p,0.75,0.8,1001,1,0.2,completed,completed,0.2,u,0.0010453048179619915,0.002630713460959793,0.013230473954936983,0.7261175255999999,0.0,0.0
run_0108,visc_on_sensor_p_beta_0p75_cfl_0p8_nx_1001_mode_1,5,on,p,0.75,0.8,1001,1,0.2,completed,completed,0.2,p,0.0005586498925575118,0.0014413679767104148,0.010943850067386018,0.4060903307999998,0.0034306165605277883,0.0
run_0109,visc_on_sensor_rho_beta_1_cfl_0p2_nx_101_mode_1,5,on,rho,1.0,0.2,101,1,0.2,completed,completed,0.2,rho,0.01599011598464288,0.03169242642557414,0.1505205312741803,0.8009673998,0.0,0.0
run_0109,visc_on_sensor_rho_beta_1_cfl_0p2_nx_101_mode_1,5,on,rho,1.0,0.2,101,1,0.2,completed,completed,0.2,u,0.013166986112553673,0.02497667811974128,0.09633837394993613,0.7101913642000001,0.0,0.0
run_0109,visc_on_sensor_rho_beta_1_cfl_0p2_nx_101_mode_1,5,on,rho,1.0,0.2,101,1,0.2,completed,completed,0.2,p,0.007179318931773967,0.013113687818400778,0.043290531600000015,0.39974030900000007,0.0010558726605278124,0.0
run_0110,visc_on_sensor_rho_beta_1_cfl_0p2_nx_201_mode_1,5,on,rho,1.0,0.2,201,1,0.2,completed,completed,0.2,rho,0.009617924191848355,0.024276390269079337,0.16070331044530883,0.8018548741,6.157482581969909e-05,0.0
run_0110,visc_on_sensor_rho_beta_1_cfl_0p2_nx_201_mode_1,5,on,rho,1.0,0.2,201,1,0.2,completed,completed,0.2,u,0.007326035290358151,0.01519504909485153,0.06213333924993614,0.7006384791,0.0,0.0
run_0110,visc_on_sensor_rho_beta_1_cfl_0p2_nx_201_mode_1,5,on,rho,1.0,0.2,201,1,0.2,completed,completed,0.2,p,0.00400965803451105,0.00814320881772187,0.03150544500000002,0.3955012092,0.00013959406052782564,0.0
run_0111,visc_on_sensor_rho_beta_1_cfl_0p2_nx_501_mode_1,5,on,rho,1.0,0.2,501,1,0.2,completed,completed,0.2,rho,0.004810247229011641,0.01721896584960493,0.1642258414741803,0.8018464648000002,5.32410258197169e-05,0.0
run_0111,visc_on_sensor_rho_beta_1_cfl_0p2_nx_501_mode_1,5,on,rho,1.0,0.2,501,1,0.2,completed,completed,0.2,u,0.0032367452524034545,0.007570196214515695,0.03568063319880807,0.7001089942000001,0.0,0.0
run_0111,visc_on_sensor_rho_beta_1_cfl_0p2_nx_501_mode_1,5,on,rho,1.0,0.2,501,1,0.2,completed,completed,0.2,p,0.001778754063743646,0.00415796984878011,0.022032336500000027,0.3952222259999999,1.4310860527777525e-05,0.0
run_0112,visc_on_sensor_rho_beta_1_cfl_0p2_nx_1001_mode_1,5,on,rho,1.0,0.2,1001,1,0.2,completed,completed,0.2,rho,0.0028290829380438003,0.013413790043025326,0.1647715577741803,0.8018199361999999,3.615622581970568e-05,0.0
run_0112,visc_on_sensor_rho_beta_1_cfl_0p2_nx_1001_mode_1,5,on,rho,1.0,0.2,1001,1,0.2,completed,completed,0.2,u,0.001700659282848831,0.004346036601933724,0.02283105529880808,0.7000761010000001,0.0,0.0
run_0112,visc_on_sensor_rho_beta_1_cfl_0p2_nx_1001_mode_1,5,on,rho,1.0,0.2,1001,1,0.2,completed,completed,0.2,p,0.000936746511435626,0.002425903203333556,0.01570596216738601,0.3952038617999999,1.2258960527811169e-05,0.0
run_0113,visc_on_sensor_rho_beta_1_cfl_0p5_nx_101_mode_1,5,on,rho,1.0,0.5,101,1,0.2,completed,completed,0.2,rho,0.013697813258114632,0.028925704608816185,0.1485275431453088,0.8041352223,0.0010527253258197367,0.0
run_0113,visc_on_sensor_rho_beta_1_cfl_0p5_nx_101_mode_1,5,on,rho,1.0,0.5,101,1,0.2,completed,completed,0.2,u,0.01141753655322054,0.022638989933957677,0.09034490684993612,0.7190768567000001,0.0,0.0
run_0113,visc_on_sensor_rho_beta_1_cfl_0p5_nx_101_mode_1,5,on,rho,1.0,0.5,101,1,0.2,completed,completed,0.2,p,0.006214558226195076,0.011821934973963595,0.04016026090000002,0.40338563119999993,0.0012955675605277883,0.0
run_0114,visc_on_sensor_rho_beta_1_cfl_0p5_nx_201_mode_1,5,on,rho,1.0,0.5,201,1,0.2,completed,completed,0.2,rho,0.008180180775150068,0.02235892514711264,0.16638535774530883,0.8028841816000001,8.732442581971256e-05,0.0
run_0114,visc_on_sensor_rho_beta_1_cfl_0p5_nx_201_mode_1,5,on,rho,1.0,0.5,201,1,0.2,completed,completed,0.2,u,0.006189582533654132,0.013472607862908565,0.05676841474993613,0.702581805,0.0,0.0
run_0114,visc_on_sensor_rho_beta_1_cfl_0p5_nx_201_mode_1,5,on,rho,1.0,0.5,201,1,0.2,completed,completed,0.2,p,0.0033931422315315297,0.007190304381466456,0.028622325900000023,0.39631777759999987,0.0002508071605277773,0.0
run_0115,visc_on_sensor_rho_beta_1_cfl_0p5_nx_501_mode_1,5,on,rho,1.0,0.5,501,1,0.2,completed,completed,0.2,rho,0.004063864903386638,0.015788773459977545,0.15683408104530883,0.8019340558000001,4.7761825819725434e-05,0.0
run_0115,visc_on_sensor_rho_beta_1_cfl_0p5_nx_501_mode_1,5,on,rho,1.0,0.5,501,1,0.2,completed,completed,0.2,u,0.0027178600878794,0.006562208588755383,0.03147618639880809,0.7002010032,0.0,0.0
run_0115,visc_on_sensor_rho_beta_1_cfl_0p5_nx_501_mode_1,5,on,rho,1.0,0.5,501,1,0.2,completed,completed,0.2,p,0.0014925418968106078,0.003595221950931084,0.019864911400000018,0.3952726428000001,3.868266052781122e-05,0.0
run_0116,visc_on_sensor_rho_beta_1_cfl_0p5_nx_1001_mode_1,5,on,rho,1.0,0.5,1001,1,0.2,completed,completed,0.2,rho,0.0023895253463954804,0.0123514297472487,0.16297901714530882,0.8018367993999997,3.226432581970862e-05,0.0
run_0116,visc_on_sensor_rho_beta_1_cfl_0p5_nx_1001_mode_1,5,on,rho,1.0,0.5,1001,1,0.2,completed,completed,0.2,u,0.0014226899177197986,0.003716582713572593,0.019744110498808087,0.7000916568,0.0,0.0
run_0116,visc_on_sensor_rho_beta_1_cfl_0p5_nx_1001_mode_1,5,on,rho,1.0,0.5,1001,1,0.2,completed,completed,0.2,p,0.000782080284612563,0.0020719722019438267,0.014084595567386005,0.39521367939999996,1.0659860527784115e-05,0.0
run_0117,visc_on_sensor_rho_beta_1_cfl_0p8_nx_101_mode_1,5,on,rho,1.0,0.8,101,1,0.2,completed,completed,0.2,rho,0.010508472933779094,0.02479063941087765,0.16066634744530883,0.8322201418000003,0.005621573225819743,0.0
run_0117,visc_on_sensor_rho_beta_1_cfl_0p8_nx_101_mode_1,5,on,rho,1.0,0.8,101,1,0.2,completed,completed,0.2,u,0.009614703967669473,0.01919807595611215,0.07935134704993613,0.7652147364,0.0,0.0
run_0117,visc_on_sensor_rho_beta_1_cfl_0p8_nx_101_mode_1,5,on,rho,1.0,0.8,101,1,0.2,completed,completed,0.2,p,0.005103561642762141,0.00985007545133647,0.03474725150000002,0.4232161688000001,0.0067300752605278236,0.0
run_0118,visc_on_sensor_rho_beta_1_cfl_0p8_nx_201_mode_1,5,on,rho,1.0,0.8,201,1,0.2,completed,completed,0.2,rho,0.006229195258387678,0.019690438994568033,0.18185661844530887,0.8199072043999999,0.0035845929258196962,0.0
run_0118,visc_on_sensor_rho_beta_1_cfl_0p8_nx_201_mode_1,5,on,rho,1.0,0.8,201,1,0.2,completed,completed,0.2,u,0.004991662770201166,0.01091779535613828,0.04749338564993613,0.7378885556,0.0,0.0
run_0118,visc_on_sensor_rho_beta_1_cfl_0p8_nx_201_mode_1,5,on,rho,1.0,0.8,201,1,0.2,completed,completed,0.2,p,0.0026808398526234883,0.0057410089098926115,0.023896132899999978,0.41140364120000006,0.004320288660527805,0.0
run_0119,visc_on_sensor_rho_beta_1_cfl_0p8_nx_501_mode_1,5,on,rho,1.0,0.8,501,1,0.2,completed,completed,0.2,rho,0.0030059005336219853,0.013541500673183722,0.1663500181453088,0.8106875854,0.0018982333258197315,0.0
run_0119,visc_on_sensor_rho_beta_1_cfl_0p8_nx_501_mode_1,5,on,rho,1.0,0.8,501,1,0.2,completed,completed,0.2,u,0.002079428097601683,0.005053071559412305,0.024126918698808078,0.7185831706,0.0,0.0
run_0119,visc_on_sensor_rho_beta_1_cfl_0p8_nx_501_mode_1,5,on,rho,1.0,0.8,501,1,0.2,completed,completed,0.2,p,0.0011248686638594579,0.002744946971493677,0.016450102000000022,0.4031230240000002,0.002296368960527817,0.0
run_0120,visc_on_sensor_rho_beta_1_cfl_0p8_nx_1001_mode_1,5,on,rho,1.0,0.8,1001,1,0.2,completed,completed,0.2,rho,0.0017578684207655924,0.010682077544320285,0.17269564724530884,0.8069533353999994,0.0011832714258196986,0.0
run_0120,visc_on_sensor_rho_beta_1_cfl_0p8_nx_1001_mode_1,5,on,rho,1.0,0.8,1001,1,0.2,completed,completed,0.2,u,0.001060433830393954,0.0027705197680054907,0.01430881911660288,0.7110225604,0.0,0.0
run_0120,visc_on_sensor_rho_beta_1_cfl_0p8_nx_1001_mode_1,5,on,rho,1.0,0.8,1001,1,0.2,completed,completed,0.2,p,0.0005756924297823724,0.0015399779571946919,0.011576592667386032,0.39986284419999985,0.0014331398605277879,0.0
run_0121,visc_on_sensor_u_beta_1_cfl_0p2_nx_101_mode_1,5,on,u,1.0,0.2,101,1,0.2,completed,completed,0.2,rho,0.018021899118236706,0.03566640187868837,0.17124778964530885,0.8017200848999999,0.0,0.0
run_0121,visc_on_sensor_u_beta_1_cfl_0p2_nx_101_mode_1,5,on,u,1.0,0.2,101,1,0.2,completed,completed,0.2,u,0.013152470735029833,0.025079546571570466,0.09605553974993614,0.7000664719,0.0,0.0
run_0121,visc_on_sensor_u_beta_1_cfl_0p2_nx_101_mode_1,5,on,u,1.0,0.2,101,1,0.2,completed,completed,0.2,p,0.007226658655010632,0.01326922475579091,0.04501574330000002,0.39528253090000004,6.121396052782835e-05,0.0
run_0122,visc_on_sensor_u_beta_1_cfl_0p2_nx_201_mode_1,5,on,u,1.0,0.2,201,1,0.2,completed,completed,0.2,rho,0.010497849257515953,0.02655737911015631,0.1793024666453088,0.8019587744,0.00011364612581971079,0.0
run_0122,visc_on_sensor_u_beta_1_cfl_0p2_nx_201_mode_1,5,on,u,1.0,0.2,201,1,0.2,completed,completed,0.2,u,0.0072943817004535024,0.01520425077842435,0.06123865054993613,0.7000753353,0.0,0.0
run_0122,visc_on_sensor_u_beta_1_cfl_0p2_nx_201_mode_1,5,on,u,1.0,0.2,201,1,0.2,completed,completed,0.2,p,0.004022451708155773,0.008220767494463951,0.032511789999999985,0.3952142647,1.8640760527821598e-05,0.0
run_0123,visc_on_sensor_u_beta_1_cfl_0p2_nx_501_mode_1,5,on,u,1.0,0.2,501,1,0.2,completed,completed,0.2,rho,0.004430991268364873,0.01627676370659345,0.16761635854530887,0.8019265212,9.751942581970319e-05,0.0
run_0123,visc_on_sensor_u_beta_1_cfl_0p2_nx_501_mode_1,5,on,u,1.0,0.2,501,1,0.2,completed,completed,0.2,u,0.003218429253703915,0.007542538601819333,0.03476787389880809,0.7000650046,0.0,0.0
run_0123,visc_on_sensor_u_beta_1_cfl_0p2_nx_501_mode_1,5,on,u,1.0,0.2,501,1,0.2,completed,completed,0.2,p,0.0017799610008024161,0.004186167817659031,0.022535154800000012,0.395199568,1.0816460527807159e-05,0.0
run_0124,visc_on_sensor_u_beta_1_cfl_0p2_nx_1001_mode_1,5,on,u,1.0,0.2,1001,1,0.2,completed,completed,0.2,rho,0.00228159017524264,0.011404817742770749,0.1708694683453088,0.8019209487999999,8.997322581971723e-05,0.0
run_0124,visc_on_sensor_u_beta_1_cfl_0p2_nx_1001_mode_1,5,on,u,1.0,0.2,1001,1,0.2,completed,completed,0.2,u,0.0016921594852518046,0.004322475460625008,0.022114955698808086,0.7000592837999999,0.0,0.0
run_0124,visc_on_sensor_u_beta_1_cfl_0p2_nx_1001_mode_1,5,on,u,1.0,0.2,1001,1,0.2,completed,completed,0.2,p,0.0009373595612855452,0.002439579384165283,0.01599714236738603,0.39519638839999993,1.021086052782616e-05,0.0
run_0125,visc_on_sensor_u_beta_1_cfl_0p5_nx_101_mode_1,5,on,u,1.0,0.5,101,1,0.2,completed,completed,0.2,rho,0.01537041684625764,0.032635565736882546,0.17164674874530883,0.8039637702,0.0011166498258197155,0.0
run_0125,visc_on_sensor_u_beta_1_cfl_0p5_nx_101_mode_1,5,on,u,1.0,0.5,101,1,0.2,completed,completed,0.2,u,0.011374493611435084,0.02265773937115295,0.08982594874993613,0.7074952831,0.0,0.0
run_0125,visc_on_sensor_u_beta_1_cfl_0p5_nx_101_mode_1,5,on,u,1.0,0.5,101,1,0.2,completed,completed,0.2,p,0.006220801329168972,0.011893016509926194,0.04117516809999999,0.3982209507,0.0012330792605277918,0.0
run_0126,visc_on_sensor_u_beta_1_cfl_0p5_nx_201_mode_1,5,on,u,1.0,0.5,201,1,0.2,completed,completed,0.2,rho,0.008762721087682598,0.02410092802082217,0.18319577464530878,0.802832063,0.0005061553258197127,0.0
run_0126,visc_on_sensor_u_beta_1_cfl_0p5_nx_201_mode_1,5,on,u,1.0,0.5,201,1,0.2,completed,completed,0.2,u,0.006205523122906128,0.013455987309652745,0.05603033174993613,0.7031749244000001,0.0,0.0
run_0126,visc_on_sensor_u_beta_1_cfl_0p5_nx_201_mode_1,5,on,u,1.0,0.5,201,1,0.2,completed,completed,0.2,p,0.003409569013906056,0.007224291501272359,0.029208983799999977,0.3964161170000001,0.0005780924605278126,0.0
run_0127,visc_on_sensor_u_beta_1_cfl_0p5_nx_501_mode_1,5,on,u,1.0,0.5,501,1,0.2,completed,completed,0.2,rho,0.003661711536154483,0.014665518688702212,0.1704232380453088,0.8021841670000001,0.00016037382581973736,0.0
run_0127,visc_on_sensor_u_beta_1_cfl_0p5_nx_501_mode_1,5,on,u,1.0,0.5,501,1,0.2,completed,completed,0.2,u,0.0027086325985754304,0.006533534962284433,0.03081825179880808,0.7009970524,0.0,0.0
run_0127,visc_on_sensor_u_beta_1_cfl_0p5_nx_501_mode_1,5,on,u,1.0,0.5,501,1,0.2,completed,completed,0.2,p,0.0014925198298446397,0.0036059423050651207,0.02015893190000001,0.39555781459999995,0.0001885787605278022,0.0
run_0128,visc_on_sensor_u_beta_1_cfl_0p5_nx_1001_mode_1,5,on,u,1.0,0.5,1001,1,0.2,completed,completed,0.2,rho,0.0018855443804807533,0.010395242420510918,0.17659085444530886,0.8045083888000003,7.257432581969647e-05,0.0
run_0128,visc_on_sensor_u_beta_1_cfl_0p5_nx_1001_mode_1,5,on,u,1.0,0.5,1001,1,0.2,completed,completed,0.2,u,0.0014162478850843724,0.003695628564482776,0.019238537498808078,0.7004158918,0.0,0.0
run_0128,visc_on_sensor_u_beta_1_cfl_0p5_nx_1001_mode_1,5,on,u,1.0,0.5,1001,1,0.2,completed,completed,0.2,p,0.0007813461524970471,0.0020768378933046622,0.014255836567385993,0.39533336480000003,7.883766052779739e-05,0.0
run_0129,visc_on_sensor_u_beta_1_cfl_0p8_nx_101_mode_1,5,on,u,1.0,0.8,101,1,0.2,completed,completed,0.2,rho,0.011250522968102781,0.027105531525784845,0.17292457304530884,0.8297054408000001,0.005387160225819698,0.0
run_0129,visc_on_sensor_u_beta_1_cfl_0p8_nx_101_mode_1,5,on,u,1.0,0.8,101,1,0.2,completed,completed,0.2,u,0.009520876034764824,0.019210094608397125,0.07953797424993611,0.7578186090000001,0.0,0.0
run_0129,visc_on_sensor_u_beta_1_cfl_0p8_nx_101_mode_1,5,on,u,1.0,0.8,101,1,0.2,completed,completed,0.2,p,0.005061604714037303,0.00985644707854485,0.034994299900000025,0.4201697390000001,0.006446935060527792,0.0
run_0130,visc_on_sensor_u_beta_1_cfl_0p8_nx_201_mode_1,5,on,u,1.0,0.8,201,1,0.2,completed,completed,0.2,rho,0.006477925852239699,0.020731924848855717,0.18773853684530883,0.8192277932000002,0.0035660587258197207,0.0
run_0130,visc_on_sensor_u_beta_1_cfl_0p8_nx_201_mode_1,5,on,u,1.0,0.8,201,1,0.2,completed,completed,0.2,u,0.004979762129725005,0.010927682411205043,0.047503056349936124,0.7360077772,0.0,0.0
run_0130,visc_on_sensor_u_beta_1_cfl_0p8_nx_201_mode_1,5,on,u,1.0,0.8,201,1,0.2,completed,completed,0.2,p,0.0026742263247287656,0.005745494088391283,0.024042948499999994,0.4106310417999999,0.004297979760527815,0.0
run_0131,visc_on_sensor_u_beta_1_cfl_0p8_nx_501_mode_1,5,on,u,1.0,0.8,501,1,0.2,completed,completed,0.2,rho,0.002643760766157146,0.012526189929468664,0.17362224044530883,0.8120546544,0.001958833425819706,0.0
run_0131,visc_on_sensor_u_beta_1_cfl_0p8_nx_501_mode_1,5,on,u,1.0,0.8,501,1,0.2,completed,completed,0.2,u,0.00207912894198738,0.0050564646765603564,0.024093033498808078,0.7184216184,0.0,0.0
run_0131,visc_on_sensor_u_beta_1_cfl_0p8_nx_501_mode_1,5,on,u,1.0,0.8,501,1,0.2,completed,completed,0.2,p,0.0011240033317012296,0.0027471589482207953,0.01652747630000001,0.403019357,0.002369775460527801,0.0
run_0132,visc_on_sensor_u_beta_1_cfl_0p8_nx_1001_mode_1,5,on,u,1.0,0.8,1001,1,0.2,completed,completed,0.2,rho,0.0013988278794819136,0.009218612236272232,0.18364643724530882,0.8341366966000001,0.0012447441258197078,0.0
run_0132,visc_on_sensor_u_beta_1_cfl_0p8_nx_1001_mode_1,5,on,u,1.0,0.8,1001,1,0.2,completed,completed,0.2,u,0.0010604923226157073,0.002771703387518712,0.014271624816602893,0.7110929862,0.0,0.0
run_0132,visc_on_sensor_u_beta_1_cfl_0p8_nx_1001_mode_1,5,on,u,1.0,0.8,1001,1,0.2,completed,completed,0.2,p,0.0005753633460636017,0.0015413028781716622,0.011623166667385998,0.399855544,0.0015076186605277875,0.0
run_0133,visc_on_sensor_p_beta_1_cfl_0p2_nx_101_mode_1,5,on,p,1.0,0.2,101,1,0.2,completed,completed,0.2,rho,0.01701215691550684,0.03396774244616389,0.1615315349453088,0.8014188758,0.0,0.0
run_0133,visc_on_sensor_p_beta_1_cfl_0p2_nx_101_mode_1,5,on,p,1.0,0.2,101,1,0.2,completed,completed,0.2,u,0.01382852994497877,0.026065815243487594,0.09837929834993611,0.7000106527000001,0.0,0.0
run_0133,visc_on_sensor_p_beta_1_cfl_0p2_nx_101_mode_1,5,on,p,1.0,0.2,101,1,0.2,completed,completed,0.2,p,0.007523174764656583,0.013622711954040495,0.04222217560000002,0.39524938480000005,4.397156052782236e-05,0.0
run_0134,visc_on_sensor_p_beta_1_cfl_0p2_nx_201_mode_1,5,on,p,1.0,0.2,201,1,0.2,completed,completed,0.2,rho,0.009912085478634628,0.02494893870623206,0.17415013114530886,0.8020148289,0.00014167332581971337,0.0
run_0134,visc_on_sensor_p_beta_1_cfl_0p2_nx_201_mode_1,5,on,p,1.0,0.2,201,1,0.2,completed,completed,0.2,u,0.007636024260404134,0.01579718591040741,0.06312162144993613,0.7000652118999999,0.0,0.0
run_0134,visc_on_sensor_p_beta_1_cfl_0p2_nx_201_mode_1,5,on,p,1.0,0.2,201,1,0.2,completed,completed,0.2,p,0.004177274500873472,0.008419566053671763,0.030863593899999986,0.3952112846,1.7714060527806996e-05,0.0
run_0135,visc_on_sensor_p_beta_1_cfl_0p2_nx_501_mode_1,5,on,p,1.0,0.2,501,1,0.2,completed,completed,0.2,rho,0.0041977040399279325,0.015145065903986484,0.16306688224530885,0.8019773402,0.0001229289258197208,0.0
run_0135,visc_on_sensor_p_beta_1_cfl_0p2_nx_501_mode_1,5,on,p,1.0,0.2,501,1,0.2,completed,completed,0.2,u,0.0033577704719215504,0.007814705531035755,0.03592923089880809,0.7000625953999999,0.0,0.0
run_0135,visc_on_sensor_p_beta_1_cfl_0p2_nx_501_mode_1,5,on,p,1.0,0.2,501,1,0.2,completed,completed,0.2,p,0.0018438648685368273,0.004268331286760852,0.021709657699999996,0.3951988488,1.0356860527804823e-05,0.0
run_0136,visc_on_sensor_p_beta_1_cfl_0p2_nx_1001_mode_1,5,on,p,1.0,0.2,1001,1,0.2,completed,completed,0.2,rho,0.0021646960415734155,0.01058283612874599,0.1704277049453088,0.8039570378000002,0.00011164722581974429,0.0
run_0136,visc_on_sensor_p_beta_1_cfl_0p2_nx_1001_mode_1,5,on,p,1.0,0.2,1001,1,0.2,completed,completed,0.2,u,0.0017622479021954932,0.004465149421792073,0.022828180198808085,0.7000608022,0.0,0.0
run_0136,visc_on_sensor_p_beta_1_cfl_0p2_nx_1001_mode_1,5,on,p,1.0,0.2,1001,1,0.2,completed,completed,0.2,p,0.0009695598285660346,0.0024791441863548,0.015519523667386015,0.3951971956,1.024216052780691e-05,0.0
run_0137,visc_on_sensor_p_beta_1_cfl_0p5_nx_101_mode_1,5,on,p,1.0,0.5,101,1,0.2,completed,completed,0.2,rho,0.015114519140527777,0.031746179176114664,0.15772317514530887,0.8036300797,0.0009496496258197262,0.0
run_0137,visc_on_sensor_p_beta_1_cfl_0p5_nx_101_mode_1,5,on,p,1.0,0.5,101,1,0.2,completed,completed,0.2,u,0.01152186649940786,0.02289421027500474,0.08906130194993611,0.7057242517,0.0,0.0
run_0137,visc_on_sensor_p_beta_1_cfl_0p5_nx_101_mode_1,5,on,p,1.0,0.5,101,1,0.2,completed,completed,0.2,p,0.006290607350683253,0.011976939218188692,0.039241718599999975,0.39739348310000006,0.001025140960527804,0.0
run_0138,visc_on_sensor_p_beta_1_cfl_0p5_nx_201_mode_1,5,on,p,1.0,0.5,201,1,0.2,completed,completed,0.2,rho,0.008387438771105845,0.022850808851926366,0.17056475994530884,0.8025933882,0.00036948432581973556,0.0
run_0138,visc_on_sensor_p_beta_1_cfl_0p5_nx_201_mode_1,5,on,p,1.0,0.5,201,1,0.2,completed,completed,0.2,u,0.006325669707844197,0.013610740562915958,0.05559613334993613,0.7022521784,0.0,0.0
run_0138,visc_on_sensor_p_beta_1_cfl_0p5_nx_201_mode_1,5,on,p,1.0,0.5,201,1,0.2,completed,completed,0.2,p,0.0034700798070182097,0.007272448524647666,0.028074739399999993,0.39604200980000004,0.0004113953605278109,0.0
run_0139,visc_on_sensor_p_beta_1_cfl_0p5_nx_501_mode_1,5,on,p,1.0,0.5,501,1,0.2,completed,completed,0.2,rho,0.0035209501266618027,0.013966602459053658,0.1579592051453088,0.8023822543999998,0.00010186732581973779,0.0
run_0139,visc_on_sensor_p_beta_1_cfl_0p5_nx_501_mode_1,5,on,p,1.0,0.5,501,1,0.2,completed,completed,0.2,u,0.002764423382511839,0.00660661820898699,0.030725232998808083,0.7006340112,0.0,0.0
run_0139,visc_on_sensor_p_beta_1_cfl_0p5_nx_501_mode_1,5,on,p,1.0,0.5,501,1,0.2,completed,completed,0.2,p,0.0015200723621913304,0.003623382486178456,0.019590196100000012,0.39541786840000004,0.00011729526052778327,0.0
run_0140,visc_on_sensor_p_beta_1_cfl_0p5_nx_1001_mode_1,5,on,p,1.0,0.5,1001,1,0.2,completed,completed,0.2,rho,0.0018152379555999925,0.009889947971849007,0.16577376404530886,0.8070034548000005,7.804012581974495e-05,0.0
run_0140,visc_on_sensor_p_beta_1_cfl_0p5_nx_1001_mode_1,5,on,p,1.0,0.5,1001,1,0.2,completed,completed,0.2,u,0.0014455954844498143,0.003733862024695467,0.019248140198808078,0.7002721512000001,0.0,0.0
run_0140,visc_on_sensor_p_beta_1_cfl_0p5_nx_1001_mode_1,5,on,p,1.0,0.5,1001,1,0.2,completed,completed,0.2,p,0.0007956499805302159,0.0020837795144461836,0.013925202267386028,0.3952785032,4.99652605278067e-05,0.0
run_0141,visc_on_sensor_p_beta_1_cfl_0p8_nx_101_mode_1,5,on,p,1.0,0.8,101,1,0.2,completed,completed,0.2,rho,0.010711954662811881,0.025482983775785995,0.16098954314530878,0.8291702216,0.007379346125819697,0.0
run_0141,visc_on_sensor_p_beta_1_cfl_0p8_nx_101_mode_1,5,on,p,1.0,0.8,101,1,0.2,completed,completed,0.2,u,0.00954991844471715,0.019092120325025337,0.07630960644993612,0.7669557774,0.0,0.0
run_0141,visc_on_sensor_p_beta_1_cfl_0p8_nx_101_mode_1,5,on,p,1.0,0.8,101,1,0.2,completed,completed,0.2,p,0.005054285704025479,0.009790928005207557,0.034232124500000016,0.4225923302000001,0.008846038360527775,0.0
run_0142,visc_on_sensor_p_beta_1_cfl_0p8_nx_201_mode_1,5,on,p,1.0,0.8,201,1,0.2,completed,completed,0.2,rho,0.006156956363709179,0.019574605037566757,0.1812251779453088,0.8189662308,0.004840385925819701,0.0
run_0142,visc_on_sensor_p_beta_1_cfl_0p8_nx_201_mode_1,5,on,p,1.0,0.8,201,1,0.2,completed,completed,0.2,u,0.005017697545117732,0.010804625833964366,0.04484876454993611,0.7419605370000001,0.0,0.0
run_0142,visc_on_sensor_p_beta_1_cfl_0p8_nx_201_mode_1,5,on,p,1.0,0.8,201,1,0.2,completed,completed,0.2,p,0.002683733934334044,0.005692462757940831,0.023585767300000005,0.41228013779999995,0.00583468986052782,0.0
run_0143,visc_on_sensor_p_beta_1_cfl_0p8_nx_501_mode_1,5,on,p,1.0,0.8,501,1,0.2,completed,completed,0.2,rho,0.0025299232632322176,0.011930894306297126,0.16687144644530882,0.8149048303999998,0.0026835046258197326,0.0
run_0143,visc_on_sensor_p_beta_1_cfl_0p8_nx_501_mode_1,5,on,p,1.0,0.8,501,1,0.2,completed,completed,0.2,u,0.0020858018125769107,0.00497847145215085,0.022292421198808088,0.721871473,0.0,0.0
run_0143,visc_on_sensor_p_beta_1_cfl_0p8_nx_501_mode_1,5,on,p,1.0,0.8,501,1,0.2,completed,completed,0.2,p,0.0011265488728614459,0.0027168772343981627,0.016292946400000008,0.40405416679999995,0.003245973060527818,0.0
run_0144,visc_on_sensor_p_beta_1_cfl_0p8_nx_1001_mode_1,5,on,p,1.0,0.8,1001,1,0.2,completed,completed,0.2,rho,0.0013793116697082255,0.008883412234069896,0.1788612199453088,0.8612226765999996,0.001713059225819713,0.0
run_0144,visc_on_sensor_p_beta_1_cfl_0p8_nx_1001_mode_1,5,on,p,1.0,0.8,1001,1,0.2,completed,completed,0.2,u,0.00106297283881992,0.002724692060870209,0.013890375354937007,0.7134092926,0.0,0.0
run_0144,visc_on_sensor_p_beta_1_cfl_0p8_nx_1001_mode_1,5,on,p,1.0,0.8,1001,1,0.2,completed,completed,0.2,p,0.0005767154472687092,0.001523680728301342,0.011484251667386036,0.4005916549999997,0.00207447866052779,0.0
run_0145,visc_on_sensor_rho_beta_1p5_cfl_0p2_nx_101_mode_1,5,on,rho,1.5,0.2,101,1,0.2,completed,completed,0.2,rho,0.018688281886203976,0.034669223402219534,0.1569274649741803,0.7969560965,0.0,0.0
run_0145,visc_on_sensor_rho_beta_1p5_cfl_0p2_nx_101_mode_1,5,on,rho,1.5,0.2,101,1,0.2,completed,completed,0.2,u,0.015425764434816773,0.02772006830268554,0.10309738294993612,0.7038998732,0.0,0.0
run_0145,visc_on_sensor_rho_beta_1p5_cfl_0p2_nx_101_mode_1,5,on,rho,1.5,0.2,101,1,0.2,completed,completed,0.2,p,0.008369104276518146,0.014576429700922742,0.04690169179999998,0.39730987679999985,0.0008840715605277771,0.0
run_0146,visc_on_sensor_rho_beta_1p5_cfl_0p2_nx_201_mode_1,5,on,rho,1.5,0.2,201,1,0.2,completed,completed,0.2,rho,0.011207797181837916,0.026373582301813893,0.15919259454530887,0.8017581776,1.3348325819728668e-05,0.0
run_0146,visc_on_sensor_rho_beta_1p5_cfl_0p2_nx_201_mode_1,5,on,rho,1.5,0.2,201,1,0.2,completed,completed,0.2,u,0.008590178849727782,0.017259649132887536,0.06973100314993613,0.7008446704000001,0.0,0.0
run_0146,visc_on_sensor_rho_beta_1p5_cfl_0p2_nx_201_mode_1,5,on,rho,1.5,0.2,201,1,0.2,completed,completed,0.2,p,0.004691758814133144,0.009236500518584519,0.03465734679999999,0.3956269971000001,0.00022190306052782827,0.0
run_0147,visc_on_sensor_rho_beta_1p5_cfl_0p2_nx_501_mode_1,5,on,rho,1.5,0.2,501,1,0.2,completed,completed,0.2,rho,0.0056012371439186255,0.01864104753024537,0.16866740307418027,0.8018558612000001,5.877132581971756e-05,0.0
run_0147,visc_on_sensor_rho_beta_1p5_cfl_0p2_nx_501_mode_1,5,on,rho,1.5,0.2,501,1,0.2,completed,completed,0.2,u,0.0038076043110665445,0.008788727594312103,0.041681662698808075,0.7001495778,0.0,0.0
run_0147,visc_on_sensor_rho_beta_1p5_cfl_0p2_nx_501_mode_1,5,on,rho,1.5,0.2,501,1,0.2,completed,completed,0.2,p,0.0020921651321434385,0.004806878322999443,0.024333175099999993,0.3952422564,2.2797660527817953e-05,0.0
run_0148,visc_on_sensor_rho_beta_1p5_cfl_0p2_nx_1001_mode_1,5,on,rho,1.5,0.2,1001,1,0.2,completed,completed,0.2,rho,0.003291797570196345,0.014455764376323644,0.16883014987418032,0.8018279942000001,4.02669258197097e-05,0.0
run_0148,visc_on_sensor_rho_beta_1p5_cfl_0p2_nx_1001_mode_1,5,on,rho,1.5,0.2,1001,1,0.2,completed,completed,0.2,u,0.002010138894099663,0.00510355429337806,0.02697819119880808,0.7000955948,0.0,0.0
run_0148,visc_on_sensor_rho_beta_1p5_cfl_0p2_nx_1001_mode_1,5,on,rho,1.5,0.2,1001,1,0.2,completed,completed,0.2,p,0.0011077501185989681,0.002832703414736597,0.017406048367386018,0.3952120092,1.5171260527802044e-05,0.0
run_0149,visc_on_sensor_rho_beta_1p5_cfl_0p5_nx_101_mode_1,5,on,rho,1.5,0.5,101,1,0.2,completed,completed,0.2,rho,0.015807819739142876,0.03150078840894041,0.14878692914530878,0.8008652029000001,0.0,0.0
run_0149,visc_on_sensor_rho_beta_1p5_cfl_0p5_nx_101_mode_1,5,on,rho,1.5,0.5,101,1,0.2,completed,completed,0.2,u,0.012993565960529835,0.024808906755585253,0.09676405044993613,0.7071032316000001,0.0,0.0
run_0149,visc_on_sensor_rho_beta_1p5_cfl_0p5_nx_101_mode_1,5,on,rho,1.5,0.5,101,1,0.2,completed,completed,0.2,p,0.007069865536773967,0.012996963374948075,0.043623436000000015,0.39877018660000013,0.0014146235605277946,0.0
run_0150,visc_on_sensor_rho_beta_1p5_cfl_0p5_nx_201_mode_1,5,on,rho,1.5,0.5,201,1,0.2,completed,completed,0.2,rho,0.009451008280567837,0.02412920988117285,0.16393779464530878,0.8019291814,7.993772581971204e-05,0.0
run_0150,visc_on_sensor_rho_beta_1p5_cfl_0p5_nx_201_mode_1,5,on,rho,1.5,0.5,201,1,0.2,completed,completed,0.2,u,0.007172831521679663,0.015097381085248092,0.06330851794993611,0.7007171896,0.0,0.0
run_0150,visc_on_sensor_rho_beta_1p5_cfl_0p5_nx_201_mode_1,5,on,rho,1.5,0.5,201,1,0.2,completed,completed,0.2,p,0.003920843022037442,0.008061371945501668,0.031506575599999975,0.39555304020000004,0.0001793566605278185,0.0
run_0151,visc_on_sensor_rho_beta_1p5_cfl_0p5_nx_501_mode_1,5,on,rho,1.5,0.5,501,1,0.2,completed,completed,0.2,rho,0.004702188778767452,0.017038496570409328,0.1615798071741803,0.8018600038,5.173582581974312e-05,0.0
run_0151,visc_on_sensor_rho_beta_1p5_cfl_0p5_nx_501_mode_1,5,on,rho,1.5,0.5,501,1,0.2,completed,completed,0.2,u,0.0031567657278184346,0.007512601862706563,0.036454970198808084,0.7001437142,0.0,0.0
run_0151,visc_on_sensor_rho_beta_1p5_cfl_0p5_nx_501_mode_1,5,on,rho,1.5,0.5,501,1,0.2,completed,completed,0.2,p,0.0017328029383986779,0.00410749897723851,0.021896186900000003,0.3952384341999998,1.9186360527778668e-05,0.0
run_0152,visc_on_sensor_rho_beta_1p5_cfl_0p5_nx_1001_mode_1,5,on,rho,1.5,0.5,1001,1,0.2,completed,completed,0.2,rho,0.0027634458955546983,0.01327333609766241,0.16257887747418032,0.8018246658000001,3.5242925819745086e-05,0.0
run_0152,visc_on_sensor_rho_beta_1p5_cfl_0p5_nx_1001_mode_1,5,on,rho,1.5,0.5,1001,1,0.2,completed,completed,0.2,u,0.0016580487377422747,0.004304286417052519,0.02316780469880808,0.7000903484000001,0.0,0.0
run_0152,visc_on_sensor_rho_beta_1p5_cfl_0p5_nx_1001_mode_1,5,on,rho,1.5,0.5,1001,1,0.2,completed,completed,0.2,p,0.0009121019583163278,0.0023913859269698,0.015559624367386005,0.39520984179999996,1.4277660527806102e-05,0.0
run_0153,visc_on_sensor_rho_beta_1p5_cfl_0p8_nx_101_mode_1,5,on,rho,1.5,0.8,101,1,0.2,completed,completed,0.2,rho,0.011636215121553595,0.026365165568070652,0.15410130654530885,0.8146345292000001,0.0025189867258197385,0.0
run_0153,visc_on_sensor_rho_beta_1p5_cfl_0p8_nx_101_mode_1,5,on,rho,1.5,0.8,101,1,0.2,completed,completed,0.2,u,0.009915010372292055,0.020138093004595382,0.08341685484993613,0.7319483939,0.0,0.0
run_0153,visc_on_sensor_rho_beta_1p5_cfl_0p8_nx_101_mode_1,5,on,rho,1.5,0.8,101,1,0.2,completed,completed,0.2,p,0.005352042092537304,0.01045659562702542,0.037118933600000015,0.40912229110000004,0.0029704252605278203,0.0
run_0154,visc_on_sensor_rho_beta_1p5_cfl_0p8_nx_201_mode_1,5,on,rho,1.5,0.8,201,1,0.2,completed,completed,0.2,rho,0.0069069024028800205,0.020662158381287234,0.1738887286453088,0.8082649344000001,0.001210753025819744,0.0
run_0154,visc_on_sensor_rho_beta_1p5_cfl_0p8_nx_201_mode_1,5,on,rho,1.5,0.8,201,1,0.2,completed,completed,0.2,u,0.005248625639249485,0.011734694105841053,0.05163484714993613,0.7131947336,0.0,0.0
run_0154,visc_on_sensor_rho_beta_1p5_cfl_0p8_nx_201_mode_1,5,on,rho,1.5,0.8,201,1,0.2,completed,completed,0.2,p,0.0028578868786895894,0.006229060403072329,0.02583892069999999,0.40091194659999985,0.0014435489605277851,0.0
run_0155,visc_on_sensor_rho_beta_1p5_cfl_0p8_nx_501_mode_1,5,on,rho,1.5,0.8,501,1,0.2,completed,completed,0.2,rho,0.0033857548306444715,0.01443881769071335,0.16129218914530885,0.803997085,0.0004436554258197001,0.0
run_0155,visc_on_sensor_rho_beta_1p5_cfl_0p8_nx_501_mode_1,5,on,rho,1.5,0.8,501,1,0.2,completed,completed,0.2,u,0.0022447574518261967,0.005588006683500373,0.027727789698808084,0.7044194274,0.0,0.0
run_0155,visc_on_sensor_rho_beta_1p5_cfl_0p8_nx_501_mode_1,5,on,rho,1.5,0.8,501,1,0.2,completed,completed,0.2,p,0.001227657254589608,0.003049516402980366,0.017797742999999977,0.3970911226,0.0005337207605278227,0.0
run_0156,visc_on_sensor_rho_beta_1p5_cfl_0p8_nx_1001_mode_1,5,on,rho,1.5,0.8,1001,1,0.2,completed,completed,0.2,rho,0.001989396775260549,0.01134727737960409,0.16759225924530885,0.8027428676,0.0002107494258197229,0.0
run_0156,visc_on_sensor_rho_beta_1p5_cfl_0p8_nx_1001_mode_1,5,on,rho,1.5,0.8,1001,1,0.2,completed,completed,0.2,u,0.0011644980121930761,0.003119815372815168,0.01697517389880808,0.70197184,0.0,0.0
run_0156,visc_on_sensor_rho_beta_1p5_cfl_0p8_nx_1001_mode_1,5,on,rho,1.5,0.8,1001,1,0.2,completed,completed,0.2,p,0.000637765546928396,0.0017350690156228534,0.012548610667385995,0.39602150479999987,0.0002544552605278083,0.0
run_0157,visc_on_sensor_u_beta_1p5_cfl_0p2_nx_101_mode_1,5,on,u,1.5,0.2,101,1,0.2,completed,completed,0.2,rho,0.01961211403820398,0.037595997299752666,0.16954885204530878,0.8009883607000001,0.0,0.0
run_0157,visc_on_sensor_u_beta_1p5_cfl_0p2_nx_101_mode_1,5,on,u,1.5,0.2,101,1,0.2,completed,completed,0.2,u,0.014846665058888289,0.026956041864012664,0.09971478564993613,0.6999762126,0.0,0.0
run_0157,visc_on_sensor_u_beta_1p5_cfl_0p2_nx_101_mode_1,5,on,u,1.5,0.2,101,1,0.2,completed,completed,0.2,p,0.008190598940044255,0.014488023684406916,0.04940681800000002,0.3953204624,9.31355605278128e-05,0.0
run_0158,visc_on_sensor_u_beta_1p5_cfl_0p2_nx_201_mode_1,5,on,u,1.5,0.2,201,1,0.2,completed,completed,0.2,rho,0.011968114956788274,0.028748424566467277,0.18118694734530882,0.802021568,0.00014504392581971004,0.0
run_0158,visc_on_sensor_u_beta_1p5_cfl_0p2_nx_201_mode_1,5,on,u,1.5,0.2,201,1,0.2,completed,completed,0.2,u,0.008311409155120068,0.016730944326122814,0.06569533654993612,0.7000908114,0.0,0.0
run_0158,visc_on_sensor_u_beta_1p5_cfl_0p2_nx_201_mode_1,5,on,u,1.5,0.2,201,1,0.2,completed,completed,0.2,p,0.004606108982418829,0.009167802155231544,0.03613457419999999,0.3952353671,3.137966052779717e-05,0.0
run_0159,visc_on_sensor_u_beta_1p5_cfl_0p2_nx_501_mode_1,5,on,u,1.5,0.2,501,1,0.2,completed,completed,0.2,rho,0.00515665603547882,0.01770966787995548,0.17075903844530882,0.8019892932,0.0001289054258197253,0.0
run_0159,visc_on_sensor_u_beta_1p5_cfl_0p2_nx_501_mode_1,5,on,u,1.5,0.2,501,1,0.2,completed,completed,0.2,u,0.0037053306808908027,0.008507243310999871,0.03860572989880809,0.7000751702,0.0,0.0
run_0159,visc_on_sensor_u_beta_1p5_cfl_0p2_nx_501_mode_1,5,on,u,1.5,0.2,501,1,0.2,completed,completed,0.2,p,0.0020612758216346236,0.004769628083810133,0.025071481900000026,0.3952044898,1.2675460527800109e-05,0.0
run_0160,visc_on_sensor_u_beta_1p5_cfl_0p2_nx_1001_mode_1,5,on,u,1.5,0.2,1001,1,0.2,completed,completed,0.2,rho,0.0026619015964012634,0.012345642973558607,0.17276382414530878,0.8019768578,0.00011942702581974052,0.0
run_0160,visc_on_sensor_u_beta_1p5_cfl_0p2_nx_1001_mode_1,5,on,u,1.5,0.2,1001,1,0.2,completed,completed,0.2,u,0.001959933815664874,0.004944368283172871,0.024958043998808077,0.7000704032,0.0,0.0
run_0160,visc_on_sensor_u_beta_1p5_cfl_0p2_nx_1001_mode_1,5,on,u,1.5,0.2,1001,1,0.2,completed,completed,0.2,p,0.0010924842397215318,0.0028127889267023382,0.01783210856738604,0.39520096300000007,1.1892060527818327e-05,0.0
run_0161,visc_on_sensor_u_beta_1p5_cfl_0p5_nx_101_mode_1,5,on,u,1.5,0.5,101,1,0.2,completed,completed,0.2,rho,0.017606112293753095,0.035110022768395095,0.16816953254530886,0.8017608213,1.689542581972958e-05,0.0
run_0161,visc_on_sensor_u_beta_1p5_cfl_0p5_nx_101_mode_1,5,on,u,1.5,0.5,101,1,0.2,completed,completed,0.2,u,0.012741132128505993,0.02433038109596111,0.09345809814993614,0.7002011602,0.0,0.0
run_0161,visc_on_sensor_u_beta_1p5_cfl_0p5_nx_101_mode_1,5,on,u,1.5,0.5,101,1,0.2,completed,completed,0.2,p,0.007013921516931741,0.012960317238119457,0.045012971199999974,0.39535234100000005,9.29813605278218e-05,0.0
run_0162,visc_on_sensor_u_beta_1p5_cfl_0p5_nx_201_mode_1,5,on,u,1.5,0.5,201,1,0.2,completed,completed,0.2,rho,0.010158287435969037,0.02600734048729357,0.1768504117453088,0.8019528836,0.00011070062581974849,0.0
run_0162,visc_on_sensor_u_beta_1p5_cfl_0p5_nx_201_mode_1,5,on,u,1.5,0.5,201,1,0.2,completed,completed,0.2,u,0.007058187655703501,0.014802192286567081,0.060419870949936116,0.7000972914,0.0,0.0
run_0162,visc_on_sensor_u_beta_1p5_cfl_0p5_nx_201_mode_1,5,on,u,1.5,0.5,201,1,0.2,completed,completed,0.2,p,0.0038984369360110524,0.008042048291757123,0.03232017749999999,0.39522447839999997,2.2551960527805726e-05,0.0
run_0163,visc_on_sensor_u_beta_1p5_cfl_0p5_nx_501_mode_1,5,on,u,1.5,0.5,501,1,0.2,completed,completed,0.2,rho,0.0042813598211337844,0.015958895702456885,0.1649143991453088,0.8019178438,9.318072581970815e-05,0.0
run_0163,visc_on_sensor_u_beta_1p5_cfl_0p5_nx_501_mode_1,5,on,u,1.5,0.5,501,1,0.2,completed,completed,0.2,u,0.0031082256759096165,0.007367339629003307,0.034627032898808086,0.7000722206,0.0,0.0
run_0163,visc_on_sensor_u_beta_1p5_cfl_0p5_nx_501_mode_1,5,on,u,1.5,0.5,501,1,0.2,completed,completed,0.2,p,0.0017215015060071462,0.004099491909192529,0.022305216299999986,0.39520239599999996,1.1897560527773798e-05,0.0
run_0164,visc_on_sensor_u_beta_1p5_cfl_0p5_nx_1001_mode_1,5,on,u,1.5,0.5,1001,1,0.2,completed,completed,0.2,rho,0.0022041204942253897,0.011186205317628675,0.16852648604530884,0.8019132567999999,8.57666258197165e-05,0.0
run_0164,visc_on_sensor_u_beta_1p5_cfl_0p5_nx_1001_mode_1,5,on,u,1.5,0.5,1001,1,0.2,completed,completed,0.2,u,0.0016337755603691743,0.004225980400279168,0.02203188249880808,0.700063849,0.0,0.0
run_0164,visc_on_sensor_u_beta_1p5_cfl_0p5_nx_1001_mode_1,5,on,u,1.5,0.5,1001,1,0.2,completed,completed,0.2,p,0.0009062223029719622,0.002388497276411836,0.015797452867385986,0.3951982116,1.0893660527810933e-05,0.0
run_0165,visc_on_sensor_u_beta_1p5_cfl_0p8_nx_101_mode_1,5,on,u,1.5,0.8,101,1,0.2,completed,completed,0.2,rho,0.012716356757196602,0.02949811537731464,0.17500289054530882,0.8107058727999998,0.002695000525819724,0.0
run_0165,visc_on_sensor_u_beta_1p5_cfl_0p8_nx_101_mode_1,5,on,u,1.5,0.8,101,1,0.2,completed,completed,0.2,u,0.009794899120435083,0.01999358151859014,0.08236333574993612,0.7236682825,0.0,0.0
run_0165,visc_on_sensor_u_beta_1p5_cfl_0p8_nx_101_mode_1,5,on,u,1.5,0.8,101,1,0.2,completed,completed,0.2,p,0.00530618790766897,0.010437349106760604,0.037655926000000006,0.40520372059999993,0.0031819513605277905,0.0
run_0166,visc_on_sensor_u_beta_1p5_cfl_0p8_nx_201_mode_1,5,on,u,1.5,0.8,201,1,0.2,completed,completed,0.2,rho,0.007143313611558256,0.021900234494140337,0.1888279415453088,0.8072309223999998,0.001553563825819726,0.0
run_0166,visc_on_sensor_u_beta_1p5_cfl_0p8_nx_201_mode_1,5,on,u,1.5,0.8,201,1,0.2,completed,completed,0.2,u,0.005225444206297161,0.011649338255000478,0.05073748884993612,0.7126928262,0.0,0.0
run_0166,visc_on_sensor_u_beta_1p5_cfl_0p8_nx_201_mode_1,5,on,u,1.5,0.8,201,1,0.2,completed,completed,0.2,p,0.0028487508883737554,0.006221243648897557,0.0261487024,0.4004508968000001,0.0018585855605278145,0.0
run_0167,visc_on_sensor_u_beta_1p5_cfl_0p8_nx_501_mode_1,5,on,u,1.5,0.8,501,1,0.2,completed,completed,0.2,rho,0.002947780456383714,0.013222656101409103,0.1750401095453088,0.8044373724000001,0.0007003014258197271,0.0
run_0167,visc_on_sensor_u_beta_1p5_cfl_0p8_nx_501_mode_1,5,on,u,1.5,0.8,501,1,0.2,completed,completed,0.2,u,0.0022369110788126516,0.005543270010563985,0.02709808469880809,0.7052673142,0.0,0.0
run_0167,visc_on_sensor_u_beta_1p5_cfl_0p8_nx_501_mode_1,5,on,u,1.5,0.8,501,1,0.2,completed,completed,0.2,p,0.0012255074664843872,0.0030468087703955423,0.017954750100000028,0.3973157853999999,0.0008448385605278053,0.0
run_0168,visc_on_sensor_u_beta_1p5_cfl_0p8_nx_1001_mode_1,5,on,u,1.5,0.8,1001,1,0.2,completed,completed,0.2,rho,0.0015256557207587716,0.009593875594476598,0.18361199554530883,0.8138738475999998,0.00036922332581973416,0.0
run_0168,visc_on_sensor_u_beta_1p5_cfl_0p8_nx_1001_mode_1,5,on,u,1.5,0.8,1001,1,0.2,completed,completed,0.2,u,0.001158494252262465,0.0030936788935916506,0.016515929498808077,0.702648788,0.0,0.0
run_0168,visc_on_sensor_u_beta_1p5_cfl_0p8_nx_1001_mode_1,5,on,u,1.5,0.8,1001,1,0.2,completed,completed,0.2,p,0.0006359990878547307,0.0017339609082399345,0.012640993467386008,0.39623544600000016,0.00044662446052778915,0.0
run_0169,visc_on_sensor_p_beta_1p5_cfl_0p2_nx_101_mode_1,5,on,p,1.5,0.2,101,1,0.2,completed,completed,0.2,rho,0.01924846366060066,0.036401399763876394,0.15943279574530878,0.8004537166,0.0,0.0
run_0169,visc_on_sensor_p_beta_1p5_cfl_0p2_nx_101_mode_1,5,on,p,1.5,0.2,101,1,0.2,completed,completed,0.2,u,0.016165681809026448,0.028851121698953694,0.10465238994993611,0.6999422955,0.0,0.0
run_0169,visc_on_sensor_p_beta_1p5_cfl_0p2_nx_101_mode_1,5,on,p,1.5,0.2,101,1,0.2,completed,completed,0.2,p,0.008775369551393245,0.015154279316179185,0.04483081919999998,0.3951542288,7.877760527796873e-06,0.0
run_0170,visc_on_sensor_p_beta_1p5_cfl_0p2_nx_201_mode_1,5,on,p,1.5,0.2,201,1,0.2,completed,completed,0.2,rho,0.01164614468319566,0.02736983846235144,0.17182174144530882,0.8020279805,0.00014824972581972684,0.0
run_0170,visc_on_sensor_p_beta_1p5_cfl_0p2_nx_201_mode_1,5,on,p,1.5,0.2,201,1,0.2,completed,completed,0.2,u,0.00896268149704686,0.017849687361759785,0.06954337934993612,0.7000544103999999,0.0,0.0
run_0170,visc_on_sensor_p_beta_1p5_cfl_0p2_nx_201_mode_1,5,on,p,1.5,0.2,201,1,0.2,completed,completed,0.2,p,0.004899646020425971,0.009539018036648288,0.0334158504,0.39522216800000004,2.477946052781288e-05,0.0
run_0171,visc_on_sensor_p_beta_1p5_cfl_0p2_nx_501_mode_1,5,on,p,1.5,0.2,501,1,0.2,completed,completed,0.2,rho,0.005030640313925137,0.01679883158897066,0.1621041559453088,0.8020087216,0.00013861962581973586,0.0
run_0171,visc_on_sensor_p_beta_1p5_cfl_0p2_nx_501_mode_1,5,on,p,1.5,0.2,501,1,0.2,completed,completed,0.2,u,0.003959464418974849,0.009019716525573682,0.04088787329880808,0.7000675412,0.0,0.0
run_0171,visc_on_sensor_p_beta_1p5_cfl_0p2_nx_501_mode_1,5,on,p,1.5,0.2,501,1,0.2,completed,completed,0.2,p,0.002175826084796201,0.004925656602543032,0.023715237,0.39520184,1.144536052782863e-05,0.0
run_0172,visc_on_sensor_p_beta_1p5_cfl_0p2_nx_1001_mode_1,5,on,p,1.5,0.2,1001,1,0.2,completed,completed,0.2,rho,0.00259561640835282,0.011629244076187498,0.16752618784530882,0.802258798,0.00012785442581969564,0.0
run_0172,visc_on_sensor_p_beta_1p5_cfl_0p2_nx_1001_mode_1,5,on,p,1.5,0.2,1001,1,0.2,completed,completed,0.2,u,0.0020865486156366616,0.005214609404711043,0.02633798039880808,0.7000664222,0.0,0.0
run_0172,visc_on_sensor_p_beta_1p5_cfl_0p2_nx_1001_mode_1,5,on,p,1.5,0.2,1001,1,0.2,completed,completed,0.2,p,0.0011495179373133017,0.002889687847397945,0.017052374867386033,0.39519968159999996,1.092206052777378e-05,0.0
run_0173,visc_on_sensor_p_beta_1p5_cfl_0p5_nx_101_mode_1,5,on,p,1.5,0.5,101,1,0.2,completed,completed,0.2,rho,0.017275886400830526,0.03439916876037608,0.15707801434530888,0.8017235432,0.0,0.0
run_0173,visc_on_sensor_p_beta_1p5_cfl_0p5_nx_101_mode_1,5,on,p,1.5,0.5,101,1,0.2,completed,completed,0.2,u,0.013065985232478768,0.02484693055323282,0.09374446384993612,0.700023768,0.0,0.0
run_0173,visc_on_sensor_p_beta_1p5_cfl_0p5_nx_101_mode_1,5,on,p,1.5,0.5,101,1,0.2,completed,completed,0.2,p,0.007151783576288249,0.013109883063527422,0.04181095699999998,0.3952438438,3.790976052781003e-05,0.0
run_0174,visc_on_sensor_p_beta_1p5_cfl_0p5_nx_201_mode_1,5,on,p,1.5,0.5,201,1,0.2,completed,completed,0.2,rho,0.009895668628112309,0.025049435054908684,0.16891618184530888,0.8019742928,0.00012140522581971513,0.0
run_0174,visc_on_sensor_p_beta_1p5_cfl_0p5_nx_201_mode_1,5,on,p,1.5,0.5,201,1,0.2,completed,completed,0.2,u,0.007250747407701809,0.015107402371502916,0.06059402114993612,0.7000733944,0.0,0.0
run_0174,visc_on_sensor_p_beta_1p5_cfl_0p5_nx_201_mode_1,5,on,p,1.5,0.5,201,1,0.2,completed,completed,0.2,p,0.003985256754294585,0.008120481985747373,0.030439299600000025,0.39521228899999994,1.5870760527780803e-05,0.0
run_0175,visc_on_sensor_p_beta_1p5_cfl_0p5_nx_501_mode_1,5,on,p,1.5,0.5,501,1,0.2,completed,completed,0.2,rho,0.004189877630819005,0.015372619698787574,0.15732739894530878,0.8019404255999999,0.00010422732581971683,0.0
run_0175,visc_on_sensor_p_beta_1p5_cfl_0p5_nx_501_mode_1,5,on,p,1.5,0.5,501,1,0.2,completed,completed,0.2,u,0.003193052890116783,0.007500850509714234,0.03472672279880808,0.7000785786,0.0,0.0
run_0175,visc_on_sensor_p_beta_1p5_cfl_0p5_nx_501_mode_1,5,on,p,1.5,0.5,501,1,0.2,completed,completed,0.2,p,0.0017601460311473841,0.004125826639531898,0.02136910390000002,0.3952049045999999,1.3122760527783939e-05,0.0
run_0176,visc_on_sensor_p_beta_1p5_cfl_0p5_nx_1001_mode_1,5,on,p,1.5,0.5,1001,1,0.2,completed,completed,0.2,rho,0.0021586352609903707,0.0107568269428729,0.16310006144530886,0.8026937779999997,9.581552581972019e-05,0.0
run_0176,visc_on_sensor_p_beta_1p5_cfl_0p5_nx_1001_mode_1,5,on,p,1.5,0.5,1001,1,0.2,completed,completed,0.2,u,0.0016777365769076286,0.0042929452636700895,0.02209879999880808,0.7000717834,0.0,0.0
run_0176,visc_on_sensor_p_beta_1p5_cfl_0p5_nx_1001_mode_1,5,on,p,1.5,0.5,1001,1,0.2,completed,completed,0.2,p,0.0009262619816099482,0.0023982261303986093,0.015257477867386016,0.39520161619999994,1.1985660527791264e-05,0.0
run_0177,visc_on_sensor_p_beta_1p5_cfl_0p8_nx_101_mode_1,5,on,p,1.5,0.8,101,1,0.2,completed,completed,0.2,rho,0.012086187634356522,0.02770998963906215,0.15488092854530877,0.8116048160000001,0.0038714990258197357,0.0
run_0177,visc_on_sensor_p_beta_1p5_cfl_0p8_nx_101_mode_1,5,on,p,1.5,0.8,101,1,0.2,completed,completed,0.2,u,0.009727325450764827,0.01960343268119174,0.07848484674993611,0.7295244251999999,0.0,0.0
run_0177,visc_on_sensor_p_beta_1p5_cfl_0p8_nx_101_mode_1,5,on,p,1.5,0.8,101,1,0.2,completed,completed,0.2,p,0.005259916718525478,0.010276659131752679,0.03635968569999998,0.4069288603000001,0.004594532360527814,0.0
run_0178,visc_on_sensor_p_beta_1p5_cfl_0p8_nx_201_mode_1,5,on,p,1.5,0.8,201,1,0.2,completed,completed,0.2,rho,0.006775997939934587,0.02034842448188881,0.17297017534530879,0.8073664159999999,0.0021323228258197102,0.0
run_0178,visc_on_sensor_p_beta_1p5_cfl_0p8_nx_201_mode_1,5,on,p,1.5,0.8,201,1,0.2,completed,completed,0.2,u,0.005202265605713086,0.011391661059545402,0.04780714754993612,0.7155741226000001,0.0,0.0
run_0178,visc_on_sensor_p_beta_1p5_cfl_0p8_nx_201_mode_1,5,on,p,1.5,0.8,201,1,0.2,completed,completed,0.2,p,0.0028396919715445983,0.0061189614094540185,0.025384379299999982,0.40132733399999987,0.0025584024605277977,0.0
run_0179,visc_on_sensor_p_beta_1p5_cfl_0p8_nx_501_mode_1,5,on,p,1.5,0.8,501,1,0.2,completed,completed,0.2,rho,0.0028196004931623293,0.012457450611525452,0.16035915104530885,0.8045878108,0.0009392402258197041,0.0
run_0179,visc_on_sensor_p_beta_1p5_cfl_0p8_nx_501_mode_1,5,on,p,1.5,0.8,501,1,0.2,completed,completed,0.2,u,0.002221370189564041,0.005413433735915825,0.025381364698808084,0.7064949536,0.0,0.0
run_0179,visc_on_sensor_p_beta_1p5_cfl_0p8_nx_501_mode_1,5,on,p,1.5,0.8,501,1,0.2,completed,completed,0.2,p,0.00121984427188611,0.0029955690114879248,0.017569125399999996,0.3977204877999999,0.0011340673605277907,0.0
run_0180,visc_on_sensor_p_beta_1p5_cfl_0p8_nx_1001_mode_1,5,on,p,1.5,0.8,1001,1,0.2,completed,completed,0.2,rho,0.0014751790277054064,0.009078508419018338,0.1717324447453088,0.827055913,0.0004989809258197364,0.0
run_0180,visc_on_sensor_p_beta_1p5_cfl_0p8_nx_1001_mode_1,5,on,p,1.5,0.8,1001,1,0.2,completed,completed,0.2,u,0.0011500813694899686,0.0030211907806473805,0.015488269798808088,0.703366278,0.0,0.0
run_0180,visc_on_sensor_p_beta_1p5_cfl_0p8_nx_1001_mode_1,5,on,p,1.5,0.8,1001,1,0.2,completed,completed,0.2,p,0.0006330955235590574,0.00170518510958945,0.012415192767386007,0.3964873954000001,0.0006037858605277835,0.0
run_0181,visc_off_sensor_none_beta_0_cfl_0p2_nx_101_mode_1,5,off,none,0.0,0.2,101,1,0.2,completed,completed,0.2,rho,0.017330197732022802,0.0407417392118084,0.24539715175469112,2.0922046767999998,0.034839445825819715,0.0
run_0181,visc_off_sensor_none_beta_0_cfl_0p2_nx_101_mode_1,5,off,none,0.0,0.2,101,1,0.2,completed,completed,0.2,u,0.022193576469501514,0.03678298983057401,0.11345572240119192,1.6740608291,0.0,0.0
run_0181,visc_off_sensor_none_beta_0_cfl_0p2_nx_101_mode_1,5,off,none,0.0,0.2,101,1,0.2,completed,completed,0.2,p,0.010016648307743277,0.015759456211978815,0.04137162096052782,0.7828390136000001,0.04137162096052782,0.0
run_0182,visc_off_sensor_none_beta_0_cfl_0p2_nx_201_mode_1,5,off,none,0.0,0.2,201,1,0.2,completed,completed,0.2,rho,0.011616821158669776,0.030634411714576475,0.24621325924530885,2.4990161034,0.024557240225819732,0.0
run_0182,visc_off_sensor_none_beta_0_cfl_0p2_nx_201_mode_1,5,off,none,0.0,0.2,201,1,0.2,completed,completed,0.2,u,0.012393136393209908,0.021770384741059835,0.07973513080119192,1.7545541156,0.0,0.0
run_0182,visc_off_sensor_none_beta_0_cfl_0p2_nx_201_mode_1,5,off,none,0.0,0.2,201,1,0.2,completed,completed,0.2,p,0.005656581871305069,0.009400185087989638,0.029353056460527827,0.8243089260000002,0.029353056460527827,0.0
run_0183,visc_off_sensor_none_beta_0_cfl_0p2_nx_501_mode_1,5,off,none,0.0,0.2,501,1,0.2,completed,completed,0.2,rho,0.00601922111244414,0.01882080141633853,0.20286275924530883,3.1638249576,0.015223333825819696,0.0
run_0183,visc_off_sensor_none_beta_0_cfl_0p2_nx_501_mode_1,5,off,none,0.0,0.2,501,1,0.2,completed,completed,0.2,u,0.005334664590340734,0.010418514487559436,0.048877859901191915,1.702213792,0.0,0.0
run_0183,visc_off_sensor_none_beta_0_cfl_0p2_nx_501_mode_1,5,off,none,0.0,0.2,501,1,0.2,completed,completed,0.2,p,0.002482732826067116,0.004577696874801357,0.018298093960527784,0.8238854454000003,0.018298093960527784,0.0
run_0184,visc_off_sensor_none_beta_0_cfl_0p2_nx_1001_mode_1,5,off,none,0.0,0.2,1001,1,0.2,completed,completed,0.2,rho,0.003719472497773897,0.013783755555206924,0.20748486494530882,3.6608479365999997,0.010863171225819701,0.0
run_0184,visc_off_sensor_none_beta_0_cfl_0p2_nx_1001_mode_1,5,off,none,0.0,0.2,1001,1,0.2,completed,completed,0.2,u,0.0027083199371142576,0.005891263149866164,0.034698717201191914,1.5750358947999998,0.0,0.0
run_0184,visc_off_sensor_none_beta_0_cfl_0p2_nx_1001_mode_1,5,off,none,0.0,0.2,1001,1,0.2,completed,completed,0.2,p,0.001273329983363924,0.002623268669035842,0.013090774160527785,0.7783082774,0.013090774160527785,0.0
run_0185,visc_off_sensor_none_beta_0_cfl_0p5_nx_101_mode_1,5,off,none,0.0,0.5,101,1,0.2,completed,completed,0.2,rho,0.015798982493945377,0.03856474595114254,0.22325065094530883,1.9993773588999997,0.031329218125819736,0.0
run_0185,visc_off_sensor_none_beta_0_cfl_0p5_nx_101_mode_1,5,off,none,0.0,0.5,101,1,0.2,completed,completed,0.2,u,0.017414048602073032,0.030276409061687624,0.10254782590119192,1.328415202,0.0,0.0
run_0185,visc_off_sensor_none_beta_0_cfl_0p5_nx_101_mode_1,5,off,none,0.0,0.5,101,1,0.2,completed,completed,0.2,p,0.0081457993680855,0.013373772136075775,0.037278408560527776,0.6563691132999998,0.037278408560527776,0.0
run_0186,visc_off_sensor_none_beta_0_cfl_0p5_nx_201_mode_1,5,off,none,0.0,0.5,201,1,0.2,completed,completed,0.2,rho,0.010372441751927973,0.0291345626515212,0.24182407924530885,2.2745708473999997,0.022503828925819702,0.0
run_0186,visc_off_sensor_none_beta_0_cfl_0p5_nx_201_mode_1,5,off,none,0.0,0.5,201,1,0.2,completed,completed,0.2,u,0.009358160990697988,0.017541623272652043,0.07288122100119192,1.3093333052,0.0,0.0
run_0186,visc_off_sensor_none_beta_0_cfl_0p5_nx_201_mode_1,5,off,none,0.0,0.5,201,1,0.2,completed,completed,0.2,p,0.004433510412699789,0.00784819690720335,0.026928611260527813,0.6547698924,0.026928611260527813,0.0
run_0187,visc_off_sensor_none_beta_0_cfl_0p5_nx_501_mode_1,5,off,none,0.0,0.5,501,1,0.2,completed,completed,0.2,rho,0.005092841704417738,0.017286016528238357,0.1995541508453088,2.7548491872000005,0.014551272425819717,0.0
run_0187,visc_off_sensor_none_beta_0_cfl_0p5_nx_501_mode_1,5,off,none,0.0,0.5,501,1,0.2,completed,completed,0.2,u,0.003894325056469219,0.008348599947572252,0.046681622601191915,1.216590039,0.0,0.0
run_0187,visc_off_sensor_none_beta_0_cfl_0p5_nx_501_mode_1,5,off,none,0.0,0.5,501,1,0.2,completed,completed,0.2,p,0.0018713957124145608,0.0037977598433642907,0.017496871860527785,0.6231575045999999,0.017496871860527785,0.0
run_0188,visc_off_sensor_none_beta_0_cfl_0p5_nx_1001_mode_1,5,off,none,0.0,0.5,1001,1,0.2,completed,completed,0.2,rho,0.003042797913592632,0.01247049152707203,0.2056490002453088,2.9177531724,0.0105481827258197,0.0
run_0188,visc_off_sensor_none_beta_0_cfl_0p5_nx_1001_mode_1,5,off,none,0.0,0.5,1001,1,0.2,completed,completed,0.2,u,0.0019577741065261453,0.004786822262387316,0.03367979910119192,1.1319031712,0.0,0.0
run_0188,visc_off_sensor_none_beta_0_cfl_0p5_nx_1001_mode_1,5,off,none,0.0,0.5,1001,1,0.2,completed,completed,0.2,p,0.0009481507675911958,0.002192475048744678,0.012713441460527775,0.5895791422000001,0.012713441460527775,0.0
run_0189,visc_off_sensor_none_beta_0_cfl_0p8_nx_101_mode_1,5,off,none,0.0,0.8,101,1,0.2,completed,completed,0.2,rho,0.014387278541445375,0.03649372200691922,0.21440263074530885,1.915789143,0.026556784825819746,0.0
run_0189,visc_off_sensor_none_beta_0_cfl_0p8_nx_101_mode_1,5,off,none,0.0,0.8,101,1,0.2,completed,completed,0.2,u,0.014047525750049195,0.02531973589879838,0.08636321040119192,1.167916242,0.0,0.0
run_0189,visc_off_sensor_none_beta_0_cfl_0p8_nx_101_mode_1,5,off,none,0.0,0.8,101,1,0.2,completed,completed,0.2,p,0.006709928956164388,0.01145075658700625,0.03167621736052778,0.5961790166000001,0.03167621736052778,0.0
run_0190,visc_off_sensor_none_beta_0_cfl_0p8_nx_201_mode_1,5,off,none,0.0,0.8,201,1,0.2,completed,completed,0.2,rho,0.00930329901291385,0.027493611851695448,0.23726834664530883,2.1024756360000003,0.019529826625819702,0.0
run_0190,visc_off_sensor_none_beta_0_cfl_0p8_nx_201_mode_1,5,off,none,0.0,0.8,201,1,0.2,completed,completed,0.2,u,0.00740312270416223,0.014658662765303202,0.06301118240119191,1.1348643658,0.0,0.0
run_0190,visc_off_sensor_none_beta_0_cfl_0p8_nx_201_mode_1,5,off,none,0.0,0.8,201,1,0.2,completed,completed,0.2,p,0.0035723044584103436,0.006711958312625998,0.02340780136052778,0.5851741741999998,0.02340780136052778,0.0
run_0191,visc_off_sensor_none_beta_0_cfl_0p8_nx_501_mode_1,5,off,none,0.0,0.8,501,1,0.2,completed,completed,0.2,rho,0.004407737198299499,0.015984222608379332,0.19654288674530884,2.4632980921999996,0.012799912825819715,0.0
run_0191,visc_off_sensor_none_beta_0_cfl_0p8_nx_501_mode_1,5,off,none,0.0,0.8,501,1,0.2,completed,completed,0.2,u,0.003044289197821542,0.007007282395983109,0.04097573330119192,1.0540057046,0.0,0.0
run_0191,visc_off_sensor_none_beta_0_cfl_0p8_nx_501_mode_1,5,off,none,0.0,0.8,501,1,0.2,completed,completed,0.2,p,0.001487393703656785,0.003260027887191231,0.015989415060527812,0.5544280644000003,0.015989415060527812,0.0
run_0192,visc_off_sensor_none_beta_0_cfl_0p8_nx_1001_mode_1,5,off,none,0.0,0.8,1001,1,0.2,completed,completed,0.2,rho,0.002585817472669659,0.011594023131971097,0.2037526824453088,2.4594855092000003,0.0093615845258197,0.0
run_0192,visc_off_sensor_none_beta_0_cfl_0p8_nx_1001_mode_1,5,off,none,0.0,0.8,1001,1,0.2,completed,completed,0.2,u,0.001532762709433709,0.004029018714018996,0.02984885480119192,0.9924332589999999,0.0,0.0
run_0192,visc_off_sensor_none_beta_0_cfl_0p8_nx_1001_mode_1,5,off,none,0.0,0.8,1001,1,0.2,completed,completed,0.2,p,0.000753385079639798,0.0018856502971969378,0.011866104460527827,0.5288668425999999,0.011866104460527827,0.0
