run_id,case_name,case,viscosity,sensor,beta,cfl,nx,mode,t_max,status,reason,solution_time,variable,L1,L2,Linf,TV,undershoot,overshoot
run_0001,visc_on_sensor_rho_beta_0p25_cfl_0p2_nx_101_mode_1,6,on,rho,0.25,0.2,101,1,0.2,completed,completed,0.2,rho,0.023928156706279617,0.07313214701388998,0.35834124928299727,1.5985399714999997,0.0,0.026419003941244856
run_0001,visc_on_sensor_rho_beta_0p25_cfl_0p2_nx_101_mode_1,6,on,rho,0.25,0.2,101,1,0.2,completed,completed,0.2,u,0.014772149891075372,0.05047461984063832,0.32764545156226377,1.2428370062,0.0,0.0
run_0001,visc_on_sensor_rho_beta_0p25_cfl_0p2_nx_101_mode_1,6,on,rho,0.25,0.2,101,1,0.2,completed,completed,0.2,p,0.018013318201669546,0.0666239155203852,0.48609217708014496,1.417809780299999,0.0,0.06978588471985514
run_0002,visc_on_sensor_rho_beta_0p25_cfl_0p2_nx_201_mode_1,6,on,rho,0.25,0.2,201,1,0.2,completed,completed,0.2,rho,0.015259344405505172,0.060264967278409465,0.4265292519829973,1.6118507378000002,0.0,0.03164834274124506
run_0002,visc_on_sensor_rho_beta_0p25_cfl_0p2_nx_201_mode_1,6,on,rho,0.25,0.2,201,1,0.2,completed,completed,0.2,u,0.008612094564282864,0.04331362253625749,0.36058391626226377,1.2559769656,0.0,0.0
run_0002,visc_on_sensor_rho_beta_0p25_cfl_0p2_nx_201_mode_1,6,on,rho,0.25,0.2,201,1,0.2,completed,completed,0.2,p,0.01079786467604493,0.05643812165444869,0.5264958534801449,1.4365226123999988,0.0,0.07225872621985507
run_0003,visc_on_sensor_rho_beta_0p25_cfl_0p2_nx_501_mode_1,6,on,rho,0.25,0.2,501,1,0.2,completed,completed,0.2,rho,0.010251411527013563,0.051789148915910244,0.43578495438299725,1.6039554063999995,0.0,0.029599316941244957
run_0003,visc_on_sensor_rho_beta_0p25_cfl_0p2_nx_501_mode_1,6,on,rho,0.25,0.2,501,1,0.2,completed,completed,0.2,u,0.007442612054139441,0.05197140317986311,0.5383030026377362,1.2380619086,0.0,0.0
run_0003,visc_on_sensor_rho_beta_0p25_cfl_0p2_nx_501_mode_1,6,on,rho,0.25,0.2,501,1,0.2,completed,completed,0.2,p,0.009114033533333335,0.06181191923122885,0.601102325180145,1.4144990985999994,0.0,0.06389918671985506
run_0004,visc_on_sensor_rho_beta_0p25_cfl_0p2_nx_1001_mode_1,6,on,rho,0.25,0.2,1001,1,0.2,completed,completed,0.2,rho,0.007854046019133918,0.04632189300991372,0.44083068555875515,1.6023267410000006,0.0,0.028870277341245032
run_0004,visc_on_sensor_rho_beta_0p25_cfl_0p2_nx_1001_mode_1,6,on,rho,0.25,0.2,1001,1,0.2,completed,completed,0.2,u,0.006751946867496034,0.053491061660248564,0.5665524738377363,1.2366010146,0.0,0.0
run_0004,visc_on_sensor_rho_beta_0p25_cfl_0p2_nx_1001_mode_1,6,on,rho,0.25,0.2,1001,1,0.2,completed,completed,0.2,p,0.008075274425889995,0.06163637497730109,0.609219208080145,1.4120239217999986,0.0,0.06383850991985507
run_0005,visc_on_sensor_rho_beta_0p25_cfl_0p5_nx_101_mode_1,6,on,rho,0.25,0.5,101,1,0.2,completed,completed,0.2,rho,0.021615478606429414,0.06900743015055745,0.35361858685875514,1.6723287160000002,0.0,0.049375748041244893
run_0005,visc_on_sensor_rho_beta_0p25_cfl_0p5_nx_101_mode_1,6,on,rho,0.25,0.5,101,1,0.2,completed,completed,0.2,u,0.014217899147565922,0.04966103831764878,0.3356556976622638,1.315946965,0.0,0.0
run_0005,visc_on_sensor_rho_beta_0p25_cfl_0p5_nx_101_mode_1,6,on,rho,0.25,0.5,101,1,0.2,completed,completed,0.2,p,0.017583320894963735,0.0655493839153808,0.49603887588014484,1.5359812330000002,0.0,0.07539424791985505
run_0006,visc_on_sensor_rho_beta_0p25_cfl_0p5_nx_201_mode_1,6,on,rho,0.25,0.5,201,1,0.2,completed,completed,0.2,rho,0.013570567977500104,0.05637123424281976,0.4275939822829973,1.6768041117999997,0.0,0.052498119141245025
run_0006,visc_on_sensor_rho_beta_0p25_cfl_0p5_nx_201_mode_1,6,on,rho,0.25,0.5,201,1,0.2,completed,completed,0.2,u,0.007772182007782865,0.038222697295651406,0.3596708216622638,1.301662736,0.0,0.0
run_0006,visc_on_sensor_rho_beta_0p25_cfl_0p5_nx_201_mode_1,6,on,rho,0.25,0.5,201,1,0.2,completed,completed,0.2,p,0.009940268290846375,0.05158817736165987,0.525399672380145,1.5253324353999997,0.0,0.07449190771985514
run_0007,visc_on_sensor_rho_beta_0p25_cfl_0p5_nx_501_mode_1,6,on,rho,0.25,0.5,501,1,0.2,completed,completed,0.2,rho,0.00865334916994352,0.04750215764098335,0.4347199439829973,1.6847073498,0.0,0.05142513264124493
run_0007,visc_on_sensor_rho_beta_0p25_cfl_0p5_nx_501_mode_1,6,on,rho,0.25,0.5,501,1,0.2,completed,completed,0.2,u,0.005668819849890385,0.04288861904652127,0.4929869961377363,1.3229384352,0.0,0.0
run_0007,visc_on_sensor_rho_beta_0p25_cfl_0p5_nx_501_mode_1,6,on,rho,0.25,0.5,501,1,0.2,completed,completed,0.2,p,0.0071984694515744895,0.05353461837289547,0.599417073480145,1.5499085378,0.0,0.07494521221985506
run_0008,visc_on_sensor_rho_beta_0p25_cfl_0p5_nx_1001_mode_1,6,on,rho,0.25,0.5,1001,1,0.2,completed,completed,0.2,rho,0.006396321833595866,0.04168064383003359,0.44062311335875504,1.6848938836000005,0.0,0.05410925864124505
run_0008,visc_on_sensor_rho_beta_0p25_cfl_0p5_nx_1001_mode_1,6,on,rho,0.25,0.5,1001,1,0.2,completed,completed,0.2,u,0.004827905651869615,0.043198601506803845,0.5576911655377362,1.3222664184000001,0.0,0.0
run_0008,visc_on_sensor_rho_beta_0p25_cfl_0p5_nx_1001_mode_1,6,on,rho,0.25,0.5,1001,1,0.2,completed,completed,0.2,p,0.005992207644869416,0.051995359977549234,0.608957599780145,1.5494750836,0.0,0.07686912721985495
run_0009,visc_on_sensor_rho_beta_0p25_cfl_0p8_nx_101_mode_1,6,on,rho,0.25,0.8,101,1,0.2,completed,completed,0.2,rho,0.018244624183594363,0.06266706742746027,0.35945323235875515,1.8033425997999992,0.0,0.09493368444124495
run_0009,visc_on_sensor_rho_beta_0p25_cfl_0p8_nx_101_mode_1,6,on,rho,0.25,0.8,101,1,0.2,completed,completed,0.2,u,0.013316934430811197,0.05090963103865244,0.34160274916226374,1.3960882194,0.0,0.0
run_0009,visc_on_sensor_rho_beta_0p25_cfl_0p8_nx_101_mode_1,6,on,rho,0.25,0.8,101,1,0.2,completed,completed,0.2,p,0.016805108873169536,0.06544170359809535,0.503478578480145,1.7061058980000001,0.0,0.13832876161985497
run_0010,visc_on_sensor_rho_beta_0p25_cfl_0p8_nx_201_mode_1,6,on,rho,0.25,0.8,201,1,0.2,completed,completed,0.2,rho,0.010916681630160043,0.04954806682721489,0.41626028578299723,1.8362931678,0.0,0.096421342341245
run_0010,visc_on_sensor_rho_beta_0p25_cfl_0p8_nx_201_mode_1,6,on,rho,0.25,0.8,201,1,0.2,completed,completed,0.2,u,0.006584824725782865,0.03347470351986011,0.34205894986226376,1.4002002488,0.0,0.0
run_0010,visc_on_sensor_rho_beta_0p25_cfl_0p8_nx_201_mode_1,6,on,rho,0.25,0.8,201,1,0.2,completed,completed,0.2,p,0.008584570639846377,0.04530625815656613,0.5040488540801449,1.7316729308000003,0.0,0.14095275331985513
run_0011,visc_on_sensor_rho_beta_0p25_cfl_0p8_nx_501_mode_1,6,on,rho,0.25,0.8,501,1,0.2,completed,completed,0.2,rho,0.006314795097269445,0.03989002315599967,0.42313806365875495,1.8402590854000014,0.0,0.09542174304124496
run_0011,visc_on_sensor_rho_beta_0p25_cfl_0p8_nx_501_mode_1,6,on,rho,0.25,0.8,501,1,0.2,completed,completed,0.2,u,0.003641173984890383,0.03005223138619346,0.41183684786226377,1.4134649258,0.0,0.0
run_0011,visc_on_sensor_rho_beta_0p25_cfl_0p8_nx_501_mode_1,6,on,rho,0.25,0.8,501,1,0.2,completed,completed,0.2,p,0.004886988274933327,0.04084568653970538,0.5867568179801449,1.746907588000001,0.0,0.13931567021985503
run_0012,visc_on_sensor_rho_beta_0p25_cfl_0p8_nx_1001_mode_1,6,on,rho,0.25,0.8,1001,1,0.2,completed,completed,0.2,rho,0.004258941072541317,0.03344633297730335,0.43785531355875507,1.8429024751999998,0.0,0.09511213284124498
run_0012,visc_on_sensor_rho_beta_0p25_cfl_0p8_nx_1001_mode_1,6,on,rho,0.25,0.8,1001,1,0.2,completed,completed,0.2,u,0.002500752958245086,0.02743189793921551,0.42831038356226375,1.4184642917999999,0.0,0.0
run_0012,visc_on_sensor_rho_beta_0p25_cfl_0p8_nx_1001_mode_1,6,on,rho,0.25,0.8,1001,1,0.2,completed,completed,0.2,p,0.003334934034888545,0.036417752517002806,0.605465680880145,1.7528012670000002,0.0,0.13886373991985512
run_0013,visc_on_sensor_u_beta_0p25_cfl_0p2_nx_101_mode_1,6,on,u,0.25,0.2,101,1,0.2,completed,completed,0.2,rho,0.02722513874527961,0.08026762189583851,0.40050328918299727,1.6001719120999995,0.0,0.030110665841244888
run_0013,visc_on_sensor_u_beta_0p25_cfl_0p2_nx_101_mode_1,6,on,u,0.25,0.2,101,1,0.2,completed,completed,0.2,u,0.015028464856565926,0.051156716881283225,0.33128171016226376,1.2311309072,0.0,0.0
run_0013,visc_on_sensor_u_beta_0p25_cfl_0p2_nx_101_mode_1,6,on,u,0.25,0.2,101,1,0.2,completed,completed,0.2,p,0.01842968019646374,0.06774452627534197,0.49061784938014497,1.4064062669000004,0.0,0.06123749111985499
run_0014,visc_on_sensor_u_beta_0p25_cfl_0p2_nx_201_mode_1,6,on,u,0.25,0.2,201,1,0.2,completed,completed,0.2,rho,0.0162547281751752,0.06359710590958788,0.4533789299829972,1.6080185176000001,0.0,0.0315259752412449
run_0014,visc_on_sensor_u_beta_0p25_cfl_0p2_nx_201_mode_1,6,on,u,0.25,0.2,201,1,0.2,completed,completed,0.2,u,0.009108594265537591,0.045862161054533904,0.3658830955622637,1.2419118964,0.0,0.0
run_0014,visc_on_sensor_u_beta_0p25_cfl_0p2_nx_201_mode_1,6,on,u,0.25,0.2,201,1,0.2,completed,completed,0.2,p,0.011399700225044922,0.058877381274934956,0.5328697766801449,1.4211732051999997,0.0,0.06645574121985498
run_0015,visc_on_sensor_u_beta_0p25_cfl_0p2_nx_501_mode_1,6,on,u,0.25,0.2,501,1,0.2,completed,completed,0.2,rho,0.009622595400776514,0.05105784221761068,0.45251731178299726,1.607651845,0.0,0.029072009841244917
run_0015,visc_on_sensor_u_beta_0p25_cfl_0p2_nx_501_mode_1,6,on,u,0.25,0.2,501,1,0.2,completed,completed,0.2,u,0.008090737925441332,0.055157022844714076,0.5475290448377362,1.2507783341999998,0.0,0.0
run_0015,visc_on_sensor_u_beta_0p25_cfl_0p2_nx_501_mode_1,6,on,u,0.25,0.2,501,1,0.2,completed,completed,0.2,p,0.009826532913053913,0.06496427481612957,0.603183109580145,1.4272526263999987,0.0,0.07124185271985506
run_0016,visc_on_sensor_u_beta_0p25_cfl_0p2_nx_1001_mode_1,6,on,u,0.25,0.2,1001,1,0.2,completed,completed,0.2,rho,0.007087929942962864,0.04487514707648171,0.440950926658755,1.6177121189999997,0.0,0.032236687841245004
run_0016,visc_on_sensor_u_beta_0p25_cfl_0p2_nx_1001_mode_1,6,on,u,0.25,0.2,1001,1,0.2,completed,completed,0.2,u,0.007366885641271508,0.05653941644136371,0.5672863125377363,1.2510341106,0.0,0.0
run_0016,visc_on_sensor_u_beta_0p25_cfl_0p2_nx_1001_mode_1,6,on,u,0.25,0.2,1001,1,0.2,completed,completed,0.2,p,0.00875349976163116,0.0648562047865792,0.6093707333801449,1.4316358800000004,0.0,0.06999570041985503
run_0017,visc_on_sensor_u_beta_0p25_cfl_0p5_nx_101_mode_1,6,on,u,0.25,0.5,101,1,0.2,completed,completed,0.2,rho,0.02400467682492942,0.07550350675373152,0.4049294463829972,1.6763225678999996,0.0,0.051790095641244926
run_0017,visc_on_sensor_u_beta_0p25_cfl_0p5_nx_101_mode_1,6,on,u,0.25,0.5,101,1,0.2,completed,completed,0.2,u,0.014159882710311197,0.04947279223708247,0.33636658956226373,1.3184062659,0.0,0.0
run_0017,visc_on_sensor_u_beta_0p25_cfl_0p5_nx_101_mode_1,6,on,u,0.25,0.5,101,1,0.2,completed,completed,0.2,p,0.01757722777546374,0.06563422198916033,0.496918574380145,1.5407445870999998,0.0,0.07469067121985495
run_0018,visc_on_sensor_u_beta_0p25_cfl_0p5_nx_201_mode_1,6,on,u,0.25,0.5,201,1,0.2,completed,completed,0.2,rho,0.014235543934417626,0.05949697083222471,0.4594011366829973,1.6789410185999998,0.0,0.053449578641245
run_0018,visc_on_sensor_u_beta_0p25_cfl_0p5_nx_201_mode_1,6,on,u,0.25,0.5,201,1,0.2,completed,completed,0.2,u,0.007950225036782867,0.039239604656250766,0.36295211506226377,1.3035009334,0.0,0.0
run_0018,visc_on_sensor_u_beta_0p25_cfl_0p5_nx_201_mode_1,6,on,u,0.25,0.5,201,1,0.2,completed,completed,0.2,p,0.010171749875846377,0.052715521835641835,0.5293534398801449,1.5282153690000007,0.0,0.07582803811985506
run_0019,visc_on_sensor_u_beta_0p25_cfl_0p5_nx_501_mode_1,6,on,u,0.25,0.5,501,1,0.2,completed,completed,0.2,rho,0.008334896610638458,0.047589435865837436,0.45287643918299725,1.679297027000001,0.0,0.05165023154124504
run_0019,visc_on_sensor_u_beta_0p25_cfl_0p5_nx_501_mode_1,6,on,u,0.25,0.5,501,1,0.2,completed,completed,0.2,u,0.00613152444133944,0.04538254978023039,0.5110387954377362,1.3068446728,0.0,0.0
run_0019,visc_on_sensor_u_beta_0p25_cfl_0p5_nx_501_mode_1,6,on,u,0.25,0.5,501,1,0.2,completed,completed,0.2,p,0.007727566520374492,0.05600980672896886,0.6016274776801449,1.5311452882000007,0.0,0.07315906001985506
run_0020,visc_on_sensor_u_beta_0p25_cfl_0p5_nx_1001_mode_1,6,on,u,0.25,0.5,1001,1,0.2,completed,completed,0.2,rho,0.005934284538542321,0.040950512622110906,0.44082924025875503,1.711642962,0.0,0.056572093741245055
run_0020,visc_on_sensor_u_beta_0p25_cfl_0p5_nx_1001_mode_1,6,on,u,0.25,0.5,1001,1,0.2,completed,completed,0.2,u,0.00528545592882056,0.04599736053982087,0.5622688086377363,1.3181443898,0.0,0.0
run_0020,visc_on_sensor_u_beta_0p25_cfl_0p5_nx_1001_mode_1,6,on,u,0.25,0.5,1001,1,0.2,completed,completed,0.2,p,0.006499657901250285,0.054892321913745136,0.6092173869801449,1.5502573278000003,0.0,0.08032007361985505
run_0021,visc_on_sensor_u_beta_0p25_cfl_0p8_nx_101_mode_1,6,on,u,0.25,0.8,101,1,0.2,completed,completed,0.2,rho,0.019232259310594357,0.06625265818496415,0.3783119498829972,1.8047875578,0.0,0.09546634574124502
run_0021,visc_on_sensor_u_beta_0p25_cfl_0p8_nx_101_mode_1,6,on,u,0.25,0.8,101,1,0.2,completed,completed,0.2,u,0.013290438407811198,0.050571066366643096,0.34156325616226374,1.3967205596,0.0,0.0
run_0021,visc_on_sensor_u_beta_0p25_cfl_0p8_nx_101_mode_1,6,on,u,0.25,0.8,101,1,0.2,completed,completed,0.2,p,0.01680331667116954,0.0652678344937703,0.503430157280145,1.7075966880000002,0.0,0.139117832619855
run_0022,visc_on_sensor_u_beta_0p25_cfl_0p8_nx_201_mode_1,6,on,u,0.25,0.8,201,1,0.2,completed,completed,0.2,rho,0.011106285761572495,0.051873876075361466,0.45885263818299726,1.838924593599999,0.0,0.09614316874124484
run_0022,visc_on_sensor_u_beta_0p25_cfl_0p8_nx_201_mode_1,6,on,u,0.25,0.8,201,1,0.2,completed,completed,0.2,u,0.0065799003557828655,0.03351673959408667,0.34510065506226373,1.4023885514,0.0,0.0
run_0022,visc_on_sensor_u_beta_0p25_cfl_0p8_nx_201_mode_1,6,on,u,0.25,0.8,201,1,0.2,completed,completed,0.2,p,0.008601283034346376,0.04568115798407721,0.507776128680145,1.7340749706,0.0,0.14047256931985497
run_0023,visc_on_sensor_u_beta_0p25_cfl_0p8_nx_501_mode_1,6,on,u,0.25,0.8,501,1,0.2,completed,completed,0.2,rho,0.006005265893034423,0.039681538312601905,0.4462391096829973,1.8805162715999995,0.0,0.09410681394124487
run_0023,visc_on_sensor_u_beta_0p25_cfl_0p8_nx_501_mode_1,6,on,u,0.25,0.8,501,1,0.2,completed,completed,0.2,u,0.003851843348739438,0.03164718782430394,0.41532393986226374,1.4007102424,0.0,0.0
run_0023,visc_on_sensor_u_beta_0p25_cfl_0p8_nx_501_mode_1,6,on,u,0.25,0.8,501,1,0.2,completed,completed,0.2,p,0.0051423783425333285,0.0425146833377864,0.5907419667801449,1.7312086913999996,0.0,0.13730019671985505
run_0024,visc_on_sensor_u_beta_0p25_cfl_0p8_nx_1001_mode_1,6,on,u,0.25,0.8,1001,1,0.2,completed,completed,0.2,rho,0.004043042544840302,0.032546777767056397,0.4390448871587551,1.968987640399999,0.0,0.082957145441245
run_0024,visc_on_sensor_u_beta_0p25_cfl_0p8_nx_1001_mode_1,6,on,u,0.25,0.8,1001,1,0.2,completed,completed,0.2,u,0.002777719655745086,0.029726288150204318,0.46564837013773624,1.4082032930000001,0.0,0.0
run_0024,visc_on_sensor_u_beta_0p25_cfl_0p8_nx_1001_mode_1,6,on,u,0.25,0.8,1001,1,0.2,completed,completed,0.2,p,0.0036750980626091257,0.03873433204923301,0.606967314780145,1.7295129684000004,0.0,0.12090753961985512
run_0025,visc_on_sensor_p_beta_0p25_cfl_0p2_nx_101_mode_1,6,on,p,0.25,0.2,101,1,0.2,completed,completed,0.2,rho,0.027111417319779604,0.0809558911091786,0.4338449918829973,1.6045307862000002,0.0,0.03012114264124488
run_0025,visc_on_sensor_p_beta_0p25_cfl_0p2_nx_101_mode_1,6,on,p,0.25,0.2,101,1,0.2,completed,completed,0.2,u,0.0150328295578112,0.051906756424674134,0.33673933026226377,1.2471124352,0.0,0.0
run_0025,visc_on_sensor_p_beta_0p25_cfl_0p2_nx_101_mode_1,6,on,p,0.25,0.2,101,1,0.2,completed,completed,0.2,p,0.018411405347463734,0.06876898341532697,0.49738551528014496,1.4238208363,0.0,0.0702202943198551
run_0026,visc_on_sensor_p_beta_0p25_cfl_0p2_nx_201_mode_1,6,on,p,0.25,0.2,201,1,0.2,completed,completed,0.2,rho,0.01636083282326275,0.06461335359771757,0.4781853485829973,1.6126086055999997,0.0,0.03176887544124485
run_0026,visc_on_sensor_p_beta_0p25_cfl_0p2_nx_201_mode_1,6,on,p,0.25,0.2,201,1,0.2,completed,completed,0.2,u,0.008678043827660227,0.04321963424171901,0.3644277712622637,1.2574542066,0.0,0.0
run_0026,visc_on_sensor_p_beta_0p25_cfl_0p2_nx_201_mode_1,6,on,p,0.25,0.2,201,1,0.2,completed,completed,0.2,p,0.010927875514544926,0.05683124325505967,0.5311247512801449,1.4383890361999998,0.0,0.07249613491985496
run_0027,visc_on_sensor_p_beta_0p25_cfl_0p2_nx_501_mode_1,6,on,p,0.25,0.2,501,1,0.2,completed,completed,0.2,rho,0.009358946088543523,0.05048239189870032,0.47708487918299725,1.6053811032000005,0.0,0.03009539124124494
run_0027,visc_on_sensor_p_beta_0p25_cfl_0p2_nx_501_mode_1,6,on,p,0.25,0.2,501,1,0.2,completed,completed,0.2,u,0.007242232788890386,0.05101576068267046,0.5338601567377362,1.2402678372,0.0,0.0
run_0027,visc_on_sensor_p_beta_0p25_cfl_0p2_nx_501_mode_1,6,on,p,0.25,0.2,501,1,0.2,completed,completed,0.2,p,0.008913168262453914,0.06104844963941948,0.6008210953801449,1.4177948309999997,0.0,0.06616255781985503
run_0028,visc_on_sensor_p_beta_0p25_cfl_0p2_nx_1001_mode_1,6,on,p,0.25,0.2,1001,1,0.2,completed,completed,0.2,rho,0.006728290039328858,0.04335779926492017,0.4407783327587551,1.6104453989999992,0.0,0.03154997204124488
run_0028,visc_on_sensor_p_beta_0p25_cfl_0p2_nx_1001_mode_1,6,on,p,0.25,0.2,1001,1,0.2,completed,completed,0.2,u,0.006506762434671507,0.0524206496050855,0.5661262428377363,1.2491397916,0.0,0.0
run_0028,visc_on_sensor_p_beta_0p25_cfl_0p2_nx_1001_mode_1,6,on,p,0.25,0.2,1001,1,0.2,completed,completed,0.2,p,0.00780568201285029,0.06056438695178013,0.609153229880145,1.4292221437999988,0.0,0.06950025141985505
run_0029,visc_on_sensor_p_beta_0p25_cfl_0p5_nx_101_mode_1,6,on,p,0.25,0.5,101,1,0.2,completed,completed,0.2,rho,0.023852719476929414,0.0753528241938775,0.4228714126829972,1.6718855511000006,0.0,0.05032525314124503
run_0029,visc_on_sensor_p_beta_0p25_cfl_0p5_nx_101_mode_1,6,on,p,0.25,0.5,101,1,0.2,completed,completed,0.2,u,0.014453293528811197,0.05037547659525439,0.33863142786226375,1.3137088103999999,0.0,0.0
run_0029,visc_on_sensor_p_beta_0p25_cfl_0p5_nx_101_mode_1,6,on,p,0.25,0.5,101,1,0.2,completed,completed,0.2,p,0.01787984461246375,0.06637084153214848,0.4997165858801449,1.5330780466999996,0.0,0.07430316711985507
run_0030,visc_on_sensor_p_beta_0p25_cfl_0p5_nx_201_mode_1,6,on,p,0.25,0.5,201,1,0.2,completed,completed,0.2,rho,0.014182139685087651,0.059739030387974824,0.4736272602829973,1.6785231427999996,0.0,0.05289123094124504
run_0030,visc_on_sensor_p_beta_0p25_cfl_0p5_nx_201_mode_1,6,on,p,0.25,0.5,201,1,0.2,completed,completed,0.2,u,0.007718333944782865,0.03794163070869482,0.35902829826226373,1.3045297146000001,0.0,0.0
run_0030,visc_on_sensor_p_beta_0p25_cfl_0p5_nx_201_mode_1,6,on,p,0.25,0.5,201,1,0.2,completed,completed,0.2,p,0.009877531527846378,0.05129798105688091,0.5246246043801449,1.5292152058000004,0.0,0.07515084001985506
run_0031,visc_on_sensor_p_beta_0p25_cfl_0p5_nx_501_mode_1,6,on,p,0.25,0.5,501,1,0.2,completed,completed,0.2,rho,0.008178154855370448,0.047258606958256046,0.4721818758829973,1.6909802797999989,0.0,0.05405853134124494
run_0031,visc_on_sensor_p_beta_0p25_cfl_0p5_nx_501_mode_1,6,on,p,0.25,0.5,501,1,0.2,completed,completed,0.2,u,0.005527435149890385,0.04196878107616658,0.48551006513773626,1.3285050394000002,0.0,0.0
run_0031,visc_on_sensor_p_beta_0p25_cfl_0p5_nx_501_mode_1,6,on,p,0.25,0.5,501,1,0.2,completed,completed,0.2,p,0.007029964468853911,0.05259397484212124,0.5983353844801449,1.5591671506,0.0,0.07674991731985514
run_0032,visc_on_sensor_p_beta_0p25_cfl_0p5_nx_1001_mode_1,6,on,p,0.25,0.5,1001,1,0.2,completed,completed,0.2,rho,0.005690320825790804,0.03976951882540302,0.4404936422587551,1.6895648400000018,0.0,0.04857254904124497
run_0032,visc_on_sensor_p_beta_0p25_cfl_0p5_nx_1001_mode_1,6,on,p,0.25,0.5,1001,1,0.2,completed,completed,0.2,u,0.004658219776745087,0.04220445072875666,0.5556476078377363,1.3090137142,0.0,0.0
run_0032,visc_on_sensor_p_beta_0p25_cfl_0p5_nx_1001_mode_1,6,on,p,0.25,0.5,1001,1,0.2,completed,completed,0.2,p,0.005792180061329707,0.05089873998684512,0.608794404180145,1.5303927876000012,0.0,0.06980958681985516
run_0033,visc_on_sensor_p_beta_0p25_cfl_0p8_nx_101_mode_1,6,on,p,0.25,0.8,101,1,0.2,completed,completed,0.2,rho,0.019328756822594363,0.06663796275046564,0.3943817267829972,1.8049002399999998,0.0,0.09568822024124501
run_0033,visc_on_sensor_p_beta_0p25_cfl_0p8_nx_101_mode_1,6,on,p,0.25,0.8,101,1,0.2,completed,completed,0.2,u,0.013354636981565922,0.05103722760421502,0.3413073704622637,1.3972671892,0.0,0.0
run_0033,visc_on_sensor_p_beta_0p25_cfl_0p8_nx_101_mode_1,6,on,p,0.25,0.8,101,1,0.2,completed,completed,0.2,p,0.01684657942556664,0.06550041657222277,0.5031172338801448,1.7082034668000001,0.0,0.13951465601985502
run_0034,visc_on_sensor_p_beta_0p25_cfl_0p8_nx_201_mode_1,6,on,p,0.25,0.8,201,1,0.2,completed,completed,0.2,rho,0.0109984285225725,0.05191721276887498,0.47153503248299733,1.8359563145999993,0.0,0.09630040714124499
run_0034,visc_on_sensor_p_beta_0p25_cfl_0p8_nx_201_mode_1,6,on,p,0.25,0.8,201,1,0.2,completed,completed,0.2,u,0.006572359098282866,0.033320420876687976,0.33963776266226375,1.3999789808,0.0,0.0
run_0034,visc_on_sensor_p_beta_0p25_cfl_0p8_nx_201_mode_1,6,on,p,0.25,0.8,201,1,0.2,completed,completed,0.2,p,0.008562137035846372,0.04498991368779177,0.5010744275801449,1.7310858343999995,0.0,0.14081887291985495
run_0035,visc_on_sensor_p_beta_0p25_cfl_0p8_nx_501_mode_1,6,on,p,0.25,0.8,501,1,0.2,completed,completed,0.2,rho,0.0059031895243024345,0.03929952965867632,0.4633818019829973,1.8876302513999992,0.0,0.09484793704124495
run_0035,visc_on_sensor_p_beta_0p25_cfl_0p8_nx_501_mode_1,6,on,p,0.25,0.8,501,1,0.2,completed,completed,0.2,u,0.003594303330041328,0.029581425534643758,0.40991932316226376,1.4123009832,0.0,0.0
run_0035,visc_on_sensor_p_beta_0p25_cfl_0p8_nx_501_mode_1,6,on,p,0.25,0.8,501,1,0.2,completed,completed,0.2,p,0.004829978418053908,0.0402390013466454,0.5845596360801449,1.7443164523999988,0.0,0.13850551041985515
run_0036,visc_on_sensor_p_beta_0p25_cfl_0p8_nx_1001_mode_1,6,on,p,0.25,0.8,1001,1,0.2,completed,completed,0.2,rho,0.0037924242700712765,0.03142746639399338,0.43716170605875515,1.9384738513999986,0.0,0.09535555284124486
run_0036,visc_on_sensor_p_beta_0p25_cfl_0p8_nx_1001_mode_1,6,on,p,0.25,0.8,1001,1,0.2,completed,completed,0.2,u,0.0024379478750450856,0.026854112599652924,0.42753313096226375,1.4158182576,0.0,0.0
run_0036,visc_on_sensor_p_beta_0p25_cfl_0p8_nx_1001_mode_1,6,on,p,0.25,0.8,1001,1,0.2,completed,completed,0.2,p,0.003252905022388545,0.03568068319203468,0.604589513380145,1.749485025599999,0.0,0.13926471901985504
run_0037,visc_on_sensor_rho_beta_0p5_cfl_0p2_nx_101_mode_1,6,on,rho,0.5,0.2,101,1,0.2,completed,completed,0.2,rho,0.02825030961427461,0.07966992420525075,0.391974305758755,1.501466808,0.0,0.003119932041244944
run_0037,visc_on_sensor_rho_beta_0p5_cfl_0p2_nx_101_mode_1,6,on,rho,0.5,0.2,101,1,0.2,completed,completed,0.2,u,0.014700739278320649,0.050574486675120676,0.30393023996226376,1.0491831216,0.0,0.0
run_0037,visc_on_sensor_rho_beta_0p5_cfl_0p2_nx_101_mode_1,6,on,rho,0.5,0.2,101,1,0.2,completed,completed,0.2,p,0.01768522392955214,0.0654359401282672,0.45608245968014494,1.1739534328000003,0.0,0.022780074119855165
run_0038,visc_on_sensor_rho_beta_0p5_cfl_0p2_nx_201_mode_1,6,on,rho,0.5,0.2,201,1,0.2,completed,completed,0.2,rho,0.017879666350670193,0.06445170771432222,0.41586970478299723,1.5021888841999997,0.0,0.0038690580412450437
run_0038,visc_on_sensor_rho_beta_0p5_cfl_0p2_nx_201_mode_1,6,on,rho,0.5,0.2,201,1,0.2,completed,completed,0.2,u,0.00887465890102814,0.04487041308604016,0.36330863103773625,1.046374017,0.0,0.0
run_0038,visc_on_sensor_rho_beta_0p5_cfl_0p2_nx_201_mode_1,6,on,rho,0.5,0.2,201,1,0.2,completed,completed,0.2,p,0.011011946824339133,0.056750502566281114,0.49869782548014485,1.1713383780000006,0.0,0.022110419419855143
run_0039,visc_on_sensor_rho_beta_0p5_cfl_0p2_nx_501_mode_1,6,on,rho,0.5,0.2,501,1,0.2,completed,completed,0.2,rho,0.01180691374771459,0.05475483136321506,0.4290269504829972,1.5025983312000002,0.0,0.004036892241245038
run_0039,visc_on_sensor_rho_beta_0p5_cfl_0p2_nx_501_mode_1,6,on,rho,0.5,0.2,501,1,0.2,completed,completed,0.2,u,0.008193575696735662,0.05629661873433178,0.5483476788377363,1.0469477756,0.0,0.0
run_0039,visc_on_sensor_rho_beta_0p5_cfl_0p2_nx_501_mode_1,6,on,rho,0.5,0.2,501,1,0.2,completed,completed,0.2,p,0.009816161525012749,0.0646658270830003,0.5929957631801449,1.1721468474000005,0.0,0.02251805911985505
run_0040,visc_on_sensor_rho_beta_0p5_cfl_0p2_nx_1001_mode_1,6,on,rho,0.5,0.2,1001,1,0.2,completed,completed,0.2,rho,0.009079176686834936,0.04906547962833941,0.440282702358755,1.502340506599999,0.0,0.004022157741244925
run_0040,visc_on_sensor_rho_beta_0p5_cfl_0p2_nx_1001_mode_1,6,on,rho,0.5,0.2,1001,1,0.2,completed,completed,0.2,u,0.00787375078094509,0.05922367302921512,0.5674839460377363,1.0462584972,0.0,0.0
run_0040,visc_on_sensor_rho_beta_0p5_cfl_0p2_nx_1001_mode_1,6,on,rho,0.5,0.2,1001,1,0.2,completed,completed,0.2,p,0.009166249454350288,0.06596096098806381,0.6085284944801449,1.1713759778,0.0,0.022079375919854982
run_0041,visc_on_sensor_rho_beta_0p5_cfl_0p5_nx_101_mode_1,6,on,rho,0.5,0.5,101,1,0.2,completed,completed,0.2,rho,0.024679163776764462,0.07500163028282454,0.36115379348299725,1.5374141865000002,0.0,0.015312644541245035
run_0041,visc_on_sensor_rho_beta_0p5_cfl_0p5_nx_101_mode_1,6,on,rho,0.5,0.5,101,1,0.2,completed,completed,0.2,u,0.013676880669047023,0.04994896056274923,0.32281933976226374,1.1046701225,0.0,0.0
run_0041,visc_on_sensor_rho_beta_0p5_cfl_0p5_nx_101_mode_1,6,on,rho,0.5,0.5,101,1,0.2,completed,completed,0.2,p,0.016604066218155047,0.06555564558944825,0.47999833158014504,1.2493545842000007,0.0,0.03594859251985505
run_0042,visc_on_sensor_rho_beta_0p5_cfl_0p5_nx_201_mode_1,6,on,rho,0.5,0.5,201,1,0.2,completed,completed,0.2,rho,0.015802098195747592,0.06146482770469668,0.4258988951829973,1.5389036136000005,0.0,0.015942839741244885
run_0042,visc_on_sensor_rho_beta_0p5_cfl_0p5_nx_201_mode_1,6,on,rho,0.5,0.5,201,1,0.2,completed,completed,0.2,u,0.007909244078773416,0.041430313001053605,0.35616468276226376,1.105853998,0.0,0.0
run_0042,visc_on_sensor_rho_beta_0p5_cfl_0p5_nx_201_mode_1,6,on,rho,0.5,0.5,201,1,0.2,completed,completed,0.2,p,0.010016103599942029,0.05485039357549074,0.5211290665801449,1.2504870828000008,0.0,0.03784520631985511
run_0043,visc_on_sensor_rho_beta_0p5_cfl_0p5_nx_501_mode_1,6,on,rho,0.5,0.5,501,1,0.2,completed,completed,0.2,rho,0.010507571416710531,0.05256368987654727,0.4361526729829973,1.5403491053999994,0.0,0.01712599344124488
run_0043,visc_on_sensor_rho_beta_0p5_cfl_0p5_nx_501_mode_1,6,on,rho,0.5,0.5,501,1,0.2,completed,completed,0.2,u,0.006922352009384716,0.05017774345925861,0.5302812453377362,1.103884275,0.0,0.0
run_0043,visc_on_sensor_rho_beta_0p5_cfl_0p5_nx_501_mode_1,6,on,rho,0.5,0.5,501,1,0.2,completed,completed,0.2,p,0.008577550524692175,0.06053527838429064,0.599901337680145,1.249866940400001,0.0,0.035105843019854976
run_0044,visc_on_sensor_rho_beta_0p5_cfl_0p5_nx_1001_mode_1,6,on,rho,0.5,0.5,1001,1,0.2,completed,completed,0.2,rho,0.008027041242882406,0.04695165926415123,0.4407657168587551,1.5421128450000006,0.0,0.01749433384124499
run_0044,visc_on_sensor_rho_beta_0p5_cfl_0p5_nx_1001_mode_1,6,on,rho,0.5,0.5,1001,1,0.2,completed,completed,0.2,u,0.006392826737618672,0.052075142570331544,0.5658652019377363,1.1083833358,0.0,0.0
run_0044,visc_on_sensor_rho_beta_0p5_cfl_0p5_nx_1001_mode_1,6,on,rho,0.5,0.5,1001,1,0.2,completed,completed,0.2,p,0.00771989294276942,0.06070346586075341,0.6091373326801449,1.2551368341999996,0.0,0.03763552891985511
run_0045,visc_on_sensor_rho_beta_0p5_cfl_0p8_nx_101_mode_1,6,on,rho,0.5,0.8,101,1,0.2,completed,completed,0.2,rho,0.02002854477092441,0.06709906523897859,0.3560737706587551,1.6569917109999999,0.0,0.057667767141244886
run_0045,visc_on_sensor_rho_beta_0p5_cfl_0p8_nx_101_mode_1,6,on,rho,0.5,0.8,101,1,0.2,completed,completed,0.2,u,0.012722479393301749,0.05005617391592734,0.33812325226226375,1.2174360122,0.0,0.0
run_0045,visc_on_sensor_rho_beta_0p5_cfl_0p8_nx_101_mode_1,6,on,rho,0.5,0.8,101,1,0.2,completed,completed,0.2,p,0.01575332686996375,0.06475916849547235,0.499153690280145,1.4379679008000008,0.0,0.08214612421985512
run_0046,visc_on_sensor_rho_beta_0p5_cfl_0p8_nx_201_mode_1,6,on,rho,0.5,0.8,201,1,0.2,completed,completed,0.2,rho,0.012438972964490019,0.05439703237023926,0.42713239348299725,1.6640955459999995,0.0,0.054865680441244846
run_0046,visc_on_sensor_rho_beta_0p5_cfl_0p8_nx_201_mode_1,6,on,rho,0.5,0.8,201,1,0.2,completed,completed,0.2,u,0.00654164003702814,0.03539066519815638,0.35686918216226376,1.2303826467999999,0.0,0.0
run_0046,visc_on_sensor_rho_beta_0p5_cfl_0p8_nx_201_mode_1,6,on,rho,0.5,0.8,201,1,0.2,completed,completed,0.2,p,0.008458982628140576,0.0483897049708721,0.522060085780145,1.4535302672000006,0.0,0.07835644361985517
run_0047,visc_on_sensor_rho_beta_0p5_cfl_0p8_nx_501_mode_1,6,on,rho,0.5,0.8,501,1,0.2,completed,completed,0.2,rho,0.007757880083904467,0.04527876661275593,0.4332386346829973,1.6760043545999999,0.0,0.06170289414124497
run_0047,visc_on_sensor_rho_beta_0p5_cfl_0p8_nx_501_mode_1,6,on,rho,0.5,0.8,501,1,0.2,completed,completed,0.2,u,0.004464529489886603,0.03687515111050646,0.42165178803773623,1.2413424072,0.0,0.0
run_0047,visc_on_sensor_rho_beta_0p5_cfl_0p8_nx_501_mode_1,6,on,rho,0.5,0.8,501,1,0.2,completed,completed,0.2,p,0.005853856204171588,0.04828777944953938,0.5979178952801449,1.4723469756000012,0.0,0.08834583641985505
run_0048,visc_on_sensor_rho_beta_0p5_cfl_0p8_nx_1001_mode_1,6,on,rho,0.5,0.8,1001,1,0.2,completed,completed,0.2,rho,0.005613731798742335,0.039257653438360386,0.44042555375875514,1.6739781890000005,0.0,0.061077662241245
run_0048,visc_on_sensor_rho_beta_0p5_cfl_0p8_nx_1001_mode_1,6,on,rho,0.5,0.8,1001,1,0.2,completed,completed,0.2,u,0.003646544230518669,0.036473900080621124,0.5293750790377363,1.2401095302,0.0,0.0
run_0048,visc_on_sensor_rho_beta_0p5_cfl_0p8_nx_1001_mode_1,6,on,rho,0.5,0.8,1001,1,0.2,completed,completed,0.2,p,0.004693367470567966,0.046053556254805186,0.6087085836801449,1.4696439901999976,0.0,0.08743413411985501
run_0049,visc_on_sensor_u_beta_0p5_cfl_0p2_nx_101_mode_1,6,on,u,0.5,0.2,101,1,0.2,completed,completed,0.2,rho,0.03131139620011466,0.0858528720742999,0.4144252927829972,1.5022953628999995,0.0,0.004094115641244844
run_0049,visc_on_sensor_u_beta_0p5_cfl_0p2_nx_101_mode_1,6,on,u,0.5,0.2,101,1,0.2,completed,completed,0.2,u,0.014965286766065925,0.052172530217977624,0.31119655376226374,1.0459928879,0.0,0.0
run_0049,visc_on_sensor_u_beta_0p5_cfl_0p2_nx_101_mode_1,6,on,u,0.5,0.2,101,1,0.2,completed,completed,0.2,p,0.01816307489365505,0.06778688638659108,0.46533690808014505,1.1713195445000006,0.0,0.02109439591985507
run_0050,visc_on_sensor_u_beta_0p5_cfl_0p2_nx_201_mode_1,6,on,u,0.5,0.2,201,1,0.2,completed,completed,0.2,rho,0.01781993310075267,0.06585604863510859,0.45411500998299725,1.5021954890000004,0.0,0.004104709341244961
run_0050,visc_on_sensor_u_beta_0p5_cfl_0p2_nx_201_mode_1,6,on,u,0.5,0.2,201,1,0.2,completed,completed,0.2,u,0.009639871185273418,0.049058545326617985,0.4010600945377363,1.0450069184,0.0,0.0
run_0050,visc_on_sensor_u_beta_0p5_cfl_0p2_nx_201_mode_1,6,on,u,0.5,0.2,201,1,0.2,completed,completed,0.2,p,0.011913614227140573,0.06092529475122807,0.511830274680145,1.1700879297999998,0.0,0.021207904419854984
run_0051,visc_on_sensor_u_beta_0p5_cfl_0p2_nx_501_mode_1,6,on,u,0.5,0.2,501,1,0.2,completed,completed,0.2,rho,0.010552307586042517,0.05282642107560259,0.45730734178299726,1.5043205366000003,0.0,0.003998184941244931
run_0051,visc_on_sensor_u_beta_0p5_cfl_0p2_nx_501_mode_1,6,on,u,0.5,0.2,501,1,0.2,completed,completed,0.2,u,0.009177896559686607,0.060523106519963246,0.5553400932377363,1.0434444482,0.0,0.0
run_0051,visc_on_sensor_u_beta_0p5_cfl_0p2_nx_501_mode_1,6,on,u,0.5,0.2,501,1,0.2,completed,completed,0.2,p,0.010906879604612755,0.06906820570364905,0.5979718684801449,1.1682605944,0.0,0.020538036619855093
run_0052,visc_on_sensor_u_beta_0p5_cfl_0p2_nx_1001_mode_1,6,on,u,0.5,0.2,1001,1,0.2,completed,completed,0.2,rho,0.007893664770846371,0.04668254464625218,0.44070127865875497,1.5119031776000003,0.0,0.004142125441245037
run_0052,visc_on_sensor_u_beta_0p5_cfl_0p2_nx_1001_mode_1,6,on,u,0.5,0.2,1001,1,0.2,completed,completed,0.2,u,0.008781594563045092,0.06300293999455225,0.5677873754377363,1.0467346162,0.0,0.0
run_0052,visc_on_sensor_u_beta_0p5_cfl_0p2_nx_1001_mode_1,6,on,u,0.5,0.2,1001,1,0.2,completed,completed,0.2,p,0.010184225263370872,0.070148093661973,0.609056120180145,1.1719797284000002,0.0,0.02239853461985497
run_0053,visc_on_sensor_u_beta_0p5_cfl_0p5_nx_101_mode_1,6,on,u,0.5,0.5,101,1,0.2,completed,completed,0.2,rho,0.026769045140089365,0.07948648250418221,0.3939402678829973,1.5397954374000002,0.0,0.01773841064124504
run_0053,visc_on_sensor_u_beta_0p5_cfl_0p5_nx_101_mode_1,6,on,u,0.5,0.5,101,1,0.2,completed,completed,0.2,u,0.013713327745556473,0.04988364605490282,0.32424967196226373,1.1017518525,0.0,0.0
run_0053,visc_on_sensor_u_beta_0p5_cfl_0p5_nx_101_mode_1,6,on,u,0.5,0.5,101,1,0.2,completed,completed,0.2,p,0.016741333076155045,0.06589080879605687,0.48178997628014497,1.2481225596000005,0.0,0.032745487519854954
run_0054,visc_on_sensor_u_beta_0p5_cfl_0p5_nx_201_mode_1,6,on,u,0.5,0.5,201,1,0.2,completed,completed,0.2,rho,0.015545466036917626,0.06211782107471863,0.4449814399829972,1.5378383870000003,0.0,0.015784403941244918
run_0054,visc_on_sensor_u_beta_0p5_cfl_0p5_nx_201_mode_1,6,on,u,0.5,0.5,201,1,0.2,completed,completed,0.2,u,0.008304402759273416,0.04351397492376104,0.3608742247622638,1.1025579908,0.0,0.0
run_0054,visc_on_sensor_u_beta_0p5_cfl_0p5_nx_201_mode_1,6,on,u,0.5,0.5,201,1,0.2,completed,completed,0.2,p,0.010495500607942024,0.05690549797725197,0.526823572380145,1.2467226311999995,0.0,0.03589310391985512
run_0055,visc_on_sensor_u_beta_0p5_cfl_0p5_nx_501_mode_1,6,on,u,0.5,0.5,501,1,0.2,completed,completed,0.2,rho,0.009970690474737455,0.0522999726446654,0.4455638388829972,1.5434625724000006,0.0,0.018197773541244855
run_0055,visc_on_sensor_u_beta_0p5_cfl_0p5_nx_501_mode_1,6,on,u,0.5,0.5,501,1,0.2,completed,completed,0.2,u,0.007569526839184716,0.0534577638846768,0.5420457495377362,1.1089993672,0.0,0.0
run_0055,visc_on_sensor_u_beta_0p5_cfl_0p5_nx_501_mode_1,6,on,u,0.5,0.5,501,1,0.2,completed,completed,0.2,p,0.009282087227492172,0.063786993796015,0.602279353980145,1.2564877638000005,0.0,0.03693502001985505
run_0056,visc_on_sensor_u_beta_0p5_cfl_0p5_nx_1001_mode_1,6,on,u,0.5,0.5,1001,1,0.2,completed,completed,0.2,rho,0.007521494674443337,0.04636323458319556,0.44091974705875514,1.5400041549999979,0.0,0.016261268541244878
run_0056,visc_on_sensor_u_beta_0p5_cfl_0p5_nx_1001_mode_1,6,on,u,0.5,0.5,1001,1,0.2,completed,completed,0.2,u,0.007098026651718672,0.05537178724405226,0.5669837899377362,1.1065171807999998,0.0,0.0
run_0056,visc_on_sensor_u_beta_0p5_cfl_0p5_nx_1001_mode_1,6,on,u,0.5,0.5,1001,1,0.2,completed,completed,0.2,p,0.00850747054659,0.0641746697487741,0.6093314434801449,1.2515484684000011,0.0,0.03764251991985512
run_0057,visc_on_sensor_u_beta_0p5_cfl_0p8_nx_101_mode_1,6,on,u,0.5,0.8,101,1,0.2,completed,completed,0.2,rho,0.02169344859192441,0.07221419218046438,0.3992477393829973,1.6607394564000004,0.0,0.05971160074124504
run_0057,visc_on_sensor_u_beta_0p5_cfl_0p8_nx_101_mode_1,6,on,u,0.5,0.8,101,1,0.2,completed,completed,0.2,u,0.012618358347056472,0.04939382251796619,0.33758360036226376,1.2181602679999999,0.0,0.0
run_0057,visc_on_sensor_u_beta_0p5_cfl_0p8_nx_101_mode_1,6,on,u,0.5,0.8,101,1,0.2,completed,completed,0.2,p,0.01567279420796374,0.06435835572623676,0.49848791558014494,1.4407270837999997,0.0,0.08520261751985503
run_0058,visc_on_sensor_u_beta_0p5_cfl_0p8_nx_201_mode_1,6,on,u,0.5,0.8,201,1,0.2,completed,completed,0.2,rho,0.012881129242660046,0.05715543935750681,0.4604399301829972,1.6621165482000002,0.0,0.053723371641244855
run_0058,visc_on_sensor_u_beta_0p5_cfl_0p8_nx_201_mode_1,6,on,u,0.5,0.8,201,1,0.2,completed,completed,0.2,u,0.00653637331952814,0.03572682018877527,0.35941764486226374,1.2291604844,0.0,0.0
run_0058,visc_on_sensor_u_beta_0p5_cfl_0p8_nx_201_mode_1,6,on,u,0.5,0.8,201,1,0.2,completed,completed,0.2,p,0.008501382853140579,0.04901393297966051,0.5251386969801449,1.4509372752000003,0.0,0.07660819661985507
run_0059,visc_on_sensor_u_beta_0p5_cfl_0p8_nx_501_mode_1,6,on,u,0.5,0.8,501,1,0.2,completed,completed,0.2,rho,0.007495356866731397,0.04572111506054184,0.4613803007829973,1.6768266905999991,0.0,0.060797335241244976
run_0059,visc_on_sensor_u_beta_0p5_cfl_0p8_nx_501_mode_1,6,on,u,0.5,0.8,501,1,0.2,completed,completed,0.2,u,0.004848244882735659,0.03928805511091391,0.45641217713773624,1.2326215224000001,0.0,0.0
run_0059,visc_on_sensor_u_beta_0p5_cfl_0p8_nx_501_mode_1,6,on,u,0.5,0.8,501,1,0.2,completed,completed,0.2,p,0.006286542086171592,0.05062011730369255,0.6003303235801449,1.4626814104000005,0.0,0.08692404901985507
run_0060,visc_on_sensor_u_beta_0p5_cfl_0p8_nx_1001_mode_1,6,on,u,0.5,0.8,1001,1,0.2,completed,completed,0.2,rho,0.005235449372571281,0.03860619679749723,0.440713130058755,1.7097460042000003,0.0,0.057347423341244985
run_0060,visc_on_sensor_u_beta_0p5_cfl_0p8_nx_1001_mode_1,6,on,u,0.5,0.8,1001,1,0.2,completed,completed,0.2,u,0.004107949641718669,0.039464254680107405,0.5478012354377362,1.2267053736,0.0,0.0
run_0060,visc_on_sensor_u_beta_0p5_cfl_0p8_nx_1001_mode_1,6,on,u,0.5,0.8,1001,1,0.2,completed,completed,0.2,p,0.005206957971888546,0.04899150760043621,0.6090710579801449,1.4527748136000005,0.0,0.08187777751985514
run_0061,visc_on_sensor_p_beta_0p5_cfl_0p2_nx_101_mode_1,6,on,p,0.5,0.2,101,1,0.2,completed,completed,0.2,rho,0.032319786771449706,0.08881103767226138,0.45292728878299726,1.5019527618,0.0,0.003691658241244955
run_0061,visc_on_sensor_p_beta_0p5_cfl_0p2_nx_101_mode_1,6,on,p,0.5,0.2,101,1,0.2,completed,completed,0.2,u,0.015252485306556473,0.05292891445228182,0.32071613016226375,1.0471511797000002,0.0,0.0
run_0061,visc_on_sensor_p_beta_0p5_cfl_0p2_nx_101_mode_1,6,on,p,0.5,0.2,101,1,0.2,completed,completed,0.2,p,0.018550250706052145,0.06930910535590555,0.4773739774801449,1.1721002471,0.0,0.02170861141985503
run_0062,visc_on_sensor_p_beta_0p5_cfl_0p2_nx_201_mode_1,6,on,p,0.5,0.2,201,1,0.2,completed,completed,0.2,rho,0.018280145132170193,0.06796358082486022,0.4944123605829972,1.5023280338,0.0,0.003952565741244918
run_0062,visc_on_sensor_p_beta_0p5_cfl_0p2_nx_201_mode_1,6,on,p,0.5,0.2,201,1,0.2,completed,completed,0.2,u,0.009052811782518691,0.045522574326447234,0.3549276800377362,1.0464104673999999,0.0,0.0
run_0062,visc_on_sensor_p_beta_0p5_cfl_0p2_nx_201_mode_1,6,on,p,0.5,0.2,201,1,0.2,completed,completed,0.2,p,0.011319257316839127,0.058364704290780715,0.5111410234801449,1.1714886388,0.0,0.022062740219854993
run_0063,visc_on_sensor_p_beta_0p5_cfl_0p2_nx_501_mode_1,6,on,p,0.5,0.2,501,1,0.2,completed,completed,0.2,rho,0.010253502748174508,0.05225241616533267,0.49449225028299726,1.5025753165999998,0.0,0.004016835541244879
run_0063,visc_on_sensor_p_beta_0p5_cfl_0p2_nx_501_mode_1,6,on,p,0.5,0.2,501,1,0.2,completed,completed,0.2,u,0.008060218330784717,0.05550186934439292,0.5454628306377363,1.0467937756,0.0,0.0
run_0063,visc_on_sensor_p_beta_0p5_cfl_0p2_nx_501_mode_1,6,on,p,0.5,0.2,501,1,0.2,completed,completed,0.2,p,0.009712552398612755,0.064227530026138,0.593494632080145,1.1719643653999996,0.0,0.02240438821985502
run_0064,visc_on_sensor_p_beta_0p5_cfl_0p2_nx_1001_mode_1,6,on,p,0.5,0.2,1001,1,0.2,completed,completed,0.2,rho,0.007350347348460845,0.04458679996795288,0.4594979281829973,1.5050734636,0.0,0.004025535741244868
run_0064,visc_on_sensor_p_beta_0p5_cfl_0p2_nx_1001_mode_1,6,on,p,0.5,0.2,1001,1,0.2,completed,completed,0.2,u,0.007616411517194145,0.058053274331669194,0.5672984627377362,1.0467389574,0.0,0.0
run_0064,visc_on_sensor_p_beta_0p5_cfl_0p2_nx_1001_mode_1,6,on,p,0.5,0.2,1001,1,0.2,completed,completed,0.2,p,0.008895854845689997,0.06482875830191977,0.6083773311801449,1.171912711000001,0.0,0.022404695819855158
run_0065,visc_on_sensor_p_beta_0p5_cfl_0p5_nx_101_mode_1,6,on,p,0.5,0.5,101,1,0.2,completed,completed,0.2,rho,0.027502957581764458,0.0818271784666171,0.43754957428299723,1.5406465832999996,0.0,0.017503558541244857
run_0065,visc_on_sensor_p_beta_0p5_cfl_0p5_nx_101_mode_1,6,on,p,0.5,0.5,101,1,0.2,completed,completed,0.2,u,0.013954553504301748,0.05107468792209712,0.3293149175622638,1.1062898818,0.0,0.0
run_0065,visc_on_sensor_p_beta_0p5_cfl_0p5_nx_101_mode_1,6,on,p,0.5,0.5,101,1,0.2,completed,completed,0.2,p,0.017009150796155042,0.0671461993256008,0.48812280908014505,1.2526751795999997,0.0,0.03557089841985506
run_0066,visc_on_sensor_p_beta_0p5_cfl_0p5_nx_201_mode_1,6,on,p,0.5,0.5,201,1,0.2,completed,completed,0.2,rho,0.016156471301247595,0.06429815185708625,0.4763728023829973,1.5392478574,0.0,0.015993795641245034
run_0066,visc_on_sensor_p_beta_0p5_cfl_0p5_nx_201_mode_1,6,on,p,0.5,0.5,201,1,0.2,completed,completed,0.2,u,0.007925395698396053,0.041284969673502904,0.35781229176226376,1.106502662,0.0,0.0
run_0066,visc_on_sensor_p_beta_0p5_cfl_0p5_nx_201_mode_1,6,on,p,0.5,0.5,201,1,0.2,completed,completed,0.2,p,0.010055168162140578,0.054934419112522066,0.5231260325801449,1.2513180746000003,0.0,0.03802102091985504
run_0067,visc_on_sensor_p_beta_0p5_cfl_0p5_nx_501_mode_1,6,on,p,0.5,0.5,501,1,0.2,completed,completed,0.2,rho,0.009682596373605471,0.051503517746238014,0.46879406108299737,1.540594540999999,0.0,0.016692277441245018
run_0067,visc_on_sensor_p_beta_0p5_cfl_0p5_nx_501_mode_1,6,on,p,0.5,0.5,501,1,0.2,completed,completed,0.2,u,0.006708367868184716,0.04909461526092165,0.5250372028377362,1.1063410656,0.0,0.0
run_0067,visc_on_sensor_p_beta_0p5_cfl_0p5_nx_501_mode_1,6,on,p,0.5,0.5,501,1,0.2,completed,completed,0.2,p,0.008345555713492173,0.05951157616960506,0.599080918180145,1.252040011,0.0,0.03703430411985509
run_0068,visc_on_sensor_p_beta_0p5_cfl_0p5_nx_1001_mode_1,6,on,p,0.5,0.5,1001,1,0.2,completed,completed,0.2,rho,0.00699403927489182,0.04433964711127082,0.440671759158755,1.5408500973999986,0.0,0.01603514364124492
run_0068,visc_on_sensor_p_beta_0p5_cfl_0p5_nx_1001_mode_1,6,on,p,0.5,0.5,1001,1,0.2,completed,completed,0.2,u,0.006148770716843199,0.050833797616130154,0.5652253048377363,1.1072104638,0.0,0.0
run_0068,visc_on_sensor_p_beta_0p5_cfl_0p5_nx_1001_mode_1,6,on,p,0.5,0.5,1001,1,0.2,completed,completed,0.2,p,0.00744371163476942,0.059372165708592356,0.6090189158801449,1.2521538469999993,0.0,0.038115761519855074
run_0069,visc_on_sensor_p_beta_0p5_cfl_0p8_nx_101_mode_1,6,on,p,0.5,0.8,101,1,0.2,completed,completed,0.2,rho,0.021687511181749296,0.07239075086519386,0.41703537068299723,1.6602244389999998,0.0,0.05950856404124494
run_0069,visc_on_sensor_p_beta_0p5_cfl_0p8_nx_101_mode_1,6,on,p,0.5,0.8,101,1,0.2,completed,completed,0.2,u,0.012757614279056473,0.05020233284857603,0.33777230736226377,1.2200677228,0.0,0.0
run_0069,visc_on_sensor_p_beta_0p5_cfl_0p8_nx_101_mode_1,6,on,p,0.5,0.8,101,1,0.2,completed,completed,0.2,p,0.015782033587963727,0.06480999303823419,0.4987241306801449,1.4426394588000009,0.0,0.0849777703198551
run_0070,visc_on_sensor_p_beta_0p5_cfl_0p8_nx_201_mode_1,6,on,p,0.5,0.8,201,1,0.2,completed,completed,0.2,rho,0.012442780357902462,0.05630084837763308,0.4743244586829972,1.6673151981999994,0.0,0.05622582284124489
run_0070,visc_on_sensor_p_beta_0p5_cfl_0p8_nx_201_mode_1,6,on,p,0.5,0.8,201,1,0.2,completed,completed,0.2,u,0.0064818880705281405,0.03502657444133736,0.35351060726226374,1.2323862664,0.0,0.0
run_0070,visc_on_sensor_p_beta_0p5_cfl_0p8_nx_201_mode_1,6,on,p,0.5,0.8,201,1,0.2,completed,completed,0.2,p,0.008358833266640572,0.047777937345094855,0.5179913602801449,1.4576887940000005,0.0,0.08042519281985516
run_0071,visc_on_sensor_p_beta_0p5_cfl_0p8_nx_501_mode_1,6,on,p,0.5,0.8,501,1,0.2,completed,completed,0.2,rho,0.007023279501399405,0.043961541484949074,0.4703252499829972,1.6733665085999982,0.0,0.06047106754124498
run_0071,visc_on_sensor_p_beta_0p5_cfl_0p8_nx_501_mode_1,6,on,p,0.5,0.8,501,1,0.2,completed,completed,0.2,u,0.004356289766237548,0.0360830989830612,0.4200826678622637,1.2388888342,0.0,0.0
run_0071,visc_on_sensor_p_beta_0p5_cfl_0p8_nx_501_mode_1,6,on,p,0.5,0.8,501,1,0.2,completed,completed,0.2,p,0.005723719099971585,0.04731490513029532,0.5961582144801449,1.467701690600002,0.0,0.08659105871985506
run_0072,visc_on_sensor_p_beta_0p5_cfl_0p8_nx_1001_mode_1,6,on,p,0.5,0.8,1001,1,0.2,completed,completed,0.2,rho,0.00477004488613626,0.03645762960937228,0.4402035635587551,1.6893611532000006,0.0,0.056657531541244976
run_0072,visc_on_sensor_p_beta_0p5_cfl_0p8_nx_1001_mode_1,6,on,p,0.5,0.8,1001,1,0.2,completed,completed,0.2,u,0.0035176370563186695,0.03559099710544888,0.5249218013377362,1.2336536448,0.0,0.0
run_0072,visc_on_sensor_p_beta_0p5_cfl_0p8_nx_1001_mode_1,6,on,p,0.5,0.8,1001,1,0.2,completed,completed,0.2,p,0.004535801626228253,0.04496690524848086,0.608428728780145,1.4575583205999973,0.0,0.08098996441985507
run_0073,visc_on_sensor_rho_beta_0p75_cfl_0p2_nx_101_mode_1,6,on,rho,0.75,0.2,101,1,0.2,completed,completed,0.2,rho,0.032179137077810054,0.08447176568288396,0.41800449385875504,1.4860415949999999,0.0,0.0006309314412449307
run_0073,visc_on_sensor_rho_beta_0p75_cfl_0p2_nx_101_mode_1,6,on,rho,0.75,0.2,101,1,0.2,completed,completed,0.2,u,0.01595404879033955,0.05124956692863483,0.28526701156226375,1.0104189426,0.0,0.0
run_0073,visc_on_sensor_rho_beta_0p75_cfl_0p2_nx_101_mode_1,6,on,rho,0.75,0.2,101,1,0.2,completed,completed,0.2,p,0.018915623504463738,0.06474835078269932,0.431939216580145,1.1323235923000006,0.0,0.0048372852198550476
run_0074,visc_on_sensor_rho_beta_0p75_cfl_0p2_nx_201_mode_1,6,on,rho,0.75,0.2,201,1,0.2,completed,completed,0.2,rho,0.01977111173469042,0.06690034409013103,0.4070773036829972,1.4900498084000002,0.0,0.0028620389412450375
run_0074,visc_on_sensor_rho_beta_0p75_cfl_0p2_nx_201_mode_1,6,on,rho,0.75,0.2,201,1,0.2,completed,completed,0.2,u,0.009091814338160227,0.04306957064379058,0.34462494753773626,1.0076500582,0.0,0.0
run_0074,visc_on_sensor_rho_beta_0p75_cfl_0p2_nx_201_mode_1,6,on,rho,0.75,0.2,201,1,0.2,completed,completed,0.2,p,0.011153895517339122,0.054067291266828854,0.46781395198014497,1.1287772204,0.0,0.004273887019855094
run_0075,visc_on_sensor_rho_beta_0p75_cfl_0p2_nx_501_mode_1,6,on,rho,0.75,0.2,501,1,0.2,completed,completed,0.2,rho,0.01239246448368766,0.05497662166469552,0.4221163568829973,1.4901144067999996,0.0,0.0028952186412449787
run_0075,visc_on_sensor_rho_beta_0p75_cfl_0p2_nx_501_mode_1,6,on,rho,0.75,0.2,501,1,0.2,completed,completed,0.2,u,0.007794977852980936,0.05365302005307511,0.5399069574377362,1.0077708624,0.0,0.0
run_0075,visc_on_sensor_rho_beta_0p75_cfl_0p2_nx_501_mode_1,6,on,rho,0.75,0.2,501,1,0.2,completed,completed,0.2,p,0.009322547987092172,0.061035639959690656,0.575044390280145,1.1289249782000002,0.0,0.0047705118198551055
run_0076,visc_on_sensor_rho_beta_0p75_cfl_0p2_nx_1001_mode_1,6,on,rho,0.75,0.2,1001,1,0.2,completed,completed,0.2,rho,0.009262177164738983,0.048495950547868115,0.43759353455875494,1.4900814836000005,0.0,0.0028942793412449763
run_0076,visc_on_sensor_rho_beta_0p75_cfl_0p2_nx_1001_mode_1,6,on,rho,0.75,0.2,1001,1,0.2,completed,completed,0.2,u,0.0074685587495677275,0.057290890755794285,0.5669058488377363,1.0077495215999999,0.0,0.0
run_0076,visc_on_sensor_rho_beta_0p75_cfl_0p2_nx_1001_mode_1,6,on,rho,0.75,0.2,1001,1,0.2,completed,completed,0.2,p,0.008632070163989997,0.06282952846305051,0.6051351494801449,1.1289031125999998,0.0,0.004807199519855088
run_0077,visc_on_sensor_rho_beta_0p75_cfl_0p5_nx_101_mode_1,6,on,rho,0.75,0.5,101,1,0.2,completed,completed,0.2,rho,0.027514723273919392,0.07868847876614656,0.38749333935875496,1.5010048543,0.0,0.004639169841244906
run_0077,visc_on_sensor_rho_beta_0p75_cfl_0p5_nx_101_mode_1,6,on,rho,0.75,0.5,101,1,0.2,completed,completed,0.2,u,0.0141397139833112,0.04987477839797556,0.30435261316226375,1.0389265451,0.0,0.0
run_0077,visc_on_sensor_rho_beta_0p75_cfl_0p5_nx_101_mode_1,6,on,rho,0.75,0.5,101,1,0.2,completed,completed,0.2,p,0.01694671690294924,0.06424534461172866,0.45657660228014496,1.1647895625999998,0.0,0.01720253981985498
run_0078,visc_on_sensor_rho_beta_0p75_cfl_0p5_nx_201_mode_1,6,on,rho,0.75,0.5,201,1,0.2,completed,completed,0.2,rho,0.017310311114170192,0.06355841763282616,0.4175267500829972,1.5019400511999996,0.0,0.005331960541244962
run_0078,visc_on_sensor_rho_beta_0p75_cfl_0p5_nx_201_mode_1,6,on,rho,0.75,0.5,201,1,0.2,completed,completed,0.2,u,0.008127246351273414,0.041210336402633954,0.33740839456226374,1.036979654,0.0,0.0
run_0078,visc_on_sensor_rho_beta_0p75_cfl_0p5_nx_201_mode_1,6,on,rho,0.75,0.5,201,1,0.2,completed,completed,0.2,p,0.01017471448883912,0.05372361187012714,0.498149765480145,1.1628666424,0.0,0.016723983919854968
run_0079,visc_on_sensor_rho_beta_0p75_cfl_0p5_nx_501_mode_1,6,on,rho,0.75,0.5,501,1,0.2,completed,completed,0.2,rho,0.01129251624527957,0.05376634865009058,0.4303786248829973,1.5028674081999998,0.0,0.005571656241244893
run_0079,visc_on_sensor_rho_beta_0p75_cfl_0p5_nx_501_mode_1,6,on,rho,0.75,0.5,501,1,0.2,completed,completed,0.2,u,0.007117667315135661,0.05106882444619925,0.5329123798377362,1.0390870883999999,0.0,0.0
run_0079,visc_on_sensor_rho_beta_0p75_cfl_0p5_nx_501_mode_1,6,on,rho,0.75,0.5,501,1,0.2,completed,completed,0.2,p,0.008739103875771592,0.06056532548640304,0.592980390880145,1.1654059759999988,0.0,0.01771088941985499
run_0080,visc_on_sensor_rho_beta_0p75_cfl_0p5_nx_1001_mode_1,6,on,rho,0.75,0.5,1001,1,0.2,completed,completed,0.2,rho,0.008602779336766923,0.047981390089076634,0.44025950405875514,1.5022066602000002,0.0,0.005633595041244943
run_0080,visc_on_sensor_rho_beta_0p75_cfl_0p5_nx_1001_mode_1,6,on,rho,0.75,0.5,1001,1,0.2,completed,completed,0.2,u,0.0067588281125696165,0.05387688470956848,0.5662707814377362,1.0364647334000001,0.0,0.0
run_0080,visc_on_sensor_rho_beta_0p75_cfl_0p5_nx_1001_mode_1,6,on,rho,0.75,0.5,1001,1,0.2,completed,completed,0.2,p,0.008059504722109128,0.06165118192068445,0.6084992589801449,1.162645538999998,0.0,0.01635147791985503
run_0081,visc_on_sensor_rho_beta_0p75_cfl_0p8_nx_101_mode_1,6,on,rho,0.75,0.8,101,1,0.2,completed,completed,0.2,rho,0.02174685511392441,0.07030101718194934,0.3573028000829973,1.5729077366,0.0,0.03010984124124505
run_0081,visc_on_sensor_rho_beta_0p75_cfl_0p8_nx_101_mode_1,6,on,rho,0.75,0.8,101,1,0.2,completed,completed,0.2,u,0.012712008817801747,0.050011646577367674,0.33295545296226375,1.1256595611,0.0,0.0
run_0081,visc_on_sensor_rho_beta_0p75_cfl_0p8_nx_101_mode_1,6,on,rho,0.75,0.8,101,1,0.2,completed,completed,0.2,p,0.015621489720052156,0.06478209052568562,0.4927309609801449,1.2938124421000001,0.0,0.041100933719855126
run_0082,visc_on_sensor_rho_beta_0p75_cfl_0p8_nx_201_mode_1,6,on,rho,0.75,0.8,201,1,0.2,completed,completed,0.2,rho,0.01365238132857757,0.05745739707937609,0.42949639018299723,1.5888580399999999,0.0,0.037099166841245035
run_0082,visc_on_sensor_rho_beta_0p75_cfl_0p8_nx_201_mode_1,6,on,rho,0.75,0.8,201,1,0.2,completed,completed,0.2,u,0.0067534796622734155,0.036933582202957636,0.35954022266226376,1.1388145386000001,0.0,0.0
run_0082,visc_on_sensor_rho_beta_0p75_cfl_0p8_nx_201_mode_1,6,on,rho,0.75,0.8,201,1,0.2,completed,completed,0.2,p,0.008694089320339122,0.05046749345694924,0.525267485180145,1.3166571400000002,0.0,0.0514815285198551
run_0083,visc_on_sensor_rho_beta_0p75_cfl_0p8_nx_501_mode_1,6,on,rho,0.75,0.8,501,1,0.2,completed,completed,0.2,rho,0.008826063331539487,0.048517800205043225,0.4372593808829973,1.5861810735999993,0.0,0.03585504604124501
run_0083,visc_on_sensor_rho_beta_0p75_cfl_0p8_nx_501_mode_1,6,on,rho,0.75,0.8,501,1,0.2,completed,completed,0.2,u,0.005174233440384714,0.04108554067537343,0.46600235433773624,1.1361604646,0.0,0.0
run_0083,visc_on_sensor_rho_beta_0p75_cfl_0p8_nx_501_mode_1,6,on,rho,0.75,0.8,501,1,0.2,completed,completed,0.2,p,0.006693411330851015,0.052718827732942584,0.6002495539801449,1.3123254204000028,0.0,0.04965929551985515
run_0084,visc_on_sensor_rho_beta_0p75_cfl_0p8_nx_1001_mode_1,6,on,rho,0.75,0.8,1001,1,0.2,completed,completed,0.2,rho,0.00654081264321136,0.042709438086079875,0.440732208058755,1.5944164823999993,0.0,0.038998503441245
run_0084,visc_on_sensor_rho_beta_0p75_cfl_0p8_nx_1001_mode_1,6,on,rho,0.75,0.8,1001,1,0.2,completed,completed,0.2,u,0.0044814293598677245,0.041802238591813486,0.5518985832377363,1.1448381956,0.0,0.0
run_0084,visc_on_sensor_rho_beta_0p75_cfl_0p8_nx_1001_mode_1,6,on,rho,0.75,0.8,1001,1,0.2,completed,completed,0.2,p,0.005657630637928256,0.05162600120851097,0.609095102480145,1.3260787296000012,0.0,0.05430890951985501
run_0085,visc_on_sensor_u_beta_0p75_cfl_0p2_nx_101_mode_1,6,on,u,0.75,0.2,101,1,0.2,completed,completed,0.2,rho,0.03327305584913496,0.0867637521272297,0.41981945518299724,1.4879867317,0.0,0.0019216714412448876
run_0085,visc_on_sensor_u_beta_0p75_cfl_0p2_nx_101_mode_1,6,on,u,0.75,0.2,101,1,0.2,completed,completed,0.2,u,0.016055741039584823,0.052484516758131504,0.29232388906226375,1.0072019632,0.0,0.0
run_0085,visc_on_sensor_u_beta_0p75_cfl_0p2_nx_101_mode_1,6,on,u,0.75,0.2,101,1,0.2,completed,completed,0.2,p,0.019210656825757944,0.06684462673569268,0.441109893880145,1.1282770624000005,0.0,0.003786287919855136
run_0086,visc_on_sensor_u_beta_0p75_cfl_0p2_nx_201_mode_1,6,on,u,0.75,0.2,201,1,0.2,completed,completed,0.2,rho,0.0185927990037729,0.06591466711431733,0.45975303508299725,1.4901202964000002,0.0,0.0029393232412449066
run_0086,visc_on_sensor_u_beta_0p75_cfl_0p2_nx_201_mode_1,6,on,u,0.75,0.2,201,1,0.2,completed,completed,0.2,u,0.009917587313650778,0.047943643513109806,0.39299491203773623,1.0074120764,0.0,0.0
run_0086,visc_on_sensor_u_beta_0p75_cfl_0p2_nx_201_mode_1,6,on,u,0.75,0.2,201,1,0.2,completed,completed,0.2,p,0.012137121081640572,0.05878683020416535,0.4825670315801449,1.1285787785999997,0.0,0.004349180519855
run_0087,visc_on_sensor_u_beta_0p75_cfl_0p2_nx_501_mode_1,6,on,u,0.75,0.2,501,1,0.2,completed,completed,0.2,rho,0.01056580965201559,0.05156107025819624,0.4605331192829972,1.4902442558000004,0.0,0.002981653541245022
run_0087,visc_on_sensor_u_beta_0p75_cfl_0p2_nx_501_mode_1,6,on,u,0.75,0.2,501,1,0.2,completed,completed,0.2,u,0.008952676359331882,0.05897626179921475,0.5510564425377362,1.0074647336,0.0,0.0
run_0087,visc_on_sensor_u_beta_0p75_cfl_0p2_nx_501_mode_1,6,on,u,0.75,0.2,501,1,0.2,completed,completed,0.2,p,0.010585019537733333,0.06647444392004785,0.585227265980145,1.1286487508000005,0.0,0.004603756119855085
run_0088,visc_on_sensor_u_beta_0p75_cfl_0p2_nx_1001_mode_1,6,on,u,0.75,0.2,1001,1,0.2,completed,completed,0.2,rho,0.007722349023032904,0.04503646288447772,0.439431129958755,1.4909937868000003,0.0,0.0029998947412448462
run_0088,visc_on_sensor_u_beta_0p75_cfl_0p2_nx_1001_mode_1,6,on,u,0.75,0.2,1001,1,0.2,completed,completed,0.2,u,0.008571678021143201,0.062005495636842003,0.5675586742377363,1.007343352,0.0,0.0
run_0088,visc_on_sensor_u_beta_0p75_cfl_0p2_nx_1001_mode_1,6,on,u,0.75,0.2,1001,1,0.2,completed,completed,0.2,p,0.009858475750410581,0.06804137791337543,0.607454620380145,1.1285192248000002,0.0,0.0046044202198549655
run_0089,visc_on_sensor_u_beta_0p75_cfl_0p5_nx_101_mode_1,6,on,u,0.75,0.5,101,1,0.2,completed,completed,0.2,rho,0.029085594858094494,0.08189076776871787,0.39990969508299723,1.5031379084999998,0.0,0.005751419541244918
run_0089,visc_on_sensor_u_beta_0p75_cfl_0p5_nx_101_mode_1,6,on,u,0.75,0.5,101,1,0.2,completed,completed,0.2,u,0.014190471219547024,0.05031802730436551,0.31020031486226374,1.0397179318,0.0,0.0
run_0089,visc_on_sensor_u_beta_0p75_cfl_0p5_nx_101_mode_1,6,on,u,0.75,0.5,101,1,0.2,completed,completed,0.2,p,0.017231591043449238,0.06561749217660752,0.46403151078014493,1.1663869705,0.0,0.01734948811985504
run_0090,visc_on_sensor_u_beta_0p75_cfl_0p5_nx_201_mode_1,6,on,u,0.75,0.5,201,1,0.2,completed,completed,0.2,rho,0.016592287459582643,0.0632542318133864,0.44482845078299726,1.5026935530000003,0.0,0.005504281941244971
run_0090,visc_on_sensor_u_beta_0p75_cfl_0p5_nx_201_mode_1,6,on,u,0.75,0.5,201,1,0.2,completed,completed,0.2,u,0.008657863333773415,0.044471757249420915,0.35161247463773626,1.038668629,0.0,0.0
run_0090,visc_on_sensor_u_beta_0p75_cfl_0p5_nx_201_mode_1,6,on,u,0.75,0.5,201,1,0.2,completed,completed,0.2,p,0.010845575117839129,0.057151284487755055,0.5101631098801449,1.1648260523999996,0.0,0.017533315519855153
run_0091,visc_on_sensor_u_beta_0p75_cfl_0p5_nx_501_mode_1,6,on,u,0.75,0.5,501,1,0.2,completed,completed,0.2,rho,0.01050273177917451,0.052993560425661126,0.4468462568829973,1.5032274632000004,0.0,0.005862684241245031
run_0091,visc_on_sensor_u_beta_0p75_cfl_0p5_nx_501_mode_1,6,on,u,0.75,0.5,501,1,0.2,completed,completed,0.2,u,0.00800676099153566,0.05529860000754926,0.5452609348377362,1.0384748514,0.0,0.0
run_0091,visc_on_sensor_u_beta_0p75_cfl_0p5_nx_501_mode_1,6,on,u,0.75,0.5,501,1,0.2,completed,completed,0.2,p,0.009724419019771594,0.06489353338401456,0.597876099480145,1.1650251336,0.0,0.017327457319854966
run_0092,visc_on_sensor_u_beta_0p75_cfl_0p5_nx_1001_mode_1,6,on,u,0.75,0.5,1001,1,0.2,completed,completed,0.2,rho,0.00792917331069587,0.04710159549509895,0.44069157295875505,1.5022656384,0.0,0.00558584284124497
run_0092,visc_on_sensor_u_beta_0p75_cfl_0p5_nx_1001_mode_1,6,on,u,0.75,0.5,1001,1,0.2,completed,completed,0.2,u,0.007633263811869618,0.057854305283144905,0.5672431779377363,1.0366298641999998,0.0,0.0
run_0092,visc_on_sensor_u_beta_0p75_cfl_0p5_nx_1001_mode_1,6,on,u,0.75,0.5,1001,1,0.2,completed,completed,0.2,p,0.009039899426429712,0.06595217718341567,0.6090438900801449,1.1627305664000005,0.0,0.016523884319854965
run_0093,visc_on_sensor_u_beta_0p75_cfl_0p8_nx_101_mode_1,6,on,u,0.75,0.8,101,1,0.2,completed,completed,0.2,rho,0.023279191251924406,0.07459853883510603,0.39489877148299724,1.577846261,0.0,0.03262032464124487
run_0093,visc_on_sensor_u_beta_0p75_cfl_0p8_nx_101_mode_1,6,on,u,0.75,0.8,101,1,0.2,completed,completed,0.2,u,0.012544154076301746,0.04914741844846328,0.33233516666226376,1.1303225558,0.0,0.0
run_0093,visc_on_sensor_u_beta_0p75_cfl_0p8_nx_101_mode_1,6,on,u,0.75,0.8,101,1,0.2,completed,completed,0.2,p,0.015507733964052136,0.06426915305951868,0.49196006018014504,1.3012176482999998,0.0,0.044819542319854966
run_0094,visc_on_sensor_u_beta_0p75_cfl_0p8_nx_201_mode_1,6,on,u,0.75,0.8,201,1,0.2,completed,completed,0.2,rho,0.013684595108490025,0.05897271586751414,0.44916925448299727,1.5885378852,0.0,0.03743615014124502
run_0094,visc_on_sensor_u_beta_0p75_cfl_0p8_nx_201_mode_1,6,on,u,0.75,0.8,201,1,0.2,completed,completed,0.2,u,0.006885691731273414,0.03766056730035481,0.36240306676226375,1.1353291222,0.0,0.0
run_0094,visc_on_sensor_u_beta_0p75_cfl_0p8_nx_201_mode_1,6,on,u,0.75,0.8,201,1,0.2,completed,completed,0.2,p,0.008882965203339128,0.05142394805071585,0.528716767480145,1.313330339799999,0.0,0.051926736319855005
run_0095,visc_on_sensor_u_beta_0p75_cfl_0p8_nx_501_mode_1,6,on,u,0.75,0.8,501,1,0.2,completed,completed,0.2,rho,0.008337497095669447,0.048364447054606324,0.45268104028299727,1.5927954694000008,0.0,0.03814529374124498
run_0095,visc_on_sensor_u_beta_0p75_cfl_0p8_nx_501_mode_1,6,on,u,0.75,0.8,501,1,0.2,completed,completed,0.2,u,0.00560771336113566,0.04400063276561339,0.49591548513773626,1.1436936842,0.0,0.0
run_0095,visc_on_sensor_u_beta_0p75_cfl_0p8_nx_501_mode_1,6,on,u,0.75,0.8,501,1,0.2,completed,completed,0.2,p,0.0071712376138510095,0.05549233414895209,0.6023396879801449,1.3236929981999985,0.0,0.05296066731985505
run_0096,visc_on_sensor_u_beta_0p75_cfl_0p8_nx_1001_mode_1,6,on,u,0.75,0.8,1001,1,0.2,completed,completed,0.2,rho,0.006033979664622795,0.041804373273833836,0.440896339058755,1.6044958980000006,0.0,0.035556733841245025
run_0096,visc_on_sensor_u_beta_0p75_cfl_0p8_nx_1001_mode_1,6,on,u,0.75,0.8,1001,1,0.2,completed,completed,0.2,u,0.0050613917622431975,0.04512440000959927,0.5605171722377362,1.1381184685999999,0.0,0.0
run_0096,visc_on_sensor_u_beta_0p75_cfl_0p8_nx_1001_mode_1,6,on,u,0.75,0.8,1001,1,0.2,completed,completed,0.2,p,0.006312827791288548,0.0549075756636567,0.609301945880145,1.313744026200001,0.0,0.04914567661985503
run_0097,visc_on_sensor_p_beta_0p75_cfl_0p2_nx_101_mode_1,6,on,p,0.75,0.2,101,1,0.2,completed,completed,0.2,rho,0.03448103527813496,0.09113116662091975,0.4811035941829972,1.4879514591000003,0.0,0.00193468084124504
run_0097,visc_on_sensor_p_beta_0p75_cfl_0p2_nx_101_mode_1,6,on,p,0.75,0.2,101,1,0.2,completed,completed,0.2,u,0.016470708883575373,0.05396012470094408,0.3074290600622637,1.0069166649,0.0,0.0
run_0097,visc_on_sensor_p_beta_0p75_cfl_0p2_nx_101_mode_1,6,on,p,0.75,0.2,101,1,0.2,completed,completed,0.2,p,0.019798131527360846,0.06950289984425088,0.46053516248014503,1.1278620136000002,0.0,0.0034331268198550813
run_0098,visc_on_sensor_p_beta_0p75_cfl_0p2_nx_201_mode_1,6,on,p,0.75,0.2,201,1,0.2,completed,completed,0.2,rho,0.019156139483102862,0.06932043007884992,0.5183744112829972,1.4898806848000001,0.0,0.0028122216412449497
run_0098,visc_on_sensor_p_beta_0p75_cfl_0p2_nx_201_mode_1,6,on,p,0.75,0.2,201,1,0.2,completed,completed,0.2,u,0.009366762721773414,0.0444667695337511,0.34367924893773627,1.0073952546,0.0,0.0
run_0098,visc_on_sensor_p_beta_0p75_cfl_0p2_nx_201_mode_1,6,on,p,0.75,0.2,201,1,0.2,completed,completed,0.2,p,0.011607610694339129,0.05653981842950132,0.4856998000801449,1.1284809924000005,0.0,0.004313015019855149
run_0099,visc_on_sensor_p_beta_0p75_cfl_0p2_nx_501_mode_1,6,on,p,0.75,0.2,501,1,0.2,completed,completed,0.2,rho,0.01027021757394758,0.05165827334221162,0.5193587432829972,1.4901063492,0.0,0.002862238441244891
run_0099,visc_on_sensor_p_beta_0p75_cfl_0p2_nx_501_mode_1,6,on,p,0.75,0.2,501,1,0.2,completed,completed,0.2,u,0.007710536278180935,0.053134699095747785,0.5371142952377362,1.0077697046,0.0,0.0
run_0099,visc_on_sensor_p_beta_0p75_cfl_0p2_nx_501_mode_1,6,on,p,0.75,0.2,501,1,0.2,completed,completed,0.2,p,0.009273057623292173,0.06089391335846611,0.576614240180145,1.1289065898000006,0.0,0.00473888431985503
run_0100,visc_on_sensor_p_beta_0p75_cfl_0p2_nx_1001_mode_1,6,on,p,0.75,0.2,1001,1,0.2,completed,completed,0.2,rho,0.007111255097664892,0.042917355746175036,0.4867457949829973,1.4929328478000001,0.0,0.0029572539412450194
run_0100,visc_on_sensor_p_beta_0p75_cfl_0p2_nx_1001_mode_1,6,on,p,0.75,0.2,1001,1,0.2,completed,completed,0.2,u,0.007206434401892255,0.05607229539071582,0.5665855596377363,1.0078667025999999,0.0,0.0
run_0100,visc_on_sensor_p_beta_0p75_cfl_0p2_nx_1001_mode_1,6,on,p,0.75,0.2,1001,1,0.2,completed,completed,0.2,p,0.008356042930229709,0.061622328940548574,0.604528253680145,1.1290105289999999,0.0,0.004847895319854967
run_0101,visc_on_sensor_p_beta_0p75_cfl_0p5_nx_101_mode_1,6,on,p,0.75,0.5,101,1,0.2,completed,completed,0.2,rho,0.0304737578315945,0.0858251041114996,0.4511738073829973,1.5022972228000002,0.0,0.00548930544124504
run_0101,visc_on_sensor_p_beta_0p75_cfl_0p5_nx_101_mode_1,6,on,p,0.75,0.5,101,1,0.2,completed,completed,0.2,u,0.014580102491292301,0.05178144757830389,0.31798290006226376,1.0381759829,0.0,0.0
run_0101,visc_on_sensor_p_beta_0p75_cfl_0p5_nx_101_mode_1,6,on,p,0.75,0.5,101,1,0.2,completed,completed,0.2,p,0.01765699590955215,0.06738289642801784,0.4738940088801449,1.1644490821999995,0.0,0.01664225151985499
run_0102,visc_on_sensor_p_beta_0p75_cfl_0p5_nx_201_mode_1,6,on,p,0.75,0.5,201,1,0.2,completed,completed,0.2,rho,0.01743716159067019,0.06642650714645497,0.49067128318299724,1.5019845192000005,0.0,0.0053640190412449495
run_0102,visc_on_sensor_p_beta_0p75_cfl_0p5_nx_201_mode_1,6,on,p,0.75,0.5,201,1,0.2,completed,completed,0.2,u,0.008268994084896052,0.04186807910728809,0.34479220136226374,1.0369507316,0.0,0.0
run_0102,visc_on_sensor_p_beta_0p75_cfl_0p5_nx_201_mode_1,6,on,p,0.75,0.5,201,1,0.2,completed,completed,0.2,p,0.010406782981339116,0.05500809578377746,0.507245555580145,1.1628849098000003,0.0,0.01673146441985507
run_0103,visc_on_sensor_p_beta_0p75_cfl_0p5_nx_501_mode_1,6,on,p,0.75,0.5,501,1,0.2,completed,completed,0.2,rho,0.0104092090927065,0.052958219878541254,0.4797902897829972,1.5030216512,0.0,0.005544056541245013
run_0103,visc_on_sensor_p_beta_0p75_cfl_0p5_nx_501_mode_1,6,on,p,0.75,0.5,501,1,0.2,completed,completed,0.2,u,0.006956586501886606,0.0502196696767523,0.5284375087377362,1.0396882334,0.0,0.0
run_0103,visc_on_sensor_p_beta_0p75_cfl_0p5_nx_501_mode_1,6,on,p,0.75,0.5,501,1,0.2,completed,completed,0.2,p,0.008582327210451011,0.059925308743135154,0.5927396846801449,1.1660224215999997,0.0,0.018021539219855054
run_0104,visc_on_sensor_p_beta_0p75_cfl_0p5_nx_1001_mode_1,6,on,p,0.75,0.5,1001,1,0.2,completed,completed,0.2,rho,0.007480390403544351,0.04537723923508065,0.45298754148299725,1.5025215566000005,0.0,0.005411906941245048
run_0104,visc_on_sensor_p_beta_0p75_cfl_0p5_nx_1001_mode_1,6,on,p,0.75,0.5,1001,1,0.2,completed,completed,0.2,u,0.006489933858694144,0.05260017515292303,0.5657221546377362,1.038711676,0.0,0.0
run_0104,visc_on_sensor_p_beta_0p75_cfl_0p5_nx_1001_mode_1,6,on,p,0.75,0.5,1001,1,0.2,completed,completed,0.2,p,0.007764465074809128,0.060343095266488164,0.608273757080145,1.1648283636000012,0.0,0.0176629530198551
run_0105,visc_on_sensor_p_beta_0p75_cfl_0p8_nx_101_mode_1,6,on,p,0.75,0.8,101,1,0.2,completed,completed,0.2,rho,0.0233438249009244,0.07505331418757107,0.41478916098299723,1.5750884590000003,0.0,0.031819005241245035
run_0105,visc_on_sensor_p_beta_0p75_cfl_0p8_nx_101_mode_1,6,on,p,0.75,0.8,101,1,0.2,completed,completed,0.2,u,0.012808861503547023,0.050291169322095174,0.33366482366226374,1.1266762416,0.0,0.0
run_0105,visc_on_sensor_p_beta_0p75_cfl_0p8_nx_101_mode_1,6,on,p,0.75,0.8,101,1,0.2,completed,completed,0.2,p,0.015754681682052147,0.06504991509757703,0.49361494948014495,1.2959298463000009,0.0,0.043698980419855094
run_0106,visc_on_sensor_p_beta_0p75_cfl_0p8_nx_201_mode_1,6,on,p,0.75,0.8,201,1,0.2,completed,completed,0.2,rho,0.01382134487749002,0.05952390509767326,0.46510391168299725,1.5891435004,0.0,0.037176271941244954
run_0106,visc_on_sensor_p_beta_0p75_cfl_0p8_nx_201_mode_1,6,on,p,0.75,0.8,201,1,0.2,completed,completed,0.2,u,0.006703058722650777,0.03658090441892116,0.35687947756226374,1.1390201625999998,0.0,0.0
run_0106,visc_on_sensor_p_beta_0p75_cfl_0p8_nx_201_mode_1,6,on,p,0.75,0.8,201,1,0.2,completed,completed,0.2,p,0.008617701276339129,0.04990896060610208,0.5220531787801449,1.3170628928,0.0,0.05165706761985511
run_0107,visc_on_sensor_p_beta_0p75_cfl_0p8_nx_501_mode_1,6,on,p,0.75,0.8,501,1,0.2,completed,completed,0.2,rho,0.008151091929434428,0.047604106037634916,0.4682825503829974,1.5811118848000003,0.0,0.03384000944124499
run_0107,visc_on_sensor_p_beta_0p75_cfl_0p8_nx_501_mode_1,6,on,p,0.75,0.8,501,1,0.2,completed,completed,0.2,u,0.005016629607584714,0.04013013669866067,0.45830109193773627,1.1308833074,0.0,0.0
run_0107,visc_on_sensor_p_beta_0p75_cfl_0p8_nx_501_mode_1,6,on,p,0.75,0.8,501,1,0.2,completed,completed,0.2,p,0.0064967045364510085,0.05160223336115095,0.5987809933801449,1.3039381116,0.0,0.04674509011985495
run_0108,visc_on_sensor_p_beta_0p75_cfl_0p8_nx_1001_mode_1,6,on,p,0.75,0.8,1001,1,0.2,completed,completed,0.2,rho,0.0056698547020063,0.04020209050609303,0.44059852485875495,1.5988853216000005,0.0,0.038492006741244866
run_0108,visc_on_sensor_p_beta_0p75_cfl_0p8_nx_1001_mode_1,6,on,p,0.75,0.8,1001,1,0.2,completed,completed,0.2,u,0.004298182483918669,0.04072157938837781,0.5489748631377362,1.1447532768,0.0,0.0
run_0108,visc_on_sensor_p_beta_0p75_cfl_0p8_nx_1001_mode_1,6,on,p,0.75,0.8,1001,1,0.2,completed,completed,0.2,p,0.0054404564430679675,0.0503468122124647,0.608926613280145,1.325189721800002,0.0,0.05359576851985515
run_0109,visc_on_sensor_rho_beta_1_cfl_0p2_nx_101_mode_1,6,on,rho,1.0,0.2,101,1,0.2,completed,completed,0.2,rho,0.035900778077000324,0.08872479412649516,0.43511043165875507,1.4750225673,0.0,0.0
run_0109,visc_on_sensor_rho_beta_1_cfl_0p2_nx_101_mode_1,6,on,rho,1.0,0.2,101,1,0.2,completed,completed,0.2,u,0.0175129365448679,0.05271478462912594,0.27383480276226374,1.0024130932,0.0,0.0
run_0109,visc_on_sensor_rho_beta_1_cfl_0p2_nx_101_mode_1,6,on,rho,1.0,0.2,101,1,0.2,completed,completed,0.2,p,0.020582534053772437,0.06532324983276501,0.41690839168014504,1.1237851946,0.0,0.0010356752198550367
run_0110,visc_on_sensor_rho_beta_1_cfl_0p2_nx_201_mode_1,6,on,rho,1.0,0.2,201,1,0.2,completed,completed,0.2,rho,0.021489205686035545,0.06932484015653474,0.40713765585875494,1.4879401344,0.0,0.0027999806412448702
run_0110,visc_on_sensor_rho_beta_1_cfl_0p2_nx_201_mode_1,6,on,rho,1.0,0.2,201,1,0.2,completed,completed,0.2,u,0.009464681658179125,0.04156221168943825,0.3162572168377362,1.0004303042,0.0,0.0
run_0110,visc_on_sensor_rho_beta_1_cfl_0p2_nx_201_mode_1,6,on,rho,1.0,0.2,201,1,0.2,completed,completed,0.2,p,0.011504731558044917,0.05229968520847384,0.44807812158014504,1.1210699354000004,0.0,0.0007615357198551553
run_0111,visc_on_sensor_rho_beta_1_cfl_0p2_nx_501_mode_1,6,on,rho,1.0,0.2,501,1,0.2,completed,completed,0.2,rho,0.012884041042660731,0.05544228796390107,0.4167688508829973,1.4880385509999998,0.0,0.0028423591412449767
run_0111,visc_on_sensor_rho_beta_1_cfl_0p2_nx_501_mode_1,6,on,rho,1.0,0.2,501,1,0.2,completed,completed,0.2,u,0.007248353279282825,0.04971000020662496,0.5224318659377363,1.000525173,0.0,0.0
run_0111,visc_on_sensor_rho_beta_1_cfl_0p2_nx_501_mode_1,6,on,rho,1.0,0.2,501,1,0.2,completed,completed,0.2,p,0.00875256903325391,0.05707770185278834,0.5568960871801449,1.1211698125999998,0.0,0.0009622072198549603
run_0112,visc_on_sensor_rho_beta_1_cfl_0p2_nx_1001_mode_1,6,on,rho,1.0,0.2,1001,1,0.2,completed,completed,0.2,rho,0.00936500876889151,0.04815222639233519,0.43641345615875515,1.4880222316,0.0,0.002832239041244966
run_0112,visc_on_sensor_rho_beta_1_cfl_0p2_nx_1001_mode_1,6,on,rho,1.0,0.2,1001,1,0.2,completed,completed,0.2,u,0.006794912968943199,0.05363190236447704,0.5648980369377363,1.0006122372,0.0,0.0
run_0112,visc_on_sensor_rho_beta_1_cfl_0p2_nx_1001_mode_1,6,on,rho,1.0,0.2,1001,1,0.2,completed,completed,0.2,p,0.007912193195550287,0.05890762122996857,0.598969068480145,1.1212621349999994,0.0,0.001078798619855048
run_0113,visc_on_sensor_rho_beta_1_cfl_0p5_nx_101_mode_1,6,on,rho,1.0,0.5,101,1,0.2,completed,completed,0.2,rho,0.030090238655284752,0.08190805928049401,0.40522050875875504,1.490630021,0.0,0.002248416741244874
run_0113,visc_on_sensor_rho_beta_1_cfl_0p5_nx_101_mode_1,6,on,rho,1.0,0.5,101,1,0.2,completed,completed,0.2,u,0.014970441956820646,0.05053188164296811,0.29138085366226374,1.0148923713,0.0,0.0
run_0113,visc_on_sensor_rho_beta_1_cfl_0p5_nx_101_mode_1,6,on,rho,1.0,0.5,101,1,0.2,completed,completed,0.2,p,0.01775956226575794,0.06390221549237529,0.4398501270801449,1.1366920893999994,0.0,0.00738358071985501
run_0114,visc_on_sensor_rho_beta_1_cfl_0p5_nx_201_mode_1,6,on,rho,1.0,0.5,201,1,0.2,completed,completed,0.2,rho,0.01858689742592776,0.06524925593055021,0.4122307589829972,1.4920837964000002,0.0,0.003108170041244973
run_0114,visc_on_sensor_rho_beta_1_cfl_0p5_nx_201_mode_1,6,on,rho,1.0,0.5,201,1,0.2,completed,completed,0.2,u,0.008302752048773414,0.04034913553346849,0.32061688026226376,1.0136770136,0.0,0.0
run_0114,visc_on_sensor_rho_beta_1_cfl_0p5_nx_201_mode_1,6,on,rho,1.0,0.5,201,1,0.2,completed,completed,0.2,p,0.010302173634537672,0.05215459203240981,0.47719562958014494,1.1353910412000001,0.0,0.007213388219855066
run_0115,visc_on_sensor_rho_beta_1_cfl_0p5_nx_501_mode_1,6,on,rho,1.0,0.5,501,1,0.2,completed,completed,0.2,rho,0.011739377503749608,0.05408200515935448,0.42627401808299725,1.4924155690000003,0.0,0.003182516841244931
run_0115,visc_on_sensor_rho_beta_1_cfl_0p5_nx_501_mode_1,6,on,rho,1.0,0.5,501,1,0.2,completed,completed,0.2,u,0.00693986849233188,0.04960418335090222,0.5259541843377362,1.014528709,0.0,0.0
run_0115,visc_on_sensor_rho_beta_1_cfl_0p5_nx_501_mode_1,6,on,rho,1.0,0.5,501,1,0.2,completed,completed,0.2,p,0.008508846278251011,0.05846766724049392,0.5822515096801449,1.1363710298000007,0.0,0.007942886319854958
run_0116,visc_on_sensor_rho_beta_1_cfl_0p5_nx_1001_mode_1,6,on,rho,1.0,0.5,1001,1,0.2,completed,completed,0.2,rho,0.008793881927235948,0.04784134925148298,0.43889084865875505,1.4922498509999986,0.0,0.0031897583412450192
run_0116,visc_on_sensor_rho_beta_1_cfl_0p5_nx_1001_mode_1,6,on,rho,1.0,0.5,1001,1,0.2,completed,completed,0.2,u,0.006583026898392254,0.052938790218403274,0.5655156004377362,1.0140252,0.0,0.0
run_0116,visc_on_sensor_rho_beta_1_cfl_0p5_nx_1001_mode_1,6,on,rho,1.0,0.5,1001,1,0.2,completed,completed,0.2,p,0.007815644548309129,0.059966627628788904,0.6067730243801449,1.1358256519999976,0.0,0.007708058419855002
run_0117,visc_on_sensor_rho_beta_1_cfl_0p8_nx_101_mode_1,6,on,rho,1.0,0.8,101,1,0.2,completed,completed,0.2,rho,0.02314350392673414,0.07282757102858416,0.3611721953829973,1.5414287929000001,0.0,0.020820531841244883
run_0117,visc_on_sensor_rho_beta_1_cfl_0p8_nx_101_mode_1,6,on,rho,1.0,0.8,101,1,0.2,completed,completed,0.2,u,0.012709031613782847,0.05019920164735464,0.3273396137622637,1.0836484308999998,0.0,0.0
run_0117,visc_on_sensor_rho_beta_1_cfl_0p8_nx_101_mode_1,6,on,rho,1.0,0.8,101,1,0.2,completed,completed,0.2,p,0.015492522049052142,0.06492744106175233,0.48572021118014486,1.2334117285000001,0.0,0.02719210491985513
run_0118,visc_on_sensor_rho_beta_1_cfl_0p8_nx_201_mode_1,6,on,rho,1.0,0.8,201,1,0.2,completed,completed,0.2,rho,0.014623740008407543,0.05954957685230299,0.4288397531829973,1.5449938666,0.0,0.02320681164124494
run_0118,visc_on_sensor_rho_beta_1_cfl_0p8_nx_201_mode_1,6,on,rho,1.0,0.8,201,1,0.2,completed,completed,0.2,u,0.00697877385901869,0.037940283321976194,0.35749959966226375,1.0819110006,0.0,0.0
run_0118,visc_on_sensor_rho_beta_1_cfl_0p8_nx_201_mode_1,6,on,rho,1.0,0.8,201,1,0.2,completed,completed,0.2,p,0.008912040287140571,0.05164018225840514,0.522787832880145,1.2340581356000002,0.0,0.03073142891985503
run_0119,visc_on_sensor_rho_beta_1_cfl_0p8_nx_501_mode_1,6,on,rho,1.0,0.8,501,1,0.2,completed,completed,0.2,rho,0.009551626860539487,0.050533210440751666,0.43790398298299726,1.5460958903999997,0.0,0.023503486441244892
run_0119,visc_on_sensor_rho_beta_1_cfl_0p8_nx_501_mode_1,6,on,rho,1.0,0.8,501,1,0.2,completed,completed,0.2,u,0.005590211083233769,0.04354175106873214,0.48545477133773624,1.0845385578,0.0,0.0
run_0119,visc_on_sensor_rho_beta_1_cfl_0p8_nx_501_mode_1,6,on,rho,1.0,0.8,501,1,0.2,completed,completed,0.2,p,0.007164218317692173,0.05519540269729438,0.6001675356801449,1.2371729350000011,0.0,0.031183044719855113
run_0120,visc_on_sensor_rho_beta_1_cfl_0p8_nx_1001_mode_1,6,on,rho,1.0,0.8,1001,1,0.2,completed,completed,0.2,rho,0.007189998435745369,0.044787928162202804,0.440764763058755,1.5488919414000026,0.0,0.024345053341245038
run_0120,visc_on_sensor_rho_beta_1_cfl_0p8_nx_1001_mode_1,6,on,rho,1.0,0.8,1001,1,0.2,completed,completed,0.2,u,0.005026476041043198,0.04491650634944653,0.5581660076377363,1.0889611724000001,0.0,0.0
run_0120,visc_on_sensor_rho_beta_1_cfl_0p8_nx_1001_mode_1,6,on,rho,1.0,0.8,1001,1,0.2,completed,completed,0.2,p,0.0062876026322885486,0.05477458588780234,0.609136131380145,1.2430633159999989,0.0,0.03241594031985495
run_0121,visc_on_sensor_u_beta_1_cfl_0p2_nx_101_mode_1,6,on,u,1.0,0.2,101,1,0.2,completed,completed,0.2,rho,0.03674435351899017,0.09068377897277254,0.42906578308299725,1.4840517085,0.0,0.0009192795412449328
run_0121,visc_on_sensor_u_beta_1_cfl_0p2_nx_101_mode_1,6,on,u,1.0,0.2,101,1,0.2,completed,completed,0.2,u,0.017227278649358448,0.05260148940790145,0.27610235656226373,1.0000920154,0.0,0.0
run_0121,visc_on_sensor_u_beta_1_cfl_0p2_nx_101_mode_1,6,on,u,1.0,0.2,101,1,0.2,completed,completed,0.2,p,0.020309351405978247,0.06579360237003236,0.41990466968014495,1.1206594192,0.0,0.0007333085198550915
run_0122,visc_on_sensor_u_beta_1_cfl_0p2_nx_201_mode_1,6,on,u,1.0,0.2,201,1,0.2,completed,completed,0.2,rho,0.020465193814705573,0.06835124508192623,0.46297578058299727,1.4879622838,0.0,0.0028371251412449006
run_0122,visc_on_sensor_u_beta_1_cfl_0p2_nx_201_mode_1,6,on,u,1.0,0.2,201,1,0.2,completed,completed,0.2,u,0.010120555521792312,0.045900979518734134,0.37237616513773625,1.0003449066,0.0,0.0
run_0122,visc_on_sensor_u_beta_1_cfl_0p2_nx_201_mode_1,6,on,u,1.0,0.2,201,1,0.2,completed,completed,0.2,p,0.01229217638904492,0.056190500365501626,0.456844434480145,1.1210240960000002,0.0,0.0007848902198550611
run_0123,visc_on_sensor_u_beta_1_cfl_0p2_nx_501_mode_1,6,on,u,1.0,0.2,501,1,0.2,completed,completed,0.2,rho,0.011012198947388665,0.051720120193254775,0.46329136058299725,1.4882104637999998,0.0,0.002916233941244961
run_0123,visc_on_sensor_u_beta_1_cfl_0p2_nx_501_mode_1,6,on,u,1.0,0.2,501,1,0.2,completed,completed,0.2,u,0.008436581016433771,0.0556704322738464,0.5412133459377362,1.0005652416,0.0,0.0
run_0123,visc_on_sensor_u_beta_1_cfl_0p2_nx_501_mode_1,6,on,u,1.0,0.2,501,1,0.2,completed,completed,0.2,p,0.010025393211174492,0.062861648888224,0.569851254380145,1.1212668598,0.0,0.0009903248198550596
run_0124,visc_on_sensor_u_beta_1_cfl_0p2_nx_1001_mode_1,6,on,u,1.0,0.2,1001,1,0.2,completed,completed,0.2,rho,0.007749735866185434,0.04430024751568823,0.436838393758755,1.4882086096,0.0,0.002915431241244937
run_0124,visc_on_sensor_u_beta_1_cfl_0p2_nx_1001_mode_1,6,on,u,1.0,0.2,1001,1,0.2,completed,completed,0.2,u,0.007994264569818674,0.05911143780903677,0.5667529824377362,1.0005646216,0.0,0.0
run_0124,visc_on_sensor_u_beta_1_cfl_0p2_nx_1001_mode_1,6,on,u,1.0,0.2,1001,1,0.2,completed,completed,0.2,p,0.009226083534231157,0.06478946102163544,0.6041813042801449,1.121263929,0.0,0.001061012819855156
run_0125,visc_on_sensor_u_beta_1_cfl_0p5_nx_101_mode_1,6,on,u,1.0,0.5,101,1,0.2,completed,completed,0.2,rho,0.03154976470728475,0.08475658200369561,0.41317177198299726,1.491411671,0.0,0.0028877762412449215
run_0125,visc_on_sensor_u_beta_1_cfl_0p5_nx_101_mode_1,6,on,u,1.0,0.5,101,1,0.2,completed,completed,0.2,u,0.014974972883065922,0.050696623528123916,0.2975448460622637,1.0131580445,0.0,0.0
run_0125,visc_on_sensor_u_beta_1_cfl_0p5_nx_101_mode_1,6,on,u,1.0,0.5,101,1,0.2,completed,completed,0.2,p,0.017995704423052154,0.0651717776708224,0.44781559318014486,1.1349189170999998,0.0,0.006653375619855018
run_0126,visc_on_sensor_u_beta_1_cfl_0p5_nx_201_mode_1,6,on,u,1.0,0.5,201,1,0.2,completed,completed,0.2,rho,0.01781156411751532,0.0650403499880928,0.4530623203829973,1.4923077954,0.0,0.0032626369412449563
run_0126,visc_on_sensor_u_beta_1_cfl_0p5_nx_201_mode_1,6,on,u,1.0,0.5,201,1,0.2,completed,completed,0.2,u,0.008926108410518689,0.04409788813081115,0.35122945303773623,1.0135194418,0.0,0.0
run_0126,visc_on_sensor_u_beta_1_cfl_0p5_nx_201_mode_1,6,on,u,1.0,0.5,201,1,0.2,completed,completed,0.2,p,0.011092706256037676,0.0560691932026646,0.491265627180145,1.1353301178000001,0.0,0.007202199719855029
run_0127,visc_on_sensor_u_beta_1_cfl_0p5_nx_501_mode_1,6,on,u,1.0,0.5,501,1,0.2,completed,completed,0.2,rho,0.010908581680712556,0.05335624053247823,0.4501598459829973,1.4922758960000007,0.0,0.0032542974412450576
run_0127,visc_on_sensor_u_beta_1_cfl_0p5_nx_501_mode_1,6,on,u,1.0,0.5,501,1,0.2,completed,completed,0.2,u,0.007961120109531882,0.05465137950885949,0.5420712292377363,1.0133808314000001,0.0,0.0
run_0127,visc_on_sensor_u_beta_1_cfl_0p5_nx_501_mode_1,6,on,u,1.0,0.5,501,1,0.2,completed,completed,0.2,p,0.009636340938092172,0.06358773952610025,0.590444631880145,1.1351592214,0.0,0.007338780719855054
run_0128,visc_on_sensor_u_beta_1_cfl_0p5_nx_1001_mode_1,6,on,u,1.0,0.5,1001,1,0.2,completed,completed,0.2,rho,0.008079134127347383,0.04695645084748821,0.44005818505875505,1.4924206157999995,0.0,0.0032779695412450405
run_0128,visc_on_sensor_u_beta_1_cfl_0p5_nx_1001_mode_1,6,on,u,1.0,0.5,1001,1,0.2,completed,completed,0.2,u,0.007597931446467728,0.057607886087188295,0.5669712904377362,1.013844177,0.0,0.0
run_0128,visc_on_sensor_u_beta_1_cfl_0p5_nx_1001_mode_1,6,on,u,1.0,0.5,1001,1,0.2,completed,completed,0.2,p,0.008947664407529709,0.06501675826605896,0.6082454469801449,1.135694351400001,0.0,0.007625284719855019
run_0129,visc_on_sensor_u_beta_1_cfl_0p8_nx_101_mode_1,6,on,u,1.0,0.8,101,1,0.2,completed,completed,0.2,rho,0.024318637027749303,0.07581026893908452,0.3903782710829973,1.5445109859999997,0.0,0.022612923941244922
run_0129,visc_on_sensor_u_beta_1_cfl_0p8_nx_101_mode_1,6,on,u,1.0,0.8,101,1,0.2,completed,completed,0.2,u,0.012563026147037571,0.04921770253873254,0.32655284656226374,1.0858016286,0.0,0.0
run_0129,visc_on_sensor_u_beta_1_cfl_0p8_nx_101_mode_1,6,on,u,1.0,0.8,101,1,0.2,completed,completed,0.2,p,0.015408540551155049,0.06433652427802285,0.484735110980145,1.2373823236000003,0.0,0.029837012919855077
run_0130,visc_on_sensor_u_beta_1_cfl_0p8_nx_201_mode_1,6,on,u,1.0,0.8,201,1,0.2,completed,completed,0.2,rho,0.013733580567490019,0.05860210684835248,0.44664617978299725,1.5457873984000003,0.0,0.02326520404124488
run_0130,visc_on_sensor_u_beta_1_cfl_0p8_nx_201_mode_1,6,on,u,1.0,0.8,201,1,0.2,completed,completed,0.2,u,0.0071330005958960534,0.03896266301174814,0.36066247546226377,1.0841886440000001,0.0,0.0
run_0130,visc_on_sensor_u_beta_1_cfl_0p8_nx_201_mode_1,6,on,u,1.0,0.8,201,1,0.2,completed,completed,0.2,p,0.00913718847064057,0.05283949866033856,0.5266067807801449,1.2365442678000003,0.0,0.030771444119854996
run_0131,visc_on_sensor_u_beta_1_cfl_0p8_nx_501_mode_1,6,on,u,1.0,0.8,501,1,0.2,completed,completed,0.2,rho,0.008509021604566413,0.048570127210015836,0.4453467594829973,1.5408475332,0.0,0.020772900141244888
run_0131,visc_on_sensor_u_beta_1_cfl_0p8_nx_501_mode_1,6,on,u,1.0,0.8,501,1,0.2,completed,completed,0.2,u,0.00618006745483377,0.04679972998878725,0.5119293551377362,1.0790634308,0.0,0.0
run_0131,visc_on_sensor_u_beta_1_cfl_0p8_nx_501_mode_1,6,on,u,1.0,0.8,501,1,0.2,completed,completed,0.2,p,0.007824243458492171,0.05828697393496681,0.6023564619801449,1.2282544840000007,0.0,0.02707475071985499
run_0132,visc_on_sensor_u_beta_1_cfl_0p8_nx_1001_mode_1,6,on,u,1.0,0.8,1001,1,0.2,completed,completed,0.2,rho,0.006364769267440304,0.042982088110328234,0.4409180154587551,1.5442909554000006,0.0,0.021971764541244942
run_0132,visc_on_sensor_u_beta_1_cfl_0p8_nx_1001_mode_1,6,on,u,1.0,0.8,1001,1,0.2,completed,completed,0.2,u,0.005696706125992253,0.04848755451741271,0.5636884508377362,1.0843478382000002,0.0,0.0
run_0132,visc_on_sensor_u_beta_1_cfl_0p8_nx_1001_mode_1,6,on,u,1.0,0.8,1001,1,0.2,completed,completed,0.2,p,0.007035305132248839,0.0583266406140443,0.609329261580145,1.2353721950000005,0.0,0.028831285419855135
run_0133,visc_on_sensor_p_beta_1_cfl_0p2_nx_101_mode_1,6,on,p,1.0,0.2,101,1,0.2,completed,completed,0.2,rho,0.0386861898801501,0.09633032837542807,0.4835296985829972,1.4840445841999998,0.0,0.0009279634412449056
run_0133,visc_on_sensor_p_beta_1_cfl_0p2_nx_101_mode_1,6,on,p,1.0,0.2,101,1,0.2,completed,completed,0.2,u,0.017970334508103723,0.055372429161659506,0.29961444776226376,1.0000178785,0.0,0.0
run_0133,visc_on_sensor_p_beta_1_cfl_0p2_nx_101_mode_1,6,on,p,1.0,0.2,101,1,0.2,completed,completed,0.2,p,0.021368956416978235,0.07039398690809831,0.45051985408014494,1.1204609466000002,0.0,0.000674056919855115
run_0134,visc_on_sensor_p_beta_1_cfl_0p2_nx_201_mode_1,6,on,p,1.0,0.2,201,1,0.2,completed,completed,0.2,rho,0.021178293218035542,0.07210103509368172,0.5145618447829973,1.4877069088000003,0.0,0.002716663841245026
run_0134,visc_on_sensor_p_beta_1_cfl_0p2_nx_201_mode_1,6,on,p,1.0,0.2,201,1,0.2,completed,completed,0.2,u,0.009753786448292313,0.04326828096615827,0.3195665528377363,1.0002477392,0.0,0.0
run_0134,visc_on_sensor_p_beta_1_cfl_0p2_nx_201_mode_1,6,on,p,1.0,0.2,201,1,0.2,completed,completed,0.2,p,0.012002350071044929,0.05514500059473409,0.468781095180145,1.1208338816000003,0.0,0.0007408948198550647
run_0135,visc_on_sensor_p_beta_1_cfl_0p2_nx_501_mode_1,6,on,p,1.0,0.2,501,1,0.2,completed,completed,0.2,rho,0.01075020626052065,0.05201177740975303,0.5141876258829973,1.4879744351999995,0.0,0.0027952798412449464
run_0135,visc_on_sensor_p_beta_1_cfl_0p2_nx_501_mode_1,6,on,p,1.0,0.2,501,1,0.2,completed,completed,0.2,u,0.007191168435282825,0.04932253302623678,0.5189270588377363,1.000550338,0.0,0.0
run_0135,visc_on_sensor_p_beta_1_cfl_0p2_nx_501_mode_1,6,on,p,1.0,0.2,501,1,0.2,completed,completed,0.2,p,0.008732892425853908,0.057084817828109605,0.5594191723801449,1.1211795541999998,0.0,0.0009572416198551092
run_0136,visc_on_sensor_p_beta_1_cfl_0p2_nx_1001_mode_1,6,on,p,1.0,0.2,1001,1,0.2,completed,completed,0.2,rho,0.007138591708899914,0.04221818662493768,0.4864443489829974,1.4879861136000003,0.0,0.0027951918412449928
run_0136,visc_on_sensor_p_beta_1_cfl_0p2_nx_1001_mode_1,6,on,p,1.0,0.2,1001,1,0.2,completed,completed,0.2,u,0.006524674164267726,0.05228926906387218,0.5640804024377363,1.0005893957999998,0.0,0.0
run_0136,visc_on_sensor_p_beta_1_cfl_0p2_nx_1001_mode_1,6,on,p,1.0,0.2,1001,1,0.2,completed,completed,0.2,p,0.0076261315318502864,0.05757602552442378,0.597574612380145,1.121221589600001,0.0,0.001039791319854988
run_0137,visc_on_sensor_p_beta_1_cfl_0p5_nx_101_mode_1,6,on,p,1.0,0.5,101,1,0.2,completed,completed,0.2,rho,0.032588412392284744,0.08821968415506874,0.46151377208299726,1.4910545274,0.0,0.0027727667412449364
run_0137,visc_on_sensor_p_beta_1_cfl_0p5_nx_101_mode_1,6,on,p,1.0,0.5,101,1,0.2,completed,completed,0.2,u,0.015374666384056476,0.05245471832673892,0.3079248439622638,1.0126539652,0.0,0.0
run_0137,visc_on_sensor_p_beta_1_cfl_0p5_nx_101_mode_1,6,on,p,1.0,0.5,101,1,0.2,completed,completed,0.2,p,0.018487824681655052,0.06744706832339858,0.4611288845801449,1.1342599746999995,0.0,0.006299042319855008
run_0138,visc_on_sensor_p_beta_1_cfl_0p5_nx_201_mode_1,6,on,p,1.0,0.5,201,1,0.2,completed,completed,0.2,rho,0.018364694643515322,0.06766071617446866,0.4974147634829972,1.4921020886000003,0.0,0.0031284726412450503
run_0138,visc_on_sensor_p_beta_1_cfl_0p5_nx_201_mode_1,6,on,p,1.0,0.5,201,1,0.2,completed,completed,0.2,u,0.00851387428001869,0.04148776016965727,0.33037870696226374,1.0136934844,0.0,0.0
run_0138,visc_on_sensor_p_beta_1_cfl_0p5_nx_201_mode_1,6,on,p,1.0,0.5,201,1,0.2,completed,completed,0.2,p,0.010634984942537675,0.05400254711037931,0.489418366380145,1.1354452577999994,0.0,0.007326741719855034
run_0139,visc_on_sensor_p_beta_1_cfl_0p5_nx_501_mode_1,6,on,p,1.0,0.5,501,1,0.2,completed,completed,0.2,rho,0.010645318855609529,0.052956928780561095,0.48629102748299735,1.492362622,0.0,0.003158729341244948
run_0139,visc_on_sensor_p_beta_1_cfl_0p5_nx_501_mode_1,6,on,p,1.0,0.5,501,1,0.2,completed,completed,0.2,u,0.00683194791333188,0.048980620698436186,0.5222024791377362,1.0144116094,0.0,0.0
run_0139,visc_on_sensor_p_beta_1_cfl_0p5_nx_501_mode_1,6,on,p,1.0,0.5,501,1,0.2,completed,completed,0.2,p,0.008409046386851011,0.05803452209149163,0.582205817280145,1.136229873,0.0,0.00785699161985498
run_0140,visc_on_sensor_p_beta_1_cfl_0p5_nx_1001_mode_1,6,on,p,1.0,0.5,1001,1,0.2,completed,completed,0.2,rho,0.007485932529679372,0.04476513717353047,0.4614972801829973,1.4923377909999984,0.0,0.003147742241244922
run_0140,visc_on_sensor_p_beta_1_cfl_0p5_nx_1001_mode_1,6,on,p,1.0,0.5,1001,1,0.2,completed,completed,0.2,u,0.0063174253170167815,0.05163015314581974,0.5648200263377363,1.0144545068,0.0,0.0
run_0140,visc_on_sensor_p_beta_1_cfl_0p5_nx_1001_mode_1,6,on,p,1.0,0.5,1001,1,0.2,completed,completed,0.2,p,0.007523025065748836,0.05859521963680153,0.6062025273801449,1.1362571685999994,0.0,0.007953043219855127
run_0141,visc_on_sensor_p_beta_1_cfl_0p8_nx_101_mode_1,6,on,p,1.0,0.8,101,1,0.2,completed,completed,0.2,rho,0.024547126008409248,0.07707182231111048,0.41953721238299724,1.5447536698,0.0,0.02275613074124494
run_0141,visc_on_sensor_p_beta_1_cfl_0p8_nx_101_mode_1,6,on,p,1.0,0.8,101,1,0.2,completed,completed,0.2,u,0.012829450530782846,0.05059984476293371,0.32908137516226377,1.0856203227,0.0,0.0
run_0141,visc_on_sensor_p_beta_1_cfl_0p8_nx_101_mode_1,6,on,p,1.0,0.8,101,1,0.2,completed,completed,0.2,p,0.015657619252846356,0.06541635515339247,0.487897232980145,1.2373572977,0.0,0.03012017041985504
run_0142,visc_on_sensor_p_beta_1_cfl_0p8_nx_201_mode_1,6,on,p,1.0,0.8,201,1,0.2,completed,completed,0.2,rho,0.01473727645931999,0.061463788531539124,0.4612501704829972,1.5458183491999997,0.0,0.02359623574124492
run_0142,visc_on_sensor_p_beta_1_cfl_0p8_nx_201_mode_1,6,on,p,1.0,0.8,201,1,0.2,completed,completed,0.2,u,0.0069299001965186895,0.03763932766972127,0.35552128236226377,1.0822615648,0.0,0.0
run_0142,visc_on_sensor_p_beta_1_cfl_0p8_nx_201_mode_1,6,on,p,1.0,0.8,201,1,0.2,completed,completed,0.2,p,0.008834349264140572,0.05118665327648108,0.520393712380145,1.2349693775999997,0.0,0.031360088519855056
run_0143,visc_on_sensor_p_beta_1_cfl_0p8_nx_501_mode_1,6,on,p,1.0,0.8,501,1,0.2,completed,completed,0.2,rho,0.008756375348034424,0.04930293593098616,0.4624072026829973,1.5480657227999983,0.0,0.024205292241245013
run_0143,visc_on_sensor_p_beta_1_cfl_0p8_nx_501_mode_1,6,on,p,1.0,0.8,501,1,0.2,completed,completed,0.2,u,0.00538937697483377,0.04246517023076413,0.47747451843773625,1.0868497158,0.0,0.0
run_0143,visc_on_sensor_p_beta_1_cfl_0p8_nx_501_mode_1,6,on,p,1.0,0.8,501,1,0.2,completed,completed,0.2,p,0.0069173938524921715,0.05398863150719637,0.598733478180145,1.2406967227999997,0.0,0.03224608741985513
run_0144,visc_on_sensor_p_beta_1_cfl_0p8_nx_1001_mode_1,6,on,p,1.0,0.8,1001,1,0.2,completed,completed,0.2,rho,0.0062320879059062995,0.04211180951500164,0.44063954135875494,1.5475527381999998,0.0,0.02309589634124487
run_0144,visc_on_sensor_p_beta_1_cfl_0p8_nx_1001_mode_1,6,on,p,1.0,0.8,1001,1,0.2,completed,completed,0.2,u,0.0048123232642922524,0.04366992461966818,0.5558395819377362,1.0875364594,0.0,0.0
run_0144,visc_on_sensor_p_beta_1_cfl_0p8_nx_1001_mode_1,6,on,p,1.0,0.8,1001,1,0.2,completed,completed,0.2,p,0.006035452170328257,0.053343572982650564,0.608978310880145,1.2402078209999967,0.0,0.030601289919855112
run_0145,visc_on_sensor_rho_beta_1p5_cfl_0p2_nx_101_mode_1,6,on,rho,1.5,0.2,101,1,0.2,completed,completed,0.2,rho,0.042112309341180425,0.09555490415263665,0.45999656745875506,1.4500027706000003,0.0,0.0
run_0145,visc_on_sensor_rho_beta_1p5_cfl_0p2_nx_101_mode_1,6,on,rho,1.5,0.2,101,1,0.2,completed,completed,0.2,u,0.0204452534264057,0.055623066911953914,0.2844609127,1.0010036339,0.0,0.0
run_0145,visc_on_sensor_rho_beta_1p5_cfl_0p2_nx_101_mode_1,6,on,rho,1.5,0.2,101,1,0.2,completed,completed,0.2,p,0.02363306752550722,0.06623227034049728,0.38593615338014486,1.1222091958999996,0.0,0.0012597707198549468
run_0146,visc_on_sensor_rho_beta_1p5_cfl_0p2_nx_201_mode_1,6,on,rho,1.5,0.2,201,1,0.2,completed,completed,0.2,rho,0.024463811074730883,0.07338543400345444,0.43248792015875503,1.4868854388000003,0.0,0.0023485879412450394
run_0146,visc_on_sensor_rho_beta_1p5_cfl_0p2_nx_201_mode_1,6,on,rho,1.5,0.2,201,1,0.2,completed,completed,0.2,u,0.010410958988943297,0.040193953199797676,0.27107625346226377,1.0000367911999999,0.0,0.0
run_0146,visc_on_sensor_rho_beta_1p5_cfl_0p2_nx_201_mode_1,6,on,rho,1.5,0.2,201,1,0.2,completed,completed,0.2,p,0.012406553051956508,0.04995158292837278,0.41321963138014484,1.1206301088,0.0,0.0007492644198550114
run_0147,visc_on_sensor_rho_beta_1p5_cfl_0p2_nx_501_mode_1,6,on,rho,1.5,0.2,501,1,0.2,completed,completed,0.2,rho,0.01377315209310384,0.056509787254414516,0.43573448945875515,1.4877661582000004,0.0,0.0027757898412450466
run_0147,visc_on_sensor_rho_beta_1p5_cfl_0p2_nx_501_mode_1,6,on,rho,1.5,0.2,501,1,0.2,completed,completed,0.2,u,0.006473665389735658,0.042828042078455184,0.47764548903773624,1.0000378272,0.0,0.0
run_0147,visc_on_sensor_rho_beta_1p5_cfl_0p2_nx_501_mode_1,6,on,rho,1.5,0.2,501,1,0.2,completed,completed,0.2,p,0.007943338802336228,0.05039183028181985,0.5205801044801449,1.1206019936000002,0.0,0.0007569893198551281
run_0148,visc_on_sensor_rho_beta_1p5_cfl_0p2_nx_1001_mode_1,6,on,rho,1.5,0.2,1001,1,0.2,completed,completed,0.2,rho,0.009578627709879063,0.04787938056750645,0.45014263465875504,1.4877096203999995,0.0,0.0027551965412448975
run_0148,visc_on_sensor_rho_beta_1p5_cfl_0p2_nx_1001_mode_1,6,on,rho,1.5,0.2,1001,1,0.2,completed,completed,0.2,u,0.00568343812391867,0.046706208365770774,0.5543415062377363,1.0000478356,0.0,0.0
run_0148,visc_on_sensor_rho_beta_1p5_cfl_0p2_nx_1001_mode_1,6,on,rho,1.5,0.2,1001,1,0.2,completed,completed,0.2,p,0.006756592076570866,0.05194160519996249,0.579605977480145,1.1206071773999997,0.0,0.0007565796198549801
run_0149,visc_on_sensor_rho_beta_1p5_cfl_0p5_nx_101_mode_1,6,on,rho,1.5,0.5,101,1,0.2,completed,completed,0.2,rho,0.034947038004500316,0.08761666230738846,0.427324436958755,1.4781273906,0.0,0.0
run_0149,visc_on_sensor_rho_beta_1p5_cfl_0p5_nx_101_mode_1,6,on,rho,1.5,0.5,101,1,0.2,completed,completed,0.2,u,0.017135265335849,0.053029743173704125,0.27675333856226375,1.002943501,0.0,0.0
run_0149,visc_on_sensor_rho_beta_1p5_cfl_0p5_nx_101_mode_1,6,on,rho,1.5,0.5,101,1,0.2,completed,completed,0.2,p,0.020090589431669546,0.06517262519244851,0.4207070454801449,1.1240393639000001,0.0,0.0011497788198551184
run_0150,visc_on_sensor_rho_beta_1p5_cfl_0p5_nx_201_mode_1,6,on,rho,1.5,0.5,201,1,0.2,completed,completed,0.2,rho,0.020921299278035543,0.06854877444767503,0.4051616754829973,1.4882667264,0.0,0.0028301534412449314
run_0150,visc_on_sensor_rho_beta_1p5_cfl_0p5_nx_201_mode_1,6,on,rho,1.5,0.5,201,1,0.2,completed,completed,0.2,u,0.008940750384414949,0.03940377335622129,0.29995870926226376,1.0014041223999999,0.0,0.0
run_0150,visc_on_sensor_rho_beta_1p5_cfl_0p5_nx_201_mode_1,6,on,rho,1.5,0.5,201,1,0.2,completed,completed,0.2,p,0.01092266153424347,0.050512664638026755,0.45090385648014486,1.1220458197999998,0.0,0.0009797486198550587
run_0151,visc_on_sensor_rho_beta_1p5_cfl_0p5_nx_501_mode_1,6,on,rho,1.5,0.5,501,1,0.2,completed,completed,0.2,rho,0.0124559017645577,0.054766650846323414,0.42037708018299724,1.4883317721999996,0.0,0.0028547640412448505
run_0151,visc_on_sensor_rho_beta_1p5_cfl_0p5_nx_501_mode_1,6,on,rho,1.5,0.5,501,1,0.2,completed,completed,0.2,u,0.00642441853133188,0.04522880041562345,0.49846957033773626,1.0015351652,0.0,0.0
run_0151,visc_on_sensor_rho_beta_1p5_cfl_0p5_nx_501_mode_1,6,on,rho,1.5,0.5,501,1,0.2,completed,completed,0.2,p,0.00794446657801275,0.05382300357494058,0.559188047780145,1.1221806983999998,0.0,0.0014785633198550752
run_0152,visc_on_sensor_rho_beta_1p5_cfl_0p5_nx_1001_mode_1,6,on,rho,1.5,0.5,1001,1,0.2,completed,completed,0.2,rho,0.00899630016870599,0.047457118054371424,0.4332744691587551,1.4883027616,0.0,0.0028458488412450578
run_0152,visc_on_sensor_rho_beta_1p5_cfl_0p5_nx_1001_mode_1,6,on,rho,1.5,0.5,1001,1,0.2,completed,completed,0.2,u,0.005908849674892254,0.04890227417485146,0.5607510954377363,1.0015579578000002,0.0,0.0
run_0152,visc_on_sensor_rho_beta_1p5_cfl_0p5_nx_1001_mode_1,6,on,rho,1.5,0.5,1001,1,0.2,completed,completed,0.2,p,0.007063666254929706,0.05535119300879824,0.5996732603801449,1.1222120728000022,0.0,0.0015439715198550807
run_0153,visc_on_sensor_rho_beta_1p5_cfl_0p8_nx_101_mode_1,6,on,rho,1.5,0.8,101,1,0.2,completed,completed,0.2,rho,0.025760170961419394,0.07655514876231423,0.36940334365875516,1.5026894369999997,0.0,0.007389529441244935
run_0153,visc_on_sensor_rho_beta_1p5_cfl_0p8_nx_101_mode_1,6,on,rho,1.5,0.8,101,1,0.2,completed,completed,0.2,u,0.013415314764047023,0.05066803360090386,0.31435212406226376,1.0290047575,0.0,0.0
run_0153,visc_on_sensor_rho_beta_1p5_cfl_0p8_nx_101_mode_1,6,on,rho,1.5,0.8,101,1,0.2,completed,completed,0.2,p,0.016121929724449244,0.06474764695037191,0.46936532528014485,1.1572426022999998,0.0,0.010090626019854998
run_0154,visc_on_sensor_rho_beta_1p5_cfl_0p8_nx_201_mode_1,6,on,rho,1.5,0.8,201,1,0.2,completed,completed,0.2,rho,0.01619742606949509,0.062077181384234126,0.4244436710829973,1.5073289194000008,0.0,0.00946019544124499
run_0154,visc_on_sensor_rho_beta_1p5_cfl_0p8_nx_201_mode_1,6,on,rho,1.5,0.8,201,1,0.2,completed,completed,0.2,u,0.007297263314273414,0.03846530953509707,0.34590305876226374,1.0324347686,0.0,0.0
run_0154,visc_on_sensor_rho_beta_1p5_cfl_0p8_nx_201_mode_1,6,on,rho,1.5,0.8,201,1,0.2,completed,completed,0.2,p,0.009251047623934772,0.051823228547713616,0.5086529315801449,1.1628266329999999,0.0,0.010961208619854945
run_0155,visc_on_sensor_rho_beta_1p5_cfl_0p8_nx_501_mode_1,6,on,rho,1.5,0.8,501,1,0.2,completed,completed,0.2,rho,0.010474187332141515,0.052430990986962134,0.4355249115829972,1.5080868714000002,0.0,0.009692925541245012
run_0155,visc_on_sensor_rho_beta_1p5_cfl_0p8_nx_501_mode_1,6,on,rho,1.5,0.8,501,1,0.2,completed,completed,0.2,u,0.00593354796823377,0.04501405546086637,0.49416422203773624,1.0338362746,0.0,0.0
run_0155,visc_on_sensor_rho_beta_1p5_cfl_0p8_nx_501_mode_1,6,on,rho,1.5,0.8,501,1,0.2,completed,completed,0.2,p,0.007552488633530429,0.05637225653387427,0.5963063101801449,1.1646244273999993,0.0,0.011700228219855058
run_0156,visc_on_sensor_rho_beta_1p5_cfl_0p8_nx_1001_mode_1,6,on,rho,1.5,0.8,1001,1,0.2,completed,completed,0.2,rho,0.00790356144326389,0.04658119997144191,0.4405241850587551,1.5081514810000005,0.0,0.009866603741244928
run_0156,visc_on_sensor_rho_beta_1p5_cfl_0p8_nx_1001_mode_1,6,on,rho,1.5,0.8,1001,1,0.2,completed,completed,0.2,u,0.005489111483267726,0.04722640009284755,0.5605002378377362,1.0334686147999999,0.0,0.0
run_0156,visc_on_sensor_rho_beta_1p5_cfl_0p8_nx_1001_mode_1,6,on,rho,1.5,0.8,1001,1,0.2,completed,completed,0.2,p,0.006802559051107678,0.056774692051947205,0.6088329134801449,1.1642970852000016,0.0,0.011303631719855156
run_0157,visc_on_sensor_u_beta_1p5_cfl_0p2_nx_101_mode_1,6,on,u,1.5,0.2,101,1,0.2,completed,completed,0.2,rho,0.040281530258020476,0.09482210910490795,0.41814319108299725,1.4776422437,0.0,0.0
run_0157,visc_on_sensor_u_beta_1p5_cfl_0p2_nx_101_mode_1,6,on,u,1.5,0.2,101,1,0.2,completed,completed,0.2,u,0.0195194641508868,0.05381760613812731,0.25345471166226374,0.9999474498,0.0,0.0
run_0157,visc_on_sensor_u_beta_1p5_cfl_0p2_nx_101_mode_1,6,on,u,1.5,0.2,101,1,0.2,completed,completed,0.2,p,0.022566485016992727,0.06525591146398624,0.38969324988014487,1.1203822378,0.0,0.0006667742198549487
run_0158,visc_on_sensor_u_beta_1p5_cfl_0p2_nx_201_mode_1,6,on,u,1.5,0.2,201,1,0.2,completed,completed,0.2,rho,0.022557418503138256,0.0708938385482837,0.44583062458299727,1.4874547033999996,0.0,0.0026187636412449145
run_0158,visc_on_sensor_u_beta_1p5_cfl_0p2_nx_201_mode_1,6,on,u,1.5,0.2,201,1,0.2,completed,completed,0.2,u,0.010777258217933846,0.04341425282487114,0.33623034963773624,1.0000000378,0.0,0.0
run_0158,visc_on_sensor_u_beta_1p5_cfl_0p2_nx_201_mode_1,6,on,u,1.5,0.2,201,1,0.2,completed,completed,0.2,p,0.01289054173855216,0.05295403015867384,0.419191157380145,1.1205967568,0.0,0.0007543709198549742
run_0159,visc_on_sensor_u_beta_1p5_cfl_0p2_nx_501_mode_1,6,on,u,1.5,0.2,501,1,0.2,completed,completed,0.2,rho,0.011402285910761733,0.05155746350830407,0.44710959308299725,1.4879090406000004,0.0,0.0028239767412450156
run_0159,visc_on_sensor_u_beta_1p5_cfl_0p2_nx_501_mode_1,6,on,u,1.5,0.2,501,1,0.2,completed,completed,0.2,u,0.007676394247686604,0.049801045060196746,0.5152202459377362,1.0000048954,0.0,0.0
run_0159,visc_on_sensor_u_beta_1p5_cfl_0p2_nx_501_mode_1,6,on,u,1.5,0.2,501,1,0.2,completed,completed,0.2,p,0.009228704464056808,0.05688608666488455,0.5388050610801449,1.1206223076000001,0.0,0.0007671463198550832
run_0160,visc_on_sensor_u_beta_1p5_cfl_0p2_nx_1001_mode_1,6,on,u,1.5,0.2,1001,1,0.2,completed,completed,0.2,rho,0.007670407132089481,0.043159979432412114,0.42818146745875496,1.4879063541999997,0.0,0.0028234040412449257
run_0160,visc_on_sensor_u_beta_1p5_cfl_0p2_nx_1001_mode_1,6,on,u,1.5,0.2,1001,1,0.2,completed,completed,0.2,u,0.007013548973869617,0.053613428161055465,0.5625988461377363,1.0000067412,0.0,0.0
run_0160,visc_on_sensor_u_beta_1p5_cfl_0p2_nx_1001_mode_1,6,on,u,1.5,0.2,1001,1,0.2,completed,completed,0.2,p,0.008198267743251735,0.059094525738058186,0.5932124890801449,1.1206204377999995,0.0,0.0007648727198550365
run_0161,visc_on_sensor_u_beta_1p5_cfl_0p5_nx_101_mode_1,6,on,u,1.5,0.5,101,1,0.2,completed,completed,0.2,rho,0.03689850016197501,0.09131658220089096,0.4240847984829973,1.4849607221999999,0.0,0.0012631978412449563
run_0161,visc_on_sensor_u_beta_1p5_cfl_0p5_nx_101_mode_1,6,on,u,1.5,0.5,101,1,0.2,completed,completed,0.2,u,0.016582867325094276,0.05149389195833552,0.27645313956226375,1.0008725064,0.0,0.0
run_0161,visc_on_sensor_u_beta_1p5_cfl_0p5_nx_101_mode_1,6,on,u,1.5,0.5,101,1,0.2,completed,completed,0.2,p,0.01953630176186084,0.06433793443153585,0.42031689038014486,1.1214463883000003,0.0,0.0007139656198551503
run_0162,visc_on_sensor_u_beta_1p5_cfl_0p5_nx_201_mode_1,6,on,u,1.5,0.5,201,1,0.2,completed,completed,0.2,rho,0.02045364515953555,0.06868094285412939,0.45543811768299725,1.4882890816,0.0,0.002867666341245023
run_0162,visc_on_sensor_u_beta_1p5_cfl_0p5_nx_201_mode_1,6,on,u,1.5,0.5,201,1,0.2,completed,completed,0.2,u,0.009356397791650775,0.0423219944212594,0.33026947223773623,1.0012860442,0.0,0.0
run_0162,visc_on_sensor_u_beta_1p5_cfl_0p5_nx_201_mode_1,6,on,u,1.5,0.5,201,1,0.2,completed,completed,0.2,p,0.011459644471942016,0.05329464711144731,0.45740807968014496,1.1219635020000003,0.0,0.0011229839198549918
run_0163,visc_on_sensor_u_beta_1p5_cfl_0p5_nx_501_mode_1,6,on,u,1.5,0.5,501,1,0.2,completed,completed,0.2,rho,0.011501048343920652,0.053613985630844345,0.44898009978299724,1.4885190542000002,0.0,0.0029273959412450257
run_0163,visc_on_sensor_u_beta_1p5_cfl_0p5_nx_501_mode_1,6,on,u,1.5,0.5,501,1,0.2,completed,completed,0.2,u,0.007495745709731881,0.05108446384145825,0.5265071761377362,1.0016210542,0.0,0.0
run_0163,visc_on_sensor_u_beta_1p5_cfl_0p5_nx_501_mode_1,6,on,u,1.5,0.5,501,1,0.2,completed,completed,0.2,p,0.009102752611933333,0.05940875517128778,0.571218705480145,1.1223258476000004,0.0,0.0015239325198550535
run_0164,visc_on_sensor_u_beta_1p5_cfl_0p5_nx_1001_mode_1,6,on,u,1.5,0.5,1001,1,0.2,completed,completed,0.2,rho,0.008141552667751429,0.04617048445937182,0.437115497558755,1.4885112707999997,0.0,0.0029264384412448496
run_0164,visc_on_sensor_u_beta_1p5_cfl_0p5_nx_1001_mode_1,6,on,u,1.5,0.5,1001,1,0.2,completed,completed,0.2,u,0.007059617103567727,0.054623457638642965,0.5651187715377363,1.0016298504,0.0,0.0
run_0164,visc_on_sensor_u_beta_1p5_cfl_0p5_nx_1001_mode_1,6,on,u,1.5,0.5,1001,1,0.2,completed,completed,0.2,p,0.008325728852450288,0.06134003150026253,0.6045316438801449,1.122331125,0.0,0.0015889330198550766
run_0165,visc_on_sensor_u_beta_1p5_cfl_0p8_nx_101_mode_1,6,on,u,1.5,0.8,101,1,0.2,completed,completed,0.2,rho,0.027190633361919396,0.07931713052516465,0.3926570107829973,1.5054649289,0.0,0.008737243641244952
run_0165,visc_on_sensor_u_beta_1p5_cfl_0p8_nx_101_mode_1,6,on,u,1.5,0.8,101,1,0.2,completed,completed,0.2,u,0.013234321272037573,0.049546863447679695,0.31455742866226377,1.031484957,0.0,0.0
run_0165,visc_on_sensor_u_beta_1p5_cfl_0p8_nx_101_mode_1,6,on,u,1.5,0.8,101,1,0.2,completed,completed,0.2,p,0.016056683201846347,0.064278640505763,0.46961931988014505,1.1610371593000002,0.0,0.010839435419855104
run_0166,visc_on_sensor_u_beta_1p5_cfl_0p8_nx_201_mode_1,6,on,u,1.5,0.8,201,1,0.2,completed,completed,0.2,rho,0.015674495133995093,0.062100620906902645,0.4439537403829973,1.5074291082000002,0.0,0.009728554241244858
run_0166,visc_on_sensor_u_beta_1p5_cfl_0p8_nx_201_mode_1,6,on,u,1.5,0.8,201,1,0.2,completed,completed,0.2,u,0.007561575908518691,0.04005849820014901,0.35094328336226377,1.0309822452000001,0.0,0.0
run_0166,visc_on_sensor_u_beta_1p5_cfl_0p8_nx_201_mode_1,6,on,u,1.5,0.8,201,1,0.2,completed,completed,0.2,p,0.009610355161434778,0.053646640747079824,0.514806979680145,1.1614758751999994,0.0,0.010617837319855106
run_0167,visc_on_sensor_u_beta_1p5_cfl_0p8_nx_501_mode_1,6,on,u,1.5,0.8,501,1,0.2,completed,completed,0.2,rho,0.009724843698871478,0.05161424188244738,0.4504659986829973,1.5061553518000004,0.0,0.008904426341244998
run_0167,visc_on_sensor_u_beta_1p5_cfl_0p8_nx_501_mode_1,6,on,u,1.5,0.8,501,1,0.2,completed,completed,0.2,u,0.006677468406633771,0.04900897383984129,0.5205642790377363,1.0308964352,0.0,0.0
run_0167,visc_on_sensor_u_beta_1p5_cfl_0p8_nx_501_mode_1,6,on,u,1.5,0.8,501,1,0.2,completed,completed,0.2,p,0.008379263362409857,0.06019826767934137,0.5997113895801449,1.1605051890000007,0.0,0.01095029591985508
run_0168,visc_on_sensor_u_beta_1p5_cfl_0p8_nx_1001_mode_1,6,on,u,1.5,0.8,1001,1,0.2,completed,completed,0.2,rho,0.007195427810592836,0.04543046353627722,0.44080583015875496,1.5081278931999997,0.0,0.009769555841244948
run_0168,visc_on_sensor_u_beta_1p5_cfl_0p8_nx_1001_mode_1,6,on,u,1.5,0.8,1001,1,0.2,completed,completed,0.2,u,0.006292612625818672,0.051391114252496456,0.5649555110377362,1.033539906,0.0,0.0
run_0168,visc_on_sensor_u_beta_1p5_cfl_0p8_nx_1001_mode_1,6,on,u,1.5,0.8,1001,1,0.2,completed,completed,0.2,p,0.007694717067928261,0.06097091115980176,0.6091878869801449,1.1642653505999996,0.0,0.011539892819855124
run_0169,visc_on_sensor_p_beta_1p5_cfl_0p2_nx_101_mode_1,6,on,p,1.5,0.2,101,1,0.2,completed,completed,0.2,rho,0.042355316149520476,0.10183883158883991,0.4941985756829973,1.4788564294,0.0,0.0
run_0169,visc_on_sensor_p_beta_1p5_cfl_0p2_nx_101_mode_1,6,on,p,1.5,0.2,101,1,0.2,completed,completed,0.2,u,0.02077663179937735,0.05834858443566478,0.28976317186226375,0.9999370320000001,0.0,0.0
run_0169,visc_on_sensor_p_beta_1p5_cfl_0p2_nx_101_mode_1,6,on,p,1.5,0.2,101,1,0.2,completed,completed,0.2,p,0.024394775750595624,0.07265622487299966,0.43777856178014485,1.1202817927999997,0.0,0.0006204498198549846
run_0170,visc_on_sensor_p_beta_1p5_cfl_0p2_nx_201_mode_1,6,on,p,1.5,0.2,201,1,0.2,completed,completed,0.2,rho,0.02359428671581335,0.07579504628155172,0.5176741451829973,1.4872746117999998,0.0,0.00252570064124491
run_0170,visc_on_sensor_p_beta_1p5_cfl_0p2_nx_201_mode_1,6,on,p,1.5,0.2,201,1,0.2,completed,completed,0.2,u,0.010750437507179125,0.04260640649672801,0.29689413246226376,1.0,0.0,0.0
run_0170,visc_on_sensor_p_beta_1p5_cfl_0p2_nx_201_mode_1,6,on,p,1.5,0.2,201,1,0.2,completed,completed,0.2,p,0.013038673013052168,0.05415032074169529,0.4469809093801449,1.1205197208,0.0,0.0007158529198549868
run_0171,visc_on_sensor_p_beta_1p5_cfl_0p2_nx_501_mode_1,6,on,p,1.5,0.2,501,1,0.2,completed,completed,0.2,rho,0.011311397519528739,0.05270208034750531,0.5151604288829973,1.4876694875999998,0.0,0.0027069909412449356
run_0171,visc_on_sensor_p_beta_1p5_cfl_0p2_nx_501_mode_1,6,on,p,1.5,0.2,501,1,0.2,completed,completed,0.2,u,0.006554005576735659,0.04318806712013814,0.47472153973773623,1.0000055756,0.0,0.0
run_0171,visc_on_sensor_p_beta_1p5_cfl_0p2_nx_501_mode_1,6,on,p,1.5,0.2,501,1,0.2,completed,completed,0.2,p,0.008096377816336228,0.05138983624260402,0.529632715180145,1.1205502548,0.0,0.0007311199198549723
run_0172,visc_on_sensor_p_beta_1p5_cfl_0p2_nx_1001_mode_1,6,on,p,1.5,0.2,1001,1,0.2,completed,completed,0.2,rho,0.007154879392121468,0.041502930973015696,0.48829939488299734,1.4876625128000005,0.0,0.0027059982412449557
run_0172,visc_on_sensor_p_beta_1p5_cfl_0p2_nx_1001_mode_1,6,on,p,1.5,0.2,1001,1,0.2,completed,completed,0.2,u,0.00547129974061867,0.045460917832942115,0.5514632517377362,1.0000094298,0.0,0.0
run_0172,visc_on_sensor_p_beta_1p5_cfl_0p2_nx_1001_mode_1,6,on,p,1.5,0.2,1001,1,0.2,completed,completed,0.2,p,0.006545507471270867,0.050869646500709215,0.5781101193801449,1.1205506088000012,0.0,0.000728546519854989
run_0173,visc_on_sensor_p_beta_1p5_cfl_0p5_nx_101_mode_1,6,on,p,1.5,0.5,101,1,0.2,completed,completed,0.2,rho,0.036477732674150116,0.09197998847402396,0.47033038028299734,1.4848074049999997,0.0,0.0012533588412448893
run_0173,visc_on_sensor_p_beta_1p5_cfl_0p5_nx_101_mode_1,6,on,p,1.5,0.5,101,1,0.2,completed,completed,0.2,u,0.01722549377733955,0.05400164466934441,0.29330450646226375,1.0004046076,0.0,0.0
run_0173,visc_on_sensor_p_beta_1p5_cfl_0p5_nx_101_mode_1,6,on,p,1.5,0.5,101,1,0.2,completed,completed,0.2,p,0.02038962325137533,0.06800727322777914,0.4423367948801449,1.1208690810000004,0.0,0.0006774410198551184
run_0174,visc_on_sensor_p_beta_1p5_cfl_0p5_nx_201_mode_1,6,on,p,1.5,0.5,201,1,0.2,completed,completed,0.2,rho,0.020055741176447994,0.06944994224959217,0.5016226448829973,1.4880502495999997,0.0,0.002753959741244927
run_0174,visc_on_sensor_p_beta_1p5_cfl_0p5_nx_201_mode_1,6,on,p,1.5,0.5,201,1,0.2,completed,completed,0.2,u,0.009131351167273413,0.04067437480289118,0.3080011611622637,1.0012414434,0.0,0.0
run_0174,visc_on_sensor_p_beta_1p5_cfl_0p5_nx_201_mode_1,6,on,p,1.5,0.5,201,1,0.2,completed,completed,0.2,p,0.01123639876294201,0.05229680380920329,0.461207006580145,1.1218475639999994,0.0,0.0011064051198550473
run_0175,visc_on_sensor_p_beta_1p5_cfl_0p5_nx_501_mode_1,6,on,p,1.5,0.5,501,1,0.2,completed,completed,0.2,rho,0.010819304295617619,0.0522190870524574,0.4877827523829973,1.4882689874000001,0.0,0.002813674841245062
run_0175,visc_on_sensor_p_beta_1p5_cfl_0p5_nx_501_mode_1,6,on,p,1.5,0.5,501,1,0.2,completed,completed,0.2,u,0.006362476334731879,0.044914014289210644,0.49720827193773626,1.0015615814,0.0,0.0
run_0175,visc_on_sensor_p_beta_1p5_cfl_0p5_nx_501_mode_1,6,on,p,1.5,0.5,501,1,0.2,completed,completed,0.2,p,0.007868161384812751,0.05342879579143046,0.5574128846801449,1.1221953698000013,0.0,0.0014666057198551297
run_0176,visc_on_sensor_p_beta_1p5_cfl_0p5_nx_1001_mode_1,6,on,p,1.5,0.5,1001,1,0.2,completed,completed,0.2,rho,0.007263921694265909,0.04302037702026885,0.46434595608299734,1.4882645540000001,0.0,0.002813786941245011
run_0176,visc_on_sensor_p_beta_1p5_cfl_0p5_nx_1001_mode_1,6,on,p,1.5,0.5,1001,1,0.2,completed,completed,0.2,u,0.005634836463092254,0.047485688210596996,0.5593116818377363,1.0015719678000001,0.0,0.0
run_0176,visc_on_sensor_p_beta_1p5_cfl_0p5_nx_1001_mode_1,6,on,p,1.5,0.5,1001,1,0.2,completed,completed,0.2,p,0.0067459310287694176,0.05370397898412175,0.5972351915801449,1.1222062732000002,0.0,0.0015282847198549998
run_0177,visc_on_sensor_p_beta_1p5_cfl_0p8_nx_101_mode_1,6,on,p,1.5,0.8,101,1,0.2,completed,completed,0.2,rho,0.027866688612919386,0.08220088194566581,0.44338226638299727,1.5050490399000003,0.0,0.008718562641244931
run_0177,visc_on_sensor_p_beta_1p5_cfl_0p8_nx_101_mode_1,6,on,p,1.5,0.8,101,1,0.2,completed,completed,0.2,u,0.013582632881037573,0.051252853254848185,0.31894052546226376,1.0301047922,0.0,0.0
run_0177,visc_on_sensor_p_beta_1p5_cfl_0p8_nx_101_mode_1,6,on,p,1.5,0.8,101,1,0.2,completed,completed,0.2,p,0.01641090163584635,0.06579201922922456,0.475165415580145,1.1595419144999997,0.0,0.010033353219855101
run_0178,visc_on_sensor_p_beta_1p5_cfl_0p8_nx_201_mode_1,6,on,p,1.5,0.8,201,1,0.2,completed,completed,0.2,rho,0.01630109484649509,0.06445367613212111,0.48165358198299735,1.5078173109999997,0.0,0.00964987594124489
run_0178,visc_on_sensor_p_beta_1p5_cfl_0p8_nx_201_mode_1,6,on,p,1.5,0.8,201,1,0.2,completed,completed,0.2,u,0.007300835202773414,0.038451401747911944,0.34591654756226375,1.0330461668,0.0,0.0
run_0178,visc_on_sensor_p_beta_1p5_cfl_0p8_nx_201_mode_1,6,on,p,1.5,0.8,201,1,0.2,completed,completed,0.2,p,0.009256367795934781,0.0518130129878721,0.508671988980145,1.163718198000001,0.0,0.01116347001985507
run_0179,visc_on_sensor_p_beta_1p5_cfl_0p8_nx_501_mode_1,6,on,p,1.5,0.8,501,1,0.2,completed,completed,0.2,rho,0.009552919997568445,0.051164484847578004,0.47812196838299725,1.5083072818000005,0.0,0.009739799141244898
run_0179,visc_on_sensor_p_beta_1p5_cfl_0p8_nx_501_mode_1,6,on,p,1.5,0.8,501,1,0.2,completed,completed,0.2,u,0.005732110383784714,0.04389411174801121,0.48632354263773625,1.03422729,0.0,0.0
run_0179,visc_on_sensor_p_beta_1p5_cfl_0p8_nx_501_mode_1,6,on,p,1.5,0.8,501,1,0.2,completed,completed,0.2,p,0.007318310561889272,0.05517240862996556,0.5946633042801449,1.165107649000002,0.0,0.011851115319855055
run_0180,visc_on_sensor_p_beta_1p5_cfl_0p8_nx_1001_mode_1,6,on,p,1.5,0.8,1001,1,0.2,completed,completed,0.2,rho,0.00676828085105883,0.0436163635573507,0.4511477293829973,1.5080784483999987,0.0,0.00964855364124495
run_0180,visc_on_sensor_p_beta_1p5_cfl_0p8_nx_1001_mode_1,6,on,p,1.5,0.8,1001,1,0.2,completed,completed,0.2,u,0.005215266702443198,0.04576872249722377,0.5583122399377363,1.0341794706,0.0,0.0
run_0180,visc_on_sensor_p_beta_1p5_cfl_0p8_nx_1001_mode_1,6,on,p,1.5,0.8,1001,1,0.2,completed,completed,0.2,p,0.006486287986407676,0.05515867658522374,0.6085733084801449,1.1649043693999985,0.0,0.011898864919855034
run_0181,visc_off_sensor_none_beta_0_cfl_0p2_nx_101_mode_1,6,off,none,0.0,0.2,101,1,0.2,completed,completed,0.2,rho,0.027084737501484903,0.0654121871898435,0.3511807309587551,3.4021194601,0.0,0.23398444124124484
run_0181,visc_off_sensor_none_beta_0_cfl_0p2_nx_101_mode_1,6,off,none,0.0,0.2,101,1,0.2,completed,completed,0.2,u,0.030385511758867896,0.06763855083331544,0.33233458096226376,3.1241245152,1.206570000000795e-05,0.0
run_0181,visc_off_sensor_none_beta_0_cfl_0p2_nx_101_mode_1,6,off,none,0.0,0.2,101,1,0.2,completed,completed,0.2,p,0.03875829376419853,0.08666000532649216,0.49205771638014495,3.9962360318000005,1.760410000006818e-05,0.27620824321985515
run_0182,visc_off_sensor_none_beta_0_cfl_0p2_nx_201_mode_1,6,off,none,0.0,0.2,201,1,0.2,completed,completed,0.2,rho,0.02038107312049842,0.05420372476085734,0.3744829195829973,4.8120997014,0.0,0.21561949804124492
run_0182,visc_off_sensor_none_beta_0_cfl_0p2_nx_201_mode_1,6,off,none,0.0,0.2,201,1,0.2,completed,completed,0.2,u,0.022371082451490554,0.05658886550222448,0.3575674451,4.4812208668,1.790000003776271e-08,0.0
run_0182,visc_off_sensor_none_beta_0_cfl_0p2_nx_201_mode_1,6,off,none,0.0,0.2,201,1,0.2,completed,completed,0.2,p,0.02856857413899276,0.07094872206819061,0.3725397964801449,5.853534862400001,2.2599999982553243e-08,0.29367829711985505
run_0183,visc_off_sensor_none_beta_0_cfl_0p2_nx_501_mode_1,6,off,none,0.0,0.2,501,1,0.2,completed,completed,0.2,rho,0.013044995757884825,0.04085022791918575,0.3754217746829973,7.1079161970000015,0.0,0.239821302341245
run_0183,visc_off_sensor_none_beta_0_cfl_0p2_nx_501_mode_1,6,off,none,0.0,0.2,501,1,0.2,completed,completed,0.2,u,0.01270167458132071,0.0392701161254654,0.37800719709999997,6.2157920912,0.0,0.0
run_0183,visc_off_sensor_none_beta_0_cfl_0p2_nx_501_mode_1,6,off,none,0.0,0.2,501,1,0.2,completed,completed,0.2,p,0.016792383541855662,0.05064166928624887,0.366902077380145,8.4221124202,0.0,0.252483045219855
run_0184,visc_off_sensor_none_beta_0_cfl_0p2_nx_1001_mode_1,6,off,none,0.0,0.2,1001,1,0.2,completed,completed,0.2,rho,0.007959963420592046,0.031153614299731194,0.37429654425875514,8.431478716800001,0.0,0.23905757824124496
run_0184,visc_off_sensor_none_beta_0_cfl_0p2_nx_1001_mode_1,6,off,none,0.0,0.2,1001,1,0.2,completed,completed,0.2,u,0.006834306676777474,0.029077823515692845,0.449830023,6.6151517892,0.0,0.0
run_0184,visc_off_sensor_none_beta_0_cfl_0p2_nx_1001_mode_1,6,off,none,0.0,0.2,1001,1,0.2,completed,completed,0.2,p,0.009089174715282478,0.03623718538200428,0.38648323760000003,9.133223975800002,0.0,0.24885269601985516
run_0185,visc_off_sensor_none_beta_0_cfl_0p5_nx_101_mode_1,6,off,none,0.0,0.5,101,1,0.2,completed,completed,0.2,rho,0.022659809659449578,0.06229711852409094,0.356739387458755,2.9507937558,0.0,0.2342841793412449
run_0185,visc_off_sensor_none_beta_0_cfl_0p5_nx_101_mode_1,6,off,none,0.0,0.5,101,1,0.2,completed,completed,0.2,u,0.02071683658361317,0.05693195370281663,0.33850223276226377,2.1872295801,0.0,0.0
run_0185,visc_off_sensor_none_beta_0_cfl_0p5_nx_101_mode_1,6,off,none,0.0,0.5,101,1,0.2,completed,completed,0.2,p,0.026893178395889828,0.07435079486672025,0.499667176280145,2.8086342815000003,0.0,0.240960557519855
run_0186,visc_off_sensor_none_beta_0_cfl_0p5_nx_201_mode_1,6,off,none,0.0,0.5,201,1,0.2,completed,completed,0.2,rho,0.015025511923988268,0.04860322277026328,0.3738572611829972,3.7732124497999995,0.0,0.21246218404124506
run_0186,visc_off_sensor_none_beta_0_cfl_0p5_nx_201_mode_1,6,off,none,0.0,0.5,201,1,0.2,completed,completed,0.2,u,0.01175727142957539,0.038291364598157816,0.28804234100000004,2.6265806704,0.0,0.0
run_0186,visc_off_sensor_none_beta_0_cfl_0p5_nx_201_mode_1,6,off,none,0.0,0.5,201,1,0.2,completed,completed,0.2,p,0.015657897052478262,0.05094212296096845,0.41404804138014484,3.486399057,0.0,0.24128837431985506
run_0187,visc_off_sensor_none_beta_0_cfl_0p5_nx_501_mode_1,6,off,none,0.0,0.5,501,1,0.2,completed,completed,0.2,rho,0.008252312125432322,0.03470812217522247,0.37373476428299723,4.706909061799999,0.0,0.23702356494124488
run_0187,visc_off_sensor_none_beta_0_cfl_0p5_nx_501_mode_1,6,off,none,0.0,0.5,501,1,0.2,completed,completed,0.2,u,0.005094127487807649,0.02283513706553434,0.28726104426226373,2.8184900048,0.0,0.0
run_0187,visc_off_sensor_none_beta_0_cfl_0p5_nx_501_mode_1,6,off,none,0.0,0.5,501,1,0.2,completed,completed,0.2,p,0.007035611608037691,0.032065544480312916,0.434927783180145,3.8074378276000003,0.0,0.19638067851985497
run_0188,visc_off_sensor_none_beta_0_cfl_0p5_nx_1001_mode_1,6,off,none,0.0,0.5,1001,1,0.2,completed,completed,0.2,rho,0.004972963684023982,0.026673674726232745,0.375694177758755,5.381963756599999,0.0,0.2364219086412449
run_0188,visc_off_sensor_none_beta_0_cfl_0p5_nx_1001_mode_1,6,off,none,0.0,0.5,1001,1,0.2,completed,completed,0.2,u,0.0024793131816812936,0.016131798537562074,0.26710091736226377,2.7536778038,0.0,0.0
run_0188,visc_off_sensor_none_beta_0_cfl_0p5_nx_1001_mode_1,6,off,none,0.0,0.5,1001,1,0.2,completed,completed,0.2,p,0.003399308801428266,0.022009907348555895,0.40853659218014493,3.7396754132,0.0,0.21178543491985513
run_0189,visc_off_sensor_none_beta_0_cfl_0p8_nx_101_mode_1,6,off,none,0.0,0.8,101,1,0.2,completed,completed,0.2,rho,0.01995857554043943,0.06070701572924349,0.361127692458755,2.6908647308000004,0.0,0.23386560324124495
run_0189,visc_off_sensor_none_beta_0_cfl_0p8_nx_101_mode_1,6,off,none,0.0,0.8,101,1,0.2,completed,completed,0.2,u,0.0156731200908301,0.05434773426742008,0.34317785746226376,1.6957072306,0.0,0.0
run_0189,visc_off_sensor_none_beta_0_cfl_0p8_nx_101_mode_1,6,off,none,0.0,0.8,101,1,0.2,completed,completed,0.2,p,0.020374655694772443,0.06946438479695616,0.505470709680145,2.1724712323999995,0.0,0.20421256631985507
run_0190,visc_off_sensor_none_beta_0_cfl_0p8_nx_201_mode_1,6,off,none,0.0,0.8,201,1,0.2,completed,completed,0.2,rho,0.012548656409858569,0.0463510273581497,0.3738232206829972,3.2799373942000005,0.0,0.2104509646412449
run_0190,visc_off_sensor_none_beta_0_cfl_0p8_nx_201_mode_1,6,off,none,0.0,0.8,201,1,0.2,completed,completed,0.2,u,0.007578241803179128,0.033202861204512144,0.28764587716226375,1.8663958452,0.0,0.0
run_0190,visc_off_sensor_none_beta_0_cfl_0p8_nx_201_mode_1,6,off,none,0.0,0.8,201,1,0.2,completed,completed,0.2,p,0.010314211510779714,0.04386154396420068,0.4354973179801449,2.4748883584000017,0.0,0.2162074973198551
run_0191,visc_off_sensor_none_beta_0_cfl_0p8_nx_501_mode_1,6,off,none,0.0,0.8,501,1,0.2,completed,completed,0.2,rho,0.00686156623007343,0.0340634086916635,0.37358635178299726,3.9215328292000007,0.0,0.23478989594124489
run_0191,visc_off_sensor_none_beta_0_cfl_0p8_nx_501_mode_1,6,off,none,0.0,0.8,501,1,0.2,completed,completed,0.2,u,0.003142258177962373,0.020673863180033777,0.3343686438622637,1.8406752417999999,0.0,0.0
run_0191,visc_off_sensor_none_beta_0_cfl_0p8_nx_501_mode_1,6,off,none,0.0,0.8,501,1,0.2,completed,completed,0.2,p,0.004404618548655663,0.029438335045308687,0.49464303878014504,2.4353816044000007,0.0,0.18102631161985516
run_0192,visc_off_sensor_none_beta_0_cfl_0p8_nx_1001_mode_1,6,off,none,0.0,0.8,1001,1,0.2,completed,completed,0.2,rho,0.004242669182565376,0.02611723877507949,0.375307812358755,4.5101623582000006,0.0,0.23455737224124484
run_0192,visc_off_sensor_none_beta_0_cfl_0p8_nx_1001_mode_1,6,off,none,0.0,0.8,1001,1,0.2,completed,completed,0.2,u,0.0015626494757754526,0.014626341553710492,0.3165953900622637,1.8569023642,0.0,0.0
run_0192,visc_off_sensor_none_beta_0_cfl_0p8_nx_1001_mode_1,6,off,none,0.0,0.8,1001,1,0.2,completed,completed,0.2,p,0.002162916333654931,0.020092167194261237,0.4724223111801449,2.451649948200001,0.0,0.17530016551985494
